2026/08/10 17:58:20.736, 0, 0, 3, 24576, 22.01
2026/08/10 17:58:20.737, 1, 0, 3, 24576, 15.65
2026/08/10 17:58:20.737, 2, 0, 3, 24576, 17.80
2026/08/10 17:58:25.738, 0, 0, 260, 24576, 106.14
2026/08/10 17:58:25.739, 1, 0, 260, 24576, 99.14
2026/08/10 17:58:25.739, 2, 0, 260, 24576, 103.62
2026/08/10 17:58:30.740, 0, 0, 260, 24576, 107.61
2026/08/10 17:58:30.741, 1, 26, 1782, 24576, 101.15
2026/08/10 17:58:30.742, 2, 28, 1762, 24576, 104.92
2026/08/10 17:58:35.742, 0, 2, 5032, 24576, 109.18
2026/08/10 17:58:35.743, 1, 1, 4392, 24576, 101.68
2026/08/10 17:58:35.743, 2, 4, 4382, 24576, 105.62
2026/08/10 17:58:40.744, 0, 29, 5048, 24576, 158.68
2026/08/10 17:58:40.745, 1, 37, 4398, 24576, 151.19
2026/08/10 17:58:40.745, 2, 35, 4398, 24576, 159.02
2026/08/10 17:58:45.746, 0, 33, 5048, 24576, 172.18
2026/08/10 17:58:45.747, 1, 37, 4398, 24576, 152.49
2026/08/10 17:58:45.747, 2, 41, 4398, 24576, 161.32
2026/08/10 17:58:50.748, 0, 35, 5048, 24576, 161.97
2026/08/10 17:58:50.749, 1, 31, 4398, 24576, 156.90
2026/08/10 17:58:50.749, 2, 37, 4398, 24576, 157.54
2026/08/10 17:58:55.750, 0, 24, 5048, 24576, 159.11
2026/08/10 17:58:55.751, 1, 26, 4398, 24576, 155.88
2026/08/10 17:58:55.751, 2, 33, 4398, 24576, 165.12
2026/08/10 17:59:00.752, 0, 31, 5050, 24576, 166.98
2026/08/10 17:59:00.753, 1, 39, 4400, 24576, 157.99
2026/08/10 17:59:00.753, 2, 34, 4402, 24576, 161.45
2026/08/10 17:59:05.754, 0, 0, 5054, 24576, 111.59
2026/08/10 17:59:05.755, 1, 0, 4404, 24576, 106.10
2026/08/10 17:59:05.755, 2, 0, 4404, 24576, 107.83
2026/08/10 17:59:10.756, 0, 0, 5054, 24576, 111.85
2026/08/10 17:59:10.757, 1, 0, 4404, 24576, 106.06
2026/08/10 17:59:10.757, 2, 0, 4404, 24576, 107.69
2026/08/10 17:59:15.758, 0, 0, 7696, 24576, 111.68
2026/08/10 17:59:15.759, 1, 30, 7182, 24576, 106.54
2026/08/10 17:59:15.759, 2, 9, 7182, 24576, 108.08
2026/08/10 17:59:20.760, 0, 0, 7696, 24576, 111.97
2026/08/10 17:59:20.761, 1, 0, 7182, 24576, 106.12
2026/08/10 17:59:20.761, 2, 0, 7182, 24576, 107.99
2026/08/10 17:59:25.762, 0, 0, 7696, 24576, 111.84
2026/08/10 17:59:25.762, 1, 0, 7182, 24576, 106.39
2026/08/10 17:59:25.763, 2, 0, 7182, 24576, 108.19
2026/08/10 17:59:30.763, 0, 0, 7958, 24576, 153.11
2026/08/10 17:59:30.764, 1, 36, 7444, 24576, 129.36
2026/08/10 17:59:30.765, 2, 93, 7444, 24576, 133.28
2026/08/10 17:59:35.765, 0, 0, 11406, 24576, 111.58
2026/08/10 17:59:35.766, 1, 0, 10892, 24576, 105.89
2026/08/10 17:59:35.766, 2, 0, 10892, 24576, 107.77
2026/08/10 17:59:40.767, 0, 82, 14234, 24576, 327.21
2026/08/10 17:59:40.768, 1, 79, 13720, 24576, 330.62
2026/08/10 17:59:40.768, 2, 78, 13720, 24576, 323.03
2026/08/10 17:59:45.769, 0, 82, 14234, 24576, 343.83
2026/08/10 17:59:45.770, 1, 100, 13722, 24576, 218.28
2026/08/10 17:59:45.770, 2, 100, 13722, 24576, 161.34
2026/08/10 17:59:50.771, 0, 99, 16430, 24576, 344.59
2026/08/10 17:59:50.772, 1, 100, 12698, 24576, 345.30
2026/08/10 17:59:50.772, 2, 98, 12696, 24576, 346.85
2026/08/10 17:59:55.773, 0, 100, 21308, 24576, 309.66
2026/08/10 17:59:55.774, 1, 99, 21060, 24576, 327.06
2026/08/10 17:59:55.774, 2, 95, 21516, 24576, 308.88
2026/08/10 18:00:00.775, 0, 100, 20570, 24576, 311.58
2026/08/10 18:00:00.776, 1, 100, 20640, 24576, 329.00
2026/08/10 18:00:00.777, 2, 100, 19896, 24576, 309.11
2026/08/10 18:00:05.777, 0, 100, 22630, 24576, 307.67
2026/08/10 18:00:05.778, 1, 97, 22620, 24576, 331.02
2026/08/10 18:00:05.778, 2, 93, 21896, 24576, 304.26
2026/08/10 18:00:10.779, 0, 83, 20646, 24576, 343.19
2026/08/10 18:00:10.780, 1, 82, 20714, 24576, 338.60
2026/08/10 18:00:10.780, 2, 81, 19972, 24576, 332.58
2026/08/10 18:00:15.781, 0, 100, 20646, 24576, 178.56
2026/08/10 18:00:15.782, 1, 83, 20714, 24576, 344.28
2026/08/10 18:00:15.782, 2, 77, 19972, 24576, 324.78
2026/08/10 18:00:20.783, 0, 100, 14410, 24576, 343.33
2026/08/10 18:00:20.784, 1, 100, 13002, 24576, 298.10
2026/08/10 18:00:20.784, 2, 100, 13022, 24576, 341.12
2026/08/10 18:00:25.785, 0, 48, 18530, 24576, 319.91
2026/08/10 18:00:25.786, 1, 51, 17766, 24576, 296.76
2026/08/10 18:00:25.786, 2, 78, 18166, 24576, 286.94
2026/08/10 18:00:30.787, 0, 100, 23868, 24576, 348.95
2026/08/10 18:00:30.789, 1, 94, 21656, 24576, 323.89
2026/08/10 18:00:30.793, 2, 100, 21676, 24576, 322.45
2026/08/10 18:00:35.802, 0, 100, 23868, 24576, 316.85
2026/08/10 18:00:35.803, 1, 91, 21656, 24576, 317.73
2026/08/10 18:00:35.806, 2, 94, 21676, 24576, 320.62
2026/08/10 18:00:40.807, 0, 72, 23868, 24576, 268.50
2026/08/10 18:00:40.807, 1, 76, 21656, 24576, 290.26
2026/08/10 18:00:40.808, 2, 72, 21676, 24576, 280.22
2026/08/10 18:00:45.809, 0, 83, 23868, 24576, 343.96
2026/08/10 18:00:45.809, 1, 81, 21656, 24576, 326.49
2026/08/10 18:00:45.810, 2, 81, 21676, 24576, 343.49
2026/08/10 18:00:50.811, 0, 100, 13570, 24576, 302.13
2026/08/10 18:00:50.812, 1, 98, 12822, 24576, 296.03
2026/08/10 18:00:50.812, 2, 98, 21676, 24576, 346.52
2026/08/10 18:00:55.813, 0, 98, 13570, 24576, 333.85
2026/08/10 18:00:55.815, 1, 98, 12822, 24576, 316.80
2026/08/10 18:00:55.815, 2, 98, 21676, 24576, 333.95
2026/08/10 18:01:00.816, 0, 100, 20664, 24576, 302.70
2026/08/10 18:01:00.817, 1, 86, 22012, 24576, 295.77
2026/08/10 18:01:00.817, 2, 93, 22712, 24576, 302.75
2026/08/10 18:01:05.818, 0, 93, 20664, 24576, 302.54
2026/08/10 18:01:05.819, 1, 93, 22012, 24576, 309.54
2026/08/10 18:01:05.820, 2, 93, 22712, 24576, 316.34
2026/08/10 18:01:10.820, 0, 80, 20664, 24576, 308.58
2026/08/10 18:01:10.821, 1, 82, 22012, 24576, 322.49
2026/08/10 18:01:10.822, 2, 79, 22712, 24576, 318.09
2026/08/10 18:01:15.823, 0, 84, 20664, 24576, 339.07
2026/08/10 18:01:15.823, 1, 81, 22012, 24576, 312.44
2026/08/10 18:01:15.824, 2, 80, 22712, 24576, 342.10
2026/08/10 18:01:20.825, 0, 98, 20950, 24576, 317.28
2026/08/10 18:01:20.827, 1, 100, 22012, 24576, 306.29
2026/08/10 18:01:20.827, 2, 98, 14022, 24576, 297.22
2026/08/10 18:01:25.828, 0, 97, 23930, 24576, 338.86
2026/08/10 18:01:25.829, 1, 38, 22012, 24576, 287.17
2026/08/10 18:01:25.829, 2, 100, 14018, 24576, 327.67
2026/08/10 18:01:30.830, 0, 100, 21708, 24576, 317.11
2026/08/10 18:01:30.831, 1, 100, 22132, 24576, 311.43
2026/08/10 18:01:30.831, 2, 94, 20532, 24576, 298.64
2026/08/10 18:01:35.832, 0, 100, 21708, 24576, 316.26
2026/08/10 18:01:35.833, 1, 100, 22132, 24576, 310.94
2026/08/10 18:01:35.833, 2, 97, 20532, 24576, 299.73
2026/08/10 18:01:40.835, 0, 82, 23888, 24576, 266.08
2026/08/10 18:01:40.835, 1, 79, 22132, 24576, 295.73
2026/08/10 18:01:40.836, 2, 90, 22632, 24576, 260.40
2026/08/10 18:01:45.837, 0, 83, 23888, 24576, 338.92
2026/08/10 18:01:45.838, 1, 83, 22132, 24576, 307.29
2026/08/10 18:01:45.838, 2, 83, 22632, 24576, 326.58
2026/08/10 18:01:50.839, 0, 94, 13570, 24576, 302.16
2026/08/10 18:01:50.839, 1, 93, 17012, 24576, 286.10
2026/08/10 18:01:50.840, 2, 89, 13002, 24576, 282.96
2026/08/10 18:01:55.841, 0, 98, 13570, 24576, 328.45
2026/08/10 18:01:55.842, 1, 98, 23484, 24576, 270.03
2026/08/10 18:01:55.842, 2, 98, 13002, 24576, 313.14
2026/08/10 18:02:00.843, 0, 99, 21868, 24576, 323.67
2026/08/10 18:02:00.843, 1, 98, 23196, 24576, 319.27
2026/08/10 18:02:00.844, 2, 88, 20754, 24576, 305.87
2026/08/10 18:02:05.845, 0, 89, 21868, 24576, 306.69
2026/08/10 18:02:05.846, 1, 97, 23916, 24576, 308.63
2026/08/10 18:02:05.846, 2, 100, 20054, 24576, 310.58
2026/08/10 18:02:10.847, 0, 100, 24068, 24576, 326.36
2026/08/10 18:02:10.848, 1, 99, 21736, 24576, 297.68
2026/08/10 18:02:10.848, 2, 100, 22914, 24576, 328.14
2026/08/10 18:02:15.849, 0, 83, 21868, 24576, 335.80
2026/08/10 18:02:15.850, 1, 80, 23916, 24576, 310.20
2026/08/10 18:02:15.851, 2, 82, 20754, 24576, 337.15
2026/08/10 18:02:20.851, 0, 84, 21868, 24576, 338.87
2026/08/10 18:02:20.852, 1, 84, 23916, 24576, 307.27
2026/08/10 18:02:20.853, 2, 84, 20754, 24576, 326.79
2026/08/10 18:02:25.853, 0, 98, 13490, 24576, 338.45
2026/08/10 18:02:25.854, 1, 98, 13962, 24576, 305.11
2026/08/10 18:02:25.855, 2, 100, 20754, 24576, 311.51
2026/08/10 18:02:30.855, 0, 100, 13490, 24576, 182.19
2026/08/10 18:02:30.856, 1, 100, 13938, 24576, 240.82
2026/08/10 18:02:30.856, 2, 94, 20754, 24576, 313.41
2026/08/10 18:02:35.860, 0, 97, 23506, 24576, 312.20
2026/08/10 18:02:35.860, 1, 100, 22874, 24576, 309.35
2026/08/10 18:02:35.861, 2, 100, 21596, 24576, 308.97
2026/08/10 18:02:40.862, 0, 91, 23506, 24576, 294.04
2026/08/10 18:02:40.862, 1, 94, 22874, 24576, 303.57
2026/08/10 18:02:40.863, 2, 92, 21596, 24576, 306.42
2026/08/10 18:02:45.864, 0, 82, 23506, 24576, 290.60
2026/08/10 18:02:45.864, 1, 80, 22874, 24576, 308.55
2026/08/10 18:02:45.865, 2, 83, 21596, 24576, 308.30
2026/08/10 18:02:50.866, 0, 84, 23506, 24576, 338.29
2026/08/10 18:02:50.867, 1, 84, 22874, 24576, 308.42
2026/08/10 18:02:50.867, 2, 84, 21596, 24576, 316.31
2026/08/10 18:02:55.868, 0, 98, 13490, 24576, 297.56
2026/08/10 18:02:55.869, 1, 100, 12862, 24576, 271.05
2026/08/10 18:02:55.869, 2, 91, 14048, 24576, 272.69
2026/08/10 18:03:00.870, 0, 98, 13490, 24576, 318.89
2026/08/10 18:03:00.871, 1, 100, 12862, 24576, 296.99
2026/08/10 18:03:00.871, 2, 100, 13324, 24576, 293.44
2026/08/10 18:03:05.872, 0, 95, 21628, 24576, 323.84
2026/08/10 18:03:05.873, 1, 97, 19792, 24576, 306.59
2026/08/10 18:03:05.873, 2, 97, 23936, 24576, 317.36
2026/08/10 18:03:10.874, 0, 94, 21628, 24576, 305.55
2026/08/10 18:03:10.875, 1, 96, 20792, 24576, 275.91
2026/08/10 18:03:10.875, 2, 98, 23936, 24576, 295.55
2026/08/10 18:03:15.876, 0, 92, 21628, 24576, 316.20
2026/08/10 18:03:15.877, 1, 89, 20792, 24576, 286.71
2026/08/10 18:03:15.878, 2, 100, 23936, 24576, 318.76
2026/08/10 18:03:20.878, 0, 85, 21628, 24576, 337.04
2026/08/10 18:03:20.879, 1, 81, 20792, 24576, 265.00
2026/08/10 18:03:20.880, 2, 0, 23936, 24576, 276.06
2026/08/10 18:03:25.881, 0, 98, 21628, 24576, 339.89
2026/08/10 18:03:25.882, 1, 98, 20792, 24576, 272.46
2026/08/10 18:03:25.882, 2, 98, 23936, 24576, 304.50
2026/08/10 18:03:30.883, 0, 98, 13570, 24576, 335.44
2026/08/10 18:03:30.884, 1, 98, 20792, 24576, 293.57
2026/08/10 18:03:30.884, 2, 98, 13042, 24576, 310.21
2026/08/10 18:03:35.885, 0, 100, 24048, 24576, 323.68
2026/08/10 18:03:35.886, 1, 100, 22572, 24576, 301.02
2026/08/10 18:03:35.887, 2, 93, 23074, 24576, 301.52
2026/08/10 18:03:40.887, 0, 96, 24048, 24576, 327.96
2026/08/10 18:03:40.888, 1, 95, 22572, 24576, 298.77
2026/08/10 18:03:40.889, 2, 94, 23074, 24576, 316.06
2026/08/10 18:03:45.889, 0, 100, 24048, 24576, 340.33
2026/08/10 18:03:45.890, 1, 100, 22572, 24576, 311.87
2026/08/10 18:03:45.890, 2, 100, 23074, 24576, 326.61
2026/08/10 18:03:50.891, 0, 85, 21848, 24576, 336.18
2026/08/10 18:03:50.892, 1, 83, 20592, 24576, 303.34
2026/08/10 18:03:50.892, 2, 85, 20854, 24576, 319.62
2026/08/10 18:03:55.893, 0, 98, 21848, 24576, 279.20
2026/08/10 18:03:55.894, 1, 96, 20592, 24576, 276.48
2026/08/10 18:03:55.896, 2, 98, 20854, 24576, 305.00
2026/08/10 18:04:00.897, 0, 98, 23410, 24576, 333.48
2026/08/10 18:04:00.898, 1, 98, 13300, 24576, 295.40
2026/08/10 18:04:00.898, 2, 98, 22042, 24576, 301.35
2026/08/10 18:04:05.899, 0, 100, 23128, 24576, 330.69
2026/08/10 18:04:05.900, 1, 100, 22210, 24576, 314.65
2026/08/10 18:04:05.901, 2, 100, 23032, 24576, 328.26
2026/08/10 18:04:10.901, 0, 94, 23128, 24576, 330.53
2026/08/10 18:04:10.902, 1, 88, 22210, 24576, 312.94
2026/08/10 18:04:10.902, 2, 88, 23032, 24576, 304.39
2026/08/10 18:04:15.903, 0, 88, 23128, 24576, 330.40
2026/08/10 18:04:15.904, 1, 100, 22210, 24576, 282.17
2026/08/10 18:04:15.904, 2, 89, 23032, 24576, 316.77
2026/08/10 18:04:20.905, 0, 84, 23128, 24576, 334.71
2026/08/10 18:04:20.906, 1, 82, 22210, 24576, 306.33
2026/08/10 18:04:20.906, 2, 85, 23032, 24576, 319.64
2026/08/10 18:04:25.907, 0, 100, 23128, 24576, 261.05
2026/08/10 18:04:25.908, 1, 80, 22210, 24576, 299.47
2026/08/10 18:04:25.909, 2, 81, 23032, 24576, 312.71
2026/08/10 18:04:30.909, 0, 98, 21650, 24576, 334.93
2026/08/10 18:04:30.910, 1, 100, 17862, 24576, 286.22
2026/08/10 18:04:30.911, 2, 98, 23032, 24576, 314.37
2026/08/10 18:04:35.911, 0, 100, 22686, 24576, 329.50
2026/08/10 18:04:35.912, 1, 100, 22792, 24576, 308.58
2026/08/10 18:04:35.913, 2, 100, 23134, 24576, 324.96
2026/08/10 18:04:40.913, 0, 85, 22686, 24576, 325.39
2026/08/10 18:04:40.914, 1, 100, 22792, 24576, 324.44
2026/08/10 18:04:40.915, 2, 88, 23134, 24576, 326.73
2026/08/10 18:04:45.916, 0, 84, 23686, 24576, 320.58
2026/08/10 18:04:45.916, 1, 88, 24172, 24576, 313.30
2026/08/10 18:04:45.917, 2, 90, 24234, 24576, 328.25
2026/08/10 18:04:50.918, 0, 84, 22686, 24576, 334.02
2026/08/10 18:04:50.919, 1, 83, 22792, 24576, 312.91
2026/08/10 18:04:50.919, 2, 85, 23134, 24576, 330.99
2026/08/10 18:04:55.920, 0, 82, 22686, 24576, 337.77
2026/08/10 18:04:55.921, 1, 82, 22792, 24576, 274.13
2026/08/10 18:04:55.921, 2, 80, 23134, 24576, 312.00
2026/08/10 18:05:00.922, 0, 98, 13450, 24576, 318.19
2026/08/10 18:05:00.922, 1, 98, 15936, 24576, 275.63
2026/08/10 18:05:00.925, 2, 98, 23134, 24576, 314.06
2026/08/10 18:05:05.926, 0, 100, 23348, 24576, 284.80
2026/08/10 18:05:05.926, 1, 100, 22076, 24576, 282.45
2026/08/10 18:05:05.927, 2, 100, 20778, 24576, 274.49
2026/08/10 18:05:10.928, 0, 100, 23068, 24576, 326.50
2026/08/10 18:05:10.928, 1, 100, 22132, 24576, 315.26
2026/08/10 18:05:10.929, 2, 100, 20834, 24576, 293.36
2026/08/10 18:05:15.930, 0, 100, 23068, 24576, 325.85
2026/08/10 18:05:15.931, 1, 100, 22132, 24576, 313.37
2026/08/10 18:05:15.932, 2, 100, 20834, 24576, 310.85
2026/08/10 18:05:20.932, 0, 83, 23068, 24576, 333.73
2026/08/10 18:05:20.933, 1, 80, 22132, 24576, 310.80
2026/08/10 18:05:20.934, 2, 84, 23054, 24576, 334.40
2026/08/10 18:05:25.935, 0, 85, 23068, 24576, 337.37
2026/08/10 18:05:25.935, 1, 82, 22132, 24576, 306.01
2026/08/10 18:05:25.936, 2, 86, 23054, 24576, 314.14
2026/08/10 18:05:30.937, 0, 98, 14430, 24576, 336.63
2026/08/10 18:05:30.937, 1, 100, 24222, 24576, 312.90
2026/08/10 18:05:30.938, 2, 98, 23054, 24576, 309.01
2026/08/10 18:05:35.939, 0, 100, 14430, 24576, 234.35
2026/08/10 18:05:35.939, 1, 95, 20116, 24576, 297.92
2026/08/10 18:05:35.940, 2, 100, 23054, 24576, 241.75
2026/08/10 18:05:40.941, 0, 89, 23086, 24576, 320.35
2026/08/10 18:05:40.941, 1, 88, 22894, 24576, 316.94
2026/08/10 18:05:40.942, 2, 89, 21254, 24576, 310.03
2026/08/10 18:05:45.943, 0, 95, 23086, 24576, 319.62
2026/08/10 18:05:45.944, 1, 88, 22894, 24576, 312.05
2026/08/10 18:05:45.944, 2, 89, 21254, 24576, 308.97
2026/08/10 18:05:50.945, 0, 80, 23086, 24576, 267.04
2026/08/10 18:05:50.957, 1, 79, 22894, 24576, 286.72
2026/08/10 18:05:50.957, 2, 83, 23114, 24576, 270.40
2026/08/10 18:05:55.958, 0, 79, 23086, 24576, 336.54
2026/08/10 18:05:55.959, 1, 83, 22894, 24576, 306.43
2026/08/10 18:05:55.960, 2, 86, 23114, 24576, 324.00
2026/08/10 18:06:00.961, 0, 100, 23086, 24576, 337.73
2026/08/10 18:06:00.961, 1, 98, 12842, 24576, 276.32
2026/08/10 18:06:00.962, 2, 94, 14022, 24576, 277.64
2026/08/10 18:06:05.962, 0, 98, 23086, 24576, 334.87
2026/08/10 18:06:05.963, 1, 98, 12842, 24576, 284.33
2026/08/10 18:06:05.964, 2, 100, 14018, 24576, 316.32
2026/08/10 18:06:10.965, 0, 100, 21668, 24576, 317.53
2026/08/10 18:06:10.965, 1, 100, 20392, 24576, 315.50
2026/08/10 18:06:10.966, 2, 99, 23314, 24576, 328.31
2026/08/10 18:06:15.967, 0, 100, 21668, 24576, 318.08
2026/08/10 18:06:15.967, 1, 100, 20392, 24576, 310.35
2026/08/10 18:06:15.968, 2, 100, 23314, 24576, 326.61
2026/08/10 18:06:20.969, 0, 80, 23728, 24576, 254.25
2026/08/10 18:06:20.970, 1, 80, 20392, 24576, 286.14
2026/08/10 18:06:20.971, 2, 85, 23314, 24576, 290.35
2026/08/10 18:06:25.971, 0, 79, 23728, 24576, 337.36
2026/08/10 18:06:25.972, 1, 80, 20392, 24576, 307.71
2026/08/10 18:06:25.973, 2, 84, 23314, 24576, 330.92
2026/08/10 18:06:30.974, 0, 98, 13370, 24576, 295.67
2026/08/10 18:06:30.975, 1, 98, 20392, 24576, 284.42
2026/08/10 18:06:30.975, 2, 100, 16162, 24576, 293.54
2026/08/10 18:06:35.976, 0, 100, 13730, 24576, 331.34
2026/08/10 18:06:35.976, 1, 98, 20392, 24576, 297.46
2026/08/10 18:06:35.977, 2, 98, 13158, 24576, 319.60
2026/08/10 18:06:40.978, 0, 96, 23426, 24576, 328.97
2026/08/10 18:06:40.978, 1, 97, 21112, 24576, 318.37
2026/08/10 18:06:40.979, 2, 95, 22472, 24576, 313.70
2026/08/10 18:06:45.982, 0, 100, 23426, 24576, 326.46
2026/08/10 18:06:45.982, 1, 97, 20652, 24576, 280.92
2026/08/10 18:06:45.983, 2, 100, 22472, 24576, 313.85
2026/08/10 18:06:50.984, 0, 82, 23426, 24576, 335.83
2026/08/10 18:06:50.985, 1, 81, 20652, 24576, 319.63
2026/08/10 18:06:50.985, 2, 82, 22472, 24576, 335.97
2026/08/10 18:06:55.986, 0, 83, 23426, 24576, 338.49
2026/08/10 18:06:55.986, 1, 81, 20652, 24576, 305.16
2026/08/10 18:06:55.987, 2, 85, 22472, 24576, 324.00
2026/08/10 18:07:00.988, 0, 100, 13570, 24576, 338.05
2026/08/10 18:07:00.988, 1, 100, 12922, 24576, 321.12
2026/08/10 18:07:00.989, 2, 100, 12884, 24576, 287.40
2026/08/10 18:07:05.990, 0, 98, 13570, 24576, 327.61
2026/08/10 18:07:05.991, 1, 98, 13302, 24576, 300.33
2026/08/10 18:07:05.991, 2, 98, 13264, 24576, 313.78
2026/08/10 18:07:10.992, 0, 93, 21768, 24576, 321.07
2026/08/10 18:07:10.993, 1, 87, 23534, 24576, 330.20
2026/08/10 18:07:10.993, 2, 88, 21736, 24576, 327.59
2026/08/10 18:07:15.994, 0, 85, 21768, 24576, 321.86
2026/08/10 18:07:15.995, 1, 88, 23534, 24576, 310.74
2026/08/10 18:07:15.995, 2, 88, 21736, 24576, 321.90
2026/08/10 18:07:20.996, 0, 86, 21768, 24576, 315.70
2026/08/10 18:07:20.996, 1, 100, 23534, 24576, 290.83
2026/08/10 18:07:20.997, 2, 59, 21736, 24576, 309.23
2026/08/10 18:07:25.998, 0, 82, 21768, 24576, 336.61
2026/08/10 18:07:25.998, 1, 83, 23534, 24576, 301.21
2026/08/10 18:07:25.999, 2, 83, 21736, 24576, 315.77
2026/08/10 18:07:31.000, 0, 97, 21768, 24576, 310.31
2026/08/10 18:07:31.001, 1, 98, 23534, 24576, 294.63
2026/08/10 18:07:31.001, 2, 98, 21736, 24576, 309.89
2026/08/10 18:07:36.002, 0, 98, 23710, 24576, 338.58
2026/08/10 18:07:36.003, 1, 100, 13002, 24576, 288.67
2026/08/10 18:07:36.003, 2, 98, 13002, 24576, 306.03
2026/08/10 18:07:41.004, 0, 89, 23106, 24576, 305.52
2026/08/10 18:07:41.005, 1, 90, 21414, 24576, 310.60
2026/08/10 18:07:41.006, 2, 89, 21594, 24576, 313.71
2026/08/10 18:07:46.006, 0, 93, 23106, 24576, 297.11
2026/08/10 18:07:46.007, 1, 96, 21414, 24576, 293.83
2026/08/10 18:07:46.008, 2, 85, 21594, 24576, 309.82
2026/08/10 18:07:51.009, 0, 100, 20926, 24576, 303.55
2026/08/10 18:07:51.009, 1, 100, 20694, 24576, 300.21
2026/08/10 18:07:51.010, 2, 95, 20834, 24576, 321.17
2026/08/10 18:07:56.011, 0, 82, 23106, 24576, 336.05
2026/08/10 18:07:56.012, 1, 80, 21414, 24576, 299.78
2026/08/10 18:07:56.012, 2, 81, 21594, 24576, 326.34
2026/08/10 18:08:01.013, 0, 84, 23106, 24576, 338.19
2026/08/10 18:08:01.014, 1, 83, 21414, 24576, 306.25
2026/08/10 18:08:01.014, 2, 85, 21594, 24576, 324.48
2026/08/10 18:08:06.015, 0, 99, 22270, 24576, 332.96
2026/08/10 18:08:06.016, 1, 93, 13802, 24576, 266.22
2026/08/10 18:08:06.016, 2, 98, 21594, 24576, 312.63
2026/08/10 18:08:11.017, 0, 98, 23810, 24576, 337.06
2026/08/10 18:08:11.018, 1, 100, 13322, 24576, 231.86
2026/08/10 18:08:11.018, 2, 100, 21594, 24576, 176.31
2026/08/10 18:08:16.019, 0, 100, 21092, 24576, 327.06
2026/08/10 18:08:16.020, 1, 100, 23194, 24576, 307.36
2026/08/10 18:08:16.020, 2, 100, 22914, 24576, 308.05
2026/08/10 18:08:21.021, 0, 100, 21092, 24576, 324.95
2026/08/10 18:08:21.021, 1, 88, 23194, 24576, 307.81
2026/08/10 18:08:21.022, 2, 89, 22914, 24576, 307.60
2026/08/10 18:08:26.023, 0, 88, 23832, 24576, 328.80
2026/08/10 18:08:26.023, 1, 100, 23194, 24576, 288.71
2026/08/10 18:08:26.024, 2, 100, 23634, 24576, 294.53
2026/08/10 18:08:31.025, 0, 82, 21092, 24576, 336.74
2026/08/10 18:08:31.025, 1, 83, 23194, 24576, 317.12
2026/08/10 18:08:31.026, 2, 83, 22914, 24576, 337.18
2026/08/10 18:08:36.027, 0, 100, 21092, 24576, 259.15
2026/08/10 18:08:36.027, 1, 83, 23194, 24576, 304.93
2026/08/10 18:08:36.028, 2, 84, 22914, 24576, 334.15
2026/08/10 18:08:41.029, 0, 98, 16390, 24576, 336.91
2026/08/10 18:08:41.029, 1, 100, 13002, 24576, 287.22
2026/08/10 18:08:41.030, 2, 99, 22914, 24576, 324.50
2026/08/10 18:08:46.031, 0, 100, 16510, 24576, 186.63
2026/08/10 18:08:46.031, 1, 100, 16302, 24576, 194.44
2026/08/10 18:08:46.032, 2, 35, 22914, 24576, 300.78
2026/08/10 18:08:51.033, 0, 95, 23366, 24576, 314.98
2026/08/10 18:08:51.033, 1, 93, 20754, 24576, 290.98
2026/08/10 18:08:51.034, 2, 100, 23876, 24576, 334.46
2026/08/10 18:08:56.035, 0, 95, 23366, 24576, 297.32
2026/08/10 18:08:56.036, 1, 95, 20754, 24576, 278.06
2026/08/10 18:08:56.036, 2, 96, 23876, 24576, 311.90
2026/08/10 18:09:01.037, 0, 80, 23366, 24576, 288.69
2026/08/10 18:09:01.038, 1, 78, 20754, 24576, 287.72
2026/08/10 18:09:01.038, 2, 81, 23876, 24576, 295.38
2026/08/10 18:09:06.039, 0, 83, 23366, 24576, 338.50
2026/08/10 18:09:06.040, 1, 80, 20754, 24576, 304.62
2026/08/10 18:09:06.040, 2, 79, 23876, 24576, 320.03
2026/08/10 18:09:11.041, 0, 97, 17990, 24576, 300.66
2026/08/10 18:09:11.042, 1, 94, 14002, 24576, 268.48
2026/08/10 18:09:11.043, 2, 98, 12882, 24576, 288.60
2026/08/10 18:09:16.043, 0, 100, 13450, 24576, 337.80
2026/08/10 18:09:16.044, 1, 98, 13978, 24576, 328.39
2026/08/10 18:09:16.047, 2, 98, 13262, 24576, 312.54
2026/08/10 18:09:21.047, 0, 94, 23268, 24576, 320.33
2026/08/10 18:09:21.048, 1, 100, 23234, 24576, 323.95
2026/08/10 18:09:21.048, 2, 100, 22952, 24576, 325.80
2026/08/10 18:09:26.050, 0, 93, 23268, 24576, 321.19
2026/08/10 18:09:26.050, 1, 100, 23234, 24576, 316.57
2026/08/10 18:09:26.051, 2, 100, 22952, 24576, 321.76
2026/08/10 18:09:31.051, 0, 42, 23268, 24576, 282.64
2026/08/10 18:09:31.052, 1, 84, 23234, 24576, 290.94
2026/08/10 18:09:31.053, 2, 70, 22952, 24576, 266.95
2026/08/10 18:09:36.053, 0, 82, 23268, 24576, 337.43
2026/08/10 18:09:36.054, 1, 84, 23234, 24576, 303.99
2026/08/10 18:09:36.055, 2, 82, 22952, 24576, 325.11
2026/08/10 18:09:41.055, 0, 86, 13550, 24576, 296.40
2026/08/10 18:09:41.056, 1, 87, 13002, 24576, 273.55
2026/08/10 18:09:41.057, 2, 86, 13022, 24576, 282.12
2026/08/10 18:09:46.057, 0, 98, 13570, 24576, 338.80
2026/08/10 18:09:46.058, 1, 98, 13042, 24576, 303.86
2026/08/10 18:09:46.059, 2, 98, 13022, 24576, 293.15
2026/08/10 18:09:51.060, 0, 100, 21748, 24576, 316.21
2026/08/10 18:09:51.060, 1, 88, 21354, 24576, 293.64
2026/08/10 18:09:51.061, 2, 100, 22874, 24576, 326.23
2026/08/10 18:09:56.062, 0, 100, 21748, 24576, 319.96
2026/08/10 18:09:56.063, 1, 88, 21354, 24576, 297.75
2026/08/10 18:09:56.063, 2, 100, 22874, 24576, 326.86
2026/08/10 18:10:01.064, 0, 72, 21748, 24576, 307.20
2026/08/10 18:10:01.065, 1, 87, 21354, 24576, 298.32
2026/08/10 18:10:01.065, 2, 100, 22874, 24576, 317.93
2026/08/10 18:10:06.066, 0, 83, 21748, 24576, 337.17
2026/08/10 18:10:06.066, 1, 83, 21354, 24576, 305.69
2026/08/10 18:10:06.067, 2, 83, 22874, 24576, 325.82
2026/08/10 18:10:11.068, 0, 98, 24128, 24576, 333.49
2026/08/10 18:10:11.068, 1, 98, 24214, 24576, 303.35
2026/08/10 18:10:11.069, 2, 100, 23994, 24576, 303.68
2026/08/10 18:10:16.070, 0, 100, 14450, 24576, 296.09
2026/08/10 18:10:16.071, 1, 77, 14016, 24576, 266.03
2026/08/10 18:10:16.071, 2, 97, 13998, 24576, 286.67
2026/08/10 18:10:21.072, 0, 97, 22666, 24576, 307.58
2026/08/10 18:10:21.073, 1, 91, 22994, 24576, 291.03
2026/08/10 18:10:21.073, 2, 92, 22132, 24576, 295.97
2026/08/10 18:10:26.074, 0, 100, 22666, 24576, 314.63
2026/08/10 18:10:26.075, 1, 100, 22994, 24576, 318.60
2026/08/10 18:10:26.075, 2, 90, 22132, 24576, 304.38
2026/08/10 18:10:31.076, 0, 100, 22666, 24576, 314.08
2026/08/10 18:10:31.077, 1, 100, 22994, 24576, 304.41
2026/08/10 18:10:31.077, 2, 87, 22132, 24576, 303.52
2026/08/10 18:10:36.078, 0, 83, 22666, 24576, 336.96
2026/08/10 18:10:36.079, 1, 80, 22994, 24576, 304.43
2026/08/10 18:10:36.080, 2, 81, 22132, 24576, 316.93
2026/08/10 18:10:41.080, 0, 98, 22666, 24576, 330.55
2026/08/10 18:10:41.081, 1, 98, 22994, 24576, 302.71
2026/08/10 18:10:41.081, 2, 98, 22132, 24576, 322.59
2026/08/10 18:10:46.082, 0, 98, 13450, 24576, 335.92
2026/08/10 18:10:46.083, 1, 100, 23882, 24576, 300.05
2026/08/10 18:10:46.083, 2, 98, 13042, 24576, 317.27
2026/08/10 18:10:51.084, 0, 100, 22886, 24576, 322.49
2026/08/10 18:10:51.085, 1, 99, 23374, 24576, 301.25
2026/08/10 18:10:51.086, 2, 100, 23554, 24576, 330.41
2026/08/10 18:10:56.086, 0, 100, 22886, 24576, 319.39
2026/08/10 18:10:56.087, 1, 98, 23374, 24576, 299.11
2026/08/10 18:10:56.088, 2, 95, 23554, 24576, 331.74
2026/08/10 18:11:01.088, 0, 96, 22886, 24576, 311.04
2026/08/10 18:11:01.089, 1, 93, 23374, 24576, 299.22
2026/08/10 18:11:01.089, 2, 95, 23554, 24576, 326.88
2026/08/10 18:11:06.090, 0, 83, 22886, 24576, 337.20
2026/08/10 18:11:06.091, 1, 81, 23374, 24576, 307.76
2026/08/10 18:11:06.091, 2, 82, 21334, 24576, 319.79
2026/08/10 18:11:11.092, 0, 98, 22886, 24576, 296.89
2026/08/10 18:11:11.093, 1, 98, 23374, 24576, 307.73
2026/08/10 18:11:11.093, 2, 98, 21334, 24576, 304.73
2026/08/10 18:11:16.097, 0, 98, 13690, 24576, 337.39
2026/08/10 18:11:16.098, 1, 98, 13262, 24576, 277.33
2026/08/10 18:11:16.098, 2, 100, 12862, 24576, 310.93
2026/08/10 18:11:21.099, 0, 97, 22906, 24576, 311.18
2026/08/10 18:11:21.100, 1, 97, 22952, 24576, 298.37
2026/08/10 18:11:21.100, 2, 96, 22974, 24576, 316.89
2026/08/10 18:11:26.101, 0, 100, 22906, 24576, 317.36
2026/08/10 18:11:26.102, 1, 100, 22952, 24576, 304.08
2026/08/10 18:11:26.102, 2, 100, 22974, 24576, 327.35
2026/08/10 18:11:31.103, 0, 100, 22906, 24576, 317.06
2026/08/10 18:11:31.103, 1, 88, 22952, 24576, 302.73
2026/08/10 18:11:31.104, 2, 100, 23034, 24576, 326.58
2026/08/10 18:11:36.105, 0, 82, 22906, 24576, 337.03
2026/08/10 18:11:36.106, 1, 80, 22952, 24576, 302.46
2026/08/10 18:11:36.106, 2, 83, 20974, 24576, 322.03
2026/08/10 18:11:41.107, 0, 98, 22906, 24576, 338.50
2026/08/10 18:11:41.108, 1, 98, 22952, 24576, 292.69
2026/08/10 18:11:41.108, 2, 100, 20974, 24576, 291.78
2026/08/10 18:11:46.109, 0, 98, 13590, 24576, 334.90
2026/08/10 18:11:46.110, 1, 98, 23562, 24576, 290.74
2026/08/10 18:11:46.111, 2, 98, 12802, 24576, 315.07
2026/08/10 18:11:51.112, 0, 87, 24222, 24576, 320.17
2026/08/10 18:11:51.112, 1, 96, 22540, 24576, 295.65
2026/08/10 18:11:51.113, 2, 88, 22794, 24576, 311.56
2026/08/10 18:11:56.115, 0, 100, 23910, 24576, 337.70
2026/08/10 18:11:56.116, 1, 100, 21872, 24576, 317.46
2026/08/10 18:11:56.117, 2, 85, 22794, 24576, 334.63
2026/08/10 18:12:01.117, 0, 96, 23910, 24576, 323.43
2026/08/10 18:12:01.118, 1, 86, 21872, 24576, 299.79
2026/08/10 18:12:01.118, 2, 100, 22794, 24576, 324.45
2026/08/10 18:12:06.120, 0, 83, 23910, 24576, 334.65
2026/08/10 18:12:06.120, 1, 83, 21872, 24576, 323.14
2026/08/10 18:12:06.121, 2, 83, 20854, 24576, 335.46
2026/08/10 18:12:11.122, 0, 82, 23910, 24576, 336.95
2026/08/10 18:12:11.123, 1, 82, 21872, 24576, 307.99
2026/08/10 18:12:11.123, 2, 82, 20854, 24576, 327.38
2026/08/10 18:12:16.124, 0, 98, 13570, 24576, 335.45
2026/08/10 18:12:16.124, 1, 98, 20522, 24576, 314.74
2026/08/10 18:12:16.125, 2, 100, 13042, 24576, 312.30
2026/08/10 18:12:21.126, 0, 100, 13570, 24576, 254.36
2026/08/10 18:12:21.126, 1, 100, 18616, 24576, 290.39
2026/08/10 18:12:21.127, 2, 86, 13042, 24576, 274.09
2026/08/10 18:12:26.128, 0, 81, 22808, 24576, 314.29
2026/08/10 18:12:26.128, 1, 88, 23036, 24576, 303.84
2026/08/10 18:12:26.129, 2, 88, 22814, 24576, 314.59
2026/08/10 18:12:31.130, 0, 89, 22068, 24576, 314.12
2026/08/10 18:12:31.130, 1, 88, 23036, 24576, 306.68
2026/08/10 18:12:31.131, 2, 94, 22814, 24576, 311.47
2026/08/10 18:12:36.132, 0, 83, 22808, 24576, 310.31
2026/08/10 18:12:36.133, 1, 88, 23036, 24576, 297.66
2026/08/10 18:12:36.134, 2, 100, 22814, 24576, 312.58
2026/08/10 18:12:41.134, 0, 82, 22068, 24576, 335.19
2026/08/10 18:12:41.135, 1, 81, 23036, 24576, 308.77
2026/08/10 18:12:41.135, 2, 79, 22814, 24576, 335.28
2026/08/10 18:12:46.136, 0, 84, 22068, 24576, 340.38
2026/08/10 18:12:46.137, 1, 84, 23036, 24576, 310.68
2026/08/10 18:12:46.137, 2, 100, 22814, 24576, 263.46
2026/08/10 18:12:51.138, 0, 98, 22068, 24576, 338.03
2026/08/10 18:12:51.139, 1, 98, 23036, 24576, 302.71
2026/08/10 18:12:51.140, 2, 98, 15938, 24576, 289.33
2026/08/10 18:12:56.140, 0, 88, 23908, 24576, 328.57
2026/08/10 18:12:56.141, 1, 88, 21374, 24576, 309.06
2026/08/10 18:12:56.141, 2, 84, 20190, 24576, 294.09
2026/08/10 18:13:01.142, 0, 87, 24108, 24576, 339.10
2026/08/10 18:13:01.143, 1, 89, 21374, 24576, 289.94
2026/08/10 18:13:01.143, 2, 88, 20190, 24576, 294.71
2026/08/10 18:13:06.144, 0, 87, 24108, 24576, 338.60
2026/08/10 18:13:06.145, 1, 92, 21374, 24576, 304.12
2026/08/10 18:13:06.145, 2, 88, 20190, 24576, 298.77
2026/08/10 18:13:11.146, 0, 80, 21888, 24576, 335.71
2026/08/10 18:13:11.147, 1, 82, 23574, 24576, 305.97
2026/08/10 18:13:11.147, 2, 81, 21850, 24576, 335.21
2026/08/10 18:13:16.148, 0, 85, 21888, 24576, 334.32
2026/08/10 18:13:16.149, 1, 83, 23574, 24576, 305.07
2026/08/10 18:13:16.149, 2, 85, 21850, 24576, 325.53
2026/08/10 18:13:21.150, 0, 98, 18230, 24576, 335.91
2026/08/10 18:13:21.151, 1, 96, 13982, 24576, 269.65
2026/08/10 18:13:21.151, 2, 98, 21850, 24576, 302.18
2026/08/10 18:13:26.152, 0, 100, 14450, 24576, 182.39
2026/08/10 18:13:26.153, 1, 87, 13796, 24576, 263.26
2026/08/10 18:13:26.154, 2, 100, 21850, 24576, 175.66
2026/08/10 18:13:31.154, 0, 100, 22244, 24576, 317.64
2026/08/10 18:13:31.155, 1, 100, 23234, 24576, 308.75
2026/08/10 18:13:31.156, 2, 90, 22672, 24576, 335.22
2026/08/10 18:13:36.156, 0, 100, 22244, 24576, 316.68
2026/08/10 18:13:36.157, 1, 100, 23234, 24576, 313.43
2026/08/10 18:13:36.158, 2, 100, 22672, 24576, 336.05
2026/08/10 18:13:41.159, 0, 80, 22244, 24576, 323.59
2026/08/10 18:13:41.159, 1, 81, 23234, 24576, 314.58
2026/08/10 18:13:41.160, 2, 81, 22672, 24576, 334.92
2026/08/10 18:13:46.161, 0, 83, 22244, 24576, 337.01
2026/08/10 18:13:46.161, 1, 83, 23234, 24576, 306.18
2026/08/10 18:13:46.163, 2, 79, 22672, 24576, 335.59
2026/08/10 18:13:51.164, 0, 98, 22244, 24576, 337.38
2026/08/10 18:13:51.165, 1, 98, 12942, 24576, 273.60
2026/08/10 18:13:51.165, 2, 97, 13942, 24576, 292.37
2026/08/10 18:13:56.166, 0, 100, 22244, 24576, 327.67
2026/08/10 18:13:56.167, 1, 98, 13322, 24576, 290.31
2026/08/10 18:13:56.167, 2, 100, 13938, 24576, 335.97
2026/08/10 18:14:01.168, 0, 89, 23748, 24576, 340.35
2026/08/10 18:14:01.169, 1, 100, 23494, 24576, 304.80
2026/08/10 18:14:01.169, 2, 89, 20994, 24576, 311.83
2026/08/10 18:14:06.170, 0, 100, 23108, 24576, 328.99
2026/08/10 18:14:06.170, 1, 97, 23494, 24576, 291.84
2026/08/10 18:14:06.171, 2, 85, 23034, 24576, 314.80
2026/08/10 18:14:11.172, 0, 81, 21688, 24576, 286.82
2026/08/10 18:14:11.172, 1, 81, 23494, 24576, 304.93
2026/08/10 18:14:11.173, 2, 80, 23034, 24576, 298.77
2026/08/10 18:14:16.174, 0, 83, 21688, 24576, 337.35
2026/08/10 18:14:16.174, 1, 81, 23494, 24576, 306.38
2026/08/10 18:14:16.175, 2, 83, 23034, 24576, 325.94
2026/08/10 18:14:21.176, 0, 98, 13330, 24576, 302.82
2026/08/10 18:14:21.177, 1, 98, 12802, 24576, 280.13
2026/08/10 18:14:21.177, 2, 98, 23034, 24576, 316.14
2026/08/10 18:14:26.178, 0, 98, 13690, 24576, 329.92
2026/08/10 18:14:26.182, 1, 98, 12802, 24576, 289.29
2026/08/10 18:14:26.183, 2, 98, 23034, 24576, 305.96
2026/08/10 18:14:31.183, 0, 98, 22966, 24576, 307.10
2026/08/10 18:14:31.184, 1, 96, 22112, 24576, 308.49
2026/08/10 18:14:31.185, 2, 88, 21774, 24576, 320.86
2026/08/10 18:14:36.185, 0, 97, 22966, 24576, 303.86
2026/08/10 18:14:36.186, 1, 97, 22732, 24576, 304.48
2026/08/10 18:14:36.187, 2, 83, 22434, 24576, 324.52
2026/08/10 18:14:41.188, 0, 80, 22966, 24576, 276.94
2026/08/10 18:14:41.188, 1, 80, 20052, 24576, 288.04
2026/08/10 18:14:41.189, 2, 81, 23314, 24576, 287.69
2026/08/10 18:14:46.190, 0, 78, 22966, 24576, 337.21
2026/08/10 18:14:46.190, 1, 84, 20052, 24576, 301.39
2026/08/10 18:14:46.191, 2, 83, 23314, 24576, 321.83
2026/08/10 18:14:51.192, 0, 98, 13530, 24576, 297.87
2026/08/10 18:14:51.192, 1, 97, 15862, 24576, 275.71
2026/08/10 18:14:51.193, 2, 94, 12902, 24576, 286.18
2026/08/10 18:14:56.194, 0, 100, 13530, 24576, 323.92
2026/08/10 18:14:56.195, 1, 98, 13342, 24576, 300.85
2026/08/10 18:14:56.195, 2, 98, 13262, 24576, 313.45
2026/08/10 18:15:01.196, 0, 100, 23368, 24576, 323.33
2026/08/10 18:15:01.196, 1, 100, 23354, 24576, 308.86
2026/08/10 18:15:01.197, 2, 97, 22972, 24576, 324.82
2026/08/10 18:15:06.198, 0, 100, 23368, 24576, 333.58
2026/08/10 18:15:06.199, 1, 100, 23354, 24576, 289.30
2026/08/10 18:15:06.199, 2, 100, 22972, 24576, 322.30
2026/08/10 18:15:11.200, 0, 81, 23368, 24576, 286.90
2026/08/10 18:15:11.201, 1, 81, 23354, 24576, 280.08
2026/08/10 18:15:11.201, 2, 80, 22972, 24576, 273.24
2026/08/10 18:15:16.202, 0, 82, 23368, 24576, 336.73
2026/08/10 18:15:16.203, 1, 82, 23354, 24576, 299.03
2026/08/10 18:15:16.203, 2, 81, 22972, 24576, 325.44
2026/08/10 18:15:21.204, 0, 92, 14390, 24576, 297.52
2026/08/10 18:15:21.205, 1, 98, 12922, 24576, 272.07
2026/08/10 18:15:21.205, 2, 94, 14062, 24576, 283.03
2026/08/10 18:15:26.206, 0, 98, 14390, 24576, 325.26
2026/08/10 18:15:26.219, 1, 98, 12922, 24576, 293.79
2026/08/10 18:15:26.219, 2, 98, 17718, 24576, 278.63
2026/08/10 18:15:31.221, 0, 99, 21426, 24576, 314.39
2026/08/10 18:15:31.222, 1, 96, 22052, 24576, 301.23
2026/08/10 18:15:31.222, 2, 100, 23534, 24576, 323.04
2026/08/10 18:15:36.223, 0, 100, 21426, 24576, 313.85
2026/08/10 18:15:36.223, 1, 96, 22052, 24576, 314.72
2026/08/10 18:15:36.224, 2, 100, 23534, 24576, 318.62
2026/08/10 18:15:41.225, 0, 99, 21426, 24576, 316.28
2026/08/10 18:15:41.225, 1, 96, 22052, 24576, 312.72
2026/08/10 18:15:41.226, 2, 100, 23534, 24576, 321.22
2026/08/10 18:15:46.227, 0, 84, 21426, 24576, 336.50
2026/08/10 18:15:46.227, 1, 82, 22052, 24576, 307.52
2026/08/10 18:15:46.228, 2, 84, 23534, 24576, 325.77
2026/08/10 18:15:51.229, 0, 98, 21426, 24576, 340.11
2026/08/10 18:15:51.229, 1, 98, 22052, 24576, 302.93
2026/08/10 18:15:51.230, 2, 98, 23534, 24576, 337.37
2026/08/10 18:15:56.231, 0, 98, 21426, 24576, 322.88
2026/08/10 18:15:56.231, 1, 98, 13022, 24576, 300.96
2026/08/10 18:15:56.232, 2, 98, 12822, 24576, 316.64
2026/08/10 18:16:01.233, 0, 88, 23108, 24576, 323.17
2026/08/10 18:16:01.233, 1, 89, 23674, 24576, 307.61
2026/08/10 18:16:01.234, 2, 88, 21952, 24576, 318.10
2026/08/10 18:16:06.235, 0, 77, 23108, 24576, 323.93
2026/08/10 18:16:06.235, 1, 90, 23674, 24576, 304.12
2026/08/10 18:16:06.236, 2, 88, 21952, 24576, 320.26
2026/08/10 18:16:11.237, 0, 98, 23108, 24576, 318.47
2026/08/10 18:16:11.237, 1, 100, 23674, 24576, 330.21
2026/08/10 18:16:11.238, 2, 99, 21952, 24576, 314.21
2026/08/10 18:16:16.239, 0, 82, 23108, 24576, 335.42
2026/08/10 18:16:16.239, 1, 83, 21514, 24576, 303.18
2026/08/10 18:16:16.240, 2, 82, 21952, 24576, 334.49
2026/08/10 18:16:21.241, 0, 97, 23108, 24576, 237.42
2026/08/10 18:16:21.242, 1, 97, 21514, 24576, 241.58
2026/08/10 18:16:21.242, 2, 100, 21952, 24576, 322.78
2026/08/10 18:16:26.243, 0, 100, 13730, 24576, 337.30
2026/08/10 18:16:26.244, 1, 98, 12802, 24576, 306.52
2026/08/10 18:16:26.244, 2, 100, 19582, 24576, 316.90
2026/08/10 18:16:31.245, 0, 100, 23428, 24576, 323.98
2026/08/10 18:16:31.246, 1, 100, 20652, 24576, 283.16
2026/08/10 18:16:31.246, 2, 96, 23114, 24576, 326.88
2026/08/10 18:16:36.247, 0, 84, 23428, 24576, 321.82
2026/08/10 18:16:36.248, 1, 100, 20652, 24576, 289.39
2026/08/10 18:16:36.248, 2, 88, 23114, 24576, 339.08
2026/08/10 18:16:41.249, 0, 88, 23428, 24576, 327.76
2026/08/10 18:16:41.250, 1, 92, 20652, 24576, 297.92
2026/08/10 18:16:41.250, 2, 88, 23114, 24576, 336.25
2026/08/10 18:16:46.252, 0, 83, 23428, 24576, 334.91
2026/08/10 18:16:46.252, 1, 83, 20652, 24576, 307.84
2026/08/10 18:16:46.253, 2, 81, 23114, 24576, 315.33
2026/08/10 18:16:51.254, 0, 84, 23428, 24576, 338.14
2026/08/10 18:16:51.255, 1, 77, 20652, 24576, 307.25
2026/08/10 18:16:51.255, 2, 100, 23114, 24576, 284.30
2026/08/10 18:16:56.256, 0, 98, 13590, 24576, 337.26
2026/08/10 18:16:56.257, 1, 98, 13042, 24576, 277.82
2026/08/10 18:16:56.257, 2, 98, 13302, 24576, 304.55
2026/08/10 18:17:01.258, 0, 93, 23168, 24576, 329.95
2026/08/10 18:17:01.258, 1, 95, 20834, 24576, 288.41
2026/08/10 18:17:01.259, 2, 97, 23574, 24576, 332.40
2026/08/10 18:17:06.260, 0, 93, 23168, 24576, 322.57
2026/08/10 18:17:06.260, 1, 84, 20834, 24576, 302.73
2026/08/10 18:17:06.261, 2, 100, 23574, 24576, 317.51
2026/08/10 18:17:11.262, 0, 94, 23168, 24576, 318.10
2026/08/10 18:17:11.262, 1, 92, 20834, 24576, 299.49
2026/08/10 18:17:11.263, 2, 97, 23574, 24576, 300.37
2026/08/10 18:17:16.264, 0, 83, 23168, 24576, 334.98
2026/08/10 18:17:16.264, 1, 81, 20834, 24576, 306.75
2026/08/10 18:17:16.265, 2, 83, 23574, 24576, 329.58
2026/08/10 18:17:21.266, 0, 85, 23168, 24576, 307.33
2026/08/10 18:17:21.266, 1, 84, 20834, 24576, 299.60
2026/08/10 18:17:21.267, 2, 86, 23574, 24576, 318.67
2026/08/10 18:17:26.268, 0, 98, 14710, 24576, 337.24
2026/08/10 18:17:26.268, 1, 100, 13902, 24576, 290.58
2026/08/10 18:17:26.269, 2, 98, 23574, 24576, 308.44
2026/08/10 18:17:31.269, 0, 100, 14370, 24576, 184.10
2026/08/10 18:17:31.270, 1, 100, 21456, 24576, 308.21
2026/08/10 18:17:31.271, 2, 100, 23574, 24576, 304.48
2026/08/10 18:17:36.272, 0, 89, 21964, 24576, 309.93
2026/08/10 18:17:36.272, 1, 88, 22936, 24576, 301.86
2026/08/10 18:17:36.273, 2, 100, 23776, 24576, 321.10
2026/08/10 18:17:41.273, 0, 97, 21964, 24576, 308.40
2026/08/10 18:17:41.274, 1, 97, 22936, 24576, 301.39
2026/08/10 18:17:41.274, 2, 100, 23776, 24576, 324.47
2026/08/10 18:17:46.275, 0, 100, 22184, 24576, 289.29
2026/08/10 18:17:46.276, 1, 92, 21716, 24576, 307.61
2026/08/10 18:17:46.277, 2, 100, 23776, 24576, 304.42
2026/08/10 18:17:51.278, 0, 83, 21964, 24576, 337.47
2026/08/10 18:17:51.278, 1, 84, 22936, 24576, 309.77
2026/08/10 18:17:51.279, 2, 85, 23776, 24576, 323.00
2026/08/10 18:17:56.280, 0, 98, 21964, 24576, 338.55
2026/08/10 18:17:56.280, 1, 98, 22936, 24576, 301.40
2026/08/10 18:17:56.281, 2, 98, 23776, 24576, 332.54
2026/08/10 18:18:01.282, 0, 98, 21964, 24576, 329.57
2026/08/10 18:18:01.282, 1, 98, 22936, 24576, 291.61
2026/08/10 18:18:01.285, 2, 98, 23776, 24576, 315.01
2026/08/10 18:18:06.286, 0, 87, 21786, 24576, 309.10
2026/08/10 18:18:06.286, 1, 100, 22914, 24576, 312.34
2026/08/10 18:18:06.287, 2, 100, 23776, 24576, 312.74
2026/08/10 18:18:11.288, 0, 96, 21786, 24576, 320.33
2026/08/10 18:18:11.288, 1, 100, 22914, 24576, 317.21
2026/08/10 18:18:11.289, 2, 100, 23776, 24576, 315.63
2026/08/10 18:18:16.290, 0, 100, 21786, 24576, 326.01
2026/08/10 18:18:16.290, 1, 93, 22914, 24576, 299.80
2026/08/10 18:18:16.291, 2, 100, 23776, 24576, 296.24
2026/08/10 18:18:21.292, 0, 82, 21786, 24576, 336.67
2026/08/10 18:18:21.292, 1, 79, 22914, 24576, 303.21
2026/08/10 18:18:21.293, 2, 84, 23776, 24576, 319.70
2026/08/10 18:18:26.294, 0, 100, 24146, 24576, 336.68
2026/08/10 18:18:26.294, 1, 98, 22914, 24576, 306.70
2026/08/10 18:18:26.295, 2, 100, 23776, 24576, 316.84
2026/08/10 18:18:31.296, 0, 98, 13730, 24576, 327.36
2026/08/10 18:18:31.297, 1, 98, 22914, 24576, 297.99
2026/08/10 18:18:31.297, 2, 98, 23776, 24576, 311.35
2026/08/10 18:18:36.298, 0, 86, 23528, 24576, 321.61
2026/08/10 18:18:36.299, 1, 88, 23054, 24576, 310.49
2026/08/10 18:18:36.299, 2, 89, 23776, 24576, 323.05
2026/08/10 18:18:41.300, 0, 97, 23528, 24576, 311.87
2026/08/10 18:18:41.303, 1, 97, 22074, 24576, 303.09
2026/08/10 18:18:41.303, 2, 100, 23776, 24576, 306.06
2026/08/10 18:18:46.304, 0, 17, 23528, 24576, 261.89
2026/08/10 18:18:46.305, 1, 24, 23054, 24576, 276.03
2026/08/10 18:18:46.306, 2, 22, 23776, 24576, 269.46
2026/08/10 18:18:51.306, 0, 82, 23528, 24576, 336.44
2026/08/10 18:18:51.307, 1, 81, 23054, 24576, 303.54
2026/08/10 18:18:51.308, 2, 82, 23776, 24576, 320.54
2026/08/10 18:18:56.309, 0, 100, 24008, 24576, 333.57
2026/08/10 18:18:56.310, 1, 98, 23054, 24576, 310.83
2026/08/10 18:18:56.310, 2, 98, 23776, 24576, 311.44
2026/08/10 18:19:01.311, 0, 98, 22230, 24576, 333.34
2026/08/10 18:19:01.312, 1, 98, 23054, 24576, 293.83
2026/08/10 18:19:01.312, 2, 100, 23776, 24576, 295.95
2026/08/10 18:19:06.313, 0, 97, 24168, 24576, 328.82
2026/08/10 18:19:06.314, 1, 91, 21654, 24576, 304.61
2026/08/10 18:19:06.314, 2, 100, 23776, 24576, 310.66
2026/08/10 18:19:11.315, 0, 97, 24168, 24576, 325.07
2026/08/10 18:19:11.316, 1, 100, 23754, 24576, 312.16
2026/08/10 18:19:11.316, 2, 100, 23776, 24576, 298.57
2026/08/10 18:19:16.318, 0, 89, 22028, 24576, 321.74
2026/08/10 18:19:16.318, 1, 88, 22374, 24576, 307.39
2026/08/10 18:19:16.319, 2, 88, 23776, 24576, 321.14
2026/08/10 18:19:21.320, 0, 78, 24168, 24576, 333.47
2026/08/10 18:19:21.322, 1, 80, 21654, 24576, 310.44
2026/08/10 18:19:21.323, 2, 80, 23776, 24576, 335.54
2026/08/10 18:19:26.330, 0, 81, 24168, 24576, 337.02
2026/08/10 18:19:26.331, 1, 86, 21654, 24576, 303.69
2026/08/10 18:19:26.331, 2, 85, 23776, 24576, 331.64
2026/08/10 18:19:31.332, 0, 98, 13490, 24576, 335.00
2026/08/10 18:19:31.332, 1, 98, 21654, 24576, 284.82
2026/08/10 18:19:31.333, 2, 97, 13922, 24576, 336.87
2026/08/10 18:19:36.334, 0, 100, 13490, 24576, 258.64
2026/08/10 18:19:36.335, 1, 98, 21654, 24576, 293.49
2026/08/10 18:19:36.335, 2, 42, 13898, 24576, 269.97
2026/08/10 18:19:41.339, 0, 90, 23348, 24576, 302.84
2026/08/10 18:19:41.340, 1, 94, 24018, 24576, 297.03
2026/08/10 18:19:41.341, 2, 92, 20652, 24576, 295.12
2026/08/10 18:19:46.341, 0, 91, 23348, 24576, 316.68
2026/08/10 18:19:46.342, 1, 88, 24018, 24576, 299.43
2026/08/10 18:19:46.343, 2, 100, 22672, 24576, 314.54
2026/08/10 18:19:51.343, 0, 100, 23348, 24576, 321.21
2026/08/10 18:19:51.344, 1, 100, 24018, 24576, 305.70
2026/08/10 18:19:51.344, 2, 100, 22672, 24576, 327.53
2026/08/10 18:19:56.345, 0, 79, 23348, 24576, 336.25
2026/08/10 18:19:56.346, 1, 83, 24018, 24576, 303.40
2026/08/10 18:19:56.346, 2, 82, 22672, 24576, 337.24
2026/08/10 18:20:01.347, 0, 98, 23348, 24576, 335.17
2026/08/10 18:20:01.348, 1, 98, 24018, 24576, 315.84
2026/08/10 18:20:01.348, 2, 99, 22672, 24576, 336.36
2026/08/10 18:20:06.349, 0, 98, 13990, 24576, 335.36
2026/08/10 18:20:06.350, 1, 99, 21482, 24576, 291.26
2026/08/10 18:20:06.350, 2, 91, 13918, 24576, 285.33
2026/08/10 18:20:11.351, 0, 100, 22668, 24576, 342.00
2026/08/10 18:20:11.352, 1, 94, 22774, 24576, 317.11
2026/08/10 18:20:11.353, 2, 95, 23132, 24576, 312.27
2026/08/10 18:20:16.354, 0, 88, 23290, 24576, 335.26
2026/08/10 18:20:16.355, 1, 88, 23314, 24576, 314.33
2026/08/10 18:20:16.355, 2, 89, 22092, 24576, 315.55
2026/08/10 18:20:21.356, 0, 100, 23290, 24576, 334.57
2026/08/10 18:20:21.356, 1, 100, 23314, 24576, 314.97
2026/08/10 18:20:21.357, 2, 100, 22092, 24576, 312.06
2026/08/10 18:20:26.358, 0, 83, 23290, 24576, 332.89
2026/08/10 18:20:26.358, 1, 80, 23314, 24576, 334.39
2026/08/10 18:20:26.359, 2, 82, 22092, 24576, 289.56
2026/08/10 18:20:31.360, 0, 81, 23290, 24576, 335.75
2026/08/10 18:20:31.361, 1, 83, 23314, 24576, 305.49
2026/08/10 18:20:31.361, 2, 83, 22092, 24576, 332.96
2026/08/10 18:20:36.362, 0, 100, 13570, 24576, 336.03
2026/08/10 18:20:36.363, 1, 100, 19422, 24576, 324.06
2026/08/10 18:20:36.363, 2, 100, 22092, 24576, 327.87
2026/08/10 18:20:41.364, 0, 98, 13570, 24576, 328.25
2026/08/10 18:20:41.365, 1, 98, 13136, 24576, 285.74
2026/08/10 18:20:41.365, 2, 98, 22092, 24576, 318.98
2026/08/10 18:20:46.366, 0, 100, 24048, 24576, 337.69
2026/08/10 18:20:46.367, 1, 100, 22732, 24576, 309.15
2026/08/10 18:20:46.367, 2, 100, 22954, 24576, 320.58
2026/08/10 18:20:51.368, 0, 97, 24048, 24576, 310.08
2026/08/10 18:20:51.368, 1, 100, 22732, 24576, 297.64
2026/08/10 18:20:51.369, 2, 95, 22954, 24576, 323.92
2026/08/10 18:20:56.370, 0, 94, 21848, 24576, 291.14
2026/08/10 18:20:56.371, 1, 100, 22732, 24576, 280.51
2026/08/10 18:20:56.371, 2, 70, 22954, 24576, 318.47
2026/08/10 18:21:01.372, 0, 83, 21848, 24576, 335.82
2026/08/10 18:21:01.373, 1, 83, 22732, 24576, 302.31
2026/08/10 18:21:01.373, 2, 83, 22954, 24576, 323.60
2026/08/10 18:21:06.374, 0, 98, 21848, 24576, 337.29
2026/08/10 18:21:06.375, 1, 98, 22732, 24576, 296.85
2026/08/10 18:21:06.375, 2, 98, 22954, 24576, 338.05
2026/08/10 18:21:11.376, 0, 98, 24010, 24576, 334.08
2026/08/10 18:21:11.377, 1, 100, 13064, 24576, 286.88
2026/08/10 18:21:11.377, 2, 99, 21342, 24576, 308.68
2026/08/10 18:21:16.378, 0, 100, 21984, 24576, 279.44
2026/08/10 18:21:16.379, 1, 100, 23604, 24576, 295.70
2026/08/10 18:21:16.379, 2, 100, 20838, 24576, 274.42
2026/08/10 18:21:21.380, 0, 87, 22024, 24576, 300.39
2026/08/10 18:21:21.380, 1, 95, 23996, 24576, 313.15
2026/08/10 18:21:21.381, 2, 94, 20894, 24576, 295.14
2026/08/10 18:21:26.382, 0, 100, 22844, 24576, 294.44
2026/08/10 18:21:26.383, 1, 100, 23996, 24576, 301.59
2026/08/10 18:21:26.383, 2, 100, 22814, 24576, 313.18
2026/08/10 18:21:31.385, 0, 83, 22024, 24576, 335.37
2026/08/10 18:21:31.385, 1, 84, 21776, 24576, 318.82
2026/08/10 18:21:31.386, 2, 83, 22994, 24576, 335.41
2026/08/10 18:21:36.386, 0, 83, 22024, 24576, 338.26
2026/08/10 18:21:36.387, 1, 84, 21776, 24576, 305.42
2026/08/10 18:21:36.388, 2, 79, 22994, 24576, 330.67
2026/08/10 18:21:41.389, 0, 100, 14410, 24576, 337.87
2026/08/10 18:21:41.389, 1, 98, 14002, 24576, 308.00
2026/08/10 18:21:41.390, 2, 98, 22994, 24576, 314.04
2026/08/10 18:21:46.390, 0, 60, 14410, 24576, 313.86
2026/08/10 18:21:46.391, 1, 100, 13976, 24576, 296.22
2026/08/10 18:21:46.391, 2, 98, 22994, 24576, 310.69
2026/08/10 18:21:51.392, 0, 94, 20906, 24576, 301.26
2026/08/10 18:21:51.393, 1, 92, 23434, 24576, 311.42
2026/08/10 18:21:51.393, 2, 98, 23096, 24576, 321.70
2026/08/10 18:21:56.395, 0, 100, 23806, 24576, 309.42
2026/08/10 18:21:56.395, 1, 88, 23914, 24576, 309.84
2026/08/10 18:21:56.396, 2, 100, 23676, 24576, 326.05
2026/08/10 18:22:01.397, 0, 100, 22906, 24576, 330.28
2026/08/10 18:22:01.398, 1, 95, 23434, 24576, 310.72
2026/08/10 18:22:01.398, 2, 100, 23096, 24576, 324.57
2026/08/10 18:22:06.399, 0, 81, 22906, 24576, 337.61
2026/08/10 18:22:06.400, 1, 83, 23434, 24576, 306.28
2026/08/10 18:22:06.400, 2, 82, 23096, 24576, 320.71
2026/08/10 18:22:11.401, 0, 100, 24206, 24576, 338.93
2026/08/10 18:22:11.402, 1, 98, 23434, 24576, 285.62
2026/08/10 18:22:11.402, 2, 98, 23796, 24576, 316.15
2026/08/10 18:22:16.403, 0, 100, 13570, 24576, 328.08
2026/08/10 18:22:16.404, 1, 90, 13602, 24576, 278.71
2026/08/10 18:22:16.407, 2, 98, 12862, 24576, 311.77
2026/08/10 18:22:21.408, 0, 100, 23386, 24576, 326.41
2026/08/10 18:22:21.408, 1, 97, 23556, 24576, 304.08
2026/08/10 18:22:21.409, 2, 100, 23334, 24576, 322.36
2026/08/10 18:22:26.410, 0, 84, 22686, 24576, 335.33
2026/08/10 18:22:26.411, 1, 100, 23456, 24576, 305.93
2026/08/10 18:22:26.411, 2, 100, 22694, 24576, 317.79
2026/08/10 18:22:31.412, 0, 88, 22686, 24576, 336.28
2026/08/10 18:22:31.413, 1, 87, 23456, 24576, 293.51
2026/08/10 18:22:31.413, 2, 89, 22694, 24576, 309.51
2026/08/10 18:22:36.414, 0, 82, 21566, 24576, 337.42
2026/08/10 18:22:36.415, 1, 82, 23456, 24576, 301.06
2026/08/10 18:22:36.415, 2, 83, 20694, 24576, 318.91
2026/08/10 18:22:41.416, 0, 98, 21566, 24576, 280.95
2026/08/10 18:22:41.416, 1, 98, 23456, 24576, 290.64
2026/08/10 18:22:41.417, 2, 98, 20694, 24576, 316.04
2026/08/10 18:22:46.418, 0, 100, 23610, 24576, 337.77
2026/08/10 18:22:46.419, 1, 98, 13136, 24576, 329.81
2026/08/10 18:22:46.420, 2, 100, 13442, 24576, 312.44
2026/08/10 18:22:51.420, 0, 100, 20700, 24576, 225.03
2026/08/10 18:22:51.421, 1, 93, 22490, 24576, 243.07
2026/08/10 18:22:51.422, 2, 98, 23632, 24576, 301.94
2026/08/10 18:22:56.423, 0, 97, 23686, 24576, 309.10
2026/08/10 18:22:56.424, 1, 100, 22552, 24576, 303.27
2026/08/10 18:22:56.424, 2, 89, 23296, 24576, 319.48
2026/08/10 18:23:01.425, 0, 100, 22726, 24576, 328.63
2026/08/10 18:23:01.425, 1, 100, 22552, 24576, 309.75
2026/08/10 18:23:01.426, 2, 89, 21616, 24576, 305.78
2026/08/10 18:23:06.427, 0, 84, 22726, 24576, 332.89
2026/08/10 18:23:06.427, 1, 83, 22552, 24576, 329.82
2026/08/10 18:23:06.428, 2, 82, 21616, 24576, 332.58
2026/08/10 18:23:11.429, 0, 82, 22726, 24576, 338.21
2026/08/10 18:23:11.429, 1, 83, 22552, 24576, 303.29
2026/08/10 18:23:11.430, 2, 83, 21616, 24576, 317.57
2026/08/10 18:23:16.431, 0, 98, 14470, 24576, 321.28
2026/08/10 18:23:16.432, 1, 98, 13064, 24576, 277.21
2026/08/10 18:23:16.432, 2, 98, 12802, 24576, 307.71
2026/08/10 18:23:21.433, 0, 69, 14470, 24576, 325.23
2026/08/10 18:23:21.434, 1, 100, 13064, 24576, 297.09
2026/08/10 18:23:21.435, 2, 99, 12802, 24576, 302.11
2026/08/10 18:23:26.435, 0, 92, 20546, 24576, 294.39
2026/08/10 18:23:26.436, 1, 94, 21476, 24576, 310.01
2026/08/10 18:23:26.437, 2, 100, 20412, 24576, 296.90
2026/08/10 18:23:31.438, 0, 88, 23286, 24576, 308.71
2026/08/10 18:23:31.438, 1, 88, 24116, 24576, 309.62
2026/08/10 18:23:31.439, 2, 98, 21732, 24576, 301.48
2026/08/10 18:23:36.439, 0, 100, 23286, 24576, 313.03
2026/08/10 18:23:36.440, 1, 100, 24116, 24576, 316.98
2026/08/10 18:23:36.441, 2, 96, 21732, 24576, 306.50
2026/08/10 18:23:41.442, 0, 83, 23286, 24576, 336.96
2026/08/10 18:23:41.442, 1, 83, 21916, 24576, 309.68
2026/08/10 18:23:41.443, 2, 82, 21732, 24576, 333.32
2026/08/10 18:23:46.444, 0, 98, 23286, 24576, 240.88
2026/08/10 18:23:46.444, 1, 98, 21916, 24576, 244.75
2026/08/10 18:23:46.445, 2, 100, 21732, 24576, 323.75
2026/08/10 18:23:51.446, 0, 98, 23286, 24576, 337.03
2026/08/10 18:23:51.446, 1, 98, 21382, 24576, 297.78
2026/08/10 18:23:51.447, 2, 100, 13022, 24576, 334.30
2026/08/10 18:23:56.447, 0, 82, 23848, 24576, 336.37
2026/08/10 18:23:56.448, 1, 83, 21992, 24576, 309.17
2026/08/10 18:23:56.449, 2, 100, 23254, 24576, 305.22
2026/08/10 18:24:01.449, 0, 96, 23848, 24576, 312.99
2026/08/10 18:24:01.450, 1, 87, 21992, 24576, 305.69
2026/08/10 18:24:01.451, 2, 96, 22914, 24576, 312.47
2026/08/10 18:24:06.451, 0, 100, 23848, 24576, 322.93
2026/08/10 18:24:06.458, 1, 91, 21992, 24576, 291.46
2026/08/10 18:24:06.459, 2, 98, 22914, 24576, 314.35
2026/08/10 18:24:11.459, 0, 84, 23848, 24576, 337.47
2026/08/10 18:24:11.460, 1, 85, 21992, 24576, 308.19
2026/08/10 18:24:11.461, 2, 84, 22914, 24576, 332.67
2026/08/10 18:24:16.462, 0, 83, 23848, 24576, 339.80
2026/08/10 18:24:16.462, 1, 79, 21992, 24576, 298.28
2026/08/10 18:24:16.463, 2, 84, 22914, 24576, 329.85
2026/08/10 18:24:21.463, 0, 98, 13530, 24576, 325.17
2026/08/10 18:24:21.464, 1, 81, 13716, 24576, 266.22
2026/08/10 18:24:21.465, 2, 98, 16182, 24576, 318.44
2026/08/10 18:24:26.466, 0, 100, 22000, 24576, 312.67
2026/08/10 18:24:26.466, 1, 90, 21142, 24576, 242.18
2026/08/10 18:24:26.467, 2, 100, 22504, 24576, 214.61
2026/08/10 18:24:31.468, 0, 89, 23548, 24576, 326.92
2026/08/10 18:24:31.469, 1, 88, 20890, 24576, 308.42
2026/08/10 18:24:31.469, 2, 89, 22894, 24576, 333.02
2026/08/10 18:24:36.470, 0, 100, 23548, 24576, 333.11
2026/08/10 18:24:36.471, 1, 96, 20890, 24576, 306.33
2026/08/10 18:24:36.471, 2, 100, 22894, 24576, 335.27
2026/08/10 18:24:41.472, 0, 80, 23548, 24576, 297.49
2026/08/10 18:24:41.473, 1, 75, 20890, 24576, 298.17
2026/08/10 18:24:41.473, 2, 0, 22894, 24576, 224.51
2026/08/10 18:24:46.474, 0, 83, 23548, 24576, 336.31
2026/08/10 18:24:46.475, 1, 79, 20890, 24576, 302.00
2026/08/10 18:24:46.475, 2, 82, 22894, 24576, 333.83
2026/08/10 18:24:51.476, 0, 100, 23548, 24576, 334.43
2026/08/10 18:24:51.476, 1, 92, 14810, 24576, 281.87
2026/08/10 18:24:51.477, 2, 92, 19014, 24576, 308.24
2026/08/10 18:24:56.478, 0, 100, 23548, 24576, 331.91
2026/08/10 18:24:56.479, 1, 98, 13042, 24576, 291.58
2026/08/10 18:24:56.480, 2, 98, 16300, 24576, 280.02
2026/08/10 18:25:01.480, 0, 100, 23470, 24576, 335.66
2026/08/10 18:25:01.481, 1, 100, 23154, 24576, 318.78
2026/08/10 18:25:01.482, 2, 89, 23334, 24576, 323.06
2026/08/10 18:25:06.482, 0, 100, 23470, 24576, 335.30
2026/08/10 18:25:06.483, 1, 100, 23154, 24576, 322.55
2026/08/10 18:25:06.484, 2, 100, 23334, 24576, 320.54
2026/08/10 18:25:11.484, 0, 93, 23470, 24576, 332.65
2026/08/10 18:25:11.485, 1, 96, 23154, 24576, 307.90
2026/08/10 18:25:11.485, 2, 100, 23334, 24576, 317.95
2026/08/10 18:25:16.486, 0, 83, 23470, 24576, 333.20
2026/08/10 18:25:16.487, 1, 81, 20934, 24576, 298.67
2026/08/10 18:25:16.488, 2, 84, 23334, 24576, 336.46
2026/08/10 18:25:21.488, 0, 100, 23470, 24576, 334.09
2026/08/10 18:25:21.489, 1, 99, 20934, 24576, 303.65
2026/08/10 18:25:21.489, 2, 98, 23334, 24576, 319.96
2026/08/10 18:25:26.490, 0, 98, 23610, 24576, 333.68
2026/08/10 18:25:26.491, 1, 98, 24100, 24576, 295.26
2026/08/10 18:25:26.491, 2, 98, 23334, 24576, 304.53
2026/08/10 18:25:31.492, 0, 87, 23126, 24576, 328.27
2026/08/10 18:25:31.493, 1, 89, 20050, 24576, 282.73
2026/08/10 18:25:31.493, 2, 100, 23334, 24576, 311.48
2026/08/10 18:25:36.495, 0, 97, 23126, 24576, 317.20
2026/08/10 18:25:36.495, 1, 100, 21590, 24576, 306.65
2026/08/10 18:25:36.496, 2, 98, 23334, 24576, 308.37
2026/08/10 18:25:41.496, 0, 97, 23126, 24576, 318.69
2026/08/10 18:25:41.497, 1, 100, 21590, 24576, 315.84
2026/08/10 18:25:41.497, 2, 100, 23334, 24576, 325.36
2026/08/10 18:25:46.498, 0, 78, 23126, 24576, 334.79
2026/08/10 18:25:46.499, 1, 81, 21590, 24576, 308.33
2026/08/10 18:25:46.500, 2, 82, 23334, 24576, 335.56
2026/08/10 18:25:51.501, 0, 86, 23126, 24576, 337.75
2026/08/10 18:25:51.501, 1, 98, 21590, 24576, 227.43
2026/08/10 18:25:51.502, 2, 100, 23334, 24576, 211.61
2026/08/10 18:25:56.503, 0, 98, 13470, 24576, 335.92
2026/08/10 18:25:56.504, 1, 98, 12800, 24576, 307.47
2026/08/10 18:25:56.504, 2, 96, 23334, 24576, 320.12
2026/08/10 18:26:01.505, 0, 100, 23106, 24576, 333.39
2026/08/10 18:26:01.506, 1, 93, 20790, 24576, 290.32
2026/08/10 18:26:01.506, 2, 100, 23334, 24576, 317.69
2026/08/10 18:26:06.507, 0, 100, 23106, 24576, 338.39
2026/08/10 18:26:06.507, 1, 100, 20790, 24576, 301.44
2026/08/10 18:26:06.508, 2, 93, 23334, 24576, 314.98
2026/08/10 18:26:11.509, 0, 87, 23106, 24576, 338.18
2026/08/10 18:26:11.509, 1, 94, 21110, 24576, 320.99
2026/08/10 18:26:11.510, 2, 88, 23334, 24576, 321.12
2026/08/10 18:26:16.511, 0, 83, 21006, 24576, 335.46
2026/08/10 18:26:16.511, 1, 80, 20790, 24576, 297.41
2026/08/10 18:26:16.512, 2, 83, 23334, 24576, 327.05
2026/08/10 18:26:21.513, 0, 97, 21006, 24576, 270.04
2026/08/10 18:26:21.514, 1, 100, 20790, 24576, 297.52
2026/08/10 18:26:21.514, 2, 98, 23334, 24576, 304.96
2026/08/10 18:26:26.515, 0, 98, 21650, 24576, 336.71
2026/08/10 18:26:26.516, 1, 98, 13002, 24576, 297.03
2026/08/10 18:26:26.516, 2, 96, 13442, 24576, 314.82
2026/08/10 18:26:31.517, 0, 95, 23744, 24576, 312.66
2026/08/10 18:26:31.518, 1, 88, 23554, 24576, 302.99
2026/08/10 18:26:31.518, 2, 88, 23754, 24576, 304.06
2026/08/10 18:26:36.519, 0, 88, 21824, 24576, 308.58
2026/08/10 18:26:36.520, 1, 84, 21414, 24576, 292.92
2026/08/10 18:26:36.520, 2, 89, 23034, 24576, 315.20
2026/08/10 18:26:41.521, 0, 88, 21824, 24576, 312.09
2026/08/10 18:26:41.521, 1, 100, 21414, 24576, 298.86
2026/08/10 18:26:41.525, 2, 88, 23034, 24576, 318.11
2026/08/10 18:26:46.526, 0, 79, 21824, 24576, 334.21
2026/08/10 18:26:46.526, 1, 81, 21414, 24576, 301.74
2026/08/10 18:26:46.527, 2, 79, 23034, 24576, 320.43
2026/08/10 18:26:51.528, 0, 100, 21824, 24576, 198.91
2026/08/10 18:26:51.528, 1, 98, 21414, 24576, 274.10
2026/08/10 18:26:51.529, 2, 84, 23034, 24576, 321.76
2026/08/10 18:26:56.530, 0, 100, 13330, 24576, 338.42
2026/08/10 18:26:56.531, 1, 98, 12862, 24576, 300.35
2026/08/10 18:26:56.531, 2, 100, 14002, 24576, 316.31
2026/08/10 18:27:01.532, 0, 85, 21444, 24576, 308.99
2026/08/10 18:27:01.532, 1, 89, 23034, 24576, 288.93
2026/08/10 18:27:01.533, 2, 88, 23554, 24576, 323.51
2026/08/10 18:27:06.533, 0, 84, 21444, 24576, 311.32
2026/08/10 18:27:06.534, 1, 88, 23034, 24576, 304.58
2026/08/10 18:27:06.535, 2, 88, 23554, 24576, 320.88
2026/08/10 18:27:11.536, 0, 88, 21444, 24576, 315.37
2026/08/10 18:27:11.537, 1, 94, 23034, 24576, 293.05
2026/08/10 18:27:11.537, 2, 97, 23554, 24576, 314.94
2026/08/10 18:27:16.538, 0, 80, 20484, 24576, 334.36
2026/08/10 18:27:16.542, 1, 82, 23034, 24576, 308.67
2026/08/10 18:27:16.543, 2, 82, 23554, 24576, 314.86
2026/08/10 18:27:21.544, 0, 98, 20484, 24576, 341.11
2026/08/10 18:27:21.544, 1, 100, 23034, 24576, 274.47
2026/08/10 18:27:21.545, 2, 98, 23554, 24576, 281.15
2026/08/10 18:27:26.546, 0, 98, 13570, 24576, 339.61
2026/08/10 18:27:26.546, 1, 98, 13138, 24576, 292.55
2026/08/10 18:27:26.547, 2, 100, 14342, 24576, 301.94
2026/08/10 18:27:31.547, 0, 100, 21418, 24576, 220.57
2026/08/10 18:27:31.548, 1, 100, 20964, 24576, 227.19
2026/08/10 18:27:31.549, 2, 94, 22826, 24576, 282.06
2026/08/10 18:27:36.550, 0, 100, 21506, 24576, 306.43
2026/08/10 18:27:36.550, 1, 88, 22652, 24576, 314.03
2026/08/10 18:27:36.551, 2, 100, 23574, 24576, 326.90
2026/08/10 18:27:41.552, 0, 90, 21506, 24576, 292.27
2026/08/10 18:27:41.553, 1, 97, 22652, 24576, 292.83
2026/08/10 18:27:41.553, 2, 100, 23574, 24576, 308.39
2026/08/10 18:27:46.554, 0, 80, 21506, 24576, 276.40
2026/08/10 18:27:46.555, 1, 79, 22652, 24576, 266.21
2026/08/10 18:27:46.555, 2, 81, 23574, 24576, 284.86
2026/08/10 18:27:51.556, 0, 0, 21506, 24576, 309.03
2026/08/10 18:27:51.557, 1, 86, 22652, 24576, 310.27
2026/08/10 18:27:51.557, 2, 83, 23574, 24576, 322.33
2026/08/10 18:27:56.558, 0, 91, 14410, 24576, 300.65
2026/08/10 18:27:56.559, 1, 100, 22552, 24576, 298.77
2026/08/10 18:27:56.560, 2, 94, 13002, 24576, 281.87
2026/08/10 18:28:01.561, 0, 100, 14410, 24576, 324.75
2026/08/10 18:28:01.561, 1, 100, 13302, 24576, 300.23
2026/08/10 18:28:01.562, 2, 98, 13002, 24576, 311.10
2026/08/10 18:28:06.562, 0, 88, 20886, 24576, 308.74
2026/08/10 18:28:06.563, 1, 87, 23734, 24576, 303.45
2026/08/10 18:28:06.564, 2, 100, 23034, 24576, 338.43
2026/08/10 18:28:11.565, 0, 84, 21226, 24576, 309.76
2026/08/10 18:28:11.565, 1, 88, 23734, 24576, 307.19
2026/08/10 18:28:11.566, 2, 88, 23034, 24576, 338.66
2026/08/10 18:28:16.566, 0, 100, 22886, 24576, 312.26
2026/08/10 18:28:16.567, 1, 100, 23734, 24576, 308.98
2026/08/10 18:28:16.567, 2, 88, 23914, 24576, 336.40
2026/08/10 18:28:21.568, 0, 80, 22886, 24576, 337.92
2026/08/10 18:28:21.569, 1, 83, 23734, 24576, 301.36
2026/08/10 18:28:21.569, 2, 82, 20854, 24576, 327.61
2026/08/10 18:28:26.570, 0, 98, 22886, 24576, 239.63
2026/08/10 18:28:26.571, 1, 98, 23734, 24576, 302.93
2026/08/10 18:28:26.571, 2, 99, 20854, 24576, 292.11
2026/08/10 18:28:31.574, 0, 98, 23470, 24576, 337.36
2026/08/10 18:28:31.575, 1, 98, 18282, 24576, 314.26
2026/08/10 18:28:31.575, 2, 98, 21402, 24576, 310.91
2026/08/10 18:28:36.576, 0, 100, 22686, 24576, 314.42
2026/08/10 18:28:36.577, 1, 100, 22794, 24576, 312.60
2026/08/10 18:28:36.578, 2, 94, 22434, 24576, 317.09
2026/08/10 18:28:41.578, 0, 100, 20986, 24576, 301.83
2026/08/10 18:28:41.579, 1, 89, 23434, 24576, 314.10
2026/08/10 18:28:41.580, 2, 100, 23154, 24576, 323.70
2026/08/10 18:28:46.580, 0, 89, 20986, 24576, 303.67
2026/08/10 18:28:46.581, 1, 88, 23434, 24576, 308.71
2026/08/10 18:28:46.581, 2, 89, 23154, 24576, 321.57
2026/08/10 18:28:51.582, 0, 80, 22686, 24576, 337.13
2026/08/10 18:28:51.583, 1, 84, 23434, 24576, 259.16
2026/08/10 18:28:51.583, 2, 83, 23154, 24576, 317.27
2026/08/10 18:28:56.585, 0, 82, 22686, 24576, 340.67
2026/08/10 18:28:56.585, 1, 83, 23434, 24576, 298.93
2026/08/10 18:28:56.586, 2, 82, 23154, 24576, 319.24
2026/08/10 18:29:01.586, 0, 98, 13530, 24576, 338.63
2026/08/10 18:29:01.587, 1, 98, 12742, 24576, 316.45
2026/08/10 18:29:01.588, 2, 97, 23154, 24576, 311.23
2026/08/10 18:29:06.588, 0, 94, 23208, 24576, 245.12
2026/08/10 18:29:06.589, 1, 93, 22634, 24576, 300.33
2026/08/10 18:29:06.590, 2, 93, 20390, 24576, 230.84
2026/08/10 18:29:11.591, 0, 100, 23626, 24576, 320.93
2026/08/10 18:29:11.591, 1, 98, 23014, 24576, 327.87
2026/08/10 18:29:11.592, 2, 97, 20452, 24576, 307.75
2026/08/10 18:29:16.593, 0, 100, 23626, 24576, 332.01
2026/08/10 18:29:16.593, 1, 100, 23014, 24576, 336.97
2026/08/10 18:29:16.594, 2, 100, 20452, 24576, 303.52
2026/08/10 18:29:21.595, 0, 80, 21466, 24576, 336.84
2026/08/10 18:29:21.596, 1, 82, 21134, 24576, 319.72
2026/08/10 18:29:21.596, 2, 81, 22552, 24576, 336.22
2026/08/10 18:29:26.598, 0, 79, 21466, 24576, 339.03
2026/08/10 18:29:26.599, 1, 84, 21134, 24576, 315.34
2026/08/10 18:29:26.599, 2, 80, 22552, 24576, 316.65
2026/08/10 18:29:31.600, 0, 100, 13570, 24576, 337.41
2026/08/10 18:29:31.601, 1, 100, 13322, 24576, 320.89
2026/08/10 18:29:31.601, 2, 98, 12902, 24576, 330.97
2026/08/10 18:29:36.602, 0, 100, 13570, 24576, 258.33
2026/08/10 18:29:36.602, 1, 98, 13342, 24576, 305.71
2026/08/10 18:29:36.603, 2, 98, 13282, 24576, 321.97
2026/08/10 18:29:41.604, 0, 92, 24008, 24576, 340.87
2026/08/10 18:29:41.604, 1, 100, 23776, 24576, 320.29
2026/08/10 18:29:41.605, 2, 89, 23636, 24576, 333.06
2026/08/10 18:29:46.605, 0, 88, 24008, 24576, 340.34
2026/08/10 18:29:46.606, 1, 88, 23776, 24576, 312.05
2026/08/10 18:29:46.607, 2, 88, 23636, 24576, 325.97
2026/08/10 18:29:51.608, 0, 82, 21788, 24576, 284.36
2026/08/10 18:29:51.609, 1, 80, 23776, 24576, 288.52
2026/08/10 18:29:51.609, 2, 83, 23636, 24576, 276.32
2026/08/10 18:29:56.610, 0, 81, 21788, 24576, 337.40
2026/08/10 18:29:56.611, 1, 83, 23776, 24576, 307.53
2026/08/10 18:29:56.611, 2, 78, 23636, 24576, 324.90
2026/08/10 18:30:01.612, 0, 98, 21788, 24576, 338.20
2026/08/10 18:30:01.613, 1, 87, 12814, 24576, 292.40
2026/08/10 18:30:01.613, 2, 86, 13900, 24576, 281.73
2026/08/10 18:30:06.614, 0, 100, 21788, 24576, 334.98
2026/08/10 18:30:06.614, 1, 98, 12842, 24576, 307.37
2026/08/10 18:30:06.615, 2, 98, 13940, 24576, 301.70
2026/08/10 18:30:11.616, 0, 87, 23970, 24576, 337.23
2026/08/10 18:30:11.616, 1, 88, 21470, 24576, 317.84
2026/08/10 18:30:11.617, 2, 100, 23314, 24576, 320.40
2026/08/10 18:30:16.618, 0, 91, 23970, 24576, 334.49
2026/08/10 18:30:16.619, 1, 99, 20790, 24576, 313.39
2026/08/10 18:30:16.619, 2, 88, 23314, 24576, 320.92
2026/08/10 18:30:21.620, 0, 100, 23970, 24576, 338.74
2026/08/10 18:30:21.621, 1, 100, 20490, 24576, 314.50
2026/08/10 18:30:21.621, 2, 100, 23314, 24576, 320.58
2026/08/10 18:30:26.622, 0, 83, 23970, 24576, 336.49
2026/08/10 18:30:26.623, 1, 79, 20490, 24576, 331.76
2026/08/10 18:30:26.623, 2, 82, 23314, 24576, 333.13
2026/08/10 18:30:31.624, 0, 98, 23970, 24576, 306.34
2026/08/10 18:30:31.625, 1, 98, 20490, 24576, 298.19
2026/08/10 18:30:31.625, 2, 98, 23314, 24576, 332.66
2026/08/10 18:30:36.626, 0, 97, 13430, 24576, 335.39
2026/08/10 18:30:36.627, 1, 97, 21682, 24576, 325.37
2026/08/10 18:30:36.627, 2, 98, 13002, 24576, 330.18
2026/08/10 18:30:41.628, 0, 100, 22614, 24576, 274.54
2026/08/10 18:30:41.628, 1, 95, 23016, 24576, 261.45
2026/08/10 18:30:41.629, 2, 100, 23500, 24576, 317.46
2026/08/10 18:30:46.630, 0, 93, 22664, 24576, 296.72
2026/08/10 18:30:46.631, 1, 97, 23072, 24576, 291.32
2026/08/10 18:30:46.632, 2, 91, 23216, 24576, 309.54
2026/08/10 18:30:51.633, 0, 89, 20944, 24576, 296.52
2026/08/10 18:30:51.634, 1, 89, 23072, 24576, 314.17
2026/08/10 18:30:51.634, 2, 89, 23216, 24576, 327.42
2026/08/10 18:30:56.635, 0, 80, 20604, 24576, 330.56
2026/08/10 18:30:56.635, 1, 82, 23072, 24576, 331.00
2026/08/10 18:30:56.636, 2, 81, 23216, 24576, 332.19
2026/08/10 18:31:01.637, 0, 81, 20604, 24576, 334.44
2026/08/10 18:31:01.637, 1, 83, 23072, 24576, 309.99
2026/08/10 18:31:01.638, 2, 85, 23216, 24576, 326.00
2026/08/10 18:31:06.638, 0, 98, 20604, 24576, 338.08
2026/08/10 18:31:06.639, 1, 98, 12902, 24576, 293.25
2026/08/10 18:31:06.640, 2, 97, 15964, 24576, 286.92
2026/08/10 18:31:11.641, 0, 55, 20604, 24576, 292.92
2026/08/10 18:31:11.641, 1, 98, 13282, 24576, 298.66
2026/08/10 18:31:11.642, 2, 100, 13024, 24576, 316.67
2026/08/10 18:31:16.643, 0, 100, 22086, 24576, 301.69
2026/08/10 18:31:16.644, 1, 97, 22872, 24576, 297.60
2026/08/10 18:31:16.645, 2, 100, 22196, 24576, 320.27
2026/08/10 18:31:21.645, 0, 100, 23266, 24576, 311.00
2026/08/10 18:31:21.646, 1, 90, 22872, 24576, 315.11
2026/08/10 18:31:21.647, 2, 100, 23336, 24576, 327.94
2026/08/10 18:31:26.648, 0, 88, 23266, 24576, 301.77
2026/08/10 18:31:26.648, 1, 100, 22872, 24576, 318.42
2026/08/10 18:31:26.649, 2, 94, 23336, 24576, 330.31
2026/08/10 18:31:31.649, 0, 82, 23266, 24576, 338.21
2026/08/10 18:31:31.650, 1, 82, 22872, 24576, 313.48
2026/08/10 18:31:31.650, 2, 80, 23336, 24576, 320.93
2026/08/10 18:31:36.651, 0, 98, 23266, 24576, 289.96
2026/08/10 18:31:36.652, 1, 98, 22872, 24576, 252.67
2026/08/10 18:31:36.653, 2, 98, 23336, 24576, 322.64
2026/08/10 18:31:41.654, 0, 98, 23266, 24576, 338.84
2026/08/10 18:31:41.655, 1, 98, 12862, 24576, 310.40
2026/08/10 18:31:41.655, 2, 100, 23336, 24576, 312.21
2026/08/10 18:31:46.656, 0, 100, 22010, 24576, 268.39
2026/08/10 18:31:46.659, 1, 100, 22316, 24576, 282.53
2026/08/10 18:31:46.659, 2, 94, 21976, 24576, 289.04
2026/08/10 18:31:51.660, 0, 85, 22068, 24576, 292.55
2026/08/10 18:31:51.660, 1, 95, 22712, 24576, 303.89
2026/08/10 18:31:51.661, 2, 100, 22036, 24576, 309.55
2026/08/10 18:31:56.662, 0, 87, 22068, 24576, 311.21
2026/08/10 18:31:56.662, 1, 89, 20712, 24576, 297.14
2026/08/10 18:31:56.663, 2, 100, 24256, 24576, 323.08
2026/08/10 18:32:01.664, 0, 82, 22068, 24576, 329.58
2026/08/10 18:32:01.664, 1, 79, 20712, 24576, 325.45
2026/08/10 18:32:01.665, 2, 82, 24256, 24576, 328.83
2026/08/10 18:32:06.666, 0, 56, 22068, 24576, 329.33
2026/08/10 18:32:06.667, 1, 82, 20712, 24576, 301.42
2026/08/10 18:32:06.667, 2, 83, 24256, 24576, 317.89
2026/08/10 18:32:11.668, 0, 98, 14370, 24576, 341.66
2026/08/10 18:32:11.669, 1, 98, 20712, 24576, 302.43
2026/08/10 18:32:11.670, 2, 98, 21282, 24576, 328.56
2026/08/10 18:32:16.670, 0, 40, 14370, 24576, 315.33
2026/08/10 18:32:16.671, 1, 100, 20712, 24576, 260.46
2026/08/10 18:32:16.671, 2, 98, 14078, 24576, 320.90
2026/08/10 18:32:21.672, 0, 98, 22184, 24576, 319.80
2026/08/10 18:32:21.673, 1, 88, 22092, 24576, 316.85
2026/08/10 18:32:21.673, 2, 89, 23454, 24576, 304.86
2026/08/10 18:32:26.674, 0, 88, 22184, 24576, 319.13
2026/08/10 18:32:26.675, 1, 88, 22092, 24576, 305.01
2026/08/10 18:32:26.675, 2, 100, 23454, 24576, 325.61
2026/08/10 18:32:31.677, 0, 83, 22184, 24576, 281.17
2026/08/10 18:32:31.677, 1, 82, 22092, 24576, 294.15
2026/08/10 18:32:31.678, 2, 82, 23454, 24576, 288.88
2026/08/10 18:32:36.679, 0, 84, 22184, 24576, 339.17
2026/08/10 18:32:36.680, 1, 83, 22092, 24576, 308.57
2026/08/10 18:32:36.680, 2, 83, 23454, 24576, 315.93
2026/08/10 18:32:41.681, 0, 97, 13570, 24576, 299.51
2026/08/10 18:32:41.682, 1, 100, 13922, 24576, 285.14
2026/08/10 18:32:41.682, 2, 94, 14542, 24576, 287.08
2026/08/10 18:32:46.683, 0, 98, 13570, 24576, 335.90
2026/08/10 18:32:46.683, 1, 98, 21116, 24576, 326.95
2026/08/10 18:32:46.684, 2, 98, 19638, 24576, 307.78
2026/08/10 18:32:51.685, 0, 94, 21668, 24576, 323.69
2026/08/10 18:32:51.685, 1, 89, 20652, 24576, 302.70
2026/08/10 18:32:51.686, 2, 97, 22350, 24576, 315.14
2026/08/10 18:32:56.686, 0, 95, 23868, 24576, 328.05
2026/08/10 18:32:56.687, 1, 94, 22692, 24576, 307.83
2026/08/10 18:32:56.688, 2, 93, 20350, 24576, 285.40
2026/08/10 18:33:01.690, 0, 67, 21668, 24576, 283.11
2026/08/10 18:33:01.690, 1, 79, 20652, 24576, 284.52
2026/08/10 18:33:01.691, 2, 87, 22350, 24576, 262.24
2026/08/10 18:33:06.692, 0, 83, 21668, 24576, 336.28
2026/08/10 18:33:06.693, 1, 83, 20652, 24576, 324.08
2026/08/10 18:33:06.693, 2, 84, 22350, 24576, 337.79
2026/08/10 18:33:11.694, 0, 98, 23468, 24576, 337.82
2026/08/10 18:33:11.695, 1, 98, 23472, 24576, 303.96
2026/08/10 18:33:11.695, 2, 97, 22350, 24576, 329.45
2026/08/10 18:33:16.696, 0, 89, 12750, 24576, 297.89
2026/08/10 18:33:16.696, 1, 98, 13022, 24576, 304.73
2026/08/10 18:33:16.697, 2, 100, 13322, 24576, 307.99
2026/08/10 18:33:21.698, 0, 100, 23428, 24576, 333.60
2026/08/10 18:33:21.698, 1, 89, 23874, 24576, 317.98
2026/08/10 18:33:21.699, 2, 97, 23614, 24576, 318.69
2026/08/10 18:33:26.700, 0, 100, 23088, 24576, 323.78
2026/08/10 18:33:26.701, 1, 82, 23454, 24576, 311.14
2026/08/10 18:33:26.701, 2, 100, 23614, 24576, 323.68
2026/08/10 18:33:31.702, 0, 89, 23088, 24576, 327.96
2026/08/10 18:33:31.703, 1, 89, 23454, 24576, 316.45
2026/08/10 18:33:31.703, 2, 100, 23614, 24576, 330.45
2026/08/10 18:33:36.704, 0, 84, 23088, 24576, 336.72
2026/08/10 18:33:36.705, 1, 82, 23454, 24576, 314.74
2026/08/10 18:33:36.706, 2, 85, 23614, 24576, 324.43
2026/08/10 18:33:41.706, 0, 98, 23088, 24576, 244.54
2026/08/10 18:33:41.707, 1, 100, 23454, 24576, 310.34
2026/08/10 18:33:41.707, 2, 98, 23614, 24576, 298.79
2026/08/10 18:33:46.708, 0, 97, 13290, 24576, 337.74
2026/08/10 18:33:46.709, 1, 98, 13322, 24576, 296.74
2026/08/10 18:33:46.709, 2, 100, 21102, 24576, 312.22
2026/08/10 18:33:51.710, 0, 100, 22266, 24576, 305.19
2026/08/10 18:33:51.711, 1, 100, 22752, 24576, 312.11
2026/08/10 18:33:51.712, 2, 88, 22732, 24576, 338.03
2026/08/10 18:33:56.713, 0, 88, 22266, 24576, 323.77
2026/08/10 18:33:56.714, 1, 87, 22752, 24576, 302.68
2026/08/10 18:33:56.714, 2, 89, 22732, 24576, 328.86
2026/08/10 18:34:01.715, 0, 97, 21666, 24576, 313.57
2026/08/10 18:34:01.719, 1, 100, 22752, 24576, 300.59
2026/08/10 18:34:01.719, 2, 94, 21532, 24576, 309.27
2026/08/10 18:34:06.720, 0, 81, 22266, 24576, 336.50
2026/08/10 18:34:06.721, 1, 82, 22752, 24576, 309.28
2026/08/10 18:34:06.721, 2, 81, 22732, 24576, 321.01
2026/08/10 18:34:11.722, 0, 97, 22266, 24576, 287.13
2026/08/10 18:34:11.722, 1, 86, 22752, 24576, 307.72
2026/08/10 18:34:11.723, 2, 100, 22732, 24576, 323.05
2026/08/10 18:34:16.724, 0, 100, 13450, 24576, 338.96
2026/08/10 18:34:16.725, 1, 98, 13042, 24576, 294.10
2026/08/10 18:34:16.726, 2, 100, 18082, 24576, 312.50
2026/08/10 18:34:21.727, 0, 89, 23288, 24576, 315.39
2026/08/10 18:34:21.728, 1, 88, 20834, 24576, 299.98
2026/08/10 18:34:21.728, 2, 91, 20934, 24576, 313.19
2026/08/10 18:34:26.729, 0, 88, 23288, 24576, 317.42
2026/08/10 18:34:26.730, 1, 85, 20834, 24576, 300.92
2026/08/10 18:34:26.730, 2, 91, 20934, 24576, 302.29
2026/08/10 18:34:31.731, 0, 94, 23288, 24576, 323.93
2026/08/10 18:34:31.732, 1, 87, 20834, 24576, 305.33
2026/08/10 18:34:31.732, 2, 95, 20934, 24576, 300.29
2026/08/10 18:34:36.733, 0, 81, 23288, 24576, 337.77
2026/08/10 18:34:36.733, 1, 82, 20834, 24576, 305.50
2026/08/10 18:34:36.734, 2, 83, 20934, 24576, 322.08
2026/08/10 18:34:41.735, 0, 85, 23288, 24576, 339.48
2026/08/10 18:34:41.735, 1, 83, 20834, 24576, 306.20
2026/08/10 18:34:41.736, 2, 83, 20934, 24576, 312.19
2026/08/10 18:34:46.737, 0, 98, 13590, 24576, 335.20
2026/08/10 18:34:46.738, 1, 100, 20834, 24576, 295.86
2026/08/10 18:34:46.738, 2, 98, 20934, 24576, 314.85
2026/08/10 18:34:51.739, 0, 98, 13590, 24576, 327.08
2026/08/10 18:34:51.740, 1, 100, 20834, 24576, 215.83
2026/08/10 18:34:51.740, 2, 100, 20934, 24576, 175.52
2026/08/10 18:34:56.741, 0, 100, 23370, 24576, 335.67
2026/08/10 18:34:56.742, 1, 89, 23534, 24576, 325.61
2026/08/10 18:34:56.742, 2, 89, 23434, 24576, 319.72
2026/08/10 18:35:01.743, 0, 100, 23370, 24576, 337.15
2026/08/10 18:35:01.744, 1, 100, 23534, 24576, 326.65
2026/08/10 18:35:01.744, 2, 100, 23434, 24576, 323.45
2026/08/10 18:35:06.745, 0, 24, 23370, 24576, 286.72
2026/08/10 18:35:06.746, 1, 24, 21334, 24576, 282.42
2026/08/10 18:35:06.746, 2, 62, 23434, 24576, 282.49
2026/08/10 18:35:11.748, 0, 84, 23370, 24576, 336.79
2026/08/10 18:35:11.748, 1, 85, 21334, 24576, 302.61
2026/08/10 18:35:11.749, 2, 83, 23434, 24576, 321.45
2026/08/10 18:35:16.750, 0, 98, 24190, 24576, 335.23
2026/08/10 18:35:16.751, 1, 98, 21334, 24576, 299.35
2026/08/10 18:35:16.751, 2, 98, 24114, 24576, 336.32
2026/08/10 18:35:21.752, 0, 100, 13452, 24576, 334.45
2026/08/10 18:35:21.753, 1, 100, 21334, 24576, 293.60
2026/08/10 18:35:21.753, 2, 98, 13218, 24576, 332.57
2026/08/10 18:35:26.754, 0, 97, 21806, 24576, 308.64
2026/08/10 18:35:26.755, 1, 96, 21656, 24576, 301.28
2026/08/10 18:35:26.755, 2, 100, 22832, 24576, 319.88
2026/08/10 18:35:31.756, 0, 94, 21806, 24576, 292.04
2026/08/10 18:35:31.757, 1, 97, 21656, 24576, 300.29
2026/08/10 18:35:31.757, 2, 97, 22832, 24576, 311.64
2026/08/10 18:35:36.758, 0, 88, 22506, 24576, 309.94
2026/08/10 18:35:36.759, 1, 100, 23856, 24576, 303.02
2026/08/10 18:35:36.761, 2, 100, 22832, 24576, 295.49
2026/08/10 18:35:41.761, 0, 82, 21806, 24576, 334.52
2026/08/10 18:35:41.762, 1, 82, 21656, 24576, 301.83
2026/08/10 18:35:41.763, 2, 80, 22832, 24576, 335.79
2026/08/10 18:35:46.763, 0, 80, 21806, 24576, 336.90
2026/08/10 18:35:46.764, 1, 83, 21656, 24576, 304.93
2026/08/10 18:35:46.764, 2, 81, 22832, 24576, 337.38
2026/08/10 18:35:51.765, 0, 98, 13590, 24576, 336.81
2026/08/10 18:35:51.766, 1, 98, 12840, 24576, 302.44
2026/08/10 18:35:51.766, 2, 98, 13322, 24576, 319.84
2026/08/10 18:35:56.767, 0, 97, 13590, 24576, 333.64
2026/08/10 18:35:56.768, 1, 100, 12840, 24576, 204.19
2026/08/10 18:35:56.768, 2, 100, 13342, 24576, 178.09
2026/08/10 18:36:01.769, 0, 100, 24030, 24576, 339.40
2026/08/10 18:36:01.770, 1, 89, 21930, 24576, 326.95
2026/08/10 18:36:01.770, 2, 100, 22992, 24576, 316.57
2026/08/10 18:36:06.771, 0, 100, 24030, 24576, 324.84
2026/08/10 18:36:06.772, 1, 96, 21930, 24576, 307.99
2026/08/10 18:36:06.772, 2, 97, 22992, 24576, 304.38
2026/08/10 18:36:11.773, 0, 14, 24030, 24576, 309.45
2026/08/10 18:36:11.782, 1, 37, 19950, 24576, 271.43
2026/08/10 18:36:11.783, 2, 83, 22992, 24576, 276.06
2026/08/10 18:36:16.784, 0, 82, 24030, 24576, 335.73
2026/08/10 18:36:16.784, 1, 82, 19950, 24576, 304.72
2026/08/10 18:36:16.785, 2, 82, 22992, 24576, 335.93
2026/08/10 18:36:21.786, 0, 98, 24030, 24576, 336.15
2026/08/10 18:36:21.786, 1, 100, 24230, 24576, 310.76
2026/08/10 18:36:21.787, 2, 98, 22992, 24576, 325.36
2026/08/10 18:36:26.788, 0, 97, 13670, 24576, 335.18
2026/08/10 18:36:26.789, 1, 99, 13282, 24576, 300.19
2026/08/10 18:36:26.789, 2, 98, 22992, 24576, 315.89
2026/08/10 18:36:31.790, 0, 96, 22664, 24576, 330.37
2026/08/10 18:36:31.791, 1, 100, 22932, 24576, 320.54
2026/08/10 18:36:31.791, 2, 100, 23494, 24576, 340.56
2026/08/10 18:36:36.792, 0, 100, 22664, 24576, 327.85
2026/08/10 18:36:36.793, 1, 100, 22932, 24576, 308.54
2026/08/10 18:36:36.793, 2, 98, 23494, 24576, 333.26
2026/08/10 18:36:41.794, 0, 81, 22664, 24576, 295.98
2026/08/10 18:36:41.795, 1, 80, 22932, 24576, 294.06
2026/08/10 18:36:41.795, 2, 83, 23494, 24576, 289.49
2026/08/10 18:36:46.796, 0, 84, 22664, 24576, 337.39
2026/08/10 18:36:46.798, 1, 83, 22932, 24576, 301.53
2026/08/10 18:36:46.799, 2, 85, 23494, 24576, 321.25
2026/08/10 18:36:51.800, 0, 98, 18052, 24576, 295.20
2026/08/10 18:36:51.801, 1, 98, 14062, 24576, 274.33
2026/08/10 18:36:51.801, 2, 98, 16162, 24576, 288.25
2026/08/10 18:36:56.802, 0, 98, 23392, 24576, 335.87
2026/08/10 18:36:56.802, 1, 98, 14038, 24576, 309.67
2026/08/10 18:36:56.803, 2, 98, 17838, 24576, 295.09
2026/08/10 18:37:01.803, 0, 95, 23446, 24576, 319.59
2026/08/10 18:37:01.804, 1, 88, 22874, 24576, 320.53
2026/08/10 18:37:01.805, 2, 100, 22274, 24576, 309.74
2026/08/10 18:37:06.806, 0, 100, 23446, 24576, 326.16
2026/08/10 18:37:06.807, 1, 94, 22874, 24576, 320.19
2026/08/10 18:37:06.807, 2, 100, 22274, 24576, 324.98
2026/08/10 18:37:11.808, 0, 100, 23446, 24576, 325.52
2026/08/10 18:37:11.809, 1, 100, 22874, 24576, 321.45
2026/08/10 18:37:11.810, 2, 100, 22274, 24576, 316.77
2026/08/10 18:37:16.811, 0, 80, 23446, 24576, 334.91
2026/08/10 18:37:16.811, 1, 82, 22874, 24576, 247.88
2026/08/10 18:37:16.812, 2, 83, 22274, 24576, 335.03
2026/08/10 18:37:21.813, 0, 98, 23446, 24576, 320.19
2026/08/10 18:37:21.813, 1, 98, 22874, 24576, 306.10
2026/08/10 18:37:21.814, 2, 98, 22274, 24576, 312.39
2026/08/10 18:37:26.815, 0, 98, 23446, 24576, 335.05
2026/08/10 18:37:26.815, 1, 98, 13042, 24576, 299.06
2026/08/10 18:37:26.816, 2, 98, 18042, 24576, 321.19
2026/08/10 18:37:31.817, 0, 100, 21932, 24576, 264.79
2026/08/10 18:37:31.817, 1, 100, 23238, 24576, 274.44
2026/08/10 18:37:31.818, 2, 100, 23098, 24576, 311.64
2026/08/10 18:37:36.818, 0, 92, 21990, 24576, 313.74
2026/08/10 18:37:36.819, 1, 96, 23654, 24576, 316.71
2026/08/10 18:37:36.820, 2, 97, 23856, 24576, 315.67
2026/08/10 18:37:41.821, 0, 100, 24090, 24576, 337.02
2026/08/10 18:37:41.821, 1, 88, 21454, 24576, 306.65
2026/08/10 18:37:41.822, 2, 100, 21736, 24576, 322.36
2026/08/10 18:37:46.823, 0, 80, 24090, 24576, 331.74
2026/08/10 18:37:46.824, 1, 79, 21454, 24576, 320.30
2026/08/10 18:37:46.824, 2, 83, 21736, 24576, 332.82
2026/08/10 18:37:51.825, 0, 83, 24090, 24576, 338.12
2026/08/10 18:37:51.826, 1, 83, 21454, 24576, 308.17
2026/08/10 18:37:51.826, 2, 83, 21736, 24576, 324.77
2026/08/10 18:37:56.827, 0, 98, 21590, 24576, 330.45
2026/08/10 18:37:56.828, 1, 98, 13002, 24576, 288.74
2026/08/10 18:37:56.828, 2, 98, 21736, 24576, 311.70
2026/08/10 18:38:01.829, 0, 96, 17610, 24576, 326.24
2026/08/10 18:38:01.829, 1, 98, 13002, 24576, 295.72
2026/08/10 18:38:01.830, 2, 100, 21736, 24576, 302.20
2026/08/10 18:38:06.831, 0, 98, 23466, 24576, 315.03
2026/08/10 18:38:06.832, 1, 96, 21536, 24576, 294.52
2026/08/10 18:38:06.833, 2, 100, 21736, 24576, 321.72
2026/08/10 18:38:11.833, 0, 89, 23466, 24576, 308.13
2026/08/10 18:38:11.834, 1, 90, 21536, 24576, 303.30
2026/08/10 18:38:11.835, 2, 94, 21736, 24576, 312.33
2026/08/10 18:38:16.835, 0, 93, 23466, 24576, 298.98
2026/08/10 18:38:16.836, 1, 96, 21536, 24576, 299.75
2026/08/10 18:38:16.837, 2, 91, 21736, 24576, 305.95
2026/08/10 18:38:21.838, 0, 84, 23466, 24576, 337.17
2026/08/10 18:38:21.838, 1, 79, 21536, 24576, 304.98
2026/08/10 18:38:21.839, 2, 83, 21736, 24576, 325.14
2026/08/10 18:38:26.839, 0, 98, 23466, 24576, 339.92
2026/08/10 18:38:26.840, 1, 98, 21536, 24576, 301.10
2026/08/10 18:38:26.840, 2, 98, 21736, 24576, 332.16
2026/08/10 18:38:31.841, 0, 99, 18570, 24576, 321.15
2026/08/10 18:38:31.842, 1, 98, 23782, 24576, 297.64
2026/08/10 18:38:31.842, 2, 98, 21736, 24576, 305.07
2026/08/10 18:38:36.843, 0, 100, 20726, 24576, 325.26
2026/08/10 18:38:36.844, 1, 100, 20754, 24576, 291.11
2026/08/10 18:38:36.845, 2, 100, 23294, 24576, 328.32
2026/08/10 18:38:41.845, 0, 100, 20726, 24576, 311.38
2026/08/10 18:38:41.846, 1, 100, 20754, 24576, 307.50
2026/08/10 18:38:41.847, 2, 100, 23294, 24576, 328.42
2026/08/10 18:38:46.847, 0, 100, 20726, 24576, 304.95
2026/08/10 18:38:46.848, 1, 100, 20754, 24576, 286.10
2026/08/10 18:38:46.849, 2, 100, 23294, 24576, 318.13
2026/08/10 18:38:51.850, 0, 81, 22686, 24576, 336.57
2026/08/10 18:38:51.850, 1, 81, 22814, 24576, 310.14
2026/08/10 18:38:51.851, 2, 83, 23294, 24576, 328.75
2026/08/10 18:38:56.851, 0, 100, 22686, 24576, 339.02
2026/08/10 18:38:56.852, 1, 100, 22814, 24576, 232.74
2026/08/10 18:38:56.852, 2, 98, 23294, 24576, 286.72
2026/08/10 18:39:01.853, 0, 98, 13590, 24576, 338.42
2026/08/10 18:39:01.854, 1, 98, 12800, 24576, 303.57
2026/08/10 18:39:01.855, 2, 98, 21522, 24576, 305.88
2026/08/10 18:39:06.855, 0, 89, 22008, 24576, 315.58
2026/08/10 18:39:06.856, 1, 93, 21110, 24576, 294.38
2026/08/10 18:39:06.857, 2, 89, 22954, 24576, 332.95
2026/08/10 18:39:11.858, 0, 88, 22008, 24576, 319.85
2026/08/10 18:39:11.859, 1, 88, 21110, 24576, 306.27
2026/08/10 18:39:11.860, 2, 100, 22954, 24576, 336.17
2026/08/10 18:39:16.861, 0, 88, 23868, 24576, 321.92
2026/08/10 18:39:16.861, 1, 88, 22710, 24576, 304.77
2026/08/10 18:39:16.862, 2, 100, 23974, 24576, 326.84
2026/08/10 18:39:21.863, 0, 79, 22008, 24576, 336.00
2026/08/10 18:39:21.863, 1, 82, 20790, 24576, 307.55
2026/08/10 18:39:21.864, 2, 82, 22954, 24576, 334.99
2026/08/10 18:39:26.865, 0, 85, 22008, 24576, 339.27
2026/08/10 18:39:26.865, 1, 85, 20790, 24576, 309.17
2026/08/10 18:39:26.866, 2, 100, 22954, 24576, 273.26
2026/08/10 18:39:31.867, 0, 100, 14630, 24576, 304.14
2026/08/10 18:39:31.868, 1, 98, 13024, 24576, 307.86
2026/08/10 18:39:31.868, 2, 98, 23102, 24576, 304.83
2026/08/10 18:39:36.869, 0, 100, 14630, 24576, 231.49
2026/08/10 18:39:36.870, 1, 98, 13024, 24576, 292.40
2026/08/10 18:39:36.871, 2, 98, 13218, 24576, 311.96
2026/08/10 18:39:41.871, 0, 100, 23386, 24576, 312.66
2026/08/10 18:39:41.873, 1, 100, 23956, 24576, 308.12
2026/08/10 18:39:41.873, 2, 85, 23476, 24576, 319.25
2026/08/10 18:39:46.874, 0, 89, 23386, 24576, 310.52
2026/08/10 18:39:46.874, 1, 93, 23956, 24576, 309.31
2026/08/10 18:39:46.875, 2, 100, 23476, 24576, 309.76
2026/08/10 18:39:51.876, 0, 27, 23386, 24576, 276.76
2026/08/10 18:39:51.876, 1, 38, 23956, 24576, 271.48
2026/08/10 18:39:51.877, 2, 24, 23476, 24576, 274.24
2026/08/10 18:39:56.878, 0, 84, 23386, 24576, 337.73
2026/08/10 18:39:56.878, 1, 84, 23956, 24576, 298.41
2026/08/10 18:39:56.881, 2, 84, 23476, 24576, 319.30
2026/08/10 18:40:01.882, 0, 98, 19626, 24576, 330.35
2026/08/10 18:40:01.883, 1, 100, 23956, 24576, 304.63
2026/08/10 18:40:01.883, 2, 97, 23476, 24576, 333.76
2026/08/10 18:40:06.884, 0, 98, 13430, 24576, 338.59
2026/08/10 18:40:06.885, 1, 98, 13042, 24576, 303.61
2026/08/10 18:40:06.885, 2, 98, 23476, 24576, 311.61
2026/08/10 18:40:11.886, 0, 95, 22948, 24576, 321.77
2026/08/10 18:40:11.886, 1, 100, 20672, 24576, 299.27
2026/08/10 18:40:11.887, 2, 100, 23476, 24576, 326.39
2026/08/10 18:40:16.888, 0, 99, 22948, 24576, 330.53
2026/08/10 18:40:16.888, 1, 100, 20672, 24576, 288.65
2026/08/10 18:40:16.889, 2, 100, 23476, 24576, 324.14
2026/08/10 18:40:21.890, 0, 100, 22948, 24576, 333.13
2026/08/10 18:40:21.890, 1, 100, 20672, 24576, 293.13
2026/08/10 18:40:21.891, 2, 100, 23476, 24576, 311.82
2026/08/10 18:40:26.892, 0, 81, 22948, 24576, 336.08
2026/08/10 18:40:26.893, 1, 82, 20672, 24576, 303.61
2026/08/10 18:40:26.893, 2, 82, 23476, 24576, 320.62
2026/08/10 18:40:31.894, 0, 100, 23608, 24576, 334.94
2026/08/10 18:40:31.895, 1, 98, 23992, 24576, 312.47
2026/08/10 18:40:31.895, 2, 98, 23476, 24576, 329.60
2026/08/10 18:40:36.896, 0, 98, 13990, 24576, 334.44
2026/08/10 18:40:36.897, 1, 98, 12862, 24576, 307.63
2026/08/10 18:40:36.897, 2, 98, 23476, 24576, 315.03
2026/08/10 18:40:41.898, 0, 88, 24194, 24576, 320.38
2026/08/10 18:40:41.898, 1, 88, 22232, 24576, 305.18
2026/08/10 18:40:41.899, 2, 89, 23476, 24576, 296.66
2026/08/10 18:40:46.900, 0, 100, 23268, 24576, 337.29
2026/08/10 18:40:46.900, 1, 89, 22552, 24576, 335.37
2026/08/10 18:40:46.901, 2, 100, 23476, 24576, 307.27
2026/08/10 18:40:51.902, 0, 100, 23268, 24576, 337.96
2026/08/10 18:40:51.903, 1, 100, 22552, 24576, 334.95
2026/08/10 18:40:51.903, 2, 100, 23476, 24576, 313.19
2026/08/10 18:40:56.904, 0, 84, 23268, 24576, 335.43
2026/08/10 18:40:56.905, 1, 80, 20572, 24576, 317.37
2026/08/10 18:40:56.905, 2, 82, 23476, 24576, 334.75
2026/08/10 18:41:01.906, 0, 85, 23268, 24576, 337.99
2026/08/10 18:41:01.907, 1, 85, 20572, 24576, 311.24
2026/08/10 18:41:01.907, 2, 83, 23476, 24576, 339.62
2026/08/10 18:41:06.908, 0, 97, 23690, 24576, 333.92
2026/08/10 18:41:06.909, 1, 97, 12942, 24576, 312.74
2026/08/10 18:41:06.909, 2, 98, 23476, 24576, 325.41
2026/08/10 18:41:11.910, 0, 100, 23690, 24576, 332.92
2026/08/10 18:41:11.910, 1, 100, 13322, 24576, 248.59
2026/08/10 18:41:11.911, 2, 100, 23476, 24576, 174.02
2026/08/10 18:41:16.912, 0, 93, 21128, 24576, 332.04
2026/08/10 18:41:16.912, 1, 96, 23554, 24576, 313.79
2026/08/10 18:41:16.913, 2, 100, 23476, 24576, 270.89
2026/08/10 18:41:21.914, 0, 94, 22048, 24576, 328.96
2026/08/10 18:41:21.914, 1, 97, 23554, 24576, 296.31
2026/08/10 18:41:21.915, 2, 100, 23476, 24576, 271.41
2026/08/10 18:41:26.916, 0, 22, 24168, 24576, 290.69
2026/08/10 18:41:26.917, 1, 20, 23554, 24576, 277.27
2026/08/10 18:41:26.917, 2, 21, 23476, 24576, 242.66
2026/08/10 18:41:31.918, 0, 86, 24168, 24576, 337.48
2026/08/10 18:41:31.919, 1, 85, 23554, 24576, 308.70
2026/08/10 18:41:31.919, 2, 82, 23476, 24576, 336.96
2026/08/10 18:41:36.920, 0, 97, 24168, 24576, 313.91
2026/08/10 18:41:36.920, 1, 98, 23554, 24576, 313.63
2026/08/10 18:41:36.921, 2, 98, 23476, 24576, 320.05
2026/08/10 18:41:41.922, 0, 98, 19990, 24576, 335.39
2026/08/10 18:41:41.922, 1, 98, 13042, 24576, 296.76
2026/08/10 18:41:41.923, 2, 98, 12982, 24576, 337.96
2026/08/10 18:41:46.926, 0, 95, 24130, 24576, 330.32
2026/08/10 18:41:46.927, 1, 100, 21814, 24576, 322.15
2026/08/10 18:41:46.927, 2, 91, 22192, 24576, 300.66
2026/08/10 18:41:51.928, 0, 96, 22110, 24576, 326.63
2026/08/10 18:41:51.929, 1, 100, 23534, 24576, 310.60
2026/08/10 18:41:51.929, 2, 100, 22532, 24576, 319.26
2026/08/10 18:41:56.930, 0, 88, 22110, 24576, 322.74
2026/08/10 18:41:56.930, 1, 86, 23534, 24576, 317.03
2026/08/10 18:41:56.931, 2, 100, 22532, 24576, 334.74
2026/08/10 18:42:01.932, 0, 83, 24130, 24576, 332.21
2026/08/10 18:42:01.932, 1, 81, 21334, 24576, 316.57
2026/08/10 18:42:01.933, 2, 84, 20372, 24576, 334.14
2026/08/10 18:42:06.933, 0, 84, 24130, 24576, 337.59
2026/08/10 18:42:06.934, 1, 84, 21334, 24576, 307.84
2026/08/10 18:42:06.934, 2, 85, 20372, 24576, 335.75
2026/08/10 18:42:11.935, 0, 98, 13570, 24576, 336.40
2026/08/10 18:42:11.936, 1, 98, 13342, 24576, 306.55
2026/08/10 18:42:11.937, 2, 98, 20372, 24576, 321.77
2026/08/10 18:42:16.938, 0, 100, 13570, 24576, 269.35
2026/08/10 18:42:16.938, 1, 98, 13342, 24576, 297.12
2026/08/10 18:42:16.939, 2, 100, 20372, 24576, 173.96
2026/08/10 18:42:21.940, 0, 100, 24108, 24576, 343.48
2026/08/10 18:42:21.941, 1, 100, 23696, 24576, 311.89
2026/08/10 18:42:21.941, 2, 95, 22612, 24576, 339.06
2026/08/10 18:42:26.942, 0, 87, 24108, 24576, 338.29
2026/08/10 18:42:26.942, 1, 100, 23696, 24576, 305.00
2026/08/10 18:42:26.943, 2, 86, 22612, 24576, 335.57
2026/08/10 18:42:31.944, 0, 84, 21908, 24576, 289.22
2026/08/10 18:42:31.944, 1, 80, 23696, 24576, 284.31
2026/08/10 18:42:31.945, 2, 84, 20472, 24576, 287.50
2026/08/10 18:42:36.945, 0, 85, 21908, 24576, 336.74
2026/08/10 18:42:36.946, 1, 86, 23696, 24576, 307.01
2026/08/10 18:42:36.946, 2, 86, 20472, 24576, 324.09
2026/08/10 18:42:41.947, 0, 98, 21908, 24576, 337.17
2026/08/10 18:42:41.948, 1, 98, 13902, 24576, 269.15
2026/08/10 18:42:41.949, 2, 98, 12862, 24576, 292.63
2026/08/10 18:42:46.949, 0, 98, 21908, 24576, 330.62
2026/08/10 18:42:46.950, 1, 98, 21416, 24576, 330.73
2026/08/10 18:42:46.951, 2, 98, 12862, 24576, 312.89
2026/08/10 18:42:51.951, 0, 95, 23646, 24576, 312.99
2026/08/10 18:42:51.952, 1, 95, 20832, 24576, 290.05
2026/08/10 18:42:51.953, 2, 96, 22672, 24576, 303.95
2026/08/10 18:42:56.954, 0, 96, 23646, 24576, 328.03
2026/08/10 18:42:56.954, 1, 83, 20832, 24576, 301.58
2026/08/10 18:42:56.955, 2, 100, 22672, 24576, 314.94
2026/08/10 18:43:01.956, 0, 54, 21446, 24576, 281.17
2026/08/10 18:43:01.956, 1, 54, 22852, 24576, 274.84
2026/08/10 18:43:01.957, 2, 76, 20672, 24576, 274.42
2026/08/10 18:43:06.958, 0, 82, 21446, 24576, 335.11
2026/08/10 18:43:06.959, 1, 81, 22852, 24576, 300.22
2026/08/10 18:43:06.959, 2, 85, 20672, 24576, 326.93
2026/08/10 18:43:11.961, 0, 98, 23266, 24576, 334.66
2026/08/10 18:43:11.961, 1, 98, 22852, 24576, 301.70
2026/08/10 18:43:11.962, 2, 98, 20672, 24576, 338.64
2026/08/10 18:43:16.963, 0, 89, 14450, 24576, 294.39
2026/08/10 18:43:16.964, 1, 100, 13062, 24576, 295.67
2026/08/10 18:43:16.964, 2, 100, 20672, 24576, 311.93
2026/08/10 18:43:21.965, 0, 93, 22806, 24576, 309.77
2026/08/10 18:43:21.966, 1, 100, 23194, 24576, 308.42
2026/08/10 18:43:21.966, 2, 100, 23374, 24576, 323.61
2026/08/10 18:43:26.967, 0, 100, 20766, 24576, 291.26
2026/08/10 18:43:26.968, 1, 100, 23936, 24576, 312.86
2026/08/10 18:43:26.968, 2, 89, 22694, 24576, 325.05
2026/08/10 18:43:31.969, 0, 94, 20766, 24576, 293.70
2026/08/10 18:43:31.970, 1, 98, 23936, 24576, 317.70
2026/08/10 18:43:31.970, 2, 100, 22694, 24576, 325.20
2026/08/10 18:43:36.971, 0, 83, 22806, 24576, 336.04
2026/08/10 18:43:36.972, 1, 84, 21736, 24576, 306.61
2026/08/10 18:43:36.972, 2, 84, 20694, 24576, 335.93
2026/08/10 18:43:41.973, 0, 84, 22806, 24576, 339.14
2026/08/10 18:43:41.974, 1, 81, 21736, 24576, 301.88
2026/08/10 18:43:41.975, 2, 86, 20694, 24576, 329.59
2026/08/10 18:43:46.975, 0, 98, 14770, 24576, 336.77
2026/08/10 18:43:46.976, 1, 98, 12822, 24576, 308.29
2026/08/10 18:43:46.976, 2, 100, 12882, 24576, 314.02
2026/08/10 18:43:51.977, 0, 100, 23092, 24576, 277.14
2026/08/10 18:43:51.978, 1, 100, 22286, 24576, 293.61
2026/08/10 18:43:51.978, 2, 100, 22968, 24576, 280.94
2026/08/10 18:43:56.979, 0, 100, 23146, 24576, 321.86
2026/08/10 18:43:56.980, 1, 100, 22012, 24576, 306.37
2026/08/10 18:43:56.980, 2, 86, 22994, 24576, 318.72
2026/08/10 18:44:01.981, 0, 100, 23146, 24576, 322.51
2026/08/10 18:44:01.982, 1, 100, 22012, 24576, 307.28
2026/08/10 18:44:01.982, 2, 89, 22994, 24576, 319.40
2026/08/10 18:44:06.984, 0, 84, 23146, 24576, 335.38
2026/08/10 18:44:06.985, 1, 83, 22012, 24576, 310.79
2026/08/10 18:44:06.985, 2, 84, 22994, 24576, 336.12
2026/08/10 18:44:11.986, 0, 85, 23146, 24576, 338.75
2026/08/10 18:44:11.987, 1, 84, 22012, 24576, 307.89
2026/08/10 18:44:11.987, 2, 86, 22994, 24576, 325.67
2026/08/10 18:44:16.988, 0, 98, 13890, 24576, 300.88
2026/08/10 18:44:16.989, 1, 98, 12902, 24576, 294.42
2026/08/10 18:44:16.989, 2, 100, 12962, 24576, 316.33
2026/08/10 18:44:21.990, 0, 89, 23768, 24576, 313.45
2026/08/10 18:44:21.990, 1, 88, 23012, 24576, 292.60
2026/08/10 18:44:21.991, 2, 89, 23254, 24576, 305.89
2026/08/10 18:44:26.992, 0, 100, 23768, 24576, 320.80
2026/08/10 18:44:26.993, 1, 93, 23012, 24576, 289.70
2026/08/10 18:44:26.993, 2, 88, 22914, 24576, 310.86
2026/08/10 18:44:31.994, 0, 100, 23768, 24576, 311.74
2026/08/10 18:44:31.994, 1, 97, 23012, 24576, 296.02
2026/08/10 18:44:31.996, 2, 100, 22254, 24576, 308.80
2026/08/10 18:44:36.997, 0, 83, 23768, 24576, 336.50
2026/08/10 18:44:36.998, 1, 80, 23012, 24576, 306.93
2026/08/10 18:44:36.998, 2, 84, 22914, 24576, 318.05
2026/08/10 18:44:41.999, 0, 83, 23768, 24576, 338.85
2026/08/10 18:44:42.000, 1, 90, 23012, 24576, 286.26
2026/08/10 18:44:42.000, 2, 85, 22914, 24576, 317.14
2026/08/10 18:44:47.001, 0, 97, 23768, 24576, 337.93
2026/08/10 18:44:47.002, 1, 98, 13942, 24576, 300.95
2026/08/10 18:44:47.002, 2, 98, 13062, 24576, 322.99
2026/08/10 18:44:52.003, 0, 100, 23768, 24576, 183.44
2026/08/10 18:44:52.004, 1, 100, 13916, 24576, 218.61
2026/08/10 18:44:52.004, 2, 98, 13062, 24576, 309.19
2026/08/10 18:44:57.005, 0, 94, 23188, 24576, 300.49
2026/08/10 18:44:57.006, 1, 90, 22012, 24576, 302.64
2026/08/10 18:44:57.007, 2, 89, 23216, 24576, 305.64
2026/08/10 18:45:02.007, 0, 89, 23188, 24576, 313.67
2026/08/10 18:45:02.011, 1, 89, 22012, 24576, 310.60
2026/08/10 18:45:02.011, 2, 100, 23216, 24576, 324.42
2026/08/10 18:45:07.012, 0, 93, 23188, 24576, 306.44
2026/08/10 18:45:07.012, 1, 89, 22012, 24576, 297.41
2026/08/10 18:45:07.013, 2, 92, 23216, 24576, 302.33
2026/08/10 18:45:12.013, 0, 83, 23188, 24576, 337.05
2026/08/10 18:45:12.014, 1, 80, 22012, 24576, 314.71
2026/08/10 18:45:12.014, 2, 80, 23216, 24576, 315.02
2026/08/10 18:45:17.015, 0, 98, 23188, 24576, 338.70
2026/08/10 18:45:17.016, 1, 98, 22012, 24576, 234.86
2026/08/10 18:45:17.016, 2, 98, 23216, 24576, 220.90
2026/08/10 18:45:22.017, 0, 98, 13972, 24576, 300.75
2026/08/10 18:45:22.018, 1, 98, 12862, 24576, 310.93
2026/08/10 18:45:22.019, 2, 99, 21622, 24576, 293.15
2026/08/10 18:45:27.019, 0, 88, 22520, 24576, 317.01
2026/08/10 18:45:27.020, 1, 86, 20644, 24576, 212.51
2026/08/10 18:45:27.021, 2, 83, 22524, 24576, 194.92
2026/08/10 18:45:32.022, 0, 88, 23310, 24576, 332.53
2026/08/10 18:45:32.022, 1, 89, 22072, 24576, 318.78
2026/08/10 18:45:32.023, 2, 100, 23274, 24576, 318.80
2026/08/10 18:45:37.023, 0, 100, 23310, 24576, 338.52
2026/08/10 18:45:37.024, 1, 100, 22072, 24576, 311.66
2026/08/10 18:45:37.024, 2, 95, 23274, 24576, 319.48
2026/08/10 18:45:42.025, 0, 83, 23310, 24576, 318.98
2026/08/10 18:45:42.026, 1, 83, 22072, 24576, 324.81
2026/08/10 18:45:42.026, 2, 84, 23274, 24576, 316.44
2026/08/10 18:45:47.027, 0, 84, 23310, 24576, 337.53
2026/08/10 18:45:47.028, 1, 86, 22072, 24576, 311.88
2026/08/10 18:45:47.028, 2, 85, 23274, 24576, 337.03
2026/08/10 18:45:52.029, 0, 97, 17150, 24576, 298.70
2026/08/10 18:45:52.030, 1, 98, 22072, 24576, 261.72
2026/08/10 18:45:52.030, 2, 94, 13114, 24576, 294.17
2026/08/10 18:45:57.031, 0, 98, 20790, 24576, 331.99
2026/08/10 18:45:57.032, 1, 98, 22072, 24576, 295.91
2026/08/10 18:45:57.032, 2, 88, 14018, 24576, 276.45
2026/08/10 18:46:02.033, 0, 88, 23268, 24576, 328.58
2026/08/10 18:46:02.034, 1, 87, 21992, 24576, 326.87
2026/08/10 18:46:02.034, 2, 100, 21816, 24576, 307.18
2026/08/10 18:46:07.035, 0, 89, 23268, 24576, 329.79
2026/08/10 18:46:07.035, 1, 89, 21292, 24576, 306.59
2026/08/10 18:46:07.036, 2, 100, 21816, 24576, 310.10
2026/08/10 18:46:12.037, 0, 100, 23268, 24576, 330.98
2026/08/10 18:46:12.037, 1, 100, 21292, 24576, 319.71
2026/08/10 18:46:12.038, 2, 92, 21816, 24576, 316.08
2026/08/10 18:46:17.045, 0, 81, 23268, 24576, 335.38
2026/08/10 18:46:17.046, 1, 81, 21292, 24576, 303.90
2026/08/10 18:46:17.046, 2, 82, 23916, 24576, 317.01
2026/08/10 18:46:22.047, 0, 100, 23268, 24576, 250.37
2026/08/10 18:46:22.048, 1, 98, 21292, 24576, 308.02
2026/08/10 18:46:22.049, 2, 100, 23916, 24576, 292.01
2026/08/10 18:46:27.050, 0, 97, 21770, 24576, 335.54
2026/08/10 18:46:27.050, 1, 98, 13002, 24576, 299.47
2026/08/10 18:46:27.051, 2, 97, 13062, 24576, 314.81
2026/08/10 18:46:32.051, 0, 100, 23432, 24576, 267.61
2026/08/10 18:46:32.052, 1, 100, 23298, 24576, 294.60
2026/08/10 18:46:32.052, 2, 100, 23320, 24576, 275.67
2026/08/10 18:46:37.053, 0, 100, 23486, 24576, 317.51
2026/08/10 18:46:37.054, 1, 97, 23696, 24576, 321.24
2026/08/10 18:46:37.055, 2, 100, 23734, 24576, 328.31
2026/08/10 18:46:42.056, 0, 97, 23486, 24576, 300.98
2026/08/10 18:46:42.056, 1, 96, 23696, 24576, 309.26
2026/08/10 18:46:42.057, 2, 96, 23734, 24576, 313.57
2026/08/10 18:46:47.058, 0, 80, 23486, 24576, 336.01
2026/08/10 18:46:47.058, 1, 81, 21556, 24576, 310.33
2026/08/10 18:46:47.059, 2, 82, 21514, 24576, 333.45
2026/08/10 18:46:52.059, 0, 83, 23486, 24576, 338.61
2026/08/10 18:46:52.060, 1, 82, 21556, 24576, 306.58
2026/08/10 18:46:52.060, 2, 83, 21514, 24576, 322.00
2026/08/10 18:46:57.061, 0, 96, 22570, 24576, 338.88
2026/08/10 18:46:57.062, 1, 97, 13042, 24576, 314.55
2026/08/10 18:46:57.062, 2, 98, 21514, 24576, 313.09
2026/08/10 18:47:02.063, 0, 98, 13670, 24576, 338.19
2026/08/10 18:47:02.064, 1, 97, 13042, 24576, 310.07
2026/08/10 18:47:02.065, 2, 98, 21514, 24576, 315.00
2026/08/10 18:47:07.066, 0, 100, 23468, 24576, 301.66
2026/08/10 18:47:07.066, 1, 92, 21254, 24576, 310.71
2026/08/10 18:47:07.067, 2, 100, 21916, 24576, 314.48
2026/08/10 18:47:12.068, 0, 88, 23468, 24576, 328.07
2026/08/10 18:47:12.069, 1, 89, 20874, 24576, 297.40
2026/08/10 18:47:12.069, 2, 88, 21916, 24576, 320.06
2026/08/10 18:47:17.070, 0, 100, 23468, 24576, 312.83
2026/08/10 18:47:17.071, 1, 100, 20874, 24576, 305.18
2026/08/10 18:47:17.071, 2, 100, 21916, 24576, 317.19
2026/08/10 18:47:22.072, 0, 84, 23468, 24576, 338.05
2026/08/10 18:47:22.073, 1, 82, 20874, 24576, 308.44
2026/08/10 18:47:22.073, 2, 85, 21916, 24576, 320.60
2026/08/10 18:47:27.074, 0, 98, 23608, 24576, 338.32
2026/08/10 18:47:27.074, 1, 98, 21414, 24576, 298.71
2026/08/10 18:47:27.075, 2, 97, 22796, 24576, 332.09
2026/08/10 18:47:32.076, 0, 99, 13790, 24576, 336.32
2026/08/10 18:47:32.077, 1, 98, 13344, 24576, 314.78
2026/08/10 18:47:32.077, 2, 90, 13202, 24576, 284.14
2026/08/10 18:47:37.078, 0, 90, 21788, 24576, 309.30
2026/08/10 18:47:37.079, 1, 97, 23996, 24576, 319.81
2026/08/10 18:47:37.079, 2, 91, 23314, 24576, 305.35
2026/08/10 18:47:42.080, 0, 94, 21788, 24576, 318.49
2026/08/10 18:47:42.081, 1, 97, 23996, 24576, 302.91
2026/08/10 18:47:42.081, 2, 97, 23314, 24576, 310.40
2026/08/10 18:47:47.082, 0, 100, 21788, 24576, 317.18
2026/08/10 18:47:47.083, 1, 100, 23996, 24576, 311.82
2026/08/10 18:47:47.083, 2, 100, 23314, 24576, 322.51
2026/08/10 18:47:52.084, 0, 80, 21788, 24576, 337.39
2026/08/10 18:47:52.085, 1, 82, 23996, 24576, 306.13
2026/08/10 18:47:52.085, 2, 82, 23314, 24576, 336.24
2026/08/10 18:47:57.086, 0, 80, 21788, 24576, 339.85
2026/08/10 18:47:57.087, 1, 82, 23996, 24576, 303.26
2026/08/10 18:47:57.087, 2, 100, 23314, 24576, 266.46
2026/08/10 18:48:02.088, 0, 99, 21788, 24576, 337.01
2026/08/10 18:48:02.089, 1, 100, 12862, 24576, 295.49
2026/08/10 18:48:02.090, 2, 99, 15938, 24576, 286.24
2026/08/10 18:48:07.090, 0, 100, 20848, 24576, 325.51
2026/08/10 18:48:07.091, 1, 100, 21212, 24576, 317.96
2026/08/10 18:48:07.092, 2, 96, 21830, 24576, 310.67
2026/08/10 18:48:12.093, 0, 92, 23248, 24576, 316.13
2026/08/10 18:48:12.094, 1, 94, 20752, 24576, 304.72
2026/08/10 18:48:12.094, 2, 94, 21830, 24576, 293.45
2026/08/10 18:48:17.095, 0, 91, 23248, 24576, 321.60
2026/08/10 18:48:17.096, 1, 86, 20752, 24576, 312.29
2026/08/10 18:48:17.096, 2, 100, 21830, 24576, 325.25
2026/08/10 18:48:22.097, 0, 81, 23248, 24576, 335.45
2026/08/10 18:48:22.098, 1, 81, 20752, 24576, 313.34
2026/08/10 18:48:22.098, 2, 83, 21830, 24576, 333.00
2026/08/10 18:48:27.099, 0, 75, 23248, 24576, 314.17
2026/08/10 18:48:27.100, 1, 83, 20752, 24576, 304.04
2026/08/10 18:48:27.100, 2, 84, 21830, 24576, 325.80
2026/08/10 18:48:32.101, 0, 98, 13450, 24576, 335.08
2026/08/10 18:48:32.102, 1, 98, 13002, 24576, 285.22
2026/08/10 18:48:32.103, 2, 83, 14158, 24576, 285.67
2026/08/10 18:48:37.104, 0, 100, 13450, 24576, 183.09
2026/08/10 18:48:37.104, 1, 100, 13002, 24576, 190.07
2026/08/10 18:48:37.105, 2, 93, 15178, 24576, 288.22
2026/08/10 18:48:42.106, 0, 88, 23426, 24576, 304.58
2026/08/10 18:48:42.106, 1, 94, 22732, 24576, 317.61
2026/08/10 18:48:42.107, 2, 93, 23176, 24576, 320.11
2026/08/10 18:48:47.108, 0, 87, 23426, 24576, 318.02
2026/08/10 18:48:47.108, 1, 88, 20932, 24576, 302.90
2026/08/10 18:48:47.109, 2, 88, 23176, 24576, 323.16
2026/08/10 18:48:52.110, 0, 97, 23426, 24576, 316.63
2026/08/10 18:48:52.110, 1, 95, 20572, 24576, 294.55
2026/08/10 18:48:52.111, 2, 100, 23176, 24576, 329.36
2026/08/10 18:48:57.112, 0, 80, 23426, 24576, 337.97
2026/08/10 18:48:57.112, 1, 83, 20572, 24576, 293.10
2026/08/10 18:48:57.115, 2, 82, 23176, 24576, 319.04
2026/08/10 18:49:02.116, 0, 98, 23426, 24576, 334.93
2026/08/10 18:49:02.116, 1, 98, 20572, 24576, 312.74
2026/08/10 18:49:02.117, 2, 100, 23176, 24576, 316.62
2026/08/10 18:49:07.118, 0, 98, 13590, 24576, 339.41
2026/08/10 18:49:07.118, 1, 98, 13062, 24576, 301.02
2026/08/10 18:49:07.119, 2, 98, 23176, 24576, 309.98
2026/08/10 18:49:12.119, 0, 97, 24248, 24576, 319.64
2026/08/10 18:49:12.120, 1, 100, 23754, 24576, 311.32
2026/08/10 18:49:12.120, 2, 91, 21474, 24576, 309.86
2026/08/10 18:49:17.122, 0, 96, 24248, 24576, 315.21
2026/08/10 18:49:17.122, 1, 100, 23754, 24576, 312.39
2026/08/10 18:49:17.123, 2, 92, 21474, 24576, 308.57
2026/08/10 18:49:22.124, 0, 95, 24248, 24576, 328.77
2026/08/10 18:49:22.124, 1, 100, 23754, 24576, 312.63
2026/08/10 18:49:22.125, 2, 93, 21474, 24576, 299.81
2026/08/10 18:49:27.126, 0, 82, 22028, 24576, 336.04
2026/08/10 18:49:27.129, 1, 82, 21554, 24576, 300.06
2026/08/10 18:49:27.129, 2, 83, 23674, 24576, 324.87
2026/08/10 18:49:32.130, 0, 85, 22028, 24576, 340.26
2026/08/10 18:49:32.130, 1, 100, 21554, 24576, 272.26
2026/08/10 18:49:32.131, 2, 100, 23674, 24576, 241.44
2026/08/10 18:49:37.132, 0, 98, 13870, 24576, 301.97
2026/08/10 18:49:37.132, 1, 99, 13262, 24576, 274.20
2026/08/10 18:49:37.133, 2, 99, 16682, 24576, 317.45
2026/08/10 18:49:42.134, 0, 50, 18590, 24576, 313.20
2026/08/10 18:49:42.134, 1, 88, 17304, 24576, 200.01
2026/08/10 18:49:42.135, 2, 100, 18310, 24576, 185.98
2026/08/10 18:49:47.136, 0, 89, 22008, 24576, 320.76
2026/08/10 18:49:47.136, 1, 98, 23074, 24576, 308.44
2026/08/10 18:49:47.137, 2, 89, 23254, 24576, 331.38
2026/08/10 18:49:52.138, 0, 89, 22008, 24576, 330.11
2026/08/10 18:49:52.139, 1, 98, 23074, 24576, 316.14
2026/08/10 18:49:52.140, 2, 89, 23254, 24576, 334.05
2026/08/10 18:49:57.141, 0, 80, 22008, 24576, 333.45
2026/08/10 18:49:57.141, 1, 82, 23074, 24576, 316.95
2026/08/10 18:49:57.142, 2, 80, 23254, 24576, 335.08
2026/08/10 18:50:02.143, 0, 85, 22008, 24576, 337.85
2026/08/10 18:50:02.143, 1, 84, 23074, 24576, 307.15
2026/08/10 18:50:02.144, 2, 83, 23254, 24576, 338.22
2026/08/10 18:50:07.144, 0, 100, 20990, 24576, 334.17
2026/08/10 18:50:07.145, 1, 98, 23074, 24576, 289.01
2026/08/10 18:50:07.145, 2, 98, 23254, 24576, 311.85
2026/08/10 18:50:12.147, 0, 98, 19890, 24576, 322.30
2026/08/10 18:50:12.147, 1, 98, 23074, 24576, 298.95
2026/08/10 18:50:12.148, 2, 56, 23254, 24576, 289.06
2026/08/10 18:50:17.149, 0, 93, 23548, 24576, 320.27
2026/08/10 18:50:17.150, 1, 97, 23516, 24576, 307.69
2026/08/10 18:50:17.150, 2, 100, 23254, 24576, 297.51
2026/08/10 18:50:22.151, 0, 89, 23548, 24576, 328.64
2026/08/10 18:50:22.152, 1, 89, 23516, 24576, 298.17
2026/08/10 18:50:22.152, 2, 89, 23254, 24576, 320.04
2026/08/10 18:50:27.153, 0, 100, 23548, 24576, 330.35
2026/08/10 18:50:27.154, 1, 100, 23516, 24576, 306.92
2026/08/10 18:50:27.154, 2, 100, 23254, 24576, 322.67
2026/08/10 18:50:32.155, 0, 82, 23548, 24576, 336.08
2026/08/10 18:50:32.156, 1, 83, 23516, 24576, 309.98
2026/08/10 18:50:32.156, 2, 85, 23254, 24576, 336.89
2026/08/10 18:50:37.161, 0, 98, 23548, 24576, 205.30
2026/08/10 18:50:37.161, 1, 82, 23516, 24576, 305.98
2026/08/10 18:50:37.162, 2, 98, 23254, 24576, 204.44
2026/08/10 18:50:42.163, 0, 98, 13330, 24576, 336.14
2026/08/10 18:50:42.163, 1, 98, 19722, 24576, 304.63
2026/08/10 18:50:42.164, 2, 98, 12902, 24576, 323.06
2026/08/10 18:50:47.165, 0, 93, 21046, 24576, 301.08
2026/08/10 18:50:47.177, 1, 100, 22854, 24576, 310.12
2026/08/10 18:50:47.178, 2, 97, 20812, 24576, 304.25
2026/08/10 18:50:52.179, 0, 99, 21046, 24576, 311.40
2026/08/10 18:50:52.180, 1, 100, 22854, 24576, 321.32
2026/08/10 18:50:52.180, 2, 100, 20812, 24576, 303.35
2026/08/10 18:50:57.181, 0, 100, 21046, 24576, 320.14
2026/08/10 18:50:57.182, 1, 100, 22854, 24576, 327.73
2026/08/10 18:50:57.183, 2, 100, 20812, 24576, 306.63
2026/08/10 18:51:02.183, 0, 84, 21046, 24576, 336.04
2026/08/10 18:51:02.184, 1, 84, 22854, 24576, 297.75
2026/08/10 18:51:02.184, 2, 82, 20812, 24576, 335.59
2026/08/10 18:51:07.185, 0, 84, 21046, 24576, 320.90
2026/08/10 18:51:07.186, 1, 100, 22854, 24576, 273.24
2026/08/10 18:51:07.186, 2, 87, 20812, 24576, 323.00
2026/08/10 18:51:12.187, 0, 98, 13710, 24576, 338.05
2026/08/10 18:51:12.188, 1, 85, 12776, 24576, 273.51
2026/08/10 18:51:12.188, 2, 100, 13042, 24576, 287.91
2026/08/10 18:51:17.189, 0, 89, 23448, 24576, 317.85
2026/08/10 18:51:17.190, 1, 88, 22492, 24576, 301.22
2026/08/10 18:51:17.191, 2, 89, 23214, 24576, 308.64
2026/08/10 18:51:22.192, 0, 97, 23448, 24576, 319.05
2026/08/10 18:51:22.193, 1, 97, 22492, 24576, 303.13
2026/08/10 18:51:22.193, 2, 89, 21354, 24576, 302.44
2026/08/10 18:51:27.194, 0, 100, 23448, 24576, 339.68
2026/08/10 18:51:27.195, 1, 100, 22492, 24576, 312.61
2026/08/10 18:51:27.195, 2, 100, 21354, 24576, 312.68
2026/08/10 18:51:32.196, 0, 84, 23448, 24576, 335.75
2026/08/10 18:51:32.197, 1, 83, 22492, 24576, 304.89
2026/08/10 18:51:32.197, 2, 85, 21354, 24576, 318.25
2026/08/10 18:51:37.198, 0, 100, 23448, 24576, 279.10
2026/08/10 18:51:37.199, 1, 84, 22492, 24576, 306.84
2026/08/10 18:51:37.200, 2, 86, 21354, 24576, 323.85
2026/08/10 18:51:42.201, 0, 99, 13450, 24576, 314.62
2026/08/10 18:51:42.201, 1, 98, 16062, 24576, 283.33
2026/08/10 18:51:42.202, 2, 98, 12962, 24576, 297.10
2026/08/10 18:51:47.203, 0, 85, 21558, 24576, 205.32
2026/08/10 18:51:47.204, 1, 89, 22444, 24576, 205.18
2026/08/10 18:51:47.205, 2, 54, 19822, 24576, 294.27
2026/08/10 18:51:52.206, 0, 95, 23028, 24576, 313.59
2026/08/10 18:51:52.206, 1, 93, 23174, 24576, 316.48
2026/08/10 18:51:52.207, 2, 100, 23016, 24576, 313.71
2026/08/10 18:51:57.208, 0, 85, 23028, 24576, 318.75
2026/08/10 18:51:57.208, 1, 89, 23174, 24576, 300.51
2026/08/10 18:51:57.209, 2, 84, 23016, 24576, 323.23
2026/08/10 18:52:02.209, 0, 0, 23028, 24576, 211.47
2026/08/10 18:52:02.210, 1, 100, 23174, 24576, 232.95
2026/08/10 18:52:02.211, 2, 100, 23016, 24576, 230.14
2026/08/10 18:52:07.211, 0, 85, 23028, 24576, 338.33
2026/08/10 18:52:07.212, 1, 81, 23174, 24576, 336.58
2026/08/10 18:52:07.213, 2, 84, 23016, 24576, 336.16
2026/08/10 18:52:12.214, 0, 85, 23028, 24576, 344.45
2026/08/10 18:52:12.214, 1, 100, 23174, 24576, 260.01
2026/08/10 18:52:12.215, 2, 100, 23016, 24576, 295.10
2026/08/10 18:52:17.216, 0, 98, 23028, 24576, 333.68
2026/08/10 18:52:17.216, 1, 98, 12860, 24576, 333.04
2026/08/10 18:52:17.217, 2, 98, 13980, 24576, 336.29
2026/08/10 18:52:22.218, 0, 100, 23254, 24576, 291.17
2026/08/10 18:52:22.218, 1, 100, 21378, 24576, 279.08
2026/08/10 18:52:22.219, 2, 100, 21656, 24576, 298.84
2026/08/10 18:52:27.219, 0, 100, 23308, 24576, 330.73
2026/08/10 18:52:27.220, 1, 82, 21388, 24576, 312.48
2026/08/10 18:52:27.220, 2, 89, 21710, 24576, 319.43
2026/08/10 18:52:32.221, 0, 88, 23688, 24576, 329.12
2026/08/10 18:52:32.222, 1, 100, 21388, 24576, 295.47
2026/08/10 18:52:32.223, 2, 92, 23610, 24576, 315.83
2026/08/10 18:52:37.224, 0, 81, 23308, 24576, 335.90
2026/08/10 18:52:37.224, 1, 84, 21388, 24576, 319.95
2026/08/10 18:52:37.225, 2, 83, 21710, 24576, 334.43
2026/08/10 18:52:42.226, 0, 86, 23308, 24576, 339.11
2026/08/10 18:52:42.227, 1, 86, 21388, 24576, 308.88
2026/08/10 18:52:42.228, 2, 83, 21710, 24576, 313.10
2026/08/10 18:52:47.228, 0, 98, 13572, 24576, 338.48
2026/08/10 18:52:47.229, 1, 98, 13982, 24576, 311.65
2026/08/10 18:52:47.229, 2, 100, 14302, 24576, 303.58
2026/08/10 18:52:52.230, 0, 100, 23552, 24576, 299.59
2026/08/10 18:52:52.231, 1, 95, 20836, 24576, 293.40
2026/08/10 18:52:52.231, 2, 98, 20676, 24576, 261.98
2026/08/10 18:52:57.232, 0, 100, 23968, 24576, 343.22
2026/08/10 18:52:57.233, 1, 97, 20894, 24576, 303.68
2026/08/10 18:52:57.233, 2, 100, 20732, 24576, 307.39
2026/08/10 18:53:02.234, 0, 100, 23968, 24576, 341.62
2026/08/10 18:53:02.235, 1, 100, 20894, 24576, 301.26
2026/08/10 18:53:02.236, 2, 100, 20732, 24576, 306.11
2026/08/10 18:53:07.236, 0, 85, 21748, 24576, 334.26
2026/08/10 18:53:07.237, 1, 82, 22954, 24576, 297.30
2026/08/10 18:53:07.238, 2, 84, 22772, 24576, 334.65
2026/08/10 18:53:12.239, 0, 0, 21748, 24576, 266.85
2026/08/10 18:53:12.239, 1, 84, 22954, 24576, 308.53
2026/08/10 18:53:12.240, 2, 83, 22772, 24576, 329.62
2026/08/10 18:53:17.241, 0, 98, 13490, 24576, 336.76
2026/08/10 18:53:17.241, 1, 100, 23082, 24576, 312.15
2026/08/10 18:53:17.242, 2, 100, 22772, 24576, 308.05
2026/08/10 18:53:22.243, 0, 100, 16470, 24576, 239.30
2026/08/10 18:53:22.243, 1, 47, 17042, 24576, 292.32
2026/08/10 18:53:22.244, 2, 100, 22772, 24576, 204.72
2026/08/10 18:53:27.245, 0, 89, 23666, 24576, 314.92
2026/08/10 18:53:27.245, 1, 97, 22752, 24576, 293.18
2026/08/10 18:53:27.246, 2, 100, 23152, 24576, 325.56
2026/08/10 18:53:32.247, 0, 97, 23666, 24576, 329.98
2026/08/10 18:53:32.247, 1, 100, 22752, 24576, 303.86
2026/08/10 18:53:32.248, 2, 92, 20492, 24576, 315.49
2026/08/10 18:53:37.249, 0, 84, 21546, 24576, 335.48
2026/08/10 18:53:37.251, 1, 82, 22752, 24576, 307.61
2026/08/10 18:53:37.251, 2, 83, 22572, 24576, 335.75
2026/08/10 18:53:42.252, 0, 80, 21546, 24576, 337.84
2026/08/10 18:53:42.252, 1, 83, 22752, 24576, 308.90
2026/08/10 18:53:42.253, 2, 84, 22572, 24576, 326.86
2026/08/10 18:53:47.254, 0, 98, 13570, 24576, 336.46
2026/08/10 18:53:47.254, 1, 98, 13322, 24576, 307.31
2026/08/10 18:53:47.255, 2, 98, 14042, 24576, 334.44
2026/08/10 18:53:52.256, 0, 77, 21940, 24576, 313.14
2026/08/10 18:53:52.256, 1, 89, 21184, 24576, 264.32
2026/08/10 18:53:52.257, 2, 61, 22484, 24576, 287.94
2026/08/10 18:53:57.258, 0, 89, 22008, 24576, 319.67
2026/08/10 18:53:57.258, 1, 100, 23012, 24576, 309.47
2026/08/10 18:53:57.259, 2, 88, 22874, 24576, 338.25
2026/08/10 18:54:02.260, 0, 98, 24208, 24576, 322.39
2026/08/10 18:54:02.261, 1, 100, 23012, 24576, 284.42
2026/08/10 18:54:02.261, 2, 100, 23694, 24576, 321.64
2026/08/10 18:54:07.262, 0, 80, 22008, 24576, 334.59
2026/08/10 18:54:07.263, 1, 75, 23012, 24576, 328.90
2026/08/10 18:54:07.264, 2, 81, 22874, 24576, 335.89
2026/08/10 18:54:12.264, 0, 83, 22008, 24576, 337.38
2026/08/10 18:54:12.265, 1, 84, 23012, 24576, 304.14
2026/08/10 18:54:12.265, 2, 0, 22874, 24576, 249.92
2026/08/10 18:54:17.266, 0, 98, 14470, 24576, 298.79
2026/08/10 18:54:17.267, 1, 100, 13042, 24576, 296.29
2026/08/10 18:54:17.267, 2, 93, 14024, 24576, 284.87
2026/08/10 18:54:22.268, 0, 98, 14470, 24576, 336.44
2026/08/10 18:54:22.269, 1, 100, 13042, 24576, 303.00
2026/08/10 18:54:22.269, 2, 98, 14018, 24576, 285.07
2026/08/10 18:54:27.271, 0, 88, 22188, 24576, 317.22
2026/08/10 18:54:27.272, 1, 82, 23614, 24576, 329.04
2026/08/10 18:54:27.272, 2, 100, 23958, 24576, 333.48
2026/08/10 18:54:32.273, 0, 100, 22188, 24576, 316.89
2026/08/10 18:54:32.274, 1, 100, 23614, 24576, 301.57
2026/08/10 18:54:32.275, 2, 97, 23958, 24576, 318.86
2026/08/10 18:54:37.275, 0, 88, 22188, 24576, 294.68
2026/08/10 18:54:37.276, 1, 96, 23614, 24576, 295.01
2026/08/10 18:54:37.276, 2, 100, 23958, 24576, 316.39
2026/08/10 18:54:42.277, 0, 84, 22188, 24576, 336.35
2026/08/10 18:54:42.278, 1, 84, 21414, 24576, 320.00
2026/08/10 18:54:42.278, 2, 84, 23958, 24576, 321.14
2026/08/10 18:54:47.282, 0, 84, 22188, 24576, 322.69
2026/08/10 18:54:47.283, 1, 79, 21414, 24576, 307.19
2026/08/10 18:54:47.284, 2, 100, 23958, 24576, 244.39
2026/08/10 18:54:52.284, 0, 98, 13570, 24576, 337.19
2026/08/10 18:54:52.285, 1, 98, 21414, 24576, 298.11
2026/08/10 18:54:52.286, 2, 98, 13982, 24576, 324.25
2026/08/10 18:54:57.287, 0, 100, 13570, 24576, 185.79
2026/08/10 18:54:57.287, 1, 100, 21414, 24576, 297.14
2026/08/10 18:54:57.288, 2, 100, 13978, 24576, 206.79
2026/08/10 18:55:02.289, 0, 100, 22328, 24576, 315.58
2026/08/10 18:55:02.289, 1, 100, 23976, 24576, 314.84
2026/08/10 18:55:02.290, 2, 100, 20834, 24576, 296.66
2026/08/10 18:55:07.290, 0, 90, 22328, 24576, 302.47
2026/08/10 18:55:07.291, 1, 95, 23976, 24576, 308.16
2026/08/10 18:55:07.291, 2, 89, 20834, 24576, 291.53
2026/08/10 18:55:12.292, 0, 53, 22328, 24576, 301.73
2026/08/10 18:55:12.293, 1, 64, 21756, 24576, 292.11
2026/08/10 18:55:12.294, 2, 22, 22914, 24576, 286.89
2026/08/10 18:55:17.296, 0, 78, 22328, 24576, 335.81
2026/08/10 18:55:17.297, 1, 83, 21756, 24576, 305.10
2026/08/10 18:55:17.297, 2, 81, 22914, 24576, 335.84
2026/08/10 18:55:22.299, 0, 99, 20848, 24576, 336.86
2026/08/10 18:55:22.300, 1, 98, 23976, 24576, 304.81
2026/08/10 18:55:22.300, 2, 100, 23634, 24576, 320.47
2026/08/10 18:55:27.301, 0, 100, 13450, 24576, 338.64
2026/08/10 18:55:27.302, 1, 96, 13918, 24576, 280.92
2026/08/10 18:55:27.302, 2, 100, 13064, 24576, 314.78
2026/08/10 18:55:32.303, 0, 87, 23566, 24576, 305.20
2026/08/10 18:55:32.304, 1, 89, 22732, 24576, 337.43
2026/08/10 18:55:32.304, 2, 89, 23958, 24576, 326.70
2026/08/10 18:55:37.305, 0, 91, 23566, 24576, 297.99
2026/08/10 18:55:37.306, 1, 96, 22732, 24576, 322.54
2026/08/10 18:55:37.306, 2, 97, 23958, 24576, 323.43
2026/08/10 18:55:42.307, 0, 89, 23566, 24576, 315.46
2026/08/10 18:55:42.308, 1, 89, 20692, 24576, 291.64
2026/08/10 18:55:42.309, 2, 89, 23958, 24576, 324.18
2026/08/10 18:55:47.310, 0, 82, 23566, 24576, 336.32
2026/08/10 18:55:47.311, 1, 80, 22732, 24576, 317.82
2026/08/10 18:55:47.311, 2, 82, 23958, 24576, 329.84
2026/08/10 18:55:52.312, 0, 84, 23566, 24576, 339.44
2026/08/10 18:55:52.313, 1, 86, 22732, 24576, 308.26
2026/08/10 18:55:52.313, 2, 84, 23958, 24576, 317.77
2026/08/10 18:55:57.314, 0, 93, 15290, 24576, 304.74
2026/08/10 18:55:57.314, 1, 98, 22732, 24576, 307.50
2026/08/10 18:55:57.315, 2, 97, 13004, 24576, 320.90
2026/08/10 18:56:02.316, 0, 100, 13450, 24576, 255.90
2026/08/10 18:56:02.317, 1, 100, 22732, 24576, 191.62
2026/08/10 18:56:02.317, 2, 100, 13004, 24576, 305.04
2026/08/10 18:56:07.318, 0, 100, 23208, 24576, 318.23
2026/08/10 18:56:07.319, 1, 100, 22132, 24576, 319.51
2026/08/10 18:56:07.320, 2, 89, 23996, 24576, 336.39
2026/08/10 18:56:12.320, 0, 100, 23208, 24576, 319.45
2026/08/10 18:56:12.321, 1, 98, 22132, 24576, 295.91
2026/08/10 18:56:12.322, 2, 100, 23996, 24576, 330.61
2026/08/10 18:56:17.323, 0, 43, 23208, 24576, 278.15
2026/08/10 18:56:17.323, 1, 72, 22132, 24576, 267.96
2026/08/10 18:56:17.324, 2, 75, 21856, 24576, 284.08
2026/08/10 18:56:22.325, 0, 85, 23208, 24576, 338.31
2026/08/10 18:56:22.325, 1, 83, 22132, 24576, 311.63
2026/08/10 18:56:22.326, 2, 84, 21856, 24576, 315.67
2026/08/10 18:56:27.326, 0, 98, 14450, 24576, 298.41
2026/08/10 18:56:27.327, 1, 92, 13942, 24576, 276.34
2026/08/10 18:56:27.328, 2, 98, 12882, 24576, 282.08
2026/08/10 18:56:32.329, 0, 98, 14450, 24576, 337.96
2026/08/10 18:56:32.329, 1, 98, 13918, 24576, 309.22
2026/08/10 18:56:32.330, 2, 99, 13262, 24576, 311.55
2026/08/10 18:56:37.331, 0, 88, 23446, 24576, 312.24
2026/08/10 18:56:37.332, 1, 87, 20954, 24576, 303.32
2026/08/10 18:56:37.332, 2, 100, 23012, 24576, 318.50
2026/08/10 18:56:42.333, 0, 100, 23446, 24576, 331.01
2026/08/10 18:56:42.334, 1, 97, 20954, 24576, 298.18
2026/08/10 18:56:42.334, 2, 100, 23012, 24576, 330.33
2026/08/10 18:56:47.335, 0, 87, 23446, 24576, 284.87
2026/08/10 18:56:47.335, 1, 85, 22994, 24576, 279.56
2026/08/10 18:56:47.336, 2, 80, 23012, 24576, 267.58
2026/08/10 18:56:52.337, 0, 83, 23446, 24576, 337.85
2026/08/10 18:56:52.337, 1, 81, 22994, 24576, 305.66
2026/08/10 18:56:52.338, 2, 83, 23012, 24576, 324.27
2026/08/10 18:56:57.339, 0, 86, 13530, 24576, 296.48
2026/08/10 18:56:57.339, 1, 90, 12218, 24576, 271.29
2026/08/10 18:56:57.340, 2, 100, 23712, 24576, 310.19
2026/08/10 18:57:02.341, 0, 99, 19070, 24576, 301.01
2026/08/10 18:57:02.341, 1, 100, 14538, 24576, 279.03
2026/08/10 18:57:02.342, 2, 98, 22520, 24576, 323.86
2026/08/10 18:57:07.343, 0, 97, 23868, 24576, 315.57
2026/08/10 18:57:07.344, 1, 93, 23534, 24576, 302.54
2026/08/10 18:57:07.344, 2, 93, 23296, 24576, 313.15
2026/08/10 18:57:12.345, 0, 89, 22068, 24576, 305.80
2026/08/10 18:57:12.346, 1, 89, 23894, 24576, 303.12
2026/08/10 18:57:12.347, 2, 91, 23316, 24576, 330.75
2026/08/10 18:57:17.348, 0, 100, 21708, 24576, 307.47
2026/08/10 18:57:17.348, 1, 100, 23534, 24576, 314.97
2026/08/10 18:57:17.349, 2, 100, 22996, 24576, 323.45
2026/08/10 18:57:22.350, 0, 78, 23868, 24576, 335.77
2026/08/10 18:57:22.350, 1, 82, 23534, 24576, 313.46
2026/08/10 18:57:22.351, 2, 77, 22996, 24576, 335.95
2026/08/10 18:57:27.352, 0, 82, 23868, 24576, 329.53
2026/08/10 18:57:27.353, 1, 84, 23534, 24576, 306.93
2026/08/10 18:57:27.353, 2, 82, 22996, 24576, 323.45
2026/08/10 18:57:32.354, 0, 98, 13330, 24576, 339.79
2026/08/10 18:57:32.355, 1, 100, 12962, 24576, 312.28
2026/08/10 18:57:32.357, 2, 98, 14022, 24576, 304.91
2026/08/10 18:57:37.358, 0, 100, 13330, 24576, 239.14
2026/08/10 18:57:37.358, 1, 100, 12962, 24576, 297.41
2026/08/10 18:57:37.359, 2, 100, 14020, 24576, 247.25
2026/08/10 18:57:42.360, 0, 100, 22786, 24576, 284.23
2026/08/10 18:57:42.360, 1, 93, 22376, 24576, 303.08
2026/08/10 18:57:42.361, 2, 100, 22892, 24576, 291.12
2026/08/10 18:57:47.362, 0, 100, 20866, 24576, 300.08
2026/08/10 18:57:47.363, 1, 100, 23096, 24576, 307.08
2026/08/10 18:57:47.363, 2, 100, 22012, 24576, 307.13
2026/08/10 18:57:52.364, 0, 100, 20866, 24576, 290.80
2026/08/10 18:57:52.365, 1, 90, 23096, 24576, 294.67
2026/08/10 18:57:52.365, 2, 96, 21632, 24576, 284.85
2026/08/10 18:57:57.366, 0, 85, 20866, 24576, 339.14
2026/08/10 18:57:57.370, 1, 83, 23096, 24576, 312.12
2026/08/10 18:57:57.371, 2, 84, 22012, 24576, 336.57
2026/08/10 18:58:02.371, 0, 98, 20866, 24576, 316.89
2026/08/10 18:58:02.372, 1, 98, 23096, 24576, 308.67
2026/08/10 18:58:02.372, 2, 98, 22012, 24576, 321.63
2026/08/10 18:58:07.373, 0, 98, 13850, 24576, 338.83
2026/08/10 18:58:07.374, 1, 98, 23582, 24576, 296.16
2026/08/10 18:58:07.374, 2, 100, 13022, 24576, 326.93
2026/08/10 18:58:12.375, 0, 100, 23144, 24576, 313.54
2026/08/10 18:58:12.376, 1, 88, 22098, 24576, 295.18
2026/08/10 18:58:12.376, 2, 92, 23508, 24576, 314.08
2026/08/10 18:58:17.377, 0, 82, 23146, 24576, 305.59
2026/08/10 18:58:17.378, 1, 100, 22112, 24576, 314.40
2026/08/10 18:58:17.379, 2, 100, 23876, 24576, 332.88
2026/08/10 18:58:22.380, 0, 91, 23146, 24576, 307.88
2026/08/10 18:58:22.380, 1, 100, 22112, 24576, 310.98
2026/08/10 18:58:22.381, 2, 100, 23876, 24576, 332.52
2026/08/10 18:58:27.385, 0, 82, 23146, 24576, 334.87
2026/08/10 18:58:27.385, 1, 81, 22112, 24576, 314.97
2026/08/10 18:58:27.386, 2, 82, 21696, 24576, 333.26
2026/08/10 18:58:32.387, 0, 81, 23146, 24576, 338.98
2026/08/10 18:58:32.387, 1, 83, 22112, 24576, 309.29
2026/08/10 18:58:32.388, 2, 0, 21696, 24576, 265.29
2026/08/10 18:58:37.389, 0, 98, 13530, 24576, 335.89
2026/08/10 18:58:37.389, 1, 98, 12862, 24576, 317.25
2026/08/10 18:58:37.390, 2, 98, 14062, 24576, 324.36
2026/08/10 18:58:42.391, 0, 100, 21720, 24576, 260.26
2026/08/10 18:58:42.392, 1, 100, 21244, 24576, 292.00
2026/08/10 18:58:42.392, 2, 89, 22322, 24576, 267.97
2026/08/10 18:58:47.393, 0, 94, 23948, 24576, 315.99
2026/08/10 18:58:47.394, 1, 96, 22892, 24576, 303.64
2026/08/10 18:58:47.395, 2, 100, 19970, 24576, 312.72
2026/08/10 18:58:52.396, 0, 98, 23948, 24576, 320.11
2026/08/10 18:58:52.396, 1, 95, 22892, 24576, 301.09
2026/08/10 18:58:52.397, 2, 96, 20590, 24576, 295.72
2026/08/10 18:58:57.397, 0, 84, 21788, 24576, 334.13
2026/08/10 18:58:57.398, 1, 78, 20912, 24576, 255.83
2026/08/10 18:58:57.398, 2, 83, 22730, 24576, 335.58
2026/08/10 18:59:02.399, 0, 87, 21788, 24576, 338.90
2026/08/10 18:59:02.400, 1, 85, 20912, 24576, 304.34
2026/08/10 18:59:02.400, 2, 86, 22730, 24576, 321.54
2026/08/10 18:59:07.401, 0, 98, 21788, 24576, 330.58
2026/08/10 18:59:07.402, 1, 98, 24202, 24576, 306.17
2026/08/10 18:59:07.402, 2, 98, 22730, 24576, 306.98
2026/08/10 18:59:12.403, 0, 98, 21788, 24576, 318.81
2026/08/10 18:59:12.404, 1, 63, 13342, 24576, 283.76
2026/08/10 18:59:12.405, 2, 100, 22730, 24576, 190.97
2026/08/10 18:59:17.412, 0, 100, 22830, 24576, 334.54
2026/08/10 18:59:17.413, 1, 100, 23254, 24576, 294.25
2026/08/10 18:59:17.413, 2, 97, 23014, 24576, 301.51
2026/08/10 18:59:22.414, 0, 93, 23950, 24576, 332.28
2026/08/10 18:59:22.415, 1, 100, 23254, 24576, 311.24
2026/08/10 18:59:22.415, 2, 100, 21254, 24576, 309.90
2026/08/10 18:59:27.416, 0, 84, 23950, 24576, 282.90
2026/08/10 18:59:27.417, 1, 77, 23254, 24576, 276.87
2026/08/10 18:59:27.417, 2, 83, 23014, 24576, 280.49
2026/08/10 18:59:32.418, 0, 85, 23950, 24576, 335.77
2026/08/10 18:59:32.419, 1, 82, 23254, 24576, 302.83
2026/08/10 18:59:32.420, 2, 86, 23014, 24576, 321.52
2026/08/10 18:59:37.421, 0, 98, 13570, 24576, 298.71
2026/08/10 18:59:37.421, 1, 98, 12902, 24576, 271.68
2026/08/10 18:59:37.422, 2, 100, 23014, 24576, 315.75
2026/08/10 18:59:42.422, 0, 98, 13570, 24576, 330.92
2026/08/10 18:59:42.423, 1, 98, 12902, 24576, 290.12
2026/08/10 18:59:42.424, 2, 98, 23014, 24576, 314.20
2026/08/10 18:59:47.424, 0, 88, 21888, 24576, 304.89
2026/08/10 18:59:47.425, 1, 86, 20692, 24576, 295.88
2026/08/10 18:59:47.425, 2, 91, 22996, 24576, 303.64
2026/08/10 18:59:52.427, 0, 100, 24108, 24576, 334.19
2026/08/10 18:59:52.427, 1, 100, 22752, 24576, 315.28
2026/08/10 18:59:52.428, 2, 89, 22996, 24576, 315.73
2026/08/10 18:59:57.428, 0, 100, 24108, 24576, 334.42
2026/08/10 18:59:57.429, 1, 100, 22752, 24576, 321.30
2026/08/10 18:59:57.430, 2, 100, 22996, 24576, 321.67
2026/08/10 19:00:02.431, 0, 81, 21888, 24576, 335.81
2026/08/10 19:00:02.432, 1, 81, 20692, 24576, 305.25
2026/08/10 19:00:02.433, 2, 82, 22996, 24576, 321.52
2026/08/10 19:00:07.434, 0, 98, 21888, 24576, 276.23
2026/08/10 19:00:07.434, 1, 100, 20692, 24576, 294.17
2026/08/10 19:00:07.435, 2, 98, 22996, 24576, 317.60
2026/08/10 19:00:12.436, 0, 98, 24030, 24576, 335.41
2026/08/10 19:00:12.436, 1, 98, 20692, 24576, 290.50
2026/08/10 19:00:12.437, 2, 98, 13042, 24576, 312.93
2026/08/10 19:00:17.438, 0, 88, 23186, 24576, 328.52
2026/08/10 19:00:17.438, 1, 88, 20672, 24576, 309.89
2026/08/10 19:00:17.439, 2, 89, 21414, 24576, 309.38
2026/08/10 19:00:22.440, 0, 100, 22286, 24576, 318.73
2026/08/10 19:00:22.440, 1, 89, 22772, 24576, 303.34
2026/08/10 19:00:22.441, 2, 100, 23634, 24576, 302.51
2026/08/10 19:00:27.442, 0, 90, 23186, 24576, 302.18
2026/08/10 19:00:27.443, 1, 94, 22772, 24576, 296.14
2026/08/10 19:00:27.443, 2, 91, 23634, 24576, 301.90
2026/08/10 19:00:32.444, 0, 82, 23186, 24576, 335.75
2026/08/10 19:00:32.445, 1, 79, 20672, 24576, 298.14
2026/08/10 19:00:32.445, 2, 83, 21414, 24576, 312.71
2026/08/10 19:00:37.447, 0, 100, 23186, 24576, 249.77
2026/08/10 19:00:37.448, 1, 86, 20672, 24576, 308.74
2026/08/10 19:00:37.448, 2, 84, 21414, 24576, 293.76
2026/08/10 19:00:42.449, 0, 100, 13750, 24576, 337.18
2026/08/10 19:00:42.450, 1, 100, 13062, 24576, 300.82
2026/08/10 19:00:42.450, 2, 98, 17902, 24576, 312.41
2026/08/10 19:00:47.451, 0, 100, 13750, 24576, 181.02
2026/08/10 19:00:47.452, 1, 98, 13062, 24576, 298.68
2026/08/10 19:00:47.452, 2, 100, 14020, 24576, 174.27
2026/08/10 19:00:52.453, 0, 97, 23668, 24576, 307.16
2026/08/10 19:00:52.454, 1, 97, 21856, 24576, 303.94
2026/08/10 19:00:52.455, 2, 94, 23454, 24576, 305.41
2026/08/10 19:00:57.455, 0, 88, 23668, 24576, 312.27
2026/08/10 19:00:57.456, 1, 89, 24076, 24576, 309.66
2026/08/10 19:00:57.456, 2, 89, 23454, 24576, 314.90
2026/08/10 19:01:02.457, 0, 81, 23668, 24576, 269.51
2026/08/10 19:01:02.458, 1, 81, 21856, 24576, 288.49
2026/08/10 19:01:02.458, 2, 83, 23454, 24576, 288.03
2026/08/10 19:01:07.459, 0, 81, 23668, 24576, 338.02
2026/08/10 19:01:07.460, 1, 82, 21856, 24576, 302.79
2026/08/10 19:01:07.460, 2, 82, 23454, 24576, 320.15
2026/08/10 19:01:12.461, 0, 98, 13532, 24576, 298.57
2026/08/10 19:01:12.462, 1, 98, 21856, 24576, 303.95
2026/08/10 19:01:12.462, 2, 89, 12394, 24576, 282.35
2026/08/10 19:01:17.463, 0, 98, 13532, 24576, 335.15
2026/08/10 19:01:17.464, 1, 98, 21856, 24576, 296.54
2026/08/10 19:01:17.465, 2, 98, 13442, 24576, 325.14
2026/08/10 19:01:22.466, 0, 100, 23488, 24576, 302.38
2026/08/10 19:01:22.466, 1, 100, 23712, 24576, 320.66
2026/08/10 19:01:22.467, 2, 100, 23774, 24576, 307.01
2026/08/10 19:01:27.468, 0, 89, 23148, 24576, 326.16
2026/08/10 19:01:27.469, 1, 88, 22732, 24576, 329.13
2026/08/10 19:01:27.469, 2, 88, 21574, 24576, 313.95
2026/08/10 19:01:32.470, 0, 100, 23148, 24576, 329.43
2026/08/10 19:01:32.470, 1, 100, 22732, 24576, 337.08
2026/08/10 19:01:32.471, 2, 100, 21574, 24576, 318.35
2026/08/10 19:01:37.472, 0, 81, 23148, 24576, 336.64
2026/08/10 19:01:37.472, 1, 82, 22732, 24576, 313.69
2026/08/10 19:01:37.473, 2, 82, 21574, 24576, 320.65
2026/08/10 19:01:42.474, 0, 81, 23148, 24576, 336.47
2026/08/10 19:01:42.475, 1, 85, 22732, 24576, 310.96
2026/08/10 19:01:42.475, 2, 85, 21574, 24576, 320.68
2026/08/10 19:01:47.476, 0, 98, 13490, 24576, 338.30
2026/08/10 19:01:47.477, 1, 98, 13022, 24576, 307.43
2026/08/10 19:01:47.479, 2, 98, 23088, 24576, 324.59
2026/08/10 19:01:52.479, 0, 100, 13490, 24576, 182.96
2026/08/10 19:01:52.480, 1, 100, 13022, 24576, 221.73
2026/08/10 19:01:52.491, 2, 98, 14078, 24576, 321.41
2026/08/10 19:01:57.492, 0, 100, 23606, 24576, 328.35
2026/08/10 19:01:57.495, 1, 98, 22874, 24576, 318.53
2026/08/10 19:01:57.496, 2, 89, 21776, 24576, 308.36
2026/08/10 19:02:02.497, 0, 100, 23606, 24576, 316.34
2026/08/10 19:02:02.497, 1, 91, 22874, 24576, 302.59
2026/08/10 19:02:02.498, 2, 93, 21776, 24576, 310.16
2026/08/10 19:02:07.499, 0, 22, 21506, 24576, 254.01
2026/08/10 19:02:07.507, 1, 28, 22874, 24576, 274.18
2026/08/10 19:02:07.507, 2, 23, 23896, 24576, 289.88
2026/08/10 19:02:12.508, 0, 82, 21506, 24576, 337.69
2026/08/10 19:02:12.509, 1, 85, 22874, 24576, 309.68
2026/08/10 19:02:12.510, 2, 83, 23896, 24576, 320.32
2026/08/10 19:02:17.511, 0, 98, 14490, 24576, 301.24
2026/08/10 19:02:17.511, 1, 87, 13890, 24576, 270.63
2026/08/10 19:02:17.512, 2, 98, 22636, 24576, 325.11
2026/08/10 19:02:22.513, 0, 98, 13450, 24576, 331.16
2026/08/10 19:02:22.513, 1, 98, 13918, 24576, 294.35
2026/08/10 19:02:22.514, 2, 98, 12842, 24576, 314.89
2026/08/10 19:02:27.515, 0, 88, 23788, 24576, 330.13
2026/08/10 19:02:27.515, 1, 100, 20692, 24576, 298.46
2026/08/10 19:02:27.516, 2, 100, 21696, 24576, 319.21
2026/08/10 19:02:32.517, 0, 94, 23788, 24576, 302.40
2026/08/10 19:02:32.517, 1, 92, 20192, 24576, 290.37
2026/08/10 19:02:32.518, 2, 100, 20974, 24576, 311.14
2026/08/10 19:02:37.519, 0, 89, 21748, 24576, 303.70
2026/08/10 19:02:37.520, 1, 89, 22732, 24576, 294.36
2026/08/10 19:02:37.521, 2, 100, 21696, 24576, 320.26
2026/08/10 19:02:42.521, 0, 82, 21748, 24576, 337.49
2026/08/10 19:02:42.522, 1, 80, 22732, 24576, 312.81
2026/08/10 19:02:42.523, 2, 84, 21696, 24576, 318.81
2026/08/10 19:02:47.524, 0, 99, 21748, 24576, 309.64
2026/08/10 19:02:47.524, 1, 86, 22732, 24576, 296.35
2026/08/10 19:02:47.525, 2, 84, 21696, 24576, 313.21
2026/08/10 19:02:52.526, 0, 98, 18230, 24576, 335.72
2026/08/10 19:02:52.526, 1, 98, 15982, 24576, 291.12
2026/08/10 19:02:52.527, 2, 98, 16182, 24576, 308.15
2026/08/10 19:02:57.530, 0, 90, 20398, 24576, 221.01
2026/08/10 19:02:57.530, 1, 92, 20564, 24576, 232.89
2026/08/10 19:02:57.531, 2, 88, 20326, 24576, 301.42
2026/08/10 19:03:02.532, 0, 92, 23166, 24576, 303.83
2026/08/10 19:03:02.533, 1, 91, 22192, 24576, 308.50
2026/08/10 19:03:02.534, 2, 87, 20894, 24576, 309.76
2026/08/10 19:03:07.534, 0, 92, 22766, 24576, 307.49
2026/08/10 19:03:07.535, 1, 93, 20272, 24576, 298.32
2026/08/10 19:03:07.536, 2, 88, 20854, 24576, 306.35
2026/08/10 19:03:12.537, 0, 78, 23166, 24576, 336.19
2026/08/10 19:03:12.537, 1, 80, 22192, 24576, 313.61
2026/08/10 19:03:12.538, 2, 80, 22994, 24576, 331.39
2026/08/10 19:03:17.538, 0, 83, 23166, 24576, 339.58
2026/08/10 19:03:17.539, 1, 84, 22192, 24576, 308.03
2026/08/10 19:03:17.540, 2, 83, 22994, 24576, 323.68
2026/08/10 19:03:22.541, 0, 100, 23166, 24576, 338.46
2026/08/10 19:03:22.541, 1, 90, 12692, 24576, 282.21
2026/08/10 19:03:22.542, 2, 100, 13922, 24576, 298.16
2026/08/10 19:03:27.543, 0, 99, 23166, 24576, 333.72
2026/08/10 19:03:27.544, 1, 98, 13062, 24576, 294.64
2026/08/10 19:03:27.544, 2, 100, 21458, 24576, 335.38
2026/08/10 19:03:32.545, 0, 93, 21568, 24576, 300.29
2026/08/10 19:03:32.546, 1, 93, 23216, 24576, 295.21
2026/08/10 19:03:32.547, 2, 87, 22052, 24576, 292.34
2026/08/10 19:03:37.549, 0, 96, 23608, 24576, 325.52
2026/08/10 19:03:37.549, 1, 100, 23216, 24576, 312.30
2026/08/10 19:03:37.550, 2, 100, 22052, 24576, 303.20
2026/08/10 19:03:42.551, 0, 100, 23608, 24576, 291.19
2026/08/10 19:03:42.551, 1, 100, 23456, 24576, 308.14
2026/08/10 19:03:42.552, 2, 100, 23712, 24576, 291.75
2026/08/10 19:03:47.553, 0, 79, 23608, 24576, 335.62
2026/08/10 19:03:47.554, 1, 83, 23216, 24576, 309.91
2026/08/10 19:03:47.554, 2, 81, 22052, 24576, 330.98
2026/08/10 19:03:52.555, 0, 85, 23608, 24576, 339.83
2026/08/10 19:03:52.556, 1, 86, 23216, 24576, 310.83
2026/08/10 19:03:52.556, 2, 85, 22052, 24576, 338.60
2026/08/10 19:03:57.557, 0, 95, 16970, 24576, 311.48
2026/08/10 19:03:57.558, 1, 98, 24202, 24576, 286.62
2026/08/10 19:03:57.559, 2, 98, 23822, 24576, 336.92
2026/08/10 19:04:02.559, 0, 100, 14470, 24576, 248.10
2026/08/10 19:04:02.560, 1, 40, 13342, 24576, 272.87
2026/08/10 19:04:02.560, 2, 82, 13798, 24576, 288.28
2026/08/10 19:04:07.561, 0, 87, 22806, 24576, 340.07
2026/08/10 19:04:07.562, 1, 89, 23394, 24576, 300.68
2026/08/10 19:04:07.562, 2, 89, 21772, 24576, 321.72
2026/08/10 19:04:12.563, 0, 96, 20766, 24576, 312.28
2026/08/10 19:04:12.569, 1, 97, 23394, 24576, 300.65
2026/08/10 19:04:12.570, 2, 93, 19490, 24576, 316.56
2026/08/10 19:04:17.571, 0, 81, 22806, 24576, 336.77
2026/08/10 19:04:17.572, 1, 82, 23394, 24576, 310.63
2026/08/10 19:04:17.573, 2, 76, 21772, 24576, 334.38
2026/08/10 19:04:22.574, 0, 82, 22806, 24576, 339.24
2026/08/10 19:04:22.575, 1, 83, 23394, 24576, 303.82
2026/08/10 19:04:22.575, 2, 82, 21772, 24576, 329.77
2026/08/10 19:04:27.576, 0, 100, 13590, 24576, 319.28
2026/08/10 19:04:27.577, 1, 98, 12862, 24576, 324.74
2026/08/10 19:04:27.577, 2, 98, 14002, 24576, 292.40
2026/08/10 19:04:32.578, 0, 98, 13590, 24576, 326.83
2026/08/10 19:04:32.579, 1, 98, 12862, 24576, 305.49
2026/08/10 19:04:32.579, 2, 99, 13998, 24576, 302.61
2026/08/10 19:04:37.580, 0, 100, 23910, 24576, 331.72
2026/08/10 19:04:37.581, 1, 100, 23394, 24576, 325.45
2026/08/10 19:04:37.581, 2, 100, 22934, 24576, 320.99
2026/08/10 19:04:42.582, 0, 85, 23910, 24576, 327.49
2026/08/10 19:04:42.583, 1, 81, 23394, 24576, 294.51
2026/08/10 19:04:42.584, 2, 75, 22934, 24576, 309.89
2026/08/10 19:04:47.585, 0, 86, 23910, 24576, 335.15
2026/08/10 19:04:47.585, 1, 88, 23394, 24576, 309.36
2026/08/10 19:04:47.586, 2, 89, 22934, 24576, 324.99
2026/08/10 19:04:52.586, 0, 82, 23910, 24576, 336.15
2026/08/10 19:04:52.587, 1, 82, 23394, 24576, 306.88
2026/08/10 19:04:52.587, 2, 82, 22934, 24576, 325.10
2026/08/10 19:04:57.588, 0, 98, 23910, 24576, 257.03
2026/08/10 19:04:57.589, 1, 98, 23394, 24576, 257.16
2026/08/10 19:04:57.589, 2, 98, 22934, 24576, 320.49
2026/08/10 19:05:02.590, 0, 99, 13770, 24576, 336.03
2026/08/10 19:05:02.591, 1, 98, 12840, 24576, 304.48
2026/08/10 19:05:02.591, 2, 98, 13062, 24576, 310.31
2026/08/10 19:05:07.592, 0, 94, 22786, 24576, 236.55
2026/08/10 19:05:07.593, 1, 93, 21910, 24576, 240.67
2026/08/10 19:05:07.594, 2, 93, 23512, 24576, 303.01
2026/08/10 19:05:12.595, 0, 100, 22844, 24576, 287.28
2026/08/10 19:05:12.596, 1, 100, 22310, 24576, 297.30
2026/08/10 19:05:12.597, 2, 100, 23936, 24576, 307.32
2026/08/10 19:05:17.598, 0, 88, 22844, 24576, 311.02
2026/08/10 19:05:17.598, 1, 88, 20330, 24576, 299.23
2026/08/10 19:05:17.599, 2, 89, 21736, 24576, 315.82
2026/08/10 19:05:22.599, 0, 82, 22844, 24576, 321.42
2026/08/10 19:05:22.600, 1, 83, 20330, 24576, 326.42
2026/08/10 19:05:22.600, 2, 82, 21736, 24576, 329.18
2026/08/10 19:05:27.601, 0, 85, 22844, 24576, 339.30
2026/08/10 19:05:27.602, 1, 83, 20330, 24576, 305.98
2026/08/10 19:05:27.602, 2, 85, 21736, 24576, 317.82
2026/08/10 19:05:32.603, 0, 97, 13410, 24576, 321.79
2026/08/10 19:05:32.604, 1, 98, 14002, 24576, 304.61
2026/08/10 19:05:32.605, 2, 98, 17666, 24576, 284.48
2026/08/10 19:05:37.606, 0, 39, 13790, 24576, 299.39
2026/08/10 19:05:37.607, 1, 99, 13978, 24576, 283.05
2026/08/10 19:05:37.608, 2, 98, 13324, 24576, 315.37
2026/08/10 19:05:42.609, 0, 100, 23528, 24576, 327.51
2026/08/10 19:05:42.609, 1, 100, 23012, 24576, 331.70
2026/08/10 19:05:42.610, 2, 100, 24036, 24576, 337.84
2026/08/10 19:05:47.610, 0, 88, 23528, 24576, 326.10
2026/08/10 19:05:47.611, 1, 89, 23012, 24576, 314.84
2026/08/10 19:05:47.611, 2, 89, 24036, 24576, 313.90
2026/08/10 19:05:52.613, 0, 52, 23528, 24576, 289.05
2026/08/10 19:05:52.613, 1, 22, 23012, 24576, 277.92
2026/08/10 19:05:52.614, 2, 31, 24036, 24576, 288.18
2026/08/10 19:05:57.615, 0, 84, 23528, 24576, 260.59
2026/08/10 19:05:57.615, 1, 84, 23012, 24576, 305.60
2026/08/10 19:05:57.616, 2, 85, 24036, 24576, 318.74
2026/08/10 19:06:02.616, 0, 98, 23528, 24576, 337.47
2026/08/10 19:06:02.619, 1, 98, 23592, 24576, 317.20
2026/08/10 19:06:02.620, 2, 98, 24036, 24576, 324.94
2026/08/10 19:06:07.621, 0, 98, 23528, 24576, 332.86
2026/08/10 19:06:07.621, 1, 94, 18282, 24576, 291.19
2026/08/10 19:06:07.622, 2, 91, 12182, 24576, 285.54
2026/08/10 19:06:12.623, 0, 100, 23728, 24576, 325.11
2026/08/10 19:06:12.623, 1, 94, 22874, 24576, 294.65
2026/08/10 19:06:12.624, 2, 93, 20512, 24576, 293.18
2026/08/10 19:06:17.625, 0, 100, 23728, 24576, 326.12
2026/08/10 19:06:17.626, 1, 86, 22874, 24576, 295.80
2026/08/10 19:06:17.626, 2, 85, 20512, 24576, 300.14
2026/08/10 19:06:22.627, 0, 100, 23728, 24576, 328.17
2026/08/10 19:06:22.628, 1, 95, 22874, 24576, 300.11
2026/08/10 19:06:22.628, 2, 91, 20512, 24576, 302.46
2026/08/10 19:06:27.629, 0, 81, 23728, 24576, 338.06
2026/08/10 19:06:27.630, 1, 84, 22874, 24576, 307.10
2026/08/10 19:06:27.630, 2, 81, 22712, 24576, 324.68
2026/08/10 19:06:32.631, 0, 100, 23728, 24576, 338.76
2026/08/10 19:06:32.632, 1, 98, 22874, 24576, 278.16
2026/08/10 19:06:32.633, 2, 98, 22712, 24576, 278.50
2026/08/10 19:06:37.634, 0, 98, 13530, 24576, 326.18
2026/08/10 19:06:37.634, 1, 98, 12822, 24576, 295.84
2026/08/10 19:06:37.635, 2, 98, 22842, 24576, 324.30
2026/08/10 19:06:42.636, 0, 89, 23930, 24576, 320.40
2026/08/10 19:06:42.636, 1, 88, 22412, 24576, 313.30
2026/08/10 19:06:42.637, 2, 89, 22592, 24576, 300.81
2026/08/10 19:06:47.638, 0, 88, 23410, 24576, 335.86
2026/08/10 19:06:47.638, 1, 99, 22732, 24576, 321.30
2026/08/10 19:06:47.639, 2, 86, 22592, 24576, 317.76
2026/08/10 19:06:52.640, 0, 89, 23410, 24576, 335.54
2026/08/10 19:06:52.640, 1, 89, 22732, 24576, 324.53
2026/08/10 19:06:52.641, 2, 89, 22592, 24576, 316.40
2026/08/10 19:06:57.642, 0, 82, 23410, 24576, 336.57
2026/08/10 19:06:57.643, 1, 82, 20772, 24576, 318.96
2026/08/10 19:06:57.644, 2, 83, 22592, 24576, 335.25
2026/08/10 19:07:02.645, 0, 80, 23410, 24576, 338.05
2026/08/10 19:07:02.645, 1, 84, 20772, 24576, 304.86
2026/08/10 19:07:02.646, 2, 83, 22592, 24576, 331.76
2026/08/10 19:07:07.646, 0, 98, 13430, 24576, 335.08
2026/08/10 19:07:07.647, 1, 100, 13042, 24576, 312.24
2026/08/10 19:07:07.647, 2, 82, 14442, 24576, 298.99
2026/08/10 19:07:12.650, 0, 87, 20878, 24576, 202.54
2026/08/10 19:07:12.651, 1, 51, 20744, 24576, 287.40
2026/08/10 19:07:12.651, 2, 87, 19904, 24576, 266.33
2026/08/10 19:07:17.652, 0, 89, 21226, 24576, 307.10
2026/08/10 19:07:17.653, 1, 88, 21174, 24576, 292.55
2026/08/10 19:07:17.654, 2, 90, 23134, 24576, 325.23
2026/08/10 19:07:22.654, 0, 89, 21226, 24576, 312.13
2026/08/10 19:07:22.655, 1, 89, 20814, 24576, 291.96
2026/08/10 19:07:22.656, 2, 90, 23134, 24576, 327.39
2026/08/10 19:07:27.656, 0, 82, 20886, 24576, 331.81
2026/08/10 19:07:27.657, 1, 84, 20814, 24576, 321.36
2026/08/10 19:07:27.657, 2, 82, 23134, 24576, 252.48
2026/08/10 19:07:32.658, 0, 76, 20886, 24576, 336.31
2026/08/10 19:07:32.659, 1, 78, 20814, 24576, 302.47
2026/08/10 19:07:32.659, 2, 79, 23134, 24576, 324.52
2026/08/10 19:07:37.660, 0, 97, 13750, 24576, 298.64
2026/08/10 19:07:37.661, 1, 94, 14002, 24576, 264.56
2026/08/10 19:07:37.662, 2, 98, 14002, 24576, 288.99
2026/08/10 19:07:42.662, 0, 98, 13750, 24576, 335.78
2026/08/10 19:07:42.663, 1, 98, 14002, 24576, 292.18
2026/08/10 19:07:42.664, 2, 98, 13998, 24576, 337.11
2026/08/10 19:07:47.664, 0, 88, 23608, 24576, 326.83
2026/08/10 19:07:47.665, 1, 87, 22932, 24576, 305.36
2026/08/10 19:07:47.666, 2, 89, 22192, 24576, 321.95
2026/08/10 19:07:52.667, 0, 100, 23608, 24576, 323.94
2026/08/10 19:07:52.667, 1, 100, 22932, 24576, 296.10
2026/08/10 19:07:52.668, 2, 100, 24072, 24576, 323.43
2026/08/10 19:07:57.669, 0, 79, 23608, 24576, 283.19
2026/08/10 19:07:57.669, 1, 78, 22932, 24576, 305.36
2026/08/10 19:07:57.670, 2, 82, 22192, 24576, 295.74
2026/08/10 19:08:02.671, 0, 81, 23608, 24576, 337.85
2026/08/10 19:08:02.672, 1, 82, 22932, 24576, 309.63
2026/08/10 19:08:02.672, 2, 82, 22192, 24576, 326.71
2026/08/10 19:08:07.673, 0, 100, 16530, 24576, 297.34
2026/08/10 19:08:07.674, 1, 100, 14104, 24576, 274.55
2026/08/10 19:08:07.674, 2, 98, 13982, 24576, 279.09
2026/08/10 19:08:12.675, 0, 98, 21410, 24576, 337.94
2026/08/10 19:08:12.676, 1, 98, 13004, 24576, 289.99
2026/08/10 19:08:12.677, 2, 99, 13978, 24576, 303.58
2026/08/10 19:08:17.677, 0, 82, 22226, 24576, 304.88
2026/08/10 19:08:17.678, 1, 100, 23336, 24576, 304.40
2026/08/10 19:08:17.679, 2, 82, 23234, 24576, 309.48
2026/08/10 19:08:22.679, 0, 76, 22226, 24576, 298.99
2026/08/10 19:08:22.680, 1, 80, 23336, 24576, 303.63
2026/08/10 19:08:22.681, 2, 88, 23234, 24576, 301.46
2026/08/10 19:08:27.682, 0, 89, 22226, 24576, 308.95
2026/08/10 19:08:27.682, 1, 89, 23336, 24576, 310.89
2026/08/10 19:08:27.683, 2, 86, 23234, 24576, 315.01
2026/08/10 19:08:32.684, 0, 84, 22226, 24576, 337.57
2026/08/10 19:08:32.684, 1, 81, 23336, 24576, 305.90
2026/08/10 19:08:32.684, 2, 84, 23234, 24576, 335.62
2026/08/10 19:08:37.686, 0, 74, 22226, 24576, 339.42
2026/08/10 19:08:37.686, 1, 100, 23336, 24576, 264.84
2026/08/10 19:08:37.687, 2, 98, 23234, 24576, 268.83
2026/08/10 19:08:42.687, 0, 98, 13530, 24576, 338.13
2026/08/10 19:08:42.688, 1, 98, 12862, 24576, 298.90
2026/08/10 19:08:42.689, 2, 97, 19582, 24576, 316.84
2026/08/10 19:08:47.690, 0, 100, 21506, 24576, 309.77
2026/08/10 19:08:47.690, 1, 100, 20370, 24576, 295.11
2026/08/10 19:08:47.691, 2, 86, 22794, 24576, 330.85
2026/08/10 19:08:52.692, 0, 89, 21506, 24576, 313.28
2026/08/10 19:08:52.692, 1, 89, 20370, 24576, 310.72
2026/08/10 19:08:52.693, 2, 88, 22794, 24576, 339.39
2026/08/10 19:08:57.694, 0, 99, 23666, 24576, 309.86
2026/08/10 19:08:57.694, 1, 93, 22370, 24576, 291.36
2026/08/10 19:08:57.695, 2, 96, 21154, 24576, 315.44
2026/08/10 19:09:02.696, 0, 85, 21506, 24576, 337.21
2026/08/10 19:09:02.696, 1, 80, 20370, 24576, 307.28
2026/08/10 19:09:02.697, 2, 85, 22794, 24576, 329.80
2026/08/10 19:09:07.698, 0, 85, 21506, 24576, 339.73
2026/08/10 19:09:07.699, 1, 98, 20370, 24576, 277.14
2026/08/10 19:09:07.699, 2, 100, 22794, 24576, 309.21
2026/08/10 19:09:12.700, 0, 98, 13570, 24576, 339.31
2026/08/10 19:09:12.701, 1, 98, 20370, 24576, 292.63
2026/08/10 19:09:12.702, 2, 99, 19722, 24576, 318.43
2026/08/10 19:09:17.703, 0, 100, 21928, 24576, 318.58
2026/08/10 19:09:17.703, 1, 100, 23134, 24576, 303.90
2026/08/10 19:09:17.704, 2, 88, 22974, 24576, 331.69
2026/08/10 19:09:22.705, 0, 100, 21928, 24576, 314.03
2026/08/10 19:09:22.705, 1, 100, 23134, 24576, 307.55
2026/08/10 19:09:22.706, 2, 89, 22974, 24576, 334.82
2026/08/10 19:09:27.707, 0, 100, 21928, 24576, 296.40
2026/08/10 19:09:27.707, 1, 99, 23134, 24576, 287.55
2026/08/10 19:09:27.708, 2, 100, 22974, 24576, 319.57
2026/08/10 19:09:32.709, 0, 83, 21928, 24576, 336.47
2026/08/10 19:09:32.709, 1, 82, 23134, 24576, 307.48
2026/08/10 19:09:32.710, 2, 82, 22974, 24576, 335.85
2026/08/10 19:09:37.711, 0, 82, 21928, 24576, 337.88
2026/08/10 19:09:37.711, 1, 87, 23134, 24576, 308.56
2026/08/10 19:09:37.712, 2, 85, 22974, 24576, 322.41
2026/08/10 19:09:42.713, 0, 100, 16370, 24576, 337.57
2026/08/10 19:09:42.714, 1, 100, 23134, 24576, 284.12
2026/08/10 19:09:42.714, 2, 98, 14002, 24576, 313.89
2026/08/10 19:09:47.715, 0, 100, 14370, 24576, 184.80
2026/08/10 19:09:47.716, 1, 100, 23134, 24576, 189.39
2026/08/10 19:09:47.716, 2, 94, 13998, 24576, 298.45
2026/08/10 19:09:52.719, 0, 99, 23528, 24576, 297.23
2026/08/10 19:09:52.719, 1, 100, 22692, 24576, 302.23
2026/08/10 19:09:52.720, 2, 95, 23576, 24576, 304.38
2026/08/10 19:09:57.721, 0, 100, 23528, 24576, 315.91
2026/08/10 19:09:57.721, 1, 100, 20612, 24576, 293.99
2026/08/10 19:09:57.722, 2, 100, 23576, 24576, 323.76
2026/08/10 19:10:02.722, 0, 8, 23528, 24576, 265.76
2026/08/10 19:10:02.723, 1, 77, 22692, 24576, 257.47
2026/08/10 19:10:02.726, 2, 23, 23576, 24576, 275.58
2026/08/10 19:10:07.727, 0, 84, 23528, 24576, 336.73
2026/08/10 19:10:07.728, 1, 86, 22692, 24576, 311.39
2026/08/10 19:10:07.728, 2, 85, 23576, 24576, 323.20
2026/08/10 19:10:12.729, 0, 98, 23568, 24576, 334.63
2026/08/10 19:10:12.729, 1, 100, 23552, 24576, 297.83
2026/08/10 19:10:12.730, 2, 98, 23576, 24576, 333.07
2026/08/10 19:10:17.731, 0, 90, 14490, 24576, 299.69
2026/08/10 19:10:17.731, 1, 100, 22062, 24576, 298.38
2026/08/10 19:10:17.732, 2, 98, 23576, 24576, 308.36
2026/08/10 19:10:22.733, 0, 100, 21666, 24576, 298.74
2026/08/10 19:10:22.733, 1, 89, 23224, 24576, 310.24
2026/08/10 19:10:22.734, 2, 100, 20648, 24576, 281.62
2026/08/10 19:10:27.735, 0, 96, 21688, 24576, 304.98
2026/08/10 19:10:27.737, 1, 95, 23276, 24576, 304.65
2026/08/10 19:10:27.738, 2, 89, 20672, 24576, 297.98
2026/08/10 19:10:32.739, 0, 100, 23728, 24576, 323.74
2026/08/10 19:10:32.739, 1, 89, 23276, 24576, 304.65
2026/08/10 19:10:32.740, 2, 89, 22772, 24576, 324.27
2026/08/10 19:10:37.740, 0, 83, 23728, 24576, 333.88
2026/08/10 19:10:37.741, 1, 83, 23276, 24576, 317.52
2026/08/10 19:10:37.741, 2, 82, 22772, 24576, 329.90
2026/08/10 19:10:42.742, 0, 84, 23728, 24576, 339.09
2026/08/10 19:10:42.743, 1, 85, 23276, 24576, 310.23
2026/08/10 19:10:42.743, 2, 84, 22772, 24576, 336.67
2026/08/10 19:10:47.744, 0, 98, 13430, 24576, 336.06
2026/08/10 19:10:47.745, 1, 98, 23276, 24576, 297.79
2026/08/10 19:10:47.745, 2, 98, 22772, 24576, 317.36
2026/08/10 19:10:52.746, 0, 100, 13430, 24576, 267.65
2026/08/10 19:10:52.747, 1, 66, 23276, 24576, 296.14
2026/08/10 19:10:52.747, 2, 41, 22772, 24576, 278.38
2026/08/10 19:10:57.748, 0, 100, 23306, 24576, 325.45
2026/08/10 19:10:57.749, 1, 100, 21794, 24576, 317.56
2026/08/10 19:10:57.750, 2, 100, 22914, 24576, 341.17
2026/08/10 19:11:02.750, 0, 100, 23306, 24576, 322.52
2026/08/10 19:11:02.751, 1, 100, 21794, 24576, 305.77
2026/08/10 19:11:02.751, 2, 100, 22914, 24576, 339.61
2026/08/10 19:11:07.752, 0, 81, 23306, 24576, 329.58
2026/08/10 19:11:07.753, 1, 81, 21794, 24576, 320.67
2026/08/10 19:11:07.753, 2, 81, 22914, 24576, 323.86
2026/08/10 19:11:12.755, 0, 82, 23306, 24576, 338.87
2026/08/10 19:11:12.755, 1, 83, 21794, 24576, 304.07
2026/08/10 19:11:12.756, 2, 81, 22914, 24576, 327.05
2026/08/10 19:11:17.756, 0, 98, 19810, 24576, 311.16
2026/08/10 19:11:17.757, 1, 90, 13976, 24576, 246.66
2026/08/10 19:11:17.758, 2, 80, 13682, 24576, 287.06
2026/08/10 19:11:22.758, 0, 98, 23350, 24576, 338.22
2026/08/10 19:11:22.759, 1, 94, 13996, 24576, 277.24
2026/08/10 19:11:22.760, 2, 98, 13678, 24576, 314.04
2026/08/10 19:11:27.761, 0, 100, 22928, 24576, 314.17
2026/08/10 19:11:27.761, 1, 100, 23336, 24576, 315.42
2026/08/10 19:11:27.762, 2, 100, 22274, 24576, 318.12
2026/08/10 19:11:32.763, 0, 96, 21568, 24576, 299.20
2026/08/10 19:11:32.763, 1, 96, 21876, 24576, 310.81
2026/08/10 19:11:32.764, 2, 91, 22154, 24576, 291.19
2026/08/10 19:11:37.768, 0, 100, 22928, 24576, 317.66
2026/08/10 19:11:37.768, 1, 100, 23336, 24576, 301.60
2026/08/10 19:11:37.769, 2, 100, 22274, 24576, 316.86
2026/08/10 19:11:42.770, 0, 84, 22928, 24576, 337.69
2026/08/10 19:11:42.771, 1, 82, 23336, 24576, 304.26
2026/08/10 19:11:42.771, 2, 83, 22274, 24576, 317.81
2026/08/10 19:11:47.772, 0, 100, 22928, 24576, 286.20
2026/08/10 19:11:47.772, 1, 82, 23336, 24576, 305.28
2026/08/10 19:11:47.773, 2, 84, 22274, 24576, 337.94
2026/08/10 19:11:52.774, 0, 98, 14410, 24576, 339.10
2026/08/10 19:11:52.774, 1, 98, 13982, 24576, 316.42
2026/08/10 19:11:52.775, 2, 98, 24242, 24576, 322.91
2026/08/10 19:11:57.776, 0, 73, 14410, 24576, 304.54
2026/08/10 19:11:57.776, 1, 89, 13960, 24576, 303.91
2026/08/10 19:11:57.777, 2, 44, 13022, 24576, 292.58
2026/08/10 19:12:02.778, 0, 89, 23006, 24576, 338.39
2026/08/10 19:12:02.778, 1, 100, 22976, 24576, 312.45
2026/08/10 19:12:02.779, 2, 100, 22974, 24576, 328.24
2026/08/10 19:12:07.780, 0, 89, 23006, 24576, 335.49
2026/08/10 19:12:07.780, 1, 96, 22976, 24576, 325.39
2026/08/10 19:12:07.781, 2, 100, 22974, 24576, 326.12
2026/08/10 19:12:12.781, 0, 83, 23006, 24576, 335.46
2026/08/10 19:12:12.782, 1, 81, 22976, 24576, 323.42
2026/08/10 19:12:12.783, 2, 83, 22974, 24576, 335.50
2026/08/10 19:12:17.784, 0, 83, 23006, 24576, 338.33
2026/08/10 19:12:17.785, 1, 81, 22976, 24576, 308.56
2026/08/10 19:12:17.785, 2, 82, 22974, 24576, 322.48
2026/08/10 19:12:22.786, 0, 100, 13450, 24576, 325.33
2026/08/10 19:12:22.787, 1, 98, 12842, 24576, 315.70
2026/08/10 19:12:22.787, 2, 98, 13922, 24576, 321.30
2026/08/10 19:12:27.788, 0, 100, 13450, 24576, 226.82
2026/08/10 19:12:27.789, 1, 48, 12842, 24576, 280.10
2026/08/10 19:12:27.789, 2, 86, 13898, 24576, 275.55
2026/08/10 19:12:32.790, 0, 100, 23306, 24576, 328.30
2026/08/10 19:12:32.791, 1, 100, 20832, 24576, 293.32
2026/08/10 19:12:32.791, 2, 89, 22792, 24576, 339.57
2026/08/10 19:12:37.792, 0, 100, 23306, 24576, 326.55
2026/08/10 19:12:37.793, 1, 100, 20832, 24576, 290.92
2026/08/10 19:12:37.794, 2, 82, 22792, 24576, 339.07
2026/08/10 19:12:42.794, 0, 82, 23306, 24576, 333.52
2026/08/10 19:12:42.795, 1, 80, 20832, 24576, 322.34
2026/08/10 19:12:42.796, 2, 81, 22792, 24576, 330.70
2026/08/10 19:12:47.797, 0, 84, 23306, 24576, 338.81
2026/08/10 19:12:47.797, 1, 81, 20832, 24576, 305.22
2026/08/10 19:12:47.798, 2, 84, 22792, 24576, 321.47
2026/08/10 19:12:52.799, 0, 98, 23306, 24576, 310.42
2026/08/10 19:12:52.799, 1, 98, 20832, 24576, 301.84
2026/08/10 19:12:52.800, 2, 100, 21142, 24576, 333.12
2026/08/10 19:12:57.802, 0, 100, 23306, 24576, 218.23
2026/08/10 19:12:57.802, 1, 100, 20832, 24576, 250.62
2026/08/10 19:12:57.803, 2, 92, 13158, 24576, 316.60
2026/08/10 19:13:02.804, 0, 100, 23088, 24576, 329.99
2026/08/10 19:13:02.804, 1, 100, 20652, 24576, 291.33
2026/08/10 19:13:02.805, 2, 89, 22632, 24576, 329.52
2026/08/10 19:13:07.806, 0, 84, 23088, 24576, 329.20
2026/08/10 19:13:07.806, 1, 88, 20652, 24576, 293.46
2026/08/10 19:13:07.807, 2, 100, 22632, 24576, 315.94
2026/08/10 19:13:12.808, 0, 80, 23088, 24576, 336.92
2026/08/10 19:13:12.809, 1, 81, 20652, 24576, 309.94
2026/08/10 19:13:12.809, 2, 82, 22632, 24576, 336.12
2026/08/10 19:13:17.810, 0, 83, 23088, 24576, 340.00
2026/08/10 19:13:17.811, 1, 84, 20652, 24576, 308.58
2026/08/10 19:13:17.811, 2, 82, 22632, 24576, 321.74
2026/08/10 19:13:22.812, 0, 100, 13570, 24576, 341.29
2026/08/10 19:13:22.813, 1, 98, 16822, 24576, 275.89
2026/08/10 19:13:22.813, 2, 98, 22632, 24576, 313.05
2026/08/10 19:13:27.814, 0, 97, 13570, 24576, 334.87
2026/08/10 19:13:27.815, 1, 98, 13442, 24576, 300.53
2026/08/10 19:13:27.815, 2, 40, 22632, 24576, 289.96
2026/08/10 19:13:32.816, 0, 89, 24128, 24576, 328.98
2026/08/10 19:13:32.817, 1, 100, 23096, 24576, 301.36
2026/08/10 19:13:32.817, 2, 89, 22894, 24576, 308.67
2026/08/10 19:13:37.818, 0, 97, 24128, 24576, 310.56
2026/08/10 19:13:37.819, 1, 97, 23096, 24576, 296.47
2026/08/10 19:13:37.819, 2, 97, 22894, 24576, 296.73
2026/08/10 19:13:42.820, 0, 100, 21928, 24576, 308.82
2026/08/10 19:13:42.821, 1, 100, 23096, 24576, 317.36
2026/08/10 19:13:42.821, 2, 90, 22894, 24576, 312.90
2026/08/10 19:13:47.822, 0, 78, 21928, 24576, 335.91
2026/08/10 19:13:47.822, 1, 80, 23096, 24576, 302.66
2026/08/10 19:13:47.823, 2, 82, 22894, 24576, 335.24
2026/08/10 19:13:52.824, 0, 83, 21928, 24576, 337.89
2026/08/10 19:13:52.824, 1, 84, 23096, 24576, 306.32
2026/08/10 19:13:52.825, 2, 83, 22894, 24576, 332.29
2026/08/10 19:13:57.826, 0, 98, 13750, 24576, 336.91
2026/08/10 19:13:57.827, 1, 98, 12862, 24576, 283.74
2026/08/10 19:13:57.827, 2, 86, 13882, 24576, 293.95
2026/08/10 19:14:02.828, 0, 100, 13750, 24576, 182.19
2026/08/10 19:14:02.829, 1, 100, 12862, 24576, 192.62
2026/08/10 19:14:02.830, 2, 100, 13002, 24576, 313.17
2026/08/10 19:14:07.831, 0, 100, 23708, 24576, 304.35
2026/08/10 19:14:07.831, 1, 100, 22552, 24576, 306.21
2026/08/10 19:14:07.832, 2, 89, 23156, 24576, 314.09
2026/08/10 19:14:12.832, 0, 100, 23708, 24576, 317.10
2026/08/10 19:14:12.833, 1, 100, 22552, 24576, 322.96
2026/08/10 19:14:12.833, 2, 100, 23156, 24576, 331.64
2026/08/10 19:14:17.834, 0, 20, 23708, 24576, 255.56
2026/08/10 19:14:17.835, 1, 22, 20552, 24576, 262.10
2026/08/10 19:14:17.835, 2, 22, 23156, 24576, 266.90
2026/08/10 19:14:22.836, 0, 80, 23708, 24576, 335.42
2026/08/10 19:14:22.837, 1, 81, 20552, 24576, 307.68
2026/08/10 19:14:22.838, 2, 81, 23156, 24576, 322.07
2026/08/10 19:14:27.839, 0, 97, 20908, 24576, 337.63
2026/08/10 19:14:27.839, 1, 98, 23972, 24576, 312.87
2026/08/10 19:14:27.840, 2, 97, 23856, 24576, 335.33
2026/08/10 19:14:32.841, 0, 98, 13430, 24576, 336.75
2026/08/10 19:14:32.841, 1, 98, 13002, 24576, 300.96
2026/08/10 19:14:32.843, 2, 98, 13262, 24576, 315.00
2026/08/10 19:14:37.844, 0, 100, 21568, 24576, 330.26
2026/08/10 19:14:37.844, 1, 89, 21494, 24576, 305.69
2026/08/10 19:14:37.845, 2, 89, 22892, 24576, 334.72
2026/08/10 19:14:42.846, 0, 88, 23608, 24576, 325.49
2026/08/10 19:14:42.846, 1, 97, 23634, 24576, 298.42
2026/08/10 19:14:42.847, 2, 100, 22892, 24576, 315.20
2026/08/10 19:14:47.848, 0, 24, 21568, 24576, 277.75
2026/08/10 19:14:47.849, 1, 87, 21494, 24576, 284.71
2026/08/10 19:14:47.849, 2, 60, 22892, 24576, 275.28
2026/08/10 19:14:52.850, 0, 84, 21568, 24576, 338.18
2026/08/10 19:14:52.851, 1, 80, 21494, 24576, 307.55
2026/08/10 19:14:52.851, 2, 84, 22892, 24576, 312.18
2026/08/10 19:14:57.852, 0, 90, 14410, 24576, 297.29
2026/08/10 19:14:57.852, 1, 98, 21494, 24576, 303.08
2026/08/10 19:14:57.853, 2, 85, 13922, 24576, 282.83
2026/08/10 19:15:02.854, 0, 98, 14450, 24576, 326.80
2026/08/10 19:15:02.855, 1, 98, 21494, 24576, 294.81
2026/08/10 19:15:02.855, 2, 98, 19718, 24576, 312.48
2026/08/10 19:15:07.856, 0, 100, 23468, 24576, 327.27
2026/08/10 19:15:07.857, 1, 100, 22074, 24576, 294.66
2026/08/10 19:15:07.857, 2, 89, 22452, 24576, 323.60
2026/08/10 19:15:12.858, 0, 95, 22908, 24576, 324.11
2026/08/10 19:15:12.859, 1, 94, 23154, 24576, 300.17
2026/08/10 19:15:12.859, 2, 88, 23472, 24576, 325.43
2026/08/10 19:15:17.860, 0, 21, 23128, 24576, 291.05
2026/08/10 19:15:17.861, 1, 21, 20974, 24576, 272.31
2026/08/10 19:15:17.861, 2, 41, 22112, 24576, 291.58
2026/08/10 19:15:22.863, 0, 83, 23128, 24576, 337.83
2026/08/10 19:15:22.864, 1, 81, 20974, 24576, 303.68
2026/08/10 19:15:22.865, 2, 84, 22112, 24576, 327.40
2026/08/10 19:15:27.865, 0, 100, 23888, 24576, 336.85
2026/08/10 19:15:27.866, 1, 98, 24214, 24576, 297.45
2026/08/10 19:15:27.867, 2, 97, 15912, 24576, 300.38
2026/08/10 19:15:32.867, 0, 98, 13750, 24576, 336.68
2026/08/10 19:15:32.868, 1, 96, 13998, 24576, 268.02
2026/08/10 19:15:32.868, 2, 98, 13002, 24576, 306.72
2026/08/10 19:15:37.869, 0, 98, 23528, 24576, 310.91
2026/08/10 19:15:37.870, 1, 89, 23454, 24576, 304.60
2026/08/10 19:15:37.870, 2, 97, 23294, 24576, 290.40
2026/08/10 19:15:42.871, 0, 97, 23528, 24576, 303.79
2026/08/10 19:15:42.872, 1, 93, 23454, 24576, 293.18
2026/08/10 19:15:42.873, 2, 100, 22952, 24576, 310.67
2026/08/10 19:15:47.873, 0, 96, 23528, 24576, 301.56
2026/08/10 19:15:47.874, 1, 97, 22494, 24576, 305.97
2026/08/10 19:15:47.875, 2, 87, 22334, 24576, 318.70
2026/08/10 19:15:52.876, 0, 85, 23528, 24576, 336.29
2026/08/10 19:15:52.876, 1, 79, 23454, 24576, 305.31
2026/08/10 19:15:52.877, 2, 83, 23294, 24576, 331.68
2026/08/10 19:15:57.878, 0, 98, 23528, 24576, 313.95
2026/08/10 19:15:57.878, 1, 98, 23454, 24576, 303.01
2026/08/10 19:15:57.879, 2, 100, 23294, 24576, 322.04
2026/08/10 19:16:02.880, 0, 98, 13470, 24576, 335.70
2026/08/10 19:16:02.880, 1, 100, 20676, 24576, 293.39
2026/08/10 19:16:02.881, 2, 99, 12862, 24576, 316.62
2026/08/10 19:16:07.883, 0, 100, 21588, 24576, 313.26
2026/08/10 19:16:07.884, 1, 100, 22712, 24576, 322.20
2026/08/10 19:16:07.884, 2, 100, 20994, 24576, 314.96
2026/08/10 19:16:12.885, 0, 100, 21588, 24576, 318.13
2026/08/10 19:16:12.886, 1, 100, 22712, 24576, 324.32
2026/08/10 19:16:12.886, 2, 100, 20994, 24576, 314.05
2026/08/10 19:16:17.887, 0, 100, 21588, 24576, 319.08
2026/08/10 19:16:17.888, 1, 100, 22712, 24576, 328.59
2026/08/10 19:16:17.889, 2, 100, 20994, 24576, 314.12
2026/08/10 19:16:22.890, 0, 85, 21588, 24576, 335.44
2026/08/10 19:16:22.890, 1, 82, 22712, 24576, 312.37
2026/08/10 19:16:22.891, 2, 85, 20994, 24576, 322.71
2026/08/10 19:16:27.892, 0, 85, 21588, 24576, 337.81
2026/08/10 19:16:27.892, 1, 88, 22712, 24576, 289.51
2026/08/10 19:16:27.893, 2, 100, 20994, 24576, 236.24
2026/08/10 19:16:32.894, 0, 100, 13590, 24576, 337.33
2026/08/10 19:16:32.894, 1, 98, 13280, 24576, 309.03
2026/08/10 19:16:32.895, 2, 100, 20994, 24576, 316.10
2026/08/10 19:16:37.896, 0, 100, 13590, 24576, 312.31
2026/08/10 19:16:37.896, 1, 100, 13280, 24576, 188.32
2026/08/10 19:16:37.897, 2, 100, 20994, 24576, 174.27
2026/08/10 19:16:42.898, 0, 100, 23730, 24576, 334.76
2026/08/10 19:16:42.899, 1, 100, 22150, 24576, 273.10
2026/08/10 19:16:42.899, 2, 100, 21390, 24576, 305.87
2026/08/10 19:16:47.900, 0, 89, 23350, 24576, 334.42
2026/08/10 19:16:47.901, 1, 100, 22150, 24576, 295.46
2026/08/10 19:16:47.901, 2, 89, 21210, 24576, 309.88
2026/08/10 19:16:52.902, 0, 78, 23350, 24576, 286.05
2026/08/10 19:16:52.902, 1, 81, 22150, 24576, 278.46
2026/08/10 19:16:52.903, 2, 80, 20870, 24576, 268.84
2026/08/10 19:16:57.904, 0, 85, 23350, 24576, 336.35
2026/08/10 19:16:57.905, 1, 84, 22150, 24576, 309.66
2026/08/10 19:16:57.905, 2, 84, 20870, 24576, 336.93
2026/08/10 19:17:02.906, 0, 98, 14450, 24576, 296.03
2026/08/10 19:17:02.907, 1, 100, 12942, 24576, 285.99
2026/08/10 19:17:02.907, 2, 98, 15862, 24576, 282.88
2026/08/10 19:17:07.908, 0, 98, 14450, 24576, 334.40
2026/08/10 19:17:07.909, 1, 98, 13322, 24576, 296.12
2026/08/10 19:17:07.909, 2, 100, 14080, 24576, 316.27
2026/08/10 19:17:12.910, 0, 100, 23488, 24576, 328.87
2026/08/10 19:17:12.911, 1, 100, 22792, 24576, 307.07
2026/08/10 19:17:12.912, 2, 100, 23032, 24576, 326.71
2026/08/10 19:17:17.913, 0, 100, 23488, 24576, 326.59
2026/08/10 19:17:17.913, 1, 88, 22792, 24576, 314.09
2026/08/10 19:17:17.914, 2, 92, 23032, 24576, 323.98
2026/08/10 19:17:22.915, 0, 83, 23488, 24576, 279.50
2026/08/10 19:17:22.915, 1, 81, 22792, 24576, 276.12
2026/08/10 19:17:22.916, 2, 82, 23032, 24576, 284.37
2026/08/10 19:17:27.917, 0, 85, 23488, 24576, 336.70
2026/08/10 19:17:27.917, 1, 82, 22792, 24576, 307.47
2026/08/10 19:17:27.918, 2, 84, 23032, 24576, 319.53
2026/08/10 19:17:32.919, 0, 98, 23488, 24576, 336.14
2026/08/10 19:17:32.919, 1, 98, 13962, 24576, 277.16
2026/08/10 19:17:32.920, 2, 98, 13042, 24576, 289.63
2026/08/10 19:17:37.921, 0, 74, 23488, 24576, 313.69
2026/08/10 19:17:37.922, 1, 98, 13940, 24576, 311.01
2026/08/10 19:17:37.922, 2, 100, 13042, 24576, 321.85
2026/08/10 19:17:42.923, 0, 100, 21108, 24576, 305.51
2026/08/10 19:17:42.923, 1, 100, 20692, 24576, 294.74
2026/08/10 19:17:42.924, 2, 100, 23074, 24576, 339.81
2026/08/10 19:17:47.926, 0, 100, 21108, 24576, 301.16
2026/08/10 19:17:47.926, 1, 100, 20692, 24576, 286.46
2026/08/10 19:17:47.927, 2, 100, 23074, 24576, 325.92
2026/08/10 19:17:52.928, 0, 78, 23168, 24576, 265.45
2026/08/10 19:17:52.929, 1, 73, 22752, 24576, 258.37
2026/08/10 19:17:52.929, 2, 87, 20854, 24576, 287.59
2026/08/10 19:17:57.930, 0, 84, 23168, 24576, 337.07
2026/08/10 19:17:57.930, 1, 84, 22752, 24576, 309.12
2026/08/10 19:17:57.931, 2, 85, 20854, 24576, 317.83
2026/08/10 19:18:02.932, 0, 100, 17210, 24576, 301.44
2026/08/10 19:18:02.933, 1, 91, 13922, 24576, 271.56
2026/08/10 19:18:02.933, 2, 96, 12902, 24576, 278.14
2026/08/10 19:18:07.934, 0, 98, 22730, 24576, 336.58
2026/08/10 19:18:07.934, 1, 100, 19676, 24576, 305.13
2026/08/10 19:18:07.935, 2, 98, 13282, 24576, 291.84
2026/08/10 19:18:12.936, 0, 93, 21526, 24576, 328.19
2026/08/10 19:18:12.936, 1, 100, 22592, 24576, 300.72
2026/08/10 19:18:12.937, 2, 100, 23032, 24576, 339.44
2026/08/10 19:18:17.938, 0, 100, 23686, 24576, 330.72
2026/08/10 19:18:17.938, 1, 100, 22592, 24576, 308.33
2026/08/10 19:18:17.939, 2, 97, 23032, 24576, 312.51
2026/08/10 19:18:22.940, 0, 4, 23686, 24576, 178.16
2026/08/10 19:18:22.941, 1, 84, 22592, 24576, 320.77
2026/08/10 19:18:22.941, 2, 80, 23032, 24576, 325.74
2026/08/10 19:18:27.942, 0, 83, 23686, 24576, 335.71
2026/08/10 19:18:27.942, 1, 84, 22592, 24576, 302.55
2026/08/10 19:18:27.943, 2, 84, 23032, 24576, 324.45
2026/08/10 19:18:32.944, 0, 100, 23686, 24576, 337.81
2026/08/10 19:18:32.944, 1, 98, 22592, 24576, 303.46
2026/08/10 19:18:32.945, 2, 98, 23032, 24576, 309.73
2026/08/10 19:18:37.946, 0, 98, 13570, 24576, 338.44
2026/08/10 19:18:37.946, 1, 98, 13282, 24576, 311.23
2026/08/10 19:18:37.947, 2, 98, 24122, 24576, 328.78
2026/08/10 19:18:42.948, 0, 100, 24108, 24576, 343.00
2026/08/10 19:18:42.948, 1, 100, 23052, 24576, 310.63
2026/08/10 19:18:42.949, 2, 100, 20974, 24576, 312.88
2026/08/10 19:18:47.950, 0, 100, 24108, 24576, 342.31
2026/08/10 19:18:47.950, 1, 100, 23052, 24576, 306.11
2026/08/10 19:18:47.951, 2, 100, 20974, 24576, 312.66
2026/08/10 19:18:52.952, 0, 100, 24108, 24576, 337.26
2026/08/10 19:18:52.952, 1, 100, 23052, 24576, 302.66
2026/08/10 19:18:52.953, 2, 100, 20974, 24576, 302.11
2026/08/10 19:18:57.954, 0, 82, 21908, 24576, 336.49
2026/08/10 19:18:57.954, 1, 85, 23052, 24576, 307.37
2026/08/10 19:18:57.955, 2, 82, 23094, 24576, 325.79
2026/08/10 19:19:02.956, 0, 98, 21908, 24576, 329.76
2026/08/10 19:19:02.956, 1, 98, 23052, 24576, 306.84
2026/08/10 19:19:02.961, 2, 98, 23094, 24576, 309.06
2026/08/10 19:19:07.961, 0, 98, 13450, 24576, 336.05
2026/08/10 19:19:07.962, 1, 99, 23052, 24576, 293.18
2026/08/10 19:19:07.962, 2, 99, 23094, 24576, 309.66
2026/08/10 19:19:12.963, 0, 89, 23148, 24576, 328.87
2026/08/10 19:19:12.964, 1, 97, 23052, 24576, 293.43
2026/08/10 19:19:12.964, 2, 89, 23852, 24576, 323.65
2026/08/10 19:19:17.965, 0, 100, 23108, 24576, 317.98
2026/08/10 19:19:17.966, 1, 96, 23052, 24576, 300.39
2026/08/10 19:19:17.967, 2, 95, 20652, 24576, 306.02
2026/08/10 19:19:22.968, 0, 98, 23108, 24576, 317.95
2026/08/10 19:19:22.971, 1, 100, 23052, 24576, 278.14
2026/08/10 19:19:22.971, 2, 86, 20652, 24576, 301.96
2026/08/10 19:19:27.972, 0, 83, 23108, 24576, 335.54
2026/08/10 19:19:27.973, 1, 83, 23052, 24576, 309.63
2026/08/10 19:19:27.974, 2, 85, 20652, 24576, 323.08
2026/08/10 19:19:32.974, 0, 98, 23108, 24576, 336.64
2026/08/10 19:19:32.975, 1, 98, 23052, 24576, 306.68
2026/08/10 19:19:32.975, 2, 98, 20652, 24576, 323.46
2026/08/10 19:19:37.976, 0, 100, 13570, 24576, 338.31
2026/08/10 19:19:37.977, 1, 98, 13442, 24576, 304.16
2026/08/10 19:19:37.977, 2, 98, 20652, 24576, 313.21
2026/08/10 19:19:42.979, 0, 90, 23438, 24576, 289.23
2026/08/10 19:19:42.979, 1, 100, 23618, 24576, 291.57
2026/08/10 19:19:42.980, 2, 100, 22532, 24576, 275.13
2026/08/10 19:19:47.981, 0, 93, 22726, 24576, 295.65
2026/08/10 19:19:47.981, 1, 94, 21956, 24576, 305.10
2026/08/10 19:19:47.982, 2, 100, 22532, 24576, 278.82
2026/08/10 19:19:52.983, 0, 100, 21626, 24576, 300.80
2026/08/10 19:19:52.983, 1, 100, 23096, 24576, 301.71
2026/08/10 19:19:52.984, 2, 98, 20412, 24576, 290.56
2026/08/10 19:19:57.985, 0, 83, 21626, 24576, 297.63
2026/08/10 19:19:57.985, 1, 81, 23096, 24576, 295.08
2026/08/10 19:19:57.986, 2, 77, 20412, 24576, 291.29
2026/08/10 19:20:02.987, 0, 84, 21626, 24576, 338.31
2026/08/10 19:20:02.988, 1, 83, 23096, 24576, 308.37
2026/08/10 19:20:02.988, 2, 81, 20412, 24576, 336.27
2026/08/10 19:20:07.989, 0, 93, 18666, 24576, 321.58
2026/08/10 19:20:07.990, 1, 86, 14236, 24576, 284.90
2026/08/10 19:20:07.990, 2, 88, 13000, 24576, 292.50
2026/08/10 19:20:12.991, 0, 98, 13930, 24576, 336.68
2026/08/10 19:20:12.992, 1, 98, 13042, 24576, 295.96
2026/08/10 19:20:12.993, 2, 98, 17838, 24576, 295.49
2026/08/10 19:20:17.993, 0, 100, 23528, 24576, 331.84
2026/08/10 19:20:17.994, 1, 100, 23634, 24576, 320.17
2026/08/10 19:20:17.995, 2, 94, 23092, 24576, 312.09
2026/08/10 19:20:22.996, 0, 100, 23528, 24576, 332.01
2026/08/10 19:20:22.996, 1, 100, 21414, 24576, 302.91
2026/08/10 19:20:22.997, 2, 100, 23092, 24576, 315.97
2026/08/10 19:20:27.998, 0, 89, 23528, 24576, 311.58
2026/08/10 19:20:27.998, 1, 87, 21414, 24576, 293.84
2026/08/10 19:20:27.999, 2, 93, 23092, 24576, 300.90
2026/08/10 19:20:33.001, 0, 81, 23528, 24576, 335.95
2026/08/10 19:20:33.001, 1, 85, 21414, 24576, 300.36
2026/08/10 19:20:33.002, 2, 80, 23092, 24576, 335.75
2026/08/10 19:20:38.003, 0, 79, 23528, 24576, 337.99
2026/08/10 19:20:38.003, 1, 84, 21414, 24576, 300.54
2026/08/10 19:20:38.004, 2, 83, 23092, 24576, 339.85
2026/08/10 19:20:43.005, 0, 99, 16410, 24576, 337.41
2026/08/10 19:20:43.005, 1, 98, 13002, 24576, 283.65
2026/08/10 19:20:43.006, 2, 98, 16222, 24576, 329.71
2026/08/10 19:20:48.007, 0, 88, 20830, 24576, 290.06
2026/08/10 19:20:48.007, 1, 82, 22832, 24576, 293.47
2026/08/10 19:20:48.008, 2, 89, 20788, 24576, 290.05
2026/08/10 19:20:53.009, 0, 88, 21166, 24576, 311.68
2026/08/10 19:20:53.009, 1, 82, 22832, 24576, 313.88
2026/08/10 19:20:53.010, 2, 83, 20814, 24576, 307.92
2026/08/10 19:20:58.011, 0, 88, 20846, 24576, 312.14
2026/08/10 19:20:58.011, 1, 89, 22832, 24576, 319.65
2026/08/10 19:20:58.012, 2, 89, 20814, 24576, 311.18
2026/08/10 19:21:03.013, 0, 82, 22826, 24576, 335.79
2026/08/10 19:21:03.013, 1, 83, 20652, 24576, 308.86
2026/08/10 19:21:03.014, 2, 82, 22934, 24576, 335.61
2026/08/10 19:21:08.015, 0, 83, 22826, 24576, 337.30
2026/08/10 19:21:08.016, 1, 84, 20652, 24576, 310.57
2026/08/10 19:21:08.016, 2, 82, 22934, 24576, 329.41
2026/08/10 19:21:13.017, 0, 98, 23710, 24576, 335.35
2026/08/10 19:21:13.017, 1, 98, 12902, 24576, 290.15
2026/08/10 19:21:13.018, 2, 98, 13042, 24576, 324.66
2026/08/10 19:21:18.019, 0, 100, 13890, 24576, 332.13
2026/08/10 19:21:18.019, 1, 100, 13282, 24576, 208.38
2026/08/10 19:21:18.020, 2, 100, 13042, 24576, 240.44
2026/08/10 19:21:23.021, 0, 89, 23310, 24576, 334.33
2026/08/10 19:21:23.021, 1, 81, 22912, 24576, 326.06
2026/08/10 19:21:23.022, 2, 86, 23154, 24576, 339.80
2026/08/10 19:21:28.023, 0, 89, 23310, 24576, 336.55
2026/08/10 19:21:28.023, 1, 88, 22912, 24576, 310.95
2026/08/10 19:21:28.024, 2, 88, 23154, 24576, 337.79
2026/08/10 19:21:33.024, 0, 82, 23310, 24576, 281.11
2026/08/10 19:21:33.025, 1, 81, 22912, 24576, 277.00
2026/08/10 19:21:33.025, 2, 81, 20934, 24576, 287.20
2026/08/10 19:21:38.026, 0, 82, 23310, 24576, 337.05
2026/08/10 19:21:38.027, 1, 84, 22912, 24576, 306.10
2026/08/10 19:21:38.027, 2, 82, 20934, 24576, 325.11
2026/08/10 19:21:43.028, 0, 98, 17070, 24576, 301.90
2026/08/10 19:21:43.029, 1, 94, 13920, 24576, 273.30
2026/08/10 19:21:43.030, 2, 98, 20934, 24576, 321.36
2026/08/10 19:21:48.030, 0, 98, 13870, 24576, 336.11
2026/08/10 19:21:48.031, 1, 98, 21436, 24576, 314.87
2026/08/10 19:21:48.032, 2, 99, 20934, 24576, 313.10
2026/08/10 19:21:53.033, 0, 100, 23248, 24576, 317.18
2026/08/10 19:21:53.034, 1, 88, 22432, 24576, 307.73
2026/08/10 19:21:53.034, 2, 100, 23358, 24576, 326.15
2026/08/10 19:21:58.035, 0, 91, 23248, 24576, 310.37
2026/08/10 19:21:58.035, 1, 97, 22432, 24576, 305.25
2026/08/10 19:21:58.036, 2, 96, 23358, 24576, 318.27
2026/08/10 19:22:03.037, 0, 89, 23248, 24576, 318.81
2026/08/10 19:22:03.037, 1, 100, 22432, 24576, 297.49
2026/08/10 19:22:03.038, 2, 89, 23718, 24576, 324.48
2026/08/10 19:22:08.039, 0, 82, 23248, 24576, 337.09
2026/08/10 19:22:08.040, 1, 82, 22432, 24576, 321.06
2026/08/10 19:22:08.040, 2, 84, 23358, 24576, 320.03
2026/08/10 19:22:13.041, 0, 98, 23248, 24576, 338.88
2026/08/10 19:22:13.042, 1, 98, 22432, 24576, 306.99
2026/08/10 19:22:13.042, 2, 100, 23358, 24576, 315.24
2026/08/10 19:22:18.043, 0, 98, 13590, 24576, 338.36
2026/08/10 19:22:18.044, 1, 100, 12902, 24576, 301.15
2026/08/10 19:22:18.044, 2, 97, 13242, 24576, 311.93
2026/08/10 19:22:23.045, 0, 100, 23812, 24576, 268.52
2026/08/10 19:22:23.046, 1, 94, 22656, 24576, 268.16
2026/08/10 19:22:23.046, 2, 100, 23558, 24576, 312.76
2026/08/10 19:22:28.047, 0, 100, 24228, 24576, 342.15
2026/08/10 19:22:28.048, 1, 100, 22714, 24576, 323.09
2026/08/10 19:22:28.048, 2, 100, 23616, 24576, 316.09
2026/08/10 19:22:33.049, 0, 92, 24228, 24576, 339.76
2026/08/10 19:22:33.050, 1, 100, 22714, 24576, 304.76
2026/08/10 19:22:33.050, 2, 88, 23616, 24576, 322.77
2026/08/10 19:22:38.051, 0, 83, 22028, 24576, 335.88
2026/08/10 19:22:38.052, 1, 81, 20654, 24576, 312.77
2026/08/10 19:22:38.052, 2, 83, 23616, 24576, 323.61
2026/08/10 19:22:43.053, 0, 83, 22028, 24576, 339.16
2026/08/10 19:22:43.054, 1, 82, 20654, 24576, 304.83
2026/08/10 19:22:43.054, 2, 85, 23616, 24576, 324.47
2026/08/10 19:22:48.055, 0, 100, 13550, 24576, 335.47
2026/08/10 19:22:48.056, 1, 98, 20654, 24576, 302.21
2026/08/10 19:22:48.057, 2, 100, 20002, 24576, 306.24
2026/08/10 19:22:53.058, 0, 100, 13550, 24576, 221.12
2026/08/10 19:22:53.058, 1, 98, 20654, 24576, 296.94
2026/08/10 19:22:53.059, 2, 100, 13002, 24576, 256.41
2026/08/10 19:22:58.060, 0, 100, 22946, 24576, 315.79
2026/08/10 19:22:58.060, 1, 100, 23216, 24576, 313.28
2026/08/10 19:22:58.061, 2, 100, 22652, 24576, 323.69
2026/08/10 19:23:03.062, 0, 91, 22946, 24576, 311.75
2026/08/10 19:23:03.062, 1, 93, 23216, 24576, 315.65
2026/08/10 19:23:03.063, 2, 100, 22652, 24576, 330.05
2026/08/10 19:23:08.064, 0, 21, 22946, 24576, 266.37
2026/08/10 19:23:08.065, 1, 22, 21176, 24576, 271.68
2026/08/10 19:23:08.066, 2, 24, 20492, 24576, 269.74
2026/08/10 19:23:13.066, 0, 83, 22946, 24576, 337.76
2026/08/10 19:23:13.067, 1, 82, 21176, 24576, 295.89
2026/08/10 19:23:13.068, 2, 83, 20492, 24576, 337.28
2026/08/10 19:23:18.069, 0, 91, 12750, 24576, 300.61
2026/08/10 19:23:18.069, 1, 98, 21176, 24576, 302.27
2026/08/10 19:23:18.070, 2, 98, 23732, 24576, 333.36
2026/08/10 19:23:23.070, 0, 100, 13450, 24576, 336.98
2026/08/10 19:23:23.071, 1, 98, 21176, 24576, 295.07
2026/08/10 19:23:23.071, 2, 98, 13064, 24576, 313.74
2026/08/10 19:23:28.072, 0, 98, 23888, 24576, 307.37
2026/08/10 19:23:28.073, 1, 89, 22874, 24576, 298.03
2026/08/10 19:23:28.074, 2, 94, 23876, 24576, 315.51
2026/08/10 19:23:33.074, 0, 100, 23208, 24576, 326.54
2026/08/10 19:23:33.075, 1, 95, 20814, 24576, 308.67
2026/08/10 19:23:33.078, 2, 100, 22016, 24576, 312.67
2026/08/10 19:23:38.078, 0, 93, 23208, 24576, 304.44
2026/08/10 19:23:38.079, 1, 96, 20814, 24576, 304.96
2026/08/10 19:23:38.079, 2, 90, 22016, 24576, 309.31
2026/08/10 19:23:43.080, 0, 81, 23208, 24576, 336.82
2026/08/10 19:23:43.081, 1, 82, 20814, 24576, 308.35
2026/08/10 19:23:43.082, 2, 82, 22016, 24576, 335.44
2026/08/10 19:23:48.082, 0, 83, 23208, 24576, 339.57
2026/08/10 19:23:48.083, 1, 83, 20814, 24576, 309.71
2026/08/10 19:23:48.083, 2, 76, 22016, 24576, 309.76
2026/08/10 19:23:53.084, 0, 98, 13330, 24576, 338.47
2026/08/10 19:23:53.087, 1, 100, 13042, 24576, 309.87
2026/08/10 19:23:53.087, 2, 98, 12840, 24576, 337.31
2026/08/10 19:23:58.088, 0, 83, 15450, 24576, 192.16
2026/08/10 19:23:58.089, 1, 33, 15342, 24576, 292.27
2026/08/10 19:23:58.089, 2, 100, 14840, 24576, 191.70
2026/08/10 19:24:03.090, 0, 100, 22866, 24576, 314.64
2026/08/10 19:24:03.091, 1, 97, 21434, 24576, 304.49
2026/08/10 19:24:03.091, 2, 90, 20250, 24576, 307.18
2026/08/10 19:24:08.092, 0, 97, 22866, 24576, 301.02
2026/08/10 19:24:08.093, 1, 97, 23634, 24576, 308.68
2026/08/10 19:24:08.093, 2, 100, 21910, 24576, 302.60
2026/08/10 19:24:13.094, 0, 83, 22866, 24576, 337.21
2026/08/10 19:24:13.095, 1, 83, 21434, 24576, 309.20
2026/08/10 19:24:13.095, 2, 83, 19930, 24576, 331.91
2026/08/10 19:24:18.096, 0, 84, 22866, 24576, 339.34
2026/08/10 19:24:18.097, 1, 80, 21434, 24576, 306.92
2026/08/10 19:24:18.097, 2, 79, 19930, 24576, 337.39
2026/08/10 19:24:23.098, 0, 97, 22430, 24576, 338.62
2026/08/10 19:24:23.098, 1, 98, 23100, 24576, 303.50
2026/08/10 19:24:23.099, 2, 98, 13042, 24576, 340.69
2026/08/10 19:24:28.100, 0, 75, 13490, 24576, 331.30
2026/08/10 19:24:28.100, 1, 48, 13340, 24576, 288.41
2026/08/10 19:24:28.101, 2, 99, 13042, 24576, 314.53
2026/08/10 19:24:33.102, 0, 100, 21728, 24576, 284.22
2026/08/10 19:24:33.102, 1, 100, 22570, 24576, 301.95
2026/08/10 19:24:33.103, 2, 89, 23534, 24576, 283.29
2026/08/10 19:24:38.104, 0, 89, 21728, 24576, 316.43
2026/08/10 19:24:38.104, 1, 100, 22570, 24576, 308.71
2026/08/10 19:24:38.105, 2, 93, 23534, 24576, 326.90
2026/08/10 19:24:43.105, 0, 83, 23828, 24576, 263.09
2026/08/10 19:24:43.106, 1, 79, 22570, 24576, 271.83
2026/08/10 19:24:43.107, 2, 88, 23534, 24576, 278.05
2026/08/10 19:24:48.107, 0, 76, 23828, 24576, 337.08
2026/08/10 19:24:48.108, 1, 76, 22570, 24576, 300.82
2026/08/10 19:24:48.109, 2, 76, 23534, 24576, 315.18
2026/08/10 19:24:53.109, 0, 97, 15270, 24576, 300.30
2026/08/10 19:24:53.110, 1, 99, 14122, 24576, 285.45
2026/08/10 19:24:53.111, 2, 98, 23514, 24576, 311.83
2026/08/10 19:24:58.111, 0, 98, 13490, 24576, 330.20
2026/08/10 19:24:58.112, 1, 98, 12956, 24576, 307.99
2026/08/10 19:24:58.113, 2, 98, 14002, 24576, 308.90
2026/08/10 19:25:03.117, 0, 89, 23308, 24576, 327.63
2026/08/10 19:25:03.117, 1, 100, 22752, 24576, 338.85
2026/08/10 19:25:03.117, 2, 100, 23616, 24576, 321.03
2026/08/10 19:25:08.118, 0, 94, 23308, 24576, 323.57
2026/08/10 19:25:08.119, 1, 94, 20592, 24576, 311.85
2026/08/10 19:25:08.119, 2, 97, 23616, 24576, 319.85
2026/08/10 19:25:13.120, 0, 93, 23308, 24576, 317.20
2026/08/10 19:25:13.121, 1, 89, 20592, 24576, 300.09
2026/08/10 19:25:13.122, 2, 100, 23616, 24576, 320.97
2026/08/10 19:25:18.122, 0, 85, 23308, 24576, 336.89
2026/08/10 19:25:18.123, 1, 83, 20592, 24576, 301.82
2026/08/10 19:25:18.124, 2, 85, 23616, 24576, 320.43
2026/08/10 19:25:23.124, 0, 100, 23308, 24576, 335.89
2026/08/10 19:25:23.125, 1, 98, 23032, 24576, 297.42
2026/08/10 19:25:23.125, 2, 98, 23616, 24576, 326.95
2026/08/10 19:25:28.126, 0, 98, 14450, 24576, 295.84
2026/08/10 19:25:28.127, 1, 98, 13302, 24576, 298.27
2026/08/10 19:25:28.128, 2, 98, 23900, 24576, 317.86
2026/08/10 19:25:33.128, 0, 88, 22244, 24576, 303.44
2026/08/10 19:25:33.129, 1, 97, 22832, 24576, 309.48
2026/08/10 19:25:33.129, 2, 88, 20672, 24576, 315.03
2026/08/10 19:25:38.130, 0, 100, 22244, 24576, 312.23
2026/08/10 19:25:38.131, 1, 100, 22832, 24576, 315.48
2026/08/10 19:25:38.132, 2, 100, 20672, 24576, 311.51
2026/08/10 19:25:43.132, 0, 84, 22244, 24576, 322.05
2026/08/10 19:25:43.133, 1, 88, 22832, 24576, 305.20
2026/08/10 19:25:43.134, 2, 88, 20672, 24576, 307.70
2026/08/10 19:25:48.134, 0, 78, 22244, 24576, 334.04
2026/08/10 19:25:48.135, 1, 80, 22832, 24576, 306.14
2026/08/10 19:25:48.136, 2, 77, 22652, 24576, 324.53
2026/08/10 19:25:53.137, 0, 98, 22244, 24576, 234.37
2026/08/10 19:25:53.137, 1, 98, 22832, 24576, 253.36
2026/08/10 19:25:53.138, 2, 98, 22652, 24576, 320.12
2026/08/10 19:25:58.138, 0, 98, 13570, 24576, 338.52
2026/08/10 19:25:58.139, 1, 98, 12820, 24576, 310.08
2026/08/10 19:25:58.139, 2, 98, 13064, 24576, 318.19
2026/08/10 19:26:03.140, 0, 91, 23366, 24576, 244.66
2026/08/10 19:26:03.141, 1, 92, 21650, 24576, 244.30
2026/08/10 19:26:03.141, 2, 91, 23652, 24576, 298.30
2026/08/10 19:26:08.142, 0, 100, 23786, 24576, 302.67
2026/08/10 19:26:08.143, 1, 100, 23990, 24576, 305.91
2026/08/10 19:26:08.143, 2, 100, 24136, 24576, 321.89
2026/08/10 19:26:13.144, 0, 89, 21566, 24576, 319.95
2026/08/10 19:26:13.145, 1, 87, 21070, 24576, 314.97
2026/08/10 19:26:13.146, 2, 88, 21936, 24576, 308.41
2026/08/10 19:26:18.146, 0, 82, 21566, 24576, 332.30
2026/08/10 19:26:18.147, 1, 80, 20750, 24576, 332.70
2026/08/10 19:26:18.148, 2, 82, 21936, 24576, 331.24
2026/08/10 19:26:23.150, 0, 84, 21566, 24576, 338.28
2026/08/10 19:26:23.150, 1, 82, 20750, 24576, 311.46
2026/08/10 19:26:23.151, 2, 83, 21936, 24576, 315.73
2026/08/10 19:26:28.151, 0, 98, 21566, 24576, 336.46
2026/08/10 19:26:28.152, 1, 98, 19020, 24576, 297.19
2026/08/10 19:26:28.152, 2, 98, 14002, 24576, 295.25
2026/08/10 19:26:33.153, 0, 98, 21566, 24576, 337.02
2026/08/10 19:26:33.154, 1, 98, 12776, 24576, 319.31
2026/08/10 19:26:33.155, 2, 98, 14000, 24576, 319.81
2026/08/10 19:26:38.155, 0, 96, 23210, 24576, 331.48
2026/08/10 19:26:38.156, 1, 97, 21630, 24576, 301.55
2026/08/10 19:26:38.157, 2, 92, 21972, 24576, 295.04
2026/08/10 19:26:43.158, 0, 100, 23350, 24576, 334.38
2026/08/10 19:26:43.158, 1, 100, 21630, 24576, 289.98
2026/08/10 19:26:43.159, 2, 100, 23772, 24576, 315.87
2026/08/10 19:26:48.160, 0, 89, 23210, 24576, 332.80
2026/08/10 19:26:48.160, 1, 87, 21630, 24576, 295.04
2026/08/10 19:26:48.161, 2, 89, 21972, 24576, 315.31
2026/08/10 19:26:53.162, 0, 83, 23210, 24576, 336.04
2026/08/10 19:26:53.162, 1, 83, 21630, 24576, 305.44
2026/08/10 19:26:53.163, 2, 86, 21972, 24576, 335.66
2026/08/10 19:26:58.164, 0, 98, 23210, 24576, 268.10
2026/08/10 19:26:58.164, 1, 98, 21630, 24576, 297.37
2026/08/10 19:26:58.165, 2, 98, 21972, 24576, 273.78
2026/08/10 19:27:03.165, 0, 98, 23010, 24576, 337.55
2026/08/10 19:27:03.166, 1, 98, 16464, 24576, 296.69
2026/08/10 19:27:03.167, 2, 98, 13002, 24576, 316.67
2026/08/10 19:27:08.168, 0, 74, 22458, 24576, 205.93
2026/08/10 19:27:08.168, 1, 45, 21866, 24576, 288.54
2026/08/10 19:27:08.169, 2, 88, 21044, 24576, 192.96
2026/08/10 19:27:13.169, 0, 100, 23166, 24576, 324.53
2026/08/10 19:27:13.170, 1, 100, 21936, 24576, 303.10
2026/08/10 19:27:13.171, 2, 100, 20754, 24576, 304.16
2026/08/10 19:27:18.172, 0, 87, 23166, 24576, 313.08
2026/08/10 19:27:18.172, 1, 85, 21936, 24576, 308.78
2026/08/10 19:27:18.173, 2, 92, 20754, 24576, 309.37
2026/08/10 19:27:23.174, 0, 81, 23166, 24576, 290.89
2026/08/10 19:27:23.175, 1, 83, 21936, 24576, 298.39
2026/08/10 19:27:23.177, 2, 83, 20754, 24576, 303.55
2026/08/10 19:27:28.179, 0, 83, 23166, 24576, 338.50
2026/08/10 19:27:28.180, 1, 84, 21936, 24576, 305.83
2026/08/10 19:27:28.180, 2, 85, 20754, 24576, 338.07
2026/08/10 19:27:33.181, 0, 98, 13430, 24576, 340.42
2026/08/10 19:27:33.181, 1, 98, 12842, 24576, 271.20
2026/08/10 19:27:33.182, 2, 97, 14022, 24576, 305.78
2026/08/10 19:27:38.183, 0, 45, 13430, 24576, 301.72
2026/08/10 19:27:38.183, 1, 98, 12842, 24576, 303.86
2026/08/10 19:27:38.184, 2, 98, 14018, 24576, 318.68
2026/08/10 19:27:43.185, 0, 100, 20726, 24576, 318.51
2026/08/10 19:27:43.185, 1, 100, 20632, 24576, 307.13
2026/08/10 19:27:43.186, 2, 100, 20474, 24576, 316.80
2026/08/10 19:27:48.187, 0, 100, 21286, 24576, 321.46
2026/08/10 19:27:48.189, 1, 100, 21192, 24576, 292.62
2026/08/10 19:27:48.194, 2, 100, 21014, 24576, 316.60
2026/08/10 19:27:53.195, 0, 79, 21106, 24576, 279.87
2026/08/10 19:27:53.196, 1, 81, 20832, 24576, 304.80
2026/08/10 19:27:53.198, 2, 78, 23354, 24576, 285.68
2026/08/10 19:27:58.199, 0, 84, 21106, 24576, 338.54
2026/08/10 19:27:58.199, 1, 83, 20832, 24576, 304.58
2026/08/10 19:27:58.200, 2, 85, 23354, 24576, 332.48
2026/08/10 19:28:03.201, 0, 98, 13370, 24576, 298.61
2026/08/10 19:28:03.201, 1, 98, 14002, 24576, 284.51
2026/08/10 19:28:03.202, 2, 100, 23354, 24576, 308.39
2026/08/10 19:28:08.203, 0, 98, 13730, 24576, 325.14
2026/08/10 19:28:08.203, 1, 98, 13976, 24576, 303.46
2026/08/10 19:28:08.204, 2, 98, 23354, 24576, 315.06
2026/08/10 19:28:13.205, 0, 100, 23426, 24576, 318.92
2026/08/10 19:28:13.206, 1, 97, 22152, 24576, 310.10
2026/08/10 19:28:13.206, 2, 92, 23998, 24576, 324.56
2026/08/10 19:28:18.207, 0, 97, 23426, 24576, 287.26
2026/08/10 19:28:18.207, 1, 96, 24112, 24576, 298.08
2026/08/10 19:28:18.208, 2, 88, 23278, 24576, 327.93
2026/08/10 19:28:23.209, 0, 100, 23426, 24576, 317.65
2026/08/10 19:28:23.209, 1, 89, 22152, 24576, 311.22
2026/08/10 19:28:23.210, 2, 100, 23998, 24576, 320.79
2026/08/10 19:28:28.211, 0, 83, 23426, 24576, 337.45
2026/08/10 19:28:28.211, 1, 82, 22152, 24576, 301.94
2026/08/10 19:28:28.212, 2, 84, 23998, 24576, 319.95
2026/08/10 19:28:33.213, 0, 98, 23426, 24576, 265.99
2026/08/10 19:28:33.213, 1, 98, 22152, 24576, 307.83
2026/08/10 19:28:33.214, 2, 98, 23998, 24576, 275.18
2026/08/10 19:28:38.215, 0, 98, 13850, 24576, 336.90
2026/08/10 19:28:38.215, 1, 98, 13022, 24576, 296.56
2026/08/10 19:28:38.216, 2, 98, 12842, 24576, 321.18
2026/08/10 19:28:43.217, 0, 91, 23328, 24576, 310.90
2026/08/10 19:28:43.218, 1, 89, 22894, 24576, 294.20
2026/08/10 19:28:43.218, 2, 95, 21290, 24576, 295.36
2026/08/10 19:28:48.219, 0, 89, 23328, 24576, 327.41
2026/08/10 19:28:48.220, 1, 100, 22894, 24576, 307.79
2026/08/10 19:28:48.220, 2, 100, 20310, 24576, 298.00
2026/08/10 19:28:53.221, 0, 89, 23328, 24576, 327.88
2026/08/10 19:28:53.222, 1, 92, 22894, 24576, 308.35
2026/08/10 19:28:53.223, 2, 100, 20310, 24576, 293.84
2026/08/10 19:28:58.223, 0, 83, 23328, 24576, 337.04
2026/08/10 19:28:58.224, 1, 82, 22894, 24576, 308.95
2026/08/10 19:28:58.224, 2, 83, 20310, 24576, 335.57
2026/08/10 19:29:03.225, 0, 82, 23328, 24576, 339.07
2026/08/10 19:29:03.226, 1, 77, 22894, 24576, 304.41
2026/08/10 19:29:03.226, 2, 83, 20310, 24576, 321.73
2026/08/10 19:29:08.227, 0, 99, 13450, 24576, 298.02
2026/08/10 19:29:08.228, 1, 98, 12862, 24576, 300.28
2026/08/10 19:29:08.228, 2, 98, 16062, 24576, 320.07
2026/08/10 19:29:13.229, 0, 89, 21888, 24576, 311.36
2026/08/10 19:29:13.230, 1, 89, 21932, 24576, 303.12
2026/08/10 19:29:13.231, 2, 100, 23314, 24576, 308.53
2026/08/10 19:29:18.232, 0, 89, 21888, 24576, 314.29
2026/08/10 19:29:18.232, 1, 86, 21932, 24576, 293.71
2026/08/10 19:29:18.233, 2, 92, 23314, 24576, 311.67
2026/08/10 19:29:23.236, 0, 90, 21888, 24576, 312.28
2026/08/10 19:29:23.236, 1, 88, 21932, 24576, 289.95
2026/08/10 19:29:23.237, 2, 93, 23314, 24576, 312.17
2026/08/10 19:29:28.237, 0, 80, 21888, 24576, 336.93
2026/08/10 19:29:28.238, 1, 82, 21932, 24576, 318.39
2026/08/10 19:29:28.239, 2, 84, 23314, 24576, 335.11
2026/08/10 19:29:33.239, 0, 100, 21888, 24576, 297.38
2026/08/10 19:29:33.240, 1, 83, 21932, 24576, 305.24
2026/08/10 19:29:33.240, 2, 84, 23314, 24576, 322.51
2026/08/10 19:29:38.241, 0, 98, 14790, 24576, 335.15
2026/08/10 19:29:38.242, 1, 98, 13042, 24576, 292.62
2026/08/10 19:29:38.242, 2, 98, 13982, 24576, 319.11
2026/08/10 19:29:43.243, 0, 100, 22636, 24576, 219.98
2026/08/10 19:29:43.244, 1, 99, 22006, 24576, 284.98
2026/08/10 19:29:43.245, 2, 100, 23246, 24576, 264.34
2026/08/10 19:29:48.246, 0, 99, 22004, 24576, 316.13
2026/08/10 19:29:48.246, 1, 88, 21334, 24576, 292.99
2026/08/10 19:29:48.247, 2, 100, 23294, 24576, 325.90
2026/08/10 19:29:53.248, 0, 94, 22004, 24576, 317.85
2026/08/10 19:29:53.249, 1, 88, 21334, 24576, 294.28
2026/08/10 19:29:53.249, 2, 100, 23294, 24576, 325.29
2026/08/10 19:29:58.250, 0, 82, 22004, 24576, 335.67
2026/08/10 19:29:58.251, 1, 84, 21334, 24576, 328.61
2026/08/10 19:29:58.251, 2, 84, 23294, 24576, 333.00
2026/08/10 19:30:03.252, 0, 81, 22004, 24576, 338.88
2026/08/10 19:30:03.253, 1, 81, 21334, 24576, 304.27
2026/08/10 19:30:03.253, 2, 83, 23294, 24576, 321.79
2026/08/10 19:30:08.254, 0, 97, 22004, 24576, 337.33
2026/08/10 19:30:08.254, 1, 98, 14042, 24576, 318.97
2026/08/10 19:30:08.255, 2, 98, 12862, 24576, 334.33
2026/08/10 19:30:13.256, 0, 100, 22004, 24576, 215.31
2026/08/10 19:30:13.257, 1, 98, 14018, 24576, 315.93
2026/08/10 19:30:13.257, 2, 83, 12862, 24576, 278.81
2026/08/10 19:30:18.258, 0, 74, 21666, 24576, 299.40
2026/08/10 19:30:18.259, 1, 92, 22994, 24576, 312.42
2026/08/10 19:30:18.259, 2, 82, 20652, 24576, 297.81
2026/08/10 19:30:23.260, 0, 87, 21666, 24576, 309.86
2026/08/10 19:30:23.261, 1, 91, 22994, 24576, 315.49
2026/08/10 19:30:23.262, 2, 95, 20652, 24576, 302.12
2026/08/10 19:30:28.262, 0, 76, 21666, 24576, 318.66
2026/08/10 19:30:28.263, 1, 81, 22994, 24576, 324.18
2026/08/10 19:30:28.264, 2, 82, 20652, 24576, 314.14
2026/08/10 19:30:33.264, 0, 80, 21666, 24576, 338.48
2026/08/10 19:30:33.265, 1, 82, 22994, 24576, 305.87
2026/08/10 19:30:33.266, 2, 79, 20652, 24576, 322.52
2026/08/10 19:30:38.266, 0, 100, 18950, 24576, 312.27
2026/08/10 19:30:38.267, 1, 98, 22994, 24576, 292.89
2026/08/10 19:30:38.268, 2, 100, 14002, 24576, 311.02
2026/08/10 19:30:43.269, 0, 98, 18950, 24576, 306.32
2026/08/10 19:30:43.270, 1, 54, 22994, 24576, 267.82
2026/08/10 19:30:43.270, 2, 98, 13998, 24576, 315.88
2026/08/10 19:30:48.271, 0, 89, 23530, 24576, 334.19
2026/08/10 19:30:48.272, 1, 88, 22932, 24576, 317.20
2026/08/10 19:30:48.272, 2, 100, 22092, 24576, 312.47
2026/08/10 19:30:53.273, 0, 100, 23530, 24576, 333.54
2026/08/10 19:30:53.274, 1, 100, 22932, 24576, 317.24
2026/08/10 19:30:53.274, 2, 100, 22092, 24576, 313.40
2026/08/10 19:30:58.275, 0, 88, 23530, 24576, 326.07
2026/08/10 19:30:58.276, 1, 88, 22932, 24576, 307.52
2026/08/10 19:30:58.276, 2, 91, 22092, 24576, 295.84
2026/08/10 19:31:03.277, 0, 80, 23530, 24576, 335.96
2026/08/10 19:31:03.277, 1, 81, 22932, 24576, 306.65
2026/08/10 19:31:03.278, 2, 80, 22092, 24576, 335.20
2026/08/10 19:31:08.279, 0, 84, 23530, 24576, 340.27
2026/08/10 19:31:08.280, 1, 100, 22932, 24576, 257.67
2026/08/10 19:31:08.280, 2, 100, 22092, 24576, 269.32
2026/08/10 19:31:13.281, 0, 99, 13570, 24576, 337.67
2026/08/10 19:31:13.281, 1, 98, 16222, 24576, 309.89
2026/08/10 19:31:13.282, 2, 98, 16102, 24576, 333.85
2026/08/10 19:31:18.283, 0, 100, 24208, 24576, 328.66
2026/08/10 19:31:18.283, 1, 88, 22194, 24576, 296.99
2026/08/10 19:31:18.284, 2, 97, 21854, 24576, 316.60
2026/08/10 19:31:23.285, 0, 100, 23128, 24576, 325.27
2026/08/10 19:31:23.286, 1, 89, 22914, 24576, 298.40
2026/08/10 19:31:23.286, 2, 99, 22794, 24576, 308.84
2026/08/10 19:31:28.287, 0, 100, 21048, 24576, 323.53
2026/08/10 19:31:28.288, 1, 91, 22914, 24576, 304.88
2026/08/10 19:31:28.289, 2, 100, 22794, 24576, 311.08
2026/08/10 19:31:33.289, 0, 81, 21848, 24576, 335.19
2026/08/10 19:31:33.290, 1, 80, 22914, 24576, 312.96
2026/08/10 19:31:33.291, 2, 80, 22794, 24576, 336.13
2026/08/10 19:31:38.292, 0, 84, 21848, 24576, 338.60
2026/08/10 19:31:38.292, 1, 83, 22914, 24576, 309.01
2026/08/10 19:31:38.293, 2, 82, 22794, 24576, 315.67
2026/08/10 19:31:43.294, 0, 98, 13490, 24576, 337.72
2026/08/10 19:31:43.294, 1, 100, 12862, 24576, 293.10
2026/08/10 19:31:43.295, 2, 98, 22162, 24576, 310.93
2026/08/10 19:31:48.295, 0, 100, 23552, 24576, 276.20
2026/08/10 19:31:48.296, 1, 100, 22296, 24576, 294.57
2026/08/10 19:31:48.297, 2, 100, 22438, 24576, 309.92
2026/08/10 19:31:53.297, 0, 100, 23288, 24576, 331.12
2026/08/10 19:31:53.298, 1, 100, 22672, 24576, 324.84
2026/08/10 19:31:53.299, 2, 89, 22492, 24576, 321.38
2026/08/10 19:31:58.300, 0, 89, 23288, 24576, 328.39
2026/08/10 19:31:58.300, 1, 84, 22672, 24576, 313.70
2026/08/10 19:31:58.301, 2, 88, 22492, 24576, 312.17
2026/08/10 19:32:03.302, 0, 82, 23288, 24576, 334.73
2026/08/10 19:32:03.303, 1, 81, 20672, 24576, 306.73
2026/08/10 19:32:03.303, 2, 83, 22492, 24576, 335.68
2026/08/10 19:32:08.304, 0, 80, 23288, 24576, 338.31
2026/08/10 19:32:08.305, 1, 84, 20672, 24576, 309.28
2026/08/10 19:32:08.305, 2, 84, 22492, 24576, 323.78
2026/08/10 19:32:13.306, 0, 98, 13430, 24576, 334.90
2026/08/10 19:32:13.307, 1, 98, 12902, 24576, 295.49
2026/08/10 19:32:13.308, 2, 97, 13064, 24576, 318.60
2026/08/10 19:32:18.309, 0, 100, 13430, 24576, 186.50
2026/08/10 19:32:18.309, 1, 100, 13262, 24576, 213.45
2026/08/10 19:32:18.310, 2, 100, 13064, 24576, 317.39
2026/08/10 19:32:23.311, 0, 100, 23208, 24576, 297.65
2026/08/10 19:32:23.311, 1, 97, 22952, 24576, 307.58
2026/08/10 19:32:23.315, 2, 100, 24158, 24576, 319.06
2026/08/10 19:32:28.316, 0, 100, 21168, 24576, 298.24
2026/08/10 19:32:28.316, 1, 100, 22952, 24576, 311.79
2026/08/10 19:32:28.317, 2, 100, 24158, 24576, 318.34
2026/08/10 19:32:33.318, 0, 92, 21168, 24576, 298.75
2026/08/10 19:32:33.318, 1, 100, 22952, 24576, 306.87
2026/08/10 19:32:33.319, 2, 92, 24158, 24576, 322.12
2026/08/10 19:32:38.319, 0, 84, 21168, 24576, 337.19
2026/08/10 19:32:38.323, 1, 82, 22952, 24576, 304.34
2026/08/10 19:32:38.324, 2, 85, 24158, 24576, 320.37
2026/08/10 19:32:43.325, 0, 98, 21168, 24576, 341.93
2026/08/10 19:32:43.325, 1, 98, 22952, 24576, 329.71
2026/08/10 19:32:43.326, 2, 100, 24158, 24576, 314.99
2026/08/10 19:32:48.327, 0, 98, 21168, 24576, 336.98
2026/08/10 19:32:48.327, 1, 0, 19542, 24576, 245.13
2026/08/10 19:32:48.328, 2, 98, 24162, 24576, 292.01
2026/08/10 19:32:53.329, 0, 95, 21046, 24576, 322.00
2026/08/10 19:32:53.329, 1, 100, 23374, 24576, 319.67
2026/08/10 19:32:53.330, 2, 91, 23234, 24576, 321.27
2026/08/10 19:32:58.331, 0, 100, 21046, 24576, 310.10
2026/08/10 19:32:58.332, 1, 100, 23374, 24576, 310.11
2026/08/10 19:32:58.334, 2, 88, 23234, 24576, 310.66
2026/08/10 19:33:03.335, 0, 100, 21046, 24576, 311.93
2026/08/10 19:33:03.336, 1, 100, 23374, 24576, 317.61
2026/08/10 19:33:03.336, 2, 96, 23234, 24576, 326.31
2026/08/10 19:33:08.337, 0, 83, 21046, 24576, 337.51
2026/08/10 19:33:08.337, 1, 84, 23374, 24576, 304.37
2026/08/10 19:33:08.338, 2, 83, 23234, 24576, 334.50
2026/08/10 19:33:13.339, 0, 84, 21046, 24576, 340.27
2026/08/10 19:33:13.339, 1, 82, 23374, 24576, 310.57
2026/08/10 19:33:13.340, 2, 100, 23234, 24576, 225.58
2026/08/10 19:33:18.341, 0, 100, 18250, 24576, 338.48
2026/08/10 19:33:18.342, 1, 100, 13402, 24576, 297.90
2026/08/10 19:33:18.342, 2, 100, 12842, 24576, 296.14
2026/08/10 19:33:23.343, 0, 87, 23354, 24576, 295.37
2026/08/10 19:33:23.344, 1, 89, 22934, 24576, 295.49
2026/08/10 19:33:23.344, 2, 84, 22110, 24576, 297.09
2026/08/10 19:33:28.345, 0, 88, 23366, 24576, 319.61
2026/08/10 19:33:28.346, 1, 95, 23594, 24576, 316.97
2026/08/10 19:33:28.346, 2, 92, 21450, 24576, 315.85
2026/08/10 19:33:33.347, 0, 100, 23386, 24576, 322.08
2026/08/10 19:33:33.348, 1, 100, 22914, 24576, 312.96
2026/08/10 19:33:33.348, 2, 87, 23390, 24576, 313.19
2026/08/10 19:33:38.349, 0, 84, 23366, 24576, 336.56
2026/08/10 19:33:38.350, 1, 82, 21394, 24576, 306.97
2026/08/10 19:33:38.351, 2, 84, 20470, 24576, 334.91
2026/08/10 19:33:43.354, 0, 86, 23366, 24576, 340.90
2026/08/10 19:33:43.355, 1, 84, 21394, 24576, 303.66
2026/08/10 19:33:43.356, 2, 86, 20470, 24576, 326.08
2026/08/10 19:33:48.357, 0, 87, 14670, 24576, 297.88
2026/08/10 19:33:48.358, 1, 98, 22344, 24576, 308.17
2026/08/10 19:33:48.358, 2, 98, 13042, 24576, 317.71
2026/08/10 19:33:53.359, 0, 70, 14690, 24576, 293.14
2026/08/10 19:33:53.360, 1, 98, 13024, 24576, 298.81
2026/08/10 19:33:53.360, 2, 100, 13042, 24576, 234.36
2026/08/10 19:33:58.361, 0, 100, 23968, 24576, 323.11
2026/08/10 19:33:58.361, 1, 90, 23958, 24576, 310.23
2026/08/10 19:33:58.362, 2, 100, 20912, 24576, 296.37
2026/08/10 19:34:03.363, 0, 90, 23968, 24576, 331.28
2026/08/10 19:34:03.363, 1, 100, 23958, 24576, 302.61
2026/08/10 19:34:03.364, 2, 100, 20552, 24576, 296.71
2026/08/10 19:34:08.365, 0, 96, 23968, 24576, 305.81
2026/08/10 19:34:08.366, 1, 93, 23958, 24576, 302.55
2026/08/10 19:34:08.366, 2, 89, 20552, 24576, 295.53
2026/08/10 19:34:13.367, 0, 80, 23968, 24576, 337.41
2026/08/10 19:34:13.368, 1, 82, 23958, 24576, 300.28
2026/08/10 19:34:13.368, 2, 80, 20552, 24576, 335.86
2026/08/10 19:34:18.369, 0, 98, 23968, 24576, 287.98
2026/08/10 19:34:18.370, 1, 100, 23958, 24576, 307.58
2026/08/10 19:34:18.370, 2, 98, 20552, 24576, 293.70
2026/08/10 19:34:23.371, 0, 98, 13490, 24576, 338.26
2026/08/10 19:34:23.371, 1, 98, 13022, 24576, 297.18
2026/08/10 19:34:23.372, 2, 98, 23622, 24576, 323.16
2026/08/10 19:34:28.372, 0, 93, 22984, 24576, 297.52
2026/08/10 19:34:28.373, 1, 100, 23614, 24576, 315.97
2026/08/10 19:34:28.374, 2, 96, 20612, 24576, 300.41
2026/08/10 19:34:33.375, 0, 100, 22984, 24576, 314.75
2026/08/10 19:34:33.375, 1, 100, 23614, 24576, 324.80
2026/08/10 19:34:33.376, 2, 100, 20612, 24576, 302.77
2026/08/10 19:34:38.377, 0, 100, 22984, 24576, 317.45
2026/08/10 19:34:38.378, 1, 100, 23614, 24576, 312.96
2026/08/10 19:34:38.378, 2, 100, 20612, 24576, 302.16
2026/08/10 19:34:43.379, 0, 85, 22984, 24576, 337.71
2026/08/10 19:34:43.380, 1, 82, 21454, 24576, 297.95
2026/08/10 19:34:43.380, 2, 85, 22652, 24576, 336.96
2026/08/10 19:34:48.381, 0, 98, 22984, 24576, 285.01
2026/08/10 19:34:48.382, 1, 98, 21454, 24576, 282.65
2026/08/10 19:34:48.382, 2, 97, 22652, 24576, 321.67
2026/08/10 19:34:53.383, 0, 100, 24010, 24576, 338.11
2026/08/10 19:34:53.383, 1, 100, 22902, 24576, 298.55
2026/08/10 19:34:53.384, 2, 100, 13022, 24576, 317.10
2026/08/10 19:34:58.385, 0, 89, 23186, 24576, 308.39
2026/08/10 19:34:58.385, 1, 87, 22132, 24576, 290.33
2026/08/10 19:34:58.386, 2, 92, 23454, 24576, 302.16
2026/08/10 19:35:03.387, 0, 81, 23186, 24576, 301.12
2026/08/10 19:35:03.387, 1, 86, 22132, 24576, 288.43
2026/08/10 19:35:03.388, 2, 77, 23454, 24576, 305.76
2026/08/10 19:35:08.389, 0, 87, 23186, 24576, 303.31
2026/08/10 19:35:08.390, 1, 87, 22132, 24576, 293.08
2026/08/10 19:35:08.390, 2, 87, 23454, 24576, 304.72
2026/08/10 19:35:13.391, 0, 81, 23186, 24576, 335.86
2026/08/10 19:35:13.392, 1, 81, 22132, 24576, 313.25
2026/08/10 19:35:13.392, 2, 82, 23454, 24576, 335.08
2026/08/10 19:35:18.393, 0, 83, 23186, 24576, 339.45
2026/08/10 19:35:18.394, 1, 100, 22132, 24576, 250.91
2026/08/10 19:35:18.394, 2, 100, 23454, 24576, 217.87
2026/08/10 19:35:23.395, 0, 98, 13570, 24576, 340.56
2026/08/10 19:35:23.395, 1, 98, 22132, 24576, 301.30
2026/08/10 19:35:23.396, 2, 98, 13000, 24576, 329.04
2026/08/10 19:35:28.397, 0, 100, 23668, 24576, 328.38
2026/08/10 19:35:28.397, 1, 88, 22294, 24576, 312.92
2026/08/10 19:35:28.398, 2, 100, 22130, 24576, 310.24
2026/08/10 19:35:33.399, 0, 92, 24028, 24576, 332.77
2026/08/10 19:35:33.399, 1, 87, 22294, 24576, 305.15
2026/08/10 19:35:33.400, 2, 100, 22490, 24576, 320.80
2026/08/10 19:35:38.401, 0, 88, 24028, 24576, 335.41
2026/08/10 19:35:38.401, 1, 88, 22294, 24576, 308.04
2026/08/10 19:35:38.402, 2, 100, 22490, 24576, 324.94
2026/08/10 19:35:43.402, 0, 82, 21808, 24576, 335.73
2026/08/10 19:35:43.403, 1, 80, 21614, 24576, 314.14
2026/08/10 19:35:43.404, 2, 82, 20310, 24576, 334.88
2026/08/10 19:35:48.405, 0, 84, 21808, 24576, 339.16
2026/08/10 19:35:48.405, 1, 83, 21614, 24576, 302.63
2026/08/10 19:35:48.406, 2, 84, 20310, 24576, 333.45
2026/08/10 19:35:53.407, 0, 98, 13530, 24576, 320.80
2026/08/10 19:35:53.407, 1, 81, 12778, 24576, 274.10
2026/08/10 19:35:53.408, 2, 81, 12858, 24576, 280.79
2026/08/10 19:35:58.409, 0, 88, 21626, 24576, 323.13
2026/08/10 19:35:58.410, 1, 91, 22010, 24576, 294.63
2026/08/10 19:35:58.410, 2, 100, 22912, 24576, 330.63
2026/08/10 19:36:03.412, 0, 89, 21946, 24576, 317.38
2026/08/10 19:36:03.412, 1, 97, 22010, 24576, 306.51
2026/08/10 19:36:03.413, 2, 100, 22912, 24576, 329.87
2026/08/10 19:36:08.414, 0, 100, 21946, 24576, 330.39
2026/08/10 19:36:08.415, 1, 88, 22010, 24576, 306.88
2026/08/10 19:36:08.415, 2, 88, 22912, 24576, 325.70
2026/08/10 19:36:13.416, 0, 81, 21946, 24576, 336.46
2026/08/10 19:36:13.417, 1, 82, 22010, 24576, 304.51
2026/08/10 19:36:13.417, 2, 80, 22912, 24576, 332.96
2026/08/10 19:36:18.418, 0, 84, 21946, 24576, 339.81
2026/08/10 19:36:18.418, 1, 100, 22010, 24576, 229.75
2026/08/10 19:36:18.419, 2, 100, 22912, 24576, 185.95
2026/08/10 19:36:23.420, 0, 91, 13970, 24576, 298.18
2026/08/10 19:36:23.420, 1, 98, 12760, 24576, 300.02
2026/08/10 19:36:23.421, 2, 98, 22912, 24576, 322.35
2026/08/10 19:36:28.422, 0, 98, 13990, 24576, 333.48
2026/08/10 19:36:28.423, 1, 100, 12760, 24576, 189.29
2026/08/10 19:36:28.423, 2, 100, 22912, 24576, 172.68
2026/08/10 19:36:33.424, 0, 92, 23270, 24576, 329.97
2026/08/10 19:36:33.425, 1, 92, 20830, 24576, 290.56
2026/08/10 19:36:33.425, 2, 96, 22912, 24576, 304.43
2026/08/10 19:36:38.426, 0, 100, 23270, 24576, 332.80
2026/08/10 19:36:38.427, 1, 100, 20610, 24576, 306.21
2026/08/10 19:36:38.428, 2, 100, 22912, 24576, 282.72
2026/08/10 19:36:43.428, 0, 83, 23270, 24576, 287.08
2026/08/10 19:36:43.429, 1, 83, 20830, 24576, 297.56
2026/08/10 19:36:43.430, 2, 81, 22912, 24576, 290.38
2026/08/10 19:36:48.430, 0, 82, 23270, 24576, 336.62
2026/08/10 19:36:48.431, 1, 82, 20830, 24576, 308.63
2026/08/10 19:36:48.434, 2, 83, 22912, 24576, 334.32
2026/08/10 19:36:53.435, 0, 86, 14490, 24576, 297.46
2026/08/10 19:36:53.435, 1, 95, 20190, 24576, 290.07
2026/08/10 19:36:53.436, 2, 98, 24052, 24576, 337.64
2026/08/10 19:36:58.437, 0, 98, 13450, 24576, 335.71
2026/08/10 19:36:58.437, 1, 98, 13442, 24576, 295.54
2026/08/10 19:36:58.438, 2, 90, 14060, 24576, 292.28
2026/08/10 19:37:03.438, 0, 91, 21728, 24576, 311.29
2026/08/10 19:37:03.441, 1, 100, 21594, 24576, 300.24
2026/08/10 19:37:03.441, 2, 100, 23294, 24576, 325.58
2026/08/10 19:37:08.442, 0, 100, 21728, 24576, 313.69
2026/08/10 19:37:08.442, 1, 99, 21594, 24576, 299.94
2026/08/10 19:37:08.443, 2, 81, 23294, 24576, 306.63
2026/08/10 19:37:13.444, 0, 90, 21728, 24576, 299.51
2026/08/10 19:37:13.444, 1, 93, 21594, 24576, 305.16
2026/08/10 19:37:13.445, 2, 100, 20474, 24576, 305.58
2026/08/10 19:37:18.446, 0, 82, 21728, 24576, 334.88
2026/08/10 19:37:18.447, 1, 80, 21594, 24576, 320.74
2026/08/10 19:37:18.447, 2, 81, 23294, 24576, 336.19
2026/08/10 19:37:23.448, 0, 84, 21728, 24576, 339.51
2026/08/10 19:37:23.449, 1, 82, 21594, 24576, 301.61
2026/08/10 19:37:23.449, 2, 97, 23294, 24576, 294.74
2026/08/10 19:37:28.450, 0, 98, 13570, 24576, 336.79
2026/08/10 19:37:28.451, 1, 98, 12822, 24576, 306.21
2026/08/10 19:37:28.451, 2, 98, 24142, 24576, 339.40
2026/08/10 19:37:33.452, 0, 100, 13570, 24576, 250.38
2026/08/10 19:37:33.452, 1, 100, 12822, 24576, 236.57
2026/08/10 19:37:33.453, 2, 83, 12118, 24576, 279.82
2026/08/10 19:37:38.454, 0, 89, 21888, 24576, 322.39
2026/08/10 19:37:38.454, 1, 89, 20692, 24576, 282.95
2026/08/10 19:37:38.455, 2, 100, 20992, 24576, 319.93
2026/08/10 19:37:43.456, 0, 92, 21888, 24576, 323.26
2026/08/10 19:37:43.457, 1, 88, 20692, 24576, 298.86
2026/08/10 19:37:43.457, 2, 89, 21312, 24576, 320.10
2026/08/10 19:37:48.458, 0, 82, 21888, 24576, 334.30
2026/08/10 19:37:48.459, 1, 79, 20692, 24576, 320.07
2026/08/10 19:37:48.459, 2, 82, 20992, 24576, 336.69
2026/08/10 19:37:53.460, 0, 84, 21888, 24576, 338.99
2026/08/10 19:37:53.461, 1, 84, 20692, 24576, 303.26
2026/08/10 19:37:53.461, 2, 84, 20992, 24576, 324.59
2026/08/10 19:37:58.462, 0, 98, 19870, 24576, 335.73
2026/08/10 19:37:58.463, 1, 98, 12862, 24576, 317.45
2026/08/10 19:37:58.463, 2, 100, 12942, 24576, 338.55
2026/08/10 19:38:03.464, 0, 88, 21278, 24576, 250.05
2026/08/10 19:38:03.465, 1, 67, 21086, 24576, 285.34
2026/08/10 19:38:03.465, 2, 59, 21706, 24576, 283.79
2026/08/10 19:38:08.466, 0, 95, 21366, 24576, 322.00
2026/08/10 19:38:08.467, 1, 94, 22814, 24576, 305.26
2026/08/10 19:38:08.467, 2, 97, 23554, 24576, 299.51
2026/08/10 19:38:13.474, 0, 88, 21686, 24576, 310.11
2026/08/10 19:38:13.475, 1, 94, 22814, 24576, 301.27
2026/08/10 19:38:13.475, 2, 100, 23554, 24576, 311.90
2026/08/10 19:38:18.476, 0, 73, 21686, 24576, 333.42
2026/08/10 19:38:18.477, 1, 74, 20814, 24576, 312.17
2026/08/10 19:38:18.478, 2, 76, 23554, 24576, 322.10
2026/08/10 19:38:23.478, 0, 86, 21686, 24576, 339.15
2026/08/10 19:38:23.479, 1, 83, 20814, 24576, 308.76
2026/08/10 19:38:23.480, 2, 85, 23554, 24576, 321.06
2026/08/10 19:38:28.480, 0, 100, 13370, 24576, 336.73
2026/08/10 19:38:28.481, 1, 98, 20814, 24576, 284.84
2026/08/10 19:38:28.482, 2, 98, 12902, 24576, 309.18
2026/08/10 19:38:33.483, 0, 88, 22924, 24576, 300.67
2026/08/10 19:38:33.484, 1, 89, 22214, 24576, 297.89
2026/08/10 19:38:33.484, 2, 89, 23114, 24576, 309.06
2026/08/10 19:38:38.485, 0, 97, 22926, 24576, 307.60
2026/08/10 19:38:38.485, 1, 95, 19370, 24576, 306.77
2026/08/10 19:38:38.486, 2, 97, 23114, 24576, 314.08
2026/08/10 19:38:43.486, 0, 100, 22926, 24576, 317.78
2026/08/10 19:38:43.487, 1, 94, 20890, 24576, 285.79
2026/08/10 19:38:43.488, 2, 100, 23114, 24576, 328.16
2026/08/10 19:38:48.489, 0, 80, 22926, 24576, 335.12
2026/08/10 19:38:48.489, 1, 81, 20890, 24576, 315.93
2026/08/10 19:38:48.490, 2, 84, 23114, 24576, 319.89
2026/08/10 19:38:53.491, 0, 83, 22926, 24576, 247.91
2026/08/10 19:38:53.491, 1, 84, 20890, 24576, 307.51
2026/08/10 19:38:53.492, 2, 85, 23114, 24576, 313.90
2026/08/10 19:38:58.493, 0, 98, 22926, 24576, 338.69
2026/08/10 19:38:58.494, 1, 100, 13064, 24576, 320.55
2026/08/10 19:38:58.494, 2, 98, 22482, 24576, 324.65
2026/08/10 19:39:03.495, 0, 100, 22926, 24576, 182.37
2026/08/10 19:39:03.496, 1, 98, 13064, 24576, 301.04
2026/08/10 19:39:03.496, 2, 98, 13442, 24576, 314.05
2026/08/10 19:39:08.497, 0, 89, 23406, 24576, 311.96
2026/08/10 19:39:08.498, 1, 89, 23378, 24576, 302.86
2026/08/10 19:39:08.498, 2, 89, 21594, 24576, 305.11
2026/08/10 19:39:13.499, 0, 97, 23406, 24576, 312.75
2026/08/10 19:39:13.500, 1, 91, 23378, 24576, 307.17
2026/08/10 19:39:13.500, 2, 92, 21594, 24576, 293.32
2026/08/10 19:39:18.501, 0, 90, 23406, 24576, 310.92
2026/08/10 19:39:18.501, 1, 88, 23378, 24576, 312.65
2026/08/10 19:39:18.502, 2, 89, 23814, 24576, 328.55
2026/08/10 19:39:23.503, 0, 84, 23406, 24576, 339.21
2026/08/10 19:39:23.503, 1, 83, 23378, 24576, 303.03
2026/08/10 19:39:23.504, 2, 84, 21594, 24576, 321.92
2026/08/10 19:39:28.505, 0, 98, 23406, 24576, 333.59
2026/08/10 19:39:28.506, 1, 100, 23378, 24576, 302.21
2026/08/10 19:39:28.506, 2, 98, 21594, 24576, 320.44
2026/08/10 19:39:33.507, 0, 98, 13430, 24576, 338.44
2026/08/10 19:39:33.508, 1, 98, 24202, 24576, 298.04
2026/08/10 19:39:33.508, 2, 100, 13262, 24576, 310.40
2026/08/10 19:39:38.509, 0, 87, 23024, 24576, 303.65
2026/08/10 19:39:38.510, 1, 86, 21992, 24576, 297.36
2026/08/10 19:39:38.510, 2, 100, 22852, 24576, 315.61
2026/08/10 19:39:43.511, 0, 94, 23024, 24576, 313.61
2026/08/10 19:39:43.512, 1, 93, 21992, 24576, 304.97
2026/08/10 19:39:43.513, 2, 100, 22852, 24576, 324.75
2026/08/10 19:39:48.513, 0, 99, 23024, 24576, 320.29
2026/08/10 19:39:48.514, 1, 97, 21992, 24576, 310.18
2026/08/10 19:39:48.515, 2, 100, 22852, 24576, 316.36
2026/08/10 19:39:53.516, 0, 85, 23024, 24576, 338.53
2026/08/10 19:39:53.516, 1, 85, 21992, 24576, 311.41
2026/08/10 19:39:53.517, 2, 85, 22852, 24576, 322.26
2026/08/10 19:39:58.518, 0, 100, 23024, 24576, 277.70
2026/08/10 19:39:58.518, 1, 100, 21992, 24576, 310.38
2026/08/10 19:39:58.519, 2, 98, 22852, 24576, 231.21
2026/08/10 19:40:03.520, 0, 100, 23024, 24576, 336.49
2026/08/10 19:40:03.520, 1, 98, 13022, 24576, 318.44
2026/08/10 19:40:03.521, 2, 98, 17538, 24576, 291.90
2026/08/10 19:40:08.521, 0, 88, 24070, 24576, 330.83
2026/08/10 19:40:08.522, 1, 89, 23294, 24576, 324.38
2026/08/10 19:40:08.523, 2, 84, 22072, 24576, 305.78
2026/08/10 19:40:13.524, 0, 86, 24070, 24576, 336.93
2026/08/10 19:40:13.525, 1, 88, 23314, 24576, 308.89
2026/08/10 19:40:13.525, 2, 87, 22732, 24576, 325.35
2026/08/10 19:40:18.526, 0, 88, 24070, 24576, 337.34
2026/08/10 19:40:18.527, 1, 88, 22934, 24576, 309.86
2026/08/10 19:40:18.528, 2, 89, 22072, 24576, 324.39
2026/08/10 19:40:23.529, 0, 84, 24070, 24576, 335.58
2026/08/10 19:40:23.529, 1, 82, 22934, 24576, 311.47
2026/08/10 19:40:23.530, 2, 83, 22072, 24576, 334.14
2026/08/10 19:40:28.531, 0, 84, 24070, 24576, 338.96
2026/08/10 19:40:28.531, 1, 83, 22934, 24576, 309.26
2026/08/10 19:40:28.532, 2, 85, 22072, 24576, 325.31
2026/08/10 19:40:33.533, 0, 98, 16490, 24576, 336.54
2026/08/10 19:40:33.534, 1, 100, 13282, 24576, 291.18
2026/08/10 19:40:33.534, 2, 98, 16142, 24576, 319.01
2026/08/10 19:40:38.535, 0, 88, 21066, 24576, 308.59
2026/08/10 19:40:38.536, 1, 89, 22912, 24576, 307.15
2026/08/10 19:40:38.536, 2, 89, 23274, 24576, 319.18
2026/08/10 19:40:43.537, 0, 94, 22746, 24576, 307.27
2026/08/10 19:40:43.538, 1, 100, 22912, 24576, 293.69
2026/08/10 19:40:43.539, 2, 100, 21414, 24576, 323.71
2026/08/10 19:40:48.540, 0, 99, 22746, 24576, 303.10
2026/08/10 19:40:48.540, 1, 100, 22912, 24576, 292.52
2026/08/10 19:40:48.541, 2, 96, 23274, 24576, 313.09
2026/08/10 19:40:53.542, 0, 83, 22746, 24576, 335.98
2026/08/10 19:40:53.542, 1, 82, 22912, 24576, 305.71
2026/08/10 19:40:53.543, 2, 85, 23274, 24576, 336.47
2026/08/10 19:40:58.544, 0, 82, 22746, 24576, 310.77
2026/08/10 19:40:58.544, 1, 84, 22912, 24576, 287.40
2026/08/10 19:40:58.545, 2, 84, 23274, 24576, 324.74
2026/08/10 19:41:03.546, 0, 99, 22746, 24576, 337.72
2026/08/10 19:41:03.546, 1, 98, 12862, 24576, 310.39
2026/08/10 19:41:03.547, 2, 98, 13042, 24576, 321.27
2026/08/10 19:41:08.548, 0, 91, 20768, 24576, 250.15
2026/08/10 19:41:08.548, 1, 100, 22156, 24576, 283.05
2026/08/10 19:41:08.549, 2, 100, 23058, 24576, 303.87
2026/08/10 19:41:13.549, 0, 92, 20824, 24576, 299.65
2026/08/10 19:41:13.550, 1, 100, 21892, 24576, 311.71
2026/08/10 19:41:13.552, 2, 100, 23114, 24576, 342.93
2026/08/10 19:41:18.553, 0, 91, 20824, 24576, 298.06
2026/08/10 19:41:18.554, 1, 100, 21892, 24576, 298.95
2026/08/10 19:41:18.554, 2, 100, 23114, 24576, 336.85
2026/08/10 19:41:23.555, 0, 84, 22824, 24576, 336.51
2026/08/10 19:41:23.556, 1, 82, 21892, 24576, 304.85
2026/08/10 19:41:23.556, 2, 84, 20894, 24576, 284.14
2026/08/10 19:41:28.557, 0, 85, 22824, 24576, 339.50
2026/08/10 19:41:28.559, 1, 83, 21892, 24576, 305.60
2026/08/10 19:41:28.559, 2, 85, 20894, 24576, 329.97
2026/08/10 19:41:33.560, 0, 100, 22824, 24576, 338.00
2026/08/10 19:41:33.561, 1, 100, 13064, 24576, 280.76
2026/08/10 19:41:33.561, 2, 98, 17902, 24576, 291.65
2026/08/10 19:41:38.562, 0, 100, 22824, 24576, 267.83
2026/08/10 19:41:38.563, 1, 98, 13064, 24576, 295.68
2026/08/10 19:41:38.564, 2, 99, 22978, 24576, 332.10
2026/08/10 19:41:43.565, 0, 88, 21488, 24576, 299.85
2026/08/10 19:41:43.565, 1, 88, 24036, 24576, 307.06
2026/08/10 19:41:43.566, 2, 89, 20390, 24576, 286.89
2026/08/10 19:41:48.567, 0, 97, 21168, 24576, 302.04
2026/08/10 19:41:48.567, 1, 100, 24036, 24576, 318.37
2026/08/10 19:41:48.568, 2, 91, 20390, 24576, 290.44
2026/08/10 19:41:53.569, 0, 100, 23168, 24576, 322.12
2026/08/10 19:41:53.569, 1, 88, 24036, 24576, 312.53
2026/08/10 19:41:53.570, 2, 98, 22390, 24576, 312.78
2026/08/10 19:41:58.570, 0, 82, 23168, 24576, 337.40
2026/08/10 19:41:58.571, 1, 83, 24036, 24576, 305.13
2026/08/10 19:41:58.571, 2, 83, 22390, 24576, 336.48
2026/08/10 19:42:03.572, 0, 98, 23168, 24576, 274.78
2026/08/10 19:42:03.573, 1, 100, 24036, 24576, 297.78
2026/08/10 19:42:03.574, 2, 97, 22390, 24576, 263.20
2026/08/10 19:42:08.575, 0, 98, 23168, 24576, 339.22
2026/08/10 19:42:08.575, 1, 99, 12862, 24576, 296.63
2026/08/10 19:42:08.576, 2, 98, 22390, 24576, 324.42
2026/08/10 19:42:13.577, 0, 89, 22666, 24576, 334.24
2026/08/10 19:42:13.577, 1, 100, 23254, 24576, 293.50
2026/08/10 19:42:13.578, 2, 95, 22974, 24576, 323.86
2026/08/10 19:42:18.579, 0, 100, 22666, 24576, 333.40
2026/08/10 19:42:18.580, 1, 100, 23254, 24576, 309.37
2026/08/10 19:42:18.580, 2, 83, 22974, 24576, 311.27
2026/08/10 19:42:23.581, 0, 100, 22666, 24576, 317.99
2026/08/10 19:42:23.582, 1, 94, 23254, 24576, 303.55
2026/08/10 19:42:23.582, 2, 88, 22974, 24576, 300.60
2026/08/10 19:42:28.583, 0, 83, 22666, 24576, 338.40
2026/08/10 19:42:28.583, 1, 81, 23254, 24576, 305.88
2026/08/10 19:42:28.584, 2, 80, 22974, 24576, 335.45
2026/08/10 19:42:33.585, 0, 86, 22666, 24576, 320.91
2026/08/10 19:42:33.585, 1, 84, 23254, 24576, 306.15
2026/08/10 19:42:33.586, 2, 85, 22974, 24576, 329.62
2026/08/10 19:42:38.588, 0, 98, 13450, 24576, 338.98
2026/08/10 19:42:38.588, 1, 100, 23254, 24576, 289.91
2026/08/10 19:42:38.589, 2, 98, 13322, 24576, 322.63
2026/08/10 19:42:43.590, 0, 91, 21046, 24576, 305.24
2026/08/10 19:42:43.590, 1, 90, 23456, 24576, 291.35
2026/08/10 19:42:43.591, 2, 100, 22952, 24576, 311.49
2026/08/10 19:42:48.592, 0, 88, 21046, 24576, 301.45
2026/08/10 19:42:48.593, 1, 89, 23456, 24576, 295.11
2026/08/10 19:42:48.593, 2, 100, 22952, 24576, 313.95
2026/08/10 19:42:53.594, 0, 89, 21046, 24576, 299.05
2026/08/10 19:42:53.594, 1, 92, 23456, 24576, 289.44
2026/08/10 19:42:53.595, 2, 98, 22952, 24576, 308.72
2026/08/10 19:42:58.596, 0, 83, 21046, 24576, 337.68
2026/08/10 19:42:58.596, 1, 82, 23456, 24576, 311.74
2026/08/10 19:42:58.597, 2, 84, 22952, 24576, 337.46
2026/08/10 19:43:03.598, 0, 81, 21046, 24576, 340.63
2026/08/10 19:43:03.599, 1, 81, 23456, 24576, 310.47
2026/08/10 19:43:03.599, 2, 84, 22952, 24576, 328.33
2026/08/10 19:43:08.600, 0, 100, 21046, 24576, 327.81
2026/08/10 19:43:08.600, 1, 98, 16080, 24576, 301.98
2026/08/10 19:43:08.601, 2, 100, 13042, 24576, 298.71
2026/08/10 19:43:13.602, 0, 100, 22346, 24576, 315.87
2026/08/10 19:43:13.603, 1, 98, 22302, 24576, 221.25
2026/08/10 19:43:13.604, 2, 100, 22086, 24576, 251.97
2026/08/10 19:43:18.604, 0, 100, 24050, 24576, 332.74
2026/08/10 19:43:18.605, 1, 100, 23710, 24576, 291.51
2026/08/10 19:43:18.606, 2, 100, 23614, 24576, 321.10
2026/08/10 19:43:23.607, 0, 100, 24050, 24576, 331.00
2026/08/10 19:43:23.607, 1, 100, 23130, 24576, 303.35
2026/08/10 19:43:23.608, 2, 97, 23614, 24576, 314.87
2026/08/10 19:43:28.609, 0, 83, 22010, 24576, 250.69
2026/08/10 19:43:28.609, 1, 81, 21670, 24576, 314.29
2026/08/10 19:43:28.610, 2, 84, 21414, 24576, 334.69
2026/08/10 19:43:33.611, 0, 83, 22010, 24576, 335.66
2026/08/10 19:43:33.611, 1, 84, 21670, 24576, 307.92
2026/08/10 19:43:33.612, 2, 84, 21414, 24576, 323.11
2026/08/10 19:43:38.613, 0, 98, 22630, 24576, 337.49
2026/08/10 19:43:38.613, 1, 98, 13982, 24576, 310.35
2026/08/10 19:43:38.614, 2, 100, 13222, 24576, 315.61
2026/08/10 19:43:43.614, 0, 92, 14150, 24576, 303.74
2026/08/10 19:43:43.615, 1, 69, 13958, 24576, 286.79
2026/08/10 19:43:43.616, 2, 100, 13222, 24576, 243.61
2026/08/10 19:43:48.616, 0, 93, 21964, 24576, 315.44
2026/08/10 19:43:48.617, 1, 92, 23134, 24576, 308.58
2026/08/10 19:43:48.618, 2, 100, 23134, 24576, 324.10
2026/08/10 19:43:53.619, 0, 94, 21964, 24576, 316.60
2026/08/10 19:43:53.619, 1, 94, 23134, 24576, 309.16
2026/08/10 19:43:53.620, 2, 100, 23134, 24576, 326.39
2026/08/10 19:43:58.621, 0, 83, 21964, 24576, 318.92
2026/08/10 19:43:58.621, 1, 82, 23134, 24576, 318.67
2026/08/10 19:43:58.622, 2, 83, 23134, 24576, 323.18
2026/08/10 19:44:03.623, 0, 84, 21964, 24576, 338.47
2026/08/10 19:44:03.624, 1, 84, 23134, 24576, 306.04
2026/08/10 19:44:03.624, 2, 84, 23134, 24576, 323.77
2026/08/10 19:44:08.625, 0, 100, 13390, 24576, 299.72
2026/08/10 19:44:08.626, 1, 98, 12902, 24576, 287.92
2026/08/10 19:44:08.626, 2, 98, 14922, 24576, 278.57
2026/08/10 19:44:13.627, 0, 100, 13390, 24576, 338.37
2026/08/10 19:44:13.628, 1, 98, 13282, 24576, 297.69
2026/08/10 19:44:13.628, 2, 100, 13462, 24576, 317.90
2026/08/10 19:44:18.629, 0, 100, 23008, 24576, 316.44
2026/08/10 19:44:18.629, 1, 100, 22932, 24576, 314.15
2026/08/10 19:44:18.630, 2, 100, 23876, 24576, 332.04
2026/08/10 19:44:23.631, 0, 97, 23008, 24576, 315.85
2026/08/10 19:44:23.631, 1, 97, 22932, 24576, 313.95
2026/08/10 19:44:23.632, 2, 100, 23876, 24576, 320.97
2026/08/10 19:44:28.633, 0, 96, 23008, 24576, 310.72
2026/08/10 19:44:28.634, 1, 97, 22932, 24576, 301.24
2026/08/10 19:44:28.635, 2, 98, 23876, 24576, 313.56
2026/08/10 19:44:33.635, 0, 3, 23008, 24576, 132.43
2026/08/10 19:44:33.636, 1, 81, 22932, 24576, 263.79
2026/08/10 19:44:33.636, 2, 79, 21656, 24576, 239.60
2026/08/10 19:44:38.637, 0, 81, 23008, 24576, 342.48
2026/08/10 19:44:38.638, 1, 83, 22932, 24576, 333.99
2026/08/10 19:44:38.638, 2, 82, 21656, 24576, 333.23
2026/08/10 19:44:43.639, 0, 98, 24208, 24576, 346.46
2026/08/10 19:44:43.640, 1, 98, 22932, 24576, 335.44
2026/08/10 19:44:43.640, 2, 98, 21656, 24576, 337.82
2026/08/10 19:44:48.642, 0, 100, 13570, 24576, 330.70
2026/08/10 19:44:48.642, 1, 98, 22932, 24576, 315.56
2026/08/10 19:44:48.643, 2, 98, 21656, 24576, 324.26
2026/08/10 19:44:53.644, 0, 94, 21988, 24576, 331.48
2026/08/10 19:44:53.645, 1, 100, 22932, 24576, 327.93
2026/08/10 19:44:53.645, 2, 95, 20572, 24576, 322.06
2026/08/10 19:44:58.646, 0, 100, 21988, 24576, 329.24
2026/08/10 19:44:58.647, 1, 89, 22932, 24576, 323.50
2026/08/10 19:44:58.647, 2, 96, 20572, 24576, 320.34
2026/08/10 19:45:03.648, 0, 15, 21988, 24576, 285.83
2026/08/10 19:45:03.649, 1, 29, 22932, 24576, 273.56
2026/08/10 19:45:03.649, 2, 22, 20572, 24576, 273.62
2026/08/10 19:45:08.650, 0, 81, 21988, 24576, 337.61
2026/08/10 19:45:08.651, 1, 81, 22932, 24576, 303.15
2026/08/10 19:45:08.651, 2, 83, 20572, 24576, 326.79
2026/08/10 19:45:13.652, 0, 98, 21988, 24576, 337.67
2026/08/10 19:45:13.653, 1, 98, 24112, 24576, 310.75
2026/08/10 19:45:13.653, 2, 98, 24252, 24576, 331.21
2026/08/10 19:45:18.654, 0, 98, 21988, 24576, 330.95
2026/08/10 19:45:18.655, 1, 98, 13322, 24576, 299.76
2026/08/10 19:45:18.656, 2, 98, 12860, 24576, 324.41
2026/08/10 19:45:23.656, 0, 97, 23786, 24576, 320.02
2026/08/10 19:45:23.657, 1, 100, 22912, 24576, 296.56
2026/08/10 19:45:23.657, 2, 100, 21130, 24576, 308.33
2026/08/10 19:45:28.658, 0, 96, 23786, 24576, 326.64
2026/08/10 19:45:28.659, 1, 97, 22912, 24576, 307.58
2026/08/10 19:45:28.659, 2, 94, 21650, 24576, 299.93
2026/08/10 19:45:33.660, 0, 90, 21586, 24576, 288.49
2026/08/10 19:45:33.661, 1, 84, 22912, 24576, 277.33
2026/08/10 19:45:33.661, 2, 83, 21650, 24576, 293.12
2026/08/10 19:45:38.662, 0, 84, 21586, 24576, 336.27
2026/08/10 19:45:38.663, 1, 82, 22912, 24576, 307.23
2026/08/10 19:45:38.663, 2, 85, 21650, 24576, 337.72
2026/08/10 19:45:43.664, 0, 95, 13506, 24576, 312.03
2026/08/10 19:45:43.664, 1, 97, 22912, 24576, 305.42
2026/08/10 19:45:43.665, 2, 88, 12100, 24576, 292.02
2026/08/10 19:45:48.666, 0, 100, 16990, 24576, 321.90
2026/08/10 19:45:48.666, 1, 98, 22912, 24576, 311.68
2026/08/10 19:45:48.668, 2, 97, 12760, 24576, 309.76
2026/08/10 19:45:53.669, 0, 100, 23528, 24576, 328.62
2026/08/10 19:45:53.669, 1, 100, 22912, 24576, 305.22
2026/08/10 19:45:53.670, 2, 87, 21150, 24576, 288.08
2026/08/10 19:45:58.670, 0, 100, 23528, 24576, 332.80
2026/08/10 19:45:58.675, 1, 94, 22912, 24576, 310.65
2026/08/10 19:45:58.675, 2, 95, 20830, 24576, 308.98
2026/08/10 19:46:03.676, 0, 91, 23528, 24576, 320.04
2026/08/10 19:46:03.676, 1, 97, 22912, 24576, 305.38
2026/08/10 19:46:03.677, 2, 96, 20830, 24576, 279.76
2026/08/10 19:46:08.677, 0, 83, 23528, 24576, 335.55
2026/08/10 19:46:08.678, 1, 82, 22912, 24576, 320.76
2026/08/10 19:46:08.679, 2, 83, 20830, 24576, 335.51
2026/08/10 19:46:13.680, 0, 81, 23528, 24576, 338.53
2026/08/10 19:46:13.680, 1, 76, 22912, 24576, 305.86
2026/08/10 19:46:13.681, 2, 85, 20830, 24576, 337.87
2026/08/10 19:46:18.682, 0, 98, 13430, 24576, 337.04
2026/08/10 19:46:18.683, 1, 100, 15982, 24576, 312.57
2026/08/10 19:46:18.683, 2, 97, 14202, 24576, 299.01
2026/08/10 19:46:23.684, 0, 93, 23082, 24576, 232.58
2026/08/10 19:46:23.685, 1, 90, 21542, 24576, 232.15
2026/08/10 19:46:23.685, 2, 91, 21104, 24576, 301.95
2026/08/10 19:46:28.686, 0, 93, 23146, 24576, 312.99
2026/08/10 19:46:28.686, 1, 86, 21852, 24576, 298.34
2026/08/10 19:46:28.687, 2, 95, 20372, 24576, 309.83
2026/08/10 19:46:33.688, 0, 100, 23146, 24576, 331.86
2026/08/10 19:46:33.688, 1, 98, 21852, 24576, 298.91
2026/08/10 19:46:33.689, 2, 88, 20372, 24576, 308.05
2026/08/10 19:46:38.690, 0, 81, 21086, 24576, 333.91
2026/08/10 19:46:38.690, 1, 79, 21852, 24576, 309.98
2026/08/10 19:46:38.691, 2, 82, 22592, 24576, 333.79
2026/08/10 19:46:43.692, 0, 84, 21086, 24576, 337.32
2026/08/10 19:46:43.693, 1, 80, 21852, 24576, 310.69
2026/08/10 19:46:43.693, 2, 86, 22592, 24576, 333.25
2026/08/10 19:46:48.694, 0, 98, 22950, 24576, 334.97
2026/08/10 19:46:48.695, 1, 98, 13042, 24576, 317.70
2026/08/10 19:46:48.695, 2, 98, 22592, 24576, 323.60
2026/08/10 19:46:53.696, 0, 98, 21070, 24576, 337.92
2026/08/10 19:46:53.697, 1, 71, 13042, 24576, 277.66
2026/08/10 19:46:53.697, 2, 98, 22592, 24576, 317.28
2026/08/10 19:46:58.698, 0, 92, 24212, 24576, 325.75
2026/08/10 19:46:58.699, 1, 88, 20292, 24576, 296.91
2026/08/10 19:46:58.699, 2, 95, 21996, 24576, 321.51
2026/08/10 19:47:03.700, 0, 88, 24212, 24576, 329.21
2026/08/10 19:47:03.701, 1, 100, 22512, 24576, 309.68
2026/08/10 19:47:03.701, 2, 100, 24216, 24576, 326.59
2026/08/10 19:47:08.707, 0, 100, 24212, 24576, 331.47
2026/08/10 19:47:08.707, 1, 100, 22512, 24576, 318.58
2026/08/10 19:47:08.708, 2, 100, 24216, 24576, 343.39
2026/08/10 19:47:13.708, 0, 82, 24212, 24576, 336.28
2026/08/10 19:47:13.709, 1, 81, 20292, 24576, 306.94
2026/08/10 19:47:13.710, 2, 81, 21996, 24576, 319.42
2026/08/10 19:47:18.710, 0, 100, 24212, 24576, 341.51
2026/08/10 19:47:18.711, 1, 98, 20292, 24576, 261.64
2026/08/10 19:47:18.712, 2, 98, 21996, 24576, 228.90
2026/08/10 19:47:23.712, 0, 97, 15050, 24576, 301.45
2026/08/10 19:47:23.713, 1, 98, 21102, 24576, 292.79
2026/08/10 19:47:23.713, 2, 98, 22922, 24576, 316.17
2026/08/10 19:47:28.714, 0, 67, 14690, 24576, 291.95
2026/08/10 19:47:28.715, 1, 100, 12836, 24576, 187.65
2026/08/10 19:47:28.716, 2, 100, 13938, 24576, 172.93
2026/08/10 19:47:33.716, 0, 100, 23290, 24576, 338.62
2026/08/10 19:47:33.717, 1, 100, 22612, 24576, 320.55
2026/08/10 19:47:33.717, 2, 89, 21472, 24576, 329.19
2026/08/10 19:47:38.718, 0, 100, 23290, 24576, 337.41
2026/08/10 19:47:38.719, 1, 100, 22612, 24576, 295.15
2026/08/10 19:47:38.719, 2, 94, 21472, 24576, 331.93
2026/08/10 19:47:43.720, 0, 0, 23290, 24576, 250.89
2026/08/10 19:47:43.721, 1, 81, 22612, 24576, 327.75
2026/08/10 19:47:43.722, 2, 77, 21472, 24576, 329.41
2026/08/10 19:47:48.722, 0, 84, 23290, 24576, 336.55
2026/08/10 19:47:48.723, 1, 83, 22612, 24576, 311.61
2026/08/10 19:47:48.723, 2, 84, 21472, 24576, 337.43
2026/08/10 19:47:53.724, 0, 80, 13770, 24576, 307.82
2026/08/10 19:47:53.725, 1, 80, 13964, 24576, 272.25
2026/08/10 19:47:53.725, 2, 81, 13018, 24576, 291.82
2026/08/10 19:47:58.726, 0, 99, 13590, 24576, 336.26
2026/08/10 19:47:58.727, 1, 99, 14002, 24576, 303.75
2026/08/10 19:47:58.728, 2, 91, 16424, 24576, 300.71
2026/08/10 19:48:03.728, 0, 100, 23310, 24576, 330.25
2026/08/10 19:48:03.729, 1, 88, 23334, 24576, 323.62
2026/08/10 19:48:03.729, 2, 100, 23976, 24576, 337.77
2026/08/10 19:48:08.730, 0, 100, 23310, 24576, 335.44
2026/08/10 19:48:08.731, 1, 100, 23334, 24576, 321.79
2026/08/10 19:48:08.732, 2, 100, 23976, 24576, 333.43
2026/08/10 19:48:13.732, 0, 93, 23310, 24576, 328.10
2026/08/10 19:48:13.733, 1, 96, 23334, 24576, 303.01
2026/08/10 19:48:13.733, 2, 91, 23976, 24576, 321.13
2026/08/10 19:48:18.734, 0, 74, 23310, 24576, 333.86
2026/08/10 19:48:18.735, 1, 71, 23334, 24576, 304.69
2026/08/10 19:48:18.735, 2, 74, 23976, 24576, 329.36
2026/08/10 19:48:23.736, 0, 85, 23310, 24576, 338.76
2026/08/10 19:48:23.737, 1, 86, 23334, 24576, 306.31
2026/08/10 19:48:23.738, 2, 85, 23976, 24576, 330.88
2026/08/10 19:48:28.739, 0, 98, 13570, 24576, 337.64
2026/08/10 19:48:28.739, 1, 89, 13796, 24576, 278.92
2026/08/10 19:48:28.740, 2, 99, 16082, 24576, 318.44
2026/08/10 19:48:33.741, 0, 100, 23764, 24576, 236.99
2026/08/10 19:48:33.741, 1, 100, 22182, 24576, 254.10
2026/08/10 19:48:33.742, 2, 90, 21802, 24576, 213.44
2026/08/10 19:48:38.743, 0, 100, 21548, 24576, 319.93
2026/08/10 19:48:38.744, 1, 100, 21112, 24576, 300.17
2026/08/10 19:48:38.744, 2, 95, 20552, 24576, 304.82
2026/08/10 19:48:43.745, 0, 100, 23468, 24576, 320.70
2026/08/10 19:48:43.746, 1, 100, 20752, 24576, 299.88
2026/08/10 19:48:43.746, 2, 95, 20112, 24576, 304.51
2026/08/10 19:48:48.747, 0, 83, 23468, 24576, 335.41
2026/08/10 19:48:48.747, 1, 80, 21012, 24576, 319.86
2026/08/10 19:48:48.748, 2, 81, 22532, 24576, 332.65
2026/08/10 19:48:53.749, 0, 82, 23468, 24576, 336.82
2026/08/10 19:48:53.749, 1, 85, 21012, 24576, 302.79
2026/08/10 19:48:53.750, 2, 84, 22532, 24576, 333.42
2026/08/10 19:48:58.751, 0, 98, 13450, 24576, 333.63
2026/08/10 19:48:58.752, 1, 97, 13042, 24576, 314.25
2026/08/10 19:48:58.752, 2, 98, 22532, 24576, 300.84
2026/08/10 19:49:03.753, 0, 98, 13450, 24576, 334.43
2026/08/10 19:49:03.754, 1, 100, 13042, 24576, 299.36
2026/08/10 19:49:03.754, 2, 100, 22532, 24576, 314.83
2026/08/10 19:49:08.755, 0, 85, 23490, 24576, 325.42
2026/08/10 19:49:08.756, 1, 95, 23694, 24576, 322.03
2026/08/10 19:49:08.756, 2, 90, 23056, 24576, 317.44
2026/08/10 19:49:13.757, 0, 100, 21630, 24576, 327.13
2026/08/10 19:49:13.758, 1, 100, 23694, 24576, 295.85
2026/08/10 19:49:13.758, 2, 100, 21296, 24576, 318.46
2026/08/10 19:49:18.760, 0, 100, 23490, 24576, 326.22
2026/08/10 19:49:18.760, 1, 100, 21494, 24576, 292.14
2026/08/10 19:49:18.761, 2, 100, 23056, 24576, 305.52
2026/08/10 19:49:23.762, 0, 84, 23490, 24576, 336.14
2026/08/10 19:49:23.763, 1, 82, 21494, 24576, 302.23
2026/08/10 19:49:23.763, 2, 83, 23056, 24576, 322.58
2026/08/10 19:49:28.764, 0, 98, 23490, 24576, 338.78
2026/08/10 19:49:28.766, 1, 98, 21494, 24576, 305.01
2026/08/10 19:49:28.766, 2, 100, 23056, 24576, 334.75
2026/08/10 19:49:33.767, 0, 98, 22130, 24576, 337.59
2026/08/10 19:49:33.768, 1, 100, 21494, 24576, 311.71
2026/08/10 19:49:33.768, 2, 98, 23056, 24576, 309.87
2026/08/10 19:49:38.769, 0, 100, 22828, 24576, 301.15
2026/08/10 19:49:38.769, 1, 100, 21474, 24576, 301.83
2026/08/10 19:49:38.770, 2, 98, 22116, 24576, 321.03
2026/08/10 19:49:43.771, 0, 100, 23128, 24576, 333.62
2026/08/10 19:49:43.771, 1, 92, 21474, 24576, 298.50
2026/08/10 19:49:43.772, 2, 95, 22116, 24576, 326.46
2026/08/10 19:49:48.773, 0, 100, 23128, 24576, 294.91
2026/08/10 19:49:48.774, 1, 100, 22434, 24576, 294.02
2026/08/10 19:49:48.774, 2, 100, 22756, 24576, 318.79
2026/08/10 19:49:53.775, 0, 74, 23128, 24576, 335.23
2026/08/10 19:49:53.776, 1, 22, 21474, 24576, 272.70
2026/08/10 19:49:53.776, 2, 81, 22116, 24576, 323.37
2026/08/10 19:49:58.777, 0, 100, 23128, 24576, 276.46
2026/08/10 19:49:58.778, 1, 82, 21474, 24576, 305.77
2026/08/10 19:49:58.778, 2, 83, 22116, 24576, 312.15
2026/08/10 19:50:03.779, 0, 100, 23128, 24576, 337.94
2026/08/10 19:50:03.779, 1, 100, 18622, 24576, 306.75
2026/08/10 19:50:03.780, 2, 98, 22116, 24576, 311.23
2026/08/10 19:50:08.781, 0, 100, 23128, 24576, 180.66
2026/08/10 19:50:08.781, 1, 100, 15976, 24576, 289.95
2026/08/10 19:50:08.782, 2, 100, 22116, 24576, 303.78
2026/08/10 19:50:13.783, 0, 100, 20002, 24576, 281.21
2026/08/10 19:50:13.784, 1, 89, 23256, 24576, 307.63
2026/08/10 19:50:13.787, 2, 100, 23736, 24576, 337.26
2026/08/10 19:50:18.787, 0, 96, 20002, 24576, 285.06
2026/08/10 19:50:18.788, 1, 95, 23256, 24576, 299.53
2026/08/10 19:50:18.788, 2, 97, 23736, 24576, 324.55
2026/08/10 19:50:23.789, 0, 100, 21922, 24576, 304.84
2026/08/10 19:50:23.792, 1, 89, 23256, 24576, 307.52
2026/08/10 19:50:23.793, 2, 89, 21596, 24576, 310.61
2026/08/10 19:50:28.793, 0, 83, 21922, 24576, 341.90
2026/08/10 19:50:28.794, 1, 82, 23256, 24576, 305.72
2026/08/10 19:50:28.794, 2, 81, 21596, 24576, 337.19
2026/08/10 19:50:33.795, 0, 83, 21922, 24576, 343.79
2026/08/10 19:50:33.795, 1, 83, 23256, 24576, 312.48
2026/08/10 19:50:33.796, 2, 68, 21596, 24576, 305.56
2026/08/10 19:50:38.797, 0, 98, 14670, 24576, 304.00
2026/08/10 19:50:38.798, 1, 98, 13262, 24576, 309.07
2026/08/10 19:50:38.799, 2, 98, 12922, 24576, 314.34
2026/08/10 19:50:43.799, 0, 98, 14670, 24576, 305.33
2026/08/10 19:50:43.800, 1, 100, 13262, 24576, 188.21
2026/08/10 19:50:43.800, 2, 78, 13302, 24576, 265.76
2026/08/10 19:50:48.801, 0, 97, 23190, 24576, 339.27
2026/08/10 19:50:48.802, 1, 98, 23012, 24576, 299.73
2026/08/10 19:50:48.802, 2, 100, 23736, 24576, 329.48
2026/08/10 19:50:53.803, 0, 89, 23910, 24576, 335.33
2026/08/10 19:50:53.804, 1, 100, 23012, 24576, 298.67
2026/08/10 19:50:53.804, 2, 88, 23736, 24576, 329.21
2026/08/10 19:50:58.805, 0, 79, 23910, 24576, 285.90
2026/08/10 19:50:58.805, 1, 80, 23012, 24576, 275.72
2026/08/10 19:50:58.806, 2, 77, 23736, 24576, 264.50
2026/08/10 19:51:03.807, 0, 82, 23910, 24576, 335.73
2026/08/10 19:51:03.808, 1, 82, 23012, 24576, 313.73
2026/08/10 19:51:03.808, 2, 84, 23736, 24576, 325.45
2026/08/10 19:51:08.809, 0, 97, 14510, 24576, 297.81
2026/08/10 19:51:08.810, 1, 100, 23212, 24576, 302.79
2026/08/10 19:51:08.811, 2, 100, 23736, 24576, 312.55
2026/08/10 19:51:13.812, 0, 98, 19830, 24576, 310.85
2026/08/10 19:51:13.812, 1, 98, 13064, 24576, 303.96
2026/08/10 19:51:13.813, 2, 99, 23736, 24576, 311.97
2026/08/10 19:51:18.814, 0, 91, 23406, 24576, 313.14
2026/08/10 19:51:18.814, 1, 100, 23940, 24576, 308.87
2026/08/10 19:51:18.815, 2, 100, 23736, 24576, 325.93
2026/08/10 19:51:23.816, 0, 100, 24086, 24576, 294.82
2026/08/10 19:51:23.816, 1, 100, 23600, 24576, 312.27
2026/08/10 19:51:23.817, 2, 100, 23736, 24576, 300.40
2026/08/10 19:51:28.818, 0, 100, 23406, 24576, 309.27
2026/08/10 19:51:28.818, 1, 100, 23940, 24576, 306.86
2026/08/10 19:51:28.819, 2, 100, 23736, 24576, 323.03
2026/08/10 19:51:33.821, 0, 82, 23406, 24576, 332.56
2026/08/10 19:51:33.821, 1, 82, 23940, 24576, 307.44
2026/08/10 19:51:33.822, 2, 81, 23736, 24576, 336.09
2026/08/10 19:51:38.823, 0, 82, 23406, 24576, 339.17
2026/08/10 19:51:38.823, 1, 85, 23940, 24576, 307.12
2026/08/10 19:51:38.824, 2, 80, 23736, 24576, 326.62
2026/08/10 19:51:43.825, 0, 98, 14470, 24576, 339.06
2026/08/10 19:51:43.826, 1, 98, 13922, 24576, 303.89
2026/08/10 19:51:43.826, 2, 98, 22342, 24576, 330.13
2026/08/10 19:51:48.827, 0, 100, 14470, 24576, 276.29
2026/08/10 19:51:48.827, 1, 84, 13856, 24576, 271.01
2026/08/10 19:51:48.828, 2, 98, 19718, 24576, 325.81
2026/08/10 19:51:53.829, 0, 88, 22068, 24576, 293.61
2026/08/10 19:51:53.829, 1, 87, 22132, 24576, 291.51
2026/08/10 19:51:53.830, 2, 89, 23114, 24576, 300.89
2026/08/10 19:51:58.831, 0, 88, 22748, 24576, 320.17
2026/08/10 19:51:58.831, 1, 89, 22132, 24576, 318.83
2026/08/10 19:51:58.832, 2, 88, 23114, 24576, 308.12
2026/08/10 19:52:03.833, 0, 100, 22068, 24576, 318.63
2026/08/10 19:52:03.833, 1, 99, 22132, 24576, 319.14
2026/08/10 19:52:03.834, 2, 100, 23114, 24576, 323.04
2026/08/10 19:52:08.835, 0, 75, 22068, 24576, 333.79
2026/08/10 19:52:08.836, 1, 76, 22132, 24576, 312.90
2026/08/10 19:52:08.836, 2, 74, 23114, 24576, 319.10
2026/08/10 19:52:13.837, 0, 82, 22068, 24576, 338.80
2026/08/10 19:52:13.838, 1, 100, 22132, 24576, 206.12
2026/08/10 19:52:13.839, 2, 100, 23114, 24576, 251.44
2026/08/10 19:52:18.839, 0, 97, 13490, 24576, 340.15
2026/08/10 19:52:18.840, 1, 98, 14262, 24576, 295.51
2026/08/10 19:52:18.840, 2, 98, 23114, 24576, 316.32
2026/08/10 19:52:23.841, 0, 100, 23372, 24576, 281.14
2026/08/10 19:52:23.842, 1, 100, 22546, 24576, 295.47
2026/08/10 19:52:23.843, 2, 100, 20658, 24576, 270.84
2026/08/10 19:52:28.844, 0, 99, 23088, 24576, 330.26
2026/08/10 19:52:28.844, 1, 89, 22572, 24576, 314.17
2026/08/10 19:52:28.845, 2, 89, 20712, 24576, 307.58
2026/08/10 19:52:33.846, 0, 87, 23088, 24576, 330.08
2026/08/10 19:52:33.846, 1, 100, 22572, 24576, 301.13
2026/08/10 19:52:33.846, 2, 89, 21092, 24576, 310.76
2026/08/10 19:52:38.847, 0, 82, 23088, 24576, 337.06
2026/08/10 19:52:38.848, 1, 78, 22572, 24576, 315.35
2026/08/10 19:52:38.848, 2, 84, 22932, 24576, 336.61
2026/08/10 19:52:43.849, 0, 83, 23088, 24576, 339.88
2026/08/10 19:52:43.849, 1, 83, 22572, 24576, 304.51
2026/08/10 19:52:43.850, 2, 100, 22932, 24576, 258.30
2026/08/10 19:52:48.851, 0, 98, 13490, 24576, 315.52
2026/08/10 19:52:48.851, 1, 100, 14202, 24576, 311.81
2026/08/10 19:52:48.852, 2, 98, 15358, 24576, 285.80
2026/08/10 19:52:53.853, 0, 88, 23306, 24576, 310.69
2026/08/10 19:52:53.853, 1, 88, 22212, 24576, 296.64
2026/08/10 19:52:53.854, 2, 86, 19530, 24576, 265.65
2026/08/10 19:52:58.855, 0, 100, 22988, 24576, 323.98
2026/08/10 19:52:58.856, 1, 100, 21912, 24576, 312.28
2026/08/10 19:52:58.856, 2, 89, 19546, 24576, 308.34
2026/08/10 19:53:03.857, 0, 89, 22988, 24576, 322.78
2026/08/10 19:53:03.858, 1, 100, 21912, 24576, 304.37
2026/08/10 19:53:03.858, 2, 89, 20506, 24576, 308.72
2026/08/10 19:53:08.859, 0, 82, 22988, 24576, 336.01
2026/08/10 19:53:08.860, 1, 80, 21912, 24576, 306.40
2026/08/10 19:53:08.861, 2, 84, 19546, 24576, 335.05
2026/08/10 19:53:13.861, 0, 78, 22988, 24576, 339.46
2026/08/10 19:53:13.862, 1, 83, 21912, 24576, 300.81
2026/08/10 19:53:13.862, 2, 84, 19546, 24576, 340.76
2026/08/10 19:53:18.863, 0, 100, 16290, 24576, 299.37
2026/08/10 19:53:18.864, 1, 100, 21912, 24576, 299.31
2026/08/10 19:53:18.864, 2, 98, 19580, 24576, 306.99
2026/08/10 19:53:23.865, 0, 100, 23318, 24576, 310.91
2026/08/10 19:53:23.866, 1, 100, 21998, 24576, 289.20
2026/08/10 19:53:23.867, 2, 88, 22290, 24576, 289.73
2026/08/10 19:53:28.868, 0, 89, 23346, 24576, 324.03
2026/08/10 19:53:28.869, 1, 100, 22032, 24576, 310.21
2026/08/10 19:53:28.869, 2, 88, 20490, 24576, 316.78
2026/08/10 19:53:33.870, 0, 100, 23346, 24576, 324.33
2026/08/10 19:53:33.871, 1, 100, 22032, 24576, 324.31
2026/08/10 19:53:33.871, 2, 99, 20490, 24576, 319.49
2026/08/10 19:53:38.872, 0, 82, 23346, 24576, 333.86
2026/08/10 19:53:38.873, 1, 81, 22032, 24576, 317.94
2026/08/10 19:53:38.873, 2, 82, 20490, 24576, 329.48
2026/08/10 19:53:43.874, 0, 79, 23346, 24576, 337.58
2026/08/10 19:53:43.875, 1, 83, 22032, 24576, 305.40
2026/08/10 19:53:43.875, 2, 85, 20490, 24576, 337.97
2026/08/10 19:53:48.876, 0, 100, 13330, 24576, 338.13
2026/08/10 19:53:48.877, 1, 98, 21522, 24576, 316.55
2026/08/10 19:53:48.878, 2, 98, 13042, 24576, 335.52
2026/08/10 19:53:53.879, 0, 100, 13690, 24576, 256.49
2026/08/10 19:53:53.880, 1, 98, 13022, 24576, 296.60
2026/08/10 19:53:53.880, 2, 72, 13042, 24576, 272.46
2026/08/10 19:53:58.881, 0, 100, 23688, 24576, 320.55
2026/08/10 19:53:58.882, 1, 89, 21716, 24576, 304.39
2026/08/10 19:53:58.882, 2, 93, 21474, 24576, 318.22
2026/08/10 19:54:03.883, 0, 87, 23688, 24576, 329.08
2026/08/10 19:54:03.884, 1, 100, 21716, 24576, 295.26
2026/08/10 19:54:03.884, 2, 89, 21474, 24576, 315.68
2026/08/10 19:54:08.885, 0, 100, 23688, 24576, 332.37
2026/08/10 19:54:08.886, 1, 100, 21716, 24576, 299.83
2026/08/10 19:54:08.886, 2, 100, 21474, 24576, 319.14
2026/08/10 19:54:13.887, 0, 82, 23688, 24576, 337.45
2026/08/10 19:54:13.888, 1, 79, 21716, 24576, 266.78
2026/08/10 19:54:13.889, 2, 0, 21474, 24576, 213.01
2026/08/10 19:54:18.890, 0, 100, 23688, 24576, 297.73
2026/08/10 19:54:18.890, 1, 99, 21716, 24576, 285.45
2026/08/10 19:54:18.891, 2, 98, 21474, 24576, 321.23
2026/08/10 19:54:23.892, 0, 100, 23850, 24576, 338.84
2026/08/10 19:54:23.892, 1, 98, 21716, 24576, 302.88
2026/08/10 19:54:23.893, 2, 98, 23822, 24576, 315.78
2026/08/10 19:54:28.894, 0, 88, 20964, 24576, 301.37
2026/08/10 19:54:28.895, 1, 88, 21776, 24576, 304.50
2026/08/10 19:54:28.895, 2, 92, 23394, 24576, 314.15
2026/08/10 19:54:33.896, 0, 91, 22964, 24576, 295.99
2026/08/10 19:54:33.897, 1, 90, 21776, 24576, 300.14
2026/08/10 19:54:33.897, 2, 89, 23394, 24576, 308.00
2026/08/10 19:54:38.898, 0, 92, 22964, 24576, 295.87
2026/08/10 19:54:38.899, 1, 91, 21776, 24576, 310.20
2026/08/10 19:54:38.899, 2, 90, 23394, 24576, 302.51
2026/08/10 19:54:43.900, 0, 79, 22964, 24576, 338.85
2026/08/10 19:54:43.901, 1, 84, 21776, 24576, 310.00
2026/08/10 19:54:43.904, 2, 82, 23394, 24576, 322.63
2026/08/10 19:54:48.904, 0, 97, 22964, 24576, 231.33
2026/08/10 19:54:48.905, 1, 98, 21776, 24576, 284.25
2026/08/10 19:54:48.906, 2, 79, 23394, 24576, 315.29
2026/08/10 19:54:53.907, 0, 97, 21710, 24576, 338.24
2026/08/10 19:54:53.908, 1, 98, 13262, 24576, 312.92
2026/08/10 19:54:53.909, 2, 97, 13002, 24576, 300.86
2026/08/10 19:54:58.910, 0, 100, 23346, 24576, 330.85
2026/08/10 19:54:58.910, 1, 100, 23032, 24576, 294.86
2026/08/10 19:54:58.911, 2, 89, 21394, 24576, 313.42
2026/08/10 19:55:03.912, 0, 91, 23346, 24576, 315.12
2026/08/10 19:55:03.912, 1, 98, 23032, 24576, 304.36
2026/08/10 19:55:03.913, 2, 97, 23554, 24576, 324.17
2026/08/10 19:55:08.914, 0, 84, 23346, 24576, 310.74
2026/08/10 19:55:08.914, 1, 97, 23032, 24576, 305.66
2026/08/10 19:55:08.915, 2, 88, 23554, 24576, 317.75
2026/08/10 19:55:13.916, 0, 80, 23346, 24576, 337.95
2026/08/10 19:55:13.917, 1, 84, 23032, 24576, 317.27
2026/08/10 19:55:13.917, 2, 82, 21394, 24576, 333.44
2026/08/10 19:55:18.918, 0, 100, 23346, 24576, 339.58
2026/08/10 19:55:18.919, 1, 97, 23032, 24576, 301.75
2026/08/10 19:55:18.919, 2, 96, 21394, 24576, 234.07
2026/08/10 19:55:23.920, 0, 98, 13490, 24576, 325.34
2026/08/10 19:55:23.921, 1, 98, 13064, 24576, 305.20
2026/08/10 19:55:23.921, 2, 100, 13262, 24576, 322.46
2026/08/10 19:55:28.922, 0, 88, 19390, 24576, 229.69
2026/08/10 19:55:28.923, 1, 54, 18854, 24576, 288.11
2026/08/10 19:55:28.923, 2, 100, 19560, 24576, 183.59
2026/08/10 19:55:33.924, 0, 100, 22028, 24576, 329.75
2026/08/10 19:55:33.925, 1, 100, 21876, 24576, 318.15
2026/08/10 19:55:33.925, 2, 100, 22912, 24576, 327.85
2026/08/10 19:55:38.926, 0, 95, 22028, 24576, 322.93
2026/08/10 19:55:38.927, 1, 95, 21876, 24576, 304.54
2026/08/10 19:55:38.927, 2, 95, 22912, 24576, 310.04
2026/08/10 19:55:43.928, 0, 82, 22028, 24576, 291.27
2026/08/10 19:55:43.929, 1, 82, 21876, 24576, 299.73
2026/08/10 19:55:43.930, 2, 83, 22912, 24576, 288.10
2026/08/10 19:55:48.930, 0, 85, 22028, 24576, 336.06
2026/08/10 19:55:48.931, 1, 83, 21876, 24576, 295.15
2026/08/10 19:55:48.932, 2, 83, 22912, 24576, 336.41
2026/08/10 19:55:53.932, 0, 100, 22028, 24576, 335.42
2026/08/10 19:55:53.933, 1, 98, 12862, 24576, 284.58
2026/08/10 19:55:53.934, 2, 98, 14042, 24576, 291.17
2026/08/10 19:55:58.935, 0, 68, 22028, 24576, 288.89
2026/08/10 19:55:58.935, 1, 98, 12862, 24576, 292.03
2026/08/10 19:55:58.936, 2, 98, 14038, 24576, 332.82
2026/08/10 19:56:03.937, 0, 88, 20906, 24576, 305.17
2026/08/10 19:56:03.937, 1, 88, 23374, 24576, 310.54
2026/08/10 19:56:03.938, 2, 86, 20754, 24576, 300.57
2026/08/10 19:56:08.939, 0, 87, 20906, 24576, 306.86
2026/08/10 19:56:08.939, 1, 86, 23374, 24576, 303.69
2026/08/10 19:56:08.940, 2, 87, 20754, 24576, 306.42
2026/08/10 19:56:13.940, 0, 83, 23006, 24576, 265.21
2026/08/10 19:56:13.942, 1, 81, 23374, 24576, 284.48
2026/08/10 19:56:13.942, 2, 82, 22874, 24576, 274.43
2026/08/10 19:56:18.943, 0, 85, 23006, 24576, 336.96
2026/08/10 19:56:18.944, 1, 82, 23374, 24576, 304.32
2026/08/10 19:56:18.944, 2, 83, 22874, 24576, 319.86
2026/08/10 19:56:23.945, 0, 98, 23006, 24576, 337.39
2026/08/10 19:56:23.946, 1, 97, 24014, 24576, 310.88
2026/08/10 19:56:23.946, 2, 94, 19214, 24576, 319.74
2026/08/10 19:56:28.947, 0, 99, 23006, 24576, 336.86
2026/08/10 19:56:28.948, 1, 98, 13136, 24576, 301.54
2026/08/10 19:56:28.948, 2, 98, 12862, 24576, 323.97
2026/08/10 19:56:33.949, 0, 100, 23328, 24576, 334.40
2026/08/10 19:56:33.950, 1, 100, 22632, 24576, 312.07
2026/08/10 19:56:33.953, 2, 100, 20370, 24576, 303.31
2026/08/10 19:56:38.955, 0, 88, 23328, 24576, 329.53
2026/08/10 19:56:38.955, 1, 88, 22632, 24576, 313.73
2026/08/10 19:56:38.956, 2, 89, 20370, 24576, 301.48
2026/08/10 19:56:43.957, 0, 20, 23328, 24576, 303.96
2026/08/10 19:56:43.957, 1, 21, 22632, 24576, 279.93
2026/08/10 19:56:43.958, 2, 22, 20370, 24576, 265.14
2026/08/10 19:56:48.959, 0, 82, 23328, 24576, 337.14
2026/08/10 19:56:48.959, 1, 81, 22632, 24576, 304.01
2026/08/10 19:56:48.960, 2, 82, 20370, 24576, 333.80
2026/08/10 19:56:53.961, 0, 98, 24208, 24576, 338.49
2026/08/10 19:56:53.961, 1, 98, 23492, 24576, 301.70
2026/08/10 19:56:53.962, 2, 98, 23710, 24576, 324.02
2026/08/10 19:56:58.963, 0, 100, 13570, 24576, 339.29
2026/08/10 19:56:58.963, 1, 98, 13002, 24576, 297.39
2026/08/10 19:56:58.964, 2, 100, 13042, 24576, 320.57
2026/08/10 19:57:03.965, 0, 98, 21948, 24576, 327.11
2026/08/10 19:57:03.966, 1, 96, 20692, 24576, 300.30
2026/08/10 19:57:03.966, 2, 100, 21474, 24576, 296.44
2026/08/10 19:57:08.967, 0, 100, 21948, 24576, 327.20
2026/08/10 19:57:08.968, 1, 100, 20692, 24576, 298.65
2026/08/10 19:57:08.968, 2, 88, 21474, 24576, 315.95
2026/08/10 19:57:13.969, 0, 10, 21948, 24576, 294.76
2026/08/10 19:57:13.970, 1, 34, 20692, 24576, 279.39
2026/08/10 19:57:13.970, 2, 21, 21474, 24576, 291.05
2026/08/10 19:57:18.971, 0, 83, 21948, 24576, 335.39
2026/08/10 19:57:18.972, 1, 81, 20692, 24576, 303.87
2026/08/10 19:57:18.973, 2, 80, 21474, 24576, 321.52
2026/08/10 19:57:23.974, 0, 85, 12750, 24576, 296.19
2026/08/10 19:57:23.974, 1, 96, 18192, 24576, 286.02
2026/08/10 19:57:23.975, 2, 85, 12258, 24576, 271.56
2026/08/10 19:57:28.976, 0, 100, 18030, 24576, 297.18
2026/08/10 19:57:28.976, 1, 98, 17996, 24576, 275.60
2026/08/10 19:57:28.977, 2, 98, 13022, 24576, 318.42
2026/08/10 19:57:33.978, 0, 100, 23326, 24576, 326.59
2026/08/10 19:57:33.978, 1, 88, 22492, 24576, 309.56
2026/08/10 19:57:33.979, 2, 97, 22052, 24576, 321.11
2026/08/10 19:57:38.979, 0, 86, 22586, 24576, 324.35
2026/08/10 19:57:38.980, 1, 100, 22492, 24576, 280.18
2026/08/10 19:57:38.980, 2, 100, 22952, 24576, 320.25
2026/08/10 19:57:43.982, 0, 1, 23326, 24576, 253.32
2026/08/10 19:57:43.982, 1, 7, 22492, 24576, 260.97
2026/08/10 19:57:43.983, 2, 24, 22052, 24576, 266.11
2026/08/10 19:57:48.984, 0, 84, 23326, 24576, 336.79
2026/08/10 19:57:48.984, 1, 83, 22492, 24576, 299.14
2026/08/10 19:57:48.985, 2, 82, 22052, 24576, 327.18
2026/08/10 19:57:53.986, 0, 100, 23326, 24576, 335.44
2026/08/10 19:57:53.986, 1, 98, 22152, 24576, 303.64
2026/08/10 19:57:53.987, 2, 99, 20432, 24576, 311.11
2026/08/10 19:57:58.989, 0, 98, 23326, 24576, 333.03
2026/08/10 19:57:58.989, 1, 98, 13382, 24576, 286.60
2026/08/10 19:57:58.990, 2, 98, 13342, 24576, 315.81
2026/08/10 19:58:03.991, 0, 100, 23288, 24576, 330.39
2026/08/10 19:58:03.991, 1, 100, 20934, 24576, 305.17
2026/08/10 19:58:03.992, 2, 94, 23254, 24576, 328.55
2026/08/10 19:58:08.993, 0, 100, 23288, 24576, 333.15
2026/08/10 19:58:08.993, 1, 100, 20934, 24576, 295.23
2026/08/10 19:58:08.994, 2, 89, 23254, 24576, 325.54
2026/08/10 19:58:13.995, 0, 100, 23288, 24576, 323.23
2026/08/10 19:58:13.995, 1, 100, 20934, 24576, 295.20
2026/08/10 19:58:13.996, 2, 100, 23254, 24576, 284.64
2026/08/10 19:58:18.997, 0, 84, 23288, 24576, 337.18
2026/08/10 19:58:18.997, 1, 81, 20934, 24576, 299.36
2026/08/10 19:58:18.998, 2, 74, 23254, 24576, 300.25
2026/08/10 19:58:23.999, 0, 100, 23288, 24576, 273.39
2026/08/10 19:58:24.000, 1, 100, 20934, 24576, 305.68
2026/08/10 19:58:24.000, 2, 98, 23254, 24576, 275.31
2026/08/10 19:58:29.001, 0, 98, 13434, 24576, 336.70
2026/08/10 19:58:29.002, 1, 98, 13042, 24576, 301.55
2026/08/10 19:58:29.002, 2, 98, 23254, 24576, 306.92
2026/08/10 19:58:34.003, 0, 98, 22010, 24576, 326.64
2026/08/10 19:58:34.004, 1, 100, 20692, 24576, 318.55
2026/08/10 19:58:34.004, 2, 96, 23254, 24576, 312.94
2026/08/10 19:58:39.005, 0, 96, 22010, 24576, 325.23
2026/08/10 19:58:39.006, 1, 96, 20692, 24576, 302.09
2026/08/10 19:58:39.006, 2, 98, 23254, 24576, 304.27
2026/08/10 19:58:44.007, 0, 95, 22010, 24576, 328.32
2026/08/10 19:58:44.007, 1, 95, 20692, 24576, 294.01
2026/08/10 19:58:44.008, 2, 97, 23254, 24576, 307.69
2026/08/10 19:58:49.009, 0, 80, 22010, 24576, 335.51
2026/08/10 19:58:49.009, 1, 82, 20692, 24576, 306.57
2026/08/10 19:58:49.010, 2, 81, 23254, 24576, 337.22
2026/08/10 19:58:54.011, 0, 81, 22010, 24576, 336.07
2026/08/10 19:58:54.012, 1, 84, 20692, 24576, 303.78
2026/08/10 19:58:54.012, 2, 77, 23254, 24576, 338.03
2026/08/10 19:58:59.013, 0, 98, 13572, 24576, 336.06
2026/08/10 19:58:59.014, 1, 98, 12822, 24576, 303.39
2026/08/10 19:58:59.014, 2, 98, 23254, 24576, 308.47
2026/08/10 19:59:04.015, 0, 94, 23208, 24576, 247.30
2026/08/10 19:59:04.016, 1, 93, 22354, 24576, 252.68
2026/08/10 19:59:04.016, 2, 95, 24014, 24576, 313.74
2026/08/10 19:59:09.018, 0, 97, 23626, 24576, 327.08
2026/08/10 19:59:09.018, 1, 100, 22112, 24576, 310.42
2026/08/10 19:59:09.022, 2, 100, 24016, 24576, 331.33
2026/08/10 19:59:14.023, 0, 95, 23626, 24576, 342.54
2026/08/10 19:59:14.024, 1, 100, 22112, 24576, 305.96
2026/08/10 19:59:14.024, 2, 100, 24016, 24576, 325.32
2026/08/10 19:59:19.025, 0, 81, 21426, 24576, 333.51
2026/08/10 19:59:19.026, 1, 81, 22112, 24576, 318.96
2026/08/10 19:59:19.027, 2, 83, 24016, 24576, 335.76
2026/08/10 19:59:24.027, 0, 85, 21426, 24576, 338.18
2026/08/10 19:59:24.028, 1, 84, 22112, 24576, 309.80
2026/08/10 19:59:24.028, 2, 83, 24016, 24576, 321.42
2026/08/10 19:59:29.029, 0, 98, 23670, 24576, 333.79
2026/08/10 19:59:29.030, 1, 98, 13042, 24576, 314.30
2026/08/10 19:59:29.030, 2, 98, 23482, 24576, 332.92
2026/08/10 19:59:34.031, 0, 96, 14590, 24576, 300.96
2026/08/10 19:59:34.032, 1, 98, 13042, 24576, 298.58
2026/08/10 19:59:34.033, 2, 74, 12902, 24576, 266.48
2026/08/10 19:59:39.034, 0, 96, 24068, 24576, 311.49
2026/08/10 19:59:39.034, 1, 91, 21374, 24576, 295.48
2026/08/10 19:59:39.035, 2, 100, 20392, 24576, 303.28
2026/08/10 19:59:44.036, 0, 97, 24068, 24576, 313.83
2026/08/10 19:59:44.037, 1, 91, 21374, 24576, 299.37
2026/08/10 19:59:44.037, 2, 96, 22152, 24576, 306.75
2026/08/10 19:59:49.038, 0, 82, 24068, 24576, 312.59
2026/08/10 19:59:49.039, 1, 80, 21374, 24576, 308.77
2026/08/10 19:59:49.039, 2, 83, 22152, 24576, 310.12
2026/08/10 19:59:54.040, 0, 85, 24068, 24576, 338.69
2026/08/10 19:59:54.040, 1, 84, 21374, 24576, 304.15
2026/08/10 19:59:54.041, 2, 83, 22152, 24576, 317.52
2026/08/10 19:59:59.042, 0, 98, 13470, 24576, 298.20
2026/08/10 19:59:59.042, 1, 87, 12886, 24576, 272.96
2026/08/10 19:59:59.043, 2, 98, 22152, 24576, 318.94
2026/08/10 20:00:04.044, 0, 46, 13470, 24576, 318.48
2026/08/10 20:00:04.045, 1, 98, 13282, 24576, 295.43
2026/08/10 20:00:04.045, 2, 99, 22152, 24576, 310.19
2026/08/10 20:00:09.046, 0, 93, 20524, 24576, 302.36
2026/08/10 20:00:09.047, 1, 97, 23694, 24576, 309.51
2026/08/10 20:00:09.048, 2, 100, 22692, 24576, 309.05
2026/08/10 20:00:14.049, 0, 96, 20524, 24576, 297.09
2026/08/10 20:00:14.050, 1, 100, 23694, 24576, 313.95
2026/08/10 20:00:14.050, 2, 96, 22692, 24576, 312.79
2026/08/10 20:00:19.051, 0, 100, 20524, 24576, 308.86
2026/08/10 20:00:19.051, 1, 100, 23694, 24576, 309.14
2026/08/10 20:00:19.052, 2, 100, 22692, 24576, 342.80
2026/08/10 20:00:24.056, 0, 83, 20524, 24576, 336.71
2026/08/10 20:00:24.056, 1, 82, 23694, 24576, 306.91
2026/08/10 20:00:24.057, 2, 85, 22692, 24576, 332.69
2026/08/10 20:00:29.058, 0, 98, 21564, 24576, 341.63
2026/08/10 20:00:29.058, 1, 98, 23694, 24576, 321.86
2026/08/10 20:00:29.059, 2, 98, 22692, 24576, 338.65
2026/08/10 20:00:34.060, 0, 98, 13432, 24576, 337.61
2026/08/10 20:00:34.061, 1, 98, 13222, 24576, 307.08
2026/08/10 20:00:34.061, 2, 98, 22692, 24576, 325.91
2026/08/10 20:00:39.062, 0, 93, 22968, 24576, 323.55
2026/08/10 20:00:39.063, 1, 97, 23034, 24576, 298.77
2026/08/10 20:00:39.063, 2, 97, 22672, 24576, 301.50
2026/08/10 20:00:44.064, 0, 100, 22968, 24576, 328.85
2026/08/10 20:00:44.065, 1, 100, 23034, 24576, 301.63
2026/08/10 20:00:44.065, 2, 91, 22672, 24576, 334.46
2026/08/10 20:00:49.066, 0, 75, 22968, 24576, 321.94
2026/08/10 20:00:49.067, 1, 78, 23034, 24576, 280.49
2026/08/10 20:00:49.068, 2, 49, 22672, 24576, 299.56
2026/08/10 20:00:54.069, 0, 82, 22968, 24576, 337.66
2026/08/10 20:00:54.070, 1, 83, 23034, 24576, 310.76
2026/08/10 20:00:54.070, 2, 81, 22672, 24576, 336.53
2026/08/10 20:00:59.071, 0, 98, 22968, 24576, 335.69
2026/08/10 20:00:59.072, 1, 98, 23614, 24576, 304.22
2026/08/10 20:00:59.072, 2, 98, 23652, 24576, 320.35
2026/08/10 20:01:04.073, 0, 98, 22968, 24576, 326.27
2026/08/10 20:01:04.074, 1, 90, 13642, 24576, 286.99
2026/08/10 20:01:04.074, 2, 98, 13042, 24576, 316.93
2026/08/10 20:01:09.075, 0, 90, 21568, 24576, 304.48
2026/08/10 20:01:09.076, 1, 90, 23554, 24576, 300.98
2026/08/10 20:01:09.076, 2, 100, 23534, 24576, 325.46
2026/08/10 20:01:14.077, 0, 89, 21568, 24576, 302.41
2026/08/10 20:01:14.078, 1, 91, 23554, 24576, 296.81
2026/08/10 20:01:14.078, 2, 96, 23534, 24576, 313.84
2026/08/10 20:01:19.079, 0, 97, 21568, 24576, 314.91
2026/08/10 20:01:19.080, 1, 97, 20674, 24576, 295.77
2026/08/10 20:01:19.081, 2, 97, 23534, 24576, 312.11
2026/08/10 20:01:24.081, 0, 85, 23708, 24576, 337.35
2026/08/10 20:01:24.082, 1, 81, 23554, 24576, 306.27
2026/08/10 20:01:24.082, 2, 85, 21334, 24576, 333.70
2026/08/10 20:01:29.083, 0, 98, 23708, 24576, 251.14
2026/08/10 20:01:29.084, 1, 76, 23554, 24576, 304.45
2026/08/10 20:01:29.084, 2, 98, 21334, 24576, 259.22
2026/08/10 20:01:34.085, 0, 98, 13590, 24576, 336.63
2026/08/10 20:01:34.086, 1, 98, 13042, 24576, 286.31
2026/08/10 20:01:34.086, 2, 99, 12962, 24576, 310.69
2026/08/10 20:01:39.087, 0, 76, 22200, 24576, 313.39
2026/08/10 20:01:39.088, 1, 89, 20804, 24576, 228.29
2026/08/10 20:01:39.089, 2, 98, 20624, 24576, 206.58
2026/08/10 20:01:44.090, 0, 89, 23390, 24576, 336.51
2026/08/10 20:01:44.091, 1, 88, 20512, 24576, 302.91
2026/08/10 20:01:44.091, 2, 89, 22872, 24576, 314.92
2026/08/10 20:01:49.092, 0, 100, 23390, 24576, 333.71
2026/08/10 20:01:49.093, 1, 100, 20512, 24576, 292.91
2026/08/10 20:01:49.094, 2, 100, 22872, 24576, 318.47
2026/08/10 20:01:54.094, 0, 83, 23390, 24576, 332.08
2026/08/10 20:01:54.095, 1, 83, 20512, 24576, 326.02
2026/08/10 20:01:54.096, 2, 82, 22872, 24576, 331.58
2026/08/10 20:01:59.096, 0, 84, 23390, 24576, 337.86
2026/08/10 20:01:59.097, 1, 82, 20512, 24576, 308.09
2026/08/10 20:01:59.098, 2, 85, 22872, 24576, 333.56
2026/08/10 20:02:04.099, 0, 98, 14450, 24576, 310.13
2026/08/10 20:02:04.099, 1, 98, 19542, 24576, 304.29
2026/08/10 20:02:04.100, 2, 98, 13942, 24576, 297.53
2026/08/10 20:02:09.101, 0, 98, 14450, 24576, 325.00
2026/08/10 20:02:09.101, 1, 98, 23158, 24576, 326.37
2026/08/10 20:02:09.102, 2, 98, 13938, 24576, 314.47
2026/08/10 20:02:14.103, 0, 93, 23168, 24576, 309.35
2026/08/10 20:02:14.103, 1, 96, 23254, 24576, 302.58
2026/08/10 20:02:14.104, 2, 90, 20874, 24576, 315.25
2026/08/10 20:02:19.105, 0, 97, 23168, 24576, 308.49
2026/08/10 20:02:19.106, 1, 98, 23254, 24576, 292.95
2026/08/10 20:02:19.106, 2, 92, 20874, 24576, 315.97
2026/08/10 20:02:24.107, 0, 21, 23168, 24576, 276.76
2026/08/10 20:02:24.108, 1, 22, 23254, 24576, 279.41
2026/08/10 20:02:24.109, 2, 22, 22914, 24576, 286.89
2026/08/10 20:02:29.109, 0, 86, 23168, 24576, 337.72
2026/08/10 20:02:29.110, 1, 82, 23254, 24576, 303.43
2026/08/10 20:02:29.110, 2, 84, 22914, 24576, 335.98
2026/08/10 20:02:34.111, 0, 98, 23828, 24576, 337.92
2026/08/10 20:02:34.112, 1, 98, 23674, 24576, 309.31
2026/08/10 20:02:34.112, 2, 98, 23414, 24576, 335.85
2026/08/10 20:02:39.113, 0, 98, 13570, 24576, 338.50
2026/08/10 20:02:39.114, 1, 100, 13042, 24576, 301.01
2026/08/10 20:02:39.115, 2, 97, 12760, 24576, 323.19
2026/08/10 20:02:44.115, 0, 86, 23848, 24576, 337.69
2026/08/10 20:02:44.116, 1, 88, 23654, 24576, 312.30
2026/08/10 20:02:44.117, 2, 100, 21588, 24576, 306.92
2026/08/10 20:02:49.117, 0, 100, 21628, 24576, 323.99
2026/08/10 20:02:49.118, 1, 100, 21434, 24576, 304.59
2026/08/10 20:02:49.119, 2, 97, 19968, 24576, 292.77
2026/08/10 20:02:54.120, 0, 89, 21628, 24576, 320.67
2026/08/10 20:02:54.120, 1, 90, 21434, 24576, 300.88
2026/08/10 20:02:54.121, 2, 87, 19708, 24576, 291.10
2026/08/10 20:02:59.122, 0, 85, 21628, 24576, 336.80
2026/08/10 20:02:59.122, 1, 83, 21434, 24576, 297.39
2026/08/10 20:02:59.123, 2, 85, 19708, 24576, 336.75
2026/08/10 20:03:04.124, 0, 97, 21628, 24576, 334.96
2026/08/10 20:03:04.124, 1, 98, 21434, 24576, 331.64
2026/08/10 20:03:04.125, 2, 98, 19708, 24576, 340.46
2026/08/10 20:03:09.126, 0, 98, 20670, 24576, 333.94
2026/08/10 20:03:09.126, 1, 98, 12800, 24576, 306.36
2026/08/10 20:03:09.127, 2, 98, 19708, 24576, 329.31
2026/08/10 20:03:14.128, 0, 100, 24142, 24576, 322.11
2026/08/10 20:03:14.129, 1, 90, 21790, 24576, 293.42
2026/08/10 20:03:14.129, 2, 88, 21990, 24576, 296.17
2026/08/10 20:03:19.130, 0, 100, 24170, 24576, 336.71
2026/08/10 20:03:19.131, 1, 88, 21790, 24576, 337.74
2026/08/10 20:03:19.131, 2, 100, 21052, 24576, 314.44
2026/08/10 20:03:24.132, 0, 100, 24170, 24576, 336.03
2026/08/10 20:03:24.133, 1, 89, 21790, 24576, 323.94
2026/08/10 20:03:24.133, 2, 100, 21052, 24576, 314.88
2026/08/10 20:03:29.134, 0, 83, 24170, 24576, 334.68
2026/08/10 20:03:29.135, 1, 83, 19830, 24576, 320.06
2026/08/10 20:03:29.135, 2, 84, 21052, 24576, 336.01
2026/08/10 20:03:34.136, 0, 83, 24170, 24576, 337.77
2026/08/10 20:03:34.137, 1, 86, 19830, 24576, 310.04
2026/08/10 20:03:34.141, 2, 85, 21052, 24576, 324.43
2026/08/10 20:03:39.142, 0, 95, 14610, 24576, 298.85
2026/08/10 20:03:39.145, 1, 98, 13042, 24576, 288.84
2026/08/10 20:03:39.145, 2, 98, 12962, 24576, 331.44
2026/08/10 20:03:44.146, 0, 100, 14610, 24576, 256.71
2026/08/10 20:03:44.146, 1, 100, 13042, 24576, 264.22
2026/08/10 20:03:44.147, 2, 98, 12962, 24576, 316.87
2026/08/10 20:03:49.148, 0, 100, 22946, 24576, 313.37
2026/08/10 20:03:49.148, 1, 100, 22994, 24576, 320.08
2026/08/10 20:03:49.149, 2, 83, 22994, 24576, 323.62
2026/08/10 20:03:54.150, 0, 100, 22946, 24576, 317.37
2026/08/10 20:03:54.150, 1, 100, 22994, 24576, 333.88
2026/08/10 20:03:54.151, 2, 98, 22994, 24576, 327.74
2026/08/10 20:03:59.152, 0, 24, 22946, 24576, 262.00
2026/08/10 20:03:59.152, 1, 24, 20754, 24576, 266.97
2026/08/10 20:03:59.153, 2, 22, 22994, 24576, 277.80
2026/08/10 20:04:04.154, 0, 85, 22946, 24576, 336.29
2026/08/10 20:04:04.155, 1, 82, 20754, 24576, 301.14
2026/08/10 20:04:04.155, 2, 84, 22994, 24576, 320.91
2026/08/10 20:04:09.156, 0, 89, 14926, 24576, 303.66
2026/08/10 20:04:09.156, 1, 98, 24074, 24576, 301.50
2026/08/10 20:04:09.157, 2, 98, 24134, 24576, 339.45
2026/08/10 20:04:14.158, 0, 98, 13470, 24576, 338.04
2026/08/10 20:04:14.158, 1, 99, 13998, 24576, 277.83
2026/08/10 20:04:14.159, 2, 97, 13678, 24576, 290.58
2026/08/10 20:04:19.160, 0, 96, 21968, 24576, 315.34
2026/08/10 20:04:19.160, 1, 95, 23454, 24576, 303.70
2026/08/10 20:04:19.161, 2, 86, 19708, 24576, 283.92
2026/08/10 20:04:24.162, 0, 89, 21968, 24576, 310.16
2026/08/10 20:04:24.163, 1, 90, 23454, 24576, 314.85
2026/08/10 20:04:24.163, 2, 96, 19708, 24576, 278.85
2026/08/10 20:04:29.164, 0, 0, 24048, 24576, 269.40
2026/08/10 20:04:29.165, 1, 100, 23454, 24576, 292.08
2026/08/10 20:04:29.165, 2, 100, 20628, 24576, 280.48
2026/08/10 20:04:34.166, 0, 82, 21968, 24576, 336.53
2026/08/10 20:04:34.167, 1, 81, 23454, 24576, 309.82
2026/08/10 20:04:34.167, 2, 84, 19708, 24576, 331.11
2026/08/10 20:04:39.168, 0, 98, 21968, 24576, 302.10
2026/08/10 20:04:39.169, 1, 98, 23454, 24576, 286.05
2026/08/10 20:04:39.169, 2, 100, 19708, 24576, 338.36
2026/08/10 20:04:44.170, 0, 98, 21968, 24576, 335.52
2026/08/10 20:04:44.170, 1, 98, 22842, 24576, 284.07
2026/08/10 20:04:44.171, 2, 99, 13042, 24576, 313.34
2026/08/10 20:04:49.173, 0, 100, 22050, 24576, 329.39
2026/08/10 20:04:49.174, 1, 100, 22572, 24576, 325.65
2026/08/10 20:04:49.174, 2, 100, 21374, 24576, 325.28
2026/08/10 20:04:54.175, 0, 100, 22050, 24576, 329.65
2026/08/10 20:04:54.176, 1, 91, 22572, 24576, 306.51
2026/08/10 20:04:54.176, 2, 100, 21374, 24576, 313.84
2026/08/10 20:04:59.177, 0, 100, 22050, 24576, 332.08
2026/08/10 20:04:59.178, 1, 88, 22572, 24576, 312.15
2026/08/10 20:04:59.179, 2, 100, 21374, 24576, 317.00
2026/08/10 20:05:04.179, 0, 79, 22050, 24576, 333.43
2026/08/10 20:05:04.180, 1, 81, 22572, 24576, 310.99
2026/08/10 20:05:04.181, 2, 81, 21374, 24576, 330.14
2026/08/10 20:05:09.182, 0, 83, 22050, 24576, 339.14
2026/08/10 20:05:09.182, 1, 89, 22572, 24576, 288.11
2026/08/10 20:05:09.183, 2, 81, 21374, 24576, 309.43
2026/08/10 20:05:14.184, 0, 98, 13570, 24576, 337.30
2026/08/10 20:05:14.184, 1, 98, 12902, 24576, 303.03
2026/08/10 20:05:14.185, 2, 99, 13282, 24576, 317.80
2026/08/10 20:05:19.185, 0, 100, 21526, 24576, 326.53
2026/08/10 20:05:19.186, 1, 100, 20612, 24576, 302.27
2026/08/10 20:05:19.187, 2, 89, 22892, 24576, 337.06
2026/08/10 20:05:24.188, 0, 100, 22626, 24576, 326.55
2026/08/10 20:05:24.189, 1, 100, 22652, 24576, 305.45
2026/08/10 20:05:24.189, 2, 97, 22892, 24576, 312.88
2026/08/10 20:05:29.190, 0, 100, 22626, 24576, 332.23
2026/08/10 20:05:29.191, 1, 100, 22652, 24576, 306.41
2026/08/10 20:05:29.191, 2, 100, 22892, 24576, 316.20
2026/08/10 20:05:34.192, 0, 84, 21526, 24576, 336.70
2026/08/10 20:05:34.193, 1, 81, 20612, 24576, 305.36
2026/08/10 20:05:34.193, 2, 84, 22892, 24576, 321.06
2026/08/10 20:05:39.194, 0, 98, 21526, 24576, 258.04
2026/08/10 20:05:39.195, 1, 100, 20612, 24576, 298.77
2026/08/10 20:05:39.195, 2, 98, 22892, 24576, 260.16
2026/08/10 20:05:44.196, 0, 98, 23130, 24576, 336.08
2026/08/10 20:05:44.197, 1, 98, 13022, 24576, 300.02
2026/08/10 20:05:44.197, 2, 98, 12800, 24576, 319.18
2026/08/10 20:05:49.198, 0, 96, 20826, 24576, 305.46
2026/08/10 20:05:49.199, 1, 96, 22994, 24576, 282.33
2026/08/10 20:05:49.200, 2, 94, 21530, 24576, 281.97
2026/08/10 20:05:54.200, 0, 95, 20826, 24576, 306.34
2026/08/10 20:05:54.201, 1, 95, 22994, 24576, 295.73
2026/08/10 20:05:54.202, 2, 94, 21530, 24576, 285.42
2026/08/10 20:05:59.202, 0, 95, 20826, 24576, 304.03
2026/08/10 20:05:59.203, 1, 95, 22994, 24576, 295.07
2026/08/10 20:05:59.204, 2, 94, 21530, 24576, 283.99
2026/08/10 20:06:04.204, 0, 84, 22806, 24576, 335.45
2026/08/10 20:06:04.205, 1, 83, 22994, 24576, 303.18
2026/08/10 20:06:04.205, 2, 83, 19610, 24576, 336.29
2026/08/10 20:06:09.207, 0, 83, 22806, 24576, 338.43
2026/08/10 20:06:09.207, 1, 98, 22994, 24576, 248.30
2026/08/10 20:06:09.208, 2, 98, 19610, 24576, 255.14
2026/08/10 20:06:14.209, 0, 98, 14610, 24576, 301.77
2026/08/10 20:06:14.209, 1, 98, 17656, 24576, 286.72
2026/08/10 20:06:14.210, 2, 100, 13342, 24576, 310.99
2026/08/10 20:06:19.211, 0, 100, 14610, 24576, 290.35
2026/08/10 20:06:19.212, 1, 100, 13856, 24576, 192.29
2026/08/10 20:06:19.212, 2, 100, 13342, 24576, 173.69
2026/08/10 20:06:24.213, 0, 100, 24190, 24576, 341.12
2026/08/10 20:06:24.214, 1, 100, 22252, 24576, 319.97
2026/08/10 20:06:24.214, 2, 100, 23314, 24576, 328.46
2026/08/10 20:06:29.215, 0, 100, 24190, 24576, 340.79
2026/08/10 20:06:29.215, 1, 100, 22252, 24576, 314.09
2026/08/10 20:06:29.216, 2, 92, 23314, 24576, 323.89
2026/08/10 20:06:34.217, 0, 81, 24190, 24576, 330.88
2026/08/10 20:06:34.217, 1, 84, 22252, 24576, 326.32
2026/08/10 20:06:34.218, 2, 81, 23314, 24576, 330.08
2026/08/10 20:06:39.219, 0, 84, 24190, 24576, 336.14
2026/08/10 20:06:39.220, 1, 86, 22252, 24576, 308.58
2026/08/10 20:06:39.220, 2, 84, 23314, 24576, 338.42
2026/08/10 20:06:44.221, 0, 98, 13530, 24576, 336.68
2026/08/10 20:06:44.222, 1, 98, 22252, 24576, 301.56
2026/08/10 20:06:44.222, 2, 100, 13022, 24576, 330.79
2026/08/10 20:06:49.223, 0, 75, 13530, 24576, 281.67
2026/08/10 20:06:49.224, 1, 45, 22252, 24576, 270.41
2026/08/10 20:06:49.224, 2, 98, 13442, 24576, 326.46
2026/08/10 20:06:54.225, 0, 100, 22486, 24576, 335.23
2026/08/10 20:06:54.226, 1, 100, 20634, 24576, 298.06
2026/08/10 20:06:54.227, 2, 100, 23754, 24576, 339.86
2026/08/10 20:06:59.228, 0, 100, 22486, 24576, 334.55
2026/08/10 20:06:59.228, 1, 100, 20634, 24576, 289.24
2026/08/10 20:06:59.229, 2, 100, 23754, 24576, 332.27
2026/08/10 20:07:04.230, 0, 88, 21406, 24576, 275.58
2026/08/10 20:07:04.230, 1, 80, 22694, 24576, 278.30
2026/08/10 20:07:04.231, 2, 81, 21554, 24576, 284.34
2026/08/10 20:07:09.232, 0, 84, 21406, 24576, 337.39
2026/08/10 20:07:09.232, 1, 82, 22694, 24576, 305.14
2026/08/10 20:07:09.233, 2, 84, 21554, 24576, 327.05
2026/08/10 20:07:14.234, 0, 88, 13330, 24576, 300.12
2026/08/10 20:07:14.235, 1, 88, 12226, 24576, 268.31
2026/08/10 20:07:14.236, 2, 88, 12822, 24576, 284.70
2026/08/10 20:07:19.237, 0, 98, 13670, 24576, 336.80
2026/08/10 20:07:19.238, 1, 100, 19604, 24576, 293.21
2026/08/10 20:07:19.238, 2, 98, 12822, 24576, 314.67
2026/08/10 20:07:24.239, 0, 100, 23006, 24576, 309.78
2026/08/10 20:07:24.240, 1, 100, 22336, 24576, 309.53
2026/08/10 20:07:24.240, 2, 100, 22112, 24576, 311.90
2026/08/10 20:07:29.241, 0, 100, 23006, 24576, 282.03
2026/08/10 20:07:29.242, 1, 89, 24056, 24576, 309.36
2026/08/10 20:07:29.242, 2, 100, 24052, 24576, 295.66
2026/08/10 20:07:34.243, 0, 100, 23006, 24576, 309.61
2026/08/10 20:07:34.244, 1, 96, 22336, 24576, 302.67
2026/08/10 20:07:34.244, 2, 98, 22112, 24576, 309.92
2026/08/10 20:07:39.245, 0, 83, 23006, 24576, 338.04
2026/08/10 20:07:39.246, 1, 83, 22336, 24576, 303.29
2026/08/10 20:07:39.246, 2, 84, 22112, 24576, 333.84
2026/08/10 20:07:44.247, 0, 83, 23006, 24576, 309.54
2026/08/10 20:07:44.248, 1, 84, 22336, 24576, 298.49
2026/08/10 20:07:44.248, 2, 85, 22112, 24576, 322.49
2026/08/10 20:07:49.249, 0, 98, 13730, 24576, 338.86
2026/08/10 20:07:49.250, 1, 98, 16002, 24576, 292.76
2026/08/10 20:07:49.250, 2, 98, 16762, 24576, 288.39
2026/08/10 20:07:54.251, 0, 93, 23486, 24576, 237.07
2026/08/10 20:07:54.252, 1, 93, 20466, 24576, 227.56
2026/08/10 20:07:54.252, 2, 90, 21170, 24576, 302.94
2026/08/10 20:07:59.254, 0, 97, 23548, 24576, 330.16
2026/08/10 20:07:59.255, 1, 79, 20530, 24576, 296.41
2026/08/10 20:07:59.255, 2, 83, 23474, 24576, 313.92
2026/08/10 20:08:04.256, 0, 100, 23548, 24576, 328.86
2026/08/10 20:08:04.257, 1, 100, 20530, 24576, 296.15
2026/08/10 20:08:04.258, 2, 96, 23474, 24576, 322.96
2026/08/10 20:08:09.259, 0, 82, 23548, 24576, 335.95
2026/08/10 20:08:09.261, 1, 82, 22590, 24576, 319.79
2026/08/10 20:08:09.262, 2, 81, 23474, 24576, 335.87
2026/08/10 20:08:14.262, 0, 63, 23548, 24576, 255.10
2026/08/10 20:08:14.263, 1, 84, 22590, 24576, 307.89
2026/08/10 20:08:14.263, 2, 83, 23474, 24576, 324.23
2026/08/10 20:08:19.264, 0, 98, 23548, 24576, 338.12
2026/08/10 20:08:19.265, 1, 98, 13042, 24576, 310.16
2026/08/10 20:08:19.265, 2, 99, 14002, 24576, 333.77
2026/08/10 20:08:24.266, 0, 100, 23548, 24576, 182.35
2026/08/10 20:08:24.267, 1, 97, 13042, 24576, 302.70
2026/08/10 20:08:24.268, 2, 97, 13998, 24576, 314.13
2026/08/10 20:08:29.268, 0, 89, 23548, 24576, 323.19
2026/08/10 20:08:29.269, 1, 100, 20732, 24576, 306.06
2026/08/10 20:08:29.270, 2, 97, 23534, 24576, 326.72
2026/08/10 20:08:34.270, 0, 100, 23548, 24576, 324.23
2026/08/10 20:08:34.271, 1, 100, 20732, 24576, 286.58
2026/08/10 20:08:34.272, 2, 93, 23534, 24576, 313.80
2026/08/10 20:08:39.273, 0, 83, 23548, 24576, 324.68
2026/08/10 20:08:39.274, 1, 79, 20732, 24576, 321.07
2026/08/10 20:08:39.274, 2, 82, 23534, 24576, 316.87
2026/08/10 20:08:44.275, 0, 84, 23548, 24576, 340.34
2026/08/10 20:08:44.275, 1, 82, 20732, 24576, 310.75
2026/08/10 20:08:44.276, 2, 85, 23534, 24576, 323.32
2026/08/10 20:08:49.277, 0, 100, 13590, 24576, 298.68
2026/08/10 20:08:49.277, 1, 100, 13960, 24576, 285.85
2026/08/10 20:08:49.278, 2, 98, 12902, 24576, 287.54
2026/08/10 20:08:54.279, 0, 99, 13590, 24576, 333.18
2026/08/10 20:08:54.279, 1, 100, 13936, 24576, 316.54
2026/08/10 20:08:54.280, 2, 98, 13262, 24576, 312.52
2026/08/10 20:08:59.281, 0, 85, 24070, 24576, 334.57
2026/08/10 20:08:59.282, 1, 99, 21750, 24576, 311.36
2026/08/10 20:08:59.282, 2, 89, 22892, 24576, 317.24
2026/08/10 20:09:04.283, 0, 100, 24070, 24576, 338.24
2026/08/10 20:09:04.284, 1, 100, 21750, 24576, 316.40
2026/08/10 20:09:04.284, 2, 100, 22892, 24576, 314.77
2026/08/10 20:09:09.285, 0, 92, 24070, 24576, 330.77
2026/08/10 20:09:09.286, 1, 88, 21750, 24576, 292.21
2026/08/10 20:09:09.286, 2, 100, 22892, 24576, 316.13
2026/08/10 20:09:14.290, 0, 81, 24070, 24576, 336.63
2026/08/10 20:09:14.291, 1, 81, 21750, 24576, 310.68
2026/08/10 20:09:14.291, 2, 83, 22892, 24576, 335.85
2026/08/10 20:09:19.292, 0, 98, 24070, 24576, 339.42
2026/08/10 20:09:19.293, 1, 98, 21750, 24576, 285.51
2026/08/10 20:09:19.294, 2, 98, 22892, 24576, 298.25
2026/08/10 20:09:24.295, 0, 98, 13570, 24576, 337.54
2026/08/10 20:09:24.296, 1, 98, 13198, 24576, 290.95
2026/08/10 20:09:24.296, 2, 98, 21102, 24576, 312.47
2026/08/10 20:09:29.297, 0, 100, 23026, 24576, 317.31
2026/08/10 20:09:29.297, 1, 100, 22974, 24576, 307.30
2026/08/10 20:09:29.298, 2, 100, 22732, 24576, 335.17
2026/08/10 20:09:34.299, 0, 100, 23026, 24576, 331.62
2026/08/10 20:09:34.299, 1, 89, 22974, 24576, 304.65
2026/08/10 20:09:34.300, 2, 89, 22732, 24576, 341.25
2026/08/10 20:09:39.301, 0, 89, 23026, 24576, 329.66
2026/08/10 20:09:39.301, 1, 100, 22974, 24576, 304.52
2026/08/10 20:09:39.302, 2, 100, 22732, 24576, 330.00
2026/08/10 20:09:44.303, 0, 82, 23026, 24576, 334.80
2026/08/10 20:09:44.304, 1, 81, 22974, 24576, 297.05
2026/08/10 20:09:44.304, 2, 82, 22732, 24576, 335.26
2026/08/10 20:09:49.305, 0, 100, 23026, 24576, 287.29
2026/08/10 20:09:49.306, 1, 84, 22974, 24576, 304.65
2026/08/10 20:09:49.306, 2, 100, 22732, 24576, 239.52
2026/08/10 20:09:54.307, 0, 98, 16290, 24576, 305.73
2026/08/10 20:09:54.308, 1, 98, 16182, 24576, 291.46
2026/08/10 20:09:54.308, 2, 98, 22732, 24576, 302.76
2026/08/10 20:09:59.309, 0, 88, 23246, 24576, 303.19
2026/08/10 20:09:59.310, 1, 88, 20826, 24576, 277.31
2026/08/10 20:09:59.310, 2, 89, 23010, 24576, 299.06
2026/08/10 20:10:04.311, 0, 89, 23246, 24576, 320.73
2026/08/10 20:10:04.312, 1, 88, 21194, 24576, 295.86
2026/08/10 20:10:04.312, 2, 89, 23014, 24576, 327.34
2026/08/10 20:10:09.313, 0, 89, 23246, 24576, 324.17
2026/08/10 20:10:09.314, 1, 89, 21194, 24576, 301.22
2026/08/10 20:10:09.315, 2, 89, 23014, 24576, 327.18
2026/08/10 20:10:14.316, 0, 84, 23246, 24576, 335.48
2026/08/10 20:10:14.316, 1, 82, 22954, 24576, 313.47
2026/08/10 20:10:14.317, 2, 84, 23014, 24576, 334.72
2026/08/10 20:10:19.318, 0, 83, 23246, 24576, 338.25
2026/08/10 20:10:19.319, 1, 86, 22954, 24576, 281.39
2026/08/10 20:10:19.319, 2, 81, 23014, 24576, 317.57
2026/08/10 20:10:24.320, 0, 98, 14730, 24576, 301.50
2026/08/10 20:10:24.320, 1, 77, 12096, 24576, 261.89
2026/08/10 20:10:24.321, 2, 93, 17722, 24576, 317.72
2026/08/10 20:10:29.322, 0, 56, 15730, 24576, 267.33
2026/08/10 20:10:29.322, 1, 100, 14426, 24576, 201.70
2026/08/10 20:10:29.323, 2, 20, 15498, 24576, 261.43
2026/08/10 20:10:34.324, 0, 94, 23146, 24576, 331.55
2026/08/10 20:10:34.325, 1, 88, 20888, 24576, 302.46
2026/08/10 20:10:34.325, 2, 100, 22954, 24576, 334.80
2026/08/10 20:10:39.326, 0, 89, 20926, 24576, 315.72
2026/08/10 20:10:39.327, 1, 89, 20568, 24576, 296.13
2026/08/10 20:10:39.327, 2, 87, 20974, 24576, 313.09
2026/08/10 20:10:44.328, 0, 90, 23146, 24576, 211.64
2026/08/10 20:10:44.329, 1, 80, 20568, 24576, 332.74
2026/08/10 20:10:44.330, 2, 84, 22954, 24576, 332.54
2026/08/10 20:10:49.331, 0, 81, 23146, 24576, 337.71
2026/08/10 20:10:49.332, 1, 83, 20568, 24576, 308.16
2026/08/10 20:10:49.332, 2, 82, 22954, 24576, 321.55
2026/08/10 20:10:54.333, 0, 98, 14390, 24576, 299.98
2026/08/10 20:10:54.334, 1, 98, 19522, 24576, 310.14
2026/08/10 20:10:54.334, 2, 98, 13922, 24576, 295.56
2026/08/10 20:10:59.335, 0, 98, 14390, 24576, 337.58
2026/08/10 20:10:59.336, 1, 100, 21340, 24576, 329.62
2026/08/10 20:10:59.336, 2, 98, 24238, 24576, 326.81
2026/08/10 20:11:04.337, 0, 100, 22946, 24576, 269.03
2026/08/10 20:11:04.338, 1, 96, 23494, 24576, 257.59
2026/08/10 20:11:04.338, 2, 98, 22152, 24576, 245.15
2026/08/10 20:11:09.339, 0, 100, 22946, 24576, 338.83
2026/08/10 20:11:09.340, 1, 94, 23494, 24576, 305.08
2026/08/10 20:11:09.340, 2, 97, 22152, 24576, 306.40
2026/08/10 20:11:14.341, 0, 94, 22946, 24576, 326.83
2026/08/10 20:11:14.342, 1, 88, 23494, 24576, 297.43
2026/08/10 20:11:14.342, 2, 92, 22152, 24576, 300.59
2026/08/10 20:11:19.343, 0, 83, 22946, 24576, 338.08
2026/08/10 20:11:19.344, 1, 81, 23494, 24576, 300.69
2026/08/10 20:11:19.344, 2, 81, 22152, 24576, 334.44
2026/08/10 20:11:24.345, 0, 98, 22946, 24576, 287.12
2026/08/10 20:11:24.346, 1, 98, 23494, 24576, 302.62
2026/08/10 20:11:24.346, 2, 98, 22152, 24576, 325.25
2026/08/10 20:11:29.347, 0, 100, 21510, 24576, 336.49
2026/08/10 20:11:29.348, 1, 98, 13042, 24576, 309.89
2026/08/10 20:11:29.348, 2, 100, 13062, 24576, 319.07
2026/08/10 20:11:34.349, 0, 96, 21752, 24576, 259.51
2026/08/10 20:11:34.349, 1, 100, 23098, 24576, 278.77
2026/08/10 20:11:34.350, 2, 100, 23500, 24576, 312.53
2026/08/10 20:11:39.351, 0, 92, 21808, 24576, 300.02
2026/08/10 20:11:39.352, 1, 93, 23154, 24576, 309.28
2026/08/10 20:11:39.352, 2, 95, 22796, 24576, 328.64
2026/08/10 20:11:44.353, 0, 100, 22708, 24576, 314.07
2026/08/10 20:11:44.354, 1, 98, 23154, 24576, 304.66
2026/08/10 20:11:44.354, 2, 100, 22796, 24576, 319.49
2026/08/10 20:11:49.355, 0, 83, 22828, 24576, 336.25
2026/08/10 20:11:49.356, 1, 82, 20934, 24576, 327.50
2026/08/10 20:11:49.356, 2, 83, 21696, 24576, 333.80
2026/08/10 20:11:54.357, 0, 81, 22828, 24576, 339.75
2026/08/10 20:11:54.358, 1, 83, 20934, 24576, 308.67
2026/08/10 20:11:54.358, 2, 83, 21696, 24576, 320.95
2026/08/10 20:11:59.359, 0, 98, 23550, 24576, 340.82
2026/08/10 20:11:59.360, 1, 97, 13922, 24576, 311.10
2026/08/10 20:11:59.360, 2, 98, 23182, 24576, 313.20
2026/08/10 20:12:04.361, 0, 100, 13490, 24576, 322.40
2026/08/10 20:12:04.362, 1, 98, 12858, 24576, 304.67
2026/08/10 20:12:04.363, 2, 98, 12982, 24576, 317.24
2026/08/10 20:12:09.363, 0, 100, 24068, 24576, 342.59
2026/08/10 20:12:09.364, 1, 100, 22912, 24576, 326.48
2026/08/10 20:12:09.365, 2, 98, 23374, 24576, 326.56
2026/08/10 20:12:14.365, 0, 100, 24068, 24576, 342.59
2026/08/10 20:12:14.366, 1, 100, 22912, 24576, 328.97
2026/08/10 20:12:14.367, 2, 100, 23374, 24576, 327.07
2026/08/10 20:12:19.367, 0, 83, 24068, 24576, 334.16
2026/08/10 20:12:19.368, 1, 84, 22912, 24576, 330.15
2026/08/10 20:12:19.369, 2, 83, 23374, 24576, 330.44
2026/08/10 20:12:24.370, 0, 83, 24068, 24576, 302.00
2026/08/10 20:12:24.370, 1, 81, 22912, 24576, 307.84
2026/08/10 20:12:24.371, 2, 83, 23374, 24576, 325.16
2026/08/10 20:12:29.372, 0, 98, 13590, 24576, 298.88
2026/08/10 20:12:29.372, 1, 97, 12942, 24576, 284.69
2026/08/10 20:12:29.373, 2, 97, 14002, 24576, 295.27
2026/08/10 20:12:34.374, 0, 98, 13590, 24576, 331.68
2026/08/10 20:12:34.375, 1, 98, 13322, 24576, 298.21
2026/08/10 20:12:34.375, 2, 98, 13998, 24576, 313.39
2026/08/10 20:12:39.376, 0, 89, 24248, 24576, 340.72
2026/08/10 20:12:39.377, 1, 89, 22932, 24576, 312.26
2026/08/10 20:12:39.377, 2, 100, 20572, 24576, 299.55
2026/08/10 20:12:44.378, 0, 88, 24248, 24576, 340.66
2026/08/10 20:12:44.379, 1, 90, 22932, 24576, 302.43
2026/08/10 20:12:44.379, 2, 100, 20572, 24576, 298.21
2026/08/10 20:12:49.380, 0, 81, 22028, 24576, 279.09
2026/08/10 20:12:49.381, 1, 81, 22932, 24576, 282.66
2026/08/10 20:12:49.381, 2, 82, 22652, 24576, 267.74
2026/08/10 20:12:54.382, 0, 84, 22028, 24576, 337.76
2026/08/10 20:12:54.383, 1, 82, 22932, 24576, 303.45
2026/08/10 20:12:54.383, 2, 84, 22652, 24576, 317.90
2026/08/10 20:12:59.384, 0, 100, 17090, 24576, 295.18
2026/08/10 20:12:59.385, 1, 98, 13942, 24576, 273.24
2026/08/10 20:12:59.386, 2, 98, 22652, 24576, 309.40
2026/08/10 20:13:04.386, 0, 98, 15290, 24576, 289.40
2026/08/10 20:13:04.387, 1, 98, 13916, 24576, 313.17
2026/08/10 20:13:04.388, 2, 100, 22652, 24576, 304.88
2026/08/10 20:13:09.389, 0, 100, 22110, 24576, 331.90
2026/08/10 20:13:09.389, 1, 100, 20996, 24576, 324.40
2026/08/10 20:13:09.390, 2, 100, 20832, 24576, 310.57
2026/08/10 20:13:14.391, 0, 100, 22110, 24576, 328.67
2026/08/10 20:13:14.391, 1, 100, 20996, 24576, 305.97
2026/08/10 20:13:14.392, 2, 100, 20832, 24576, 312.70
2026/08/10 20:13:19.393, 0, 100, 22110, 24576, 329.50
2026/08/10 20:13:19.393, 1, 100, 20996, 24576, 307.13
2026/08/10 20:13:19.394, 2, 98, 20832, 24576, 310.45
2026/08/10 20:13:24.395, 0, 84, 24230, 24576, 336.86
2026/08/10 20:13:24.395, 1, 82, 23036, 24576, 307.49
2026/08/10 20:13:24.396, 2, 85, 22872, 24576, 336.84
2026/08/10 20:13:29.397, 0, 98, 24230, 24576, 337.79
2026/08/10 20:13:29.398, 1, 98, 23036, 24576, 285.01
2026/08/10 20:13:29.398, 2, 98, 22872, 24576, 317.36
2026/08/10 20:13:34.399, 0, 99, 13590, 24576, 336.51
2026/08/10 20:13:34.400, 1, 98, 12842, 24576, 294.24
2026/08/10 20:13:34.400, 2, 98, 21362, 24576, 335.44
2026/08/10 20:13:39.401, 0, 88, 24206, 24576, 318.98
2026/08/10 20:13:39.402, 1, 89, 22410, 24576, 303.84
2026/08/10 20:13:39.402, 2, 89, 23266, 24576, 303.72
2026/08/10 20:13:44.406, 0, 100, 23530, 24576, 339.77
2026/08/10 20:13:44.407, 1, 100, 20772, 24576, 309.12
2026/08/10 20:13:44.407, 2, 89, 23274, 24576, 320.64
2026/08/10 20:13:49.408, 0, 100, 23530, 24576, 339.40
2026/08/10 20:13:49.408, 1, 100, 20772, 24576, 310.74
2026/08/10 20:13:49.409, 2, 100, 23274, 24576, 321.45
2026/08/10 20:13:54.410, 0, 81, 23530, 24576, 333.97
2026/08/10 20:13:54.411, 1, 82, 20772, 24576, 309.66
2026/08/10 20:13:54.412, 2, 81, 23274, 24576, 334.67
2026/08/10 20:13:59.412, 0, 81, 23530, 24576, 336.81
2026/08/10 20:13:59.413, 1, 83, 20772, 24576, 303.89
2026/08/10 20:13:59.414, 2, 84, 23274, 24576, 330.80
2026/08/10 20:14:04.414, 0, 98, 14450, 24576, 334.31
2026/08/10 20:14:04.415, 1, 98, 23842, 24576, 306.77
2026/08/10 20:14:04.415, 2, 98, 23274, 24576, 311.60
2026/08/10 20:14:09.416, 0, 99, 14450, 24576, 334.34
2026/08/10 20:14:09.417, 1, 98, 23820, 24576, 306.72
2026/08/10 20:14:09.418, 2, 100, 23274, 24576, 175.34
2026/08/10 20:14:14.418, 0, 100, 23348, 24576, 330.62
2026/08/10 20:14:14.419, 1, 100, 23094, 24576, 303.88
2026/08/10 20:14:14.419, 2, 89, 23494, 24576, 321.60
2026/08/10 20:14:19.420, 0, 98, 23348, 24576, 325.40
2026/08/10 20:14:19.421, 1, 97, 23094, 24576, 303.30
2026/08/10 20:14:19.422, 2, 100, 23494, 24576, 321.36
2026/08/10 20:14:24.422, 0, 22, 23348, 24576, 285.31
2026/08/10 20:14:24.425, 1, 25, 23094, 24576, 270.90
2026/08/10 20:14:24.425, 2, 17, 23494, 24576, 258.14
2026/08/10 20:14:29.426, 0, 84, 23348, 24576, 335.53
2026/08/10 20:14:29.427, 1, 84, 23094, 24576, 303.37
2026/08/10 20:14:29.427, 2, 83, 23494, 24576, 332.93
2026/08/10 20:14:34.428, 0, 95, 16568, 24576, 318.99
2026/08/10 20:14:34.429, 1, 100, 23614, 24576, 299.22
2026/08/10 20:14:34.429, 2, 98, 23494, 24576, 326.81
2026/08/10 20:14:39.430, 0, 99, 13490, 24576, 334.34
2026/08/10 20:14:39.431, 1, 98, 13062, 24576, 295.76
2026/08/10 20:14:39.431, 2, 99, 23494, 24576, 313.35
2026/08/10 20:14:44.432, 0, 100, 23288, 24576, 319.92
2026/08/10 20:14:44.433, 1, 100, 21696, 24576, 304.44
2026/08/10 20:14:44.433, 2, 100, 23494, 24576, 324.68
2026/08/10 20:14:49.434, 0, 97, 23988, 24576, 323.51
2026/08/10 20:14:49.435, 1, 81, 21696, 24576, 291.66
2026/08/10 20:14:49.436, 2, 97, 23494, 24576, 310.33
2026/08/10 20:14:54.437, 0, 88, 21888, 24576, 302.42
2026/08/10 20:14:54.437, 1, 89, 23896, 24576, 301.90
2026/08/10 20:14:54.438, 2, 100, 23494, 24576, 311.75
2026/08/10 20:14:59.439, 0, 83, 23988, 24576, 334.55
2026/08/10 20:14:59.439, 1, 85, 21696, 24576, 303.89
2026/08/10 20:14:59.440, 2, 83, 23494, 24576, 334.22
2026/08/10 20:15:04.441, 0, 84, 23988, 24576, 337.58
2026/08/10 20:15:04.441, 1, 86, 21696, 24576, 304.77
2026/08/10 20:15:04.442, 2, 77, 23494, 24576, 338.03
2026/08/10 20:15:09.442, 0, 89, 14590, 24576, 301.47
2026/08/10 20:15:09.443, 1, 98, 24222, 24576, 307.31
2026/08/10 20:15:09.444, 2, 98, 23494, 24576, 320.87
2026/08/10 20:15:14.444, 0, 56, 14630, 24576, 256.19
2026/08/10 20:15:14.446, 1, 98, 14036, 24576, 319.01
2026/08/10 20:15:14.446, 2, 100, 23494, 24576, 175.16
2026/08/10 20:15:19.447, 0, 92, 21726, 24576, 318.86
2026/08/10 20:15:19.447, 1, 100, 23514, 24576, 306.79
2026/08/10 20:15:19.448, 2, 85, 23494, 24576, 315.44
2026/08/10 20:15:24.448, 0, 100, 21726, 24576, 321.88
2026/08/10 20:15:24.449, 1, 100, 23514, 24576, 319.19
2026/08/10 20:15:24.450, 2, 89, 23494, 24576, 320.54
2026/08/10 20:15:29.451, 0, 87, 21726, 24576, 286.08
2026/08/10 20:15:29.451, 1, 83, 23514, 24576, 287.06
2026/08/10 20:15:29.452, 2, 82, 23494, 24576, 272.10
2026/08/10 20:15:34.453, 0, 85, 21726, 24576, 338.80
2026/08/10 20:15:34.453, 1, 85, 23514, 24576, 299.58
2026/08/10 20:15:34.454, 2, 83, 23494, 24576, 336.40
2026/08/10 20:15:39.455, 0, 97, 17126, 24576, 317.22
2026/08/10 20:15:39.455, 1, 100, 23674, 24576, 291.20
2026/08/10 20:15:39.456, 2, 98, 24034, 24576, 321.52
2026/08/10 20:15:44.457, 0, 100, 13570, 24576, 337.98
2026/08/10 20:15:44.458, 1, 98, 13064, 24576, 311.28
2026/08/10 20:15:44.458, 2, 98, 22884, 24576, 322.29
2026/08/10 20:15:49.459, 0, 100, 21748, 24576, 313.27
2026/08/10 20:15:49.460, 1, 100, 23216, 24576, 313.79
2026/08/10 20:15:49.460, 2, 100, 21956, 24576, 320.47
2026/08/10 20:15:54.461, 0, 97, 21748, 24576, 293.71
2026/08/10 20:15:54.462, 1, 97, 23216, 24576, 305.47
2026/08/10 20:15:54.462, 2, 93, 21956, 24576, 313.89
2026/08/10 20:15:59.463, 0, 89, 23948, 24576, 333.14
2026/08/10 20:15:59.464, 1, 100, 23216, 24576, 312.14
2026/08/10 20:15:59.464, 2, 89, 24156, 24576, 332.30
2026/08/10 20:16:04.465, 0, 75, 21748, 24576, 334.22
2026/08/10 20:16:04.465, 1, 80, 23216, 24576, 316.71
2026/08/10 20:16:04.466, 2, 79, 21956, 24576, 333.29
2026/08/10 20:16:09.467, 0, 84, 21748, 24576, 341.52
2026/08/10 20:16:09.467, 1, 84, 23216, 24576, 312.09
2026/08/10 20:16:09.468, 2, 85, 21956, 24576, 315.60
2026/08/10 20:16:14.469, 0, 98, 19870, 24576, 338.94
2026/08/10 20:16:14.470, 1, 100, 19580, 24576, 301.12
2026/08/10 20:16:14.470, 2, 98, 13982, 24576, 303.47
2026/08/10 20:16:19.471, 0, 92, 22772, 24576, 261.56
2026/08/10 20:16:19.472, 1, 92, 22076, 24576, 256.61
2026/08/10 20:16:19.472, 2, 94, 20654, 24576, 291.14
2026/08/10 20:16:24.474, 0, 100, 21426, 24576, 322.31
2026/08/10 20:16:24.474, 1, 100, 20330, 24576, 316.14
2026/08/10 20:16:24.475, 2, 100, 20712, 24576, 309.89
2026/08/10 20:16:29.476, 0, 96, 22126, 24576, 321.49
2026/08/10 20:16:29.476, 1, 100, 20330, 24576, 310.29
2026/08/10 20:16:29.477, 2, 89, 20712, 24576, 302.90
2026/08/10 20:16:34.478, 0, 83, 21426, 24576, 337.17
2026/08/10 20:16:34.478, 1, 84, 20330, 24576, 317.03
2026/08/10 20:16:34.479, 2, 83, 22772, 24576, 336.34
2026/08/10 20:16:39.480, 0, 84, 21426, 24576, 337.35
2026/08/10 20:16:39.480, 1, 83, 20330, 24576, 310.27
2026/08/10 20:16:39.481, 2, 83, 22772, 24576, 324.66
2026/08/10 20:16:44.482, 0, 98, 21426, 24576, 338.60
2026/08/10 20:16:44.482, 1, 100, 12922, 24576, 315.32
2026/08/10 20:16:44.483, 2, 98, 13022, 24576, 315.70
2026/08/10 20:16:49.484, 0, 100, 21426, 24576, 328.06
2026/08/10 20:16:49.485, 1, 100, 13302, 24576, 297.33
2026/08/10 20:16:49.485, 2, 100, 13022, 24576, 221.86
2026/08/10 20:16:54.486, 0, 98, 23930, 24576, 336.76
2026/08/10 20:16:54.487, 1, 100, 23574, 24576, 312.83
2026/08/10 20:16:54.487, 2, 97, 23414, 24576, 325.87
2026/08/10 20:16:59.488, 0, 95, 23930, 24576, 327.41
2026/08/10 20:16:59.488, 1, 97, 23574, 24576, 306.43
2026/08/10 20:16:59.489, 2, 91, 23414, 24576, 303.58
2026/08/10 20:17:04.490, 0, 8, 23930, 24576, 285.46
2026/08/10 20:17:04.491, 1, 24, 23574, 24576, 272.19
2026/08/10 20:17:04.492, 2, 22, 23414, 24576, 276.75
2026/08/10 20:17:09.493, 0, 84, 23930, 24576, 336.71
2026/08/10 20:17:09.493, 1, 84, 23574, 24576, 300.23
2026/08/10 20:17:09.494, 2, 83, 23414, 24576, 319.47
2026/08/10 20:17:14.495, 0, 98, 24210, 24576, 334.01
2026/08/10 20:17:14.495, 1, 98, 23974, 24576, 304.29
2026/08/10 20:17:14.496, 2, 100, 23414, 24576, 333.09
2026/08/10 20:17:19.497, 0, 98, 13470, 24576, 332.24
2026/08/10 20:17:19.497, 1, 98, 13042, 24576, 294.11
2026/08/10 20:17:19.498, 2, 82, 12238, 24576, 277.63
2026/08/10 20:17:24.499, 0, 89, 23146, 24576, 338.61
2026/08/10 20:17:24.499, 1, 100, 21774, 24576, 323.14
2026/08/10 20:17:24.500, 2, 100, 23294, 24576, 328.17
2026/08/10 20:17:29.501, 0, 89, 23146, 24576, 337.37
2026/08/10 20:17:29.501, 1, 100, 21774, 24576, 312.91
2026/08/10 20:17:29.502, 2, 100, 23294, 24576, 319.52
2026/08/10 20:17:34.503, 0, 89, 23146, 24576, 337.43
2026/08/10 20:17:34.503, 1, 100, 21774, 24576, 315.25
2026/08/10 20:17:34.504, 2, 100, 23294, 24576, 326.62
2026/08/10 20:17:39.505, 0, 84, 21046, 24576, 336.03
2026/08/10 20:17:39.505, 1, 83, 21774, 24576, 299.05
2026/08/10 20:17:39.506, 2, 82, 23294, 24576, 321.75
2026/08/10 20:17:44.507, 0, 98, 21046, 24576, 240.03
2026/08/10 20:17:44.507, 1, 98, 21774, 24576, 300.70
2026/08/10 20:17:44.508, 2, 100, 23294, 24576, 300.32
2026/08/10 20:17:49.509, 0, 98, 23310, 24576, 337.30
2026/08/10 20:17:49.509, 1, 100, 21774, 24576, 295.16
2026/08/10 20:17:49.510, 2, 99, 13042, 24576, 314.59
2026/08/10 20:17:54.510, 0, 88, 23022, 24576, 225.28
2026/08/10 20:17:54.511, 1, 94, 23614, 24576, 291.67
2026/08/10 20:17:54.511, 2, 97, 23172, 24576, 232.43
2026/08/10 20:17:59.512, 0, 88, 23086, 24576, 308.55
2026/08/10 20:17:59.513, 1, 89, 23096, 24576, 308.54
2026/08/10 20:17:59.514, 2, 100, 21374, 24576, 300.40
2026/08/10 20:18:04.514, 0, 89, 23086, 24576, 285.59
2026/08/10 20:18:04.515, 1, 91, 23096, 24576, 307.54
2026/08/10 20:18:04.516, 2, 100, 21374, 24576, 295.33
2026/08/10 20:18:09.516, 0, 83, 23086, 24576, 276.93
2026/08/10 20:18:09.517, 1, 79, 23096, 24576, 285.97
2026/08/10 20:18:09.518, 2, 85, 21374, 24576, 283.33
2026/08/10 20:18:14.522, 0, 84, 23086, 24576, 338.42
2026/08/10 20:18:14.523, 1, 85, 23096, 24576, 302.58
2026/08/10 20:18:14.523, 2, 86, 21374, 24576, 334.08
2026/08/10 20:18:19.524, 0, 99, 23086, 24576, 338.92
2026/08/10 20:18:19.524, 1, 88, 14032, 24576, 270.48
2026/08/10 20:18:19.525, 2, 98, 13022, 24576, 285.36
2026/08/10 20:18:24.526, 0, 99, 23086, 24576, 325.14
2026/08/10 20:18:24.527, 1, 98, 14038, 24576, 298.54
2026/08/10 20:18:24.528, 2, 98, 13022, 24576, 309.43
2026/08/10 20:18:29.528, 0, 89, 22968, 24576, 310.98
2026/08/10 20:18:29.529, 1, 88, 20632, 24576, 293.36
2026/08/10 20:18:29.530, 2, 92, 23394, 24576, 310.51
2026/08/10 20:18:34.530, 0, 93, 22968, 24576, 310.91
2026/08/10 20:18:34.531, 1, 92, 20632, 24576, 296.46
2026/08/10 20:18:34.532, 2, 96, 23394, 24576, 309.55
2026/08/10 20:18:39.533, 0, 27, 22968, 24576, 266.21
2026/08/10 20:18:39.533, 1, 60, 22752, 24576, 278.35
2026/08/10 20:18:39.534, 2, 78, 23394, 24576, 279.70
2026/08/10 20:18:44.534, 0, 77, 22968, 24576, 338.92
2026/08/10 20:18:44.535, 1, 87, 22752, 24576, 314.73
2026/08/10 20:18:44.535, 2, 78, 23394, 24576, 321.69
2026/08/10 20:18:49.536, 0, 95, 13452, 24576, 296.16
2026/08/10 20:18:49.537, 1, 89, 12808, 24576, 286.40
2026/08/10 20:18:49.538, 2, 91, 13942, 24576, 274.88
2026/08/10 20:18:54.538, 0, 98, 13452, 24576, 329.91
2026/08/10 20:18:54.539, 1, 98, 12842, 24576, 300.70
2026/08/10 20:18:54.540, 2, 98, 13938, 24576, 329.94
2026/08/10 20:18:59.540, 0, 100, 23426, 24576, 322.74
2026/08/10 20:18:59.541, 1, 100, 20532, 24576, 309.75
2026/08/10 20:18:59.541, 2, 100, 20530, 24576, 298.29
2026/08/10 20:19:04.542, 0, 100, 23426, 24576, 325.44
2026/08/10 20:19:04.543, 1, 100, 20532, 24576, 311.89
2026/08/10 20:19:04.543, 2, 100, 20530, 24576, 299.13
2026/08/10 20:19:09.544, 0, 87, 23426, 24576, 278.57
2026/08/10 20:19:09.545, 1, 83, 20532, 24576, 284.21
2026/08/10 20:19:09.545, 2, 83, 22570, 24576, 269.32
2026/08/10 20:19:14.546, 0, 83, 23426, 24576, 339.24
2026/08/10 20:19:14.547, 1, 82, 20532, 24576, 298.74
2026/08/10 20:19:14.547, 2, 83, 22570, 24576, 326.04
2026/08/10 20:19:19.548, 0, 98, 23426, 24576, 335.70
2026/08/10 20:19:19.549, 1, 98, 20532, 24576, 303.65
2026/08/10 20:19:19.549, 2, 98, 13002, 24576, 291.98
2026/08/10 20:19:24.550, 0, 98, 23426, 24576, 327.59
2026/08/10 20:19:24.551, 1, 100, 20532, 24576, 259.29
2026/08/10 20:19:24.551, 2, 100, 13002, 24576, 326.06
2026/08/10 20:19:29.552, 0, 88, 23470, 24576, 334.13
2026/08/10 20:19:29.553, 1, 89, 21508, 24576, 317.11
2026/08/10 20:19:29.553, 2, 88, 20934, 24576, 306.77
2026/08/10 20:19:34.554, 0, 100, 23470, 24576, 337.02
2026/08/10 20:19:34.555, 1, 88, 21508, 24576, 326.42
2026/08/10 20:19:34.555, 2, 100, 20934, 24576, 306.02
2026/08/10 20:19:39.556, 0, 100, 23470, 24576, 338.23
2026/08/10 20:19:39.557, 1, 100, 21508, 24576, 323.97
2026/08/10 20:19:39.557, 2, 99, 20934, 24576, 307.89
2026/08/10 20:19:44.558, 0, 85, 23470, 24576, 336.98
2026/08/10 20:19:44.559, 1, 82, 21508, 24576, 318.77
2026/08/10 20:19:44.559, 2, 85, 20934, 24576, 253.57
2026/08/10 20:19:49.560, 0, 100, 23470, 24576, 268.13
2026/08/10 20:19:49.561, 1, 98, 21508, 24576, 309.19
2026/08/10 20:19:49.562, 2, 98, 20934, 24576, 252.53
2026/08/10 20:19:54.563, 0, 98, 21550, 24576, 336.12
2026/08/10 20:19:54.563, 1, 98, 13064, 24576, 301.03
2026/08/10 20:19:54.564, 2, 98, 23702, 24576, 325.84
2026/08/10 20:19:59.564, 0, 88, 21544, 24576, 230.56
2026/08/10 20:19:59.565, 1, 92, 23654, 24576, 301.09
2026/08/10 20:19:59.566, 2, 85, 20406, 24576, 215.09
2026/08/10 20:20:04.567, 0, 100, 23668, 24576, 315.50
2026/08/10 20:20:04.567, 1, 89, 21856, 24576, 309.79
2026/08/10 20:20:04.568, 2, 100, 22530, 24576, 313.85
2026/08/10 20:20:09.568, 0, 89, 23668, 24576, 339.73
2026/08/10 20:20:09.569, 1, 95, 21856, 24576, 305.46
2026/08/10 20:20:09.569, 2, 100, 22530, 24576, 335.84
2026/08/10 20:20:14.570, 0, 85, 23668, 24576, 333.45
2026/08/10 20:20:14.571, 1, 83, 21856, 24576, 318.54
2026/08/10 20:20:14.572, 2, 84, 22530, 24576, 332.81
2026/08/10 20:20:19.572, 0, 84, 23668, 24576, 338.53
2026/08/10 20:20:19.573, 1, 83, 21856, 24576, 309.14
2026/08/10 20:20:19.574, 2, 84, 22530, 24576, 337.57
2026/08/10 20:20:24.574, 0, 100, 13590, 24576, 297.53
2026/08/10 20:20:24.575, 1, 100, 13002, 24576, 269.24
2026/08/10 20:20:24.575, 2, 98, 22530, 24576, 335.38
2026/08/10 20:20:29.577, 0, 99, 13590, 24576, 338.14
2026/08/10 20:20:29.577, 1, 100, 13002, 24576, 270.99
2026/08/10 20:20:29.578, 2, 61, 22530, 24576, 298.13
2026/08/10 20:20:34.579, 0, 89, 23810, 24576, 336.63
2026/08/10 20:20:34.579, 1, 100, 23736, 24576, 306.85
2026/08/10 20:20:34.580, 2, 100, 22632, 24576, 283.91
2026/08/10 20:20:39.580, 0, 100, 23990, 24576, 337.72
2026/08/10 20:20:39.581, 1, 100, 23736, 24576, 314.14
2026/08/10 20:20:39.581, 2, 100, 20592, 24576, 294.42
2026/08/10 20:20:44.582, 0, 95, 23990, 24576, 327.25
2026/08/10 20:20:44.583, 1, 96, 23736, 24576, 308.34
2026/08/10 20:20:44.584, 2, 92, 20592, 24576, 297.17
2026/08/10 20:20:49.584, 0, 85, 23990, 24576, 336.23
2026/08/10 20:20:49.585, 1, 83, 21596, 24576, 308.17
2026/08/10 20:20:49.586, 2, 85, 22632, 24576, 336.38
2026/08/10 20:20:54.586, 0, 84, 23990, 24576, 339.63
2026/08/10 20:20:54.587, 1, 82, 21596, 24576, 292.55
2026/08/10 20:20:54.587, 2, 85, 22632, 24576, 331.50
2026/08/10 20:20:59.588, 0, 98, 13770, 24576, 337.04
2026/08/10 20:20:59.589, 1, 98, 13322, 24576, 299.46
2026/08/10 20:20:59.589, 2, 100, 22632, 24576, 318.88
2026/08/10 20:21:04.590, 0, 92, 23552, 24576, 259.70
2026/08/10 20:21:04.591, 1, 93, 22956, 24576, 265.02
2026/08/10 20:21:04.591, 2, 92, 21896, 24576, 304.52
2026/08/10 20:21:09.592, 0, 97, 23608, 24576, 304.82
2026/08/10 20:21:09.592, 1, 97, 23012, 24576, 294.84
2026/08/10 20:21:09.593, 2, 93, 21956, 24576, 329.16
2026/08/10 20:21:14.594, 0, 100, 23608, 24576, 299.12
2026/08/10 20:21:14.595, 1, 100, 23012, 24576, 297.02
2026/08/10 20:21:14.596, 2, 100, 22476, 24576, 329.00
2026/08/10 20:21:19.597, 0, 84, 23608, 24576, 335.24
2026/08/10 20:21:19.597, 1, 81, 23012, 24576, 322.71
2026/08/10 20:21:19.598, 2, 83, 23996, 24576, 335.26
2026/08/10 20:21:24.599, 0, 84, 23608, 24576, 340.31
2026/08/10 20:21:24.599, 1, 83, 23012, 24576, 306.64
2026/08/10 20:21:24.600, 2, 85, 23996, 24576, 325.85
2026/08/10 20:21:29.601, 0, 98, 13570, 24576, 323.25
2026/08/10 20:21:29.602, 1, 100, 13024, 24576, 275.46
2026/08/10 20:21:29.602, 2, 98, 13982, 24576, 311.22
2026/08/10 20:21:34.603, 0, 98, 13570, 24576, 338.38
2026/08/10 20:21:34.603, 1, 100, 13024, 24576, 304.66
2026/08/10 20:21:34.604, 2, 98, 13978, 24576, 329.14
2026/08/10 20:21:39.605, 0, 89, 21828, 24576, 316.43
2026/08/10 20:21:39.605, 1, 100, 22036, 24576, 309.34
2026/08/10 20:21:39.608, 2, 88, 22032, 24576, 301.45
2026/08/10 20:21:44.608, 0, 92, 21128, 24576, 304.53
2026/08/10 20:21:44.609, 1, 93, 21296, 24576, 306.07
2026/08/10 20:21:44.609, 2, 97, 21312, 24576, 302.60
2026/08/10 20:21:49.610, 0, 89, 24028, 24576, 330.00
2026/08/10 20:21:49.611, 1, 89, 24216, 24576, 317.42
2026/08/10 20:21:49.611, 2, 100, 22032, 24576, 304.88
2026/08/10 20:21:54.613, 0, 76, 21828, 24576, 336.65
2026/08/10 20:21:54.613, 1, 82, 22036, 24576, 308.02
2026/08/10 20:21:54.614, 2, 84, 22032, 24576, 336.34
2026/08/10 20:21:59.615, 0, 100, 21828, 24576, 339.26
2026/08/10 20:21:59.615, 1, 98, 22036, 24576, 267.39
2026/08/10 20:21:59.616, 2, 98, 22032, 24576, 265.56
2026/08/10 20:22:04.616, 0, 100, 21828, 24576, 334.10
2026/08/10 20:22:04.617, 1, 98, 23100, 24576, 301.17
2026/08/10 20:22:04.618, 2, 100, 22032, 24576, 315.73
2026/08/10 20:22:09.619, 0, 88, 24028, 24576, 327.36
2026/08/10 20:22:09.620, 1, 89, 20270, 24576, 298.55
2026/08/10 20:22:09.620, 2, 100, 20644, 24576, 283.30
2026/08/10 20:22:14.621, 0, 100, 24030, 24576, 339.06
2026/08/10 20:22:14.621, 1, 100, 20270, 24576, 295.96
2026/08/10 20:22:14.622, 2, 96, 20652, 24576, 293.09
2026/08/10 20:22:19.623, 0, 92, 24030, 24576, 330.24
2026/08/10 20:22:19.623, 1, 89, 20270, 24576, 284.71
2026/08/10 20:22:19.624, 2, 94, 20652, 24576, 287.27
2026/08/10 20:22:24.625, 0, 81, 24030, 24576, 334.38
2026/08/10 20:22:24.626, 1, 82, 22350, 24576, 335.43
2026/08/10 20:22:24.626, 2, 81, 21692, 24576, 329.15
2026/08/10 20:22:29.627, 0, 83, 24030, 24576, 336.96
2026/08/10 20:22:29.627, 1, 83, 22350, 24576, 310.42
2026/08/10 20:22:29.628, 2, 85, 21692, 24576, 336.68
2026/08/10 20:22:34.629, 0, 98, 13750, 24576, 337.20
2026/08/10 20:22:34.630, 1, 98, 12862, 24576, 311.95
2026/08/10 20:22:34.630, 2, 98, 21692, 24576, 319.76
2026/08/10 20:22:39.631, 0, 100, 23580, 24576, 291.16
2026/08/10 20:22:39.632, 1, 100, 22042, 24576, 292.08
2026/08/10 20:22:39.634, 2, 93, 22432, 24576, 268.69
2026/08/10 20:22:44.638, 0, 97, 23648, 24576, 317.20
2026/08/10 20:22:44.639, 1, 90, 21792, 24576, 292.01
2026/08/10 20:22:44.639, 2, 93, 23134, 24576, 315.03
2026/08/10 20:22:49.640, 0, 100, 23648, 24576, 326.98
2026/08/10 20:22:49.640, 1, 95, 21792, 24576, 298.94
2026/08/10 20:22:49.641, 2, 100, 23134, 24576, 329.71
2026/08/10 20:22:54.641, 0, 83, 23648, 24576, 334.14
2026/08/10 20:22:54.642, 1, 82, 21792, 24576, 314.61
2026/08/10 20:22:54.643, 2, 83, 21034, 24576, 335.97
2026/08/10 20:22:59.644, 0, 84, 23648, 24576, 338.02
2026/08/10 20:22:59.645, 1, 86, 21792, 24576, 309.96
2026/08/10 20:22:59.645, 2, 85, 21034, 24576, 325.72
2026/08/10 20:23:04.646, 0, 98, 23648, 24576, 336.22
2026/08/10 20:23:04.647, 1, 98, 21792, 24576, 302.14
2026/08/10 20:23:04.647, 2, 98, 12802, 24576, 335.60
2026/08/10 20:23:09.648, 0, 100, 23648, 24576, 319.09
2026/08/10 20:23:09.649, 1, 100, 23914, 24576, 292.80
2026/08/10 20:23:09.649, 2, 100, 24230, 24576, 304.80
2026/08/10 20:23:14.650, 0, 100, 23648, 24576, 308.96
2026/08/10 20:23:14.651, 1, 96, 23954, 24576, 303.19
2026/08/10 20:23:14.651, 2, 100, 24232, 24576, 315.32
2026/08/10 20:23:19.652, 0, 100, 23648, 24576, 309.89
2026/08/10 20:23:19.653, 1, 99, 23914, 24576, 299.48
2026/08/10 20:23:19.654, 2, 100, 24232, 24576, 314.37
2026/08/10 20:23:24.654, 0, 78, 23648, 24576, 332.76
2026/08/10 20:23:24.655, 1, 80, 23294, 24576, 313.77
2026/08/10 20:23:24.656, 2, 80, 20092, 24576, 336.79
2026/08/10 20:23:29.657, 0, 85, 23648, 24576, 337.99
2026/08/10 20:23:29.657, 1, 84, 23294, 24576, 305.79
2026/08/10 20:23:29.658, 2, 77, 20092, 24576, 314.27
2026/08/10 20:23:34.659, 0, 98, 13530, 24576, 336.85
2026/08/10 20:23:34.660, 1, 98, 13982, 24576, 271.22
2026/08/10 20:23:34.660, 2, 100, 12842, 24576, 321.93
2026/08/10 20:23:39.661, 0, 100, 23318, 24576, 277.36
2026/08/10 20:23:39.662, 1, 100, 23258, 24576, 284.86
2026/08/10 20:23:39.662, 2, 100, 22210, 24576, 281.80
2026/08/10 20:23:44.663, 0, 100, 23028, 24576, 322.79
2026/08/10 20:23:44.664, 1, 100, 23314, 24576, 310.75
2026/08/10 20:23:44.664, 2, 100, 22592, 24576, 342.66
2026/08/10 20:23:49.665, 0, 100, 23028, 24576, 323.83
2026/08/10 20:23:49.666, 1, 100, 23314, 24576, 309.51
2026/08/10 20:23:49.667, 2, 100, 22592, 24576, 336.71
2026/08/10 20:23:54.667, 0, 80, 23028, 24576, 334.50
2026/08/10 20:23:54.668, 1, 0, 23314, 24576, 254.07
2026/08/10 20:23:54.668, 2, 81, 20612, 24576, 336.69
2026/08/10 20:23:59.669, 0, 86, 23028, 24576, 337.76
2026/08/10 20:23:59.670, 1, 85, 23314, 24576, 309.67
2026/08/10 20:23:59.670, 2, 84, 20612, 24576, 251.79
2026/08/10 20:24:04.671, 0, 98, 21510, 24576, 337.99
2026/08/10 20:24:04.672, 1, 98, 23314, 24576, 299.96
2026/08/10 20:24:04.672, 2, 98, 17762, 24576, 300.41
2026/08/10 20:24:09.673, 0, 98, 13450, 24576, 337.47
2026/08/10 20:24:09.674, 1, 98, 23314, 24576, 297.01
2026/08/10 20:24:09.674, 2, 98, 21058, 24576, 338.21
2026/08/10 20:24:14.675, 0, 100, 21688, 24576, 301.23
2026/08/10 20:24:14.676, 1, 100, 22096, 24576, 312.57
2026/08/10 20:24:14.676, 2, 88, 22914, 24576, 330.77
2026/08/10 20:24:19.677, 0, 97, 21688, 24576, 295.90
2026/08/10 20:24:19.678, 1, 94, 22096, 24576, 298.54
2026/08/10 20:24:19.679, 2, 94, 22914, 24576, 298.11
2026/08/10 20:24:24.680, 0, 89, 23748, 24576, 328.70
2026/08/10 20:24:24.680, 1, 100, 22096, 24576, 312.86
2026/08/10 20:24:24.681, 2, 89, 20974, 24576, 302.71
2026/08/10 20:24:29.682, 0, 84, 21688, 24576, 338.92
2026/08/10 20:24:29.682, 1, 85, 22096, 24576, 309.31
2026/08/10 20:24:29.683, 2, 84, 22914, 24576, 337.40
2026/08/10 20:24:34.684, 0, 98, 21688, 24576, 306.93
2026/08/10 20:24:34.685, 1, 100, 22096, 24576, 306.04
2026/08/10 20:24:34.685, 2, 98, 22914, 24576, 311.51
2026/08/10 20:24:39.686, 0, 98, 13570, 24576, 340.45
2026/08/10 20:24:39.686, 1, 98, 13042, 24576, 297.84
2026/08/10 20:24:39.687, 2, 98, 13042, 24576, 313.59
2026/08/10 20:24:44.688, 0, 88, 24048, 24576, 330.57
2026/08/10 20:24:44.688, 1, 89, 22972, 24576, 304.29
2026/08/10 20:24:44.689, 2, 97, 23014, 24576, 318.86
2026/08/10 20:24:49.690, 0, 94, 24048, 24576, 325.26
2026/08/10 20:24:49.691, 1, 92, 22972, 24576, 304.38
2026/08/10 20:24:49.692, 2, 92, 23014, 24576, 321.76
2026/08/10 20:24:54.693, 0, 100, 24048, 24576, 339.68
2026/08/10 20:24:54.693, 1, 100, 22972, 24576, 318.45
2026/08/10 20:24:54.694, 2, 100, 23014, 24576, 319.56
2026/08/10 20:24:59.695, 0, 83, 21848, 24576, 336.73
2026/08/10 20:24:59.695, 1, 84, 20732, 24576, 303.47
2026/08/10 20:24:59.696, 2, 84, 20794, 24576, 323.83
2026/08/10 20:25:04.697, 0, 98, 21848, 24576, 278.67
2026/08/10 20:25:04.697, 1, 100, 20732, 24576, 307.12
2026/08/10 20:25:04.698, 2, 98, 20794, 24576, 312.60
2026/08/10 20:25:09.698, 0, 98, 13690, 24576, 338.86
2026/08/10 20:25:09.699, 1, 98, 20732, 24576, 293.33
2026/08/10 20:25:09.700, 2, 100, 20794, 24576, 312.72
2026/08/10 20:25:14.701, 0, 100, 22926, 24576, 232.60
2026/08/10 20:25:14.702, 1, 100, 23572, 24576, 287.99
2026/08/10 20:25:14.702, 2, 93, 23794, 24576, 264.74
2026/08/10 20:25:19.703, 0, 90, 22986, 24576, 316.03
2026/08/10 20:25:19.704, 1, 89, 21736, 24576, 306.91
2026/08/10 20:25:19.704, 2, 89, 21936, 24576, 316.40
2026/08/10 20:25:24.705, 0, 100, 22986, 24576, 322.59
2026/08/10 20:25:24.706, 1, 100, 21736, 24576, 316.28
2026/08/10 20:25:24.706, 2, 100, 21936, 24576, 319.26
2026/08/10 20:25:29.707, 0, 82, 22986, 24576, 317.14
2026/08/10 20:25:29.708, 1, 80, 21736, 24576, 317.10
2026/08/10 20:25:29.708, 2, 79, 21936, 24576, 326.49
2026/08/10 20:25:34.709, 0, 84, 22986, 24576, 339.64
2026/08/10 20:25:34.710, 1, 83, 21736, 24576, 305.80
2026/08/10 20:25:34.710, 2, 83, 21936, 24576, 317.13
2026/08/10 20:25:39.711, 0, 98, 21550, 24576, 338.33
2026/08/10 20:25:39.712, 1, 98, 21736, 24576, 281.11
2026/08/10 20:25:39.713, 2, 98, 12904, 24576, 284.78
2026/08/10 20:25:44.714, 0, 50, 13450, 24576, 311.04
2026/08/10 20:25:44.714, 1, 98, 21736, 24576, 303.08
2026/08/10 20:25:44.715, 2, 98, 13284, 24576, 310.25
2026/08/10 20:25:49.715, 0, 86, 22746, 24576, 300.56
2026/08/10 20:25:49.716, 1, 100, 21572, 24576, 319.84
2026/08/10 20:25:49.716, 2, 100, 23836, 24576, 318.75
2026/08/10 20:25:54.717, 0, 95, 22746, 24576, 300.54
2026/08/10 20:25:54.718, 1, 95, 20412, 24576, 304.09
2026/08/10 20:25:54.719, 2, 97, 23836, 24576, 327.36
2026/08/10 20:25:59.719, 0, 23, 20646, 24576, 272.41
2026/08/10 20:25:59.720, 1, 54, 22632, 24576, 282.64
2026/08/10 20:25:59.720, 2, 71, 23836, 24576, 287.69
2026/08/10 20:26:04.721, 0, 83, 20646, 24576, 339.92
2026/08/10 20:26:04.722, 1, 84, 22632, 24576, 310.61
2026/08/10 20:26:04.722, 2, 83, 23836, 24576, 321.66
2026/08/10 20:26:09.723, 0, 95, 13450, 24576, 297.85
2026/08/10 20:26:09.725, 1, 93, 12836, 24576, 275.79
2026/08/10 20:26:09.725, 2, 100, 14042, 24576, 282.94
2026/08/10 20:26:14.726, 0, 98, 13490, 24576, 336.15
2026/08/10 20:26:14.727, 1, 98, 12862, 24576, 305.84
2026/08/10 20:26:14.727, 2, 100, 14060, 24576, 288.23
2026/08/10 20:26:19.728, 0, 92, 23250, 24576, 330.44
2026/08/10 20:26:19.729, 1, 87, 20934, 24576, 298.00
2026/08/10 20:26:19.729, 2, 100, 23474, 24576, 312.12
2026/08/10 20:26:24.730, 0, 94, 23250, 24576, 329.14
2026/08/10 20:26:24.731, 1, 86, 21754, 24576, 298.40
2026/08/10 20:26:24.731, 2, 98, 21894, 24576, 320.76
2026/08/10 20:26:29.732, 0, 97, 22890, 24576, 333.02
2026/08/10 20:26:29.733, 1, 96, 23234, 24576, 312.38
2026/08/10 20:26:29.733, 2, 89, 23394, 24576, 324.25
2026/08/10 20:26:34.734, 0, 82, 23250, 24576, 335.46
2026/08/10 20:26:34.735, 1, 83, 20934, 24576, 300.35
2026/08/10 20:26:34.736, 2, 83, 23474, 24576, 330.09
2026/08/10 20:26:39.736, 0, 98, 23250, 24576, 322.18
2026/08/10 20:26:39.737, 1, 100, 20934, 24576, 306.35
2026/08/10 20:26:39.738, 2, 98, 23474, 24576, 305.14
2026/08/10 20:26:44.739, 0, 99, 22510, 24576, 335.03
2026/08/10 20:26:44.739, 1, 99, 23902, 24576, 295.76
2026/08/10 20:26:44.740, 2, 98, 13282, 24576, 315.81
2026/08/10 20:26:49.741, 0, 92, 23286, 24576, 301.94
2026/08/10 20:26:49.741, 1, 92, 23194, 24576, 297.51
2026/08/10 20:26:49.742, 2, 97, 22932, 24576, 311.27
2026/08/10 20:26:54.743, 0, 89, 23286, 24576, 300.14
2026/08/10 20:26:54.743, 1, 91, 23194, 24576, 292.98
2026/08/10 20:26:54.744, 2, 97, 22932, 24576, 309.66
2026/08/10 20:26:59.744, 0, 89, 23286, 24576, 300.52
2026/08/10 20:26:59.745, 1, 90, 23194, 24576, 297.29
2026/08/10 20:26:59.746, 2, 97, 22932, 24576, 303.67
2026/08/10 20:27:04.746, 0, 82, 23286, 24576, 335.69
2026/08/10 20:27:04.747, 1, 82, 23194, 24576, 306.99
2026/08/10 20:27:04.748, 2, 82, 22932, 24576, 336.37
2026/08/10 20:27:09.749, 0, 98, 23286, 24576, 338.28
2026/08/10 20:27:09.749, 1, 100, 23194, 24576, 305.36
2026/08/10 20:27:09.750, 2, 98, 22932, 24576, 313.01
2026/08/10 20:27:14.754, 0, 100, 23286, 24576, 337.79
2026/08/10 20:27:14.754, 1, 98, 21382, 24576, 291.06
2026/08/10 20:27:14.755, 2, 100, 12862, 24576, 324.72
2026/08/10 20:27:19.755, 0, 89, 23248, 24576, 324.36
2026/08/10 20:27:19.756, 1, 89, 23394, 24576, 306.56
2026/08/10 20:27:19.757, 2, 89, 20874, 24576, 308.03
2026/08/10 20:27:24.758, 0, 89, 23248, 24576, 323.72
2026/08/10 20:27:24.759, 1, 89, 23394, 24576, 309.18
2026/08/10 20:27:24.760, 2, 89, 20874, 24576, 309.77
2026/08/10 20:27:29.760, 0, 90, 23248, 24576, 324.93
2026/08/10 20:27:29.761, 1, 100, 23394, 24576, 312.52
2026/08/10 20:27:29.762, 2, 89, 20874, 24576, 309.50
2026/08/10 20:27:34.763, 0, 85, 23248, 24576, 334.57
2026/08/10 20:27:34.763, 1, 82, 23394, 24576, 301.98
2026/08/10 20:27:34.764, 2, 84, 20874, 24576, 334.92
2026/08/10 20:27:39.765, 0, 98, 23248, 24576, 282.28
2026/08/10 20:27:39.765, 1, 79, 23394, 24576, 302.20
2026/08/10 20:27:39.766, 2, 98, 20874, 24576, 308.97
2026/08/10 20:27:44.766, 0, 98, 13790, 24576, 333.67
2026/08/10 20:27:44.767, 1, 98, 19402, 24576, 293.60
2026/08/10 20:27:44.767, 2, 100, 13022, 24576, 337.17
2026/08/10 20:27:49.768, 0, 98, 23426, 24576, 323.94
2026/08/10 20:27:49.769, 1, 95, 22692, 24576, 320.36
2026/08/10 20:27:49.769, 2, 88, 20432, 24576, 303.78
2026/08/10 20:27:54.771, 0, 100, 23426, 24576, 320.36
2026/08/10 20:27:54.772, 1, 100, 22692, 24576, 309.72
2026/08/10 20:27:54.773, 2, 97, 20432, 24576, 308.06
2026/08/10 20:27:59.774, 0, 100, 23426, 24576, 328.74
2026/08/10 20:27:59.774, 1, 100, 22692, 24576, 334.06
2026/08/10 20:27:59.775, 2, 100, 20432, 24576, 311.23
2026/08/10 20:28:04.776, 0, 81, 23426, 24576, 336.08
2026/08/10 20:28:04.776, 1, 82, 22692, 24576, 304.30
2026/08/10 20:28:04.777, 2, 83, 20432, 24576, 333.83
2026/08/10 20:28:09.777, 0, 100, 23426, 24576, 277.87
2026/08/10 20:28:09.778, 1, 83, 22692, 24576, 310.25
2026/08/10 20:28:09.779, 2, 100, 20432, 24576, 252.67
2026/08/10 20:28:14.780, 0, 100, 14730, 24576, 338.48
2026/08/10 20:28:14.780, 1, 98, 22692, 24576, 296.34
2026/08/10 20:28:14.781, 2, 98, 23742, 24576, 332.81
2026/08/10 20:28:19.782, 0, 100, 14390, 24576, 182.36
2026/08/10 20:28:19.782, 1, 100, 22692, 24576, 190.54
2026/08/10 20:28:19.783, 2, 91, 16318, 24576, 309.96
2026/08/10 20:28:24.784, 0, 93, 22746, 24576, 326.31
2026/08/10 20:28:24.784, 1, 89, 22232, 24576, 294.50
2026/08/10 20:28:24.785, 2, 100, 22492, 24576, 316.96
2026/08/10 20:28:29.786, 0, 100, 22746, 24576, 327.80
2026/08/10 20:28:29.786, 1, 94, 22232, 24576, 314.19
2026/08/10 20:28:29.787, 2, 100, 22492, 24576, 321.61
2026/08/10 20:28:34.788, 0, 84, 22746, 24576, 327.65
2026/08/10 20:28:34.788, 1, 84, 22232, 24576, 324.10
2026/08/10 20:28:34.789, 2, 83, 22492, 24576, 323.12
2026/08/10 20:28:39.790, 0, 87, 22746, 24576, 338.86
2026/08/10 20:28:39.790, 1, 86, 22232, 24576, 312.24
2026/08/10 20:28:39.791, 2, 84, 22492, 24576, 318.44
2026/08/10 20:28:44.792, 0, 98, 13530, 24576, 304.86
2026/08/10 20:28:44.792, 1, 98, 17682, 24576, 275.91
2026/08/10 20:28:44.793, 2, 98, 14062, 24576, 288.43
2026/08/10 20:28:49.793, 0, 100, 13530, 24576, 333.50
2026/08/10 20:28:49.794, 1, 98, 14058, 24576, 317.71
2026/08/10 20:28:49.795, 2, 98, 14058, 24576, 334.90
2026/08/10 20:28:54.796, 0, 85, 23988, 24576, 340.16
2026/08/10 20:28:54.796, 1, 100, 21992, 24576, 309.60
2026/08/10 20:28:54.797, 2, 100, 23334, 24576, 328.62
2026/08/10 20:28:59.798, 0, 88, 23988, 24576, 340.30
2026/08/10 20:28:59.798, 1, 100, 21992, 24576, 317.28
2026/08/10 20:28:59.799, 2, 100, 23334, 24576, 328.00
2026/08/10 20:29:04.800, 0, 82, 21848, 24576, 286.88
2026/08/10 20:29:04.801, 1, 82, 21992, 24576, 286.06
2026/08/10 20:29:04.801, 2, 83, 23334, 24576, 293.97
2026/08/10 20:29:09.802, 0, 85, 21848, 24576, 336.97
2026/08/10 20:29:09.802, 1, 87, 21992, 24576, 310.81
2026/08/10 20:29:09.803, 2, 85, 23334, 24576, 325.94
2026/08/10 20:29:14.804, 0, 87, 13290, 24576, 293.89
2026/08/10 20:29:14.805, 1, 100, 20212, 24576, 295.55
2026/08/10 20:29:14.805, 2, 90, 13674, 24576, 310.83
2026/08/10 20:29:19.806, 0, 98, 18150, 24576, 301.33
2026/08/10 20:29:19.807, 1, 98, 13064, 24576, 304.92
2026/08/10 20:29:19.808, 2, 98, 12862, 24576, 314.99
2026/08/10 20:29:24.809, 0, 100, 22864, 24576, 296.67
2026/08/10 20:29:24.809, 1, 100, 24096, 24576, 305.21
2026/08/10 20:29:24.810, 2, 100, 22792, 24576, 290.47
2026/08/10 20:29:29.811, 0, 88, 21804, 24576, 318.43
2026/08/10 20:29:29.812, 1, 97, 21896, 24576, 304.05
2026/08/10 20:29:29.812, 2, 89, 20792, 24576, 310.17
2026/08/10 20:29:34.813, 0, 100, 21804, 24576, 322.90
2026/08/10 20:29:34.813, 1, 100, 21896, 24576, 309.61
2026/08/10 20:29:34.814, 2, 100, 20792, 24576, 307.79
2026/08/10 20:29:39.815, 0, 85, 21804, 24576, 338.76
2026/08/10 20:29:39.815, 1, 83, 21896, 24576, 308.45
2026/08/10 20:29:39.816, 2, 85, 20792, 24576, 335.21
2026/08/10 20:29:44.816, 0, 79, 21804, 24576, 342.60
2026/08/10 20:29:44.817, 1, 85, 21896, 24576, 310.67
2026/08/10 20:29:44.818, 2, 84, 20792, 24576, 336.80
2026/08/10 20:29:49.819, 0, 98, 13570, 24576, 339.95
2026/08/10 20:29:49.819, 1, 100, 24244, 24576, 303.75
2026/08/10 20:29:49.820, 2, 98, 13062, 24576, 331.49
2026/08/10 20:29:54.821, 0, 100, 13570, 24576, 182.39
2026/08/10 20:29:54.821, 1, 100, 12984, 24576, 309.13
2026/08/10 20:29:54.822, 2, 97, 13062, 24576, 319.02
2026/08/10 20:29:59.823, 0, 100, 23888, 24576, 321.80
2026/08/10 20:29:59.823, 1, 100, 23898, 24576, 317.84
2026/08/10 20:29:59.824, 2, 100, 23216, 24576, 329.67
2026/08/10 20:30:04.824, 0, 100, 23888, 24576, 297.99
2026/08/10 20:30:04.825, 1, 100, 23898, 24576, 300.22
2026/08/10 20:30:04.825, 2, 100, 21756, 24576, 316.69
2026/08/10 20:30:09.826, 0, 100, 23888, 24576, 317.21
2026/08/10 20:30:09.827, 1, 100, 23898, 24576, 311.93
2026/08/10 20:30:09.828, 2, 100, 23216, 24576, 314.03
2026/08/10 20:30:14.829, 0, 85, 23888, 24576, 339.34
2026/08/10 20:30:14.829, 1, 83, 23898, 24576, 307.88
2026/08/10 20:30:14.830, 2, 84, 23216, 24576, 326.88
2026/08/10 20:30:19.831, 0, 98, 23888, 24576, 339.76
2026/08/10 20:30:19.831, 1, 98, 23898, 24576, 305.66
2026/08/10 20:30:19.832, 2, 99, 23216, 24576, 324.57
2026/08/10 20:30:24.833, 0, 98, 13870, 24576, 339.43
2026/08/10 20:30:24.833, 1, 96, 13482, 24576, 282.63
2026/08/10 20:30:24.834, 2, 99, 13282, 24576, 314.00
2026/08/10 20:30:29.835, 0, 100, 23586, 24576, 305.27
2026/08/10 20:30:29.835, 1, 89, 21114, 24576, 308.52
2026/08/10 20:30:29.836, 2, 100, 22952, 24576, 303.80
2026/08/10 20:30:34.836, 0, 100, 23586, 24576, 305.84
2026/08/10 20:30:34.837, 1, 93, 23194, 24576, 300.26
2026/08/10 20:30:34.838, 2, 100, 22952, 24576, 301.78
2026/08/10 20:30:39.838, 0, 97, 23586, 24576, 307.80
2026/08/10 20:30:39.841, 1, 91, 23194, 24576, 270.27
2026/08/10 20:30:39.842, 2, 100, 22952, 24576, 295.97
2026/08/10 20:30:44.843, 0, 83, 23586, 24576, 340.35
2026/08/10 20:30:44.843, 1, 87, 23194, 24576, 311.98
2026/08/10 20:30:44.844, 2, 85, 22952, 24576, 325.80
2026/08/10 20:30:49.845, 0, 98, 23586, 24576, 308.24
2026/08/10 20:30:49.845, 1, 100, 23194, 24576, 302.23
2026/08/10 20:30:49.846, 2, 100, 22952, 24576, 294.22
2026/08/10 20:30:54.847, 0, 98, 13950, 24576, 336.20
2026/08/10 20:30:54.847, 1, 100, 16442, 24576, 309.13
2026/08/10 20:30:54.848, 2, 98, 22952, 24576, 326.94
2026/08/10 20:30:59.849, 0, 84, 19912, 24576, 197.24
2026/08/10 20:30:59.849, 1, 57, 18850, 24576, 283.59
2026/08/10 20:30:59.850, 2, 100, 22952, 24576, 178.97
2026/08/10 20:31:04.851, 0, 98, 21868, 24576, 304.54
2026/08/10 20:31:04.851, 1, 97, 23276, 24576, 310.08
2026/08/10 20:31:04.852, 2, 97, 22952, 24576, 307.36
2026/08/10 20:31:09.853, 0, 100, 24068, 24576, 323.34
2026/08/10 20:31:09.854, 1, 97, 23276, 24576, 324.57
2026/08/10 20:31:09.855, 2, 93, 22952, 24576, 298.57
2026/08/10 20:31:14.856, 0, 67, 21868, 24576, 278.46
2026/08/10 20:31:14.856, 1, 76, 23276, 24576, 284.96
2026/08/10 20:31:14.857, 2, 24, 22952, 24576, 261.74
2026/08/10 20:31:19.858, 0, 84, 21868, 24576, 338.49
2026/08/10 20:31:19.859, 1, 78, 23276, 24576, 307.66
2026/08/10 20:31:19.859, 2, 86, 22952, 24576, 336.43
2026/08/10 20:31:24.860, 0, 100, 21868, 24576, 340.27
2026/08/10 20:31:24.860, 1, 95, 19276, 24576, 293.12
2026/08/10 20:31:24.861, 2, 98, 22952, 24576, 335.57
2026/08/10 20:31:29.862, 0, 98, 21868, 24576, 333.51
2026/08/10 20:31:29.862, 1, 98, 13240, 24576, 298.70
2026/08/10 20:31:29.863, 2, 100, 22952, 24576, 327.80
2026/08/10 20:31:34.864, 0, 89, 23706, 24576, 339.68
2026/08/10 20:31:34.865, 1, 88, 22350, 24576, 309.19
2026/08/10 20:31:34.865, 2, 100, 22952, 24576, 323.89
2026/08/10 20:31:39.866, 0, 97, 21506, 24576, 329.37
2026/08/10 20:31:39.866, 1, 100, 22350, 24576, 314.02
2026/08/10 20:31:39.867, 2, 100, 22952, 24576, 331.65
2026/08/10 20:31:44.870, 0, 81, 21506, 24576, 332.75
2026/08/10 20:31:44.870, 1, 80, 22350, 24576, 327.00
2026/08/10 20:31:44.871, 2, 81, 22952, 24576, 331.04
2026/08/10 20:31:49.871, 0, 83, 21506, 24576, 338.39
2026/08/10 20:31:49.872, 1, 82, 22350, 24576, 306.26
2026/08/10 20:31:49.872, 2, 80, 22952, 24576, 327.97
2026/08/10 20:31:54.873, 0, 98, 14470, 24576, 331.53
2026/08/10 20:31:54.874, 1, 98, 13042, 24576, 330.99
2026/08/10 20:31:54.875, 2, 98, 21322, 24576, 307.27
2026/08/10 20:31:59.876, 0, 100, 14470, 24576, 335.67
2026/08/10 20:31:59.876, 1, 98, 13042, 24576, 302.23
2026/08/10 20:31:59.877, 2, 99, 24238, 24576, 322.02
2026/08/10 20:32:04.878, 0, 89, 23088, 24576, 326.46
2026/08/10 20:32:04.878, 1, 89, 22772, 24576, 323.59
2026/08/10 20:32:04.879, 2, 89, 23092, 24576, 323.34
2026/08/10 20:32:09.880, 0, 89, 23088, 24576, 325.83
2026/08/10 20:32:09.880, 1, 100, 22772, 24576, 315.75
2026/08/10 20:32:09.881, 2, 89, 23092, 24576, 317.67
2026/08/10 20:32:14.882, 0, 83, 23088, 24576, 282.49
2026/08/10 20:32:14.882, 1, 82, 20552, 24576, 295.98
2026/08/10 20:32:14.883, 2, 82, 23092, 24576, 286.29
2026/08/10 20:32:19.884, 0, 84, 23088, 24576, 338.22
2026/08/10 20:32:19.884, 1, 81, 20552, 24576, 318.88
2026/08/10 20:32:19.884, 2, 83, 23092, 24576, 317.75
2026/08/10 20:32:24.885, 0, 89, 14410, 24576, 302.66
2026/08/10 20:32:24.886, 1, 94, 14562, 24576, 275.60
2026/08/10 20:32:24.887, 2, 97, 13982, 24576, 292.66
2026/08/10 20:32:29.888, 0, 94, 14450, 24576, 300.01
2026/08/10 20:32:29.888, 1, 98, 17956, 24576, 285.85
2026/08/10 20:32:29.889, 2, 98, 13978, 24576, 332.88
2026/08/10 20:32:34.890, 0, 89, 23450, 24576, 329.92
2026/08/10 20:32:34.891, 1, 89, 20912, 24576, 314.83
2026/08/10 20:32:34.891, 2, 89, 22112, 24576, 313.37
2026/08/10 20:32:39.892, 0, 100, 23450, 24576, 334.77
2026/08/10 20:32:39.893, 1, 100, 20592, 24576, 298.45
2026/08/10 20:32:39.893, 2, 100, 22112, 24576, 316.05
2026/08/10 20:32:44.894, 0, 98, 23450, 24576, 325.87
2026/08/10 20:32:44.895, 1, 96, 20592, 24576, 295.78
2026/08/10 20:32:44.895, 2, 99, 22112, 24576, 308.64
2026/08/10 20:32:49.896, 0, 80, 23450, 24576, 337.31
2026/08/10 20:32:49.898, 1, 81, 22592, 24576, 301.69
2026/08/10 20:32:49.899, 2, 80, 22112, 24576, 335.37
2026/08/10 20:32:54.901, 0, 98, 23450, 24576, 298.40
2026/08/10 20:32:54.902, 1, 98, 22592, 24576, 307.71
2026/08/10 20:32:54.902, 2, 98, 22112, 24576, 301.11
2026/08/10 20:32:59.903, 0, 99, 24090, 24576, 336.67
2026/08/10 20:32:59.904, 1, 98, 19862, 24576, 311.67
2026/08/10 20:32:59.904, 2, 98, 22758, 24576, 336.40
2026/08/10 20:33:04.905, 0, 90, 23066, 24576, 325.61
2026/08/10 20:33:04.906, 1, 89, 22792, 24576, 297.15
2026/08/10 20:33:04.906, 2, 90, 21230, 24576, 323.79
2026/08/10 20:33:09.907, 0, 93, 23066, 24576, 307.07
2026/08/10 20:33:09.908, 1, 97, 22792, 24576, 299.85
2026/08/10 20:33:09.908, 2, 91, 20890, 24576, 304.08
2026/08/10 20:33:14.909, 0, 100, 23066, 24576, 324.30
2026/08/10 20:33:14.910, 1, 100, 22792, 24576, 307.76
2026/08/10 20:33:14.911, 2, 100, 20890, 24576, 310.80
2026/08/10 20:33:19.911, 0, 80, 23066, 24576, 336.98
2026/08/10 20:33:19.912, 1, 82, 22792, 24576, 297.04
2026/08/10 20:33:19.912, 2, 82, 20890, 24576, 336.21
2026/08/10 20:33:24.913, 0, 99, 23066, 24576, 314.52
2026/08/10 20:33:24.914, 1, 98, 22792, 24576, 294.53
2026/08/10 20:33:24.914, 2, 99, 20890, 24576, 240.87
2026/08/10 20:33:29.916, 0, 99, 13470, 24576, 338.18
2026/08/10 20:33:29.917, 1, 97, 13064, 24576, 300.93
2026/08/10 20:33:29.917, 2, 98, 12762, 24576, 332.77
2026/08/10 20:33:34.918, 0, 100, 14790, 24576, 178.90
2026/08/10 20:33:34.918, 1, 64, 15024, 24576, 284.41
2026/08/10 20:33:34.919, 2, 100, 13602, 24576, 172.19
2026/08/10 20:33:39.920, 0, 100, 20586, 24576, 286.63
2026/08/10 20:33:39.920, 1, 100, 23918, 24576, 308.92
2026/08/10 20:33:39.921, 2, 94, 20332, 24576, 287.73
2026/08/10 20:33:44.922, 0, 100, 23086, 24576, 324.76
2026/08/10 20:33:44.923, 1, 100, 23918, 24576, 317.45
2026/08/10 20:33:44.923, 2, 100, 21972, 24576, 311.66
2026/08/10 20:33:49.924, 0, 61, 20986, 24576, 258.75
2026/08/10 20:33:49.925, 1, 61, 23918, 24576, 298.67
2026/08/10 20:33:49.926, 2, 39, 21972, 24576, 273.13
2026/08/10 20:33:54.927, 0, 83, 20986, 24576, 338.34
2026/08/10 20:33:54.927, 1, 82, 23918, 24576, 308.27
2026/08/10 20:33:54.928, 2, 83, 21972, 24576, 333.77
2026/08/10 20:33:59.929, 0, 98, 22286, 24576, 335.79
2026/08/10 20:33:59.929, 1, 98, 23918, 24576, 335.79
2026/08/10 20:33:59.930, 2, 98, 22512, 24576, 336.62
2026/08/10 20:34:04.930, 0, 98, 13590, 24576, 337.89
2026/08/10 20:34:04.931, 1, 98, 12862, 24576, 290.72
2026/08/10 20:34:04.931, 2, 98, 12860, 24576, 328.62
2026/08/10 20:34:09.932, 0, 98, 23450, 24576, 336.44
2026/08/10 20:34:09.933, 1, 94, 20912, 24576, 313.77
2026/08/10 20:34:09.934, 2, 95, 21690, 24576, 297.03
2026/08/10 20:34:14.935, 0, 93, 23450, 24576, 331.48
2026/08/10 20:34:14.935, 1, 92, 20912, 24576, 295.81
2026/08/10 20:34:14.936, 2, 88, 21690, 24576, 293.65
2026/08/10 20:34:19.937, 0, 100, 23450, 24576, 331.20
2026/08/10 20:34:19.938, 1, 100, 20912, 24576, 298.08
2026/08/10 20:34:19.939, 2, 95, 19830, 24576, 284.61
2026/08/10 20:34:24.940, 0, 81, 23450, 24576, 335.32
2026/08/10 20:34:24.940, 1, 81, 20912, 24576, 319.91
2026/08/10 20:34:24.941, 2, 79, 21690, 24576, 338.70
2026/08/10 20:34:29.942, 0, 84, 23450, 24576, 340.33
2026/08/10 20:34:29.942, 1, 82, 20912, 24576, 311.55
2026/08/10 20:34:29.943, 2, 100, 21690, 24576, 270.40
2026/08/10 20:34:34.943, 0, 100, 18010, 24576, 298.03
2026/08/10 20:34:34.944, 1, 83, 14158, 24576, 281.92
2026/08/10 20:34:34.945, 2, 98, 13140, 24576, 291.60
2026/08/10 20:34:39.945, 0, 93, 22168, 24576, 248.19
2026/08/10 20:34:39.946, 1, 92, 20992, 24576, 264.80
2026/08/10 20:34:39.947, 2, 100, 22498, 24576, 267.87
2026/08/10 20:34:44.948, 0, 89, 22544, 24576, 322.15
2026/08/10 20:34:44.948, 1, 89, 22332, 24576, 291.86
2026/08/10 20:34:44.949, 2, 100, 22552, 24576, 324.64
2026/08/10 20:34:49.950, 0, 100, 22544, 24576, 332.55
2026/08/10 20:34:49.950, 1, 100, 22332, 24576, 321.43
2026/08/10 20:34:49.951, 2, 100, 22552, 24576, 319.10
2026/08/10 20:34:54.952, 0, 83, 22544, 24576, 336.83
2026/08/10 20:34:54.952, 1, 83, 22332, 24576, 312.61
2026/08/10 20:34:54.953, 2, 83, 22552, 24576, 329.10
2026/08/10 20:34:59.953, 0, 99, 22544, 24576, 262.75
2026/08/10 20:34:59.954, 1, 98, 22332, 24576, 275.62
2026/08/10 20:34:59.954, 2, 77, 22552, 24576, 325.30
2026/08/10 20:35:04.955, 0, 98, 13470, 24576, 337.82
2026/08/10 20:35:04.959, 1, 98, 12860, 24576, 297.22
2026/08/10 20:35:04.961, 2, 98, 13002, 24576, 309.23
2026/08/10 20:35:09.962, 0, 96, 22926, 24576, 314.53
2026/08/10 20:35:09.962, 1, 97, 21650, 24576, 294.93
2026/08/10 20:35:09.963, 2, 100, 22994, 24576, 306.61
2026/08/10 20:35:14.964, 0, 88, 22926, 24576, 333.01
2026/08/10 20:35:14.965, 1, 88, 21650, 24576, 307.72
2026/08/10 20:35:14.965, 2, 100, 22994, 24576, 335.54
2026/08/10 20:35:19.966, 0, 95, 22406, 24576, 323.17
2026/08/10 20:35:19.966, 1, 97, 21650, 24576, 294.63
2026/08/10 20:35:19.967, 2, 88, 22494, 24576, 322.94
2026/08/10 20:35:24.968, 0, 84, 20826, 24576, 337.75
2026/08/10 20:35:24.969, 1, 81, 21650, 24576, 297.31
2026/08/10 20:35:24.969, 2, 85, 20834, 24576, 321.24
2026/08/10 20:35:29.970, 0, 98, 20826, 24576, 252.57
2026/08/10 20:35:29.971, 1, 98, 21650, 24576, 310.16
2026/08/10 20:35:29.972, 2, 98, 20834, 24576, 239.27
2026/08/10 20:35:34.973, 0, 97, 24070, 24576, 335.62
2026/08/10 20:35:34.973, 1, 98, 13062, 24576, 305.99
2026/08/10 20:35:34.974, 2, 99, 22982, 24576, 312.31
2026/08/10 20:35:39.975, 0, 100, 22236, 24576, 215.68
2026/08/10 20:35:39.976, 1, 100, 21666, 24576, 290.01
2026/08/10 20:35:39.976, 2, 82, 21782, 24576, 204.44
2026/08/10 20:35:44.977, 0, 89, 22964, 24576, 315.10
2026/08/10 20:35:44.977, 1, 100, 21736, 24576, 293.27
2026/08/10 20:35:44.978, 2, 99, 22512, 24576, 329.80
2026/08/10 20:35:49.979, 0, 96, 22964, 24576, 303.49
2026/08/10 20:35:49.979, 1, 97, 21736, 24576, 311.61
2026/08/10 20:35:49.980, 2, 96, 22512, 24576, 308.46
2026/08/10 20:35:54.980, 0, 81, 22964, 24576, 291.39
2026/08/10 20:35:54.981, 1, 82, 21736, 24576, 301.63
2026/08/10 20:35:54.982, 2, 83, 22512, 24576, 279.38
2026/08/10 20:35:59.983, 0, 82, 22964, 24576, 339.63
2026/08/10 20:35:59.984, 1, 80, 21736, 24576, 304.76
2026/08/10 20:35:59.984, 2, 81, 22512, 24576, 332.36
2026/08/10 20:36:04.989, 0, 98, 13770, 24576, 298.72
2026/08/10 20:36:04.989, 1, 100, 17662, 24576, 280.83
2026/08/10 20:36:04.990, 2, 98, 18642, 24576, 292.21
2026/08/10 20:36:09.990, 0, 45, 13770, 24576, 324.07
2026/08/10 20:36:09.991, 1, 98, 13340, 24576, 301.72
2026/08/10 20:36:09.992, 2, 98, 22398, 24576, 333.46
2026/08/10 20:36:14.992, 0, 97, 22864, 24576, 293.15
2026/08/10 20:36:14.993, 1, 97, 22430, 24576, 296.70
2026/08/10 20:36:14.994, 2, 93, 20674, 24576, 314.16
2026/08/10 20:36:19.995, 0, 97, 22864, 24576, 294.37
2026/08/10 20:36:19.995, 1, 96, 22430, 24576, 290.45
2026/08/10 20:36:19.996, 2, 91, 23414, 24576, 311.37
2026/08/10 20:36:24.997, 0, 24, 22864, 24576, 255.93
2026/08/10 20:36:24.997, 1, 41, 22430, 24576, 260.32
2026/08/10 20:36:24.998, 2, 46, 23414, 24576, 276.51
2026/08/10 20:36:29.999, 0, 83, 22864, 24576, 340.44
2026/08/10 20:36:29.999, 1, 80, 22430, 24576, 251.43
2026/08/10 20:36:30.000, 2, 86, 23414, 24576, 327.33
2026/08/10 20:36:35.001, 0, 98, 22864, 24576, 339.42
2026/08/10 20:36:35.001, 1, 98, 22430, 24576, 312.51
2026/08/10 20:36:35.002, 2, 100, 23414, 24576, 337.87
2026/08/10 20:36:40.002, 0, 100, 22864, 24576, 340.69
2026/08/10 20:36:40.003, 1, 100, 13022, 24576, 306.68
2026/08/10 20:36:40.003, 2, 99, 13262, 24576, 317.64
2026/08/10 20:36:45.004, 0, 89, 23568, 24576, 327.60
2026/08/10 20:36:45.005, 1, 100, 21536, 24576, 311.56
2026/08/10 20:36:45.006, 2, 87, 23094, 24576, 328.11
2026/08/10 20:36:50.007, 0, 100, 23568, 24576, 331.57
2026/08/10 20:36:50.007, 1, 100, 21536, 24576, 313.05
2026/08/10 20:36:50.008, 2, 100, 23094, 24576, 331.50
2026/08/10 20:36:55.009, 0, 100, 23568, 24576, 326.98
2026/08/10 20:36:55.010, 1, 97, 21536, 24576, 313.61
2026/08/10 20:36:55.010, 2, 100, 23094, 24576, 332.82
2026/08/10 20:37:00.011, 0, 0, 23568, 24576, 132.30
2026/08/10 20:37:00.012, 1, 25, 21536, 24576, 197.93
2026/08/10 20:37:00.012, 2, 24, 23094, 24576, 186.13
2026/08/10 20:37:05.013, 0, 78, 23568, 24576, 341.13
2026/08/10 20:37:05.014, 1, 82, 21536, 24576, 335.81
2026/08/10 20:37:05.014, 2, 84, 23094, 24576, 338.55
2026/08/10 20:37:10.015, 0, 97, 23568, 24576, 343.58
2026/08/10 20:37:10.016, 1, 100, 21536, 24576, 263.06
2026/08/10 20:37:10.017, 2, 97, 23094, 24576, 247.60
2026/08/10 20:37:15.017, 0, 98, 13490, 24576, 330.49
2026/08/10 20:37:15.018, 1, 98, 21536, 24576, 282.36
2026/08/10 20:37:15.019, 2, 98, 13042, 24576, 338.24
2026/08/10 20:37:20.020, 0, 83, 23448, 24576, 323.26
2026/08/10 20:37:20.021, 1, 88, 20652, 24576, 304.53
2026/08/10 20:37:20.021, 2, 89, 23556, 24576, 319.31
2026/08/10 20:37:25.022, 0, 88, 23788, 24576, 331.73
2026/08/10 20:37:25.023, 1, 100, 20652, 24576, 312.83
2026/08/10 20:37:25.023, 2, 84, 23896, 24576, 336.93
2026/08/10 20:37:30.024, 0, 100, 23788, 24576, 332.78
2026/08/10 20:37:30.024, 1, 100, 20652, 24576, 317.51
2026/08/10 20:37:30.025, 2, 100, 23896, 24576, 324.43
2026/08/10 20:37:35.026, 0, 83, 21668, 24576, 336.05
2026/08/10 20:37:35.026, 1, 83, 20652, 24576, 335.63
2026/08/10 20:37:35.027, 2, 84, 21696, 24576, 337.01
2026/08/10 20:37:40.027, 0, 0, 21668, 24576, 252.89
2026/08/10 20:37:40.028, 1, 84, 20652, 24576, 314.04
2026/08/10 20:37:40.029, 2, 83, 21696, 24576, 326.36
2026/08/10 20:37:45.030, 0, 98, 14370, 24576, 340.26
2026/08/10 20:37:45.030, 1, 97, 12862, 24576, 306.54
2026/08/10 20:37:45.031, 2, 98, 12942, 24576, 321.48
2026/08/10 20:37:50.032, 0, 87, 23108, 24576, 311.22
2026/08/10 20:37:50.032, 1, 91, 22254, 24576, 295.24
2026/08/10 20:37:50.033, 2, 100, 23516, 24576, 295.85
2026/08/10 20:37:55.034, 0, 100, 23166, 24576, 327.78
2026/08/10 20:37:55.035, 1, 100, 22652, 24576, 337.83
2026/08/10 20:37:55.035, 2, 100, 23574, 24576, 325.50
2026/08/10 20:38:00.036, 0, 90, 23166, 24576, 325.40
2026/08/10 20:38:00.036, 1, 85, 22652, 24576, 327.22
2026/08/10 20:38:00.040, 2, 88, 23574, 24576, 318.50
2026/08/10 20:38:05.042, 0, 83, 23166, 24576, 337.42
2026/08/10 20:38:05.043, 1, 82, 20652, 24576, 314.43
2026/08/10 20:38:05.043, 2, 84, 23574, 24576, 334.21
2026/08/10 20:38:10.044, 0, 88, 23166, 24576, 303.14
2026/08/10 20:38:10.045, 1, 83, 20652, 24576, 311.79
2026/08/10 20:38:10.045, 2, 86, 23574, 24576, 323.99
2026/08/10 20:38:15.046, 0, 98, 23166, 24576, 337.85
2026/08/10 20:38:15.047, 1, 98, 14362, 24576, 299.61
2026/08/10 20:38:15.047, 2, 99, 23574, 24576, 308.33
2026/08/10 20:38:20.048, 0, 100, 21714, 24576, 285.70
2026/08/10 20:38:20.049, 1, 100, 20640, 24576, 289.27
2026/08/10 20:38:20.049, 2, 89, 23574, 24576, 302.85
2026/08/10 20:38:25.050, 0, 89, 22406, 24576, 327.60
2026/08/10 20:38:25.051, 1, 100, 20694, 24576, 302.06
2026/08/10 20:38:25.051, 2, 89, 23574, 24576, 306.86
2026/08/10 20:38:30.052, 0, 88, 24026, 24576, 329.59
2026/08/10 20:38:30.053, 1, 89, 22774, 24576, 298.28
2026/08/10 20:38:30.054, 2, 100, 23574, 24576, 314.09
2026/08/10 20:38:35.054, 0, 83, 21746, 24576, 336.73
2026/08/10 20:38:35.055, 1, 81, 22774, 24576, 317.67
2026/08/10 20:38:35.056, 2, 83, 23574, 24576, 336.80
2026/08/10 20:38:40.057, 0, 83, 21746, 24576, 338.56
2026/08/10 20:38:40.057, 1, 82, 22774, 24576, 307.99
2026/08/10 20:38:40.058, 2, 82, 23574, 24576, 326.89
2026/08/10 20:38:45.059, 0, 99, 21746, 24576, 323.64
2026/08/10 20:38:45.059, 1, 100, 12842, 24576, 308.31
2026/08/10 20:38:45.060, 2, 98, 17780, 24576, 326.95
2026/08/10 20:38:50.060, 0, 89, 23346, 24576, 313.30
2026/08/10 20:38:50.061, 1, 89, 20350, 24576, 285.87
2026/08/10 20:38:50.061, 2, 95, 22350, 24576, 319.26
2026/08/10 20:38:55.062, 0, 97, 23346, 24576, 325.65
2026/08/10 20:38:55.063, 1, 96, 20350, 24576, 305.23
2026/08/10 20:38:55.063, 2, 100, 22350, 24576, 336.18
2026/08/10 20:39:00.064, 0, 100, 23346, 24576, 326.37
2026/08/10 20:39:00.065, 1, 100, 20350, 24576, 316.27
2026/08/10 20:39:00.066, 2, 89, 22350, 24576, 335.46
2026/08/10 20:39:05.066, 0, 81, 23346, 24576, 336.25
2026/08/10 20:39:05.067, 1, 79, 20350, 24576, 300.39
2026/08/10 20:39:05.068, 2, 79, 22350, 24576, 334.26
2026/08/10 20:39:10.069, 0, 98, 23346, 24576, 258.98
2026/08/10 20:39:10.069, 1, 98, 20350, 24576, 289.78
2026/08/10 20:39:10.070, 2, 83, 22350, 24576, 325.69
2026/08/10 20:39:15.071, 0, 99, 23330, 24576, 336.61
2026/08/10 20:39:15.072, 1, 98, 18042, 24576, 312.24
2026/08/10 20:39:15.072, 2, 98, 22350, 24576, 311.24
2026/08/10 20:39:20.073, 0, 98, 22264, 24576, 321.18
2026/08/10 20:39:20.074, 1, 100, 22652, 24576, 314.66
2026/08/10 20:39:20.074, 2, 100, 22192, 24576, 324.07
2026/08/10 20:39:25.075, 0, 86, 22264, 24576, 318.47
2026/08/10 20:39:25.078, 1, 92, 22652, 24576, 316.95
2026/08/10 20:39:25.081, 2, 100, 22192, 24576, 324.36
2026/08/10 20:39:30.082, 0, 89, 22264, 24576, 319.43
2026/08/10 20:39:30.082, 1, 100, 22652, 24576, 322.83
2026/08/10 20:39:30.083, 2, 100, 22192, 24576, 319.02
2026/08/10 20:39:35.084, 0, 83, 22264, 24576, 336.59
2026/08/10 20:39:35.084, 1, 85, 22652, 24576, 311.90
2026/08/10 20:39:35.085, 2, 81, 22192, 24576, 336.36
2026/08/10 20:39:40.086, 0, 100, 22264, 24576, 280.73
2026/08/10 20:39:40.087, 1, 84, 22652, 24576, 312.65
2026/08/10 20:39:40.088, 2, 81, 22192, 24576, 304.86
2026/08/10 20:39:45.088, 0, 98, 22264, 24576, 337.30
2026/08/10 20:39:45.089, 1, 98, 13062, 24576, 306.12
2026/08/10 20:39:45.090, 2, 97, 13022, 24576, 318.48
2026/08/10 20:39:50.091, 0, 100, 22264, 24576, 179.51
2026/08/10 20:39:50.091, 1, 98, 13062, 24576, 297.98
2026/08/10 20:39:50.092, 2, 100, 13022, 24576, 173.12
2026/08/10 20:39:55.093, 0, 94, 23188, 24576, 287.60
2026/08/10 20:39:55.094, 1, 93, 22696, 24576, 311.22
2026/08/10 20:39:55.094, 2, 87, 22314, 24576, 313.01
2026/08/10 20:40:00.096, 0, 89, 21148, 24576, 292.13
2026/08/10 20:40:00.096, 1, 89, 22856, 24576, 316.30
2026/08/10 20:40:00.097, 2, 100, 22834, 24576, 315.42
2026/08/10 20:40:05.097, 0, 75, 23188, 24576, 266.22
2026/08/10 20:40:05.098, 1, 88, 21756, 24576, 288.74
2026/08/10 20:40:05.098, 2, 46, 22834, 24576, 281.47
2026/08/10 20:40:10.099, 0, 83, 23188, 24576, 339.10
2026/08/10 20:40:10.100, 1, 83, 21756, 24576, 306.67
2026/08/10 20:40:10.101, 2, 84, 22834, 24576, 338.74
2026/08/10 20:40:15.101, 0, 98, 24208, 24576, 337.64
2026/08/10 20:40:15.102, 1, 98, 21756, 24576, 307.30
2026/08/10 20:40:15.103, 2, 100, 24074, 24576, 335.94
2026/08/10 20:40:20.104, 0, 99, 13690, 24576, 338.77
2026/08/10 20:40:20.104, 1, 98, 21756, 24576, 298.65
2026/08/10 20:40:20.105, 2, 98, 14018, 24576, 288.79
2026/08/10 20:40:25.108, 0, 100, 22824, 24576, 320.21
2026/08/10 20:40:25.108, 1, 100, 22752, 24576, 332.97
2026/08/10 20:40:25.109, 2, 100, 21754, 24576, 330.09
2026/08/10 20:40:30.109, 0, 100, 22824, 24576, 320.52
2026/08/10 20:40:30.110, 1, 100, 22752, 24576, 336.08
2026/08/10 20:40:30.110, 2, 100, 21754, 24576, 326.88
2026/08/10 20:40:35.111, 0, 100, 22824, 24576, 318.77
2026/08/10 20:40:35.112, 1, 100, 22752, 24576, 322.05
2026/08/10 20:40:35.112, 2, 100, 21754, 24576, 311.41
2026/08/10 20:40:40.113, 0, 80, 22824, 24576, 339.24
2026/08/10 20:40:40.114, 1, 82, 22752, 24576, 305.91
2026/08/10 20:40:40.115, 2, 84, 21754, 24576, 320.49
2026/08/10 20:40:45.116, 0, 100, 22824, 24576, 297.54
2026/08/10 20:40:45.116, 1, 98, 22752, 24576, 314.86
2026/08/10 20:40:45.117, 2, 98, 21754, 24576, 273.09
2026/08/10 20:40:50.118, 0, 100, 13592, 24576, 340.77
2026/08/10 20:40:50.118, 1, 99, 19742, 24576, 326.94
2026/08/10 20:40:50.119, 2, 99, 23142, 24576, 315.49
2026/08/10 20:40:55.120, 0, 100, 24174, 24576, 325.24
2026/08/10 20:40:55.120, 1, 100, 23090, 24576, 286.31
2026/08/10 20:40:55.121, 2, 100, 23178, 24576, 270.75
2026/08/10 20:41:00.122, 0, 94, 24030, 24576, 329.75
2026/08/10 20:41:00.122, 1, 88, 23534, 24576, 295.80
2026/08/10 20:41:00.123, 2, 90, 23234, 24576, 298.84
2026/08/10 20:41:05.124, 0, 89, 24030, 24576, 336.47
2026/08/10 20:41:05.125, 1, 89, 23534, 24576, 305.38
2026/08/10 20:41:05.125, 2, 100, 23234, 24576, 320.94
2026/08/10 20:41:10.126, 0, 81, 24030, 24576, 333.29
2026/08/10 20:41:10.127, 1, 83, 23534, 24576, 326.68
2026/08/10 20:41:10.128, 2, 28, 23234, 24576, 309.55
2026/08/10 20:41:15.129, 0, 85, 24030, 24576, 339.23
2026/08/10 20:41:15.129, 1, 81, 23534, 24576, 307.98
2026/08/10 20:41:15.130, 2, 84, 23234, 24576, 337.57
2026/08/10 20:41:20.131, 0, 98, 17070, 24576, 300.40
2026/08/10 20:41:20.132, 1, 96, 12942, 24576, 274.14
2026/08/10 20:41:20.132, 2, 88, 13038, 24576, 284.41
2026/08/10 20:41:25.133, 0, 98, 13870, 24576, 337.81
2026/08/10 20:41:25.134, 1, 98, 13322, 24576, 297.13
2026/08/10 20:41:25.134, 2, 98, 13462, 24576, 321.99
2026/08/10 20:41:30.135, 0, 92, 23248, 24576, 309.40
2026/08/10 20:41:30.136, 1, 97, 22932, 24576, 303.42
2026/08/10 20:41:30.137, 2, 97, 23854, 24576, 326.82
2026/08/10 20:41:35.137, 0, 100, 21248, 24576, 303.96
2026/08/10 20:41:35.138, 1, 100, 22932, 24576, 285.10
2026/08/10 20:41:35.139, 2, 98, 23854, 24576, 320.52
2026/08/10 20:41:40.140, 0, 96, 23248, 24576, 325.15
2026/08/10 20:41:40.140, 1, 100, 22932, 24576, 301.68
2026/08/10 20:41:40.141, 2, 98, 21654, 24576, 322.37
2026/08/10 20:41:45.142, 0, 83, 23248, 24576, 337.32
2026/08/10 20:41:45.142, 1, 84, 22932, 24576, 315.37
2026/08/10 20:41:45.143, 2, 84, 21654, 24576, 325.08
2026/08/10 20:41:50.144, 0, 84, 23248, 24576, 264.36
2026/08/10 20:41:50.144, 1, 100, 22932, 24576, 266.13
2026/08/10 20:41:50.145, 2, 100, 21654, 24576, 280.82
2026/08/10 20:41:55.146, 0, 98, 16290, 24576, 314.68
2026/08/10 20:41:55.146, 1, 98, 17902, 24576, 301.51
2026/08/10 20:41:55.146, 2, 100, 21654, 24576, 326.40
2026/08/10 20:42:00.147, 0, 100, 23630, 24576, 309.45
2026/08/10 20:42:00.148, 1, 100, 22112, 24576, 297.48
2026/08/10 20:42:00.149, 2, 89, 23194, 24576, 303.70
2026/08/10 20:42:05.149, 0, 89, 22948, 24576, 327.97
2026/08/10 20:42:05.150, 1, 88, 22132, 24576, 314.21
2026/08/10 20:42:05.151, 2, 89, 22812, 24576, 340.21
2026/08/10 20:42:10.152, 0, 89, 22948, 24576, 326.40
2026/08/10 20:42:10.153, 1, 89, 22132, 24576, 310.81
2026/08/10 20:42:10.153, 2, 100, 22812, 24576, 340.24
2026/08/10 20:42:15.154, 0, 82, 22948, 24576, 336.97
2026/08/10 20:42:15.155, 1, 82, 22132, 24576, 307.52
2026/08/10 20:42:15.155, 2, 84, 20592, 24576, 334.15
2026/08/10 20:42:20.156, 0, 83, 22948, 24576, 339.93
2026/08/10 20:42:20.156, 1, 84, 22132, 24576, 312.82
2026/08/10 20:42:20.157, 2, 84, 20592, 24576, 324.67
2026/08/10 20:42:25.158, 0, 97, 13570, 24576, 339.11
2026/08/10 20:42:25.159, 1, 98, 12842, 24576, 322.42
2026/08/10 20:42:25.159, 2, 98, 20592, 24576, 316.30
2026/08/10 20:42:30.160, 0, 73, 13570, 24576, 268.87
2026/08/10 20:42:30.160, 1, 74, 12842, 24576, 264.95
2026/08/10 20:42:30.161, 2, 100, 20592, 24576, 311.11
2026/08/10 20:42:35.162, 0, 95, 24128, 24576, 322.13
2026/08/10 20:42:35.162, 1, 93, 22674, 24576, 316.70
2026/08/10 20:42:35.163, 2, 95, 24016, 24576, 329.75
2026/08/10 20:42:40.164, 0, 100, 24128, 24576, 304.89
2026/08/10 20:42:40.165, 1, 100, 22674, 24576, 292.84
2026/08/10 20:42:40.165, 2, 100, 24016, 24576, 304.81
2026/08/10 20:42:45.166, 0, 60, 21908, 24576, 290.66
2026/08/10 20:42:45.171, 1, 59, 20674, 24576, 290.75
2026/08/10 20:42:45.178, 2, 37, 21796, 24576, 300.95
2026/08/10 20:42:50.179, 0, 85, 21908, 24576, 339.03
2026/08/10 20:42:50.179, 1, 83, 20674, 24576, 306.61
2026/08/10 20:42:50.180, 2, 86, 21796, 24576, 322.54
2026/08/10 20:42:55.181, 0, 100, 23788, 24576, 338.83
2026/08/10 20:42:55.181, 1, 100, 20674, 24576, 308.84
2026/08/10 20:42:55.182, 2, 98, 21796, 24576, 331.68
2026/08/10 20:43:00.183, 0, 99, 13892, 24576, 338.19
2026/08/10 20:43:00.183, 1, 98, 13064, 24576, 302.23
2026/08/10 20:43:00.184, 2, 100, 13342, 24576, 330.65
2026/08/10 20:43:05.185, 0, 100, 23606, 24576, 320.36
2026/08/10 20:43:05.186, 1, 88, 23916, 24576, 314.64
2026/08/10 20:43:05.186, 2, 100, 23394, 24576, 317.85
2026/08/10 20:43:10.187, 0, 89, 23606, 24576, 309.38
2026/08/10 20:43:10.188, 1, 100, 24176, 24576, 317.12
2026/08/10 20:43:10.188, 2, 89, 23394, 24576, 310.55
2026/08/10 20:43:15.189, 0, 100, 23606, 24576, 314.07
2026/08/10 20:43:15.190, 1, 100, 24176, 24576, 317.26
2026/08/10 20:43:15.190, 2, 100, 23394, 24576, 316.73
2026/08/10 20:43:20.191, 0, 83, 23606, 24576, 337.46
2026/08/10 20:43:20.192, 1, 83, 21976, 24576, 317.48
2026/08/10 20:43:20.192, 2, 82, 23394, 24576, 334.32
2026/08/10 20:43:25.193, 0, 82, 23606, 24576, 340.07
2026/08/10 20:43:25.194, 1, 83, 21976, 24576, 307.86
2026/08/10 20:43:25.194, 2, 83, 23394, 24576, 318.23
2026/08/10 20:43:30.195, 0, 98, 23606, 24576, 337.85
2026/08/10 20:43:30.196, 1, 97, 22860, 24576, 318.99
2026/08/10 20:43:30.196, 2, 98, 13022, 24576, 323.09
2026/08/10 20:43:35.197, 0, 100, 23606, 24576, 190.81
2026/08/10 20:43:35.204, 1, 99, 23778, 24576, 314.81
2026/08/10 20:43:35.204, 2, 100, 13022, 24576, 253.41
2026/08/10 20:43:40.205, 0, 87, 23108, 24576, 309.19
2026/08/10 20:43:40.206, 1, 85, 19910, 24576, 295.39
2026/08/10 20:43:40.207, 2, 99, 23514, 24576, 311.27
2026/08/10 20:43:45.207, 0, 88, 23108, 24576, 309.57
2026/08/10 20:43:45.208, 1, 87, 19970, 24576, 293.76
2026/08/10 20:43:45.209, 2, 100, 23514, 24576, 316.53
2026/08/10 20:43:50.209, 0, 81, 23108, 24576, 292.55
2026/08/10 20:43:50.210, 1, 79, 20910, 24576, 303.57
2026/08/10 20:43:50.210, 2, 82, 23514, 24576, 285.69
2026/08/10 20:43:55.211, 0, 84, 23108, 24576, 338.93
2026/08/10 20:43:55.212, 1, 84, 20910, 24576, 313.08
2026/08/10 20:43:55.212, 2, 81, 23514, 24576, 327.27
2026/08/10 20:44:00.213, 0, 98, 17990, 24576, 298.80
2026/08/10 20:44:00.214, 1, 98, 13042, 24576, 285.20
2026/08/10 20:44:00.215, 2, 98, 23514, 24576, 315.51
2026/08/10 20:44:05.216, 0, 98, 13430, 24576, 337.81
2026/08/10 20:44:05.216, 1, 100, 13042, 24576, 301.38
2026/08/10 20:44:05.217, 2, 98, 23514, 24576, 317.44
2026/08/10 20:44:10.218, 0, 89, 23106, 24576, 298.30
2026/08/10 20:44:10.220, 1, 94, 22954, 24576, 297.50
2026/08/10 20:44:10.220, 2, 100, 20712, 24576, 306.00
2026/08/10 20:44:15.221, 0, 88, 23106, 24576, 300.11
2026/08/10 20:44:15.222, 1, 94, 22954, 24576, 305.72
2026/08/10 20:44:15.222, 2, 95, 20712, 24576, 306.55
2026/08/10 20:44:20.223, 0, 29, 23106, 24576, 260.64
2026/08/10 20:44:20.224, 1, 51, 20734, 24576, 274.51
2026/08/10 20:44:20.225, 2, 22, 22932, 24576, 279.38
2026/08/10 20:44:25.226, 0, 84, 23106, 24576, 337.02
2026/08/10 20:44:25.227, 1, 83, 20734, 24576, 305.83
2026/08/10 20:44:25.227, 2, 84, 22932, 24576, 335.35
2026/08/10 20:44:30.231, 0, 98, 23106, 24576, 337.71
2026/08/10 20:44:30.232, 1, 100, 24214, 24576, 296.65
2026/08/10 20:44:30.232, 2, 94, 20592, 24576, 325.35
2026/08/10 20:44:35.233, 0, 98, 23106, 24576, 332.06
2026/08/10 20:44:35.233, 1, 100, 13322, 24576, 304.70
2026/08/10 20:44:35.234, 2, 99, 12862, 24576, 321.26
2026/08/10 20:44:40.235, 0, 96, 21648, 24576, 310.21
2026/08/10 20:44:40.235, 1, 100, 23636, 24576, 306.05
2026/08/10 20:44:40.236, 2, 97, 22132, 24576, 309.69
2026/08/10 20:44:45.236, 0, 100, 21648, 24576, 314.51
2026/08/10 20:44:45.237, 1, 100, 23636, 24576, 314.01
2026/08/10 20:44:45.238, 2, 100, 22132, 24576, 320.74
2026/08/10 20:44:50.238, 0, 100, 21648, 24576, 319.17
2026/08/10 20:44:50.239, 1, 100, 23636, 24576, 313.78
2026/08/10 20:44:50.240, 2, 100, 22132, 24576, 328.52
2026/08/10 20:44:55.241, 0, 81, 23768, 24576, 337.86
2026/08/10 20:44:55.241, 1, 84, 23636, 24576, 310.95
2026/08/10 20:44:55.242, 2, 82, 22132, 24576, 337.16
2026/08/10 20:45:00.243, 0, 98, 23768, 24576, 338.11
2026/08/10 20:45:00.243, 1, 98, 23636, 24576, 318.71
2026/08/10 20:45:00.244, 2, 98, 22132, 24576, 306.87
2026/08/10 20:45:05.245, 0, 100, 16770, 24576, 334.19
2026/08/10 20:45:05.245, 1, 98, 19156, 24576, 322.86
2026/08/10 20:45:05.246, 2, 98, 13022, 24576, 321.04
2026/08/10 20:45:10.246, 0, 100, 22680, 24576, 312.75
2026/08/10 20:45:10.247, 1, 100, 22742, 24576, 225.78
2026/08/10 20:45:10.248, 2, 93, 23068, 24576, 214.60
2026/08/10 20:45:15.249, 0, 100, 23930, 24576, 334.40
2026/08/10 20:45:15.250, 1, 100, 21872, 24576, 319.05
2026/08/10 20:45:15.251, 2, 100, 23894, 24576, 323.11
2026/08/10 20:45:20.252, 0, 91, 23930, 24576, 337.01
2026/08/10 20:45:20.253, 1, 94, 21792, 24576, 312.97
2026/08/10 20:45:20.254, 2, 96, 23534, 24576, 323.29
2026/08/10 20:45:25.255, 0, 81, 23930, 24576, 335.90
2026/08/10 20:45:25.255, 1, 81, 21792, 24576, 331.61
2026/08/10 20:45:25.256, 2, 81, 23534, 24576, 249.26
2026/08/10 20:45:30.256, 0, 86, 23930, 24576, 340.17
2026/08/10 20:45:30.257, 1, 83, 21792, 24576, 312.21
2026/08/10 20:45:30.258, 2, 85, 23534, 24576, 337.69
2026/08/10 20:45:35.258, 0, 98, 14372, 24576, 335.59
2026/08/10 20:45:35.259, 1, 98, 13062, 24576, 288.95
2026/08/10 20:45:35.260, 2, 98, 12982, 24576, 301.48
2026/08/10 20:45:40.260, 0, 69, 14372, 24576, 316.84
2026/08/10 20:45:40.261, 1, 100, 13062, 24576, 300.16
2026/08/10 20:45:40.262, 2, 98, 12982, 24576, 313.74
2026/08/10 20:45:45.263, 0, 100, 23764, 24576, 279.70
2026/08/10 20:45:45.263, 1, 100, 23476, 24576, 294.45
2026/08/10 20:45:45.264, 2, 100, 23276, 24576, 319.33
2026/08/10 20:45:50.266, 0, 95, 22084, 24576, 306.82
2026/08/10 20:45:50.266, 1, 96, 23216, 24576, 311.14
2026/08/10 20:45:50.267, 2, 100, 23016, 24576, 324.68
2026/08/10 20:45:55.268, 0, 88, 22084, 24576, 303.46
2026/08/10 20:45:55.268, 1, 89, 23216, 24576, 310.62
2026/08/10 20:45:55.269, 2, 89, 23016, 24576, 316.31
2026/08/10 20:46:00.269, 0, 84, 22084, 24576, 338.33
2026/08/10 20:46:00.270, 1, 83, 23216, 24576, 309.99
2026/08/10 20:46:00.270, 2, 82, 23016, 24576, 335.73
2026/08/10 20:46:05.271, 0, 98, 22084, 24576, 302.75
2026/08/10 20:46:05.272, 1, 98, 23216, 24576, 292.62
2026/08/10 20:46:05.273, 2, 85, 23016, 24576, 328.94
2026/08/10 20:46:10.273, 0, 98, 13790, 24576, 329.97
2026/08/10 20:46:10.274, 1, 98, 19462, 24576, 277.74
2026/08/10 20:46:10.275, 2, 100, 19742, 24576, 318.43
2026/08/10 20:46:15.276, 0, 100, 23828, 24576, 327.14
2026/08/10 20:46:15.276, 1, 100, 20792, 24576, 312.74
2026/08/10 20:46:15.277, 2, 89, 22814, 24576, 336.11
2026/08/10 20:46:20.278, 0, 88, 23828, 24576, 330.14
2026/08/10 20:46:20.279, 1, 100, 20792, 24576, 312.15
2026/08/10 20:46:20.279, 2, 89, 22814, 24576, 340.39
2026/08/10 20:46:25.280, 0, 88, 23828, 24576, 327.40
2026/08/10 20:46:25.281, 1, 100, 20792, 24576, 313.34
2026/08/10 20:46:25.281, 2, 88, 22814, 24576, 339.89
2026/08/10 20:46:30.282, 0, 82, 23828, 24576, 337.26
2026/08/10 20:46:30.283, 1, 85, 20792, 24576, 309.04
2026/08/10 20:46:30.283, 2, 83, 22814, 24576, 335.18
2026/08/10 20:46:35.284, 0, 86, 23828, 24576, 339.66
2026/08/10 20:46:35.285, 1, 86, 20792, 24576, 308.41
2026/08/10 20:46:35.285, 2, 100, 22814, 24576, 256.63
2026/08/10 20:46:40.286, 0, 98, 16710, 24576, 338.43
2026/08/10 20:46:40.287, 1, 98, 23622, 24576, 310.29
2026/08/10 20:46:40.287, 2, 99, 14262, 24576, 332.64
2026/08/10 20:46:45.289, 0, 100, 13470, 24576, 182.10
2026/08/10 20:46:45.289, 1, 100, 13462, 24576, 306.00
2026/08/10 20:46:45.289, 2, 100, 12858, 24576, 174.16
2026/08/10 20:46:50.290, 0, 94, 21106, 24576, 291.40
2026/08/10 20:46:50.291, 1, 96, 22776, 24576, 312.92
2026/08/10 20:46:50.291, 2, 95, 20892, 24576, 287.72
2026/08/10 20:46:55.292, 0, 100, 23206, 24576, 321.09
2026/08/10 20:46:55.293, 1, 89, 21676, 24576, 309.94
2026/08/10 20:46:55.293, 2, 100, 22912, 24576, 315.81
2026/08/10 20:47:00.294, 0, 100, 23206, 24576, 319.92
2026/08/10 20:47:00.295, 1, 100, 21676, 24576, 305.60
2026/08/10 20:47:00.295, 2, 100, 22912, 24576, 312.94
2026/08/10 20:47:05.296, 0, 85, 23206, 24576, 339.00
2026/08/10 20:47:05.301, 1, 86, 21676, 24576, 308.66
2026/08/10 20:47:05.308, 2, 85, 22912, 24576, 336.57
2026/08/10 20:47:10.309, 0, 100, 23206, 24576, 336.21
2026/08/10 20:47:10.310, 1, 98, 23876, 24576, 331.49
2026/08/10 20:47:10.310, 2, 98, 24252, 24576, 337.22
2026/08/10 20:47:15.311, 0, 100, 13550, 24576, 338.74
2026/08/10 20:47:15.312, 1, 98, 12860, 24576, 311.12
2026/08/10 20:47:15.312, 2, 97, 13938, 24576, 292.10
2026/08/10 20:47:20.313, 0, 91, 23510, 24576, 331.38
2026/08/10 20:47:20.314, 1, 93, 21728, 24576, 306.70
2026/08/10 20:47:20.315, 2, 88, 21852, 24576, 291.55
2026/08/10 20:47:25.316, 0, 92, 23510, 24576, 330.55
2026/08/10 20:47:25.316, 1, 94, 21728, 24576, 305.60
2026/08/10 20:47:25.317, 2, 86, 21852, 24576, 291.32
2026/08/10 20:47:30.318, 0, 94, 23510, 24576, 315.18
2026/08/10 20:47:30.318, 1, 93, 21728, 24576, 301.58
2026/08/10 20:47:30.319, 2, 91, 21852, 24576, 286.71
2026/08/10 20:47:35.319, 0, 83, 23510, 24576, 338.03
2026/08/10 20:47:35.320, 1, 84, 19728, 24576, 316.02
2026/08/10 20:47:35.320, 2, 83, 21852, 24576, 337.34
2026/08/10 20:47:40.321, 0, 100, 23510, 24576, 300.84
2026/08/10 20:47:40.324, 1, 77, 19728, 24576, 312.23
2026/08/10 20:47:40.324, 2, 97, 21852, 24576, 279.86
2026/08/10 20:47:45.325, 0, 98, 13570, 24576, 339.22
2026/08/10 20:47:45.326, 1, 98, 13062, 24576, 306.47
2026/08/10 20:47:45.327, 2, 99, 13002, 24576, 321.61
2026/08/10 20:47:50.328, 0, 95, 13570, 24576, 183.75
2026/08/10 20:47:50.329, 1, 31, 13062, 24576, 286.85
2026/08/10 20:47:50.329, 2, 100, 13002, 24576, 173.96
2026/08/10 20:47:55.330, 0, 100, 21828, 24576, 318.80
2026/08/10 20:47:55.330, 1, 100, 21716, 24576, 302.02
2026/08/10 20:47:55.331, 2, 89, 20794, 24576, 310.89
2026/08/10 20:48:00.332, 0, 92, 21188, 24576, 305.95
2026/08/10 20:48:00.332, 1, 92, 21096, 24576, 302.81
2026/08/10 20:48:00.333, 2, 100, 21274, 24576, 308.90
2026/08/10 20:48:05.334, 0, 83, 21828, 24576, 278.01
2026/08/10 20:48:05.335, 1, 81, 21716, 24576, 289.09
2026/08/10 20:48:05.335, 2, 81, 20794, 24576, 268.61
2026/08/10 20:48:10.336, 0, 84, 21828, 24576, 338.02
2026/08/10 20:48:10.337, 1, 81, 21716, 24576, 302.49
2026/08/10 20:48:10.337, 2, 81, 20794, 24576, 339.56
2026/08/10 20:48:15.339, 0, 100, 15310, 24576, 295.65
2026/08/10 20:48:15.340, 1, 98, 13982, 24576, 276.07
2026/08/10 20:48:15.341, 2, 90, 13922, 24576, 295.33
2026/08/10 20:48:20.342, 0, 98, 13890, 24576, 335.67
2026/08/10 20:48:20.343, 1, 98, 13956, 24576, 307.82
2026/08/10 20:48:20.343, 2, 99, 12878, 24576, 337.07
2026/08/10 20:48:25.344, 0, 97, 23030, 24576, 336.75
2026/08/10 20:48:25.344, 1, 97, 22732, 24576, 302.88
2026/08/10 20:48:25.345, 2, 88, 22912, 24576, 311.12
2026/08/10 20:48:30.346, 0, 100, 24250, 24576, 337.16
2026/08/10 20:48:30.347, 1, 99, 20672, 24576, 298.92
2026/08/10 20:48:30.347, 2, 89, 20872, 24576, 298.74
2026/08/10 20:48:35.348, 0, 95, 24250, 24576, 338.66
2026/08/10 20:48:35.348, 1, 89, 20672, 24576, 296.43
2026/08/10 20:48:35.349, 2, 89, 20872, 24576, 296.59
2026/08/10 20:48:40.353, 0, 85, 22110, 24576, 337.49
2026/08/10 20:48:40.353, 1, 82, 22732, 24576, 300.66
2026/08/10 20:48:40.354, 2, 82, 22912, 24576, 338.42
2026/08/10 20:48:45.355, 0, 98, 22110, 24576, 229.89
2026/08/10 20:48:45.355, 1, 98, 22732, 24576, 310.33
2026/08/10 20:48:45.356, 2, 98, 22912, 24576, 231.16
2026/08/10 20:48:50.357, 0, 98, 23330, 24576, 336.66
2026/08/10 20:48:50.357, 1, 98, 13062, 24576, 306.32
2026/08/10 20:48:50.358, 2, 100, 22912, 24576, 314.69
2026/08/10 20:48:55.358, 0, 86, 17730, 24576, 186.23
2026/08/10 20:48:55.359, 1, 26, 17544, 24576, 283.68
2026/08/10 20:48:55.360, 2, 86, 22912, 24576, 185.46
2026/08/10 20:49:00.361, 0, 100, 23166, 24576, 326.25
2026/08/10 20:49:00.362, 1, 100, 21776, 24576, 303.02
2026/08/10 20:49:00.363, 2, 100, 22012, 24576, 322.40
2026/08/10 20:49:05.364, 0, 89, 23166, 24576, 298.14
2026/08/10 20:49:05.365, 1, 89, 21776, 24576, 301.96
2026/08/10 20:49:05.365, 2, 92, 22012, 24576, 299.01
2026/08/10 20:49:10.366, 0, 81, 23166, 24576, 282.56
2026/08/10 20:49:10.366, 1, 80, 21776, 24576, 289.75
2026/08/10 20:49:10.367, 2, 83, 22012, 24576, 290.45
2026/08/10 20:49:15.368, 0, 82, 23166, 24576, 338.63
2026/08/10 20:49:15.368, 1, 84, 21776, 24576, 306.60
2026/08/10 20:49:15.369, 2, 82, 22012, 24576, 339.10
2026/08/10 20:49:20.369, 0, 98, 23166, 24576, 335.60
2026/08/10 20:49:20.370, 1, 100, 21836, 24576, 300.13
2026/08/10 20:49:20.371, 2, 98, 24012, 24576, 336.77
2026/08/10 20:49:25.372, 0, 97, 23166, 24576, 337.88
2026/08/10 20:49:25.372, 1, 0, 19722, 24576, 249.36
2026/08/10 20:49:25.373, 2, 100, 24224, 24576, 323.72
2026/08/10 20:49:30.374, 0, 100, 23892, 24576, 268.57
2026/08/10 20:49:30.375, 1, 100, 23038, 24576, 309.51
2026/08/10 20:49:30.375, 2, 100, 23258, 24576, 280.39
2026/08/10 20:49:35.376, 0, 100, 22430, 24576, 324.03
2026/08/10 20:49:35.377, 1, 100, 22696, 24576, 312.56
2026/08/10 20:49:35.377, 2, 97, 22596, 24576, 324.50
2026/08/10 20:49:40.378, 0, 100, 23950, 24576, 332.40
2026/08/10 20:49:40.379, 1, 100, 23096, 24576, 317.23
2026/08/10 20:49:40.379, 2, 100, 22996, 24576, 330.70
2026/08/10 20:49:45.380, 0, 84, 23950, 24576, 303.85
2026/08/10 20:49:45.381, 1, 80, 23096, 24576, 296.09
2026/08/10 20:49:45.381, 2, 82, 22996, 24576, 306.22
2026/08/10 20:49:50.382, 0, 84, 23950, 24576, 339.68
2026/08/10 20:49:50.383, 1, 83, 23096, 24576, 311.25
2026/08/10 20:49:50.383, 2, 84, 22996, 24576, 338.82
2026/08/10 20:49:55.384, 0, 98, 14370, 24576, 302.55
2026/08/10 20:49:55.385, 1, 98, 13660, 24576, 298.36
2026/08/10 20:49:55.385, 2, 100, 22996, 24576, 310.73
2026/08/10 20:50:00.387, 0, 98, 14370, 24576, 341.18
2026/08/10 20:50:00.387, 1, 100, 13636, 24576, 321.31
2026/08/10 20:50:00.388, 2, 98, 22996, 24576, 311.39
2026/08/10 20:50:05.389, 0, 100, 23468, 24576, 329.74
2026/08/10 20:50:05.389, 1, 100, 19930, 24576, 318.35
2026/08/10 20:50:05.390, 2, 100, 20612, 24576, 311.92
2026/08/10 20:50:10.391, 0, 83, 23468, 24576, 330.29
2026/08/10 20:50:10.391, 1, 86, 20830, 24576, 316.66
2026/08/10 20:50:10.392, 2, 88, 20952, 24576, 310.54
2026/08/10 20:50:15.392, 0, 82, 23468, 24576, 257.45
2026/08/10 20:50:15.393, 1, 81, 19930, 24576, 300.89
2026/08/10 20:50:15.394, 2, 84, 22692, 24576, 280.32
2026/08/10 20:50:20.394, 0, 83, 23468, 24576, 340.16
2026/08/10 20:50:20.395, 1, 82, 19930, 24576, 314.12
2026/08/10 20:50:20.396, 2, 84, 22692, 24576, 326.81
2026/08/10 20:50:25.397, 0, 98, 23468, 24576, 338.93
2026/08/10 20:50:25.398, 1, 98, 12902, 24576, 286.29
2026/08/10 20:50:25.398, 2, 100, 14122, 24576, 282.43
2026/08/10 20:50:30.399, 0, 100, 23468, 24576, 264.05
2026/08/10 20:50:30.400, 1, 98, 13282, 24576, 302.73
2026/08/10 20:50:30.400, 2, 98, 13022, 24576, 318.51
2026/08/10 20:50:35.401, 0, 88, 22024, 24576, 304.49
2026/08/10 20:50:35.403, 1, 88, 23012, 24576, 316.36
2026/08/10 20:50:35.404, 2, 89, 23936, 24576, 309.74
2026/08/10 20:50:40.405, 0, 89, 22024, 24576, 311.43
2026/08/10 20:50:40.406, 1, 87, 23012, 24576, 313.36
2026/08/10 20:50:40.406, 2, 89, 23936, 24576, 338.85
2026/08/10 20:50:45.407, 0, 89, 22024, 24576, 308.48
2026/08/10 20:50:45.408, 1, 88, 23012, 24576, 311.70
2026/08/10 20:50:45.408, 2, 89, 23936, 24576, 334.43
2026/08/10 20:50:50.410, 0, 85, 22024, 24576, 338.47
2026/08/10 20:50:50.410, 1, 82, 23012, 24576, 314.13
2026/08/10 20:50:50.411, 2, 85, 21776, 24576, 320.59
2026/08/10 20:50:55.412, 0, 100, 22024, 24576, 228.03
2026/08/10 20:50:55.413, 1, 100, 23012, 24576, 310.12
2026/08/10 20:50:55.413, 2, 98, 21776, 24576, 280.45
2026/08/10 20:51:00.414, 0, 98, 22024, 24576, 339.17
2026/08/10 20:51:00.415, 1, 100, 13042, 24576, 304.38
2026/08/10 20:51:00.415, 2, 98, 13042, 24576, 323.93
2026/08/10 20:51:05.416, 0, 100, 22684, 24576, 333.59
2026/08/10 20:51:05.417, 1, 100, 21374, 24576, 306.90
2026/08/10 20:51:05.417, 2, 100, 20754, 24576, 319.83
2026/08/10 20:51:10.418, 0, 88, 22684, 24576, 342.25
2026/08/10 20:51:10.419, 1, 100, 21374, 24576, 310.20
2026/08/10 20:51:10.419, 2, 100, 20754, 24576, 315.67
2026/08/10 20:51:15.420, 0, 100, 22684, 24576, 326.27
2026/08/10 20:51:15.420, 1, 88, 21374, 24576, 305.44
2026/08/10 20:51:15.421, 2, 88, 21114, 24576, 313.86
2026/08/10 20:51:20.423, 0, 85, 22684, 24576, 338.87
2026/08/10 20:51:20.423, 1, 84, 21374, 24576, 306.43
2026/08/10 20:51:20.424, 2, 85, 20754, 24576, 322.12
2026/08/10 20:51:25.425, 0, 100, 22684, 24576, 249.36
2026/08/10 20:51:25.425, 1, 100, 21374, 24576, 256.04
2026/08/10 20:51:25.426, 2, 85, 20754, 24576, 313.34
2026/08/10 20:51:30.427, 0, 98, 19950, 24576, 339.36
2026/08/10 20:51:30.427, 1, 86, 14216, 24576, 284.36
2026/08/10 20:51:30.428, 2, 98, 20754, 24576, 317.17
2026/08/10 20:51:35.428, 0, 91, 23066, 24576, 230.42
2026/08/10 20:51:35.429, 1, 90, 20670, 24576, 258.90
2026/08/10 20:51:35.430, 2, 93, 23314, 24576, 246.36
2026/08/10 20:51:40.431, 0, 95, 23128, 24576, 310.78
2026/08/10 20:51:40.431, 1, 91, 20734, 24576, 303.42
2026/08/10 20:51:40.432, 2, 92, 22954, 24576, 312.24
2026/08/10 20:51:45.433, 0, 95, 23128, 24576, 309.16
2026/08/10 20:51:45.433, 1, 94, 20734, 24576, 300.58
2026/08/10 20:51:45.434, 2, 93, 22954, 24576, 314.21
2026/08/10 20:51:50.435, 0, 84, 23128, 24576, 337.44
2026/08/10 20:51:50.436, 1, 82, 22734, 24576, 322.12
2026/08/10 20:51:50.436, 2, 84, 22954, 24576, 335.92
2026/08/10 20:51:55.437, 0, 86, 23128, 24576, 340.48
2026/08/10 20:51:55.437, 1, 85, 22734, 24576, 302.96
2026/08/10 20:51:55.438, 2, 86, 22954, 24576, 325.07
2026/08/10 20:52:00.439, 0, 98, 13470, 24576, 322.23
2026/08/10 20:52:00.440, 1, 98, 22734, 24576, 312.02
2026/08/10 20:52:00.440, 2, 98, 14022, 24576, 321.96
2026/08/10 20:52:05.441, 0, 92, 23162, 24576, 236.96
2026/08/10 20:52:05.442, 1, 88, 23374, 24576, 231.06
2026/08/10 20:52:05.442, 2, 68, 23326, 24576, 300.30
2026/08/10 20:52:10.444, 0, 95, 23566, 24576, 310.72
2026/08/10 20:52:10.444, 1, 85, 20950, 24576, 295.74
2026/08/10 20:52:10.446, 2, 97, 20874, 24576, 314.67
2026/08/10 20:52:15.447, 0, 100, 23566, 24576, 324.83
2026/08/10 20:52:15.448, 1, 86, 20950, 24576, 293.89
2026/08/10 20:52:15.448, 2, 91, 20874, 24576, 312.64
2026/08/10 20:52:20.449, 0, 81, 21486, 24576, 336.71
2026/08/10 20:52:20.449, 1, 79, 20950, 24576, 319.38
2026/08/10 20:52:20.450, 2, 81, 22974, 24576, 330.34
2026/08/10 20:52:25.450, 0, 84, 21486, 24576, 339.23
2026/08/10 20:52:25.451, 1, 81, 20950, 24576, 310.47
2026/08/10 20:52:25.452, 2, 85, 22974, 24576, 328.20
2026/08/10 20:52:30.452, 0, 88, 13230, 24576, 302.61
2026/08/10 20:52:30.453, 1, 97, 13222, 24576, 319.25
2026/08/10 20:52:30.454, 2, 98, 19902, 24576, 323.90
2026/08/10 20:52:35.455, 0, 44, 14650, 24576, 286.60
2026/08/10 20:52:35.455, 1, 100, 13222, 24576, 239.81
2026/08/10 20:52:35.456, 2, 89, 14198, 24576, 295.98
2026/08/10 20:52:40.457, 0, 100, 23726, 24576, 340.95
2026/08/10 20:52:40.457, 1, 100, 23134, 24576, 310.85
2026/08/10 20:52:40.458, 2, 100, 22612, 24576, 323.05
2026/08/10 20:52:45.459, 0, 97, 22426, 24576, 332.85
2026/08/10 20:52:45.459, 1, 97, 23134, 24576, 303.49
2026/08/10 20:52:45.460, 2, 89, 22512, 24576, 332.57
2026/08/10 20:52:50.461, 0, 82, 23726, 24576, 336.97
2026/08/10 20:52:50.462, 1, 81, 23134, 24576, 315.64
2026/08/10 20:52:50.462, 2, 82, 22612, 24576, 337.22
2026/08/10 20:52:55.463, 0, 80, 23726, 24576, 338.93
2026/08/10 20:52:55.464, 1, 84, 23134, 24576, 307.35
2026/08/10 20:52:55.464, 2, 84, 22612, 24576, 322.66
2026/08/10 20:53:00.465, 0, 98, 14470, 24576, 337.12
2026/08/10 20:53:00.465, 1, 98, 13982, 24576, 310.30
2026/08/10 20:53:00.466, 2, 98, 14022, 24576, 302.59
2026/08/10 20:53:05.471, 0, 88, 22578, 24576, 246.91
2026/08/10 20:53:05.471, 1, 61, 22484, 24576, 292.37
2026/08/10 20:53:05.472, 2, 89, 21822, 24576, 236.78
2026/08/10 20:53:10.483, 0, 97, 21866, 24576, 323.49
2026/08/10 20:53:10.484, 1, 95, 21894, 24576, 308.05
2026/08/10 20:53:10.485, 2, 94, 21930, 24576, 312.41
2026/08/10 20:53:15.486, 0, 86, 23306, 24576, 308.89
2026/08/10 20:53:15.486, 1, 84, 20794, 24576, 298.90
2026/08/10 20:53:15.487, 2, 88, 20450, 24576, 299.94
2026/08/10 20:53:20.488, 0, 83, 23306, 24576, 335.84
2026/08/10 20:53:20.489, 1, 81, 22854, 24576, 316.36
2026/08/10 20:53:20.489, 2, 82, 22550, 24576, 336.60
2026/08/10 20:53:25.490, 0, 84, 23306, 24576, 338.61
2026/08/10 20:53:25.490, 1, 82, 22854, 24576, 307.54
2026/08/10 20:53:25.491, 2, 85, 22550, 24576, 326.86
2026/08/10 20:53:30.492, 0, 98, 13490, 24576, 337.05
2026/08/10 20:53:30.492, 1, 98, 22854, 24576, 298.02
2026/08/10 20:53:30.493, 2, 100, 13002, 24576, 318.90
2026/08/10 20:53:35.494, 0, 100, 23174, 24576, 289.98
2026/08/10 20:53:35.495, 1, 100, 20496, 24576, 264.75
2026/08/10 20:53:35.496, 2, 100, 22998, 24576, 316.52
2026/08/10 20:53:40.497, 0, 88, 23566, 24576, 333.04
2026/08/10 20:53:40.497, 1, 100, 20552, 24576, 297.52
2026/08/10 20:53:40.498, 2, 89, 23054, 24576, 340.35
2026/08/10 20:53:45.499, 0, 89, 23566, 24576, 337.14
2026/08/10 20:53:45.500, 1, 88, 20552, 24576, 295.07
2026/08/10 20:53:45.500, 2, 89, 23054, 24576, 337.51
2026/08/10 20:53:50.501, 0, 81, 21466, 24576, 336.20
2026/08/10 20:53:50.502, 1, 16, 22592, 24576, 292.20
2026/08/10 20:53:50.502, 2, 2, 20874, 24576, 249.96
2026/08/10 20:53:55.503, 0, 82, 21466, 24576, 309.81
2026/08/10 20:53:55.504, 1, 80, 22592, 24576, 302.50
2026/08/10 20:53:55.504, 2, 82, 20874, 24576, 324.46
2026/08/10 20:54:00.505, 0, 98, 23070, 24576, 337.76
2026/08/10 20:54:00.506, 1, 97, 14062, 24576, 308.72
2026/08/10 20:54:00.506, 2, 98, 24126, 24576, 327.85
2026/08/10 20:54:05.507, 0, 98, 24070, 24576, 337.52
2026/08/10 20:54:05.508, 1, 42, 14036, 24576, 280.76
2026/08/10 20:54:05.508, 2, 52, 13342, 24576, 293.83
2026/08/10 20:54:10.509, 0, 97, 23108, 24576, 330.20
2026/08/10 20:54:10.510, 1, 97, 22792, 24576, 315.11
2026/08/10 20:54:10.511, 2, 100, 23334, 24576, 300.12
2026/08/10 20:54:15.512, 0, 95, 23568, 24576, 316.18
2026/08/10 20:54:15.512, 1, 94, 23152, 24576, 300.29
2026/08/10 20:54:15.513, 2, 96, 23334, 24576, 313.18
2026/08/10 20:54:20.514, 0, 81, 23568, 24576, 309.08
2026/08/10 20:54:20.514, 1, 82, 23152, 24576, 305.81
2026/08/10 20:54:20.515, 2, 82, 23334, 24576, 302.97
2026/08/10 20:54:25.515, 0, 80, 23568, 24576, 337.73
2026/08/10 20:54:25.516, 1, 84, 23152, 24576, 310.55
2026/08/10 20:54:25.517, 2, 81, 23334, 24576, 323.64
2026/08/10 20:54:30.517, 0, 90, 14430, 24576, 248.12
2026/08/10 20:54:30.519, 1, 100, 23152, 24576, 294.82
2026/08/10 20:54:30.519, 2, 100, 14922, 24576, 284.84
2026/08/10 20:54:35.520, 0, 98, 14470, 24576, 318.93
2026/08/10 20:54:35.521, 1, 97, 23152, 24576, 297.23
2026/08/10 20:54:35.521, 2, 99, 13462, 24576, 320.18
2026/08/10 20:54:40.522, 0, 86, 23528, 24576, 312.72
2026/08/10 20:54:40.523, 1, 90, 23336, 24576, 320.01
2026/08/10 20:54:40.523, 2, 92, 23156, 24576, 316.54
2026/08/10 20:54:45.524, 0, 89, 23528, 24576, 318.02
2026/08/10 20:54:45.525, 1, 82, 23336, 24576, 301.93
2026/08/10 20:54:45.525, 2, 89, 23156, 24576, 325.39
2026/08/10 20:54:50.526, 0, 94, 23528, 24576, 288.86
2026/08/10 20:54:50.527, 1, 92, 23336, 24576, 283.04
2026/08/10 20:54:50.527, 2, 89, 23156, 24576, 294.74
2026/08/10 20:54:55.528, 0, 82, 23528, 24576, 337.57
2026/08/10 20:54:55.529, 1, 82, 23336, 24576, 314.36
2026/08/10 20:54:55.529, 2, 84, 23156, 24576, 327.38
2026/08/10 20:55:00.530, 0, 83, 23528, 24576, 340.74
2026/08/10 20:55:00.530, 1, 80, 23336, 24576, 312.28
2026/08/10 20:55:00.531, 2, 83, 23156, 24576, 317.75
2026/08/10 20:55:05.532, 0, 98, 13532, 24576, 340.09
2026/08/10 20:55:05.533, 1, 98, 13982, 24576, 316.61
2026/08/10 20:55:05.533, 2, 98, 13062, 24576, 308.65
2026/08/10 20:55:10.534, 0, 100, 13532, 24576, 181.45
2026/08/10 20:55:10.535, 1, 100, 13958, 24576, 236.22
2026/08/10 20:55:10.535, 2, 98, 13062, 24576, 314.58
2026/08/10 20:55:15.536, 0, 95, 23888, 24576, 321.72
2026/08/10 20:55:15.536, 1, 90, 23134, 24576, 306.11
2026/08/10 20:55:15.537, 2, 95, 23916, 24576, 336.30
2026/08/10 20:55:20.538, 0, 100, 23888, 24576, 300.67
2026/08/10 20:55:20.539, 1, 100, 21154, 24576, 308.91
2026/08/10 20:55:20.539, 2, 100, 23916, 24576, 318.83
2026/08/10 20:55:25.540, 0, 84, 21728, 24576, 286.38
2026/08/10 20:55:25.541, 1, 81, 23134, 24576, 298.86
2026/08/10 20:55:25.542, 2, 62, 21716, 24576, 300.94
2026/08/10 20:55:30.543, 0, 82, 21728, 24576, 340.05
2026/08/10 20:55:30.543, 1, 81, 23134, 24576, 307.82
2026/08/10 20:55:30.544, 2, 81, 21716, 24576, 321.73
2026/08/10 20:55:35.545, 0, 98, 19548, 24576, 333.27
2026/08/10 20:55:35.545, 1, 98, 24254, 24576, 317.65
2026/08/10 20:55:35.546, 2, 98, 23916, 24576, 313.75
2026/08/10 20:55:40.547, 0, 98, 13570, 24576, 337.58
2026/08/10 20:55:40.547, 1, 98, 18660, 24576, 304.14
2026/08/10 20:55:40.548, 2, 100, 13938, 24576, 285.03
2026/08/10 20:55:45.549, 0, 100, 21848, 24576, 318.49
2026/08/10 20:55:45.549, 1, 100, 19790, 24576, 300.38
2026/08/10 20:55:45.550, 2, 100, 23034, 24576, 338.72
2026/08/10 20:55:50.551, 0, 100, 21848, 24576, 318.96
2026/08/10 20:55:50.551, 1, 100, 19790, 24576, 290.14
2026/08/10 20:55:50.552, 2, 87, 23034, 24576, 338.41
2026/08/10 20:55:55.552, 0, 100, 21848, 24576, 307.38
2026/08/10 20:55:55.553, 1, 100, 19790, 24576, 294.61
2026/08/10 20:55:55.554, 2, 89, 23034, 24576, 310.47
2026/08/10 20:56:00.555, 0, 82, 21848, 24576, 338.34
2026/08/10 20:56:00.555, 1, 81, 19790, 24576, 317.49
2026/08/10 20:56:00.556, 2, 84, 23034, 24576, 322.44
2026/08/10 20:56:05.557, 0, 100, 23968, 24576, 336.75
2026/08/10 20:56:05.558, 1, 98, 19310, 24576, 302.07
2026/08/10 20:56:05.558, 2, 100, 23034, 24576, 300.11
2026/08/10 20:56:10.559, 0, 98, 13530, 24576, 335.66
2026/08/10 20:56:10.559, 1, 100, 13022, 24576, 298.00
2026/08/10 20:56:10.560, 2, 98, 23034, 24576, 310.74
2026/08/10 20:56:15.561, 0, 100, 23528, 24576, 328.96
2026/08/10 20:56:15.564, 1, 100, 22592, 24576, 309.31
2026/08/10 20:56:15.565, 2, 95, 23034, 24576, 317.83
2026/08/10 20:56:20.566, 0, 87, 23528, 24576, 319.84
2026/08/10 20:56:20.566, 1, 94, 22592, 24576, 313.75
2026/08/10 20:56:20.569, 2, 97, 23034, 24576, 288.95
2026/08/10 20:56:25.570, 0, 94, 23528, 24576, 328.48
2026/08/10 20:56:25.571, 1, 100, 20752, 24576, 301.09
2026/08/10 20:56:25.571, 2, 85, 23034, 24576, 312.01
2026/08/10 20:56:30.572, 0, 83, 23528, 24576, 336.78
2026/08/10 20:56:30.573, 1, 81, 20392, 24576, 318.89
2026/08/10 20:56:30.573, 2, 81, 23034, 24576, 336.30
2026/08/10 20:56:35.574, 0, 79, 23528, 24576, 338.83
2026/08/10 20:56:35.575, 1, 98, 20392, 24576, 262.64
2026/08/10 20:56:35.575, 2, 100, 23034, 24576, 255.34
2026/08/10 20:56:40.576, 0, 98, 23528, 24576, 328.69
2026/08/10 20:56:40.576, 1, 98, 12862, 24576, 303.60
2026/08/10 20:56:40.577, 2, 98, 15960, 24576, 288.02
2026/08/10 20:56:45.578, 0, 87, 23226, 24576, 310.87
2026/08/10 20:56:45.578, 1, 93, 22212, 24576, 251.22
2026/08/10 20:56:45.579, 2, 91, 20610, 24576, 221.12
2026/08/10 20:56:50.580, 0, 96, 22450, 24576, 333.77
2026/08/10 20:56:50.581, 1, 96, 22612, 24576, 289.76
2026/08/10 20:56:50.581, 2, 100, 22534, 24576, 321.07
2026/08/10 20:56:55.582, 0, 89, 23290, 24576, 330.20
2026/08/10 20:56:55.583, 1, 87, 20592, 24576, 299.51
2026/08/10 20:56:55.583, 2, 86, 22674, 24576, 333.07
2026/08/10 20:57:00.584, 0, 81, 23290, 24576, 328.98
2026/08/10 20:57:00.584, 1, 81, 20592, 24576, 323.05
2026/08/10 20:57:00.585, 2, 81, 22674, 24576, 330.71
2026/08/10 20:57:05.586, 0, 85, 23290, 24576, 336.59
2026/08/10 20:57:05.587, 1, 84, 20592, 24576, 306.17
2026/08/10 20:57:05.587, 2, 82, 22674, 24576, 337.84
2026/08/10 20:57:10.588, 0, 98, 22430, 24576, 339.75
2026/08/10 20:57:10.589, 1, 98, 20592, 24576, 276.90
2026/08/10 20:57:10.589, 2, 98, 13002, 24576, 337.47
2026/08/10 20:57:15.592, 0, 98, 13490, 24576, 335.77
2026/08/10 20:57:15.593, 1, 54, 20592, 24576, 260.77
2026/08/10 20:57:15.593, 2, 88, 13002, 24576, 314.69
2026/08/10 20:57:20.594, 0, 100, 23868, 24576, 342.57
2026/08/10 20:57:20.595, 1, 100, 21232, 24576, 316.54
2026/08/10 20:57:20.595, 2, 100, 20874, 24576, 313.15
2026/08/10 20:57:25.596, 0, 91, 23868, 24576, 338.69
2026/08/10 20:57:25.597, 1, 100, 21232, 24576, 316.52
2026/08/10 20:57:25.600, 2, 100, 20874, 24576, 310.96
2026/08/10 20:57:30.601, 0, 78, 23868, 24576, 331.95
2026/08/10 20:57:30.602, 1, 82, 21232, 24576, 324.12
2026/08/10 20:57:30.602, 2, 81, 20874, 24576, 326.86
2026/08/10 20:57:35.603, 0, 85, 23868, 24576, 337.09
2026/08/10 20:57:35.604, 1, 83, 21232, 24576, 303.13
2026/08/10 20:57:35.605, 2, 82, 20874, 24576, 323.37
2026/08/10 20:57:40.606, 0, 100, 13590, 24576, 297.78
2026/08/10 20:57:40.606, 1, 98, 21232, 24576, 301.71
2026/08/10 20:57:40.607, 2, 98, 20874, 24576, 311.44
2026/08/10 20:57:45.607, 0, 100, 13590, 24576, 335.08
2026/08/10 20:57:45.608, 1, 98, 21232, 24576, 298.75
2026/08/10 20:57:45.608, 2, 100, 20874, 24576, 267.94
2026/08/10 20:57:50.609, 0, 93, 23390, 24576, 331.24
2026/08/10 20:57:50.610, 1, 87, 23516, 24576, 306.48
2026/08/10 20:57:50.610, 2, 85, 21132, 24576, 292.53
2026/08/10 20:57:55.611, 0, 100, 22790, 24576, 334.39
2026/08/10 20:57:55.612, 1, 100, 23256, 24576, 313.37
2026/08/10 20:57:55.612, 2, 96, 22952, 24576, 306.99
2026/08/10 20:58:00.613, 0, 89, 23390, 24576, 336.65
2026/08/10 20:58:00.614, 1, 85, 23516, 24576, 310.44
2026/08/10 20:58:00.614, 2, 89, 21872, 24576, 314.60
2026/08/10 20:58:05.615, 0, 84, 23390, 24576, 335.65
2026/08/10 20:58:05.616, 1, 0, 23516, 24576, 279.38
2026/08/10 20:58:05.617, 2, 84, 21132, 24576, 337.30
2026/08/10 20:58:10.618, 0, 98, 23390, 24576, 287.77
2026/08/10 20:58:10.619, 1, 100, 23516, 24576, 306.61
2026/08/10 20:58:10.619, 2, 98, 21132, 24576, 335.18
2026/08/10 20:58:15.620, 0, 100, 13730, 24576, 336.26
2026/08/10 20:58:15.621, 1, 98, 12862, 24576, 302.14
2026/08/10 20:58:15.621, 2, 98, 13282, 24576, 321.98
2026/08/10 20:58:20.622, 0, 100, 23488, 24576, 327.15
2026/08/10 20:58:20.623, 1, 100, 22012, 24576, 312.98
2026/08/10 20:58:20.623, 2, 98, 22872, 24576, 320.31
2026/08/10 20:58:25.624, 0, 100, 23488, 24576, 340.71
2026/08/10 20:58:25.625, 1, 100, 20692, 24576, 312.70
2026/08/10 20:58:25.625, 2, 100, 22872, 24576, 341.77
2026/08/10 20:58:30.627, 0, 18, 23488, 24576, 287.37
2026/08/10 20:58:30.627, 1, 23, 20692, 24576, 272.55
2026/08/10 20:58:30.628, 2, 21, 22872, 24576, 289.63
2026/08/10 20:58:35.629, 0, 82, 23488, 24576, 336.25
2026/08/10 20:58:35.629, 1, 82, 20692, 24576, 311.85
2026/08/10 20:58:35.630, 2, 83, 22872, 24576, 322.92
2026/08/10 20:58:40.631, 0, 100, 23488, 24576, 335.05
2026/08/10 20:58:40.631, 1, 100, 20092, 24576, 294.43
2026/08/10 20:58:40.632, 2, 98, 23952, 24576, 328.93
2026/08/10 20:58:45.633, 0, 97, 23488, 24576, 335.52
2026/08/10 20:58:45.633, 1, 98, 13976, 24576, 275.64
2026/08/10 20:58:45.634, 2, 87, 12798, 24576, 293.15
2026/08/10 20:58:50.635, 0, 85, 23488, 24576, 320.08
2026/08/10 20:58:50.636, 1, 89, 20390, 24576, 299.79
2026/08/10 20:58:50.636, 2, 89, 22294, 24576, 325.15
2026/08/10 20:58:55.637, 0, 88, 23488, 24576, 320.84
2026/08/10 20:58:55.638, 1, 96, 20390, 24576, 292.54
2026/08/10 20:58:55.638, 2, 93, 22294, 24576, 322.75
2026/08/10 20:59:00.639, 0, 88, 23488, 24576, 319.13
2026/08/10 20:59:00.641, 1, 100, 20390, 24576, 295.98
2026/08/10 20:59:00.642, 2, 100, 22294, 24576, 326.33
2026/08/10 20:59:05.642, 0, 81, 23488, 24576, 338.23
2026/08/10 20:59:05.643, 1, 81, 22470, 24576, 314.87
2026/08/10 20:59:05.643, 2, 80, 22294, 24576, 328.24
2026/08/10 20:59:10.644, 0, 98, 23488, 24576, 336.91
2026/08/10 20:59:10.645, 1, 98, 22470, 24576, 290.51
2026/08/10 20:59:10.645, 2, 98, 22294, 24576, 309.74
2026/08/10 20:59:15.646, 0, 100, 13530, 24576, 335.95
2026/08/10 20:59:15.647, 1, 98, 22470, 24576, 295.95
2026/08/10 20:59:15.648, 2, 98, 23142, 24576, 318.55
2026/08/10 20:59:20.648, 0, 97, 24010, 24576, 329.85
2026/08/10 20:59:20.649, 1, 97, 23414, 24576, 309.65
2026/08/10 20:59:20.650, 2, 94, 22934, 24576, 318.65
2026/08/10 20:59:25.651, 0, 100, 24010, 24576, 329.18
2026/08/10 20:59:25.651, 1, 100, 20354, 24576, 310.86
2026/08/10 20:59:25.652, 2, 96, 22934, 24576, 303.45
2026/08/10 20:59:30.653, 0, 100, 24010, 24576, 338.31
2026/08/10 20:59:30.654, 1, 90, 22394, 24576, 313.90
2026/08/10 20:59:30.654, 2, 100, 22934, 24576, 306.88
2026/08/10 20:59:35.655, 0, 82, 24010, 24576, 336.04
2026/08/10 20:59:35.655, 1, 81, 23414, 24576, 318.86
2026/08/10 20:59:35.656, 2, 82, 22934, 24576, 337.35
2026/08/10 20:59:40.657, 0, 84, 24010, 24576, 339.46
2026/08/10 20:59:40.658, 1, 81, 23414, 24576, 309.47
2026/08/10 20:59:40.658, 2, 85, 22934, 24576, 332.24
2026/08/10 20:59:45.659, 0, 98, 13450, 24576, 299.06
2026/08/10 20:59:45.659, 1, 98, 13022, 24576, 307.92
2026/08/10 20:59:45.660, 2, 98, 15882, 24576, 286.64
2026/08/10 20:59:50.661, 0, 91, 22646, 24576, 239.15
2026/08/10 20:59:50.661, 1, 90, 23114, 24576, 252.30
2026/08/10 20:59:50.662, 2, 87, 22948, 24576, 303.23
2026/08/10 20:59:55.663, 0, 95, 23086, 24576, 295.94
2026/08/10 20:59:55.664, 1, 93, 23174, 24576, 294.04
2026/08/10 20:59:55.664, 2, 93, 23012, 24576, 303.97
2026/08/10 21:00:00.665, 0, 93, 23086, 24576, 294.53
2026/08/10 21:00:00.666, 1, 94, 23174, 24576, 304.93
2026/08/10 21:00:00.666, 2, 92, 23012, 24576, 294.72
2026/08/10 21:00:05.667, 0, 82, 23086, 24576, 336.42
2026/08/10 21:00:05.668, 1, 82, 20994, 24576, 316.91
2026/08/10 21:00:05.668, 2, 80, 23012, 24576, 335.90
2026/08/10 21:00:10.669, 0, 81, 23086, 24576, 337.12
2026/08/10 21:00:10.670, 1, 82, 20994, 24576, 299.76
2026/08/10 21:00:10.670, 2, 79, 23012, 24576, 323.51
2026/08/10 21:00:15.671, 0, 98, 13550, 24576, 335.23
2026/08/10 21:00:15.672, 1, 98, 12902, 24576, 324.37
2026/08/10 21:00:15.672, 2, 98, 13062, 24576, 332.48
2026/08/10 21:00:20.673, 0, 98, 13550, 24576, 336.54
2026/08/10 21:00:20.674, 1, 100, 12902, 24576, 257.82
2026/08/10 21:00:20.674, 2, 86, 13062, 24576, 301.82
2026/08/10 21:00:25.675, 0, 100, 23950, 24576, 339.00
2026/08/10 21:00:25.676, 1, 100, 22372, 24576, 309.83
2026/08/10 21:00:25.676, 2, 100, 23714, 24576, 337.87
2026/08/10 21:00:30.677, 0, 96, 23950, 24576, 338.82
2026/08/10 21:00:30.677, 1, 100, 22372, 24576, 312.41
2026/08/10 21:00:30.678, 2, 100, 23714, 24576, 343.44
2026/08/10 21:00:35.679, 0, 21, 23950, 24576, 284.15
2026/08/10 21:00:35.679, 1, 16, 22372, 24576, 266.27
2026/08/10 21:00:35.680, 2, 24, 21514, 24576, 274.35
2026/08/10 21:00:40.681, 0, 82, 23950, 24576, 338.08
2026/08/10 21:00:40.682, 1, 81, 22372, 24576, 308.70
2026/08/10 21:00:40.682, 2, 81, 21514, 24576, 317.32
2026/08/10 21:00:45.683, 0, 100, 17330, 24576, 300.05
2026/08/10 21:00:45.683, 1, 92, 12816, 24576, 272.09
2026/08/10 21:00:45.688, 2, 97, 15900, 24576, 286.70
2026/08/10 21:00:50.689, 0, 100, 21110, 24576, 322.21
2026/08/10 21:00:50.689, 1, 98, 14456, 24576, 285.32
2026/08/10 21:00:50.690, 2, 99, 19582, 24576, 311.42
2026/08/10 21:00:55.691, 0, 93, 23106, 24576, 305.42
2026/08/10 21:00:55.691, 1, 90, 22614, 24576, 301.86
2026/08/10 21:00:55.692, 2, 100, 20290, 24576, 307.23
2026/08/10 21:01:00.693, 0, 94, 23106, 24576, 305.28
2026/08/10 21:01:00.693, 1, 92, 22614, 24576, 299.76
2026/08/10 21:01:00.694, 2, 100, 20290, 24576, 304.76
2026/08/10 21:01:05.695, 0, 94, 23106, 24576, 304.54
2026/08/10 21:01:05.695, 1, 93, 20374, 24576, 304.01
2026/08/10 21:01:05.696, 2, 100, 21010, 24576, 308.97
2026/08/10 21:01:10.697, 0, 80, 23106, 24576, 337.73
2026/08/10 21:01:10.697, 1, 82, 22994, 24576, 308.42
2026/08/10 21:01:10.698, 2, 80, 20470, 24576, 337.22
2026/08/10 21:01:15.699, 0, 100, 23106, 24576, 339.71
2026/08/10 21:01:15.700, 1, 100, 22994, 24576, 305.98
2026/08/10 21:01:15.701, 2, 98, 22830, 24576, 332.42
2026/08/10 21:01:20.701, 0, 91, 14370, 24576, 300.81
2026/08/10 21:01:20.702, 1, 100, 22994, 24576, 290.52
2026/08/10 21:01:20.702, 2, 89, 13978, 24576, 284.04
2026/08/10 21:01:25.703, 0, 100, 22946, 24576, 338.05
2026/08/10 21:01:25.704, 1, 100, 22552, 24576, 316.88
2026/08/10 21:01:25.704, 2, 100, 22632, 24576, 325.20
2026/08/10 21:01:30.705, 0, 96, 22526, 24576, 336.77
2026/08/10 21:01:30.706, 1, 96, 22492, 24576, 316.55
2026/08/10 21:01:30.707, 2, 93, 22632, 24576, 326.52
2026/08/10 21:01:35.712, 0, 91, 22946, 24576, 290.30
2026/08/10 21:01:35.712, 1, 89, 22552, 24576, 282.19
2026/08/10 21:01:35.713, 2, 82, 22632, 24576, 294.59
2026/08/10 21:01:40.714, 0, 85, 22946, 24576, 337.95
2026/08/10 21:01:40.714, 1, 83, 22552, 24576, 307.33
2026/08/10 21:01:40.715, 2, 85, 22632, 24576, 328.32
2026/08/10 21:01:45.715, 0, 86, 15386, 24576, 313.25
2026/08/10 21:01:45.716, 1, 93, 17732, 24576, 297.45
2026/08/10 21:01:45.716, 2, 86, 13012, 24576, 294.71
2026/08/10 21:01:50.717, 0, 99, 13870, 24576, 335.14
2026/08/10 21:01:50.718, 1, 100, 12822, 24576, 299.31
2026/08/10 21:01:50.719, 2, 99, 12862, 24576, 323.95
2026/08/10 21:01:55.719, 0, 100, 24148, 24576, 341.85
2026/08/10 21:01:55.720, 1, 100, 22234, 24576, 321.45
2026/08/10 21:01:55.721, 2, 100, 21850, 24576, 313.48
2026/08/10 21:02:00.722, 0, 100, 24148, 24576, 336.21
2026/08/10 21:02:00.722, 1, 95, 22234, 24576, 299.03
2026/08/10 21:02:00.723, 2, 96, 21850, 24576, 304.66
2026/08/10 21:02:05.724, 0, 95, 24148, 24576, 321.13
2026/08/10 21:02:05.724, 1, 87, 22234, 24576, 278.14
2026/08/10 21:02:05.725, 2, 84, 21850, 24576, 292.32
2026/08/10 21:02:10.727, 0, 83, 22028, 24576, 336.66
2026/08/10 21:02:10.728, 1, 82, 22234, 24576, 306.88
2026/08/10 21:02:10.728, 2, 84, 21850, 24576, 335.57
2026/08/10 21:02:15.729, 0, 85, 22028, 24576, 319.26
2026/08/10 21:02:15.730, 1, 81, 22234, 24576, 319.09
2026/08/10 21:02:15.730, 2, 100, 21850, 24576, 298.82
2026/08/10 21:02:20.731, 0, 88, 13550, 24576, 297.69
2026/08/10 21:02:20.732, 1, 98, 13302, 24576, 301.92
2026/08/10 21:02:20.733, 2, 99, 21850, 24576, 322.51
2026/08/10 21:02:25.734, 0, 98, 13970, 24576, 336.10
2026/08/10 21:02:25.734, 1, 100, 13302, 24576, 190.30
2026/08/10 21:02:25.735, 2, 100, 21850, 24576, 173.51
2026/08/10 21:02:30.736, 0, 95, 23208, 24576, 332.85
2026/08/10 21:02:30.736, 1, 97, 22812, 24576, 300.98
2026/08/10 21:02:30.737, 2, 93, 22992, 24576, 299.74
2026/08/10 21:02:35.738, 0, 100, 23848, 24576, 333.36
2026/08/10 21:02:35.738, 1, 100, 22812, 24576, 302.08
2026/08/10 21:02:35.739, 2, 100, 23652, 24576, 317.81
2026/08/10 21:02:40.739, 0, 80, 23208, 24576, 281.35
2026/08/10 21:02:40.740, 1, 83, 22812, 24576, 279.84
2026/08/10 21:02:40.741, 2, 77, 22992, 24576, 283.41
2026/08/10 21:02:45.742, 0, 84, 23208, 24576, 337.21
2026/08/10 21:02:45.742, 1, 80, 22812, 24576, 309.75
2026/08/10 21:02:45.743, 2, 83, 22992, 24576, 338.11
2026/08/10 21:02:50.744, 0, 98, 16190, 24576, 297.82
2026/08/10 21:02:50.744, 1, 98, 13042, 24576, 272.42
2026/08/10 21:02:50.745, 2, 98, 12802, 24576, 292.98
2026/08/10 21:02:55.746, 0, 99, 14490, 24576, 330.51
2026/08/10 21:02:55.747, 1, 98, 13042, 24576, 299.26
2026/08/10 21:02:55.748, 2, 98, 12802, 24576, 318.58
2026/08/10 21:03:00.748, 0, 90, 20946, 24576, 305.63
2026/08/10 21:03:00.749, 1, 92, 22912, 24576, 310.83
2026/08/10 21:03:00.749, 2, 100, 21930, 24576, 309.48
2026/08/10 21:03:05.750, 0, 96, 20946, 24576, 307.30
2026/08/10 21:03:05.751, 1, 100, 22912, 24576, 327.36
2026/08/10 21:03:05.751, 2, 100, 21930, 24576, 318.42
2026/08/10 21:03:10.752, 0, 0, 22986, 24576, 213.98
2026/08/10 21:03:10.753, 1, 22, 20672, 24576, 249.22
2026/08/10 21:03:10.753, 2, 22, 20010, 24576, 242.89
2026/08/10 21:03:15.754, 0, 78, 22986, 24576, 336.99
2026/08/10 21:03:15.755, 1, 82, 20672, 24576, 297.71
2026/08/10 21:03:15.756, 2, 83, 20010, 24576, 337.31
2026/08/10 21:03:20.757, 0, 98, 23586, 24576, 334.95
2026/08/10 21:03:20.757, 1, 98, 21372, 24576, 324.58
2026/08/10 21:03:20.758, 2, 98, 20010, 24576, 338.88
2026/08/10 21:03:25.759, 0, 100, 13490, 24576, 337.52
2026/08/10 21:03:25.760, 1, 98, 13322, 24576, 310.03
2026/08/10 21:03:25.761, 2, 98, 20010, 24576, 332.72
2026/08/10 21:03:30.762, 0, 95, 21628, 24576, 314.32
2026/08/10 21:03:30.762, 1, 97, 23534, 24576, 301.11
2026/08/10 21:03:30.763, 2, 93, 21972, 24576, 313.70
2026/08/10 21:03:35.764, 0, 91, 21628, 24576, 316.39
2026/08/10 21:03:35.765, 1, 100, 23534, 24576, 317.26
2026/08/10 21:03:35.765, 2, 94, 21972, 24576, 308.91
2026/08/10 21:03:40.766, 0, 100, 21628, 24576, 314.57
2026/08/10 21:03:40.767, 1, 100, 23534, 24576, 309.88
2026/08/10 21:03:40.767, 2, 100, 21972, 24576, 322.85
2026/08/10 21:03:45.768, 0, 84, 21628, 24576, 336.79
2026/08/10 21:03:45.769, 1, 82, 23534, 24576, 307.80
2026/08/10 21:03:45.770, 2, 81, 21972, 24576, 337.37
2026/08/10 21:03:50.771, 0, 98, 21628, 24576, 340.05
2026/08/10 21:03:50.771, 1, 98, 23534, 24576, 306.16
2026/08/10 21:03:50.772, 2, 98, 21972, 24576, 338.79
2026/08/10 21:03:55.773, 0, 98, 13430, 24576, 337.28
2026/08/10 21:03:55.774, 1, 98, 23534, 24576, 297.75
2026/08/10 21:03:55.774, 2, 98, 13262, 24576, 322.25
2026/08/10 21:04:00.775, 0, 99, 20866, 24576, 321.68
2026/08/10 21:04:00.776, 1, 100, 23554, 24576, 315.50
2026/08/10 21:04:00.776, 2, 100, 23114, 24576, 334.94
2026/08/10 21:04:05.777, 0, 100, 22926, 24576, 327.00
2026/08/10 21:04:05.778, 1, 100, 23554, 24576, 310.15
2026/08/10 21:04:05.778, 2, 97, 23114, 24576, 326.62
2026/08/10 21:04:10.779, 0, 79, 20866, 24576, 279.66
2026/08/10 21:04:10.780, 1, 90, 23554, 24576, 274.23
2026/08/10 21:04:10.781, 2, 85, 23114, 24576, 270.52
2026/08/10 21:04:15.782, 0, 84, 20866, 24576, 338.00
2026/08/10 21:04:15.782, 1, 82, 23554, 24576, 302.88
2026/08/10 21:04:15.783, 2, 85, 23114, 24576, 328.83
2026/08/10 21:04:20.784, 0, 98, 20866, 24576, 336.96
2026/08/10 21:04:20.784, 1, 100, 23554, 24576, 302.34
2026/08/10 21:04:20.785, 2, 98, 23114, 24576, 337.23
2026/08/10 21:04:25.786, 0, 98, 20866, 24576, 332.25
2026/08/10 21:04:25.786, 1, 100, 23554, 24576, 301.21
2026/08/10 21:04:25.787, 2, 98, 23114, 24576, 308.31
2026/08/10 21:04:30.788, 0, 100, 22944, 24576, 317.74
2026/08/10 21:04:30.789, 1, 100, 24036, 24576, 316.40
2026/08/10 21:04:30.789, 2, 89, 23114, 24576, 322.58
2026/08/10 21:04:35.790, 0, 89, 22944, 24576, 316.10
2026/08/10 21:04:35.790, 1, 88, 24036, 24576, 309.38
2026/08/10 21:04:35.791, 2, 89, 23114, 24576, 321.42
2026/08/10 21:04:40.792, 0, 89, 22944, 24576, 317.08
2026/08/10 21:04:40.792, 1, 88, 24036, 24576, 303.75
2026/08/10 21:04:40.793, 2, 89, 23114, 24576, 318.32
2026/08/10 21:04:45.794, 0, 85, 22944, 24576, 337.81
2026/08/10 21:04:45.794, 1, 83, 24036, 24576, 297.09
2026/08/10 21:04:45.795, 2, 84, 23114, 24576, 337.96
2026/08/10 21:04:50.796, 0, 98, 22944, 24576, 312.09
2026/08/10 21:04:50.797, 1, 98, 24036, 24576, 296.16
2026/08/10 21:04:50.797, 2, 98, 23114, 24576, 311.47
2026/08/10 21:04:55.798, 0, 98, 13430, 24576, 337.94
2026/08/10 21:04:55.802, 1, 100, 24036, 24576, 291.60
2026/08/10 21:04:55.803, 2, 99, 24102, 24576, 318.09
2026/08/10 21:05:00.804, 0, 89, 22568, 24576, 341.66
2026/08/10 21:05:00.804, 1, 100, 24036, 24576, 312.63
2026/08/10 21:05:00.805, 2, 100, 20854, 24576, 307.68
2026/08/10 21:05:05.806, 0, 100, 22588, 24576, 337.28
2026/08/10 21:05:05.806, 1, 100, 24036, 24576, 301.33
2026/08/10 21:05:05.808, 2, 89, 21214, 24576, 311.81
2026/08/10 21:05:10.808, 0, 93, 21548, 24576, 312.01
2026/08/10 21:05:10.809, 1, 97, 24036, 24576, 300.06
2026/08/10 21:05:10.810, 2, 91, 22974, 24576, 309.85
2026/08/10 21:05:15.810, 0, 83, 21548, 24576, 338.52
2026/08/10 21:05:15.811, 1, 78, 24036, 24576, 309.11
2026/08/10 21:05:15.811, 2, 83, 22974, 24576, 327.61
2026/08/10 21:05:20.812, 0, 98, 21548, 24576, 323.59
2026/08/10 21:05:20.813, 1, 97, 24036, 24576, 321.29
2026/08/10 21:05:20.814, 2, 98, 22974, 24576, 313.60
2026/08/10 21:05:25.814, 0, 98, 13590, 24576, 337.68
2026/08/10 21:05:25.815, 1, 100, 22518, 24576, 322.14
2026/08/10 21:05:25.815, 2, 99, 22974, 24576, 309.16
2026/08/10 21:05:30.816, 0, 100, 24130, 24576, 337.24
2026/08/10 21:05:30.817, 1, 100, 21750, 24576, 317.59
2026/08/10 21:05:30.818, 2, 89, 20450, 24576, 300.55
2026/08/10 21:05:35.819, 0, 87, 23390, 24576, 332.78
2026/08/10 21:05:35.819, 1, 89, 21752, 24576, 315.95
2026/08/10 21:05:35.820, 2, 100, 20450, 24576, 292.07
2026/08/10 21:05:40.821, 0, 100, 23390, 24576, 338.86
2026/08/10 21:05:40.822, 1, 98, 21752, 24576, 310.12
2026/08/10 21:05:40.822, 2, 100, 20450, 24576, 297.33
2026/08/10 21:05:45.823, 0, 82, 23390, 24576, 333.66
2026/08/10 21:05:45.824, 1, 81, 21752, 24576, 321.23
2026/08/10 21:05:45.824, 2, 78, 22550, 24576, 333.62
2026/08/10 21:05:50.825, 0, 83, 23390, 24576, 337.86
2026/08/10 21:05:50.826, 1, 83, 21752, 24576, 311.31
2026/08/10 21:05:50.826, 2, 82, 22550, 24576, 337.87
2026/08/10 21:05:55.830, 0, 100, 23010, 24576, 337.02
2026/08/10 21:05:55.831, 1, 98, 13982, 24576, 310.61
2026/08/10 21:05:55.832, 2, 98, 14002, 24576, 334.47
2026/08/10 21:06:00.832, 0, 100, 13990, 24576, 337.83
2026/08/10 21:06:00.833, 1, 100, 13956, 24576, 274.78
2026/08/10 21:06:00.833, 2, 100, 14000, 24576, 212.81
2026/08/10 21:06:05.842, 0, 100, 23270, 24576, 339.00
2026/08/10 21:06:05.843, 1, 100, 23574, 24576, 322.28
2026/08/10 21:06:05.843, 2, 94, 23810, 24576, 298.56
2026/08/10 21:06:10.844, 0, 87, 23310, 24576, 334.65
2026/08/10 21:06:10.845, 1, 94, 22854, 24576, 321.26
2026/08/10 21:06:10.846, 2, 88, 21950, 24576, 308.04
2026/08/10 21:06:15.847, 0, 100, 23310, 24576, 334.23
2026/08/10 21:06:15.847, 1, 100, 22854, 24576, 317.98
2026/08/10 21:06:15.848, 2, 98, 21950, 24576, 313.42
2026/08/10 21:06:20.849, 0, 82, 23310, 24576, 336.18
2026/08/10 21:06:20.849, 1, 84, 22854, 24576, 311.89
2026/08/10 21:06:20.850, 2, 84, 21950, 24576, 331.45
2026/08/10 21:06:25.850, 0, 98, 23310, 24576, 328.88
2026/08/10 21:06:25.851, 1, 98, 22854, 24576, 327.34
2026/08/10 21:06:25.852, 2, 98, 21950, 24576, 335.56
2026/08/10 21:06:30.852, 0, 98, 14690, 24576, 334.03
2026/08/10 21:06:30.853, 1, 98, 13342, 24576, 301.20
2026/08/10 21:06:30.853, 2, 100, 21950, 24576, 326.01
2026/08/10 21:06:35.854, 0, 89, 23128, 24576, 329.92
2026/08/10 21:06:35.855, 1, 100, 22992, 24576, 308.70
2026/08/10 21:06:35.856, 2, 89, 22952, 24576, 325.20
2026/08/10 21:06:40.857, 0, 95, 22388, 24576, 327.80
2026/08/10 21:06:40.857, 1, 97, 22992, 24576, 302.90
2026/08/10 21:06:40.858, 2, 95, 19852, 24576, 316.01
2026/08/10 21:06:45.859, 0, 88, 22388, 24576, 318.13
2026/08/10 21:06:45.859, 1, 97, 22992, 24576, 310.13
2026/08/10 21:06:45.860, 2, 91, 22952, 24576, 306.43
2026/08/10 21:06:50.861, 0, 83, 22388, 24576, 334.62
2026/08/10 21:06:50.861, 1, 82, 22992, 24576, 300.73
2026/08/10 21:06:50.862, 2, 80, 22952, 24576, 336.94
2026/08/10 21:06:55.862, 0, 98, 22388, 24576, 334.27
2026/08/10 21:06:55.863, 1, 98, 22992, 24576, 308.39
2026/08/10 21:06:55.864, 2, 98, 22952, 24576, 302.98
2026/08/10 21:07:00.865, 0, 100, 19990, 24576, 336.17
2026/08/10 21:07:00.865, 1, 100, 12862, 24576, 305.30
2026/08/10 21:07:00.866, 2, 98, 16222, 24576, 319.25
2026/08/10 21:07:05.867, 0, 100, 23312, 24576, 275.27
2026/08/10 21:07:05.867, 1, 100, 22116, 24576, 282.33
2026/08/10 21:07:05.868, 2, 100, 23098, 24576, 286.42
2026/08/10 21:07:10.869, 0, 94, 23370, 24576, 311.88
2026/08/10 21:07:10.870, 1, 96, 22492, 24576, 303.98
2026/08/10 21:07:10.871, 2, 86, 23156, 24576, 310.90
2026/08/10 21:07:15.871, 0, 89, 23370, 24576, 326.78
2026/08/10 21:07:15.872, 1, 88, 20492, 24576, 296.58
2026/08/10 21:07:15.872, 2, 89, 23156, 24576, 323.85
2026/08/10 21:07:20.873, 0, 78, 23370, 24576, 327.23
2026/08/10 21:07:20.874, 1, 81, 20492, 24576, 332.58
2026/08/10 21:07:20.874, 2, 82, 23156, 24576, 330.02
2026/08/10 21:07:25.875, 0, 84, 23370, 24576, 336.20
2026/08/10 21:07:25.876, 1, 82, 20492, 24576, 309.83
2026/08/10 21:07:25.877, 2, 85, 23156, 24576, 322.87
2026/08/10 21:07:30.878, 0, 98, 22550, 24576, 339.47
2026/08/10 21:07:30.878, 1, 98, 20492, 24576, 301.94
2026/08/10 21:07:30.879, 2, 98, 19482, 24576, 323.18
2026/08/10 21:07:35.880, 0, 95, 16470, 24576, 311.65
2026/08/10 21:07:35.880, 1, 89, 20492, 24576, 291.18
2026/08/10 21:07:35.881, 2, 98, 13342, 24576, 314.25
2026/08/10 21:07:40.882, 0, 87, 24246, 24576, 324.57
2026/08/10 21:07:40.882, 1, 100, 23992, 24576, 306.42
2026/08/10 21:07:40.883, 2, 100, 23414, 24576, 318.93
2026/08/10 21:07:45.884, 0, 98, 23566, 24576, 309.33
2026/08/10 21:07:45.885, 1, 97, 20712, 24576, 293.77
2026/08/10 21:07:45.885, 2, 97, 23414, 24576, 312.13
2026/08/10 21:07:50.886, 0, 84, 23566, 24576, 310.62
2026/08/10 21:07:50.887, 1, 82, 20712, 24576, 316.21
2026/08/10 21:07:50.887, 2, 84, 23414, 24576, 316.80
2026/08/10 21:07:55.888, 0, 83, 23566, 24576, 338.44
2026/08/10 21:07:55.889, 1, 81, 20712, 24576, 312.60
2026/08/10 21:07:55.889, 2, 85, 23414, 24576, 319.99
2026/08/10 21:08:00.890, 0, 97, 13570, 24576, 329.19
2026/08/10 21:08:00.891, 1, 100, 12902, 24576, 298.08
2026/08/10 21:08:00.892, 2, 98, 21382, 24576, 338.06
2026/08/10 21:08:05.892, 0, 98, 13570, 24576, 338.52
2026/08/10 21:08:05.893, 1, 100, 13262, 24576, 306.05
2026/08/10 21:08:05.893, 2, 98, 12858, 24576, 328.91
2026/08/10 21:08:10.894, 0, 100, 22168, 24576, 327.51
2026/08/10 21:08:10.895, 1, 100, 23134, 24576, 297.82
2026/08/10 21:08:10.895, 2, 100, 21834, 24576, 317.59
2026/08/10 21:08:15.896, 0, 98, 21868, 24576, 317.00
2026/08/10 21:08:15.897, 1, 97, 23134, 24576, 300.45
2026/08/10 21:08:15.898, 2, 96, 23074, 24576, 310.81
2026/08/10 21:08:20.898, 0, 84, 21868, 24576, 311.40
2026/08/10 21:08:20.899, 1, 83, 23134, 24576, 303.93
2026/08/10 21:08:20.900, 2, 85, 23074, 24576, 313.79
2026/08/10 21:08:25.901, 0, 82, 21868, 24576, 337.50
2026/08/10 21:08:25.902, 1, 83, 23134, 24576, 304.18
2026/08/10 21:08:25.902, 2, 84, 23074, 24576, 323.72
2026/08/10 21:08:30.903, 0, 98, 13450, 24576, 298.92
2026/08/10 21:08:30.904, 1, 83, 14042, 24576, 278.09
2026/08/10 21:08:30.905, 2, 89, 12394, 24576, 283.41
2026/08/10 21:08:35.905, 0, 98, 13450, 24576, 337.76
2026/08/10 21:08:35.906, 1, 100, 14016, 24576, 305.44
2026/08/10 21:08:35.907, 2, 98, 13462, 24576, 317.93
2026/08/10 21:08:40.907, 0, 100, 23286, 24576, 299.65
2026/08/10 21:08:40.908, 1, 100, 23412, 24576, 307.60
2026/08/10 21:08:40.909, 2, 100, 22916, 24576, 308.77
2026/08/10 21:08:45.910, 0, 100, 23566, 24576, 315.96
2026/08/10 21:08:45.911, 1, 100, 22710, 24576, 322.59
2026/08/10 21:08:45.911, 2, 100, 23116, 24576, 328.76
2026/08/10 21:08:50.912, 0, 100, 20486, 24576, 292.74
2026/08/10 21:08:50.913, 1, 100, 22710, 24576, 292.70
2026/08/10 21:08:50.913, 2, 100, 23054, 24576, 317.30
2026/08/10 21:08:55.914, 0, 82, 23566, 24576, 336.31
2026/08/10 21:08:55.915, 1, 80, 22710, 24576, 326.01
2026/08/10 21:08:55.916, 2, 84, 23116, 24576, 334.55
2026/08/10 21:09:00.917, 0, 85, 23566, 24576, 340.83
2026/08/10 21:09:00.917, 1, 84, 22710, 24576, 313.08
2026/08/10 21:09:00.918, 2, 85, 23116, 24576, 322.93
2026/08/10 21:09:05.918, 0, 98, 23566, 24576, 338.17
2026/08/10 21:09:05.919, 1, 98, 13042, 24576, 311.57
2026/08/10 21:09:05.920, 2, 98, 13922, 24576, 324.33
2026/08/10 21:09:10.920, 0, 100, 23566, 24576, 224.47
2026/08/10 21:09:10.937, 1, 100, 21166, 24576, 293.62
2026/08/10 21:09:10.938, 2, 86, 21944, 24576, 242.16
2026/08/10 21:09:15.939, 0, 100, 23430, 24576, 332.21
2026/08/10 21:09:15.940, 1, 100, 21234, 24576, 299.65
2026/08/10 21:09:15.940, 2, 87, 21992, 24576, 323.69
2026/08/10 21:09:20.941, 0, 89, 23430, 24576, 330.84
2026/08/10 21:09:20.941, 1, 89, 21234, 24576, 300.80
2026/08/10 21:09:20.942, 2, 89, 21992, 24576, 321.54
2026/08/10 21:09:25.943, 0, 84, 23430, 24576, 334.56
2026/08/10 21:09:25.943, 1, 80, 20874, 24576, 332.12
2026/08/10 21:09:25.944, 2, 84, 21992, 24576, 335.34
2026/08/10 21:09:30.945, 0, 85, 23430, 24576, 339.62
2026/08/10 21:09:30.946, 1, 81, 20874, 24576, 312.98
2026/08/10 21:09:30.946, 2, 85, 21992, 24576, 323.54
2026/08/10 21:09:35.947, 0, 97, 13590, 24576, 314.01
2026/08/10 21:09:35.947, 1, 97, 21482, 24576, 315.68
2026/08/10 21:09:35.948, 2, 98, 18702, 24576, 295.97
2026/08/10 21:09:40.949, 0, 98, 13590, 24576, 339.17
2026/08/10 21:09:40.949, 1, 98, 13002, 24576, 300.91
2026/08/10 21:09:40.950, 2, 97, 13462, 24576, 298.32
2026/08/10 21:09:45.950, 0, 91, 23390, 24576, 324.29
2026/08/10 21:09:45.951, 1, 90, 20452, 24576, 295.60
2026/08/10 21:09:45.952, 2, 100, 21616, 24576, 318.78
2026/08/10 21:09:50.953, 0, 89, 23390, 24576, 330.66
2026/08/10 21:09:50.953, 1, 89, 23032, 24576, 315.23
2026/08/10 21:09:50.954, 2, 100, 23816, 24576, 331.50
2026/08/10 21:09:55.955, 0, 100, 23390, 24576, 333.70
2026/08/10 21:09:55.955, 1, 100, 23032, 24576, 308.91
2026/08/10 21:09:55.956, 2, 100, 23816, 24576, 328.74
2026/08/10 21:10:00.957, 0, 81, 23390, 24576, 336.30
2026/08/10 21:10:00.958, 1, 81, 23032, 24576, 317.33
2026/08/10 21:10:00.958, 2, 83, 21616, 24576, 329.53
2026/08/10 21:10:05.959, 0, 100, 23390, 24576, 334.75
2026/08/10 21:10:05.960, 1, 98, 23032, 24576, 301.34
2026/08/10 21:10:05.960, 2, 98, 21616, 24576, 298.74
2026/08/10 21:10:10.961, 0, 97, 13430, 24576, 335.61
2026/08/10 21:10:10.962, 1, 98, 23922, 24576, 317.02
2026/08/10 21:10:10.963, 2, 98, 13322, 24576, 311.06
2026/08/10 21:10:15.963, 0, 93, 22190, 24576, 327.04
2026/08/10 21:10:15.964, 1, 100, 22712, 24576, 316.38
2026/08/10 21:10:15.964, 2, 100, 22912, 24576, 317.77
2026/08/10 21:10:20.966, 0, 92, 22190, 24576, 327.04
2026/08/10 21:10:20.966, 1, 97, 22712, 24576, 308.65
2026/08/10 21:10:20.967, 2, 100, 22912, 24576, 315.69
2026/08/10 21:10:25.968, 0, 91, 22190, 24576, 324.80
2026/08/10 21:10:25.968, 1, 97, 22712, 24576, 300.02
2026/08/10 21:10:25.969, 2, 97, 22912, 24576, 307.48
2026/08/10 21:10:30.970, 0, 82, 22190, 24576, 333.83
2026/08/10 21:10:30.971, 1, 80, 22712, 24576, 315.04
2026/08/10 21:10:30.971, 2, 83, 22912, 24576, 335.23
2026/08/10 21:10:35.972, 0, 84, 22190, 24576, 338.57
2026/08/10 21:10:35.973, 1, 78, 22712, 24576, 299.78
2026/08/10 21:10:35.973, 2, 82, 22912, 24576, 246.30
2026/08/10 21:10:40.974, 0, 100, 13570, 24576, 337.52
2026/08/10 21:10:40.975, 1, 100, 22712, 24576, 299.48
2026/08/10 21:10:40.975, 2, 98, 12902, 24576, 328.28
2026/08/10 21:10:45.976, 0, 100, 13570, 24576, 210.82
2026/08/10 21:10:45.977, 1, 100, 22712, 24576, 190.37
2026/08/10 21:10:45.977, 2, 98, 13282, 24576, 307.96
2026/08/10 21:10:50.978, 0, 100, 21828, 24576, 318.51
2026/08/10 21:10:50.979, 1, 100, 22812, 24576, 328.17
2026/08/10 21:10:50.980, 2, 100, 23756, 24576, 334.37
2026/08/10 21:10:55.981, 0, 100, 21828, 24576, 316.42
2026/08/10 21:10:55.981, 1, 92, 22812, 24576, 332.29
2026/08/10 21:10:55.982, 2, 93, 23756, 24576, 334.15
2026/08/10 21:11:00.982, 0, 84, 21828, 24576, 334.03
2026/08/10 21:11:00.983, 1, 84, 22812, 24576, 259.50
2026/08/10 21:11:00.984, 2, 83, 23756, 24576, 332.03
2026/08/10 21:11:05.984, 0, 82, 21828, 24576, 256.95
2026/08/10 21:11:05.985, 1, 83, 22812, 24576, 307.62
2026/08/10 21:11:05.986, 2, 85, 23756, 24576, 325.25
2026/08/10 21:11:10.986, 0, 98, 18010, 24576, 305.86
2026/08/10 21:11:10.987, 1, 98, 22812, 24576, 303.98
2026/08/10 21:11:10.988, 2, 98, 14922, 24576, 281.69
2026/08/10 21:11:15.989, 0, 100, 23290, 24576, 335.74
2026/08/10 21:11:15.989, 1, 98, 22812, 24576, 300.28
2026/08/10 21:11:15.990, 2, 100, 13442, 24576, 286.79
2026/08/10 21:11:20.991, 0, 95, 20866, 24576, 298.20
2026/08/10 21:11:20.992, 1, 96, 22116, 24576, 328.74
2026/08/10 21:11:20.992, 2, 100, 23796, 24576, 338.23
2026/08/10 21:11:25.993, 0, 100, 23966, 24576, 295.15
2026/08/10 21:11:25.995, 1, 100, 23796, 24576, 300.05
2026/08/10 21:11:25.995, 2, 100, 23796, 24576, 315.13
2026/08/10 21:11:30.996, 0, 88, 22946, 24576, 326.65
2026/08/10 21:11:30.997, 1, 100, 22116, 24576, 319.16
2026/08/10 21:11:30.997, 2, 100, 21596, 24576, 310.54
2026/08/10 21:11:35.998, 0, 82, 22946, 24576, 336.38
2026/08/10 21:11:35.999, 1, 82, 22116, 24576, 309.99
2026/08/10 21:11:35.999, 2, 81, 21596, 24576, 333.85
2026/08/10 21:11:41.000, 0, 84, 22946, 24576, 331.03
2026/08/10 21:11:41.001, 1, 83, 22116, 24576, 310.16
2026/08/10 21:11:41.001, 2, 85, 21596, 24576, 304.29
2026/08/10 21:11:46.002, 0, 97, 13470, 24576, 336.95
2026/08/10 21:11:46.003, 1, 98, 12982, 24576, 312.54
2026/08/10 21:11:46.004, 2, 98, 15882, 24576, 284.17
2026/08/10 21:11:51.005, 0, 100, 13490, 24576, 330.47
2026/08/10 21:11:51.005, 1, 100, 13002, 24576, 205.73
2026/08/10 21:11:51.006, 2, 100, 15878, 24576, 249.21
2026/08/10 21:11:56.007, 0, 100, 23250, 24576, 331.57
2026/08/10 21:11:56.007, 1, 100, 21414, 24576, 285.58
2026/08/10 21:11:56.008, 2, 100, 22032, 24576, 306.02
2026/08/10 21:12:01.008, 0, 100, 23250, 24576, 338.85
2026/08/10 21:12:01.009, 1, 98, 21414, 24576, 303.67
2026/08/10 21:12:01.010, 2, 98, 22032, 24576, 315.22
2026/08/10 21:12:06.011, 0, 80, 23250, 24576, 333.60
2026/08/10 21:12:06.011, 1, 82, 21414, 24576, 328.09
2026/08/10 21:12:06.012, 2, 79, 22032, 24576, 331.85
2026/08/10 21:12:11.013, 0, 85, 23250, 24576, 338.61
2026/08/10 21:12:11.013, 1, 82, 21414, 24576, 310.95
2026/08/10 21:12:11.014, 2, 85, 22032, 24576, 337.72
2026/08/10 21:12:16.015, 0, 95, 13592, 24576, 300.38
2026/08/10 21:12:16.016, 1, 98, 21414, 24576, 301.04
2026/08/10 21:12:16.016, 2, 100, 13980, 24576, 295.55
2026/08/10 21:12:21.017, 0, 98, 13592, 24576, 336.99
2026/08/10 21:12:21.018, 1, 98, 21414, 24576, 299.50
2026/08/10 21:12:21.018, 2, 98, 13978, 24576, 333.12
2026/08/10 21:12:26.019, 0, 86, 23770, 24576, 330.64
2026/08/10 21:12:26.020, 1, 88, 22916, 24576, 310.75
2026/08/10 21:12:26.021, 2, 89, 21770, 24576, 304.71
2026/08/10 21:12:31.022, 0, 99, 23410, 24576, 333.67
2026/08/10 21:12:31.022, 1, 95, 22176, 24576, 316.50
2026/08/10 21:12:31.023, 2, 96, 21770, 24576, 304.58
2026/08/10 21:12:36.024, 0, 88, 23770, 24576, 333.11
2026/08/10 21:12:36.024, 1, 88, 22916, 24576, 310.48
2026/08/10 21:12:36.025, 2, 100, 21770, 24576, 292.15
2026/08/10 21:12:41.026, 0, 83, 23410, 24576, 335.72
2026/08/10 21:12:41.026, 1, 83, 22176, 24576, 307.91
2026/08/10 21:12:41.027, 2, 82, 21770, 24576, 335.63
2026/08/10 21:12:46.028, 0, 100, 23410, 24576, 238.50
2026/08/10 21:12:46.028, 1, 77, 22176, 24576, 308.13
2026/08/10 21:12:46.029, 2, 100, 21770, 24576, 207.35
2026/08/10 21:12:51.030, 0, 98, 21590, 24576, 334.04
2026/08/10 21:12:51.030, 1, 100, 12986, 24576, 299.83
2026/08/10 21:12:51.031, 2, 99, 15858, 24576, 293.21
2026/08/10 21:12:56.031, 0, 87, 22276, 24576, 203.18
2026/08/10 21:12:56.032, 1, 34, 21626, 24576, 280.90
2026/08/10 21:12:56.033, 2, 87, 22144, 24576, 208.10
2026/08/10 21:13:01.034, 0, 89, 23384, 24576, 317.93
2026/08/10 21:13:01.034, 1, 88, 23496, 24576, 307.97
2026/08/10 21:13:01.035, 2, 89, 23972, 24576, 325.33
2026/08/10 21:13:06.036, 0, 100, 23004, 24576, 307.58
2026/08/10 21:13:06.036, 1, 100, 23496, 24576, 306.95
2026/08/10 21:13:06.037, 2, 100, 20032, 24576, 313.71
2026/08/10 21:13:11.038, 0, 83, 23004, 24576, 336.14
2026/08/10 21:13:11.038, 1, 79, 23496, 24576, 317.03
2026/08/10 21:13:11.039, 2, 82, 22172, 24576, 336.58
2026/08/10 21:13:16.040, 0, 84, 23004, 24576, 338.07
2026/08/10 21:13:16.041, 1, 81, 23496, 24576, 306.58
2026/08/10 21:13:16.041, 2, 84, 22172, 24576, 339.21
2026/08/10 21:13:21.042, 0, 98, 22990, 24576, 337.36
2026/08/10 21:13:21.045, 1, 98, 23496, 24576, 299.71
2026/08/10 21:13:21.046, 2, 100, 13042, 24576, 337.05
2026/08/10 21:13:26.047, 0, 88, 14270, 24576, 299.32
2026/08/10 21:13:26.047, 1, 100, 23496, 24576, 212.61
2026/08/10 21:13:26.048, 2, 45, 13042, 24576, 289.92
2026/08/10 21:13:31.049, 0, 89, 22124, 24576, 322.89
2026/08/10 21:13:31.049, 1, 89, 23496, 24576, 312.74
2026/08/10 21:13:31.053, 2, 100, 20774, 24576, 320.27
2026/08/10 21:13:36.053, 0, 86, 22124, 24576, 321.99
2026/08/10 21:13:36.054, 1, 100, 23496, 24576, 307.81
2026/08/10 21:13:36.054, 2, 100, 20774, 24576, 306.46
2026/08/10 21:13:41.055, 0, 82, 22124, 24576, 333.81
2026/08/10 21:13:41.056, 1, 81, 23496, 24576, 327.90
2026/08/10 21:13:41.057, 2, 82, 20774, 24576, 335.42
2026/08/10 21:13:46.057, 0, 81, 22124, 24576, 340.09
2026/08/10 21:13:46.058, 1, 82, 23496, 24576, 305.47
2026/08/10 21:13:46.059, 2, 82, 20774, 24576, 324.18
2026/08/10 21:13:51.060, 0, 98, 13292, 24576, 339.87
2026/08/10 21:13:51.060, 1, 100, 23496, 24576, 305.38
2026/08/10 21:13:51.061, 2, 98, 12942, 24576, 300.02
2026/08/10 21:13:56.062, 0, 100, 13292, 24576, 277.49
2026/08/10 21:13:56.062, 1, 100, 23496, 24576, 263.23
2026/08/10 21:13:56.063, 2, 98, 13322, 24576, 312.46
2026/08/10 21:14:01.064, 0, 100, 23228, 24576, 325.83
2026/08/10 21:14:01.064, 1, 100, 23496, 24576, 323.11
2026/08/10 21:14:01.065, 2, 100, 23736, 24576, 330.29
2026/08/10 21:14:06.066, 0, 89, 23228, 24576, 329.97
2026/08/10 21:14:06.066, 1, 88, 23496, 24576, 316.28
2026/08/10 21:14:06.067, 2, 100, 23736, 24576, 319.67
2026/08/10 21:14:11.068, 0, 82, 23228, 24576, 282.16
2026/08/10 21:14:11.068, 1, 79, 23496, 24576, 286.34
2026/08/10 21:14:11.069, 2, 82, 23736, 24576, 294.64
2026/08/10 21:14:16.070, 0, 82, 23228, 24576, 337.09
2026/08/10 21:14:16.070, 1, 82, 23496, 24576, 303.15
2026/08/10 21:14:16.071, 2, 84, 23736, 24576, 324.83
2026/08/10 21:14:21.073, 0, 99, 13470, 24576, 299.15
2026/08/10 21:14:21.073, 1, 100, 16260, 24576, 279.52
2026/08/10 21:14:21.074, 2, 100, 13942, 24576, 279.91
2026/08/10 21:14:26.075, 0, 98, 13470, 24576, 335.13
2026/08/10 21:14:26.076, 1, 98, 21356, 24576, 324.87
2026/08/10 21:14:26.076, 2, 98, 13940, 24576, 331.44
2026/08/10 21:14:31.077, 0, 100, 23848, 24576, 319.02
2026/08/10 21:14:31.077, 1, 91, 20870, 24576, 298.04
2026/08/10 21:14:31.078, 2, 95, 20732, 24576, 306.02
2026/08/10 21:14:36.079, 0, 100, 23848, 24576, 342.50
2026/08/10 21:14:36.079, 1, 100, 20870, 24576, 310.44
2026/08/10 21:14:36.080, 2, 100, 20732, 24576, 311.00
2026/08/10 21:14:41.081, 0, 84, 21768, 24576, 286.41
2026/08/10 21:14:41.082, 1, 80, 20870, 24576, 295.76
2026/08/10 21:14:41.082, 2, 82, 22772, 24576, 272.53
2026/08/10 21:14:46.083, 0, 79, 21768, 24576, 338.40
2026/08/10 21:14:46.084, 1, 80, 20870, 24576, 313.50
2026/08/10 21:14:46.084, 2, 83, 22772, 24576, 327.97
2026/08/10 21:14:51.085, 0, 78, 15048, 24576, 312.73
2026/08/10 21:14:51.086, 1, 98, 24190, 24576, 281.61
2026/08/10 21:14:51.087, 2, 79, 16392, 24576, 295.19
2026/08/10 21:14:56.088, 0, 98, 19690, 24576, 298.71
2026/08/10 21:14:56.088, 1, 98, 14016, 24576, 279.51
2026/08/10 21:14:56.089, 2, 98, 13042, 24576, 317.08
2026/08/10 21:15:01.089, 0, 99, 21002, 24576, 306.20
2026/08/10 21:15:01.090, 1, 100, 23134, 24576, 323.90
2026/08/10 21:15:01.091, 2, 100, 20834, 24576, 298.35
2026/08/10 21:15:06.092, 0, 96, 21002, 24576, 300.59
2026/08/10 21:15:06.092, 1, 100, 23134, 24576, 326.49
2026/08/10 21:15:06.093, 2, 100, 20834, 24576, 307.33
2026/08/10 21:15:11.094, 0, 93, 21002, 24576, 296.34
2026/08/10 21:15:11.094, 1, 100, 23134, 24576, 328.91
2026/08/10 21:15:11.095, 2, 97, 20834, 24576, 310.22
2026/08/10 21:15:16.096, 0, 82, 21002, 24576, 337.40
2026/08/10 21:15:16.097, 1, 80, 23134, 24576, 312.60
2026/08/10 21:15:16.097, 2, 82, 20834, 24576, 336.17
2026/08/10 21:15:21.098, 0, 98, 21002, 24576, 277.80
2026/08/10 21:15:21.099, 1, 98, 23134, 24576, 308.56
2026/08/10 21:15:21.099, 2, 98, 20834, 24576, 308.16
2026/08/10 21:15:26.100, 0, 100, 23972, 24576, 338.67
2026/08/10 21:15:26.101, 1, 98, 23222, 24576, 302.03
2026/08/10 21:15:26.101, 2, 98, 13002, 24576, 323.03
2026/08/10 21:15:31.102, 0, 89, 23306, 24576, 298.93
2026/08/10 21:15:31.103, 1, 89, 23334, 24576, 279.00
2026/08/10 21:15:31.103, 2, 89, 23414, 24576, 280.10
2026/08/10 21:15:36.104, 0, 92, 23306, 24576, 321.58
2026/08/10 21:15:36.105, 1, 100, 23334, 24576, 313.70
2026/08/10 21:15:36.105, 2, 89, 23414, 24576, 321.63
2026/08/10 21:15:41.106, 0, 100, 23306, 24576, 321.12
2026/08/10 21:15:41.107, 1, 100, 23334, 24576, 308.55
2026/08/10 21:15:41.107, 2, 100, 23414, 24576, 327.20
2026/08/10 21:15:46.108, 0, 80, 23306, 24576, 337.49
2026/08/10 21:15:46.109, 1, 82, 23334, 24576, 306.07
2026/08/10 21:15:46.109, 2, 83, 23414, 24576, 336.38
2026/08/10 21:15:51.110, 0, 79, 23306, 24576, 341.43
2026/08/10 21:15:51.111, 1, 80, 23334, 24576, 277.87
2026/08/10 21:15:51.111, 2, 79, 23414, 24576, 327.71
2026/08/10 21:15:56.112, 0, 98, 23306, 24576, 317.75
2026/08/10 21:15:56.113, 1, 98, 12902, 24576, 312.31
2026/08/10 21:15:56.113, 2, 100, 13002, 24576, 312.35
2026/08/10 21:16:01.114, 0, 86, 23306, 24576, 219.06
2026/08/10 21:16:01.114, 1, 31, 19658, 24576, 288.02
2026/08/10 21:16:01.115, 2, 89, 19480, 24576, 278.70
2026/08/10 21:16:06.116, 0, 100, 23310, 24576, 335.23
2026/08/10 21:16:06.117, 1, 93, 23696, 24576, 313.97
2026/08/10 21:16:06.117, 2, 100, 21516, 24576, 322.86
2026/08/10 21:16:11.118, 0, 100, 23310, 24576, 339.81
2026/08/10 21:16:11.119, 1, 100, 23696, 24576, 321.99
2026/08/10 21:16:11.120, 2, 100, 21516, 24576, 321.65
2026/08/10 21:16:16.120, 0, 80, 23310, 24576, 279.24
2026/08/10 21:16:16.121, 1, 80, 23696, 24576, 322.83
2026/08/10 21:16:16.122, 2, 77, 21516, 24576, 319.23
2026/08/10 21:16:21.122, 0, 82, 23310, 24576, 337.26
2026/08/10 21:16:21.123, 1, 78, 23696, 24576, 309.86
2026/08/10 21:16:21.124, 2, 80, 21516, 24576, 322.88
2026/08/10 21:16:26.125, 0, 98, 13570, 24576, 301.84
2026/08/10 21:16:26.125, 1, 100, 13042, 24576, 285.74
2026/08/10 21:16:26.126, 2, 99, 21516, 24576, 315.38
2026/08/10 21:16:31.127, 0, 98, 13570, 24576, 327.28
2026/08/10 21:16:31.127, 1, 98, 13042, 24576, 295.77
2026/08/10 21:16:31.128, 2, 98, 21516, 24576, 310.64
2026/08/10 21:16:36.129, 0, 96, 23888, 24576, 325.96
2026/08/10 21:16:36.129, 1, 93, 22832, 24576, 324.33
2026/08/10 21:16:36.130, 2, 95, 22854, 24576, 318.35
2026/08/10 21:16:41.131, 0, 94, 23888, 24576, 328.80
2026/08/10 21:16:41.131, 1, 96, 22832, 24576, 322.21
2026/08/10 21:16:41.132, 2, 94, 22854, 24576, 319.91
2026/08/10 21:16:46.133, 0, 24, 21688, 24576, 273.27
2026/08/10 21:16:46.133, 1, 50, 20612, 24576, 280.13
2026/08/10 21:16:46.134, 2, 35, 22854, 24576, 279.07
2026/08/10 21:16:51.135, 0, 83, 21688, 24576, 335.88
2026/08/10 21:16:51.135, 1, 80, 20612, 24576, 299.26
2026/08/10 21:16:51.136, 2, 82, 22854, 24576, 325.28
2026/08/10 21:16:56.137, 0, 81, 14490, 24576, 296.81
2026/08/10 21:16:56.138, 1, 81, 12632, 24576, 270.25
2026/08/10 21:16:56.138, 2, 93, 15434, 24576, 293.15
2026/08/10 21:17:01.139, 0, 98, 18030, 24576, 297.36
2026/08/10 21:17:01.140, 1, 98, 13998, 24576, 286.39
2026/08/10 21:17:01.140, 2, 98, 13024, 24576, 314.54
2026/08/10 21:17:06.141, 0, 100, 23048, 24576, 321.14
2026/08/10 21:17:06.142, 1, 99, 21870, 24576, 313.66
2026/08/10 21:17:06.143, 2, 100, 24118, 24576, 326.09
2026/08/10 21:17:11.143, 0, 95, 23048, 24576, 300.66
2026/08/10 21:17:11.144, 1, 93, 21870, 24576, 288.09
2026/08/10 21:17:11.145, 2, 94, 24118, 24576, 313.14
2026/08/10 21:17:16.146, 0, 83, 23048, 24576, 319.51
2026/08/10 21:17:16.146, 1, 88, 21870, 24576, 317.50
2026/08/10 21:17:16.147, 2, 89, 24118, 24576, 323.98
2026/08/10 21:17:21.148, 0, 82, 23048, 24576, 336.95
2026/08/10 21:17:21.148, 1, 79, 21870, 24576, 319.88
2026/08/10 21:17:21.149, 2, 82, 24118, 24576, 330.44
2026/08/10 21:17:26.149, 0, 81, 23048, 24576, 340.39
2026/08/10 21:17:26.150, 1, 76, 21870, 24576, 304.95
2026/08/10 21:17:26.151, 2, 80, 24118, 24576, 295.47
2026/08/10 21:17:31.152, 0, 98, 13570, 24576, 340.23
2026/08/10 21:17:31.153, 1, 100, 13064, 24576, 287.19
2026/08/10 21:17:31.153, 2, 98, 13042, 24576, 321.18
2026/08/10 21:17:36.154, 0, 100, 13570, 24576, 181.46
2026/08/10 21:17:36.154, 1, 98, 13064, 24576, 306.50
2026/08/10 21:17:36.155, 2, 100, 13042, 24576, 175.36
2026/08/10 21:17:41.156, 0, 88, 24188, 24576, 332.50
2026/08/10 21:17:41.156, 1, 89, 24176, 24576, 319.46
2026/08/10 21:17:41.157, 2, 89, 22974, 24576, 312.62
2026/08/10 21:17:46.158, 0, 100, 24188, 24576, 329.81
2026/08/10 21:17:46.158, 1, 100, 24176, 24576, 322.94
2026/08/10 21:17:46.159, 2, 100, 22974, 24576, 316.82
2026/08/10 21:17:51.159, 0, 90, 21968, 24576, 289.02
2026/08/10 21:17:51.161, 1, 35, 21956, 24576, 284.68
2026/08/10 21:17:51.162, 2, 60, 22974, 24576, 285.10
2026/08/10 21:17:56.163, 0, 84, 21968, 24576, 339.16
2026/08/10 21:17:56.164, 1, 81, 21956, 24576, 309.26
2026/08/10 21:17:56.164, 2, 80, 22974, 24576, 336.22
2026/08/10 21:18:01.165, 0, 93, 13370, 24576, 299.00
2026/08/10 21:18:01.172, 1, 99, 23216, 24576, 299.30
2026/08/10 21:18:01.173, 2, 94, 14882, 24576, 288.89
2026/08/10 21:18:06.173, 0, 98, 13710, 24576, 339.35
2026/08/10 21:18:06.174, 1, 98, 21862, 24576, 305.71
2026/08/10 21:18:06.175, 2, 100, 17878, 24576, 294.05
2026/08/10 21:18:11.175, 0, 97, 22784, 24576, 301.04
2026/08/10 21:18:11.176, 1, 90, 23534, 24576, 302.49
2026/08/10 21:18:11.176, 2, 100, 23212, 24576, 296.49
2026/08/10 21:18:16.177, 0, 100, 22784, 24576, 310.99
2026/08/10 21:18:16.179, 1, 89, 23534, 24576, 315.63
2026/08/10 21:18:16.180, 2, 100, 23252, 24576, 307.98
2026/08/10 21:18:21.180, 0, 97, 22784, 24576, 305.39
2026/08/10 21:18:21.181, 1, 92, 23534, 24576, 301.62
2026/08/10 21:18:21.182, 2, 96, 23252, 24576, 285.63
2026/08/10 21:18:26.182, 0, 84, 22784, 24576, 335.84
2026/08/10 21:18:26.183, 1, 82, 23534, 24576, 306.36
2026/08/10 21:18:26.184, 2, 80, 23252, 24576, 335.37
2026/08/10 21:18:31.185, 0, 79, 22784, 24576, 335.45
2026/08/10 21:18:31.185, 1, 83, 23534, 24576, 312.19
2026/08/10 21:18:31.186, 2, 85, 23252, 24576, 339.46
2026/08/10 21:18:36.187, 0, 98, 22784, 24576, 339.37
2026/08/10 21:18:36.188, 1, 100, 23534, 24576, 300.11
2026/08/10 21:18:36.188, 2, 100, 23252, 24576, 322.70
2026/08/10 21:18:41.192, 0, 100, 22904, 24576, 314.13
2026/08/10 21:18:41.192, 1, 87, 21408, 24576, 299.56
2026/08/10 21:18:41.193, 2, 88, 20928, 24576, 308.91
2026/08/10 21:18:46.194, 0, 97, 22904, 24576, 303.59
2026/08/10 21:18:46.195, 1, 96, 23556, 24576, 307.17
2026/08/10 21:18:46.196, 2, 93, 23154, 24576, 322.70
2026/08/10 21:18:51.197, 0, 100, 22904, 24576, 313.67
2026/08/10 21:18:51.198, 1, 100, 23556, 24576, 313.47
2026/08/10 21:18:51.198, 2, 100, 23154, 24576, 335.61
2026/08/10 21:18:56.199, 0, 84, 22904, 24576, 338.95
2026/08/10 21:18:56.200, 1, 81, 23556, 24576, 309.15
2026/08/10 21:18:56.200, 2, 83, 23154, 24576, 335.89
2026/08/10 21:19:01.201, 0, 86, 22904, 24576, 341.42
2026/08/10 21:19:01.202, 1, 79, 23556, 24576, 311.08
2026/08/10 21:19:01.202, 2, 84, 23154, 24576, 306.65
2026/08/10 21:19:06.203, 0, 99, 13590, 24576, 340.82
2026/08/10 21:19:06.204, 1, 98, 12862, 24576, 311.92
2026/08/10 21:19:06.204, 2, 99, 16142, 24576, 318.08
2026/08/10 21:19:11.205, 0, 87, 13590, 24576, 331.85
2026/08/10 21:19:11.205, 1, 100, 12862, 24576, 189.71
2026/08/10 21:19:11.206, 2, 100, 14018, 24576, 174.16
2026/08/10 21:19:16.207, 0, 94, 24052, 24576, 330.18
2026/08/10 21:19:16.207, 1, 93, 20874, 24576, 308.07
2026/08/10 21:19:16.208, 2, 94, 23274, 24576, 306.35
2026/08/10 21:19:21.209, 0, 100, 24052, 24576, 339.90
2026/08/10 21:19:21.210, 1, 100, 22874, 24576, 313.68
2026/08/10 21:19:21.210, 2, 100, 23314, 24576, 316.93
2026/08/10 21:19:26.211, 0, 79, 24052, 24576, 283.61
2026/08/10 21:19:26.212, 1, 82, 20874, 24576, 295.33
2026/08/10 21:19:26.212, 2, 82, 23274, 24576, 289.74
2026/08/10 21:19:31.213, 0, 83, 24052, 24576, 256.42
2026/08/10 21:19:31.214, 1, 85, 20874, 24576, 312.93
2026/08/10 21:19:31.214, 2, 84, 23274, 24576, 336.46
2026/08/10 21:19:36.215, 0, 87, 15290, 24576, 294.48
2026/08/10 21:19:36.216, 1, 89, 14060, 24576, 273.38
2026/08/10 21:19:36.217, 2, 82, 13214, 24576, 301.75
2026/08/10 21:19:41.218, 0, 98, 18910, 24576, 301.31
2026/08/10 21:19:41.218, 1, 98, 17678, 24576, 289.06
2026/08/10 21:19:41.219, 2, 98, 13198, 24576, 321.44
2026/08/10 21:19:46.220, 0, 93, 22986, 24576, 329.30
2026/08/10 21:19:46.221, 1, 89, 20350, 24576, 298.38
2026/08/10 21:19:46.221, 2, 89, 22532, 24576, 322.58
2026/08/10 21:19:51.222, 0, 97, 22986, 24576, 314.61
2026/08/10 21:19:51.223, 1, 96, 22510, 24576, 303.97
2026/08/10 21:19:51.223, 2, 97, 22532, 24576, 302.61
2026/08/10 21:19:56.224, 0, 30, 22986, 24576, 277.20
2026/08/10 21:19:56.225, 1, 77, 20350, 24576, 275.02
2026/08/10 21:19:56.225, 2, 76, 22532, 24576, 269.29
2026/08/10 21:20:01.227, 0, 84, 22986, 24576, 336.53
2026/08/10 21:20:01.228, 1, 82, 20350, 24576, 310.77
2026/08/10 21:20:01.228, 2, 83, 22532, 24576, 337.24
2026/08/10 21:20:06.229, 0, 100, 22986, 24576, 336.30
2026/08/10 21:20:06.229, 1, 98, 24210, 24576, 332.65
2026/08/10 21:20:06.230, 2, 96, 19632, 24576, 328.23
2026/08/10 21:20:11.231, 0, 98, 22986, 24576, 328.96
2026/08/10 21:20:11.232, 1, 86, 12836, 24576, 269.66
2026/08/10 21:20:11.232, 2, 87, 14078, 24576, 285.36
2026/08/10 21:20:16.233, 0, 88, 23508, 24576, 327.91
2026/08/10 21:20:16.234, 1, 88, 22192, 24576, 311.39
2026/08/10 21:20:16.234, 2, 87, 23474, 24576, 324.01
2026/08/10 21:20:21.235, 0, 88, 23508, 24576, 328.99
2026/08/10 21:20:21.236, 1, 89, 22192, 24576, 313.55
2026/08/10 21:20:21.236, 2, 88, 23474, 24576, 324.25
2026/08/10 21:20:26.237, 0, 100, 23508, 24576, 322.86
2026/08/10 21:20:26.238, 1, 100, 22192, 24576, 312.44
2026/08/10 21:20:26.238, 2, 100, 23474, 24576, 326.98
2026/08/10 21:20:31.239, 0, 82, 23508, 24576, 336.15
2026/08/10 21:20:31.240, 1, 85, 22192, 24576, 305.17
2026/08/10 21:20:31.240, 2, 84, 23474, 24576, 336.55
2026/08/10 21:20:36.241, 0, 100, 23508, 24576, 334.82
2026/08/10 21:20:36.242, 1, 98, 22192, 24576, 300.18
2026/08/10 21:20:36.242, 2, 100, 23474, 24576, 310.42
2026/08/10 21:20:41.243, 0, 100, 13490, 24576, 336.11
2026/08/10 21:20:41.244, 1, 98, 13322, 24576, 301.62
2026/08/10 21:20:41.244, 2, 98, 12862, 24576, 318.75
2026/08/10 21:20:46.245, 0, 85, 20966, 24576, 309.79
2026/08/10 21:20:46.246, 1, 97, 22792, 24576, 301.68
2026/08/10 21:20:46.246, 2, 88, 21850, 24576, 300.43
2026/08/10 21:20:51.247, 0, 100, 20966, 24576, 314.57
2026/08/10 21:20:51.248, 1, 100, 22792, 24576, 315.38
2026/08/10 21:20:51.248, 2, 100, 21850, 24576, 320.98
2026/08/10 21:20:56.249, 0, 72, 20966, 24576, 286.67
2026/08/10 21:20:56.250, 1, 58, 22792, 24576, 286.43
2026/08/10 21:20:56.250, 2, 50, 21850, 24576, 298.19
2026/08/10 21:21:01.251, 0, 83, 20966, 24576, 336.70
2026/08/10 21:21:01.252, 1, 82, 22792, 24576, 310.79
2026/08/10 21:21:01.253, 2, 84, 21850, 24576, 320.76
2026/08/10 21:21:06.253, 0, 98, 20966, 24576, 338.78
2026/08/10 21:21:06.254, 1, 98, 22792, 24576, 336.41
2026/08/10 21:21:06.254, 2, 98, 21850, 24576, 315.38
2026/08/10 21:21:11.255, 0, 98, 20966, 24576, 335.54
2026/08/10 21:21:11.256, 1, 99, 23422, 24576, 302.54
2026/08/10 21:21:11.257, 2, 98, 13062, 24576, 314.72
2026/08/10 21:21:16.257, 0, 87, 23568, 24576, 324.68
2026/08/10 21:21:16.258, 1, 88, 22292, 24576, 308.74
2026/08/10 21:21:16.259, 2, 87, 23594, 24576, 320.30
2026/08/10 21:21:21.260, 0, 100, 23228, 24576, 316.80
2026/08/10 21:21:21.260, 1, 100, 22972, 24576, 317.27
2026/08/10 21:21:21.261, 2, 100, 23954, 24576, 324.24
2026/08/10 21:21:26.262, 0, 94, 23228, 24576, 316.64
2026/08/10 21:21:26.262, 1, 94, 22972, 24576, 294.85
2026/08/10 21:21:26.263, 2, 100, 23954, 24576, 331.07
2026/08/10 21:21:31.264, 0, 81, 23228, 24576, 335.49
2026/08/10 21:21:31.264, 1, 81, 22972, 24576, 321.19
2026/08/10 21:21:31.265, 2, 81, 21734, 24576, 333.43
2026/08/10 21:21:36.266, 0, 78, 23228, 24576, 339.04
2026/08/10 21:21:36.266, 1, 83, 22972, 24576, 308.36
2026/08/10 21:21:36.267, 2, 84, 21734, 24576, 316.32
2026/08/10 21:21:41.268, 0, 98, 22270, 24576, 338.64
2026/08/10 21:21:41.269, 1, 100, 12922, 24576, 310.87
2026/08/10 21:21:41.269, 2, 98, 12862, 24576, 335.96
2026/08/10 21:21:46.270, 0, 97, 14610, 24576, 304.92
2026/08/10 21:21:46.271, 1, 98, 13302, 24576, 302.62
2026/08/10 21:21:46.271, 2, 100, 12862, 24576, 246.71
2026/08/10 21:21:51.272, 0, 90, 21768, 24576, 314.72
2026/08/10 21:21:51.272, 1, 97, 23656, 24576, 319.33
2026/08/10 21:21:51.273, 2, 95, 22794, 24576, 323.65
2026/08/10 21:21:56.274, 0, 97, 21768, 24576, 316.20
2026/08/10 21:21:56.275, 1, 100, 23656, 24576, 314.01
2026/08/10 21:21:56.275, 2, 100, 22794, 24576, 339.91
2026/08/10 21:22:01.276, 0, 86, 23908, 24576, 270.32
2026/08/10 21:22:01.277, 1, 84, 23656, 24576, 284.27
2026/08/10 21:22:01.277, 2, 86, 20794, 24576, 289.43
2026/08/10 21:22:06.278, 0, 84, 23908, 24576, 339.69
2026/08/10 21:22:06.282, 1, 85, 23656, 24576, 310.53
2026/08/10 21:22:06.283, 2, 84, 20794, 24576, 328.68
2026/08/10 21:22:11.284, 0, 98, 19170, 24576, 306.66
2026/08/10 21:22:11.284, 1, 98, 12842, 24576, 288.24
2026/08/10 21:22:11.285, 2, 100, 20794, 24576, 306.27
2026/08/10 21:22:16.286, 0, 98, 22930, 24576, 335.67
2026/08/10 21:22:16.286, 1, 100, 12842, 24576, 299.35
2026/08/10 21:22:16.287, 2, 98, 20794, 24576, 292.68
2026/08/10 21:22:21.287, 0, 90, 23488, 24576, 317.82
2026/08/10 21:22:21.288, 1, 97, 22452, 24576, 312.66
2026/08/10 21:22:21.290, 2, 96, 23194, 24576, 309.73
2026/08/10 21:22:26.291, 0, 88, 23488, 24576, 299.24
2026/08/10 21:22:26.292, 1, 95, 22452, 24576, 285.24
2026/08/10 21:22:26.292, 2, 97, 23194, 24576, 296.25
2026/08/10 21:22:31.293, 0, 55, 23488, 24576, 279.50
2026/08/10 21:22:31.294, 1, 77, 20452, 24576, 277.25
2026/08/10 21:22:31.294, 2, 24, 23194, 24576, 279.30
2026/08/10 21:22:36.295, 0, 83, 23488, 24576, 340.21
2026/08/10 21:22:36.296, 1, 81, 20452, 24576, 309.83
2026/08/10 21:22:36.296, 2, 85, 23194, 24576, 326.48
2026/08/10 21:22:41.297, 0, 100, 23488, 24576, 339.19
2026/08/10 21:22:41.298, 1, 93, 14040, 24576, 274.37
2026/08/10 21:22:41.298, 2, 84, 13942, 24576, 266.96
2026/08/10 21:22:46.299, 0, 98, 23488, 24576, 329.51
2026/08/10 21:22:46.300, 1, 97, 14038, 24576, 313.31
2026/08/10 21:22:46.300, 2, 99, 13938, 24576, 325.86
2026/08/10 21:22:51.301, 0, 93, 20806, 24576, 305.15
2026/08/10 21:22:51.302, 1, 94, 20612, 24576, 303.69
2026/08/10 21:22:51.303, 2, 94, 22952, 24576, 309.97
2026/08/10 21:22:56.304, 0, 100, 20806, 24576, 311.64
2026/08/10 21:22:56.304, 1, 100, 20612, 24576, 296.67
2026/08/10 21:22:56.305, 2, 92, 22952, 24576, 327.47
2026/08/10 21:23:01.306, 0, 81, 23026, 24576, 266.04
2026/08/10 21:23:01.306, 1, 81, 22732, 24576, 280.16
2026/08/10 21:23:01.307, 2, 84, 22952, 24576, 292.20
2026/08/10 21:23:06.309, 0, 79, 23026, 24576, 338.59
2026/08/10 21:23:06.310, 1, 82, 22732, 24576, 308.60
2026/08/10 21:23:06.310, 2, 83, 22952, 24576, 325.94
2026/08/10 21:23:11.311, 0, 98, 23026, 24576, 337.15
2026/08/10 21:23:11.311, 1, 93, 13942, 24576, 270.82
2026/08/10 21:23:11.312, 2, 98, 22952, 24576, 319.67
2026/08/10 21:23:16.314, 0, 98, 23026, 24576, 338.53
2026/08/10 21:23:16.315, 1, 98, 13916, 24576, 316.90
2026/08/10 21:23:16.315, 2, 100, 22952, 24576, 312.67
2026/08/10 21:23:21.316, 0, 99, 21628, 24576, 314.93
2026/08/10 21:23:21.317, 1, 88, 20552, 24576, 301.62
2026/08/10 21:23:21.317, 2, 100, 21734, 24576, 321.88
2026/08/10 21:23:26.318, 0, 96, 21628, 24576, 314.19
2026/08/10 21:23:26.319, 1, 95, 20552, 24576, 304.17
2026/08/10 21:23:26.320, 2, 98, 21734, 24576, 314.28
2026/08/10 21:23:31.321, 0, 60, 23848, 24576, 278.05
2026/08/10 21:23:31.321, 1, 73, 20552, 24576, 278.98
2026/08/10 21:23:31.322, 2, 78, 21734, 24576, 284.90
2026/08/10 21:23:36.323, 0, 47, 23848, 24576, 324.86
2026/08/10 21:23:36.323, 1, 82, 20552, 24576, 306.97
2026/08/10 21:23:36.324, 2, 83, 21734, 24576, 335.92
2026/08/10 21:23:41.325, 0, 96, 17688, 24576, 324.14
2026/08/10 21:23:41.325, 1, 98, 20552, 24576, 300.44
2026/08/10 21:23:41.326, 2, 98, 21734, 24576, 330.42
2026/08/10 21:23:46.327, 0, 98, 13430, 24576, 337.92
2026/08/10 21:23:46.328, 1, 98, 20552, 24576, 272.60
2026/08/10 21:23:46.328, 2, 98, 21734, 24576, 307.08
2026/08/10 21:23:51.329, 0, 96, 23568, 24576, 308.05
2026/08/10 21:23:51.330, 1, 94, 20234, 24576, 299.57
2026/08/10 21:23:51.331, 2, 92, 20452, 24576, 307.05
2026/08/10 21:23:56.332, 0, 96, 23568, 24576, 310.64
2026/08/10 21:23:56.332, 1, 92, 23154, 24576, 303.40
2026/08/10 21:23:56.333, 2, 90, 20632, 24576, 302.66
2026/08/10 21:24:01.334, 0, 22, 21528, 24576, 264.34
2026/08/10 21:24:01.334, 1, 24, 23154, 24576, 276.54
2026/08/10 21:24:01.335, 2, 23, 22712, 24576, 272.87
2026/08/10 21:24:06.336, 0, 83, 21528, 24576, 337.85
2026/08/10 21:24:06.336, 1, 85, 23154, 24576, 304.57
2026/08/10 21:24:06.337, 2, 85, 22712, 24576, 327.38
2026/08/10 21:24:11.338, 0, 98, 21528, 24576, 337.30
2026/08/10 21:24:11.339, 1, 78, 13872, 24576, 272.43
2026/08/10 21:24:11.339, 2, 87, 12818, 24576, 271.20
2026/08/10 21:24:16.340, 0, 98, 21528, 24576, 326.10
2026/08/10 21:24:16.341, 1, 98, 17996, 24576, 293.32
2026/08/10 21:24:16.341, 2, 98, 12862, 24576, 314.63
2026/08/10 21:24:21.343, 0, 88, 21888, 24576, 313.67
2026/08/10 21:24:21.343, 1, 89, 22212, 24576, 306.28
2026/08/10 21:24:21.344, 2, 82, 20852, 24576, 299.79
2026/08/10 21:24:26.345, 0, 89, 21888, 24576, 314.84
2026/08/10 21:24:26.345, 1, 89, 22212, 24576, 319.23
2026/08/10 21:24:26.346, 2, 89, 20852, 24576, 304.35
2026/08/10 21:24:31.347, 0, 72, 21888, 24576, 286.26
2026/08/10 21:24:31.348, 1, 64, 22212, 24576, 302.33
2026/08/10 21:24:31.349, 2, 51, 20852, 24576, 284.83
2026/08/10 21:24:36.350, 0, 83, 21888, 24576, 337.24
2026/08/10 21:24:36.350, 1, 80, 22212, 24576, 309.83
2026/08/10 21:24:36.351, 2, 84, 20852, 24576, 309.18
2026/08/10 21:24:41.352, 0, 97, 21888, 24576, 338.46
2026/08/10 21:24:41.353, 1, 98, 22212, 24576, 314.43
2026/08/10 21:24:41.353, 2, 98, 23412, 24576, 335.74
2026/08/10 21:24:46.354, 0, 100, 21888, 24576, 338.08
2026/08/10 21:24:46.355, 1, 100, 13062, 24576, 305.24
2026/08/10 21:24:46.356, 2, 92, 15502, 24576, 279.52
2026/08/10 21:24:51.357, 0, 94, 23146, 24576, 325.59
2026/08/10 21:24:51.357, 1, 91, 23034, 24576, 311.64
2026/08/10 21:24:51.358, 2, 93, 23374, 24576, 307.90
2026/08/10 21:24:56.358, 0, 94, 23146, 24576, 310.91
2026/08/10 21:24:56.359, 1, 92, 23034, 24576, 309.10
2026/08/10 21:24:56.360, 2, 92, 23374, 24576, 305.83
2026/08/10 21:25:01.361, 0, 100, 23146, 24576, 298.83
2026/08/10 21:25:01.361, 1, 97, 23034, 24576, 302.84
2026/08/10 21:25:01.362, 2, 96, 20134, 24576, 316.69
2026/08/10 21:25:06.363, 0, 82, 21086, 24576, 336.95
2026/08/10 21:25:06.364, 1, 83, 23034, 24576, 310.45
2026/08/10 21:25:06.365, 2, 84, 23374, 24576, 332.76
2026/08/10 21:25:11.365, 0, 100, 21086, 24576, 235.12
2026/08/10 21:25:11.366, 1, 82, 23034, 24576, 312.20
2026/08/10 21:25:11.366, 2, 100, 23374, 24576, 175.67
2026/08/10 21:25:16.367, 0, 98, 18130, 24576, 339.44
2026/08/10 21:25:16.368, 1, 100, 13064, 24576, 306.36
2026/08/10 21:25:16.369, 2, 98, 12800, 24576, 305.14
2026/08/10 21:25:21.369, 0, 100, 14410, 24576, 180.56
2026/08/10 21:25:21.370, 1, 98, 13064, 24576, 303.18
2026/08/10 21:25:21.371, 2, 100, 12800, 24576, 171.84
2026/08/10 21:25:26.372, 0, 86, 21266, 24576, 299.22
2026/08/10 21:25:26.372, 1, 88, 23598, 24576, 311.83
2026/08/10 21:25:26.373, 2, 100, 21670, 24576, 292.70
2026/08/10 21:25:31.374, 0, 98, 20926, 24576, 301.13
2026/08/10 21:25:31.374, 1, 100, 23218, 24576, 313.33
2026/08/10 21:25:31.375, 2, 100, 21670, 24576, 318.82
2026/08/10 21:25:36.376, 0, 10, 22926, 24576, 269.90
2026/08/10 21:25:36.377, 1, 30, 23218, 24576, 282.93
2026/08/10 21:25:36.377, 2, 22, 19750, 24576, 244.09
2026/08/10 21:25:41.378, 0, 81, 22926, 24576, 340.03
2026/08/10 21:25:41.379, 1, 81, 23218, 24576, 309.30
2026/08/10 21:25:41.379, 2, 84, 19750, 24576, 336.04
2026/08/10 21:25:46.380, 0, 98, 23906, 24576, 340.55
2026/08/10 21:25:46.381, 1, 98, 24158, 24576, 304.61
2026/08/10 21:25:46.381, 2, 98, 23910, 24576, 334.88
2026/08/10 21:25:51.382, 0, 98, 13590, 24576, 337.75
2026/08/10 21:25:51.383, 1, 98, 14016, 24576, 291.07
2026/08/10 21:25:51.383, 2, 98, 13242, 24576, 330.56
2026/08/10 21:25:56.384, 0, 89, 23750, 24576, 335.34
2026/08/10 21:25:56.385, 1, 100, 22450, 24576, 325.01
2026/08/10 21:25:56.385, 2, 95, 23154, 24576, 322.64
2026/08/10 21:26:01.386, 0, 100, 23390, 24576, 338.06
2026/08/10 21:26:01.387, 1, 88, 22450, 24576, 332.16
2026/08/10 21:26:01.387, 2, 89, 23154, 24576, 319.78
2026/08/10 21:26:06.388, 0, 100, 23390, 24576, 338.91
2026/08/10 21:26:06.389, 1, 100, 22450, 24576, 335.48
2026/08/10 21:26:06.390, 2, 100, 23154, 24576, 322.25
2026/08/10 21:26:11.391, 0, 84, 23390, 24576, 336.00
2026/08/10 21:26:11.391, 1, 85, 22450, 24576, 319.62
2026/08/10 21:26:11.392, 2, 84, 23154, 24576, 336.29
2026/08/10 21:26:16.393, 0, 83, 23390, 24576, 340.81
2026/08/10 21:26:16.394, 1, 81, 22450, 24576, 313.65
2026/08/10 21:26:16.394, 2, 80, 23154, 24576, 306.77
2026/08/10 21:26:21.395, 0, 98, 13450, 24576, 300.68
2026/08/10 21:26:21.396, 1, 98, 13262, 24576, 289.99
2026/08/10 21:26:21.396, 2, 98, 23154, 24576, 324.07
2026/08/10 21:26:26.397, 0, 100, 21908, 24576, 328.28
2026/08/10 21:26:26.401, 1, 97, 23114, 24576, 320.85
2026/08/10 21:26:26.402, 2, 96, 23154, 24576, 338.44
2026/08/10 21:26:31.403, 0, 89, 21908, 24576, 327.78
2026/08/10 21:26:31.404, 1, 88, 23114, 24576, 309.94
2026/08/10 21:26:31.404, 2, 89, 23154, 24576, 340.23
2026/08/10 21:26:36.405, 0, 100, 23968, 24576, 335.08
2026/08/10 21:26:36.406, 1, 97, 23114, 24576, 308.85
2026/08/10 21:26:36.406, 2, 97, 23154, 24576, 326.19
2026/08/10 21:26:41.407, 0, 83, 21908, 24576, 337.37
2026/08/10 21:26:41.407, 1, 82, 23114, 24576, 310.69
2026/08/10 21:26:41.410, 2, 82, 23154, 24576, 332.80
2026/08/10 21:26:46.411, 0, 98, 21908, 24576, 337.05
2026/08/10 21:26:46.412, 1, 100, 23114, 24576, 287.93
2026/08/10 21:26:46.413, 2, 98, 23154, 24576, 288.44
2026/08/10 21:26:51.413, 0, 98, 13930, 24576, 326.40
2026/08/10 21:26:51.414, 1, 98, 20918, 24576, 306.14
2026/08/10 21:26:51.414, 2, 100, 23154, 24576, 307.77
2026/08/10 21:26:56.415, 0, 100, 24130, 24576, 324.07
2026/08/10 21:26:56.416, 1, 96, 20410, 24576, 249.88
2026/08/10 21:26:56.416, 2, 97, 23154, 24576, 246.87
2026/08/10 21:27:01.418, 0, 94, 23208, 24576, 329.03
2026/08/10 21:27:01.418, 1, 90, 20470, 24576, 292.69
2026/08/10 21:27:01.419, 2, 99, 23154, 24576, 299.13
2026/08/10 21:27:06.419, 0, 100, 23208, 24576, 337.16
2026/08/10 21:27:06.420, 1, 97, 23350, 24576, 302.65
2026/08/10 21:27:06.421, 2, 100, 23154, 24576, 306.67
2026/08/10 21:27:11.422, 0, 81, 23208, 24576, 334.37
2026/08/10 21:27:11.422, 1, 80, 22450, 24576, 323.64
2026/08/10 21:27:11.423, 2, 82, 23154, 24576, 330.63
2026/08/10 21:27:16.424, 0, 82, 23208, 24576, 336.16
2026/08/10 21:27:16.425, 1, 81, 22450, 24576, 306.93
2026/08/10 21:27:16.425, 2, 82, 23154, 24576, 337.50
2026/08/10 21:27:21.430, 0, 98, 14470, 24576, 298.16
2026/08/10 21:27:21.430, 1, 98, 13064, 24576, 288.02
2026/08/10 21:27:21.431, 2, 100, 14042, 24576, 294.29
2026/08/10 21:27:26.431, 0, 98, 14470, 24576, 335.44
2026/08/10 21:27:26.432, 1, 100, 13064, 24576, 300.65
2026/08/10 21:27:26.433, 2, 98, 14038, 24576, 332.59
2026/08/10 21:27:31.433, 0, 89, 20946, 24576, 291.46
2026/08/10 21:27:31.434, 1, 89, 24136, 24576, 316.51
2026/08/10 21:27:31.435, 2, 89, 20490, 24576, 281.75
2026/08/10 21:27:36.435, 0, 100, 20946, 24576, 298.12
2026/08/10 21:27:36.436, 1, 100, 24136, 24576, 321.83
2026/08/10 21:27:36.437, 2, 100, 20490, 24576, 285.19
2026/08/10 21:27:41.438, 0, 89, 20946, 24576, 292.53
2026/08/10 21:27:41.438, 1, 95, 24136, 24576, 304.40
2026/08/10 21:27:41.439, 2, 89, 20490, 24576, 285.64
2026/08/10 21:27:46.440, 0, 82, 22986, 24576, 335.93
2026/08/10 21:27:46.440, 1, 0, 21916, 24576, 253.40
2026/08/10 21:27:46.441, 2, 82, 22610, 24576, 307.63
2026/08/10 21:27:51.442, 0, 78, 22986, 24576, 332.21
2026/08/10 21:27:51.443, 1, 82, 21916, 24576, 310.00
2026/08/10 21:27:51.443, 2, 100, 22610, 24576, 294.19
2026/08/10 21:27:56.444, 0, 98, 22986, 24576, 337.96
2026/08/10 21:27:56.445, 1, 98, 16102, 24576, 300.28
2026/08/10 21:27:56.445, 2, 98, 22610, 24576, 322.94
2026/08/10 21:28:01.446, 0, 100, 22288, 24576, 325.51
2026/08/10 21:28:01.447, 1, 100, 22774, 24576, 303.96
2026/08/10 21:28:01.448, 2, 95, 22772, 24576, 314.55
2026/08/10 21:28:06.449, 0, 92, 23008, 24576, 315.97
2026/08/10 21:28:06.449, 1, 93, 22774, 24576, 305.70
2026/08/10 21:28:06.450, 2, 96, 22772, 24576, 301.40
2026/08/10 21:28:11.451, 0, 94, 23008, 24576, 315.97
2026/08/10 21:28:11.451, 1, 100, 22774, 24576, 309.94
2026/08/10 21:28:11.452, 2, 100, 22772, 24576, 321.10
2026/08/10 21:28:16.453, 0, 81, 23008, 24576, 336.81
2026/08/10 21:28:16.453, 1, 81, 22774, 24576, 315.72
2026/08/10 21:28:16.454, 2, 81, 22772, 24576, 337.30
2026/08/10 21:28:21.455, 0, 84, 23008, 24576, 340.19
2026/08/10 21:28:21.455, 1, 83, 22774, 24576, 309.54
2026/08/10 21:28:21.456, 2, 100, 22772, 24576, 288.86
2026/08/10 21:28:26.457, 0, 98, 14410, 24576, 338.35
2026/08/10 21:28:26.457, 1, 100, 13064, 24576, 289.15
2026/08/10 21:28:26.458, 2, 98, 12840, 24576, 337.95
2026/08/10 21:28:31.459, 0, 100, 14410, 24576, 231.37
2026/08/10 21:28:31.464, 1, 98, 13064, 24576, 303.71
2026/08/10 21:28:31.469, 2, 100, 12840, 24576, 174.48
2026/08/10 21:28:36.470, 0, 100, 23026, 24576, 321.66
2026/08/10 21:28:36.470, 1, 89, 23518, 24576, 310.19
2026/08/10 21:28:36.471, 2, 89, 20270, 24576, 283.77
2026/08/10 21:28:41.472, 0, 100, 23026, 24576, 330.22
2026/08/10 21:28:41.473, 1, 98, 23518, 24576, 309.35
2026/08/10 21:28:41.473, 2, 95, 19930, 24576, 280.60
2026/08/10 21:28:46.474, 0, 88, 21366, 24576, 298.99
2026/08/10 21:28:46.475, 1, 89, 23518, 24576, 308.37
2026/08/10 21:28:46.476, 2, 100, 21910, 24576, 312.72
2026/08/10 21:28:51.477, 0, 84, 23026, 24576, 339.14
2026/08/10 21:28:51.477, 1, 84, 23518, 24576, 306.57
2026/08/10 21:28:51.478, 2, 84, 19930, 24576, 335.00
2026/08/10 21:28:56.479, 0, 98, 23026, 24576, 257.56
2026/08/10 21:28:56.480, 1, 98, 23518, 24576, 308.61
2026/08/10 21:28:56.480, 2, 98, 19930, 24576, 255.26
2026/08/10 21:29:01.481, 0, 98, 23026, 24576, 340.65
2026/08/10 21:29:01.482, 1, 100, 13064, 24576, 306.50
2026/08/10 21:29:01.482, 2, 98, 13004, 24576, 325.38
2026/08/10 21:29:06.483, 0, 100, 20646, 24576, 219.65
2026/08/10 21:29:06.484, 1, 100, 23652, 24576, 290.14
2026/08/10 21:29:06.484, 2, 93, 23612, 24576, 219.09
2026/08/10 21:29:11.485, 0, 88, 23386, 24576, 327.70
2026/08/10 21:29:11.486, 1, 89, 21956, 24576, 311.52
2026/08/10 21:29:11.486, 2, 89, 21876, 24576, 322.23
2026/08/10 21:29:16.488, 0, 100, 23386, 24576, 327.68
2026/08/10 21:29:16.488, 1, 100, 21956, 24576, 302.75
2026/08/10 21:29:16.489, 2, 100, 21876, 24576, 314.04
2026/08/10 21:29:21.490, 0, 0, 23386, 24576, 163.35
2026/08/10 21:29:21.490, 1, 100, 21956, 24576, 188.21
2026/08/10 21:29:21.491, 2, 100, 21876, 24576, 173.22
2026/08/10 21:29:26.491, 0, 81, 23386, 24576, 339.02
2026/08/10 21:29:26.492, 1, 82, 21956, 24576, 333.80
2026/08/10 21:29:26.493, 2, 79, 21876, 24576, 336.40
2026/08/10 21:29:31.493, 0, 85, 23386, 24576, 345.16
2026/08/10 21:29:31.494, 1, 100, 21956, 24576, 279.87
2026/08/10 21:29:31.495, 2, 86, 21876, 24576, 331.78
2026/08/10 21:29:36.495, 0, 98, 14790, 24576, 341.58
2026/08/10 21:29:36.496, 1, 98, 13220, 24576, 330.83
2026/08/10 21:29:36.497, 2, 98, 13982, 24576, 338.77
2026/08/10 21:29:41.497, 0, 96, 23052, 24576, 261.85
2026/08/10 21:29:41.498, 1, 100, 22260, 24576, 277.41
2026/08/10 21:29:41.499, 2, 99, 20858, 24576, 302.79
2026/08/10 21:29:46.499, 0, 100, 23106, 24576, 327.82
2026/08/10 21:29:46.500, 1, 88, 22310, 24576, 321.56
2026/08/10 21:29:46.501, 2, 100, 20914, 24576, 317.92
2026/08/10 21:29:51.502, 0, 88, 23526, 24576, 327.35
2026/08/10 21:29:51.502, 1, 100, 22310, 24576, 307.95
2026/08/10 21:29:51.503, 2, 89, 22974, 24576, 315.87
2026/08/10 21:29:56.503, 0, 81, 23106, 24576, 337.06
2026/08/10 21:29:56.504, 1, 81, 22310, 24576, 326.64
2026/08/10 21:29:56.505, 2, 79, 22974, 24576, 332.56
2026/08/10 21:30:01.505, 0, 86, 23106, 24576, 340.50
2026/08/10 21:30:01.506, 1, 85, 22310, 24576, 315.46
2026/08/10 21:30:01.507, 2, 100, 22974, 24576, 280.04
2026/08/10 21:30:06.508, 0, 100, 13530, 24576, 338.60
2026/08/10 21:30:06.508, 1, 100, 23442, 24576, 303.11
2026/08/10 21:30:06.509, 2, 98, 22382, 24576, 321.93
2026/08/10 21:30:11.509, 0, 100, 13530, 24576, 182.61
2026/08/10 21:30:11.510, 1, 100, 21536, 24576, 316.82
2026/08/10 21:30:11.511, 2, 100, 13158, 24576, 216.72
2026/08/10 21:30:16.512, 0, 100, 21466, 24576, 312.22
2026/08/10 21:30:16.512, 1, 100, 21714, 24576, 316.30
2026/08/10 21:30:16.513, 2, 89, 22472, 24576, 324.33
2026/08/10 21:30:21.514, 0, 100, 21466, 24576, 318.35
2026/08/10 21:30:21.514, 1, 100, 21714, 24576, 316.11
2026/08/10 21:30:21.515, 2, 100, 22472, 24576, 321.39
2026/08/10 21:30:26.515, 0, 93, 21466, 24576, 317.85
2026/08/10 21:30:26.516, 1, 94, 21714, 24576, 322.07
2026/08/10 21:30:26.517, 2, 100, 22472, 24576, 324.12
2026/08/10 21:30:31.517, 0, 84, 21466, 24576, 338.66
2026/08/10 21:30:31.518, 1, 81, 21714, 24576, 312.78
2026/08/10 21:30:31.519, 2, 85, 22472, 24576, 338.29
2026/08/10 21:30:36.520, 0, 98, 21466, 24576, 338.25
2026/08/10 21:30:36.523, 1, 97, 22974, 24576, 312.69
2026/08/10 21:30:36.524, 2, 98, 23072, 24576, 323.37
2026/08/10 21:30:41.525, 0, 98, 21466, 24576, 340.07
2026/08/10 21:30:41.526, 1, 90, 13978, 24576, 272.22
2026/08/10 21:30:41.526, 2, 99, 13262, 24576, 316.97
2026/08/10 21:30:46.527, 0, 100, 21988, 24576, 314.79
2026/08/10 21:30:46.528, 1, 84, 22072, 24576, 293.37
2026/08/10 21:30:46.528, 2, 96, 23012, 24576, 324.27
2026/08/10 21:30:51.529, 0, 100, 21988, 24576, 315.92
2026/08/10 21:30:51.530, 1, 100, 22072, 24576, 310.35
2026/08/10 21:30:51.533, 2, 100, 23012, 24576, 323.09
2026/08/10 21:30:56.534, 0, 100, 21988, 24576, 315.41
2026/08/10 21:30:56.535, 1, 100, 22072, 24576, 315.72
2026/08/10 21:30:56.536, 2, 100, 23012, 24576, 324.61
2026/08/10 21:31:01.536, 0, 80, 21988, 24576, 337.70
2026/08/10 21:31:01.537, 1, 82, 22072, 24576, 314.86
2026/08/10 21:31:01.537, 2, 85, 23012, 24576, 328.05
2026/08/10 21:31:06.538, 0, 98, 21988, 24576, 335.61
2026/08/10 21:31:06.539, 1, 98, 22932, 24576, 317.12
2026/08/10 21:31:06.540, 2, 99, 23012, 24576, 319.98
2026/08/10 21:31:11.540, 0, 98, 22250, 24576, 335.78
2026/08/10 21:31:11.541, 1, 90, 13242, 24576, 269.61
2026/08/10 21:31:11.541, 2, 100, 19842, 24576, 321.70
2026/08/10 21:31:16.542, 0, 97, 21650, 24576, 325.78
2026/08/10 21:31:16.543, 1, 96, 22854, 24576, 316.23
2026/08/10 21:31:16.544, 2, 100, 23836, 24576, 330.16
2026/08/10 21:31:21.544, 0, 100, 23510, 24576, 340.67
2026/08/10 21:31:21.545, 1, 100, 22854, 24576, 310.48
2026/08/10 21:31:21.546, 2, 89, 23836, 24576, 319.57
2026/08/10 21:31:26.547, 0, 100, 23910, 24576, 329.22
2026/08/10 21:31:26.548, 1, 99, 21114, 24576, 304.37
2026/08/10 21:31:26.548, 2, 100, 23836, 24576, 316.12
2026/08/10 21:31:31.552, 0, 81, 23910, 24576, 336.63
2026/08/10 21:31:31.552, 1, 82, 22854, 24576, 312.83
2026/08/10 21:31:31.553, 2, 84, 23836, 24576, 329.74
2026/08/10 21:31:36.553, 0, 100, 23910, 24576, 266.88
2026/08/10 21:31:36.554, 1, 85, 22854, 24576, 313.32
2026/08/10 21:31:36.554, 2, 84, 23836, 24576, 322.65
2026/08/10 21:31:41.555, 0, 100, 16330, 24576, 338.82
2026/08/10 21:31:41.556, 1, 100, 12822, 24576, 310.72
2026/08/10 21:31:41.556, 2, 100, 23836, 24576, 310.61
2026/08/10 21:31:46.557, 0, 100, 14330, 24576, 181.04
2026/08/10 21:31:46.558, 1, 100, 12822, 24576, 206.29
2026/08/10 21:31:46.558, 2, 84, 23836, 24576, 307.96
2026/08/10 21:31:51.560, 0, 89, 21982, 24576, 328.05
2026/08/10 21:31:51.560, 1, 100, 22172, 24576, 327.04
2026/08/10 21:31:51.561, 2, 100, 23856, 24576, 333.89
2026/08/10 21:31:56.562, 0, 87, 21982, 24576, 335.64
2026/08/10 21:31:56.562, 1, 100, 22172, 24576, 299.57
2026/08/10 21:31:56.563, 2, 97, 23856, 24576, 326.13
2026/08/10 21:32:01.564, 0, 61, 21982, 24576, 322.97
2026/08/10 21:32:01.564, 1, 83, 22172, 24576, 326.33
2026/08/10 21:32:01.565, 2, 82, 23856, 24576, 330.03
2026/08/10 21:32:06.566, 0, 84, 21982, 24576, 340.06
2026/08/10 21:32:06.566, 1, 84, 22172, 24576, 329.51
2026/08/10 21:32:06.567, 2, 84, 23856, 24576, 330.27
2026/08/10 21:32:11.568, 0, 98, 21982, 24576, 340.17
2026/08/10 21:32:11.568, 1, 98, 16762, 24576, 279.15
2026/08/10 21:32:11.569, 2, 98, 13042, 24576, 284.08
2026/08/10 21:32:16.570, 0, 97, 21982, 24576, 339.95
2026/08/10 21:32:16.571, 1, 98, 20496, 24576, 317.18
2026/08/10 21:32:16.571, 2, 98, 13042, 24576, 313.86
2026/08/10 21:32:21.572, 0, 89, 21346, 24576, 318.43
2026/08/10 21:32:21.573, 1, 89, 23092, 24576, 321.73
2026/08/10 21:32:21.573, 2, 89, 21654, 24576, 323.03
2026/08/10 21:32:26.574, 0, 100, 21346, 24576, 317.02
2026/08/10 21:32:26.575, 1, 100, 23092, 24576, 309.58
2026/08/10 21:32:26.575, 2, 100, 21654, 24576, 319.87
2026/08/10 21:32:31.576, 0, 100, 21346, 24576, 320.47
2026/08/10 21:32:31.577, 1, 100, 23092, 24576, 320.35
2026/08/10 21:32:31.577, 2, 100, 21654, 24576, 325.60
2026/08/10 21:32:36.578, 0, 81, 21346, 24576, 338.78
2026/08/10 21:32:36.578, 1, 81, 23092, 24576, 313.31
2026/08/10 21:32:36.579, 2, 82, 21654, 24576, 326.55
2026/08/10 21:32:41.580, 0, 98, 21346, 24576, 341.50
2026/08/10 21:32:41.581, 1, 98, 23092, 24576, 304.67
2026/08/10 21:32:41.581, 2, 98, 21654, 24576, 337.37
2026/08/10 21:32:46.582, 0, 98, 21346, 24576, 340.79
2026/08/10 21:32:46.582, 1, 98, 23092, 24576, 308.26
2026/08/10 21:32:46.583, 2, 98, 13262, 24576, 303.45
2026/08/10 21:32:51.584, 0, 88, 23108, 24576, 330.56
2026/08/10 21:32:51.585, 1, 88, 21496, 24576, 290.66
2026/08/10 21:32:51.585, 2, 88, 23114, 24576, 330.27
2026/08/10 21:32:56.586, 0, 88, 23108, 24576, 327.70
2026/08/10 21:32:56.587, 1, 85, 21496, 24576, 296.03
2026/08/10 21:32:56.587, 2, 100, 23114, 24576, 328.04
2026/08/10 21:33:01.588, 0, 85, 23108, 24576, 330.03
2026/08/10 21:33:01.589, 1, 89, 21496, 24576, 327.10
2026/08/10 21:33:01.589, 2, 100, 23114, 24576, 322.20
2026/08/10 21:33:06.590, 0, 81, 23108, 24576, 338.41
2026/08/10 21:33:06.590, 1, 84, 23716, 24576, 304.88
2026/08/10 21:33:06.591, 2, 83, 23114, 24576, 337.27
2026/08/10 21:33:11.592, 0, 98, 23108, 24576, 316.81
2026/08/10 21:33:11.593, 1, 98, 23716, 24576, 303.86
2026/08/10 21:33:11.593, 2, 98, 23114, 24576, 291.53
2026/08/10 21:33:16.594, 0, 98, 13530, 24576, 334.66
2026/08/10 21:33:16.595, 1, 98, 13022, 24576, 297.88
2026/08/10 21:33:16.595, 2, 100, 13042, 24576, 325.22
2026/08/10 21:33:21.596, 0, 100, 23352, 24576, 275.54
2026/08/10 21:33:21.597, 1, 100, 23420, 24576, 296.31
2026/08/10 21:33:21.597, 2, 100, 22738, 24576, 264.44
2026/08/10 21:33:26.598, 0, 93, 23748, 24576, 319.15
2026/08/10 21:33:26.599, 1, 95, 23836, 24576, 311.64
2026/08/10 21:33:26.599, 2, 94, 22792, 24576, 309.65
2026/08/10 21:33:31.600, 0, 100, 23748, 24576, 301.64
2026/08/10 21:33:31.600, 1, 100, 23836, 24576, 310.43
2026/08/10 21:33:31.601, 2, 93, 22792, 24576, 300.48
2026/08/10 21:33:36.602, 0, 82, 21608, 24576, 337.59
2026/08/10 21:33:36.602, 1, 83, 21656, 24576, 315.54
2026/08/10 21:33:36.603, 2, 83, 20572, 24576, 331.73
2026/08/10 21:33:41.604, 0, 84, 21608, 24576, 340.04
2026/08/10 21:33:41.605, 1, 85, 21656, 24576, 311.88
2026/08/10 21:33:41.606, 2, 83, 20572, 24576, 319.08
2026/08/10 21:33:46.607, 0, 98, 21608, 24576, 336.98
2026/08/10 21:33:46.607, 1, 98, 13042, 24576, 318.34
2026/08/10 21:33:46.608, 2, 98, 13942, 24576, 322.93
2026/08/10 21:33:51.609, 0, 98, 21608, 24576, 337.65
2026/08/10 21:33:51.609, 1, 98, 13042, 24576, 313.94
2026/08/10 21:33:51.610, 2, 98, 13944, 24576, 316.85
2026/08/10 21:33:56.610, 0, 100, 23450, 24576, 333.76
2026/08/10 21:33:56.611, 1, 100, 23094, 24576, 342.10
2026/08/10 21:33:56.611, 2, 100, 22036, 24576, 330.77
2026/08/10 21:34:01.612, 0, 100, 23450, 24576, 315.12
2026/08/10 21:34:01.613, 1, 99, 23094, 24576, 304.81
2026/08/10 21:34:01.614, 2, 95, 22036, 24576, 300.38
2026/08/10 21:34:06.614, 0, 80, 23450, 24576, 302.87
2026/08/10 21:34:06.615, 1, 69, 20874, 24576, 288.14
2026/08/10 21:34:06.616, 2, 57, 22036, 24576, 305.91
2026/08/10 21:34:11.617, 0, 82, 23450, 24576, 338.82
2026/08/10 21:34:11.618, 1, 84, 20874, 24576, 305.59
2026/08/10 21:34:11.618, 2, 82, 22036, 24576, 324.72
2026/08/10 21:34:16.619, 0, 97, 24170, 24576, 336.67
2026/08/10 21:34:16.620, 1, 98, 22834, 24576, 311.08
2026/08/10 21:34:16.620, 2, 97, 22036, 24576, 314.29
2026/08/10 21:34:21.621, 0, 100, 13530, 24576, 338.70
2026/08/10 21:34:21.621, 1, 100, 13262, 24576, 269.17
2026/08/10 21:34:21.622, 2, 98, 21622, 24576, 313.79
2026/08/10 21:34:26.623, 0, 89, 23306, 24576, 316.80
2026/08/10 21:34:26.623, 1, 88, 22952, 24576, 318.20
2026/08/10 21:34:26.624, 2, 89, 23104, 24576, 312.23
2026/08/10 21:34:31.625, 0, 100, 23646, 24576, 331.98
2026/08/10 21:34:31.625, 1, 100, 22952, 24576, 319.16
2026/08/10 21:34:31.626, 2, 98, 23116, 24576, 324.49
2026/08/10 21:34:36.627, 0, 100, 23646, 24576, 290.86
2026/08/10 21:34:36.628, 1, 100, 22952, 24576, 295.83
2026/08/10 21:34:36.628, 2, 100, 21954, 24576, 302.47
2026/08/10 21:34:41.629, 0, 83, 21506, 24576, 337.96
2026/08/10 21:34:41.630, 1, 80, 22952, 24576, 335.17
2026/08/10 21:34:41.630, 2, 83, 23116, 24576, 335.12
2026/08/10 21:34:46.631, 0, 82, 21506, 24576, 340.48
2026/08/10 21:34:46.632, 1, 81, 22952, 24576, 319.24
2026/08/10 21:34:46.632, 2, 83, 23116, 24576, 326.98
2026/08/10 21:34:51.633, 0, 97, 13570, 24576, 339.19
2026/08/10 21:34:51.634, 1, 98, 22952, 24576, 295.15
2026/08/10 21:34:51.634, 2, 100, 13002, 24576, 298.99
2026/08/10 21:34:56.635, 0, 87, 14050, 24576, 282.90
2026/08/10 21:34:56.636, 1, 100, 22952, 24576, 227.68
2026/08/10 21:34:56.637, 2, 86, 13622, 24576, 302.04
2026/08/10 21:35:01.637, 0, 97, 23788, 24576, 324.30
2026/08/10 21:35:01.641, 1, 100, 22952, 24576, 295.31
2026/08/10 21:35:01.642, 2, 96, 23614, 24576, 325.68
2026/08/10 21:35:06.643, 0, 89, 23788, 24576, 338.59
2026/08/10 21:35:06.643, 1, 100, 22952, 24576, 312.16
2026/08/10 21:35:06.644, 2, 100, 23614, 24576, 334.89
2026/08/10 21:35:11.645, 0, 83, 21588, 24576, 337.09
2026/08/10 21:35:11.645, 1, 81, 22952, 24576, 316.40
2026/08/10 21:35:11.645, 2, 80, 21474, 24576, 335.73
2026/08/10 21:35:16.646, 0, 84, 21588, 24576, 340.27
2026/08/10 21:35:16.647, 1, 79, 22952, 24576, 315.42
2026/08/10 21:35:16.647, 2, 82, 21474, 24576, 318.47
2026/08/10 21:35:21.648, 0, 100, 24090, 24576, 337.89
2026/08/10 21:35:21.648, 1, 100, 24122, 24576, 284.32
2026/08/10 21:35:21.650, 2, 100, 22482, 24576, 333.90
2026/08/10 21:35:26.651, 0, 98, 22930, 24576, 334.60
2026/08/10 21:35:26.652, 1, 90, 16378, 24576, 281.64
2026/08/10 21:35:26.652, 2, 98, 13442, 24576, 317.53
2026/08/10 21:35:31.653, 0, 89, 24150, 24576, 336.22
2026/08/10 21:35:31.654, 1, 100, 22932, 24576, 333.58
2026/08/10 21:35:31.654, 2, 100, 21596, 24576, 302.46
2026/08/10 21:35:36.655, 0, 100, 24150, 24576, 339.65
2026/08/10 21:35:36.656, 1, 88, 22932, 24576, 337.31
2026/08/10 21:35:36.656, 2, 100, 21596, 24576, 327.03
2026/08/10 21:35:41.657, 0, 100, 24150, 24576, 333.99
2026/08/10 21:35:41.658, 1, 100, 22932, 24576, 323.28
2026/08/10 21:35:41.658, 2, 92, 21596, 24576, 309.57
2026/08/10 21:35:46.659, 0, 84, 24150, 24576, 338.52
2026/08/10 21:35:46.659, 1, 82, 22932, 24576, 313.34
2026/08/10 21:35:46.660, 2, 81, 21596, 24576, 319.89
2026/08/10 21:35:51.661, 0, 98, 24150, 24576, 338.60
2026/08/10 21:35:51.662, 1, 98, 22932, 24576, 327.99
2026/08/10 21:35:51.662, 2, 100, 21596, 24576, 323.77
2026/08/10 21:35:56.663, 0, 93, 14410, 24576, 299.18
2026/08/10 21:35:56.664, 1, 100, 12802, 24576, 313.72
2026/08/10 21:35:56.664, 2, 99, 21596, 24576, 311.61
2026/08/10 21:36:01.667, 0, 89, 22644, 24576, 333.60
2026/08/10 21:36:01.668, 1, 100, 20712, 24576, 311.05
2026/08/10 21:36:01.668, 2, 100, 21656, 24576, 315.36
2026/08/10 21:36:06.669, 0, 100, 22644, 24576, 316.93
2026/08/10 21:36:06.670, 1, 94, 20712, 24576, 309.33
2026/08/10 21:36:06.670, 2, 97, 21656, 24576, 295.58
2026/08/10 21:36:11.671, 0, 97, 22644, 24576, 293.77
2026/08/10 21:36:11.673, 1, 89, 20712, 24576, 298.09
2026/08/10 21:36:11.674, 2, 91, 21656, 24576, 318.16
2026/08/10 21:36:16.676, 0, 83, 22644, 24576, 337.33
2026/08/10 21:36:16.677, 1, 82, 20712, 24576, 318.33
2026/08/10 21:36:16.677, 2, 84, 21656, 24576, 322.39
2026/08/10 21:36:21.678, 0, 83, 22644, 24576, 340.59
2026/08/10 21:36:21.679, 1, 84, 20712, 24576, 319.05
2026/08/10 21:36:21.679, 2, 84, 21656, 24576, 337.23
2026/08/10 21:36:26.680, 0, 98, 13590, 24576, 327.60
2026/08/10 21:36:26.681, 1, 98, 12842, 24576, 330.80
2026/08/10 21:36:26.681, 2, 98, 21656, 24576, 316.55
2026/08/10 21:36:31.682, 0, 98, 13590, 24576, 338.16
2026/08/10 21:36:31.683, 1, 70, 12842, 24576, 282.48
2026/08/10 21:36:31.683, 2, 100, 21656, 24576, 225.30
2026/08/10 21:36:36.684, 0, 88, 23390, 24576, 333.55
2026/08/10 21:36:36.685, 1, 89, 20512, 24576, 304.18
2026/08/10 21:36:36.685, 2, 84, 21372, 24576, 314.44
2026/08/10 21:36:41.686, 0, 100, 23390, 24576, 338.40
2026/08/10 21:36:41.687, 1, 100, 20512, 24576, 301.32
2026/08/10 21:36:41.688, 2, 100, 21372, 24576, 320.16
2026/08/10 21:36:46.689, 0, 100, 23390, 24576, 339.50
2026/08/10 21:36:46.689, 1, 98, 20512, 24576, 305.78
2026/08/10 21:36:46.690, 2, 100, 21372, 24576, 316.78
2026/08/10 21:36:51.691, 0, 85, 23390, 24576, 337.54
2026/08/10 21:36:51.691, 1, 80, 20512, 24576, 321.86
2026/08/10 21:36:51.692, 2, 85, 21372, 24576, 336.25
2026/08/10 21:36:56.693, 0, 100, 23390, 24576, 321.96
2026/08/10 21:36:56.693, 1, 98, 20512, 24576, 307.07
2026/08/10 21:36:56.694, 2, 98, 21372, 24576, 323.43
2026/08/10 21:37:01.695, 0, 98, 24130, 24576, 338.66
2026/08/10 21:37:01.695, 1, 98, 13462, 24576, 300.58
2026/08/10 21:37:01.696, 2, 98, 12862, 24576, 327.40
2026/08/10 21:37:06.697, 0, 87, 22804, 24576, 245.55
2026/08/10 21:37:06.697, 1, 93, 23634, 24576, 304.75
2026/08/10 21:37:06.698, 2, 99, 22034, 24576, 241.22
2026/08/10 21:37:11.699, 0, 100, 23586, 24576, 306.12
2026/08/10 21:37:11.700, 1, 100, 22776, 24576, 308.15
2026/08/10 21:37:11.700, 2, 100, 22432, 24576, 280.08
2026/08/10 21:37:16.702, 0, 86, 22866, 24576, 325.39
2026/08/10 21:37:16.703, 1, 90, 21676, 24576, 305.68
2026/08/10 21:37:16.703, 2, 88, 20432, 24576, 291.96
2026/08/10 21:37:21.704, 0, 83, 22866, 24576, 333.63
2026/08/10 21:37:21.704, 1, 81, 21676, 24576, 329.23
2026/08/10 21:37:21.705, 2, 81, 20432, 24576, 329.31
2026/08/10 21:37:26.706, 0, 81, 22866, 24576, 339.54
2026/08/10 21:37:26.706, 1, 81, 21676, 24576, 303.12
2026/08/10 21:37:26.707, 2, 78, 20432, 24576, 331.67
2026/08/10 21:37:31.707, 0, 98, 19850, 24576, 322.46
2026/08/10 21:37:31.708, 1, 98, 21676, 24576, 287.84
2026/08/10 21:37:31.709, 2, 98, 12902, 24576, 289.56
2026/08/10 21:37:36.709, 0, 100, 19870, 24576, 316.08
2026/08/10 21:37:36.710, 1, 98, 21676, 24576, 273.17
2026/08/10 21:37:36.711, 2, 83, 13282, 24576, 314.58
2026/08/10 21:37:41.711, 0, 98, 22126, 24576, 317.96
2026/08/10 21:37:41.712, 1, 100, 23318, 24576, 314.13
2026/08/10 21:37:41.713, 2, 100, 22912, 24576, 313.76
2026/08/10 21:37:46.714, 0, 100, 21186, 24576, 290.97
2026/08/10 21:37:46.714, 1, 100, 23318, 24576, 305.53
2026/08/10 21:37:46.715, 2, 97, 22912, 24576, 281.94
2026/08/10 21:37:51.715, 0, 90, 22126, 24576, 315.52
2026/08/10 21:37:51.716, 1, 95, 23318, 24576, 316.98
2026/08/10 21:37:51.716, 2, 89, 22912, 24576, 311.10
2026/08/10 21:37:56.717, 0, 81, 22126, 24576, 336.85
2026/08/10 21:37:56.718, 1, 81, 23318, 24576, 304.94
2026/08/10 21:37:56.719, 2, 82, 22912, 24576, 331.59
2026/08/10 21:38:01.719, 0, 96, 22126, 24576, 339.78
2026/08/10 21:38:01.720, 1, 98, 23318, 24576, 323.20
2026/08/10 21:38:01.721, 2, 98, 22912, 24576, 341.00
2026/08/10 21:38:06.722, 0, 99, 22126, 24576, 333.48
2026/08/10 21:38:06.722, 1, 100, 12760, 24576, 308.14
2026/08/10 21:38:06.723, 2, 98, 12862, 24576, 325.35
2026/08/10 21:38:11.724, 0, 92, 23006, 24576, 327.75
2026/08/10 21:38:11.724, 1, 88, 20750, 24576, 297.78
2026/08/10 21:38:11.725, 2, 93, 21892, 24576, 307.70
2026/08/10 21:38:16.726, 0, 100, 23006, 24576, 338.88
2026/08/10 21:38:16.726, 1, 95, 20750, 24576, 313.75
2026/08/10 21:38:16.727, 2, 98, 21892, 24576, 326.05
2026/08/10 21:38:21.728, 0, 100, 23006, 24576, 333.39
2026/08/10 21:38:21.728, 1, 100, 20750, 24576, 317.62
2026/08/10 21:38:21.729, 2, 100, 21892, 24576, 321.08
2026/08/10 21:38:26.729, 0, 79, 23006, 24576, 337.27
2026/08/10 21:38:26.730, 1, 81, 20750, 24576, 305.31
2026/08/10 21:38:26.731, 2, 77, 21892, 24576, 329.47
2026/08/10 21:38:31.732, 0, 98, 24006, 24576, 337.69
2026/08/10 21:38:31.732, 1, 98, 24030, 24576, 306.69
2026/08/10 21:38:31.733, 2, 98, 24072, 24576, 325.75
2026/08/10 21:38:36.734, 0, 98, 13330, 24576, 339.02
2026/08/10 21:38:36.735, 1, 90, 13976, 24576, 270.12
2026/08/10 21:38:36.735, 2, 98, 13002, 24576, 314.74
2026/08/10 21:38:41.736, 0, 88, 20704, 24576, 288.06
2026/08/10 21:38:41.737, 1, 85, 21454, 24576, 284.61
2026/08/10 21:38:41.737, 2, 93, 21434, 24576, 304.78
2026/08/10 21:38:46.738, 0, 93, 20704, 24576, 294.49
2026/08/10 21:38:46.738, 1, 89, 21454, 24576, 304.64
2026/08/10 21:38:46.739, 2, 89, 21434, 24576, 308.96
2026/08/10 21:38:51.740, 0, 94, 20704, 24576, 291.05
2026/08/10 21:38:51.740, 1, 90, 21454, 24576, 303.01
2026/08/10 21:38:51.741, 2, 91, 21434, 24576, 308.74
2026/08/10 21:38:56.741, 0, 78, 20704, 24576, 336.49
2026/08/10 21:38:56.742, 1, 81, 21454, 24576, 313.42
2026/08/10 21:38:56.743, 2, 79, 21434, 24576, 321.81
2026/08/10 21:39:01.744, 0, 98, 20704, 24576, 278.77
2026/08/10 21:39:01.744, 1, 98, 21454, 24576, 285.24
2026/08/10 21:39:01.745, 2, 98, 21434, 24576, 324.74
2026/08/10 21:39:06.746, 0, 98, 24070, 24576, 339.70
2026/08/10 21:39:06.747, 1, 98, 13042, 24576, 299.01
2026/08/10 21:39:06.747, 2, 100, 13064, 24576, 319.44
2026/08/10 21:39:11.748, 0, 99, 23272, 24576, 266.52
2026/08/10 21:39:11.749, 1, 100, 22944, 24576, 290.17
2026/08/10 21:39:11.749, 2, 100, 23662, 24576, 312.56
2026/08/10 21:39:16.750, 0, 87, 23326, 24576, 305.48
2026/08/10 21:39:16.751, 1, 93, 22972, 24576, 306.07
2026/08/10 21:39:16.751, 2, 94, 23036, 24576, 328.56
2026/08/10 21:39:21.752, 0, 100, 23326, 24576, 301.85
2026/08/10 21:39:21.752, 1, 100, 22972, 24576, 308.44
2026/08/10 21:39:21.753, 2, 95, 23036, 24576, 324.81
2026/08/10 21:39:26.754, 0, 81, 23326, 24576, 335.91
2026/08/10 21:39:26.755, 1, 79, 20752, 24576, 331.39
2026/08/10 21:39:26.755, 2, 81, 21936, 24576, 335.32
2026/08/10 21:39:31.756, 0, 83, 23326, 24576, 340.02
2026/08/10 21:39:31.757, 1, 81, 20752, 24576, 308.85
2026/08/10 21:39:31.757, 2, 82, 21936, 24576, 321.05
2026/08/10 21:39:36.758, 0, 98, 13590, 24576, 297.51
2026/08/10 21:39:36.759, 1, 100, 20752, 24576, 304.26
2026/08/10 21:39:36.759, 2, 98, 16220, 24576, 290.20
2026/08/10 21:39:41.760, 0, 98, 13590, 24576, 323.58
2026/08/10 21:39:41.761, 1, 100, 20752, 24576, 304.73
2026/08/10 21:39:41.761, 2, 98, 21278, 24576, 332.96
2026/08/10 21:39:46.762, 0, 93, 23350, 24576, 329.75
2026/08/10 21:39:46.763, 1, 88, 21874, 24576, 318.61
2026/08/10 21:39:46.763, 2, 100, 22670, 24576, 304.34
2026/08/10 21:39:51.764, 0, 89, 23710, 24576, 335.73
2026/08/10 21:39:51.765, 1, 88, 23034, 24576, 324.46
2026/08/10 21:39:51.768, 2, 89, 21290, 24576, 311.63
2026/08/10 21:39:56.768, 0, 84, 23350, 24576, 332.35
2026/08/10 21:39:56.769, 1, 89, 23034, 24576, 307.78
2026/08/10 21:39:56.770, 2, 100, 20950, 24576, 310.13
2026/08/10 21:40:01.771, 0, 80, 23350, 24576, 337.65
2026/08/10 21:40:01.771, 1, 82, 23034, 24576, 315.71
2026/08/10 21:40:01.772, 2, 82, 20950, 24576, 332.60
2026/08/10 21:40:06.773, 0, 98, 23350, 24576, 340.34
2026/08/10 21:40:06.773, 1, 98, 23034, 24576, 287.16
2026/08/10 21:40:06.774, 2, 98, 20950, 24576, 248.80
2026/08/10 21:40:11.775, 0, 100, 13572, 24576, 339.90
2026/08/10 21:40:11.775, 1, 98, 13322, 24576, 293.28
2026/08/10 21:40:11.776, 2, 98, 18598, 24576, 322.55
2026/08/10 21:40:16.776, 0, 100, 21768, 24576, 319.78
2026/08/10 21:40:16.777, 1, 100, 23514, 24576, 330.28
2026/08/10 21:40:16.778, 2, 89, 21070, 24576, 298.30
2026/08/10 21:40:21.778, 0, 100, 21768, 24576, 323.56
2026/08/10 21:40:21.779, 1, 88, 23514, 24576, 321.19
2026/08/10 21:40:21.780, 2, 98, 21070, 24576, 324.16
2026/08/10 21:40:26.781, 0, 88, 21768, 24576, 318.40
2026/08/10 21:40:26.782, 1, 89, 23514, 24576, 314.02
2026/08/10 21:40:26.782, 2, 89, 21070, 24576, 316.40
2026/08/10 21:40:31.783, 0, 78, 21768, 24576, 335.14
2026/08/10 21:40:31.783, 1, 80, 23514, 24576, 310.69
2026/08/10 21:40:31.784, 2, 84, 21070, 24576, 336.79
2026/08/10 21:40:36.785, 0, 82, 21768, 24576, 339.24
2026/08/10 21:40:36.785, 1, 85, 23514, 24576, 336.12
2026/08/10 21:40:36.786, 2, 83, 21070, 24576, 339.04
2026/08/10 21:40:41.794, 0, 98, 13430, 24576, 337.20
2026/08/10 21:40:41.795, 1, 98, 16002, 24576, 305.41
2026/08/10 21:40:41.796, 2, 100, 16222, 24576, 324.40
2026/08/10 21:40:46.797, 0, 100, 23106, 24576, 323.71
2026/08/10 21:40:46.797, 1, 96, 22430, 24576, 314.84
2026/08/10 21:40:46.798, 2, 92, 22934, 24576, 315.68
2026/08/10 21:40:51.801, 0, 97, 22308, 24576, 320.85
2026/08/10 21:40:51.801, 1, 95, 22430, 24576, 296.62
2026/08/10 21:40:51.802, 2, 95, 22014, 24576, 322.82
2026/08/10 21:40:56.803, 0, 94, 20648, 24576, 322.23
2026/08/10 21:40:56.804, 1, 95, 22430, 24576, 297.46
2026/08/10 21:40:56.805, 2, 93, 20374, 24576, 317.67
2026/08/10 21:41:01.806, 0, 83, 21188, 24576, 336.58
2026/08/10 21:41:01.807, 1, 81, 22430, 24576, 319.38
2026/08/10 21:41:01.808, 2, 84, 23354, 24576, 335.32
2026/08/10 21:41:06.809, 0, 87, 21188, 24576, 314.91
2026/08/10 21:41:06.809, 1, 84, 22430, 24576, 314.50
2026/08/10 21:41:06.810, 2, 85, 23354, 24576, 321.81
2026/08/10 21:41:11.811, 0, 98, 21188, 24576, 336.15
2026/08/10 21:41:11.811, 1, 98, 14382, 24576, 313.20
2026/08/10 21:41:11.812, 2, 99, 13242, 24576, 317.89
2026/08/10 21:41:16.813, 0, 100, 22948, 24576, 278.50
2026/08/10 21:41:16.813, 1, 100, 20696, 24576, 285.92
2026/08/10 21:41:16.814, 2, 98, 23072, 24576, 282.63
2026/08/10 21:41:21.815, 0, 88, 22946, 24576, 341.02
2026/08/10 21:41:21.816, 1, 89, 20754, 24576, 302.81
2026/08/10 21:41:21.817, 2, 88, 23114, 24576, 328.52
2026/08/10 21:41:26.817, 0, 100, 22946, 24576, 321.07
2026/08/10 21:41:26.818, 1, 89, 21114, 24576, 290.29
2026/08/10 21:41:26.819, 2, 100, 23114, 24576, 321.20
2026/08/10 21:41:31.820, 0, 83, 20886, 24576, 336.70
2026/08/10 21:41:31.821, 1, 82, 22854, 24576, 314.22
2026/08/10 21:41:31.821, 2, 84, 23114, 24576, 336.42
2026/08/10 21:41:36.822, 0, 83, 20886, 24576, 338.81
2026/08/10 21:41:36.823, 1, 100, 22854, 24576, 271.95
2026/08/10 21:41:36.823, 2, 83, 23114, 24576, 317.21
2026/08/10 21:41:41.824, 0, 98, 20886, 24576, 338.28
2026/08/10 21:41:41.825, 1, 98, 12740, 24576, 318.29
2026/08/10 21:41:41.825, 2, 98, 13064, 24576, 328.75
2026/08/10 21:41:46.826, 0, 100, 20886, 24576, 180.73
2026/08/10 21:41:46.826, 1, 100, 12760, 24576, 191.76
2026/08/10 21:41:46.827, 2, 100, 13064, 24576, 317.34
2026/08/10 21:41:51.828, 0, 88, 23506, 24576, 306.82
2026/08/10 21:41:51.828, 1, 93, 20210, 24576, 280.46
2026/08/10 21:41:51.829, 2, 88, 24180, 24576, 324.86
2026/08/10 21:41:56.830, 0, 88, 23506, 24576, 306.00
2026/08/10 21:41:56.831, 1, 87, 19890, 24576, 287.52
2026/08/10 21:41:56.831, 2, 94, 24180, 24576, 318.98
2026/08/10 21:42:01.832, 0, 100, 23506, 24576, 306.44
2026/08/10 21:42:01.833, 1, 84, 21770, 24576, 318.39
2026/08/10 21:42:01.833, 2, 100, 24180, 24576, 320.35
2026/08/10 21:42:06.834, 0, 82, 23506, 24576, 338.24
2026/08/10 21:42:06.835, 1, 82, 19890, 24576, 328.29
2026/08/10 21:42:06.835, 2, 81, 24180, 24576, 319.43
2026/08/10 21:42:11.836, 0, 98, 23506, 24576, 314.49
2026/08/10 21:42:11.837, 1, 98, 19890, 24576, 314.02
2026/08/10 21:42:11.837, 2, 100, 24180, 24576, 309.85
2026/08/10 21:42:16.838, 0, 98, 23506, 24576, 338.15
2026/08/10 21:42:16.839, 1, 98, 21482, 24576, 306.58
2026/08/10 21:42:16.839, 2, 98, 13442, 24576, 293.41
2026/08/10 21:42:21.840, 0, 85, 23506, 24576, 215.74
2026/08/10 21:42:21.841, 1, 87, 22626, 24576, 224.55
2026/08/10 21:42:21.842, 2, 96, 21946, 24576, 303.44
2026/08/10 21:42:26.843, 0, 100, 22926, 24576, 320.36
2026/08/10 21:42:26.844, 1, 100, 21614, 24576, 316.12
2026/08/10 21:42:26.844, 2, 100, 23116, 24576, 324.88
2026/08/10 21:42:31.845, 0, 100, 22926, 24576, 281.20
2026/08/10 21:42:31.846, 1, 100, 23974, 24576, 307.28
2026/08/10 21:42:31.847, 2, 100, 23536, 24576, 326.38
2026/08/10 21:42:36.847, 0, 20, 22926, 24576, 221.00
2026/08/10 21:42:36.848, 1, 89, 21614, 24576, 290.64
2026/08/10 21:42:36.848, 2, 90, 23116, 24576, 282.57
2026/08/10 21:42:41.849, 0, 82, 22926, 24576, 340.47
2026/08/10 21:42:41.850, 1, 82, 21614, 24576, 315.87
2026/08/10 21:42:41.850, 2, 83, 23116, 24576, 323.77
2026/08/10 21:42:46.851, 0, 88, 13370, 24576, 300.56
2026/08/10 21:42:46.852, 1, 98, 21614, 24576, 310.95
2026/08/10 21:42:46.852, 2, 92, 15896, 24576, 293.58
2026/08/10 21:42:51.853, 0, 98, 13730, 24576, 339.74
2026/08/10 21:42:51.854, 1, 98, 21614, 24576, 303.35
2026/08/10 21:42:51.854, 2, 100, 13004, 24576, 315.45
2026/08/10 21:42:56.855, 0, 89, 23428, 24576, 309.99
2026/08/10 21:42:56.856, 1, 96, 23194, 24576, 336.63
2026/08/10 21:42:56.857, 2, 94, 24036, 24576, 324.36
2026/08/10 21:43:01.857, 0, 100, 23428, 24576, 313.67
2026/08/10 21:43:01.858, 1, 100, 23194, 24576, 335.51
2026/08/10 21:43:01.858, 2, 100, 24036, 24576, 335.11
2026/08/10 21:43:06.859, 0, 100, 23428, 24576, 317.83
2026/08/10 21:43:06.860, 1, 100, 23194, 24576, 327.26
2026/08/10 21:43:06.860, 2, 100, 24036, 24576, 341.83
2026/08/10 21:43:11.861, 0, 82, 23428, 24576, 339.16
2026/08/10 21:43:11.862, 1, 81, 21094, 24576, 313.99
2026/08/10 21:43:11.862, 2, 80, 21896, 24576, 323.24
2026/08/10 21:43:16.863, 0, 98, 23428, 24576, 341.62
2026/08/10 21:43:16.864, 1, 98, 21094, 24576, 284.60
2026/08/10 21:43:16.865, 2, 97, 21896, 24576, 275.25
2026/08/10 21:43:21.865, 0, 98, 13470, 24576, 334.45
2026/08/10 21:43:21.866, 1, 98, 13282, 24576, 306.38
2026/08/10 21:43:21.867, 2, 98, 23920, 24576, 288.36
2026/08/10 21:43:26.868, 0, 95, 23366, 24576, 322.25
2026/08/10 21:43:26.868, 1, 100, 22912, 24576, 314.94
2026/08/10 21:43:26.869, 2, 100, 21470, 24576, 312.78
2026/08/10 21:43:31.869, 0, 100, 23366, 24576, 326.30
2026/08/10 21:43:31.870, 1, 89, 22912, 24576, 317.93
2026/08/10 21:43:31.870, 2, 89, 21470, 24576, 310.42
2026/08/10 21:43:36.871, 0, 100, 23366, 24576, 320.62
2026/08/10 21:43:36.872, 1, 99, 22912, 24576, 299.21
2026/08/10 21:43:36.872, 2, 97, 21470, 24576, 290.73
2026/08/10 21:43:41.873, 0, 82, 23366, 24576, 335.16
2026/08/10 21:43:41.874, 1, 84, 22912, 24576, 306.38
2026/08/10 21:43:41.874, 2, 83, 21470, 24576, 337.42
2026/08/10 21:43:46.875, 0, 98, 23366, 24576, 338.18
2026/08/10 21:43:46.878, 1, 100, 22912, 24576, 313.02
2026/08/10 21:43:46.878, 2, 98, 21470, 24576, 325.91
2026/08/10 21:43:51.879, 0, 100, 13430, 24576, 336.74
2026/08/10 21:43:51.880, 1, 98, 13042, 24576, 299.03
2026/08/10 21:43:51.880, 2, 98, 13442, 24576, 327.65
2026/08/10 21:43:56.881, 0, 88, 21326, 24576, 306.17
2026/08/10 21:43:56.882, 1, 100, 21132, 24576, 324.11
2026/08/10 21:43:56.882, 2, 100, 20894, 24576, 329.41
2026/08/10 21:44:01.883, 0, 88, 23248, 24576, 325.97
2026/08/10 21:44:01.884, 1, 100, 22932, 24576, 331.14
2026/08/10 21:44:01.884, 2, 100, 23074, 24576, 319.11
2026/08/10 21:44:06.885, 0, 93, 23248, 24576, 302.14
2026/08/10 21:44:06.886, 1, 93, 22932, 24576, 311.04
2026/08/10 21:44:06.889, 2, 100, 23074, 24576, 318.40
2026/08/10 21:44:11.890, 0, 79, 21188, 24576, 335.40
2026/08/10 21:44:11.891, 1, 82, 20712, 24576, 322.23
2026/08/10 21:44:11.891, 2, 81, 23074, 24576, 335.81
2026/08/10 21:44:16.892, 0, 83, 21188, 24576, 338.13
2026/08/10 21:44:16.893, 1, 83, 20712, 24576, 307.71
2026/08/10 21:44:16.893, 2, 84, 23074, 24576, 314.98
2026/08/10 21:44:21.894, 0, 98, 19170, 24576, 309.60
2026/08/10 21:44:21.895, 1, 98, 13982, 24576, 295.26
2026/08/10 21:44:21.895, 2, 98, 13222, 24576, 306.18
2026/08/10 21:44:26.896, 0, 98, 19170, 24576, 297.05
2026/08/10 21:44:26.897, 1, 98, 13958, 24576, 313.14
2026/08/10 21:44:26.897, 2, 99, 13222, 24576, 310.34
2026/08/10 21:44:31.898, 0, 100, 23510, 24576, 338.73
2026/08/10 21:44:31.898, 1, 98, 23854, 24576, 326.49
2026/08/10 21:44:31.899, 2, 100, 23034, 24576, 313.52
2026/08/10 21:44:36.900, 0, 100, 23410, 24576, 341.22
2026/08/10 21:44:36.901, 1, 97, 23694, 24576, 318.27
2026/08/10 21:44:36.902, 2, 97, 23034, 24576, 304.94
2026/08/10 21:44:41.906, 0, 100, 23970, 24576, 336.32
2026/08/10 21:44:41.906, 1, 100, 23314, 24576, 317.83
2026/08/10 21:44:41.907, 2, 100, 23034, 24576, 302.93
2026/08/10 21:44:46.907, 0, 80, 23970, 24576, 336.51
2026/08/10 21:44:46.908, 1, 79, 23314, 24576, 314.93
2026/08/10 21:44:46.908, 2, 82, 23034, 24576, 336.81
2026/08/10 21:44:51.909, 0, 77, 23970, 24576, 329.23
2026/08/10 21:44:51.910, 1, 100, 23314, 24576, 191.16
2026/08/10 21:44:51.910, 2, 80, 23034, 24576, 337.86
2026/08/10 21:44:56.911, 0, 93, 13550, 24576, 298.67
2026/08/10 21:44:56.912, 1, 99, 23314, 24576, 307.31
2026/08/10 21:44:56.913, 2, 100, 13002, 24576, 334.21
2026/08/10 21:45:01.914, 0, 98, 13970, 24576, 337.79
2026/08/10 21:45:01.914, 1, 100, 23314, 24576, 188.22
2026/08/10 21:45:01.915, 2, 100, 13002, 24576, 173.94
2026/08/10 21:45:06.916, 0, 81, 23228, 24576, 327.03
2026/08/10 21:45:06.916, 1, 94, 23094, 24576, 312.25
2026/08/10 21:45:06.917, 2, 77, 20914, 24576, 300.39
2026/08/10 21:45:11.918, 0, 100, 22728, 24576, 337.85
2026/08/10 21:45:11.919, 1, 100, 23094, 24576, 308.53
2026/08/10 21:45:11.920, 2, 95, 23314, 24576, 315.92
2026/08/10 21:45:16.920, 0, 81, 23228, 24576, 268.11
2026/08/10 21:45:16.921, 1, 79, 23094, 24576, 278.63
2026/08/10 21:45:16.922, 2, 77, 20914, 24576, 278.08
2026/08/10 21:45:21.922, 0, 83, 23228, 24576, 337.40
2026/08/10 21:45:21.923, 1, 83, 23094, 24576, 311.00
2026/08/10 21:45:21.924, 2, 85, 20914, 24576, 336.76
2026/08/10 21:45:26.925, 0, 98, 24208, 24576, 337.64
2026/08/10 21:45:26.926, 1, 100, 23654, 24576, 314.39
2026/08/10 21:45:26.926, 2, 98, 24134, 24576, 334.65
2026/08/10 21:45:31.927, 0, 98, 13470, 24576, 338.49
2026/08/10 21:45:31.928, 1, 100, 13062, 24576, 308.96
2026/08/10 21:45:31.928, 2, 98, 14038, 24576, 295.97
2026/08/10 21:45:36.929, 0, 100, 23206, 24576, 334.25
2026/08/10 21:45:36.929, 1, 100, 23714, 24576, 306.49
2026/08/10 21:45:36.930, 2, 88, 21114, 24576, 308.24
2026/08/10 21:45:41.931, 0, 100, 23206, 24576, 333.46
2026/08/10 21:45:41.931, 1, 100, 23714, 24576, 320.47
2026/08/10 21:45:41.932, 2, 96, 21114, 24576, 310.00
2026/08/10 21:45:46.933, 0, 100, 24246, 24576, 329.79
2026/08/10 21:45:46.933, 1, 100, 23714, 24576, 316.13
2026/08/10 21:45:46.934, 2, 100, 22854, 24576, 308.20
2026/08/10 21:45:51.934, 0, 83, 21106, 24576, 338.20
2026/08/10 21:45:51.935, 1, 83, 21514, 24576, 309.89
2026/08/10 21:45:51.936, 2, 84, 22854, 24576, 334.28
2026/08/10 21:45:56.937, 0, 99, 21106, 24576, 336.39
2026/08/10 21:45:56.937, 1, 100, 21514, 24576, 304.36
2026/08/10 21:45:56.938, 2, 98, 22854, 24576, 323.55
2026/08/10 21:46:01.939, 0, 98, 23630, 24576, 338.70
2026/08/10 21:46:01.939, 1, 98, 13342, 24576, 321.33
2026/08/10 21:46:01.940, 2, 98, 20162, 24576, 321.90
2026/08/10 21:46:06.941, 0, 91, 23088, 24576, 317.21
2026/08/10 21:46:06.942, 1, 97, 23374, 24576, 297.31
2026/08/10 21:46:06.942, 2, 89, 20792, 24576, 309.70
2026/08/10 21:46:11.943, 0, 97, 23088, 24576, 328.58
2026/08/10 21:46:11.944, 1, 100, 23374, 24576, 322.21
2026/08/10 21:46:11.944, 2, 98, 20792, 24576, 308.40
2026/08/10 21:46:16.945, 0, 100, 23088, 24576, 327.30
2026/08/10 21:46:16.945, 1, 84, 23374, 24576, 308.27
2026/08/10 21:46:16.946, 2, 100, 20792, 24576, 308.89
2026/08/10 21:46:21.947, 0, 77, 23088, 24576, 336.75
2026/08/10 21:46:21.948, 1, 83, 23374, 24576, 301.51
2026/08/10 21:46:21.948, 2, 82, 22832, 24576, 335.45
2026/08/10 21:46:26.949, 0, 98, 23088, 24576, 254.17
2026/08/10 21:46:26.950, 1, 97, 23374, 24576, 288.52
2026/08/10 21:46:26.950, 2, 98, 22832, 24576, 315.94
2026/08/10 21:46:31.951, 0, 98, 13330, 24576, 337.71
2026/08/10 21:46:31.952, 1, 98, 13402, 24576, 303.95
2026/08/10 21:46:31.952, 2, 98, 13442, 24576, 293.49
2026/08/10 21:46:36.953, 0, 88, 21158, 24576, 210.82
2026/08/10 21:46:36.953, 1, 88, 21524, 24576, 220.49
2026/08/10 21:46:36.954, 2, 67, 21986, 24576, 302.63
2026/08/10 21:46:41.955, 0, 100, 21546, 24576, 315.38
2026/08/10 21:46:41.955, 1, 100, 23434, 24576, 318.63
2026/08/10 21:46:41.956, 2, 100, 23156, 24576, 321.58
2026/08/10 21:46:46.957, 0, 100, 22146, 24576, 295.80
2026/08/10 21:46:46.957, 1, 100, 22394, 24576, 302.17
2026/08/10 21:46:46.958, 2, 100, 22136, 24576, 319.09
2026/08/10 21:46:51.959, 0, 73, 21546, 24576, 271.67
2026/08/10 21:46:51.960, 1, 87, 23434, 24576, 284.52
2026/08/10 21:46:51.961, 2, 85, 23156, 24576, 278.32
2026/08/10 21:46:56.962, 0, 83, 21546, 24576, 338.62
2026/08/10 21:46:56.962, 1, 83, 23434, 24576, 312.08
2026/08/10 21:46:56.963, 2, 84, 23156, 24576, 328.84
2026/08/10 21:47:01.964, 0, 100, 16290, 24576, 295.65
2026/08/10 21:47:01.964, 1, 94, 13342, 24576, 278.11
2026/08/10 21:47:01.965, 2, 97, 14062, 24576, 288.14
2026/08/10 21:47:06.966, 0, 98, 19870, 24576, 338.89
2026/08/10 21:47:06.966, 1, 98, 13342, 24576, 314.95
2026/08/10 21:47:06.967, 2, 98, 14058, 24576, 336.03
2026/08/10 21:47:11.968, 0, 100, 21746, 24576, 329.40
2026/08/10 21:47:11.968, 1, 100, 22992, 24576, 316.45
2026/08/10 21:47:11.969, 2, 100, 20734, 24576, 306.74
2026/08/10 21:47:16.970, 0, 100, 21746, 24576, 326.93
2026/08/10 21:47:16.971, 1, 89, 22992, 24576, 316.31
2026/08/10 21:47:16.972, 2, 100, 20734, 24576, 303.19
2026/08/10 21:47:21.973, 0, 80, 21746, 24576, 275.58
2026/08/10 21:47:21.973, 1, 81, 22992, 24576, 280.06
2026/08/10 21:47:21.974, 2, 82, 22874, 24576, 269.04
2026/08/10 21:47:26.974, 0, 82, 21746, 24576, 337.99
2026/08/10 21:47:26.975, 1, 81, 22992, 24576, 308.27
2026/08/10 21:47:26.975, 2, 83, 22874, 24576, 323.49
2026/08/10 21:47:31.976, 0, 100, 21746, 24576, 337.86
2026/08/10 21:47:31.977, 1, 98, 22992, 24576, 306.12
2026/08/10 21:47:31.977, 2, 98, 12802, 24576, 288.02
2026/08/10 21:47:36.979, 0, 100, 21746, 24576, 330.65
2026/08/10 21:47:36.980, 1, 98, 22992, 24576, 298.59
2026/08/10 21:47:36.980, 2, 99, 12802, 24576, 314.51
2026/08/10 21:47:41.981, 0, 92, 23930, 24576, 332.38
2026/08/10 21:47:41.982, 1, 88, 23494, 24576, 317.49
2026/08/10 21:47:41.983, 2, 85, 20894, 24576, 323.11
2026/08/10 21:47:46.984, 0, 100, 23930, 24576, 333.27
2026/08/10 21:47:46.984, 1, 89, 23494, 24576, 317.80
2026/08/10 21:47:46.985, 2, 100, 20894, 24576, 322.45
2026/08/10 21:47:51.986, 0, 100, 23930, 24576, 335.21
2026/08/10 21:47:51.986, 1, 100, 23494, 24576, 302.35
2026/08/10 21:47:51.987, 2, 100, 20894, 24576, 326.07
2026/08/10 21:47:56.988, 0, 79, 23930, 24576, 335.57
2026/08/10 21:47:56.988, 1, 81, 23494, 24576, 306.95
2026/08/10 21:47:56.988, 2, 79, 20894, 24576, 323.02
2026/08/10 21:48:01.989, 0, 98, 23930, 24576, 335.24
2026/08/10 21:48:01.990, 1, 100, 23494, 24576, 309.97
2026/08/10 21:48:01.990, 2, 98, 22934, 24576, 315.45
2026/08/10 21:48:06.991, 0, 98, 13890, 24576, 334.14
2026/08/10 21:48:06.992, 1, 100, 23494, 24576, 300.59
2026/08/10 21:48:06.993, 2, 93, 13902, 24576, 284.78
2026/08/10 21:48:11.993, 0, 100, 23708, 24576, 320.29
2026/08/10 21:48:11.995, 1, 97, 23494, 24576, 311.43
2026/08/10 21:48:11.996, 2, 97, 22854, 24576, 319.02
2026/08/10 21:48:16.997, 0, 86, 23708, 24576, 323.60
2026/08/10 21:48:16.997, 1, 100, 23494, 24576, 307.47
2026/08/10 21:48:16.998, 2, 100, 22854, 24576, 334.64
2026/08/10 21:48:21.999, 0, 24, 23708, 24576, 263.82
2026/08/10 21:48:21.999, 1, 22, 23494, 24576, 268.18
2026/08/10 21:48:22.000, 2, 21, 22854, 24576, 291.12
2026/08/10 21:48:27.000, 0, 82, 23708, 24576, 336.81
2026/08/10 21:48:27.001, 1, 81, 23494, 24576, 298.96
2026/08/10 21:48:27.001, 2, 81, 22854, 24576, 326.76
2026/08/10 21:48:32.002, 0, 98, 23708, 24576, 335.42
2026/08/10 21:48:32.003, 1, 100, 23494, 24576, 335.73
2026/08/10 21:48:32.003, 2, 98, 22854, 24576, 338.79
2026/08/10 21:48:37.004, 0, 100, 20550, 24576, 336.40
2026/08/10 21:48:37.005, 1, 100, 21364, 24576, 299.94
2026/08/10 21:48:37.006, 2, 100, 23818, 24576, 311.22
2026/08/10 21:48:42.007, 0, 100, 21032, 24576, 310.81
2026/08/10 21:48:42.007, 1, 100, 21900, 24576, 290.14
2026/08/10 21:48:42.008, 2, 95, 20916, 24576, 254.89
2026/08/10 21:48:47.009, 0, 100, 21092, 24576, 327.89
2026/08/10 21:48:47.009, 1, 89, 24018, 24576, 318.31
2026/08/10 21:48:47.010, 2, 100, 20970, 24576, 290.86
2026/08/10 21:48:52.011, 0, 100, 21092, 24576, 327.43
2026/08/10 21:48:52.011, 1, 99, 21958, 24576, 298.61
2026/08/10 21:48:52.012, 2, 100, 20970, 24576, 290.83
2026/08/10 21:48:57.012, 0, 100, 21092, 24576, 328.72
2026/08/10 21:48:57.013, 1, 97, 24018, 24576, 300.09
2026/08/10 21:48:57.013, 2, 100, 20970, 24576, 282.39
2026/08/10 21:49:02.014, 0, 82, 21092, 24576, 337.61
2026/08/10 21:49:02.015, 1, 85, 24018, 24576, 312.05
2026/08/10 21:49:02.015, 2, 83, 20970, 24576, 334.55
2026/08/10 21:49:07.016, 0, 98, 23252, 24576, 336.81
2026/08/10 21:49:07.017, 1, 98, 24018, 24576, 308.10
2026/08/10 21:49:07.018, 2, 0, 20970, 24576, 290.28
2026/08/10 21:49:12.027, 0, 98, 13530, 24576, 335.85
2026/08/10 21:49:12.028, 1, 89, 15022, 24576, 281.47
2026/08/10 21:49:12.028, 2, 100, 20970, 24576, 337.33
2026/08/10 21:49:17.029, 0, 95, 21248, 24576, 327.79
2026/08/10 21:49:17.029, 1, 94, 22712, 24576, 290.32
2026/08/10 21:49:17.030, 2, 91, 21410, 24576, 305.28
2026/08/10 21:49:22.031, 0, 90, 23108, 24576, 318.35
2026/08/10 21:49:22.032, 1, 94, 22712, 24576, 303.01
2026/08/10 21:49:22.033, 2, 93, 21710, 24576, 293.10
2026/08/10 21:49:27.034, 0, 98, 23108, 24576, 315.89
2026/08/10 21:49:27.034, 1, 100, 22712, 24576, 314.50
2026/08/10 21:49:27.035, 2, 98, 21710, 24576, 302.39
2026/08/10 21:49:32.036, 0, 84, 23108, 24576, 336.53
2026/08/10 21:49:32.036, 1, 82, 22712, 24576, 320.16
2026/08/10 21:49:32.037, 2, 82, 21710, 24576, 337.39
2026/08/10 21:49:37.037, 0, 100, 23108, 24576, 224.33
2026/08/10 21:49:37.038, 1, 100, 22712, 24576, 310.35
2026/08/10 21:49:37.038, 2, 98, 21710, 24576, 225.50
2026/08/10 21:49:42.040, 0, 98, 15072, 24576, 300.67
2026/08/10 21:49:42.040, 1, 100, 13024, 24576, 282.27
2026/08/10 21:49:42.041, 2, 100, 19602, 24576, 335.89
2026/08/10 21:49:47.041, 0, 62, 14692, 24576, 292.83
2026/08/10 21:49:47.042, 1, 61, 13024, 24576, 277.45
2026/08/10 21:49:47.043, 2, 100, 19602, 24576, 194.89
2026/08/10 21:49:52.044, 0, 93, 24030, 24576, 322.35
2026/08/10 21:49:52.045, 1, 90, 21776, 24576, 300.39
2026/08/10 21:49:52.045, 2, 93, 21954, 24576, 315.66
2026/08/10 21:49:57.046, 0, 91, 24030, 24576, 330.26
2026/08/10 21:49:57.047, 1, 100, 23956, 24576, 306.54
2026/08/10 21:49:57.047, 2, 100, 22674, 24576, 328.77
2026/08/10 21:50:02.048, 0, 89, 24030, 24576, 275.19
2026/08/10 21:50:02.048, 1, 81, 21776, 24576, 285.75
2026/08/10 21:50:02.049, 2, 82, 21954, 24576, 285.92
2026/08/10 21:50:07.050, 0, 83, 24030, 24576, 338.49
2026/08/10 21:50:07.050, 1, 83, 21776, 24576, 301.16
2026/08/10 21:50:07.051, 2, 81, 21954, 24576, 330.25
2026/08/10 21:50:12.052, 0, 88, 13430, 24576, 294.99
2026/08/10 21:50:12.053, 1, 87, 12220, 24576, 255.54
2026/08/10 21:50:12.053, 2, 90, 16074, 24576, 314.11
2026/08/10 21:50:17.054, 0, 98, 13430, 24576, 338.71
2026/08/10 21:50:17.055, 1, 98, 15878, 24576, 279.82
2026/08/10 21:50:17.056, 2, 98, 14018, 24576, 291.33
2026/08/10 21:50:22.057, 0, 88, 23566, 24576, 319.24
2026/08/10 21:50:22.057, 1, 89, 23414, 24576, 308.39
2026/08/10 21:50:22.058, 2, 92, 22394, 24576, 320.99
2026/08/10 21:50:27.059, 0, 88, 23566, 24576, 320.32
2026/08/10 21:50:27.059, 1, 88, 23414, 24576, 315.75
2026/08/10 21:50:27.060, 2, 89, 22394, 24576, 323.18
2026/08/10 21:50:32.061, 0, 88, 23566, 24576, 324.55
2026/08/10 21:50:32.061, 1, 90, 23414, 24576, 314.36
2026/08/10 21:50:32.062, 2, 89, 21694, 24576, 322.66
2026/08/10 21:50:37.062, 0, 81, 23566, 24576, 336.60
2026/08/10 21:50:37.063, 1, 82, 23414, 24576, 308.05
2026/08/10 21:50:37.064, 2, 83, 21694, 24576, 329.72
2026/08/10 21:50:42.064, 0, 98, 23566, 24576, 321.22
2026/08/10 21:50:42.065, 1, 98, 23414, 24576, 303.48
2026/08/10 21:50:42.066, 2, 97, 21694, 24576, 324.83
2026/08/10 21:50:47.067, 0, 100, 20250, 24576, 326.46
2026/08/10 21:50:47.068, 1, 98, 20816, 24576, 326.52
2026/08/10 21:50:47.068, 2, 100, 13022, 24576, 306.33
2026/08/10 21:50:52.069, 0, 84, 23246, 24576, 303.31
2026/08/10 21:50:52.070, 1, 84, 23154, 24576, 302.51
2026/08/10 21:50:52.070, 2, 82, 23454, 24576, 303.16
2026/08/10 21:50:57.071, 0, 92, 23246, 24576, 298.12
2026/08/10 21:50:57.072, 1, 92, 23154, 24576, 306.67
2026/08/10 21:50:57.072, 2, 91, 23454, 24576, 308.96
2026/08/10 21:51:02.073, 0, 97, 22866, 24576, 302.95
2026/08/10 21:51:02.074, 1, 96, 23154, 24576, 296.22
2026/08/10 21:51:02.074, 2, 95, 21594, 24576, 319.67
2026/08/10 21:51:07.075, 0, 84, 23246, 24576, 337.60
2026/08/10 21:51:07.076, 1, 82, 23154, 24576, 314.10
2026/08/10 21:51:07.076, 2, 83, 23454, 24576, 335.58
2026/08/10 21:51:12.077, 0, 80, 23246, 24576, 339.40
2026/08/10 21:51:12.078, 1, 85, 23154, 24576, 313.32
2026/08/10 21:51:12.079, 2, 83, 23454, 24576, 334.33
2026/08/10 21:51:17.080, 0, 97, 14390, 24576, 337.33
2026/08/10 21:51:17.080, 1, 98, 13042, 24576, 304.32
2026/08/10 21:51:17.081, 2, 98, 19582, 24576, 328.86
2026/08/10 21:51:22.082, 0, 84, 22658, 24576, 270.14
2026/08/10 21:51:22.082, 1, 72, 21286, 24576, 292.52
2026/08/10 21:51:22.083, 2, 89, 21104, 24576, 217.84
2026/08/10 21:51:27.083, 0, 89, 23986, 24576, 323.27
2026/08/10 21:51:27.084, 1, 88, 23554, 24576, 301.03
2026/08/10 21:51:27.084, 2, 89, 24034, 24576, 324.21
2026/08/10 21:51:32.085, 0, 87, 23706, 24576, 326.45
2026/08/10 21:51:32.086, 1, 89, 23554, 24576, 300.97
2026/08/10 21:51:32.086, 2, 89, 24014, 24576, 325.64
2026/08/10 21:51:37.087, 0, 84, 23346, 24576, 335.99
2026/08/10 21:51:37.088, 1, 83, 21354, 24576, 332.13
2026/08/10 21:51:37.089, 2, 84, 21534, 24576, 336.33
2026/08/10 21:51:42.089, 0, 85, 23346, 24576, 339.66
2026/08/10 21:51:42.090, 1, 84, 21354, 24576, 308.08
2026/08/10 21:51:42.091, 2, 83, 21534, 24576, 332.29
2026/08/10 21:51:47.092, 0, 99, 23290, 24576, 338.73
2026/08/10 21:51:47.093, 1, 100, 13942, 24576, 320.06
2026/08/10 21:51:47.093, 2, 98, 12842, 24576, 336.93
2026/08/10 21:51:52.094, 0, 42, 20560, 24576, 313.28
2026/08/10 21:51:52.095, 1, 17, 20822, 24576, 290.60
2026/08/10 21:51:52.095, 2, 89, 20302, 24576, 258.54
2026/08/10 21:51:57.096, 0, 85, 23708, 24576, 321.88
2026/08/10 21:51:57.097, 1, 90, 21232, 24576, 310.76
2026/08/10 21:51:57.097, 2, 100, 21350, 24576, 305.01
2026/08/10 21:52:02.098, 0, 95, 23708, 24576, 320.91
2026/08/10 21:52:02.099, 1, 87, 21892, 24576, 296.59
2026/08/10 21:52:02.100, 2, 95, 21350, 24576, 316.00
2026/08/10 21:52:07.100, 0, 82, 21648, 24576, 334.98
2026/08/10 21:52:07.101, 1, 81, 21892, 24576, 318.88
2026/08/10 21:52:07.102, 2, 82, 20370, 24576, 333.57
2026/08/10 21:52:12.103, 0, 84, 21648, 24576, 337.29
2026/08/10 21:52:12.104, 1, 83, 21892, 24576, 308.29
2026/08/10 21:52:12.104, 2, 86, 20370, 24576, 324.49
2026/08/10 21:52:17.105, 0, 98, 22710, 24576, 336.68
2026/08/10 21:52:17.106, 1, 98, 13322, 24576, 321.84
2026/08/10 21:52:17.106, 2, 98, 22262, 24576, 332.88
2026/08/10 21:52:22.107, 0, 97, 20870, 24576, 337.66
2026/08/10 21:52:22.108, 1, 100, 13342, 24576, 257.12
2026/08/10 21:52:22.108, 2, 87, 13002, 24576, 266.65
2026/08/10 21:52:27.109, 0, 99, 24050, 24576, 338.73
2026/08/10 21:52:27.110, 1, 100, 22972, 24576, 325.83
2026/08/10 21:52:27.110, 2, 95, 20492, 24576, 305.45
2026/08/10 21:52:32.111, 0, 100, 24050, 24576, 340.35
2026/08/10 21:52:32.114, 1, 100, 22972, 24576, 325.45
2026/08/10 21:52:32.115, 2, 96, 20492, 24576, 302.58
2026/08/10 21:52:37.116, 0, 100, 24050, 24576, 339.53
2026/08/10 21:52:37.117, 1, 100, 22972, 24576, 320.00
2026/08/10 21:52:37.117, 2, 96, 20492, 24576, 307.69
2026/08/10 21:52:42.118, 0, 83, 24050, 24576, 337.24
2026/08/10 21:52:42.119, 1, 82, 22972, 24576, 313.68
2026/08/10 21:52:42.119, 2, 85, 20492, 24576, 337.69
2026/08/10 21:52:47.120, 0, 98, 24050, 24576, 337.87
2026/08/10 21:52:47.120, 1, 98, 22972, 24576, 258.39
2026/08/10 21:52:47.121, 2, 98, 20492, 24576, 253.13
2026/08/10 21:52:52.122, 0, 97, 13590, 24576, 338.84
2026/08/10 21:52:52.122, 1, 100, 13198, 24576, 318.00
2026/08/10 21:52:52.123, 2, 98, 12862, 24576, 336.56
2026/08/10 21:52:57.123, 0, 85, 22030, 24576, 327.96
2026/08/10 21:52:57.124, 1, 100, 22994, 24576, 306.57
2026/08/10 21:52:57.126, 2, 94, 23074, 24576, 319.18
2026/08/10 21:53:02.127, 0, 100, 23230, 24576, 325.92
2026/08/10 21:53:02.128, 1, 98, 22994, 24576, 305.32
2026/08/10 21:53:02.129, 2, 89, 23854, 24576, 327.11
2026/08/10 21:53:07.130, 0, 96, 24250, 24576, 324.51
2026/08/10 21:53:07.130, 1, 97, 22994, 24576, 305.70
2026/08/10 21:53:07.131, 2, 89, 20334, 24576, 324.43
2026/08/10 21:53:12.132, 0, 82, 22030, 24576, 336.00
2026/08/10 21:53:12.132, 1, 84, 22994, 24576, 308.96
2026/08/10 21:53:12.133, 2, 80, 23074, 24576, 336.34
2026/08/10 21:53:17.134, 0, 100, 22030, 24576, 189.02
2026/08/10 21:53:17.134, 1, 83, 22994, 24576, 301.49
2026/08/10 21:53:17.135, 2, 100, 23074, 24576, 210.95
2026/08/10 21:53:22.135, 0, 98, 16250, 24576, 297.23
2026/08/10 21:53:22.136, 1, 98, 13042, 24576, 305.23
2026/08/10 21:53:22.137, 2, 98, 12842, 24576, 334.02
2026/08/10 21:53:27.142, 0, 100, 22352, 24576, 277.20
2026/08/10 21:53:27.143, 1, 97, 23240, 24576, 291.04
2026/08/10 21:53:27.143, 2, 81, 21962, 24576, 283.41
2026/08/10 21:53:32.144, 0, 95, 23046, 24576, 323.85
2026/08/10 21:53:32.144, 1, 89, 23634, 24576, 315.63
2026/08/10 21:53:32.145, 2, 89, 22330, 24576, 330.42
2026/08/10 21:53:37.145, 0, 88, 23046, 24576, 321.99
2026/08/10 21:53:37.146, 1, 88, 23634, 24576, 322.95
2026/08/10 21:53:37.147, 2, 100, 22330, 24576, 330.40
2026/08/10 21:53:42.147, 0, 79, 23046, 24576, 336.64
2026/08/10 21:53:42.148, 1, 83, 21434, 24576, 335.29
2026/08/10 21:53:42.149, 2, 77, 20350, 24576, 248.89
2026/08/10 21:53:47.149, 0, 84, 23046, 24576, 338.82
2026/08/10 21:53:47.150, 1, 83, 21434, 24576, 307.69
2026/08/10 21:53:47.151, 2, 84, 20350, 24576, 338.32
2026/08/10 21:53:52.152, 0, 98, 14410, 24576, 342.69
2026/08/10 21:53:52.153, 1, 98, 14044, 24576, 287.25
2026/08/10 21:53:52.153, 2, 98, 13062, 24576, 324.54
2026/08/10 21:53:57.155, 0, 84, 14410, 24576, 333.01
2026/08/10 21:53:57.155, 1, 100, 14020, 24576, 291.33
2026/08/10 21:53:57.156, 2, 98, 13064, 24576, 323.31
2026/08/10 21:54:02.157, 0, 100, 22926, 24576, 334.55
2026/08/10 21:54:02.157, 1, 100, 23956, 24576, 335.08
2026/08/10 21:54:02.158, 2, 100, 21936, 24576, 317.22
2026/08/10 21:54:07.159, 0, 100, 22926, 24576, 289.83
2026/08/10 21:54:07.159, 1, 97, 23956, 24576, 307.87
2026/08/10 21:54:07.160, 2, 97, 22336, 24576, 323.01
2026/08/10 21:54:12.160, 0, 96, 20926, 24576, 301.56
2026/08/10 21:54:12.161, 1, 100, 21876, 24576, 307.26
2026/08/10 21:54:12.162, 2, 88, 24136, 24576, 339.93
2026/08/10 21:54:17.163, 0, 81, 22926, 24576, 337.94
2026/08/10 21:54:17.164, 1, 82, 23956, 24576, 299.24
2026/08/10 21:54:17.164, 2, 81, 21936, 24576, 324.73
2026/08/10 21:54:22.165, 0, 100, 22926, 24576, 339.89
2026/08/10 21:54:22.166, 1, 100, 23956, 24576, 302.62
2026/08/10 21:54:22.166, 2, 100, 21936, 24576, 315.88
2026/08/10 21:54:27.167, 0, 98, 13530, 24576, 339.60
2026/08/10 21:54:27.168, 1, 98, 13062, 24576, 304.04
2026/08/10 21:54:27.168, 2, 98, 15902, 24576, 305.96
2026/08/10 21:54:32.169, 0, 100, 13530, 24576, 178.37
2026/08/10 21:54:32.170, 1, 100, 13062, 24576, 189.49
2026/08/10 21:54:32.170, 2, 63, 15898, 24576, 274.62
2026/08/10 21:54:37.171, 0, 84, 21906, 24576, 307.64
2026/08/10 21:54:37.172, 1, 86, 21496, 24576, 302.21
2026/08/10 21:54:37.173, 2, 90, 23014, 24576, 312.63
2026/08/10 21:54:42.174, 0, 90, 22626, 24576, 309.01
2026/08/10 21:54:42.175, 1, 100, 23716, 24576, 321.66
2026/08/10 21:54:42.175, 2, 87, 23014, 24576, 323.23
2026/08/10 21:54:47.177, 0, 81, 21906, 24576, 270.50
2026/08/10 21:54:47.178, 1, 83, 21496, 24576, 286.85
2026/08/10 21:54:47.178, 2, 82, 23014, 24576, 279.76
2026/08/10 21:54:52.179, 0, 81, 21906, 24576, 338.28
2026/08/10 21:54:52.180, 1, 83, 21496, 24576, 310.38
2026/08/10 21:54:52.180, 2, 82, 23014, 24576, 321.82
2026/08/10 21:54:57.181, 0, 87, 14370, 24576, 299.35
2026/08/10 21:54:57.182, 1, 87, 12826, 24576, 282.71
2026/08/10 21:54:57.182, 2, 100, 13042, 24576, 286.19
2026/08/10 21:55:02.183, 0, 98, 14370, 24576, 342.59
2026/08/10 21:55:02.184, 1, 98, 14516, 24576, 289.86
2026/08/10 21:55:02.185, 2, 100, 13042, 24576, 318.32
2026/08/10 21:55:07.186, 0, 100, 22986, 24576, 301.77
2026/08/10 21:55:07.186, 1, 95, 22774, 24576, 306.27
2026/08/10 21:55:07.187, 2, 95, 20452, 24576, 324.18
2026/08/10 21:55:12.188, 0, 93, 22666, 24576, 299.42
2026/08/10 21:55:12.189, 1, 93, 22774, 24576, 316.34
2026/08/10 21:55:12.189, 2, 93, 20632, 24576, 317.17
2026/08/10 21:55:17.190, 0, 94, 22666, 24576, 298.60
2026/08/10 21:55:17.190, 1, 93, 22774, 24576, 313.82
2026/08/10 21:55:17.191, 2, 93, 20632, 24576, 316.86
2026/08/10 21:55:22.192, 0, 82, 22666, 24576, 339.69
2026/08/10 21:55:22.192, 1, 84, 22774, 24576, 312.97
2026/08/10 21:55:22.193, 2, 83, 20632, 24576, 337.00
2026/08/10 21:55:27.193, 0, 98, 22666, 24576, 316.91
2026/08/10 21:55:27.194, 1, 100, 22774, 24576, 301.73
2026/08/10 21:55:27.194, 2, 98, 20632, 24576, 303.29
2026/08/10 21:55:32.195, 0, 98, 22666, 24576, 329.75
2026/08/10 21:55:32.196, 1, 98, 19602, 24576, 302.35
2026/08/10 21:55:32.197, 2, 98, 12762, 24576, 327.76
2026/08/10 21:55:37.198, 0, 97, 23064, 24576, 307.99
2026/08/10 21:55:37.198, 1, 100, 22854, 24576, 304.37
2026/08/10 21:55:37.199, 2, 100, 23052, 24576, 309.69
2026/08/10 21:55:42.200, 0, 100, 22144, 24576, 305.75
2026/08/10 21:55:42.201, 1, 100, 21976, 24576, 316.00
2026/08/10 21:55:42.201, 2, 89, 21592, 24576, 327.37
2026/08/10 21:55:47.202, 0, 94, 22144, 24576, 280.32
2026/08/10 21:55:47.202, 1, 92, 21976, 24576, 302.15
2026/08/10 21:55:47.203, 2, 95, 21592, 24576, 307.30
2026/08/10 21:55:52.203, 0, 20, 22144, 24576, 170.80
2026/08/10 21:55:52.204, 1, 80, 21976, 24576, 334.96
2026/08/10 21:55:52.204, 2, 80, 20652, 24576, 332.16
2026/08/10 21:55:57.205, 0, 82, 22144, 24576, 341.77
2026/08/10 21:55:57.206, 1, 82, 21976, 24576, 311.61
2026/08/10 21:55:57.206, 2, 82, 20652, 24576, 337.78
2026/08/10 21:56:02.207, 0, 85, 12750, 24576, 291.78
2026/08/10 21:56:02.208, 1, 86, 12898, 24576, 293.29
2026/08/10 21:56:02.209, 2, 97, 20652, 24576, 339.17
2026/08/10 21:56:07.210, 0, 100, 13470, 24576, 338.17
2026/08/10 21:56:07.210, 1, 98, 13262, 24576, 306.56
2026/08/10 21:56:07.211, 2, 98, 20652, 24576, 336.72
2026/08/10 21:56:12.212, 0, 93, 22068, 24576, 329.46
2026/08/10 21:56:12.212, 1, 97, 22972, 24576, 311.91
2026/08/10 21:56:12.213, 2, 91, 20910, 24576, 291.26
2026/08/10 21:56:17.213, 0, 93, 22068, 24576, 328.53
2026/08/10 21:56:17.214, 1, 97, 22972, 24576, 318.31
2026/08/10 21:56:17.214, 2, 91, 20910, 24576, 293.78
2026/08/10 21:56:22.215, 0, 94, 22068, 24576, 329.09
2026/08/10 21:56:22.216, 1, 97, 22972, 24576, 305.52
2026/08/10 21:56:22.216, 2, 91, 20910, 24576, 291.86
2026/08/10 21:56:27.217, 0, 80, 22068, 24576, 337.65
2026/08/10 21:56:27.218, 1, 85, 22972, 24576, 310.99
2026/08/10 21:56:27.219, 2, 82, 20910, 24576, 338.61
2026/08/10 21:56:32.220, 0, 98, 22068, 24576, 299.48
2026/08/10 21:56:32.221, 1, 98, 22972, 24576, 303.77
2026/08/10 21:56:32.222, 2, 98, 20910, 24576, 314.11
2026/08/10 21:56:37.223, 0, 98, 22150, 24576, 336.90
2026/08/10 21:56:37.223, 1, 98, 13024, 24576, 308.96
2026/08/10 21:56:37.224, 2, 98, 13442, 24576, 339.07
2026/08/10 21:56:42.225, 0, 86, 23108, 24576, 237.88
2026/08/10 21:56:42.225, 1, 92, 24078, 24576, 306.92
2026/08/10 21:56:42.226, 2, 95, 23618, 24576, 312.05
2026/08/10 21:56:47.227, 0, 100, 22846, 24576, 303.27
2026/08/10 21:56:47.227, 1, 91, 22738, 24576, 315.76
2026/08/10 21:56:47.228, 2, 96, 23776, 24576, 317.27
2026/08/10 21:56:52.228, 0, 100, 23166, 24576, 312.81
2026/08/10 21:56:52.229, 1, 100, 23398, 24576, 316.91
2026/08/10 21:56:52.230, 2, 100, 21576, 24576, 313.00
2026/08/10 21:56:57.231, 0, 83, 23166, 24576, 323.64
2026/08/10 21:56:57.232, 1, 82, 23398, 24576, 307.74
2026/08/10 21:56:57.233, 2, 81, 21576, 24576, 320.01
2026/08/10 21:57:02.234, 0, 32, 23166, 24576, 254.05
2026/08/10 21:57:02.234, 1, 83, 23398, 24576, 309.92
2026/08/10 21:57:02.235, 2, 81, 21576, 24576, 327.03
2026/08/10 21:57:07.235, 0, 98, 23166, 24576, 339.23
2026/08/10 21:57:07.236, 1, 98, 14022, 24576, 286.29
2026/08/10 21:57:07.236, 2, 98, 14022, 24576, 293.65
2026/08/10 21:57:12.237, 0, 73, 23166, 24576, 332.69
2026/08/10 21:57:12.238, 1, 98, 13998, 24576, 310.25
2026/08/10 21:57:12.238, 2, 99, 14018, 24576, 331.32
2026/08/10 21:57:17.239, 0, 89, 23168, 24576, 326.71
2026/08/10 21:57:17.239, 1, 100, 22052, 24576, 314.87
2026/08/10 21:57:17.240, 2, 100, 23414, 24576, 329.95
2026/08/10 21:57:22.241, 0, 85, 23168, 24576, 326.80
2026/08/10 21:57:22.242, 1, 89, 22052, 24576, 313.35
2026/08/10 21:57:22.245, 2, 100, 23414, 24576, 329.92
2026/08/10 21:57:27.246, 0, 83, 23168, 24576, 279.14
2026/08/10 21:57:27.246, 1, 82, 22052, 24576, 287.42
2026/08/10 21:57:27.247, 2, 80, 23414, 24576, 292.46
2026/08/10 21:57:32.247, 0, 83, 23168, 24576, 340.43
2026/08/10 21:57:32.248, 1, 84, 22052, 24576, 309.67
2026/08/10 21:57:32.248, 2, 84, 23414, 24576, 331.71
2026/08/10 21:57:37.249, 0, 98, 13530, 24576, 297.96
2026/08/10 21:57:37.250, 1, 95, 12902, 24576, 274.44
2026/08/10 21:57:37.250, 2, 87, 12882, 24576, 292.39
2026/08/10 21:57:42.251, 0, 98, 13530, 24576, 308.12
2026/08/10 21:57:42.251, 1, 98, 13262, 24576, 300.01
2026/08/10 21:57:42.252, 2, 99, 13262, 24576, 309.34
2026/08/10 21:57:47.253, 0, 94, 21888, 24576, 328.00
2026/08/10 21:57:47.254, 1, 97, 23032, 24576, 311.53
2026/08/10 21:57:47.254, 2, 97, 23094, 24576, 318.23
2026/08/10 21:57:52.256, 0, 100, 21888, 24576, 331.24
2026/08/10 21:57:52.257, 1, 89, 23032, 24576, 314.23
2026/08/10 21:57:52.257, 2, 89, 23094, 24576, 334.93
2026/08/10 21:57:57.261, 0, 81, 21888, 24576, 336.25
2026/08/10 21:57:57.262, 1, 49, 23032, 24576, 255.31
2026/08/10 21:57:57.262, 2, 84, 23094, 24576, 329.50
2026/08/10 21:58:02.263, 0, 83, 21888, 24576, 339.06
2026/08/10 21:58:02.263, 1, 84, 23032, 24576, 305.01
2026/08/10 21:58:02.264, 2, 83, 23094, 24576, 337.49
2026/08/10 21:58:07.264, 0, 100, 13750, 24576, 321.63
2026/08/10 21:58:07.265, 1, 98, 12760, 24576, 324.67
2026/08/10 21:58:07.265, 2, 100, 21562, 24576, 335.69
2026/08/10 21:58:12.266, 0, 62, 13750, 24576, 296.67
2026/08/10 21:58:12.267, 1, 100, 12760, 24576, 245.90
2026/08/10 21:58:12.268, 2, 98, 13022, 24576, 314.89
2026/08/10 21:58:17.273, 0, 90, 23608, 24576, 340.70
2026/08/10 21:58:17.273, 1, 89, 19950, 24576, 309.18
2026/08/10 21:58:17.274, 2, 86, 20714, 24576, 321.96
2026/08/10 21:58:22.275, 0, 100, 23608, 24576, 326.41
2026/08/10 21:58:22.275, 1, 100, 21530, 24576, 307.46
2026/08/10 21:58:22.276, 2, 100, 22914, 24576, 321.50
2026/08/10 21:58:27.276, 0, 82, 23608, 24576, 336.15
2026/08/10 21:58:27.277, 1, 81, 19630, 24576, 314.13
2026/08/10 21:58:27.277, 2, 82, 20714, 24576, 331.42
2026/08/10 21:58:32.278, 0, 84, 23608, 24576, 339.42
2026/08/10 21:58:32.279, 1, 84, 19630, 24576, 309.69
2026/08/10 21:58:32.280, 2, 85, 20714, 24576, 321.61
2026/08/10 21:58:37.281, 0, 100, 13450, 24576, 332.68
2026/08/10 21:58:37.282, 1, 100, 13042, 24576, 291.16
2026/08/10 21:58:37.282, 2, 97, 13982, 24576, 327.06
2026/08/10 21:58:42.284, 0, 100, 13450, 24576, 331.05
2026/08/10 21:58:42.284, 1, 100, 13042, 24576, 304.06
2026/08/10 21:58:42.284, 2, 100, 13978, 24576, 246.52
2026/08/10 21:58:47.285, 0, 82, 24170, 24576, 336.21
2026/08/10 21:58:47.286, 1, 88, 23634, 24576, 322.90
2026/08/10 21:58:47.286, 2, 91, 20692, 24576, 293.36
2026/08/10 21:58:52.287, 0, 100, 24170, 24576, 342.71
2026/08/10 21:58:52.287, 1, 100, 23634, 24576, 336.29
2026/08/10 21:58:52.288, 2, 100, 20692, 24576, 297.02
2026/08/10 21:58:57.289, 0, 89, 22110, 24576, 288.46
2026/08/10 21:58:57.289, 1, 82, 21414, 24576, 281.31
2026/08/10 21:58:57.290, 2, 83, 22772, 24576, 275.22
2026/08/10 21:59:02.291, 0, 86, 22110, 24576, 337.76
2026/08/10 21:59:02.291, 1, 84, 21414, 24576, 311.30
2026/08/10 21:59:02.292, 2, 86, 22772, 24576, 337.64
2026/08/10 21:59:07.293, 0, 98, 13530, 24576, 306.15
2026/08/10 21:59:07.294, 1, 100, 12760, 24576, 285.60
2026/08/10 21:59:07.294, 2, 98, 12942, 24576, 287.48
2026/08/10 21:59:12.295, 0, 98, 13530, 24576, 329.60
2026/08/10 21:59:12.295, 1, 98, 12760, 24576, 308.68
2026/08/10 21:59:12.296, 2, 98, 13322, 24576, 318.86
2026/08/10 21:59:17.297, 0, 100, 20866, 24576, 311.23
2026/08/10 21:59:17.297, 1, 100, 20670, 24576, 302.75
2026/08/10 21:59:17.298, 2, 100, 22912, 24576, 321.91
2026/08/10 21:59:22.298, 0, 100, 20866, 24576, 310.77
2026/08/10 21:59:22.299, 1, 100, 20670, 24576, 303.21
2026/08/10 21:59:22.300, 2, 86, 22912, 24576, 324.18
2026/08/10 21:59:27.300, 0, 85, 20866, 24576, 335.15
2026/08/10 21:59:27.301, 1, 79, 20670, 24576, 316.15
2026/08/10 21:59:27.302, 2, 84, 22912, 24576, 331.39
2026/08/10 21:59:32.302, 0, 85, 20866, 24576, 338.44
2026/08/10 21:59:32.303, 1, 83, 20670, 24576, 311.95
2026/08/10 21:59:32.304, 2, 86, 22912, 24576, 329.39
2026/08/10 21:59:37.305, 0, 98, 19230, 24576, 307.07
2026/08/10 21:59:37.306, 1, 98, 13342, 24576, 277.33
2026/08/10 21:59:37.306, 2, 98, 13064, 24576, 291.83
2026/08/10 21:59:42.307, 0, 99, 13990, 24576, 337.92
2026/08/10 21:59:42.307, 1, 100, 13342, 24576, 303.77
2026/08/10 21:59:42.308, 2, 98, 13064, 24576, 319.86
2026/08/10 21:59:47.309, 0, 94, 23248, 24576, 321.92
2026/08/10 21:59:47.309, 1, 97, 23696, 24576, 317.26
2026/08/10 21:59:47.310, 2, 93, 23258, 24576, 322.68
2026/08/10 21:59:52.310, 0, 88, 23608, 24576, 329.85
2026/08/10 21:59:52.311, 1, 87, 23696, 24576, 316.31
2026/08/10 21:59:52.312, 2, 89, 23258, 24576, 328.63
2026/08/10 21:59:57.312, 0, 100, 23248, 24576, 331.68
2026/08/10 21:59:57.313, 1, 100, 23696, 24576, 314.10
2026/08/10 21:59:57.314, 2, 100, 23258, 24576, 313.72
2026/08/10 22:00:02.315, 0, 84, 23248, 24576, 336.26
2026/08/10 22:00:02.325, 1, 82, 23696, 24576, 298.24
2026/08/10 22:00:02.325, 2, 84, 23258, 24576, 327.58
2026/08/10 22:00:07.326, 0, 98, 23248, 24576, 258.42
2026/08/10 22:00:07.327, 1, 98, 23696, 24576, 290.34
2026/08/10 22:00:07.327, 2, 98, 23258, 24576, 315.09
2026/08/10 22:00:12.328, 0, 98, 13750, 24576, 336.56
2026/08/10 22:00:12.329, 1, 96, 23696, 24576, 305.55
2026/08/10 22:00:12.330, 2, 98, 13064, 24576, 315.06
2026/08/10 22:00:17.331, 0, 96, 22832, 24576, 258.93
2026/08/10 22:00:17.332, 1, 100, 23696, 24576, 269.21
2026/08/10 22:00:17.332, 2, 100, 23658, 24576, 308.16
2026/08/10 22:00:22.333, 0, 97, 22884, 24576, 298.44
2026/08/10 22:00:22.334, 1, 97, 23696, 24576, 312.70
2026/08/10 22:00:22.334, 2, 97, 24076, 24576, 321.92
2026/08/10 22:00:27.335, 0, 100, 22884, 24576, 284.80
2026/08/10 22:00:27.336, 1, 100, 23696, 24576, 295.15
2026/08/10 22:00:27.336, 2, 100, 24076, 24576, 319.97
2026/08/10 22:00:32.337, 0, 85, 22884, 24576, 335.16
2026/08/10 22:00:32.337, 1, 80, 23696, 24576, 328.23
2026/08/10 22:00:32.338, 2, 84, 21876, 24576, 334.14
2026/08/10 22:00:37.339, 0, 85, 22884, 24576, 339.12
2026/08/10 22:00:37.340, 1, 83, 23696, 24576, 313.91
2026/08/10 22:00:37.340, 2, 86, 21876, 24576, 322.07
2026/08/10 22:00:42.341, 0, 98, 23290, 24576, 338.14
2026/08/10 22:00:42.342, 1, 98, 18702, 24576, 294.13
2026/08/10 22:00:42.342, 2, 98, 13942, 24576, 329.68
2026/08/10 22:00:47.343, 0, 39, 13450, 24576, 305.61
2026/08/10 22:00:47.344, 1, 100, 13442, 24576, 310.40
2026/08/10 22:00:47.344, 2, 99, 13938, 24576, 247.43
2026/08/10 22:00:52.345, 0, 93, 21688, 24576, 295.64
2026/08/10 22:00:52.349, 1, 91, 21596, 24576, 308.10
2026/08/10 22:00:52.349, 2, 90, 22592, 24576, 298.34
2026/08/10 22:00:57.350, 0, 92, 23508, 24576, 322.66
2026/08/10 22:00:57.350, 1, 89, 23616, 24576, 315.06
2026/08/10 22:00:57.351, 2, 89, 22592, 24576, 280.26
2026/08/10 22:01:02.352, 0, 95, 23748, 24576, 325.39
2026/08/10 22:01:02.355, 1, 100, 23816, 24576, 319.64
2026/08/10 22:01:02.356, 2, 100, 20552, 24576, 285.72
2026/08/10 22:01:07.357, 0, 82, 21688, 24576, 335.63
2026/08/10 22:01:07.358, 1, 82, 21596, 24576, 312.39
2026/08/10 22:01:07.359, 2, 84, 22592, 24576, 333.73
2026/08/10 22:01:12.359, 0, 98, 21688, 24576, 341.02
2026/08/10 22:01:12.360, 1, 100, 21596, 24576, 288.91
2026/08/10 22:01:12.360, 2, 98, 22592, 24576, 263.65
2026/08/10 22:01:17.362, 0, 98, 13690, 24576, 340.67
2026/08/10 22:01:17.362, 1, 98, 21682, 24576, 298.62
2026/08/10 22:01:17.363, 2, 98, 13218, 24576, 337.67
2026/08/10 22:01:22.364, 0, 100, 23608, 24576, 332.39
2026/08/10 22:01:22.364, 1, 96, 20572, 24576, 292.24
2026/08/10 22:01:22.365, 2, 97, 22732, 24576, 320.47
2026/08/10 22:01:27.366, 0, 100, 23608, 24576, 342.77
2026/08/10 22:01:27.367, 1, 88, 20572, 24576, 291.60
2026/08/10 22:01:27.373, 2, 84, 22732, 24576, 336.70
2026/08/10 22:01:32.373, 0, 100, 23608, 24576, 333.19
2026/08/10 22:01:32.374, 1, 100, 22712, 24576, 330.78
2026/08/10 22:01:32.374, 2, 100, 22732, 24576, 326.93
2026/08/10 22:01:37.375, 0, 82, 23608, 24576, 338.88
2026/08/10 22:01:37.376, 1, 83, 22712, 24576, 313.82
2026/08/10 22:01:37.376, 2, 85, 22732, 24576, 317.92
2026/08/10 22:01:42.377, 0, 100, 23608, 24576, 339.24
2026/08/10 22:01:42.377, 1, 100, 22712, 24576, 312.28
2026/08/10 22:01:42.378, 2, 100, 22732, 24576, 329.20
2026/08/10 22:01:47.379, 0, 98, 13590, 24576, 337.44
2026/08/10 22:01:47.380, 1, 98, 13064, 24576, 302.67
2026/08/10 22:01:47.380, 2, 98, 22732, 24576, 327.23
2026/08/10 22:01:52.384, 0, 89, 24142, 24576, 301.84
2026/08/10 22:01:52.384, 1, 89, 23666, 24576, 301.20
2026/08/10 22:01:52.385, 2, 88, 22832, 24576, 299.63
2026/08/10 22:01:57.386, 0, 98, 23430, 24576, 330.07
2026/08/10 22:01:57.386, 1, 100, 24056, 24576, 320.12
2026/08/10 22:01:57.387, 2, 100, 22832, 24576, 310.67
2026/08/10 22:02:02.395, 0, 100, 24150, 24576, 338.72
2026/08/10 22:02:02.396, 1, 100, 23336, 24576, 299.08
2026/08/10 22:02:02.397, 2, 100, 22832, 24576, 287.90
2026/08/10 22:02:07.398, 0, 80, 23430, 24576, 334.91
2026/08/10 22:02:07.399, 1, 72, 21836, 24576, 314.73
2026/08/10 22:02:07.399, 2, 82, 22832, 24576, 333.57
2026/08/10 22:02:12.400, 0, 81, 23430, 24576, 338.82
2026/08/10 22:02:12.401, 1, 81, 21836, 24576, 311.99
2026/08/10 22:02:12.401, 2, 80, 22832, 24576, 337.60
2026/08/10 22:02:17.402, 0, 100, 23690, 24576, 338.33
2026/08/10 22:02:17.403, 1, 97, 12862, 24576, 327.54
2026/08/10 22:02:17.403, 2, 98, 21120, 24576, 337.91
2026/08/10 22:02:22.404, 0, 88, 14590, 24576, 298.91
2026/08/10 22:02:22.405, 1, 79, 12862, 24576, 280.14
2026/08/10 22:02:22.405, 2, 98, 23798, 24576, 336.21
2026/08/10 22:02:27.406, 0, 93, 23208, 24576, 324.27
2026/08/10 22:02:27.407, 1, 92, 20472, 24576, 302.44
2026/08/10 22:02:27.407, 2, 89, 19710, 24576, 305.49
2026/08/10 22:02:32.408, 0, 94, 23208, 24576, 320.00
2026/08/10 22:02:32.409, 1, 93, 20472, 24576, 296.80
2026/08/10 22:02:32.410, 2, 94, 20950, 24576, 300.90
2026/08/10 22:02:37.411, 0, 82, 23208, 24576, 323.16
2026/08/10 22:02:37.412, 1, 81, 20472, 24576, 324.54
2026/08/10 22:02:37.412, 2, 81, 20950, 24576, 323.00
2026/08/10 22:02:42.413, 0, 81, 23208, 24576, 338.06
2026/08/10 22:02:42.414, 1, 83, 20472, 24576, 313.02
2026/08/10 22:02:42.414, 2, 82, 20950, 24576, 338.08
2026/08/10 22:02:47.415, 0, 98, 22590, 24576, 329.46
2026/08/10 22:02:47.415, 1, 98, 18462, 24576, 293.96
2026/08/10 22:02:47.416, 2, 98, 13062, 24576, 290.49
2026/08/10 22:02:52.417, 0, 100, 20390, 24576, 320.76
2026/08/10 22:02:52.417, 1, 68, 13696, 24576, 279.47
2026/08/10 22:02:52.418, 2, 100, 13062, 24576, 320.79
2026/08/10 22:02:57.419, 0, 84, 23128, 24576, 310.66
2026/08/10 22:02:57.420, 1, 96, 21508, 24576, 302.52
2026/08/10 22:02:57.420, 2, 85, 21716, 24576, 322.24
2026/08/10 22:03:02.421, 0, 100, 20808, 24576, 304.60
2026/08/10 22:03:02.422, 1, 96, 21508, 24576, 276.75
2026/08/10 22:03:02.423, 2, 96, 20856, 24576, 335.49
2026/08/10 22:03:07.423, 0, 82, 23128, 24576, 313.47
2026/08/10 22:03:07.424, 1, 89, 19628, 24576, 280.21
2026/08/10 22:03:07.424, 2, 89, 23916, 24576, 327.88
2026/08/10 22:03:12.425, 0, 80, 23128, 24576, 337.86
2026/08/10 22:03:12.426, 1, 81, 21508, 24576, 325.73
2026/08/10 22:03:12.426, 2, 82, 21716, 24576, 328.65
2026/08/10 22:03:17.427, 0, 98, 23128, 24576, 339.00
2026/08/10 22:03:17.427, 1, 98, 21508, 24576, 276.46
2026/08/10 22:03:17.428, 2, 98, 21716, 24576, 326.05
2026/08/10 22:03:22.429, 0, 98, 23128, 24576, 338.70
2026/08/10 22:03:22.429, 1, 98, 23062, 24576, 312.36
2026/08/10 22:03:22.430, 2, 100, 21716, 24576, 318.86
2026/08/10 22:03:27.431, 0, 100, 23262, 24576, 293.56
2026/08/10 22:03:27.432, 1, 100, 20758, 24576, 296.59
2026/08/10 22:03:27.432, 2, 95, 23916, 24576, 294.46
2026/08/10 22:03:32.433, 0, 88, 23288, 24576, 317.55
2026/08/10 22:03:32.434, 1, 92, 20794, 24576, 305.21
2026/08/10 22:03:32.434, 2, 97, 23958, 24576, 324.82
2026/08/10 22:03:37.435, 0, 87, 23288, 24576, 322.22
2026/08/10 22:03:37.436, 1, 100, 22854, 24576, 309.61
2026/08/10 22:03:37.436, 2, 88, 23958, 24576, 321.59
2026/08/10 22:03:42.437, 0, 81, 23288, 24576, 333.25
2026/08/10 22:03:42.437, 1, 82, 22854, 24576, 333.99
2026/08/10 22:03:42.438, 2, 83, 23958, 24576, 330.28
2026/08/10 22:03:47.439, 0, 80, 23288, 24576, 338.59
2026/08/10 22:03:47.439, 1, 83, 22854, 24576, 314.91
2026/08/10 22:03:47.440, 2, 75, 23958, 24576, 320.25
2026/08/10 22:03:52.441, 0, 98, 23288, 24576, 340.37
2026/08/10 22:03:52.442, 1, 98, 16822, 24576, 295.33
2026/08/10 22:03:52.442, 2, 98, 12862, 24576, 312.18
2026/08/10 22:03:57.443, 0, 38, 23288, 24576, 303.86
2026/08/10 22:03:57.444, 1, 100, 13462, 24576, 307.52
2026/08/10 22:03:57.445, 2, 98, 12862, 24576, 314.78
2026/08/10 22:04:02.445, 0, 87, 21546, 24576, 300.41
2026/08/10 22:04:02.446, 1, 89, 23836, 24576, 319.63
2026/08/10 22:04:02.447, 2, 88, 22934, 24576, 329.90
2026/08/10 22:04:07.448, 0, 100, 21546, 24576, 303.27
2026/08/10 22:04:07.448, 1, 100, 23836, 24576, 317.85
2026/08/10 22:04:07.449, 2, 100, 22934, 24576, 328.15
2026/08/10 22:04:12.449, 0, 80, 21546, 24576, 302.21
2026/08/10 22:04:12.450, 1, 95, 23836, 24576, 323.86
2026/08/10 22:04:12.450, 2, 98, 22934, 24576, 330.58
2026/08/10 22:04:17.451, 0, 76, 22646, 24576, 334.05
2026/08/10 22:04:17.452, 1, 74, 21636, 24576, 309.84
2026/08/10 22:04:17.452, 2, 75, 20934, 24576, 335.06
2026/08/10 22:04:22.453, 0, 96, 22646, 24576, 275.23
2026/08/10 22:04:22.454, 1, 86, 21636, 24576, 304.63
2026/08/10 22:04:22.455, 2, 98, 20934, 24576, 275.58
2026/08/10 22:04:27.456, 0, 98, 20010, 24576, 341.62
2026/08/10 22:04:27.456, 1, 98, 13002, 24576, 308.19
2026/08/10 22:04:27.457, 2, 98, 19542, 24576, 336.42
2026/08/10 22:04:32.458, 0, 100, 22986, 24576, 332.00
2026/08/10 22:04:32.458, 1, 95, 20512, 24576, 305.84
2026/08/10 22:04:32.459, 2, 96, 22032, 24576, 312.93
2026/08/10 22:04:37.459, 0, 100, 22986, 24576, 340.15
2026/08/10 22:04:37.460, 1, 100, 20512, 24576, 313.11
2026/08/10 22:04:37.460, 2, 100, 22032, 24576, 318.62
2026/08/10 22:04:42.461, 0, 83, 22986, 24576, 340.83
2026/08/10 22:04:42.462, 1, 96, 20512, 24576, 301.76
2026/08/10 22:04:42.462, 2, 88, 22032, 24576, 319.94
2026/08/10 22:04:47.463, 0, 79, 22986, 24576, 338.35
2026/08/10 22:04:47.464, 1, 81, 20512, 24576, 316.03
2026/08/10 22:04:47.464, 2, 82, 22032, 24576, 335.49
2026/08/10 22:04:52.465, 0, 77, 22986, 24576, 322.73
2026/08/10 22:04:52.466, 1, 81, 20512, 24576, 311.68
2026/08/10 22:04:52.467, 2, 100, 22032, 24576, 279.99
2026/08/10 22:04:57.467, 0, 100, 18210, 24576, 339.65
2026/08/10 22:04:57.468, 1, 98, 13062, 24576, 315.83
2026/08/10 22:04:57.468, 2, 98, 13262, 24576, 325.89
2026/08/10 22:05:02.469, 0, 100, 21686, 24576, 288.05
2026/08/10 22:05:02.470, 1, 100, 23368, 24576, 300.51
2026/08/10 22:05:02.470, 2, 88, 22992, 24576, 297.83
2026/08/10 22:05:07.471, 0, 100, 21708, 24576, 312.73
2026/08/10 22:05:07.472, 1, 88, 23734, 24576, 324.75
2026/08/10 22:05:07.472, 2, 87, 22992, 24576, 319.43
2026/08/10 22:05:12.473, 0, 88, 21708, 24576, 316.90
2026/08/10 22:05:12.473, 1, 88, 23734, 24576, 320.70
2026/08/10 22:05:12.474, 2, 84, 22992, 24576, 320.13
2026/08/10 22:05:17.475, 0, 81, 23708, 24576, 336.51
2026/08/10 22:05:17.477, 1, 75, 21534, 24576, 312.02
2026/08/10 22:05:17.477, 2, 80, 22992, 24576, 334.79
2026/08/10 22:05:22.478, 0, 85, 23708, 24576, 340.01
2026/08/10 22:05:22.479, 1, 82, 21534, 24576, 297.09
2026/08/10 22:05:22.479, 2, 83, 22992, 24576, 325.19
2026/08/10 22:05:27.480, 0, 98, 13430, 24576, 337.58
2026/08/10 22:05:27.481, 1, 100, 12942, 24576, 331.70
2026/08/10 22:05:27.481, 2, 100, 13942, 24576, 337.20
2026/08/10 22:05:32.482, 0, 100, 13430, 24576, 328.17
2026/08/10 22:05:32.483, 1, 98, 13322, 24576, 302.19
2026/08/10 22:05:32.483, 2, 100, 13938, 24576, 214.41
2026/08/10 22:05:37.484, 0, 100, 23348, 24576, 333.43
2026/08/10 22:05:37.485, 1, 100, 23636, 24576, 312.99
2026/08/10 22:05:37.485, 2, 97, 21932, 24576, 312.00
2026/08/10 22:05:42.486, 0, 97, 23348, 24576, 322.74
2026/08/10 22:05:42.487, 1, 97, 23636, 24576, 315.06
2026/08/10 22:05:42.487, 2, 92, 21932, 24576, 290.61
2026/08/10 22:05:47.489, 0, 22, 23348, 24576, 284.76
2026/08/10 22:05:47.490, 1, 24, 23636, 24576, 277.76
2026/08/10 22:05:47.491, 2, 22, 21932, 24576, 270.24
2026/08/10 22:05:52.492, 0, 84, 23348, 24576, 337.46
2026/08/10 22:05:52.492, 1, 82, 23636, 24576, 300.19
2026/08/10 22:05:52.493, 2, 83, 21932, 24576, 336.78
2026/08/10 22:05:57.493, 0, 98, 23348, 24576, 337.16
2026/08/10 22:05:57.494, 1, 98, 23636, 24576, 307.01
2026/08/10 22:05:57.494, 2, 98, 21932, 24576, 339.82
2026/08/10 22:06:02.495, 0, 98, 13530, 24576, 337.56
2026/08/10 22:06:02.496, 1, 98, 13042, 24576, 305.30
2026/08/10 22:06:02.496, 2, 98, 21932, 24576, 319.37
2026/08/10 22:06:07.497, 0, 89, 23870, 24576, 333.11
2026/08/10 22:06:07.498, 1, 88, 21394, 24576, 312.49
2026/08/10 22:06:07.498, 2, 100, 22976, 24576, 322.32
2026/08/10 22:06:12.499, 0, 100, 23510, 24576, 334.22
2026/08/10 22:06:12.500, 1, 100, 21394, 24576, 305.08
2026/08/10 22:06:12.501, 2, 100, 22976, 24576, 330.12
2026/08/10 22:06:17.502, 0, 92, 23510, 24576, 318.10
2026/08/10 22:06:17.503, 1, 88, 21394, 24576, 291.58
2026/08/10 22:06:17.503, 2, 88, 22976, 24576, 315.43
2026/08/10 22:06:22.504, 0, 81, 23510, 24576, 335.64
2026/08/10 22:06:22.505, 1, 0, 21394, 24576, 262.96
2026/08/10 22:06:22.506, 2, 83, 22976, 24576, 335.21
2026/08/10 22:06:27.507, 0, 84, 23510, 24576, 339.46
2026/08/10 22:06:27.508, 1, 83, 21394, 24576, 301.00
2026/08/10 22:06:27.508, 2, 83, 22976, 24576, 338.15
2026/08/10 22:06:32.509, 0, 98, 13570, 24576, 340.24
2026/08/10 22:06:32.510, 1, 100, 21394, 24576, 309.03
2026/08/10 22:06:32.510, 2, 98, 22976, 24576, 314.88
2026/08/10 22:06:37.511, 0, 98, 13570, 24576, 338.60
2026/08/10 22:06:37.512, 1, 98, 21394, 24576, 300.75
2026/08/10 22:06:37.513, 2, 100, 22976, 24576, 247.70
2026/08/10 22:06:42.514, 0, 100, 21768, 24576, 315.22
2026/08/10 22:06:42.514, 1, 100, 21696, 24576, 303.38
2026/08/10 22:06:42.515, 2, 100, 23374, 24576, 321.87
2026/08/10 22:06:47.516, 0, 88, 21768, 24576, 301.37
2026/08/10 22:06:47.516, 1, 88, 21696, 24576, 307.11
2026/08/10 22:06:47.517, 2, 91, 23374, 24576, 300.12
2026/08/10 22:06:52.518, 0, 100, 23968, 24576, 329.72
2026/08/10 22:06:52.518, 1, 100, 23916, 24576, 318.41
2026/08/10 22:06:52.519, 2, 92, 23374, 24576, 314.95
2026/08/10 22:06:57.519, 0, 85, 21768, 24576, 336.33
2026/08/10 22:06:57.520, 1, 85, 21696, 24576, 309.27
2026/08/10 22:06:57.521, 2, 84, 23374, 24576, 337.89
2026/08/10 22:07:02.522, 0, 98, 21768, 24576, 339.72
2026/08/10 22:07:02.523, 1, 100, 21696, 24576, 253.98
2026/08/10 22:07:02.524, 2, 100, 23374, 24576, 247.59
2026/08/10 22:07:07.525, 0, 98, 21768, 24576, 338.84
2026/08/10 22:07:07.525, 1, 98, 19156, 24576, 317.65
2026/08/10 22:07:07.526, 2, 98, 19358, 24576, 328.49
2026/08/10 22:07:12.527, 0, 87, 23968, 24576, 322.08
2026/08/10 22:07:12.527, 1, 88, 20916, 24576, 286.55
2026/08/10 22:07:12.528, 2, 88, 20812, 24576, 282.96
2026/08/10 22:07:17.529, 0, 100, 24030, 24576, 340.60
2026/08/10 22:07:17.529, 1, 100, 20930, 24576, 314.49
2026/08/10 22:07:17.530, 2, 100, 20832, 24576, 300.35
2026/08/10 22:07:22.530, 0, 91, 24030, 24576, 328.70
2026/08/10 22:07:22.531, 1, 90, 20930, 24576, 291.04
2026/08/10 22:07:22.531, 2, 91, 20832, 24576, 293.39
2026/08/10 22:07:27.532, 0, 82, 24030, 24576, 335.16
2026/08/10 22:07:27.533, 1, 79, 20930, 24576, 333.65
2026/08/10 22:07:27.533, 2, 82, 22852, 24576, 333.17
2026/08/10 22:07:32.534, 0, 82, 24030, 24576, 337.95
2026/08/10 22:07:32.535, 1, 81, 20930, 24576, 312.22
2026/08/10 22:07:32.536, 2, 82, 22852, 24576, 337.07
2026/08/10 22:07:37.537, 0, 98, 13590, 24576, 304.97
2026/08/10 22:07:37.537, 1, 98, 12962, 24576, 287.36
2026/08/10 22:07:37.538, 2, 98, 17002, 24576, 302.77
2026/08/10 22:07:42.539, 0, 97, 13590, 24576, 337.64
2026/08/10 22:07:42.540, 1, 100, 12962, 24576, 294.17
2026/08/10 22:07:42.541, 2, 98, 20238, 24576, 340.63
2026/08/10 22:07:47.542, 0, 100, 24010, 24576, 335.86
2026/08/10 22:07:47.543, 1, 96, 23016, 24576, 310.15
2026/08/10 22:07:47.543, 2, 98, 23054, 24576, 315.45
2026/08/10 22:07:52.544, 0, 100, 23450, 24576, 332.66
2026/08/10 22:07:52.545, 1, 100, 23636, 24576, 311.38
2026/08/10 22:07:52.545, 2, 100, 23554, 24576, 315.65
2026/08/10 22:07:57.546, 0, 100, 24010, 24576, 323.74
2026/08/10 22:07:57.547, 1, 100, 23016, 24576, 325.87
2026/08/10 22:07:57.548, 2, 100, 23054, 24576, 304.18
2026/08/10 22:08:02.549, 0, 76, 24010, 24576, 333.43
2026/08/10 22:08:02.550, 1, 80, 23016, 24576, 310.17
2026/08/10 22:08:02.551, 2, 82, 23054, 24576, 337.78
2026/08/10 22:08:07.551, 0, 98, 24010, 24576, 313.06
2026/08/10 22:08:07.552, 1, 98, 23016, 24576, 306.55
2026/08/10 22:08:07.552, 2, 100, 23054, 24576, 209.98
2026/08/10 22:08:12.553, 0, 98, 20370, 24576, 335.65
2026/08/10 22:08:12.554, 1, 100, 13042, 24576, 306.91
2026/08/10 22:08:12.554, 2, 98, 23054, 24576, 329.53
2026/08/10 22:08:17.555, 0, 100, 23006, 24576, 340.65
2026/08/10 22:08:17.556, 1, 100, 20774, 24576, 298.74
2026/08/10 22:08:17.556, 2, 98, 20950, 24576, 323.70
2026/08/10 22:08:22.557, 0, 100, 23006, 24576, 342.60
2026/08/10 22:08:22.558, 1, 100, 20774, 24576, 299.80
2026/08/10 22:08:22.559, 2, 99, 20950, 24576, 320.88
2026/08/10 22:08:27.560, 0, 100, 23006, 24576, 342.85
2026/08/10 22:08:27.560, 1, 100, 20774, 24576, 302.46
2026/08/10 22:08:27.561, 2, 100, 20950, 24576, 322.82
2026/08/10 22:08:32.562, 0, 82, 23006, 24576, 336.59
2026/08/10 22:08:32.562, 1, 83, 20774, 24576, 310.58
2026/08/10 22:08:32.563, 2, 81, 20950, 24576, 336.51
2026/08/10 22:08:37.564, 0, 100, 23006, 24576, 266.55
2026/08/10 22:08:37.564, 1, 83, 20774, 24576, 310.40
2026/08/10 22:08:37.565, 2, 78, 20950, 24576, 299.25
2026/08/10 22:08:42.566, 0, 98, 20010, 24576, 336.33
2026/08/10 22:08:42.566, 1, 98, 13262, 24576, 297.87
2026/08/10 22:08:42.567, 2, 98, 13262, 24576, 310.05
2026/08/10 22:08:47.568, 0, 100, 22944, 24576, 329.90
2026/08/10 22:08:47.568, 1, 100, 22872, 24576, 312.34
2026/08/10 22:08:47.569, 2, 100, 22912, 24576, 331.81
2026/08/10 22:08:52.570, 0, 91, 20564, 24576, 319.42
2026/08/10 22:08:52.571, 1, 97, 22872, 24576, 312.48
2026/08/10 22:08:52.571, 2, 99, 22912, 24576, 327.98
2026/08/10 22:08:57.573, 0, 96, 22604, 24576, 321.17
2026/08/10 22:08:57.573, 1, 97, 22872, 24576, 308.40
2026/08/10 22:08:57.574, 2, 97, 22912, 24576, 326.55
2026/08/10 22:09:02.575, 0, 84, 22604, 24576, 337.01
2026/08/10 22:09:02.575, 1, 82, 22872, 24576, 297.76
2026/08/10 22:09:02.576, 2, 81, 22912, 24576, 324.96
2026/08/10 22:09:07.576, 0, 100, 22604, 24576, 336.17
2026/08/10 22:09:07.577, 1, 98, 22872, 24576, 321.13
2026/08/10 22:09:07.577, 2, 97, 22912, 24576, 322.22
2026/08/10 22:09:12.578, 0, 100, 13990, 24576, 335.89
2026/08/10 22:09:12.579, 1, 98, 23802, 24576, 293.88
2026/08/10 22:09:12.579, 2, 98, 13322, 24576, 316.80
2026/08/10 22:09:17.580, 0, 100, 24180, 24576, 321.91
2026/08/10 22:09:17.581, 1, 100, 22526, 24576, 292.23
2026/08/10 22:09:17.582, 2, 100, 22980, 24576, 290.57
2026/08/10 22:09:22.583, 0, 100, 24008, 24576, 338.15
2026/08/10 22:09:22.583, 1, 100, 22532, 24576, 314.17
2026/08/10 22:09:22.584, 2, 100, 22992, 24576, 315.99
2026/08/10 22:09:27.585, 0, 89, 24008, 24576, 334.93
2026/08/10 22:09:27.585, 1, 100, 22532, 24576, 313.38
2026/08/10 22:09:27.586, 2, 100, 22992, 24576, 317.77
2026/08/10 22:09:32.587, 0, 81, 24008, 24576, 334.71
2026/08/10 22:09:32.587, 1, 80, 22532, 24576, 331.40
2026/08/10 22:09:32.588, 2, 80, 22992, 24576, 336.19
2026/08/10 22:09:37.588, 0, 83, 24008, 24576, 339.17
2026/08/10 22:09:37.589, 1, 83, 22532, 24576, 312.87
2026/08/10 22:09:37.589, 2, 82, 22992, 24576, 338.15
2026/08/10 22:09:42.590, 0, 98, 13370, 24576, 336.98
2026/08/10 22:09:42.594, 1, 98, 13062, 24576, 327.38
2026/08/10 22:09:42.595, 2, 98, 13982, 24576, 339.32
2026/08/10 22:09:47.596, 0, 100, 13730, 24576, 185.19
2026/08/10 22:09:47.606, 1, 98, 13062, 24576, 307.64
2026/08/10 22:09:47.607, 2, 100, 13978, 24576, 324.03
2026/08/10 22:09:52.608, 0, 97, 22684, 24576, 300.81
2026/08/10 22:09:52.609, 1, 100, 21554, 24576, 300.93
2026/08/10 22:09:52.609, 2, 99, 23234, 24576, 307.39
2026/08/10 22:09:57.610, 0, 97, 22684, 24576, 300.49
2026/08/10 22:09:57.611, 1, 89, 21554, 24576, 303.55
2026/08/10 22:09:57.613, 2, 98, 23234, 24576, 313.44
2026/08/10 22:10:02.614, 0, 79, 22684, 24576, 294.42
2026/08/10 22:10:02.615, 1, 79, 21554, 24576, 310.12
2026/08/10 22:10:02.615, 2, 79, 23234, 24576, 297.25
2026/08/10 22:10:07.616, 0, 82, 22684, 24576, 338.98
2026/08/10 22:10:07.617, 1, 81, 21554, 24576, 308.88
2026/08/10 22:10:07.617, 2, 81, 23234, 24576, 327.45
2026/08/10 22:10:12.618, 0, 98, 13570, 24576, 299.46
2026/08/10 22:10:12.618, 1, 99, 14040, 24576, 292.01
2026/08/10 22:10:12.619, 2, 98, 14002, 24576, 292.14
2026/08/10 22:10:17.619, 0, 98, 13570, 24576, 338.89
2026/08/10 22:10:17.620, 1, 98, 14016, 24576, 315.18
2026/08/10 22:10:17.621, 2, 98, 13998, 24576, 328.52
2026/08/10 22:10:22.625, 0, 99, 23846, 24576, 339.70
2026/08/10 22:10:22.625, 1, 88, 20370, 24576, 291.97
2026/08/10 22:10:22.626, 2, 88, 21014, 24576, 309.36
2026/08/10 22:10:27.626, 0, 100, 23846, 24576, 329.98
2026/08/10 22:10:27.627, 1, 100, 20370, 24576, 296.79
2026/08/10 22:10:27.628, 2, 100, 21354, 24576, 318.47
2026/08/10 22:10:32.628, 0, 82, 21646, 24576, 291.03
2026/08/10 22:10:32.629, 1, 78, 22490, 24576, 308.02
2026/08/10 22:10:32.629, 2, 81, 23074, 24576, 297.82
2026/08/10 22:10:37.630, 0, 74, 21646, 24576, 338.80
2026/08/10 22:10:37.631, 1, 84, 22490, 24576, 308.76
2026/08/10 22:10:37.632, 2, 82, 23074, 24576, 327.78
2026/08/10 22:10:42.633, 0, 98, 16290, 24576, 299.27
2026/08/10 22:10:42.634, 1, 93, 13982, 24576, 278.01
2026/08/10 22:10:42.634, 2, 95, 12962, 24576, 279.72
2026/08/10 22:10:47.635, 0, 98, 19870, 24576, 337.65
2026/08/10 22:10:47.636, 1, 98, 13958, 24576, 295.23
2026/08/10 22:10:47.637, 2, 98, 12962, 24576, 317.18
2026/08/10 22:10:52.638, 0, 94, 21686, 24576, 305.88
2026/08/10 22:10:52.638, 1, 97, 23354, 24576, 315.80
2026/08/10 22:10:52.639, 2, 100, 22936, 24576, 327.69
2026/08/10 22:10:57.640, 0, 100, 24126, 24576, 313.28
2026/08/10 22:10:57.640, 1, 100, 24014, 24576, 317.67
2026/08/10 22:10:57.641, 2, 100, 23636, 24576, 322.05
2026/08/10 22:11:02.641, 0, 100, 21686, 24576, 318.34
2026/08/10 22:11:02.642, 1, 100, 23354, 24576, 320.10
2026/08/10 22:11:02.642, 2, 100, 22936, 24576, 331.12
2026/08/10 22:11:07.643, 0, 81, 21686, 24576, 336.41
2026/08/10 22:11:07.644, 1, 84, 23354, 24576, 311.81
2026/08/10 22:11:07.645, 2, 80, 22936, 24576, 335.15
2026/08/10 22:11:12.645, 0, 81, 21686, 24576, 340.17
2026/08/10 22:11:12.646, 1, 83, 23354, 24576, 311.77
2026/08/10 22:11:12.647, 2, 82, 22936, 24576, 325.72
2026/08/10 22:11:17.648, 0, 100, 13590, 24576, 338.23
2026/08/10 22:11:17.649, 1, 98, 12862, 24576, 287.45
2026/08/10 22:11:17.649, 2, 98, 13042, 24576, 321.04
2026/08/10 22:11:22.650, 0, 100, 13590, 24576, 336.57
2026/08/10 22:11:22.650, 1, 100, 12862, 24576, 190.28
2026/08/10 22:11:22.651, 2, 100, 13042, 24576, 196.93
2026/08/10 22:11:27.652, 0, 100, 24070, 24576, 335.55
2026/08/10 22:11:27.652, 1, 100, 22572, 24576, 317.88
2026/08/10 22:11:27.653, 2, 100, 23494, 24576, 327.12
2026/08/10 22:11:32.654, 0, 87, 23350, 24576, 335.54
2026/08/10 22:11:32.654, 1, 81, 21892, 24576, 313.91
2026/08/10 22:11:32.655, 2, 87, 23114, 24576, 339.38
2026/08/10 22:11:37.655, 0, 84, 23350, 24576, 281.37
2026/08/10 22:11:37.656, 1, 80, 21892, 24576, 289.76
2026/08/10 22:11:37.657, 2, 81, 20894, 24576, 282.19
2026/08/10 22:11:42.658, 0, 82, 23350, 24576, 338.24
2026/08/10 22:11:42.659, 1, 82, 21892, 24576, 313.53
2026/08/10 22:11:42.660, 2, 83, 20894, 24576, 337.18
2026/08/10 22:11:47.661, 0, 90, 14330, 24576, 299.69
2026/08/10 22:11:47.661, 1, 96, 13042, 24576, 282.47
2026/08/10 22:11:47.662, 2, 96, 18914, 24576, 320.63
2026/08/10 22:11:52.663, 0, 98, 21550, 24576, 338.62
2026/08/10 22:11:52.663, 1, 98, 13042, 24576, 304.62
2026/08/10 22:11:52.664, 2, 79, 14162, 24576, 289.36
2026/08/10 22:11:57.664, 0, 97, 22564, 24576, 294.66
2026/08/10 22:11:57.665, 1, 95, 22832, 24576, 299.96
2026/08/10 22:11:57.665, 2, 93, 21196, 24576, 328.47
2026/08/10 22:12:02.666, 0, 100, 22564, 24576, 287.10
2026/08/10 22:12:02.667, 1, 88, 20972, 24576, 305.55
2026/08/10 22:12:02.668, 2, 100, 23216, 24576, 337.54
2026/08/10 22:12:07.669, 0, 87, 22564, 24576, 306.18
2026/08/10 22:12:07.670, 1, 88, 20612, 24576, 297.98
2026/08/10 22:12:07.670, 2, 88, 23216, 24576, 314.66
2026/08/10 22:12:12.671, 0, 81, 22564, 24576, 338.29
2026/08/10 22:12:12.672, 1, 82, 20612, 24576, 318.07
2026/08/10 22:12:12.672, 2, 78, 23216, 24576, 336.16
2026/08/10 22:12:17.673, 0, 100, 22564, 24576, 253.82
2026/08/10 22:12:17.674, 1, 100, 20612, 24576, 240.68
2026/08/10 22:12:17.674, 2, 74, 23216, 24576, 326.02
2026/08/10 22:12:22.675, 0, 100, 16410, 24576, 338.75
2026/08/10 22:12:22.676, 1, 98, 12800, 24576, 304.72
2026/08/10 22:12:22.676, 2, 97, 14182, 24576, 289.81
2026/08/10 22:12:27.677, 0, 92, 20702, 24576, 222.56
2026/08/10 22:12:27.678, 1, 92, 21670, 24576, 247.25
2026/08/10 22:12:27.678, 2, 91, 22950, 24576, 307.14
2026/08/10 22:12:32.679, 0, 92, 20766, 24576, 308.33
2026/08/10 22:12:32.680, 1, 88, 20770, 24576, 300.49
2026/08/10 22:12:32.680, 2, 89, 23014, 24576, 313.76
2026/08/10 22:12:37.681, 0, 87, 20766, 24576, 306.18
2026/08/10 22:12:37.682, 1, 86, 20770, 24576, 297.34
2026/08/10 22:12:37.683, 2, 88, 23014, 24576, 313.40
2026/08/10 22:12:42.683, 0, 80, 22746, 24576, 338.00
2026/08/10 22:12:42.684, 1, 80, 20770, 24576, 330.83
2026/08/10 22:12:42.685, 2, 80, 23014, 24576, 336.03
2026/08/10 22:12:47.685, 0, 82, 22746, 24576, 340.34
2026/08/10 22:12:47.686, 1, 81, 20770, 24576, 313.91
2026/08/10 22:12:47.686, 2, 76, 23014, 24576, 323.36
2026/08/10 22:12:52.687, 0, 98, 13490, 24576, 337.69
2026/08/10 22:12:52.688, 1, 98, 14062, 24576, 311.92
2026/08/10 22:12:52.688, 2, 98, 24182, 24576, 326.44
2026/08/10 22:12:57.689, 0, 99, 13490, 24576, 338.40
2026/08/10 22:12:57.690, 1, 96, 14038, 24576, 273.58
2026/08/10 22:12:57.690, 2, 54, 13342, 24576, 292.16
2026/08/10 22:13:02.691, 0, 89, 24110, 24576, 337.49
2026/08/10 22:13:02.692, 1, 89, 23254, 24576, 321.32
2026/08/10 22:13:02.693, 2, 89, 23374, 24576, 323.94
2026/08/10 22:13:07.694, 0, 89, 24110, 24576, 337.34
2026/08/10 22:13:07.694, 1, 88, 23254, 24576, 320.86
2026/08/10 22:13:07.695, 2, 89, 23374, 24576, 316.28
2026/08/10 22:13:12.696, 0, 81, 24110, 24576, 276.30
2026/08/10 22:13:12.696, 1, 80, 23254, 24576, 287.94
2026/08/10 22:13:12.697, 2, 81, 23374, 24576, 270.35
2026/08/10 22:13:17.698, 0, 81, 24110, 24576, 338.07
2026/08/10 22:13:17.698, 1, 75, 23254, 24576, 312.98
2026/08/10 22:13:17.699, 2, 79, 23374, 24576, 328.70
2026/08/10 22:13:22.699, 0, 88, 13570, 24576, 301.54
2026/08/10 22:13:22.700, 1, 86, 14036, 24576, 271.47
2026/08/10 22:13:22.700, 2, 100, 14682, 24576, 283.46
2026/08/10 22:13:27.701, 0, 98, 13970, 24576, 336.29
2026/08/10 22:13:27.702, 1, 98, 14040, 24576, 292.79
2026/08/10 22:13:27.703, 2, 98, 12922, 24576, 316.35
2026/08/10 22:13:32.704, 0, 93, 23228, 24576, 329.21
2026/08/10 22:13:32.704, 1, 88, 23154, 24576, 302.60
2026/08/10 22:13:32.705, 2, 81, 20654, 24576, 301.81
2026/08/10 22:13:37.706, 0, 100, 23228, 24576, 336.31
2026/08/10 22:13:37.706, 1, 100, 20674, 24576, 311.66
2026/08/10 22:13:37.707, 2, 100, 20654, 24576, 310.00
2026/08/10 22:13:42.708, 0, 82, 23608, 24576, 333.49
2026/08/10 22:13:42.708, 1, 88, 23154, 24576, 317.11
2026/08/10 22:13:42.709, 2, 94, 22734, 24576, 328.45
2026/08/10 22:13:47.710, 0, 82, 23228, 24576, 336.63
2026/08/10 22:13:47.710, 1, 78, 23154, 24576, 318.90
2026/08/10 22:13:47.711, 2, 81, 22734, 24576, 336.08
2026/08/10 22:13:52.711, 0, 84, 23228, 24576, 313.05
2026/08/10 22:13:52.712, 1, 85, 23154, 24576, 318.90
2026/08/10 22:13:52.712, 2, 86, 22734, 24576, 334.29
2026/08/10 22:13:57.713, 0, 98, 20010, 24576, 335.99
2026/08/10 22:13:57.715, 1, 98, 13064, 24576, 309.11
2026/08/10 22:13:57.716, 2, 98, 13064, 24576, 335.59
2026/08/10 22:14:02.717, 0, 100, 14490, 24576, 181.00
2026/08/10 22:14:02.717, 1, 100, 13064, 24576, 304.99
2026/08/10 22:14:02.718, 2, 52, 13064, 24576, 296.22
2026/08/10 22:14:07.719, 0, 97, 21666, 24576, 313.07
2026/08/10 22:14:07.719, 1, 90, 21876, 24576, 315.89
2026/08/10 22:14:07.720, 2, 89, 21856, 24576, 318.55
2026/08/10 22:14:12.720, 0, 90, 20606, 24576, 293.68
2026/08/10 22:14:12.721, 1, 100, 21736, 24576, 308.67
2026/08/10 22:14:12.722, 2, 100, 21576, 24576, 323.67
2026/08/10 22:14:17.723, 0, 83, 21666, 24576, 272.59
2026/08/10 22:14:17.723, 1, 80, 21876, 24576, 292.35
2026/08/10 22:14:17.724, 2, 82, 21856, 24576, 291.02
2026/08/10 22:14:22.725, 0, 83, 21666, 24576, 338.37
2026/08/10 22:14:22.725, 1, 83, 21876, 24576, 309.49
2026/08/10 22:14:22.726, 2, 81, 21856, 24576, 322.42
2026/08/10 22:14:27.727, 0, 94, 13550, 24576, 297.33
2026/08/10 22:14:27.728, 1, 98, 13220, 24576, 291.24
2026/08/10 22:14:27.730, 2, 88, 14542, 24576, 258.57
2026/08/10 22:14:32.731, 0, 94, 13550, 24576, 299.45
2026/08/10 22:14:32.732, 1, 98, 13220, 24576, 313.22
2026/08/10 22:14:32.732, 2, 98, 13218, 24576, 312.70
2026/08/10 22:14:37.733, 0, 98, 24190, 24576, 331.09
2026/08/10 22:14:37.733, 1, 100, 22310, 24576, 312.50
2026/08/10 22:14:37.734, 2, 97, 22832, 24576, 306.92
2026/08/10 22:14:42.735, 0, 98, 24190, 24576, 329.96
2026/08/10 22:14:42.735, 1, 100, 22310, 24576, 315.85
2026/08/10 22:14:42.736, 2, 97, 22832, 24576, 322.43
2026/08/10 22:14:47.737, 0, 99, 24190, 24576, 328.35
2026/08/10 22:14:47.738, 1, 100, 22310, 24576, 316.36
2026/08/10 22:14:47.738, 2, 100, 22832, 24576, 325.01
2026/08/10 22:14:52.741, 0, 83, 24190, 24576, 336.64
2026/08/10 22:14:52.742, 1, 83, 22310, 24576, 315.73
2026/08/10 22:14:52.742, 2, 82, 22832, 24576, 335.76
2026/08/10 22:14:57.743, 0, 97, 24190, 24576, 340.13
2026/08/10 22:14:57.744, 1, 100, 22310, 24576, 301.87
2026/08/10 22:14:57.744, 2, 98, 22832, 24576, 308.06
2026/08/10 22:15:02.745, 0, 98, 18770, 24576, 337.22
2026/08/10 22:15:02.746, 1, 97, 22310, 24576, 306.59
2026/08/10 22:15:02.746, 2, 98, 13322, 24576, 326.17
2026/08/10 22:15:07.747, 0, 97, 23948, 24576, 331.68
2026/08/10 22:15:07.748, 1, 98, 22612, 24576, 327.48
2026/08/10 22:15:07.748, 2, 100, 23494, 24576, 328.89
2026/08/10 22:15:12.749, 0, 89, 23948, 24576, 341.34
2026/08/10 22:15:12.750, 1, 93, 22612, 24576, 303.33
2026/08/10 22:15:12.750, 2, 94, 23494, 24576, 329.69
2026/08/10 22:15:17.751, 0, 100, 21768, 24576, 328.51
2026/08/10 22:15:17.752, 1, 100, 22612, 24576, 323.50
2026/08/10 22:15:17.753, 2, 100, 23494, 24576, 343.60
2026/08/10 22:15:22.753, 0, 83, 23948, 24576, 336.75
2026/08/10 22:15:22.754, 1, 81, 22612, 24576, 316.35
2026/08/10 22:15:22.755, 2, 82, 23494, 24576, 335.82
2026/08/10 22:15:27.755, 0, 98, 23948, 24576, 338.24
2026/08/10 22:15:27.756, 1, 98, 22612, 24576, 285.03
2026/08/10 22:15:27.756, 2, 98, 23494, 24576, 298.70
2026/08/10 22:15:32.757, 0, 97, 20650, 24576, 337.36
2026/08/10 22:15:32.758, 1, 98, 19542, 24576, 315.15
2026/08/10 22:15:32.758, 2, 98, 12862, 24576, 320.29
2026/08/10 22:15:37.759, 0, 95, 23488, 24576, 314.94
2026/08/10 22:15:37.760, 1, 96, 23072, 24576, 306.94
2026/08/10 22:15:37.760, 2, 95, 20432, 24576, 295.12
2026/08/10 22:15:42.761, 0, 100, 23488, 24576, 326.68
2026/08/10 22:15:42.762, 1, 100, 23072, 24576, 317.91
2026/08/10 22:15:42.763, 2, 100, 20432, 24576, 300.61
2026/08/10 22:15:47.764, 0, 100, 23488, 24576, 332.27
2026/08/10 22:15:47.764, 1, 100, 23072, 24576, 313.24
2026/08/10 22:15:47.765, 2, 100, 20432, 24576, 303.75
2026/08/10 22:15:52.766, 0, 82, 23488, 24576, 336.83
2026/08/10 22:15:52.766, 1, 80, 23072, 24576, 311.20
2026/08/10 22:15:52.767, 2, 83, 20432, 24576, 335.65
2026/08/10 22:15:57.767, 0, 100, 23488, 24576, 286.84
2026/08/10 22:15:57.768, 1, 82, 23072, 24576, 307.46
2026/08/10 22:15:57.768, 2, 100, 20432, 24576, 277.11
2026/08/10 22:16:02.769, 0, 98, 14450, 24576, 335.23
2026/08/10 22:16:02.770, 1, 98, 13064, 24576, 320.91
2026/08/10 22:16:02.771, 2, 98, 12902, 24576, 337.54
2026/08/10 22:16:07.771, 0, 100, 14450, 24576, 210.71
2026/08/10 22:16:07.772, 1, 100, 13064, 24576, 303.61
2026/08/10 22:16:07.773, 2, 100, 13262, 24576, 175.30
2026/08/10 22:16:12.774, 0, 100, 22008, 24576, 300.39
2026/08/10 22:16:12.774, 1, 100, 24056, 24576, 291.87
2026/08/10 22:16:12.775, 2, 97, 22932, 24576, 283.74
2026/08/10 22:16:17.776, 0, 89, 23108, 24576, 326.15
2026/08/10 22:16:17.777, 1, 89, 21836, 24576, 309.16
2026/08/10 22:16:17.777, 2, 100, 22932, 24576, 321.69
2026/08/10 22:16:22.778, 0, 100, 23108, 24576, 327.24
2026/08/10 22:16:22.779, 1, 100, 21836, 24576, 301.30
2026/08/10 22:16:22.779, 2, 100, 22932, 24576, 319.70
2026/08/10 22:16:27.780, 0, 84, 23108, 24576, 338.05
2026/08/10 22:16:27.780, 1, 82, 21836, 24576, 309.94
2026/08/10 22:16:27.781, 2, 85, 22932, 24576, 337.78
2026/08/10 22:16:32.782, 0, 98, 23768, 24576, 339.23
2026/08/10 22:16:32.782, 1, 98, 23156, 24576, 303.52
2026/08/10 22:16:32.783, 2, 98, 23772, 24576, 338.06
2026/08/10 22:16:37.784, 0, 98, 13570, 24576, 338.04
2026/08/10 22:16:37.785, 1, 94, 16002, 24576, 282.28
2026/08/10 22:16:37.785, 2, 100, 13042, 24576, 301.75
2026/08/10 22:16:42.787, 0, 100, 22964, 24576, 319.01
2026/08/10 22:16:42.787, 1, 89, 23274, 24576, 306.92
2026/08/10 22:16:42.788, 2, 100, 23534, 24576, 339.20
2026/08/10 22:16:47.789, 0, 100, 22964, 24576, 320.26
2026/08/10 22:16:47.789, 1, 88, 23274, 24576, 295.63
2026/08/10 22:16:47.790, 2, 100, 23534, 24576, 337.14
2026/08/10 22:16:52.791, 0, 100, 22964, 24576, 324.63
2026/08/10 22:16:52.791, 1, 89, 23274, 24576, 310.15
2026/08/10 22:16:52.792, 2, 100, 23534, 24576, 341.08
2026/08/10 22:16:57.793, 0, 85, 20744, 24576, 338.64
2026/08/10 22:16:57.793, 1, 82, 23274, 24576, 313.63
2026/08/10 22:16:57.794, 2, 85, 21334, 24576, 333.48
2026/08/10 22:17:02.795, 0, 97, 20744, 24576, 340.58
2026/08/10 22:17:02.795, 1, 98, 23274, 24576, 301.42
2026/08/10 22:17:02.796, 2, 98, 21334, 24576, 309.11
2026/08/10 22:17:07.797, 0, 100, 20744, 24576, 339.40
2026/08/10 22:17:07.797, 1, 98, 23274, 24576, 294.93
2026/08/10 22:17:07.798, 2, 98, 23542, 24576, 319.68
2026/08/10 22:17:12.799, 0, 94, 23950, 24576, 333.76
2026/08/10 22:17:12.799, 1, 96, 22934, 24576, 328.07
2026/08/10 22:17:12.800, 2, 100, 23314, 24576, 330.28
2026/08/10 22:17:17.801, 0, 97, 23950, 24576, 331.75
2026/08/10 22:17:17.802, 1, 95, 22934, 24576, 311.04
2026/08/10 22:17:17.802, 2, 97, 23314, 24576, 309.58
2026/08/10 22:17:22.803, 0, 89, 23410, 24576, 339.85
2026/08/10 22:17:22.803, 1, 89, 22934, 24576, 303.87
2026/08/10 22:17:22.804, 2, 100, 23314, 24576, 290.77
2026/08/10 22:17:27.805, 0, 84, 23950, 24576, 335.63
2026/08/10 22:17:27.806, 1, 82, 22934, 24576, 317.36
2026/08/10 22:17:27.810, 2, 84, 23314, 24576, 336.10
2026/08/10 22:17:32.812, 0, 82, 23950, 24576, 338.30
2026/08/10 22:17:32.812, 1, 83, 22934, 24576, 312.76
2026/08/10 22:17:32.813, 2, 84, 23314, 24576, 326.61
2026/08/10 22:17:37.814, 0, 98, 14790, 24576, 338.07
2026/08/10 22:17:37.814, 1, 98, 14282, 24576, 304.61
2026/08/10 22:17:37.815, 2, 100, 12902, 24576, 323.40
2026/08/10 22:17:42.816, 0, 100, 23180, 24576, 298.34
2026/08/10 22:17:42.816, 1, 100, 22956, 24576, 287.67
2026/08/10 22:17:42.817, 2, 95, 22386, 24576, 295.37
2026/08/10 22:17:47.818, 0, 100, 23228, 24576, 327.16
2026/08/10 22:17:47.818, 1, 100, 23012, 24576, 315.49
2026/08/10 22:17:47.819, 2, 89, 21732, 24576, 339.77
2026/08/10 22:17:52.820, 0, 86, 23228, 24576, 328.77
2026/08/10 22:17:52.820, 1, 88, 23012, 24576, 311.39
2026/08/10 22:17:52.821, 2, 89, 21732, 24576, 334.26
2026/08/10 22:17:57.822, 0, 0, 23228, 24576, 249.98
2026/08/10 22:17:57.822, 1, 80, 23012, 24576, 321.76
2026/08/10 22:17:57.823, 2, 78, 20712, 24576, 335.83
2026/08/10 22:18:02.824, 0, 80, 23228, 24576, 338.36
2026/08/10 22:18:02.825, 1, 81, 23012, 24576, 313.31
2026/08/10 22:18:02.826, 2, 83, 20712, 24576, 324.70
2026/08/10 22:18:07.826, 0, 98, 13590, 24576, 336.71
2026/08/10 22:18:07.827, 1, 97, 14020, 24576, 317.68
2026/08/10 22:18:07.828, 2, 98, 12862, 24576, 336.18
2026/08/10 22:18:12.829, 0, 98, 13590, 24576, 336.38
2026/08/10 22:18:12.830, 1, 100, 13996, 24576, 248.90
2026/08/10 22:18:12.831, 2, 100, 12862, 24576, 232.50
2026/08/10 22:18:17.832, 0, 91, 24070, 24576, 330.16
2026/08/10 22:18:17.834, 1, 100, 21370, 24576, 297.52
2026/08/10 22:18:17.834, 2, 100, 21214, 24576, 303.96
2026/08/10 22:18:22.836, 0, 88, 24070, 24576, 336.50
2026/08/10 22:18:22.836, 1, 89, 22430, 24576, 327.46
2026/08/10 22:18:22.837, 2, 100, 23214, 24576, 319.34
2026/08/10 22:18:27.838, 0, 100, 24070, 24576, 332.94
2026/08/10 22:18:27.838, 1, 100, 22430, 24576, 325.69
2026/08/10 22:18:27.839, 2, 85, 23214, 24576, 315.91
2026/08/10 22:18:32.840, 0, 84, 24070, 24576, 337.41
2026/08/10 22:18:32.840, 1, 83, 22430, 24576, 319.93
2026/08/10 22:18:32.841, 2, 85, 23214, 24576, 337.51
2026/08/10 22:18:37.841, 0, 100, 24070, 24576, 334.28
2026/08/10 22:18:37.842, 1, 98, 22430, 24576, 330.42
2026/08/10 22:18:37.842, 2, 98, 23214, 24576, 336.26
2026/08/10 22:18:42.843, 0, 100, 13590, 24576, 336.69
2026/08/10 22:18:42.844, 1, 98, 13138, 24576, 319.33
2026/08/10 22:18:42.845, 2, 92, 14578, 24576, 282.61
2026/08/10 22:18:47.846, 0, 100, 23490, 24576, 333.35
2026/08/10 22:18:47.847, 1, 88, 22472, 24576, 323.10
2026/08/10 22:18:47.850, 2, 100, 22532, 24576, 317.72
2026/08/10 22:18:52.851, 0, 100, 23490, 24576, 339.06
2026/08/10 22:18:52.852, 1, 100, 22472, 24576, 314.91
2026/08/10 22:18:52.852, 2, 98, 22532, 24576, 311.16
2026/08/10 22:18:57.853, 0, 100, 23490, 24576, 333.29
2026/08/10 22:18:57.854, 1, 100, 22472, 24576, 317.63
2026/08/10 22:18:57.854, 2, 97, 22532, 24576, 305.59
2026/08/10 22:19:02.855, 0, 81, 23490, 24576, 332.70
2026/08/10 22:19:02.856, 1, 79, 22472, 24576, 312.30
2026/08/10 22:19:02.857, 2, 82, 22532, 24576, 332.19
2026/08/10 22:19:07.858, 0, 87, 23490, 24576, 314.80
2026/08/10 22:19:07.859, 1, 82, 22472, 24576, 310.83
2026/08/10 22:19:07.859, 2, 100, 22532, 24576, 288.49
2026/08/10 22:19:12.860, 0, 98, 14450, 24576, 336.12
2026/08/10 22:19:12.861, 1, 99, 20582, 24576, 320.90
2026/08/10 22:19:12.861, 2, 98, 12902, 24576, 338.58
2026/08/10 22:19:17.862, 0, 100, 14450, 24576, 250.46
2026/08/10 22:19:17.863, 1, 98, 13462, 24576, 307.14
2026/08/10 22:19:17.863, 2, 100, 12902, 24576, 188.32
2026/08/10 22:19:22.866, 0, 83, 23126, 24576, 298.77
2026/08/10 22:19:22.866, 1, 91, 21656, 24576, 307.87
2026/08/10 22:19:22.867, 2, 74, 20572, 24576, 292.85
2026/08/10 22:19:27.868, 0, 100, 23166, 24576, 304.48
2026/08/10 22:19:27.869, 1, 98, 23216, 24576, 316.90
2026/08/10 22:19:27.869, 2, 97, 23472, 24576, 298.27
2026/08/10 22:19:32.870, 0, 89, 23126, 24576, 305.98
2026/08/10 22:19:32.871, 1, 88, 23856, 24576, 310.02
2026/08/10 22:19:32.871, 2, 91, 22612, 24576, 323.39
2026/08/10 22:19:37.872, 0, 84, 23126, 24576, 337.41
2026/08/10 22:19:37.873, 1, 82, 21656, 24576, 310.95
2026/08/10 22:19:37.873, 2, 85, 20572, 24576, 337.71
2026/08/10 22:19:42.874, 0, 100, 23126, 24576, 197.40
2026/08/10 22:19:42.875, 1, 97, 21656, 24576, 191.70
2026/08/10 22:19:42.875, 2, 76, 20572, 24576, 340.82
2026/08/10 22:19:47.877, 0, 98, 13932, 24576, 341.63
2026/08/10 22:19:47.877, 1, 98, 17516, 24576, 288.30
2026/08/10 22:19:47.878, 2, 98, 13042, 24576, 330.98
2026/08/10 22:19:52.878, 0, 100, 23806, 24576, 317.51
2026/08/10 22:19:52.879, 1, 89, 21108, 24576, 305.61
2026/08/10 22:19:52.880, 2, 100, 23274, 24576, 326.56
2026/08/10 22:19:57.881, 0, 100, 23808, 24576, 310.50
2026/08/10 22:19:57.882, 1, 94, 22370, 24576, 313.47
2026/08/10 22:19:57.882, 2, 96, 21574, 24576, 331.10
2026/08/10 22:20:02.883, 0, 98, 23808, 24576, 306.15
2026/08/10 22:20:02.884, 1, 90, 20790, 24576, 297.41
2026/08/10 22:20:02.885, 2, 91, 21414, 24576, 305.78
2026/08/10 22:20:07.885, 0, 84, 23808, 24576, 337.57
2026/08/10 22:20:07.886, 1, 84, 20790, 24576, 319.26
2026/08/10 22:20:07.887, 2, 83, 21414, 24576, 336.84
2026/08/10 22:20:12.887, 0, 85, 23808, 24576, 341.16
2026/08/10 22:20:12.888, 1, 85, 20790, 24576, 312.93
2026/08/10 22:20:12.889, 2, 85, 21414, 24576, 327.15
2026/08/10 22:20:17.890, 0, 98, 13490, 24576, 339.25
2026/08/10 22:20:17.890, 1, 100, 13042, 24576, 307.51
2026/08/10 22:20:17.891, 2, 98, 21414, 24576, 315.79
2026/08/10 22:20:22.891, 0, 100, 23212, 24576, 280.73
2026/08/10 22:20:22.892, 1, 100, 23118, 24576, 295.73
2026/08/10 22:20:22.893, 2, 100, 23574, 24576, 273.64
2026/08/10 22:20:27.894, 0, 88, 23588, 24576, 335.25
2026/08/10 22:20:27.895, 1, 89, 23514, 24576, 329.53
2026/08/10 22:20:27.895, 2, 89, 23554, 24576, 329.39
2026/08/10 22:20:32.896, 0, 100, 21448, 24576, 323.35
2026/08/10 22:20:32.897, 1, 100, 21614, 24576, 311.48
2026/08/10 22:20:32.898, 2, 97, 21474, 24576, 314.71
2026/08/10 22:20:37.899, 0, 82, 21508, 24576, 336.17
2026/08/10 22:20:37.899, 1, 81, 21314, 24576, 314.18
2026/08/10 22:20:37.900, 2, 83, 21334, 24576, 331.29
2026/08/10 22:20:42.900, 0, 85, 21508, 24576, 340.58
2026/08/10 22:20:42.901, 1, 81, 21314, 24576, 304.17
2026/08/10 22:20:42.901, 2, 86, 21334, 24576, 317.39
2026/08/10 22:20:47.902, 0, 98, 13570, 24576, 341.17
2026/08/10 22:20:47.903, 1, 98, 23742, 24576, 312.56
2026/08/10 22:20:47.904, 2, 98, 21334, 24576, 314.58
2026/08/10 22:20:52.905, 0, 94, 23348, 24576, 266.12
2026/08/10 22:20:52.905, 1, 92, 22672, 24576, 302.79
2026/08/10 22:20:52.906, 2, 96, 23394, 24576, 253.56
2026/08/10 22:20:57.907, 0, 100, 23766, 24576, 339.07
2026/08/10 22:20:57.908, 1, 100, 22732, 24576, 304.25
2026/08/10 22:20:57.908, 2, 100, 23014, 24576, 343.16
2026/08/10 22:21:02.909, 0, 87, 23346, 24576, 334.33
2026/08/10 22:21:02.910, 1, 100, 22732, 24576, 300.41
2026/08/10 22:21:02.910, 2, 100, 23714, 24576, 334.05
2026/08/10 22:21:07.911, 0, 84, 21546, 24576, 336.69
2026/08/10 22:21:07.912, 1, 82, 22732, 24576, 318.76
2026/08/10 22:21:07.912, 2, 83, 20794, 24576, 323.75
2026/08/10 22:21:12.913, 0, 85, 21546, 24576, 340.33
2026/08/10 22:21:12.914, 1, 83, 22732, 24576, 311.41
2026/08/10 22:21:12.914, 2, 86, 20794, 24576, 324.07
2026/08/10 22:21:17.915, 0, 90, 14650, 24576, 297.74
2026/08/10 22:21:17.916, 1, 100, 13064, 24576, 316.43
2026/08/10 22:21:17.916, 2, 98, 13982, 24576, 327.91
2026/08/10 22:21:22.917, 0, 100, 14690, 24576, 294.26
2026/08/10 22:21:22.918, 1, 98, 13064, 24576, 307.77
2026/08/10 22:21:22.919, 2, 100, 13978, 24576, 250.83
2026/08/10 22:21:27.919, 0, 83, 23348, 24576, 325.62
2026/08/10 22:21:27.920, 1, 89, 22016, 24576, 308.38
2026/08/10 22:21:27.921, 2, 100, 23134, 24576, 317.13
2026/08/10 22:21:32.922, 0, 100, 23348, 24576, 327.87
2026/08/10 22:21:32.922, 1, 100, 22016, 24576, 310.02
2026/08/10 22:21:32.923, 2, 100, 23134, 24576, 340.00
2026/08/10 22:21:37.924, 0, 95, 23348, 24576, 297.46
2026/08/10 22:21:37.924, 1, 94, 22016, 24576, 307.54
2026/08/10 22:21:37.925, 2, 96, 23134, 24576, 312.45
2026/08/10 22:21:42.925, 0, 84, 23348, 24576, 338.00
2026/08/10 22:21:42.926, 1, 85, 22016, 24576, 313.49
2026/08/10 22:21:42.927, 2, 85, 23134, 24576, 336.49
2026/08/10 22:21:47.928, 0, 98, 23728, 24576, 337.80
2026/08/10 22:21:47.929, 1, 98, 22656, 24576, 319.14
2026/08/10 22:21:47.929, 2, 98, 23134, 24576, 327.80
2026/08/10 22:21:52.930, 0, 98, 13870, 24576, 339.79
2026/08/10 22:21:52.931, 1, 89, 12836, 24576, 269.52
2026/08/10 22:21:52.931, 2, 88, 13898, 24576, 284.05
2026/08/10 22:21:57.932, 0, 100, 23428, 24576, 324.59
2026/08/10 22:21:57.933, 1, 100, 22072, 24576, 323.79
2026/08/10 22:21:57.933, 2, 100, 22072, 24576, 316.36
2026/08/10 22:22:02.934, 0, 100, 23428, 24576, 309.06
2026/08/10 22:22:02.934, 1, 100, 22072, 24576, 282.14
2026/08/10 22:22:02.935, 2, 100, 22072, 24576, 298.95
2026/08/10 22:22:07.936, 0, 100, 23428, 24576, 331.88
2026/08/10 22:22:07.936, 1, 100, 22072, 24576, 324.77
2026/08/10 22:22:07.937, 2, 100, 22072, 24576, 320.10
2026/08/10 22:22:12.937, 0, 0, 23428, 24576, 131.63
2026/08/10 22:22:12.938, 1, 79, 22072, 24576, 315.73
2026/08/10 22:22:12.939, 2, 79, 22072, 24576, 317.90
2026/08/10 22:22:17.940, 0, 83, 23428, 24576, 341.10
2026/08/10 22:22:17.940, 1, 81, 22072, 24576, 328.28
2026/08/10 22:22:17.941, 2, 84, 22072, 24576, 336.60
2026/08/10 22:22:22.942, 0, 100, 23428, 24576, 344.15
2026/08/10 22:22:22.942, 1, 98, 23632, 24576, 336.51
2026/08/10 22:22:22.943, 2, 98, 24092, 24576, 338.86
2026/08/10 22:22:27.944, 0, 99, 23428, 24576, 330.43
2026/08/10 22:22:27.944, 1, 98, 13042, 24576, 325.63
2026/08/10 22:22:27.945, 2, 98, 13302, 24576, 337.46
2026/08/10 22:22:32.946, 0, 100, 24150, 24576, 338.93
2026/08/10 22:22:32.946, 1, 100, 23694, 24576, 339.13
2026/08/10 22:22:32.947, 2, 89, 22832, 24576, 317.54
2026/08/10 22:22:37.947, 0, 100, 24150, 24576, 334.48
2026/08/10 22:22:37.948, 1, 100, 23694, 24576, 327.97
2026/08/10 22:22:37.948, 2, 89, 22832, 24576, 318.99
2026/08/10 22:22:42.949, 0, 88, 24150, 24576, 336.52
2026/08/10 22:22:42.951, 1, 100, 23694, 24576, 320.36
2026/08/10 22:22:42.952, 2, 89, 22832, 24576, 318.72
2026/08/10 22:22:47.952, 0, 83, 24150, 24576, 336.80
2026/08/10 22:22:47.953, 1, 81, 21474, 24576, 310.45
2026/08/10 22:22:47.954, 2, 85, 22832, 24576, 339.25
2026/08/10 22:22:52.954, 0, 100, 24150, 24576, 336.64
2026/08/10 22:22:52.955, 1, 98, 21474, 24576, 263.50
2026/08/10 22:22:52.956, 2, 98, 22832, 24576, 301.88
2026/08/10 22:22:57.957, 0, 100, 13590, 24576, 335.90
2026/08/10 22:22:57.957, 1, 98, 12842, 24576, 303.05
2026/08/10 22:22:57.958, 2, 97, 13002, 24576, 304.80
2026/08/10 22:23:02.958, 0, 100, 24172, 24576, 308.80
2026/08/10 22:23:02.959, 1, 91, 22254, 24576, 258.80
2026/08/10 22:23:02.959, 2, 91, 23396, 24576, 308.48
2026/08/10 22:23:07.960, 0, 96, 22150, 24576, 323.61
2026/08/10 22:23:07.961, 1, 90, 22652, 24576, 299.14
2026/08/10 22:23:07.962, 2, 89, 22356, 24576, 324.85
2026/08/10 22:23:12.963, 0, 89, 23930, 24576, 330.44
2026/08/10 22:23:12.964, 1, 100, 20672, 24576, 300.35
2026/08/10 22:23:12.964, 2, 100, 23116, 24576, 330.04
2026/08/10 22:23:17.965, 0, 80, 23930, 24576, 329.18
2026/08/10 22:23:17.965, 1, 82, 20672, 24576, 331.25
2026/08/10 22:23:17.971, 2, 82, 23116, 24576, 329.86
2026/08/10 22:23:22.972, 0, 83, 23930, 24576, 337.47
2026/08/10 22:23:22.972, 1, 82, 20672, 24576, 311.59
2026/08/10 22:23:22.973, 2, 85, 23116, 24576, 326.56
2026/08/10 22:23:27.973, 0, 98, 13570, 24576, 296.63
2026/08/10 22:23:27.974, 1, 98, 14122, 24576, 287.88
2026/08/10 22:23:27.975, 2, 98, 23116, 24576, 334.89
2026/08/10 22:23:32.978, 0, 100, 13570, 24576, 339.19
2026/08/10 22:23:32.979, 1, 98, 17816, 24576, 281.14
2026/08/10 22:23:32.980, 2, 98, 23116, 24576, 314.89
2026/08/10 22:23:37.980, 0, 96, 21828, 24576, 315.00
2026/08/10 22:23:37.981, 1, 97, 23374, 24576, 298.36
2026/08/10 22:23:37.982, 2, 100, 23714, 24576, 332.13
2026/08/10 22:23:42.982, 0, 95, 21828, 24576, 312.53
2026/08/10 22:23:42.983, 1, 95, 23374, 24576, 307.22
2026/08/10 22:23:42.983, 2, 100, 23714, 24576, 331.39
2026/08/10 22:23:47.984, 0, 92, 21828, 24576, 310.39
2026/08/10 22:23:47.985, 1, 92, 23374, 24576, 309.59
2026/08/10 22:23:47.986, 2, 100, 23714, 24576, 328.87
2026/08/10 22:23:52.986, 0, 79, 21828, 24576, 336.55
2026/08/10 22:23:52.987, 1, 82, 23374, 24576, 306.97
2026/08/10 22:23:52.988, 2, 80, 23714, 24576, 336.21
2026/08/10 22:23:57.989, 0, 98, 21828, 24576, 288.92
2026/08/10 22:23:57.989, 1, 98, 23374, 24576, 294.19
2026/08/10 22:23:57.990, 2, 98, 23714, 24576, 327.09
2026/08/10 22:24:02.991, 0, 98, 13490, 24576, 336.33
2026/08/10 22:24:02.991, 1, 98, 24222, 24576, 311.27
2026/08/10 22:24:02.992, 2, 100, 13022, 24576, 334.56
2026/08/10 22:24:07.993, 0, 100, 23928, 24576, 314.11
2026/08/10 22:24:07.993, 1, 100, 23534, 24576, 315.70
2026/08/10 22:24:07.994, 2, 97, 23114, 24576, 308.98
2026/08/10 22:24:12.995, 0, 100, 23928, 24576, 316.74
2026/08/10 22:24:12.996, 1, 98, 23114, 24576, 306.73
2026/08/10 22:24:12.996, 2, 96, 22754, 24576, 325.23
2026/08/10 22:24:17.997, 0, 100, 23928, 24576, 314.43
2026/08/10 22:24:17.998, 1, 97, 22214, 24576, 314.39
2026/08/10 22:24:17.999, 2, 96, 21854, 24576, 326.21
2026/08/10 22:24:23.000, 0, 82, 21828, 24576, 336.51
2026/08/10 22:24:23.000, 1, 81, 22874, 24576, 306.33
2026/08/10 22:24:23.001, 2, 83, 22934, 24576, 328.83
2026/08/10 22:24:28.002, 0, 100, 21828, 24576, 248.36
2026/08/10 22:24:28.002, 1, 98, 22874, 24576, 277.12
2026/08/10 22:24:28.003, 2, 98, 22934, 24576, 317.80
2026/08/10 22:24:33.004, 0, 98, 23330, 24576, 337.88
2026/08/10 22:24:33.004, 1, 100, 21400, 24576, 290.83
2026/08/10 22:24:33.005, 2, 98, 12962, 24576, 318.92
2026/08/10 22:24:38.006, 0, 100, 21646, 24576, 319.86
2026/08/10 22:24:38.006, 1, 95, 22050, 24576, 299.77
2026/08/10 22:24:38.007, 2, 96, 22194, 24576, 313.34
2026/08/10 22:24:43.008, 0, 100, 22406, 24576, 307.82
2026/08/10 22:24:43.009, 1, 100, 22750, 24576, 310.58
2026/08/10 22:24:43.009, 2, 98, 22934, 24576, 327.68
2026/08/10 22:24:48.010, 0, 100, 23026, 24576, 308.09
2026/08/10 22:24:48.011, 1, 100, 23350, 24576, 301.61
2026/08/10 22:24:48.012, 2, 100, 23514, 24576, 324.30
2026/08/10 22:24:53.013, 0, 80, 23086, 24576, 336.78
2026/08/10 22:24:53.014, 1, 82, 21790, 24576, 314.76
2026/08/10 22:24:53.014, 2, 82, 23574, 24576, 328.41
2026/08/10 22:24:58.015, 0, 74, 23086, 24576, 339.64
2026/08/10 22:24:58.016, 1, 98, 21790, 24576, 291.29
2026/08/10 22:24:58.017, 2, 98, 23574, 24576, 253.21
2026/08/10 22:25:03.017, 0, 97, 14690, 24576, 300.38
2026/08/10 22:25:03.018, 1, 97, 17842, 24576, 297.37
2026/08/10 22:25:03.018, 2, 99, 19542, 24576, 317.61
2026/08/10 22:25:08.019, 0, 98, 14690, 24576, 302.17
2026/08/10 22:25:08.020, 1, 100, 13976, 24576, 189.78
2026/08/10 22:25:08.020, 2, 100, 13978, 24576, 174.26
2026/08/10 22:25:13.021, 0, 95, 23290, 24576, 333.44
2026/08/10 22:25:13.022, 1, 100, 23034, 24576, 322.84
2026/08/10 22:25:13.022, 2, 100, 22814, 24576, 318.59
2026/08/10 22:25:18.023, 0, 94, 23290, 24576, 326.12
2026/08/10 22:25:18.024, 1, 94, 23034, 24576, 321.89
2026/08/10 22:25:18.025, 2, 94, 22814, 24576, 311.89
2026/08/10 22:25:23.026, 0, 83, 23290, 24576, 305.92
2026/08/10 22:25:23.026, 1, 81, 23034, 24576, 322.71
2026/08/10 22:25:23.027, 2, 84, 22814, 24576, 307.30
2026/08/10 22:25:28.028, 0, 81, 23290, 24576, 337.69
2026/08/10 22:25:28.028, 1, 82, 23034, 24576, 310.28
2026/08/10 22:25:28.029, 2, 82, 22814, 24576, 337.15
2026/08/10 22:25:33.030, 0, 98, 15410, 24576, 299.28
2026/08/10 22:25:33.031, 1, 100, 12842, 24576, 285.73
2026/08/10 22:25:33.031, 2, 98, 14062, 24576, 293.67
2026/08/10 22:25:38.032, 0, 100, 15410, 24576, 301.14
2026/08/10 22:25:38.033, 1, 100, 12842, 24576, 306.20
2026/08/10 22:25:38.033, 2, 98, 14058, 24576, 329.28
2026/08/10 22:25:43.034, 0, 100, 23990, 24576, 341.17
2026/08/10 22:25:43.035, 1, 100, 22954, 24576, 341.54
2026/08/10 22:25:43.036, 2, 100, 23174, 24576, 326.04
2026/08/10 22:25:48.037, 0, 92, 23990, 24576, 328.52
2026/08/10 22:25:48.038, 1, 100, 22954, 24576, 320.27
2026/08/10 22:25:48.038, 2, 94, 23174, 24576, 314.67
2026/08/10 22:25:53.039, 0, 94, 23990, 24576, 332.58
2026/08/10 22:25:53.040, 1, 98, 22954, 24576, 329.23
2026/08/10 22:25:53.040, 2, 93, 23174, 24576, 313.86
2026/08/10 22:25:58.041, 0, 83, 23990, 24576, 336.31
2026/08/10 22:25:58.042, 1, 82, 20974, 24576, 312.41
2026/08/10 22:25:58.042, 2, 83, 23174, 24576, 336.80
2026/08/10 22:26:03.043, 0, 98, 23990, 24576, 262.27
2026/08/10 22:26:03.044, 1, 100, 20974, 24576, 309.89
2026/08/10 22:26:03.044, 2, 100, 23174, 24576, 301.30
2026/08/10 22:26:08.045, 0, 98, 19750, 24576, 336.86
2026/08/10 22:26:08.046, 1, 98, 19542, 24576, 312.43
2026/08/10 22:26:08.047, 2, 97, 21382, 24576, 334.08
2026/08/10 22:26:13.048, 0, 94, 21426, 24576, 303.19
2026/08/10 22:26:13.048, 1, 95, 23254, 24576, 300.47
2026/08/10 22:26:13.049, 2, 94, 23152, 24576, 302.08
2026/08/10 22:26:18.050, 0, 95, 21426, 24576, 304.95
2026/08/10 22:26:18.050, 1, 96, 23254, 24576, 296.75
2026/08/10 22:26:18.051, 2, 95, 23152, 24576, 301.16
2026/08/10 22:26:23.052, 0, 98, 21426, 24576, 303.64
2026/08/10 22:26:23.052, 1, 96, 23254, 24576, 298.52
2026/08/10 22:26:23.053, 2, 95, 23152, 24576, 300.52
2026/08/10 22:26:28.054, 0, 80, 21426, 24576, 336.21
2026/08/10 22:26:28.054, 1, 81, 23254, 24576, 315.36
2026/08/10 22:26:28.055, 2, 82, 23152, 24576, 335.68
2026/08/10 22:26:33.055, 0, 83, 21426, 24576, 341.20
2026/08/10 22:26:33.056, 1, 83, 23254, 24576, 310.77
2026/08/10 22:26:33.057, 2, 83, 23152, 24576, 332.32
2026/08/10 22:26:38.058, 0, 89, 13430, 24576, 294.61
2026/08/10 22:26:38.059, 1, 99, 23254, 24576, 299.26
2026/08/10 22:26:38.059, 2, 98, 13242, 24576, 327.25
2026/08/10 22:26:43.060, 0, 100, 23126, 24576, 315.79
2026/08/10 22:26:43.061, 1, 89, 22152, 24576, 322.92
2026/08/10 22:26:43.062, 2, 100, 22932, 24576, 321.74
2026/08/10 22:26:48.063, 0, 100, 23126, 24576, 306.22
2026/08/10 22:26:48.063, 1, 96, 21232, 24576, 306.40
2026/08/10 22:26:48.064, 2, 97, 22932, 24576, 310.04
2026/08/10 22:26:53.065, 0, 97, 23126, 24576, 314.43
2026/08/10 22:26:53.065, 1, 90, 21232, 24576, 305.49
2026/08/10 22:26:53.066, 2, 97, 22932, 24576, 320.51
2026/08/10 22:26:58.067, 0, 82, 23126, 24576, 336.68
2026/08/10 22:26:58.067, 1, 82, 21232, 24576, 317.65
2026/08/10 22:26:58.068, 2, 81, 22932, 24576, 337.02
2026/08/10 22:27:03.068, 0, 83, 23126, 24576, 310.76
2026/08/10 22:27:03.071, 1, 82, 21232, 24576, 314.63
2026/08/10 22:27:03.071, 2, 82, 22932, 24576, 329.37
2026/08/10 22:27:08.072, 0, 98, 21470, 24576, 338.49
2026/08/10 22:27:08.073, 1, 100, 13282, 24576, 308.45
2026/08/10 22:27:08.074, 2, 100, 13342, 24576, 287.74
2026/08/10 22:27:13.074, 0, 100, 22362, 24576, 326.15
2026/08/10 22:27:13.075, 1, 97, 23114, 24576, 324.22
2026/08/10 22:27:13.075, 2, 97, 23374, 24576, 324.82
2026/08/10 22:27:18.076, 0, 92, 20382, 24576, 311.93
2026/08/10 22:27:18.077, 1, 97, 23114, 24576, 321.73
2026/08/10 22:27:18.077, 2, 97, 23374, 24576, 336.35
2026/08/10 22:27:23.078, 0, 98, 22362, 24576, 311.82
2026/08/10 22:27:23.079, 1, 100, 23114, 24576, 306.51
2026/08/10 22:27:23.079, 2, 100, 23374, 24576, 323.62
2026/08/10 22:27:28.080, 0, 85, 22362, 24576, 338.62
2026/08/10 22:27:28.081, 1, 84, 23114, 24576, 308.01
2026/08/10 22:27:28.081, 2, 86, 23374, 24576, 324.61
2026/08/10 22:27:33.083, 0, 98, 23682, 24576, 340.26
2026/08/10 22:27:33.083, 1, 98, 23114, 24576, 291.95
2026/08/10 22:27:33.084, 2, 100, 23374, 24576, 318.26
2026/08/10 22:27:38.084, 0, 100, 13570, 24576, 340.21
2026/08/10 22:27:38.085, 1, 98, 23114, 24576, 303.52
2026/08/10 22:27:38.087, 2, 98, 13284, 24576, 320.72
2026/08/10 22:27:43.088, 0, 97, 24008, 24576, 324.14
2026/08/10 22:27:43.089, 1, 97, 23254, 24576, 317.93
2026/08/10 22:27:43.089, 2, 100, 23856, 24576, 328.63
2026/08/10 22:27:48.090, 0, 100, 24008, 24576, 322.64
2026/08/10 22:27:48.091, 1, 100, 23254, 24576, 306.14
2026/08/10 22:27:48.091, 2, 97, 23856, 24576, 325.31
2026/08/10 22:27:53.092, 0, 100, 24008, 24576, 345.29
2026/08/10 22:27:53.093, 1, 100, 23254, 24576, 308.71
2026/08/10 22:27:53.094, 2, 100, 23856, 24576, 330.55
2026/08/10 22:27:58.096, 0, 83, 21808, 24576, 336.08
2026/08/10 22:27:58.096, 1, 83, 23254, 24576, 314.26
2026/08/10 22:27:58.097, 2, 46, 23856, 24576, 303.24
2026/08/10 22:28:03.098, 0, 100, 21808, 24576, 220.62
2026/08/10 22:28:03.098, 1, 100, 23254, 24576, 309.62
2026/08/10 22:28:03.099, 2, 98, 23856, 24576, 232.66
2026/08/10 22:28:08.108, 0, 98, 21570, 24576, 336.90
2026/08/10 22:28:08.109, 1, 98, 13042, 24576, 313.26
2026/08/10 22:28:08.109, 2, 98, 12802, 24576, 318.28
2026/08/10 22:28:13.110, 0, 100, 23108, 24576, 334.30
2026/08/10 22:28:13.111, 1, 100, 20814, 24576, 301.69
2026/08/10 22:28:13.111, 2, 100, 21752, 24576, 307.92
2026/08/10 22:28:18.112, 0, 100, 23108, 24576, 331.24
2026/08/10 22:28:18.112, 1, 100, 20814, 24576, 314.28
2026/08/10 22:28:18.113, 2, 100, 21752, 24576, 319.85
2026/08/10 22:28:23.114, 0, 100, 23108, 24576, 333.75
2026/08/10 22:28:23.115, 1, 100, 20814, 24576, 303.62
2026/08/10 22:28:23.115, 2, 89, 21752, 24576, 318.63
2026/08/10 22:28:28.116, 0, 81, 23108, 24576, 336.57
2026/08/10 22:28:28.117, 1, 80, 20814, 24576, 315.02
2026/08/10 22:28:28.117, 2, 81, 21752, 24576, 334.62
2026/08/10 22:28:33.118, 0, 98, 23108, 24576, 290.27
2026/08/10 22:28:33.119, 1, 97, 20814, 24576, 299.32
2026/08/10 22:28:33.119, 2, 80, 21752, 24576, 330.38
2026/08/10 22:28:38.120, 0, 100, 19930, 24576, 338.45
2026/08/10 22:28:38.121, 1, 98, 12862, 24576, 301.26
2026/08/10 22:28:38.121, 2, 100, 13342, 24576, 319.11
2026/08/10 22:28:43.122, 0, 94, 21830, 24576, 240.08
2026/08/10 22:28:43.123, 1, 100, 22836, 24576, 261.85
2026/08/10 22:28:43.124, 2, 100, 23616, 24576, 307.12
2026/08/10 22:28:48.125, 0, 100, 21888, 24576, 316.63
2026/08/10 22:28:48.125, 1, 100, 23254, 24576, 317.20
2026/08/10 22:28:48.126, 2, 100, 23676, 24576, 325.95
2026/08/10 22:28:53.127, 0, 100, 21888, 24576, 314.56
2026/08/10 22:28:53.128, 1, 100, 23254, 24576, 303.29
2026/08/10 22:28:53.128, 2, 100, 23676, 24576, 331.43
2026/08/10 22:28:58.129, 0, 80, 23888, 24576, 335.65
2026/08/10 22:28:58.129, 1, 81, 23254, 24576, 328.02
2026/08/10 22:28:58.130, 2, 77, 23676, 24576, 334.09
2026/08/10 22:29:03.131, 0, 85, 23888, 24576, 339.63
2026/08/10 22:29:03.131, 1, 82, 23254, 24576, 311.88
2026/08/10 22:29:03.132, 2, 85, 23676, 24576, 327.59
2026/08/10 22:29:08.133, 0, 98, 14470, 24576, 337.47
2026/08/10 22:29:08.133, 1, 98, 12802, 24576, 315.00
2026/08/10 22:29:08.134, 2, 100, 13042, 24576, 324.86
2026/08/10 22:29:13.135, 0, 100, 14470, 24576, 334.79
2026/08/10 22:29:13.135, 1, 100, 12802, 24576, 213.90
2026/08/10 22:29:13.136, 2, 98, 13042, 24576, 318.42
2026/08/10 22:29:18.137, 0, 100, 22348, 24576, 331.83
2026/08/10 22:29:18.137, 1, 100, 21992, 24576, 327.73
2026/08/10 22:29:18.138, 2, 100, 22156, 24576, 326.42
2026/08/10 22:29:23.139, 0, 100, 22448, 24576, 317.99
2026/08/10 22:29:23.140, 1, 100, 21992, 24576, 285.36
2026/08/10 22:29:23.140, 2, 100, 22496, 24576, 329.94
2026/08/10 22:29:28.141, 0, 100, 22348, 24576, 327.31
2026/08/10 22:29:28.142, 1, 100, 20072, 24576, 297.11
2026/08/10 22:29:28.143, 2, 100, 22156, 24576, 326.46
2026/08/10 22:29:33.144, 0, 85, 22348, 24576, 338.31
2026/08/10 22:29:33.144, 1, 84, 20072, 24576, 318.60
2026/08/10 22:29:33.145, 2, 84, 22156, 24576, 319.18
2026/08/10 22:29:38.146, 0, 98, 22348, 24576, 338.54
2026/08/10 22:29:38.147, 1, 98, 21692, 24576, 313.58
2026/08/10 22:29:38.147, 2, 98, 22156, 24576, 336.15
2026/08/10 22:29:43.148, 0, 85, 16330, 24576, 311.73
2026/08/10 22:29:43.149, 1, 98, 13062, 24576, 320.87
2026/08/10 22:29:43.150, 2, 98, 21302, 24576, 322.01
2026/08/10 22:29:48.150, 0, 96, 23746, 24576, 316.81
2026/08/10 22:29:48.151, 1, 89, 23034, 24576, 312.91
2026/08/10 22:29:48.151, 2, 89, 23534, 24576, 311.82
2026/08/10 22:29:53.152, 0, 88, 21586, 24576, 305.40
2026/08/10 22:29:53.153, 1, 88, 23034, 24576, 314.13
2026/08/10 22:29:53.153, 2, 89, 23534, 24576, 331.30
2026/08/10 22:29:58.154, 0, 100, 21586, 24576, 304.73
2026/08/10 22:29:58.155, 1, 100, 23034, 24576, 312.85
2026/08/10 22:29:58.156, 2, 100, 23534, 24576, 328.05
2026/08/10 22:30:03.157, 0, 80, 23746, 24576, 335.09
2026/08/10 22:30:03.157, 1, 81, 23034, 24576, 317.49
2026/08/10 22:30:03.158, 2, 82, 23534, 24576, 335.69
2026/08/10 22:30:08.159, 0, 83, 23746, 24576, 339.67
2026/08/10 22:30:08.159, 1, 85, 23034, 24576, 312.72
2026/08/10 22:30:08.160, 2, 82, 23534, 24576, 325.56
2026/08/10 22:30:13.161, 0, 98, 13470, 24576, 338.50
2026/08/10 22:30:13.162, 1, 100, 12922, 24576, 318.94
2026/08/10 22:30:13.162, 2, 100, 23534, 24576, 318.56
2026/08/10 22:30:18.163, 0, 100, 13470, 24576, 214.02
2026/08/10 22:30:18.164, 1, 100, 13302, 24576, 302.10
2026/08/10 22:30:18.164, 2, 98, 23534, 24576, 311.91
2026/08/10 22:30:23.165, 0, 90, 23048, 24576, 300.66
2026/08/10 22:30:23.166, 1, 97, 23716, 24576, 326.59
2026/08/10 22:30:23.166, 2, 89, 23096, 24576, 316.85
2026/08/10 22:30:28.167, 0, 83, 23048, 24576, 317.10
2026/08/10 22:30:28.168, 1, 85, 23716, 24576, 315.40
2026/08/10 22:30:28.168, 2, 86, 23096, 24576, 322.09
2026/08/10 22:30:33.169, 0, 100, 23048, 24576, 322.94
2026/08/10 22:30:33.170, 1, 100, 23716, 24576, 314.66
2026/08/10 22:30:33.171, 2, 100, 23096, 24576, 325.18
2026/08/10 22:30:38.172, 0, 85, 23048, 24576, 337.83
2026/08/10 22:30:38.172, 1, 82, 23716, 24576, 316.52
2026/08/10 22:30:38.173, 2, 85, 23096, 24576, 331.38
2026/08/10 22:30:43.174, 0, 98, 23608, 24576, 338.36
2026/08/10 22:30:43.174, 1, 98, 23716, 24576, 317.90
2026/08/10 22:30:43.175, 2, 98, 23176, 24576, 326.71
2026/08/10 22:30:48.176, 0, 98, 13490, 24576, 340.30
2026/08/10 22:30:48.176, 1, 97, 15462, 24576, 285.29
2026/08/10 22:30:48.177, 2, 98, 13342, 24576, 314.09
2026/08/10 22:30:53.178, 0, 100, 23348, 24576, 328.74
2026/08/10 22:30:53.179, 1, 88, 23734, 24576, 315.04
2026/08/10 22:30:53.179, 2, 100, 23354, 24576, 312.56
2026/08/10 22:30:58.180, 0, 100, 21828, 24576, 321.96
2026/08/10 22:30:58.181, 1, 89, 22234, 24576, 315.08
2026/08/10 22:30:58.181, 2, 100, 23354, 24576, 305.07
2026/08/10 22:31:03.182, 0, 100, 21568, 24576, 322.13
2026/08/10 22:31:03.183, 1, 100, 20294, 24576, 312.95
2026/08/10 22:31:03.184, 2, 100, 23354, 24576, 309.55
2026/08/10 22:31:08.185, 0, 83, 21568, 24576, 338.01
2026/08/10 22:31:08.185, 1, 84, 23314, 24576, 315.53
2026/08/10 22:31:08.186, 2, 84, 23354, 24576, 329.54
2026/08/10 22:31:13.186, 0, 98, 21568, 24576, 338.80
2026/08/10 22:31:13.187, 1, 98, 23314, 24576, 322.13
2026/08/10 22:31:13.188, 2, 98, 23354, 24576, 323.09
2026/08/10 22:31:18.189, 0, 98, 21568, 24576, 336.46
2026/08/10 22:31:18.191, 1, 100, 17702, 24576, 288.55
2026/08/10 22:31:18.192, 2, 98, 23354, 24576, 308.80
2026/08/10 22:31:23.193, 0, 86, 23728, 24576, 338.79
2026/08/10 22:31:23.194, 1, 100, 22652, 24576, 326.73
2026/08/10 22:31:23.195, 2, 100, 23354, 24576, 321.18
2026/08/10 22:31:28.195, 0, 98, 21628, 24576, 328.58
2026/08/10 22:31:28.196, 1, 91, 20612, 24576, 317.77
2026/08/10 22:31:28.197, 2, 96, 23354, 24576, 321.37
2026/08/10 22:31:33.197, 0, 24, 21628, 24576, 301.30
2026/08/10 22:31:33.198, 1, 100, 20612, 24576, 300.76
2026/08/10 22:31:33.198, 2, 100, 23354, 24576, 304.52
2026/08/10 22:31:38.199, 0, 84, 21628, 24576, 337.55
2026/08/10 22:31:38.200, 1, 81, 20612, 24576, 314.73
2026/08/10 22:31:38.200, 2, 83, 23354, 24576, 324.08
2026/08/10 22:31:43.201, 0, 98, 21628, 24576, 337.54
2026/08/10 22:31:43.202, 1, 100, 20612, 24576, 335.92
2026/08/10 22:31:43.203, 2, 100, 23354, 24576, 317.67
2026/08/10 22:31:48.204, 0, 98, 13610, 24576, 337.85
2026/08/10 22:31:48.204, 1, 98, 13264, 24576, 303.00
2026/08/10 22:31:48.205, 2, 98, 13064, 24576, 318.16
2026/08/10 22:31:53.206, 0, 98, 22624, 24576, 305.67
2026/08/10 22:31:53.206, 1, 91, 21856, 24576, 313.11
2026/08/10 22:31:53.209, 2, 100, 22036, 24576, 328.68
2026/08/10 22:31:58.210, 0, 100, 22624, 24576, 298.80
2026/08/10 22:31:58.211, 1, 99, 22896, 24576, 315.10
2026/08/10 22:31:58.211, 2, 86, 24256, 24576, 331.08
2026/08/10 22:32:03.212, 0, 98, 22624, 24576, 303.92
2026/08/10 22:32:03.212, 1, 100, 22876, 24576, 321.66
2026/08/10 22:32:03.213, 2, 100, 24256, 24576, 335.14
2026/08/10 22:32:08.214, 0, 83, 22624, 24576, 338.86
2026/08/10 22:32:08.215, 1, 82, 21856, 24576, 335.99
2026/08/10 22:32:08.215, 2, 83, 22036, 24576, 331.91
2026/08/10 22:32:13.220, 0, 82, 22624, 24576, 340.46
2026/08/10 22:32:13.220, 1, 82, 21856, 24576, 307.36
2026/08/10 22:32:13.221, 2, 80, 22036, 24576, 335.53
2026/08/10 22:32:18.222, 0, 98, 23330, 24576, 338.51
2026/08/10 22:32:18.223, 1, 98, 12842, 24576, 332.41
2026/08/10 22:32:18.223, 2, 98, 23542, 24576, 334.89
2026/08/10 22:32:23.224, 0, 94, 14510, 24576, 300.45
2026/08/10 22:32:23.225, 1, 51, 12842, 24576, 282.74
2026/08/10 22:32:23.225, 2, 89, 14578, 24576, 300.18
2026/08/10 22:32:28.226, 0, 89, 22968, 24576, 325.86
2026/08/10 22:32:28.227, 1, 100, 22532, 24576, 332.31
2026/08/10 22:32:28.227, 2, 88, 23494, 24576, 323.01
2026/08/10 22:32:33.228, 0, 85, 22968, 24576, 326.22
2026/08/10 22:32:33.229, 1, 100, 22532, 24576, 323.78
2026/08/10 22:32:33.229, 2, 85, 23494, 24576, 324.17
2026/08/10 22:32:38.230, 0, 81, 22968, 24576, 282.87
2026/08/10 22:32:38.231, 1, 82, 20552, 24576, 290.70
2026/08/10 22:32:38.232, 2, 82, 23494, 24576, 288.60
2026/08/10 22:32:43.232, 0, 84, 22968, 24576, 341.24
2026/08/10 22:32:43.233, 1, 82, 20552, 24576, 313.11
2026/08/10 22:32:43.234, 2, 84, 23494, 24576, 329.41
2026/08/10 22:32:48.234, 0, 98, 22968, 24576, 338.59
2026/08/10 22:32:48.235, 1, 97, 16942, 24576, 294.53
2026/08/10 22:32:48.235, 2, 98, 13980, 24576, 295.47
2026/08/10 22:32:53.236, 0, 43, 22968, 24576, 305.03
2026/08/10 22:32:53.237, 1, 98, 18538, 24576, 306.50
2026/08/10 22:32:53.237, 2, 100, 13978, 24576, 325.11
2026/08/10 22:32:58.238, 0, 100, 23168, 24576, 324.65
2026/08/10 22:32:58.239, 1, 100, 23232, 24576, 322.71
2026/08/10 22:32:58.240, 2, 100, 23110, 24576, 310.57
2026/08/10 22:33:03.241, 0, 97, 21928, 24576, 325.01
2026/08/10 22:33:03.242, 1, 94, 20672, 24576, 304.73
2026/08/10 22:33:03.242, 2, 95, 20470, 24576, 305.37
2026/08/10 22:33:08.243, 0, 22, 24008, 24576, 277.39
2026/08/10 22:33:08.244, 1, 28, 21872, 24576, 278.76
2026/08/10 22:33:08.244, 2, 23, 22390, 24576, 265.93
2026/08/10 22:33:13.245, 0, 82, 24008, 24576, 338.61
2026/08/10 22:33:13.246, 1, 83, 21872, 24576, 310.84
2026/08/10 22:33:13.246, 2, 79, 22390, 24576, 336.10
2026/08/10 22:33:18.247, 0, 92, 14510, 24576, 300.19
2026/08/10 22:33:18.248, 1, 89, 12472, 24576, 286.79
2026/08/10 22:33:18.249, 2, 100, 22390, 24576, 331.08
2026/08/10 22:33:23.250, 0, 99, 18050, 24576, 303.06
2026/08/10 22:33:23.251, 1, 98, 14018, 24576, 300.26
2026/08/10 22:33:23.251, 2, 99, 22390, 24576, 296.08
2026/08/10 22:33:28.252, 0, 100, 22968, 24576, 328.47
2026/08/10 22:33:28.253, 1, 89, 22590, 24576, 333.46
2026/08/10 22:33:28.254, 2, 100, 23094, 24576, 328.79
2026/08/10 22:33:33.254, 0, 88, 22968, 24576, 327.64
2026/08/10 22:33:33.255, 1, 89, 22590, 24576, 327.76
2026/08/10 22:33:33.256, 2, 89, 23094, 24576, 326.50
2026/08/10 22:33:38.256, 0, 38, 22968, 24576, 298.72
2026/08/10 22:33:38.264, 1, 40, 22590, 24576, 302.08
2026/08/10 22:33:38.264, 2, 37, 23094, 24576, 310.23
2026/08/10 22:33:43.266, 0, 83, 22968, 24576, 338.43
2026/08/10 22:33:43.266, 1, 82, 22590, 24576, 317.90
2026/08/10 22:33:43.267, 2, 83, 23094, 24576, 336.75
2026/08/10 22:33:48.267, 0, 98, 24208, 24576, 337.99
2026/08/10 22:33:48.268, 1, 100, 23970, 24576, 329.57
2026/08/10 22:33:48.268, 2, 100, 21234, 24576, 334.99
2026/08/10 22:33:53.269, 0, 100, 13570, 24576, 338.60
2026/08/10 22:33:53.270, 1, 98, 14558, 24576, 283.81
2026/08/10 22:33:53.270, 2, 98, 13022, 24576, 318.80
2026/08/10 22:33:58.271, 0, 97, 21908, 24576, 314.49
2026/08/10 22:33:58.272, 1, 94, 22092, 24576, 292.52
2026/08/10 22:33:58.273, 2, 94, 23474, 24576, 319.28
2026/08/10 22:34:03.274, 0, 97, 21908, 24576, 312.19
2026/08/10 22:34:03.281, 1, 94, 20152, 24576, 289.97
2026/08/10 22:34:03.285, 2, 94, 20174, 24576, 302.99
2026/08/10 22:34:08.286, 0, 96, 21908, 24576, 316.16
2026/08/10 22:34:08.286, 1, 95, 22092, 24576, 300.14
2026/08/10 22:34:08.287, 2, 94, 23474, 24576, 310.10
2026/08/10 22:34:13.288, 0, 84, 21908, 24576, 338.58
2026/08/10 22:34:13.289, 1, 83, 22092, 24576, 307.97
2026/08/10 22:34:13.289, 2, 82, 23474, 24576, 334.05
2026/08/10 22:34:18.290, 0, 97, 21908, 24576, 315.59
2026/08/10 22:34:18.291, 1, 100, 22092, 24576, 315.09
2026/08/10 22:34:18.292, 2, 98, 24174, 24576, 332.57
2026/08/10 22:34:23.293, 0, 98, 13870, 24576, 337.10
2026/08/10 22:34:23.294, 1, 98, 12782, 24576, 306.84
2026/08/10 22:34:23.294, 2, 100, 14002, 24576, 315.18
2026/08/10 22:34:28.295, 0, 97, 23406, 24576, 310.51
2026/08/10 22:34:28.295, 1, 93, 21832, 24576, 300.27
2026/08/10 22:34:28.296, 2, 97, 22912, 24576, 314.71
2026/08/10 22:34:33.297, 0, 97, 23406, 24576, 327.31
2026/08/10 22:34:33.298, 1, 94, 21832, 24576, 302.87
2026/08/10 22:34:33.298, 2, 100, 22912, 24576, 324.53
2026/08/10 22:34:38.299, 0, 100, 23406, 24576, 328.10
2026/08/10 22:34:38.300, 1, 100, 21832, 24576, 314.73
2026/08/10 22:34:38.300, 2, 100, 22912, 24576, 316.04
2026/08/10 22:34:43.301, 0, 81, 23406, 24576, 338.52
2026/08/10 22:34:43.301, 1, 82, 21832, 24576, 315.31
2026/08/10 22:34:43.302, 2, 84, 22912, 24576, 336.77
2026/08/10 22:34:48.303, 0, 98, 23406, 24576, 335.58
2026/08/10 22:34:48.303, 1, 100, 21832, 24576, 280.52
2026/08/10 22:34:48.304, 2, 97, 24032, 24576, 337.33
2026/08/10 22:34:53.305, 0, 98, 23406, 24576, 324.22
2026/08/10 22:34:53.306, 1, 100, 13002, 24576, 313.71
2026/08/10 22:34:53.306, 2, 93, 13818, 24576, 305.27
2026/08/10 22:34:58.307, 0, 89, 23388, 24576, 307.64
2026/08/10 22:34:58.307, 1, 89, 23156, 24576, 304.16
2026/08/10 22:34:58.308, 2, 87, 20850, 24576, 294.71
2026/08/10 22:35:03.309, 0, 89, 23388, 24576, 317.87
2026/08/10 22:35:03.309, 1, 89, 23156, 24576, 307.15
2026/08/10 22:35:03.310, 2, 88, 21190, 24576, 304.71
2026/08/10 22:35:08.311, 0, 92, 23388, 24576, 323.41
2026/08/10 22:35:08.312, 1, 93, 23156, 24576, 318.27
2026/08/10 22:35:08.312, 2, 92, 20850, 24576, 310.38
2026/08/10 22:35:13.313, 0, 83, 23388, 24576, 336.33
2026/08/10 22:35:13.314, 1, 82, 23156, 24576, 317.80
2026/08/10 22:35:13.314, 2, 82, 20850, 24576, 335.35
2026/08/10 22:35:18.315, 0, 84, 23388, 24576, 339.86
2026/08/10 22:35:18.317, 1, 82, 23156, 24576, 306.98
2026/08/10 22:35:18.317, 2, 84, 20850, 24576, 338.34
2026/08/10 22:35:23.318, 0, 97, 13490, 24576, 337.06
2026/08/10 22:35:23.319, 1, 98, 14020, 24576, 311.59
2026/08/10 22:35:23.319, 2, 98, 20850, 24576, 335.88
2026/08/10 22:35:28.320, 0, 100, 23030, 24576, 263.55
2026/08/10 22:35:28.321, 1, 87, 20410, 24576, 279.47
2026/08/10 22:35:28.322, 2, 86, 19728, 24576, 224.17
2026/08/10 22:35:33.322, 0, 88, 23086, 24576, 339.72
2026/08/10 22:35:33.323, 1, 95, 20470, 24576, 310.15
2026/08/10 22:35:33.323, 2, 96, 19790, 24576, 299.19
2026/08/10 22:35:38.324, 0, 96, 23086, 24576, 339.09
2026/08/10 22:35:38.325, 1, 100, 20470, 24576, 310.01
2026/08/10 22:35:38.325, 2, 100, 19790, 24576, 297.79
2026/08/10 22:35:43.326, 0, 84, 20966, 24576, 333.48
2026/08/10 22:35:43.327, 1, 80, 20470, 24576, 320.10
2026/08/10 22:35:43.327, 2, 83, 21810, 24576, 335.23
2026/08/10 22:35:48.328, 0, 79, 20966, 24576, 337.31
2026/08/10 22:35:48.329, 1, 100, 20470, 24576, 264.85
2026/08/10 22:35:48.329, 2, 80, 21810, 24576, 336.90
2026/08/10 22:35:53.330, 0, 98, 13450, 24576, 300.32
2026/08/10 22:35:53.331, 1, 98, 24142, 24576, 314.29
2026/08/10 22:35:53.332, 2, 100, 21810, 24576, 323.08
2026/08/10 22:35:58.332, 0, 100, 23186, 24576, 309.34
2026/08/10 22:35:58.333, 1, 88, 21426, 24576, 313.23
2026/08/10 22:35:58.334, 2, 100, 22712, 24576, 330.20
2026/08/10 22:36:03.334, 0, 81, 23186, 24576, 321.59
2026/08/10 22:36:03.335, 1, 100, 21426, 24576, 306.99
2026/08/10 22:36:03.336, 2, 88, 22712, 24576, 339.47
2026/08/10 22:36:08.336, 0, 86, 20486, 24576, 315.88
2026/08/10 22:36:08.337, 1, 97, 21426, 24576, 295.73
2026/08/10 22:36:08.338, 2, 84, 20732, 24576, 312.56
2026/08/10 22:36:13.341, 0, 77, 23186, 24576, 336.16
2026/08/10 22:36:13.342, 1, 82, 21426, 24576, 334.94
2026/08/10 22:36:13.343, 2, 80, 22712, 24576, 334.82
2026/08/10 22:36:18.343, 0, 100, 23186, 24576, 187.08
2026/08/10 22:36:18.344, 1, 80, 21426, 24576, 316.57
2026/08/10 22:36:18.345, 2, 79, 22712, 24576, 328.24
2026/08/10 22:36:23.345, 0, 97, 13790, 24576, 337.45
2026/08/10 22:36:23.346, 1, 98, 13002, 24576, 313.22
2026/08/10 22:36:23.346, 2, 98, 18002, 24576, 317.18
2026/08/10 22:36:28.347, 0, 100, 22704, 24576, 321.57
2026/08/10 22:36:28.348, 1, 100, 21034, 24576, 302.10
2026/08/10 22:36:28.348, 2, 100, 22752, 24576, 328.60
2026/08/10 22:36:33.349, 0, 88, 22704, 24576, 317.90
2026/08/10 22:36:33.350, 1, 100, 21034, 24576, 309.01
2026/08/10 22:36:33.350, 2, 89, 22752, 24576, 338.01
2026/08/10 22:36:38.351, 0, 89, 22704, 24576, 319.49
2026/08/10 22:36:38.352, 1, 100, 21034, 24576, 303.46
2026/08/10 22:36:38.352, 2, 88, 22752, 24576, 339.94
2026/08/10 22:36:43.353, 0, 81, 22704, 24576, 336.99
2026/08/10 22:36:43.354, 1, 83, 21034, 24576, 317.88
2026/08/10 22:36:43.354, 2, 81, 22752, 24576, 336.04
2026/08/10 22:36:48.355, 0, 100, 22704, 24576, 266.12
2026/08/10 22:36:48.356, 1, 85, 21034, 24576, 314.27
2026/08/10 22:36:48.357, 2, 100, 22752, 24576, 288.91
2026/08/10 22:36:53.357, 0, 98, 16330, 24576, 339.25
2026/08/10 22:36:53.358, 1, 100, 12942, 24576, 288.50
2026/08/10 22:36:53.358, 2, 98, 16142, 24576, 337.46
2026/08/10 22:36:58.359, 0, 100, 14330, 24576, 182.39
2026/08/10 22:36:58.360, 1, 69, 13322, 24576, 297.09
2026/08/10 22:36:58.360, 2, 100, 14018, 24576, 174.65
2026/08/10 22:37:03.361, 0, 82, 22686, 24576, 333.52
2026/08/10 22:37:03.362, 1, 89, 23614, 24576, 307.02
2026/08/10 22:37:03.362, 2, 100, 23454, 24576, 328.63
2026/08/10 22:37:08.363, 0, 89, 22686, 24576, 338.26
2026/08/10 22:37:08.364, 1, 88, 23614, 24576, 316.75
2026/08/10 22:37:08.364, 2, 89, 23454, 24576, 325.29
2026/08/10 22:37:13.365, 0, 78, 22686, 24576, 331.39
2026/08/10 22:37:13.366, 1, 78, 23614, 24576, 328.44
2026/08/10 22:37:13.367, 2, 81, 23454, 24576, 333.18
2026/08/10 22:37:18.368, 0, 83, 22686, 24576, 340.35
2026/08/10 22:37:18.368, 1, 84, 23614, 24576, 314.35
2026/08/10 22:37:18.369, 2, 83, 23454, 24576, 338.03
2026/08/10 22:37:23.370, 0, 98, 13490, 24576, 340.14
2026/08/10 22:37:23.370, 1, 98, 12902, 24576, 310.19
2026/08/10 22:37:23.371, 2, 98, 12802, 24576, 324.55
2026/08/10 22:37:28.371, 0, 96, 13490, 24576, 279.50
2026/08/10 22:37:28.372, 1, 55, 13262, 24576, 293.22
2026/08/10 22:37:28.373, 2, 63, 12802, 24576, 314.69
2026/08/10 22:37:33.374, 0, 88, 23028, 24576, 328.54
2026/08/10 22:37:33.374, 1, 88, 23134, 24576, 312.80
2026/08/10 22:37:33.375, 2, 88, 22254, 24576, 327.18
2026/08/10 22:37:38.375, 0, 89, 23028, 24576, 327.11
2026/08/10 22:37:38.376, 1, 95, 23134, 24576, 317.65
2026/08/10 22:37:38.376, 2, 89, 22254, 24576, 323.72
2026/08/10 22:37:43.377, 0, 82, 23028, 24576, 336.87
2026/08/10 22:37:43.378, 1, 82, 23134, 24576, 328.57
2026/08/10 22:37:43.378, 2, 83, 22254, 24576, 332.11
2026/08/10 22:37:48.379, 0, 81, 23028, 24576, 338.14
2026/08/10 22:37:48.380, 1, 84, 23134, 24576, 312.40
2026/08/10 22:37:48.380, 2, 81, 22254, 24576, 334.35
2026/08/10 22:37:53.381, 0, 98, 14390, 24576, 341.18
2026/08/10 22:37:53.382, 1, 98, 20502, 24576, 324.20
2026/08/10 22:37:53.382, 2, 100, 22254, 24576, 328.83
2026/08/10 22:37:58.383, 0, 100, 14390, 24576, 261.16
2026/08/10 22:37:58.384, 1, 100, 13022, 24576, 298.87
2026/08/10 22:37:58.384, 2, 100, 22254, 24576, 271.03
2026/08/10 22:38:03.385, 0, 100, 23782, 24576, 300.38
2026/08/10 22:38:03.386, 1, 96, 23514, 24576, 306.65
2026/08/10 22:38:03.386, 2, 100, 22692, 24576, 304.86
2026/08/10 22:38:08.387, 0, 100, 22742, 24576, 298.91
2026/08/10 22:38:08.388, 1, 100, 22454, 24576, 302.25
2026/08/10 22:38:08.388, 2, 100, 22692, 24576, 306.45
2026/08/10 22:38:13.389, 0, 79, 20502, 24576, 287.71
2026/08/10 22:38:13.390, 1, 79, 22954, 24576, 293.30
2026/08/10 22:38:13.390, 2, 76, 22692, 24576, 272.03
2026/08/10 22:38:18.391, 0, 82, 20502, 24576, 338.28
2026/08/10 22:38:18.392, 1, 82, 22954, 24576, 305.25
2026/08/10 22:38:18.393, 2, 83, 22692, 24576, 331.66
2026/08/10 22:38:23.393, 0, 85, 13290, 24576, 297.34
2026/08/10 22:38:23.394, 1, 98, 22954, 24576, 310.95
2026/08/10 22:38:23.394, 2, 100, 20592, 24576, 323.18
2026/08/10 22:38:28.395, 0, 98, 18110, 24576, 300.72
2026/08/10 22:38:28.396, 1, 98, 22954, 24576, 301.07
2026/08/10 22:38:28.397, 2, 98, 13262, 24576, 323.30
2026/08/10 22:38:33.398, 0, 100, 22826, 24576, 300.17
2026/08/10 22:38:33.398, 1, 100, 23514, 24576, 323.30
2026/08/10 22:38:33.399, 2, 100, 23656, 24576, 325.70
2026/08/10 22:38:38.399, 0, 97, 22826, 24576, 304.64
2026/08/10 22:38:38.400, 1, 97, 23514, 24576, 317.70
2026/08/10 22:38:38.400, 2, 98, 23656, 24576, 324.60
2026/08/10 22:38:43.401, 0, 96, 22826, 24576, 316.79
2026/08/10 22:38:43.402, 1, 96, 23514, 24576, 319.11
2026/08/10 22:38:43.403, 2, 97, 23656, 24576, 323.91
2026/08/10 22:38:48.403, 0, 81, 22826, 24576, 339.55
2026/08/10 22:38:48.404, 1, 82, 23514, 24576, 314.20
2026/08/10 22:38:48.405, 2, 81, 23656, 24576, 320.88
2026/08/10 22:38:53.405, 0, 98, 24066, 24576, 337.47
2026/08/10 22:38:53.406, 1, 98, 23514, 24576, 319.83
2026/08/10 22:38:53.406, 2, 98, 23836, 24576, 327.61
2026/08/10 22:38:58.408, 0, 98, 13750, 24576, 330.30
2026/08/10 22:38:58.408, 1, 100, 12862, 24576, 304.20
2026/08/10 22:38:58.409, 2, 99, 13042, 24576, 317.70
2026/08/10 22:39:03.410, 0, 97, 22904, 24576, 306.31
2026/08/10 22:39:03.410, 1, 84, 21014, 24576, 308.11
2026/08/10 22:39:03.411, 2, 84, 20774, 24576, 319.58
2026/08/10 22:39:08.412, 0, 100, 22904, 24576, 328.31
2026/08/10 22:39:08.412, 1, 100, 21014, 24576, 310.51
2026/08/10 22:39:08.413, 2, 100, 20774, 24576, 324.84
2026/08/10 22:39:13.414, 0, 100, 22904, 24576, 290.94
2026/08/10 22:39:13.414, 1, 93, 21014, 24576, 283.85
2026/08/10 22:39:13.415, 2, 89, 20774, 24576, 292.38
2026/08/10 22:39:18.416, 0, 82, 22904, 24576, 337.43
2026/08/10 22:39:18.416, 1, 82, 21014, 24576, 308.72
2026/08/10 22:39:18.417, 2, 84, 20774, 24576, 325.10
2026/08/10 22:39:23.418, 0, 100, 24164, 24576, 337.58
2026/08/10 22:39:23.419, 1, 97, 23594, 24576, 313.71
2026/08/10 22:39:23.419, 2, 98, 21614, 24576, 317.32
2026/08/10 22:39:28.420, 0, 74, 14510, 24576, 294.41
2026/08/10 22:39:28.421, 1, 100, 13042, 24576, 278.21
2026/08/10 22:39:28.421, 2, 98, 13004, 24576, 312.82
2026/08/10 22:39:33.422, 0, 88, 22988, 24576, 327.12
2026/08/10 22:39:33.423, 1, 88, 21072, 24576, 314.52
2026/08/10 22:39:33.423, 2, 87, 21976, 24576, 312.35
2026/08/10 22:39:38.424, 0, 100, 22988, 24576, 327.81
2026/08/10 22:39:38.425, 1, 100, 20692, 24576, 300.99
2026/08/10 22:39:38.425, 2, 100, 21976, 24576, 319.14
2026/08/10 22:39:43.426, 0, 87, 22988, 24576, 318.84
2026/08/10 22:39:43.427, 1, 91, 20692, 24576, 305.36
2026/08/10 22:39:43.427, 2, 94, 21976, 24576, 306.09
2026/08/10 22:39:48.428, 0, 81, 22988, 24576, 337.01
2026/08/10 22:39:48.429, 1, 82, 20692, 24576, 310.05
2026/08/10 22:39:48.429, 2, 79, 21976, 24576, 335.42
2026/08/10 22:39:53.431, 0, 83, 22988, 24576, 340.17
2026/08/10 22:39:53.431, 1, 79, 20692, 24576, 299.94
2026/08/10 22:39:53.432, 2, 100, 21976, 24576, 274.36
2026/08/10 22:39:58.432, 0, 98, 19870, 24576, 338.68
2026/08/10 22:39:58.433, 1, 100, 15358, 24576, 283.84
2026/08/10 22:39:58.434, 2, 99, 12840, 24576, 324.83
2026/08/10 22:40:03.434, 0, 100, 23132, 24576, 270.97
2026/08/10 22:40:03.435, 1, 93, 20996, 24576, 266.32
2026/08/10 22:40:03.436, 2, 100, 21836, 24576, 271.01
2026/08/10 22:40:08.437, 0, 88, 23186, 24576, 324.66
2026/08/10 22:40:08.437, 1, 100, 21050, 24576, 315.75
2026/08/10 22:40:08.438, 2, 99, 21870, 24576, 335.07
2026/08/10 22:40:13.439, 0, 89, 23186, 24576, 325.44
2026/08/10 22:40:13.440, 1, 100, 21370, 24576, 317.20
2026/08/10 22:40:13.440, 2, 89, 21870, 24576, 337.71
2026/08/10 22:40:18.441, 0, 74, 23186, 24576, 335.36
2026/08/10 22:40:18.442, 1, 73, 21050, 24576, 308.60
2026/08/10 22:40:18.442, 2, 75, 19870, 24576, 332.82
2026/08/10 22:40:23.443, 0, 81, 23186, 24576, 339.42
2026/08/10 22:40:23.444, 1, 81, 21050, 24576, 313.34
2026/08/10 22:40:23.444, 2, 81, 19870, 24576, 336.87
2026/08/10 22:40:28.445, 0, 98, 19230, 24576, 298.91
2026/08/10 22:40:28.446, 1, 100, 13064, 24576, 288.83
2026/08/10 22:40:28.446, 2, 98, 13002, 24576, 334.85
2026/08/10 22:40:33.447, 0, 100, 13990, 24576, 338.05
2026/08/10 22:40:33.448, 1, 98, 13064, 24576, 308.69
2026/08/10 22:40:33.449, 2, 98, 13002, 24576, 327.65
2026/08/10 22:40:38.450, 0, 92, 23310, 24576, 322.74
2026/08/10 22:40:38.451, 1, 89, 21936, 24576, 305.92
2026/08/10 22:40:38.451, 2, 100, 20354, 24576, 293.90
2026/08/10 22:40:43.452, 0, 88, 23310, 24576, 326.62
2026/08/10 22:40:43.453, 1, 88, 24156, 24576, 312.91
2026/08/10 22:40:43.453, 2, 97, 23194, 24576, 325.91
2026/08/10 22:40:48.455, 0, 100, 23310, 24576, 330.00
2026/08/10 22:40:48.456, 1, 100, 24156, 24576, 322.33
2026/08/10 22:40:48.456, 2, 100, 23194, 24576, 333.64
2026/08/10 22:40:53.458, 0, 80, 23310, 24576, 336.18
2026/08/10 22:40:53.458, 1, 80, 21936, 24576, 314.20
2026/08/10 22:40:53.459, 2, 79, 21034, 24576, 330.98
2026/08/10 22:40:58.460, 0, 100, 23310, 24576, 181.34
2026/08/10 22:40:58.460, 1, 100, 21936, 24576, 222.76
2026/08/10 22:40:58.461, 2, 86, 21034, 24576, 339.05
2026/08/10 22:41:03.462, 0, 87, 13610, 24576, 293.14
2026/08/10 22:41:03.463, 1, 97, 13282, 24576, 317.51
2026/08/10 22:41:03.463, 2, 90, 11962, 24576, 293.41
2026/08/10 22:41:08.464, 0, 100, 13630, 24576, 180.10
2026/08/10 22:41:08.465, 1, 100, 13282, 24576, 190.85
2026/08/10 22:41:08.465, 2, 91, 19318, 24576, 322.23
2026/08/10 22:41:13.466, 0, 97, 22544, 24576, 303.08
2026/08/10 22:41:13.467, 1, 97, 23054, 24576, 315.55
2026/08/10 22:41:13.468, 2, 94, 23016, 24576, 311.44
2026/08/10 22:41:18.469, 0, 100, 22544, 24576, 291.02
2026/08/10 22:41:18.470, 1, 100, 23054, 24576, 304.12
2026/08/10 22:41:18.470, 2, 100, 23016, 24576, 329.02
2026/08/10 22:41:23.471, 0, 100, 22544, 24576, 296.00
2026/08/10 22:41:23.472, 1, 100, 23054, 24576, 309.15
2026/08/10 22:41:23.473, 2, 100, 23016, 24576, 331.21
2026/08/10 22:41:28.473, 0, 81, 22544, 24576, 339.77
2026/08/10 22:41:28.474, 1, 82, 23054, 24576, 324.89
2026/08/10 22:41:28.475, 2, 83, 23016, 24576, 336.58
2026/08/10 22:41:33.475, 0, 100, 22544, 24576, 340.40
2026/08/10 22:41:33.476, 1, 98, 23054, 24576, 335.23
2026/08/10 22:41:33.477, 2, 98, 23016, 24576, 337.03
2026/08/10 22:41:38.478, 0, 98, 13570, 24576, 340.77
2026/08/10 22:41:38.479, 1, 98, 24098, 24576, 296.87
2026/08/10 22:41:38.479, 2, 93, 13978, 24576, 283.45
2026/08/10 22:41:43.480, 0, 95, 22848, 24576, 317.56
2026/08/10 22:41:43.480, 1, 88, 20594, 24576, 312.86
2026/08/10 22:41:43.481, 2, 85, 21872, 24576, 292.90
2026/08/10 22:41:48.482, 0, 100, 22848, 24576, 327.11
2026/08/10 22:41:48.482, 1, 95, 20594, 24576, 307.19
2026/08/10 22:41:48.483, 2, 94, 21872, 24576, 299.19
2026/08/10 22:41:53.484, 0, 100, 22848, 24576, 336.58
2026/08/10 22:41:53.484, 1, 100, 20594, 24576, 306.57
2026/08/10 22:41:53.485, 2, 100, 21872, 24576, 309.57
2026/08/10 22:41:58.486, 0, 82, 21748, 24576, 338.39
2026/08/10 22:41:58.486, 1, 84, 22614, 24576, 318.46
2026/08/10 22:41:58.487, 2, 82, 21872, 24576, 337.31
2026/08/10 22:42:03.488, 0, 97, 21748, 24576, 241.04
2026/08/10 22:42:03.489, 1, 98, 22614, 24576, 291.46
2026/08/10 22:42:03.489, 2, 98, 21872, 24576, 337.79
2026/08/10 22:42:08.490, 0, 98, 13330, 24576, 340.14
2026/08/10 22:42:08.491, 1, 98, 13282, 24576, 305.05
2026/08/10 22:42:08.491, 2, 98, 13002, 24576, 323.12
2026/08/10 22:42:13.492, 0, 91, 20982, 24576, 299.34
2026/08/10 22:42:13.493, 1, 100, 23032, 24576, 308.59
2026/08/10 22:42:13.493, 2, 100, 23014, 24576, 321.49
2026/08/10 22:42:18.494, 0, 100, 20982, 24576, 315.17
2026/08/10 22:42:18.495, 1, 87, 23032, 24576, 309.44
2026/08/10 22:42:18.495, 2, 82, 23014, 24576, 335.74
2026/08/10 22:42:23.496, 0, 94, 22222, 24576, 312.15
2026/08/10 22:42:23.497, 1, 100, 23032, 24576, 303.55
2026/08/10 22:42:23.497, 2, 97, 21894, 24576, 333.50
2026/08/10 22:42:28.498, 0, 84, 20982, 24576, 337.16
2026/08/10 22:42:28.499, 1, 83, 23032, 24576, 314.60
2026/08/10 22:42:28.499, 2, 83, 20834, 24576, 335.27
2026/08/10 22:42:33.501, 0, 98, 20982, 24576, 339.19
2026/08/10 22:42:33.501, 1, 98, 23032, 24576, 305.01
2026/08/10 22:42:33.502, 2, 98, 20834, 24576, 299.16
2026/08/10 22:42:38.503, 0, 98, 23710, 24576, 337.26
2026/08/10 22:42:38.504, 1, 98, 12842, 24576, 306.14
2026/08/10 22:42:38.504, 2, 100, 13262, 24576, 335.44
2026/08/10 22:42:43.505, 0, 82, 23328, 24576, 327.53
2026/08/10 22:42:43.506, 1, 88, 20552, 24576, 314.05
2026/08/10 22:42:43.507, 2, 100, 23134, 24576, 324.98
2026/08/10 22:42:48.507, 0, 100, 22548, 24576, 324.70
2026/08/10 22:42:48.508, 1, 97, 22552, 24576, 307.36
2026/08/10 22:42:48.509, 2, 96, 23134, 24576, 309.11
2026/08/10 22:42:53.509, 0, 91, 23328, 24576, 318.61
2026/08/10 22:42:53.510, 1, 96, 22552, 24576, 314.71
2026/08/10 22:42:53.510, 2, 97, 23134, 24576, 322.66
2026/08/10 22:42:58.511, 0, 84, 23328, 24576, 334.21
2026/08/10 22:42:58.512, 1, 83, 20552, 24576, 307.08
2026/08/10 22:42:58.513, 2, 84, 23134, 24576, 337.60
2026/08/10 22:43:03.514, 0, 81, 23328, 24576, 339.78
2026/08/10 22:43:03.514, 1, 84, 20552, 24576, 286.63
2026/08/10 22:43:03.515, 2, 100, 23134, 24576, 267.80
2026/08/10 22:43:08.516, 0, 98, 23328, 24576, 330.52
2026/08/10 22:43:08.516, 1, 98, 13042, 24576, 298.27
2026/08/10 22:43:08.517, 2, 98, 13002, 24576, 324.30
2026/08/10 22:43:13.517, 0, 89, 21866, 24576, 322.20
2026/08/10 22:43:13.518, 1, 100, 22234, 24576, 314.63
2026/08/10 22:43:13.519, 2, 100, 22214, 24576, 325.79
2026/08/10 22:43:18.520, 0, 83, 21306, 24576, 316.57
2026/08/10 22:43:18.520, 1, 100, 21894, 24576, 314.95
2026/08/10 22:43:18.521, 2, 100, 21754, 24576, 317.56
2026/08/10 22:43:23.522, 0, 100, 22866, 24576, 311.65
2026/08/10 22:43:23.523, 1, 95, 20874, 24576, 306.67
2026/08/10 22:43:23.523, 2, 94, 20854, 24576, 312.21
2026/08/10 22:43:28.524, 0, 80, 22866, 24576, 337.45
2026/08/10 22:43:28.525, 1, 82, 20874, 24576, 317.73
2026/08/10 22:43:28.526, 2, 82, 20854, 24576, 336.68
2026/08/10 22:43:33.527, 0, 81, 22866, 24576, 339.08
2026/08/10 22:43:33.527, 1, 100, 20874, 24576, 273.59
2026/08/10 22:43:33.528, 2, 82, 20854, 24576, 325.56
2026/08/10 22:43:38.528, 0, 98, 14790, 24576, 337.58
2026/08/10 22:43:38.529, 1, 98, 17080, 24576, 299.09
2026/08/10 22:43:38.530, 2, 98, 13322, 24576, 309.59
2026/08/10 22:43:43.531, 0, 91, 22778, 24576, 198.04
2026/08/10 22:43:43.531, 1, 25, 21142, 24576, 264.46
2026/08/10 22:43:43.532, 2, 86, 21184, 24576, 197.30
2026/08/10 22:43:48.533, 0, 85, 20788, 24576, 324.00
2026/08/10 22:43:48.533, 1, 100, 21110, 24576, 311.36
2026/08/10 22:43:48.534, 2, 100, 23032, 24576, 310.81
2026/08/10 22:43:53.535, 0, 95, 23508, 24576, 316.11
2026/08/10 22:43:53.536, 1, 92, 20890, 24576, 310.70
2026/08/10 22:43:53.536, 2, 96, 23032, 24576, 312.89
2026/08/10 22:43:58.537, 0, 80, 23508, 24576, 336.01
2026/08/10 22:43:58.538, 1, 84, 20890, 24576, 329.46
2026/08/10 22:43:58.538, 2, 80, 23032, 24576, 335.43
2026/08/10 22:44:03.539, 0, 80, 23508, 24576, 339.12
2026/08/10 22:44:03.539, 1, 84, 20890, 24576, 315.61
2026/08/10 22:44:03.540, 2, 82, 23032, 24576, 328.14
2026/08/10 22:44:08.540, 0, 100, 13590, 24576, 318.99
2026/08/10 22:44:08.541, 1, 100, 13042, 24576, 322.64
2026/08/10 22:44:08.542, 2, 98, 13042, 24576, 338.76
2026/08/10 22:44:13.543, 0, 100, 13590, 24576, 336.52
2026/08/10 22:44:13.543, 1, 98, 13042, 24576, 293.07
2026/08/10 22:44:13.544, 2, 98, 13042, 24576, 324.83
2026/08/10 22:44:18.545, 0, 86, 23390, 24576, 332.71
2026/08/10 22:44:18.548, 1, 100, 21514, 24576, 311.07
2026/08/10 22:44:18.549, 2, 100, 21414, 24576, 309.90
2026/08/10 22:44:23.550, 0, 100, 23390, 24576, 338.26
2026/08/10 22:44:23.550, 1, 96, 21514, 24576, 299.70
2026/08/10 22:44:23.551, 2, 97, 21414, 24576, 312.76
2026/08/10 22:44:28.552, 0, 99, 23390, 24576, 332.22
2026/08/10 22:44:28.552, 1, 92, 21514, 24576, 295.08
2026/08/10 22:44:28.553, 2, 93, 21414, 24576, 306.75
2026/08/10 22:44:33.553, 0, 85, 23390, 24576, 336.49
2026/08/10 22:44:33.554, 1, 83, 21514, 24576, 305.56
2026/08/10 22:44:33.555, 2, 81, 21414, 24576, 336.60
2026/08/10 22:44:38.555, 0, 98, 23390, 24576, 302.61
2026/08/10 22:44:38.556, 1, 98, 21514, 24576, 314.89
2026/08/10 22:44:38.556, 2, 98, 21414, 24576, 290.59
2026/08/10 22:44:43.557, 0, 98, 13472, 24576, 337.54
2026/08/10 22:44:43.558, 1, 98, 22862, 24576, 303.36
2026/08/10 22:44:43.559, 2, 98, 23822, 24576, 315.33
2026/08/10 22:44:48.560, 0, 88, 21568, 24576, 312.62
2026/08/10 22:44:48.560, 1, 88, 23254, 24576, 320.10
2026/08/10 22:44:48.561, 2, 100, 22112, 24576, 321.16
2026/08/10 22:44:53.561, 0, 100, 23468, 24576, 316.74
2026/08/10 22:44:53.562, 1, 89, 23254, 24576, 312.31
2026/08/10 22:44:53.563, 2, 88, 24152, 24576, 320.99
2026/08/10 22:44:58.563, 0, 98, 23648, 24576, 313.70
2026/08/10 22:44:58.564, 1, 97, 23254, 24576, 305.71
2026/08/10 22:44:58.565, 2, 87, 20892, 24576, 320.77
2026/08/10 22:45:03.566, 0, 82, 21568, 24576, 337.54
2026/08/10 22:45:03.567, 1, 82, 23254, 24576, 315.60
2026/08/10 22:45:03.568, 2, 81, 22112, 24576, 335.87
2026/08/10 22:45:08.569, 0, 74, 21568, 24576, 338.96
2026/08/10 22:45:08.570, 1, 100, 23254, 24576, 256.18
2026/08/10 22:45:08.570, 2, 81, 22112, 24576, 328.19
2026/08/10 22:45:13.573, 0, 98, 13590, 24576, 337.34
2026/08/10 22:45:13.574, 1, 98, 12964, 24576, 319.72
2026/08/10 22:45:13.574, 2, 95, 21704, 24576, 320.31
2026/08/10 22:45:18.575, 0, 100, 13590, 24576, 338.14
2026/08/10 22:45:18.576, 1, 98, 12964, 24576, 305.68
2026/08/10 22:45:18.576, 2, 100, 13024, 24576, 315.80
2026/08/10 22:45:23.577, 0, 88, 23930, 24576, 330.42
2026/08/10 22:45:23.578, 1, 91, 23896, 24576, 323.91
2026/08/10 22:45:23.578, 2, 89, 23336, 24576, 327.96
2026/08/10 22:45:28.579, 0, 100, 23930, 24576, 334.45
2026/08/10 22:45:28.580, 1, 100, 23896, 24576, 328.60
2026/08/10 22:45:28.580, 2, 100, 23336, 24576, 320.26
2026/08/10 22:45:33.581, 0, 21, 23930, 24576, 293.27
2026/08/10 22:45:33.582, 1, 25, 21796, 24576, 275.00
2026/08/10 22:45:33.583, 2, 21, 23336, 24576, 277.00
2026/08/10 22:45:38.584, 0, 81, 23930, 24576, 337.40
2026/08/10 22:45:38.585, 1, 84, 21796, 24576, 311.64
2026/08/10 22:45:38.586, 2, 81, 23336, 24576, 319.06
2026/08/10 22:45:43.587, 0, 87, 13490, 24576, 299.02
2026/08/10 22:45:43.587, 1, 100, 23436, 24576, 309.53
2026/08/10 22:45:43.588, 2, 98, 24116, 24576, 318.61
2026/08/10 22:45:48.589, 0, 98, 13530, 24576, 336.57
2026/08/10 22:45:48.589, 1, 100, 13936, 24576, 287.74
2026/08/10 22:45:48.590, 2, 98, 14038, 24576, 282.68
2026/08/10 22:45:53.591, 0, 93, 21324, 24576, 318.89
2026/08/10 22:45:53.591, 1, 89, 22792, 24576, 331.46
2026/08/10 22:45:53.592, 2, 89, 22994, 24576, 336.50
2026/08/10 22:45:58.593, 0, 86, 22044, 24576, 315.12
2026/08/10 22:45:58.594, 1, 100, 22792, 24576, 310.56
2026/08/10 22:45:58.594, 2, 84, 22994, 24576, 302.49
2026/08/10 22:46:03.595, 0, 20, 21324, 24576, 284.05
2026/08/10 22:46:03.596, 1, 22, 22792, 24576, 280.74
2026/08/10 22:46:03.597, 2, 22, 22994, 24576, 285.25
2026/08/10 22:46:08.598, 0, 83, 21324, 24576, 338.25
2026/08/10 22:46:08.598, 1, 83, 22792, 24576, 308.23
2026/08/10 22:46:08.599, 2, 83, 22994, 24576, 323.48
2026/08/10 22:46:13.600, 0, 98, 21324, 24576, 337.76
2026/08/10 22:46:13.600, 1, 98, 23312, 24576, 301.83
2026/08/10 22:46:13.601, 2, 98, 24034, 24576, 319.88
2026/08/10 22:46:18.602, 0, 98, 21324, 24576, 338.09
2026/08/10 22:46:18.602, 1, 98, 13002, 24576, 304.55
2026/08/10 22:46:18.603, 2, 98, 13998, 24576, 286.03
2026/08/10 22:46:23.604, 0, 100, 21788, 24576, 302.74
2026/08/10 22:46:23.604, 1, 99, 21556, 24576, 309.43
2026/08/10 22:46:23.605, 2, 100, 23254, 24576, 326.54
2026/08/10 22:46:28.606, 0, 89, 21788, 24576, 313.76
2026/08/10 22:46:28.607, 1, 88, 21556, 24576, 302.24
2026/08/10 22:46:28.607, 2, 89, 23254, 24576, 325.04
2026/08/10 22:46:33.608, 0, 100, 21788, 24576, 310.89
2026/08/10 22:46:33.609, 1, 100, 21556, 24576, 304.15
2026/08/10 22:46:33.609, 2, 100, 23254, 24576, 325.24
2026/08/10 22:46:38.610, 0, 80, 21788, 24576, 337.12
2026/08/10 22:46:38.611, 1, 82, 21556, 24576, 308.90
2026/08/10 22:46:38.611, 2, 80, 23254, 24576, 336.20
2026/08/10 22:46:43.612, 0, 72, 21788, 24576, 316.42
2026/08/10 22:46:43.612, 1, 84, 21556, 24576, 314.27
2026/08/10 22:46:43.613, 2, 83, 23254, 24576, 325.88
2026/08/10 22:46:48.614, 0, 98, 13490, 24576, 340.08
2026/08/10 22:46:48.614, 1, 100, 14422, 24576, 309.17
2026/08/10 22:46:48.615, 2, 100, 13062, 24576, 335.48
2026/08/10 22:46:53.616, 0, 100, 13490, 24576, 179.89
2026/08/10 22:46:53.616, 1, 100, 14038, 24576, 203.20
2026/08/10 22:46:53.617, 2, 100, 13062, 24576, 315.73
2026/08/10 22:46:58.618, 0, 89, 23626, 24576, 320.41
2026/08/10 22:46:58.619, 1, 89, 21074, 24576, 301.36
2026/08/10 22:46:58.619, 2, 89, 23956, 24576, 332.17
2026/08/10 22:47:03.620, 0, 89, 23626, 24576, 325.77
2026/08/10 22:47:03.620, 1, 100, 20734, 24576, 301.98
2026/08/10 22:47:03.621, 2, 90, 23956, 24576, 332.53
2026/08/10 22:47:08.622, 0, 64, 21526, 24576, 274.60
2026/08/10 22:47:08.622, 1, 89, 22854, 24576, 262.08
2026/08/10 22:47:08.623, 2, 85, 21736, 24576, 288.26
2026/08/10 22:47:13.623, 0, 81, 21526, 24576, 338.46
2026/08/10 22:47:13.625, 1, 81, 22854, 24576, 311.65
2026/08/10 22:47:13.626, 2, 79, 21736, 24576, 327.76
2026/08/10 22:47:18.626, 0, 90, 13766, 24576, 304.86
2026/08/10 22:47:18.627, 1, 98, 22854, 24576, 299.07
2026/08/10 22:47:18.627, 2, 98, 21736, 24576, 336.88
2026/08/10 22:47:23.628, 0, 98, 13430, 24576, 339.40
2026/08/10 22:47:23.629, 1, 100, 22854, 24576, 282.21
2026/08/10 22:47:23.630, 2, 98, 21736, 24576, 316.45
2026/08/10 22:47:28.631, 0, 94, 22766, 24576, 308.78
2026/08/10 22:47:28.632, 1, 89, 20512, 24576, 310.52
2026/08/10 22:47:28.632, 2, 89, 20592, 24576, 313.93
2026/08/10 22:47:33.633, 0, 100, 22766, 24576, 333.63
2026/08/10 22:47:33.633, 1, 98, 20512, 24576, 315.82
2026/08/10 22:47:33.634, 2, 99, 20592, 24576, 316.59
2026/08/10 22:47:38.635, 0, 80, 20706, 24576, 284.56
2026/08/10 22:47:38.635, 1, 81, 22652, 24576, 283.03
2026/08/10 22:47:38.636, 2, 80, 22832, 24576, 280.08
2026/08/10 22:47:43.637, 0, 77, 20706, 24576, 340.41
2026/08/10 22:47:43.637, 1, 82, 22652, 24576, 312.24
2026/08/10 22:47:43.638, 2, 82, 22832, 24576, 322.82
2026/08/10 22:47:48.639, 0, 98, 20706, 24576, 338.68
2026/08/10 22:47:48.640, 1, 98, 16282, 24576, 292.98
2026/08/10 22:47:48.640, 2, 97, 12902, 24576, 287.96
2026/08/10 22:47:53.642, 0, 79, 20706, 24576, 284.00
2026/08/10 22:47:53.642, 1, 98, 19676, 24576, 325.37
2026/08/10 22:47:53.643, 2, 98, 13282, 24576, 315.10
2026/08/10 22:47:58.644, 0, 100, 23026, 24576, 307.04
2026/08/10 22:47:58.644, 1, 100, 20252, 24576, 314.25
2026/08/10 22:47:58.645, 2, 98, 22992, 24576, 307.48
2026/08/10 22:48:03.646, 0, 94, 23026, 24576, 301.36
2026/08/10 22:48:03.646, 1, 94, 22272, 24576, 299.43
2026/08/10 22:48:03.647, 2, 96, 22992, 24576, 308.00
2026/08/10 22:48:08.648, 0, 2, 20986, 24576, 242.09
2026/08/10 22:48:08.648, 1, 92, 22272, 24576, 267.01
2026/08/10 22:48:08.649, 2, 89, 22992, 24576, 248.10
2026/08/10 22:48:13.650, 0, 81, 20986, 24576, 339.87
2026/08/10 22:48:13.650, 1, 82, 22272, 24576, 311.37
2026/08/10 22:48:13.651, 2, 83, 22992, 24576, 337.86
2026/08/10 22:48:18.652, 0, 98, 20986, 24576, 342.21
2026/08/10 22:48:18.653, 1, 98, 22272, 24576, 279.58
2026/08/10 22:48:18.653, 2, 98, 22992, 24576, 274.78
2026/08/10 22:48:23.654, 0, 100, 13570, 24576, 340.51
2026/08/10 22:48:23.654, 1, 98, 22272, 24576, 304.45
2026/08/10 22:48:23.655, 2, 98, 13042, 24576, 335.04
2026/08/10 22:48:28.656, 0, 100, 22848, 24576, 321.08
2026/08/10 22:48:28.656, 1, 96, 19810, 24576, 304.75
2026/08/10 22:48:28.657, 2, 95, 23676, 24576, 320.65
2026/08/10 22:48:33.658, 0, 96, 22848, 24576, 321.28
2026/08/10 22:48:33.659, 1, 90, 19810, 24576, 297.54
2026/08/10 22:48:33.659, 2, 96, 23676, 24576, 327.86
2026/08/10 22:48:38.660, 0, 100, 22848, 24576, 340.12
2026/08/10 22:48:38.661, 1, 95, 19810, 24576, 299.13
2026/08/10 22:48:38.661, 2, 100, 23676, 24576, 343.71
2026/08/10 22:48:43.662, 0, 81, 21748, 24576, 337.99
2026/08/10 22:48:43.666, 1, 83, 21870, 24576, 313.79
2026/08/10 22:48:43.667, 2, 82, 21456, 24576, 335.05
2026/08/10 22:48:48.668, 0, 100, 21748, 24576, 239.95
2026/08/10 22:48:48.669, 1, 78, 21870, 24576, 335.55
2026/08/10 22:48:48.669, 2, 100, 21456, 24576, 217.48
2026/08/10 22:48:53.670, 0, 98, 13890, 24576, 323.92
2026/08/10 22:48:53.670, 1, 98, 12942, 24576, 320.02
2026/08/10 22:48:53.671, 2, 98, 16742, 24576, 309.32
2026/08/10 22:48:58.671, 0, 88, 21798, 24576, 208.11
2026/08/10 22:48:58.672, 1, 35, 20464, 24576, 293.78
2026/08/10 22:48:58.673, 2, 89, 20784, 24576, 208.17
2026/08/10 22:49:03.673, 0, 97, 23646, 24576, 312.51
2026/08/10 22:49:03.674, 1, 97, 23614, 24576, 315.24
2026/08/10 22:49:03.675, 2, 85, 21852, 24576, 323.65
2026/08/10 22:49:08.676, 0, 100, 23646, 24576, 320.04
2026/08/10 22:49:08.677, 1, 97, 23614, 24576, 320.07
2026/08/10 22:49:08.677, 2, 93, 23072, 24576, 308.89
2026/08/10 22:49:13.678, 0, 80, 23646, 24576, 336.36
2026/08/10 22:49:13.679, 1, 83, 23614, 24576, 321.37
2026/08/10 22:49:13.679, 2, 0, 23072, 24576, 260.39
2026/08/10 22:49:18.680, 0, 81, 23646, 24576, 339.65
2026/08/10 22:49:18.681, 1, 85, 23614, 24576, 309.91
2026/08/10 22:49:18.681, 2, 81, 23072, 24576, 337.56
2026/08/10 22:49:23.682, 0, 98, 14450, 24576, 337.94
2026/08/10 22:49:23.682, 1, 98, 23614, 24576, 307.58
2026/08/10 22:49:23.683, 2, 98, 12962, 24576, 332.36
2026/08/10 22:49:28.684, 0, 100, 14450, 24576, 279.19
2026/08/10 22:49:28.684, 1, 98, 23614, 24576, 301.76
2026/08/10 22:49:28.685, 2, 41, 12962, 24576, 282.39
2026/08/10 22:49:33.686, 0, 81, 23346, 24576, 321.42
2026/08/10 22:49:33.687, 1, 89, 23876, 24576, 316.18
2026/08/10 22:49:33.687, 2, 83, 23174, 24576, 338.75
2026/08/10 22:49:38.691, 0, 89, 23346, 24576, 322.70
2026/08/10 22:49:38.692, 1, 100, 23876, 24576, 311.02
2026/08/10 22:49:38.692, 2, 100, 23174, 24576, 331.05
2026/08/10 22:49:43.693, 0, 81, 23346, 24576, 292.81
2026/08/10 22:49:43.694, 1, 81, 23876, 24576, 303.79
2026/08/10 22:49:43.694, 2, 82, 21054, 24576, 300.10
2026/08/10 22:49:48.695, 0, 83, 23346, 24576, 340.57
2026/08/10 22:49:48.695, 1, 84, 23876, 24576, 310.39
2026/08/10 22:49:48.696, 2, 82, 21054, 24576, 322.69
2026/08/10 22:49:53.697, 0, 98, 13530, 24576, 331.78
2026/08/10 22:49:53.697, 1, 98, 12842, 24576, 295.73
2026/08/10 22:49:53.698, 2, 98, 12902, 24576, 296.55
2026/08/10 22:49:58.699, 0, 43, 13530, 24576, 313.71
2026/08/10 22:49:58.700, 1, 98, 12842, 24576, 304.20
2026/08/10 22:49:58.701, 2, 97, 13262, 24576, 315.55
2026/08/10 22:50:03.702, 0, 82, 21908, 24576, 324.37
2026/08/10 22:50:03.702, 1, 84, 20452, 24576, 291.10
2026/08/10 22:50:03.703, 2, 89, 23134, 24576, 327.48
2026/08/10 22:50:08.703, 0, 96, 21388, 24576, 323.18
2026/08/10 22:50:08.704, 1, 97, 22452, 24576, 285.69
2026/08/10 22:50:08.704, 2, 97, 23134, 24576, 315.73
2026/08/10 22:50:13.705, 0, 81, 21908, 24576, 335.17
2026/08/10 22:50:13.706, 1, 79, 20452, 24576, 314.19
2026/08/10 22:50:13.706, 2, 80, 23134, 24576, 333.03
2026/08/10 22:50:18.707, 0, 81, 21908, 24576, 339.11
2026/08/10 22:50:18.708, 1, 83, 20452, 24576, 314.60
2026/08/10 22:50:18.708, 2, 81, 23134, 24576, 324.89
2026/08/10 22:50:23.709, 0, 98, 21908, 24576, 335.74
2026/08/10 22:50:23.710, 1, 98, 12942, 24576, 317.53
2026/08/10 22:50:23.710, 2, 98, 13922, 24576, 329.75
2026/08/10 22:50:28.711, 0, 98, 21908, 24576, 332.11
2026/08/10 22:50:28.712, 1, 100, 13302, 24576, 238.93
2026/08/10 22:50:28.712, 2, 89, 12858, 24576, 276.93
2026/08/10 22:50:33.714, 0, 96, 22048, 24576, 328.81
2026/08/10 22:50:33.714, 1, 100, 22972, 24576, 317.48
2026/08/10 22:50:33.714, 2, 100, 23356, 24576, 330.78
2026/08/10 22:50:38.715, 0, 98, 22048, 24576, 328.15
2026/08/10 22:50:38.716, 1, 100, 22972, 24576, 329.32
2026/08/10 22:50:38.716, 2, 100, 23356, 24576, 336.41
2026/08/10 22:50:43.717, 0, 82, 22048, 24576, 318.58
2026/08/10 22:50:43.718, 1, 81, 22972, 24576, 328.80
2026/08/10 22:50:43.719, 2, 81, 23356, 24576, 324.49
2026/08/10 22:50:48.719, 0, 82, 22048, 24576, 337.04
2026/08/10 22:50:48.720, 1, 85, 22972, 24576, 304.39
2026/08/10 22:50:48.721, 2, 84, 23356, 24576, 322.88
2026/08/10 22:50:53.721, 0, 98, 13490, 24576, 307.56
2026/08/10 22:50:53.722, 1, 98, 13042, 24576, 293.77
2026/08/10 22:50:53.723, 2, 97, 14222, 24576, 290.17
2026/08/10 22:50:58.724, 0, 98, 13490, 24576, 336.58
2026/08/10 22:50:58.725, 1, 98, 13042, 24576, 293.96
2026/08/10 22:50:58.725, 2, 100, 13058, 24576, 288.19
2026/08/10 22:51:03.726, 0, 100, 23928, 24576, 328.02
2026/08/10 22:51:03.729, 1, 100, 22832, 24576, 333.67
2026/08/10 22:51:03.729, 2, 100, 24016, 24576, 335.42
2026/08/10 22:51:08.731, 0, 93, 23928, 24576, 323.18
2026/08/10 22:51:08.732, 1, 92, 22832, 24576, 317.88
2026/08/10 22:51:08.733, 2, 95, 24016, 24576, 328.05
2026/08/10 22:51:13.734, 0, 97, 23928, 24576, 304.58
2026/08/10 22:51:13.734, 1, 92, 22832, 24576, 304.22
2026/08/10 22:51:13.735, 2, 95, 24016, 24576, 324.88
2026/08/10 22:51:18.736, 0, 84, 21808, 24576, 335.92
2026/08/10 22:51:18.737, 1, 82, 20612, 24576, 313.34
2026/08/10 22:51:18.737, 2, 83, 21816, 24576, 333.86
2026/08/10 22:51:23.738, 0, 97, 21808, 24576, 268.49
2026/08/10 22:51:23.739, 1, 87, 20612, 24576, 309.39
2026/08/10 22:51:23.739, 2, 91, 21816, 24576, 323.28
2026/08/10 22:51:28.740, 0, 98, 21310, 24576, 338.48
2026/08/10 22:51:28.741, 1, 98, 19762, 24576, 298.21
2026/08/10 22:51:28.741, 2, 100, 13022, 24576, 335.14
2026/08/10 22:51:33.742, 0, 100, 23026, 24576, 337.66
2026/08/10 22:51:33.743, 1, 100, 23314, 24576, 306.75
2026/08/10 22:51:33.744, 2, 100, 20572, 24576, 302.86
2026/08/10 22:51:38.745, 0, 100, 23046, 24576, 323.77
2026/08/10 22:51:38.745, 1, 100, 23314, 24576, 290.00
2026/08/10 22:51:38.746, 2, 100, 20572, 24576, 307.77
2026/08/10 22:51:43.747, 0, 100, 23046, 24576, 321.84
2026/08/10 22:51:43.747, 1, 100, 23314, 24576, 321.01
2026/08/10 22:51:43.748, 2, 100, 20572, 24576, 307.89
2026/08/10 22:51:48.749, 0, 83, 23046, 24576, 336.95
2026/08/10 22:51:48.750, 1, 81, 23314, 24576, 315.62
2026/08/10 22:51:48.750, 2, 82, 20572, 24576, 335.98
2026/08/10 22:51:53.751, 0, 86, 23046, 24576, 339.40
2026/08/10 22:51:53.752, 1, 78, 23314, 24576, 311.97
2026/08/10 22:51:53.752, 2, 100, 20572, 24576, 189.58
2026/08/10 22:51:58.753, 0, 98, 13590, 24576, 340.85
2026/08/10 22:51:58.753, 1, 95, 14082, 24576, 278.79
2026/08/10 22:51:58.754, 2, 83, 13718, 24576, 286.92
2026/08/10 22:52:03.755, 0, 92, 23832, 24576, 266.35
2026/08/10 22:52:03.755, 1, 93, 22774, 24576, 287.75
2026/08/10 22:52:03.756, 2, 91, 19752, 24576, 245.10
2026/08/10 22:52:08.757, 0, 95, 24248, 24576, 329.14
2026/08/10 22:52:08.757, 1, 87, 23536, 24576, 312.66
2026/08/10 22:52:08.758, 2, 85, 19810, 24576, 297.30
2026/08/10 22:52:13.759, 0, 95, 24248, 24576, 324.42
2026/08/10 22:52:13.760, 1, 87, 23536, 24576, 283.52
2026/08/10 22:52:13.761, 2, 86, 19810, 24576, 291.87
2026/08/10 22:52:18.762, 0, 77, 22028, 24576, 333.67
2026/08/10 22:52:18.762, 1, 76, 23536, 24576, 317.40
2026/08/10 22:52:18.763, 2, 78, 21690, 24576, 328.50
2026/08/10 22:52:23.763, 0, 84, 22028, 24576, 339.47
2026/08/10 22:52:23.764, 1, 83, 23536, 24576, 315.99
2026/08/10 22:52:23.764, 2, 84, 21690, 24576, 337.01
2026/08/10 22:52:28.765, 0, 98, 22028, 24576, 339.43
2026/08/10 22:52:28.766, 1, 98, 12882, 24576, 315.45
2026/08/10 22:52:28.767, 2, 98, 12802, 24576, 337.37
2026/08/10 22:52:33.767, 0, 88, 23948, 24576, 315.19
2026/08/10 22:52:33.768, 1, 79, 22848, 24576, 288.27
2026/08/10 22:52:33.769, 2, 88, 22006, 24576, 302.58
2026/08/10 22:52:38.770, 0, 100, 23928, 24576, 333.62
2026/08/10 22:52:38.770, 1, 100, 22912, 24576, 307.39
2026/08/10 22:52:38.771, 2, 100, 22412, 24576, 333.27
2026/08/10 22:52:43.772, 0, 88, 23428, 24576, 340.40
2026/08/10 22:52:43.773, 1, 89, 22912, 24576, 305.02
2026/08/10 22:52:43.773, 2, 89, 23252, 24576, 334.51
2026/08/10 22:52:48.774, 0, 77, 21728, 24576, 336.30
2026/08/10 22:52:48.775, 1, 82, 22912, 24576, 317.51
2026/08/10 22:52:48.775, 2, 81, 20472, 24576, 335.33
2026/08/10 22:52:53.776, 0, 80, 21728, 24576, 339.28
2026/08/10 22:52:53.777, 1, 84, 22912, 24576, 315.82
2026/08/10 22:52:53.777, 2, 83, 20472, 24576, 326.11
2026/08/10 22:52:58.778, 0, 95, 13450, 24576, 301.13
2026/08/10 22:52:58.779, 1, 98, 13002, 24576, 304.26
2026/08/10 22:52:58.779, 2, 98, 12964, 24576, 321.13
2026/08/10 22:53:03.780, 0, 100, 13450, 24576, 191.43
2026/08/10 22:53:03.781, 1, 100, 13002, 24576, 205.95
2026/08/10 22:53:03.781, 2, 98, 12964, 24576, 313.34
2026/08/10 22:53:08.782, 0, 100, 23748, 24576, 313.48
2026/08/10 22:53:08.784, 1, 100, 22934, 24576, 324.88
2026/08/10 22:53:08.784, 2, 89, 23978, 24576, 320.70
2026/08/10 22:53:13.785, 0, 89, 23748, 24576, 332.38
2026/08/10 22:53:13.786, 1, 100, 22934, 24576, 322.15
2026/08/10 22:53:13.786, 2, 100, 23978, 24576, 326.27
2026/08/10 22:53:18.787, 0, 71, 21688, 24576, 283.02
2026/08/10 22:53:18.788, 1, 41, 20754, 24576, 283.78
2026/08/10 22:53:18.788, 2, 42, 23978, 24576, 290.63
2026/08/10 22:53:23.789, 0, 83, 21688, 24576, 338.16
2026/08/10 22:53:23.790, 1, 84, 20754, 24576, 320.79
2026/08/10 22:53:23.790, 2, 84, 23978, 24576, 336.79
2026/08/10 22:53:28.791, 0, 98, 21688, 24576, 336.47
2026/08/10 22:53:28.792, 1, 97, 23674, 24576, 314.68
2026/08/10 22:53:28.792, 2, 100, 23978, 24576, 325.34
2026/08/10 22:53:33.793, 0, 98, 21688, 24576, 336.35
2026/08/10 22:53:33.794, 1, 98, 13042, 24576, 295.57
2026/08/10 22:53:33.795, 2, 98, 13064, 24576, 318.76
2026/08/10 22:53:38.795, 0, 100, 23368, 24576, 329.46
2026/08/10 22:53:38.796, 1, 100, 20934, 24576, 319.86
2026/08/10 22:53:38.797, 2, 100, 21916, 24576, 316.67
2026/08/10 22:53:43.797, 0, 93, 23368, 24576, 317.71
2026/08/10 22:53:43.798, 1, 94, 20934, 24576, 301.04
2026/08/10 22:53:43.799, 2, 94, 21916, 24576, 310.72
2026/08/10 22:53:48.799, 0, 100, 23368, 24576, 326.53
2026/08/10 22:53:48.800, 1, 86, 23154, 24576, 312.80
2026/08/10 22:53:48.801, 2, 88, 24136, 24576, 324.24
2026/08/10 22:53:53.802, 0, 83, 23368, 24576, 335.44
2026/08/10 22:53:53.802, 1, 82, 20934, 24576, 322.78
2026/08/10 22:53:53.804, 2, 82, 21916, 24576, 335.06
2026/08/10 22:53:58.805, 0, 82, 23368, 24576, 339.17
2026/08/10 22:53:58.805, 1, 87, 20934, 24576, 309.85
2026/08/10 22:53:58.806, 2, 81, 21916, 24576, 323.53
2026/08/10 22:54:03.808, 0, 98, 23368, 24576, 338.12
2026/08/10 22:54:03.809, 1, 98, 20934, 24576, 303.29
2026/08/10 22:54:03.809, 2, 100, 21916, 24576, 312.03
2026/08/10 22:54:08.810, 0, 95, 23166, 24576, 325.32
2026/08/10 22:54:08.811, 1, 93, 22094, 24576, 304.74
2026/08/10 22:54:08.811, 2, 94, 21776, 24576, 308.25
2026/08/10 22:54:13.812, 0, 94, 23166, 24576, 307.21
2026/08/10 22:54:13.813, 1, 89, 20692, 24576, 307.93
2026/08/10 22:54:13.814, 2, 92, 22174, 24576, 314.78
2026/08/10 22:54:18.815, 0, 93, 23166, 24576, 304.96
2026/08/10 22:54:18.815, 1, 87, 20812, 24576, 303.42
2026/08/10 22:54:18.816, 2, 90, 21094, 24576, 304.14
2026/08/10 22:54:23.817, 0, 78, 23166, 24576, 336.77
2026/08/10 22:54:23.818, 1, 84, 21432, 24576, 318.18
2026/08/10 22:54:23.818, 2, 82, 22974, 24576, 329.63
2026/08/10 22:54:28.819, 0, 84, 23166, 24576, 341.59
2026/08/10 22:54:28.820, 1, 84, 21432, 24576, 311.06
2026/08/10 22:54:28.821, 2, 84, 22974, 24576, 317.36
2026/08/10 22:54:33.821, 0, 98, 23166, 24576, 336.12
2026/08/10 22:54:33.822, 1, 99, 22422, 24576, 299.72
2026/08/10 22:54:33.823, 2, 98, 13902, 24576, 300.14
2026/08/10 22:54:38.824, 0, 57, 23166, 24576, 326.66
2026/08/10 22:54:38.824, 1, 36, 14036, 24576, 295.86
2026/08/10 22:54:38.825, 2, 94, 13898, 24576, 214.86
2026/08/10 22:54:43.825, 0, 100, 23930, 24576, 338.27
2026/08/10 22:54:43.826, 1, 100, 23474, 24576, 320.28
2026/08/10 22:54:43.827, 2, 100, 22212, 24576, 321.51
2026/08/10 22:54:48.827, 0, 100, 23930, 24576, 334.57
2026/08/10 22:54:48.828, 1, 100, 23474, 24576, 307.78
2026/08/10 22:54:48.829, 2, 100, 22212, 24576, 316.77
2026/08/10 22:54:53.830, 0, 81, 23930, 24576, 332.83
2026/08/10 22:54:53.831, 1, 84, 23474, 24576, 326.27
2026/08/10 22:54:53.831, 2, 81, 22212, 24576, 327.11
2026/08/10 22:54:58.832, 0, 82, 23930, 24576, 339.00
2026/08/10 22:54:58.832, 1, 83, 23474, 24576, 311.48
2026/08/10 22:54:58.833, 2, 82, 22212, 24576, 331.14
2026/08/10 22:55:03.834, 0, 98, 13410, 24576, 299.03
2026/08/10 22:55:03.834, 1, 98, 23474, 24576, 301.72
2026/08/10 22:55:03.835, 2, 98, 22212, 24576, 334.64
2026/08/10 22:55:08.835, 0, 30, 13790, 24576, 314.96
2026/08/10 22:55:08.836, 1, 98, 23474, 24576, 295.81
2026/08/10 22:55:08.837, 2, 100, 22212, 24576, 248.37
2026/08/10 22:55:13.838, 0, 83, 23466, 24576, 310.25
2026/08/10 22:55:13.839, 1, 88, 23716, 24576, 310.65
2026/08/10 22:55:13.839, 2, 88, 22772, 24576, 327.69
2026/08/10 22:55:18.840, 0, 100, 23466, 24576, 309.27
2026/08/10 22:55:18.841, 1, 100, 23716, 24576, 318.64
2026/08/10 22:55:18.842, 2, 89, 22772, 24576, 325.69
2026/08/10 22:55:23.843, 0, 100, 23466, 24576, 316.63
2026/08/10 22:55:23.844, 1, 100, 23716, 24576, 330.31
2026/08/10 22:55:23.844, 2, 100, 22772, 24576, 332.14
2026/08/10 22:55:28.845, 0, 83, 23466, 24576, 338.61
2026/08/10 22:55:28.846, 1, 84, 23716, 24576, 311.53
2026/08/10 22:55:28.846, 2, 84, 22772, 24576, 336.74
2026/08/10 22:55:33.847, 0, 98, 23466, 24576, 338.36
2026/08/10 22:55:33.847, 1, 99, 23716, 24576, 313.95
2026/08/10 22:55:33.848, 2, 98, 22772, 24576, 314.62
2026/08/10 22:55:38.849, 0, 98, 13530, 24576, 335.71
2026/08/10 22:55:38.849, 1, 98, 12820, 24576, 310.77
2026/08/10 22:55:38.850, 2, 100, 13042, 24576, 313.71
2026/08/10 22:55:43.851, 0, 100, 23068, 24576, 327.03
2026/08/10 22:55:43.851, 1, 100, 21850, 24576, 328.50
2026/08/10 22:55:43.852, 2, 100, 23614, 24576, 336.45
2026/08/10 22:55:48.853, 0, 100, 23068, 24576, 329.50
2026/08/10 22:55:48.859, 1, 89, 21850, 24576, 335.07
2026/08/10 22:55:48.866, 2, 100, 23614, 24576, 342.54
2026/08/10 22:55:53.867, 0, 100, 23068, 24576, 326.03
2026/08/10 22:55:53.868, 1, 89, 21850, 24576, 312.20
2026/08/10 22:55:53.868, 2, 88, 23614, 24576, 332.94
2026/08/10 22:55:58.869, 0, 81, 23068, 24576, 338.23
2026/08/10 22:55:58.870, 1, 81, 19890, 24576, 310.65
2026/08/10 22:55:58.871, 2, 83, 21414, 24576, 335.89
2026/08/10 22:56:03.872, 0, 100, 23068, 24576, 306.04
2026/08/10 22:56:03.872, 1, 98, 19890, 24576, 293.16
2026/08/10 22:56:03.873, 2, 100, 21414, 24576, 329.89
2026/08/10 22:56:08.874, 0, 98, 23890, 24576, 340.38
2026/08/10 22:56:08.874, 1, 100, 12962, 24576, 301.93
2026/08/10 22:56:08.875, 2, 98, 21414, 24576, 318.35
2026/08/10 22:56:13.875, 0, 87, 22926, 24576, 320.86
2026/08/10 22:56:13.876, 1, 100, 23434, 24576, 318.48
2026/08/10 22:56:13.877, 2, 100, 23714, 24576, 326.21
2026/08/10 22:56:18.878, 0, 89, 21246, 24576, 304.47
2026/08/10 22:56:18.878, 1, 88, 23654, 24576, 316.23
2026/08/10 22:56:18.879, 2, 89, 23074, 24576, 333.67
2026/08/10 22:56:23.879, 0, 100, 20926, 24576, 298.66
2026/08/10 22:56:23.880, 1, 88, 23654, 24576, 307.70
2026/08/10 22:56:23.881, 2, 89, 23074, 24576, 333.16
2026/08/10 22:56:28.882, 0, 82, 22926, 24576, 337.56
2026/08/10 22:56:28.882, 1, 81, 21514, 24576, 315.15
2026/08/10 22:56:28.883, 2, 79, 20854, 24576, 335.70
2026/08/10 22:56:33.884, 0, 85, 22926, 24576, 341.39
2026/08/10 22:56:33.884, 1, 83, 21514, 24576, 315.46
2026/08/10 22:56:33.885, 2, 84, 20854, 24576, 327.65
2026/08/10 22:56:38.885, 0, 98, 24050, 24576, 335.42
2026/08/10 22:56:38.886, 1, 98, 13962, 24576, 292.89
2026/08/10 22:56:38.886, 2, 88, 13000, 24576, 285.34
2026/08/10 22:56:43.887, 0, 98, 24050, 24576, 337.34
2026/08/10 22:56:43.888, 1, 100, 13938, 24576, 222.45
2026/08/10 22:56:43.888, 2, 71, 13018, 24576, 268.42
2026/08/10 22:56:48.889, 0, 100, 23368, 24576, 326.39
2026/08/10 22:56:48.890, 1, 99, 19672, 24576, 301.61
2026/08/10 22:56:48.890, 2, 97, 22834, 24576, 298.83
2026/08/10 22:56:53.891, 0, 89, 23368, 24576, 331.61
2026/08/10 22:56:53.892, 1, 100, 22752, 24576, 323.51
2026/08/10 22:56:53.893, 2, 89, 22834, 24576, 320.39
2026/08/10 22:56:58.893, 0, 100, 23368, 24576, 332.65
2026/08/10 22:56:58.894, 1, 100, 22752, 24576, 316.26
2026/08/10 22:56:58.894, 2, 100, 22834, 24576, 318.51
2026/08/10 22:57:03.895, 0, 81, 23368, 24576, 338.11
2026/08/10 22:57:03.896, 1, 82, 22752, 24576, 315.35
2026/08/10 22:57:03.896, 2, 83, 22834, 24576, 337.18
2026/08/10 22:57:08.897, 0, 98, 18448, 24576, 331.04
2026/08/10 22:57:08.898, 1, 98, 22752, 24576, 313.55
2026/08/10 22:57:08.898, 2, 98, 24014, 24576, 337.02
2026/08/10 22:57:13.899, 0, 100, 13570, 24576, 340.01
2026/08/10 22:57:13.900, 1, 98, 22752, 24576, 303.00
2026/08/10 22:57:13.901, 2, 98, 12842, 24576, 323.63
2026/08/10 22:57:18.902, 0, 99, 21466, 24576, 315.91
2026/08/10 22:57:18.906, 1, 89, 21972, 24576, 310.12
2026/08/10 22:57:18.907, 2, 89, 21752, 24576, 320.66
2026/08/10 22:57:23.909, 0, 96, 23686, 24576, 311.21
2026/08/10 22:57:23.909, 1, 88, 21292, 24576, 308.01
2026/08/10 22:57:23.910, 2, 88, 21552, 24576, 324.49
2026/08/10 22:57:28.911, 0, 18, 21466, 24576, 262.50
2026/08/10 22:57:28.911, 1, 21, 21212, 24576, 283.05
2026/08/10 22:57:28.912, 2, 21, 20692, 24576, 277.60
2026/08/10 22:57:33.913, 0, 85, 21466, 24576, 337.95
2026/08/10 22:57:33.913, 1, 82, 21212, 24576, 317.80
2026/08/10 22:57:33.914, 2, 83, 20692, 24576, 244.08
2026/08/10 22:57:38.915, 0, 98, 21466, 24576, 336.20
2026/08/10 22:57:38.915, 1, 98, 21212, 24576, 332.32
2026/08/10 22:57:38.916, 2, 98, 22992, 24576, 327.52
2026/08/10 22:57:43.917, 0, 100, 21466, 24576, 335.66
2026/08/10 22:57:43.918, 1, 98, 21212, 24576, 301.87
2026/08/10 22:57:43.918, 2, 100, 13302, 24576, 318.37
2026/08/10 22:57:48.919, 0, 85, 24010, 24576, 331.62
2026/08/10 22:57:48.920, 1, 88, 22612, 24576, 337.61
2026/08/10 22:57:48.920, 2, 89, 22852, 24576, 323.51
2026/08/10 22:57:53.921, 0, 89, 24010, 24576, 335.13
2026/08/10 22:57:53.922, 1, 95, 22612, 24576, 332.24
2026/08/10 22:57:53.922, 2, 100, 22852, 24576, 319.00
2026/08/10 22:57:58.923, 0, 100, 24010, 24576, 336.82
2026/08/10 22:57:58.923, 1, 100, 22612, 24576, 330.28
2026/08/10 22:57:58.924, 2, 100, 22852, 24576, 318.67
2026/08/10 22:58:03.924, 0, 84, 24010, 24576, 337.54
2026/08/10 22:58:03.925, 1, 82, 22612, 24576, 321.17
2026/08/10 22:58:03.927, 2, 85, 22852, 24576, 336.12
2026/08/10 22:58:08.931, 0, 100, 24010, 24576, 259.62
2026/08/10 22:58:08.932, 1, 83, 22612, 24576, 311.35
2026/08/10 22:58:08.932, 2, 100, 22852, 24576, 294.16
2026/08/10 22:58:13.933, 0, 100, 13472, 24576, 337.77
2026/08/10 22:58:13.933, 1, 98, 13064, 24576, 310.98
2026/08/10 22:58:13.934, 2, 98, 22852, 24576, 326.61
2026/08/10 22:58:18.934, 0, 100, 13472, 24576, 180.10
2026/08/10 22:58:18.935, 1, 98, 13064, 24576, 306.49
2026/08/10 22:58:18.935, 2, 100, 22852, 24576, 173.07
2026/08/10 22:58:23.936, 0, 100, 22644, 24576, 305.77
2026/08/10 22:58:23.937, 1, 100, 24076, 24576, 321.44
2026/08/10 22:58:23.937, 2, 100, 22852, 24576, 280.54
2026/08/10 22:58:28.938, 0, 89, 22644, 24576, 317.31
2026/08/10 22:58:28.939, 1, 89, 24076, 24576, 321.60
2026/08/10 22:58:28.939, 2, 91, 22852, 24576, 301.92
2026/08/10 22:58:33.940, 0, 78, 20544, 24576, 261.31
2026/08/10 22:58:33.941, 1, 81, 21856, 24576, 288.36
2026/08/10 22:58:33.942, 2, 79, 22852, 24576, 260.81
2026/08/10 22:58:38.942, 0, 84, 20544, 24576, 339.46
2026/08/10 22:58:38.943, 1, 81, 21856, 24576, 302.69
2026/08/10 22:58:38.944, 2, 82, 22852, 24576, 337.60
2026/08/10 22:58:43.944, 0, 91, 15724, 24576, 316.11
2026/08/10 22:58:43.945, 1, 100, 21856, 24576, 307.31
2026/08/10 22:58:43.945, 2, 86, 15792, 24576, 305.18
2026/08/10 22:58:48.947, 0, 98, 16252, 24576, 298.58
2026/08/10 22:58:48.948, 1, 98, 21856, 24576, 305.14
2026/08/10 22:58:48.948, 2, 98, 16798, 24576, 294.58
2026/08/10 22:58:53.949, 0, 100, 22906, 24576, 322.31
2026/08/10 22:58:53.950, 1, 98, 21314, 24576, 289.72
2026/08/10 22:58:53.950, 2, 97, 21030, 24576, 304.55
2026/08/10 22:58:58.951, 0, 100, 22906, 24576, 335.83
2026/08/10 22:58:58.952, 1, 100, 21314, 24576, 314.97
2026/08/10 22:58:58.953, 2, 100, 21030, 24576, 316.72
2026/08/10 22:59:03.954, 0, 100, 22906, 24576, 333.03
2026/08/10 22:59:03.954, 1, 100, 21314, 24576, 307.21
2026/08/10 22:59:03.955, 2, 100, 21030, 24576, 321.93
2026/08/10 22:59:08.956, 0, 82, 22906, 24576, 338.51
2026/08/10 22:59:08.956, 1, 83, 21314, 24576, 316.59
2026/08/10 22:59:08.956, 2, 82, 21030, 24576, 338.40
2026/08/10 22:59:13.957, 0, 98, 22906, 24576, 339.02
2026/08/10 22:59:13.958, 1, 98, 22894, 24576, 308.36
2026/08/10 22:59:13.958, 2, 98, 23790, 24576, 335.95
2026/08/10 22:59:18.959, 0, 99, 22906, 24576, 339.08
2026/08/10 22:59:18.960, 1, 89, 13956, 24576, 278.72
2026/08/10 22:59:18.960, 2, 98, 13978, 24576, 288.58
2026/08/10 22:59:23.961, 0, 97, 20788, 24576, 308.74
2026/08/10 22:59:23.962, 1, 95, 21074, 24576, 313.10
2026/08/10 22:59:23.963, 2, 93, 21352, 24576, 315.82
2026/08/10 22:59:28.964, 0, 100, 22028, 24576, 311.27
2026/08/10 22:59:28.965, 1, 98, 22334, 24576, 327.89
2026/08/10 22:59:28.965, 2, 97, 22592, 24576, 313.18
2026/08/10 22:59:33.966, 0, 100, 23068, 24576, 317.71
2026/08/10 22:59:33.967, 1, 100, 23374, 24576, 309.16
2026/08/10 22:59:33.968, 2, 100, 23652, 24576, 320.42
2026/08/10 22:59:38.968, 0, 84, 22088, 24576, 339.38
2026/08/10 22:59:38.969, 1, 83, 23434, 24576, 310.40
2026/08/10 22:59:38.969, 2, 84, 22132, 24576, 338.30
2026/08/10 22:59:43.970, 0, 98, 22088, 24576, 316.23
2026/08/10 22:59:43.971, 1, 98, 23434, 24576, 293.10
2026/08/10 22:59:43.971, 2, 98, 22132, 24576, 323.86
2026/08/10 22:59:48.972, 0, 100, 22088, 24576, 338.54
2026/08/10 22:59:48.972, 1, 98, 13042, 24576, 306.52
2026/08/10 22:59:48.973, 2, 100, 13064, 24576, 323.59
2026/08/10 22:59:53.974, 0, 84, 20824, 24576, 236.98
2026/08/10 22:59:53.975, 1, 92, 22994, 24576, 251.21
2026/08/10 22:59:53.975, 2, 93, 23696, 24576, 310.50
2026/08/10 22:59:58.976, 0, 84, 22946, 24576, 322.25
2026/08/10 22:59:58.977, 1, 89, 20834, 24576, 302.72
2026/08/10 22:59:58.978, 2, 89, 23978, 24576, 324.87
2026/08/10 23:00:03.978, 0, 96, 22946, 24576, 305.70
2026/08/10 23:00:03.979, 1, 91, 20834, 24576, 293.04
2026/08/10 23:00:03.979, 2, 94, 23978, 24576, 314.95
2026/08/10 23:00:08.980, 0, 83, 22946, 24576, 259.76
2026/08/10 23:00:08.981, 1, 83, 20834, 24576, 290.61
2026/08/10 23:00:08.981, 2, 82, 23978, 24576, 290.41
2026/08/10 23:00:13.982, 0, 83, 22946, 24576, 338.80
2026/08/10 23:00:13.983, 1, 83, 20834, 24576, 313.68
2026/08/10 23:00:13.983, 2, 84, 23978, 24576, 314.02
2026/08/10 23:00:18.985, 0, 89, 14390, 24576, 297.10
2026/08/10 23:00:18.985, 1, 100, 20834, 24576, 311.18
2026/08/10 23:00:18.986, 2, 98, 24038, 24576, 308.64
2026/08/10 23:00:23.987, 0, 98, 14430, 24576, 327.04
2026/08/10 23:00:23.988, 1, 97, 20834, 24576, 305.42
2026/08/10 23:00:23.989, 2, 97, 23964, 24576, 310.83
2026/08/10 23:00:28.990, 0, 100, 20306, 24576, 290.00
2026/08/10 23:00:28.990, 1, 97, 23856, 24576, 310.94
2026/08/10 23:00:28.991, 2, 96, 23096, 24576, 311.35
2026/08/10 23:00:33.992, 0, 100, 23346, 24576, 317.29
2026/08/10 23:00:33.992, 1, 100, 21656, 24576, 309.82
2026/08/10 23:00:33.993, 2, 100, 23096, 24576, 327.65
2026/08/10 23:00:38.993, 0, 87, 23346, 24576, 306.03
2026/08/10 23:00:38.994, 1, 88, 21656, 24576, 308.52
2026/08/10 23:00:38.995, 2, 88, 23096, 24576, 322.29
2026/08/10 23:00:43.995, 0, 83, 23346, 24576, 337.66
2026/08/10 23:00:43.996, 1, 83, 21656, 24576, 316.05
2026/08/10 23:00:43.997, 2, 83, 23096, 24576, 334.28
2026/08/10 23:00:49.001, 0, 76, 23346, 24576, 338.66
2026/08/10 23:00:49.001, 1, 59, 21656, 24576, 293.20
2026/08/10 23:00:49.002, 2, 77, 23096, 24576, 313.13
2026/08/10 23:00:54.003, 0, 98, 13890, 24576, 304.40
2026/08/10 23:00:54.004, 1, 98, 12802, 24576, 323.23
2026/08/10 23:00:54.004, 2, 100, 12862, 24576, 322.06
2026/08/10 23:00:59.005, 0, 83, 23646, 24576, 320.17
2026/08/10 23:00:59.006, 1, 90, 23510, 24576, 303.27
2026/08/10 23:00:59.006, 2, 88, 23492, 24576, 313.59
2026/08/10 23:01:04.007, 0, 100, 23646, 24576, 338.84
2026/08/10 23:01:04.007, 1, 94, 19970, 24576, 301.72
2026/08/10 23:01:04.008, 2, 96, 20892, 24576, 294.69
2026/08/10 23:01:09.009, 0, 100, 23646, 24576, 327.45
2026/08/10 23:01:09.010, 1, 89, 21910, 24576, 308.30
2026/08/10 23:01:09.010, 2, 89, 22872, 24576, 321.48
2026/08/10 23:01:14.011, 0, 80, 23646, 24576, 337.04
2026/08/10 23:01:14.012, 1, 81, 19970, 24576, 314.57
2026/08/10 23:01:14.013, 2, 79, 20892, 24576, 334.08
2026/08/10 23:01:19.013, 0, 86, 23646, 24576, 340.33
2026/08/10 23:01:19.014, 1, 78, 19970, 24576, 294.73
2026/08/10 23:01:19.014, 2, 100, 20892, 24576, 255.23
2026/08/10 23:01:24.015, 0, 100, 13930, 24576, 339.02
2026/08/10 23:01:24.016, 1, 98, 13262, 24576, 305.59
2026/08/10 23:01:24.016, 2, 97, 12922, 24576, 334.48
2026/08/10 23:01:29.017, 0, 100, 21140, 24576, 193.33
2026/08/10 23:01:29.018, 1, 91, 20704, 24576, 205.35
2026/08/10 23:01:29.019, 2, 28, 19718, 24576, 299.25
2026/08/10 23:01:34.020, 0, 89, 24188, 24576, 324.26
2026/08/10 23:01:34.020, 1, 100, 23174, 24576, 307.41
2026/08/10 23:01:34.021, 2, 90, 23656, 24576, 324.61
2026/08/10 23:01:39.022, 0, 98, 24188, 24576, 326.67
2026/08/10 23:01:39.025, 1, 100, 23174, 24576, 318.46
2026/08/10 23:01:39.026, 2, 100, 23656, 24576, 328.29
2026/08/10 23:01:44.027, 0, 83, 21968, 24576, 335.87
2026/08/10 23:01:44.027, 1, 13, 23174, 24576, 293.22
2026/08/10 23:01:44.028, 2, 82, 23656, 24576, 333.41
2026/08/10 23:01:49.028, 0, 79, 21968, 24576, 339.43
2026/08/10 23:01:49.029, 1, 83, 23174, 24576, 318.25
2026/08/10 23:01:49.029, 2, 80, 23656, 24576, 335.72
2026/08/10 23:01:54.030, 0, 98, 14450, 24576, 298.31
2026/08/10 23:01:54.031, 1, 100, 13062, 24576, 284.25
2026/08/10 23:01:54.031, 2, 97, 12802, 24576, 293.40
2026/08/10 23:01:59.032, 0, 98, 14450, 24576, 337.41
2026/08/10 23:01:59.033, 1, 98, 13064, 24576, 306.80
2026/08/10 23:01:59.034, 2, 98, 12802, 24576, 319.34
2026/08/10 23:02:04.035, 0, 89, 23186, 24576, 307.18
2026/08/10 23:02:04.035, 1, 100, 24056, 24576, 318.41
2026/08/10 23:02:04.036, 2, 100, 22452, 24576, 322.89
2026/08/10 23:02:09.037, 0, 100, 23186, 24576, 309.83
2026/08/10 23:02:09.038, 1, 99, 24056, 24576, 322.43
2026/08/10 23:02:09.038, 2, 100, 22452, 24576, 323.50
2026/08/10 23:02:14.039, 0, 92, 23186, 24576, 289.42
2026/08/10 23:02:14.039, 1, 100, 24056, 24576, 285.94
2026/08/10 23:02:14.040, 2, 100, 22452, 24576, 290.48
2026/08/10 23:02:19.041, 0, 79, 23186, 24576, 337.59
2026/08/10 23:02:19.041, 1, 81, 21836, 24576, 314.18
2026/08/10 23:02:19.042, 2, 80, 20512, 24576, 329.51
2026/08/10 23:02:24.042, 0, 98, 23186, 24576, 311.29
2026/08/10 23:02:24.043, 1, 98, 21836, 24576, 306.66
2026/08/10 23:02:24.047, 2, 98, 20512, 24576, 266.69
2026/08/10 23:02:29.051, 0, 98, 23030, 24576, 338.70
2026/08/10 23:02:29.051, 1, 98, 13262, 24576, 301.52
2026/08/10 23:02:29.052, 2, 98, 12782, 24576, 337.83
2026/08/10 23:02:34.053, 0, 89, 23306, 24576, 312.39
2026/08/10 23:02:34.053, 1, 100, 22892, 24576, 306.21
2026/08/10 23:02:34.054, 2, 93, 23034, 24576, 305.95
2026/08/10 23:02:39.055, 0, 95, 23306, 24576, 311.18
2026/08/10 23:02:39.055, 1, 100, 22892, 24576, 321.55
2026/08/10 23:02:39.056, 2, 97, 23034, 24576, 315.25
2026/08/10 23:02:44.056, 0, 96, 23306, 24576, 315.15
2026/08/10 23:02:44.057, 1, 100, 22892, 24576, 321.26
2026/08/10 23:02:44.058, 2, 100, 23034, 24576, 322.13
2026/08/10 23:02:49.059, 0, 78, 23306, 24576, 338.14
2026/08/10 23:02:49.059, 1, 81, 22892, 24576, 320.97
2026/08/10 23:02:49.060, 2, 83, 23034, 24576, 335.13
2026/08/10 23:02:54.061, 0, 100, 23306, 24576, 310.41
2026/08/10 23:02:54.062, 1, 97, 22892, 24576, 314.45
2026/08/10 23:02:54.063, 2, 98, 23034, 24576, 233.05
2026/08/10 23:02:59.063, 0, 100, 13590, 24576, 335.98
2026/08/10 23:02:59.064, 1, 98, 13042, 24576, 310.55
2026/08/10 23:02:59.064, 2, 98, 12862, 24576, 317.83
2026/08/10 23:03:04.065, 0, 92, 24044, 24576, 316.64
2026/08/10 23:03:04.066, 1, 92, 22728, 24576, 236.64
2026/08/10 23:03:04.066, 2, 91, 21968, 24576, 220.83
2026/08/10 23:03:09.067, 0, 100, 23730, 24576, 331.92
2026/08/10 23:03:09.068, 1, 100, 20932, 24576, 307.74
2026/08/10 23:03:09.068, 2, 100, 21710, 24576, 307.93
2026/08/10 23:03:14.069, 0, 87, 23370, 24576, 331.92
2026/08/10 23:03:14.070, 1, 89, 20552, 24576, 297.69
2026/08/10 23:03:14.070, 2, 88, 21710, 24576, 305.69
2026/08/10 23:03:19.071, 0, 79, 23370, 24576, 310.06
2026/08/10 23:03:19.072, 1, 82, 20552, 24576, 320.71
2026/08/10 23:03:19.072, 2, 81, 21710, 24576, 316.89
2026/08/10 23:03:24.073, 0, 80, 23370, 24576, 338.22
2026/08/10 23:03:24.074, 1, 85, 20552, 24576, 313.40
2026/08/10 23:03:24.074, 2, 80, 21710, 24576, 334.05
2026/08/10 23:03:29.075, 0, 98, 19750, 24576, 318.75
2026/08/10 23:03:29.076, 1, 98, 12862, 24576, 283.87
2026/08/10 23:03:29.076, 2, 98, 12982, 24576, 310.01
2026/08/10 23:03:34.077, 0, 98, 13450, 24576, 337.05
2026/08/10 23:03:34.078, 1, 98, 12862, 24576, 304.88
2026/08/10 23:03:34.078, 2, 98, 13002, 24576, 305.32
2026/08/10 23:03:39.079, 0, 87, 23186, 24576, 306.24
2026/08/10 23:03:39.080, 1, 86, 20832, 24576, 308.02
2026/08/10 23:03:39.080, 2, 84, 20974, 24576, 313.74
2026/08/10 23:03:44.081, 0, 96, 23186, 24576, 320.20
2026/08/10 23:03:44.082, 1, 97, 20832, 24576, 302.09
2026/08/10 23:03:44.082, 2, 98, 20974, 24576, 313.50
2026/08/10 23:03:49.083, 0, 0, 23186, 24576, 238.89
2026/08/10 23:03:49.084, 1, 80, 20832, 24576, 328.61
2026/08/10 23:03:49.085, 2, 79, 20974, 24576, 325.60
2026/08/10 23:03:54.085, 0, 81, 23186, 24576, 336.98
2026/08/10 23:03:54.086, 1, 82, 20832, 24576, 308.04
2026/08/10 23:03:54.086, 2, 76, 20974, 24576, 336.46
2026/08/10 23:03:59.087, 0, 100, 14430, 24576, 299.84
2026/08/10 23:03:59.088, 1, 99, 13942, 24576, 288.76
2026/08/10 23:03:59.088, 2, 98, 16942, 24576, 290.68
2026/08/10 23:04:04.089, 0, 98, 14430, 24576, 339.90
2026/08/10 23:04:04.090, 1, 98, 13916, 24576, 312.48
2026/08/10 23:04:04.090, 2, 98, 20158, 24576, 337.89
2026/08/10 23:04:09.091, 0, 100, 20706, 24576, 310.19
2026/08/10 23:04:09.091, 1, 100, 20612, 24576, 305.07
2026/08/10 23:04:09.092, 2, 100, 20890, 24576, 310.19
2026/08/10 23:04:14.093, 0, 100, 20706, 24576, 305.43
2026/08/10 23:04:14.094, 1, 100, 20612, 24576, 292.33
2026/08/10 23:04:14.094, 2, 100, 20890, 24576, 318.51
2026/08/10 23:04:19.095, 0, 80, 22706, 24576, 253.64
2026/08/10 23:04:19.096, 1, 79, 22672, 24576, 270.18
2026/08/10 23:04:19.097, 2, 80, 20890, 24576, 269.82
2026/08/10 23:04:24.097, 0, 76, 22706, 24576, 338.77
2026/08/10 23:04:24.098, 1, 84, 22672, 24576, 316.17
2026/08/10 23:04:24.098, 2, 82, 20890, 24576, 338.11
2026/08/10 23:04:29.099, 0, 98, 22706, 24576, 337.29
2026/08/10 23:04:29.100, 1, 98, 23532, 24576, 325.28
2026/08/10 23:04:29.100, 2, 98, 23630, 24576, 329.41
2026/08/10 23:04:34.101, 0, 100, 22706, 24576, 337.11
2026/08/10 23:04:34.102, 1, 100, 13024, 24576, 287.71
2026/08/10 23:04:34.102, 2, 100, 13064, 24576, 322.01
2026/08/10 23:04:39.103, 0, 94, 23548, 24576, 322.61
2026/08/10 23:04:39.103, 1, 97, 23496, 24576, 321.75
2026/08/10 23:04:39.104, 2, 100, 23458, 24576, 323.97
2026/08/10 23:04:44.105, 0, 85, 23548, 24576, 315.33
2026/08/10 23:04:44.106, 1, 89, 23496, 24576, 319.15
2026/08/10 23:04:44.106, 2, 86, 23838, 24576, 330.28
2026/08/10 23:04:49.107, 0, 89, 23548, 24576, 309.62
2026/08/10 23:04:49.108, 1, 93, 23496, 24576, 324.25
2026/08/10 23:04:49.109, 2, 96, 23458, 24576, 333.67
2026/08/10 23:04:54.109, 0, 81, 23548, 24576, 338.29
2026/08/10 23:04:54.110, 1, 80, 23496, 24576, 324.91
2026/08/10 23:04:54.110, 2, 80, 23458, 24576, 334.63
2026/08/10 23:04:59.111, 0, 82, 23548, 24576, 341.62
2026/08/10 23:04:59.112, 1, 84, 23496, 24576, 314.46
2026/08/10 23:04:59.112, 2, 82, 23458, 24576, 328.16
2026/08/10 23:05:04.113, 0, 98, 13330, 24576, 336.44
2026/08/10 23:05:04.113, 1, 100, 12962, 24576, 307.09
2026/08/10 23:05:04.114, 2, 98, 13700, 24576, 308.53
2026/08/10 23:05:09.115, 0, 97, 13330, 24576, 285.05
2026/08/10 23:05:09.115, 1, 98, 12962, 24576, 304.06
2026/08/10 23:05:09.116, 2, 77, 13698, 24576, 295.32
2026/08/10 23:05:14.117, 0, 100, 20946, 24576, 307.03
2026/08/10 23:05:14.118, 1, 100, 23116, 24576, 304.51
2026/08/10 23:05:14.119, 2, 100, 20710, 24576, 298.07
2026/08/10 23:05:19.119, 0, 93, 20946, 24576, 283.07
2026/08/10 23:05:19.120, 1, 93, 23116, 24576, 307.07
2026/08/10 23:05:19.120, 2, 90, 20710, 24576, 284.05
2026/08/10 23:05:24.121, 0, 89, 21906, 24576, 307.79
2026/08/10 23:05:24.122, 1, 89, 23116, 24576, 318.08
2026/08/10 23:05:24.122, 2, 89, 21010, 24576, 304.33
2026/08/10 23:05:29.123, 0, 76, 20946, 24576, 337.71
2026/08/10 23:05:29.124, 1, 79, 23116, 24576, 314.56
2026/08/10 23:05:29.124, 2, 77, 20710, 24576, 329.34
2026/08/10 23:05:34.125, 0, 100, 20946, 24576, 301.97
2026/08/10 23:05:34.125, 1, 97, 23116, 24576, 310.75
2026/08/10 23:05:34.126, 2, 98, 20710, 24576, 303.96
2026/08/10 23:05:39.127, 0, 97, 20946, 24576, 342.02
2026/08/10 23:05:39.128, 1, 99, 23116, 24576, 310.68
2026/08/10 23:05:39.129, 2, 98, 20878, 24576, 340.75
2026/08/10 23:05:44.130, 0, 93, 21046, 24576, 291.11
2026/08/10 23:05:44.131, 1, 92, 23096, 24576, 304.13
2026/08/10 23:05:44.131, 2, 91, 23074, 24576, 298.88
2026/08/10 23:05:49.132, 0, 88, 22986, 24576, 327.74
2026/08/10 23:05:49.132, 1, 100, 23096, 24576, 309.68
2026/08/10 23:05:49.133, 2, 89, 23074, 24576, 315.61
2026/08/10 23:05:54.134, 0, 94, 22986, 24576, 321.88
2026/08/10 23:05:54.134, 1, 89, 23096, 24576, 316.03
2026/08/10 23:05:54.135, 2, 88, 23074, 24576, 312.95
2026/08/10 23:05:59.136, 0, 80, 21046, 24576, 338.08
2026/08/10 23:05:59.136, 1, 81, 23096, 24576, 321.70
2026/08/10 23:05:59.137, 2, 82, 23074, 24576, 333.05
2026/08/10 23:06:04.138, 0, 82, 21046, 24576, 341.28
2026/08/10 23:06:04.138, 1, 81, 23096, 24576, 311.22
2026/08/10 23:06:04.139, 2, 83, 23074, 24576, 337.73
2026/08/10 23:06:09.140, 0, 100, 17090, 24576, 302.48
2026/08/10 23:06:09.141, 1, 98, 23096, 24576, 311.16
2026/08/10 23:06:09.142, 2, 98, 14062, 24576, 291.71
2026/08/10 23:06:14.143, 0, 100, 13870, 24576, 338.37
2026/08/10 23:06:14.143, 1, 98, 23096, 24576, 311.55
2026/08/10 23:06:14.144, 2, 98, 14058, 24576, 335.48
2026/08/10 23:06:19.144, 0, 100, 24030, 24576, 338.41
2026/08/10 23:06:19.145, 1, 97, 23574, 24576, 322.35
2026/08/10 23:06:19.145, 2, 92, 22834, 24576, 315.58
2026/08/10 23:06:24.146, 0, 92, 24030, 24576, 333.36
2026/08/10 23:06:24.146, 1, 100, 23574, 24576, 305.55
2026/08/10 23:06:24.147, 2, 100, 22834, 24576, 297.82
2026/08/10 23:06:29.147, 0, 100, 24030, 24576, 340.44
2026/08/10 23:06:29.148, 1, 89, 21374, 24576, 310.68
2026/08/10 23:06:29.149, 2, 89, 21074, 24576, 306.13
2026/08/10 23:06:34.150, 0, 82, 24030, 24576, 337.33
2026/08/10 23:06:34.151, 1, 83, 23574, 24576, 318.13
2026/08/10 23:06:34.151, 2, 84, 22834, 24576, 337.20
2026/08/10 23:06:39.152, 0, 100, 24030, 24576, 341.34
2026/08/10 23:06:39.153, 1, 98, 23574, 24576, 302.60
2026/08/10 23:06:39.153, 2, 98, 22834, 24576, 337.07
2026/08/10 23:06:44.154, 0, 97, 13732, 24576, 338.99
2026/08/10 23:06:44.155, 1, 98, 19142, 24576, 273.39
2026/08/10 23:06:44.155, 2, 98, 21282, 24576, 318.26
2026/08/10 23:06:49.156, 0, 100, 23468, 24576, 340.05
2026/08/10 23:06:49.156, 1, 94, 20632, 24576, 322.34
2026/08/10 23:06:49.157, 2, 98, 21394, 24576, 324.74
2026/08/10 23:06:54.158, 0, 100, 23468, 24576, 321.66
2026/08/10 23:06:54.158, 1, 97, 22692, 24576, 311.06
2026/08/10 23:06:54.159, 2, 95, 23114, 24576, 321.95
2026/08/10 23:06:59.160, 0, 61, 23468, 24576, 310.68
2026/08/10 23:06:59.161, 1, 45, 22692, 24576, 306.33
2026/08/10 23:06:59.163, 2, 44, 23114, 24576, 315.61
2026/08/10 23:07:04.179, 0, 84, 23468, 24576, 338.24
2026/08/10 23:07:04.180, 1, 82, 22692, 24576, 311.06
2026/08/10 23:07:04.180, 2, 84, 23114, 24576, 322.46
2026/08/10 23:07:09.182, 0, 98, 23468, 24576, 336.77
2026/08/10 23:07:09.182, 1, 98, 23432, 24576, 312.35
2026/08/10 23:07:09.183, 2, 97, 23114, 24576, 317.25
2026/08/10 23:07:14.184, 0, 100, 13532, 24576, 336.23
2026/08/10 23:07:14.184, 1, 98, 13022, 24576, 307.17
2026/08/10 23:07:14.185, 2, 98, 12862, 24576, 310.83
2026/08/10 23:07:19.185, 0, 95, 23390, 24576, 330.92
2026/08/10 23:07:19.186, 1, 95, 21194, 24576, 309.16
2026/08/10 23:07:19.186, 2, 94, 22894, 24576, 313.77
2026/08/10 23:07:24.187, 0, 100, 22390, 24576, 336.90
2026/08/10 23:07:24.188, 1, 97, 22774, 24576, 316.05
2026/08/10 23:07:24.188, 2, 94, 22894, 24576, 307.00
2026/08/10 23:07:29.189, 0, 100, 23170, 24576, 336.40
2026/08/10 23:07:29.190, 1, 100, 23634, 24576, 312.82
2026/08/10 23:07:29.190, 2, 100, 22894, 24576, 309.25
2026/08/10 23:07:34.192, 0, 81, 23390, 24576, 336.48
2026/08/10 23:07:34.192, 1, 82, 23414, 24576, 312.06
2026/08/10 23:07:34.193, 2, 81, 20894, 24576, 335.74
2026/08/10 23:07:39.194, 0, 98, 23390, 24576, 251.12
2026/08/10 23:07:39.195, 1, 97, 23414, 24576, 212.98
2026/08/10 23:07:39.195, 2, 74, 20894, 24576, 323.39
2026/08/10 23:07:44.196, 0, 100, 13750, 24576, 335.88
2026/08/10 23:07:44.196, 1, 98, 17202, 24576, 316.22
2026/08/10 23:07:44.197, 2, 98, 19482, 24576, 322.20
2026/08/10 23:07:49.198, 0, 100, 22824, 24576, 317.78
2026/08/10 23:07:49.198, 1, 100, 22532, 24576, 312.81
2026/08/10 23:07:49.199, 2, 100, 22974, 24576, 329.46
2026/08/10 23:07:54.199, 0, 99, 22824, 24576, 316.00
2026/08/10 23:07:54.200, 1, 88, 22532, 24576, 299.81
2026/08/10 23:07:54.201, 2, 91, 22974, 24576, 332.23
2026/08/10 23:07:59.201, 0, 100, 22824, 24576, 330.17
2026/08/10 23:07:59.202, 1, 95, 20672, 24576, 311.24
2026/08/10 23:07:59.203, 2, 96, 20934, 24576, 322.49
2026/08/10 23:08:04.204, 0, 84, 22824, 24576, 334.51
2026/08/10 23:08:04.205, 1, 83, 22532, 24576, 305.79
2026/08/10 23:08:04.205, 2, 82, 22974, 24576, 316.82
2026/08/10 23:08:09.206, 0, 98, 22824, 24576, 290.33
2026/08/10 23:08:09.207, 1, 98, 22532, 24576, 308.06
2026/08/10 23:08:09.207, 2, 98, 22974, 24576, 316.98
2026/08/10 23:08:14.208, 0, 100, 22824, 24576, 337.77
2026/08/10 23:08:14.209, 1, 98, 13944, 24576, 319.12
2026/08/10 23:08:14.209, 2, 98, 12982, 24576, 328.78
2026/08/10 23:08:19.210, 0, 88, 22964, 24576, 313.23
2026/08/10 23:08:19.211, 1, 88, 23700, 24576, 296.79
2026/08/10 23:08:19.211, 2, 88, 22914, 24576, 298.63
2026/08/10 23:08:24.212, 0, 97, 22966, 24576, 306.59
2026/08/10 23:08:24.213, 1, 90, 22216, 24576, 302.99
2026/08/10 23:08:24.213, 2, 88, 23314, 24576, 296.93
2026/08/10 23:08:29.214, 0, 94, 22966, 24576, 300.72
2026/08/10 23:08:29.215, 1, 89, 22216, 24576, 316.68
2026/08/10 23:08:29.216, 2, 88, 23314, 24576, 313.91
2026/08/10 23:08:34.217, 0, 82, 22966, 24576, 323.55
2026/08/10 23:08:34.217, 1, 81, 22216, 24576, 321.78
2026/08/10 23:08:34.218, 2, 82, 23314, 24576, 321.08
2026/08/10 23:08:39.219, 0, 84, 22966, 24576, 340.12
2026/08/10 23:08:39.219, 1, 83, 22216, 24576, 308.20
2026/08/10 23:08:39.220, 2, 84, 23314, 24576, 336.67
2026/08/10 23:08:44.221, 0, 98, 22966, 24576, 337.41
2026/08/10 23:08:44.221, 1, 98, 20582, 24576, 305.03
2026/08/10 23:08:44.222, 2, 98, 13680, 24576, 293.32
2026/08/10 23:08:49.223, 0, 100, 22966, 24576, 210.04
2026/08/10 23:08:49.223, 1, 98, 22436, 24576, 300.76
2026/08/10 23:08:49.224, 2, 98, 13678, 24576, 333.16
2026/08/10 23:08:54.225, 0, 97, 22966, 24576, 309.77
2026/08/10 23:08:54.225, 1, 81, 20472, 24576, 313.39
2026/08/10 23:08:54.226, 2, 77, 19750, 24576, 304.05
2026/08/10 23:08:59.227, 0, 87, 22966, 24576, 329.53
2026/08/10 23:08:59.228, 1, 100, 20472, 24576, 316.03
2026/08/10 23:08:59.228, 2, 100, 19750, 24576, 310.07
2026/08/10 23:09:04.229, 0, 80, 22966, 24576, 283.95
2026/08/10 23:09:04.230, 1, 81, 22692, 24576, 295.77
2026/08/10 23:09:04.230, 2, 83, 21610, 24576, 290.35
2026/08/10 23:09:09.231, 0, 84, 22966, 24576, 339.90
2026/08/10 23:09:09.232, 1, 83, 22692, 24576, 314.68
2026/08/10 23:09:09.232, 2, 83, 21610, 24576, 338.15
2026/08/10 23:09:14.233, 0, 98, 17950, 24576, 302.42
2026/08/10 23:09:14.233, 1, 98, 12902, 24576, 278.78
2026/08/10 23:09:14.234, 2, 98, 12984, 24576, 289.47
2026/08/10 23:09:19.235, 0, 98, 13790, 24576, 340.31
2026/08/10 23:09:19.235, 1, 98, 13262, 24576, 303.40
2026/08/10 23:09:19.236, 2, 99, 12984, 24576, 322.27
2026/08/10 23:09:24.237, 0, 97, 23688, 24576, 307.47
2026/08/10 23:09:24.238, 1, 97, 22912, 24576, 310.91
2026/08/10 23:09:24.238, 2, 95, 24038, 24576, 327.04
2026/08/10 23:09:29.239, 0, 100, 23688, 24576, 312.36
2026/08/10 23:09:29.240, 1, 100, 22912, 24576, 303.17
2026/08/10 23:09:29.240, 2, 88, 24038, 24576, 335.04
2026/08/10 23:09:34.241, 0, 100, 23688, 24576, 320.21
2026/08/10 23:09:34.242, 1, 89, 22912, 24576, 317.55
2026/08/10 23:09:34.242, 2, 100, 24038, 24576, 333.02
2026/08/10 23:09:39.243, 0, 84, 23688, 24576, 337.72
2026/08/10 23:09:39.244, 1, 84, 22912, 24576, 319.73
2026/08/10 23:09:39.244, 2, 82, 24038, 24576, 327.50
2026/08/10 23:09:44.245, 0, 98, 23688, 24576, 341.05
2026/08/10 23:09:44.246, 1, 100, 22912, 24576, 292.05
2026/08/10 23:09:44.246, 2, 100, 24038, 24576, 307.88
2026/08/10 23:09:49.247, 0, 97, 22950, 24576, 339.84
2026/08/10 23:09:49.247, 1, 100, 22912, 24576, 306.48
2026/08/10 23:09:49.248, 2, 100, 21382, 24576, 314.62
2026/08/10 23:09:54.249, 0, 97, 20768, 24576, 323.18
2026/08/10 23:09:54.250, 1, 100, 23474, 24576, 304.77
2026/08/10 23:09:54.251, 2, 100, 21134, 24576, 321.68
2026/08/10 23:09:59.252, 0, 100, 22968, 24576, 317.42
2026/08/10 23:09:59.253, 1, 97, 23474, 24576, 303.13
2026/08/10 23:09:59.253, 2, 96, 23414, 24576, 316.33
2026/08/10 23:10:04.254, 0, 96, 22968, 24576, 309.30
2026/08/10 23:10:04.254, 1, 97, 23474, 24576, 302.89
2026/08/10 23:10:04.255, 2, 95, 23414, 24576, 309.70
2026/08/10 23:10:09.256, 0, 83, 22968, 24576, 337.70
2026/08/10 23:10:09.256, 1, 46, 23474, 24576, 294.75
2026/08/10 23:10:09.256, 2, 78, 23414, 24576, 328.37
2026/08/10 23:10:14.257, 0, 100, 22968, 24576, 253.52
2026/08/10 23:10:14.258, 1, 83, 23474, 24576, 315.07
2026/08/10 23:10:14.258, 2, 100, 23414, 24576, 248.51
2026/08/10 23:10:19.259, 0, 98, 16290, 24576, 306.78
2026/08/10 23:10:19.260, 1, 100, 15882, 24576, 290.91
2026/08/10 23:10:19.261, 2, 98, 12862, 24576, 333.06
2026/08/10 23:10:24.262, 0, 84, 23222, 24576, 236.38
2026/08/10 23:10:24.262, 1, 91, 23168, 24576, 269.77
2026/08/10 23:10:24.263, 2, 91, 22332, 24576, 236.01
2026/08/10 23:10:29.264, 0, 88, 23286, 24576, 302.84
2026/08/10 23:10:29.264, 1, 99, 23234, 24576, 314.93
2026/08/10 23:10:29.265, 2, 99, 22732, 24576, 303.07
2026/08/10 23:10:34.266, 0, 88, 23286, 24576, 302.40
2026/08/10 23:10:34.266, 1, 100, 23234, 24576, 312.37
2026/08/10 23:10:34.267, 2, 100, 22732, 24576, 302.68
2026/08/10 23:10:39.267, 0, 82, 23286, 24576, 336.68
2026/08/10 23:10:39.268, 1, 80, 23234, 24576, 330.09
2026/08/10 23:10:39.268, 2, 82, 20732, 24576, 258.94
2026/08/10 23:10:44.269, 0, 83, 23286, 24576, 339.84
2026/08/10 23:10:44.270, 1, 84, 23234, 24576, 314.67
2026/08/10 23:10:44.271, 2, 83, 20732, 24576, 336.98
2026/08/10 23:10:49.272, 0, 100, 23286, 24576, 338.10
2026/08/10 23:10:49.273, 1, 98, 17800, 24576, 295.92
2026/08/10 23:10:49.273, 2, 98, 16784, 24576, 286.46
2026/08/10 23:10:54.274, 0, 100, 23286, 24576, 247.16
2026/08/10 23:10:54.274, 1, 98, 21098, 24576, 337.55
2026/08/10 23:10:54.275, 2, 97, 16778, 24576, 290.53
2026/08/10 23:10:59.276, 0, 100, 20706, 24576, 290.88
2026/08/10 23:10:59.276, 1, 86, 20850, 24576, 309.45
2026/08/10 23:10:59.277, 2, 89, 23336, 24576, 323.64
2026/08/10 23:11:04.277, 0, 86, 20706, 24576, 279.97
2026/08/10 23:11:04.278, 1, 100, 20850, 24576, 296.00
2026/08/10 23:11:04.279, 2, 100, 23336, 24576, 322.11
2026/08/10 23:11:09.280, 0, 100, 22826, 24576, 313.65
2026/08/10 23:11:09.280, 1, 89, 21170, 24576, 315.78
2026/08/10 23:11:09.281, 2, 99, 23336, 24576, 325.75
2026/08/10 23:11:14.281, 0, 81, 22826, 24576, 340.20
2026/08/10 23:11:14.282, 1, 82, 20850, 24576, 335.24
2026/08/10 23:11:14.284, 2, 83, 23336, 24576, 337.29
2026/08/10 23:11:19.285, 0, 100, 22826, 24576, 307.25
2026/08/10 23:11:19.286, 1, 98, 20850, 24576, 314.50
2026/08/10 23:11:19.286, 2, 98, 23336, 24576, 278.06
2026/08/10 23:11:24.287, 0, 100, 13330, 24576, 339.21
2026/08/10 23:11:24.288, 1, 98, 20850, 24576, 312.51
2026/08/10 23:11:24.288, 2, 98, 23000, 24576, 293.34
2026/08/10 23:11:29.289, 0, 82, 21804, 24576, 337.46
2026/08/10 23:11:29.290, 1, 100, 19990, 24576, 305.30
2026/08/10 23:11:29.290, 2, 100, 20330, 24576, 304.48
2026/08/10 23:11:34.291, 0, 100, 21824, 24576, 334.66
2026/08/10 23:11:34.291, 1, 87, 20310, 24576, 303.56
2026/08/10 23:11:34.292, 2, 97, 20330, 24576, 304.61
2026/08/10 23:11:39.295, 0, 83, 20844, 24576, 303.59
2026/08/10 23:11:39.297, 1, 91, 21970, 24576, 301.27
2026/08/10 23:11:39.298, 2, 94, 22370, 24576, 299.95
2026/08/10 23:11:44.298, 0, 81, 20844, 24576, 340.45
2026/08/10 23:11:44.299, 1, 83, 21970, 24576, 319.91
2026/08/10 23:11:44.300, 2, 81, 22370, 24576, 336.68
2026/08/10 23:11:49.301, 0, 98, 20844, 24576, 276.09
2026/08/10 23:11:49.301, 1, 98, 21970, 24576, 317.26
2026/08/10 23:11:49.302, 2, 98, 22370, 24576, 337.17
2026/08/10 23:11:54.303, 0, 100, 13530, 24576, 339.09
2026/08/10 23:11:54.303, 1, 100, 13322, 24576, 316.13
2026/08/10 23:11:54.304, 2, 98, 22370, 24576, 328.29
2026/08/10 23:11:59.304, 0, 92, 22866, 24576, 320.85
2026/08/10 23:11:59.305, 1, 97, 23574, 24576, 309.36
2026/08/10 23:11:59.306, 2, 97, 22510, 24576, 299.55
2026/08/10 23:12:04.306, 0, 100, 22866, 24576, 318.15
2026/08/10 23:12:04.307, 1, 100, 23574, 24576, 320.95
2026/08/10 23:12:04.308, 2, 100, 22510, 24576, 329.67
2026/08/10 23:12:09.309, 0, 59, 22866, 24576, 319.76
2026/08/10 23:12:09.310, 1, 48, 23574, 24576, 286.75
2026/08/10 23:12:09.310, 2, 41, 22510, 24576, 304.75
2026/08/10 23:12:14.311, 0, 81, 22866, 24576, 337.57
2026/08/10 23:12:14.311, 1, 83, 23574, 24576, 312.99
2026/08/10 23:12:14.312, 2, 81, 22510, 24576, 336.18
2026/08/10 23:12:19.313, 0, 97, 23566, 24576, 334.69
2026/08/10 23:12:19.313, 1, 98, 24174, 24576, 315.89
2026/08/10 23:12:19.314, 2, 98, 22510, 24576, 325.68
2026/08/10 23:12:24.315, 0, 98, 13490, 24576, 337.23
2026/08/10 23:12:24.315, 1, 98, 13976, 24576, 289.07
2026/08/10 23:12:24.316, 2, 98, 22510, 24576, 319.87
2026/08/10 23:12:29.317, 0, 100, 24068, 24576, 343.31
2026/08/10 23:12:29.317, 1, 100, 20310, 24576, 298.60
2026/08/10 23:12:29.318, 2, 100, 20552, 24576, 292.52
2026/08/10 23:12:34.319, 0, 100, 24068, 24576, 342.61
2026/08/10 23:12:34.320, 1, 100, 20310, 24576, 293.73
2026/08/10 23:12:34.321, 2, 100, 20552, 24576, 286.05
2026/08/10 23:12:39.321, 0, 100, 24068, 24576, 340.30
2026/08/10 23:12:39.322, 1, 100, 20310, 24576, 298.77
2026/08/10 23:12:39.323, 2, 100, 20552, 24576, 291.91
2026/08/10 23:12:44.324, 0, 80, 21988, 24576, 337.46
2026/08/10 23:12:44.325, 1, 83, 22410, 24576, 316.33
2026/08/10 23:12:44.325, 2, 84, 22592, 24576, 331.60
2026/08/10 23:12:49.326, 0, 98, 21988, 24576, 329.66
2026/08/10 23:12:49.326, 1, 98, 22410, 24576, 318.43
2026/08/10 23:12:49.327, 2, 98, 22592, 24576, 253.45
2026/08/10 23:12:54.328, 0, 98, 21988, 24576, 337.48
2026/08/10 23:12:54.328, 1, 98, 13042, 24576, 309.89
2026/08/10 23:12:54.329, 2, 98, 21562, 24576, 336.85
2026/08/10 23:12:59.330, 0, 100, 21708, 24576, 314.18
2026/08/10 23:12:59.331, 1, 100, 21414, 24576, 297.05
2026/08/10 23:12:59.331, 2, 94, 23054, 24576, 340.08
2026/08/10 23:13:04.332, 0, 100, 21708, 24576, 320.97
2026/08/10 23:13:04.333, 1, 100, 21414, 24576, 311.27
2026/08/10 23:13:04.334, 2, 97, 23054, 24576, 340.80
2026/08/10 23:13:09.335, 0, 100, 21708, 24576, 317.66
2026/08/10 23:13:09.335, 1, 100, 21414, 24576, 309.30
2026/08/10 23:13:09.336, 2, 89, 23054, 24576, 338.09
2026/08/10 23:13:14.336, 0, 79, 21708, 24576, 336.65
2026/08/10 23:13:14.337, 1, 80, 21414, 24576, 311.13
2026/08/10 23:13:14.337, 2, 79, 23054, 24576, 335.96
2026/08/10 23:13:19.338, 0, 83, 21708, 24576, 338.36
2026/08/10 23:13:19.339, 1, 100, 21414, 24576, 260.18
2026/08/10 23:13:19.339, 2, 79, 23054, 24576, 327.40
2026/08/10 23:13:24.340, 0, 100, 13530, 24576, 336.31
2026/08/10 23:13:24.341, 1, 98, 12802, 24576, 317.88
2026/08/10 23:13:24.341, 2, 100, 12884, 24576, 335.06
2026/08/10 23:13:29.342, 0, 100, 13530, 24576, 332.78
2026/08/10 23:13:29.343, 1, 100, 12802, 24576, 191.45
2026/08/10 23:13:29.344, 2, 98, 13264, 24576, 317.16
2026/08/10 23:13:34.344, 0, 94, 23208, 24576, 328.09
2026/08/10 23:13:34.345, 1, 89, 20492, 24576, 309.38
2026/08/10 23:13:34.346, 2, 97, 23716, 24576, 333.68
2026/08/10 23:13:39.346, 0, 93, 23208, 24576, 330.45
2026/08/10 23:13:39.347, 1, 83, 20492, 24576, 295.39
2026/08/10 23:13:39.347, 2, 98, 23716, 24576, 332.11
2026/08/10 23:13:44.348, 0, 75, 23208, 24576, 307.05
2026/08/10 23:13:44.349, 1, 79, 20492, 24576, 310.38
2026/08/10 23:13:44.349, 2, 77, 23716, 24576, 301.06
2026/08/10 23:13:49.350, 0, 82, 23208, 24576, 337.40
2026/08/10 23:13:49.351, 1, 83, 20492, 24576, 308.27
2026/08/10 23:13:49.352, 2, 81, 23716, 24576, 330.23
2026/08/10 23:13:54.353, 0, 92, 15410, 24576, 297.23
2026/08/10 23:13:54.353, 1, 87, 12844, 24576, 282.88
2026/08/10 23:13:54.354, 2, 90, 13436, 24576, 283.20
2026/08/10 23:13:59.355, 0, 100, 19130, 24576, 299.33
2026/08/10 23:13:59.356, 1, 98, 13222, 24576, 304.66
2026/08/10 23:13:59.356, 2, 100, 13024, 24576, 312.36
2026/08/10 23:14:04.357, 0, 100, 23368, 24576, 322.49
2026/08/10 23:14:04.358, 1, 89, 23114, 24576, 308.09
2026/08/10 23:14:04.358, 2, 100, 23978, 24576, 320.80
2026/08/10 23:14:09.359, 0, 91, 23368, 24576, 316.87
2026/08/10 23:14:09.360, 1, 100, 23114, 24576, 322.93
2026/08/10 23:14:09.360, 2, 98, 23978, 24576, 331.54
2026/08/10 23:14:14.361, 0, 100, 21088, 24576, 309.09
2026/08/10 23:14:14.361, 1, 100, 23114, 24576, 295.43
2026/08/10 23:14:14.362, 2, 100, 23978, 24576, 319.41
2026/08/10 23:14:19.363, 0, 1, 23368, 24576, 131.85
2026/08/10 23:14:19.363, 1, 80, 23114, 24576, 248.49
2026/08/10 23:14:19.364, 2, 80, 23978, 24576, 248.70
2026/08/10 23:14:24.365, 0, 81, 23368, 24576, 342.74
2026/08/10 23:14:24.366, 1, 79, 23114, 24576, 335.80
2026/08/10 23:14:24.367, 2, 83, 23978, 24576, 332.40
2026/08/10 23:14:29.370, 0, 100, 23368, 24576, 346.01
2026/08/10 23:14:29.370, 1, 98, 23114, 24576, 309.96
2026/08/10 23:14:29.371, 2, 98, 23978, 24576, 307.38
2026/08/10 23:14:34.371, 0, 98, 23368, 24576, 338.65
2026/08/10 23:14:34.372, 1, 98, 13042, 24576, 329.87
2026/08/10 23:14:34.372, 2, 100, 23702, 24576, 337.68
2026/08/10 23:14:39.373, 0, 90, 22008, 24576, 316.57
2026/08/10 23:14:39.374, 1, 100, 23074, 24576, 329.55
2026/08/10 23:14:39.374, 2, 94, 20774, 24576, 307.20
2026/08/10 23:14:44.375, 0, 90, 22008, 24576, 310.90
2026/08/10 23:14:44.376, 1, 95, 23074, 24576, 328.35
2026/08/10 23:14:44.376, 2, 90, 20774, 24576, 304.27
2026/08/10 23:14:49.377, 0, 98, 22008, 24576, 314.83
2026/08/10 23:14:49.380, 1, 95, 23074, 24576, 324.62
2026/08/10 23:14:49.380, 2, 90, 20774, 24576, 303.26
2026/08/10 23:14:54.381, 0, 81, 24228, 24576, 336.66
2026/08/10 23:14:54.382, 1, 80, 20854, 24576, 319.45
2026/08/10 23:14:54.382, 2, 79, 22814, 24576, 329.83
2026/08/10 23:14:59.383, 0, 98, 24228, 24576, 296.85
2026/08/10 23:14:59.384, 1, 97, 20854, 24576, 262.77
2026/08/10 23:14:59.384, 2, 82, 22814, 24576, 340.38
2026/08/10 23:15:04.385, 0, 98, 13790, 24576, 339.84
2026/08/10 23:15:04.385, 1, 98, 12842, 24576, 312.14
2026/08/10 23:15:04.386, 2, 98, 22814, 24576, 294.22
2026/08/10 23:15:09.387, 0, 96, 23708, 24576, 329.83
2026/08/10 23:15:09.387, 1, 100, 20774, 24576, 288.29
2026/08/10 23:15:09.387, 2, 100, 22032, 24576, 317.06
2026/08/10 23:15:14.389, 0, 100, 23708, 24576, 327.61
2026/08/10 23:15:14.390, 1, 100, 20774, 24576, 297.72
2026/08/10 23:15:14.390, 2, 100, 22032, 24576, 324.02
2026/08/10 23:15:19.391, 0, 100, 23708, 24576, 322.85
2026/08/10 23:15:19.392, 1, 82, 21114, 24576, 297.78
2026/08/10 23:15:19.392, 2, 88, 22032, 24576, 322.26
2026/08/10 23:15:24.393, 0, 83, 23708, 24576, 337.14
2026/08/10 23:15:24.394, 1, 83, 20774, 24576, 318.60
2026/08/10 23:15:24.394, 2, 79, 22032, 24576, 336.80
2026/08/10 23:15:29.399, 0, 100, 23708, 24576, 341.21
2026/08/10 23:15:29.399, 1, 97, 20774, 24576, 241.71
2026/08/10 23:15:29.401, 2, 98, 22032, 24576, 301.71
2026/08/10 23:15:34.402, 0, 98, 23708, 24576, 337.54
2026/08/10 23:15:34.403, 1, 98, 12736, 24576, 291.13
2026/08/10 23:15:34.405, 2, 98, 13222, 24576, 308.75
2026/08/10 23:15:39.405, 0, 100, 23708, 24576, 327.89
2026/08/10 23:15:39.406, 1, 100, 20250, 24576, 300.47
2026/08/10 23:15:39.407, 2, 100, 22994, 24576, 324.32
2026/08/10 23:15:44.407, 0, 89, 23708, 24576, 325.49
2026/08/10 23:15:44.408, 1, 88, 21830, 24576, 321.42
2026/08/10 23:15:44.409, 2, 88, 22994, 24576, 322.70
2026/08/10 23:15:49.409, 0, 100, 23708, 24576, 324.52
2026/08/10 23:15:49.410, 1, 94, 19930, 24576, 297.23
2026/08/10 23:15:49.410, 2, 100, 22994, 24576, 324.79
2026/08/10 23:15:54.411, 0, 83, 23708, 24576, 336.89
2026/08/10 23:15:54.412, 1, 83, 19930, 24576, 317.49
2026/08/10 23:15:54.412, 2, 83, 22994, 24576, 326.78
2026/08/10 23:15:59.413, 0, 98, 23708, 24576, 337.55
2026/08/10 23:15:59.414, 1, 98, 19930, 24576, 303.22
2026/08/10 23:15:59.415, 2, 98, 22994, 24576, 310.71
2026/08/10 23:16:04.416, 0, 98, 23708, 24576, 337.58
2026/08/10 23:16:04.417, 1, 98, 13282, 24576, 306.90
2026/08/10 23:16:04.418, 2, 97, 20858, 24576, 327.73
2026/08/10 23:16:09.418, 0, 100, 23708, 24576, 321.47
2026/08/10 23:16:09.419, 1, 100, 23716, 24576, 321.49
2026/08/10 23:16:09.420, 2, 100, 23172, 24576, 321.09
2026/08/10 23:16:14.421, 0, 100, 23708, 24576, 308.35
2026/08/10 23:16:14.421, 1, 97, 23716, 24576, 312.90
2026/08/10 23:16:14.422, 2, 97, 23174, 24576, 326.17
2026/08/10 23:16:19.423, 0, 97, 23708, 24576, 309.72
2026/08/10 23:16:19.423, 1, 97, 23716, 24576, 316.14
2026/08/10 23:16:19.424, 2, 93, 22194, 24576, 311.07
2026/08/10 23:16:24.424, 0, 82, 23708, 24576, 337.71
2026/08/10 23:16:24.425, 1, 84, 23716, 24576, 312.05
2026/08/10 23:16:24.426, 2, 84, 22194, 24576, 336.08
2026/08/10 23:16:29.427, 0, 80, 23708, 24576, 339.98
2026/08/10 23:16:29.427, 1, 83, 23716, 24576, 312.70
2026/08/10 23:16:29.428, 2, 79, 22194, 24576, 330.52
2026/08/10 23:16:34.429, 0, 97, 13850, 24576, 337.37
2026/08/10 23:16:34.430, 1, 98, 12862, 24576, 310.14
2026/08/10 23:16:34.430, 2, 71, 13758, 24576, 281.72
2026/08/10 23:16:39.431, 0, 92, 22802, 24576, 218.94
2026/08/10 23:16:39.431, 1, 92, 22930, 24576, 235.67
2026/08/10 23:16:39.432, 2, 90, 20424, 24576, 265.08
2026/08/10 23:16:44.433, 0, 94, 22764, 24576, 291.50
2026/08/10 23:16:44.434, 1, 91, 23356, 24576, 304.82
2026/08/10 23:16:44.434, 2, 89, 22052, 24576, 309.17
2026/08/10 23:16:49.435, 0, 94, 22764, 24576, 294.13
2026/08/10 23:16:49.435, 1, 91, 23356, 24576, 305.58
2026/08/10 23:16:49.436, 2, 88, 22052, 24576, 306.03
2026/08/10 23:16:54.437, 0, 82, 20644, 24576, 333.88
2026/08/10 23:16:54.438, 1, 83, 23356, 24576, 326.06
2026/08/10 23:16:54.439, 2, 82, 22052, 24576, 335.78
2026/08/10 23:16:59.439, 0, 83, 20644, 24576, 339.26
2026/08/10 23:16:59.440, 1, 82, 23356, 24576, 313.43
2026/08/10 23:16:59.441, 2, 83, 22052, 24576, 338.45
2026/08/10 23:17:04.442, 0, 98, 13590, 24576, 341.36
2026/08/10 23:17:04.442, 1, 100, 23142, 24576, 320.77
2026/08/10 23:17:04.443, 2, 98, 23102, 24576, 334.56
2026/08/10 23:17:09.443, 0, 89, 13590, 24576, 326.40
2026/08/10 23:17:09.444, 1, 98, 24218, 24576, 287.83
2026/08/10 23:17:09.444, 2, 60, 13342, 24576, 313.16
2026/08/10 23:17:14.445, 0, 100, 20888, 24576, 330.46
2026/08/10 23:17:14.446, 1, 97, 23334, 24576, 310.63
2026/08/10 23:17:14.446, 2, 98, 23414, 24576, 324.21
2026/08/10 23:17:19.447, 0, 95, 22048, 24576, 328.37
2026/08/10 23:17:19.447, 1, 100, 23334, 24576, 324.22
2026/08/10 23:17:19.448, 2, 100, 23414, 24576, 334.82
2026/08/10 23:17:24.449, 0, 82, 22048, 24576, 334.96
2026/08/10 23:17:24.450, 1, 81, 23334, 24576, 332.89
2026/08/10 23:17:24.451, 2, 82, 23414, 24576, 335.25
2026/08/10 23:17:29.451, 0, 84, 22048, 24576, 340.61
2026/08/10 23:17:29.452, 1, 84, 23334, 24576, 308.58
2026/08/10 23:17:29.452, 2, 85, 23414, 24576, 333.84
2026/08/10 23:17:34.453, 0, 98, 14350, 24576, 322.37
2026/08/10 23:17:34.454, 1, 98, 14202, 24576, 314.21
2026/08/10 23:17:34.454, 2, 98, 13022, 24576, 321.24
2026/08/10 23:17:39.455, 0, 98, 13330, 24576, 330.11
2026/08/10 23:17:39.456, 1, 98, 13020, 24576, 314.36
2026/08/10 23:17:39.456, 2, 98, 13422, 24576, 318.50
2026/08/10 23:17:44.457, 0, 87, 22624, 24576, 331.49
2026/08/10 23:17:44.457, 1, 89, 23534, 24576, 326.27
2026/08/10 23:17:44.458, 2, 87, 23654, 24576, 337.07
2026/08/10 23:17:49.459, 0, 100, 23224, 24576, 318.35
2026/08/10 23:17:49.460, 1, 100, 22814, 24576, 313.90
2026/08/10 23:17:49.460, 2, 100, 22794, 24576, 328.34
2026/08/10 23:17:54.462, 0, 82, 20684, 24576, 299.91
2026/08/10 23:17:54.462, 1, 81, 21334, 24576, 295.18
2026/08/10 23:17:54.463, 2, 83, 21454, 24576, 303.48
2026/08/10 23:17:59.464, 0, 82, 20684, 24576, 338.88
2026/08/10 23:17:59.465, 1, 83, 21334, 24576, 303.63
2026/08/10 23:17:59.465, 2, 82, 21454, 24576, 328.90
2026/08/10 23:18:04.466, 0, 98, 18050, 24576, 298.30
2026/08/10 23:18:04.466, 1, 100, 21334, 24576, 307.10
2026/08/10 23:18:04.467, 2, 97, 12840, 24576, 290.06
2026/08/10 23:18:09.468, 0, 98, 13450, 24576, 338.96
2026/08/10 23:18:09.468, 1, 98, 21334, 24576, 304.91
2026/08/10 23:18:09.468, 2, 98, 12840, 24576, 325.10
2026/08/10 23:18:14.469, 0, 100, 23048, 24576, 315.39
2026/08/10 23:18:14.470, 1, 100, 23036, 24576, 321.06
2026/08/10 23:18:14.470, 2, 100, 23470, 24576, 297.14
2026/08/10 23:18:19.472, 0, 89, 23968, 24576, 327.34
2026/08/10 23:18:19.473, 1, 89, 23916, 24576, 320.14
2026/08/10 23:18:19.473, 2, 89, 21810, 24576, 318.96
2026/08/10 23:18:24.474, 0, 100, 23968, 24576, 328.82
2026/08/10 23:18:24.477, 1, 100, 23916, 24576, 313.24
2026/08/10 23:18:24.478, 2, 100, 21810, 24576, 320.41
2026/08/10 23:18:29.478, 0, 82, 21888, 24576, 338.48
2026/08/10 23:18:29.479, 1, 81, 21716, 24576, 316.43
2026/08/10 23:18:29.479, 2, 81, 19830, 24576, 336.38
2026/08/10 23:18:34.480, 0, 98, 21888, 24576, 279.54
2026/08/10 23:18:34.481, 1, 98, 21716, 24576, 311.38
2026/08/10 23:18:34.481, 2, 98, 19830, 24576, 316.57
2026/08/10 23:18:39.482, 0, 100, 13690, 24576, 340.09
2026/08/10 23:18:39.482, 1, 98, 13002, 24576, 313.45
2026/08/10 23:18:39.483, 2, 98, 13042, 24576, 334.60
2026/08/10 23:18:44.484, 0, 100, 22966, 24576, 265.75
2026/08/10 23:18:44.485, 1, 100, 22992, 24576, 271.09
2026/08/10 23:18:44.485, 2, 100, 21414, 24576, 260.20
2026/08/10 23:18:49.487, 0, 82, 22966, 24576, 323.79
2026/08/10 23:18:49.487, 1, 100, 22992, 24576, 315.02
2026/08/10 23:18:49.488, 2, 100, 21414, 24576, 314.05
2026/08/10 23:18:54.488, 0, 89, 22966, 24576, 326.30
2026/08/10 23:18:54.489, 1, 89, 22992, 24576, 317.83
2026/08/10 23:18:54.489, 2, 84, 21414, 24576, 315.25
2026/08/10 23:18:59.490, 0, 82, 22966, 24576, 338.98
2026/08/10 23:18:59.491, 1, 81, 22992, 24576, 323.57
2026/08/10 23:18:59.491, 2, 81, 21414, 24576, 307.87
2026/08/10 23:19:04.492, 0, 100, 22966, 24576, 215.25
2026/08/10 23:19:04.493, 1, 100, 22992, 24576, 259.32
2026/08/10 23:19:04.493, 2, 85, 21414, 24576, 338.81
2026/08/10 23:19:09.494, 0, 98, 19832, 24576, 339.36
2026/08/10 23:19:09.499, 1, 98, 13282, 24576, 314.62
2026/08/10 23:19:09.500, 2, 98, 21414, 24576, 328.04
2026/08/10 23:19:14.500, 0, 96, 21802, 24576, 303.40
2026/08/10 23:19:14.501, 1, 97, 22992, 24576, 319.23
2026/08/10 23:19:14.501, 2, 90, 20874, 24576, 318.75
2026/08/10 23:19:19.502, 0, 100, 21802, 24576, 324.06
2026/08/10 23:19:19.503, 1, 100, 22992, 24576, 326.18
2026/08/10 23:19:19.503, 2, 97, 20874, 24576, 325.22
2026/08/10 23:19:24.504, 0, 84, 21802, 24576, 325.82
2026/08/10 23:19:24.504, 1, 87, 22992, 24576, 318.78
2026/08/10 23:19:24.505, 2, 100, 20874, 24576, 313.93
2026/08/10 23:19:29.506, 0, 82, 21802, 24576, 338.69
2026/08/10 23:19:29.506, 1, 83, 22992, 24576, 319.15
2026/08/10 23:19:29.507, 2, 82, 20874, 24576, 336.79
2026/08/10 23:19:34.508, 0, 100, 21802, 24576, 250.86
2026/08/10 23:19:34.509, 1, 86, 22992, 24576, 321.79
2026/08/10 23:19:34.509, 2, 80, 20874, 24576, 304.08
2026/08/10 23:19:39.510, 0, 98, 13690, 24576, 338.72
2026/08/10 23:19:39.511, 1, 98, 13042, 24576, 311.97
2026/08/10 23:19:39.511, 2, 98, 17802, 24576, 320.53
2026/08/10 23:19:44.512, 0, 98, 22926, 24576, 319.18
2026/08/10 23:19:44.512, 1, 100, 21654, 24576, 310.40
2026/08/10 23:19:44.513, 2, 89, 22812, 24576, 317.28
2026/08/10 23:19:49.514, 0, 97, 22926, 24576, 293.85
2026/08/10 23:19:49.514, 1, 100, 21634, 24576, 312.85
2026/08/10 23:19:49.515, 2, 85, 22812, 24576, 298.68
2026/08/10 23:19:54.516, 0, 98, 22926, 24576, 293.97
2026/08/10 23:19:54.516, 1, 100, 20614, 24576, 314.83
2026/08/10 23:19:54.517, 2, 89, 22812, 24576, 298.00
2026/08/10 23:19:59.518, 0, 82, 22926, 24576, 337.64
2026/08/10 23:19:59.518, 1, 82, 20934, 24576, 313.06
2026/08/10 23:19:59.519, 2, 82, 22812, 24576, 335.11
2026/08/10 23:20:04.521, 0, 83, 22926, 24576, 338.30
2026/08/10 23:20:04.522, 1, 82, 20934, 24576, 311.24
2026/08/10 23:20:04.523, 2, 83, 22812, 24576, 328.33
2026/08/10 23:20:09.524, 0, 89, 14132, 24576, 310.11
2026/08/10 23:20:09.524, 1, 98, 20934, 24576, 311.47
2026/08/10 23:20:09.525, 2, 98, 22812, 24576, 334.12
2026/08/10 23:20:14.526, 0, 73, 16272, 24576, 292.34
2026/08/10 23:20:14.526, 1, 100, 20934, 24576, 242.28
2026/08/10 23:20:14.527, 2, 100, 22812, 24576, 174.43
2026/08/10 23:20:19.527, 0, 100, 22948, 24576, 331.33
2026/08/10 23:20:19.528, 1, 100, 20814, 24576, 319.95
2026/08/10 23:20:19.528, 2, 89, 22732, 24576, 337.92
2026/08/10 23:20:24.529, 0, 100, 22948, 24576, 334.75
2026/08/10 23:20:24.530, 1, 100, 20814, 24576, 312.10
2026/08/10 23:20:24.530, 2, 89, 22732, 24576, 339.36
2026/08/10 23:20:29.531, 0, 80, 22948, 24576, 334.31
2026/08/10 23:20:29.532, 1, 81, 20814, 24576, 326.90
2026/08/10 23:20:29.533, 2, 80, 22732, 24576, 332.53
2026/08/10 23:20:34.534, 0, 81, 22948, 24576, 339.73
2026/08/10 23:20:34.535, 1, 81, 20814, 24576, 311.35
2026/08/10 23:20:34.535, 2, 81, 22732, 24576, 337.23
2026/08/10 23:20:39.536, 0, 98, 19830, 24576, 318.74
2026/08/10 23:20:39.537, 1, 98, 20814, 24576, 309.37
2026/08/10 23:20:39.537, 2, 100, 22732, 24576, 309.76
2026/08/10 23:20:44.538, 0, 99, 20970, 24576, 339.46
2026/08/10 23:20:44.538, 1, 98, 20814, 24576, 314.82
2026/08/10 23:20:44.539, 2, 45, 22732, 24576, 305.08
2026/08/10 23:20:49.539, 0, 100, 23226, 24576, 320.56
2026/08/10 23:20:49.540, 1, 89, 22912, 24576, 327.14
2026/08/10 23:20:49.540, 2, 100, 23294, 24576, 324.12
2026/08/10 23:20:54.541, 0, 100, 23226, 24576, 322.36
2026/08/10 23:20:54.543, 1, 89, 22912, 24576, 331.63
2026/08/10 23:20:54.543, 2, 100, 23294, 24576, 329.25
2026/08/10 23:20:59.544, 0, 88, 23226, 24576, 275.12
2026/08/10 23:20:59.545, 1, 80, 20672, 24576, 285.99
2026/08/10 23:20:59.546, 2, 88, 23294, 24576, 274.69
2026/08/10 23:21:04.546, 0, 83, 23226, 24576, 339.41
2026/08/10 23:21:04.547, 1, 83, 20672, 24576, 314.82
2026/08/10 23:21:04.547, 2, 83, 23294, 24576, 338.25
2026/08/10 23:21:09.548, 0, 89, 12712, 24576, 298.31
2026/08/10 23:21:09.549, 1, 96, 19152, 24576, 310.80
2026/08/10 23:21:09.549, 2, 98, 23954, 24576, 322.82
2026/08/10 23:21:14.550, 0, 98, 13432, 24576, 338.32
2026/08/10 23:21:14.551, 1, 98, 13956, 24576, 289.10
2026/08/10 23:21:14.551, 2, 98, 23904, 24576, 319.30
2026/08/10 23:21:19.552, 0, 94, 23026, 24576, 307.58
2026/08/10 23:21:19.553, 1, 90, 20894, 24576, 309.05
2026/08/10 23:21:19.553, 2, 92, 21916, 24576, 329.32
2026/08/10 23:21:24.554, 0, 88, 22346, 24576, 294.18
2026/08/10 23:21:24.555, 1, 100, 23954, 24576, 323.81
2026/08/10 23:21:24.556, 2, 100, 23976, 24576, 335.18
2026/08/10 23:21:29.557, 0, 86, 20986, 24576, 302.93
2026/08/10 23:21:29.558, 1, 88, 22954, 24576, 326.64
2026/08/10 23:21:29.558, 2, 89, 23976, 24576, 336.34
2026/08/10 23:21:34.559, 0, 81, 20986, 24576, 335.92
2026/08/10 23:21:34.559, 1, 80, 22954, 24576, 316.92
2026/08/10 23:21:34.560, 2, 83, 23976, 24576, 325.58
2026/08/10 23:21:39.561, 0, 82, 20986, 24576, 339.98
2026/08/10 23:21:39.561, 1, 82, 22954, 24576, 300.57
2026/08/10 23:21:39.562, 2, 82, 23976, 24576, 317.77
2026/08/10 23:21:44.562, 0, 98, 13570, 24576, 340.29
2026/08/10 23:21:44.563, 1, 98, 22954, 24576, 305.82
2026/08/10 23:21:44.564, 2, 98, 24224, 24576, 336.04
2026/08/10 23:21:49.565, 0, 100, 13570, 24576, 183.80
2026/08/10 23:21:49.566, 1, 100, 22954, 24576, 190.32
2026/08/10 23:21:49.566, 2, 98, 13344, 24576, 324.38
2026/08/10 23:21:54.567, 0, 91, 21808, 24576, 316.18
2026/08/10 23:21:54.568, 1, 90, 23194, 24576, 315.29
2026/08/10 23:21:54.568, 2, 98, 24016, 24576, 331.47
2026/08/10 23:21:59.569, 0, 92, 21808, 24576, 318.08
2026/08/10 23:21:59.570, 1, 95, 23194, 24576, 308.12
2026/08/10 23:21:59.570, 2, 100, 24016, 24576, 324.16
2026/08/10 23:22:04.571, 0, 82, 21808, 24576, 327.45
2026/08/10 23:22:04.571, 1, 83, 23194, 24576, 323.05
2026/08/10 23:22:04.572, 2, 78, 24016, 24576, 320.03
2026/08/10 23:22:09.573, 0, 81, 21808, 24576, 339.31
2026/08/10 23:22:09.573, 1, 84, 23194, 24576, 307.33
2026/08/10 23:22:09.574, 2, 82, 24016, 24576, 323.25
2026/08/10 23:22:14.574, 0, 98, 14430, 24576, 300.56
2026/08/10 23:22:14.575, 1, 91, 13064, 24576, 285.45
2026/08/10 23:22:14.575, 2, 98, 24016, 24576, 316.70
2026/08/10 23:22:19.576, 0, 100, 14430, 24576, 337.54
2026/08/10 23:22:19.577, 1, 98, 13064, 24576, 315.86
2026/08/10 23:22:19.578, 2, 98, 24016, 24576, 313.11
2026/08/10 23:22:24.579, 0, 100, 20786, 24576, 296.35
2026/08/10 23:22:24.580, 1, 100, 24116, 24576, 324.36
2026/08/10 23:22:24.581, 2, 93, 24016, 24576, 307.93
2026/08/10 23:22:29.582, 0, 95, 20786, 24576, 296.83
2026/08/10 23:22:29.582, 1, 100, 24116, 24576, 324.82
2026/08/10 23:22:29.583, 2, 100, 24016, 24576, 310.61
2026/08/10 23:22:34.583, 0, 96, 20786, 24576, 288.38
2026/08/10 23:22:34.584, 1, 96, 24116, 24576, 312.60
2026/08/10 23:22:34.584, 2, 98, 24016, 24576, 306.80
2026/08/10 23:22:39.585, 0, 82, 22786, 24576, 338.74
2026/08/10 23:22:39.586, 1, 80, 21896, 24576, 317.80
2026/08/10 23:22:39.586, 2, 82, 24016, 24576, 336.30
2026/08/10 23:22:44.587, 0, 98, 22786, 24576, 300.45
2026/08/10 23:22:44.588, 1, 98, 21896, 24576, 290.75
2026/08/10 23:22:44.589, 2, 77, 24016, 24576, 339.38
2026/08/10 23:22:49.590, 0, 98, 13590, 24576, 339.63
2026/08/10 23:22:49.591, 1, 98, 14502, 24576, 248.31
2026/08/10 23:22:49.592, 2, 100, 18342, 24576, 330.88
2026/08/10 23:22:54.592, 0, 88, 24164, 24576, 322.67
2026/08/10 23:22:54.593, 1, 100, 23684, 24576, 225.17
2026/08/10 23:22:54.594, 2, 100, 22746, 24576, 215.61
2026/08/10 23:22:59.595, 0, 100, 23990, 24576, 334.82
2026/08/10 23:22:59.595, 1, 88, 22832, 24576, 331.96
2026/08/10 23:22:59.596, 2, 99, 20592, 24576, 299.18
2026/08/10 23:23:04.596, 0, 98, 23990, 24576, 340.52
2026/08/10 23:23:04.597, 1, 100, 22832, 24576, 336.96
2026/08/10 23:23:04.598, 2, 95, 20592, 24576, 300.96
2026/08/10 23:23:09.598, 0, 83, 23990, 24576, 312.80
2026/08/10 23:23:09.599, 1, 81, 22832, 24576, 313.68
2026/08/10 23:23:09.599, 2, 83, 20592, 24576, 310.27
2026/08/10 23:23:14.600, 0, 84, 23990, 24576, 339.74
2026/08/10 23:23:14.601, 1, 82, 22832, 24576, 316.75
2026/08/10 23:23:14.602, 2, 83, 20592, 24576, 336.96
2026/08/10 23:23:19.603, 0, 100, 13590, 24576, 300.74
2026/08/10 23:23:19.603, 1, 93, 13472, 24576, 286.17
2026/08/10 23:23:19.604, 2, 92, 13942, 24576, 294.01
2026/08/10 23:23:24.605, 0, 98, 13590, 24576, 336.24
2026/08/10 23:23:24.605, 1, 98, 22742, 24576, 308.99
2026/08/10 23:23:24.606, 2, 100, 13938, 24576, 333.59
2026/08/10 23:23:29.606, 0, 96, 24248, 24576, 326.06
2026/08/10 23:23:29.607, 1, 96, 23676, 24576, 320.39
2026/08/10 23:23:29.608, 2, 89, 21554, 24576, 311.38
2026/08/10 23:23:34.609, 0, 97, 24248, 24576, 332.23
2026/08/10 23:23:34.609, 1, 100, 23676, 24576, 318.73
2026/08/10 23:23:34.610, 2, 93, 21554, 24576, 317.77
2026/08/10 23:23:39.611, 0, 100, 24248, 24576, 343.98
2026/08/10 23:23:39.615, 1, 100, 23676, 24576, 319.74
2026/08/10 23:23:39.616, 2, 96, 21554, 24576, 323.77
2026/08/10 23:23:44.616, 0, 84, 22028, 24576, 336.44
2026/08/10 23:23:44.617, 1, 82, 23676, 24576, 309.15
2026/08/10 23:23:44.618, 2, 83, 21554, 24576, 337.16
2026/08/10 23:23:49.618, 0, 98, 22028, 24576, 264.03
2026/08/10 23:23:49.619, 1, 99, 23676, 24576, 311.45
2026/08/10 23:23:49.619, 2, 95, 21554, 24576, 255.26
2026/08/10 23:23:54.620, 0, 98, 19830, 24576, 338.17
2026/08/10 23:23:54.621, 1, 100, 23676, 24576, 299.71
2026/08/10 23:23:54.621, 2, 98, 21554, 24576, 320.01
2026/08/10 23:23:59.622, 0, 88, 23000, 24576, 293.32
2026/08/10 23:23:59.622, 1, 100, 23676, 24576, 301.37
2026/08/10 23:23:59.623, 2, 100, 23494, 24576, 299.68
2026/08/10 23:24:04.624, 0, 100, 23028, 24576, 322.74
2026/08/10 23:24:04.625, 1, 100, 23676, 24576, 309.49
2026/08/10 23:24:04.625, 2, 100, 23156, 24576, 343.23
2026/08/10 23:24:09.626, 0, 100, 23028, 24576, 319.97
2026/08/10 23:24:09.627, 1, 100, 23676, 24576, 313.67
2026/08/10 23:24:09.628, 2, 100, 23156, 24576, 341.41
2026/08/10 23:24:14.629, 0, 81, 23028, 24576, 336.47
2026/08/10 23:24:14.629, 1, 84, 23676, 24576, 321.32
2026/08/10 23:24:14.630, 2, 80, 21116, 24576, 334.26
2026/08/10 23:24:19.630, 0, 85, 23028, 24576, 339.55
2026/08/10 23:24:19.631, 1, 80, 23676, 24576, 310.74
2026/08/10 23:24:19.631, 2, 81, 21116, 24576, 325.27
2026/08/10 23:24:24.632, 0, 97, 14410, 24576, 336.63
2026/08/10 23:24:24.633, 1, 98, 12842, 24576, 314.36
2026/08/10 23:24:24.633, 2, 97, 23342, 24576, 334.50
2026/08/10 23:24:29.634, 0, 93, 22978, 24576, 296.98
2026/08/10 23:24:29.635, 1, 88, 22588, 24576, 291.08
2026/08/10 23:24:29.636, 2, 93, 22328, 24576, 306.20
2026/08/10 23:24:34.637, 0, 90, 21028, 24576, 309.91
2026/08/10 23:24:34.638, 1, 94, 22654, 24576, 312.27
2026/08/10 23:24:34.639, 2, 93, 22714, 24576, 308.81
2026/08/10 23:24:39.640, 0, 92, 21028, 24576, 308.68
2026/08/10 23:24:39.640, 1, 100, 22654, 24576, 316.83
2026/08/10 23:24:39.641, 2, 100, 22714, 24576, 322.63
2026/08/10 23:24:44.641, 0, 81, 23028, 24576, 337.34
2026/08/10 23:24:44.642, 1, 82, 20674, 24576, 328.29
2026/08/10 23:24:44.642, 2, 83, 20814, 24576, 335.98
2026/08/10 23:24:49.643, 0, 84, 23028, 24576, 340.00
2026/08/10 23:24:49.644, 1, 82, 20674, 24576, 310.01
2026/08/10 23:24:49.644, 2, 84, 20814, 24576, 332.96
2026/08/10 23:24:54.645, 0, 98, 23028, 24576, 340.05
2026/08/10 23:24:54.645, 1, 98, 12760, 24576, 320.93
2026/08/10 23:24:54.646, 2, 98, 14062, 24576, 335.42
2026/08/10 23:24:59.647, 0, 87, 23028, 24576, 246.48
2026/08/10 23:24:59.648, 1, 100, 19800, 24576, 224.78
2026/08/10 23:24:59.649, 2, 100, 22606, 24576, 284.36
2026/08/10 23:25:04.649, 0, 91, 21828, 24576, 326.02
2026/08/10 23:25:04.650, 1, 87, 20528, 24576, 299.95
2026/08/10 23:25:04.651, 2, 88, 20854, 24576, 320.67
2026/08/10 23:25:09.652, 0, 100, 21828, 24576, 327.21
2026/08/10 23:25:09.653, 1, 100, 20528, 24576, 294.08
2026/08/10 23:25:09.653, 2, 100, 20854, 24576, 299.17
2026/08/10 23:25:14.654, 0, 82, 23808, 24576, 336.31
2026/08/10 23:25:14.656, 1, 85, 20528, 24576, 324.67
2026/08/10 23:25:14.657, 2, 83, 22994, 24576, 335.08
2026/08/10 23:25:19.657, 0, 83, 23808, 24576, 339.07
2026/08/10 23:25:19.658, 1, 84, 20528, 24576, 316.27
2026/08/10 23:25:19.659, 2, 83, 22994, 24576, 328.42
2026/08/10 23:25:24.660, 0, 89, 13530, 24576, 298.41
2026/08/10 23:25:24.661, 1, 98, 13902, 24576, 315.11
2026/08/10 23:25:24.661, 2, 97, 22994, 24576, 310.61
2026/08/10 23:25:29.662, 0, 86, 22280, 24576, 264.45
2026/08/10 23:25:29.663, 1, 69, 22164, 24576, 263.65
2026/08/10 23:25:29.663, 2, 87, 22994, 24576, 197.00
2026/08/10 23:25:34.664, 0, 86, 23468, 24576, 327.17
2026/08/10 23:25:34.665, 1, 92, 22212, 24576, 317.30
2026/08/10 23:25:34.665, 2, 100, 23014, 24576, 334.69
2026/08/10 23:25:39.666, 0, 100, 24128, 24576, 328.40
2026/08/10 23:25:39.667, 1, 100, 24212, 24576, 306.84
2026/08/10 23:25:39.667, 2, 100, 24054, 24576, 324.43
2026/08/10 23:25:44.668, 0, 82, 23468, 24576, 334.52
2026/08/10 23:25:44.669, 1, 83, 22212, 24576, 323.37
2026/08/10 23:25:44.669, 2, 82, 23014, 24576, 335.96
2026/08/10 23:25:49.671, 0, 84, 23468, 24576, 337.02
2026/08/10 23:25:49.671, 1, 85, 22212, 24576, 306.45
2026/08/10 23:25:49.672, 2, 82, 23014, 24576, 331.07
2026/08/10 23:25:54.673, 0, 100, 23468, 24576, 337.75
2026/08/10 23:25:54.674, 1, 98, 13922, 24576, 335.87
2026/08/10 23:25:54.675, 2, 98, 13002, 24576, 335.51
2026/08/10 23:25:59.676, 0, 54, 23468, 24576, 295.69
2026/08/10 23:25:59.676, 1, 98, 20016, 24576, 308.51
2026/08/10 23:25:59.677, 2, 42, 13002, 24576, 299.42
2026/08/10 23:26:04.678, 0, 96, 23988, 24576, 313.82
2026/08/10 23:26:04.678, 1, 88, 22092, 24576, 306.83
2026/08/10 23:26:04.678, 2, 90, 20954, 24576, 315.15
2026/08/10 23:26:09.679, 0, 100, 23988, 24576, 317.58
2026/08/10 23:26:09.680, 1, 94, 22032, 24576, 324.48
2026/08/10 23:26:09.680, 2, 96, 21894, 24576, 323.74
2026/08/10 23:26:14.681, 0, 83, 23988, 24576, 290.08
2026/08/10 23:26:14.682, 1, 82, 22092, 24576, 291.74
2026/08/10 23:26:14.682, 2, 82, 20954, 24576, 277.28
2026/08/10 23:26:19.684, 0, 83, 23988, 24576, 337.57
2026/08/10 23:26:19.684, 1, 84, 22092, 24576, 316.76
2026/08/10 23:26:19.685, 2, 83, 20954, 24576, 334.68
2026/08/10 23:26:24.686, 0, 98, 14450, 24576, 307.07
2026/08/10 23:26:24.687, 1, 98, 13922, 24576, 285.80
2026/08/10 23:26:24.687, 2, 98, 13920, 24576, 303.59
2026/08/10 23:26:29.688, 0, 98, 14450, 24576, 337.15
2026/08/10 23:26:29.688, 1, 98, 24216, 24576, 304.49
2026/08/10 23:26:29.689, 2, 78, 13918, 24576, 308.37
2026/08/10 23:26:34.690, 0, 100, 23228, 24576, 326.85
2026/08/10 23:26:34.690, 1, 100, 22132, 24576, 320.19
2026/08/10 23:26:34.691, 2, 100, 21570, 24576, 315.80
2026/08/10 23:26:39.691, 0, 100, 23228, 24576, 326.72
2026/08/10 23:26:39.692, 1, 98, 22132, 24576, 316.40
2026/08/10 23:26:39.693, 2, 89, 21570, 24576, 313.70
2026/08/10 23:26:44.694, 0, 81, 23228, 24576, 279.54
2026/08/10 23:26:44.694, 1, 79, 22132, 24576, 290.26
2026/08/10 23:26:44.695, 2, 79, 21570, 24576, 282.11
2026/08/10 23:26:49.696, 0, 80, 23228, 24576, 337.59
2026/08/10 23:26:49.696, 1, 82, 22132, 24576, 312.54
2026/08/10 23:26:49.697, 2, 83, 21570, 24576, 338.07
2026/08/10 23:26:54.698, 0, 83, 13550, 24576, 297.16
2026/08/10 23:26:54.698, 1, 85, 13352, 24576, 281.61
2026/08/10 23:26:54.699, 2, 86, 13018, 24576, 282.10
2026/08/10 23:26:59.700, 0, 98, 13570, 24576, 339.09
2026/08/10 23:26:59.700, 1, 97, 13916, 24576, 294.68
2026/08/10 23:26:59.701, 2, 98, 13042, 24576, 323.79
2026/08/10 23:27:04.702, 0, 100, 21688, 24576, 316.35
2026/08/10 23:27:04.702, 1, 89, 22152, 24576, 323.59
2026/08/10 23:27:04.703, 2, 92, 21454, 24576, 315.14
2026/08/10 23:27:09.703, 0, 94, 21688, 24576, 317.12
2026/08/10 23:27:09.704, 1, 87, 22152, 24576, 307.46
2026/08/10 23:27:09.704, 2, 89, 21454, 24576, 316.12
2026/08/10 23:27:14.705, 0, 90, 21688, 24576, 298.62
2026/08/10 23:27:14.706, 1, 72, 22152, 24576, 308.68
2026/08/10 23:27:14.707, 2, 72, 21454, 24576, 291.06
2026/08/10 23:27:19.708, 0, 78, 21688, 24576, 336.84
2026/08/10 23:27:19.709, 1, 81, 22152, 24576, 318.23
2026/08/10 23:27:19.709, 2, 79, 21454, 24576, 335.47
2026/08/10 23:27:24.710, 0, 97, 21688, 24576, 297.62
2026/08/10 23:27:24.711, 1, 100, 22152, 24576, 297.67
2026/08/10 23:27:24.711, 2, 100, 21454, 24576, 316.61
2026/08/10 23:27:29.712, 0, 98, 24030, 24576, 337.39
2026/08/10 23:27:29.712, 1, 98, 22152, 24576, 309.57
2026/08/10 23:27:29.713, 2, 98, 13282, 24576, 315.17
2026/08/10 23:27:34.714, 0, 100, 23208, 24576, 334.37
2026/08/10 23:27:34.714, 1, 100, 20794, 24576, 317.88
2026/08/10 23:27:34.715, 2, 100, 23074, 24576, 325.75
2026/08/10 23:27:39.716, 0, 100, 23208, 24576, 332.53
2026/08/10 23:27:39.716, 1, 100, 20794, 24576, 306.56
2026/08/10 23:27:39.717, 2, 85, 23074, 24576, 321.06
2026/08/10 23:27:44.718, 0, 87, 23208, 24576, 331.04
2026/08/10 23:27:44.718, 1, 89, 21134, 24576, 309.00
2026/08/10 23:27:44.719, 2, 88, 23074, 24576, 328.77
2026/08/10 23:27:49.720, 0, 79, 23208, 24576, 337.25
2026/08/10 23:27:49.720, 1, 83, 22854, 24576, 318.01
2026/08/10 23:27:49.721, 2, 81, 23074, 24576, 336.36
2026/08/10 23:27:54.722, 0, 98, 23208, 24576, 306.72
2026/08/10 23:27:54.722, 1, 98, 22854, 24576, 309.63
2026/08/10 23:27:54.723, 2, 98, 23074, 24576, 318.33
2026/08/10 23:27:59.723, 0, 99, 23208, 24576, 339.24
2026/08/10 23:27:59.724, 1, 100, 13222, 24576, 299.34
2026/08/10 23:27:59.725, 2, 99, 23602, 24576, 313.19
2026/08/10 23:28:04.726, 0, 100, 20946, 24576, 312.06
2026/08/10 23:28:04.726, 1, 99, 23134, 24576, 314.24
2026/08/10 23:28:04.727, 2, 100, 22252, 24576, 328.62
2026/08/10 23:28:09.728, 0, 89, 20946, 24576, 310.91
2026/08/10 23:28:09.731, 1, 88, 23134, 24576, 315.98
2026/08/10 23:28:09.731, 2, 100, 22252, 24576, 321.15
2026/08/10 23:28:14.732, 0, 89, 20946, 24576, 305.65
2026/08/10 23:28:14.733, 1, 89, 23134, 24576, 312.38
2026/08/10 23:28:14.733, 2, 100, 22252, 24576, 322.77
2026/08/10 23:28:19.734, 0, 28, 23006, 24576, 317.49
2026/08/10 23:28:19.734, 1, 84, 23134, 24576, 315.68
2026/08/10 23:28:19.735, 2, 81, 22252, 24576, 338.02
2026/08/10 23:28:24.736, 0, 98, 23006, 24576, 341.52
2026/08/10 23:28:24.736, 1, 97, 23134, 24576, 235.19
2026/08/10 23:28:24.737, 2, 96, 22252, 24576, 207.63
2026/08/10 23:28:29.739, 0, 98, 13550, 24576, 338.74
2026/08/10 23:28:29.740, 1, 98, 17516, 24576, 294.65
2026/08/10 23:28:29.740, 2, 97, 22252, 24576, 323.41
2026/08/10 23:28:34.741, 0, 100, 23588, 24576, 316.83
2026/08/10 23:28:34.742, 1, 100, 21984, 24576, 297.71
2026/08/10 23:28:34.743, 2, 100, 22898, 24576, 279.05
2026/08/10 23:28:39.744, 0, 86, 23248, 24576, 327.23
2026/08/10 23:28:39.744, 1, 100, 21992, 24576, 322.60
2026/08/10 23:28:39.745, 2, 100, 22912, 24576, 320.60
2026/08/10 23:28:44.746, 0, 88, 23248, 24576, 326.79
2026/08/10 23:28:44.746, 1, 100, 21992, 24576, 312.55
2026/08/10 23:28:44.747, 2, 97, 22912, 24576, 320.03
2026/08/10 23:28:49.747, 0, 83, 23248, 24576, 336.58
2026/08/10 23:28:49.748, 1, 81, 21992, 24576, 317.68
2026/08/10 23:28:49.748, 2, 78, 22912, 24576, 332.77
2026/08/10 23:28:54.749, 0, 80, 23248, 24576, 339.56
2026/08/10 23:28:54.750, 1, 83, 21992, 24576, 312.11
2026/08/10 23:28:54.750, 2, 83, 22912, 24576, 338.52
2026/08/10 23:28:59.754, 0, 98, 14390, 24576, 339.19
2026/08/10 23:28:59.755, 1, 100, 12802, 24576, 291.51
2026/08/10 23:28:59.757, 2, 86, 14158, 24576, 296.38
2026/08/10 23:29:04.758, 0, 100, 14390, 24576, 220.59
2026/08/10 23:29:04.759, 1, 100, 12802, 24576, 199.42
2026/08/10 23:29:04.759, 2, 76, 14198, 24576, 286.60
2026/08/10 23:29:09.760, 0, 100, 21686, 24576, 328.11
2026/08/10 23:29:09.761, 1, 100, 20532, 24576, 312.13
2026/08/10 23:29:09.761, 2, 89, 22692, 24576, 339.86
2026/08/10 23:29:14.762, 0, 90, 21686, 24576, 321.38
2026/08/10 23:29:14.762, 1, 88, 20532, 24576, 304.05
2026/08/10 23:29:14.763, 2, 87, 22692, 24576, 338.12
2026/08/10 23:29:19.764, 0, 80, 21686, 24576, 330.73
2026/08/10 23:29:19.764, 1, 80, 20532, 24576, 324.28
2026/08/10 23:29:19.765, 2, 83, 22692, 24576, 332.80
2026/08/10 23:29:24.766, 0, 83, 21686, 24576, 340.02
2026/08/10 23:29:24.767, 1, 80, 20532, 24576, 314.19
2026/08/10 23:29:24.767, 2, 84, 22692, 24576, 331.41
2026/08/10 23:29:29.768, 0, 100, 21686, 24576, 337.73
2026/08/10 23:29:29.769, 1, 98, 19542, 24576, 299.38
2026/08/10 23:29:29.769, 2, 98, 22692, 24576, 327.19
2026/08/10 23:29:34.770, 0, 100, 21686, 24576, 239.71
2026/08/10 23:29:34.770, 1, 98, 12982, 24576, 302.04
2026/08/10 23:29:34.771, 2, 98, 22692, 24576, 317.83
2026/08/10 23:29:39.772, 0, 89, 22104, 24576, 312.91
2026/08/10 23:29:39.772, 1, 89, 23374, 24576, 317.58
2026/08/10 23:29:39.773, 2, 88, 21414, 24576, 312.97
2026/08/10 23:29:44.773, 0, 89, 22104, 24576, 315.92
2026/08/10 23:29:44.774, 1, 89, 23374, 24576, 323.23
2026/08/10 23:29:44.774, 2, 88, 21414, 24576, 310.99
2026/08/10 23:29:49.779, 0, 81, 22104, 24576, 268.52
2026/08/10 23:29:49.780, 1, 75, 23374, 24576, 286.78
2026/08/10 23:29:49.780, 2, 75, 23614, 24576, 264.16
2026/08/10 23:29:54.781, 0, 84, 22104, 24576, 340.22
2026/08/10 23:29:54.782, 1, 83, 23374, 24576, 315.28
2026/08/10 23:29:54.783, 2, 85, 23614, 24576, 324.85
2026/08/10 23:29:59.783, 0, 97, 13470, 24576, 298.39
2026/08/10 23:29:59.784, 1, 88, 12776, 24576, 287.58
2026/08/10 23:29:59.784, 2, 87, 14038, 24576, 278.84
2026/08/10 23:30:04.785, 0, 98, 13470, 24576, 339.75
2026/08/10 23:30:04.786, 1, 100, 12802, 24576, 305.71
2026/08/10 23:30:04.786, 2, 98, 14058, 24576, 308.54
2026/08/10 23:30:09.787, 0, 100, 23186, 24576, 337.01
2026/08/10 23:30:09.788, 1, 100, 22372, 24576, 327.03
2026/08/10 23:30:09.788, 2, 97, 20714, 24576, 308.48
2026/08/10 23:30:14.789, 0, 100, 23186, 24576, 339.93
2026/08/10 23:30:14.790, 1, 95, 22372, 24576, 332.35
2026/08/10 23:30:14.791, 2, 100, 20714, 24576, 308.35
2026/08/10 23:30:19.792, 0, 81, 21086, 24576, 282.46
2026/08/10 23:30:19.792, 1, 80, 20432, 24576, 288.41
2026/08/10 23:30:19.793, 2, 81, 22834, 24576, 269.53
2026/08/10 23:30:24.794, 0, 81, 21086, 24576, 339.19
2026/08/10 23:30:24.794, 1, 82, 20432, 24576, 313.65
2026/08/10 23:30:24.795, 2, 84, 22834, 24576, 326.05
2026/08/10 23:30:29.795, 0, 100, 14350, 24576, 296.41
2026/08/10 23:30:29.796, 1, 100, 20432, 24576, 313.02
2026/08/10 23:30:29.796, 2, 100, 13942, 24576, 288.76
2026/08/10 23:30:34.797, 0, 98, 14350, 24576, 338.52
2026/08/10 23:30:34.798, 1, 98, 20432, 24576, 308.80
2026/08/10 23:30:34.798, 2, 100, 13938, 24576, 330.96
2026/08/10 23:30:39.799, 0, 100, 22884, 24576, 311.69
2026/08/10 23:30:39.800, 1, 100, 22692, 24576, 319.03
2026/08/10 23:30:39.801, 2, 100, 22832, 24576, 319.84
2026/08/10 23:30:44.802, 0, 100, 20644, 24576, 305.00
2026/08/10 23:30:44.803, 1, 94, 20472, 24576, 311.08
2026/08/10 23:30:44.804, 2, 94, 20652, 24576, 319.28
2026/08/10 23:30:49.805, 0, 81, 22104, 24576, 293.10
2026/08/10 23:30:49.805, 1, 82, 21732, 24576, 289.51
2026/08/10 23:30:49.806, 2, 83, 21992, 24576, 286.99
2026/08/10 23:30:54.807, 0, 81, 22104, 24576, 339.33
2026/08/10 23:30:54.807, 1, 82, 21732, 24576, 314.09
2026/08/10 23:30:54.808, 2, 82, 21992, 24576, 331.95
2026/08/10 23:30:59.809, 0, 98, 18150, 24576, 300.65
2026/08/10 23:30:59.809, 1, 98, 12922, 24576, 282.65
2026/08/10 23:30:59.810, 2, 98, 13942, 24576, 293.48
2026/08/10 23:31:04.810, 0, 98, 21370, 24576, 338.33
2026/08/10 23:31:04.811, 1, 98, 13302, 24576, 303.04
2026/08/10 23:31:04.811, 2, 98, 13938, 24576, 309.48
2026/08/10 23:31:09.812, 0, 95, 23086, 24576, 319.48
2026/08/10 23:31:09.813, 1, 100, 22972, 24576, 325.95
2026/08/10 23:31:09.814, 2, 95, 20612, 24576, 315.96
2026/08/10 23:31:14.815, 0, 100, 23086, 24576, 329.99
2026/08/10 23:31:14.816, 1, 92, 22972, 24576, 317.80
2026/08/10 23:31:14.816, 2, 100, 20612, 24576, 325.17
2026/08/10 23:31:19.817, 0, 81, 23086, 24576, 279.12
2026/08/10 23:31:19.818, 1, 82, 22972, 24576, 276.88
2026/08/10 23:31:19.818, 2, 79, 20612, 24576, 276.45
2026/08/10 23:31:24.819, 0, 82, 23086, 24576, 339.52
2026/08/10 23:31:24.819, 1, 84, 22972, 24576, 324.14
2026/08/10 23:31:24.820, 2, 85, 20612, 24576, 335.21
2026/08/10 23:31:29.821, 0, 98, 24106, 24576, 339.34
2026/08/10 23:31:29.821, 1, 98, 24152, 24576, 318.64
2026/08/10 23:31:29.822, 2, 99, 20612, 24576, 335.80
2026/08/10 23:31:34.823, 0, 100, 14450, 24576, 301.15
2026/08/10 23:31:34.824, 1, 97, 14518, 24576, 284.82
2026/08/10 23:31:34.824, 2, 98, 20612, 24576, 323.52
2026/08/10 23:31:39.825, 0, 92, 22946, 24576, 318.21
2026/08/10 23:31:39.826, 1, 83, 20810, 24576, 298.25
2026/08/10 23:31:39.827, 2, 89, 23234, 24576, 310.41
2026/08/10 23:31:44.827, 0, 100, 22946, 24576, 330.94
2026/08/10 23:31:44.828, 1, 94, 20810, 24576, 308.22
2026/08/10 23:31:44.828, 2, 96, 23234, 24576, 322.80
2026/08/10 23:31:49.829, 0, 100, 22946, 24576, 340.69
2026/08/10 23:31:49.830, 1, 98, 20810, 24576, 315.72
2026/08/10 23:31:49.830, 2, 100, 23234, 24576, 328.17
2026/08/10 23:31:54.831, 0, 85, 22946, 24576, 338.57
2026/08/10 23:31:54.832, 1, 86, 20810, 24576, 319.77
2026/08/10 23:31:54.832, 2, 85, 23234, 24576, 337.38
2026/08/10 23:31:59.833, 0, 98, 22946, 24576, 301.63
2026/08/10 23:31:59.834, 1, 98, 20810, 24576, 307.30
2026/08/10 23:31:59.834, 2, 98, 23234, 24576, 328.37
2026/08/10 23:32:04.835, 0, 98, 13570, 24576, 341.98
2026/08/10 23:32:04.836, 1, 98, 23182, 24576, 284.79
2026/08/10 23:32:04.837, 2, 98, 13064, 24576, 329.11
2026/08/10 23:32:09.838, 0, 100, 23674, 24576, 280.89
2026/08/10 23:32:09.838, 1, 100, 20476, 24576, 273.95
2026/08/10 23:32:09.839, 2, 100, 23660, 24576, 314.45
2026/08/10 23:32:14.840, 0, 100, 24068, 24576, 301.10
2026/08/10 23:32:14.840, 1, 95, 20532, 24576, 289.98
2026/08/10 23:32:14.841, 2, 97, 23338, 24576, 322.33
2026/08/10 23:32:19.842, 0, 100, 21868, 24576, 308.74
2026/08/10 23:32:19.842, 1, 88, 22692, 24576, 329.39
2026/08/10 23:32:19.843, 2, 100, 23338, 24576, 330.06
2026/08/10 23:32:24.844, 0, 83, 21868, 24576, 328.69
2026/08/10 23:32:24.844, 1, 80, 22692, 24576, 333.28
2026/08/10 23:32:24.845, 2, 83, 23338, 24576, 323.32
2026/08/10 23:32:29.846, 0, 83, 21868, 24576, 281.07
2026/08/10 23:32:29.847, 1, 81, 22692, 24576, 308.25
2026/08/10 23:32:29.847, 2, 79, 23338, 24576, 327.28
2026/08/10 23:32:34.848, 0, 98, 14410, 24576, 299.33
2026/08/10 23:32:34.849, 1, 98, 14000, 24576, 295.42
2026/08/10 23:32:34.850, 2, 98, 12922, 24576, 289.44
2026/08/10 23:32:39.851, 0, 98, 14410, 24576, 339.46
2026/08/10 23:32:39.851, 1, 98, 13978, 24576, 325.82
2026/08/10 23:32:39.852, 2, 98, 13302, 24576, 324.30
2026/08/10 23:32:44.853, 0, 95, 22966, 24576, 321.98
2026/08/10 23:32:44.853, 1, 100, 21790, 24576, 310.43
2026/08/10 23:32:44.854, 2, 100, 23514, 24576, 321.59
2026/08/10 23:32:49.854, 0, 100, 22966, 24576, 338.10
2026/08/10 23:32:49.855, 1, 91, 21790, 24576, 296.51
2026/08/10 23:32:49.855, 2, 97, 23514, 24576, 325.19
2026/08/10 23:32:54.856, 0, 80, 22966, 24576, 335.13
2026/08/10 23:32:54.857, 1, 81, 21790, 24576, 332.28
2026/08/10 23:32:54.857, 2, 79, 23514, 24576, 328.28
2026/08/10 23:32:59.858, 0, 81, 22966, 24576, 339.59
2026/08/10 23:32:59.859, 1, 82, 21790, 24576, 310.79
2026/08/10 23:32:59.860, 2, 78, 23514, 24576, 327.57
2026/08/10 23:33:04.860, 0, 98, 13530, 24576, 337.36
2026/08/10 23:33:04.861, 1, 98, 21122, 24576, 334.89
2026/08/10 23:33:04.861, 2, 98, 13922, 24576, 324.36
2026/08/10 23:33:09.862, 0, 100, 13530, 24576, 273.17
2026/08/10 23:33:09.863, 1, 98, 13138, 24576, 306.53
2026/08/10 23:33:09.863, 2, 94, 15238, 24576, 281.88
2026/08/10 23:33:14.864, 0, 100, 23448, 24576, 322.90
2026/08/10 23:33:14.865, 1, 97, 22632, 24576, 321.77
2026/08/10 23:33:14.865, 2, 90, 22012, 24576, 304.80
2026/08/10 23:33:19.866, 0, 100, 23448, 24576, 331.13
2026/08/10 23:33:19.866, 1, 100, 22632, 24576, 326.76
2026/08/10 23:33:19.867, 2, 95, 22012, 24576, 322.24
2026/08/10 23:33:24.868, 0, 80, 23448, 24576, 334.48
2026/08/10 23:33:24.869, 1, 83, 22632, 24576, 333.49
2026/08/10 23:33:24.869, 2, 77, 22012, 24576, 327.63
2026/08/10 23:33:29.870, 0, 82, 23448, 24576, 338.17
2026/08/10 23:33:29.871, 1, 85, 22632, 24576, 312.90
2026/08/10 23:33:29.875, 2, 81, 22012, 24576, 322.80
2026/08/10 23:33:34.875, 0, 98, 14410, 24576, 313.72
2026/08/10 23:33:34.876, 1, 98, 13962, 24576, 295.80
2026/08/10 23:33:34.876, 2, 98, 13042, 24576, 334.93
2026/08/10 23:33:39.877, 0, 100, 14410, 24576, 338.13
2026/08/10 23:33:39.878, 1, 99, 13936, 24576, 320.72
2026/08/10 23:33:39.878, 2, 100, 13042, 24576, 317.98
2026/08/10 23:33:44.879, 0, 93, 23088, 24576, 307.22
2026/08/10 23:33:44.880, 1, 93, 22834, 24576, 310.13
2026/08/10 23:33:44.880, 2, 90, 21274, 24576, 319.99
2026/08/10 23:33:49.881, 0, 97, 23088, 24576, 305.90
2026/08/10 23:33:49.882, 1, 93, 22834, 24576, 305.61
2026/08/10 23:33:49.882, 2, 95, 22554, 24576, 325.73
2026/08/10 23:33:54.883, 0, 79, 23088, 24576, 269.36
2026/08/10 23:33:54.884, 1, 80, 22834, 24576, 296.54
2026/08/10 23:33:54.885, 2, 81, 20754, 24576, 275.62
2026/08/10 23:33:59.886, 0, 84, 23088, 24576, 336.84
2026/08/10 23:33:59.886, 1, 81, 22834, 24576, 309.00
2026/08/10 23:33:59.887, 2, 81, 20754, 24576, 327.27
2026/08/10 23:34:04.887, 0, 96, 13490, 24576, 298.92
2026/08/10 23:34:04.888, 1, 95, 13022, 24576, 280.62
2026/08/10 23:34:04.889, 2, 98, 20754, 24576, 324.99
2026/08/10 23:34:09.890, 0, 98, 13490, 24576, 339.20
2026/08/10 23:34:09.890, 1, 100, 13022, 24576, 306.77
2026/08/10 23:34:09.891, 2, 99, 20754, 24576, 318.70
2026/08/10 23:34:14.891, 0, 98, 23028, 24576, 314.63
2026/08/10 23:34:14.892, 1, 100, 23474, 24576, 314.63
2026/08/10 23:34:14.893, 2, 100, 22836, 24576, 340.20
2026/08/10 23:34:19.894, 0, 94, 23028, 24576, 303.00
2026/08/10 23:34:19.894, 1, 93, 21574, 24576, 303.80
2026/08/10 23:34:19.895, 2, 97, 22836, 24576, 311.88
2026/08/10 23:34:24.896, 0, 92, 23028, 24576, 322.75
2026/08/10 23:34:24.897, 1, 99, 23474, 24576, 312.23
2026/08/10 23:34:24.897, 2, 89, 21736, 24576, 322.73
2026/08/10 23:34:29.898, 0, 80, 23028, 24576, 337.69
2026/08/10 23:34:29.899, 1, 80, 23474, 24576, 307.54
2026/08/10 23:34:29.899, 2, 82, 21736, 24576, 330.58
2026/08/10 23:34:34.900, 0, 100, 23028, 24576, 248.41
2026/08/10 23:34:34.901, 1, 80, 23474, 24576, 315.54
2026/08/10 23:34:34.901, 2, 88, 21736, 24576, 292.14
2026/08/10 23:34:39.902, 0, 98, 13692, 24576, 338.74
2026/08/10 23:34:39.902, 1, 98, 17802, 24576, 309.94
2026/08/10 23:34:39.903, 2, 98, 13342, 24576, 319.14
2026/08/10 23:34:44.904, 0, 97, 23688, 24576, 328.08
2026/08/10 23:34:44.905, 1, 96, 22814, 24576, 311.39
2026/08/10 23:34:44.905, 2, 97, 23032, 24576, 321.39
2026/08/10 23:34:49.906, 0, 100, 23688, 24576, 326.59
2026/08/10 23:34:49.906, 1, 93, 22814, 24576, 321.57
2026/08/10 23:34:49.907, 2, 87, 23032, 24576, 320.61
2026/08/10 23:34:54.908, 0, 98, 23688, 24576, 329.52
2026/08/10 23:34:54.909, 1, 94, 20094, 24576, 311.09
2026/08/10 23:34:54.909, 2, 98, 23032, 24576, 319.14
2026/08/10 23:34:59.910, 0, 81, 23688, 24576, 337.48
2026/08/10 23:34:59.910, 1, 82, 22814, 24576, 317.28
2026/08/10 23:34:59.911, 2, 81, 23032, 24576, 336.99
2026/08/10 23:35:04.912, 0, 81, 23688, 24576, 337.15
2026/08/10 23:35:04.912, 1, 82, 22814, 24576, 302.01
2026/08/10 23:35:04.913, 2, 100, 23032, 24576, 175.00
2026/08/10 23:35:09.914, 0, 100, 13552, 24576, 301.99
2026/08/10 23:35:09.914, 1, 98, 18042, 24576, 311.95
2026/08/10 23:35:09.915, 2, 100, 19442, 24576, 331.29
2026/08/10 23:35:14.916, 0, 96, 13972, 24576, 326.88
2026/08/10 23:35:14.917, 1, 100, 14056, 24576, 188.82
2026/08/10 23:35:14.917, 2, 100, 13938, 24576, 171.95
2026/08/10 23:35:19.918, 0, 97, 23228, 24576, 338.85
2026/08/10 23:35:19.918, 1, 100, 22772, 24576, 323.87
2026/08/10 23:35:19.919, 2, 94, 22152, 24576, 300.66
2026/08/10 23:35:24.920, 0, 95, 23228, 24576, 329.59
2026/08/10 23:35:24.921, 1, 93, 22772, 24576, 298.97
2026/08/10 23:35:24.921, 2, 92, 22152, 24576, 297.38
2026/08/10 23:35:29.922, 0, 82, 23228, 24576, 288.52
2026/08/10 23:35:29.923, 1, 81, 22772, 24576, 290.23
2026/08/10 23:35:29.923, 2, 83, 22152, 24576, 282.98
2026/08/10 23:35:34.924, 0, 83, 23228, 24576, 339.04
2026/08/10 23:35:34.924, 1, 84, 22772, 24576, 323.71
2026/08/10 23:35:34.925, 2, 82, 22152, 24576, 290.94
2026/08/10 23:35:39.926, 0, 90, 12752, 24576, 297.26
2026/08/10 23:35:39.926, 1, 98, 23652, 24576, 320.97
2026/08/10 23:35:39.927, 2, 98, 23632, 24576, 335.70
2026/08/10 23:35:44.928, 0, 100, 19872, 24576, 337.03
2026/08/10 23:35:44.929, 1, 100, 13064, 24576, 306.02
2026/08/10 23:35:44.930, 2, 100, 13062, 24576, 332.67
2026/08/10 23:35:49.930, 0, 90, 22386, 24576, 309.45
2026/08/10 23:35:49.934, 1, 87, 21856, 24576, 299.23
2026/08/10 23:35:49.942, 2, 88, 21776, 24576, 316.61
2026/08/10 23:35:54.943, 0, 100, 21686, 24576, 327.48
2026/08/10 23:35:54.943, 1, 100, 21856, 24576, 316.55
2026/08/10 23:35:54.944, 2, 100, 21776, 24576, 327.56
2026/08/10 23:35:59.945, 0, 90, 21686, 24576, 313.41
2026/08/10 23:35:59.945, 1, 94, 21856, 24576, 299.36
2026/08/10 23:35:59.946, 2, 93, 21776, 24576, 323.97
2026/08/10 23:36:04.947, 0, 83, 21686, 24576, 337.47
2026/08/10 23:36:04.948, 1, 80, 21856, 24576, 314.67
2026/08/10 23:36:04.948, 2, 82, 21776, 24576, 333.72
2026/08/10 23:36:09.949, 0, 81, 21686, 24576, 339.28
2026/08/10 23:36:09.950, 1, 81, 21856, 24576, 314.76
2026/08/10 23:36:09.950, 2, 83, 21776, 24576, 330.21
2026/08/10 23:36:14.951, 0, 88, 12730, 24576, 296.22
2026/08/10 23:36:14.951, 1, 98, 21856, 24576, 305.40
2026/08/10 23:36:14.952, 2, 98, 13942, 24576, 324.19
2026/08/10 23:36:19.953, 0, 100, 13450, 24576, 230.71
2026/08/10 23:36:19.953, 1, 100, 21856, 24576, 299.99
2026/08/10 23:36:19.954, 2, 100, 13938, 24576, 239.56
2026/08/10 23:36:24.955, 0, 100, 23308, 24576, 317.22
2026/08/10 23:36:24.955, 1, 100, 23776, 24576, 321.76
2026/08/10 23:36:24.956, 2, 100, 20976, 24576, 297.08
2026/08/10 23:36:29.957, 0, 89, 23308, 24576, 305.71
2026/08/10 23:36:29.957, 1, 96, 23776, 24576, 317.17
2026/08/10 23:36:29.958, 2, 86, 20976, 24576, 295.77
2026/08/10 23:36:34.959, 0, 14, 23308, 24576, 287.86
2026/08/10 23:36:34.959, 1, 22, 21576, 24576, 282.49
2026/08/10 23:36:34.960, 2, 23, 23016, 24576, 281.17
2026/08/10 23:36:39.961, 0, 82, 23308, 24576, 339.26
2026/08/10 23:36:39.961, 1, 85, 21576, 24576, 315.85
2026/08/10 23:36:39.962, 2, 80, 23016, 24576, 337.48
2026/08/10 23:36:44.962, 0, 100, 24008, 24576, 338.95
2026/08/10 23:36:44.963, 1, 99, 23936, 24576, 291.99
2026/08/10 23:36:44.963, 2, 98, 23016, 24576, 337.74
2026/08/10 23:36:49.965, 0, 100, 13730, 24576, 339.55
2026/08/10 23:36:49.966, 1, 98, 13996, 24576, 293.22
2026/08/10 23:36:49.966, 2, 98, 23016, 24576, 316.24
2026/08/10 23:36:54.967, 0, 97, 23508, 24576, 321.89
2026/08/10 23:36:54.968, 1, 89, 21992, 24576, 317.36
2026/08/10 23:36:54.969, 2, 100, 22370, 24576, 315.41
2026/08/10 23:36:59.969, 0, 100, 23508, 24576, 329.63
2026/08/10 23:36:59.970, 1, 90, 21892, 24576, 303.05
2026/08/10 23:36:59.970, 2, 90, 19830, 24576, 301.48
2026/08/10 23:37:04.971, 0, 86, 23508, 24576, 267.73
2026/08/10 23:37:04.972, 1, 91, 21892, 24576, 290.80
2026/08/10 23:37:04.972, 2, 68, 21810, 24576, 265.84
2026/08/10 23:37:09.973, 0, 83, 23508, 24576, 339.59
2026/08/10 23:37:09.974, 1, 82, 21892, 24576, 316.60
2026/08/10 23:37:09.974, 2, 82, 21810, 24576, 336.36
2026/08/10 23:37:14.975, 0, 98, 23508, 24576, 340.08
2026/08/10 23:37:14.975, 1, 100, 13922, 24576, 287.49
2026/08/10 23:37:14.976, 2, 98, 21810, 24576, 324.93
2026/08/10 23:37:19.977, 0, 98, 23508, 24576, 334.79
2026/08/10 23:37:19.977, 1, 98, 21398, 24576, 325.55
2026/08/10 23:37:19.978, 2, 98, 21810, 24576, 322.10
2026/08/10 23:37:24.979, 0, 89, 23508, 24576, 341.24
2026/08/10 23:37:24.980, 1, 100, 22572, 24576, 317.65
2026/08/10 23:37:24.981, 2, 100, 20592, 24576, 327.77
2026/08/10 23:37:29.981, 0, 100, 23508, 24576, 324.63
2026/08/10 23:37:29.982, 1, 97, 22572, 24576, 308.99
2026/08/10 23:37:29.982, 2, 97, 22572, 24576, 323.52
2026/08/10 23:37:34.983, 0, 83, 23508, 24576, 335.61
2026/08/10 23:37:34.984, 1, 81, 22572, 24576, 330.98
2026/08/10 23:37:34.984, 2, 84, 22572, 24576, 333.27
2026/08/10 23:37:39.985, 0, 84, 23508, 24576, 339.13
2026/08/10 23:37:39.985, 1, 82, 22572, 24576, 312.82
2026/08/10 23:37:39.986, 2, 81, 22572, 24576, 329.70
2026/08/10 23:37:44.987, 0, 98, 19090, 24576, 312.73
2026/08/10 23:37:44.988, 1, 100, 22572, 24576, 312.94
2026/08/10 23:37:44.988, 2, 100, 22572, 24576, 304.51
2026/08/10 23:37:49.989, 0, 100, 13930, 24576, 336.90
2026/08/10 23:37:49.990, 1, 100, 22572, 24576, 238.35
2026/08/10 23:37:49.990, 2, 100, 22572, 24576, 217.79
2026/08/10 23:37:54.991, 0, 100, 24192, 24576, 338.50
2026/08/10 23:37:54.992, 1, 88, 22572, 24576, 312.55
2026/08/10 23:37:54.993, 2, 100, 21750, 24576, 310.98
2026/08/10 23:37:59.993, 0, 100, 24192, 24576, 337.49
2026/08/10 23:37:59.994, 1, 100, 22572, 24576, 314.49
2026/08/10 23:37:59.994, 2, 98, 21750, 24576, 299.17
2026/08/10 23:38:04.995, 0, 92, 24192, 24576, 329.82
2026/08/10 23:38:04.996, 1, 97, 22572, 24576, 298.98
2026/08/10 23:38:04.996, 2, 90, 19390, 24576, 281.74
2026/08/10 23:38:09.997, 0, 82, 24192, 24576, 335.96
2026/08/10 23:38:09.998, 1, 82, 22572, 24576, 319.56
2026/08/10 23:38:09.998, 2, 83, 21750, 24576, 327.98
2026/08/10 23:38:14.999, 0, 100, 24192, 24576, 335.05
2026/08/10 23:38:15.000, 1, 98, 22572, 24576, 334.05
2026/08/10 23:38:15.001, 2, 98, 21750, 24576, 336.01
2026/08/10 23:38:20.001, 0, 98, 13870, 24576, 334.14
2026/08/10 23:38:20.002, 1, 98, 13322, 24576, 308.04
2026/08/10 23:38:20.003, 2, 100, 21750, 24576, 328.69
2026/08/10 23:38:25.003, 0, 94, 22070, 24576, 323.09
2026/08/10 23:38:25.004, 1, 100, 23052, 24576, 327.13
2026/08/10 23:38:25.004, 2, 100, 22792, 24576, 315.61
2026/08/10 23:38:30.005, 0, 91, 22070, 24576, 324.80
2026/08/10 23:38:30.006, 1, 100, 23052, 24576, 319.70
2026/08/10 23:38:30.006, 2, 100, 22792, 24576, 313.01
2026/08/10 23:38:35.007, 0, 90, 22070, 24576, 326.57
2026/08/10 23:38:35.008, 1, 97, 23052, 24576, 313.28
2026/08/10 23:38:35.008, 2, 97, 22792, 24576, 308.35
2026/08/10 23:38:40.009, 0, 82, 22070, 24576, 335.76
2026/08/10 23:38:40.010, 1, 80, 23052, 24576, 315.20
2026/08/10 23:38:40.010, 2, 82, 22792, 24576, 329.89
2026/08/10 23:38:45.011, 0, 82, 22070, 24576, 338.25
2026/08/10 23:38:45.012, 1, 90, 23052, 24576, 296.99
2026/08/10 23:38:45.012, 2, 81, 22792, 24576, 339.57
2026/08/10 23:38:50.013, 0, 98, 13570, 24576, 338.30
2026/08/10 23:38:50.014, 1, 100, 24142, 24576, 321.12
2026/08/10 23:38:50.015, 2, 97, 13042, 24576, 339.43
2026/08/10 23:38:55.015, 0, 86, 21840, 24576, 245.78
2026/08/10 23:38:55.016, 1, 69, 20824, 24576, 286.11
2026/08/10 23:38:55.016, 2, 86, 21104, 24576, 230.88
2026/08/10 23:39:00.017, 0, 95, 24128, 24576, 329.18
2026/08/10 23:39:00.018, 1, 96, 22834, 24576, 309.51
2026/08/10 23:39:00.018, 2, 92, 23014, 24576, 325.91
2026/08/10 23:39:05.019, 0, 100, 24128, 24576, 332.23
2026/08/10 23:39:05.020, 1, 100, 22834, 24576, 323.81
2026/08/10 23:39:05.020, 2, 100, 23014, 24576, 335.07
2026/08/10 23:39:10.021, 0, 81, 21908, 24576, 335.23
2026/08/10 23:39:10.022, 1, 82, 20894, 24576, 316.85
2026/08/10 23:39:10.023, 2, 82, 20794, 24576, 336.54
2026/08/10 23:39:15.024, 0, 82, 21908, 24576, 339.10
2026/08/10 23:39:15.024, 1, 84, 20894, 24576, 312.61
2026/08/10 23:39:15.025, 2, 82, 20794, 24576, 326.42
2026/08/10 23:39:20.026, 0, 98, 13450, 24576, 302.43
2026/08/10 23:39:20.026, 1, 98, 12862, 24576, 309.67
2026/08/10 23:39:20.027, 2, 98, 12862, 24576, 325.14
2026/08/10 23:39:25.028, 0, 88, 23568, 24576, 323.02
2026/08/10 23:39:25.028, 1, 95, 22130, 24576, 298.13
2026/08/10 23:39:25.029, 2, 87, 22834, 24576, 306.95
2026/08/10 23:39:30.029, 0, 89, 21848, 24576, 327.82
2026/08/10 23:39:30.030, 1, 87, 20472, 24576, 309.28
2026/08/10 23:39:30.030, 2, 88, 20814, 24576, 326.81
2026/08/10 23:39:35.031, 0, 100, 21848, 24576, 328.20
2026/08/10 23:39:35.032, 1, 95, 20472, 24576, 300.17
2026/08/10 23:39:35.032, 2, 100, 20814, 24576, 317.90
2026/08/10 23:39:40.033, 0, 81, 21848, 24576, 335.26
2026/08/10 23:39:40.034, 1, 82, 20472, 24576, 307.39
2026/08/10 23:39:40.035, 2, 82, 20814, 24576, 336.03
2026/08/10 23:39:45.035, 0, 79, 21848, 24576, 311.90
2026/08/10 23:39:45.036, 1, 82, 20472, 24576, 329.06
2026/08/10 23:39:45.037, 2, 82, 20814, 24576, 334.16
2026/08/10 23:39:50.038, 0, 98, 23730, 24576, 334.98
2026/08/10 23:39:50.038, 1, 98, 13064, 24576, 311.16
2026/08/10 23:39:50.039, 2, 98, 13042, 24576, 335.07
2026/08/10 23:39:55.040, 0, 98, 23730, 24576, 334.79
2026/08/10 23:39:55.040, 1, 100, 13064, 24576, 305.05
2026/08/10 23:39:55.041, 2, 100, 13042, 24576, 224.22
2026/08/10 23:40:00.041, 0, 98, 23930, 24576, 324.98
2026/08/10 23:40:00.042, 1, 93, 23858, 24576, 313.51
2026/08/10 23:40:00.042, 2, 100, 21032, 24576, 282.09
2026/08/10 23:40:05.043, 0, 100, 23930, 24576, 324.85
2026/08/10 23:40:05.044, 1, 100, 23478, 24576, 320.44
2026/08/10 23:40:05.044, 2, 98, 20652, 24576, 297.19
2026/08/10 23:40:10.045, 0, 88, 23930, 24576, 326.21
2026/08/10 23:40:10.046, 1, 89, 23858, 24576, 315.26
2026/08/10 23:40:10.047, 2, 100, 22892, 24576, 308.26
2026/08/10 23:40:15.048, 0, 82, 23930, 24576, 336.11
2026/08/10 23:40:15.048, 1, 83, 23478, 24576, 309.52
2026/08/10 23:40:15.049, 2, 82, 20652, 24576, 330.12
2026/08/10 23:40:20.050, 0, 85, 23930, 24576, 341.14
2026/08/10 23:40:20.050, 1, 88, 23478, 24576, 284.56
2026/08/10 23:40:20.051, 2, 100, 20652, 24576, 172.13
2026/08/10 23:40:25.052, 0, 98, 13490, 24576, 341.57
2026/08/10 23:40:25.052, 1, 98, 14062, 24576, 316.34
2026/08/10 23:40:25.053, 2, 98, 12800, 24576, 339.86
2026/08/10 23:40:30.053, 0, 100, 23132, 24576, 276.84
2026/08/10 23:40:30.054, 1, 99, 20616, 24576, 297.79
2026/08/10 23:40:30.055, 2, 100, 21744, 24576, 274.17
2026/08/10 23:40:35.056, 0, 100, 23186, 24576, 338.88
2026/08/10 23:40:35.057, 1, 100, 20674, 24576, 310.70
2026/08/10 23:40:35.057, 2, 100, 20850, 24576, 319.38
2026/08/10 23:40:40.058, 0, 95, 23186, 24576, 339.96
2026/08/10 23:40:40.059, 1, 100, 20674, 24576, 302.92
2026/08/10 23:40:40.060, 2, 100, 20850, 24576, 314.53
2026/08/10 23:40:45.061, 0, 83, 21066, 24576, 337.00
2026/08/10 23:40:45.061, 1, 83, 22794, 24576, 317.71
2026/08/10 23:40:45.062, 2, 83, 20850, 24576, 335.76
2026/08/10 23:40:50.063, 0, 82, 21066, 24576, 339.93
2026/08/10 23:40:50.063, 1, 82, 22794, 24576, 312.54
2026/08/10 23:40:50.064, 2, 83, 20850, 24576, 340.09
2026/08/10 23:40:55.065, 0, 98, 16230, 24576, 319.90
2026/08/10 23:40:55.065, 1, 98, 13040, 24576, 313.90
2026/08/10 23:40:55.065, 2, 98, 14042, 24576, 336.19
2026/08/10 23:41:00.067, 0, 91, 23632, 24576, 304.25
2026/08/10 23:41:00.067, 1, 98, 22056, 24576, 270.41
2026/08/10 23:41:00.068, 2, 88, 20794, 24576, 285.07
2026/08/10 23:41:05.069, 0, 100, 23688, 24576, 334.87
2026/08/10 23:41:05.070, 1, 100, 21748, 24576, 328.72
2026/08/10 23:41:05.070, 2, 100, 20854, 24576, 319.52
2026/08/10 23:41:10.071, 0, 89, 23688, 24576, 334.11
2026/08/10 23:41:10.071, 1, 89, 21748, 24576, 319.12
2026/08/10 23:41:10.072, 2, 89, 21214, 24576, 313.94
2026/08/10 23:41:15.073, 0, 82, 23688, 24576, 337.11
2026/08/10 23:41:15.073, 1, 82, 21748, 24576, 319.60
2026/08/10 23:41:15.074, 2, 80, 22954, 24576, 336.25
2026/08/10 23:41:20.075, 0, 84, 23688, 24576, 304.65
2026/08/10 23:41:20.076, 1, 83, 21748, 24576, 316.90
2026/08/10 23:41:20.076, 2, 84, 22954, 24576, 318.87
2026/08/10 23:41:25.077, 0, 89, 14250, 24576, 297.72
2026/08/10 23:41:25.078, 1, 98, 12902, 24576, 326.77
2026/08/10 23:41:25.078, 2, 97, 13062, 24576, 330.11
2026/08/10 23:41:30.079, 0, 88, 19854, 24576, 221.76
2026/08/10 23:41:30.082, 1, 100, 23010, 24576, 250.66
2026/08/10 23:41:30.083, 2, 100, 23312, 24576, 302.34
2026/08/10 23:41:35.084, 0, 100, 19942, 24576, 297.07
2026/08/10 23:41:35.084, 1, 100, 23074, 24576, 311.27
2026/08/10 23:41:35.085, 2, 100, 23734, 24576, 335.07
2026/08/10 23:41:40.086, 0, 86, 20242, 24576, 293.36
2026/08/10 23:41:40.086, 1, 89, 23074, 24576, 310.71
2026/08/10 23:41:40.087, 2, 89, 23734, 24576, 332.04
2026/08/10 23:41:45.088, 0, 77, 21802, 24576, 336.00
2026/08/10 23:41:45.088, 1, 82, 23074, 24576, 299.43
2026/08/10 23:41:45.089, 2, 81, 21534, 24576, 334.78
2026/08/10 23:41:50.089, 0, 82, 21802, 24576, 339.26
2026/08/10 23:41:50.090, 1, 84, 23074, 24576, 314.60
2026/08/10 23:41:50.091, 2, 81, 21534, 24576, 327.01
2026/08/10 23:41:55.092, 0, 91, 13470, 24576, 299.65
2026/08/10 23:41:55.092, 1, 98, 13942, 24576, 307.03
2026/08/10 23:41:55.093, 2, 98, 24142, 24576, 328.35
2026/08/10 23:42:00.094, 0, 92, 23346, 24576, 320.58
2026/08/10 23:42:00.095, 1, 100, 20426, 24576, 255.12
2026/08/10 23:42:00.095, 2, 100, 22590, 24576, 267.34
2026/08/10 23:42:05.096, 0, 89, 21648, 24576, 328.86
2026/08/10 23:42:05.097, 1, 100, 20492, 24576, 317.88
2026/08/10 23:42:05.097, 2, 100, 22652, 24576, 334.67
2026/08/10 23:42:10.098, 0, 100, 23748, 24576, 329.67
2026/08/10 23:42:10.099, 1, 97, 22532, 24576, 307.26
2026/08/10 23:42:10.099, 2, 97, 22652, 24576, 321.07
2026/08/10 23:42:15.100, 0, 81, 23748, 24576, 337.69
2026/08/10 23:42:15.100, 1, 82, 22532, 24576, 315.96
2026/08/10 23:42:15.101, 2, 81, 22652, 24576, 335.53
2026/08/10 23:42:20.105, 0, 82, 23748, 24576, 339.95
2026/08/10 23:42:20.106, 1, 87, 22532, 24576, 276.62
2026/08/10 23:42:20.106, 2, 80, 22652, 24576, 322.59
2026/08/10 23:42:25.107, 0, 98, 13570, 24576, 340.17
2026/08/10 23:42:25.108, 1, 77, 12776, 24576, 269.96
2026/08/10 23:42:25.110, 2, 88, 11884, 24576, 286.68
2026/08/10 23:42:30.111, 0, 100, 13570, 24576, 185.33
2026/08/10 23:42:30.111, 1, 100, 13136, 24576, 196.83
2026/08/10 23:42:30.112, 2, 100, 13004, 24576, 317.76
2026/08/10 23:42:35.112, 0, 96, 21788, 24576, 319.61
2026/08/10 23:42:35.113, 1, 100, 22492, 24576, 330.21
2026/08/10 23:42:35.113, 2, 99, 21836, 24576, 324.58
2026/08/10 23:42:40.114, 0, 92, 21788, 24576, 314.56
2026/08/10 23:42:40.115, 1, 100, 22492, 24576, 325.07
2026/08/10 23:42:40.116, 2, 96, 21836, 24576, 324.01
2026/08/10 23:42:45.117, 0, 79, 21788, 24576, 305.06
2026/08/10 23:42:45.118, 1, 81, 22492, 24576, 317.68
2026/08/10 23:42:45.118, 2, 79, 21836, 24576, 308.26
2026/08/10 23:42:50.119, 0, 83, 21788, 24576, 338.79
2026/08/10 23:42:50.120, 1, 82, 22492, 24576, 315.10
2026/08/10 23:42:50.120, 2, 82, 21836, 24576, 323.64
2026/08/10 23:42:55.121, 0, 98, 21788, 24576, 339.48
2026/08/10 23:42:55.122, 1, 98, 12902, 24576, 283.32
2026/08/10 23:42:55.122, 2, 98, 13062, 24576, 286.13
2026/08/10 23:43:00.123, 0, 98, 21788, 24576, 338.31
2026/08/10 23:43:00.124, 1, 98, 13282, 24576, 278.63
2026/08/10 23:43:00.124, 2, 98, 13064, 24576, 324.78
2026/08/10 23:43:05.125, 0, 100, 23506, 24576, 326.11
2026/08/10 23:43:05.126, 1, 100, 23052, 24576, 302.13
2026/08/10 23:43:05.126, 2, 100, 23916, 24576, 334.50
2026/08/10 23:43:10.127, 0, 88, 23666, 24576, 331.49
2026/08/10 23:43:10.128, 1, 100, 23052, 24576, 317.24
2026/08/10 23:43:10.129, 2, 88, 24076, 24576, 332.17
2026/08/10 23:43:15.129, 0, 87, 23666, 24576, 328.05
2026/08/10 23:43:15.130, 1, 89, 23052, 24576, 313.42
2026/08/10 23:43:15.131, 2, 88, 24076, 24576, 332.70
2026/08/10 23:43:20.131, 0, 80, 21466, 24576, 336.47
2026/08/10 23:43:20.132, 1, 82, 23052, 24576, 322.43
2026/08/10 23:43:20.133, 2, 79, 21856, 24576, 324.11
2026/08/10 23:43:25.133, 0, 98, 21466, 24576, 277.92
2026/08/10 23:43:25.134, 1, 98, 23052, 24576, 310.16
2026/08/10 23:43:25.134, 2, 100, 21856, 24576, 278.74
2026/08/10 23:43:30.135, 0, 100, 22170, 24576, 339.27
2026/08/10 23:43:30.136, 1, 100, 13344, 24576, 312.38
2026/08/10 23:43:30.136, 2, 98, 13262, 24576, 316.95
2026/08/10 23:43:35.137, 0, 97, 20808, 24576, 262.05
2026/08/10 23:43:35.138, 1, 100, 23820, 24576, 300.40
2026/08/10 23:43:35.138, 2, 100, 22778, 24576, 266.23
2026/08/10 23:43:40.139, 0, 100, 20866, 24576, 310.17
2026/08/10 23:43:40.140, 1, 89, 23876, 24576, 323.13
2026/08/10 23:43:40.141, 2, 87, 22832, 24576, 322.21
2026/08/10 23:43:45.141, 0, 86, 21226, 24576, 312.63
2026/08/10 23:43:45.142, 1, 91, 23876, 24576, 306.82
2026/08/10 23:43:45.143, 2, 100, 22832, 24576, 321.56
2026/08/10 23:43:50.143, 0, 79, 23006, 24576, 336.27
2026/08/10 23:43:50.144, 1, 82, 23876, 24576, 308.52
2026/08/10 23:43:50.144, 2, 81, 22832, 24576, 335.20
2026/08/10 23:43:55.145, 0, 81, 23006, 24576, 340.45
2026/08/10 23:43:55.146, 1, 83, 23876, 24576, 312.95
2026/08/10 23:43:55.146, 2, 82, 22832, 24576, 336.35
2026/08/10 23:44:00.147, 0, 98, 13430, 24576, 300.11
2026/08/10 23:44:00.147, 1, 97, 12882, 24576, 304.67
2026/08/10 23:44:00.148, 2, 98, 13042, 24576, 324.67
2026/08/10 23:44:05.149, 0, 89, 22904, 24576, 299.79
2026/08/10 23:44:05.150, 1, 88, 22908, 24576, 296.71
2026/08/10 23:44:05.150, 2, 88, 22866, 24576, 309.64
2026/08/10 23:44:10.151, 0, 97, 22904, 24576, 306.78
2026/08/10 23:44:10.152, 1, 97, 22912, 24576, 313.92
2026/08/10 23:44:10.153, 2, 92, 20652, 24576, 325.23
2026/08/10 23:44:15.153, 0, 88, 22904, 24576, 329.45
2026/08/10 23:44:15.154, 1, 89, 22912, 24576, 323.21
2026/08/10 23:44:15.155, 2, 100, 20652, 24576, 321.64
2026/08/10 23:44:20.156, 0, 80, 22904, 24576, 337.91
2026/08/10 23:44:20.156, 1, 86, 22912, 24576, 334.93
2026/08/10 23:44:20.156, 2, 81, 20652, 24576, 333.71
2026/08/10 23:44:25.157, 0, 100, 22904, 24576, 273.27
2026/08/10 23:44:25.158, 1, 87, 22912, 24576, 318.51
2026/08/10 23:44:25.159, 2, 83, 20652, 24576, 322.18
2026/08/10 23:44:30.159, 0, 89, 14430, 24576, 300.20
2026/08/10 23:44:30.160, 1, 98, 23882, 24576, 296.43
2026/08/10 23:44:30.160, 2, 98, 20652, 24576, 320.63
2026/08/10 23:44:35.161, 0, 100, 14470, 24576, 239.10
2026/08/10 23:44:35.162, 1, 91, 12220, 24576, 295.64
2026/08/10 23:44:35.163, 2, 100, 20652, 24576, 317.15
2026/08/10 23:44:40.164, 0, 88, 23128, 24576, 313.74
2026/08/10 23:44:40.164, 1, 89, 23014, 24576, 309.11
2026/08/10 23:44:40.166, 2, 88, 23896, 24576, 333.10
2026/08/10 23:44:45.166, 0, 100, 23128, 24576, 314.16
2026/08/10 23:44:45.167, 1, 100, 23014, 24576, 312.03
2026/08/10 23:44:45.167, 2, 100, 23896, 24576, 334.52
2026/08/10 23:44:50.168, 0, 24, 23128, 24576, 275.42
2026/08/10 23:44:50.169, 1, 61, 23014, 24576, 289.55
2026/08/10 23:44:50.169, 2, 23, 21676, 24576, 276.06
2026/08/10 23:44:55.170, 0, 0, 23128, 24576, 273.68
2026/08/10 23:44:55.170, 1, 83, 23014, 24576, 319.72
2026/08/10 23:44:55.171, 2, 80, 21676, 24576, 328.81
2026/08/10 23:45:00.172, 0, 97, 23128, 24576, 339.73
2026/08/10 23:45:00.173, 1, 99, 23014, 24576, 325.99
2026/08/10 23:45:00.173, 2, 98, 21676, 24576, 323.47
2026/08/10 23:45:05.174, 0, 99, 13570, 24576, 341.49
2026/08/10 23:45:05.175, 1, 98, 23962, 24576, 313.72
2026/08/10 23:45:05.175, 2, 98, 18284, 24576, 323.46
2026/08/10 23:45:10.176, 0, 92, 23748, 24576, 254.79
2026/08/10 23:45:10.177, 1, 85, 21292, 24576, 248.23
2026/08/10 23:45:10.178, 2, 87, 23434, 24576, 309.91
2026/08/10 23:45:15.179, 0, 88, 21968, 24576, 308.64
2026/08/10 23:45:15.179, 1, 89, 22052, 24576, 314.05
2026/08/10 23:45:15.180, 2, 87, 23496, 24576, 327.58
2026/08/10 23:45:20.181, 0, 93, 21968, 24576, 304.24
2026/08/10 23:45:20.181, 1, 89, 21352, 24576, 304.32
2026/08/10 23:45:20.182, 2, 90, 23496, 24576, 316.53
2026/08/10 23:45:25.183, 0, 83, 21968, 24576, 274.38
2026/08/10 23:45:25.183, 1, 82, 21352, 24576, 285.33
2026/08/10 23:45:25.184, 2, 79, 23496, 24576, 271.57
2026/08/10 23:45:30.185, 0, 83, 21968, 24576, 338.69
2026/08/10 23:45:30.185, 1, 85, 21352, 24576, 320.33
2026/08/10 23:45:30.186, 2, 81, 23496, 24576, 333.31
2026/08/10 23:45:35.187, 0, 98, 14390, 24576, 298.33
2026/08/10 23:45:35.187, 1, 98, 13902, 24576, 290.53
2026/08/10 23:45:35.189, 2, 98, 13902, 24576, 293.44
2026/08/10 23:45:40.190, 0, 98, 14390, 24576, 340.84
2026/08/10 23:45:40.190, 1, 98, 21436, 24576, 322.86
2026/08/10 23:45:40.191, 2, 98, 21418, 24576, 336.71
2026/08/10 23:45:45.192, 0, 87, 23186, 24576, 314.63
2026/08/10 23:45:45.192, 1, 89, 20832, 24576, 307.06
2026/08/10 23:45:45.193, 2, 87, 20852, 24576, 308.42
2026/08/10 23:45:50.194, 0, 97, 23186, 24576, 328.99
2026/08/10 23:45:50.194, 1, 100, 20832, 24576, 299.86
2026/08/10 23:45:50.195, 2, 100, 20852, 24576, 310.72
2026/08/10 23:45:55.196, 0, 80, 23186, 24576, 283.61
2026/08/10 23:45:55.200, 1, 82, 22852, 24576, 284.04
2026/08/10 23:45:55.200, 2, 78, 22872, 24576, 269.46
2026/08/10 23:46:00.201, 0, 82, 23186, 24576, 340.10
2026/08/10 23:46:00.207, 1, 85, 22852, 24576, 315.93
2026/08/10 23:46:00.211, 2, 82, 22872, 24576, 337.42
2026/08/10 23:46:05.212, 0, 100, 23486, 24576, 341.44
2026/08/10 23:46:05.213, 1, 98, 24192, 24576, 314.52
2026/08/10 23:46:05.213, 2, 94, 13452, 24576, 307.69
2026/08/10 23:46:10.214, 0, 98, 13590, 24576, 340.79
2026/08/10 23:46:10.215, 1, 98, 13062, 24576, 304.90
2026/08/10 23:46:10.215, 2, 98, 13042, 24576, 327.24
2026/08/10 23:46:15.216, 0, 89, 23990, 24576, 334.56
2026/08/10 23:46:15.217, 1, 100, 21796, 24576, 313.29
2026/08/10 23:46:15.218, 2, 100, 21454, 24576, 314.78
2026/08/10 23:46:20.218, 0, 100, 23990, 24576, 341.66
2026/08/10 23:46:20.219, 1, 91, 21796, 24576, 309.25
2026/08/10 23:46:20.220, 2, 90, 21454, 24576, 311.16
2026/08/10 23:46:25.221, 0, 100, 23990, 24576, 335.01
2026/08/10 23:46:25.229, 1, 88, 23996, 24576, 326.51
2026/08/10 23:46:25.229, 2, 100, 23654, 24576, 316.25
2026/08/10 23:46:30.231, 0, 85, 23990, 24576, 336.61
2026/08/10 23:46:30.231, 1, 84, 21796, 24576, 317.73
2026/08/10 23:46:30.235, 2, 77, 21454, 24576, 329.92
2026/08/10 23:46:35.236, 0, 82, 23990, 24576, 339.52
2026/08/10 23:46:35.236, 1, 83, 21796, 24576, 311.58
2026/08/10 23:46:35.237, 2, 80, 21454, 24576, 336.58
2026/08/10 23:46:40.237, 0, 98, 16290, 24576, 301.32
2026/08/10 23:46:40.238, 1, 89, 15842, 24576, 293.14
2026/08/10 23:46:40.238, 2, 98, 14282, 24576, 335.13
2026/08/10 23:46:45.239, 0, 87, 22218, 24576, 268.96
2026/08/10 23:46:45.240, 1, 88, 21662, 24576, 265.45
2026/08/10 23:46:45.241, 2, 82, 22044, 24576, 200.95
2026/08/10 23:46:50.242, 0, 96, 21906, 24576, 323.02
2026/08/10 23:46:50.244, 1, 91, 21850, 24576, 312.93
2026/08/10 23:46:50.245, 2, 93, 22052, 24576, 319.98
2026/08/10 23:46:55.246, 0, 88, 23326, 24576, 304.99
2026/08/10 23:46:55.246, 1, 87, 21710, 24576, 282.62
2026/08/10 23:46:55.247, 2, 78, 20732, 24576, 299.29
2026/08/10 23:47:00.248, 0, 83, 23326, 24576, 336.43
2026/08/10 23:47:00.249, 1, 83, 21710, 24576, 329.53
2026/08/10 23:47:00.249, 2, 76, 22772, 24576, 335.49
2026/08/10 23:47:05.250, 0, 83, 23326, 24576, 338.17
2026/08/10 23:47:05.250, 1, 85, 21710, 24576, 315.28
2026/08/10 23:47:05.251, 2, 82, 22772, 24576, 337.44
2026/08/10 23:47:10.252, 0, 98, 24050, 24576, 338.34
2026/08/10 23:47:10.253, 1, 98, 12862, 24576, 304.67
2026/08/10 23:47:10.253, 2, 98, 13042, 24576, 337.69
2026/08/10 23:47:15.254, 0, 90, 14670, 24576, 299.23
2026/08/10 23:47:15.254, 1, 46, 12862, 24576, 293.26
2026/08/10 23:47:15.255, 2, 38, 13042, 24576, 302.84
2026/08/10 23:47:20.256, 0, 92, 23228, 24576, 319.42
2026/08/10 23:47:20.256, 1, 88, 19872, 24576, 304.91
2026/08/10 23:47:20.257, 2, 88, 20572, 24576, 314.06
2026/08/10 23:47:25.258, 0, 91, 23228, 24576, 314.87
2026/08/10 23:47:25.258, 1, 90, 20792, 24576, 306.09
2026/08/10 23:47:25.259, 2, 88, 20572, 24576, 311.43
2026/08/10 23:47:30.260, 0, 80, 23228, 24576, 307.86
2026/08/10 23:47:30.260, 1, 83, 20792, 24576, 317.73
2026/08/10 23:47:30.261, 2, 83, 20572, 24576, 320.83
2026/08/10 23:47:35.262, 0, 84, 23228, 24576, 339.96
2026/08/10 23:47:35.262, 1, 85, 20792, 24576, 312.89
2026/08/10 23:47:35.263, 2, 80, 20572, 24576, 336.62
2026/08/10 23:47:40.264, 0, 98, 13550, 24576, 340.63
2026/08/10 23:47:40.264, 1, 98, 19702, 24576, 295.43
2026/08/10 23:47:40.265, 2, 98, 13000, 24576, 331.43
2026/08/10 23:47:45.266, 0, 42, 13550, 24576, 300.68
2026/08/10 23:47:45.266, 1, 98, 13022, 24576, 318.69
2026/08/10 23:47:45.267, 2, 70, 13000, 24576, 284.36
2026/08/10 23:47:50.267, 0, 89, 22866, 24576, 313.22
2026/08/10 23:47:50.268, 1, 93, 23052, 24576, 307.41
2026/08/10 23:47:50.269, 2, 91, 20450, 24576, 298.30
2026/08/10 23:47:55.270, 0, 98, 22866, 24576, 326.70
2026/08/10 23:47:55.270, 1, 100, 23052, 24576, 313.40
2026/08/10 23:47:55.271, 2, 98, 20450, 24576, 301.45
2026/08/10 23:48:00.272, 0, 83, 22866, 24576, 336.66
2026/08/10 23:48:00.272, 1, 81, 23052, 24576, 327.19
2026/08/10 23:48:00.273, 2, 82, 20450, 24576, 333.73
2026/08/10 23:48:05.274, 0, 81, 22866, 24576, 339.47
2026/08/10 23:48:05.274, 1, 82, 23052, 24576, 309.64
2026/08/10 23:48:05.275, 2, 83, 20450, 24576, 337.74
2026/08/10 23:48:10.276, 0, 98, 19070, 24576, 320.31
2026/08/10 23:48:10.277, 1, 98, 14042, 24576, 305.11
2026/08/10 23:48:10.277, 2, 100, 20450, 24576, 323.51
2026/08/10 23:48:15.278, 0, 100, 19070, 24576, 315.50
2026/08/10 23:48:15.279, 1, 98, 14018, 24576, 307.87
2026/08/10 23:48:15.279, 2, 91, 20450, 24576, 282.92
2026/08/10 23:48:20.280, 0, 95, 24210, 24576, 332.78
2026/08/10 23:48:20.281, 1, 91, 23454, 24576, 313.31
2026/08/10 23:48:20.281, 2, 91, 21494, 24576, 306.28
2026/08/10 23:48:25.283, 0, 94, 24210, 24576, 333.32
2026/08/10 23:48:25.283, 1, 90, 23454, 24576, 308.64
2026/08/10 23:48:25.284, 2, 90, 21494, 24576, 312.49
2026/08/10 23:48:30.284, 0, 93, 24210, 24576, 329.67
2026/08/10 23:48:30.285, 1, 90, 23454, 24576, 305.37
2026/08/10 23:48:30.285, 2, 87, 21494, 24576, 307.60
2026/08/10 23:48:35.286, 0, 81, 24210, 24576, 337.64
2026/08/10 23:48:35.287, 1, 80, 23454, 24576, 321.57
2026/08/10 23:48:35.287, 2, 81, 21494, 24576, 335.73
2026/08/10 23:48:40.288, 0, 98, 24210, 24576, 277.08
2026/08/10 23:48:40.289, 1, 98, 23454, 24576, 300.74
2026/08/10 23:48:40.289, 2, 98, 21494, 24576, 337.55
2026/08/10 23:48:45.290, 0, 98, 24030, 24576, 338.04
2026/08/10 23:48:45.291, 1, 98, 23182, 24576, 298.98
2026/08/10 23:48:45.292, 2, 100, 21662, 24576, 335.84
2026/08/10 23:48:50.292, 0, 97, 22284, 24576, 304.81
2026/08/10 23:48:50.293, 1, 94, 20674, 24576, 287.67
2026/08/10 23:48:50.294, 2, 97, 23012, 24576, 312.51
2026/08/10 23:48:55.294, 0, 93, 22944, 24576, 314.22
2026/08/10 23:48:55.295, 1, 96, 20674, 24576, 305.98
2026/08/10 23:48:55.296, 2, 100, 23012, 24576, 334.91
2026/08/10 23:49:00.297, 0, 100, 22944, 24576, 325.97
2026/08/10 23:49:00.297, 1, 100, 20674, 24576, 307.30
2026/08/10 23:49:00.298, 2, 87, 23012, 24576, 331.77
2026/08/10 23:49:05.299, 0, 83, 22944, 24576, 338.23
2026/08/10 23:49:05.299, 1, 82, 22754, 24576, 313.75
2026/08/10 23:49:05.300, 2, 84, 23012, 24576, 337.48
2026/08/10 23:49:10.301, 0, 98, 22944, 24576, 340.88
2026/08/10 23:49:10.301, 1, 98, 22754, 24576, 262.81
2026/08/10 23:49:10.302, 2, 98, 23012, 24576, 266.91
2026/08/10 23:49:15.303, 0, 98, 13570, 24576, 339.94
2026/08/10 23:49:15.304, 1, 98, 13342, 24576, 326.17
2026/08/10 23:49:15.305, 2, 98, 23012, 24576, 329.12
2026/08/10 23:49:20.305, 0, 89, 23586, 24576, 326.18
2026/08/10 23:49:20.306, 1, 100, 23274, 24576, 306.32
2026/08/10 23:49:20.306, 2, 100, 23052, 24576, 322.02
2026/08/10 23:49:25.307, 0, 100, 23586, 24576, 340.13
2026/08/10 23:49:25.308, 1, 100, 23274, 24576, 312.64
2026/08/10 23:49:25.308, 2, 100, 23052, 24576, 325.81
2026/08/10 23:49:30.309, 0, 96, 21386, 24576, 326.59
2026/08/10 23:49:30.310, 1, 98, 23274, 24576, 313.60
2026/08/10 23:49:30.310, 2, 97, 23052, 24576, 319.31
2026/08/10 23:49:35.311, 0, 79, 21386, 24576, 337.02
2026/08/10 23:49:35.312, 1, 85, 23274, 24576, 313.86
2026/08/10 23:49:35.312, 2, 84, 23052, 24576, 336.74
2026/08/10 23:49:40.313, 0, 98, 21406, 24576, 339.30
2026/08/10 23:49:40.314, 1, 98, 23274, 24576, 308.60
2026/08/10 23:49:40.314, 2, 98, 23052, 24576, 337.30
2026/08/10 23:49:45.315, 0, 96, 13750, 24576, 328.30
2026/08/10 23:49:45.316, 1, 92, 14022, 24576, 257.84
2026/08/10 23:49:45.316, 2, 98, 13202, 24576, 336.11
2026/08/10 23:49:50.317, 0, 89, 23588, 24576, 324.04
2026/08/10 23:49:50.318, 1, 89, 22934, 24576, 320.14
2026/08/10 23:49:50.318, 2, 88, 22390, 24576, 311.59
2026/08/10 23:49:55.319, 0, 97, 23588, 24576, 334.58
2026/08/10 23:49:55.319, 1, 91, 20754, 24576, 313.46
2026/08/10 23:49:55.320, 2, 97, 22390, 24576, 310.75
2026/08/10 23:50:00.321, 0, 60, 23588, 24576, 312.42
2026/08/10 23:50:00.323, 1, 100, 20754, 24576, 309.90
2026/08/10 23:50:00.324, 2, 100, 22390, 24576, 306.80
2026/08/10 23:50:05.325, 0, 82, 23588, 24576, 336.62
2026/08/10 23:50:05.326, 1, 85, 20754, 24576, 305.94
2026/08/10 23:50:05.327, 2, 84, 22390, 24576, 336.30
2026/08/10 23:50:10.328, 0, 100, 23588, 24576, 334.91
2026/08/10 23:50:10.328, 1, 99, 22734, 24576, 324.04
2026/08/10 23:50:10.329, 2, 98, 22390, 24576, 334.79
2026/08/10 23:50:15.329, 0, 100, 13590, 24576, 336.51
2026/08/10 23:50:15.330, 1, 99, 16662, 24576, 294.19
2026/08/10 23:50:15.330, 2, 98, 22390, 24576, 304.50
2026/08/10 23:50:20.331, 0, 100, 23330, 24576, 337.63
2026/08/10 23:50:20.332, 1, 100, 22974, 24576, 338.96
2026/08/10 23:50:20.332, 2, 100, 22772, 24576, 323.50
2026/08/10 23:50:25.333, 0, 99, 23330, 24576, 332.66
2026/08/10 23:50:25.334, 1, 96, 22974, 24576, 321.70
2026/08/10 23:50:25.335, 2, 97, 22772, 24576, 311.67
2026/08/10 23:50:30.335, 0, 93, 23330, 24576, 330.18
2026/08/10 23:50:30.336, 1, 100, 22974, 24576, 302.35
2026/08/10 23:50:30.337, 2, 100, 22772, 24576, 295.08
2026/08/10 23:50:35.338, 0, 82, 23330, 24576, 334.80
2026/08/10 23:50:35.339, 1, 83, 22974, 24576, 316.04
2026/08/10 23:50:35.339, 2, 84, 22772, 24576, 336.60
2026/08/10 23:50:40.340, 0, 82, 23330, 24576, 337.87
2026/08/10 23:50:40.341, 1, 84, 22974, 24576, 317.18
2026/08/10 23:50:40.341, 2, 85, 22772, 24576, 340.75
2026/08/10 23:50:45.342, 0, 96, 13590, 24576, 337.73
2026/08/10 23:50:45.343, 1, 97, 22974, 24576, 301.40
2026/08/10 23:50:45.343, 2, 98, 13064, 24576, 338.84
2026/08/10 23:50:50.346, 0, 100, 13590, 24576, 235.30
2026/08/10 23:50:50.347, 1, 100, 22974, 24576, 194.22
2026/08/10 23:50:50.347, 2, 100, 13064, 24576, 315.17
2026/08/10 23:50:55.348, 0, 100, 24228, 24576, 341.58
2026/08/10 23:50:55.349, 1, 95, 23394, 24576, 327.11
2026/08/10 23:50:55.349, 2, 100, 23216, 24576, 337.70
2026/08/10 23:51:00.350, 0, 96, 24228, 24576, 304.35
2026/08/10 23:51:00.351, 1, 90, 20414, 24576, 297.00
2026/08/10 23:51:00.352, 2, 93, 23216, 24576, 326.77
2026/08/10 23:51:05.353, 0, 66, 22028, 24576, 294.94
2026/08/10 23:51:05.353, 1, 43, 23394, 24576, 300.72
2026/08/10 23:51:05.354, 2, 49, 23216, 24576, 311.68
2026/08/10 23:51:10.355, 0, 82, 22028, 24576, 336.78
2026/08/10 23:51:10.356, 1, 83, 23394, 24576, 318.75
2026/08/10 23:51:10.356, 2, 83, 23216, 24576, 331.42
2026/08/10 23:51:15.357, 0, 87, 13888, 24576, 306.79
2026/08/10 23:51:15.358, 1, 94, 20054, 24576, 305.45
2026/08/10 23:51:15.359, 2, 92, 18316, 24576, 320.32
2026/08/10 23:51:20.360, 0, 98, 13470, 24576, 336.29
2026/08/10 23:51:20.361, 1, 98, 13042, 24576, 308.56
2026/08/10 23:51:20.361, 2, 98, 12820, 24576, 324.47
2026/08/10 23:51:25.362, 0, 100, 23728, 24576, 337.17
2026/08/10 23:51:25.363, 1, 100, 21434, 24576, 308.98
2026/08/10 23:51:25.364, 2, 100, 20670, 24576, 309.31
2026/08/10 23:51:30.365, 0, 89, 23728, 24576, 338.24
2026/08/10 23:51:30.365, 1, 100, 21434, 24576, 309.52
2026/08/10 23:51:30.366, 2, 100, 20670, 24576, 319.08
2026/08/10 23:51:35.366, 0, 100, 23728, 24576, 325.29
2026/08/10 23:51:35.367, 1, 84, 21434, 24576, 302.53
2026/08/10 23:51:35.367, 2, 89, 20670, 24576, 303.89
2026/08/10 23:51:40.368, 0, 84, 23728, 24576, 337.27
2026/08/10 23:51:40.369, 1, 80, 21434, 24576, 306.06
2026/08/10 23:51:40.370, 2, 83, 20670, 24576, 333.12
2026/08/10 23:51:45.371, 0, 94, 16948, 24576, 321.89
2026/08/10 23:51:45.371, 1, 98, 24094, 24576, 295.05
2026/08/10 23:51:45.372, 2, 98, 22910, 24576, 336.80
2026/08/10 23:51:50.372, 0, 100, 13430, 24576, 338.43
2026/08/10 23:51:50.373, 1, 95, 14016, 24576, 280.44
2026/08/10 23:51:50.374, 2, 98, 23942, 24576, 323.31
2026/08/10 23:51:55.374, 0, 100, 21888, 24576, 301.80
2026/08/10 23:51:55.375, 1, 100, 23134, 24576, 318.61
2026/08/10 23:51:55.375, 2, 100, 23256, 24576, 330.24
2026/08/10 23:52:00.376, 0, 84, 21888, 24576, 305.42
2026/08/10 23:52:00.377, 1, 100, 23134, 24576, 329.54
2026/08/10 23:52:00.377, 2, 91, 23596, 24576, 338.46
2026/08/10 23:52:05.378, 0, 89, 21888, 24576, 312.26
2026/08/10 23:52:05.379, 1, 100, 23134, 24576, 322.51
2026/08/10 23:52:05.379, 2, 89, 23596, 24576, 338.72
2026/08/10 23:52:10.380, 0, 81, 21888, 24576, 336.24
2026/08/10 23:52:10.381, 1, 81, 23134, 24576, 312.34
2026/08/10 23:52:10.382, 2, 81, 23596, 24576, 333.64
2026/08/10 23:52:15.383, 0, 84, 21888, 24576, 333.51
2026/08/10 23:52:15.383, 1, 85, 23134, 24576, 316.75
2026/08/10 23:52:15.384, 2, 100, 23596, 24576, 249.25
2026/08/10 23:52:20.384, 0, 98, 13590, 24576, 336.46
2026/08/10 23:52:20.385, 1, 98, 13064, 24576, 307.55
2026/08/10 23:52:20.386, 2, 98, 19422, 24576, 309.92
2026/08/10 23:52:25.387, 0, 40, 13590, 24576, 306.97
2026/08/10 23:52:25.387, 1, 74, 13064, 24576, 297.53
2026/08/10 23:52:25.388, 2, 100, 12858, 24576, 173.70
2026/08/10 23:52:30.389, 0, 96, 23470, 24576, 340.88
2026/08/10 23:52:30.389, 1, 95, 21896, 24576, 311.34
2026/08/10 23:52:30.390, 2, 100, 22472, 24576, 310.92
2026/08/10 23:52:35.391, 0, 100, 23050, 24576, 325.74
2026/08/10 23:52:35.391, 1, 100, 22436, 24576, 313.61
2026/08/10 23:52:35.392, 2, 100, 22472, 24576, 274.60
2026/08/10 23:52:40.393, 0, 82, 23470, 24576, 279.68
2026/08/10 23:52:40.394, 1, 82, 21896, 24576, 291.40
2026/08/10 23:52:40.394, 2, 79, 22472, 24576, 259.69
2026/08/10 23:52:45.395, 0, 84, 23470, 24576, 338.08
2026/08/10 23:52:45.396, 1, 84, 21896, 24576, 311.68
2026/08/10 23:52:45.396, 2, 83, 22472, 24576, 337.26
2026/08/10 23:52:50.397, 0, 98, 21590, 24576, 333.26
2026/08/10 23:52:50.398, 1, 98, 24096, 24576, 313.10
2026/08/10 23:52:50.398, 2, 99, 19632, 24576, 335.40
2026/08/10 23:52:55.399, 0, 98, 13570, 24576, 339.32
2026/08/10 23:52:55.400, 1, 88, 12856, 24576, 274.22
2026/08/10 23:52:55.400, 2, 98, 12922, 24576, 334.36
2026/08/10 23:53:00.401, 0, 100, 23026, 24576, 327.38
2026/08/10 23:53:00.402, 1, 96, 20852, 24576, 296.46
2026/08/10 23:53:00.402, 2, 100, 23314, 24576, 328.83
2026/08/10 23:53:05.403, 0, 87, 23026, 24576, 324.83
2026/08/10 23:53:05.404, 1, 87, 20852, 24576, 292.57
2026/08/10 23:53:05.405, 2, 88, 23314, 24576, 326.66
2026/08/10 23:53:10.406, 0, 85, 23746, 24576, 328.02
2026/08/10 23:53:10.406, 1, 88, 22872, 24576, 305.71
2026/08/10 23:53:10.407, 2, 89, 23954, 24576, 324.73
2026/08/10 23:53:15.408, 0, 82, 23026, 24576, 336.87
2026/08/10 23:53:15.409, 1, 82, 22872, 24576, 313.89
2026/08/10 23:53:15.409, 2, 83, 23314, 24576, 338.20
2026/08/10 23:53:20.410, 0, 83, 23026, 24576, 337.66
2026/08/10 23:53:20.411, 1, 100, 22872, 24576, 205.18
2026/08/10 23:53:20.411, 2, 100, 23314, 24576, 227.40
2026/08/10 23:53:25.412, 0, 98, 13450, 24576, 337.73
2026/08/10 23:53:25.412, 1, 100, 13322, 24576, 313.32
2026/08/10 23:53:25.413, 2, 98, 13062, 24576, 339.40
2026/08/10 23:53:30.414, 0, 95, 20926, 24576, 322.14
2026/08/10 23:53:30.415, 1, 100, 23574, 24576, 327.85
2026/08/10 23:53:30.415, 2, 100, 21534, 24576, 328.44
2026/08/10 23:53:35.416, 0, 92, 21286, 24576, 322.14
2026/08/10 23:53:35.417, 1, 89, 23574, 24576, 314.07
2026/08/10 23:53:35.418, 2, 89, 21534, 24576, 326.80
2026/08/10 23:53:40.419, 0, 100, 23006, 24576, 316.03
2026/08/10 23:53:40.419, 1, 97, 23574, 24576, 308.67
2026/08/10 23:53:40.420, 2, 98, 23754, 24576, 316.68
2026/08/10 23:53:45.421, 0, 81, 20926, 24576, 337.68
2026/08/10 23:53:45.421, 1, 81, 23574, 24576, 313.29
2026/08/10 23:53:45.422, 2, 80, 21534, 24576, 332.21
2026/08/10 23:53:50.423, 0, 98, 20926, 24576, 338.06
2026/08/10 23:53:50.424, 1, 98, 23574, 24576, 297.93
2026/08/10 23:53:50.424, 2, 98, 21534, 24576, 319.11
2026/08/10 23:53:55.425, 0, 97, 13490, 24576, 337.96
2026/08/10 23:53:55.426, 1, 98, 22922, 24576, 312.25
2026/08/10 23:53:55.426, 2, 100, 21534, 24576, 316.90
2026/08/10 23:54:00.427, 0, 96, 23348, 24576, 300.62
2026/08/10 23:54:00.428, 1, 93, 20492, 24576, 285.21
2026/08/10 23:54:00.428, 2, 95, 23134, 24576, 312.09
2026/08/10 23:54:05.429, 0, 97, 23348, 24576, 312.68
2026/08/10 23:54:05.430, 1, 94, 20492, 24576, 297.84
2026/08/10 23:54:05.430, 2, 91, 23134, 24576, 308.13
2026/08/10 23:54:10.431, 0, 91, 23348, 24576, 314.88
2026/08/10 23:54:10.432, 1, 88, 20492, 24576, 298.74
2026/08/10 23:54:10.432, 2, 95, 23134, 24576, 321.63
2026/08/10 23:54:15.433, 0, 80, 23348, 24576, 336.71
2026/08/10 23:54:15.434, 1, 84, 22532, 24576, 316.98
2026/08/10 23:54:15.434, 2, 83, 20914, 24576, 326.76
2026/08/10 23:54:20.435, 0, 97, 23348, 24576, 292.78
2026/08/10 23:54:20.435, 1, 97, 22532, 24576, 317.44
2026/08/10 23:54:20.436, 2, 97, 20914, 24576, 243.93
2026/08/10 23:54:25.437, 0, 100, 13450, 24576, 334.15
2026/08/10 23:54:25.441, 1, 98, 18042, 24576, 313.49
2026/08/10 23:54:25.442, 2, 100, 21182, 24576, 313.53
2026/08/10 23:54:30.442, 0, 87, 23910, 24576, 324.97
2026/08/10 23:54:30.443, 1, 100, 23386, 24576, 292.03
2026/08/10 23:54:30.444, 2, 100, 20538, 24576, 275.89
2026/08/10 23:54:35.445, 0, 93, 23930, 24576, 334.16
2026/08/10 23:54:35.445, 1, 100, 23434, 24576, 323.72
2026/08/10 23:54:35.446, 2, 100, 20572, 24576, 315.85
2026/08/10 23:54:40.447, 0, 97, 23930, 24576, 338.47
2026/08/10 23:54:40.447, 1, 100, 23434, 24576, 314.16
2026/08/10 23:54:40.448, 2, 100, 20572, 24576, 321.35
2026/08/10 23:54:45.449, 0, 80, 23930, 24576, 335.92
2026/08/10 23:54:45.449, 1, 83, 23434, 24576, 325.46
2026/08/10 23:54:45.450, 2, 80, 20572, 24576, 332.74
2026/08/10 23:54:50.451, 0, 83, 23930, 24576, 338.78
2026/08/10 23:54:50.452, 1, 84, 23434, 24576, 311.61
2026/08/10 23:54:50.452, 2, 84, 20572, 24576, 337.66
2026/08/10 23:54:55.453, 0, 98, 14430, 24576, 337.07
2026/08/10 23:54:55.453, 1, 98, 12862, 24576, 314.78
2026/08/10 23:54:55.454, 2, 98, 14084, 24576, 336.68
2026/08/10 23:55:00.455, 0, 100, 14430, 24576, 226.96
2026/08/10 23:55:00.455, 1, 100, 12862, 24576, 206.98
2026/08/10 23:55:00.456, 2, 98, 14078, 24576, 336.55
2026/08/10 23:55:05.457, 0, 100, 23006, 24576, 300.07
2026/08/10 23:55:05.457, 1, 95, 21892, 24576, 319.19
2026/08/10 23:55:05.458, 2, 97, 23216, 24576, 331.19
2026/08/10 23:55:10.459, 0, 74, 23006, 24576, 290.59
2026/08/10 23:55:10.459, 1, 93, 21892, 24576, 288.98
2026/08/10 23:55:10.460, 2, 81, 23216, 24576, 308.02
2026/08/10 23:55:15.463, 0, 9, 23006, 24576, 274.62
2026/08/10 23:55:15.464, 1, 62, 21892, 24576, 296.62
2026/08/10 23:55:15.465, 2, 20, 23216, 24576, 300.47
2026/08/10 23:55:20.466, 0, 82, 23006, 24576, 337.28
2026/08/10 23:55:20.466, 1, 84, 21892, 24576, 321.34
2026/08/10 23:55:20.467, 2, 78, 23216, 24576, 336.92
2026/08/10 23:55:25.467, 0, 98, 23006, 24576, 335.39
2026/08/10 23:55:25.468, 1, 100, 21892, 24576, 333.63
2026/08/10 23:55:25.471, 2, 98, 23216, 24576, 333.43
2026/08/10 23:55:30.471, 0, 98, 13590, 24576, 338.51
2026/08/10 23:55:30.472, 1, 98, 17882, 24576, 328.32
2026/08/10 23:55:30.472, 2, 89, 13958, 24576, 291.84
2026/08/10 23:55:35.474, 0, 93, 24046, 24576, 242.43
2026/08/10 23:55:35.474, 1, 78, 23148, 24576, 303.12
2026/08/10 23:55:35.475, 2, 77, 19782, 24576, 214.01
2026/08/10 23:55:40.476, 0, 87, 23370, 24576, 329.44
2026/08/10 23:55:40.476, 1, 89, 23216, 24576, 314.04
2026/08/10 23:55:40.477, 2, 100, 22430, 24576, 323.39
2026/08/10 23:55:45.478, 0, 98, 23370, 24576, 330.55
2026/08/10 23:55:45.479, 1, 97, 23216, 24576, 302.26
2026/08/10 23:55:45.479, 2, 100, 22430, 24576, 310.60
2026/08/10 23:55:50.480, 0, 76, 23370, 24576, 272.11
2026/08/10 23:55:50.481, 1, 81, 23216, 24576, 278.22
2026/08/10 23:55:50.481, 2, 77, 22430, 24576, 285.42
2026/08/10 23:55:55.482, 0, 80, 23370, 24576, 339.95
2026/08/10 23:55:55.483, 1, 82, 23216, 24576, 314.73
2026/08/10 23:55:55.484, 2, 78, 22430, 24576, 330.90
2026/08/10 23:56:00.484, 0, 98, 13570, 24576, 300.63
2026/08/10 23:56:00.485, 1, 99, 12982, 24576, 283.54
2026/08/10 23:56:00.485, 2, 98, 12820, 24576, 295.23
2026/08/10 23:56:05.486, 0, 98, 13570, 24576, 340.37
2026/08/10 23:56:05.487, 1, 100, 13002, 24576, 286.00
2026/08/10 23:56:05.487, 2, 32, 12820, 24576, 315.05
2026/08/10 23:56:10.488, 0, 87, 24028, 24576, 340.56
2026/08/10 23:56:10.489, 1, 89, 23114, 24576, 324.29
2026/08/10 23:56:10.489, 2, 100, 21630, 24576, 326.98
2026/08/10 23:56:15.490, 0, 89, 21828, 24576, 328.01
2026/08/10 23:56:15.491, 1, 93, 20954, 24576, 312.35
2026/08/10 23:56:15.491, 2, 89, 19670, 24576, 294.76
2026/08/10 23:56:20.492, 0, 81, 21828, 24576, 321.52
2026/08/10 23:56:20.493, 1, 83, 20954, 24576, 324.36
2026/08/10 23:56:20.493, 2, 79, 19670, 24576, 321.96
2026/08/10 23:56:25.494, 0, 84, 21828, 24576, 338.00
2026/08/10 23:56:25.495, 1, 85, 20954, 24576, 314.36
2026/08/10 23:56:25.495, 2, 81, 19670, 24576, 334.70
2026/08/10 23:56:30.496, 0, 98, 13470, 24576, 337.98
2026/08/10 23:56:30.497, 1, 99, 12842, 24576, 326.65
2026/08/10 23:56:30.497, 2, 98, 19670, 24576, 341.77
2026/08/10 23:56:35.498, 0, 100, 13470, 24576, 254.41
2026/08/10 23:56:35.499, 1, 98, 12842, 24576, 305.99
2026/08/10 23:56:35.499, 2, 100, 19670, 24576, 230.90
2026/08/10 23:56:40.500, 0, 83, 21126, 24576, 322.90
2026/08/10 23:56:40.501, 1, 87, 20674, 24576, 298.01
2026/08/10 23:56:40.501, 2, 85, 20752, 24576, 316.90
2026/08/10 23:56:45.502, 0, 95, 23226, 24576, 321.16
2026/08/10 23:56:45.502, 1, 94, 22654, 24576, 306.25
2026/08/10 23:56:45.503, 2, 96, 22672, 24576, 319.30
2026/08/10 23:56:50.504, 0, 80, 21126, 24576, 335.62
2026/08/10 23:56:50.504, 1, 0, 20674, 24576, 298.53
2026/08/10 23:56:50.505, 2, 45, 20752, 24576, 322.77
2026/08/10 23:56:55.506, 0, 84, 21126, 24576, 338.46
2026/08/10 23:56:55.506, 1, 84, 20674, 24576, 304.22
2026/08/10 23:56:55.507, 2, 82, 20752, 24576, 335.29
2026/08/10 23:57:00.508, 0, 98, 21126, 24576, 336.99
2026/08/10 23:57:00.508, 1, 98, 13982, 24576, 315.56
2026/08/10 23:57:00.509, 2, 100, 20752, 24576, 341.52
2026/08/10 23:57:05.510, 0, 100, 21126, 24576, 223.64
2026/08/10 23:57:05.510, 1, 55, 13956, 24576, 299.76
2026/08/10 23:57:05.510, 2, 100, 20752, 24576, 174.25
2026/08/10 23:57:10.511, 0, 87, 21466, 24576, 313.59
2026/08/10 23:57:10.512, 1, 100, 22572, 24576, 318.19
2026/08/10 23:57:10.512, 2, 100, 21488, 24576, 327.06
2026/08/10 23:57:15.513, 0, 96, 23586, 24576, 320.69
2026/08/10 23:57:15.514, 1, 89, 20512, 24576, 295.21
2026/08/10 23:57:15.514, 2, 86, 19548, 24576, 292.53
2026/08/10 23:57:20.515, 0, 81, 21466, 24576, 334.47
2026/08/10 23:57:20.516, 1, 80, 22572, 24576, 332.82
2026/08/10 23:57:20.516, 2, 82, 21488, 24576, 338.89
2026/08/10 23:57:25.517, 0, 80, 21466, 24576, 337.54
2026/08/10 23:57:25.518, 1, 83, 22572, 24576, 312.64
2026/08/10 23:57:25.518, 2, 83, 21488, 24576, 338.38
2026/08/10 23:57:30.519, 0, 98, 14410, 24576, 337.90
2026/08/10 23:57:30.520, 1, 98, 12942, 24576, 318.94
2026/08/10 23:57:30.521, 2, 98, 21488, 24576, 327.77
2026/08/10 23:57:35.521, 0, 100, 14410, 24576, 182.23
2026/08/10 23:57:35.522, 1, 100, 13322, 24576, 304.75
2026/08/10 23:57:35.523, 2, 100, 21488, 24576, 183.09
2026/08/10 23:57:40.524, 0, 99, 19922, 24576, 297.76
2026/08/10 23:57:40.524, 1, 100, 23696, 24576, 318.12
2026/08/10 23:57:40.525, 2, 100, 21872, 24576, 325.81
2026/08/10 23:57:45.526, 0, 94, 20262, 24576, 292.97
2026/08/10 23:57:45.526, 1, 86, 23696, 24576, 309.70
2026/08/10 23:57:45.527, 2, 96, 21872, 24576, 322.47
2026/08/10 23:57:50.528, 0, 80, 21902, 24576, 270.28
2026/08/10 23:57:50.528, 1, 79, 23696, 24576, 285.01
2026/08/10 23:57:50.529, 2, 80, 21872, 24576, 287.47
2026/08/10 23:57:55.547, 0, 82, 21902, 24576, 336.61
2026/08/10 23:57:55.548, 1, 81, 23696, 24576, 315.12
2026/08/10 23:57:55.548, 2, 81, 21872, 24576, 338.32
2026/08/10 23:58:00.549, 0, 98, 13430, 24576, 310.59
2026/08/10 23:58:00.550, 1, 98, 23696, 24576, 306.48
2026/08/10 23:58:00.550, 2, 100, 21872, 24576, 294.68
2026/08/10 23:58:05.551, 0, 98, 13430, 24576, 340.12
2026/08/10 23:58:05.552, 1, 98, 23696, 24576, 297.69
2026/08/10 23:58:05.553, 2, 98, 21872, 24576, 321.37
2026/08/10 23:58:10.553, 0, 93, 21188, 24576, 312.09
2026/08/10 23:58:10.554, 1, 100, 23696, 24576, 321.49
2026/08/10 23:58:10.554, 2, 97, 23054, 24576, 326.06
2026/08/10 23:58:15.555, 0, 100, 21188, 24576, 314.84
2026/08/10 23:58:15.556, 1, 100, 23696, 24576, 312.00
2026/08/10 23:58:15.557, 2, 100, 23054, 24576, 331.25
2026/08/10 23:58:20.557, 0, 80, 21188, 24576, 334.30
2026/08/10 23:58:20.558, 1, 81, 23696, 24576, 329.20
2026/08/10 23:58:20.559, 2, 79, 23054, 24576, 334.69
2026/08/10 23:58:25.560, 0, 81, 21188, 24576, 340.66
2026/08/10 23:58:25.561, 1, 82, 23696, 24576, 313.98
2026/08/10 23:58:25.561, 2, 82, 23054, 24576, 324.89
2026/08/10 23:58:30.562, 0, 100, 17350, 24576, 300.90
2026/08/10 23:58:30.565, 1, 98, 12760, 24576, 293.03
2026/08/10 23:58:30.565, 2, 98, 23054, 24576, 325.89
2026/08/10 23:58:35.566, 0, 98, 13970, 24576, 338.79
2026/08/10 23:58:35.567, 1, 98, 12760, 24576, 307.91
2026/08/10 23:58:35.567, 2, 98, 23054, 24576, 316.85
2026/08/10 23:58:40.568, 0, 100, 23948, 24576, 339.17
2026/08/10 23:58:40.568, 1, 88, 21190, 24576, 310.89
2026/08/10 23:58:40.569, 2, 88, 22474, 24576, 320.81
2026/08/10 23:58:45.570, 0, 88, 23948, 24576, 335.35
2026/08/10 23:58:45.570, 1, 99, 21190, 24576, 313.80
2026/08/10 23:58:45.571, 2, 100, 21774, 24576, 318.57
2026/08/10 23:58:50.572, 0, 89, 23948, 24576, 335.94
2026/08/10 23:58:50.572, 1, 100, 20890, 24576, 317.82
2026/08/10 23:58:50.573, 2, 100, 21774, 24576, 326.02
2026/08/10 23:58:55.574, 0, 81, 23948, 24576, 338.81
2026/08/10 23:58:55.575, 1, 84, 20890, 24576, 323.81
2026/08/10 23:58:55.575, 2, 81, 21774, 24576, 337.92
2026/08/10 23:59:00.576, 0, 98, 23948, 24576, 327.41
2026/08/10 23:59:00.577, 1, 98, 20890, 24576, 295.70
2026/08/10 23:59:00.577, 2, 98, 21774, 24576, 328.04
2026/08/10 23:59:05.578, 0, 98, 13570, 24576, 337.97
2026/08/10 23:59:05.578, 1, 98, 13302, 24576, 313.31
2026/08/10 23:59:05.579, 2, 100, 21774, 24576, 319.06
2026/08/10 23:59:10.580, 0, 100, 20786, 24576, 312.09
2026/08/10 23:59:10.580, 1, 100, 23534, 24576, 334.68
2026/08/10 23:59:10.581, 2, 94, 22056, 24576, 322.47
2026/08/10 23:59:15.582, 0, 88, 20466, 24576, 286.13
2026/08/10 23:59:15.582, 1, 100, 23534, 24576, 295.20
2026/08/10 23:59:15.583, 2, 85, 22056, 24576, 315.05
2026/08/10 23:59:20.587, 0, 100, 23006, 24576, 327.70
2026/08/10 23:59:20.588, 1, 83, 23534, 24576, 310.62
2026/08/10 23:59:20.589, 2, 88, 22056, 24576, 325.01
2026/08/10 23:59:25.589, 0, 80, 20786, 24576, 335.17
2026/08/10 23:59:25.590, 1, 83, 23534, 24576, 332.54
2026/08/10 23:59:25.591, 2, 79, 22056, 24576, 336.86
2026/08/10 23:59:30.591, 0, 78, 20786, 24576, 336.02
2026/08/10 23:59:30.592, 1, 85, 23534, 24576, 319.30
2026/08/10 23:59:30.595, 2, 84, 22056, 24576, 328.40
2026/08/10 23:59:35.596, 0, 98, 13490, 24576, 338.39
2026/08/10 23:59:35.597, 1, 98, 24102, 24576, 321.58
2026/08/10 23:59:35.597, 2, 100, 13322, 24576, 334.40
2026/08/10 23:59:40.598, 0, 100, 13490, 24576, 189.31
2026/08/10 23:59:40.599, 1, 89, 12976, 24576, 280.62
2026/08/10 23:59:40.600, 2, 98, 13342, 24576, 292.55
2026/08/10 23:59:45.600, 0, 100, 23708, 24576, 327.63
2026/08/10 23:59:45.601, 1, 97, 23654, 24576, 310.77
2026/08/10 23:59:45.602, 2, 100, 23776, 24576, 327.26
2026/08/10 23:59:50.603, 0, 95, 23128, 24576, 324.10
2026/08/10 23:59:50.603, 1, 93, 20234, 24576, 309.98
2026/08/10 23:59:50.604, 2, 97, 23776, 24576, 331.50
2026/08/10 23:59:55.604, 0, 80, 23128, 24576, 295.33
2026/08/10 23:59:55.605, 1, 82, 23074, 24576, 311.50
2026/08/10 23:59:55.606, 2, 80, 23776, 24576, 302.59
2026/08/11 00:00:00.607, 0, 83, 23128, 24576, 339.29
2026/08/11 00:00:00.607, 1, 82, 23074, 24576, 313.90
2026/08/11 00:00:00.608, 2, 83, 23776, 24576, 331.99
2026/08/11 00:00:05.609, 0, 98, 23128, 24576, 338.60
2026/08/11 00:00:05.609, 1, 98, 23074, 24576, 295.05
2026/08/11 00:00:05.610, 2, 98, 12862, 24576, 294.59
2026/08/11 00:00:10.611, 0, 98, 23128, 24576, 328.09
2026/08/11 00:00:10.612, 1, 99, 23074, 24576, 310.06
2026/08/11 00:00:10.612, 2, 98, 12862, 24576, 318.32
2026/08/11 00:00:15.613, 0, 100, 22228, 24576, 327.94
2026/08/11 00:00:15.614, 1, 94, 23076, 24576, 309.70
2026/08/11 00:00:15.614, 2, 97, 22372, 24576, 319.64
2026/08/11 00:00:20.615, 0, 93, 23248, 24576, 319.95
2026/08/11 00:00:20.616, 1, 94, 23076, 24576, 306.71
2026/08/11 00:00:20.617, 2, 92, 20752, 24576, 307.76
2026/08/11 00:00:25.617, 0, 82, 23248, 24576, 304.91
2026/08/11 00:00:25.618, 1, 84, 23076, 24576, 310.50
2026/08/11 00:00:25.619, 2, 82, 20752, 24576, 305.76
2026/08/11 00:00:30.619, 0, 83, 23248, 24576, 339.31
2026/08/11 00:00:30.620, 1, 85, 23076, 24576, 314.13
2026/08/11 00:00:30.621, 2, 83, 20752, 24576, 337.69
2026/08/11 00:00:35.622, 0, 98, 14450, 24576, 312.44
2026/08/11 00:00:35.623, 1, 98, 12942, 24576, 277.45
2026/08/11 00:00:35.623, 2, 100, 12942, 24576, 296.54
2026/08/11 00:00:40.624, 0, 98, 14450, 24576, 337.67
2026/08/11 00:00:40.625, 1, 98, 13322, 24576, 299.67
2026/08/11 00:00:40.625, 2, 98, 13322, 24576, 317.64
2026/08/11 00:00:45.626, 0, 94, 23306, 24576, 324.93
2026/08/11 00:00:45.626, 1, 87, 23616, 24576, 311.87
2026/08/11 00:00:45.627, 2, 88, 23554, 24576, 330.27
2026/08/11 00:00:50.629, 0, 88, 23526, 24576, 322.39
2026/08/11 00:00:50.629, 1, 100, 23616, 24576, 310.94
2026/08/11 00:00:50.630, 2, 100, 23554, 24576, 328.23
2026/08/11 00:00:55.631, 0, 22, 23306, 24576, 272.91
2026/08/11 00:00:55.632, 1, 24, 23616, 24576, 283.10
2026/08/11 00:00:55.632, 2, 21, 23554, 24576, 274.02
2026/08/11 00:01:00.633, 0, 83, 23306, 24576, 336.35
2026/08/11 00:01:00.634, 1, 84, 23616, 24576, 332.71
2026/08/11 00:01:00.635, 2, 84, 23554, 24576, 336.11
2026/08/11 00:01:05.636, 0, 98, 23306, 24576, 294.93
2026/08/11 00:01:05.636, 1, 98, 23616, 24576, 315.05
2026/08/11 00:01:05.637, 2, 98, 23554, 24576, 307.72
2026/08/11 00:01:10.638, 0, 98, 23306, 24576, 338.48
2026/08/11 00:01:10.638, 1, 98, 13064, 24576, 307.79
2026/08/11 00:01:10.639, 2, 99, 13064, 24576, 335.74
2026/08/11 00:01:15.639, 0, 91, 21604, 24576, 229.44
2026/08/11 00:01:15.640, 1, 95, 23654, 24576, 299.34
2026/08/11 00:01:15.641, 2, 92, 23694, 24576, 307.81
2026/08/11 00:01:20.641, 0, 100, 21666, 24576, 307.64
2026/08/11 00:01:20.642, 1, 97, 23296, 24576, 310.50
2026/08/11 00:01:20.642, 2, 100, 24140, 24576, 330.07
2026/08/11 00:01:25.643, 0, 94, 20286, 24576, 285.34
2026/08/11 00:01:25.644, 1, 86, 23296, 24576, 311.85
2026/08/11 00:01:25.645, 2, 86, 24140, 24576, 326.12
2026/08/11 00:01:30.646, 0, 87, 21666, 24576, 269.71
2026/08/11 00:01:30.647, 1, 81, 23296, 24576, 282.13
2026/08/11 00:01:30.647, 2, 83, 24140, 24576, 287.12
2026/08/11 00:01:35.648, 0, 83, 21666, 24576, 340.96
2026/08/11 00:01:35.649, 1, 83, 23296, 24576, 312.27
2026/08/11 00:01:35.650, 2, 84, 24140, 24576, 326.27
2026/08/11 00:01:40.650, 0, 98, 24206, 24576, 342.02
2026/08/11 00:01:40.651, 1, 98, 23756, 24576, 333.05
2026/08/11 00:01:40.652, 2, 98, 24000, 24576, 337.74
2026/08/11 00:01:45.653, 0, 98, 13570, 24576, 342.14
2026/08/11 00:01:45.653, 1, 100, 13002, 24576, 311.65
2026/08/11 00:01:45.654, 2, 98, 13002, 24576, 317.77
2026/08/11 00:01:50.655, 0, 100, 23688, 24576, 313.10
2026/08/11 00:01:50.655, 1, 100, 23334, 24576, 309.75
2026/08/11 00:01:50.656, 2, 100, 23194, 24576, 306.42
2026/08/11 00:01:55.657, 0, 82, 21628, 24576, 319.63
2026/08/11 00:01:55.658, 1, 89, 21534, 24576, 311.44
2026/08/11 00:01:55.658, 2, 88, 21394, 24576, 316.27
2026/08/11 00:02:00.659, 0, 88, 21628, 24576, 318.51
2026/08/11 00:02:00.660, 1, 88, 21534, 24576, 311.24
2026/08/11 00:02:00.660, 2, 86, 21394, 24576, 313.07
2026/08/11 00:02:05.661, 0, 82, 21628, 24576, 339.56
2026/08/11 00:02:05.663, 1, 81, 21534, 24576, 319.24
2026/08/11 00:02:05.663, 2, 81, 21034, 24576, 335.24
2026/08/11 00:02:10.664, 0, 98, 21628, 24576, 261.25
2026/08/11 00:02:10.664, 1, 98, 21534, 24576, 301.52
2026/08/11 00:02:10.665, 2, 100, 21034, 24576, 337.77
2026/08/11 00:02:15.666, 0, 98, 23290, 24576, 340.58
2026/08/11 00:02:15.666, 1, 100, 12862, 24576, 304.90
2026/08/11 00:02:15.667, 2, 97, 13262, 24576, 328.16
2026/08/11 00:02:20.668, 0, 93, 23166, 24576, 314.86
2026/08/11 00:02:20.668, 1, 94, 21810, 24576, 316.78
2026/08/11 00:02:20.669, 2, 100, 23094, 24576, 332.59
2026/08/11 00:02:25.670, 0, 100, 23166, 24576, 327.64
2026/08/11 00:02:25.671, 1, 92, 21810, 24576, 307.17
2026/08/11 00:02:25.671, 2, 89, 23094, 24576, 328.70
2026/08/11 00:02:30.672, 0, 100, 23166, 24576, 321.69
2026/08/11 00:02:30.672, 1, 96, 21810, 24576, 309.97
2026/08/11 00:02:30.673, 2, 97, 23094, 24576, 318.60
2026/08/11 00:02:35.674, 0, 83, 23166, 24576, 339.20
2026/08/11 00:02:35.674, 1, 83, 21810, 24576, 319.30
2026/08/11 00:02:35.675, 2, 82, 23094, 24576, 336.12
2026/08/11 00:02:40.676, 0, 98, 24106, 24576, 339.17
2026/08/11 00:02:40.676, 1, 98, 23470, 24576, 315.28
2026/08/11 00:02:40.677, 2, 96, 16374, 24576, 311.73
2026/08/11 00:02:45.678, 0, 100, 14450, 24576, 300.37
2026/08/11 00:02:45.678, 1, 98, 12762, 24576, 312.27
2026/08/11 00:02:45.679, 2, 98, 19580, 24576, 314.59
2026/08/11 00:02:50.680, 0, 100, 22686, 24576, 324.66
2026/08/11 00:02:50.684, 1, 88, 20492, 24576, 305.46
2026/08/11 00:02:50.684, 2, 87, 21188, 24576, 317.90
2026/08/11 00:02:55.685, 0, 86, 20666, 24576, 302.11
2026/08/11 00:02:55.686, 1, 94, 22052, 24576, 315.23
2026/08/11 00:02:55.686, 2, 92, 20108, 24576, 291.77
2026/08/11 00:03:00.687, 0, 87, 22686, 24576, 263.41
2026/08/11 00:03:00.687, 1, 70, 20172, 24576, 287.79
2026/08/11 00:03:00.688, 2, 73, 20108, 24576, 275.15
2026/08/11 00:03:05.689, 0, 84, 22686, 24576, 338.50
2026/08/11 00:03:05.690, 1, 81, 20172, 24576, 304.28
2026/08/11 00:03:05.690, 2, 81, 20108, 24576, 336.95
2026/08/11 00:03:10.691, 0, 98, 22686, 24576, 338.02
2026/08/11 00:03:10.692, 1, 98, 13022, 24576, 282.75
2026/08/11 00:03:10.692, 2, 94, 13922, 24576, 296.11
2026/08/11 00:03:15.694, 0, 98, 22686, 24576, 337.72
2026/08/11 00:03:15.694, 1, 98, 13022, 24576, 305.08
2026/08/11 00:03:15.695, 2, 98, 21478, 24576, 337.24
2026/08/11 00:03:20.696, 0, 100, 21386, 24576, 321.64
2026/08/11 00:03:20.696, 1, 100, 23614, 24576, 319.33
2026/08/11 00:03:20.697, 2, 90, 22152, 24576, 306.83
2026/08/11 00:03:25.697, 0, 100, 21386, 24576, 325.03
2026/08/11 00:03:25.698, 1, 100, 23614, 24576, 331.66
2026/08/11 00:03:25.698, 2, 97, 22152, 24576, 322.08
2026/08/11 00:03:30.699, 0, 79, 21386, 24576, 272.66
2026/08/11 00:03:30.700, 1, 82, 21434, 24576, 292.20
2026/08/11 00:03:30.700, 2, 88, 22152, 24576, 288.06
2026/08/11 00:03:35.701, 0, 83, 21386, 24576, 337.20
2026/08/11 00:03:35.702, 1, 83, 21434, 24576, 311.88
2026/08/11 00:03:35.702, 2, 83, 22152, 24576, 337.02
2026/08/11 00:03:40.706, 0, 89, 13550, 24576, 298.06
2026/08/11 00:03:40.707, 1, 89, 13886, 24576, 295.51
2026/08/11 00:03:40.707, 2, 90, 13018, 24576, 293.50
2026/08/11 00:03:45.708, 0, 99, 13590, 24576, 340.97
2026/08/11 00:03:45.708, 1, 98, 19678, 24576, 310.67
2026/08/11 00:03:45.709, 2, 98, 13042, 24576, 327.78
2026/08/11 00:03:50.710, 0, 95, 23188, 24576, 325.43
2026/08/11 00:03:50.710, 1, 100, 22492, 24576, 297.98
2026/08/11 00:03:50.711, 2, 97, 23654, 24576, 323.04
2026/08/11 00:03:55.711, 0, 84, 23188, 24576, 322.32
2026/08/11 00:03:55.712, 1, 100, 22492, 24576, 312.86
2026/08/11 00:03:55.714, 2, 100, 23654, 24576, 323.55
2026/08/11 00:04:00.715, 0, 65, 23188, 24576, 279.89
2026/08/11 00:04:00.715, 1, 81, 22492, 24576, 271.14
2026/08/11 00:04:00.716, 2, 91, 21434, 24576, 288.38
2026/08/11 00:04:05.717, 0, 82, 23188, 24576, 338.09
2026/08/11 00:04:05.718, 1, 83, 22492, 24576, 312.84
2026/08/11 00:04:05.718, 2, 81, 21434, 24576, 328.93
2026/08/11 00:04:10.719, 0, 99, 20888, 24576, 334.27
2026/08/11 00:04:10.720, 1, 84, 12958, 24576, 274.05
2026/08/11 00:04:10.721, 2, 89, 16334, 24576, 311.20
2026/08/11 00:04:15.722, 0, 98, 13550, 24576, 335.75
2026/08/11 00:04:15.722, 1, 98, 13022, 24576, 313.62
2026/08/11 00:04:15.723, 2, 97, 13978, 24576, 280.96
2026/08/11 00:04:20.724, 0, 100, 24110, 24576, 339.57
2026/08/11 00:04:20.724, 1, 94, 23112, 24576, 323.23
2026/08/11 00:04:20.725, 2, 100, 20732, 24576, 304.70
2026/08/11 00:04:25.726, 0, 100, 24110, 24576, 339.00
2026/08/11 00:04:25.726, 1, 92, 23112, 24576, 323.77
2026/08/11 00:04:25.727, 2, 100, 20732, 24576, 304.67
2026/08/11 00:04:30.728, 0, 100, 24110, 24576, 338.69
2026/08/11 00:04:30.729, 1, 94, 23112, 24576, 320.83
2026/08/11 00:04:30.729, 2, 100, 20732, 24576, 305.24
2026/08/11 00:04:35.730, 0, 80, 24110, 24576, 335.77
2026/08/11 00:04:35.731, 1, 82, 23112, 24576, 317.81
2026/08/11 00:04:35.731, 2, 83, 22792, 24576, 335.97
2026/08/11 00:04:40.732, 0, 98, 24110, 24576, 253.05
2026/08/11 00:04:40.733, 1, 98, 23112, 24576, 264.99
2026/08/11 00:04:40.733, 2, 100, 22792, 24576, 337.62
2026/08/11 00:04:45.734, 0, 98, 13670, 24576, 337.91
2026/08/11 00:04:45.735, 1, 98, 22822, 24576, 299.75
2026/08/11 00:04:45.735, 2, 98, 12982, 24576, 336.83
2026/08/11 00:04:50.736, 0, 100, 22060, 24576, 301.80
2026/08/11 00:04:50.737, 1, 100, 22530, 24576, 314.17
2026/08/11 00:04:50.738, 2, 93, 23374, 24576, 324.24
2026/08/11 00:04:55.739, 0, 100, 22060, 24576, 276.06
2026/08/11 00:04:55.739, 1, 100, 22532, 24576, 306.96
2026/08/11 00:04:55.740, 2, 93, 23736, 24576, 338.04
2026/08/11 00:05:00.741, 0, 100, 22060, 24576, 276.38
2026/08/11 00:05:00.742, 1, 100, 22532, 24576, 307.62
2026/08/11 00:05:00.742, 2, 100, 23736, 24576, 338.00
2026/08/11 00:05:05.743, 0, 83, 22060, 24576, 337.53
2026/08/11 00:05:05.744, 1, 84, 22532, 24576, 334.73
2026/08/11 00:05:05.744, 2, 84, 21596, 24576, 334.05
2026/08/11 00:05:10.745, 0, 83, 22060, 24576, 333.33
2026/08/11 00:05:10.746, 1, 83, 22532, 24576, 334.38
2026/08/11 00:05:10.746, 2, 84, 21596, 24576, 338.24
2026/08/11 00:05:15.747, 0, 98, 14410, 24576, 338.28
2026/08/11 00:05:15.748, 1, 100, 12902, 24576, 328.34
2026/08/11 00:05:15.749, 2, 98, 13042, 24576, 334.61
2026/08/11 00:05:20.749, 0, 83, 22598, 24576, 320.57
2026/08/11 00:05:20.750, 1, 93, 21184, 24576, 272.14
2026/08/11 00:05:20.750, 2, 85, 21004, 24576, 305.60
2026/08/11 00:05:25.751, 0, 97, 20986, 24576, 308.25
2026/08/11 00:05:25.752, 1, 95, 22992, 24576, 301.41
2026/08/11 00:05:25.753, 2, 95, 22932, 24576, 314.51
2026/08/11 00:05:30.754, 0, 89, 20986, 24576, 309.58
2026/08/11 00:05:30.754, 1, 100, 22992, 24576, 317.50
2026/08/11 00:05:30.755, 2, 95, 22932, 24576, 314.63
2026/08/11 00:05:35.755, 0, 78, 22966, 24576, 329.64
2026/08/11 00:05:35.756, 1, 84, 22992, 24576, 334.67
2026/08/11 00:05:35.757, 2, 83, 20692, 24576, 334.83
2026/08/11 00:05:40.757, 0, 84, 22966, 24576, 339.24
2026/08/11 00:05:40.758, 1, 87, 22992, 24576, 316.39
2026/08/11 00:05:40.759, 2, 86, 20692, 24576, 325.56
2026/08/11 00:05:45.760, 0, 98, 13570, 24576, 298.02
2026/08/11 00:05:45.760, 1, 100, 14922, 24576, 295.60
2026/08/11 00:05:45.761, 2, 98, 14804, 24576, 291.50
2026/08/11 00:05:50.762, 0, 98, 13570, 24576, 341.55
2026/08/11 00:05:50.763, 1, 98, 13462, 24576, 314.89
2026/08/11 00:05:50.763, 2, 89, 14058, 24576, 290.95
2026/08/11 00:05:55.764, 0, 93, 23808, 24576, 320.11
2026/08/11 00:05:55.765, 1, 95, 23856, 24576, 313.15
2026/08/11 00:05:55.765, 2, 90, 23296, 24576, 318.33
2026/08/11 00:06:00.766, 0, 82, 21608, 24576, 308.30
2026/08/11 00:06:00.767, 1, 89, 21656, 24576, 309.49
2026/08/11 00:06:00.767, 2, 88, 23296, 24576, 333.56
2026/08/11 00:06:05.768, 0, 100, 21608, 24576, 308.27
2026/08/11 00:06:05.768, 1, 100, 21656, 24576, 309.20
2026/08/11 00:06:05.769, 2, 100, 23296, 24576, 330.54
2026/08/11 00:06:10.770, 0, 0, 21608, 24576, 131.51
2026/08/11 00:06:10.770, 1, 100, 21656, 24576, 182.55
2026/08/11 00:06:10.771, 2, 100, 23296, 24576, 170.25
2026/08/11 00:06:15.772, 0, 81, 21608, 24576, 341.30
2026/08/11 00:06:15.773, 1, 81, 21656, 24576, 337.04
2026/08/11 00:06:15.773, 2, 76, 23296, 24576, 335.77
2026/08/11 00:06:20.774, 0, 81, 21608, 24576, 343.68
2026/08/11 00:06:20.775, 1, 98, 21656, 24576, 226.17
2026/08/11 00:06:20.776, 2, 97, 23296, 24576, 212.61
2026/08/11 00:06:25.777, 0, 98, 13490, 24576, 342.06
2026/08/11 00:06:25.777, 1, 98, 13136, 24576, 338.35
2026/08/11 00:06:25.778, 2, 98, 12842, 24576, 339.85
2026/08/11 00:06:30.779, 0, 100, 23558, 24576, 322.23
2026/08/11 00:06:30.780, 1, 84, 21808, 24576, 308.47
2026/08/11 00:06:30.780, 2, 89, 22232, 24576, 305.35
2026/08/11 00:06:35.781, 0, 88, 24108, 24576, 338.57
2026/08/11 00:06:35.781, 1, 91, 21808, 24576, 299.23
2026/08/11 00:06:35.782, 2, 89, 22572, 24576, 331.58
2026/08/11 00:06:40.783, 0, 87, 24108, 24576, 338.25
2026/08/11 00:06:40.783, 1, 100, 21808, 24576, 296.54
2026/08/11 00:06:40.784, 2, 83, 22572, 24576, 326.08
2026/08/11 00:06:45.785, 0, 83, 22008, 24576, 335.25
2026/08/11 00:06:45.786, 1, 84, 21808, 24576, 334.20
2026/08/11 00:06:45.786, 2, 81, 20592, 24576, 335.01
2026/08/11 00:06:50.787, 0, 83, 22008, 24576, 337.63
2026/08/11 00:06:50.788, 1, 85, 21808, 24576, 326.77
2026/08/11 00:06:50.788, 2, 84, 20592, 24576, 332.85
2026/08/11 00:06:55.789, 0, 98, 13590, 24576, 334.70
2026/08/11 00:06:55.790, 1, 97, 14002, 24576, 331.60
2026/08/11 00:06:55.790, 2, 98, 23742, 24576, 340.37
2026/08/11 00:07:00.791, 0, 98, 13590, 24576, 336.46
2026/08/11 00:07:00.791, 1, 100, 13978, 24576, 222.29
2026/08/11 00:07:00.792, 2, 90, 13798, 24576, 283.65
2026/08/11 00:07:05.793, 0, 100, 23370, 24576, 338.55
2026/08/11 00:07:05.793, 1, 100, 22192, 24576, 319.65
2026/08/11 00:07:05.794, 2, 100, 21872, 24576, 318.22
2026/08/11 00:07:10.795, 0, 96, 23370, 24576, 341.49
2026/08/11 00:07:10.795, 1, 94, 22192, 24576, 317.06
2026/08/11 00:07:10.796, 2, 93, 21872, 24576, 310.81
2026/08/11 00:07:15.797, 0, 79, 23370, 24576, 288.77
2026/08/11 00:07:15.812, 1, 27, 22192, 24576, 283.22
2026/08/11 00:07:15.813, 2, 24, 21872, 24576, 267.67
2026/08/11 00:07:20.814, 0, 85, 23370, 24576, 337.77
2026/08/11 00:07:20.815, 1, 84, 22192, 24576, 321.77
2026/08/11 00:07:20.815, 2, 82, 21872, 24576, 337.76
2026/08/11 00:07:25.817, 0, 98, 13492, 24576, 297.22
2026/08/11 00:07:25.818, 1, 90, 12112, 24576, 277.12
2026/08/11 00:07:25.819, 2, 87, 12920, 24576, 284.32
2026/08/11 00:07:30.820, 0, 98, 13492, 24576, 338.13
2026/08/11 00:07:30.821, 1, 98, 13116, 24576, 318.96
2026/08/11 00:07:30.821, 2, 98, 13302, 24576, 321.46
2026/08/11 00:07:35.822, 0, 94, 23406, 24576, 315.06
2026/08/11 00:07:35.823, 1, 98, 22732, 24576, 314.47
2026/08/11 00:07:35.823, 2, 97, 23032, 24576, 315.39
2026/08/11 00:07:40.824, 0, 100, 23406, 24576, 329.78
2026/08/11 00:07:40.825, 1, 100, 22732, 24576, 320.62
2026/08/11 00:07:40.825, 2, 88, 23032, 24576, 328.36
2026/08/11 00:07:45.829, 0, 83, 23406, 24576, 287.08
2026/08/11 00:07:45.830, 1, 81, 22732, 24576, 283.10
2026/08/11 00:07:45.831, 2, 82, 23032, 24576, 274.14
2026/08/11 00:07:50.832, 0, 83, 23406, 24576, 338.29
2026/08/11 00:07:50.832, 1, 83, 22732, 24576, 314.72
2026/08/11 00:07:50.833, 2, 84, 23032, 24576, 332.74
2026/08/11 00:07:55.834, 0, 98, 23406, 24576, 337.56
2026/08/11 00:07:55.835, 1, 98, 22732, 24576, 313.76
2026/08/11 00:07:55.835, 2, 98, 13022, 24576, 277.97
2026/08/11 00:08:00.836, 0, 70, 23406, 24576, 328.51
2026/08/11 00:08:00.837, 1, 98, 22732, 24576, 309.93
2026/08/11 00:08:00.838, 2, 100, 13022, 24576, 315.20
2026/08/11 00:08:05.839, 0, 100, 22606, 24576, 321.05
2026/08/11 00:08:05.840, 1, 99, 22732, 24576, 305.51
2026/08/11 00:08:05.841, 2, 100, 24054, 24576, 325.80
2026/08/11 00:08:10.842, 0, 100, 23446, 24576, 320.91
2026/08/11 00:08:10.843, 1, 97, 22732, 24576, 299.81
2026/08/11 00:08:10.843, 2, 97, 23114, 24576, 325.84
2026/08/11 00:08:15.844, 0, 81, 21706, 24576, 288.13
2026/08/11 00:08:15.845, 1, 79, 22732, 24576, 300.50
2026/08/11 00:08:15.845, 2, 82, 23374, 24576, 298.99
2026/08/11 00:08:20.846, 0, 85, 21706, 24576, 339.54
2026/08/11 00:08:20.847, 1, 84, 22732, 24576, 314.12
2026/08/11 00:08:20.847, 2, 83, 23374, 24576, 327.65
2026/08/11 00:08:25.848, 0, 98, 13570, 24576, 301.72
2026/08/11 00:08:25.848, 1, 98, 17702, 24576, 302.11
2026/08/11 00:08:25.849, 2, 98, 12902, 24576, 291.82
2026/08/11 00:08:30.850, 0, 98, 13570, 24576, 339.91
2026/08/11 00:08:30.858, 1, 98, 21316, 24576, 324.76
2026/08/11 00:08:30.858, 2, 98, 13262, 24576, 320.97
2026/08/11 00:08:35.859, 0, 97, 23988, 24576, 330.05
2026/08/11 00:08:35.860, 1, 100, 23394, 24576, 319.68
2026/08/11 00:08:35.860, 2, 100, 22932, 24576, 317.14
2026/08/11 00:08:40.861, 0, 88, 23988, 24576, 341.07
2026/08/11 00:08:40.861, 1, 89, 23394, 24576, 323.94
2026/08/11 00:08:40.862, 2, 88, 22932, 24576, 321.88
2026/08/11 00:08:45.863, 0, 81, 21788, 24576, 286.99
2026/08/11 00:08:45.863, 1, 83, 23394, 24576, 307.11
2026/08/11 00:08:45.864, 2, 81, 22932, 24576, 298.90
2026/08/11 00:08:50.865, 0, 85, 21788, 24576, 337.79
2026/08/11 00:08:50.866, 1, 85, 23394, 24576, 308.28
2026/08/11 00:08:50.866, 2, 85, 22932, 24576, 335.35
2026/08/11 00:08:55.867, 0, 98, 13530, 24576, 297.36
2026/08/11 00:08:55.868, 1, 98, 18002, 24576, 290.12
2026/08/11 00:08:55.869, 2, 97, 13042, 24576, 295.33
2026/08/11 00:09:00.870, 0, 98, 13530, 24576, 336.67
2026/08/11 00:09:00.871, 1, 99, 19696, 24576, 321.40
2026/08/11 00:09:00.871, 2, 98, 13042, 24576, 322.04
2026/08/11 00:09:05.872, 0, 100, 23290, 24576, 338.87
2026/08/11 00:09:05.873, 1, 100, 22072, 24576, 324.61
2026/08/11 00:09:05.873, 2, 100, 20754, 24576, 306.77
2026/08/11 00:09:10.874, 0, 100, 23290, 24576, 337.95
2026/08/11 00:09:10.875, 1, 100, 22072, 24576, 310.62
2026/08/11 00:09:10.876, 2, 100, 20754, 24576, 307.37
2026/08/11 00:09:15.876, 0, 100, 23290, 24576, 336.94
2026/08/11 00:09:15.877, 1, 100, 22072, 24576, 318.77
2026/08/11 00:09:15.878, 2, 100, 20754, 24576, 306.97
2026/08/11 00:09:20.879, 0, 80, 23290, 24576, 337.02
2026/08/11 00:09:20.880, 1, 84, 22072, 24576, 316.93
2026/08/11 00:09:20.880, 2, 81, 20754, 24576, 230.74
2026/08/11 00:09:25.881, 0, 97, 23290, 24576, 291.11
2026/08/11 00:09:25.881, 1, 100, 22072, 24576, 313.50
2026/08/11 00:09:25.882, 2, 100, 20754, 24576, 283.14
2026/08/11 00:09:30.883, 0, 98, 22750, 24576, 337.61
2026/08/11 00:09:30.883, 1, 99, 13022, 24576, 271.49
2026/08/11 00:09:30.884, 2, 100, 12842, 24576, 340.08
2026/08/11 00:09:35.884, 0, 95, 23884, 24576, 317.14
2026/08/11 00:09:35.885, 1, 97, 24054, 24576, 299.01
2026/08/11 00:09:35.886, 2, 93, 22852, 24576, 311.68
2026/08/11 00:09:40.887, 0, 96, 23584, 24576, 310.45
2026/08/11 00:09:40.887, 1, 99, 23714, 24576, 315.72
2026/08/11 00:09:40.888, 2, 96, 22852, 24576, 301.99
2026/08/11 00:09:45.889, 0, 95, 23604, 24576, 310.20
2026/08/11 00:09:45.890, 1, 97, 23694, 24576, 313.00
2026/08/11 00:09:45.890, 2, 97, 22852, 24576, 301.54
2026/08/11 00:09:50.891, 0, 82, 21984, 24576, 309.61
2026/08/11 00:09:50.892, 1, 85, 23374, 24576, 318.85
2026/08/11 00:09:50.892, 2, 83, 20872, 24576, 336.49
2026/08/11 00:09:55.893, 0, 81, 21984, 24576, 337.31
2026/08/11 00:09:55.894, 1, 81, 23374, 24576, 317.28
2026/08/11 00:09:55.894, 2, 100, 20872, 24576, 245.51
2026/08/11 00:10:00.895, 0, 98, 13570, 24576, 340.36
2026/08/11 00:10:00.896, 1, 90, 14038, 24576, 283.72
2026/08/11 00:10:00.896, 2, 98, 13322, 24576, 338.49
2026/08/11 00:10:05.897, 0, 93, 23784, 24576, 260.29
2026/08/11 00:10:05.898, 1, 100, 22226, 24576, 293.74
2026/08/11 00:10:05.898, 2, 100, 23008, 24576, 222.82
2026/08/11 00:10:10.899, 0, 88, 24208, 24576, 318.99
2026/08/11 00:10:10.900, 1, 97, 23294, 24576, 313.93
2026/08/11 00:10:10.901, 2, 100, 23072, 24576, 301.22
2026/08/11 00:10:15.902, 0, 87, 24208, 24576, 316.05
2026/08/11 00:10:15.903, 1, 88, 24134, 24576, 312.42
2026/08/11 00:10:15.903, 2, 100, 23072, 24576, 301.25
2026/08/11 00:10:20.904, 0, 82, 21988, 24576, 336.22
2026/08/11 00:10:20.905, 1, 83, 23454, 24576, 328.33
2026/08/11 00:10:20.905, 2, 84, 23072, 24576, 335.86
2026/08/11 00:10:25.906, 0, 77, 21988, 24576, 338.17
2026/08/11 00:10:25.907, 1, 83, 23454, 24576, 310.81
2026/08/11 00:10:25.907, 2, 83, 23072, 24576, 338.71
2026/08/11 00:10:30.908, 0, 98, 14470, 24576, 340.40
2026/08/11 00:10:30.908, 1, 98, 14002, 24576, 319.56
2026/08/11 00:10:30.909, 2, 98, 23482, 24576, 333.60
2026/08/11 00:10:35.910, 0, 41, 14470, 24576, 307.21
2026/08/11 00:10:35.910, 1, 47, 13976, 24576, 291.12
2026/08/11 00:10:35.911, 2, 91, 12298, 24576, 297.14
2026/08/11 00:10:40.912, 0, 88, 23526, 24576, 323.10
2026/08/11 00:10:40.913, 1, 89, 23812, 24576, 316.73
2026/08/11 00:10:40.913, 2, 88, 23634, 24576, 322.23
2026/08/11 00:10:45.914, 0, 100, 23306, 24576, 314.80
2026/08/11 00:10:45.916, 1, 87, 19772, 24576, 298.76
2026/08/11 00:10:45.916, 2, 92, 22912, 24576, 310.05
2026/08/11 00:10:50.917, 0, 82, 23306, 24576, 308.70
2026/08/11 00:10:50.918, 1, 83, 21952, 24576, 314.16
2026/08/11 00:10:50.918, 2, 83, 23314, 24576, 311.90
2026/08/11 00:10:55.919, 0, 82, 23306, 24576, 338.54
2026/08/11 00:10:55.919, 1, 86, 21952, 24576, 317.18
2026/08/11 00:10:55.920, 2, 84, 23314, 24576, 339.66
2026/08/11 00:11:00.920, 0, 98, 13570, 24576, 321.16
2026/08/11 00:11:00.930, 1, 98, 13962, 24576, 297.45
2026/08/11 00:11:00.930, 2, 98, 14002, 24576, 287.72
2026/08/11 00:11:05.931, 0, 98, 13570, 24576, 339.16
2026/08/11 00:11:05.932, 1, 98, 13936, 24576, 315.49
2026/08/11 00:11:05.932, 2, 97, 13998, 24576, 337.17
2026/08/11 00:11:10.933, 0, 96, 20846, 24576, 308.70
2026/08/11 00:11:10.933, 1, 96, 22732, 24576, 319.20
2026/08/11 00:11:10.934, 2, 96, 22852, 24576, 312.36
2026/08/11 00:11:15.935, 0, 100, 20846, 24576, 310.36
2026/08/11 00:11:15.935, 1, 100, 22732, 24576, 333.55
2026/08/11 00:11:15.936, 2, 100, 22852, 24576, 330.30
2026/08/11 00:11:20.937, 0, 80, 20846, 24576, 333.18
2026/08/11 00:11:20.937, 1, 82, 22732, 24576, 331.24
2026/08/11 00:11:20.938, 2, 81, 22852, 24576, 333.15
2026/08/11 00:11:25.939, 0, 78, 20846, 24576, 339.51
2026/08/11 00:11:25.940, 1, 84, 22732, 24576, 308.64
2026/08/11 00:11:25.940, 2, 80, 22852, 24576, 336.95
2026/08/11 00:11:30.941, 0, 98, 13430, 24576, 338.26
2026/08/11 00:11:30.942, 1, 98, 13002, 24576, 317.75
2026/08/11 00:11:30.943, 2, 98, 19642, 24576, 319.63
2026/08/11 00:11:35.943, 0, 100, 13430, 24576, 269.93
2026/08/11 00:11:35.944, 1, 98, 13002, 24576, 308.02
2026/08/11 00:11:35.944, 2, 98, 13218, 24576, 332.13
2026/08/11 00:11:40.945, 0, 88, 21286, 24576, 321.69
2026/08/11 00:11:40.946, 1, 91, 21174, 24576, 309.06
2026/08/11 00:11:40.946, 2, 89, 22914, 24576, 335.71
2026/08/11 00:11:45.947, 0, 100, 22986, 24576, 316.22
2026/08/11 00:11:45.947, 1, 96, 22994, 24576, 302.66
2026/08/11 00:11:45.948, 2, 97, 22914, 24576, 318.03
2026/08/11 00:11:50.949, 0, 81, 20926, 24576, 334.86
2026/08/11 00:11:50.950, 1, 81, 20814, 24576, 321.04
2026/08/11 00:11:50.950, 2, 80, 22914, 24576, 335.22
2026/08/11 00:11:55.952, 0, 81, 20926, 24576, 339.16
2026/08/11 00:11:55.953, 1, 83, 20814, 24576, 314.98
2026/08/11 00:11:55.953, 2, 84, 22914, 24576, 337.80
2026/08/11 00:12:00.954, 0, 100, 14390, 24576, 339.65
2026/08/11 00:12:00.955, 1, 98, 14002, 24576, 280.67
2026/08/11 00:12:00.955, 2, 98, 22914, 24576, 331.05
2026/08/11 00:12:05.956, 0, 100, 21032, 24576, 311.17
2026/08/11 00:12:05.956, 1, 95, 22074, 24576, 285.91
2026/08/11 00:12:05.957, 2, 93, 22914, 24576, 280.33
2026/08/11 00:12:10.958, 0, 100, 21086, 24576, 311.27
2026/08/11 00:12:10.958, 1, 100, 22132, 24576, 319.65
2026/08/11 00:12:10.962, 2, 81, 22914, 24576, 316.56
2026/08/11 00:12:15.963, 0, 93, 21086, 24576, 311.68
2026/08/11 00:12:15.963, 1, 88, 22132, 24576, 313.20
2026/08/11 00:12:15.964, 2, 89, 22914, 24576, 320.89
2026/08/11 00:12:20.965, 0, 82, 23066, 24576, 336.20
2026/08/11 00:12:20.966, 1, 81, 22132, 24576, 325.88
2026/08/11 00:12:20.966, 2, 79, 22914, 24576, 333.08
2026/08/11 00:12:25.967, 0, 84, 23066, 24576, 339.30
2026/08/11 00:12:25.967, 1, 85, 22132, 24576, 317.95
2026/08/11 00:12:25.968, 2, 82, 22914, 24576, 337.34
2026/08/11 00:12:30.969, 0, 98, 13670, 24576, 338.90
2026/08/11 00:12:30.969, 1, 98, 22132, 24576, 304.15
2026/08/11 00:12:30.970, 2, 89, 12098, 24576, 294.10
2026/08/11 00:12:35.970, 0, 100, 22884, 24576, 317.32
2026/08/11 00:12:35.971, 1, 95, 23172, 24576, 324.65
2026/08/11 00:12:35.972, 2, 97, 22850, 24576, 313.77
2026/08/11 00:12:40.972, 0, 97, 22884, 24576, 299.78
2026/08/11 00:12:40.973, 1, 82, 20972, 24576, 309.08
2026/08/11 00:12:40.974, 2, 84, 20450, 24576, 302.69
2026/08/11 00:12:45.975, 0, 96, 22884, 24576, 293.64
2026/08/11 00:12:45.976, 1, 87, 20652, 24576, 300.58
2026/08/11 00:12:45.976, 2, 90, 19790, 24576, 292.51
2026/08/11 00:12:50.977, 0, 79, 22884, 24576, 335.84
2026/08/11 00:12:50.977, 1, 83, 20652, 24576, 320.94
2026/08/11 00:12:50.978, 2, 81, 19790, 24576, 335.78
2026/08/11 00:12:55.979, 0, 78, 22884, 24576, 338.69
2026/08/11 00:12:55.979, 1, 83, 20652, 24576, 317.78
2026/08/11 00:12:55.980, 2, 81, 19790, 24576, 341.05
2026/08/11 00:13:00.980, 0, 97, 13570, 24576, 339.04
2026/08/11 00:13:00.981, 1, 98, 20652, 24576, 303.64
2026/08/11 00:13:00.981, 2, 97, 18022, 24576, 313.17
2026/08/11 00:13:05.982, 0, 77, 21848, 24576, 314.04
2026/08/11 00:13:05.983, 1, 80, 21514, 24576, 303.73
2026/08/11 00:13:05.983, 2, 96, 22712, 24576, 321.03
2026/08/11 00:13:10.985, 0, 90, 21848, 24576, 314.06
2026/08/11 00:13:10.985, 1, 91, 21514, 24576, 307.48
2026/08/11 00:13:10.986, 2, 96, 22712, 24576, 309.93
2026/08/11 00:13:15.987, 0, 90, 21848, 24576, 314.95
2026/08/11 00:13:15.988, 1, 88, 21514, 24576, 310.38
2026/08/11 00:13:15.988, 2, 95, 22712, 24576, 306.82
2026/08/11 00:13:20.989, 0, 80, 21848, 24576, 337.66
2026/08/11 00:13:20.990, 1, 82, 21514, 24576, 321.01
2026/08/11 00:13:20.991, 2, 80, 22712, 24576, 335.44
2026/08/11 00:13:25.991, 0, 79, 21848, 24576, 337.66
2026/08/11 00:13:25.992, 1, 63, 21514, 24576, 316.00
2026/08/11 00:13:25.992, 2, 0, 22712, 24576, 259.80
2026/08/11 00:13:30.993, 0, 98, 24170, 24576, 337.62
2026/08/11 00:13:30.994, 1, 0, 13042, 24576, 277.20
2026/08/11 00:13:30.995, 2, 98, 13062, 24576, 336.83
2026/08/11 00:13:35.996, 0, 69, 13430, 24576, 287.95
2026/08/11 00:13:35.996, 1, 98, 13042, 24576, 315.00
2026/08/11 00:13:35.997, 2, 98, 13062, 24576, 335.08
2026/08/11 00:13:40.998, 0, 97, 23508, 24576, 304.46
2026/08/11 00:13:40.999, 1, 97, 23634, 24576, 305.99
2026/08/11 00:13:40.999, 2, 96, 23976, 24576, 333.46
2026/08/11 00:13:46.000, 0, 100, 23508, 24576, 297.53
2026/08/11 00:13:46.001, 1, 100, 21554, 24576, 312.94
2026/08/11 00:13:46.001, 2, 100, 21976, 24576, 329.17
2026/08/11 00:13:51.002, 0, 85, 23508, 24576, 283.93
2026/08/11 00:13:51.003, 1, 59, 21434, 24576, 287.66
2026/08/11 00:13:51.003, 2, 67, 21776, 24576, 312.14
2026/08/11 00:13:56.004, 0, 80, 23508, 24576, 338.18
2026/08/11 00:13:56.004, 1, 84, 21434, 24576, 322.03
2026/08/11 00:13:56.005, 2, 83, 21776, 24576, 332.61
2026/08/11 00:14:01.006, 0, 98, 23508, 24576, 338.96
2026/08/11 00:14:01.006, 1, 98, 23194, 24576, 324.44
2026/08/11 00:14:01.007, 2, 98, 21776, 24576, 331.01
2026/08/11 00:14:06.008, 0, 100, 23508, 24576, 339.15
2026/08/11 00:14:06.008, 1, 98, 13342, 24576, 286.78
2026/08/11 00:14:06.009, 2, 98, 21776, 24576, 319.44
2026/08/11 00:14:11.010, 0, 96, 23508, 24576, 302.09
2026/08/11 00:14:11.011, 1, 98, 23254, 24576, 311.40
2026/08/11 00:14:11.011, 2, 90, 20692, 24576, 321.95
2026/08/11 00:14:16.012, 0, 89, 23508, 24576, 328.77
2026/08/11 00:14:16.012, 1, 89, 23254, 24576, 326.07
2026/08/11 00:14:16.013, 2, 100, 20692, 24576, 321.41
2026/08/11 00:14:21.014, 0, 24, 23508, 24576, 262.67
2026/08/11 00:14:21.014, 1, 21, 23254, 24576, 287.45
2026/08/11 00:14:21.015, 2, 21, 20692, 24576, 276.39
2026/08/11 00:14:26.016, 0, 82, 23508, 24576, 339.73
2026/08/11 00:14:26.016, 1, 84, 23254, 24576, 316.02
2026/08/11 00:14:26.017, 2, 83, 20692, 24576, 337.40
2026/08/11 00:14:31.018, 0, 89, 15110, 24576, 299.77
2026/08/11 00:14:31.019, 1, 94, 18034, 24576, 292.29
2026/08/11 00:14:31.019, 2, 100, 20692, 24576, 325.66
2026/08/11 00:14:36.020, 0, 98, 14450, 24576, 302.50
2026/08/11 00:14:36.021, 1, 98, 13916, 24576, 292.33
2026/08/11 00:14:36.022, 2, 98, 20692, 24576, 319.36
2026/08/11 00:14:41.023, 0, 88, 22726, 24576, 336.62
2026/08/11 00:14:41.023, 1, 97, 23194, 24576, 318.48
2026/08/11 00:14:41.024, 2, 100, 20834, 24576, 308.95
2026/08/11 00:14:46.025, 0, 89, 22726, 24576, 336.76
2026/08/11 00:14:46.025, 1, 80, 23194, 24576, 319.25
2026/08/11 00:14:46.026, 2, 96, 20834, 24576, 311.86
2026/08/11 00:14:51.026, 0, 100, 22726, 24576, 306.32
2026/08/11 00:14:51.027, 1, 87, 23194, 24576, 288.37
2026/08/11 00:14:51.027, 2, 94, 20834, 24576, 295.98
2026/08/11 00:14:56.028, 0, 84, 22726, 24576, 340.11
2026/08/11 00:14:56.029, 1, 84, 23194, 24576, 316.11
2026/08/11 00:14:56.029, 2, 85, 20834, 24576, 337.36
2026/08/11 00:15:01.031, 0, 98, 19466, 24576, 333.68
2026/08/11 00:15:01.031, 1, 100, 23194, 24576, 328.56
2026/08/11 00:15:01.032, 2, 98, 20834, 24576, 334.94
2026/08/11 00:15:06.033, 0, 100, 13470, 24576, 338.60
2026/08/11 00:15:06.034, 1, 98, 23194, 24576, 308.80
2026/08/11 00:15:06.034, 2, 98, 20834, 24576, 320.86
2026/08/11 00:15:11.035, 0, 100, 23186, 24576, 333.81
2026/08/11 00:15:11.036, 1, 99, 21776, 24576, 309.70
2026/08/11 00:15:11.036, 2, 100, 22994, 24576, 343.35
2026/08/11 00:15:16.037, 0, 89, 23186, 24576, 314.31
2026/08/11 00:15:16.038, 1, 78, 21776, 24576, 310.03
2026/08/11 00:15:16.038, 2, 88, 22994, 24576, 321.24
2026/08/11 00:15:21.039, 0, 93, 23186, 24576, 295.29
2026/08/11 00:15:21.040, 1, 100, 20796, 24576, 311.68
2026/08/11 00:15:21.040, 2, 99, 22994, 24576, 299.12
2026/08/11 00:15:26.041, 0, 83, 21086, 24576, 336.40
2026/08/11 00:15:26.042, 1, 83, 23816, 24576, 315.52
2026/08/11 00:15:26.042, 2, 84, 20754, 24576, 334.69
2026/08/11 00:15:31.043, 0, 85, 21086, 24576, 340.70
2026/08/11 00:15:31.044, 1, 100, 23816, 24576, 266.88
2026/08/11 00:15:31.045, 2, 83, 20754, 24576, 338.64
2026/08/11 00:15:36.045, 0, 100, 13590, 24576, 339.36
2026/08/11 00:15:36.046, 1, 98, 15938, 24576, 285.32
2026/08/11 00:15:36.047, 2, 98, 20754, 24576, 326.31
2026/08/11 00:15:41.047, 0, 84, 20980, 24576, 317.65
2026/08/11 00:15:41.048, 1, 87, 22204, 24576, 213.89
2026/08/11 00:15:41.048, 2, 84, 21454, 24576, 192.04
2026/08/11 00:15:46.049, 0, 89, 23490, 24576, 337.91
2026/08/11 00:15:46.050, 1, 100, 22252, 24576, 322.31
2026/08/11 00:15:46.050, 2, 100, 21454, 24576, 311.24
2026/08/11 00:15:51.051, 0, 96, 23490, 24576, 336.48
2026/08/11 00:15:51.051, 1, 100, 22252, 24576, 319.40
2026/08/11 00:15:51.052, 2, 100, 21454, 24576, 311.48
2026/08/11 00:15:56.053, 0, 80, 23490, 24576, 332.64
2026/08/11 00:15:56.054, 1, 81, 22252, 24576, 334.14
2026/08/11 00:15:56.054, 2, 80, 21454, 24576, 325.67
2026/08/11 00:16:01.055, 0, 81, 23490, 24576, 338.75
2026/08/11 00:16:01.056, 1, 82, 22252, 24576, 313.08
2026/08/11 00:16:01.057, 2, 84, 21454, 24576, 336.63
2026/08/11 00:16:06.057, 0, 100, 13550, 24576, 320.39
2026/08/11 00:16:06.058, 1, 98, 13064, 24576, 285.58
2026/08/11 00:16:06.059, 2, 97, 14022, 24576, 291.79
2026/08/11 00:16:11.060, 0, 100, 13550, 24576, 338.11
2026/08/11 00:16:11.060, 1, 98, 13064, 24576, 305.94
2026/08/11 00:16:11.061, 2, 98, 14018, 24576, 337.30
2026/08/11 00:16:16.061, 0, 87, 23928, 24576, 328.19
2026/08/11 00:16:16.062, 1, 100, 23256, 24576, 317.44
2026/08/11 00:16:16.063, 2, 100, 23334, 24576, 308.92
2026/08/11 00:16:21.064, 0, 100, 23928, 24576, 322.50
2026/08/11 00:16:21.064, 1, 92, 23256, 24576, 315.56
2026/08/11 00:16:21.065, 2, 95, 23334, 24576, 307.62
2026/08/11 00:16:26.067, 0, 89, 21728, 24576, 299.89
2026/08/11 00:16:26.068, 1, 90, 23256, 24576, 315.37
2026/08/11 00:16:26.068, 2, 98, 23334, 24576, 317.04
2026/08/11 00:16:31.069, 0, 77, 21728, 24576, 336.18
2026/08/11 00:16:31.070, 1, 84, 23256, 24576, 307.86
2026/08/11 00:16:31.071, 2, 83, 23334, 24576, 335.31
2026/08/11 00:16:36.072, 0, 71, 21728, 24576, 331.78
2026/08/11 00:16:36.072, 1, 84, 23256, 24576, 305.88
2026/08/11 00:16:36.073, 2, 83, 23334, 24576, 339.27
2026/08/11 00:16:41.073, 0, 98, 16290, 24576, 309.74
2026/08/11 00:16:41.074, 1, 98, 16742, 24576, 294.37
2026/08/11 00:16:41.074, 2, 98, 23334, 24576, 322.51
2026/08/11 00:16:46.075, 0, 100, 23270, 24576, 288.09
2026/08/11 00:16:46.076, 1, 100, 22776, 24576, 313.98
2026/08/11 00:16:46.077, 2, 100, 22956, 24576, 297.28
2026/08/11 00:16:51.079, 0, 97, 22148, 24576, 307.28
2026/08/11 00:16:51.080, 1, 92, 22272, 24576, 299.61
2026/08/11 00:16:51.080, 2, 95, 21956, 24576, 324.88
2026/08/11 00:16:56.081, 0, 87, 23328, 24576, 318.29
2026/08/11 00:16:56.081, 1, 89, 22832, 24576, 331.87
2026/08/11 00:16:56.082, 2, 88, 23016, 24576, 326.75
2026/08/11 00:17:01.083, 0, 81, 23328, 24576, 332.10
2026/08/11 00:17:01.083, 1, 83, 22832, 24576, 334.05
2026/08/11 00:17:01.084, 2, 81, 23016, 24576, 324.59
2026/08/11 00:17:06.085, 0, 81, 23328, 24576, 340.24
2026/08/11 00:17:06.085, 1, 84, 22832, 24576, 317.65
2026/08/11 00:17:06.086, 2, 84, 23016, 24576, 337.21
2026/08/11 00:17:11.086, 0, 98, 23328, 24576, 338.71
2026/08/11 00:17:11.087, 1, 98, 13982, 24576, 309.40
2026/08/11 00:17:11.088, 2, 98, 13062, 24576, 293.85
2026/08/11 00:17:16.089, 0, 100, 23328, 24576, 225.43
2026/08/11 00:17:16.089, 1, 98, 13958, 24576, 316.78
2026/08/11 00:17:16.090, 2, 98, 13062, 24576, 319.43
2026/08/11 00:17:21.091, 0, 100, 22766, 24576, 310.83
2026/08/11 00:17:21.091, 1, 100, 22874, 24576, 326.99
2026/08/11 00:17:21.092, 2, 96, 21716, 24576, 315.84
2026/08/11 00:17:26.093, 0, 94, 22766, 24576, 289.67
2026/08/11 00:17:26.093, 1, 94, 22874, 24576, 312.31
2026/08/11 00:17:26.094, 2, 91, 21716, 24576, 322.97
2026/08/11 00:17:31.095, 0, 100, 22766, 24576, 294.08
2026/08/11 00:17:31.095, 1, 99, 22874, 24576, 305.91
2026/08/11 00:17:31.096, 2, 100, 23276, 24576, 336.00
2026/08/11 00:17:36.096, 0, 77, 22766, 24576, 336.58
2026/08/11 00:17:36.097, 1, 83, 22874, 24576, 318.36
2026/08/11 00:17:36.098, 2, 82, 21716, 24576, 335.64
2026/08/11 00:17:41.098, 0, 98, 22766, 24576, 334.44
2026/08/11 00:17:41.099, 1, 98, 22874, 24576, 336.46
2026/08/11 00:17:41.100, 2, 100, 21716, 24576, 320.78
2026/08/11 00:17:46.100, 0, 98, 13670, 24576, 341.22
2026/08/11 00:17:46.101, 1, 98, 22874, 24576, 305.09
2026/08/11 00:17:46.102, 2, 98, 13022, 24576, 279.48
2026/08/11 00:17:51.102, 0, 92, 22868, 24576, 248.44
2026/08/11 00:17:51.103, 1, 88, 20550, 24576, 232.80
2026/08/11 00:17:51.104, 2, 92, 23474, 24576, 309.38
2026/08/11 00:17:56.104, 0, 100, 22926, 24576, 280.88
2026/08/11 00:17:56.105, 1, 100, 23534, 24576, 309.38
2026/08/11 00:17:56.106, 2, 100, 23656, 24576, 329.96
2026/08/11 00:18:01.106, 0, 89, 22926, 24576, 308.41
2026/08/11 00:18:01.107, 1, 89, 22674, 24576, 328.40
2026/08/11 00:18:01.107, 2, 100, 23196, 24576, 332.56
2026/08/11 00:18:06.108, 0, 79, 22926, 24576, 327.24
2026/08/11 00:18:06.109, 1, 79, 22674, 24576, 329.00
2026/08/11 00:18:06.109, 2, 80, 23196, 24576, 326.09
2026/08/11 00:18:11.110, 0, 84, 22926, 24576, 340.95
2026/08/11 00:18:11.111, 1, 84, 22674, 24576, 337.02
2026/08/11 00:18:11.112, 2, 82, 23196, 24576, 337.69
2026/08/11 00:18:16.113, 0, 98, 13770, 24576, 298.88
2026/08/11 00:18:16.114, 1, 98, 14064, 24576, 292.30
2026/08/11 00:18:16.114, 2, 98, 17682, 24576, 292.43
2026/08/11 00:18:21.115, 0, 41, 13770, 24576, 303.95
2026/08/11 00:18:21.116, 1, 98, 19604, 24576, 313.86
2026/08/11 00:18:21.117, 2, 98, 13342, 24576, 328.88
2026/08/11 00:18:26.118, 0, 96, 22804, 24576, 295.57
2026/08/11 00:18:26.118, 1, 95, 23958, 24576, 317.76
2026/08/11 00:18:26.119, 2, 97, 23254, 24576, 293.92
2026/08/11 00:18:31.120, 0, 100, 22804, 24576, 293.32
2026/08/11 00:18:31.120, 1, 89, 23958, 24576, 321.74
2026/08/11 00:18:31.121, 2, 100, 23254, 24576, 305.46
2026/08/11 00:18:36.122, 0, 100, 22804, 24576, 308.18
2026/08/11 00:18:36.122, 1, 100, 23958, 24576, 328.79
2026/08/11 00:18:36.123, 2, 100, 23254, 24576, 315.71
2026/08/11 00:18:41.124, 0, 82, 22804, 24576, 339.03
2026/08/11 00:18:41.125, 1, 80, 23958, 24576, 318.97
2026/08/11 00:18:41.125, 2, 79, 23254, 24576, 335.20
2026/08/11 00:18:46.126, 0, 97, 22804, 24576, 219.05
2026/08/11 00:18:46.127, 1, 98, 23958, 24576, 213.15
2026/08/11 00:18:46.127, 2, 80, 23254, 24576, 338.45
2026/08/11 00:18:51.128, 0, 98, 13530, 24576, 340.25
2026/08/11 00:18:51.129, 1, 98, 13262, 24576, 315.47
2026/08/11 00:18:51.129, 2, 98, 18342, 24576, 335.51
2026/08/11 00:18:56.130, 0, 83, 20906, 24576, 314.15
2026/08/11 00:18:56.130, 1, 100, 22912, 24576, 333.78
2026/08/11 00:18:56.131, 2, 85, 20894, 24576, 324.05
2026/08/11 00:19:01.132, 0, 100, 20906, 24576, 318.38
2026/08/11 00:19:01.132, 1, 88, 22912, 24576, 337.01
2026/08/11 00:19:01.133, 2, 100, 20894, 24576, 322.51
2026/08/11 00:19:06.134, 0, 90, 23066, 24576, 316.93
2026/08/11 00:19:06.134, 1, 100, 22912, 24576, 314.74
2026/08/11 00:19:06.135, 2, 96, 23134, 24576, 324.77
2026/08/11 00:19:11.136, 0, 75, 20906, 24576, 338.21
2026/08/11 00:19:11.137, 1, 83, 22912, 24576, 315.71
2026/08/11 00:19:11.138, 2, 83, 20894, 24576, 336.03
2026/08/11 00:19:16.138, 0, 83, 20906, 24576, 342.71
2026/08/11 00:19:16.139, 1, 100, 22912, 24576, 230.99
2026/08/11 00:19:16.140, 2, 80, 20894, 24576, 305.65
2026/08/11 00:19:21.140, 0, 100, 13490, 24576, 337.07
2026/08/11 00:19:21.141, 1, 98, 15938, 24576, 292.73
2026/08/11 00:19:21.141, 2, 98, 13022, 24576, 334.83
2026/08/11 00:19:26.142, 0, 100, 23566, 24576, 317.45
2026/08/11 00:19:26.143, 1, 94, 20384, 24576, 233.81
2026/08/11 00:19:26.143, 2, 94, 23112, 24576, 230.21
2026/08/11 00:19:31.144, 0, 100, 23250, 24576, 332.67
2026/08/11 00:19:31.145, 1, 100, 20832, 24576, 311.69
2026/08/11 00:19:31.145, 2, 100, 23534, 24576, 307.94
2026/08/11 00:19:36.146, 0, 87, 22810, 24576, 336.43
2026/08/11 00:19:36.147, 1, 95, 23552, 24576, 319.71
2026/08/11 00:19:36.148, 2, 90, 23534, 24576, 306.11
2026/08/11 00:19:41.149, 0, 82, 23250, 24576, 334.36
2026/08/11 00:19:41.150, 1, 83, 22172, 24576, 328.17
2026/08/11 00:19:41.150, 2, 79, 21354, 24576, 331.82
2026/08/11 00:19:46.151, 0, 73, 23250, 24576, 335.64
2026/08/11 00:19:46.152, 1, 70, 22172, 24576, 312.52
2026/08/11 00:19:46.152, 2, 71, 21354, 24576, 333.75
2026/08/11 00:19:51.153, 0, 98, 13590, 24576, 292.98
2026/08/11 00:19:51.153, 1, 98, 13022, 24576, 316.33
2026/08/11 00:19:51.154, 2, 98, 12902, 24576, 315.09
2026/08/11 00:19:56.155, 0, 98, 13590, 24576, 336.67
2026/08/11 00:19:56.155, 1, 98, 13022, 24576, 301.94
2026/08/11 00:19:56.156, 2, 41, 13282, 24576, 305.54
2026/08/11 00:20:01.157, 0, 99, 23410, 24576, 336.21
2026/08/11 00:20:01.158, 1, 98, 23474, 24576, 324.33
2026/08/11 00:20:01.159, 2, 100, 23032, 24576, 316.25
2026/08/11 00:20:06.160, 0, 98, 23410, 24576, 326.51
2026/08/11 00:20:06.162, 1, 93, 23474, 24576, 302.77
2026/08/11 00:20:06.163, 2, 97, 23032, 24576, 309.00
2026/08/11 00:20:11.163, 0, 94, 23410, 24576, 327.71
2026/08/11 00:20:11.164, 1, 100, 21614, 24576, 319.09
2026/08/11 00:20:11.164, 2, 100, 23032, 24576, 291.18
2026/08/11 00:20:16.165, 0, 81, 23410, 24576, 336.59
2026/08/11 00:20:16.166, 1, 83, 23474, 24576, 311.78
2026/08/11 00:20:16.166, 2, 83, 23032, 24576, 332.44
2026/08/11 00:20:21.167, 0, 98, 23410, 24576, 337.30
2026/08/11 00:20:21.172, 1, 98, 23474, 24576, 309.29
2026/08/11 00:20:21.173, 2, 98, 23032, 24576, 338.99
2026/08/11 00:20:26.173, 0, 100, 13730, 24576, 336.51
2026/08/11 00:20:26.174, 1, 98, 24022, 24576, 307.83
2026/08/11 00:20:26.175, 2, 98, 24080, 24576, 338.41
2026/08/11 00:20:31.176, 0, 100, 23548, 24576, 326.07
2026/08/11 00:20:31.176, 1, 88, 20934, 24576, 303.92
2026/08/11 00:20:31.177, 2, 95, 22934, 24576, 323.91
2026/08/11 00:20:36.177, 0, 100, 23548, 24576, 329.57
2026/08/11 00:20:36.178, 1, 94, 20934, 24576, 302.78
2026/08/11 00:20:36.179, 2, 100, 22614, 24576, 330.31
2026/08/11 00:20:41.179, 0, 88, 23548, 24576, 327.95
2026/08/11 00:20:41.180, 1, 100, 20934, 24576, 305.92
2026/08/11 00:20:41.180, 2, 100, 22614, 24576, 341.15
2026/08/11 00:20:46.181, 0, 84, 23548, 24576, 337.84
2026/08/11 00:20:46.182, 1, 83, 23034, 24576, 321.42
2026/08/11 00:20:46.182, 2, 83, 20614, 24576, 337.06
2026/08/11 00:20:51.185, 0, 98, 23548, 24576, 323.04
2026/08/11 00:20:51.185, 1, 98, 23034, 24576, 299.96
2026/08/11 00:20:51.186, 2, 98, 20614, 24576, 338.96
2026/08/11 00:20:56.187, 0, 97, 13550, 24576, 336.76
2026/08/11 00:20:56.188, 1, 98, 13064, 24576, 305.57
2026/08/11 00:20:56.188, 2, 98, 13064, 24576, 329.67
2026/08/11 00:21:01.189, 0, 100, 22260, 24576, 221.25
2026/08/11 00:21:01.190, 1, 57, 21908, 24576, 297.35
2026/08/11 00:21:01.191, 2, 100, 21906, 24576, 288.75
2026/08/11 00:21:06.191, 0, 89, 23410, 24576, 336.20
2026/08/11 00:21:06.192, 1, 100, 21976, 24576, 308.79
2026/08/11 00:21:06.192, 2, 88, 21976, 24576, 323.67
2026/08/11 00:21:11.193, 0, 100, 23410, 24576, 338.80
2026/08/11 00:21:11.194, 1, 100, 21976, 24576, 315.62
2026/08/11 00:21:11.196, 2, 100, 21976, 24576, 331.80
2026/08/11 00:21:16.197, 0, 80, 23410, 24576, 309.96
2026/08/11 00:21:16.198, 1, 79, 21976, 24576, 319.87
2026/08/11 00:21:16.198, 2, 82, 21976, 24576, 317.61
2026/08/11 00:21:21.199, 0, 81, 23410, 24576, 337.60
2026/08/11 00:21:21.200, 1, 84, 21976, 24576, 318.91
2026/08/11 00:21:21.200, 2, 83, 21976, 24576, 325.23
2026/08/11 00:21:26.201, 0, 99, 13530, 24576, 300.08
2026/08/11 00:21:26.201, 1, 98, 14022, 24576, 287.05
2026/08/11 00:21:26.202, 2, 98, 13004, 24576, 283.48
2026/08/11 00:21:31.203, 0, 98, 13530, 24576, 339.37
2026/08/11 00:21:31.203, 1, 98, 13998, 24576, 335.57
2026/08/11 00:21:31.204, 2, 98, 13004, 24576, 315.52
2026/08/11 00:21:36.204, 0, 96, 21828, 24576, 315.62
2026/08/11 00:21:36.205, 1, 100, 23034, 24576, 333.94
2026/08/11 00:21:36.206, 2, 99, 21856, 24576, 322.87
2026/08/11 00:21:41.207, 0, 91, 21828, 24576, 308.35
2026/08/11 00:21:41.208, 1, 100, 23034, 24576, 319.15
2026/08/11 00:21:41.208, 2, 92, 21856, 24576, 324.14
2026/08/11 00:21:46.209, 0, 95, 21828, 24576, 311.88
2026/08/11 00:21:46.210, 1, 96, 23034, 24576, 307.04
2026/08/11 00:21:46.210, 2, 92, 21856, 24576, 322.08
2026/08/11 00:21:51.211, 0, 83, 21828, 24576, 338.02
2026/08/11 00:21:51.212, 1, 83, 23034, 24576, 315.40
2026/08/11 00:21:51.212, 2, 81, 21856, 24576, 336.08
2026/08/11 00:21:56.213, 0, 98, 21828, 24576, 336.98
2026/08/11 00:21:56.214, 1, 98, 23034, 24576, 325.49
2026/08/11 00:21:56.214, 2, 98, 21856, 24576, 312.83
2026/08/11 00:22:01.215, 0, 99, 13570, 24576, 338.93
2026/08/11 00:22:01.216, 1, 98, 22638, 24576, 311.38
2026/08/11 00:22:01.216, 2, 100, 13302, 24576, 319.64
2026/08/11 00:22:06.217, 0, 99, 24110, 24576, 333.29
2026/08/11 00:22:06.218, 1, 100, 21930, 24576, 322.61
2026/08/11 00:22:06.218, 2, 100, 23696, 24576, 323.33
2026/08/11 00:22:11.220, 0, 97, 24110, 24576, 340.06
2026/08/11 00:22:11.220, 1, 100, 21930, 24576, 321.27
2026/08/11 00:22:11.221, 2, 100, 23696, 24576, 332.55
2026/08/11 00:22:16.222, 0, 94, 24110, 24576, 334.91
2026/08/11 00:22:16.222, 1, 100, 21930, 24576, 315.69
2026/08/11 00:22:16.223, 2, 100, 23696, 24576, 325.39
2026/08/11 00:22:21.223, 0, 83, 24110, 24576, 336.23
2026/08/11 00:22:21.224, 1, 0, 21930, 24576, 275.67
2026/08/11 00:22:21.224, 2, 82, 23696, 24576, 330.40
2026/08/11 00:22:26.225, 0, 84, 24110, 24576, 338.98
2026/08/11 00:22:26.226, 1, 84, 21930, 24576, 323.11
2026/08/11 00:22:26.226, 2, 83, 23696, 24576, 336.13
2026/08/11 00:22:31.227, 0, 100, 13572, 24576, 338.60
2026/08/11 00:22:31.228, 1, 97, 23502, 24576, 289.65
2026/08/11 00:22:31.228, 2, 98, 13022, 24576, 335.01
2026/08/11 00:22:36.229, 0, 38, 13572, 24576, 297.45
2026/08/11 00:22:36.230, 1, 90, 12258, 24576, 268.52
2026/08/11 00:22:36.231, 2, 100, 13022, 24576, 245.11
2026/08/11 00:22:41.232, 0, 100, 24028, 24576, 328.95
2026/08/11 00:22:41.232, 1, 89, 23354, 24576, 320.52
2026/08/11 00:22:41.233, 2, 88, 23394, 24576, 323.37
2026/08/11 00:22:46.234, 0, 100, 24028, 24576, 330.58
2026/08/11 00:22:46.234, 1, 89, 23354, 24576, 320.71
2026/08/11 00:22:46.235, 2, 88, 23394, 24576, 322.67
2026/08/11 00:22:51.236, 0, 81, 21808, 24576, 275.77
2026/08/11 00:22:51.236, 1, 82, 23354, 24576, 288.83
2026/08/11 00:22:51.237, 2, 81, 23394, 24576, 284.22
2026/08/11 00:22:56.237, 0, 83, 21808, 24576, 338.37
2026/08/11 00:22:56.238, 1, 85, 23354, 24576, 314.89
2026/08/11 00:22:56.238, 2, 83, 23394, 24576, 336.75
2026/08/11 00:23:01.239, 0, 98, 17970, 24576, 304.38
2026/08/11 00:23:01.240, 1, 98, 12802, 24576, 294.57
2026/08/11 00:23:01.240, 2, 98, 12822, 24576, 293.87
2026/08/11 00:23:06.241, 0, 98, 21470, 24576, 331.16
2026/08/11 00:23:06.242, 1, 98, 12802, 24576, 310.87
2026/08/11 00:23:06.243, 2, 100, 12822, 24576, 326.99
2026/08/11 00:23:11.244, 0, 97, 23908, 24576, 318.86
2026/08/11 00:23:11.244, 1, 96, 22492, 24576, 310.71
2026/08/11 00:23:11.245, 2, 90, 22132, 24576, 307.97
2026/08/11 00:23:16.246, 0, 98, 23908, 24576, 332.11
2026/08/11 00:23:16.246, 1, 100, 22492, 24576, 315.55
2026/08/11 00:23:16.247, 2, 90, 22132, 24576, 308.83
2026/08/11 00:23:21.247, 0, 39, 23908, 24576, 271.88
2026/08/11 00:23:21.248, 1, 62, 20552, 24576, 277.05
2026/08/11 00:23:21.248, 2, 58, 22132, 24576, 278.48
2026/08/11 00:23:26.249, 0, 81, 23908, 24576, 338.40
2026/08/11 00:23:26.250, 1, 83, 20552, 24576, 318.14
2026/08/11 00:23:26.250, 2, 84, 22132, 24576, 338.01
2026/08/11 00:23:31.251, 0, 97, 13870, 24576, 302.13
2026/08/11 00:23:31.252, 1, 86, 12932, 24576, 279.87
2026/08/11 00:23:31.253, 2, 85, 13958, 24576, 287.35
2026/08/11 00:23:36.253, 0, 98, 13870, 24576, 338.28
2026/08/11 00:23:36.254, 1, 98, 13322, 24576, 305.12
2026/08/11 00:23:36.255, 2, 98, 13998, 24576, 305.47
2026/08/11 00:23:41.256, 0, 100, 22624, 24576, 325.21
2026/08/11 00:23:41.257, 1, 100, 22952, 24576, 328.13
2026/08/11 00:23:41.257, 2, 96, 21054, 24576, 320.73
2026/08/11 00:23:46.258, 0, 84, 22624, 24576, 337.49
2026/08/11 00:23:46.258, 1, 88, 22952, 24576, 314.72
2026/08/11 00:23:46.259, 2, 100, 21054, 24576, 317.90
2026/08/11 00:23:51.260, 0, 77, 20504, 24576, 284.13
2026/08/11 00:23:51.260, 1, 81, 22952, 24576, 292.88
2026/08/11 00:23:51.261, 2, 80, 23114, 24576, 283.76
2026/08/11 00:23:56.261, 0, 79, 20504, 24576, 338.91
2026/08/11 00:23:56.262, 1, 82, 22952, 24576, 316.30
2026/08/11 00:23:56.263, 2, 80, 23114, 24576, 328.98
2026/08/11 00:24:01.264, 0, 98, 13330, 24576, 299.93
2026/08/11 00:24:01.264, 1, 98, 22952, 24576, 308.47
2026/08/11 00:24:01.265, 2, 93, 13062, 24576, 287.19
2026/08/11 00:24:06.266, 0, 98, 13330, 24576, 338.28
2026/08/11 00:24:06.267, 1, 98, 22952, 24576, 304.80
2026/08/11 00:24:06.267, 2, 98, 13064, 24576, 326.07
2026/08/11 00:24:11.268, 0, 88, 22706, 24576, 326.79
2026/08/11 00:24:11.269, 1, 88, 23254, 24576, 314.77
2026/08/11 00:24:11.269, 2, 94, 24016, 24576, 337.07
2026/08/11 00:24:16.270, 0, 100, 22706, 24576, 327.93
2026/08/11 00:24:16.270, 1, 100, 23254, 24576, 306.80
2026/08/11 00:24:16.271, 2, 100, 24016, 24576, 343.20
2026/08/11 00:24:21.272, 0, 100, 22706, 24576, 329.34
2026/08/11 00:24:21.272, 1, 100, 23254, 24576, 321.27
2026/08/11 00:24:21.272, 2, 100, 24016, 24576, 342.09
2026/08/11 00:24:26.274, 0, 83, 20766, 24576, 338.81
2026/08/11 00:24:26.274, 1, 85, 23254, 24576, 320.42
2026/08/11 00:24:26.275, 2, 81, 21796, 24576, 335.71
2026/08/11 00:24:31.275, 0, 97, 20766, 24576, 217.96
2026/08/11 00:24:31.283, 1, 100, 23254, 24576, 231.19
2026/08/11 00:24:31.284, 2, 83, 21796, 24576, 325.43
2026/08/11 00:24:36.284, 0, 98, 21570, 24576, 337.73
2026/08/11 00:24:36.285, 1, 98, 19662, 24576, 313.69
2026/08/11 00:24:36.285, 2, 98, 13022, 24576, 309.65
2026/08/11 00:24:41.286, 0, 100, 23186, 24576, 323.37
2026/08/11 00:24:41.287, 1, 100, 22774, 24576, 330.73
2026/08/11 00:24:41.288, 2, 96, 23194, 24576, 310.63
2026/08/11 00:24:46.289, 0, 100, 23186, 24576, 321.99
2026/08/11 00:24:46.289, 1, 100, 22774, 24576, 336.77
2026/08/11 00:24:46.290, 2, 87, 22854, 24576, 326.75
2026/08/11 00:24:51.291, 0, 100, 23186, 24576, 325.91
2026/08/11 00:24:51.292, 1, 100, 22774, 24576, 324.46
2026/08/11 00:24:51.292, 2, 100, 22854, 24576, 328.05
2026/08/11 00:24:56.293, 0, 81, 23186, 24576, 338.50
2026/08/11 00:24:56.294, 1, 79, 22774, 24576, 324.00
2026/08/11 00:24:56.294, 2, 78, 22854, 24576, 334.57
2026/08/11 00:25:01.295, 0, 84, 23186, 24576, 342.71
2026/08/11 00:25:01.296, 1, 87, 22774, 24576, 309.58
2026/08/11 00:25:01.296, 2, 100, 22854, 24576, 238.65
2026/08/11 00:25:06.297, 0, 98, 23186, 24576, 338.10
2026/08/11 00:25:06.297, 1, 90, 12998, 24576, 292.11
2026/08/11 00:25:06.298, 2, 81, 14158, 24576, 292.78
2026/08/11 00:25:11.299, 0, 100, 23186, 24576, 179.47
2026/08/11 00:25:11.299, 1, 98, 13442, 24576, 310.07
2026/08/11 00:25:11.300, 2, 100, 13818, 24576, 179.04
2026/08/11 00:25:16.301, 0, 88, 21988, 24576, 311.61
2026/08/11 00:25:16.302, 1, 100, 23794, 24576, 335.41
2026/08/11 00:25:16.303, 2, 88, 20472, 24576, 291.77
2026/08/11 00:25:21.304, 0, 100, 21988, 24576, 317.40
2026/08/11 00:25:21.305, 1, 100, 23794, 24576, 336.88
2026/08/11 00:25:21.305, 2, 100, 20472, 24576, 292.13
2026/08/11 00:25:26.306, 0, 52, 21988, 24576, 270.63
2026/08/11 00:25:26.306, 1, 23, 21594, 24576, 281.62
2026/08/11 00:25:26.307, 2, 71, 22432, 24576, 267.81
2026/08/11 00:25:31.308, 0, 83, 21988, 24576, 338.36
2026/08/11 00:25:31.308, 1, 84, 21594, 24576, 312.20
2026/08/11 00:25:31.309, 2, 81, 22432, 24576, 335.23
2026/08/11 00:25:36.309, 0, 96, 14450, 24576, 296.46
2026/08/11 00:25:36.310, 1, 98, 21594, 24576, 315.61
2026/08/11 00:25:36.311, 2, 100, 22432, 24576, 339.15
2026/08/11 00:25:41.312, 0, 98, 13790, 24576, 338.39
2026/08/11 00:25:41.312, 1, 98, 21594, 24576, 303.68
2026/08/11 00:25:41.313, 2, 98, 22432, 24576, 337.58
2026/08/11 00:25:46.313, 0, 97, 22924, 24576, 296.32
2026/08/11 00:25:46.315, 1, 97, 23654, 24576, 312.18
2026/08/11 00:25:46.315, 2, 92, 20370, 24576, 303.62
2026/08/11 00:25:51.316, 0, 97, 22924, 24576, 301.31
2026/08/11 00:25:51.317, 1, 100, 23654, 24576, 309.00
2026/08/11 00:25:51.317, 2, 89, 21050, 24576, 295.90
2026/08/11 00:25:56.318, 0, 34, 22924, 24576, 257.78
2026/08/11 00:25:56.319, 1, 69, 21454, 24576, 283.84
2026/08/11 00:25:56.319, 2, 66, 21050, 24576, 264.30
2026/08/11 00:26:01.320, 0, 83, 22924, 24576, 339.74
2026/08/11 00:26:01.320, 1, 83, 21454, 24576, 312.64
2026/08/11 00:26:01.321, 2, 78, 21050, 24576, 336.87
2026/08/11 00:26:06.322, 0, 98, 22924, 24576, 336.89
2026/08/11 00:26:06.322, 1, 98, 21454, 24576, 326.65
2026/08/11 00:26:06.323, 2, 100, 21050, 24576, 324.93
2026/08/11 00:26:11.324, 0, 98, 18870, 24576, 340.74
2026/08/11 00:26:11.325, 1, 98, 12862, 24576, 313.91
2026/08/11 00:26:11.326, 2, 98, 13042, 24576, 339.39
2026/08/11 00:26:16.327, 0, 100, 24202, 24576, 323.32
2026/08/11 00:26:16.327, 1, 89, 22210, 24576, 302.27
2026/08/11 00:26:16.328, 2, 89, 23324, 24576, 297.93
2026/08/11 00:26:21.328, 0, 100, 24030, 24576, 339.94
2026/08/11 00:26:21.329, 1, 100, 22552, 24576, 332.70
2026/08/11 00:26:21.330, 2, 100, 23674, 24576, 335.82
2026/08/11 00:26:26.330, 0, 100, 24030, 24576, 338.63
2026/08/11 00:26:26.331, 1, 96, 22552, 24576, 297.56
2026/08/11 00:26:26.331, 2, 97, 23674, 24576, 298.14
2026/08/11 00:26:31.332, 0, 78, 24030, 24576, 334.05
2026/08/11 00:26:31.333, 1, 80, 20552, 24576, 334.29
2026/08/11 00:26:31.334, 2, 0, 21474, 24576, 272.10
2026/08/11 00:26:36.335, 0, 79, 24030, 24576, 339.36
2026/08/11 00:26:36.335, 1, 85, 20552, 24576, 337.45
2026/08/11 00:26:36.336, 2, 84, 21474, 24576, 338.95
2026/08/11 00:26:41.337, 0, 98, 14470, 24576, 322.21
2026/08/11 00:26:41.338, 1, 98, 12942, 24576, 307.37
2026/08/11 00:26:41.338, 2, 98, 14022, 24576, 321.57
2026/08/11 00:26:46.339, 0, 98, 14470, 24576, 335.99
2026/08/11 00:26:46.339, 1, 97, 13322, 24576, 310.15
2026/08/11 00:26:46.340, 2, 53, 14018, 24576, 324.37
2026/08/11 00:26:51.341, 0, 100, 23908, 24576, 344.93
2026/08/11 00:26:51.341, 1, 100, 23514, 24576, 334.38
2026/08/11 00:26:51.342, 2, 99, 22032, 24576, 309.23
2026/08/11 00:26:56.343, 0, 98, 23908, 24576, 341.44
2026/08/11 00:26:56.343, 1, 89, 23514, 24576, 312.75
2026/08/11 00:26:56.344, 2, 100, 22032, 24576, 323.88
2026/08/11 00:27:01.344, 0, 83, 23908, 24576, 335.10
2026/08/11 00:27:01.345, 1, 84, 23514, 24576, 332.89
2026/08/11 00:27:01.346, 2, 82, 22032, 24576, 333.56
2026/08/11 00:27:06.347, 0, 84, 23908, 24576, 338.28
2026/08/11 00:27:06.347, 1, 86, 23514, 24576, 310.22
2026/08/11 00:27:06.348, 2, 84, 22032, 24576, 339.21
2026/08/11 00:27:11.349, 0, 98, 17350, 24576, 296.89
2026/08/11 00:27:11.350, 1, 100, 16822, 24576, 294.12
2026/08/11 00:27:11.350, 2, 98, 12800, 24576, 311.69
2026/08/11 00:27:16.351, 0, 98, 13990, 24576, 337.84
2026/08/11 00:27:16.351, 1, 98, 13462, 24576, 297.29
2026/08/11 00:27:16.352, 2, 100, 12800, 24576, 249.04
2026/08/11 00:27:21.353, 0, 100, 23288, 24576, 327.27
2026/08/11 00:27:21.353, 1, 88, 23876, 24576, 322.26
2026/08/11 00:27:21.354, 2, 88, 21570, 24576, 314.86
2026/08/11 00:27:26.355, 0, 93, 23288, 24576, 332.09
2026/08/11 00:27:26.355, 1, 100, 23876, 24576, 324.74
2026/08/11 00:27:26.356, 2, 100, 21570, 24576, 319.08
2026/08/11 00:27:31.357, 0, 100, 22708, 24576, 331.33
2026/08/11 00:27:31.357, 1, 100, 23876, 24576, 312.69
2026/08/11 00:27:31.358, 2, 100, 21570, 24576, 275.43
2026/08/11 00:27:36.359, 0, 84, 23288, 24576, 337.29
2026/08/11 00:27:36.360, 1, 85, 21656, 24576, 316.32
2026/08/11 00:27:36.361, 2, 84, 19650, 24576, 338.55
2026/08/11 00:27:41.362, 0, 100, 23288, 24576, 265.47
2026/08/11 00:27:41.362, 1, 100, 21656, 24576, 218.63
2026/08/11 00:27:41.363, 2, 84, 19650, 24576, 338.99
2026/08/11 00:27:46.363, 0, 98, 13430, 24576, 337.56
2026/08/11 00:27:46.364, 1, 100, 12862, 24576, 316.14
2026/08/11 00:27:46.364, 2, 98, 13282, 24576, 336.66
2026/08/11 00:27:51.365, 0, 92, 22690, 24576, 253.43
2026/08/11 00:27:51.366, 1, 97, 22374, 24576, 255.71
2026/08/11 00:27:51.366, 2, 92, 23556, 24576, 316.89
2026/08/11 00:27:56.367, 0, 100, 22746, 24576, 335.67
2026/08/11 00:27:56.368, 1, 100, 22752, 24576, 320.14
2026/08/11 00:27:56.368, 2, 100, 23614, 24576, 329.39
2026/08/11 00:28:01.370, 0, 87, 22746, 24576, 333.64
2026/08/11 00:28:01.370, 1, 86, 22752, 24576, 325.67
2026/08/11 00:28:01.371, 2, 88, 23614, 24576, 323.93
2026/08/11 00:28:06.372, 0, 84, 20686, 24576, 336.85
2026/08/11 00:28:06.372, 1, 84, 20752, 24576, 330.71
2026/08/11 00:28:06.373, 2, 83, 23614, 24576, 336.95
2026/08/11 00:28:11.374, 0, 86, 20686, 24576, 340.51
2026/08/11 00:28:11.374, 1, 83, 20752, 24576, 319.01
2026/08/11 00:28:11.375, 2, 85, 23614, 24576, 329.50
2026/08/11 00:28:16.375, 0, 100, 14370, 24576, 338.87
2026/08/11 00:28:16.376, 1, 98, 20752, 24576, 304.11
2026/08/11 00:28:16.376, 2, 98, 13062, 24576, 328.92
2026/08/11 00:28:21.377, 0, 34, 23100, 24576, 313.69
2026/08/11 00:28:21.378, 1, 86, 20752, 24576, 214.15
2026/08/11 00:28:21.378, 2, 28, 21466, 24576, 283.62
2026/08/11 00:28:26.379, 0, 89, 23148, 24576, 327.91
2026/08/11 00:28:26.380, 1, 89, 21832, 24576, 317.55
2026/08/11 00:28:26.381, 2, 89, 23034, 24576, 327.96
2026/08/11 00:28:31.381, 0, 90, 23148, 24576, 326.75
2026/08/11 00:28:31.382, 1, 88, 21832, 24576, 317.03
2026/08/11 00:28:31.383, 2, 88, 23034, 24576, 328.57
2026/08/11 00:28:36.384, 0, 81, 23148, 24576, 332.81
2026/08/11 00:28:36.384, 1, 83, 21832, 24576, 335.45
2026/08/11 00:28:36.385, 2, 79, 23034, 24576, 336.17
2026/08/11 00:28:41.386, 0, 82, 23148, 24576, 338.73
2026/08/11 00:28:41.386, 1, 84, 21832, 24576, 319.33
2026/08/11 00:28:41.387, 2, 82, 23034, 24576, 328.08
2026/08/11 00:28:46.387, 0, 98, 13470, 24576, 339.06
2026/08/11 00:28:46.388, 1, 98, 18702, 24576, 307.82
2026/08/11 00:28:46.388, 2, 100, 14042, 24576, 332.13
2026/08/11 00:28:51.389, 0, 51, 13470, 24576, 310.92
2026/08/11 00:28:51.390, 1, 98, 13462, 24576, 292.09
2026/08/11 00:28:51.390, 2, 98, 14038, 24576, 322.97
2026/08/11 00:28:56.391, 0, 99, 24028, 24576, 309.00
2026/08/11 00:28:56.392, 1, 89, 23154, 24576, 317.50
2026/08/11 00:28:56.392, 2, 89, 21274, 24576, 300.97
2026/08/11 00:29:01.394, 0, 100, 24028, 24576, 331.15
2026/08/11 00:29:01.396, 1, 95, 23154, 24576, 325.33
2026/08/11 00:29:01.396, 2, 93, 20934, 24576, 299.83
2026/08/11 00:29:06.397, 0, 100, 21948, 24576, 293.91
2026/08/11 00:29:06.398, 1, 89, 23154, 24576, 314.38
2026/08/11 00:29:06.398, 2, 100, 23034, 24576, 319.05
2026/08/11 00:29:11.399, 0, 85, 21948, 24576, 337.97
2026/08/11 00:29:11.400, 1, 82, 23154, 24576, 312.34
2026/08/11 00:29:11.400, 2, 82, 23034, 24576, 331.30
2026/08/11 00:29:16.401, 0, 74, 21948, 24576, 338.10
2026/08/11 00:29:16.401, 1, 100, 23154, 24576, 230.87
2026/08/11 00:29:16.402, 2, 83, 23034, 24576, 338.00
2026/08/11 00:29:21.403, 0, 98, 21948, 24576, 337.78
2026/08/11 00:29:21.403, 1, 98, 12860, 24576, 317.12
2026/08/11 00:29:21.404, 2, 100, 12902, 24576, 338.22
2026/08/11 00:29:26.405, 0, 92, 23968, 24576, 267.38
2026/08/11 00:29:26.406, 1, 100, 21608, 24576, 230.70
2026/08/11 00:29:26.406, 2, 100, 23552, 24576, 309.67
2026/08/11 00:29:31.407, 0, 95, 23970, 24576, 331.10
2026/08/11 00:29:31.408, 1, 100, 21670, 24576, 288.51
2026/08/11 00:29:31.408, 2, 100, 23616, 24576, 323.49
2026/08/11 00:29:36.409, 0, 94, 23970, 24576, 330.10
2026/08/11 00:29:36.410, 1, 100, 21670, 24576, 285.30
2026/08/11 00:29:36.410, 2, 100, 23616, 24576, 327.05
2026/08/11 00:29:41.411, 0, 82, 23970, 24576, 336.47
2026/08/11 00:29:41.412, 1, 82, 19670, 24576, 335.07
2026/08/11 00:29:41.412, 2, 81, 23616, 24576, 335.18
2026/08/11 00:29:46.413, 0, 83, 23970, 24576, 338.08
2026/08/11 00:29:46.413, 1, 85, 19670, 24576, 322.32
2026/08/11 00:29:46.414, 2, 84, 23616, 24576, 326.37
2026/08/11 00:29:51.416, 0, 98, 13570, 24576, 322.37
2026/08/11 00:29:51.417, 1, 98, 14020, 24576, 307.14
2026/08/11 00:29:51.418, 2, 98, 13922, 24576, 295.54
2026/08/11 00:29:56.419, 0, 98, 13570, 24576, 339.85
2026/08/11 00:29:56.419, 1, 98, 13996, 24576, 325.12
2026/08/11 00:29:56.420, 2, 98, 24218, 24576, 335.18
2026/08/11 00:30:01.421, 0, 92, 24028, 24576, 340.62
2026/08/11 00:30:01.421, 1, 100, 21850, 24576, 318.28
2026/08/11 00:30:01.422, 2, 100, 23214, 24576, 328.12
2026/08/11 00:30:06.423, 0, 95, 21228, 24576, 329.29
2026/08/11 00:30:06.423, 1, 89, 21310, 24576, 323.83
2026/08/11 00:30:06.424, 2, 97, 23214, 24576, 317.32
2026/08/11 00:30:11.425, 0, 81, 21828, 24576, 304.88
2026/08/11 00:30:11.425, 1, 82, 21850, 24576, 315.57
2026/08/11 00:30:11.426, 2, 81, 23214, 24576, 302.35
2026/08/11 00:30:16.427, 0, 84, 21828, 24576, 336.76
2026/08/11 00:30:16.428, 1, 83, 21850, 24576, 318.95
2026/08/11 00:30:16.429, 2, 84, 23214, 24576, 337.50
2026/08/11 00:30:21.430, 0, 100, 21828, 24576, 340.22
2026/08/11 00:30:21.431, 1, 88, 11930, 24576, 295.89
2026/08/11 00:30:21.431, 2, 96, 20754, 24576, 329.09
2026/08/11 00:30:26.432, 0, 100, 21828, 24576, 340.11
2026/08/11 00:30:26.433, 1, 100, 13042, 24576, 311.36
2026/08/11 00:30:26.434, 2, 89, 14222, 24576, 297.21
2026/08/11 00:30:31.434, 0, 88, 21788, 24576, 309.35
2026/08/11 00:30:31.435, 1, 92, 20892, 24576, 305.03
2026/08/11 00:30:31.435, 2, 90, 23096, 24576, 328.07
2026/08/11 00:30:36.436, 0, 100, 21788, 24576, 311.92
2026/08/11 00:30:36.437, 1, 100, 20532, 24576, 306.50
2026/08/11 00:30:36.437, 2, 100, 23096, 24576, 330.51
2026/08/11 00:30:41.438, 0, 89, 21788, 24576, 296.70
2026/08/11 00:30:41.439, 1, 88, 20532, 24576, 303.40
2026/08/11 00:30:41.440, 2, 89, 23096, 24576, 313.92
2026/08/11 00:30:46.442, 0, 77, 21788, 24576, 331.74
2026/08/11 00:30:46.443, 1, 81, 20532, 24576, 332.77
2026/08/11 00:30:46.445, 2, 78, 23096, 24576, 261.95
2026/08/11 00:30:51.445, 0, 82, 21788, 24576, 339.35
2026/08/11 00:30:51.446, 1, 84, 20532, 24576, 337.85
2026/08/11 00:30:51.447, 2, 83, 23096, 24576, 337.86
2026/08/11 00:30:56.447, 0, 98, 14470, 24576, 342.65
2026/08/11 00:30:56.448, 1, 98, 20162, 24576, 338.74
2026/08/11 00:30:56.448, 2, 97, 13022, 24576, 336.07
2026/08/11 00:31:01.449, 0, 27, 14470, 24576, 315.02
2026/08/11 00:31:01.450, 1, 98, 23336, 24576, 293.54
2026/08/11 00:31:01.450, 2, 67, 13022, 24576, 292.34
2026/08/11 00:31:06.451, 0, 85, 23526, 24576, 322.31
2026/08/11 00:31:06.452, 1, 89, 21332, 24576, 320.16
2026/08/11 00:31:06.453, 2, 100, 23034, 24576, 339.56
2026/08/11 00:31:11.453, 0, 100, 22526, 24576, 318.16
2026/08/11 00:31:11.454, 1, 96, 22732, 24576, 322.96
2026/08/11 00:31:11.455, 2, 100, 22594, 24576, 326.67
2026/08/11 00:31:16.456, 0, 77, 23526, 24576, 303.52
2026/08/11 00:31:16.456, 1, 82, 21012, 24576, 308.24
2026/08/11 00:31:16.457, 2, 79, 20834, 24576, 295.35
2026/08/11 00:31:21.458, 0, 77, 23526, 24576, 339.32
2026/08/11 00:31:21.458, 1, 86, 21012, 24576, 324.22
2026/08/11 00:31:21.458, 2, 84, 20834, 24576, 337.68
2026/08/11 00:31:26.459, 0, 100, 13570, 24576, 298.98
2026/08/11 00:31:26.460, 1, 89, 14672, 24576, 292.63
2026/08/11 00:31:26.460, 2, 98, 13042, 24576, 292.31
2026/08/11 00:31:31.461, 0, 100, 13570, 24576, 341.14
2026/08/11 00:31:31.462, 1, 100, 13064, 24576, 309.62
2026/08/11 00:31:31.463, 2, 98, 13042, 24576, 333.46
2026/08/11 00:31:36.464, 0, 97, 21768, 24576, 306.23
2026/08/11 00:31:36.465, 1, 100, 23918, 24576, 319.64
2026/08/11 00:31:36.465, 2, 100, 21314, 24576, 310.79
2026/08/11 00:31:41.466, 0, 93, 21768, 24576, 304.55
2026/08/11 00:31:41.467, 1, 100, 23918, 24576, 322.38
2026/08/11 00:31:41.467, 2, 96, 21314, 24576, 300.30
2026/08/11 00:31:46.468, 0, 89, 23988, 24576, 326.27
2026/08/11 00:31:46.469, 1, 96, 23918, 24576, 318.63
2026/08/11 00:31:46.469, 2, 89, 23514, 24576, 327.28
2026/08/11 00:31:51.470, 0, 79, 21768, 24576, 336.73
2026/08/11 00:31:51.471, 1, 85, 23918, 24576, 321.61
2026/08/11 00:31:51.471, 2, 83, 21314, 24576, 336.34
2026/08/11 00:31:56.472, 0, 81, 21768, 24576, 340.42
2026/08/11 00:31:56.473, 1, 83, 23918, 24576, 316.74
2026/08/11 00:31:56.473, 2, 83, 21314, 24576, 338.65
2026/08/11 00:32:01.474, 0, 98, 13490, 24576, 339.35
2026/08/11 00:32:01.475, 1, 98, 12922, 24576, 313.07
2026/08/11 00:32:01.476, 2, 98, 13962, 24576, 337.89
2026/08/11 00:32:06.476, 0, 94, 23066, 24576, 248.01
2026/08/11 00:32:06.477, 1, 94, 22992, 24576, 280.93
2026/08/11 00:32:06.478, 2, 92, 20850, 24576, 307.93
2026/08/11 00:32:11.478, 0, 95, 23126, 24576, 325.05
2026/08/11 00:32:11.479, 1, 100, 23052, 24576, 313.34
2026/08/11 00:32:11.479, 2, 93, 20914, 24576, 313.66
2026/08/11 00:32:16.480, 0, 100, 23126, 24576, 338.97
2026/08/11 00:32:16.481, 1, 100, 23052, 24576, 317.31
2026/08/11 00:32:16.481, 2, 100, 20914, 24576, 316.70
2026/08/11 00:32:21.482, 0, 83, 21026, 24576, 221.68
2026/08/11 00:32:21.483, 1, 83, 23052, 24576, 334.67
2026/08/11 00:32:21.483, 2, 81, 22954, 24576, 335.56
2026/08/11 00:32:26.484, 0, 81, 21026, 24576, 338.94
2026/08/11 00:32:26.485, 1, 85, 23052, 24576, 318.36
2026/08/11 00:32:26.486, 2, 82, 22954, 24576, 339.22
2026/08/11 00:32:31.486, 0, 98, 13570, 24576, 297.68
2026/08/11 00:32:31.487, 1, 93, 12902, 24576, 298.15
2026/08/11 00:32:31.488, 2, 92, 13922, 24576, 295.90
2026/08/11 00:32:36.488, 0, 97, 13570, 24576, 340.53
2026/08/11 00:32:36.489, 1, 98, 13262, 24576, 312.79
2026/08/11 00:32:36.490, 2, 98, 19738, 24576, 336.68
2026/08/11 00:32:41.491, 0, 99, 23706, 24576, 332.32
2026/08/11 00:32:41.491, 1, 100, 23032, 24576, 325.93
2026/08/11 00:32:41.492, 2, 100, 23294, 24576, 328.85
2026/08/11 00:32:46.493, 0, 100, 21486, 24576, 331.87
2026/08/11 00:32:46.493, 1, 98, 23032, 24576, 315.93
2026/08/11 00:32:46.494, 2, 97, 23294, 24576, 331.96
2026/08/11 00:32:51.494, 0, 83, 21486, 24576, 328.88
2026/08/11 00:32:51.495, 1, 82, 23032, 24576, 328.81
2026/08/11 00:32:51.495, 2, 84, 23294, 24576, 329.24
2026/08/11 00:32:56.496, 0, 85, 21486, 24576, 340.18
2026/08/11 00:32:56.497, 1, 85, 23032, 24576, 314.01
2026/08/11 00:32:56.498, 2, 85, 23294, 24576, 337.32
2026/08/11 00:33:01.499, 0, 98, 14350, 24576, 300.34
2026/08/11 00:33:01.500, 1, 98, 14042, 24576, 286.87
2026/08/11 00:33:01.500, 2, 95, 14204, 24576, 287.87
2026/08/11 00:33:06.501, 0, 98, 14350, 24576, 338.54
2026/08/11 00:33:06.502, 1, 99, 14016, 24576, 328.02
2026/08/11 00:33:06.502, 2, 93, 13058, 24576, 286.61
2026/08/11 00:33:11.503, 0, 89, 22084, 24576, 303.29
2026/08/11 00:33:11.503, 1, 95, 20914, 24576, 303.03
2026/08/11 00:33:11.504, 2, 98, 23216, 24576, 328.79
2026/08/11 00:33:16.505, 0, 100, 23964, 24576, 298.75
2026/08/11 00:33:16.506, 1, 100, 24054, 24576, 309.01
2026/08/11 00:33:16.506, 2, 85, 23416, 24576, 315.10
2026/08/11 00:33:21.507, 0, 100, 22084, 24576, 310.28
2026/08/11 00:33:21.508, 1, 100, 23034, 24576, 334.71
2026/08/11 00:33:21.509, 2, 100, 23216, 24576, 330.92
2026/08/11 00:33:26.510, 0, 80, 22084, 24576, 337.47
2026/08/11 00:33:26.513, 1, 78, 23034, 24576, 325.68
2026/08/11 00:33:26.514, 2, 84, 23216, 24576, 335.23
2026/08/11 00:33:31.515, 0, 100, 22084, 24576, 213.12
2026/08/11 00:33:31.517, 1, 85, 23034, 24576, 325.27
2026/08/11 00:33:31.518, 2, 84, 23216, 24576, 332.49
2026/08/11 00:33:36.519, 0, 98, 13330, 24576, 341.42
2026/08/11 00:33:36.519, 1, 98, 13002, 24576, 311.46
2026/08/11 00:33:36.520, 2, 98, 12942, 24576, 311.95
2026/08/11 00:33:41.521, 0, 100, 13330, 24576, 176.30
2026/08/11 00:33:41.521, 1, 98, 13002, 24576, 311.05
2026/08/11 00:33:41.522, 2, 75, 13322, 24576, 302.90
2026/08/11 00:33:46.523, 0, 100, 21784, 24576, 313.23
2026/08/11 00:33:46.524, 1, 95, 21596, 24576, 297.44
2026/08/11 00:33:46.524, 2, 100, 23594, 24576, 336.35
2026/08/11 00:33:51.525, 0, 98, 21784, 24576, 301.18
2026/08/11 00:33:51.526, 1, 92, 21596, 24576, 308.55
2026/08/11 00:33:51.527, 2, 97, 23594, 24576, 330.91
2026/08/11 00:33:56.527, 0, 81, 21784, 24576, 302.97
2026/08/11 00:33:56.528, 1, 84, 21596, 24576, 296.92
2026/08/11 00:33:56.528, 2, 82, 23594, 24576, 308.35
2026/08/11 00:34:01.529, 0, 84, 21784, 24576, 341.55
2026/08/11 00:34:01.530, 1, 85, 21596, 24576, 316.97
2026/08/11 00:34:01.530, 2, 82, 23594, 24576, 337.84
2026/08/11 00:34:06.531, 0, 98, 13590, 24576, 303.88
2026/08/11 00:34:06.532, 1, 99, 21596, 24576, 307.48
2026/08/11 00:34:06.532, 2, 98, 13064, 24576, 290.71
2026/08/11 00:34:11.535, 0, 100, 13590, 24576, 341.53
2026/08/11 00:34:11.536, 1, 98, 21596, 24576, 292.86
2026/08/11 00:34:11.537, 2, 98, 13064, 24576, 333.01
2026/08/11 00:34:16.537, 0, 93, 23888, 24576, 311.69
2026/08/11 00:34:16.538, 1, 100, 21816, 24576, 331.85
2026/08/11 00:34:16.539, 2, 90, 21936, 24576, 325.15
2026/08/11 00:34:21.539, 0, 100, 23888, 24576, 323.58
2026/08/11 00:34:21.540, 1, 89, 23996, 24576, 323.40
2026/08/11 00:34:21.540, 2, 100, 24156, 24576, 341.70
2026/08/11 00:34:26.541, 0, 84, 23888, 24576, 318.60
2026/08/11 00:34:26.542, 1, 92, 23996, 24576, 319.34
2026/08/11 00:34:26.542, 2, 83, 24156, 24576, 333.03
2026/08/11 00:34:31.543, 0, 82, 23888, 24576, 338.47
2026/08/11 00:34:31.545, 1, 84, 21816, 24576, 320.09
2026/08/11 00:34:31.547, 2, 84, 21936, 24576, 334.78
2026/08/11 00:34:36.547, 0, 98, 23888, 24576, 341.58
2026/08/11 00:34:36.548, 1, 98, 21816, 24576, 251.93
2026/08/11 00:34:36.549, 2, 98, 21936, 24576, 222.31
2026/08/11 00:34:41.550, 0, 98, 19810, 24576, 339.65
2026/08/11 00:34:41.551, 1, 98, 13042, 24576, 309.86
2026/08/11 00:34:41.551, 2, 98, 21182, 24576, 323.66
2026/08/11 00:34:46.552, 0, 100, 23326, 24576, 318.75
2026/08/11 00:34:46.552, 1, 100, 21374, 24576, 314.88
2026/08/11 00:34:46.553, 2, 100, 20672, 24576, 316.76
2026/08/11 00:34:51.554, 0, 100, 23326, 24576, 324.66
2026/08/11 00:34:51.554, 1, 100, 21374, 24576, 310.41
2026/08/11 00:34:51.555, 2, 100, 20672, 24576, 323.60
2026/08/11 00:34:56.555, 0, 100, 23326, 24576, 326.34
2026/08/11 00:34:56.558, 1, 100, 21374, 24576, 308.23
2026/08/11 00:34:56.559, 2, 100, 20672, 24576, 322.96
2026/08/11 00:35:01.560, 0, 82, 23326, 24576, 338.08
2026/08/11 00:35:01.561, 1, 84, 21374, 24576, 318.42
2026/08/11 00:35:01.562, 2, 82, 20672, 24576, 334.11
2026/08/11 00:35:06.563, 0, 71, 23326, 24576, 337.29
2026/08/11 00:35:06.563, 1, 84, 21374, 24576, 337.27
2026/08/11 00:35:06.564, 2, 80, 20672, 24576, 336.77
2026/08/11 00:35:11.564, 0, 98, 13430, 24576, 339.97
2026/08/11 00:35:11.565, 1, 97, 16122, 24576, 314.78
2026/08/11 00:35:11.565, 2, 98, 20672, 24576, 334.61
2026/08/11 00:35:16.566, 0, 100, 23466, 24576, 320.02
2026/08/11 00:35:16.567, 1, 97, 23312, 24576, 308.08
2026/08/11 00:35:16.567, 2, 100, 23812, 24576, 317.62
2026/08/11 00:35:21.568, 0, 100, 22486, 24576, 314.87
2026/08/11 00:35:21.576, 1, 94, 22532, 24576, 310.95
2026/08/11 00:35:21.580, 2, 96, 22832, 24576, 319.80
2026/08/11 00:35:26.581, 0, 92, 20966, 24576, 306.82
2026/08/11 00:35:26.582, 1, 93, 22532, 24576, 308.83
2026/08/11 00:35:26.582, 2, 91, 22172, 24576, 311.05
2026/08/11 00:35:31.583, 0, 80, 20966, 24576, 338.89
2026/08/11 00:35:31.584, 1, 84, 22532, 24576, 324.02
2026/08/11 00:35:31.584, 2, 82, 22172, 24576, 334.74
2026/08/11 00:35:36.585, 0, 78, 20966, 24576, 340.82
2026/08/11 00:35:36.586, 1, 98, 22532, 24576, 299.95
2026/08/11 00:35:36.587, 2, 97, 22172, 24576, 278.06
2026/08/11 00:35:41.588, 0, 100, 20966, 24576, 339.18
2026/08/11 00:35:41.588, 1, 98, 14156, 24576, 283.97
2026/08/11 00:35:41.589, 2, 98, 13158, 24576, 291.90
2026/08/11 00:35:46.590, 0, 95, 23506, 24576, 261.40
2026/08/11 00:35:46.591, 1, 96, 20754, 24576, 264.64
2026/08/11 00:35:46.591, 2, 100, 22456, 24576, 247.18
2026/08/11 00:35:51.592, 0, 100, 22148, 24576, 331.69
2026/08/11 00:35:51.592, 1, 100, 20814, 24576, 309.15
2026/08/11 00:35:51.593, 2, 100, 22512, 24576, 322.70
2026/08/11 00:35:56.594, 0, 100, 22148, 24576, 332.84
2026/08/11 00:35:56.594, 1, 100, 20814, 24576, 322.48
2026/08/11 00:35:56.595, 2, 88, 22512, 24576, 324.81
2026/08/11 00:36:01.596, 0, 83, 22148, 24576, 337.19
2026/08/11 00:36:01.596, 1, 85, 22774, 24576, 317.53
2026/08/11 00:36:01.597, 2, 83, 22512, 24576, 335.99
2026/08/11 00:36:06.598, 0, 85, 22148, 24576, 339.69
2026/08/11 00:36:06.598, 1, 85, 22774, 24576, 316.53
2026/08/11 00:36:06.599, 2, 84, 22512, 24576, 339.61
2026/08/11 00:36:11.600, 0, 94, 13630, 24576, 308.28
2026/08/11 00:36:11.601, 1, 100, 13064, 24576, 314.77
2026/08/11 00:36:11.602, 2, 100, 14002, 24576, 337.40
2026/08/11 00:36:16.602, 0, 98, 14610, 24576, 293.23
2026/08/11 00:36:16.603, 1, 98, 13064, 24576, 311.78
2026/08/11 00:36:16.604, 2, 100, 13998, 24576, 218.40
2026/08/11 00:36:21.604, 0, 100, 23008, 24576, 312.90
2026/08/11 00:36:21.605, 1, 100, 24176, 24576, 318.44
2026/08/11 00:36:21.605, 2, 100, 23272, 24576, 305.85
2026/08/11 00:36:26.606, 0, 89, 23108, 24576, 327.95
2026/08/11 00:36:26.607, 1, 87, 21976, 24576, 313.55
2026/08/11 00:36:26.607, 2, 89, 21972, 24576, 319.42
2026/08/11 00:36:31.608, 0, 100, 23108, 24576, 329.88
2026/08/11 00:36:31.609, 1, 100, 21976, 24576, 313.51
2026/08/11 00:36:31.610, 2, 100, 21972, 24576, 321.28
2026/08/11 00:36:36.611, 0, 81, 23108, 24576, 339.11
2026/08/11 00:36:36.612, 1, 82, 21976, 24576, 306.92
2026/08/11 00:36:36.612, 2, 79, 21972, 24576, 336.77
2026/08/11 00:36:41.613, 0, 98, 23108, 24576, 340.80
2026/08/11 00:36:41.614, 1, 98, 21976, 24576, 315.50
2026/08/11 00:36:41.614, 2, 100, 21972, 24576, 338.31
2026/08/11 00:36:46.615, 0, 98, 13490, 24576, 340.06
2026/08/11 00:36:46.616, 1, 100, 21976, 24576, 306.72
2026/08/11 00:36:46.616, 2, 98, 21972, 24576, 338.28
2026/08/11 00:36:51.617, 0, 100, 20928, 24576, 322.32
2026/08/11 00:36:51.618, 1, 100, 23054, 24576, 312.97
2026/08/11 00:36:51.618, 2, 100, 22834, 24576, 313.21
2026/08/11 00:36:56.619, 0, 100, 21708, 24576, 312.59
2026/08/11 00:36:56.619, 1, 95, 23054, 24576, 309.89
2026/08/11 00:36:56.620, 2, 95, 22834, 24576, 307.90
2026/08/11 00:37:01.621, 0, 96, 21708, 24576, 310.02
2026/08/11 00:37:01.621, 1, 95, 23054, 24576, 309.69
2026/08/11 00:37:01.622, 2, 95, 22834, 24576, 310.55
2026/08/11 00:37:06.623, 0, 84, 21708, 24576, 338.70
2026/08/11 00:37:06.624, 1, 83, 23054, 24576, 320.19
2026/08/11 00:37:06.625, 2, 83, 22834, 24576, 338.55
2026/08/11 00:37:11.626, 0, 98, 21708, 24576, 340.17
2026/08/11 00:37:11.626, 1, 98, 23054, 24576, 312.77
2026/08/11 00:37:11.627, 2, 98, 22834, 24576, 316.64
2026/08/11 00:37:16.628, 0, 100, 13450, 24576, 339.35
2026/08/11 00:37:16.628, 1, 97, 23054, 24576, 303.52
2026/08/11 00:37:16.629, 2, 99, 18042, 24576, 307.06
2026/08/11 00:37:21.630, 0, 100, 22008, 24576, 326.30
2026/08/11 00:37:21.631, 1, 89, 22712, 24576, 320.92
2026/08/11 00:37:21.631, 2, 89, 22854, 24576, 313.86
2026/08/11 00:37:26.632, 0, 100, 21628, 24576, 312.58
2026/08/11 00:37:26.633, 1, 93, 22712, 24576, 312.07
2026/08/11 00:37:26.634, 2, 95, 22854, 24576, 314.52
2026/08/11 00:37:31.635, 0, 100, 21628, 24576, 313.77
2026/08/11 00:37:31.637, 1, 95, 22712, 24576, 313.56
2026/08/11 00:37:31.638, 2, 95, 22854, 24576, 325.42
2026/08/11 00:37:36.638, 0, 85, 21628, 24576, 339.29
2026/08/11 00:37:36.639, 1, 84, 22712, 24576, 311.15
2026/08/11 00:37:36.639, 2, 85, 22854, 24576, 338.87
2026/08/11 00:37:41.640, 0, 98, 24168, 24576, 338.00
2026/08/11 00:37:41.641, 1, 99, 23152, 24576, 307.34
2026/08/11 00:37:41.641, 2, 98, 22854, 24576, 338.63
2026/08/11 00:37:46.642, 0, 98, 14470, 24576, 300.02
2026/08/11 00:37:46.643, 1, 92, 13682, 24576, 254.53
2026/08/11 00:37:46.643, 2, 98, 16778, 24576, 317.23
2026/08/11 00:37:51.645, 0, 100, 23366, 24576, 327.97
2026/08/11 00:37:51.645, 1, 100, 23274, 24576, 328.61
2026/08/11 00:37:51.646, 2, 100, 21052, 24576, 316.67
2026/08/11 00:37:56.647, 0, 88, 23366, 24576, 323.03
2026/08/11 00:37:56.648, 1, 100, 23274, 24576, 327.68
2026/08/11 00:37:56.648, 2, 100, 21052, 24576, 316.91
2026/08/11 00:38:01.649, 0, 88, 23366, 24576, 322.48
2026/08/11 00:38:01.650, 1, 100, 23274, 24576, 317.27
2026/08/11 00:38:01.650, 2, 100, 21052, 24576, 318.40
2026/08/11 00:38:06.651, 0, 84, 23366, 24576, 337.45
2026/08/11 00:38:06.652, 1, 82, 23274, 24576, 307.45
2026/08/11 00:38:06.652, 2, 83, 21052, 24576, 337.90
2026/08/11 00:38:11.653, 0, 99, 23366, 24576, 341.38
2026/08/11 00:38:11.654, 1, 97, 23274, 24576, 254.63
2026/08/11 00:38:11.654, 2, 98, 21052, 24576, 292.38
2026/08/11 00:38:16.656, 0, 98, 13590, 24576, 338.66
2026/08/11 00:38:16.656, 1, 98, 19462, 24576, 309.60
2026/08/11 00:38:16.657, 2, 97, 13004, 24576, 324.55
2026/08/11 00:38:21.658, 0, 93, 24168, 24576, 320.23
2026/08/11 00:38:21.659, 1, 94, 21470, 24576, 229.70
2026/08/11 00:38:21.660, 2, 97, 24076, 24576, 310.23
2026/08/11 00:38:26.661, 0, 100, 23910, 24576, 334.06
2026/08/11 00:38:26.661, 1, 85, 22214, 24576, 320.72
2026/08/11 00:38:26.662, 2, 100, 23838, 24576, 335.20
2026/08/11 00:38:31.663, 0, 100, 23530, 24576, 335.30
2026/08/11 00:38:31.664, 1, 98, 21534, 24576, 322.07
2026/08/11 00:38:31.664, 2, 100, 23478, 24576, 338.12
2026/08/11 00:38:36.665, 0, 76, 23530, 24576, 302.73
2026/08/11 00:38:36.665, 1, 83, 21534, 24576, 312.52
2026/08/11 00:38:36.666, 2, 78, 23478, 24576, 311.83
2026/08/11 00:38:41.667, 0, 82, 23530, 24576, 258.17
2026/08/11 00:38:41.667, 1, 84, 21534, 24576, 317.71
2026/08/11 00:38:41.668, 2, 84, 23478, 24576, 330.26
2026/08/11 00:38:46.669, 0, 98, 13450, 24576, 294.23
2026/08/11 00:38:46.670, 1, 98, 21534, 24576, 314.20
2026/08/11 00:38:46.672, 2, 98, 13042, 24576, 291.53
2026/08/11 00:38:51.673, 0, 98, 13450, 24576, 337.20
2026/08/11 00:38:51.674, 1, 99, 21534, 24576, 300.84
2026/08/11 00:38:51.674, 2, 98, 13042, 24576, 327.85
2026/08/11 00:38:56.675, 0, 99, 23466, 24576, 326.07
2026/08/11 00:38:56.676, 1, 89, 22592, 24576, 335.50
2026/08/11 00:38:56.676, 2, 89, 22912, 24576, 340.62
2026/08/11 00:39:01.677, 0, 89, 23466, 24576, 322.21
2026/08/11 00:39:01.677, 1, 100, 22592, 24576, 321.06
2026/08/11 00:39:01.678, 2, 100, 22912, 24576, 336.67
2026/08/11 00:39:06.679, 0, 80, 23466, 24576, 274.94
2026/08/11 00:39:06.679, 1, 83, 20532, 24576, 293.64
2026/08/11 00:39:06.680, 2, 79, 20692, 24576, 281.66
2026/08/11 00:39:11.681, 0, 84, 23466, 24576, 338.34
2026/08/11 00:39:11.682, 1, 84, 20532, 24576, 318.70
2026/08/11 00:39:11.683, 2, 82, 20692, 24576, 335.85
2026/08/11 00:39:16.683, 0, 98, 13350, 24576, 299.59
2026/08/11 00:39:16.684, 1, 89, 15072, 24576, 308.42
2026/08/11 00:39:16.685, 2, 97, 14060, 24576, 290.21
2026/08/11 00:39:21.686, 0, 98, 13710, 24576, 338.76
2026/08/11 00:39:21.686, 1, 98, 13042, 24576, 312.76
2026/08/11 00:39:21.687, 2, 98, 14058, 24576, 335.26
2026/08/11 00:39:26.688, 0, 100, 22926, 24576, 325.61
2026/08/11 00:39:26.688, 1, 87, 20932, 24576, 304.77
2026/08/11 00:39:26.689, 2, 100, 22530, 24576, 332.46
2026/08/11 00:39:31.690, 0, 100, 22926, 24576, 308.78
2026/08/11 00:39:31.690, 1, 96, 22792, 24576, 303.60
2026/08/11 00:39:31.691, 2, 100, 22770, 24576, 310.97
2026/08/11 00:39:36.692, 0, 22, 22926, 24576, 253.77
2026/08/11 00:39:36.693, 1, 34, 20552, 24576, 269.82
2026/08/11 00:39:36.693, 2, 35, 22530, 24576, 273.11
2026/08/11 00:39:41.694, 0, 81, 22926, 24576, 337.90
2026/08/11 00:39:41.695, 1, 85, 20552, 24576, 317.39
2026/08/11 00:39:41.696, 2, 83, 22530, 24576, 337.36
2026/08/11 00:39:46.697, 0, 83, 13106, 24576, 296.81
2026/08/11 00:39:46.697, 1, 88, 14292, 24576, 281.39
2026/08/11 00:39:46.698, 2, 99, 20850, 24576, 336.29
2026/08/11 00:39:51.699, 0, 100, 13450, 24576, 337.89
2026/08/11 00:39:51.699, 1, 100, 13022, 24576, 307.67
2026/08/11 00:39:51.700, 2, 98, 13998, 24576, 294.57
2026/08/11 00:39:56.700, 0, 86, 21868, 24576, 314.84
2026/08/11 00:39:56.701, 1, 81, 23354, 24576, 317.41
2026/08/11 00:39:56.701, 2, 82, 23134, 24576, 319.94
2026/08/11 00:40:01.702, 0, 89, 21868, 24576, 316.61
2026/08/11 00:40:01.703, 1, 89, 23354, 24576, 322.42
2026/08/11 00:40:01.703, 2, 88, 23134, 24576, 326.10
2026/08/11 00:40:06.704, 0, 68, 21868, 24576, 288.38
2026/08/11 00:40:06.705, 1, 46, 23354, 24576, 306.86
2026/08/11 00:40:06.706, 2, 51, 23134, 24576, 308.70
2026/08/11 00:40:11.707, 0, 81, 21868, 24576, 338.76
2026/08/11 00:40:11.708, 1, 84, 23354, 24576, 316.30
2026/08/11 00:40:11.708, 2, 84, 23134, 24576, 333.59
2026/08/11 00:40:16.709, 0, 98, 24068, 24576, 339.00
2026/08/11 00:40:16.710, 1, 98, 24074, 24576, 328.53
2026/08/11 00:40:16.710, 2, 98, 23814, 24576, 336.17
2026/08/11 00:40:21.711, 0, 98, 13630, 24576, 340.98
2026/08/11 00:40:21.712, 1, 99, 12862, 24576, 311.71
2026/08/11 00:40:21.712, 2, 88, 13038, 24576, 297.01
2026/08/11 00:40:26.713, 0, 88, 22302, 24576, 317.17
2026/08/11 00:40:26.714, 1, 100, 21750, 24576, 325.34
2026/08/11 00:40:26.714, 2, 100, 20432, 24576, 311.89
2026/08/11 00:40:31.715, 0, 100, 22302, 24576, 301.44
2026/08/11 00:40:31.716, 1, 87, 21750, 24576, 324.39
2026/08/11 00:40:31.716, 2, 89, 20812, 24576, 318.05
2026/08/11 00:40:36.717, 0, 97, 22302, 24576, 291.48
2026/08/11 00:40:36.718, 1, 92, 21750, 24576, 310.30
2026/08/11 00:40:36.719, 2, 95, 22672, 24576, 315.53
2026/08/11 00:40:41.720, 0, 84, 22302, 24576, 339.54
2026/08/11 00:40:41.720, 1, 84, 21750, 24576, 315.33
2026/08/11 00:40:41.721, 2, 82, 22672, 24576, 335.75
2026/08/11 00:40:46.722, 0, 98, 22302, 24576, 340.50
2026/08/11 00:40:46.722, 1, 98, 21750, 24576, 329.93
2026/08/11 00:40:46.723, 2, 98, 22672, 24576, 328.66
2026/08/11 00:40:51.724, 0, 98, 13670, 24576, 341.14
2026/08/11 00:40:51.724, 1, 98, 22382, 24576, 312.47
2026/08/11 00:40:51.725, 2, 98, 21262, 24576, 319.49
2026/08/11 00:40:56.726, 0, 97, 22986, 24576, 308.07
2026/08/11 00:40:56.726, 1, 96, 23136, 24576, 321.75
2026/08/11 00:40:56.727, 2, 95, 23174, 24576, 323.29
2026/08/11 00:41:01.728, 0, 98, 22986, 24576, 302.28
2026/08/11 00:41:01.729, 1, 96, 23134, 24576, 320.58
2026/08/11 00:41:01.729, 2, 96, 23174, 24576, 327.42
2026/08/11 00:41:06.730, 0, 97, 22986, 24576, 296.11
2026/08/11 00:41:06.731, 1, 95, 23134, 24576, 315.32
2026/08/11 00:41:06.731, 2, 96, 23174, 24576, 329.71
2026/08/11 00:41:11.732, 0, 81, 22986, 24576, 339.89
2026/08/11 00:41:11.733, 1, 80, 23134, 24576, 318.91
2026/08/11 00:41:11.733, 2, 81, 23174, 24576, 337.09
2026/08/11 00:41:16.734, 0, 82, 22986, 24576, 329.16
2026/08/11 00:41:16.734, 1, 85, 23134, 24576, 322.01
2026/08/11 00:41:16.735, 2, 78, 23174, 24576, 323.97
2026/08/11 00:41:21.736, 0, 100, 13450, 24576, 340.46
2026/08/11 00:41:21.736, 1, 98, 17802, 24576, 308.70
2026/08/11 00:41:21.737, 2, 99, 23174, 24576, 321.71
2026/08/11 00:41:26.738, 0, 86, 21148, 24576, 307.65
2026/08/11 00:41:26.738, 1, 100, 22752, 24576, 336.23
2026/08/11 00:41:26.739, 2, 100, 22310, 24576, 327.95
2026/08/11 00:41:31.740, 0, 100, 21148, 24576, 313.84
2026/08/11 00:41:31.741, 1, 89, 22752, 24576, 332.94
2026/08/11 00:41:31.741, 2, 89, 22310, 24576, 335.48
2026/08/11 00:41:36.742, 0, 89, 21488, 24576, 312.35
2026/08/11 00:41:36.743, 1, 90, 22752, 24576, 321.41
2026/08/11 00:41:36.743, 2, 93, 22310, 24576, 326.28
2026/08/11 00:41:41.744, 0, 78, 21148, 24576, 336.44
2026/08/11 00:41:41.745, 1, 82, 22752, 24576, 321.05
2026/08/11 00:41:41.745, 2, 81, 22310, 24576, 335.85
2026/08/11 00:41:46.746, 0, 80, 21148, 24576, 337.26
2026/08/11 00:41:46.747, 1, 97, 22752, 24576, 261.42
2026/08/11 00:41:46.748, 2, 100, 22310, 24576, 223.09
2026/08/11 00:41:51.749, 0, 97, 13530, 24576, 339.17
2026/08/11 00:41:51.749, 1, 98, 22752, 24576, 303.37
2026/08/11 00:41:51.750, 2, 100, 13158, 24576, 292.04
2026/08/11 00:41:56.751, 0, 100, 21908, 24576, 308.88
2026/08/11 00:41:56.755, 1, 100, 23314, 24576, 330.08
2026/08/11 00:41:56.755, 2, 100, 22552, 24576, 316.58
2026/08/11 00:42:01.756, 0, 88, 21908, 24576, 325.76
2026/08/11 00:42:01.762, 1, 100, 23314, 24576, 328.10
2026/08/11 00:42:01.762, 2, 98, 22552, 24576, 321.80
2026/08/11 00:42:06.763, 0, 89, 21908, 24576, 325.05
2026/08/11 00:42:06.764, 1, 100, 23314, 24576, 319.50
2026/08/11 00:42:06.765, 2, 89, 22552, 24576, 321.30
2026/08/11 00:42:11.766, 0, 83, 21908, 24576, 334.54
2026/08/11 00:42:11.766, 1, 83, 23314, 24576, 312.18
2026/08/11 00:42:11.767, 2, 82, 22552, 24576, 336.48
2026/08/11 00:42:16.768, 0, 100, 21908, 24576, 285.65
2026/08/11 00:42:16.769, 1, 86, 23314, 24576, 287.93
2026/08/11 00:42:16.769, 2, 83, 22552, 24576, 338.98
2026/08/11 00:42:21.770, 0, 98, 13790, 24576, 300.91
2026/08/11 00:42:21.770, 1, 98, 13982, 24576, 305.82
2026/08/11 00:42:21.771, 2, 100, 13062, 24576, 337.49
2026/08/11 00:42:26.772, 0, 100, 13790, 24576, 178.32
2026/08/11 00:42:26.772, 1, 100, 13958, 24576, 311.27
2026/08/11 00:42:26.773, 2, 100, 13064, 24576, 319.10
2026/08/11 00:42:31.774, 0, 100, 22944, 24576, 290.74
2026/08/11 00:42:31.774, 1, 89, 23556, 24576, 312.73
2026/08/11 00:42:31.775, 2, 88, 24016, 24576, 305.90
2026/08/11 00:42:36.778, 0, 100, 22944, 24576, 308.36
2026/08/11 00:42:36.779, 1, 91, 23556, 24576, 314.84
2026/08/11 00:42:36.780, 2, 100, 24016, 24576, 342.81
2026/08/11 00:42:41.781, 0, 20, 22944, 24576, 249.42
2026/08/11 00:42:41.782, 1, 39, 23556, 24576, 304.52
2026/08/11 00:42:41.782, 2, 22, 21816, 24576, 277.52
2026/08/11 00:42:46.783, 0, 82, 22944, 24576, 336.96
2026/08/11 00:42:46.784, 1, 84, 23556, 24576, 322.34
2026/08/11 00:42:46.784, 2, 85, 21816, 24576, 336.34
2026/08/11 00:42:51.785, 0, 100, 22944, 24576, 339.71
2026/08/11 00:42:51.785, 1, 99, 23556, 24576, 333.72
2026/08/11 00:42:51.786, 2, 100, 22816, 24576, 337.72
2026/08/11 00:42:56.787, 0, 98, 22944, 24576, 339.95
2026/08/11 00:42:56.787, 1, 98, 12802, 24576, 318.64
2026/08/11 00:42:56.788, 2, 98, 13262, 24576, 320.81
2026/08/11 00:43:01.789, 0, 86, 23346, 24576, 339.22
2026/08/11 00:43:01.789, 1, 100, 20672, 24576, 312.64
2026/08/11 00:43:01.790, 2, 89, 23012, 24576, 340.37
2026/08/11 00:43:06.791, 0, 100, 23346, 24576, 324.00
2026/08/11 00:43:06.792, 1, 100, 22612, 24576, 322.40
2026/08/11 00:43:06.792, 2, 100, 23012, 24576, 322.96
2026/08/11 00:43:11.793, 0, 81, 23346, 24576, 265.74
2026/08/11 00:43:11.794, 1, 81, 20672, 24576, 290.03
2026/08/11 00:43:11.795, 2, 77, 23012, 24576, 270.17
2026/08/11 00:43:16.796, 0, 82, 23346, 24576, 340.18
2026/08/11 00:43:16.796, 1, 78, 20672, 24576, 317.03
2026/08/11 00:43:16.797, 2, 83, 23012, 24576, 334.11
2026/08/11 00:43:21.797, 0, 88, 14410, 24576, 304.65
2026/08/11 00:43:21.798, 1, 88, 12896, 24576, 276.01
2026/08/11 00:43:21.802, 2, 96, 14042, 24576, 278.00
2026/08/11 00:43:26.803, 0, 98, 14450, 24576, 306.14
2026/08/11 00:43:26.804, 1, 98, 13302, 24576, 304.92
2026/08/11 00:43:26.805, 2, 98, 13322, 24576, 329.33
2026/08/11 00:43:31.806, 0, 100, 23188, 24576, 321.32
2026/08/11 00:43:31.806, 1, 100, 22852, 24576, 326.69
2026/08/11 00:43:31.807, 2, 100, 23112, 24576, 331.01
2026/08/11 00:43:36.807, 0, 100, 23188, 24576, 335.95
2026/08/11 00:43:36.808, 1, 89, 22852, 24576, 322.12
2026/08/11 00:43:36.808, 2, 88, 23112, 24576, 322.88
2026/08/11 00:43:41.809, 0, 79, 23188, 24576, 278.35
2026/08/11 00:43:41.810, 1, 79, 22852, 24576, 277.05
2026/08/11 00:43:41.810, 2, 79, 23112, 24576, 270.54
2026/08/11 00:43:46.811, 0, 80, 23188, 24576, 339.83
2026/08/11 00:43:46.812, 1, 82, 22852, 24576, 321.43
2026/08/11 00:43:46.812, 2, 79, 23112, 24576, 336.93
2026/08/11 00:43:51.813, 0, 88, 12948, 24576, 298.36
2026/08/11 00:43:51.814, 1, 86, 12412, 24576, 286.61
2026/08/11 00:43:51.815, 2, 100, 23112, 24576, 314.10
2026/08/11 00:43:56.815, 0, 98, 13330, 24576, 339.99
2026/08/11 00:43:56.816, 1, 98, 13282, 24576, 310.85
2026/08/11 00:43:56.817, 2, 100, 23112, 24576, 321.59
2026/08/11 00:44:01.817, 0, 100, 20646, 24576, 327.46
2026/08/11 00:44:01.818, 1, 96, 22772, 24576, 313.38
2026/08/11 00:44:01.818, 2, 97, 23112, 24576, 323.88
2026/08/11 00:44:06.819, 0, 100, 20906, 24576, 328.11
2026/08/11 00:44:06.820, 1, 89, 22772, 24576, 336.87
2026/08/11 00:44:06.820, 2, 89, 23112, 24576, 339.30
2026/08/11 00:44:11.821, 0, 84, 20906, 24576, 338.11
2026/08/11 00:44:11.821, 1, 77, 22772, 24576, 332.32
2026/08/11 00:44:11.822, 2, 84, 23112, 24576, 334.54
2026/08/11 00:44:16.823, 0, 83, 20906, 24576, 339.92
2026/08/11 00:44:16.824, 1, 84, 22772, 24576, 313.58
2026/08/11 00:44:16.824, 2, 84, 23112, 24576, 330.99
2026/08/11 00:44:21.825, 0, 100, 14430, 24576, 338.83
2026/08/11 00:44:21.826, 1, 98, 22772, 24576, 310.31
2026/08/11 00:44:21.827, 2, 100, 23112, 24576, 313.66
2026/08/11 00:44:26.828, 0, 100, 14430, 24576, 332.28
2026/08/11 00:44:26.829, 1, 98, 22772, 24576, 302.48
2026/08/11 00:44:26.829, 2, 100, 23112, 24576, 178.04
2026/08/11 00:44:31.830, 0, 100, 21788, 24576, 319.11
2026/08/11 00:44:31.831, 1, 88, 23736, 24576, 314.98
2026/08/11 00:44:31.831, 2, 88, 23112, 24576, 323.81
2026/08/11 00:44:36.832, 0, 88, 21788, 24576, 324.73
2026/08/11 00:44:36.833, 1, 100, 23736, 24576, 311.44
2026/08/11 00:44:36.833, 2, 100, 23112, 24576, 307.57
2026/08/11 00:44:41.834, 0, 81, 23768, 24576, 305.36
2026/08/11 00:44:41.835, 1, 83, 23736, 24576, 299.86
2026/08/11 00:44:41.835, 2, 82, 23112, 24576, 303.43
2026/08/11 00:44:46.836, 0, 75, 23768, 24576, 337.42
2026/08/11 00:44:46.837, 1, 77, 23736, 24576, 311.20
2026/08/11 00:44:46.837, 2, 74, 23112, 24576, 335.28
2026/08/11 00:44:51.838, 0, 100, 20730, 24576, 331.42
2026/08/11 00:44:51.839, 1, 98, 23736, 24576, 306.62
2026/08/11 00:44:51.840, 2, 100, 12862, 24576, 330.06
2026/08/11 00:44:56.841, 0, 100, 19550, 24576, 326.94
2026/08/11 00:44:56.841, 1, 98, 23736, 24576, 312.54
2026/08/11 00:44:56.842, 2, 83, 12862, 24576, 310.41
2026/08/11 00:45:01.843, 0, 100, 21366, 24576, 317.44
2026/08/11 00:45:01.843, 1, 97, 23836, 24576, 314.94
2026/08/11 00:45:01.844, 2, 100, 21532, 24576, 312.17
2026/08/11 00:45:06.845, 0, 94, 23506, 24576, 308.48
2026/08/11 00:45:06.845, 1, 98, 23836, 24576, 315.13
2026/08/11 00:45:06.846, 2, 92, 22252, 24576, 306.16
2026/08/11 00:45:11.847, 0, 1, 23506, 24576, 250.66
2026/08/11 00:45:11.847, 1, 36, 23836, 24576, 279.79
2026/08/11 00:45:11.848, 2, 23, 22252, 24576, 269.66
2026/08/11 00:45:16.849, 0, 85, 23506, 24576, 338.82
2026/08/11 00:45:16.850, 1, 85, 23836, 24576, 313.09
2026/08/11 00:45:16.851, 2, 84, 22252, 24576, 336.16
2026/08/11 00:45:21.852, 0, 91, 13470, 24576, 299.11
2026/08/11 00:45:21.852, 1, 98, 23836, 24576, 311.44
2026/08/11 00:45:21.853, 2, 98, 22252, 24576, 336.31
2026/08/11 00:45:26.854, 0, 100, 13470, 24576, 338.74
2026/08/11 00:45:26.855, 1, 100, 23836, 24576, 306.17
2026/08/11 00:45:26.855, 2, 98, 22252, 24576, 327.35
2026/08/11 00:45:31.856, 0, 88, 23366, 24576, 325.83
2026/08/11 00:45:31.856, 1, 87, 23836, 24576, 316.14
2026/08/11 00:45:31.857, 2, 89, 20732, 24576, 304.86
2026/08/11 00:45:36.858, 0, 100, 23366, 24576, 322.09
2026/08/11 00:45:36.858, 1, 97, 23836, 24576, 311.40
2026/08/11 00:45:36.859, 2, 100, 22772, 24576, 309.81
2026/08/11 00:45:41.860, 0, 78, 23366, 24576, 298.44
2026/08/11 00:45:41.860, 1, 83, 23836, 24576, 326.71
2026/08/11 00:45:41.861, 2, 82, 22772, 24576, 324.25
2026/08/11 00:45:46.862, 0, 83, 23366, 24576, 338.03
2026/08/11 00:45:46.863, 1, 80, 23836, 24576, 312.44
2026/08/11 00:45:46.863, 2, 81, 22772, 24576, 337.34
2026/08/11 00:45:51.864, 0, 98, 13490, 24576, 295.69
2026/08/11 00:45:51.865, 1, 98, 14062, 24576, 288.20
2026/08/11 00:45:51.865, 2, 98, 22772, 24576, 336.11
2026/08/11 00:45:56.866, 0, 98, 13490, 24576, 337.05
2026/08/11 00:45:56.866, 1, 98, 14038, 24576, 320.97
2026/08/11 00:45:56.867, 2, 100, 22772, 24576, 256.03
2026/08/11 00:46:01.868, 0, 100, 24112, 24576, 339.18
2026/08/11 00:46:01.868, 1, 100, 23234, 24576, 323.30
2026/08/11 00:46:01.869, 2, 95, 22510, 24576, 327.51
2026/08/11 00:46:06.870, 0, 92, 24112, 24576, 337.71
2026/08/11 00:46:06.871, 1, 95, 23234, 24576, 317.54
2026/08/11 00:46:06.871, 2, 99, 22510, 24576, 316.08
2026/08/11 00:46:11.872, 0, 94, 24112, 24576, 332.09
2026/08/11 00:46:11.876, 1, 95, 23234, 24576, 302.02
2026/08/11 00:46:11.876, 2, 97, 22510, 24576, 292.16
2026/08/11 00:46:16.877, 0, 83, 24112, 24576, 336.89
2026/08/11 00:46:16.878, 1, 85, 23234, 24576, 313.41
2026/08/11 00:46:16.878, 2, 83, 22510, 24576, 332.94
2026/08/11 00:46:21.879, 0, 100, 24112, 24576, 299.01
2026/08/11 00:46:21.879, 1, 98, 23234, 24576, 313.32
2026/08/11 00:46:21.880, 2, 98, 22510, 24576, 289.79
2026/08/11 00:46:26.881, 0, 98, 16550, 24576, 336.55
2026/08/11 00:46:26.881, 1, 98, 13064, 24576, 315.08
2026/08/11 00:46:26.882, 2, 98, 12962, 24576, 337.70
2026/08/11 00:46:31.883, 0, 89, 23364, 24576, 308.96
2026/08/11 00:46:31.883, 1, 93, 23594, 24576, 294.79
2026/08/11 00:46:31.884, 2, 96, 23194, 24576, 228.12
2026/08/11 00:46:36.885, 0, 88, 23430, 24576, 328.74
2026/08/11 00:46:36.885, 1, 100, 21816, 24576, 303.58
2026/08/11 00:46:36.886, 2, 93, 21474, 24576, 303.73
2026/08/11 00:46:41.887, 0, 100, 23430, 24576, 335.14
2026/08/11 00:46:41.888, 1, 93, 21816, 24576, 305.15
2026/08/11 00:46:41.888, 2, 91, 21474, 24576, 307.80
2026/08/11 00:46:46.889, 0, 83, 23430, 24576, 297.91
2026/08/11 00:46:46.890, 1, 83, 21816, 24576, 300.22
2026/08/11 00:46:46.890, 2, 84, 21474, 24576, 288.32
2026/08/11 00:46:51.891, 0, 85, 23430, 24576, 338.00
2026/08/11 00:46:51.891, 1, 84, 21816, 24576, 316.55
2026/08/11 00:46:51.892, 2, 82, 21474, 24576, 331.87
2026/08/11 00:46:56.893, 0, 98, 14470, 24576, 304.01
2026/08/11 00:46:56.893, 1, 100, 21816, 24576, 306.30
2026/08/11 00:46:56.894, 2, 98, 21474, 24576, 339.20
2026/08/11 00:47:01.895, 0, 98, 14470, 24576, 338.22
2026/08/11 00:47:01.896, 1, 98, 21816, 24576, 306.77
2026/08/11 00:47:01.896, 2, 90, 21474, 24576, 283.61
2026/08/11 00:47:06.900, 0, 88, 20946, 24576, 301.78
2026/08/11 00:47:06.900, 1, 89, 23094, 24576, 329.94
2026/08/11 00:47:06.901, 2, 100, 22974, 24576, 337.80
2026/08/11 00:47:11.902, 0, 94, 22646, 24576, 299.03
2026/08/11 00:47:11.902, 1, 100, 20334, 24576, 317.14
2026/08/11 00:47:11.903, 2, 89, 20194, 24576, 317.41
2026/08/11 00:47:16.903, 0, 82, 22646, 24576, 310.55
2026/08/11 00:47:16.904, 1, 80, 20874, 24576, 309.24
2026/08/11 00:47:16.904, 2, 80, 20854, 24576, 314.54
2026/08/11 00:47:21.905, 0, 79, 22646, 24576, 338.84
2026/08/11 00:47:21.906, 1, 85, 20874, 24576, 308.12
2026/08/11 00:47:21.907, 2, 82, 20854, 24576, 337.48
2026/08/11 00:47:26.907, 0, 98, 14450, 24576, 299.63
2026/08/11 00:47:26.908, 1, 98, 15862, 24576, 295.23
2026/08/11 00:47:26.909, 2, 98, 20854, 24576, 327.84
2026/08/11 00:47:31.910, 0, 100, 14450, 24576, 337.35
2026/08/11 00:47:31.910, 1, 99, 19498, 24576, 290.29
2026/08/11 00:47:31.911, 2, 98, 20854, 24576, 318.95
2026/08/11 00:47:36.912, 0, 100, 23346, 24576, 324.10
2026/08/11 00:47:36.912, 1, 100, 23576, 24576, 324.37
2026/08/11 00:47:36.913, 2, 100, 21494, 24576, 327.83
2026/08/11 00:47:41.914, 0, 100, 23346, 24576, 319.44
2026/08/11 00:47:41.914, 1, 100, 23576, 24576, 325.47
2026/08/11 00:47:41.915, 2, 100, 21494, 24576, 323.92
2026/08/11 00:47:46.916, 0, 99, 23346, 24576, 316.15
2026/08/11 00:47:46.916, 1, 100, 23576, 24576, 312.11
2026/08/11 00:47:46.917, 2, 100, 21494, 24576, 318.38
2026/08/11 00:47:51.918, 0, 80, 23346, 24576, 338.23
2026/08/11 00:47:51.918, 1, 79, 23576, 24576, 332.16
2026/08/11 00:47:51.919, 2, 83, 21494, 24576, 337.79
2026/08/11 00:47:56.920, 0, 98, 23346, 24576, 343.04
2026/08/11 00:47:56.921, 1, 98, 23576, 24576, 330.16
2026/08/11 00:47:56.922, 2, 97, 21494, 24576, 327.62
2026/08/11 00:48:01.923, 0, 98, 13870, 24576, 339.21
2026/08/11 00:48:01.923, 1, 98, 13220, 24576, 299.23
2026/08/11 00:48:01.924, 2, 98, 21494, 24576, 297.52
2026/08/11 00:48:06.925, 0, 100, 23646, 24576, 337.96
2026/08/11 00:48:06.925, 1, 95, 22230, 24576, 321.33
2026/08/11 00:48:06.926, 2, 100, 20974, 24576, 323.47
2026/08/11 00:48:11.926, 0, 100, 23646, 24576, 336.05
2026/08/11 00:48:11.927, 1, 100, 22230, 24576, 311.64
2026/08/11 00:48:11.928, 2, 89, 21334, 24576, 325.50
2026/08/11 00:48:16.929, 0, 18, 23646, 24576, 261.15
2026/08/11 00:48:16.929, 1, 75, 22230, 24576, 254.49
2026/08/11 00:48:16.930, 2, 24, 20974, 24576, 262.66
2026/08/11 00:48:21.931, 0, 81, 23646, 24576, 338.84
2026/08/11 00:48:21.932, 1, 84, 22230, 24576, 316.69
2026/08/11 00:48:21.932, 2, 83, 20974, 24576, 336.79
2026/08/11 00:48:26.933, 0, 100, 23746, 24576, 338.70
2026/08/11 00:48:26.934, 1, 95, 18930, 24576, 308.60
2026/08/11 00:48:26.934, 2, 98, 24154, 24576, 338.15
2026/08/11 00:48:31.935, 0, 99, 13970, 24576, 339.76
2026/08/11 00:48:31.936, 1, 96, 14856, 24576, 282.88
2026/08/11 00:48:31.936, 2, 98, 12862, 24576, 321.77
2026/08/11 00:48:36.937, 0, 96, 24010, 24576, 336.90
2026/08/11 00:48:36.938, 1, 100, 23274, 24576, 328.16
2026/08/11 00:48:36.938, 2, 100, 22372, 24576, 306.26
2026/08/11 00:48:41.939, 0, 100, 24010, 24576, 335.53
2026/08/11 00:48:41.940, 1, 95, 22914, 24576, 320.26
2026/08/11 00:48:41.940, 2, 100, 22032, 24576, 314.20
2026/08/11 00:48:46.941, 0, 97, 24010, 24576, 338.46
2026/08/11 00:48:46.942, 1, 98, 22914, 24576, 318.14
2026/08/11 00:48:46.942, 2, 96, 22032, 24576, 304.37
2026/08/11 00:48:51.943, 0, 84, 24010, 24576, 334.31
2026/08/11 00:48:51.944, 1, 85, 22914, 24576, 326.77
2026/08/11 00:48:51.945, 2, 84, 22032, 24576, 335.60
2026/08/11 00:48:56.945, 0, 83, 24010, 24576, 337.92
2026/08/11 00:48:56.946, 1, 85, 22914, 24576, 316.17
2026/08/11 00:48:56.947, 2, 84, 22032, 24576, 339.73
2026/08/11 00:49:01.947, 0, 98, 13590, 24576, 336.40
2026/08/11 00:49:01.948, 1, 98, 13982, 24576, 319.47
2026/08/11 00:49:01.948, 2, 100, 22032, 24576, 335.38
2026/08/11 00:49:06.949, 0, 98, 13590, 24576, 336.53
2026/08/11 00:49:06.950, 1, 100, 13958, 24576, 222.28
2026/08/11 00:49:06.950, 2, 44, 22032, 24576, 286.36
2026/08/11 00:49:11.951, 0, 81, 23510, 24576, 328.91
2026/08/11 00:49:11.952, 1, 89, 23214, 24576, 319.10
2026/08/11 00:49:11.952, 2, 89, 23574, 24576, 324.80
2026/08/11 00:49:16.953, 0, 98, 23510, 24576, 330.96
2026/08/11 00:49:16.954, 1, 97, 23214, 24576, 315.41
2026/08/11 00:49:16.955, 2, 95, 23574, 24576, 324.70
2026/08/11 00:49:21.955, 0, 9, 23510, 24576, 290.82
2026/08/11 00:49:21.956, 1, 21, 23214, 24576, 287.15
2026/08/11 00:49:21.957, 2, 22, 23574, 24576, 284.55
2026/08/11 00:49:26.958, 0, 83, 23510, 24576, 337.96
2026/08/11 00:49:26.959, 1, 85, 23214, 24576, 311.81
2026/08/11 00:49:26.959, 2, 83, 23574, 24576, 335.31
2026/08/11 00:49:31.960, 0, 100, 23510, 24576, 337.79
2026/08/11 00:49:31.960, 1, 100, 23214, 24576, 336.23
2026/08/11 00:49:31.961, 2, 100, 23574, 24576, 338.74
2026/08/11 00:49:36.962, 0, 98, 13590, 24576, 338.61
2026/08/11 00:49:36.962, 1, 90, 12642, 24576, 284.23
2026/08/11 00:49:36.963, 2, 98, 13064, 24576, 326.06
2026/08/11 00:49:41.964, 0, 91, 24070, 24576, 332.78
2026/08/11 00:49:41.965, 1, 93, 23416, 24576, 318.49
2026/08/11 00:49:41.965, 2, 94, 23398, 24576, 331.95
2026/08/11 00:49:46.966, 0, 88, 24070, 24576, 339.61
2026/08/11 00:49:46.967, 1, 100, 23416, 24576, 311.05
2026/08/11 00:49:46.968, 2, 88, 23778, 24576, 338.58
2026/08/11 00:49:51.969, 0, 100, 24070, 24576, 337.31
2026/08/11 00:49:51.969, 1, 100, 23416, 24576, 322.19
2026/08/11 00:49:51.970, 2, 100, 23398, 24576, 333.98
2026/08/11 00:49:56.971, 0, 82, 24070, 24576, 335.54
2026/08/11 00:49:56.971, 1, 82, 23416, 24576, 334.90
2026/08/11 00:49:56.972, 2, 81, 23398, 24576, 333.76
2026/08/11 00:50:01.973, 0, 85, 24070, 24576, 338.68
2026/08/11 00:50:01.973, 1, 84, 23416, 24576, 318.24
2026/08/11 00:50:01.974, 2, 85, 23398, 24576, 326.92
2026/08/11 00:50:06.975, 0, 98, 13590, 24576, 305.84
2026/08/11 00:50:06.975, 1, 100, 17704, 24576, 306.45
2026/08/11 00:50:06.976, 2, 98, 13064, 24576, 302.91
2026/08/11 00:50:11.977, 0, 100, 13590, 24576, 337.94
2026/08/11 00:50:11.978, 1, 100, 15856, 24576, 290.44
2026/08/11 00:50:11.978, 2, 98, 13064, 24576, 321.23
2026/08/11 00:50:16.979, 0, 100, 23930, 24576, 331.29
2026/08/11 00:50:16.980, 1, 100, 23336, 24576, 324.63
2026/08/11 00:50:16.981, 2, 100, 23036, 24576, 342.15
2026/08/11 00:50:21.982, 0, 100, 23930, 24576, 325.28
2026/08/11 00:50:21.983, 1, 100, 23336, 24576, 309.44
2026/08/11 00:50:21.983, 2, 100, 23036, 24576, 317.69
2026/08/11 00:50:26.984, 0, 100, 23930, 24576, 328.39
2026/08/11 00:50:26.984, 1, 100, 23336, 24576, 315.57
2026/08/11 00:50:26.985, 2, 100, 21936, 24576, 314.44
2026/08/11 00:50:31.986, 0, 81, 23930, 24576, 335.45
2026/08/11 00:50:31.986, 1, 82, 23336, 24576, 313.61
2026/08/11 00:50:31.987, 2, 81, 21936, 24576, 336.24
2026/08/11 00:50:36.988, 0, 85, 23930, 24576, 323.85
2026/08/11 00:50:36.988, 1, 100, 23336, 24576, 261.32
2026/08/11 00:50:36.989, 2, 84, 21936, 24576, 329.77
2026/08/11 00:50:41.989, 0, 100, 19930, 24576, 338.69
2026/08/11 00:50:41.991, 1, 98, 19038, 24576, 294.96
2026/08/11 00:50:41.992, 2, 98, 12962, 24576, 320.14
2026/08/11 00:50:46.993, 0, 95, 23146, 24576, 243.22
2026/08/11 00:50:46.994, 1, 88, 20608, 24576, 235.47
2026/08/11 00:50:46.994, 2, 94, 23216, 24576, 314.25
2026/08/11 00:50:51.995, 0, 92, 23208, 24576, 308.62
2026/08/11 00:50:51.996, 1, 93, 20668, 24576, 281.07
2026/08/11 00:50:51.996, 2, 96, 23614, 24576, 329.03
2026/08/11 00:50:56.997, 0, 91, 23208, 24576, 310.54
2026/08/11 00:50:56.997, 1, 93, 20668, 24576, 286.14
2026/08/11 00:50:56.998, 2, 100, 23614, 24576, 324.70
2026/08/11 00:51:01.999, 0, 83, 23208, 24576, 336.67
2026/08/11 00:51:01.999, 1, 81, 20668, 24576, 335.94
2026/08/11 00:51:02.000, 2, 82, 21474, 24576, 335.59
2026/08/11 00:51:07.001, 0, 82, 23208, 24576, 339.00
2026/08/11 00:51:07.001, 1, 79, 20668, 24576, 321.32
2026/08/11 00:51:07.002, 2, 82, 21474, 24576, 327.92
2026/08/11 00:51:12.003, 0, 98, 23208, 24576, 338.98
2026/08/11 00:51:12.003, 1, 98, 20668, 24576, 314.60
2026/08/11 00:51:12.004, 2, 100, 13042, 24576, 329.24
2026/08/11 00:51:17.005, 0, 98, 23208, 24576, 338.46
2026/08/11 00:51:17.005, 1, 40, 20668, 24576, 275.98
2026/08/11 00:51:17.006, 2, 98, 13042, 24576, 327.55
2026/08/11 00:51:22.007, 0, 93, 23128, 24576, 309.83
2026/08/11 00:51:22.008, 1, 94, 23374, 24576, 310.17
2026/08/11 00:51:22.008, 2, 94, 21314, 24576, 312.21
2026/08/11 00:51:27.013, 0, 94, 23128, 24576, 311.19
2026/08/11 00:51:27.014, 1, 93, 23374, 24576, 306.77
2026/08/11 00:51:27.014, 2, 95, 21314, 24576, 311.51
2026/08/11 00:51:32.015, 0, 79, 23128, 24576, 308.79
2026/08/11 00:51:32.016, 1, 84, 23374, 24576, 310.76
2026/08/11 00:51:32.016, 2, 0, 21314, 24576, 278.13
2026/08/11 00:51:37.017, 0, 82, 23128, 24576, 338.98
2026/08/11 00:51:37.018, 1, 85, 23374, 24576, 316.70
2026/08/11 00:51:37.018, 2, 85, 21314, 24576, 336.58
2026/08/11 00:51:42.019, 0, 100, 23128, 24576, 338.16
2026/08/11 00:51:42.019, 1, 100, 12862, 24576, 289.44
2026/08/11 00:51:42.020, 2, 98, 13942, 24576, 294.59
2026/08/11 00:51:47.021, 0, 100, 23128, 24576, 338.33
2026/08/11 00:51:47.021, 1, 98, 12862, 24576, 293.44
2026/08/11 00:51:47.022, 2, 98, 13938, 24576, 329.01
2026/08/11 00:51:52.023, 0, 100, 23888, 24576, 327.73
2026/08/11 00:51:52.023, 1, 87, 23734, 24576, 326.64
2026/08/11 00:51:52.024, 2, 100, 21470, 24576, 296.47
2026/08/11 00:51:57.025, 0, 91, 23208, 24576, 317.82
2026/08/11 00:51:57.026, 1, 89, 20714, 24576, 308.86
2026/08/11 00:51:57.029, 2, 96, 21470, 24576, 295.64
2026/08/11 00:52:02.030, 0, 81, 23208, 24576, 306.67
2026/08/11 00:52:02.031, 1, 82, 20714, 24576, 318.23
2026/08/11 00:52:02.031, 2, 82, 21470, 24576, 303.83
2026/08/11 00:52:07.032, 0, 85, 23208, 24576, 338.87
2026/08/11 00:52:07.033, 1, 85, 20714, 24576, 318.93
2026/08/11 00:52:07.033, 2, 84, 21470, 24576, 336.84
2026/08/11 00:52:12.034, 0, 98, 19750, 24576, 298.54
2026/08/11 00:52:12.035, 1, 99, 17664, 24576, 290.04
2026/08/11 00:52:12.035, 2, 98, 21470, 24576, 336.11
2026/08/11 00:52:17.036, 0, 99, 13450, 24576, 337.36
2026/08/11 00:52:17.037, 1, 98, 13322, 24576, 315.17
2026/08/11 00:52:17.038, 2, 94, 21470, 24576, 324.36
2026/08/11 00:52:22.038, 0, 99, 22926, 24576, 322.76
2026/08/11 00:52:22.039, 1, 97, 23152, 24576, 302.86
2026/08/11 00:52:22.040, 2, 100, 23154, 24576, 330.24
2026/08/11 00:52:27.041, 0, 86, 23186, 24576, 308.90
2026/08/11 00:52:27.041, 1, 100, 23152, 24576, 307.12
2026/08/11 00:52:27.042, 2, 85, 20994, 24576, 317.47
2026/08/11 00:52:32.043, 0, 83, 23186, 24576, 316.53
2026/08/11 00:52:32.044, 1, 81, 23152, 24576, 327.41
2026/08/11 00:52:32.044, 2, 81, 20994, 24576, 328.68
2026/08/11 00:52:37.045, 0, 84, 23186, 24576, 339.23
2026/08/11 00:52:37.046, 1, 85, 23152, 24576, 314.66
2026/08/11 00:52:37.046, 2, 80, 20994, 24576, 338.29
2026/08/11 00:52:42.047, 0, 100, 17290, 24576, 297.93
2026/08/11 00:52:42.048, 1, 98, 13222, 24576, 293.55
2026/08/11 00:52:42.048, 2, 98, 13040, 24576, 302.98
2026/08/11 00:52:47.049, 0, 98, 17290, 24576, 302.20
2026/08/11 00:52:47.050, 1, 100, 13222, 24576, 292.75
2026/08/11 00:52:47.051, 2, 98, 13040, 24576, 327.30
2026/08/11 00:52:52.052, 0, 100, 24010, 24576, 337.97
2026/08/11 00:52:52.052, 1, 89, 23094, 24576, 321.23
2026/08/11 00:52:52.053, 2, 87, 22710, 24576, 330.60
2026/08/11 00:52:57.054, 0, 100, 24010, 24576, 340.95
2026/08/11 00:52:57.054, 1, 100, 23094, 24576, 325.90
2026/08/11 00:52:57.055, 2, 100, 22710, 24576, 332.53
2026/08/11 00:53:02.056, 0, 96, 24010, 24576, 341.99
2026/08/11 00:53:02.056, 1, 100, 23094, 24576, 324.36
2026/08/11 00:53:02.057, 2, 100, 22710, 24576, 314.99
2026/08/11 00:53:07.058, 0, 83, 24010, 24576, 338.45
2026/08/11 00:53:07.058, 1, 83, 23094, 24576, 325.58
2026/08/11 00:53:07.059, 2, 83, 20470, 24576, 336.13
2026/08/11 00:53:12.060, 0, 98, 24010, 24576, 340.12
2026/08/11 00:53:12.060, 1, 98, 23094, 24576, 273.77
2026/08/11 00:53:12.061, 2, 99, 20470, 24576, 301.27
2026/08/11 00:53:17.061, 0, 98, 13590, 24576, 340.02
2026/08/11 00:53:17.062, 1, 98, 24000, 24576, 316.35
2026/08/11 00:53:17.063, 2, 97, 23042, 24576, 337.22
2026/08/11 00:53:22.064, 0, 100, 24174, 24576, 325.96
2026/08/11 00:53:22.065, 1, 100, 20236, 24576, 259.61
2026/08/11 00:53:22.066, 2, 100, 20618, 24576, 250.44
2026/08/11 00:53:27.066, 0, 97, 23950, 24576, 340.31
2026/08/11 00:53:27.067, 1, 95, 20290, 24576, 296.88
2026/08/11 00:53:27.067, 2, 94, 20672, 24576, 297.32
2026/08/11 00:53:32.068, 0, 94, 23950, 24576, 331.22
2026/08/11 00:53:32.069, 1, 92, 20290, 24576, 293.18
2026/08/11 00:53:32.069, 2, 93, 20672, 24576, 292.14
2026/08/11 00:53:37.070, 0, 83, 23950, 24576, 334.98
2026/08/11 00:53:37.071, 1, 82, 22410, 24576, 335.19
2026/08/11 00:53:37.071, 2, 82, 22732, 24576, 329.48
2026/08/11 00:53:42.072, 0, 81, 23950, 24576, 338.08
2026/08/11 00:53:42.073, 1, 84, 22410, 24576, 323.42
2026/08/11 00:53:42.074, 2, 82, 22732, 24576, 337.30
2026/08/11 00:53:47.074, 0, 98, 19170, 24576, 318.20
2026/08/11 00:53:47.075, 1, 98, 19642, 24576, 315.52
2026/08/11 00:53:47.076, 2, 98, 22732, 24576, 337.64
2026/08/11 00:53:52.077, 0, 99, 19170, 24576, 306.74
2026/08/11 00:53:52.077, 1, 98, 13198, 24576, 315.82
2026/08/11 00:53:52.078, 2, 100, 22732, 24576, 183.40
2026/08/11 00:53:57.078, 0, 100, 24030, 24576, 330.03
2026/08/11 00:53:57.079, 1, 97, 22974, 24576, 308.80
2026/08/11 00:53:57.079, 2, 99, 22470, 24576, 287.91
2026/08/11 00:54:02.080, 0, 100, 24030, 24576, 332.79
2026/08/11 00:54:02.081, 1, 99, 22974, 24576, 294.76
2026/08/11 00:54:02.081, 2, 100, 22470, 24576, 283.55
2026/08/11 00:54:07.083, 0, 88, 22570, 24576, 340.19
2026/08/11 00:54:07.083, 1, 100, 22974, 24576, 309.02
2026/08/11 00:54:07.084, 2, 100, 22470, 24576, 285.68
2026/08/11 00:54:12.085, 0, 80, 24030, 24576, 336.36
2026/08/11 00:54:12.085, 1, 84, 22974, 24576, 320.83
2026/08/11 00:54:12.086, 2, 83, 22470, 24576, 340.99
2026/08/11 00:54:17.087, 0, 97, 24030, 24576, 325.70
2026/08/11 00:54:17.088, 1, 100, 22974, 24576, 307.64
2026/08/11 00:54:17.088, 2, 97, 22470, 24576, 334.53
2026/08/11 00:54:22.089, 0, 98, 23250, 24576, 337.91
2026/08/11 00:54:22.090, 1, 98, 23462, 24576, 283.63
2026/08/11 00:54:22.090, 2, 98, 13220, 24576, 342.19
2026/08/11 00:54:27.091, 0, 95, 21486, 24576, 316.11
2026/08/11 00:54:27.092, 1, 97, 23494, 24576, 300.80
2026/08/11 00:54:27.092, 2, 97, 23114, 24576, 322.89
2026/08/11 00:54:32.093, 0, 98, 21486, 24576, 328.15
2026/08/11 00:54:32.094, 1, 100, 23494, 24576, 317.90
2026/08/11 00:54:32.094, 2, 100, 23114, 24576, 335.77
2026/08/11 00:54:37.095, 0, 89, 22146, 24576, 329.93
2026/08/11 00:54:37.096, 1, 89, 23494, 24576, 321.54
2026/08/11 00:54:37.097, 2, 89, 23114, 24576, 333.69
2026/08/11 00:54:42.098, 0, 83, 21486, 24576, 337.22
2026/08/11 00:54:42.098, 1, 85, 23494, 24576, 318.41
2026/08/11 00:54:42.099, 2, 84, 23114, 24576, 326.33
2026/08/11 00:54:47.100, 0, 100, 21606, 24576, 326.41
2026/08/11 00:54:47.101, 1, 100, 23494, 24576, 301.61
2026/08/11 00:54:47.101, 2, 100, 23114, 24576, 328.74
2026/08/11 00:54:52.102, 0, 100, 16930, 24576, 324.95
2026/08/11 00:54:52.102, 1, 100, 13002, 24576, 311.56
2026/08/11 00:54:52.103, 2, 98, 23962, 24576, 335.90
2026/08/11 00:54:57.104, 0, 77, 23206, 24576, 309.44
2026/08/11 00:54:57.105, 1, 100, 22752, 24576, 338.56
2026/08/11 00:54:57.105, 2, 83, 23274, 24576, 308.69
2026/08/11 00:55:02.106, 0, 93, 23206, 24576, 326.51
2026/08/11 00:55:02.107, 1, 100, 22752, 24576, 336.22
2026/08/11 00:55:02.108, 2, 96, 23274, 24576, 326.09
2026/08/11 00:55:07.108, 0, 100, 23206, 24576, 325.11
2026/08/11 00:55:07.109, 1, 100, 22752, 24576, 337.40
2026/08/11 00:55:07.110, 2, 100, 23274, 24576, 331.47
2026/08/11 00:55:12.111, 0, 82, 23206, 24576, 337.04
2026/08/11 00:55:12.111, 1, 84, 20592, 24576, 319.08
2026/08/11 00:55:12.112, 2, 85, 23274, 24576, 326.11
2026/08/11 00:55:17.113, 0, 98, 23206, 24576, 263.21
2026/08/11 00:55:17.113, 1, 100, 20592, 24576, 292.08
2026/08/11 00:55:17.114, 2, 100, 23274, 24576, 307.11
2026/08/11 00:55:22.114, 0, 98, 23330, 24576, 337.94
2026/08/11 00:55:22.115, 1, 98, 13064, 24576, 309.55
2026/08/11 00:55:22.115, 2, 100, 13064, 24576, 328.17
2026/08/11 00:55:27.117, 0, 85, 22718, 24576, 205.90
2026/08/11 00:55:27.117, 1, 33, 22208, 24576, 297.42
2026/08/11 00:55:27.118, 2, 85, 21806, 24576, 261.27
2026/08/11 00:55:32.118, 0, 100, 23448, 24576, 314.62
2026/08/11 00:55:32.119, 1, 100, 23398, 24576, 320.08
2026/08/11 00:55:32.120, 2, 95, 21876, 24576, 314.54
2026/08/11 00:55:37.121, 0, 98, 23388, 24576, 297.49
2026/08/11 00:55:37.121, 1, 92, 23018, 24576, 323.10
2026/08/11 00:55:37.122, 2, 100, 23296, 24576, 315.31
2026/08/11 00:55:42.123, 0, 0, 23448, 24576, 222.62
2026/08/11 00:55:42.124, 1, 83, 23398, 24576, 287.22
2026/08/11 00:55:42.124, 2, 86, 21876, 24576, 284.63
2026/08/11 00:55:47.125, 0, 76, 23448, 24576, 337.81
2026/08/11 00:55:47.125, 1, 83, 23398, 24576, 318.33
2026/08/11 00:55:47.126, 2, 81, 21876, 24576, 337.59
2026/08/11 00:55:52.130, 0, 98, 23448, 24576, 337.26
2026/08/11 00:55:52.130, 1, 98, 23398, 24576, 335.41
2026/08/11 00:55:52.131, 2, 100, 21876, 24576, 334.69
2026/08/11 00:55:57.132, 0, 98, 23448, 24576, 339.30
2026/08/11 00:55:57.133, 1, 98, 13264, 24576, 309.04
2026/08/11 00:55:57.133, 2, 98, 21876, 24576, 321.68
2026/08/11 00:56:02.135, 0, 95, 21748, 24576, 308.26
2026/08/11 00:56:02.135, 1, 97, 23796, 24576, 317.87
2026/08/11 00:56:02.136, 2, 100, 23594, 24576, 326.52
2026/08/11 00:56:07.137, 0, 92, 21748, 24576, 305.35
2026/08/11 00:56:07.137, 1, 97, 23796, 24576, 316.71
2026/08/11 00:56:07.138, 2, 100, 23594, 24576, 325.86
2026/08/11 00:56:12.138, 0, 92, 21748, 24576, 306.65
2026/08/11 00:56:12.139, 1, 98, 23796, 24576, 315.60
2026/08/11 00:56:12.139, 2, 97, 23594, 24576, 316.87
2026/08/11 00:56:17.140, 0, 83, 23808, 24576, 339.30
2026/08/11 00:56:17.141, 1, 81, 21756, 24576, 318.20
2026/08/11 00:56:17.141, 2, 84, 21394, 24576, 334.80
2026/08/11 00:56:22.142, 0, 100, 23808, 24576, 276.12
2026/08/11 00:56:22.143, 1, 86, 21756, 24576, 318.49
2026/08/11 00:56:22.144, 2, 98, 21394, 24576, 272.39
2026/08/11 00:56:27.144, 0, 100, 13450, 24576, 340.23
2026/08/11 00:56:27.145, 1, 98, 21756, 24576, 299.33
2026/08/11 00:56:27.147, 2, 98, 13022, 24576, 336.32
2026/08/11 00:56:32.147, 0, 100, 23192, 24576, 270.55
2026/08/11 00:56:32.148, 1, 100, 23556, 24576, 306.32
2026/08/11 00:56:32.148, 2, 100, 22698, 24576, 269.95
2026/08/11 00:56:37.149, 0, 94, 22928, 24576, 295.61
2026/08/11 00:56:37.150, 1, 91, 21114, 24576, 309.21
2026/08/11 00:56:37.150, 2, 95, 22752, 24576, 293.33
2026/08/11 00:56:42.151, 0, 89, 22928, 24576, 314.55
2026/08/11 00:56:42.152, 1, 89, 23574, 24576, 314.08
2026/08/11 00:56:42.152, 2, 89, 20572, 24576, 292.55
2026/08/11 00:56:47.153, 0, 82, 22928, 24576, 305.93
2026/08/11 00:56:47.154, 1, 82, 23574, 24576, 326.94
2026/08/11 00:56:47.155, 2, 81, 20572, 24576, 316.40
2026/08/11 00:56:52.155, 0, 83, 22928, 24576, 340.42
2026/08/11 00:56:52.156, 1, 85, 23574, 24576, 315.08
2026/08/11 00:56:52.157, 2, 79, 20572, 24576, 338.17
2026/08/11 00:56:57.158, 0, 100, 22928, 24576, 337.24
2026/08/11 00:56:57.158, 1, 98, 14922, 24576, 280.36
2026/08/11 00:56:57.159, 2, 98, 14002, 24576, 293.93
2026/08/11 00:57:02.160, 0, 98, 22928, 24576, 332.07
2026/08/11 00:57:02.160, 1, 100, 13462, 24576, 309.57
2026/08/11 00:57:02.161, 2, 98, 13998, 24576, 336.00
2026/08/11 00:57:07.162, 0, 100, 23970, 24576, 325.88
2026/08/11 00:57:07.162, 1, 100, 23896, 24576, 330.24
2026/08/11 00:57:07.163, 2, 100, 20674, 24576, 297.18
2026/08/11 00:57:12.164, 0, 100, 23970, 24576, 318.14
2026/08/11 00:57:12.165, 1, 96, 23896, 24576, 310.83
2026/08/11 00:57:12.165, 2, 97, 21794, 24576, 307.74
2026/08/11 00:57:17.166, 0, 89, 23970, 24576, 332.74
2026/08/11 00:57:17.167, 1, 89, 21676, 24576, 306.42
2026/08/11 00:57:17.167, 2, 100, 22754, 24576, 337.11
2026/08/11 00:57:22.168, 0, 82, 23970, 24576, 335.71
2026/08/11 00:57:22.169, 1, 84, 21676, 24576, 312.60
2026/08/11 00:57:22.169, 2, 82, 22754, 24576, 337.76
2026/08/11 00:57:27.170, 0, 83, 23970, 24576, 336.39
2026/08/11 00:57:27.171, 1, 98, 21676, 24576, 278.88
2026/08/11 00:57:27.171, 2, 100, 22754, 24576, 298.77
2026/08/11 00:57:32.172, 0, 98, 18052, 24576, 337.75
2026/08/11 00:57:32.173, 1, 99, 12862, 24576, 312.68
2026/08/11 00:57:32.173, 2, 98, 22754, 24576, 333.62
2026/08/11 00:57:37.174, 0, 95, 23366, 24576, 311.95
2026/08/11 00:57:37.175, 1, 91, 21872, 24576, 313.22
2026/08/11 00:57:37.175, 2, 91, 20552, 24576, 311.00
2026/08/11 00:57:42.176, 0, 89, 23366, 24576, 307.25
2026/08/11 00:57:42.177, 1, 93, 21872, 24576, 307.63
2026/08/11 00:57:42.178, 2, 88, 20552, 24576, 304.60
2026/08/11 00:57:47.179, 0, 94, 23366, 24576, 317.99
2026/08/11 00:57:47.179, 1, 97, 21872, 24576, 305.72
2026/08/11 00:57:47.180, 2, 94, 20552, 24576, 298.42
2026/08/11 00:57:52.181, 0, 80, 23366, 24576, 337.80
2026/08/11 00:57:52.182, 1, 82, 21872, 24576, 323.42
2026/08/11 00:57:52.182, 2, 81, 20552, 24576, 335.07
2026/08/11 00:57:57.183, 0, 100, 23366, 24576, 259.03
2026/08/11 00:57:57.184, 1, 87, 21872, 24576, 320.82
2026/08/11 00:57:57.185, 2, 100, 20552, 24576, 285.87
2026/08/11 00:58:02.186, 0, 98, 18110, 24576, 337.52
2026/08/11 00:58:02.186, 1, 98, 16742, 24576, 292.20
2026/08/11 00:58:02.187, 2, 100, 20552, 24576, 336.59
2026/08/11 00:58:07.188, 0, 87, 20646, 24576, 238.27
2026/08/11 00:58:07.188, 1, 100, 22754, 24576, 323.97
2026/08/11 00:58:07.189, 2, 86, 20450, 24576, 235.95
2026/08/11 00:58:12.190, 0, 91, 20704, 24576, 301.62
2026/08/11 00:58:12.190, 1, 95, 23192, 24576, 310.43
2026/08/11 00:58:12.191, 2, 92, 20512, 24576, 302.41
2026/08/11 00:58:17.192, 0, 92, 20704, 24576, 302.41
2026/08/11 00:58:17.192, 1, 98, 23192, 24576, 308.80
2026/08/11 00:58:17.193, 2, 95, 20512, 24576, 313.29
2026/08/11 00:58:22.194, 0, 0, 22684, 24576, 148.62
2026/08/11 00:58:22.194, 1, 100, 23192, 24576, 185.13
2026/08/11 00:58:22.195, 2, 100, 20512, 24576, 169.18
2026/08/11 00:58:27.195, 0, 81, 22684, 24576, 340.98
2026/08/11 00:58:27.196, 1, 80, 23192, 24576, 335.44
2026/08/11 00:58:27.197, 2, 80, 20512, 24576, 339.48
2026/08/11 00:58:32.198, 0, 76, 22684, 24576, 342.71
2026/08/11 00:58:32.198, 1, 98, 23192, 24576, 196.12
2026/08/11 00:58:32.199, 2, 98, 20512, 24576, 250.46
2026/08/11 00:58:37.200, 0, 100, 13450, 24576, 344.58
2026/08/11 00:58:37.201, 1, 99, 12860, 24576, 334.35
2026/08/11 00:58:37.201, 2, 98, 13022, 24576, 342.61
2026/08/11 00:58:42.202, 0, 100, 23834, 24576, 310.35
2026/08/11 00:58:42.203, 1, 100, 21962, 24576, 286.04
2026/08/11 00:58:42.203, 2, 100, 23100, 24576, 284.20
2026/08/11 00:58:47.204, 0, 94, 23570, 24576, 329.49
2026/08/11 00:58:47.205, 1, 96, 21670, 24576, 312.88
2026/08/11 00:58:47.205, 2, 100, 23154, 24576, 339.10
2026/08/11 00:58:52.206, 0, 100, 23570, 24576, 320.99
2026/08/11 00:58:52.207, 1, 94, 21670, 24576, 285.43
2026/08/11 00:58:52.207, 2, 95, 23154, 24576, 306.33
2026/08/11 00:58:57.208, 0, 80, 23570, 24576, 331.42
2026/08/11 00:58:57.209, 1, 81, 21670, 24576, 334.61
2026/08/11 00:58:57.209, 2, 81, 20954, 24576, 336.80
2026/08/11 00:59:02.210, 0, 85, 23570, 24576, 338.42
2026/08/11 00:59:02.211, 1, 84, 21670, 24576, 329.44
2026/08/11 00:59:02.211, 2, 83, 20954, 24576, 340.18
2026/08/11 00:59:07.212, 0, 98, 13570, 24576, 341.35
2026/08/11 00:59:07.213, 1, 99, 14062, 24576, 325.49
2026/08/11 00:59:07.214, 2, 98, 14062, 24576, 325.07
2026/08/11 00:59:12.214, 0, 98, 13570, 24576, 338.87
2026/08/11 00:59:12.215, 1, 99, 14040, 24576, 314.56
2026/08/11 00:59:12.216, 2, 99, 14058, 24576, 332.50
2026/08/11 00:59:17.217, 0, 95, 21526, 24576, 315.66
2026/08/11 00:59:17.217, 1, 100, 22834, 24576, 330.64
2026/08/11 00:59:17.218, 2, 100, 22814, 24576, 336.98
2026/08/11 00:59:22.219, 0, 100, 21526, 24576, 316.63
2026/08/11 00:59:22.219, 1, 100, 22834, 24576, 328.81
2026/08/11 00:59:22.220, 2, 100, 22814, 24576, 340.94
2026/08/11 00:59:27.221, 0, 79, 21526, 24576, 329.70
2026/08/11 00:59:27.221, 1, 81, 22834, 24576, 333.81
2026/08/11 00:59:27.222, 2, 80, 22814, 24576, 332.51
2026/08/11 00:59:32.222, 0, 57, 21526, 24576, 328.91
2026/08/11 00:59:32.227, 1, 84, 22834, 24576, 318.11
2026/08/11 00:59:32.227, 2, 81, 22814, 24576, 314.37
2026/08/11 00:59:37.228, 0, 100, 21526, 24576, 338.63
2026/08/11 00:59:37.229, 1, 100, 13042, 24576, 298.67
2026/08/11 00:59:37.229, 2, 94, 14122, 24576, 291.59
2026/08/11 00:59:42.230, 0, 100, 21526, 24576, 338.47
2026/08/11 00:59:42.230, 1, 98, 13042, 24576, 304.59
2026/08/11 00:59:42.231, 2, 98, 13022, 24576, 325.76
2026/08/11 00:59:47.232, 0, 81, 24012, 24576, 337.82
2026/08/11 00:59:47.232, 1, 100, 21514, 24576, 311.58
2026/08/11 00:59:47.233, 2, 100, 23334, 24576, 308.10
2026/08/11 00:59:52.234, 0, 99, 24012, 24576, 336.02
2026/08/11 00:59:52.234, 1, 93, 21514, 24576, 297.14
2026/08/11 00:59:52.235, 2, 96, 23334, 24576, 288.31
2026/08/11 00:59:57.236, 0, 80, 22172, 24576, 328.57
2026/08/11 00:59:57.237, 1, 90, 22254, 24576, 327.87
2026/08/11 00:59:57.237, 2, 89, 23334, 24576, 324.19
2026/08/11 01:00:02.238, 0, 83, 22172, 24576, 336.42
2026/08/11 01:00:02.239, 1, 84, 21514, 24576, 325.97
2026/08/11 01:00:02.239, 2, 82, 23334, 24576, 302.28
2026/08/11 01:00:07.240, 0, 100, 22172, 24576, 261.45
2026/08/11 01:00:07.241, 1, 100, 21514, 24576, 279.91
2026/08/11 01:00:07.241, 2, 84, 23334, 24576, 339.91
2026/08/11 01:00:12.242, 0, 98, 19930, 24576, 337.34
2026/08/11 01:00:12.243, 1, 98, 17702, 24576, 312.13
2026/08/11 01:00:12.243, 2, 98, 15358, 24576, 288.99
2026/08/11 01:00:17.247, 0, 87, 23086, 24576, 306.70
2026/08/11 01:00:17.248, 1, 86, 22192, 24576, 306.15
2026/08/11 01:00:17.248, 2, 100, 21050, 24576, 310.80
2026/08/11 01:00:22.249, 0, 97, 22366, 24576, 320.38
2026/08/11 01:00:22.250, 1, 89, 23052, 24576, 325.15
2026/08/11 01:00:22.251, 2, 94, 22810, 24576, 311.57
2026/08/11 01:00:27.251, 0, 97, 22106, 24576, 316.58
2026/08/11 01:00:27.252, 1, 89, 22892, 24576, 320.91
2026/08/11 01:00:27.253, 2, 92, 22590, 24576, 307.31
2026/08/11 01:00:32.254, 0, 81, 23086, 24576, 336.99
2026/08/11 01:00:32.254, 1, 85, 22192, 24576, 323.50
2026/08/11 01:00:32.255, 2, 81, 20730, 24576, 338.57
2026/08/11 01:00:37.255, 0, 84, 23086, 24576, 320.50
2026/08/11 01:00:37.256, 1, 83, 22192, 24576, 336.81
2026/08/11 01:00:37.256, 2, 84, 20730, 24576, 341.32
2026/08/11 01:00:42.258, 0, 98, 13330, 24576, 337.47
2026/08/11 01:00:42.258, 1, 98, 13922, 24576, 297.70
2026/08/11 01:00:42.259, 2, 98, 13942, 24576, 336.83
2026/08/11 01:00:47.259, 0, 93, 22426, 24576, 233.99
2026/08/11 01:00:47.260, 1, 100, 20344, 24576, 252.94
2026/08/11 01:00:47.261, 2, 81, 21508, 24576, 247.47
2026/08/11 01:00:52.262, 0, 96, 22806, 24576, 296.73
2026/08/11 01:00:52.262, 1, 88, 22152, 24576, 309.28
2026/08/11 01:00:52.265, 2, 88, 21574, 24576, 309.27
2026/08/11 01:00:57.266, 0, 97, 22806, 24576, 297.61
2026/08/11 01:00:57.267, 1, 87, 22152, 24576, 309.14
2026/08/11 01:00:57.267, 2, 87, 21574, 24576, 310.39
2026/08/11 01:01:02.268, 0, 82, 20886, 24576, 336.05
2026/08/11 01:01:02.269, 1, 83, 22152, 24576, 333.23
2026/08/11 01:01:02.269, 2, 82, 21574, 24576, 337.93
2026/08/11 01:01:07.270, 0, 80, 20886, 24576, 338.98
2026/08/11 01:01:07.271, 1, 83, 22152, 24576, 320.70
2026/08/11 01:01:07.272, 2, 81, 21574, 24576, 330.35
2026/08/11 01:01:12.273, 0, 100, 20886, 24576, 340.38
2026/08/11 01:01:12.273, 1, 98, 12802, 24576, 327.46
2026/08/11 01:01:12.274, 2, 98, 21574, 24576, 315.15
2026/08/11 01:01:17.275, 0, 100, 20886, 24576, 180.14
2026/08/11 01:01:17.275, 1, 100, 12802, 24576, 224.11
2026/08/11 01:01:17.276, 2, 99, 21574, 24576, 321.33
2026/08/11 01:01:22.277, 0, 96, 22986, 24576, 308.78
2026/08/11 01:01:22.278, 1, 90, 20430, 24576, 300.91
2026/08/11 01:01:22.278, 2, 93, 21496, 24576, 331.34
2026/08/11 01:01:27.279, 0, 96, 22986, 24576, 309.03
2026/08/11 01:01:27.280, 1, 92, 20430, 24576, 300.21
2026/08/11 01:01:27.280, 2, 95, 21496, 24576, 321.51
2026/08/11 01:01:32.281, 0, 83, 22986, 24576, 291.38
2026/08/11 01:01:32.282, 1, 84, 20430, 24576, 306.06
2026/08/11 01:01:32.282, 2, 81, 21496, 24576, 295.91
2026/08/11 01:01:37.283, 0, 83, 22986, 24576, 340.76
2026/08/11 01:01:37.284, 1, 85, 20430, 24576, 321.52
2026/08/11 01:01:37.285, 2, 83, 21496, 24576, 331.92
2026/08/11 01:01:42.285, 0, 98, 13410, 24576, 301.62
2026/08/11 01:01:42.286, 1, 98, 13002, 24576, 292.73
2026/08/11 01:01:42.287, 2, 89, 14046, 24576, 278.86
2026/08/11 01:01:47.288, 0, 98, 13790, 24576, 339.43
2026/08/11 01:01:47.288, 1, 98, 13002, 24576, 313.50
2026/08/11 01:01:47.289, 2, 86, 17302, 24576, 305.50
2026/08/11 01:01:52.290, 0, 100, 23526, 24576, 323.31
2026/08/11 01:01:52.290, 1, 96, 23034, 24576, 339.10
2026/08/11 01:01:52.291, 2, 100, 23776, 24576, 329.73
2026/08/11 01:01:57.292, 0, 82, 23526, 24576, 323.67
2026/08/11 01:01:57.292, 1, 89, 23034, 24576, 340.01
2026/08/11 01:01:57.293, 2, 88, 23776, 24576, 335.42
2026/08/11 01:02:02.294, 0, 100, 23526, 24576, 314.05
2026/08/11 01:02:02.294, 1, 96, 23154, 24576, 326.62
2026/08/11 01:02:02.295, 2, 100, 23776, 24576, 323.60
2026/08/11 01:02:07.295, 0, 86, 23526, 24576, 338.96
2026/08/11 01:02:07.296, 1, 86, 20854, 24576, 324.00
2026/08/11 01:02:07.297, 2, 84, 23776, 24576, 337.51
2026/08/11 01:02:12.297, 0, 98, 23526, 24576, 338.20
2026/08/11 01:02:12.298, 1, 98, 20854, 24576, 324.05
2026/08/11 01:02:12.299, 2, 98, 23776, 24576, 323.42
2026/08/11 01:02:17.300, 0, 98, 13490, 24576, 339.65
2026/08/11 01:02:17.300, 1, 100, 13322, 24576, 307.59
2026/08/11 01:02:17.301, 2, 98, 23822, 24576, 335.98
2026/08/11 01:02:22.302, 0, 97, 23928, 24576, 317.50
2026/08/11 01:02:22.302, 1, 97, 22872, 24576, 312.70
2026/08/11 01:02:22.303, 2, 90, 20990, 24576, 302.17
2026/08/11 01:02:27.304, 0, 100, 23928, 24576, 346.15
2026/08/11 01:02:27.305, 1, 100, 22872, 24576, 328.92
2026/08/11 01:02:27.305, 2, 96, 20990, 24576, 319.19
2026/08/11 01:02:32.306, 0, 90, 23928, 24576, 341.45
2026/08/11 01:02:32.307, 1, 85, 22872, 24576, 321.48
2026/08/11 01:02:32.307, 2, 100, 20990, 24576, 319.97
2026/08/11 01:02:37.308, 0, 84, 21808, 24576, 338.46
2026/08/11 01:02:37.309, 1, 83, 22872, 24576, 323.71
2026/08/11 01:02:37.310, 2, 84, 20990, 24576, 337.39
2026/08/11 01:02:42.310, 0, 97, 21808, 24576, 341.21
2026/08/11 01:02:42.311, 1, 98, 22872, 24576, 334.30
2026/08/11 01:02:42.312, 2, 98, 21110, 24576, 338.12
2026/08/11 01:02:47.312, 0, 100, 13570, 24576, 340.04
2026/08/11 01:02:47.313, 1, 98, 12738, 24576, 313.09
2026/08/11 01:02:47.313, 2, 98, 21622, 24576, 330.57
2026/08/11 01:02:52.314, 0, 87, 23888, 24576, 340.75
2026/08/11 01:02:52.315, 1, 89, 21210, 24576, 319.38
2026/08/11 01:02:52.315, 2, 89, 21334, 24576, 311.96
2026/08/11 01:02:57.316, 0, 100, 23208, 24576, 327.52
2026/08/11 01:02:57.317, 1, 100, 23670, 24576, 302.72
2026/08/11 01:02:57.317, 2, 89, 23074, 24576, 313.49
2026/08/11 01:03:02.318, 0, 100, 21688, 24576, 320.99
2026/08/11 01:03:02.319, 1, 95, 20150, 24576, 297.89
2026/08/11 01:03:02.320, 2, 98, 23074, 24576, 312.69
2026/08/11 01:03:07.320, 0, 83, 21688, 24576, 337.18
2026/08/11 01:03:07.321, 1, 82, 20890, 24576, 319.16
2026/08/11 01:03:07.322, 2, 83, 23074, 24576, 335.87
2026/08/11 01:03:12.323, 0, 98, 21688, 24576, 317.66
2026/08/11 01:03:12.323, 1, 100, 20890, 24576, 313.52
2026/08/11 01:03:12.324, 2, 98, 23074, 24576, 318.89
2026/08/11 01:03:17.324, 0, 99, 13430, 24576, 338.18
2026/08/11 01:03:17.325, 1, 98, 13062, 24576, 304.75
2026/08/11 01:03:17.325, 2, 98, 23074, 24576, 333.77
2026/08/11 01:03:22.326, 0, 100, 22698, 24576, 282.31
2026/08/11 01:03:22.327, 1, 100, 23554, 24576, 306.75
2026/08/11 01:03:22.327, 2, 100, 21938, 24576, 270.48
2026/08/11 01:03:27.329, 0, 95, 22704, 24576, 316.31
2026/08/11 01:03:27.329, 1, 100, 23956, 24576, 328.78
2026/08/11 01:03:27.330, 2, 91, 21992, 24576, 300.71
2026/08/11 01:03:32.330, 0, 100, 22704, 24576, 289.77
2026/08/11 01:03:32.331, 1, 97, 23956, 24576, 321.99
2026/08/11 01:03:32.332, 2, 95, 21992, 24576, 291.06
2026/08/11 01:03:37.333, 0, 82, 20644, 24576, 331.05
2026/08/11 01:03:37.333, 1, 83, 21736, 24576, 323.94
2026/08/11 01:03:37.334, 2, 81, 21992, 24576, 332.51
2026/08/11 01:03:42.335, 0, 82, 20644, 24576, 335.23
2026/08/11 01:03:42.335, 1, 85, 21736, 24576, 310.30
2026/08/11 01:03:42.336, 2, 82, 21992, 24576, 339.81
2026/08/11 01:03:47.337, 0, 98, 13772, 24576, 340.88
2026/08/11 01:03:47.337, 1, 98, 12982, 24576, 320.51
2026/08/11 01:03:47.338, 2, 100, 13062, 24576, 309.64
2026/08/11 01:03:52.339, 0, 100, 13772, 24576, 233.00
2026/08/11 01:03:52.340, 1, 99, 12982, 24576, 309.11
2026/08/11 01:03:52.340, 2, 100, 13062, 24576, 336.94
2026/08/11 01:03:57.341, 0, 88, 22864, 24576, 302.97
2026/08/11 01:03:57.344, 1, 100, 22934, 24576, 320.67
2026/08/11 01:03:57.345, 2, 100, 23216, 24576, 329.44
2026/08/11 01:04:02.345, 0, 95, 22864, 24576, 296.02
2026/08/11 01:04:02.346, 1, 98, 22934, 24576, 310.69
2026/08/11 01:04:02.347, 2, 100, 23216, 24576, 321.44
2026/08/11 01:04:07.347, 0, 90, 22864, 24576, 305.34
2026/08/11 01:04:07.349, 1, 100, 22934, 24576, 313.41
2026/08/11 01:04:07.350, 2, 100, 23216, 24576, 330.98
2026/08/11 01:04:12.352, 0, 83, 22864, 24576, 339.21
2026/08/11 01:04:12.353, 1, 84, 22934, 24576, 322.68
2026/08/11 01:04:12.354, 2, 83, 23216, 24576, 230.51
2026/08/11 01:04:17.354, 0, 100, 22864, 24576, 177.87
2026/08/11 01:04:17.355, 1, 100, 22934, 24576, 190.01
2026/08/11 01:04:17.356, 2, 71, 23216, 24576, 333.68
2026/08/11 01:04:22.356, 0, 98, 13790, 24576, 303.65
2026/08/11 01:04:22.357, 1, 100, 17842, 24576, 320.33
2026/08/11 01:04:22.358, 2, 100, 13002, 24576, 315.42
2026/08/11 01:04:27.359, 0, 97, 23728, 24576, 333.98
2026/08/11 01:04:27.359, 1, 95, 21810, 24576, 317.84
2026/08/11 01:04:27.360, 2, 94, 20694, 24576, 314.75
2026/08/11 01:04:32.361, 0, 97, 23728, 24576, 332.63
2026/08/11 01:04:32.365, 1, 100, 21810, 24576, 323.81
2026/08/11 01:04:32.372, 2, 87, 20694, 24576, 310.15
2026/08/11 01:04:37.372, 0, 98, 23728, 24576, 320.77
2026/08/11 01:04:37.373, 1, 90, 20890, 24576, 313.90
2026/08/11 01:04:37.374, 2, 96, 22874, 24576, 309.63
2026/08/11 01:04:42.375, 0, 82, 23728, 24576, 340.11
2026/08/11 01:04:42.376, 1, 84, 21810, 24576, 321.96
2026/08/11 01:04:42.376, 2, 82, 20694, 24576, 337.54
2026/08/11 01:04:47.377, 0, 97, 23728, 24576, 303.76
2026/08/11 01:04:47.378, 1, 100, 21810, 24576, 247.13
2026/08/11 01:04:47.378, 2, 86, 20694, 24576, 325.21
2026/08/11 01:04:52.379, 0, 98, 23728, 24576, 309.68
2026/08/11 01:04:52.380, 1, 98, 19442, 24576, 318.01
2026/08/11 01:04:52.381, 2, 98, 20694, 24576, 319.03
2026/08/11 01:04:57.381, 0, 84, 23728, 24576, 315.94
2026/08/11 01:04:57.382, 1, 100, 23042, 24576, 292.68
2026/08/11 01:04:57.383, 2, 89, 23454, 24576, 313.47
2026/08/11 01:05:02.384, 0, 100, 23730, 24576, 321.90
2026/08/11 01:05:02.384, 1, 97, 24034, 24576, 306.96
2026/08/11 01:05:02.389, 2, 100, 24216, 24576, 327.32
2026/08/11 01:05:07.390, 0, 88, 23730, 24576, 329.71
2026/08/11 01:05:07.391, 1, 89, 23054, 24576, 320.98
2026/08/11 01:05:07.391, 2, 100, 23116, 24576, 331.00
2026/08/11 01:05:12.392, 0, 79, 23730, 24576, 320.08
2026/08/11 01:05:12.393, 1, 83, 23054, 24576, 326.33
2026/08/11 01:05:12.393, 2, 82, 23116, 24576, 327.36
2026/08/11 01:05:17.394, 0, 80, 23730, 24576, 338.52
2026/08/11 01:05:17.395, 1, 80, 23054, 24576, 321.49
2026/08/11 01:05:17.395, 2, 82, 23116, 24576, 337.43
2026/08/11 01:05:22.396, 0, 98, 23730, 24576, 338.75
2026/08/11 01:05:22.397, 1, 99, 12862, 24576, 307.75
2026/08/11 01:05:22.397, 2, 100, 12942, 24576, 312.31
2026/08/11 01:05:27.398, 0, 100, 23730, 24576, 181.98
2026/08/11 01:05:27.399, 1, 59, 12862, 24576, 303.35
2026/08/11 01:05:27.399, 2, 67, 13322, 24576, 288.04
2026/08/11 01:05:32.400, 0, 97, 23730, 24576, 307.17
2026/08/11 01:05:32.401, 1, 96, 22452, 24576, 316.00
2026/08/11 01:05:32.401, 2, 97, 22872, 24576, 325.68
2026/08/11 01:05:37.402, 0, 100, 23730, 24576, 310.07
2026/08/11 01:05:37.402, 1, 97, 22892, 24576, 324.62
2026/08/11 01:05:37.403, 2, 100, 22872, 24576, 323.44
2026/08/11 01:05:42.404, 0, 82, 23730, 24576, 337.19
2026/08/11 01:05:42.404, 1, 83, 20452, 24576, 334.18
2026/08/11 01:05:42.405, 2, 83, 22872, 24576, 336.40
2026/08/11 01:05:47.406, 0, 81, 23730, 24576, 339.23
2026/08/11 01:05:47.407, 1, 84, 20452, 24576, 319.83
2026/08/11 01:05:47.407, 2, 79, 22872, 24576, 326.39
2026/08/11 01:05:52.408, 0, 90, 13470, 24576, 303.55
2026/08/11 01:05:52.409, 1, 100, 13042, 24576, 325.11
2026/08/11 01:05:52.409, 2, 97, 13042, 24576, 332.51
2026/08/11 01:05:57.410, 0, 95, 23566, 24576, 273.65
2026/08/11 01:05:57.411, 1, 93, 23132, 24576, 299.70
2026/08/11 01:05:57.411, 2, 93, 23192, 24576, 303.57
2026/08/11 01:06:02.412, 0, 95, 23208, 24576, 322.01
2026/08/11 01:06:02.413, 1, 100, 23554, 24576, 323.77
2026/08/11 01:06:02.413, 2, 100, 23594, 24576, 328.92
2026/08/11 01:06:07.414, 0, 100, 23208, 24576, 327.18
2026/08/11 01:06:07.415, 1, 100, 23554, 24576, 335.99
2026/08/11 01:06:07.415, 2, 100, 23594, 24576, 340.00
2026/08/11 01:06:12.416, 0, 84, 23208, 24576, 336.98
2026/08/11 01:06:12.417, 1, 79, 21334, 24576, 319.32
2026/08/11 01:06:12.417, 2, 83, 21394, 24576, 337.10
2026/08/11 01:06:17.418, 0, 84, 23208, 24576, 341.38
2026/08/11 01:06:17.419, 1, 83, 21334, 24576, 318.16
2026/08/11 01:06:17.419, 2, 83, 21394, 24576, 327.42
2026/08/11 01:06:22.420, 0, 88, 14450, 24576, 299.66
2026/08/11 01:06:22.420, 1, 98, 14262, 24576, 311.98
2026/08/11 01:06:22.421, 2, 98, 13922, 24576, 328.90
2026/08/11 01:06:27.422, 0, 100, 13430, 24576, 219.96
2026/08/11 01:06:27.422, 1, 100, 13916, 24576, 194.95
2026/08/11 01:06:27.423, 2, 100, 23198, 24576, 332.46
2026/08/11 01:06:32.424, 0, 97, 23386, 24576, 309.08
2026/08/11 01:06:32.424, 1, 89, 21812, 24576, 285.35
2026/08/11 01:06:32.425, 2, 92, 23536, 24576, 312.66
2026/08/11 01:06:37.426, 0, 88, 23386, 24576, 311.97
2026/08/11 01:06:37.426, 1, 89, 21812, 24576, 308.99
2026/08/11 01:06:37.427, 2, 88, 23536, 24576, 324.22
2026/08/11 01:06:42.427, 0, 100, 23386, 24576, 316.68
2026/08/11 01:06:42.428, 1, 100, 21812, 24576, 310.27
2026/08/11 01:06:42.428, 2, 99, 23536, 24576, 329.06
2026/08/11 01:06:47.429, 0, 84, 23386, 24576, 338.11
2026/08/11 01:06:47.430, 1, 81, 21812, 24576, 334.46
2026/08/11 01:06:47.431, 2, 82, 23536, 24576, 331.83
2026/08/11 01:06:52.431, 0, 98, 23386, 24576, 341.07
2026/08/11 01:06:52.432, 1, 98, 21812, 24576, 319.72
2026/08/11 01:06:52.433, 2, 97, 23536, 24576, 339.15
2026/08/11 01:06:57.433, 0, 98, 23386, 24576, 339.87
2026/08/11 01:06:57.434, 1, 98, 18322, 24576, 331.55
2026/08/11 01:06:57.434, 2, 98, 23536, 24576, 316.68
2026/08/11 01:07:02.435, 0, 96, 23386, 24576, 259.87
2026/08/11 01:07:02.436, 1, 96, 23074, 24576, 309.57
2026/08/11 01:07:02.436, 2, 91, 23152, 24576, 242.26
2026/08/11 01:07:07.437, 0, 100, 23386, 24576, 290.84
2026/08/11 01:07:07.438, 1, 100, 23476, 24576, 328.36
2026/08/11 01:07:07.438, 2, 100, 23494, 24576, 303.49
2026/08/11 01:07:12.439, 0, 97, 23386, 24576, 311.47
2026/08/11 01:07:12.440, 1, 100, 23136, 24576, 317.08
2026/08/11 01:07:12.441, 2, 100, 23214, 24576, 313.41
2026/08/11 01:07:17.441, 0, 80, 23386, 24576, 308.56
2026/08/11 01:07:17.442, 1, 83, 23136, 24576, 326.79
2026/08/11 01:07:17.443, 2, 82, 23214, 24576, 327.61
2026/08/11 01:07:22.444, 0, 85, 23386, 24576, 340.53
2026/08/11 01:07:22.444, 1, 85, 23136, 24576, 325.28
2026/08/11 01:07:22.445, 2, 83, 23214, 24576, 334.00
2026/08/11 01:07:27.446, 0, 98, 13530, 24576, 314.10
2026/08/11 01:07:27.446, 1, 98, 23136, 24576, 320.38
2026/08/11 01:07:27.447, 2, 98, 13982, 24576, 295.08
2026/08/11 01:07:32.448, 0, 98, 13530, 24576, 341.21
2026/08/11 01:07:32.448, 1, 100, 23136, 24576, 314.20
2026/08/11 01:07:32.449, 2, 98, 13978, 24576, 337.23
2026/08/11 01:07:37.450, 0, 86, 23728, 24576, 327.69
2026/08/11 01:07:37.450, 1, 100, 24178, 24576, 327.69
2026/08/11 01:07:37.451, 2, 100, 20854, 24576, 297.23
2026/08/11 01:07:42.452, 0, 96, 23728, 24576, 317.13
2026/08/11 01:07:42.452, 1, 94, 24178, 24576, 331.95
2026/08/11 01:07:42.453, 2, 89, 20854, 24576, 298.00
2026/08/11 01:07:47.454, 0, 88, 21548, 24576, 299.99
2026/08/11 01:07:47.454, 1, 89, 24178, 24576, 325.32
2026/08/11 01:07:47.455, 2, 89, 22914, 24576, 323.10
2026/08/11 01:07:52.456, 0, 83, 21548, 24576, 336.84
2026/08/11 01:07:52.456, 1, 83, 24178, 24576, 316.36
2026/08/11 01:07:52.457, 2, 81, 22914, 24576, 334.05
2026/08/11 01:07:57.459, 0, 36, 21548, 24576, 213.04
2026/08/11 01:07:57.460, 1, 81, 24178, 24576, 290.58
2026/08/11 01:07:57.460, 2, 79, 22914, 24576, 314.00
2026/08/11 01:08:02.461, 0, 98, 13590, 24576, 341.17
2026/08/11 01:08:02.462, 1, 98, 14022, 24576, 333.27
2026/08/11 01:08:02.462, 2, 98, 21268, 24576, 340.44
2026/08/11 01:08:07.463, 0, 100, 13590, 24576, 340.49
2026/08/11 01:08:07.467, 1, 70, 13998, 24576, 280.96
2026/08/11 01:08:07.467, 2, 98, 13344, 24576, 339.56
2026/08/11 01:08:12.468, 0, 92, 24110, 24576, 333.07
2026/08/11 01:08:12.468, 1, 95, 21434, 24576, 298.40
2026/08/11 01:08:12.469, 2, 100, 23938, 24576, 322.98
2026/08/11 01:08:17.470, 0, 98, 24110, 24576, 339.00
2026/08/11 01:08:17.471, 1, 89, 22154, 24576, 321.62
2026/08/11 01:08:17.471, 2, 89, 23938, 24576, 331.64
2026/08/11 01:08:22.472, 0, 100, 24110, 24576, 339.88
2026/08/11 01:08:22.473, 1, 100, 21434, 24576, 320.69
2026/08/11 01:08:22.473, 2, 100, 23938, 24576, 333.39
2026/08/11 01:08:27.474, 0, 83, 24110, 24576, 339.24
2026/08/11 01:08:27.475, 1, 83, 21434, 24576, 334.07
2026/08/11 01:08:27.475, 2, 81, 23938, 24576, 334.98
2026/08/11 01:08:32.476, 0, 98, 24110, 24576, 338.54
2026/08/11 01:08:32.477, 1, 98, 22854, 24576, 337.42
2026/08/11 01:08:32.478, 2, 98, 23938, 24576, 334.20
2026/08/11 01:08:37.478, 0, 98, 14450, 24576, 301.43
2026/08/11 01:08:37.479, 1, 91, 13976, 24576, 286.58
2026/08/11 01:08:37.480, 2, 92, 13978, 24576, 287.04
2026/08/11 01:08:42.481, 0, 85, 22746, 24576, 339.82
2026/08/11 01:08:42.481, 1, 100, 21952, 24576, 315.84
2026/08/11 01:08:42.482, 2, 100, 21770, 24576, 320.62
2026/08/11 01:08:47.483, 0, 100, 23346, 24576, 326.59
2026/08/11 01:08:47.483, 1, 89, 22292, 24576, 324.17
2026/08/11 01:08:47.484, 2, 97, 22110, 24576, 318.70
2026/08/11 01:08:52.487, 0, 24, 22746, 24576, 273.81
2026/08/11 01:08:52.487, 1, 22, 21952, 24576, 280.87
2026/08/11 01:08:52.488, 2, 34, 21770, 24576, 269.01
2026/08/11 01:08:57.488, 0, 85, 22746, 24576, 338.68
2026/08/11 01:08:57.489, 1, 82, 21952, 24576, 323.67
2026/08/11 01:08:57.490, 2, 81, 21770, 24576, 338.42
2026/08/11 01:09:02.491, 0, 99, 13470, 24576, 300.75
2026/08/11 01:09:02.491, 1, 98, 21952, 24576, 310.79
2026/08/11 01:09:02.492, 2, 97, 14562, 24576, 286.03
2026/08/11 01:09:07.493, 0, 98, 13470, 24576, 338.58
2026/08/11 01:09:07.493, 1, 100, 21952, 24576, 304.64
2026/08/11 01:09:07.494, 2, 98, 13198, 24576, 323.02
2026/08/11 01:09:12.494, 0, 100, 24248, 24576, 328.73
2026/08/11 01:09:12.495, 1, 89, 22752, 24576, 308.31
2026/08/11 01:09:12.496, 2, 100, 22532, 24576, 304.85
2026/08/11 01:09:17.497, 0, 91, 21128, 24576, 314.30
2026/08/11 01:09:17.497, 1, 97, 22752, 24576, 311.80
2026/08/11 01:09:17.498, 2, 97, 22532, 24576, 305.05
2026/08/11 01:09:22.499, 0, 81, 21128, 24576, 325.30
2026/08/11 01:09:22.499, 1, 0, 22752, 24576, 253.61
2026/08/11 01:09:22.500, 2, 78, 22532, 24576, 323.80
2026/08/11 01:09:27.501, 0, 84, 21128, 24576, 338.20
2026/08/11 01:09:27.502, 1, 84, 22752, 24576, 322.27
2026/08/11 01:09:27.502, 2, 85, 22532, 24576, 337.24
2026/08/11 01:09:32.503, 0, 98, 13570, 24576, 313.82
2026/08/11 01:09:32.503, 1, 98, 13920, 24576, 295.32
2026/08/11 01:09:32.505, 2, 98, 12962, 24576, 315.45
2026/08/11 01:09:37.506, 0, 98, 13570, 24576, 338.08
2026/08/11 01:09:37.507, 1, 99, 24216, 24576, 306.94
2026/08/11 01:09:37.507, 2, 64, 12962, 24576, 306.90
2026/08/11 01:09:42.508, 0, 94, 22188, 24576, 326.46
2026/08/11 01:09:42.509, 1, 98, 22450, 24576, 299.13
2026/08/11 01:09:42.509, 2, 93, 19892, 24576, 313.37
2026/08/11 01:09:47.510, 0, 88, 22188, 24576, 316.10
2026/08/11 01:09:47.511, 1, 100, 22450, 24576, 319.01
2026/08/11 01:09:47.511, 2, 89, 20672, 24576, 306.09
2026/08/11 01:09:52.512, 0, 81, 22188, 24576, 319.41
2026/08/11 01:09:52.513, 1, 83, 22450, 24576, 331.10
2026/08/11 01:09:52.513, 2, 79, 20672, 24576, 321.01
2026/08/11 01:09:57.514, 0, 82, 22188, 24576, 338.65
2026/08/11 01:09:57.515, 1, 83, 22450, 24576, 322.73
2026/08/11 01:09:57.515, 2, 83, 20672, 24576, 337.68
2026/08/11 01:10:02.516, 0, 98, 18970, 24576, 299.83
2026/08/11 01:10:02.517, 1, 98, 14082, 24576, 292.07
2026/08/11 01:10:02.517, 2, 98, 20672, 24576, 323.46
2026/08/11 01:10:07.518, 0, 99, 23750, 24576, 338.32
2026/08/11 01:10:07.519, 1, 100, 13316, 24576, 284.12
2026/08/11 01:10:07.519, 2, 98, 20672, 24576, 319.14
2026/08/11 01:10:12.520, 0, 100, 22266, 24576, 323.33
2026/08/11 01:10:12.521, 1, 97, 23776, 24576, 316.15
2026/08/11 01:10:12.521, 2, 100, 22814, 24576, 328.05
2026/08/11 01:10:17.522, 0, 89, 22926, 24576, 305.10
2026/08/11 01:10:17.523, 1, 98, 23776, 24576, 304.92
2026/08/11 01:10:17.523, 2, 85, 20994, 24576, 311.39
2026/08/11 01:10:22.524, 0, 83, 22926, 24576, 310.34
2026/08/11 01:10:22.525, 1, 100, 23776, 24576, 322.38
2026/08/11 01:10:22.526, 2, 86, 20994, 24576, 311.73
2026/08/11 01:10:27.526, 0, 82, 22926, 24576, 338.93
2026/08/11 01:10:27.527, 1, 83, 23776, 24576, 312.89
2026/08/11 01:10:27.528, 2, 82, 20994, 24576, 338.38
2026/08/11 01:10:32.528, 0, 98, 23346, 24576, 338.85
2026/08/11 01:10:32.529, 1, 98, 23776, 24576, 312.39
2026/08/11 01:10:32.529, 2, 98, 23634, 24576, 337.54
2026/08/11 01:10:37.530, 0, 98, 13430, 24576, 340.73
2026/08/11 01:10:37.531, 1, 98, 24202, 24576, 309.87
2026/08/11 01:10:37.531, 2, 98, 13042, 24576, 327.66
2026/08/11 01:10:42.532, 0, 100, 22948, 24576, 328.65
2026/08/11 01:10:42.533, 1, 100, 23414, 24576, 322.52
2026/08/11 01:10:42.533, 2, 100, 22934, 24576, 342.65
2026/08/11 01:10:47.534, 0, 100, 22948, 24576, 325.39
2026/08/11 01:10:47.535, 1, 100, 23414, 24576, 326.03
2026/08/11 01:10:47.535, 2, 88, 22934, 24576, 339.08
2026/08/11 01:10:52.536, 0, 100, 22948, 24576, 324.68
2026/08/11 01:10:52.537, 1, 100, 23414, 24576, 313.86
2026/08/11 01:10:52.538, 2, 87, 22934, 24576, 339.67
2026/08/11 01:10:57.538, 0, 82, 22948, 24576, 336.68
2026/08/11 01:10:57.539, 1, 84, 23414, 24576, 314.54
2026/08/11 01:10:57.540, 2, 83, 20714, 24576, 336.55
2026/08/11 01:11:02.540, 0, 100, 22948, 24576, 341.17
2026/08/11 01:11:02.541, 1, 98, 23414, 24576, 231.04
2026/08/11 01:11:02.541, 2, 98, 20714, 24576, 226.56
2026/08/11 01:11:07.543, 0, 98, 13930, 24576, 340.24
2026/08/11 01:11:07.543, 1, 100, 21162, 24576, 312.90
2026/08/11 01:11:07.544, 2, 98, 20198, 24576, 339.76
2026/08/11 01:11:12.544, 0, 75, 23444, 24576, 321.99
2026/08/11 01:11:12.545, 1, 100, 22044, 24576, 220.36
2026/08/11 01:11:12.546, 2, 69, 20500, 24576, 209.26
2026/08/11 01:11:17.546, 0, 91, 22832, 24576, 333.94
2026/08/11 01:11:17.547, 1, 91, 22092, 24576, 298.20
2026/08/11 01:11:17.547, 2, 85, 19628, 24576, 283.80
2026/08/11 01:11:22.548, 0, 100, 23212, 24576, 333.84
2026/08/11 01:11:22.549, 1, 100, 22092, 24576, 306.37
2026/08/11 01:11:22.550, 2, 100, 19628, 24576, 285.35
2026/08/11 01:11:27.550, 0, 90, 22832, 24576, 312.86
2026/08/11 01:11:27.551, 1, 59, 22092, 24576, 286.11
2026/08/11 01:11:27.551, 2, 75, 19628, 24576, 247.51
2026/08/11 01:11:32.553, 0, 83, 22832, 24576, 339.18
2026/08/11 01:11:32.553, 1, 84, 22092, 24576, 336.28
2026/08/11 01:11:32.554, 2, 81, 19628, 24576, 338.91
2026/08/11 01:11:37.555, 0, 97, 23552, 24576, 340.42
2026/08/11 01:11:37.555, 1, 98, 23612, 24576, 335.41
2026/08/11 01:11:37.556, 2, 98, 23268, 24576, 340.33
2026/08/11 01:11:42.557, 0, 98, 13850, 24576, 337.49
2026/08/11 01:11:42.558, 1, 93, 15242, 24576, 310.28
2026/08/11 01:11:42.558, 2, 98, 13002, 24576, 338.42
2026/08/11 01:11:47.559, 0, 90, 23288, 24576, 313.32
2026/08/11 01:11:47.559, 1, 91, 20452, 24576, 311.02
2026/08/11 01:11:47.560, 2, 93, 23194, 24576, 326.03
2026/08/11 01:11:52.561, 0, 88, 23288, 24576, 316.97
2026/08/11 01:11:52.561, 1, 93, 20452, 24576, 310.28
2026/08/11 01:11:52.562, 2, 100, 23194, 24576, 334.26
2026/08/11 01:11:57.563, 0, 95, 23288, 24576, 321.46
2026/08/11 01:11:57.563, 1, 96, 20452, 24576, 311.38
2026/08/11 01:11:57.563, 2, 100, 23194, 24576, 335.98
2026/08/11 01:12:02.564, 0, 85, 23288, 24576, 337.49
2026/08/11 01:12:02.565, 1, 85, 22672, 24576, 322.57
2026/08/11 01:12:02.566, 2, 81, 21014, 24576, 338.96
2026/08/11 01:12:07.567, 0, 100, 23288, 24576, 292.27
2026/08/11 01:12:07.568, 1, 100, 22672, 24576, 313.32
2026/08/11 01:12:07.568, 2, 98, 21014, 24576, 323.29
2026/08/11 01:12:12.569, 0, 100, 13270, 24576, 340.02
2026/08/11 01:12:12.570, 1, 98, 22672, 24576, 312.61
2026/08/11 01:12:12.570, 2, 98, 17924, 24576, 327.16
2026/08/11 01:12:17.571, 0, 100, 22310, 24576, 277.77
2026/08/11 01:12:17.571, 1, 100, 21580, 24576, 296.52
2026/08/11 01:12:17.572, 2, 100, 23178, 24576, 302.64
2026/08/11 01:12:22.573, 0, 100, 22624, 24576, 287.93
2026/08/11 01:12:22.573, 1, 96, 21636, 24576, 306.36
2026/08/11 01:12:22.574, 2, 100, 23236, 24576, 317.34
2026/08/11 01:12:27.575, 0, 100, 20764, 24576, 287.08
2026/08/11 01:12:27.576, 1, 89, 23836, 24576, 320.56
2026/08/11 01:12:27.576, 2, 100, 23236, 24576, 327.01
2026/08/11 01:12:32.577, 0, 81, 20764, 24576, 326.96
2026/08/11 01:12:32.578, 1, 82, 23836, 24576, 333.73
2026/08/11 01:12:32.578, 2, 82, 23236, 24576, 331.31
2026/08/11 01:12:37.579, 0, 82, 20764, 24576, 341.17
2026/08/11 01:12:37.583, 1, 82, 23836, 24576, 317.35
2026/08/11 01:12:37.583, 2, 80, 23236, 24576, 338.30
2026/08/11 01:12:42.584, 0, 98, 14512, 24576, 296.79
2026/08/11 01:12:42.585, 1, 93, 12982, 24576, 295.77
2026/08/11 01:12:42.585, 2, 84, 13042, 24576, 284.40
2026/08/11 01:12:47.586, 0, 100, 21612, 24576, 342.54
2026/08/11 01:12:47.587, 1, 98, 13002, 24576, 313.76
2026/08/11 01:12:47.588, 2, 98, 13042, 24576, 318.43
2026/08/11 01:12:52.589, 0, 90, 23186, 24576, 305.18
2026/08/11 01:12:52.589, 1, 95, 22752, 24576, 315.60
2026/08/11 01:12:52.590, 2, 100, 23554, 24576, 323.39
2026/08/11 01:12:57.591, 0, 90, 23186, 24576, 301.21
2026/08/11 01:12:57.591, 1, 92, 22752, 24576, 313.18
2026/08/11 01:12:57.592, 2, 92, 23554, 24576, 322.98
2026/08/11 01:13:02.592, 0, 87, 23186, 24576, 277.52
2026/08/11 01:13:02.593, 1, 73, 20592, 24576, 294.49
2026/08/11 01:13:02.594, 2, 77, 21334, 24576, 292.97
2026/08/11 01:13:07.595, 0, 83, 23186, 24576, 341.17
2026/08/11 01:13:07.596, 1, 84, 20592, 24576, 319.31
2026/08/11 01:13:07.596, 2, 82, 21334, 24576, 316.75
2026/08/11 01:13:12.597, 0, 91, 14350, 24576, 301.62
2026/08/11 01:13:12.598, 1, 94, 14062, 24576, 289.52
2026/08/11 01:13:12.599, 2, 98, 21334, 24576, 329.63
2026/08/11 01:13:17.599, 0, 98, 14370, 24576, 326.24
2026/08/11 01:13:17.600, 1, 99, 13342, 24576, 313.07
2026/08/11 01:13:17.601, 2, 98, 21334, 24576, 318.68
2026/08/11 01:13:22.602, 0, 95, 20946, 24576, 309.56
2026/08/11 01:13:22.603, 1, 96, 23374, 24576, 313.35
2026/08/11 01:13:22.603, 2, 100, 22672, 24576, 326.18
2026/08/11 01:13:27.604, 0, 100, 20946, 24576, 312.52
2026/08/11 01:13:27.605, 1, 100, 23374, 24576, 323.84
2026/08/11 01:13:27.606, 2, 100, 22672, 24576, 342.99
2026/08/11 01:13:32.606, 0, 81, 22906, 24576, 269.49
2026/08/11 01:13:32.607, 1, 89, 23374, 24576, 282.50
2026/08/11 01:13:32.608, 2, 80, 20452, 24576, 287.08
2026/08/11 01:13:37.609, 0, 85, 22906, 24576, 341.42
2026/08/11 01:13:37.609, 1, 83, 23374, 24576, 324.83
2026/08/11 01:13:37.610, 2, 84, 20452, 24576, 333.89
2026/08/11 01:13:42.611, 0, 93, 17426, 24576, 321.55
2026/08/11 01:13:42.611, 1, 97, 23374, 24576, 316.40
2026/08/11 01:13:42.612, 2, 100, 20452, 24576, 335.11
2026/08/11 01:13:47.613, 0, 98, 13410, 24576, 302.17
2026/08/11 01:13:47.614, 1, 98, 23374, 24576, 309.84
2026/08/11 01:13:47.614, 2, 98, 20452, 24576, 323.44
2026/08/11 01:13:52.615, 0, 100, 23426, 24576, 314.11
2026/08/11 01:13:52.616, 1, 97, 23374, 24576, 313.37
2026/08/11 01:13:52.616, 2, 100, 23876, 24576, 332.24
2026/08/11 01:13:57.617, 0, 97, 23426, 24576, 311.03
2026/08/11 01:13:57.618, 1, 97, 23374, 24576, 316.08
2026/08/11 01:13:57.618, 2, 100, 23876, 24576, 327.59
2026/08/11 01:14:02.619, 0, 97, 23426, 24576, 298.16
2026/08/11 01:14:02.620, 1, 97, 23374, 24576, 306.64
2026/08/11 01:14:02.623, 2, 97, 23876, 24576, 328.39
2026/08/11 01:14:07.623, 0, 83, 23426, 24576, 339.15
2026/08/11 01:14:07.624, 1, 84, 23374, 24576, 335.49
2026/08/11 01:14:07.624, 2, 83, 21656, 24576, 332.17
2026/08/11 01:14:12.626, 0, 98, 23426, 24576, 342.66
2026/08/11 01:14:12.626, 1, 98, 23374, 24576, 236.35
2026/08/11 01:14:12.627, 2, 98, 21656, 24576, 298.29
2026/08/11 01:14:17.627, 0, 98, 23290, 24576, 336.42
2026/08/11 01:14:17.628, 1, 98, 13062, 24576, 325.42
2026/08/11 01:14:17.629, 2, 98, 21502, 24576, 329.94
2026/08/11 01:14:22.630, 0, 100, 24226, 24576, 337.87
2026/08/11 01:14:22.631, 1, 100, 22492, 24576, 320.34
2026/08/11 01:14:22.632, 2, 100, 24014, 24576, 337.41
2026/08/11 01:14:27.632, 0, 93, 20926, 24576, 317.34
2026/08/11 01:14:27.633, 1, 100, 22492, 24576, 333.79
2026/08/11 01:14:27.634, 2, 96, 20874, 24576, 319.86
2026/08/11 01:14:32.634, 0, 88, 20926, 24576, 315.60
2026/08/11 01:14:32.635, 1, 97, 22492, 24576, 317.07
2026/08/11 01:14:32.636, 2, 87, 20874, 24576, 321.85
2026/08/11 01:14:37.637, 0, 82, 23126, 24576, 338.48
2026/08/11 01:14:37.637, 1, 82, 22492, 24576, 312.48
2026/08/11 01:14:37.638, 2, 80, 22974, 24576, 335.16
2026/08/11 01:14:42.639, 0, 100, 23126, 24576, 196.67
2026/08/11 01:14:42.640, 1, 98, 22492, 24576, 264.50
2026/08/11 01:14:42.640, 2, 65, 22974, 24576, 312.46
2026/08/11 01:14:47.641, 0, 98, 13430, 24576, 337.84
2026/08/11 01:14:47.642, 1, 98, 13064, 24576, 314.75
2026/08/11 01:14:47.642, 2, 98, 14164, 24576, 277.04
2026/08/11 01:14:52.643, 0, 100, 13430, 24576, 178.78
2026/08/11 01:14:52.644, 1, 63, 13064, 24576, 268.86
2026/08/11 01:14:52.644, 2, 98, 14158, 24576, 294.87
2026/08/11 01:14:57.645, 0, 89, 23306, 24576, 312.51
2026/08/11 01:14:57.646, 1, 89, 24116, 24576, 337.68
2026/08/11 01:14:57.646, 2, 88, 23476, 24576, 329.88
2026/08/11 01:15:02.647, 0, 84, 23306, 24576, 306.13
2026/08/11 01:15:02.648, 1, 100, 24116, 24576, 324.68
2026/08/11 01:15:02.648, 2, 90, 23476, 24576, 311.34
2026/08/11 01:15:07.649, 0, 89, 23306, 24576, 282.30
2026/08/11 01:15:07.650, 1, 57, 21896, 24576, 296.85
2026/08/11 01:15:07.650, 2, 73, 23476, 24576, 320.22
2026/08/11 01:15:12.651, 0, 85, 23306, 24576, 339.64
2026/08/11 01:15:12.652, 1, 83, 21896, 24576, 320.88
2026/08/11 01:15:12.652, 2, 81, 23476, 24576, 336.07
2026/08/11 01:15:17.653, 0, 98, 24206, 24576, 340.71
2026/08/11 01:15:17.654, 1, 98, 24216, 24576, 317.21
2026/08/11 01:15:17.654, 2, 98, 24196, 24576, 325.48
2026/08/11 01:15:22.655, 0, 95, 14470, 24576, 299.21
2026/08/11 01:15:22.656, 1, 98, 13022, 24576, 314.75
2026/08/11 01:15:22.657, 2, 93, 13978, 24576, 282.57
2026/08/11 01:15:27.658, 0, 94, 22228, 24576, 322.66
2026/08/11 01:15:27.658, 1, 98, 23454, 24576, 315.31
2026/08/11 01:15:27.659, 2, 100, 22974, 24576, 337.74
2026/08/11 01:15:32.660, 0, 96, 22228, 24576, 328.14
2026/08/11 01:15:32.660, 1, 99, 23454, 24576, 313.23
2026/08/11 01:15:32.661, 2, 100, 22974, 24576, 341.65
2026/08/11 01:15:37.662, 0, 97, 22228, 24576, 331.45
2026/08/11 01:15:37.663, 1, 100, 23454, 24576, 321.50
2026/08/11 01:15:37.663, 2, 100, 22974, 24576, 340.17
2026/08/11 01:15:42.664, 0, 80, 22228, 24576, 339.23
2026/08/11 01:15:42.664, 1, 82, 23454, 24576, 320.89
2026/08/11 01:15:42.665, 2, 80, 22974, 24576, 336.20
2026/08/11 01:15:47.666, 0, 98, 22228, 24576, 339.14
2026/08/11 01:15:47.666, 1, 98, 23454, 24576, 330.80
2026/08/11 01:15:47.667, 2, 98, 22974, 24576, 331.66
2026/08/11 01:15:52.668, 0, 98, 13530, 24576, 339.79
2026/08/11 01:15:52.668, 1, 98, 14558, 24576, 286.35
2026/08/11 01:15:52.669, 2, 100, 13002, 24576, 316.56
2026/08/11 01:15:57.670, 0, 100, 21146, 24576, 312.61
2026/08/11 01:15:57.671, 1, 94, 21768, 24576, 306.95
2026/08/11 01:15:57.671, 2, 99, 21096, 24576, 327.30
2026/08/11 01:16:02.672, 0, 88, 23086, 24576, 328.26
2026/08/11 01:16:02.673, 1, 87, 20068, 24576, 285.85
2026/08/11 01:16:02.673, 2, 100, 23076, 24576, 318.12
2026/08/11 01:16:07.674, 0, 93, 23086, 24576, 324.18
2026/08/11 01:16:07.675, 1, 90, 19728, 24576, 289.06
2026/08/11 01:16:07.676, 2, 90, 23076, 24576, 329.25
2026/08/11 01:16:12.676, 0, 0, 20926, 24576, 155.59
2026/08/11 01:16:12.677, 1, 100, 21768, 24576, 181.23
2026/08/11 01:16:12.677, 2, 100, 23076, 24576, 170.54
2026/08/11 01:16:17.678, 0, 0, 20910, 24576, 125.67
2026/08/11 01:16:17.679, 1, 0, 21752, 24576, 156.09
2026/08/11 01:16:17.679, 2, 0, 23060, 24576, 147.03
2026/08/11 01:16:22.680, 0, 0, 20910, 24576, 122.65
2026/08/11 01:16:22.680, 1, 0, 21752, 24576, 121.43
2026/08/11 01:16:22.680, 2, 0, 23060, 24576, 120.03
2026/08/11 01:16:27.681, 0, 0, 20910, 24576, 120.76
2026/08/11 01:16:27.682, 1, 0, 21752, 24576, 118.10
2026/08/11 01:16:27.682, 2, 0, 23060, 24576, 117.32
2026/08/11 01:16:32.683, 0, 0, 20910, 24576, 119.45
2026/08/11 01:16:32.683, 1, 0, 21752, 24576, 84.30
2026/08/11 01:16:32.684, 2, 0, 23060, 24576, 66.16
2026/08/11 01:16:37.685, 0, 0, 20910, 24576, 24.82
2026/08/11 01:16:37.686, 1, 0, 21752, 24576, 21.69
2026/08/11 01:16:37.686, 2, 0, 23060, 24576, 22.77
