case_id,reference,sft_prediction,reference_grpo,grpo_prediction,sft_correct,grpo_correct
sc_2021_insc_617,dismissed,dismissed,dismissed,dismissed,True,True
sc_1997_insc_268,dismissed,dismissed,dismissed,dismissed,True,True
sc_1995_insc_196,allowed,dismissed,allowed,dismissed,False,False
sc_1992_insc_125,allowed,dismissed,allowed,dismissed,False,False
sc_1969_insc_194,dismissed,allowed,dismissed,dismissed,False,True
sc_2016_insc_400,allowed,allowed,allowed,allowed,True,True
sc_2014_insc_737,allowed,dismissed,allowed,dismissed,False,False
sc_2011_insc_183,dismissed,allowed,dismissed,allowed,False,False
sc_2009_insc_268,dismissed,dismissed,dismissed,dismissed,True,True
sc_1961_insc_147,dismissed,dismissed,dismissed,dismissed,True,True
sc_2007_insc_143,allowed,allowed,allowed,allowed,True,True
sc_2016_insc_1087,dismissed,dismissed,dismissed,dismissed,True,True
in_abs_train_1801,allowed,dismissed,allowed,dismissed,False,False
sc_2017_insc_130,allowed,allowed,allowed,allowed,True,True
sc_2007_insc_1051,dismissed,dismissed,dismissed,dismissed,True,True
sc_2003_insc_534,allowed,allowed,allowed,dismissed,True,False
sc_1993_insc_40,allowed,dismissed,allowed,allowed,False,True
sc_1991_insc_222,dismissed,allowed,dismissed,dismissed,False,True
sc_2015_insc_415,dismissed,dismissed,dismissed,dismissed,True,True
sc_2003_insc_15,allowed,dismissed,allowed,dismissed,False,False
sc_2016_insc_1177,allowed,dismissed,allowed,allowed,False,True
sc_1983_insc_84,allowed,dismissed,allowed,dismissed,False,False
sc_1975_insc_118,dismissed,dismissed,dismissed,dismissed,True,True
sc_2005_insc_244,dismissed,dismissed,dismissed,dismissed,True,True
sc_1977_insc_107,dismissed,dismissed,dismissed,dismissed,True,True
sc_1962_insc_63,dismissed,allowed,dismissed,allowed,False,False
sc_1988_insc_103,dismissed,allowed,dismissed,dismissed,False,True
sc_1963_insc_252,dismissed,allowed,dismissed,allowed,False,False
sc_1969_insc_45,dismissed,dismissed,dismissed,allowed,True,False
sc_1996_insc_336,dismissed,dismissed,dismissed,dismissed,True,True
sc_2003_insc_289,dismissed,dismissed,dismissed,dismissed,True,True
sc_1976_insc_128,allowed,dismissed,allowed,dismissed,False,False
sc_2015_insc_833,dismissed,allowed,dismissed,dismissed,False,True
sc_1996_insc_356,dismissed,allowed,dismissed,allowed,False,False
sc_2014_insc_1046,allowed,dismissed,allowed,dismissed,False,False
in_abs_train_5805,allowed,dismissed,allowed,dismissed,False,False
sc_2005_insc_535,dismissed,allowed,dismissed,dismissed,False,True
sc_2021_insc_316,allowed,allowed,allowed,allowed,True,True
sc_1995_insc_83,allowed,dismissed,allowed,dismissed,False,False
sc_2004_insc_465,allowed,allowed,allowed,allowed,True,True
sc_1962_insc_22,dismissed,allowed,dismissed,dismissed,False,True
in_abs_train_4654,allowed,dismissed,allowed,dismissed,False,False
sc_1970_insc_31,dismissed,allowed,dismissed,allowed,False,False
sc_2016_8_477_498_en,dismissed,allowed,dismissed,allowed,False,False
in_abs_train_866,dismissed,dismissed,dismissed,dismissed,True,True
sc_1996_insc_1026,allowed,dismissed,allowed,dismissed,False,False
sc_2013_insc_145,allowed,dismissed,allowed,dismissed,False,False
sc_1959_insc_144,allowed,allowed,allowed,allowed,True,True
in_abs_train_5431,allowed,allowed,allowed,allowed,True,True
in_abs_train_6884,allowed,dismissed,allowed,allowed,False,True
sc_1988_insc_324,dismissed,dismissed,dismissed,dismissed,True,True
sc_1962_insc_165,dismissed,dismissed,dismissed,dismissed,True,True
sc_2010_insc_398,dismissed,allowed,dismissed,allowed,False,False
sc_1997_insc_585,allowed,dismissed,allowed,dismissed,False,False
sc_1954_insc_95,dismissed,dismissed,dismissed,dismissed,True,True
sc_1978_insc_258,allowed,dismissed,allowed,dismissed,False,False
sc_1994_insc_168,allowed,dismissed,allowed,dismissed,False,False
sc_1979_insc_124,dismissed,dismissed,dismissed,dismissed,True,True
sc_2004_insc_638,allowed,dismissed,allowed,allowed,False,True
sc_2014_insc_355,dismissed,allowed,dismissed,allowed,False,False
sc_2017_insc_1156,dismissed,allowed,dismissed,allowed,False,False
sc_1972_insc_110,dismissed,dismissed,dismissed,dismissed,True,True
sc_1976_insc_90,dismissed,dismissed,dismissed,dismissed,True,True
in_abs_train_2680,allowed,allowed,allowed,dismissed,True,False
sc_1984_insc_197,allowed,dismissed,allowed,dismissed,False,False
sc_2010_insc_201,allowed,allowed,allowed,dismissed,True,False
sc_2022_insc_411,dismissed,allowed,dismissed,allowed,False,False
sc_2006_insc_784,dismissed,allowed,dismissed,allowed,False,False
sc_2019_insc_552,allowed,dismissed,allowed,dismissed,False,False
sc_1998_insc_244,dismissed,allowed,dismissed,allowed,False,False
in_abs_train_4483,allowed,allowed,allowed,allowed,True,True
in_abs_train_2439,dismissed,dismissed,dismissed,dismissed,True,True
sc_2018_insc_429,dismissed,dismissed,dismissed,allowed,True,False
sc_1961_insc_335,dismissed,allowed,dismissed,allowed,False,False
sc_2007_insc_1174,dismissed,allowed,dismissed,allowed,False,False
sc_2012_insc_521,allowed,allowed,allowed,allowed,True,True
sc_2019_insc_399,dismissed,dismissed,dismissed,dismissed,True,True
sc_2003_insc_648,allowed,dismissed,allowed,allowed,False,True
sc_1987_insc_245,dismissed,dismissed,dismissed,allowed,True,False
sc_1991_insc_36,dismissed,dismissed,dismissed,dismissed,True,True
sc_1954_insc_78,allowed,dismissed,allowed,allowed,False,True
sc_1963_insc_50,dismissed,allowed,dismissed,dismissed,False,True
sc_1996_insc_192,allowed,dismissed,allowed,dismissed,False,False
sc_1975_insc_81,dismissed,dismissed,dismissed,dismissed,True,True
sc_2005_insc_331,dismissed,dismissed,dismissed,allowed,True,False
sc_1977_insc_190,dismissed,allowed,dismissed,allowed,False,False
sc_1967_insc_87,allowed,dismissed,allowed,dismissed,False,False
sc_2003_insc_663,allowed,allowed,allowed,dismissed,True,False
sc_2005_insc_406,dismissed,allowed,dismissed,allowed,False,False
sc_2008_insc_1107,dismissed,allowed,dismissed,allowed,False,False
sc_2004_insc_52,dismissed,dismissed,dismissed,dismissed,True,True
sc_2022_insc_1284,allowed,allowed,allowed,allowed,True,True
sc_2015_insc_838,dismissed,dismissed,dismissed,dismissed,True,True
sc_1995_insc_216,dismissed,allowed,dismissed,allowed,False,False
sc_1984_insc_99,allowed,dismissed,allowed,dismissed,False,False
in_abs_train_4655,allowed,dismissed,allowed,dismissed,False,False
sc_1987_insc_139,dismissed,allowed,dismissed,dismissed,False,True
in_abs_train_790,allowed,dismissed,allowed,dismissed,False,False
sc_2003_insc_88,dismissed,allowed,dismissed,allowed,False,False
sc_2014_insc_631,dismissed,allowed,dismissed,allowed,False,False
sc_1954_insc_52,allowed,allowed,allowed,allowed,True,True
sc_2003_insc_143,allowed,dismissed,allowed,allowed,False,True
sc_1966_insc_108,dismissed,allowed,dismissed,allowed,False,False
in_abs_train_452,dismissed,dismissed,dismissed,allowed,True,False
sc_2015_insc_969,allowed,dismissed,allowed,dismissed,False,False
sc_1989_insc_303,dismissed,dismissed,dismissed,allowed,True,False
sc_2001_insc_492,allowed,dismissed,allowed,dismissed,False,False
sc_1977_insc_148,allowed,dismissed,allowed,allowed,False,True
sc_1962_insc_33,allowed,dismissed,allowed,dismissed,False,False
sc_2008_insc_399,dismissed,dismissed,dismissed,dismissed,True,True
in_abs_train_5866,allowed,unknown,allowed,unknown,False,False
sc_2008_insc_917,allowed,allowed,allowed,allowed,True,True
sc_1974_insc_16,dismissed,allowed,dismissed,allowed,False,False
sc_2007_insc_68,allowed,allowed,allowed,dismissed,True,False
sc_1996_insc_823,allowed,allowed,allowed,allowed,True,True
in_abs_train_5376,dismissed,dismissed,dismissed,dismissed,True,True
sc_2010_insc_479,allowed,dismissed,allowed,dismissed,False,False
sc_2003_insc_237,dismissed,dismissed,dismissed,dismissed,True,True
sc_2011_insc_329,allowed,allowed,allowed,allowed,True,True
in_abs_train_6946,allowed,dismissed,allowed,dismissed,False,False
sc_1978_insc_163,dismissed,dismissed,dismissed,dismissed,True,True
sc_1961_insc_149,dismissed,allowed,dismissed,dismissed,False,True
sc_2008_insc_1350,allowed,dismissed,allowed,dismissed,False,False
in_abs_train_133,allowed,dismissed,allowed,dismissed,False,False
in_abs_train_646,dismissed,dismissed,dismissed,dismissed,True,True
sc_2023_insc_383,allowed,allowed,allowed,allowed,True,True
sc_1994_insc_166,dismissed,allowed,dismissed,allowed,False,False
in_abs_train_5915,allowed,allowed,allowed,allowed,True,True
sc_2007_insc_642,allowed,allowed,allowed,allowed,True,True
sc_1996_insc_73,allowed,allowed,allowed,allowed,True,True
sc_1999_insc_239,dismissed,dismissed,dismissed,dismissed,True,True
sc_2021_insc_320,allowed,dismissed,allowed,dismissed,False,False
sc_2019_insc_553,allowed,dismissed,allowed,allowed,False,True
sc_2002_insc_243,allowed,dismissed,allowed,dismissed,False,False
sc_2017_insc_22,dismissed,dismissed,dismissed,dismissed,True,True
in_abs_train_6631,dismissed,dismissed,dismissed,dismissed,True,True
sc_2022_insc_132,dismissed,allowed,dismissed,allowed,False,False
sc_2013_insc_409,allowed,dismissed,allowed,dismissed,False,False
in_abs_train_6041,dismissed,dismissed,dismissed,dismissed,True,True
sc_1983_insc_174,dismissed,allowed,dismissed,dismissed,False,True
sc_2012_insc_560,dismissed,dismissed,dismissed,dismissed,True,True
in_abs_train_1101,dismissed,dismissed,dismissed,dismissed,True,True
sc_2007_insc_205,dismissed,dismissed,dismissed,dismissed,True,True
sc_1992_insc_103,allowed,allowed,allowed,dismissed,True,False
sc_2006_insc_126,allowed,allowed,allowed,allowed,True,True
sc_2007_insc_244,allowed,allowed,allowed,allowed,True,True
sc_1999_insc_120,allowed,allowed,allowed,allowed,True,True
sc_2022_insc_141,allowed,allowed,allowed,allowed,True,True
sc_1976_insc_151,allowed,dismissed,allowed,dismissed,False,False
sc_2014_insc_440,allowed,dismissed,allowed,dismissed,False,False
sc_1990_insc_27,allowed,allowed,allowed,allowed,True,True
sc_1999_insc_445,dismissed,dismissed,dismissed,dismissed,True,True
sc_2015_insc_352,dismissed,dismissed,dismissed,dismissed,True,True
sc_2009_insc_215,allowed,allowed,allowed,allowed,True,True
sc_1969_insc_137,allowed,dismissed,allowed,dismissed,False,False
sc_1994_insc_361,allowed,allowed,allowed,allowed,True,True
in_abs_train_2225,allowed,allowed,allowed,allowed,True,True
sc_1986_insc_183,allowed,allowed,allowed,dismissed,True,False
in_abs_train_6922,allowed,allowed,allowed,allowed,True,True
sc_2024_insc_272,allowed,dismissed,allowed,dismissed,False,False
sc_1971_insc_319,allowed,dismissed,allowed,dismissed,False,False
sc_2014_insc_865,dismissed,dismissed,dismissed,allowed,True,False
sc_1995_insc_303,allowed,dismissed,allowed,dismissed,False,False
sc_2021_insc_514,dismissed,dismissed,dismissed,allowed,True,False
sc_1988_insc_358,dismissed,dismissed,dismissed,dismissed,True,True
sc_1968_insc_88,dismissed,dismissed,dismissed,dismissed,True,True
sc_1983_insc_20,allowed,dismissed,allowed,dismissed,False,False
sc_2022_insc_567,dismissed,allowed,dismissed,allowed,False,False
in_abs_train_6667,dismissed,allowed,dismissed,allowed,False,False
sc_1968_insc_24,dismissed,dismissed,dismissed,dismissed,True,True
sc_2008_insc_748,allowed,dismissed,allowed,allowed,False,True
in_abs_train_6046,allowed,allowed,allowed,dismissed,True,False
sc_1988_insc_354,dismissed,allowed,dismissed,dismissed,False,True
sc_2008_insc_52,allowed,allowed,allowed,allowed,True,True
sc_2011_insc_219,dismissed,allowed,dismissed,allowed,False,False
sc_1964_insc_217,dismissed,dismissed,dismissed,dismissed,True,True
sc_1950_insc_6,dismissed,allowed,dismissed,allowed,False,False
sc_1963_insc_117,dismissed,dismissed,dismissed,allowed,True,False
sc_1974_insc_137,allowed,dismissed,allowed,dismissed,False,False
in_abs_train_4219,dismissed,allowed,dismissed,allowed,False,False
sc_2000_insc_319,dismissed,dismissed,dismissed,dismissed,True,True
sc_2020_insc_99,allowed,dismissed,allowed,dismissed,False,False
sc_1995_insc_156,dismissed,allowed,dismissed,dismissed,False,True
sc_2008_insc_87,allowed,dismissed,allowed,dismissed,False,False
sc_1987_insc_294,dismissed,dismissed,dismissed,dismissed,True,True
sc_2007_insc_916,dismissed,dismissed,dismissed,dismissed,True,True
sc_2007_insc_1059,allowed,allowed,allowed,allowed,True,True
in_abs_train_6332,dismissed,dismissed,dismissed,dismissed,True,True
in_abs_train_2729,allowed,dismissed,allowed,allowed,False,True
sc_2018_insc_271,dismissed,dismissed,dismissed,dismissed,True,True
sc_2019_insc_1089,allowed,allowed,allowed,allowed,True,True
sc_2007_insc_534,allowed,dismissed,allowed,allowed,False,True
sc_1996_insc_60,allowed,dismissed,allowed,allowed,False,True
sc_2023_insc_966,allowed,dismissed,allowed,dismissed,False,False
sc_1973_insc_107,allowed,allowed,allowed,allowed,True,True
sc_2016_insc_1203,dismissed,allowed,dismissed,allowed,False,False
sc_2000_insc_335,allowed,allowed,allowed,allowed,True,True
in_abs_train_6441,allowed,dismissed,allowed,dismissed,False,False
sc_1988_insc_25,dismissed,dismissed,dismissed,dismissed,True,True
sc_2010_insc_138,allowed,dismissed,allowed,dismissed,False,False
sc_1971_insc_134,dismissed,dismissed,dismissed,dismissed,True,True
sc_2023_insc_1091,dismissed,dismissed,dismissed,dismissed,True,True
sc_1963_insc_172,allowed,allowed,allowed,allowed,True,True
sc_1996_insc_608,dismissed,dismissed,dismissed,dismissed,True,True
sc_2018_insc_306,dismissed,dismissed,dismissed,dismissed,True,True
in_abs_train_3874,allowed,allowed,allowed,allowed,True,True
sc_2007_insc_166,dismissed,dismissed,dismissed,dismissed,True,True
in_abs_train_1886,dismissed,allowed,dismissed,dismissed,False,True
sc_1956_insc_36,dismissed,unknown,dismissed,allowed,False,False
sc_2010_insc_72,dismissed,allowed,dismissed,allowed,False,False
in_abs_train_3181,allowed,allowed,allowed,allowed,True,True
sc_2000_insc_272,dismissed,dismissed,dismissed,allowed,True,False
sc_1976_insc_101,dismissed,allowed,dismissed,dismissed,False,True
sc_2010_insc_615,dismissed,allowed,dismissed,allowed,False,False
sc_1996_insc_909,allowed,dismissed,allowed,dismissed,False,False
sc_1992_insc_163,allowed,dismissed,allowed,dismissed,False,False
in_abs_train_5093,dismissed,allowed,dismissed,allowed,False,False
sc_2010_insc_581,allowed,allowed,allowed,allowed,True,True
sc_2016_insc_168,dismissed,dismissed,dismissed,dismissed,True,True
in_abs_train_6629,dismissed,dismissed,dismissed,dismissed,True,True
sc_2008_insc_1402,dismissed,dismissed,dismissed,allowed,True,False
sc_2007_insc_895,dismissed,dismissed,dismissed,dismissed,True,True
in_abs_train_5871,dismissed,dismissed,dismissed,dismissed,True,True
sc_1993_insc_324,dismissed,dismissed,dismissed,allowed,True,False
in_abs_train_3630,dismissed,dismissed,dismissed,dismissed,True,True
sc_2010_insc_661,allowed,allowed,allowed,allowed,True,True
in_abs_train_1504,allowed,allowed,allowed,allowed,True,True
sc_2017_insc_969,dismissed,dismissed,dismissed,dismissed,True,True
in_abs_train_4648,dismissed,allowed,dismissed,dismissed,False,True
sc_2016_insc_1001,allowed,allowed,allowed,dismissed,True,False
sc_2023_insc_1090,allowed,allowed,allowed,allowed,True,True
sc_1987_insc_382,allowed,dismissed,allowed,dismissed,False,False
sc_1969_insc_193,dismissed,allowed,dismissed,dismissed,False,True
sc_2019_insc_542,allowed,allowed,allowed,allowed,True,True
sc_2006_insc_260,allowed,allowed,allowed,allowed,True,True
sc_2022_insc_1293,allowed,dismissed,allowed,dismissed,False,False
sc_2015_insc_166,dismissed,dismissed,dismissed,dismissed,True,True
sc_2013_insc_625,allowed,dismissed,allowed,dismissed,False,False
in_abs_train_1929,dismissed,dismissed,dismissed,dismissed,True,True
sc_2006_insc_163,allowed,allowed,allowed,allowed,True,True
sc_1987_insc_325,dismissed,dismissed,dismissed,dismissed,True,True
in_abs_train_431,dismissed,dismissed,dismissed,allowed,True,False
sc_2006_insc_950,allowed,allowed,allowed,dismissed,True,False
sc_2015_insc_713,allowed,allowed,allowed,dismissed,True,False
sc_2012_insc_605,dismissed,allowed,dismissed,allowed,False,False
sc_1969_insc_160,allowed,dismissed,allowed,allowed,False,True
sc_1973_insc_157,allowed,dismissed,allowed,dismissed,False,False
sc_2001_insc_388,dismissed,allowed,dismissed,allowed,False,False
sc_2002_insc_132,allowed,allowed,allowed,allowed,True,True
in_abs_train_7032,allowed,allowed,allowed,dismissed,True,False
sc_2014_insc_627,allowed,allowed,allowed,allowed,True,True
sc_2003_insc_325,dismissed,allowed,dismissed,allowed,False,False
sc_1968_insc_307,dismissed,dismissed,dismissed,dismissed,True,True
sc_2002_insc_136,allowed,allowed,allowed,dismissed,True,False
sc_1996_insc_1133,allowed,allowed,allowed,allowed,True,True
sc_1955_insc_16,allowed,dismissed,allowed,dismissed,False,False
sc_1979_insc_59,dismissed,dismissed,dismissed,dismissed,True,True
sc_2018_insc_740,allowed,allowed,allowed,allowed,True,True
sc_2021_insc_416,allowed,dismissed,allowed,dismissed,False,False
sc_1993_insc_130,dismissed,allowed,dismissed,allowed,False,False
sc_2008_insc_670,dismissed,dismissed,dismissed,dismissed,True,True
sc_1961_insc_186,dismissed,allowed,dismissed,allowed,False,False
in_abs_train_5842,dismissed,dismissed,dismissed,dismissed,True,True
in_abs_train_2271,dismissed,dismissed,dismissed,dismissed,True,True
sc_2021_insc_919,allowed,allowed,allowed,allowed,True,True
sc_2022_insc_1309,dismissed,dismissed,dismissed,allowed,True,False
in_abs_train_2770,dismissed,dismissed,dismissed,dismissed,True,True
in_abs_train_5534,allowed,dismissed,allowed,dismissed,False,False
sc_1962_insc_164,dismissed,allowed,dismissed,dismissed,False,True
sc_2019_insc_1270,allowed,allowed,allowed,allowed,True,True
in_abs_train_471,dismissed,dismissed,dismissed,dismissed,True,True
sc_1986_insc_153,allowed,dismissed,allowed,allowed,False,True
sc_1963_insc_68,dismissed,dismissed,dismissed,dismissed,True,True
in_abs_train_3113,allowed,allowed,allowed,allowed,True,True
sc_1996_insc_1438,dismissed,allowed,dismissed,allowed,False,False
in_abs_train_1850,allowed,dismissed,allowed,dismissed,False,False
sc_2005_insc_437,dismissed,dismissed,dismissed,dismissed,True,True
sc_2014_insc_794,dismissed,dismissed,dismissed,allowed,True,False
sc_1967_insc_288,dismissed,allowed,dismissed,allowed,False,False
sc_2017_insc_1291,allowed,allowed,allowed,dismissed,True,False
sc_2012_insc_416,dismissed,dismissed,dismissed,dismissed,True,True
sc_2014_insc_3,allowed,allowed,allowed,dismissed,True,False
in_abs_train_6738,dismissed,dismissed,dismissed,dismissed,True,True
sc_2013_1_80_102_en,dismissed,dismissed,dismissed,dismissed,True,True
sc_1984_insc_226,dismissed,allowed,dismissed,allowed,False,False
sc_2013_insc_466,allowed,dismissed,allowed,dismissed,False,False
in_abs_train_2599,dismissed,allowed,dismissed,allowed,False,False
sc_2006_insc_1009,allowed,allowed,allowed,dismissed,True,False
sc_1966_insc_16,dismissed,dismissed,dismissed,allowed,True,False
sc_1999_insc_255,dismissed,dismissed,dismissed,dismissed,True,True
sc_1997_insc_125,allowed,dismissed,allowed,dismissed,False,False
sc_1979_insc_14,dismissed,allowed,dismissed,allowed,False,False
sc_2007_insc_829,dismissed,dismissed,dismissed,allowed,True,False
in_abs_train_6305,dismissed,dismissed,dismissed,allowed,True,False
sc_1969_insc_35,dismissed,dismissed,dismissed,dismissed,True,True
in_abs_train_5438,dismissed,dismissed,dismissed,dismissed,True,True
sc_2017_insc_1012,dismissed,dismissed,dismissed,allowed,True,False
sc_1965_insc_31,dismissed,dismissed,dismissed,dismissed,True,True
sc_1995_insc_470,dismissed,allowed,dismissed,allowed,False,False
in_abs_train_6001,dismissed,allowed,dismissed,allowed,False,False
sc_2000_insc_324,allowed,dismissed,allowed,dismissed,False,False
sc_1952_insc_26,dismissed,allowed,dismissed,allowed,False,False
sc_1983_insc_70,dismissed,allowed,dismissed,allowed,False,False
sc_2009_insc_163,dismissed,allowed,dismissed,allowed,False,False
sc_1998_insc_44,dismissed,allowed,dismissed,allowed,False,False
sc_1996_insc_1459,dismissed,dismissed,dismissed,dismissed,True,True
sc_2023_insc_133,dismissed,allowed,dismissed,allowed,False,False
sc_2020_insc_19,allowed,allowed,allowed,allowed,True,True
sc_2006_insc_86,allowed,allowed,allowed,dismissed,True,False
sc_2022_insc_1267,allowed,allowed,allowed,allowed,True,True
in_abs_train_2577,dismissed,dismissed,dismissed,allowed,True,False
sc_1991_insc_324,allowed,allowed,allowed,allowed,True,True
sc_2009_insc_389,dismissed,dismissed,dismissed,dismissed,True,True
sc_1979_insc_228,dismissed,dismissed,dismissed,dismissed,True,True
in_abs_train_4074,dismissed,dismissed,dismissed,dismissed,True,True
sc_2003_insc_591,allowed,dismissed,allowed,allowed,False,True
sc_1987_insc_253,dismissed,dismissed,dismissed,dismissed,True,True
sc_2009_insc_703,allowed,allowed,allowed,allowed,True,True
sc_1990_insc_11,allowed,dismissed,allowed,allowed,False,True
sc_1994_insc_610,allowed,allowed,allowed,allowed,True,True
sc_2006_insc_218,dismissed,dismissed,dismissed,dismissed,True,True
sc_1996_insc_345,dismissed,dismissed,dismissed,allowed,True,False
sc_1959_insc_83,allowed,dismissed,allowed,dismissed,False,False
in_abs_train_3091,dismissed,dismissed,dismissed,dismissed,True,True
in_abs_train_4835,allowed,dismissed,allowed,dismissed,False,False
sc_1961_insc_145,dismissed,allowed,dismissed,allowed,False,False
sc_1996_insc_824,allowed,allowed,allowed,dismissed,True,False
sc_2019_insc_366,dismissed,allowed,dismissed,allowed,False,False
in_abs_train_2768,dismissed,dismissed,dismissed,dismissed,True,True
sc_2004_insc_688,allowed,dismissed,allowed,dismissed,False,False
in_abs_train_6128,dismissed,dismissed,dismissed,dismissed,True,True
sc_2005_insc_216,dismissed,dismissed,dismissed,dismissed,True,True
sc_2022_insc_211,allowed,allowed,allowed,allowed,True,True
sc_1973_insc_202,dismissed,dismissed,dismissed,dismissed,True,True
sc_1999_insc_491,dismissed,dismissed,dismissed,dismissed,True,True
sc_2009_insc_767,dismissed,dismissed,dismissed,dismissed,True,True
sc_1997_insc_426,allowed,allowed,allowed,allowed,True,True
sc_1988_insc_329,dismissed,allowed,dismissed,allowed,False,False
sc_1967_insc_268,dismissed,dismissed,dismissed,dismissed,True,True
sc_2010_insc_531,dismissed,allowed,dismissed,allowed,False,False
sc_1966_insc_149,dismissed,dismissed,dismissed,dismissed,True,True
in_abs_train_5947,dismissed,dismissed,dismissed,dismissed,True,True
sc_2019_insc_1001,allowed,allowed,allowed,allowed,True,True
sc_2008_insc_528,dismissed,allowed,dismissed,allowed,False,False
sc_2009_insc_84,dismissed,allowed,dismissed,allowed,False,False
sc_2008_insc_856,dismissed,allowed,dismissed,allowed,False,False
sc_2009_insc_1221,dismissed,allowed,dismissed,dismissed,False,True
sc_1964_insc_190,dismissed,allowed,dismissed,dismissed,False,True
sc_1994_insc_571,allowed,dismissed,allowed,dismissed,False,False
sc_1995_insc_282,allowed,allowed,allowed,allowed,True,True
sc_2021_insc_735,dismissed,allowed,dismissed,allowed,False,False
sc_1971_insc_257,allowed,dismissed,allowed,allowed,False,True
sc_2016_insc_3,dismissed,allowed,dismissed,allowed,False,False
in_abs_train_4754,dismissed,dismissed,dismissed,dismissed,True,True
sc_2000_insc_131,allowed,allowed,allowed,allowed,True,True
sc_2013_insc_289,allowed,allowed,allowed,dismissed,True,False
sc_1996_insc_1363,allowed,allowed,allowed,allowed,True,True
sc_2016_insc_98,allowed,dismissed,allowed,dismissed,False,False
sc_1998_insc_23,allowed,dismissed,allowed,allowed,False,True
sc_2016_insc_147,allowed,dismissed,allowed,dismissed,False,False
in_abs_train_33,dismissed,allowed,dismissed,dismissed,False,True
in_abs_train_3132,dismissed,allowed,dismissed,dismissed,False,True
in_abs_train_5406,dismissed,dismissed,dismissed,dismissed,True,True
sc_1996_insc_484,allowed,dismissed,allowed,dismissed,False,False
sc_1991_insc_108,dismissed,dismissed,dismissed,dismissed,True,True
sc_1983_insc_119,dismissed,allowed,dismissed,dismissed,False,True
sc_1994_insc_196,dismissed,dismissed,dismissed,dismissed,True,True
sc_1988_insc_59,dismissed,dismissed,dismissed,dismissed,True,True
sc_2013_insc_570,allowed,dismissed,allowed,dismissed,False,False
sc_2015_insc_958,allowed,dismissed,allowed,dismissed,False,False
sc_1994_insc_37,dismissed,dismissed,dismissed,dismissed,True,True
sc_2023_insc_498,allowed,allowed,allowed,dismissed,True,False
sc_1954_insc_79,dismissed,dismissed,dismissed,dismissed,True,True
sc_1996_insc_1532,dismissed,allowed,dismissed,allowed,False,False
sc_2003_insc_632,allowed,dismissed,allowed,allowed,False,True
sc_2004_insc_433,dismissed,dismissed,dismissed,allowed,True,False
sc_2000_insc_156,dismissed,allowed,dismissed,dismissed,False,True
in_abs_train_2710,dismissed,dismissed,dismissed,dismissed,True,True
sc_2012_insc_508,dismissed,dismissed,dismissed,dismissed,True,True
sc_2008_insc_126,dismissed,allowed,dismissed,allowed,False,False
sc_1976_insc_41,dismissed,dismissed,dismissed,allowed,True,False
sc_1964_insc_271,dismissed,dismissed,dismissed,dismissed,True,True
sc_1960_insc_168,allowed,allowed,allowed,allowed,True,True
sc_1971_insc_13,allowed,dismissed,allowed,dismissed,False,False
sc_1971_insc_53,allowed,allowed,allowed,allowed,True,True
sc_2024_insc_297,allowed,dismissed,allowed,dismissed,False,False
sc_2001_insc_469,allowed,allowed,allowed,allowed,True,True
sc_1989_insc_379,dismissed,allowed,dismissed,allowed,False,False
sc_2014_insc_369,allowed,allowed,allowed,allowed,True,True
in_abs_train_948,allowed,allowed,allowed,allowed,True,True
sc_2001_insc_255,allowed,allowed,allowed,allowed,True,True
in_abs_train_1346,dismissed,dismissed,dismissed,dismissed,True,True
sc_2004_insc_376,dismissed,allowed,dismissed,allowed,False,False
sc_2004_insc_58,allowed,allowed,allowed,allowed,True,True
sc_1998_insc_131,dismissed,dismissed,dismissed,dismissed,True,True
sc_2022_insc_428,allowed,dismissed,allowed,dismissed,False,False
sc_2019_insc_1290,dismissed,allowed,dismissed,allowed,False,False
sc_2015_insc_669,allowed,dismissed,allowed,allowed,False,True
sc_1996_insc_1017,dismissed,dismissed,dismissed,allowed,True,False
sc_1970_insc_35,dismissed,dismissed,dismissed,dismissed,True,True
sc_2023_insc_1030,allowed,dismissed,allowed,allowed,False,True
sc_1977_insc_115,dismissed,dismissed,dismissed,allowed,True,False
sc_2010_insc_266,dismissed,allowed,dismissed,allowed,False,False
sc_2022_insc_704,dismissed,dismissed,dismissed,dismissed,True,True
sc_1996_insc_1347,dismissed,allowed,dismissed,allowed,False,False
sc_2011_insc_438,dismissed,allowed,dismissed,allowed,False,False
sc_2013_insc_579,allowed,allowed,allowed,dismissed,True,False
sc_2009_insc_299,allowed,dismissed,allowed,dismissed,False,False
sc_1964_insc_50,allowed,dismissed,allowed,dismissed,False,False
sc_2007_insc_1033,allowed,allowed,allowed,allowed,True,True
sc_2007_insc_489,dismissed,allowed,dismissed,allowed,False,False
sc_1953_insc_54,dismissed,allowed,dismissed,allowed,False,False
in_abs_train_2580,dismissed,dismissed,dismissed,dismissed,True,True
sc_1966_insc_41,allowed,allowed,allowed,allowed,True,True
sc_2004_insc_105,allowed,dismissed,allowed,dismissed,False,False
sc_2009_insc_1059,allowed,allowed,allowed,dismissed,True,False
sc_1996_insc_456,allowed,allowed,allowed,allowed,True,True
sc_1968_insc_87,allowed,allowed,allowed,dismissed,True,False
sc_2005_insc_79,allowed,allowed,allowed,dismissed,True,False
sc_1995_insc_598,allowed,dismissed,allowed,dismissed,False,False
sc_2007_insc_549,allowed,dismissed,allowed,dismissed,False,False
in_abs_train_6255,allowed,allowed,allowed,allowed,True,True
sc_1995_insc_72,allowed,allowed,allowed,allowed,True,True
sc_2003_insc_698,allowed,dismissed,allowed,dismissed,False,False
sc_2018_insc_25,dismissed,allowed,dismissed,allowed,False,False
sc_1993_insc_200,allowed,dismissed,allowed,dismissed,False,False
sc_1986_insc_146,dismissed,dismissed,dismissed,dismissed,True,True
sc_2002_insc_417,dismissed,dismissed,dismissed,dismissed,True,True
sc_2000_insc_219,allowed,dismissed,allowed,dismissed,False,False
sc_1969_insc_145,allowed,allowed,allowed,dismissed,True,False
sc_1975_insc_107,dismissed,dismissed,dismissed,dismissed,True,True
sc_2022_insc_1050,allowed,allowed,allowed,allowed,True,True
sc_1965_insc_227,dismissed,dismissed,dismissed,dismissed,True,True
sc_2013_insc_397,allowed,dismissed,allowed,allowed,False,True
in_abs_train_4004,allowed,allowed,allowed,allowed,True,True
sc_1985_insc_149,dismissed,dismissed,dismissed,dismissed,True,True
sc_2022_insc_1005,allowed,allowed,allowed,allowed,True,True
sc_2011_insc_287,dismissed,dismissed,dismissed,dismissed,True,True
sc_1996_insc_1093,allowed,allowed,allowed,allowed,True,True
sc_1999_insc_452,allowed,dismissed,allowed,dismissed,False,False
in_abs_train_4862,dismissed,dismissed,dismissed,dismissed,True,True
sc_2009_insc_1017,allowed,allowed,allowed,allowed,True,True
sc_1989_insc_195,dismissed,dismissed,dismissed,dismissed,True,True
sc_2004_insc_626,dismissed,dismissed,dismissed,dismissed,True,True
in_abs_train_2755,dismissed,allowed,dismissed,allowed,False,False
sc_1956_insc_52,dismissed,allowed,dismissed,dismissed,False,True
sc_1961_insc_38,allowed,dismissed,allowed,dismissed,False,False
in_abs_train_5190,dismissed,dismissed,dismissed,allowed,True,False
sc_1958_insc_16,allowed,dismissed,allowed,dismissed,False,False
sc_2021_insc_43,allowed,allowed,allowed,dismissed,True,False
in_abs_train_1112,allowed,dismissed,allowed,dismissed,False,False
in_abs_train_4277,dismissed,dismissed,dismissed,dismissed,True,True
in_abs_train_6634,dismissed,dismissed,dismissed,dismissed,True,True
in_abs_train_2384,allowed,allowed,allowed,allowed,True,True
in_abs_train_1631,dismissed,dismissed,dismissed,dismissed,True,True
in_abs_train_1479,allowed,dismissed,allowed,allowed,False,True
sc_1996_insc_1472,allowed,dismissed,allowed,dismissed,False,False
sc_2019_insc_1203,dismissed,allowed,dismissed,allowed,False,False
sc_2011_insc_30,allowed,allowed,allowed,allowed,True,True
sc_2005_insc_39,allowed,allowed,allowed,allowed,True,True
in_abs_train_6393,dismissed,allowed,dismissed,allowed,False,False
sc_1996_insc_814,dismissed,dismissed,dismissed,dismissed,True,True
in_abs_train_4726,allowed,dismissed,allowed,dismissed,False,False
in_abs_train_2462,dismissed,allowed,dismissed,dismissed,False,True
sc_1994_insc_435,allowed,allowed,allowed,allowed,True,True
sc_2010_insc_60,dismissed,allowed,dismissed,dismissed,False,True
sc_2016_insc_385,dismissed,dismissed,dismissed,dismissed,True,True
in_abs_train_6962,dismissed,allowed,dismissed,dismissed,False,True
in_abs_train_7110,allowed,dismissed,allowed,dismissed,False,False
sc_1988_insc_124,allowed,dismissed,allowed,dismissed,False,False
sc_2011_insc_120,dismissed,dismissed,dismissed,dismissed,True,True
sc_2007_insc_1166,dismissed,allowed,dismissed,allowed,False,False
sc_1996_insc_196,dismissed,dismissed,dismissed,allowed,True,False
sc_2018_insc_221,allowed,dismissed,allowed,dismissed,False,False
sc_1995_insc_163,allowed,allowed,allowed,allowed,True,True
sc_1999_insc_469,allowed,allowed,allowed,allowed,True,True
sc_2003_insc_473,allowed,allowed,allowed,allowed,True,True
sc_2008_insc_945,dismissed,dismissed,dismissed,dismissed,True,True
sc_2009_insc_249,allowed,allowed,allowed,dismissed,True,False
sc_1970_insc_167,allowed,dismissed,allowed,dismissed,False,False
in_abs_train_2736,allowed,dismissed,allowed,dismissed,False,False
sc_1996_insc_1436,dismissed,allowed,dismissed,allowed,False,False
sc_1995_insc_500,allowed,allowed,allowed,dismissed,True,False
sc_1996_insc_601,allowed,allowed,allowed,allowed,True,True
sc_1981_insc_166,allowed,allowed,allowed,allowed,True,True
sc_2000_insc_223,dismissed,allowed,dismissed,allowed,False,False
sc_2002_insc_312,allowed,dismissed,allowed,dismissed,False,False
in_abs_train_3655,dismissed,allowed,dismissed,allowed,False,False
sc_2005_insc_474,allowed,allowed,allowed,allowed,True,True
sc_1994_insc_223,allowed,allowed,allowed,allowed,True,True
sc_1993_insc_271,allowed,dismissed,allowed,allowed,False,True
in_abs_train_3300,allowed,dismissed,allowed,dismissed,False,False
sc_2012_insc_188,allowed,dismissed,allowed,dismissed,False,False
sc_2018_insc_572,allowed,dismissed,allowed,dismissed,False,False
sc_1997_insc_487,allowed,allowed,allowed,allowed,True,True
in_abs_train_3816,dismissed,dismissed,dismissed,dismissed,True,True
in_abs_train_6794,allowed,allowed,allowed,allowed,True,True
in_abs_train_347,allowed,allowed,allowed,allowed,True,True
sc_1995_insc_406,dismissed,allowed,dismissed,allowed,False,False
sc_1995_insc_106,dismissed,dismissed,dismissed,dismissed,True,True
sc_2021_insc_503,dismissed,allowed,dismissed,allowed,False,False
sc_2012_insc_222,dismissed,allowed,dismissed,allowed,False,False
sc_1994_insc_268,dismissed,allowed,dismissed,dismissed,False,True
sc_2018_insc_558,dismissed,dismissed,dismissed,dismissed,True,True
sc_2008_insc_548,allowed,allowed,allowed,allowed,True,True
sc_1968_insc_31,dismissed,dismissed,dismissed,dismissed,True,True
sc_1961_insc_119,dismissed,dismissed,dismissed,dismissed,True,True
sc_1968_insc_196,dismissed,dismissed,dismissed,allowed,True,False
sc_2019_insc_781,allowed,allowed,allowed,allowed,True,True
sc_1963_insc_155,dismissed,dismissed,dismissed,dismissed,True,True
sc_1995_insc_800,dismissed,allowed,dismissed,allowed,False,False
sc_2007_insc_798,allowed,dismissed,allowed,dismissed,False,False
sc_2008_insc_1251,dismissed,allowed,dismissed,allowed,False,False
sc_2012_insc_218,allowed,dismissed,allowed,dismissed,False,False
sc_2007_insc_677,allowed,dismissed,allowed,dismissed,False,False
sc_2009_insc_430,dismissed,allowed,dismissed,allowed,False,False
sc_2020_insc_17,allowed,allowed,allowed,allowed,True,True
in_abs_train_583,allowed,dismissed,allowed,dismissed,False,False
sc_2014_insc_59,allowed,allowed,allowed,allowed,True,True
sc_1972_insc_254,allowed,dismissed,allowed,dismissed,False,False
sc_2005_insc_330,allowed,allowed,allowed,allowed,True,True
sc_1995_insc_489,dismissed,allowed,dismissed,allowed,False,False
sc_1989_insc_284,allowed,dismissed,allowed,dismissed,False,False
sc_2007_insc_2,allowed,dismissed,allowed,dismissed,False,False
sc_2011_insc_51,allowed,allowed,allowed,allowed,True,True
sc_1992_insc_87,dismissed,dismissed,dismissed,allowed,True,False
sc_1970_insc_179,allowed,allowed,allowed,dismissed,True,False
sc_2022_insc_1174,allowed,allowed,allowed,allowed,True,True
sc_2001_insc_237,dismissed,dismissed,dismissed,dismissed,True,True
sc_2014_insc_316,dismissed,allowed,dismissed,allowed,False,False
sc_1994_insc_563,dismissed,dismissed,dismissed,dismissed,True,True
sc_1998_insc_342,allowed,allowed,allowed,dismissed,True,False
sc_2009_insc_1253,dismissed,allowed,dismissed,allowed,False,False
sc_2013_insc_102,allowed,allowed,allowed,dismissed,True,False
sc_1973_insc_41,dismissed,dismissed,dismissed,dismissed,True,True
sc_2009_insc_884,allowed,allowed,allowed,allowed,True,True
sc_2009_insc_872,dismissed,dismissed,dismissed,dismissed,True,True
in_abs_train_3995,dismissed,dismissed,dismissed,dismissed,True,True
sc_2007_insc_335,dismissed,dismissed,dismissed,dismissed,True,True
sc_1995_insc_2,dismissed,dismissed,dismissed,dismissed,True,True
sc_2007_insc_1197,allowed,dismissed,allowed,dismissed,False,False
sc_1971_insc_78,dismissed,allowed,dismissed,allowed,False,False
sc_1990_insc_31,allowed,allowed,allowed,dismissed,True,False
in_abs_train_4908,dismissed,dismissed,dismissed,dismissed,True,True
sc_1992_insc_205,allowed,dismissed,allowed,dismissed,False,False
sc_2002_insc_119,dismissed,dismissed,dismissed,dismissed,True,True
sc_2019_insc_388,dismissed,dismissed,dismissed,dismissed,True,True
sc_2008_insc_796,dismissed,dismissed,dismissed,dismissed,True,True
sc_2006_insc_168,allowed,allowed,allowed,dismissed,True,False
sc_2001_insc_66,allowed,allowed,allowed,allowed,True,True
sc_1992_insc_140,allowed,dismissed,allowed,dismissed,False,False
sc_2001_insc_295,allowed,dismissed,allowed,dismissed,False,False
sc_2007_insc_128,dismissed,allowed,dismissed,allowed,False,False
sc_1968_insc_228,dismissed,dismissed,dismissed,allowed,True,False
sc_1963_insc_165,dismissed,dismissed,dismissed,dismissed,True,True
in_abs_train_1918,allowed,allowed,allowed,allowed,True,True
sc_2012_insc_561,allowed,allowed,allowed,allowed,True,True
sc_1996_insc_1064,dismissed,dismissed,dismissed,dismissed,True,True
sc_2018_insc_721,dismissed,dismissed,dismissed,dismissed,True,True
sc_1980_insc_59,allowed,allowed,allowed,allowed,True,True
sc_1963_insc_27,dismissed,dismissed,dismissed,dismissed,True,True
sc_2010_insc_821,dismissed,allowed,dismissed,dismissed,False,True
sc_1966_insc_216,allowed,dismissed,allowed,dismissed,False,False
sc_2021_insc_177,allowed,allowed,allowed,dismissed,True,False
sc_1967_insc_251,dismissed,dismissed,dismissed,dismissed,True,True
sc_2017_insc_27,dismissed,dismissed,dismissed,dismissed,True,True
sc_1995_insc_349,dismissed,dismissed,dismissed,dismissed,True,True
sc_2007_insc_771,allowed,dismissed,allowed,allowed,False,True
sc_1974_insc_247,allowed,allowed,allowed,allowed,True,True
sc_1999_insc_440,dismissed,dismissed,dismissed,dismissed,True,True
sc_1962_insc_234,allowed,allowed,allowed,allowed,True,True
sc_2006_insc_505,allowed,dismissed,allowed,dismissed,False,False
sc_1991_insc_29,allowed,allowed,allowed,allowed,True,True
sc_1983_insc_118,dismissed,dismissed,dismissed,dismissed,True,True
sc_2008_insc_1037,dismissed,dismissed,dismissed,dismissed,True,True
in_abs_train_1596,allowed,allowed,allowed,dismissed,True,False
sc_1987_insc_301,allowed,allowed,allowed,allowed,True,True
sc_2018_insc_1194,allowed,allowed,allowed,allowed,True,True
sc_2008_insc_1424,allowed,allowed,allowed,allowed,True,True
sc_2007_insc_795,dismissed,allowed,dismissed,allowed,False,False
sc_2013_insc_710,dismissed,allowed,dismissed,allowed,False,False
sc_1980_insc_127,dismissed,dismissed,dismissed,dismissed,True,True
sc_1969_insc_209,dismissed,allowed,dismissed,dismissed,False,True
sc_1992_insc_37,allowed,allowed,allowed,dismissed,True,False
sc_1970_insc_162,dismissed,dismissed,dismissed,allowed,True,False
sc_1969_insc_147,dismissed,dismissed,dismissed,dismissed,True,True
sc_2002_insc_378,allowed,allowed,allowed,allowed,True,True
in_abs_train_4117,allowed,dismissed,allowed,dismissed,False,False
sc_1960_insc_23,dismissed,dismissed,dismissed,allowed,True,False
sc_2015_insc_287,dismissed,dismissed,dismissed,allowed,True,False
sc_1963_insc_235,dismissed,dismissed,dismissed,dismissed,True,True
sc_1968_insc_206,dismissed,allowed,dismissed,allowed,False,False
sc_2009_insc_517,allowed,allowed,allowed,allowed,True,True
sc_1960_insc_26,dismissed,allowed,dismissed,dismissed,False,True
in_abs_train_6780,dismissed,dismissed,dismissed,dismissed,True,True
sc_2006_insc_900,allowed,dismissed,allowed,dismissed,False,False
sc_1991_insc_112,allowed,dismissed,allowed,allowed,False,True
in_abs_train_2089,allowed,dismissed,allowed,dismissed,False,False
in_abs_train_6026,dismissed,dismissed,dismissed,dismissed,True,True
sc_2006_insc_292,dismissed,allowed,dismissed,allowed,False,False
sc_2009_insc_475,allowed,dismissed,allowed,allowed,False,True
sc_1967_insc_47,dismissed,allowed,dismissed,dismissed,False,True
sc_2008_insc_1312,allowed,allowed,allowed,allowed,True,True
in_abs_train_6372,dismissed,allowed,dismissed,allowed,False,False
sc_2001_insc_218,dismissed,dismissed,dismissed,dismissed,True,True
sc_2022_insc_1105,allowed,dismissed,allowed,dismissed,False,False
sc_2019_insc_814,allowed,dismissed,allowed,allowed,False,True
sc_2004_insc_691,dismissed,allowed,dismissed,dismissed,False,True
in_abs_train_3449,allowed,dismissed,allowed,dismissed,False,False
in_abs_train_2286,dismissed,allowed,dismissed,allowed,False,False
sc_1995_insc_54,dismissed,allowed,dismissed,allowed,False,False
sc_1977_insc_13,allowed,allowed,allowed,allowed,True,True
in_abs_train_3497,allowed,dismissed,allowed,dismissed,False,False
sc_1993_insc_53,allowed,dismissed,allowed,dismissed,False,False
in_abs_train_816,dismissed,dismissed,dismissed,dismissed,True,True
sc_1985_insc_198,allowed,dismissed,allowed,dismissed,False,False
sc_2018_insc_514,allowed,dismissed,allowed,dismissed,False,False
sc_2003_insc_383,allowed,dismissed,allowed,allowed,False,True
sc_2015_insc_1015,allowed,dismissed,allowed,dismissed,False,False
sc_2007_insc_475,dismissed,dismissed,dismissed,dismissed,True,True
sc_2015_insc_956,dismissed,allowed,dismissed,allowed,False,False
sc_1962_insc_93,allowed,dismissed,allowed,dismissed,False,False
sc_2003_insc_75,allowed,allowed,allowed,allowed,True,True
in_abs_train_2409,dismissed,dismissed,dismissed,dismissed,True,True
sc_2014_insc_722,allowed,allowed,allowed,allowed,True,True
sc_1967_insc_173,allowed,dismissed,allowed,dismissed,False,False
sc_1996_insc_732,dismissed,dismissed,dismissed,dismissed,True,True
sc_1970_insc_230,dismissed,dismissed,dismissed,dismissed,True,True
sc_2015_insc_1011,allowed,allowed,allowed,allowed,True,True
sc_1974_insc_152,dismissed,dismissed,dismissed,dismissed,True,True
in_abs_train_3216,dismissed,allowed,dismissed,allowed,False,False
sc_1967_insc_101,allowed,dismissed,allowed,dismissed,False,False
sc_2007_insc_741,dismissed,dismissed,dismissed,dismissed,True,True
sc_2001_insc_199,dismissed,allowed,dismissed,allowed,False,False
sc_1996_insc_1503,allowed,dismissed,allowed,dismissed,False,False
sc_2001_insc_552,allowed,allowed,allowed,allowed,True,True
sc_2006_insc_701,allowed,allowed,allowed,dismissed,True,False
sc_1996_insc_1373,allowed,allowed,allowed,allowed,True,True
sc_2014_insc_465,allowed,allowed,allowed,allowed,True,True
sc_1958_insc_21,allowed,dismissed,allowed,allowed,False,True
in_abs_train_3725,allowed,allowed,allowed,allowed,True,True
sc_2011_insc_429,dismissed,dismissed,dismissed,dismissed,True,True
sc_2004_insc_139,allowed,dismissed,allowed,dismissed,False,False
in_abs_train_2045,dismissed,dismissed,dismissed,allowed,True,False
sc_2007_insc_867,allowed,dismissed,allowed,dismissed,False,False
sc_1995_insc_142,allowed,dismissed,allowed,allowed,False,True
sc_1986_insc_5,dismissed,dismissed,dismissed,dismissed,True,True
sc_2014_insc_886,allowed,allowed,allowed,allowed,True,True
sc_2023_insc_474,allowed,allowed,allowed,allowed,True,True
sc_1974_insc_146,dismissed,dismissed,dismissed,allowed,True,False
sc_2008_insc_1392,dismissed,allowed,dismissed,allowed,False,False
sc_1993_insc_46,dismissed,dismissed,dismissed,dismissed,True,True
sc_2015_insc_937,dismissed,dismissed,dismissed,dismissed,True,True
in_abs_train_6475,allowed,allowed,allowed,dismissed,True,False
sc_2001_insc_67,allowed,dismissed,allowed,dismissed,False,False
sc_2010_insc_879,allowed,dismissed,allowed,dismissed,False,False
in_abs_train_5655,allowed,allowed,allowed,allowed,True,True
sc_1988_insc_262,dismissed,dismissed,dismissed,dismissed,True,True
in_abs_train_5329,dismissed,dismissed,dismissed,dismissed,True,True
in_abs_train_2200,dismissed,dismissed,dismissed,dismissed,True,True
sc_1962_insc_379,dismissed,allowed,dismissed,allowed,False,False
sc_1997_insc_535,dismissed,allowed,dismissed,allowed,False,False
sc_2012_insc_432,allowed,allowed,allowed,allowed,True,True
sc_1996_insc_475,dismissed,allowed,dismissed,allowed,False,False
sc_2006_insc_1025,allowed,allowed,allowed,allowed,True,True
sc_1995_insc_797,allowed,allowed,allowed,allowed,True,True
in_abs_train_890,allowed,dismissed,allowed,dismissed,False,False
sc_2004_insc_673,allowed,allowed,allowed,allowed,True,True
sc_2004_insc_198,allowed,dismissed,allowed,dismissed,False,False
sc_1983_insc_104,allowed,allowed,allowed,allowed,True,True
sc_2018_insc_399,dismissed,allowed,dismissed,allowed,False,False
in_abs_train_293,dismissed,dismissed,dismissed,dismissed,True,True
sc_1978_insc_73,allowed,dismissed,allowed,dismissed,False,False
sc_2020_insc_297,allowed,dismissed,allowed,dismissed,False,False
sc_2018_insc_379,allowed,dismissed,allowed,allowed,False,True
in_abs_train_6443,dismissed,dismissed,dismissed,dismissed,True,True
sc_1984_insc_63,allowed,allowed,allowed,allowed,True,True
sc_2009_insc_737,allowed,dismissed,allowed,dismissed,False,False
sc_2010_insc_794,dismissed,allowed,dismissed,allowed,False,False
sc_2008_insc_1450,allowed,allowed,allowed,allowed,True,True
sc_2015_insc_335,allowed,dismissed,allowed,dismissed,False,False
sc_1975_insc_32,dismissed,dismissed,dismissed,dismissed,True,True
sc_2007_insc_254,dismissed,allowed,dismissed,allowed,False,False
sc_1963_insc_242,dismissed,dismissed,dismissed,dismissed,True,True
sc_1964_insc_88,allowed,allowed,allowed,allowed,True,True
sc_2009_insc_405,allowed,allowed,allowed,allowed,True,True
in_abs_train_7036,dismissed,dismissed,dismissed,allowed,True,False
in_abs_train_679,allowed,dismissed,allowed,dismissed,False,False
sc_2000_insc_151,allowed,dismissed,allowed,dismissed,False,False
sc_2003_insc_249,allowed,allowed,allowed,allowed,True,True
sc_1977_insc_118,dismissed,dismissed,dismissed,dismissed,True,True
sc_2018_insc_1019,allowed,allowed,allowed,allowed,True,True
sc_2008_insc_372,dismissed,allowed,dismissed,allowed,False,False
sc_2017_insc_461,dismissed,dismissed,dismissed,dismissed,True,True
sc_1961_insc_61,dismissed,dismissed,dismissed,dismissed,True,True
sc_1988_insc_23,allowed,dismissed,allowed,allowed,False,True
sc_1964_insc_209,allowed,dismissed,allowed,dismissed,False,False
sc_1997_insc_433,dismissed,dismissed,dismissed,allowed,True,False
in_abs_train_6544,dismissed,dismissed,dismissed,dismissed,True,True
sc_2009_insc_1110,allowed,dismissed,allowed,dismissed,False,False
sc_1982_insc_102,allowed,dismissed,allowed,dismissed,False,False
sc_1959_insc_67,dismissed,dismissed,dismissed,allowed,True,False
sc_2015_insc_15,dismissed,dismissed,dismissed,dismissed,True,True
sc_2014_insc_238,allowed,allowed,allowed,allowed,True,True
sc_1969_insc_44,dismissed,dismissed,dismissed,dismissed,True,True
sc_2017_insc_748,allowed,allowed,allowed,allowed,True,True
sc_1996_insc_922,allowed,dismissed,allowed,dismissed,False,False
sc_2019_insc_1031,allowed,allowed,allowed,dismissed,True,False
in_abs_train_3386,dismissed,dismissed,dismissed,dismissed,True,True
sc_2009_insc_943,allowed,allowed,allowed,dismissed,True,False
in_abs_train_1921,dismissed,dismissed,dismissed,dismissed,True,True
sc_2001_insc_58,allowed,dismissed,allowed,dismissed,False,False
sc_2023_insc_426,allowed,allowed,allowed,allowed,True,True
sc_2016_insc_377,allowed,allowed,allowed,allowed,True,True
sc_1971_insc_221,dismissed,allowed,dismissed,dismissed,False,True
sc_2010_insc_405,allowed,allowed,allowed,allowed,True,True
sc_1975_insc_112,dismissed,dismissed,dismissed,dismissed,True,True
sc_1959_insc_96,dismissed,allowed,dismissed,dismissed,False,True
sc_1979_insc_172,allowed,allowed,allowed,allowed,True,True
sc_1996_insc_995,allowed,dismissed,allowed,dismissed,False,False
in_abs_train_120,dismissed,allowed,dismissed,allowed,False,False
sc_2006_insc_867,allowed,allowed,allowed,allowed,True,True
sc_1996_insc_414,allowed,dismissed,allowed,dismissed,False,False
in_abs_train_1539,allowed,allowed,allowed,allowed,True,True
sc_1980_insc_90,allowed,dismissed,allowed,allowed,False,True
in_abs_train_5113,allowed,allowed,allowed,allowed,True,True
sc_1974_insc_276,allowed,dismissed,allowed,dismissed,False,False
in_abs_train_4238,allowed,dismissed,allowed,dismissed,False,False
sc_1996_insc_895,allowed,allowed,allowed,allowed,True,True
sc_1965_insc_307,allowed,dismissed,allowed,dismissed,False,False
sc_2003_insc_716,allowed,allowed,allowed,allowed,True,True
in_abs_train_6272,allowed,dismissed,allowed,allowed,False,True
sc_2012_insc_604,allowed,allowed,allowed,dismissed,True,False
sc_2001_insc_504,dismissed,dismissed,dismissed,dismissed,True,True
sc_2010_insc_574,dismissed,dismissed,dismissed,dismissed,True,True
sc_1976_insc_22,allowed,allowed,allowed,allowed,True,True
sc_2012_insc_244,allowed,dismissed,allowed,dismissed,False,False
in_abs_train_6241,allowed,allowed,allowed,dismissed,True,False
sc_2015_insc_488,allowed,dismissed,allowed,dismissed,False,False
sc_2000_insc_140,dismissed,dismissed,dismissed,dismissed,True,True
sc_2014_insc_453,allowed,allowed,allowed,allowed,True,True
sc_2002_insc_167,allowed,dismissed,allowed,dismissed,False,False
sc_1995_insc_153,dismissed,dismissed,dismissed,dismissed,True,True
sc_1965_insc_142,dismissed,allowed,dismissed,allowed,False,False
in_abs_train_6795,allowed,dismissed,allowed,dismissed,False,False
sc_2018_insc_1149,allowed,dismissed,allowed,dismissed,False,False
sc_2012_insc_414,allowed,allowed,allowed,allowed,True,True
sc_2007_insc_197,dismissed,dismissed,dismissed,allowed,True,False
sc_1960_insc_205,allowed,dismissed,allowed,dismissed,False,False
sc_2001_insc_459,allowed,allowed,allowed,dismissed,True,False
sc_2005_insc_12,allowed,allowed,allowed,allowed,True,True
sc_1971_insc_229,allowed,allowed,allowed,allowed,True,True
sc_2014_insc_349,dismissed,dismissed,dismissed,allowed,True,False
in_abs_train_3304,dismissed,dismissed,dismissed,dismissed,True,True
sc_2006_insc_229,allowed,dismissed,allowed,dismissed,False,False
sc_1961_insc_96,dismissed,allowed,dismissed,dismissed,False,True
sc_2022_insc_219,allowed,dismissed,allowed,allowed,False,True
sc_1996_insc_614,allowed,allowed,allowed,allowed,True,True
sc_2016_insc_107,dismissed,dismissed,dismissed,dismissed,True,True
sc_2016_insc_205,allowed,allowed,allowed,allowed,True,True
in_abs_train_245,allowed,dismissed,allowed,dismissed,False,False
sc_2019_insc_1132,dismissed,dismissed,dismissed,allowed,True,False
sc_2016_insc_516,allowed,dismissed,allowed,dismissed,False,False
in_abs_train_2356,dismissed,allowed,dismissed,dismissed,False,True
sc_1989_insc_304,allowed,dismissed,allowed,dismissed,False,False
sc_1966_insc_111,dismissed,dismissed,dismissed,dismissed,True,True
sc_2018_insc_240,dismissed,allowed,dismissed,allowed,False,False
sc_1978_insc_195,dismissed,dismissed,dismissed,dismissed,True,True
sc_1995_insc_465,allowed,allowed,allowed,allowed,True,True
sc_2022_insc_562,allowed,dismissed,allowed,dismissed,False,False
sc_1996_insc_1507,allowed,allowed,allowed,allowed,True,True
in_abs_train_4803,allowed,dismissed,allowed,dismissed,False,False
in_abs_train_586,allowed,allowed,allowed,allowed,True,True
sc_1985_insc_10,dismissed,allowed,dismissed,dismissed,False,True
in_abs_train_3138,dismissed,allowed,dismissed,allowed,False,False
sc_1961_insc_8,allowed,allowed,allowed,dismissed,True,False
sc_2008_insc_1202,dismissed,dismissed,dismissed,dismissed,True,True
sc_1979_insc_191,dismissed,dismissed,dismissed,dismissed,True,True
in_abs_train_5843,dismissed,allowed,dismissed,dismissed,False,True
sc_1970_insc_216,allowed,dismissed,allowed,allowed,False,True
in_abs_train_135,dismissed,dismissed,dismissed,dismissed,True,True
sc_1954_insc_18,dismissed,dismissed,dismissed,dismissed,True,True
sc_2018_insc_1122,allowed,allowed,allowed,allowed,True,True
in_abs_train_1127,dismissed,dismissed,dismissed,allowed,True,False
sc_2002_insc_279,dismissed,allowed,dismissed,dismissed,False,True
sc_2008_insc_1049,dismissed,dismissed,dismissed,allowed,True,False
sc_2009_insc_993,dismissed,dismissed,dismissed,dismissed,True,True
sc_2022_insc_909,dismissed,allowed,dismissed,allowed,False,False
sc_2004_insc_381,allowed,dismissed,allowed,dismissed,False,False
sc_2022_insc_693,allowed,allowed,allowed,allowed,True,True
in_abs_train_795,dismissed,dismissed,dismissed,dismissed,True,True
sc_2007_insc_300,allowed,dismissed,allowed,dismissed,False,False
sc_1972_insc_5,dismissed,dismissed,dismissed,dismissed,True,True
sc_1962_insc_355,dismissed,allowed,dismissed,allowed,False,False
sc_2008_insc_701,dismissed,allowed,dismissed,allowed,False,False
sc_2010_insc_499,allowed,allowed,allowed,allowed,True,True
sc_1985_insc_32,allowed,dismissed,allowed,dismissed,False,False
sc_2007_insc_983,allowed,dismissed,allowed,allowed,False,True
sc_2024_insc_115,allowed,allowed,allowed,allowed,True,True
sc_2018_insc_642,allowed,dismissed,allowed,dismissed,False,False
sc_1963_insc_265,dismissed,dismissed,dismissed,dismissed,True,True
in_abs_train_7014,allowed,dismissed,allowed,dismissed,False,False
sc_1977_insc_198,allowed,allowed,allowed,allowed,True,True
sc_1959_insc_139,dismissed,dismissed,dismissed,dismissed,True,True
in_abs_train_658,allowed,dismissed,allowed,dismissed,False,False
in_abs_train_2549,dismissed,allowed,dismissed,dismissed,False,True
sc_1969_insc_258,dismissed,dismissed,dismissed,dismissed,True,True
sc_2014_insc_893,allowed,dismissed,allowed,dismissed,False,False
sc_1978_insc_219,allowed,allowed,allowed,allowed,True,True
sc_2012_insc_426,allowed,allowed,allowed,allowed,True,True
sc_2002_insc_456,dismissed,allowed,dismissed,dismissed,False,True
sc_1967_insc_99,allowed,allowed,allowed,allowed,True,True
sc_1973_insc_229,allowed,dismissed,allowed,dismissed,False,False
sc_1968_insc_181,allowed,dismissed,allowed,allowed,False,True
sc_2021_insc_151,allowed,dismissed,allowed,dismissed,False,False
sc_1978_insc_96,dismissed,allowed,dismissed,allowed,False,False
in_abs_train_5196,allowed,allowed,allowed,dismissed,True,False
sc_1968_insc_342,allowed,allowed,allowed,allowed,True,True
sc_2008_insc_85,dismissed,allowed,dismissed,allowed,False,False
in_abs_train_1190,dismissed,dismissed,dismissed,dismissed,True,True
in_abs_train_7052,allowed,dismissed,allowed,dismissed,False,False
sc_2000_insc_460,allowed,allowed,allowed,allowed,True,True
sc_2014_insc_748,allowed,dismissed,allowed,allowed,False,True
sc_2014_insc_146,allowed,allowed,allowed,dismissed,True,False
sc_2022_insc_749,dismissed,dismissed,dismissed,dismissed,True,True
sc_2003_insc_297,dismissed,allowed,dismissed,allowed,False,False
sc_1982_insc_63,dismissed,dismissed,dismissed,dismissed,True,True
sc_2015_insc_542,allowed,dismissed,allowed,allowed,False,True
sc_1988_insc_226,dismissed,dismissed,dismissed,dismissed,True,True
in_abs_train_822,allowed,dismissed,allowed,dismissed,False,False
sc_2009_insc_604,allowed,allowed,allowed,allowed,True,True
in_abs_train_7008,allowed,dismissed,allowed,dismissed,False,False
sc_2022_insc_451,dismissed,dismissed,dismissed,allowed,True,False
sc_1979_insc_158,dismissed,dismissed,dismissed,dismissed,True,True
sc_2020_insc_175,dismissed,dismissed,dismissed,allowed,True,False
sc_2011_insc_364,dismissed,dismissed,dismissed,dismissed,True,True
sc_2011_insc_78,allowed,allowed,allowed,dismissed,True,False
sc_2011_insc_641,allowed,dismissed,allowed,dismissed,False,False
sc_2019_insc_894,dismissed,dismissed,dismissed,dismissed,True,True
sc_2006_insc_515,dismissed,dismissed,dismissed,dismissed,True,True
sc_1979_insc_103,dismissed,dismissed,dismissed,dismissed,True,True
sc_2023_insc_723,dismissed,dismissed,dismissed,dismissed,True,True
sc_2014_insc_221,dismissed,allowed,dismissed,allowed,False,False
sc_1994_insc_42,dismissed,allowed,dismissed,allowed,False,False
sc_2009_insc_262,dismissed,allowed,dismissed,allowed,False,False
in_abs_train_6322,allowed,allowed,allowed,dismissed,True,False
sc_1976_insc_250,dismissed,dismissed,dismissed,allowed,True,False
sc_2001_insc_203,allowed,dismissed,allowed,dismissed,False,False
in_abs_train_6251,allowed,allowed,allowed,allowed,True,True
sc_1970_insc_137,dismissed,dismissed,dismissed,dismissed,True,True
in_abs_train_1927,allowed,allowed,allowed,dismissed,True,False
sc_2011_insc_207,allowed,allowed,allowed,allowed,True,True
sc_2014_insc_454,dismissed,allowed,dismissed,allowed,False,False
sc_1990_insc_358,allowed,dismissed,allowed,dismissed,False,False
sc_1961_insc_217,dismissed,allowed,dismissed,allowed,False,False
sc_2008_insc_1194,dismissed,dismissed,dismissed,dismissed,True,True
sc_2019_insc_300,dismissed,dismissed,dismissed,dismissed,True,True
sc_2021_insc_918,allowed,dismissed,allowed,dismissed,False,False
sc_2017_insc_1170,dismissed,allowed,dismissed,dismissed,False,True
sc_1966_insc_7,dismissed,dismissed,dismissed,dismissed,True,True
sc_1978_insc_239,dismissed,dismissed,dismissed,dismissed,True,True
sc_2010_insc_77,dismissed,allowed,dismissed,allowed,False,False
sc_2012_insc_38,dismissed,dismissed,dismissed,dismissed,True,True
sc_1996_insc_613,allowed,dismissed,allowed,dismissed,False,False
sc_1957_insc_11,dismissed,allowed,dismissed,allowed,False,False
sc_2019_insc_215,allowed,allowed,allowed,allowed,True,True
sc_2017_insc_451,allowed,allowed,allowed,allowed,True,True
sc_2012_insc_517,allowed,dismissed,allowed,allowed,False,True
sc_1987_insc_343,allowed,allowed,allowed,allowed,True,True
sc_1967_insc_174,allowed,allowed,allowed,dismissed,True,False
sc_1967_insc_106,dismissed,allowed,dismissed,dismissed,False,True
sc_1953_insc_16,allowed,dismissed,allowed,dismissed,False,False
sc_2007_insc_960,allowed,dismissed,allowed,dismissed,False,False
in_abs_train_2350,dismissed,dismissed,dismissed,dismissed,True,True
sc_1965_insc_119,dismissed,allowed,dismissed,allowed,False,False
sc_2008_insc_228,dismissed,dismissed,dismissed,allowed,True,False
in_abs_train_5799,dismissed,allowed,dismissed,dismissed,False,True
in_abs_train_6035,dismissed,dismissed,dismissed,dismissed,True,True
sc_2007_insc_1140,dismissed,dismissed,dismissed,dismissed,True,True
sc_2015_insc_263,dismissed,allowed,dismissed,dismissed,False,True
sc_1958_insc_6,dismissed,allowed,dismissed,dismissed,False,True
sc_1968_insc_231,allowed,allowed,allowed,allowed,True,True
sc_1991_insc_192,dismissed,dismissed,dismissed,dismissed,True,True
sc_2018_insc_980,allowed,dismissed,allowed,dismissed,False,False
sc_2000_insc_89,allowed,allowed,allowed,allowed,True,True
sc_1996_insc_67,dismissed,allowed,dismissed,allowed,False,False
in_abs_train_587,dismissed,dismissed,dismissed,allowed,True,False
sc_1965_insc_206,dismissed,dismissed,dismissed,dismissed,True,True
sc_1999_insc_152,dismissed,dismissed,dismissed,dismissed,True,True
in_abs_train_2415,dismissed,dismissed,dismissed,dismissed,True,True
sc_1996_insc_987,allowed,dismissed,allowed,dismissed,False,False
sc_2015_insc_209,allowed,allowed,allowed,dismissed,True,False
sc_2001_insc_181,allowed,allowed,allowed,dismissed,True,False
sc_2009_insc_734,allowed,dismissed,allowed,dismissed,False,False
sc_2009_insc_783,dismissed,dismissed,dismissed,dismissed,True,True
sc_2018_insc_420,allowed,allowed,allowed,allowed,True,True
sc_1995_insc_563,dismissed,dismissed,dismissed,dismissed,True,True
sc_2011_insc_582,allowed,allowed,allowed,allowed,True,True
in_abs_train_5427,dismissed,allowed,dismissed,dismissed,False,True
sc_2014_insc_876,allowed,dismissed,allowed,dismissed,False,False
sc_2022_insc_995,dismissed,allowed,dismissed,allowed,False,False
sc_2008_insc_1475,dismissed,allowed,dismissed,allowed,False,False
sc_1989_insc_286,dismissed,dismissed,dismissed,dismissed,True,True
sc_2020_insc_327,dismissed,dismissed,dismissed,dismissed,True,True
sc_1998_insc_98,dismissed,allowed,dismissed,allowed,False,False
sc_2008_insc_14,allowed,allowed,allowed,allowed,True,True
in_abs_train_6456,allowed,dismissed,allowed,dismissed,False,False
sc_2008_insc_276,allowed,allowed,allowed,allowed,True,True
sc_1994_insc_421,allowed,dismissed,allowed,dismissed,False,False
sc_1969_insc_98,allowed,dismissed,allowed,allowed,False,True
sc_1970_insc_189,allowed,dismissed,allowed,allowed,False,True
sc_2007_insc_509,allowed,allowed,allowed,allowed,True,True
sc_2007_insc_273,dismissed,dismissed,dismissed,dismissed,True,True
sc_2019_insc_729,allowed,allowed,allowed,allowed,True,True
sc_2014_insc_229,allowed,dismissed,allowed,dismissed,False,False
in_abs_train_3904,allowed,allowed,allowed,dismissed,True,False
sc_1980_insc_119,dismissed,dismissed,dismissed,dismissed,True,True
sc_1976_insc_123,dismissed,allowed,dismissed,allowed,False,False
sc_2021_insc_661,allowed,allowed,allowed,dismissed,True,False
sc_1995_insc_546,allowed,allowed,allowed,allowed,True,True
in_abs_train_2723,dismissed,dismissed,dismissed,dismissed,True,True
sc_2023_insc_959,allowed,dismissed,allowed,dismissed,False,False
sc_2010_insc_683,dismissed,dismissed,dismissed,dismissed,True,True
sc_2009_insc_877,dismissed,dismissed,dismissed,allowed,True,False
sc_2019_insc_1390,dismissed,dismissed,dismissed,dismissed,True,True
sc_2002_insc_184,dismissed,allowed,dismissed,allowed,False,False
sc_1967_insc_26,dismissed,allowed,dismissed,allowed,False,False
sc_1998_insc_172,allowed,dismissed,allowed,dismissed,False,False
sc_2005_insc_574,dismissed,dismissed,dismissed,dismissed,True,True
sc_2011_insc_145,allowed,allowed,allowed,allowed,True,True
in_abs_train_5824,allowed,dismissed,allowed,dismissed,False,False
sc_2015_insc_97,dismissed,dismissed,dismissed,dismissed,True,True
sc_2021_insc_103,allowed,dismissed,allowed,dismissed,False,False
sc_2006_insc_983,allowed,allowed,allowed,allowed,True,True
sc_2006_insc_838,dismissed,dismissed,dismissed,dismissed,True,True
sc_1968_insc_162,allowed,allowed,allowed,allowed,True,True
sc_1993_insc_61,dismissed,allowed,dismissed,allowed,False,False
in_abs_train_7045,allowed,allowed,allowed,dismissed,True,False
sc_2012_insc_606,dismissed,dismissed,dismissed,dismissed,True,True
sc_2013_insc_276,allowed,dismissed,allowed,dismissed,False,False
sc_1977_insc_45,allowed,dismissed,allowed,allowed,False,True
in_abs_train_3087,allowed,allowed,allowed,dismissed,True,False
sc_2008_insc_959,allowed,allowed,allowed,allowed,True,True
sc_1965_insc_96,dismissed,dismissed,dismissed,dismissed,True,True
sc_2010_insc_543,dismissed,allowed,dismissed,dismissed,False,True
sc_1988_insc_174,dismissed,dismissed,dismissed,dismissed,True,True
sc_2022_insc_1122,allowed,dismissed,allowed,dismissed,False,False
sc_2024_insc_154,allowed,allowed,allowed,allowed,True,True
sc_2022_insc_647,allowed,allowed,allowed,allowed,True,True
in_abs_train_2169,dismissed,allowed,dismissed,allowed,False,False
sc_2019_insc_517,allowed,dismissed,allowed,dismissed,False,False
sc_1955_insc_55,allowed,dismissed,allowed,dismissed,False,False
sc_2009_insc_950,dismissed,dismissed,dismissed,dismissed,True,True
sc_2003_insc_647,allowed,allowed,allowed,allowed,True,True
in_abs_train_1368,dismissed,allowed,dismissed,dismissed,False,True
sc_2000_insc_262,allowed,dismissed,allowed,dismissed,False,False
sc_2010_insc_715,allowed,dismissed,allowed,allowed,False,True
sc_2017_insc_1075,allowed,dismissed,allowed,dismissed,False,False
sc_2009_insc_243,allowed,dismissed,allowed,dismissed,False,False
sc_2023_insc_967,allowed,allowed,allowed,allowed,True,True
sc_1964_insc_233,dismissed,allowed,dismissed,allowed,False,False
sc_2020_insc_503,allowed,dismissed,allowed,dismissed,False,False
sc_1991_insc_272,dismissed,allowed,dismissed,allowed,False,False
sc_1961_insc_307,dismissed,allowed,dismissed,allowed,False,False
sc_2007_insc_951,allowed,allowed,allowed,allowed,True,True
in_abs_train_943,dismissed,dismissed,dismissed,dismissed,True,True
sc_2006_insc_906,allowed,dismissed,allowed,allowed,False,True
in_abs_train_5175,allowed,dismissed,allowed,dismissed,False,False
sc_1997_insc_513,allowed,allowed,allowed,dismissed,True,False
sc_2012_insc_450,dismissed,allowed,dismissed,allowed,False,False
sc_2023_insc_380,allowed,allowed,allowed,dismissed,True,False
in_abs_train_909,dismissed,dismissed,dismissed,dismissed,True,True
in_abs_train_6598,dismissed,allowed,dismissed,allowed,False,False
sc_1996_insc_191,dismissed,dismissed,dismissed,dismissed,True,True
in_abs_train_414,dismissed,dismissed,dismissed,allowed,True,False
in_abs_train_3383,dismissed,allowed,dismissed,dismissed,False,True
in_abs_train_1096,allowed,allowed,allowed,dismissed,True,False
sc_2017_insc_479,allowed,dismissed,allowed,dismissed,False,False
sc_2008_insc_438,allowed,dismissed,allowed,dismissed,False,False
sc_1987_insc_254,dismissed,allowed,dismissed,allowed,False,False
sc_1963_insc_264,dismissed,allowed,dismissed,allowed,False,False
sc_2008_insc_1055,dismissed,allowed,dismissed,dismissed,False,True
sc_2021_insc_27,allowed,allowed,allowed,allowed,True,True
in_abs_train_5596,dismissed,allowed,dismissed,allowed,False,False
sc_2023_insc_1070,allowed,dismissed,allowed,dismissed,False,False
sc_1976_insc_214,allowed,allowed,allowed,allowed,True,True
sc_1996_insc_220,allowed,allowed,allowed,allowed,True,True
sc_2016_insc_289,allowed,allowed,allowed,allowed,True,True
in_abs_train_1798,dismissed,dismissed,dismissed,dismissed,True,True
sc_1967_insc_270,dismissed,dismissed,dismissed,dismissed,True,True
in_abs_train_1534,dismissed,allowed,dismissed,dismissed,False,True
sc_2011_insc_423,allowed,dismissed,allowed,dismissed,False,False
in_abs_train_395,allowed,dismissed,allowed,dismissed,False,False
sc_2018_insc_613,allowed,allowed,allowed,dismissed,True,False
sc_2009_insc_338,allowed,dismissed,allowed,dismissed,False,False
sc_1986_insc_204,allowed,allowed,allowed,allowed,True,True
sc_1961_insc_134,dismissed,dismissed,dismissed,dismissed,True,True
sc_2014_insc_530,dismissed,dismissed,dismissed,allowed,True,False
in_abs_train_4280,dismissed,allowed,dismissed,allowed,False,False
sc_1996_insc_1442,dismissed,dismissed,dismissed,dismissed,True,True
in_abs_train_6538,allowed,dismissed,allowed,dismissed,False,False
sc_1984_insc_10,dismissed,dismissed,dismissed,dismissed,True,True
in_abs_train_708,allowed,allowed,allowed,allowed,True,True
sc_1998_insc_397,dismissed,dismissed,dismissed,dismissed,True,True
sc_1979_insc_155,allowed,dismissed,allowed,dismissed,False,False
sc_2004_insc_343,dismissed,allowed,dismissed,dismissed,False,True
sc_2004_insc_529,allowed,allowed,allowed,allowed,True,True
sc_2000_insc_433,dismissed,dismissed,dismissed,dismissed,True,True
in_abs_train_5053,allowed,allowed,allowed,dismissed,True,False
sc_1988_insc_88,dismissed,allowed,dismissed,allowed,False,False
sc_1964_insc_270,dismissed,dismissed,dismissed,dismissed,True,True
sc_1971_insc_83,dismissed,dismissed,dismissed,dismissed,True,True
sc_2002_insc_404,allowed,dismissed,allowed,allowed,False,True
sc_1998_insc_396,allowed,unknown,allowed,dismissed,False,False
sc_1997_insc_638,dismissed,dismissed,dismissed,dismissed,True,True
sc_2008_insc_896,allowed,allowed,allowed,allowed,True,True
in_abs_train_371,dismissed,dismissed,dismissed,dismissed,True,True
sc_1951_insc_55,dismissed,dismissed,dismissed,dismissed,True,True
sc_2007_insc_217,dismissed,allowed,dismissed,allowed,False,False
in_abs_train_2176,dismissed,dismissed,dismissed,dismissed,True,True
sc_1966_insc_200,dismissed,allowed,dismissed,allowed,False,False
sc_2002_insc_147,allowed,allowed,allowed,dismissed,True,False
sc_1956_insc_69,dismissed,dismissed,dismissed,dismissed,True,True
sc_2009_insc_764,dismissed,dismissed,dismissed,allowed,True,False
sc_1989_insc_354,dismissed,allowed,dismissed,allowed,False,False
sc_2004_insc_474,allowed,dismissed,allowed,allowed,False,True
sc_2018_insc_337,dismissed,dismissed,dismissed,allowed,True,False
in_abs_train_6736,allowed,allowed,allowed,allowed,True,True
sc_1968_insc_107,allowed,dismissed,allowed,allowed,False,True
sc_1961_insc_334,dismissed,allowed,dismissed,allowed,False,False
sc_2011_insc_803,dismissed,dismissed,dismissed,dismissed,True,True
sc_1986_insc_205,allowed,dismissed,allowed,dismissed,False,False
in_abs_train_5907,dismissed,allowed,dismissed,allowed,False,False
sc_2008_insc_513,dismissed,allowed,dismissed,allowed,False,False
sc_1980_insc_160,dismissed,dismissed,dismissed,dismissed,True,True
sc_2003_insc_120,allowed,dismissed,allowed,allowed,False,True
sc_1983_insc_142,allowed,allowed,allowed,allowed,True,True
sc_1996_insc_322,dismissed,dismissed,dismissed,dismissed,True,True
sc_1996_insc_704,allowed,allowed,allowed,allowed,True,True
in_abs_train_4236,allowed,allowed,allowed,dismissed,True,False
sc_2020_insc_85,dismissed,allowed,dismissed,allowed,False,False
sc_1963_insc_60,allowed,allowed,allowed,dismissed,True,False
sc_2009_insc_411,allowed,allowed,allowed,allowed,True,True
sc_1958_insc_95,allowed,dismissed,allowed,dismissed,False,False
sc_2019_insc_1405,dismissed,dismissed,dismissed,dismissed,True,True
sc_2013_insc_378,dismissed,dismissed,dismissed,dismissed,True,True
sc_1999_insc_112,allowed,dismissed,allowed,allowed,False,True
sc_1988_insc_365,dismissed,allowed,dismissed,allowed,False,False
in_abs_train_2982,allowed,dismissed,allowed,allowed,False,True
sc_2005_insc_508,dismissed,dismissed,dismissed,dismissed,True,True
sc_2021_insc_411,dismissed,allowed,dismissed,allowed,False,False
sc_1961_insc_51,allowed,dismissed,allowed,dismissed,False,False
sc_2016_insc_1178,dismissed,dismissed,dismissed,allowed,True,False
sc_2001_insc_141,allowed,allowed,allowed,allowed,True,True
sc_1960_insc_164,dismissed,dismissed,dismissed,dismissed,True,True
sc_2000_insc_459,dismissed,allowed,dismissed,dismissed,False,True
sc_1983_insc_193,dismissed,allowed,dismissed,allowed,False,False
sc_2001_insc_543,allowed,dismissed,allowed,allowed,False,True
sc_2021_insc_96,allowed,allowed,allowed,allowed,True,True
sc_2001_insc_249,dismissed,dismissed,dismissed,dismissed,True,True
sc_1998_insc_455,dismissed,dismissed,dismissed,dismissed,True,True
sc_2004_insc_625,allowed,allowed,allowed,dismissed,True,False
sc_2017_insc_1146,dismissed,dismissed,dismissed,dismissed,True,True
sc_1978_insc_52,dismissed,dismissed,dismissed,dismissed,True,True
sc_1960_insc_107,allowed,dismissed,allowed,dismissed,False,False
sc_2017_insc_221,allowed,dismissed,allowed,dismissed,False,False
in_abs_train_6497,dismissed,dismissed,dismissed,dismissed,True,True
sc_2004_insc_530,dismissed,allowed,dismissed,allowed,False,False
in_abs_train_4200,dismissed,dismissed,dismissed,dismissed,True,True
sc_1998_insc_299,allowed,dismissed,allowed,dismissed,False,False
sc_1965_insc_8,dismissed,allowed,dismissed,allowed,False,False
sc_2023_insc_621,allowed,allowed,allowed,allowed,True,True
sc_2009_insc_1311,dismissed,dismissed,dismissed,dismissed,True,True
sc_2015_insc_73,allowed,allowed,allowed,dismissed,True,False
sc_1997_insc_370,allowed,allowed,allowed,dismissed,True,False
in_abs_train_5325,dismissed,dismissed,dismissed,dismissed,True,True
in_abs_train_2927,allowed,dismissed,allowed,dismissed,False,False
sc_1999_insc_313,allowed,dismissed,allowed,dismissed,False,False
sc_1994_insc_519,dismissed,allowed,dismissed,allowed,False,False
sc_1952_insc_79,dismissed,allowed,dismissed,allowed,False,False
sc_2007_insc_1198,allowed,dismissed,allowed,dismissed,False,False
sc_2011_insc_254,dismissed,dismissed,dismissed,dismissed,True,True
sc_1985_insc_23,allowed,dismissed,allowed,dismissed,False,False
sc_2008_insc_1427,allowed,dismissed,allowed,dismissed,False,False
sc_1996_insc_942,dismissed,dismissed,dismissed,dismissed,True,True
sc_1954_insc_102,dismissed,dismissed,dismissed,dismissed,True,True
sc_1994_insc_68,allowed,allowed,allowed,allowed,True,True
sc_2007_insc_451,dismissed,dismissed,dismissed,dismissed,True,True
sc_2018_insc_965,allowed,dismissed,allowed,allowed,False,True
in_abs_train_2205,dismissed,dismissed,dismissed,allowed,True,False
sc_2014_insc_844,allowed,allowed,allowed,dismissed,True,False
in_abs_train_5472,dismissed,dismissed,dismissed,dismissed,True,True
sc_2018_insc_323,dismissed,allowed,dismissed,allowed,False,False
in_abs_train_2471,dismissed,allowed,dismissed,dismissed,False,True
sc_1996_insc_1050,allowed,dismissed,allowed,dismissed,False,False
in_abs_train_1907,dismissed,allowed,dismissed,allowed,False,False
in_abs_train_4403,allowed,dismissed,allowed,dismissed,False,False
in_abs_train_2513,dismissed,dismissed,dismissed,dismissed,True,True
sc_1975_insc_213,allowed,allowed,allowed,allowed,True,True
in_abs_train_1340,allowed,dismissed,allowed,dismissed,False,False
in_abs_train_4291,allowed,dismissed,allowed,allowed,False,True
sc_2022_insc_783,dismissed,dismissed,dismissed,dismissed,True,True
sc_2010_insc_638,dismissed,allowed,dismissed,dismissed,False,True
sc_1961_insc_324,allowed,allowed,allowed,allowed,True,True
in_abs_train_6359,dismissed,dismissed,dismissed,dismissed,True,True
sc_1979_insc_80,dismissed,dismissed,dismissed,dismissed,True,True
sc_2018_insc_819,allowed,allowed,allowed,allowed,True,True
sc_1963_insc_80,allowed,dismissed,allowed,dismissed,False,False
sc_2007_insc_372,dismissed,dismissed,dismissed,dismissed,True,True
sc_2010_insc_656,dismissed,allowed,dismissed,allowed,False,False
sc_1972_insc_20,dismissed,dismissed,dismissed,dismissed,True,True
sc_2024_insc_55,allowed,dismissed,allowed,allowed,False,True
sc_2017_insc_1056,allowed,dismissed,allowed,dismissed,False,False
sc_1977_insc_77,dismissed,allowed,dismissed,dismissed,False,True
sc_1996_insc_286,dismissed,dismissed,dismissed,dismissed,True,True
sc_2007_insc_1274,dismissed,dismissed,dismissed,dismissed,True,True
sc_2016_insc_316,allowed,dismissed,allowed,allowed,False,True
sc_2005_insc_365,allowed,allowed,allowed,allowed,True,True
sc_1997_insc_409,allowed,allowed,allowed,allowed,True,True
sc_2010_insc_273,allowed,dismissed,allowed,allowed,False,True
sc_1992_insc_303,allowed,dismissed,allowed,dismissed,False,False
sc_2001_insc_65,allowed,allowed,allowed,allowed,True,True
sc_2016_insc_907,allowed,allowed,allowed,dismissed,True,False
sc_1997_insc_772,allowed,allowed,allowed,allowed,True,True
sc_2009_insc_968,dismissed,allowed,dismissed,allowed,False,False
sc_1988_insc_90,allowed,allowed,allowed,dismissed,True,False
sc_2022_insc_1325,allowed,dismissed,allowed,dismissed,False,False
sc_1995_insc_687,allowed,dismissed,allowed,dismissed,False,False
sc_1998_insc_483,allowed,allowed,allowed,allowed,True,True
sc_1973_insc_58,allowed,dismissed,allowed,dismissed,False,False
sc_1974_insc_199,allowed,unknown,allowed,unknown,False,False
sc_1980_insc_87,dismissed,dismissed,dismissed,dismissed,True,True
sc_1968_insc_304,dismissed,dismissed,dismissed,dismissed,True,True
sc_1959_insc_134,dismissed,allowed,dismissed,allowed,False,False
sc_1998_insc_8,dismissed,allowed,dismissed,allowed,False,False
sc_2018_insc_47,dismissed,allowed,dismissed,dismissed,False,True
sc_2009_insc_236,dismissed,dismissed,dismissed,dismissed,True,True
sc_2018_insc_24,allowed,allowed,allowed,allowed,True,True
sc_2007_insc_1201,dismissed,dismissed,dismissed,dismissed,True,True
sc_1973_insc_109,allowed,dismissed,allowed,dismissed,False,False
sc_1994_insc_87,allowed,allowed,allowed,dismissed,True,False
sc_1987_insc_122,allowed,allowed,allowed,allowed,True,True
sc_2008_insc_160,dismissed,allowed,dismissed,allowed,False,False
sc_1975_insc_60,dismissed,allowed,dismissed,dismissed,False,True
sc_2019_insc_931,dismissed,dismissed,dismissed,dismissed,True,True
sc_2003_insc_530,allowed,dismissed,allowed,dismissed,False,False
sc_1992_insc_251,dismissed,dismissed,dismissed,dismissed,True,True
in_abs_train_5727,allowed,allowed,allowed,dismissed,True,False
sc_1984_insc_32,allowed,allowed,allowed,dismissed,True,False
sc_1989_insc_186,allowed,allowed,allowed,dismissed,True,False
sc_1963_insc_262,dismissed,dismissed,dismissed,dismissed,True,True
sc_2010_insc_192,dismissed,allowed,dismissed,dismissed,False,True
sc_1962_insc_344,allowed,allowed,allowed,dismissed,True,False
sc_2000_insc_436,allowed,dismissed,allowed,dismissed,False,False
in_abs_train_4196,dismissed,dismissed,dismissed,dismissed,True,True
sc_2006_insc_62,allowed,allowed,allowed,dismissed,True,False
in_abs_train_423,dismissed,dismissed,dismissed,dismissed,True,True
sc_2007_insc_1035,allowed,dismissed,allowed,dismissed,False,False
sc_1987_insc_235,allowed,dismissed,allowed,dismissed,False,False
sc_1996_insc_1509,allowed,dismissed,allowed,dismissed,False,False
sc_1985_insc_234,dismissed,dismissed,dismissed,allowed,True,False
sc_2005_insc_573,allowed,allowed,allowed,dismissed,True,False
sc_2009_insc_885,dismissed,dismissed,dismissed,dismissed,True,True
sc_2002_insc_244,dismissed,dismissed,dismissed,dismissed,True,True
sc_1989_insc_275,dismissed,dismissed,dismissed,allowed,True,False
sc_2008_insc_765,dismissed,allowed,dismissed,dismissed,False,True
in_abs_train_5713,dismissed,dismissed,dismissed,dismissed,True,True
sc_1974_insc_232,allowed,dismissed,allowed,dismissed,False,False
sc_2016_insc_864,dismissed,allowed,dismissed,allowed,False,False
sc_1995_insc_819,allowed,dismissed,allowed,dismissed,False,False
sc_1973_insc_193,dismissed,allowed,dismissed,allowed,False,False
sc_1988_insc_69,dismissed,dismissed,dismissed,dismissed,True,True
sc_2008_insc_1014,allowed,dismissed,allowed,dismissed,False,False
in_abs_train_5763,dismissed,dismissed,dismissed,dismissed,True,True
sc_2023_insc_526,dismissed,allowed,dismissed,dismissed,False,True
sc_1996_insc_741,allowed,allowed,allowed,allowed,True,True
in_abs_train_3429,dismissed,allowed,dismissed,allowed,False,False
sc_1986_insc_64,allowed,allowed,allowed,allowed,True,True
sc_2019_insc_780,allowed,allowed,allowed,allowed,True,True
sc_1964_insc_268,dismissed,allowed,dismissed,allowed,False,False
sc_1969_insc_13,dismissed,allowed,dismissed,dismissed,False,True
sc_1976_insc_239,dismissed,dismissed,dismissed,dismissed,True,True
in_abs_train_6246,allowed,dismissed,allowed,dismissed,False,False
sc_1988_insc_307,allowed,dismissed,allowed,dismissed,False,False
sc_2017_insc_749,allowed,allowed,allowed,dismissed,True,False
sc_1997_insc_803,allowed,allowed,allowed,allowed,True,True
sc_1978_insc_147,dismissed,allowed,dismissed,allowed,False,False
sc_2007_insc_45,allowed,dismissed,allowed,allowed,False,True
sc_1969_insc_37,dismissed,allowed,dismissed,dismissed,False,True
in_abs_train_3058,dismissed,dismissed,dismissed,dismissed,True,True
sc_1987_insc_107,dismissed,dismissed,dismissed,dismissed,True,True
sc_1972_insc_211,dismissed,dismissed,dismissed,dismissed,True,True
in_abs_train_2096,dismissed,dismissed,dismissed,dismissed,True,True
sc_1987_insc_324,allowed,allowed,allowed,allowed,True,True
in_abs_train_6845,dismissed,allowed,dismissed,allowed,False,False
sc_1968_insc_39,allowed,dismissed,allowed,dismissed,False,False
sc_1975_insc_59,dismissed,dismissed,dismissed,dismissed,True,True
sc_1982_insc_58,dismissed,dismissed,dismissed,dismissed,True,True
sc_2012_insc_475,allowed,dismissed,allowed,dismissed,False,False
sc_2024_insc_323,allowed,allowed,allowed,allowed,True,True
sc_1979_insc_36,allowed,dismissed,allowed,dismissed,False,False
sc_2010_insc_520,dismissed,allowed,dismissed,allowed,False,False
sc_2005_insc_262,dismissed,dismissed,dismissed,allowed,True,False
sc_2002_insc_302,dismissed,allowed,dismissed,allowed,False,False
sc_2012_insc_488,allowed,allowed,allowed,allowed,True,True
sc_1989_insc_118,allowed,dismissed,allowed,allowed,False,True
sc_2023_insc_122,dismissed,allowed,dismissed,allowed,False,False
sc_2008_insc_86,dismissed,dismissed,dismissed,dismissed,True,True
in_abs_train_3601,dismissed,allowed,dismissed,allowed,False,False
sc_1968_insc_63,allowed,dismissed,allowed,dismissed,False,False
sc_2005_insc_272,allowed,dismissed,allowed,dismissed,False,False
sc_2010_insc_682,dismissed,allowed,dismissed,allowed,False,False
sc_2010_insc_422,dismissed,allowed,dismissed,allowed,False,False
sc_1995_insc_718,allowed,allowed,allowed,allowed,True,True
sc_1971_insc_317,dismissed,allowed,dismissed,dismissed,False,True
in_abs_train_2518,dismissed,dismissed,dismissed,dismissed,True,True
sc_2015_insc_737,allowed,allowed,allowed,dismissed,True,False
sc_1995_insc_701,allowed,dismissed,allowed,dismissed,False,False
sc_1971_insc_256,dismissed,allowed,dismissed,allowed,False,False
sc_2008_insc_1181,allowed,dismissed,allowed,dismissed,False,False
in_abs_train_707,allowed,dismissed,allowed,dismissed,False,False
sc_2018_insc_225,dismissed,allowed,dismissed,dismissed,False,True
sc_2016_insc_84,allowed,dismissed,allowed,allowed,False,True
sc_1994_insc_385,allowed,allowed,allowed,allowed,True,True
in_abs_train_1300,dismissed,dismissed,dismissed,dismissed,True,True
sc_2011_insc_313,dismissed,dismissed,dismissed,dismissed,True,True
sc_1969_insc_259,dismissed,dismissed,dismissed,dismissed,True,True
sc_2009_insc_438,allowed,dismissed,allowed,dismissed,False,False
sc_1996_insc_331,dismissed,dismissed,dismissed,dismissed,True,True
sc_2015_insc_16,allowed,dismissed,allowed,dismissed,False,False
sc_1972_insc_206,dismissed,allowed,dismissed,allowed,False,False
sc_1987_insc_63,allowed,dismissed,allowed,dismissed,False,False
sc_2014_insc_177,allowed,dismissed,allowed,dismissed,False,False
sc_1984_insc_27,allowed,allowed,allowed,allowed,True,True
in_abs_train_4899,dismissed,allowed,dismissed,allowed,False,False
sc_1975_insc_110,dismissed,dismissed,dismissed,dismissed,True,True
in_abs_train_1814,dismissed,dismissed,dismissed,dismissed,True,True
sc_2021_insc_203,allowed,allowed,allowed,allowed,True,True
sc_2009_insc_18,allowed,dismissed,allowed,dismissed,False,False
sc_2008_insc_31,allowed,allowed,allowed,dismissed,True,False
sc_1995_insc_559,allowed,allowed,allowed,allowed,True,True
sc_1990_insc_187,allowed,allowed,allowed,dismissed,True,False
sc_2022_insc_959,dismissed,dismissed,dismissed,dismissed,True,True
sc_2004_insc_725,dismissed,dismissed,dismissed,dismissed,True,True
in_abs_train_3202,dismissed,allowed,dismissed,dismissed,False,True
sc_1994_insc_388,dismissed,dismissed,dismissed,dismissed,True,True
sc_1993_insc_41,allowed,allowed,allowed,allowed,True,True
sc_1961_insc_269,dismissed,allowed,dismissed,allowed,False,False
sc_1963_insc_16,dismissed,allowed,dismissed,dismissed,False,True
sc_2017_insc_890,allowed,allowed,allowed,dismissed,True,False
in_abs_train_3713,dismissed,allowed,dismissed,allowed,False,False
sc_2000_insc_598,allowed,dismissed,allowed,allowed,False,True
sc_2023_insc_1086,dismissed,dismissed,dismissed,dismissed,True,True
sc_2004_insc_512,allowed,allowed,allowed,allowed,True,True
sc_1967_insc_199,dismissed,dismissed,dismissed,dismissed,True,True
in_abs_train_2174,dismissed,dismissed,dismissed,dismissed,True,True
sc_1962_insc_359,dismissed,allowed,dismissed,allowed,False,False
sc_1995_insc_39,allowed,allowed,allowed,allowed,True,True
sc_1957_insc_70,dismissed,dismissed,dismissed,dismissed,True,True
sc_2013_insc_789,allowed,allowed,allowed,dismissed,True,False
sc_2005_insc_586,allowed,dismissed,allowed,dismissed,False,False
sc_2008_insc_758,allowed,allowed,allowed,allowed,True,True
sc_1989_insc_221,dismissed,dismissed,dismissed,allowed,True,False
in_abs_train_280,dismissed,dismissed,dismissed,dismissed,True,True
sc_1976_insc_314,dismissed,allowed,dismissed,dismissed,False,True
sc_1986_insc_124,dismissed,allowed,dismissed,allowed,False,False
in_abs_train_6552,allowed,dismissed,allowed,dismissed,False,False
sc_1966_insc_73,allowed,dismissed,allowed,dismissed,False,False
sc_2010_insc_855,allowed,allowed,allowed,dismissed,True,False
sc_2023_insc_845,dismissed,dismissed,dismissed,dismissed,True,True
in_abs_train_4776,allowed,allowed,allowed,allowed,True,True
sc_2002_insc_142,allowed,allowed,allowed,allowed,True,True
sc_2004_insc_582,dismissed,dismissed,dismissed,dismissed,True,True
sc_2010_insc_365,allowed,dismissed,allowed,dismissed,False,False
sc_1997_insc_135,allowed,dismissed,allowed,dismissed,False,False
sc_1999_insc_371,allowed,allowed,allowed,allowed,True,True
sc_2012_insc_370,allowed,allowed,allowed,allowed,True,True
sc_1999_insc_30,dismissed,allowed,dismissed,dismissed,False,True
sc_2015_insc_978,dismissed,allowed,dismissed,allowed,False,False
in_abs_train_5179,dismissed,dismissed,dismissed,dismissed,True,True
sc_2000_insc_205,dismissed,dismissed,dismissed,allowed,True,False
sc_2010_insc_749,dismissed,dismissed,dismissed,dismissed,True,True
sc_2009_insc_630,allowed,allowed,allowed,allowed,True,True
sc_2004_insc_453,allowed,allowed,allowed,allowed,True,True
sc_2019_insc_853,dismissed,dismissed,dismissed,allowed,True,False
sc_2009_insc_100,dismissed,dismissed,dismissed,dismissed,True,True
sc_2020_insc_246,dismissed,allowed,dismissed,allowed,False,False
sc_1966_insc_87,dismissed,dismissed,dismissed,dismissed,True,True
sc_1957_insc_111,dismissed,allowed,dismissed,dismissed,False,True
sc_1965_insc_137,dismissed,dismissed,dismissed,allowed,True,False
sc_2002_insc_151,dismissed,dismissed,dismissed,dismissed,True,True
sc_1993_insc_332,allowed,allowed,allowed,allowed,True,True
sc_2023_insc_180,dismissed,dismissed,dismissed,allowed,True,False
sc_2004_insc_130,dismissed,allowed,dismissed,allowed,False,False
sc_1979_insc_29,dismissed,dismissed,dismissed,allowed,True,False
sc_2004_insc_192,allowed,allowed,allowed,allowed,True,True
sc_2000_insc_373,allowed,allowed,allowed,allowed,True,True
sc_2015_insc_257,allowed,dismissed,allowed,dismissed,False,False
sc_1964_insc_53,dismissed,dismissed,dismissed,dismissed,True,True
sc_1977_insc_168,dismissed,dismissed,dismissed,dismissed,True,True
in_abs_train_6282,dismissed,dismissed,dismissed,dismissed,True,True
sc_2013_insc_37,allowed,allowed,allowed,allowed,True,True
sc_1989_insc_123,dismissed,allowed,dismissed,allowed,False,False
sc_1990_insc_100,allowed,allowed,allowed,dismissed,True,False
sc_1975_insc_279,allowed,dismissed,allowed,dismissed,False,False
sc_1983_insc_39,allowed,dismissed,allowed,dismissed,False,False
sc_2019_insc_1315,dismissed,dismissed,dismissed,allowed,True,False
sc_1995_insc_119,allowed,dismissed,allowed,dismissed,False,False
sc_2006_insc_938,allowed,dismissed,allowed,dismissed,False,False
sc_2018_insc_19,allowed,dismissed,allowed,dismissed,False,False
sc_2021_insc_867,dismissed,allowed,dismissed,allowed,False,False
sc_1979_insc_102,allowed,dismissed,allowed,allowed,False,True
sc_1996_insc_1009,allowed,dismissed,allowed,allowed,False,True
sc_1960_insc_207,dismissed,dismissed,dismissed,dismissed,True,True
sc_2010_insc_675,dismissed,allowed,dismissed,allowed,False,False
sc_2004_insc_183,dismissed,dismissed,dismissed,dismissed,True,True
in_abs_train_3412,allowed,dismissed,allowed,dismissed,False,False
in_abs_train_3176,allowed,dismissed,allowed,dismissed,False,False
in_abs_train_7031,allowed,allowed,allowed,allowed,True,True
sc_2013_insc_801,dismissed,allowed,dismissed,allowed,False,False
sc_2010_insc_728,allowed,allowed,allowed,dismissed,True,False
sc_1990_insc_216,dismissed,allowed,dismissed,dismissed,False,True
sc_1978_insc_59,allowed,allowed,allowed,allowed,True,True
in_abs_train_3805,dismissed,dismissed,dismissed,dismissed,True,True
sc_1994_insc_288,allowed,dismissed,allowed,dismissed,False,False
sc_2015_insc_327,allowed,allowed,allowed,dismissed,True,False
sc_2017_insc_473,allowed,dismissed,allowed,dismissed,False,False
sc_1975_insc_234,allowed,allowed,allowed,allowed,True,True
sc_2009_insc_1310,dismissed,dismissed,dismissed,dismissed,True,True
sc_2017_insc_820,dismissed,allowed,dismissed,allowed,False,False
sc_1995_insc_338,allowed,dismissed,allowed,dismissed,False,False
in_abs_train_1420,dismissed,allowed,dismissed,allowed,False,False
sc_1967_insc_16,dismissed,dismissed,dismissed,dismissed,True,True
sc_2021_insc_647,allowed,allowed,allowed,allowed,True,True
sc_2020_insc_403,dismissed,allowed,dismissed,allowed,False,False
sc_1952_insc_63,dismissed,allowed,dismissed,allowed,False,False
sc_1996_insc_570,dismissed,dismissed,dismissed,dismissed,True,True
sc_2020_insc_140,allowed,dismissed,allowed,dismissed,False,False
sc_1993_insc_135,allowed,dismissed,allowed,dismissed,False,False
sc_1966_insc_126,dismissed,dismissed,dismissed,dismissed,True,True
sc_1996_insc_766,allowed,allowed,allowed,dismissed,True,False
sc_1960_insc_12,dismissed,dismissed,dismissed,dismissed,True,True
sc_2014_insc_472,dismissed,dismissed,dismissed,allowed,True,False
sc_1960_insc_268,dismissed,allowed,dismissed,dismissed,False,True
sc_1998_insc_253,allowed,dismissed,allowed,dismissed,False,False
sc_2009_insc_166,allowed,allowed,allowed,allowed,True,True
sc_1954_insc_112,dismissed,allowed,dismissed,allowed,False,False
sc_1991_insc_149,allowed,dismissed,allowed,allowed,False,True
in_abs_train_4520,dismissed,allowed,dismissed,allowed,False,False
sc_1953_insc_30,allowed,allowed,allowed,dismissed,True,False
in_abs_train_4268,allowed,dismissed,allowed,dismissed,False,False
sc_1970_insc_45,allowed,allowed,allowed,allowed,True,True
in_abs_train_1308,dismissed,dismissed,dismissed,dismissed,True,True
sc_2010_insc_274,dismissed,dismissed,dismissed,dismissed,True,True
in_abs_train_3535,allowed,dismissed,allowed,dismissed,False,False
in_abs_train_693,allowed,allowed,allowed,dismissed,True,False
sc_2017_insc_1259,dismissed,dismissed,dismissed,dismissed,True,True
in_abs_train_3109,dismissed,dismissed,dismissed,dismissed,True,True
sc_2022_insc_1178,dismissed,dismissed,dismissed,dismissed,True,True
sc_1985_insc_121,allowed,dismissed,allowed,allowed,False,True
sc_2002_insc_318,allowed,dismissed,allowed,dismissed,False,False
sc_2011_insc_86,allowed,dismissed,allowed,dismissed,False,False
sc_1961_insc_270,dismissed,dismissed,dismissed,dismissed,True,True
in_abs_train_1111,dismissed,allowed,dismissed,dismissed,False,True
sc_1968_insc_264,dismissed,dismissed,dismissed,dismissed,True,True
sc_1959_insc_138,allowed,dismissed,allowed,dismissed,False,False
sc_1987_insc_315,allowed,allowed,allowed,dismissed,True,False
sc_2011_insc_303,allowed,dismissed,allowed,dismissed,False,False
sc_1999_insc_520,allowed,dismissed,allowed,dismissed,False,False
sc_1965_insc_297,dismissed,dismissed,dismissed,dismissed,True,True
sc_2018_insc_260,allowed,dismissed,allowed,dismissed,False,False
sc_2016_insc_1111,allowed,allowed,allowed,allowed,True,True
sc_2008_insc_567,allowed,dismissed,allowed,dismissed,False,False
sc_2022_insc_34,dismissed,allowed,dismissed,allowed,False,False
sc_2005_insc_423,dismissed,dismissed,dismissed,dismissed,True,True
in_abs_train_5739,dismissed,dismissed,dismissed,allowed,True,False
sc_2024_insc_119,allowed,dismissed,allowed,dismissed,False,False
sc_1950_insc_39,allowed,allowed,allowed,allowed,True,True
sc_2023_insc_674,dismissed,dismissed,dismissed,dismissed,True,True
sc_2009_insc_572,dismissed,dismissed,dismissed,allowed,True,False
sc_2007_insc_786,dismissed,allowed,dismissed,allowed,False,False
in_abs_train_3251,dismissed,dismissed,dismissed,dismissed,True,True
sc_2001_insc_281,dismissed,dismissed,dismissed,dismissed,True,True
sc_2009_insc_109,dismissed,allowed,dismissed,allowed,False,False
sc_2006_insc_1027,dismissed,dismissed,dismissed,dismissed,True,True
sc_1960_insc_37,dismissed,dismissed,dismissed,dismissed,True,True
sc_2022_insc_1071,dismissed,allowed,dismissed,allowed,False,False
sc_2023_insc_782,allowed,dismissed,allowed,dismissed,False,False
sc_2008_insc_1386,dismissed,allowed,dismissed,allowed,False,False
sc_2024_insc_223,allowed,allowed,allowed,allowed,True,True
sc_2001_insc_443,dismissed,allowed,dismissed,allowed,False,False
sc_1991_insc_160,dismissed,allowed,dismissed,allowed,False,False
in_abs_train_1430,dismissed,allowed,dismissed,allowed,False,False
in_abs_train_509,dismissed,dismissed,dismissed,dismissed,True,True
sc_2005_insc_566,allowed,dismissed,allowed,allowed,False,True
sc_1965_insc_194,allowed,dismissed,allowed,dismissed,False,False
sc_2001_insc_60,dismissed,dismissed,dismissed,dismissed,True,True
sc_1958_insc_114,dismissed,dismissed,dismissed,dismissed,True,True
in_abs_train_2942,dismissed,allowed,dismissed,dismissed,False,True
sc_1989_insc_367,allowed,dismissed,allowed,allowed,False,True
sc_1998_insc_229,allowed,allowed,allowed,allowed,True,True
sc_2005_insc_149,allowed,allowed,allowed,allowed,True,True
sc_1969_insc_104,allowed,dismissed,allowed,dismissed,False,False
sc_2017_insc_358,allowed,allowed,allowed,allowed,True,True
sc_2016_insc_1141,dismissed,dismissed,dismissed,dismissed,True,True
sc_2008_insc_1198,dismissed,dismissed,dismissed,allowed,True,False
sc_2015_insc_471,dismissed,dismissed,dismissed,dismissed,True,True
sc_2023_insc_1073,dismissed,allowed,dismissed,allowed,False,False
sc_2003_insc_478,allowed,dismissed,allowed,allowed,False,True
sc_2021_insc_680,dismissed,dismissed,dismissed,dismissed,True,True
sc_2022_insc_1166,dismissed,allowed,dismissed,allowed,False,False
sc_1989_insc_43,dismissed,allowed,dismissed,dismissed,False,True
sc_2023_insc_870,dismissed,dismissed,dismissed,dismissed,True,True
sc_1979_insc_91,allowed,allowed,allowed,allowed,True,True
sc_2005_insc_446,dismissed,allowed,dismissed,allowed,False,False
sc_2015_insc_493,dismissed,allowed,dismissed,allowed,False,False
sc_1997_insc_257,dismissed,allowed,dismissed,allowed,False,False
sc_2022_insc_1291,allowed,dismissed,allowed,dismissed,False,False
sc_2016_insc_1145,dismissed,dismissed,dismissed,dismissed,True,True
sc_2016_insc_343,allowed,allowed,allowed,allowed,True,True
sc_1995_insc_285,dismissed,allowed,dismissed,allowed,False,False
sc_1970_insc_100,allowed,dismissed,allowed,dismissed,False,False
sc_1994_insc_132,dismissed,allowed,dismissed,allowed,False,False
sc_1999_insc_467,allowed,allowed,allowed,dismissed,True,False
sc_2003_insc_674,dismissed,dismissed,dismissed,dismissed,True,True
in_abs_train_6327,dismissed,dismissed,dismissed,dismissed,True,True
sc_1971_insc_276,allowed,dismissed,allowed,dismissed,False,False
in_abs_train_197,dismissed,dismissed,dismissed,dismissed,True,True
sc_2019_insc_996,allowed,dismissed,allowed,allowed,False,True
sc_2012_insc_435,dismissed,allowed,dismissed,allowed,False,False
sc_1989_insc_335,dismissed,allowed,dismissed,allowed,False,False
in_abs_train_6654,dismissed,allowed,dismissed,dismissed,False,True
sc_2018_insc_821,allowed,dismissed,allowed,dismissed,False,False
sc_2006_insc_252,allowed,dismissed,allowed,dismissed,False,False
in_abs_train_2156,dismissed,dismissed,dismissed,dismissed,True,True
sc_2008_insc_93,dismissed,allowed,dismissed,allowed,False,False
sc_1966_insc_266,allowed,allowed,allowed,allowed,True,True
sc_1970_insc_225,dismissed,dismissed,dismissed,dismissed,True,True
sc_1998_insc_356,allowed,dismissed,allowed,dismissed,False,False
sc_1961_insc_107,dismissed,dismissed,dismissed,dismissed,True,True
sc_1973_insc_150,dismissed,dismissed,dismissed,dismissed,True,True
sc_1996_insc_636,allowed,allowed,allowed,dismissed,True,False
sc_1996_insc_626,allowed,allowed,allowed,allowed,True,True
in_abs_train_3597,dismissed,dismissed,dismissed,dismissed,True,True
in_abs_train_349,dismissed,dismissed,dismissed,dismissed,True,True
sc_2023_insc_491,allowed,allowed,allowed,allowed,True,True
sc_2013_insc_399,allowed,allowed,allowed,allowed,True,True
sc_1995_insc_880,allowed,allowed,allowed,allowed,True,True
sc_2022_insc_287,dismissed,allowed,dismissed,allowed,False,False
sc_1996_insc_139,allowed,allowed,allowed,allowed,True,True
sc_1998_insc_80,dismissed,allowed,dismissed,allowed,False,False
sc_2006_insc_476,allowed,dismissed,allowed,dismissed,False,False
sc_1975_insc_54,allowed,dismissed,allowed,dismissed,False,False
sc_2019_insc_795,allowed,dismissed,allowed,allowed,False,True
sc_2018_insc_1103,allowed,allowed,allowed,allowed,True,True
sc_2018_insc_1182,allowed,allowed,allowed,allowed,True,True
sc_1979_insc_240,dismissed,allowed,dismissed,allowed,False,False
sc_1990_insc_3,allowed,allowed,allowed,allowed,True,True
sc_1968_insc_158,dismissed,allowed,dismissed,allowed,False,False
sc_1954_insc_99,dismissed,dismissed,dismissed,dismissed,True,True
in_abs_train_3428,dismissed,allowed,dismissed,dismissed,False,True
sc_1967_insc_58,allowed,allowed,allowed,allowed,True,True
sc_2005_insc_538,allowed,allowed,allowed,dismissed,True,False
in_abs_train_5800,allowed,allowed,allowed,dismissed,True,False
in_abs_train_3705,allowed,dismissed,allowed,allowed,False,True
sc_2006_insc_354,allowed,allowed,allowed,allowed,True,True
sc_2019_insc_1346,dismissed,dismissed,dismissed,dismissed,True,True
sc_2005_insc_621,allowed,allowed,allowed,dismissed,True,False
sc_2007_insc_119,allowed,dismissed,allowed,dismissed,False,False
sc_1998_insc_474,allowed,allowed,allowed,allowed,True,True
sc_1999_insc_271,dismissed,dismissed,dismissed,dismissed,True,True
sc_2007_insc_409,dismissed,dismissed,dismissed,allowed,True,False
in_abs_train_2804,allowed,allowed,allowed,allowed,True,True
sc_1965_insc_197,dismissed,allowed,dismissed,dismissed,False,True
sc_2002_insc_409,allowed,dismissed,allowed,dismissed,False,False
sc_2017_insc_447,dismissed,allowed,dismissed,dismissed,False,True
sc_2001_insc_190,allowed,dismissed,allowed,dismissed,False,False
sc_2019_insc_979,dismissed,dismissed,dismissed,dismissed,True,True
sc_2007_insc_1306,dismissed,dismissed,dismissed,dismissed,True,True
sc_1962_insc_189,dismissed,allowed,dismissed,dismissed,False,True
sc_2015_insc_135,allowed,allowed,allowed,allowed,True,True
sc_2014_insc_506,dismissed,allowed,dismissed,allowed,False,False
sc_2024_insc_289,allowed,dismissed,allowed,dismissed,False,False
sc_2012_insc_117,allowed,dismissed,allowed,dismissed,False,False
sc_2011_insc_263,allowed,allowed,allowed,allowed,True,True
sc_2003_insc_519,allowed,dismissed,allowed,dismissed,False,False
in_abs_train_4799,dismissed,allowed,dismissed,allowed,False,False
sc_2015_insc_841,allowed,allowed,allowed,allowed,True,True
sc_1976_insc_326,dismissed,dismissed,dismissed,allowed,True,False
in_abs_train_3398,dismissed,dismissed,dismissed,dismissed,True,True
sc_1966_insc_81,dismissed,allowed,dismissed,dismissed,False,True
sc_2020_insc_444,allowed,dismissed,allowed,dismissed,False,False
sc_2010_insc_883,dismissed,dismissed,dismissed,allowed,True,False
sc_1982_insc_45,dismissed,allowed,dismissed,allowed,False,False
in_abs_train_6998,dismissed,dismissed,dismissed,dismissed,True,True
in_abs_train_2807,allowed,allowed,allowed,dismissed,True,False
sc_2011_insc_34,allowed,dismissed,allowed,allowed,False,True
in_abs_train_1126,dismissed,dismissed,dismissed,dismissed,True,True
sc_2017_insc_464,allowed,dismissed,allowed,dismissed,False,False
sc_2021_insc_292,allowed,allowed,allowed,dismissed,True,False
sc_2016_insc_1198,allowed,allowed,allowed,allowed,True,True
sc_1980_insc_92,dismissed,dismissed,dismissed,allowed,True,False
sc_2006_insc_308,dismissed,allowed,dismissed,dismissed,False,True
sc_1966_insc_249,dismissed,dismissed,dismissed,dismissed,True,True
sc_1973_insc_105,allowed,allowed,allowed,allowed,True,True
sc_2000_insc_468,dismissed,dismissed,dismissed,dismissed,True,True
sc_2019_insc_856,allowed,dismissed,allowed,dismissed,False,False
sc_2014_insc_329,dismissed,allowed,dismissed,dismissed,False,True
sc_1996_insc_1467,dismissed,allowed,dismissed,allowed,False,False
sc_1957_insc_75,allowed,dismissed,allowed,dismissed,False,False
sc_1996_insc_1246,dismissed,allowed,dismissed,allowed,False,False
sc_2010_insc_357,dismissed,dismissed,dismissed,allowed,True,False
sc_1995_insc_482,allowed,allowed,allowed,allowed,True,True
sc_2014_insc_154,dismissed,dismissed,dismissed,dismissed,True,True
sc_1997_insc_6,allowed,allowed,allowed,allowed,True,True
sc_1974_insc_82,dismissed,allowed,dismissed,allowed,False,False
sc_2014_insc_474,allowed,dismissed,allowed,dismissed,False,False
sc_2023_insc_231,allowed,dismissed,allowed,dismissed,False,False
in_abs_train_6896,dismissed,dismissed,dismissed,dismissed,True,True
sc_2021_insc_899,allowed,dismissed,allowed,dismissed,False,False
in_abs_train_4948,dismissed,dismissed,dismissed,dismissed,True,True
sc_2020_insc_122,dismissed,dismissed,dismissed,dismissed,True,True
sc_2015_insc_450,dismissed,allowed,dismissed,dismissed,False,True
sc_2008_insc_1121,dismissed,dismissed,dismissed,allowed,True,False
sc_2013_insc_663,allowed,dismissed,allowed,dismissed,False,False
sc_1978_insc_181,dismissed,dismissed,dismissed,dismissed,True,True
sc_1957_insc_23,allowed,dismissed,allowed,dismissed,False,False
sc_1995_insc_14,dismissed,allowed,dismissed,allowed,False,False
sc_2017_insc_662,dismissed,allowed,dismissed,dismissed,False,True
sc_1997_insc_245,allowed,allowed,allowed,allowed,True,True
sc_2024_insc_175,dismissed,allowed,dismissed,allowed,False,False
in_abs_train_5631,allowed,allowed,allowed,allowed,True,True
sc_2015_insc_422,allowed,dismissed,allowed,dismissed,False,False
sc_1967_insc_280,dismissed,dismissed,dismissed,dismissed,True,True
in_abs_train_3586,allowed,dismissed,allowed,dismissed,False,False
sc_2013_insc_140,dismissed,dismissed,dismissed,dismissed,True,True
sc_1985_insc_192,dismissed,dismissed,dismissed,dismissed,True,True
sc_1972_insc_76,dismissed,allowed,dismissed,dismissed,False,True
in_abs_train_1765,dismissed,dismissed,dismissed,allowed,True,False
sc_2014_insc_25,allowed,allowed,allowed,dismissed,True,False
sc_2017_4_78_88_en,dismissed,dismissed,dismissed,dismissed,True,True
sc_2006_insc_492,allowed,allowed,allowed,dismissed,True,False
sc_1975_insc_225,dismissed,dismissed,dismissed,dismissed,True,True
in_abs_train_290,allowed,allowed,allowed,allowed,True,True
sc_2022_insc_344,dismissed,allowed,dismissed,allowed,False,False
sc_1994_insc_395,allowed,dismissed,allowed,allowed,False,True
sc_2012_insc_68,allowed,dismissed,allowed,dismissed,False,False
sc_2016_insc_585,dismissed,dismissed,dismissed,dismissed,True,True
sc_2017_insc_421,dismissed,allowed,dismissed,allowed,False,False
in_abs_train_1059,dismissed,allowed,dismissed,allowed,False,False
sc_1984_insc_156,dismissed,allowed,dismissed,allowed,False,False
sc_2009_insc_660,allowed,allowed,allowed,dismissed,True,False
sc_2001_insc_465,dismissed,dismissed,dismissed,dismissed,True,True
sc_1986_insc_85,dismissed,allowed,dismissed,dismissed,False,True
sc_2021_insc_778,allowed,allowed,allowed,allowed,True,True
sc_2005_insc_69,dismissed,dismissed,dismissed,dismissed,True,True
sc_1997_insc_328,dismissed,allowed,dismissed,allowed,False,False
sc_2021_insc_570,allowed,allowed,allowed,allowed,True,True
sc_1950_insc_1,dismissed,dismissed,dismissed,allowed,True,False
sc_1995_insc_123,allowed,allowed,allowed,allowed,True,True
sc_1997_insc_396,dismissed,dismissed,dismissed,dismissed,True,True
sc_2006_insc_30,allowed,allowed,allowed,allowed,True,True
sc_1982_insc_1,dismissed,allowed,dismissed,allowed,False,False
sc_2015_insc_745,allowed,dismissed,allowed,allowed,False,True
sc_1975_insc_214,allowed,dismissed,allowed,dismissed,False,False
sc_1952_insc_78,dismissed,dismissed,dismissed,dismissed,True,True
sc_1970_insc_121,dismissed,dismissed,dismissed,allowed,True,False
sc_2017_insc_656,allowed,allowed,allowed,allowed,True,True
sc_1967_insc_232,allowed,dismissed,allowed,dismissed,False,False
sc_2012_insc_325,dismissed,dismissed,dismissed,allowed,True,False
sc_1994_insc_211,allowed,dismissed,allowed,dismissed,False,False
in_abs_train_1423,dismissed,allowed,dismissed,dismissed,False,True
in_abs_train_3702,dismissed,dismissed,dismissed,dismissed,True,True
sc_1996_insc_1497,allowed,allowed,allowed,allowed,True,True
sc_1976_insc_175,allowed,allowed,allowed,allowed,True,True
sc_2009_insc_1275,dismissed,allowed,dismissed,allowed,False,False
in_abs_train_7021,allowed,dismissed,allowed,allowed,False,True
sc_2004_insc_500,allowed,dismissed,allowed,dismissed,False,False
sc_1989_insc_163,dismissed,dismissed,dismissed,allowed,True,False
in_abs_train_553,allowed,dismissed,allowed,dismissed,False,False
in_abs_train_1855,dismissed,dismissed,dismissed,allowed,True,False
sc_1992_insc_334,dismissed,dismissed,dismissed,dismissed,True,True
sc_2008_insc_219,allowed,allowed,allowed,allowed,True,True
sc_1996_insc_136,dismissed,allowed,dismissed,dismissed,False,True
sc_2011_insc_135,allowed,allowed,allowed,allowed,True,True
sc_2023_insc_676,allowed,dismissed,allowed,dismissed,False,False
sc_2010_insc_190,dismissed,allowed,dismissed,allowed,False,False
sc_2015_insc_654,allowed,allowed,allowed,allowed,True,True
sc_1992_insc_19,allowed,dismissed,allowed,allowed,False,True
sc_2006_insc_994,dismissed,dismissed,dismissed,allowed,True,False
sc_1967_insc_84,dismissed,allowed,dismissed,allowed,False,False
sc_2009_insc_1264,allowed,allowed,allowed,allowed,True,True
sc_2023_insc_368,dismissed,dismissed,dismissed,dismissed,True,True
in_abs_train_3571,dismissed,dismissed,dismissed,dismissed,True,True
sc_2008_insc_1336,dismissed,allowed,dismissed,allowed,False,False
sc_2007_insc_469,dismissed,dismissed,dismissed,dismissed,True,True
sc_1989_insc_355,allowed,allowed,allowed,allowed,True,True
sc_2002_insc_394,dismissed,dismissed,dismissed,allowed,True,False
sc_1955_insc_22,allowed,dismissed,allowed,dismissed,False,False
sc_1958_insc_93,dismissed,allowed,dismissed,allowed,False,False
sc_1994_insc_142,allowed,allowed,allowed,dismissed,True,False
in_abs_train_4761,allowed,dismissed,allowed,allowed,False,True
sc_2002_insc_307,dismissed,dismissed,dismissed,allowed,True,False
sc_2018_insc_1162,allowed,allowed,allowed,allowed,True,True
sc_2002_insc_293,allowed,dismissed,allowed,dismissed,False,False
sc_1962_insc_374,dismissed,dismissed,dismissed,dismissed,True,True
sc_1967_insc_76,allowed,allowed,allowed,allowed,True,True
in_abs_train_6539,allowed,dismissed,allowed,dismissed,False,False
in_abs_train_6375,allowed,dismissed,allowed,dismissed,False,False
sc_2008_insc_459,allowed,allowed,allowed,allowed,True,True
sc_2008_insc_919,allowed,dismissed,allowed,allowed,False,True
sc_1958_insc_33,dismissed,dismissed,dismissed,dismissed,True,True
sc_1988_insc_300,dismissed,dismissed,dismissed,dismissed,True,True
in_abs_train_6039,dismissed,dismissed,dismissed,dismissed,True,True
sc_2010_insc_133,allowed,allowed,allowed,allowed,True,True
sc_1962_insc_342,allowed,dismissed,allowed,dismissed,False,False
sc_1995_insc_899,allowed,allowed,allowed,allowed,True,True
in_abs_train_2335,allowed,dismissed,allowed,dismissed,False,False
sc_2011_insc_326,allowed,dismissed,allowed,dismissed,False,False
sc_2003_insc_566,dismissed,dismissed,dismissed,dismissed,True,True
sc_1995_insc_524,allowed,allowed,allowed,dismissed,True,False
sc_2001_insc_7,allowed,allowed,allowed,allowed,True,True
in_abs_train_3714,dismissed,allowed,dismissed,allowed,False,False
sc_1957_insc_17,dismissed,allowed,dismissed,allowed,False,False
in_abs_train_5160,allowed,allowed,allowed,allowed,True,True
in_abs_train_5036,allowed,dismissed,allowed,dismissed,False,False
sc_2022_insc_1152,allowed,allowed,allowed,allowed,True,True
sc_1988_insc_279,dismissed,dismissed,dismissed,dismissed,True,True
sc_1979_insc_180,dismissed,dismissed,dismissed,allowed,True,False
sc_2004_insc_243,allowed,allowed,allowed,allowed,True,True
sc_1977_insc_220,allowed,allowed,allowed,allowed,True,True
sc_2016_insc_159,dismissed,allowed,dismissed,allowed,False,False
sc_1998_insc_216,allowed,dismissed,allowed,dismissed,False,False
sc_1984_insc_14,dismissed,dismissed,dismissed,allowed,True,False
sc_1979_insc_198,dismissed,dismissed,dismissed,dismissed,True,True
sc_2008_insc_1021,dismissed,unknown,dismissed,unknown,False,False
sc_1999_insc_330,allowed,allowed,allowed,allowed,True,True
sc_2015_insc_171,allowed,dismissed,allowed,dismissed,False,False
sc_1997_insc_550,dismissed,dismissed,dismissed,dismissed,True,True
sc_1995_insc_818,allowed,dismissed,allowed,allowed,False,True
sc_2009_insc_853,dismissed,dismissed,dismissed,allowed,True,False
sc_1981_insc_202,allowed,dismissed,allowed,dismissed,False,False
sc_2008_insc_1403,allowed,dismissed,allowed,allowed,False,True
sc_2009_insc_1026,allowed,dismissed,allowed,allowed,False,True
in_abs_train_1468,dismissed,dismissed,dismissed,allowed,True,False
sc_2022_insc_1056,allowed,allowed,allowed,allowed,True,True
sc_2008_insc_571,dismissed,allowed,dismissed,allowed,False,False
sc_2015_insc_92,allowed,dismissed,allowed,allowed,False,True
sc_1979_insc_9,allowed,dismissed,allowed,dismissed,False,False
in_abs_train_5779,allowed,allowed,allowed,allowed,True,True
in_abs_train_6355,dismissed,dismissed,dismissed,dismissed,True,True
sc_1971_insc_122,dismissed,dismissed,dismissed,dismissed,True,True
sc_2012_insc_544,allowed,allowed,allowed,allowed,True,True
sc_2004_insc_126,dismissed,dismissed,dismissed,dismissed,True,True
sc_1980_insc_170,dismissed,dismissed,dismissed,dismissed,True,True
sc_1963_insc_88,allowed,dismissed,allowed,allowed,False,True
sc_1972_insc_311,allowed,dismissed,allowed,dismissed,False,False
sc_2013_insc_90,allowed,allowed,allowed,dismissed,True,False
sc_2016_insc_101,allowed,allowed,allowed,allowed,True,True
in_abs_train_5357,allowed,dismissed,allowed,allowed,False,True
sc_2019_insc_1107,allowed,dismissed,allowed,allowed,False,True
sc_1989_insc_211,allowed,dismissed,allowed,dismissed,False,False
sc_2014_insc_1021,dismissed,allowed,dismissed,allowed,False,False
sc_2020_insc_310,allowed,dismissed,allowed,dismissed,False,False
sc_1969_insc_245,dismissed,allowed,dismissed,allowed,False,False
sc_1991_insc_322,allowed,allowed,allowed,dismissed,True,False
in_abs_train_3422,allowed,dismissed,allowed,dismissed,False,False
in_abs_train_1893,dismissed,dismissed,dismissed,dismissed,True,True
sc_1987_insc_138,allowed,allowed,allowed,allowed,True,True
sc_2008_insc_342,allowed,allowed,allowed,allowed,True,True
sc_1987_insc_102,dismissed,dismissed,dismissed,dismissed,True,True
in_abs_train_1746,dismissed,allowed,dismissed,dismissed,False,True
sc_2009_insc_232,dismissed,allowed,dismissed,allowed,False,False
sc_2004_insc_254,dismissed,dismissed,dismissed,dismissed,True,True
sc_2021_insc_198,allowed,dismissed,allowed,dismissed,False,False
sc_2013_insc_780,allowed,dismissed,allowed,allowed,False,True
sc_2002_insc_392,allowed,dismissed,allowed,dismissed,False,False
sc_1996_insc_903,dismissed,allowed,dismissed,allowed,False,False
sc_1961_insc_245,allowed,dismissed,allowed,allowed,False,True
sc_2014_insc_948,dismissed,allowed,dismissed,allowed,False,False
in_abs_train_5342,allowed,allowed,allowed,dismissed,True,False
sc_1964_insc_278,allowed,dismissed,allowed,allowed,False,True
in_abs_train_1142,allowed,dismissed,allowed,allowed,False,True
sc_2011_insc_623,allowed,allowed,allowed,allowed,True,True
sc_1991_insc_83,allowed,dismissed,allowed,dismissed,False,False
sc_2006_insc_394,allowed,allowed,allowed,allowed,True,True
sc_2002_insc_478,dismissed,allowed,dismissed,allowed,False,False
sc_2017_insc_241,dismissed,allowed,dismissed,dismissed,False,True
sc_1972_insc_277,dismissed,dismissed,dismissed,dismissed,True,True
sc_1987_insc_197,allowed,dismissed,allowed,dismissed,False,False
sc_1997_insc_236,dismissed,allowed,dismissed,allowed,False,False
sc_1968_insc_322,dismissed,dismissed,dismissed,dismissed,True,True
sc_2011_insc_618,dismissed,allowed,dismissed,allowed,False,False
sc_2013_insc_296,allowed,dismissed,allowed,dismissed,False,False
sc_1978_insc_90,allowed,dismissed,allowed,dismissed,False,False
sc_2017_insc_698,allowed,dismissed,allowed,dismissed,False,False
sc_1998_insc_322,allowed,allowed,allowed,allowed,True,True
sc_1971_insc_114,allowed,dismissed,allowed,allowed,False,True
in_abs_train_405,dismissed,allowed,dismissed,allowed,False,False
in_abs_train_4877,dismissed,dismissed,dismissed,dismissed,True,True
sc_1950_insc_8,dismissed,dismissed,dismissed,dismissed,True,True
sc_1983_insc_36,allowed,allowed,allowed,allowed,True,True
sc_1987_insc_8,dismissed,allowed,dismissed,allowed,False,False
sc_2007_insc_968,allowed,dismissed,allowed,allowed,False,True
sc_1971_insc_85,allowed,allowed,allowed,allowed,True,True
in_abs_train_4842,dismissed,dismissed,dismissed,dismissed,True,True
sc_1974_insc_55,allowed,allowed,allowed,allowed,True,True
sc_2023_insc_1016,allowed,dismissed,allowed,dismissed,False,False
sc_1964_insc_170,allowed,dismissed,allowed,dismissed,False,False
in_abs_train_5998,dismissed,dismissed,dismissed,dismissed,True,True
sc_2023_insc_895,dismissed,dismissed,dismissed,dismissed,True,True
sc_2013_insc_355,dismissed,dismissed,dismissed,allowed,True,False
sc_2015_insc_534,dismissed,allowed,dismissed,allowed,False,False
sc_2006_insc_954,allowed,dismissed,allowed,dismissed,False,False
sc_1953_insc_43,allowed,dismissed,allowed,dismissed,False,False
sc_2009_insc_1160,dismissed,allowed,dismissed,dismissed,False,True
sc_1994_insc_526,dismissed,dismissed,dismissed,dismissed,True,True
sc_2018_insc_297,allowed,allowed,allowed,allowed,True,True
sc_2007_insc_729,allowed,dismissed,allowed,allowed,False,True
in_abs_train_3810,dismissed,dismissed,dismissed,allowed,True,False
in_abs_train_2296,dismissed,dismissed,dismissed,dismissed,True,True
sc_2011_insc_264,allowed,dismissed,allowed,dismissed,False,False
sc_2023_insc_867,allowed,dismissed,allowed,dismissed,False,False
sc_2005_insc_186,allowed,allowed,allowed,dismissed,True,False
in_abs_train_6777,dismissed,dismissed,dismissed,dismissed,True,True
sc_2008_insc_598,allowed,allowed,allowed,allowed,True,True
sc_1951_insc_13,allowed,allowed,allowed,allowed,True,True
sc_2010_insc_729,allowed,allowed,allowed,allowed,True,True
sc_2002_insc_10,allowed,allowed,allowed,allowed,True,True
in_abs_train_6191,dismissed,dismissed,dismissed,dismissed,True,True
sc_1970_insc_198,dismissed,allowed,dismissed,allowed,False,False
sc_2016_insc_253,dismissed,dismissed,dismissed,dismissed,True,True
in_abs_train_7057,dismissed,dismissed,dismissed,dismissed,True,True
sc_2018_insc_202,dismissed,dismissed,dismissed,dismissed,True,True
sc_1984_insc_217,allowed,allowed,allowed,allowed,True,True
sc_2002_insc_495,allowed,allowed,allowed,allowed,True,True
sc_1963_insc_114,dismissed,allowed,dismissed,dismissed,False,True
sc_1987_insc_23,dismissed,dismissed,dismissed,allowed,True,False
sc_2004_insc_594,allowed,dismissed,allowed,dismissed,False,False
sc_2013_insc_375,dismissed,allowed,dismissed,allowed,False,False
sc_2011_insc_277,allowed,allowed,allowed,allowed,True,True
sc_2011_insc_79,allowed,allowed,allowed,allowed,True,True
sc_2013_insc_262,dismissed,dismissed,dismissed,dismissed,True,True
in_abs_train_3352,allowed,dismissed,allowed,dismissed,False,False
sc_2005_insc_484,allowed,allowed,allowed,allowed,True,True
sc_1991_insc_289,allowed,dismissed,allowed,dismissed,False,False
in_abs_train_4768,dismissed,dismissed,dismissed,allowed,True,False
sc_2017_insc_695,allowed,dismissed,allowed,dismissed,False,False
sc_2023_insc_46,allowed,allowed,allowed,allowed,True,True
sc_1950_insc_22,allowed,allowed,allowed,allowed,True,True
sc_1996_insc_1281,dismissed,allowed,dismissed,allowed,False,False
in_abs_train_3163,allowed,allowed,allowed,allowed,True,True
in_abs_train_4649,allowed,dismissed,allowed,dismissed,False,False
sc_1962_insc_62,dismissed,allowed,dismissed,allowed,False,False
sc_1985_insc_130,dismissed,unknown,dismissed,allowed,False,False
sc_2015_insc_563,allowed,allowed,allowed,allowed,True,True
sc_1985_insc_72,allowed,allowed,allowed,allowed,True,True
sc_2007_insc_190,allowed,allowed,allowed,allowed,True,True
sc_1994_insc_214,allowed,dismissed,allowed,dismissed,False,False
sc_2007_insc_772,dismissed,allowed,dismissed,dismissed,False,True
in_abs_train_1516,dismissed,allowed,dismissed,allowed,False,False
sc_2007_insc_272,allowed,dismissed,allowed,dismissed,False,False
in_abs_train_4873,allowed,allowed,allowed,dismissed,True,False
sc_2005_insc_347,allowed,dismissed,allowed,dismissed,False,False
sc_2000_insc_453,allowed,allowed,allowed,allowed,True,True
sc_2022_insc_841,allowed,allowed,allowed,allowed,True,True
in_abs_train_4433,dismissed,dismissed,dismissed,dismissed,True,True
sc_1959_insc_160,dismissed,dismissed,dismissed,dismissed,True,True
sc_2019_insc_811,dismissed,dismissed,dismissed,dismissed,True,True
sc_2007_insc_249,allowed,allowed,allowed,allowed,True,True
sc_1990_insc_147,dismissed,dismissed,dismissed,dismissed,True,True
sc_2018_insc_425,dismissed,allowed,dismissed,dismissed,False,True
sc_2013_insc_128,dismissed,allowed,dismissed,allowed,False,False
sc_2016_insc_879,allowed,allowed,allowed,allowed,True,True
sc_2005_insc_285,dismissed,allowed,dismissed,dismissed,False,True
sc_2007_insc_340,dismissed,allowed,dismissed,allowed,False,False
sc_2000_insc_231,dismissed,dismissed,dismissed,dismissed,True,True
sc_2011_insc_152,dismissed,dismissed,dismissed,dismissed,True,True
sc_1995_insc_36,allowed,allowed,allowed,allowed,True,True
in_abs_train_1234,dismissed,dismissed,dismissed,dismissed,True,True
in_abs_train_3425,dismissed,dismissed,dismissed,allowed,True,False
sc_1997_insc_829,allowed,allowed,allowed,allowed,True,True
sc_2017_insc_1273,dismissed,allowed,dismissed,allowed,False,False
sc_2018_insc_96,dismissed,allowed,dismissed,allowed,False,False
sc_1973_insc_192,dismissed,allowed,dismissed,allowed,False,False
sc_1965_insc_94,dismissed,dismissed,dismissed,dismissed,True,True
sc_2022_insc_1141,dismissed,allowed,dismissed,dismissed,False,True
sc_2020_insc_190,dismissed,dismissed,dismissed,dismissed,True,True
sc_2006_insc_427,allowed,unknown,allowed,unknown,False,False
sc_2021_insc_58,allowed,dismissed,allowed,dismissed,False,False
sc_1965_insc_41,allowed,dismissed,allowed,dismissed,False,False
sc_1958_insc_34,dismissed,dismissed,dismissed,allowed,True,False
sc_2016_insc_146,dismissed,dismissed,dismissed,allowed,True,False
sc_2023_insc_915,allowed,allowed,allowed,dismissed,True,False
sc_1986_insc_283,allowed,allowed,allowed,allowed,True,True
sc_1983_insc_52,dismissed,allowed,dismissed,dismissed,False,True
sc_2019_insc_770,dismissed,allowed,dismissed,allowed,False,False
sc_1964_insc_189,allowed,dismissed,allowed,allowed,False,True
sc_2011_insc_774,allowed,allowed,allowed,allowed,True,True
sc_1971_insc_116,dismissed,allowed,dismissed,dismissed,False,True
sc_2011_insc_662,allowed,allowed,allowed,allowed,True,True
sc_1966_insc_224,allowed,dismissed,allowed,dismissed,False,False
sc_2011_insc_147,allowed,allowed,allowed,allowed,True,True
sc_2007_insc_865,allowed,allowed,allowed,allowed,True,True
sc_2018_insc_431,allowed,dismissed,allowed,dismissed,False,False
sc_2000_insc_577,dismissed,dismissed,dismissed,dismissed,True,True
sc_1997_insc_15,dismissed,dismissed,dismissed,dismissed,True,True
in_abs_train_6661,allowed,allowed,allowed,dismissed,True,False
sc_2023_insc_377,allowed,dismissed,allowed,dismissed,False,False
sc_1985_insc_77,allowed,dismissed,allowed,allowed,False,True
sc_2000_insc_565,allowed,allowed,allowed,dismissed,True,False
sc_2008_insc_240,allowed,allowed,allowed,allowed,True,True
sc_1997_insc_346,dismissed,dismissed,dismissed,dismissed,True,True
sc_2022_insc_1066,dismissed,dismissed,dismissed,dismissed,True,True
sc_2009_insc_93,dismissed,dismissed,dismissed,allowed,True,False
sc_1968_insc_104,allowed,dismissed,allowed,dismissed,False,False
sc_1975_insc_121,dismissed,dismissed,dismissed,dismissed,True,True
sc_1996_insc_1454,allowed,allowed,allowed,allowed,True,True
sc_2002_insc_572,allowed,dismissed,allowed,dismissed,False,False
sc_2018_insc_494,dismissed,dismissed,dismissed,allowed,True,False
sc_2014_insc_62,allowed,dismissed,allowed,dismissed,False,False
in_abs_train_3388,dismissed,dismissed,dismissed,dismissed,True,True
sc_2001_insc_13,allowed,allowed,allowed,dismissed,True,False
sc_2023_insc_962,dismissed,allowed,dismissed,allowed,False,False
sc_2005_insc_167,allowed,dismissed,allowed,allowed,False,True
sc_1969_insc_262,dismissed,dismissed,dismissed,dismissed,True,True
sc_2008_insc_697,allowed,allowed,allowed,dismissed,True,False
sc_1975_insc_220,dismissed,allowed,dismissed,dismissed,False,True
sc_2013_insc_578,dismissed,allowed,dismissed,allowed,False,False
sc_2019_insc_385,allowed,dismissed,allowed,dismissed,False,False
sc_2003_insc_202,allowed,allowed,allowed,allowed,True,True
sc_2007_insc_1025,dismissed,dismissed,dismissed,dismissed,True,True
sc_1975_insc_64,dismissed,allowed,dismissed,allowed,False,False
sc_2018_insc_1123,allowed,dismissed,allowed,dismissed,False,False
in_abs_train_628,allowed,dismissed,allowed,dismissed,False,False
sc_2000_insc_118,allowed,allowed,allowed,allowed,True,True
sc_2017_insc_1168,allowed,allowed,allowed,allowed,True,True
sc_2008_insc_1178,dismissed,dismissed,dismissed,allowed,True,False
sc_2007_insc_544,dismissed,dismissed,dismissed,allowed,True,False
sc_2004_insc_451,allowed,allowed,allowed,allowed,True,True
in_abs_train_3871,allowed,dismissed,allowed,dismissed,False,False
sc_1999_insc_73,dismissed,dismissed,dismissed,dismissed,True,True
sc_1992_insc_173,allowed,dismissed,allowed,dismissed,False,False
sc_2008_insc_1239,dismissed,allowed,dismissed,dismissed,False,True
sc_1993_insc_51,dismissed,allowed,dismissed,allowed,False,False
sc_2021_insc_207,dismissed,dismissed,dismissed,dismissed,True,True
sc_2015_insc_538,allowed,dismissed,allowed,allowed,False,True
sc_2022_insc_1133,allowed,allowed,allowed,allowed,True,True
sc_2012_insc_175,dismissed,allowed,dismissed,allowed,False,False
in_abs_train_2654,allowed,dismissed,allowed,allowed,False,True
sc_1970_insc_20,dismissed,dismissed,dismissed,dismissed,True,True
sc_2004_insc_214,allowed,dismissed,allowed,dismissed,False,False
sc_2008_insc_892,allowed,allowed,allowed,allowed,True,True
sc_2005_insc_49,allowed,allowed,allowed,dismissed,True,False
sc_2019_insc_594,allowed,dismissed,allowed,dismissed,False,False
sc_1964_insc_280,dismissed,dismissed,dismissed,allowed,True,False
sc_2008_insc_1268,dismissed,allowed,dismissed,allowed,False,False
sc_1977_insc_98,dismissed,allowed,dismissed,allowed,False,False
sc_2008_insc_553,allowed,allowed,allowed,allowed,True,True
sc_2007_insc_870,dismissed,dismissed,dismissed,allowed,True,False
sc_2017_insc_170,allowed,dismissed,allowed,allowed,False,True
sc_1991_insc_187,allowed,dismissed,allowed,allowed,False,True
in_abs_train_3332,dismissed,dismissed,dismissed,dismissed,True,True
sc_1998_insc_277,dismissed,allowed,dismissed,allowed,False,False
sc_2022_insc_865,allowed,dismissed,allowed,dismissed,False,False
sc_2011_insc_176,dismissed,dismissed,dismissed,dismissed,True,True
sc_2007_insc_358,dismissed,dismissed,dismissed,allowed,True,False
sc_1976_insc_280,allowed,allowed,allowed,allowed,True,True
sc_2018_insc_916,allowed,dismissed,allowed,dismissed,False,False
sc_2018_insc_728,allowed,dismissed,allowed,dismissed,False,False
sc_2007_insc_943,allowed,allowed,allowed,dismissed,True,False
sc_1999_insc_274,allowed,dismissed,allowed,dismissed,False,False
sc_2022_insc_134,allowed,dismissed,allowed,dismissed,False,False
sc_1960_insc_40,dismissed,allowed,dismissed,allowed,False,False
sc_2017_insc_802,allowed,allowed,allowed,allowed,True,True
sc_2006_insc_411,dismissed,allowed,dismissed,allowed,False,False
sc_1966_insc_190,dismissed,dismissed,dismissed,dismissed,True,True
sc_1970_insc_133,dismissed,allowed,dismissed,dismissed,False,True
sc_1977_insc_117,dismissed,dismissed,dismissed,dismissed,True,True
sc_2011_insc_798,allowed,dismissed,allowed,allowed,False,True
sc_2018_insc_1064,dismissed,dismissed,dismissed,dismissed,True,True
sc_2008_insc_120,dismissed,allowed,dismissed,allowed,False,False
sc_1977_insc_159,dismissed,dismissed,dismissed,dismissed,True,True
sc_2002_insc_157,allowed,allowed,allowed,allowed,True,True
sc_1965_insc_83,allowed,allowed,allowed,allowed,True,True
sc_1982_insc_29,dismissed,dismissed,dismissed,dismissed,True,True
sc_2017_insc_1206,allowed,allowed,allowed,allowed,True,True
sc_2001_insc_298,allowed,dismissed,allowed,dismissed,False,False
sc_2011_insc_537,dismissed,dismissed,dismissed,allowed,True,False
in_abs_train_3319,allowed,allowed,allowed,allowed,True,True
sc_1990_insc_336,dismissed,dismissed,dismissed,dismissed,True,True
sc_2013_insc_135,dismissed,dismissed,dismissed,dismissed,True,True
sc_2006_insc_828,allowed,dismissed,allowed,dismissed,False,False
sc_2023_insc_995,dismissed,allowed,dismissed,allowed,False,False
sc_1957_insc_45,dismissed,dismissed,dismissed,dismissed,True,True
sc_2008_insc_1362,allowed,allowed,allowed,allowed,True,True
sc_1971_insc_45,dismissed,dismissed,dismissed,dismissed,True,True
sc_2007_insc_133,allowed,allowed,allowed,allowed,True,True
sc_1969_insc_28,dismissed,dismissed,dismissed,dismissed,True,True
sc_2019_insc_854,allowed,dismissed,allowed,dismissed,False,False
sc_2015_insc_161,dismissed,dismissed,dismissed,dismissed,True,True
in_abs_train_1852,dismissed,dismissed,dismissed,dismissed,True,True
sc_2007_insc_12,dismissed,dismissed,dismissed,dismissed,True,True
sc_2005_insc_550,allowed,dismissed,allowed,allowed,False,True
sc_2012_insc_233,allowed,dismissed,allowed,dismissed,False,False
sc_1975_insc_280,allowed,dismissed,allowed,dismissed,False,False
sc_1993_insc_57,allowed,dismissed,allowed,dismissed,False,False
in_abs_train_3072,dismissed,allowed,dismissed,allowed,False,False
sc_1995_insc_64,allowed,allowed,allowed,allowed,True,True
sc_1996_insc_1113,dismissed,dismissed,dismissed,dismissed,True,True
in_abs_train_4988,allowed,dismissed,allowed,dismissed,False,False
in_abs_train_2203,dismissed,dismissed,dismissed,dismissed,True,True
sc_2004_insc_667,dismissed,dismissed,dismissed,allowed,True,False
sc_1962_insc_362,allowed,dismissed,allowed,dismissed,False,False
sc_1964_insc_253,dismissed,dismissed,dismissed,dismissed,True,True
sc_1996_insc_940,allowed,dismissed,allowed,dismissed,False,False
sc_1999_insc_360,dismissed,dismissed,dismissed,allowed,True,False
sc_1989_insc_310,dismissed,dismissed,dismissed,dismissed,True,True
sc_1996_insc_1358,allowed,allowed,allowed,allowed,True,True
sc_1998_insc_137,allowed,allowed,allowed,dismissed,True,False
in_abs_train_5624,dismissed,dismissed,dismissed,dismissed,True,True
sc_2008_insc_1301,allowed,allowed,allowed,allowed,True,True
sc_1997_insc_107,allowed,allowed,allowed,allowed,True,True
sc_2006_insc_232,dismissed,dismissed,dismissed,dismissed,True,True
sc_1986_insc_269,dismissed,allowed,dismissed,allowed,False,False
sc_2010_insc_689,dismissed,allowed,dismissed,allowed,False,False
sc_1990_insc_388,dismissed,allowed,dismissed,dismissed,False,True
sc_1979_insc_117,dismissed,dismissed,dismissed,dismissed,True,True
sc_1971_insc_147,dismissed,dismissed,dismissed,dismissed,True,True
sc_1999_insc_424,dismissed,dismissed,dismissed,allowed,True,False
sc_1996_insc_1408,dismissed,allowed,dismissed,allowed,False,False
sc_1995_insc_274,dismissed,allowed,dismissed,dismissed,False,True
sc_1965_insc_253,allowed,allowed,allowed,dismissed,True,False
in_abs_train_6325,allowed,allowed,allowed,allowed,True,True
sc_2010_insc_298,allowed,allowed,allowed,allowed,True,True
sc_2022_insc_1235,allowed,allowed,allowed,allowed,True,True
sc_2008_insc_716,allowed,dismissed,allowed,allowed,False,True
sc_1995_insc_91,allowed,allowed,allowed,dismissed,True,False
in_abs_train_5181,dismissed,dismissed,dismissed,dismissed,True,True
sc_1984_insc_40,allowed,allowed,allowed,dismissed,True,False
in_abs_train_7112,allowed,allowed,allowed,allowed,True,True
sc_1974_insc_62,dismissed,dismissed,dismissed,dismissed,True,True
sc_2008_insc_1293,allowed,allowed,allowed,allowed,True,True
sc_1960_insc_218,dismissed,allowed,dismissed,allowed,False,False
sc_2005_insc_128,allowed,allowed,allowed,allowed,True,True
sc_2019_insc_349,allowed,allowed,allowed,allowed,True,True
sc_1990_insc_204,dismissed,dismissed,dismissed,allowed,True,False
sc_2007_insc_184,dismissed,allowed,dismissed,dismissed,False,True
in_abs_train_4145,allowed,allowed,allowed,allowed,True,True
sc_2015_14_269_275_en,allowed,allowed,allowed,allowed,True,True
in_abs_train_2458,dismissed,dismissed,dismissed,dismissed,True,True
sc_2011_insc_337,allowed,dismissed,allowed,dismissed,False,False
sc_1996_insc_857,allowed,allowed,allowed,allowed,True,True
sc_2008_insc_803,allowed,dismissed,allowed,dismissed,False,False
sc_1991_insc_57,dismissed,dismissed,dismissed,allowed,True,False
sc_1987_insc_121,dismissed,dismissed,dismissed,dismissed,True,True
sc_2010_insc_139,dismissed,dismissed,dismissed,allowed,True,False
sc_2020_insc_362,allowed,dismissed,allowed,allowed,False,True
sc_1975_insc_229,allowed,dismissed,allowed,dismissed,False,False
sc_1996_insc_603,dismissed,dismissed,dismissed,allowed,True,False
in_abs_train_3896,allowed,dismissed,allowed,dismissed,False,False
sc_2019_insc_742,allowed,allowed,allowed,dismissed,True,False
sc_2009_insc_353,allowed,allowed,allowed,allowed,True,True
sc_1995_insc_133,dismissed,dismissed,dismissed,dismissed,True,True
in_abs_train_5849,allowed,allowed,allowed,allowed,True,True
sc_2014_insc_878,dismissed,dismissed,dismissed,dismissed,True,True
sc_2009_insc_326,dismissed,allowed,dismissed,dismissed,False,True
sc_2009_insc_474,dismissed,allowed,dismissed,allowed,False,False
sc_1995_insc_541,dismissed,allowed,dismissed,allowed,False,False
sc_2018_insc_590,dismissed,dismissed,dismissed,dismissed,True,True
in_abs_train_3934,allowed,allowed,allowed,allowed,True,True
sc_2009_insc_149,dismissed,dismissed,dismissed,dismissed,True,True
sc_2013_insc_219,allowed,allowed,allowed,allowed,True,True
sc_2017_insc_1252,allowed,allowed,allowed,allowed,True,True
sc_2014_insc_79,allowed,dismissed,allowed,dismissed,False,False
sc_1998_insc_133,allowed,allowed,allowed,allowed,True,True
sc_2017_insc_687,allowed,allowed,allowed,allowed,True,True
sc_2010_insc_355,allowed,dismissed,allowed,dismissed,False,False
sc_1994_insc_391,allowed,dismissed,allowed,dismissed,False,False
in_abs_train_2239,dismissed,dismissed,dismissed,dismissed,True,True
sc_1987_insc_203,allowed,allowed,allowed,allowed,True,True
sc_1964_insc_57,dismissed,allowed,dismissed,allowed,False,False
sc_1999_insc_412,dismissed,allowed,dismissed,allowed,False,False
sc_1958_insc_60,dismissed,dismissed,dismissed,dismissed,True,True
sc_1999_insc_336,dismissed,allowed,dismissed,dismissed,False,True
sc_1980_insc_10,allowed,dismissed,allowed,dismissed,False,False
sc_2000_insc_255,allowed,allowed,allowed,allowed,True,True
in_abs_train_6561,dismissed,dismissed,dismissed,dismissed,True,True
sc_2001_insc_95,allowed,dismissed,allowed,dismissed,False,False
sc_1974_insc_175,dismissed,allowed,dismissed,allowed,False,False
in_abs_train_6116,allowed,allowed,allowed,dismissed,True,False
sc_2010_insc_564,dismissed,allowed,dismissed,dismissed,False,True
sc_1994_insc_428,allowed,allowed,allowed,allowed,True,True
sc_1980_insc_32,dismissed,dismissed,dismissed,allowed,True,False
sc_2022_insc_331,allowed,dismissed,allowed,dismissed,False,False
sc_1974_insc_151,dismissed,dismissed,dismissed,dismissed,True,True
sc_2018_insc_1134,allowed,allowed,allowed,allowed,True,True
sc_1997_insc_277,dismissed,allowed,dismissed,dismissed,False,True
sc_1973_insc_79,dismissed,dismissed,dismissed,dismissed,True,True
sc_2010_insc_515,allowed,dismissed,allowed,dismissed,False,False
sc_1986_insc_47,allowed,dismissed,allowed,dismissed,False,False
sc_2007_insc_231,allowed,allowed,allowed,allowed,True,True
sc_2006_insc_909,allowed,dismissed,allowed,allowed,False,True
sc_1961_insc_297,dismissed,dismissed,dismissed,dismissed,True,True
sc_1994_insc_311,allowed,allowed,allowed,allowed,True,True
sc_2022_insc_812,allowed,dismissed,allowed,dismissed,False,False
sc_2011_insc_705,allowed,allowed,allowed,allowed,True,True
sc_2001_insc_455,dismissed,dismissed,dismissed,dismissed,True,True
sc_1997_insc_66,dismissed,allowed,dismissed,allowed,False,False
in_abs_train_6683,dismissed,allowed,dismissed,allowed,False,False
sc_1971_insc_160,allowed,dismissed,allowed,dismissed,False,False
sc_2010_insc_498,allowed,dismissed,allowed,dismissed,False,False
sc_1995_insc_729,allowed,allowed,allowed,dismissed,True,False
sc_2015_insc_30,allowed,dismissed,allowed,dismissed,False,False
sc_2003_insc_365,allowed,dismissed,allowed,dismissed,False,False
sc_1997_insc_565,allowed,allowed,allowed,dismissed,True,False
sc_2014_insc_527,allowed,dismissed,allowed,allowed,False,True
sc_2016_insc_905,allowed,dismissed,allowed,dismissed,False,False
sc_1959_insc_95,allowed,dismissed,allowed,dismissed,False,False
sc_1987_insc_209,allowed,dismissed,allowed,allowed,False,True
sc_2007_insc_296,dismissed,dismissed,dismissed,dismissed,True,True
sc_2023_insc_989,allowed,allowed,allowed,allowed,True,True
sc_1963_insc_173,dismissed,dismissed,dismissed,dismissed,True,True
sc_2023_insc_797,dismissed,allowed,dismissed,allowed,False,False
sc_2020_insc_318,allowed,allowed,allowed,dismissed,True,False
in_abs_train_3942,dismissed,dismissed,dismissed,dismissed,True,True
in_abs_train_444,dismissed,dismissed,dismissed,dismissed,True,True
sc_1966_insc_48,dismissed,dismissed,dismissed,dismissed,True,True
sc_1992_insc_186,allowed,dismissed,allowed,dismissed,False,False
in_abs_train_2107,dismissed,allowed,dismissed,allowed,False,False
sc_1967_insc_224,dismissed,dismissed,dismissed,allowed,True,False
sc_2000_insc_139,dismissed,dismissed,dismissed,dismissed,True,True
sc_1997_insc_754,dismissed,dismissed,dismissed,dismissed,True,True
sc_2004_insc_392,dismissed,allowed,dismissed,dismissed,False,True
in_abs_train_3594,dismissed,allowed,dismissed,allowed,False,False
sc_2001_insc_57,dismissed,allowed,dismissed,dismissed,False,True
sc_2001_insc_611,allowed,dismissed,allowed,dismissed,False,False
sc_2006_insc_526,dismissed,dismissed,dismissed,dismissed,True,True
sc_1981_insc_131,dismissed,dismissed,dismissed,dismissed,True,True
in_abs_train_6824,allowed,allowed,allowed,allowed,True,True
sc_1999_insc_272,dismissed,allowed,dismissed,allowed,False,False
sc_1962_insc_94,dismissed,dismissed,dismissed,dismissed,True,True
in_abs_train_6558,allowed,dismissed,allowed,dismissed,False,False
sc_1996_insc_63,allowed,allowed,allowed,dismissed,True,False
sc_2018_insc_720,dismissed,allowed,dismissed,allowed,False,False
sc_2022_insc_1099,allowed,allowed,allowed,allowed,True,True
sc_1964_7_579_586_en,dismissed,dismissed,dismissed,dismissed,True,True
in_abs_train_1274,allowed,allowed,allowed,dismissed,True,False
in_abs_train_6639,allowed,allowed,allowed,allowed,True,True
sc_2009_insc_134,allowed,dismissed,allowed,allowed,False,True
in_abs_train_878,dismissed,dismissed,dismissed,allowed,True,False
sc_1994_insc_220,allowed,dismissed,allowed,allowed,False,True
sc_1979_insc_13,dismissed,allowed,dismissed,dismissed,False,True
sc_1993_insc_133,dismissed,dismissed,dismissed,dismissed,True,True
sc_2019_insc_592,allowed,dismissed,allowed,dismissed,False,False
sc_1966_insc_120,dismissed,allowed,dismissed,dismissed,False,True
in_abs_train_3129,dismissed,allowed,dismissed,allowed,False,False
sc_2020_insc_23,allowed,allowed,allowed,dismissed,True,False
sc_1976_insc_243,dismissed,dismissed,dismissed,dismissed,True,True
sc_2006_insc_216,allowed,allowed,allowed,allowed,True,True
sc_2006_insc_155,allowed,allowed,allowed,allowed,True,True
in_abs_train_3219,dismissed,dismissed,dismissed,allowed,True,False
sc_1997_insc_651,allowed,dismissed,allowed,dismissed,False,False
sc_1996_insc_485,dismissed,allowed,dismissed,dismissed,False,True
sc_2012_insc_372,dismissed,allowed,dismissed,allowed,False,False
sc_2007_insc_170,dismissed,dismissed,dismissed,dismissed,True,True
sc_1962_insc_146,allowed,dismissed,allowed,dismissed,False,False
sc_1994_insc_370,dismissed,allowed,dismissed,allowed,False,False
sc_1997_insc_611,allowed,allowed,allowed,dismissed,True,False
sc_1987_insc_143,allowed,dismissed,allowed,allowed,False,True
sc_2006_insc_356,allowed,allowed,allowed,allowed,True,True
sc_2019_insc_934,allowed,dismissed,allowed,dismissed,False,False
sc_2020_insc_230,allowed,allowed,allowed,allowed,True,True
sc_1994_insc_568,allowed,dismissed,allowed,allowed,False,True
sc_1971_insc_59,dismissed,dismissed,dismissed,dismissed,True,True
in_abs_train_5051,allowed,allowed,allowed,allowed,True,True
sc_1962_insc_141,dismissed,allowed,dismissed,allowed,False,False
sc_2001_insc_353,dismissed,dismissed,dismissed,dismissed,True,True
in_abs_train_4115,dismissed,dismissed,dismissed,dismissed,True,True
sc_1995_insc_723,allowed,allowed,allowed,allowed,True,True
in_abs_train_1198,dismissed,dismissed,dismissed,dismissed,True,True
sc_2009_insc_1078,dismissed,dismissed,dismissed,dismissed,True,True
in_abs_train_3611,allowed,allowed,allowed,dismissed,True,False
sc_2009_insc_441,allowed,allowed,allowed,allowed,True,True
sc_1969_insc_11,allowed,dismissed,allowed,dismissed,False,False
sc_1961_insc_166,dismissed,dismissed,dismissed,dismissed,True,True
sc_2006_insc_280,allowed,dismissed,allowed,allowed,False,True
sc_2007_insc_1227,allowed,dismissed,allowed,dismissed,False,False
sc_2001_insc_117,dismissed,allowed,dismissed,dismissed,False,True
sc_2001_insc_134,dismissed,allowed,dismissed,allowed,False,False
sc_2019_insc_808,dismissed,dismissed,dismissed,dismissed,True,True
sc_2012_insc_355,dismissed,dismissed,dismissed,dismissed,True,True
sc_1960_insc_51,allowed,allowed,allowed,allowed,True,True
sc_2007_insc_1226,dismissed,dismissed,dismissed,dismissed,True,True
sc_1987_insc_208,dismissed,dismissed,dismissed,dismissed,True,True
sc_1969_insc_120,dismissed,allowed,dismissed,dismissed,False,True
in_abs_train_5125,allowed,dismissed,allowed,allowed,False,True
sc_2008_insc_1489,allowed,dismissed,allowed,allowed,False,True
sc_1984_insc_87,dismissed,dismissed,dismissed,dismissed,True,True
in_abs_train_62,allowed,dismissed,allowed,dismissed,False,False
sc_1991_insc_145,dismissed,dismissed,dismissed,dismissed,True,True
sc_2007_insc_304,allowed,allowed,allowed,allowed,True,True
sc_2014_insc_668,allowed,dismissed,allowed,dismissed,False,False
in_abs_train_2813,allowed,allowed,allowed,allowed,True,True
sc_1989_insc_327,allowed,allowed,allowed,dismissed,True,False
in_abs_train_2825,allowed,allowed,allowed,allowed,True,True
sc_2006_insc_493,dismissed,dismissed,dismissed,dismissed,True,True
sc_1996_insc_898,allowed,allowed,allowed,dismissed,True,False
sc_1995_insc_888,allowed,dismissed,allowed,dismissed,False,False
sc_1960_insc_62,dismissed,dismissed,dismissed,dismissed,True,True
sc_2007_insc_847,dismissed,dismissed,dismissed,dismissed,True,True
sc_2000_insc_289,dismissed,allowed,dismissed,allowed,False,False
sc_2003_insc_665,dismissed,allowed,dismissed,allowed,False,False
sc_1995_insc_532,allowed,allowed,allowed,dismissed,True,False
sc_1965_insc_135,allowed,allowed,allowed,dismissed,True,False
sc_1995_insc_536,dismissed,allowed,dismissed,allowed,False,False
sc_2024_insc_92,dismissed,dismissed,dismissed,dismissed,True,True
sc_2013_insc_108,allowed,allowed,allowed,allowed,True,True
sc_2003_insc_735,allowed,dismissed,allowed,allowed,False,True
sc_1954_insc_17,dismissed,dismissed,dismissed,dismissed,True,True
sc_1976_insc_63,dismissed,dismissed,dismissed,dismissed,True,True
sc_2013_insc_17,allowed,allowed,allowed,allowed,True,True
sc_1998_insc_106,allowed,dismissed,allowed,allowed,False,True
sc_1988_insc_143,dismissed,dismissed,dismissed,dismissed,True,True
sc_1980_insc_6,allowed,allowed,allowed,dismissed,True,False
sc_2023_insc_567,allowed,allowed,allowed,allowed,True,True
sc_2001_insc_227,allowed,allowed,allowed,allowed,True,True
sc_2008_insc_849,allowed,allowed,allowed,allowed,True,True
sc_1989_insc_114,dismissed,allowed,dismissed,allowed,False,False
sc_1970_insc_53,allowed,allowed,allowed,allowed,True,True
sc_2020_insc_338,dismissed,dismissed,dismissed,unknown,True,False
in_abs_train_3648,allowed,allowed,allowed,allowed,True,True
in_abs_train_4095,dismissed,dismissed,dismissed,allowed,True,False
sc_2000_insc_132,allowed,dismissed,allowed,dismissed,False,False
in_abs_train_6453,dismissed,dismissed,dismissed,dismissed,True,True
sc_1997_insc_358,allowed,dismissed,allowed,dismissed,False,False
sc_1964_insc_145,dismissed,dismissed,dismissed,dismissed,True,True
sc_2019_insc_809,dismissed,allowed,dismissed,dismissed,False,True
sc_2023_insc_965,dismissed,allowed,dismissed,allowed,False,False
sc_2007_insc_1114,allowed,dismissed,allowed,dismissed,False,False
sc_2004_insc_187,allowed,allowed,allowed,allowed,True,True
sc_1967_insc_43,allowed,allowed,allowed,allowed,True,True
sc_2005_insc_520,dismissed,dismissed,dismissed,dismissed,True,True
in_abs_train_3866,dismissed,allowed,dismissed,dismissed,False,True
sc_2021_insc_78,allowed,allowed,allowed,allowed,True,True
sc_1971_insc_84,dismissed,dismissed,dismissed,dismissed,True,True
sc_1960_insc_50,allowed,allowed,allowed,allowed,True,True
sc_1997_insc_799,allowed,dismissed,allowed,allowed,False,True
sc_1987_insc_210,allowed,dismissed,allowed,dismissed,False,False
sc_1966_insc_206,allowed,dismissed,allowed,dismissed,False,False
sc_1986_insc_208,dismissed,allowed,dismissed,dismissed,False,True
sc_1994_insc_3,dismissed,unknown,dismissed,unknown,False,False
sc_2007_insc_78,allowed,allowed,allowed,allowed,True,True
sc_2001_insc_226,allowed,dismissed,allowed,allowed,False,True
sc_1986_insc_63,allowed,dismissed,allowed,dismissed,False,False
sc_1974_insc_133,dismissed,dismissed,dismissed,dismissed,True,True
sc_1996_insc_527,allowed,allowed,allowed,allowed,True,True
sc_1994_insc_446,allowed,dismissed,allowed,dismissed,False,False
sc_2017_insc_689,allowed,allowed,allowed,allowed,True,True
sc_2022_insc_759,allowed,allowed,allowed,allowed,True,True
sc_2009_insc_636,dismissed,allowed,dismissed,dismissed,False,True
in_abs_train_4147,dismissed,allowed,dismissed,dismissed,False,True
sc_2001_insc_163,dismissed,allowed,dismissed,allowed,False,False
sc_1988_insc_96,allowed,allowed,allowed,allowed,True,True
in_abs_train_5158,dismissed,dismissed,dismissed,dismissed,True,True
sc_2010_insc_98,dismissed,allowed,dismissed,allowed,False,False
sc_2009_insc_949,allowed,allowed,allowed,dismissed,True,False
in_abs_train_3421,allowed,dismissed,allowed,dismissed,False,False
sc_1985_insc_87,dismissed,dismissed,dismissed,dismissed,True,True
sc_1978_insc_36,allowed,dismissed,allowed,dismissed,False,False
in_abs_train_3233,allowed,dismissed,allowed,dismissed,False,False
sc_2005_insc_583,allowed,dismissed,allowed,dismissed,False,False
sc_1980_insc_235,allowed,allowed,allowed,allowed,True,True
sc_1994_insc_617,dismissed,dismissed,dismissed,dismissed,True,True
sc_2021_insc_77,dismissed,allowed,dismissed,allowed,False,False
sc_2022_insc_1263,allowed,dismissed,allowed,allowed,False,True
sc_2007_insc_487,allowed,allowed,allowed,dismissed,True,False
sc_1997_insc_682,dismissed,dismissed,dismissed,allowed,True,False
sc_2015_insc_588,allowed,allowed,allowed,allowed,True,True
sc_1964_insc_15,allowed,allowed,allowed,allowed,True,True
in_abs_train_7028,allowed,dismissed,allowed,dismissed,False,False
sc_2008_insc_597,allowed,dismissed,allowed,dismissed,False,False
in_abs_train_5121,allowed,dismissed,allowed,allowed,False,True
sc_2008_insc_1418,dismissed,dismissed,dismissed,allowed,True,False
sc_1992_insc_60,dismissed,dismissed,dismissed,allowed,True,False
sc_2012_insc_42,dismissed,dismissed,dismissed,dismissed,True,True
sc_1968_insc_35,allowed,dismissed,allowed,dismissed,False,False
sc_2018_insc_1133,allowed,allowed,allowed,allowed,True,True
sc_2001_insc_98,allowed,allowed,allowed,allowed,True,True
in_abs_train_3607,allowed,dismissed,allowed,dismissed,False,False
sc_1961_insc_45,dismissed,allowed,dismissed,dismissed,False,True
in_abs_train_7096,dismissed,dismissed,dismissed,dismissed,True,True
sc_1971_insc_213,dismissed,dismissed,dismissed,dismissed,True,True
sc_2018_insc_552,allowed,allowed,allowed,dismissed,True,False
sc_2006_insc_176,dismissed,dismissed,dismissed,dismissed,True,True
sc_2003_insc_654,allowed,allowed,allowed,allowed,True,True
sc_1999_insc_170,dismissed,dismissed,dismissed,dismissed,True,True
sc_1985_insc_112,allowed,dismissed,allowed,allowed,False,True
sc_1985_insc_186,allowed,dismissed,allowed,dismissed,False,False
sc_2011_insc_847,allowed,allowed,allowed,allowed,True,True
sc_2021_insc_6,allowed,allowed,allowed,allowed,True,True
in_abs_train_1020,dismissed,allowed,dismissed,allowed,False,False
sc_2002_insc_512,dismissed,dismissed,dismissed,allowed,True,False
sc_1987_insc_310,allowed,allowed,allowed,allowed,True,True
in_abs_train_1052,dismissed,dismissed,dismissed,dismissed,True,True
sc_1968_insc_219,dismissed,allowed,dismissed,allowed,False,False
sc_2002_insc_367,dismissed,dismissed,dismissed,dismissed,True,True
sc_1962_insc_256,dismissed,dismissed,dismissed,dismissed,True,True
sc_2018_insc_674,allowed,dismissed,allowed,allowed,False,True
sc_2010_insc_126,allowed,allowed,allowed,dismissed,True,False
sc_2009_insc_90,allowed,allowed,allowed,dismissed,True,False
in_abs_train_6061,allowed,allowed,allowed,allowed,True,True
sc_2015_insc_316,allowed,allowed,allowed,allowed,True,True
sc_2019_insc_625,allowed,allowed,allowed,dismissed,True,False
sc_2000_insc_475,dismissed,dismissed,dismissed,dismissed,True,True
sc_1975_insc_198,allowed,dismissed,allowed,dismissed,False,False
sc_1980_insc_61,dismissed,allowed,dismissed,allowed,False,False
in_abs_train_719,allowed,dismissed,allowed,dismissed,False,False
sc_2008_insc_28,allowed,dismissed,allowed,dismissed,False,False
sc_2019_insc_1121,dismissed,dismissed,dismissed,allowed,True,False
sc_1967_insc_250,dismissed,dismissed,dismissed,dismissed,True,True
sc_2013_insc_502,allowed,dismissed,allowed,dismissed,False,False
sc_1980_insc_126,allowed,allowed,allowed,allowed,True,True
in_abs_train_4667,allowed,allowed,allowed,allowed,True,True
sc_1993_insc_4,allowed,allowed,allowed,dismissed,True,False
sc_1992_insc_146,allowed,allowed,allowed,allowed,True,True
sc_2015_insc_463,allowed,allowed,allowed,allowed,True,True
in_abs_train_5533,dismissed,dismissed,dismissed,dismissed,True,True
in_abs_train_2965,allowed,allowed,allowed,allowed,True,True
in_abs_train_3548,dismissed,allowed,dismissed,dismissed,False,True
in_abs_train_6609,dismissed,allowed,dismissed,dismissed,False,True
sc_1993_insc_206,dismissed,allowed,dismissed,allowed,False,False
in_abs_train_475,dismissed,allowed,dismissed,allowed,False,False
sc_2019_insc_83,dismissed,dismissed,dismissed,dismissed,True,True
sc_2000_insc_497,dismissed,dismissed,dismissed,dismissed,True,True
sc_2013_insc_647,dismissed,dismissed,dismissed,allowed,True,False
in_abs_train_2153,allowed,allowed,allowed,dismissed,True,False
sc_2022_insc_1020,allowed,allowed,allowed,allowed,True,True
sc_1963_insc_188,dismissed,dismissed,dismissed,allowed,True,False
in_abs_train_696,allowed,allowed,allowed,allowed,True,True
sc_1996_insc_872,dismissed,dismissed,dismissed,dismissed,True,True
sc_1968_insc_80,dismissed,dismissed,dismissed,allowed,True,False
sc_1972_insc_8,allowed,allowed,allowed,allowed,True,True
sc_2015_insc_436,allowed,dismissed,allowed,dismissed,False,False
sc_1963_insc_196,allowed,dismissed,allowed,dismissed,False,False
sc_2009_insc_251,dismissed,dismissed,dismissed,allowed,True,False
sc_2019_insc_1166,allowed,dismissed,allowed,dismissed,False,False
sc_1957_insc_101,allowed,allowed,allowed,allowed,True,True
sc_1952_insc_15,allowed,allowed,allowed,allowed,True,True
sc_2007_insc_93,dismissed,dismissed,dismissed,dismissed,True,True
sc_2006_insc_768,dismissed,dismissed,dismissed,dismissed,True,True
sc_1987_insc_335,dismissed,allowed,dismissed,dismissed,False,True
sc_2022_insc_75,allowed,allowed,allowed,allowed,True,True
sc_2023_insc_224,allowed,dismissed,allowed,dismissed,False,False
sc_2008_insc_653,allowed,dismissed,allowed,allowed,False,True
sc_2018_insc_10,allowed,allowed,allowed,dismissed,True,False
in_abs_train_5835,allowed,allowed,allowed,allowed,True,True
sc_2015_insc_664,dismissed,dismissed,dismissed,allowed,True,False
sc_2007_insc_749,allowed,allowed,allowed,allowed,True,True
sc_2020_insc_549,allowed,dismissed,allowed,dismissed,False,False
sc_2008_insc_68,dismissed,allowed,dismissed,allowed,False,False
sc_2007_insc_1129,dismissed,dismissed,dismissed,allowed,True,False
sc_2008_insc_1066,allowed,allowed,allowed,dismissed,True,False
sc_2023_insc_827,dismissed,dismissed,dismissed,allowed,True,False
sc_2021_insc_110,allowed,allowed,allowed,allowed,True,True
sc_1998_insc_304,allowed,allowed,allowed,dismissed,True,False
sc_2009_insc_200,dismissed,dismissed,dismissed,dismissed,True,True
sc_1980_insc_204,allowed,dismissed,allowed,dismissed,False,False
sc_1995_insc_474,dismissed,allowed,dismissed,dismissed,False,True
sc_2009_insc_797,dismissed,dismissed,dismissed,allowed,True,False
sc_1992_insc_231,allowed,allowed,allowed,allowed,True,True
sc_1990_insc_62,allowed,dismissed,allowed,dismissed,False,False
sc_2019_insc_984,allowed,allowed,allowed,dismissed,True,False
in_abs_train_5507,allowed,allowed,allowed,allowed,True,True
in_abs_train_1731,dismissed,dismissed,dismissed,dismissed,True,True
sc_2003_insc_223,allowed,allowed,allowed,dismissed,True,False
sc_1991_insc_124,allowed,dismissed,allowed,allowed,False,True
sc_1972_insc_250,allowed,dismissed,allowed,dismissed,False,False
sc_2012_insc_171,dismissed,allowed,dismissed,allowed,False,False
in_abs_train_2504,dismissed,dismissed,dismissed,dismissed,True,True
sc_2018_insc_99,allowed,dismissed,allowed,dismissed,False,False
sc_1991_insc_315,allowed,allowed,allowed,allowed,True,True
in_abs_train_366,allowed,allowed,allowed,allowed,True,True
sc_2011_insc_449,allowed,dismissed,allowed,dismissed,False,False
sc_2003_insc_661,allowed,dismissed,allowed,dismissed,False,False
in_abs_train_4235,dismissed,dismissed,dismissed,allowed,True,False
sc_2007_insc_887,allowed,allowed,allowed,dismissed,True,False
sc_2011_insc_88,allowed,dismissed,allowed,allowed,False,True
in_abs_train_4625,dismissed,dismissed,dismissed,dismissed,True,True
sc_2007_insc_508,dismissed,dismissed,dismissed,dismissed,True,True
sc_1999_insc_151,allowed,dismissed,allowed,dismissed,False,False
sc_1978_insc_148,allowed,dismissed,allowed,dismissed,False,False
sc_2007_insc_139,allowed,dismissed,allowed,allowed,False,True
in_abs_train_4421,dismissed,dismissed,dismissed,dismissed,True,True
sc_1977_insc_142,dismissed,dismissed,dismissed,dismissed,True,True
sc_2013_insc_540,allowed,dismissed,allowed,dismissed,False,False
sc_1962_insc_177,dismissed,allowed,dismissed,allowed,False,False
sc_1963_insc_75,dismissed,allowed,dismissed,allowed,False,False
sc_1962_insc_36,allowed,allowed,allowed,allowed,True,True
in_abs_train_6147,allowed,dismissed,allowed,dismissed,False,False
sc_2003_insc_424,allowed,dismissed,allowed,dismissed,False,False
sc_2010_insc_181,allowed,unknown,allowed,dismissed,False,False
sc_2007_insc_656,allowed,dismissed,allowed,allowed,False,True
sc_1996_insc_1102,allowed,allowed,allowed,allowed,True,True
sc_1990_insc_392,allowed,allowed,allowed,allowed,True,True
sc_1967_insc_128,dismissed,dismissed,dismissed,dismissed,True,True
sc_1969_insc_290,dismissed,allowed,dismissed,dismissed,False,True
in_abs_train_6450,allowed,dismissed,allowed,dismissed,False,False
sc_1997_insc_172,dismissed,allowed,dismissed,allowed,False,False
sc_2015_insc_860,allowed,allowed,allowed,allowed,True,True
sc_2012_insc_299,dismissed,dismissed,dismissed,dismissed,True,True
sc_2006_insc_892,allowed,dismissed,allowed,dismissed,False,False
sc_2016_insc_235,allowed,dismissed,allowed,dismissed,False,False
sc_2020_insc_284,dismissed,dismissed,dismissed,dismissed,True,True
sc_2009_insc_1285,allowed,dismissed,allowed,dismissed,False,False
sc_2009_insc_285,allowed,dismissed,allowed,allowed,False,True
in_abs_train_2095,dismissed,dismissed,dismissed,dismissed,True,True
sc_2005_insc_72,allowed,dismissed,allowed,dismissed,False,False
sc_2021_insc_413,allowed,dismissed,allowed,dismissed,False,False
sc_2021_insc_242,allowed,dismissed,allowed,dismissed,False,False
in_abs_train_4030,dismissed,allowed,dismissed,allowed,False,False
sc_1996_insc_1119,allowed,dismissed,allowed,dismissed,False,False
sc_2007_insc_386,dismissed,allowed,dismissed,dismissed,False,True
sc_2021_insc_371,allowed,dismissed,allowed,dismissed,False,False
in_abs_train_1129,dismissed,dismissed,dismissed,allowed,True,False
in_abs_train_6973,dismissed,dismissed,dismissed,dismissed,True,True
in_abs_train_6676,dismissed,dismissed,dismissed,allowed,True,False
sc_2010_insc_412,allowed,dismissed,allowed,dismissed,False,False
in_abs_train_193,dismissed,allowed,dismissed,allowed,False,False
sc_2006_insc_142,allowed,allowed,allowed,allowed,True,True
sc_2022_insc_1089,dismissed,allowed,dismissed,allowed,False,False
in_abs_train_5752,allowed,allowed,allowed,allowed,True,True
sc_2002_insc_517,dismissed,allowed,dismissed,allowed,False,False
in_abs_train_5949,allowed,dismissed,allowed,dismissed,False,False
sc_1971_insc_47,dismissed,dismissed,dismissed,dismissed,True,True
in_abs_train_1051,allowed,dismissed,allowed,dismissed,False,False
sc_2004_insc_123,allowed,dismissed,allowed,dismissed,False,False
in_abs_train_7102,allowed,dismissed,allowed,dismissed,False,False
in_abs_train_1956,dismissed,dismissed,dismissed,dismissed,True,True
sc_2019_insc_1296,allowed,allowed,allowed,allowed,True,True
sc_2023_insc_746,allowed,allowed,allowed,dismissed,True,False
sc_2008_insc_646,allowed,dismissed,allowed,dismissed,False,False
in_abs_train_1264,dismissed,dismissed,dismissed,allowed,True,False
sc_2005_insc_495,dismissed,dismissed,dismissed,dismissed,True,True
sc_2011_insc_410,allowed,dismissed,allowed,allowed,False,True
sc_1996_insc_1343,allowed,dismissed,allowed,dismissed,False,False
sc_2021_insc_635,allowed,dismissed,allowed,allowed,False,True
sc_1996_insc_163,allowed,dismissed,allowed,dismissed,False,False
sc_2011_insc_346,dismissed,allowed,dismissed,allowed,False,False
sc_1954_insc_86,dismissed,allowed,dismissed,allowed,False,False
sc_2017_insc_159,allowed,allowed,allowed,allowed,True,True
in_abs_train_411,allowed,dismissed,allowed,dismissed,False,False
sc_2008_insc_920,allowed,allowed,allowed,allowed,True,True
sc_2009_insc_1305,allowed,dismissed,allowed,dismissed,False,False
sc_1978_insc_235,dismissed,dismissed,dismissed,dismissed,True,True
sc_2013_insc_791,allowed,dismissed,allowed,dismissed,False,False
sc_2006_insc_937,dismissed,allowed,dismissed,allowed,False,False
sc_2001_insc_395,dismissed,allowed,dismissed,dismissed,False,True
sc_2022_insc_291,allowed,allowed,allowed,allowed,True,True
sc_2017_insc_150,allowed,allowed,allowed,allowed,True,True
sc_2008_insc_1335,dismissed,allowed,dismissed,allowed,False,False
sc_2013_insc_224,allowed,dismissed,allowed,dismissed,False,False
sc_1968_insc_204,allowed,allowed,allowed,allowed,True,True
sc_1994_insc_536,allowed,dismissed,allowed,allowed,False,True
sc_2008_insc_829,allowed,dismissed,allowed,allowed,False,True
sc_1962_insc_329,dismissed,dismissed,dismissed,dismissed,True,True
sc_1959_insc_40,dismissed,dismissed,dismissed,dismissed,True,True
in_abs_train_5782,dismissed,allowed,dismissed,allowed,False,False
sc_1969_insc_119,allowed,dismissed,allowed,dismissed,False,False
sc_1992_insc_211,allowed,allowed,allowed,allowed,True,True
sc_2009_insc_988,dismissed,allowed,dismissed,allowed,False,False
sc_1969_insc_195,allowed,dismissed,allowed,dismissed,False,False
sc_1979_insc_17,allowed,dismissed,allowed,allowed,False,True
sc_2020_insc_385,dismissed,allowed,dismissed,dismissed,False,True
sc_1993_insc_297,allowed,allowed,allowed,allowed,True,True
sc_2003_insc_128,dismissed,dismissed,dismissed,allowed,True,False
sc_2017_insc_279,dismissed,allowed,dismissed,dismissed,False,True
sc_1991_insc_274,dismissed,allowed,dismissed,allowed,False,False
sc_2022_insc_438,allowed,dismissed,allowed,dismissed,False,False
sc_2010_insc_442,allowed,allowed,allowed,dismissed,True,False
sc_2019_insc_923,dismissed,dismissed,dismissed,dismissed,True,True
sc_1994_insc_57,allowed,dismissed,allowed,dismissed,False,False
sc_1983_insc_76,allowed,dismissed,allowed,allowed,False,True
sc_2000_insc_87,dismissed,dismissed,dismissed,dismissed,True,True
sc_1999_insc_490,dismissed,allowed,dismissed,dismissed,False,True
sc_2007_insc_1123,allowed,allowed,allowed,allowed,True,True
sc_2006_insc_956,allowed,dismissed,allowed,allowed,False,True
sc_2009_insc_1197,dismissed,allowed,dismissed,allowed,False,False
sc_1995_insc_731,allowed,allowed,allowed,allowed,True,True
sc_2007_insc_608,allowed,dismissed,allowed,dismissed,False,False
sc_1995_insc_81,allowed,allowed,allowed,allowed,True,True
sc_1997_insc_218,allowed,allowed,allowed,allowed,True,True
in_abs_train_4999,dismissed,allowed,dismissed,allowed,False,False
sc_2005_insc_215,dismissed,dismissed,dismissed,allowed,True,False
sc_2016_insc_877,dismissed,allowed,dismissed,dismissed,False,True
sc_2015_insc_1014,dismissed,allowed,dismissed,allowed,False,False
sc_2008_insc_1419,allowed,allowed,allowed,allowed,True,True
in_abs_train_1994,allowed,allowed,allowed,dismissed,True,False
sc_2011_insc_398,dismissed,dismissed,dismissed,allowed,True,False
sc_2012_insc_553,dismissed,allowed,dismissed,allowed,False,False
sc_2019_insc_1074,allowed,dismissed,allowed,dismissed,False,False
sc_1961_insc_111,dismissed,dismissed,dismissed,dismissed,True,True
sc_2003_insc_111,allowed,dismissed,allowed,dismissed,False,False
sc_1998_insc_114,allowed,allowed,allowed,allowed,True,True
sc_1981_insc_141,dismissed,dismissed,dismissed,dismissed,True,True
sc_2013_insc_624,allowed,allowed,allowed,allowed,True,True
in_abs_train_3646,allowed,allowed,allowed,dismissed,True,False
sc_1960_insc_106,allowed,dismissed,allowed,dismissed,False,False
sc_1958_insc_119,dismissed,allowed,dismissed,allowed,False,False
in_abs_train_2747,dismissed,dismissed,dismissed,dismissed,True,True
sc_1989_insc_6,allowed,dismissed,allowed,allowed,False,True
sc_1987_insc_100,allowed,dismissed,allowed,dismissed,False,False
sc_2012_insc_592,dismissed,dismissed,dismissed,dismissed,True,True
sc_2005_insc_281,dismissed,allowed,dismissed,dismissed,False,True
sc_2002_insc_35,dismissed,dismissed,dismissed,dismissed,True,True
sc_1987_insc_68,allowed,allowed,allowed,allowed,True,True
sc_1973_insc_243,allowed,dismissed,allowed,dismissed,False,False
sc_1966_insc_235,dismissed,allowed,dismissed,allowed,False,False
sc_1972_insc_162,dismissed,dismissed,dismissed,dismissed,True,True
sc_2008_insc_1353,allowed,allowed,allowed,allowed,True,True
sc_1976_insc_203,dismissed,allowed,dismissed,allowed,False,False
sc_2009_insc_83,dismissed,allowed,dismissed,allowed,False,False
sc_1995_insc_66,allowed,allowed,allowed,allowed,True,True
sc_2008_insc_329,allowed,allowed,allowed,allowed,True,True
in_abs_train_6628,dismissed,dismissed,dismissed,dismissed,True,True
sc_2022_insc_847,allowed,dismissed,allowed,dismissed,False,False
sc_2021_insc_742,allowed,allowed,allowed,allowed,True,True
sc_2002_insc_568,dismissed,dismissed,dismissed,dismissed,True,True
sc_1992_insc_235,dismissed,dismissed,dismissed,dismissed,True,True
sc_2017_insc_310,allowed,dismissed,allowed,allowed,False,True
sc_1996_insc_1243,dismissed,dismissed,dismissed,dismissed,True,True
sc_1997_insc_28,allowed,allowed,allowed,allowed,True,True
sc_2019_insc_339,allowed,dismissed,allowed,dismissed,False,False
sc_2005_insc_202,allowed,allowed,allowed,allowed,True,True
sc_1977_insc_199,dismissed,allowed,dismissed,allowed,False,False
sc_1967_insc_135,dismissed,dismissed,dismissed,dismissed,True,True
in_abs_train_6436,allowed,allowed,allowed,allowed,True,True
sc_2008_insc_941,allowed,dismissed,allowed,dismissed,False,False
sc_1976_insc_244,dismissed,dismissed,dismissed,dismissed,True,True
sc_2019_insc_142,allowed,allowed,allowed,allowed,True,True
sc_1962_insc_5,dismissed,allowed,dismissed,allowed,False,False
in_abs_train_230,dismissed,dismissed,dismissed,dismissed,True,True
sc_1976_insc_144,allowed,allowed,allowed,allowed,True,True
sc_2014_insc_1023,dismissed,allowed,dismissed,allowed,False,False
in_abs_train_3918,dismissed,dismissed,dismissed,dismissed,True,True
sc_2004_insc_39,dismissed,dismissed,dismissed,dismissed,True,True
sc_1961_insc_233,dismissed,dismissed,dismissed,allowed,True,False
sc_2017_insc_1242,allowed,allowed,allowed,allowed,True,True
sc_1959_insc_2,dismissed,allowed,dismissed,allowed,False,False
sc_2011_insc_121,dismissed,allowed,dismissed,allowed,False,False
sc_1978_insc_106,dismissed,dismissed,dismissed,dismissed,True,True
sc_2023_insc_992,allowed,allowed,allowed,dismissed,True,False
sc_1958_insc_81,dismissed,allowed,dismissed,allowed,False,False
in_abs_train_2538,dismissed,allowed,dismissed,allowed,False,False
sc_1997_insc_186,allowed,allowed,allowed,allowed,True,True
in_abs_train_6266,allowed,allowed,allowed,allowed,True,True
sc_2022_insc_442,allowed,dismissed,allowed,dismissed,False,False
in_abs_train_5362,dismissed,allowed,dismissed,dismissed,False,True
sc_2008_insc_762,dismissed,allowed,dismissed,dismissed,False,True
in_abs_train_4198,allowed,allowed,allowed,dismissed,True,False
in_abs_train_651,allowed,dismissed,allowed,dismissed,False,False
sc_2010_insc_785,allowed,dismissed,allowed,dismissed,False,False
sc_1997_insc_807,dismissed,allowed,dismissed,allowed,False,False
sc_1950_insc_23,allowed,dismissed,allowed,dismissed,False,False
in_abs_train_277,allowed,dismissed,allowed,allowed,False,True
sc_1997_insc_232,allowed,dismissed,allowed,dismissed,False,False
in_abs_train_5962,allowed,dismissed,allowed,dismissed,False,False
in_abs_train_2835,allowed,dismissed,allowed,allowed,False,True
sc_2009_insc_539,dismissed,allowed,dismissed,allowed,False,False
in_abs_train_7129,allowed,allowed,allowed,allowed,True,True
sc_2014_1_977_986_en,allowed,dismissed,allowed,dismissed,False,False
sc_2006_insc_443,allowed,dismissed,allowed,allowed,False,True
sc_1992_insc_63,dismissed,allowed,dismissed,allowed,False,False
sc_1996_insc_64,dismissed,dismissed,dismissed,dismissed,True,True
sc_2008_insc_181,allowed,dismissed,allowed,allowed,False,True
sc_2023_insc_317,allowed,dismissed,allowed,dismissed,False,False
sc_2021_insc_83,dismissed,allowed,dismissed,dismissed,False,True
sc_2023_insc_551,dismissed,allowed,dismissed,allowed,False,False
sc_2022_insc_151,dismissed,allowed,dismissed,allowed,False,False
sc_1966_insc_9,dismissed,dismissed,dismissed,dismissed,True,True
sc_1999_insc_436,dismissed,dismissed,dismissed,dismissed,True,True
sc_1996_insc_1202,allowed,allowed,allowed,allowed,True,True
sc_1986_insc_260,dismissed,allowed,dismissed,allowed,False,False
sc_2001_insc_348,dismissed,dismissed,dismissed,dismissed,True,True
sc_1993_insc_367,allowed,dismissed,allowed,dismissed,False,False
sc_2022_insc_1090,dismissed,dismissed,dismissed,allowed,True,False
in_abs_train_4822,dismissed,dismissed,dismissed,allowed,True,False
sc_2023_insc_333,allowed,dismissed,allowed,dismissed,False,False
sc_1997_insc_332,dismissed,allowed,dismissed,dismissed,False,True
sc_2019_insc_526,allowed,allowed,allowed,allowed,True,True
in_abs_train_517,allowed,allowed,allowed,allowed,True,True
sc_1978_insc_80,allowed,dismissed,allowed,allowed,False,True
sc_1958_insc_84,allowed,dismissed,allowed,dismissed,False,False
in_abs_train_1511,allowed,dismissed,allowed,dismissed,False,False
sc_1961_insc_184,allowed,dismissed,allowed,dismissed,False,False
sc_2016_insc_1188,allowed,allowed,allowed,dismissed,True,False
sc_2004_insc_563,allowed,dismissed,allowed,dismissed,False,False
sc_1987_insc_97,allowed,dismissed,allowed,dismissed,False,False
sc_1969_insc_85,dismissed,allowed,dismissed,allowed,False,False
sc_2019_insc_220,allowed,allowed,allowed,allowed,True,True
sc_2022_insc_675,allowed,allowed,allowed,dismissed,True,False
sc_2008_insc_692,allowed,dismissed,allowed,allowed,False,True
sc_2008_insc_793,dismissed,dismissed,dismissed,dismissed,True,True
sc_1980_insc_9,allowed,allowed,allowed,dismissed,True,False
sc_1960_insc_4,dismissed,dismissed,dismissed,allowed,True,False
sc_1971_insc_280,dismissed,allowed,dismissed,allowed,False,False
in_abs_train_6314,allowed,allowed,allowed,dismissed,True,False
sc_1971_insc_217,dismissed,allowed,dismissed,allowed,False,False
sc_1965_insc_62,dismissed,dismissed,dismissed,dismissed,True,True
sc_1961_insc_340,dismissed,dismissed,dismissed,dismissed,True,True
sc_1987_insc_349,dismissed,dismissed,dismissed,dismissed,True,True
sc_2011_insc_123,allowed,allowed,allowed,allowed,True,True
sc_2015_insc_672,allowed,allowed,allowed,dismissed,True,False
sc_1980_insc_184,allowed,dismissed,allowed,dismissed,False,False
in_abs_train_968,dismissed,dismissed,dismissed,dismissed,True,True
sc_1998_insc_197,dismissed,dismissed,dismissed,dismissed,True,True
in_abs_train_2103,allowed,allowed,allowed,dismissed,True,False
sc_1983_insc_94,dismissed,dismissed,dismissed,dismissed,True,True
sc_1980_insc_19,allowed,allowed,allowed,allowed,True,True
sc_2001_insc_277,allowed,dismissed,allowed,dismissed,False,False
sc_1971_insc_310,dismissed,dismissed,dismissed,dismissed,True,True
sc_2011_insc_453,dismissed,dismissed,dismissed,dismissed,True,True
sc_2019_insc_285,allowed,allowed,allowed,allowed,True,True
sc_2013_insc_495,dismissed,dismissed,dismissed,dismissed,True,True
sc_2003_insc_108,dismissed,allowed,dismissed,allowed,False,False
sc_2009_insc_1091,dismissed,dismissed,dismissed,dismissed,True,True
in_abs_train_4195,dismissed,allowed,dismissed,allowed,False,False
sc_2007_insc_457,allowed,dismissed,allowed,dismissed,False,False
in_abs_train_6192,allowed,dismissed,allowed,dismissed,False,False
in_abs_train_2859,allowed,dismissed,allowed,allowed,False,True
sc_2015_insc_1010,dismissed,dismissed,dismissed,dismissed,True,True
sc_2017_insc_853,allowed,allowed,allowed,allowed,True,True
sc_1970_insc_113,dismissed,dismissed,dismissed,allowed,True,False
in_abs_train_3461,allowed,allowed,allowed,allowed,True,True
sc_1979_insc_247,allowed,dismissed,allowed,dismissed,False,False
sc_1952_insc_1,dismissed,allowed,dismissed,dismissed,False,True
sc_1996_insc_483,allowed,dismissed,allowed,dismissed,False,False
sc_1961_insc_162,allowed,allowed,allowed,dismissed,True,False
sc_1957_insc_113,allowed,allowed,allowed,allowed,True,True
sc_1980_insc_125,dismissed,allowed,dismissed,dismissed,False,True
sc_2001_insc_571,dismissed,dismissed,dismissed,dismissed,True,True
sc_1964_insc_187,dismissed,allowed,dismissed,dismissed,False,True
sc_1985_insc_40,allowed,dismissed,allowed,dismissed,False,False
sc_1957_insc_18,dismissed,dismissed,dismissed,dismissed,True,True
sc_1990_insc_74,allowed,dismissed,allowed,allowed,False,True
in_abs_train_116,dismissed,dismissed,dismissed,dismissed,True,True
sc_2024_insc_381,dismissed,allowed,dismissed,allowed,False,False
sc_2013_insc_187,dismissed,allowed,dismissed,allowed,False,False
sc_2003_insc_748,dismissed,dismissed,dismissed,dismissed,True,True
in_abs_train_3213,allowed,dismissed,allowed,dismissed,False,False
in_abs_train_2693,dismissed,allowed,dismissed,allowed,False,False
sc_2002_insc_304,allowed,dismissed,allowed,dismissed,False,False
sc_2007_insc_833,allowed,dismissed,allowed,dismissed,False,False
sc_2004_insc_469,allowed,dismissed,allowed,dismissed,False,False
sc_2007_insc_295,allowed,dismissed,allowed,dismissed,False,False
sc_2004_insc_158,allowed,allowed,allowed,allowed,True,True
sc_1989_insc_241,allowed,dismissed,allowed,dismissed,False,False
sc_2020_insc_96,dismissed,dismissed,dismissed,dismissed,True,True
sc_1998_insc_285,allowed,dismissed,allowed,allowed,False,True
sc_1956_insc_63,dismissed,dismissed,dismissed,dismissed,True,True
sc_1997_insc_808,dismissed,unknown,dismissed,dismissed,False,True
sc_1987_insc_137,allowed,allowed,allowed,dismissed,True,False
sc_2023_insc_632,allowed,dismissed,allowed,dismissed,False,False
in_abs_train_855,dismissed,allowed,dismissed,dismissed,False,True
sc_2011_insc_533,dismissed,allowed,dismissed,allowed,False,False
sc_2012_insc_445,dismissed,dismissed,dismissed,dismissed,True,True
sc_2012_insc_49,allowed,dismissed,allowed,allowed,False,True
sc_1996_insc_755,allowed,allowed,allowed,allowed,True,True
sc_2011_insc_380,dismissed,dismissed,dismissed,dismissed,True,True
sc_2002_insc_546,allowed,dismissed,allowed,dismissed,False,False
sc_2003_insc_646,allowed,allowed,allowed,allowed,True,True
sc_2020_insc_630,dismissed,dismissed,dismissed,dismissed,True,True
in_abs_train_6297,allowed,allowed,allowed,allowed,True,True
sc_2003_insc_103,allowed,dismissed,allowed,dismissed,False,False
sc_2012_insc_225,dismissed,dismissed,dismissed,dismissed,True,True
sc_2019_insc_1312,dismissed,dismissed,dismissed,dismissed,True,True
sc_2022_insc_578,dismissed,dismissed,dismissed,dismissed,True,True
sc_1992_insc_228,dismissed,dismissed,dismissed,dismissed,True,True
in_abs_train_4662,allowed,dismissed,allowed,allowed,False,True
sc_2008_insc_1155,allowed,allowed,allowed,allowed,True,True
sc_1997_insc_296,allowed,allowed,allowed,allowed,True,True
sc_1986_insc_284,dismissed,dismissed,dismissed,allowed,True,False
in_abs_train_2546,dismissed,allowed,dismissed,allowed,False,False
sc_1975_insc_211,allowed,allowed,allowed,allowed,True,True
sc_1988_insc_332,dismissed,dismissed,dismissed,dismissed,True,True
sc_2015_insc_164,dismissed,dismissed,dismissed,allowed,True,False
sc_1985_insc_122,dismissed,dismissed,dismissed,dismissed,True,True
sc_1999_insc_364,dismissed,allowed,dismissed,allowed,False,False
sc_1972_insc_50,dismissed,allowed,dismissed,allowed,False,False
sc_2006_insc_777,dismissed,dismissed,dismissed,dismissed,True,True
sc_1982_insc_80,allowed,dismissed,allowed,dismissed,False,False
in_abs_train_4086,dismissed,dismissed,dismissed,dismissed,True,True
sc_2016_insc_167,allowed,dismissed,allowed,dismissed,False,False
sc_2002_insc_222,dismissed,allowed,dismissed,allowed,False,False
sc_2019_insc_1316,allowed,dismissed,allowed,dismissed,False,False
in_abs_train_3242,dismissed,dismissed,dismissed,dismissed,True,True
sc_1975_insc_52,allowed,dismissed,allowed,dismissed,False,False
sc_1965_insc_233,dismissed,dismissed,dismissed,dismissed,True,True
sc_2019_insc_12,dismissed,allowed,dismissed,allowed,False,False
sc_1996_insc_1100,allowed,dismissed,allowed,dismissed,False,False
sc_2009_insc_520,allowed,allowed,allowed,allowed,True,True
in_abs_train_247,dismissed,allowed,dismissed,allowed,False,False
in_abs_train_2090,allowed,dismissed,allowed,dismissed,False,False
in_abs_train_1109,dismissed,dismissed,dismissed,dismissed,True,True
in_abs_train_1153,dismissed,dismissed,dismissed,dismissed,True,True
sc_1996_insc_1136,dismissed,allowed,dismissed,dismissed,False,True
sc_2008_insc_1372,allowed,dismissed,allowed,dismissed,False,False
sc_2018_insc_778,allowed,dismissed,allowed,allowed,False,True
sc_1996_insc_237,allowed,allowed,allowed,allowed,True,True
sc_1976_insc_126,dismissed,dismissed,dismissed,dismissed,True,True
sc_1996_insc_491,dismissed,allowed,dismissed,dismissed,False,True
sc_2007_insc_196,allowed,allowed,allowed,allowed,True,True
sc_1958_insc_99,dismissed,dismissed,dismissed,dismissed,True,True
sc_1995_insc_280,allowed,dismissed,allowed,dismissed,False,False
sc_1978_insc_185,allowed,dismissed,allowed,dismissed,False,False
sc_2008_insc_434,dismissed,allowed,dismissed,allowed,False,False
sc_2009_insc_81,allowed,allowed,allowed,allowed,True,True
sc_1993_insc_171,dismissed,allowed,dismissed,allowed,False,False
sc_1996_insc_1452,allowed,dismissed,allowed,dismissed,False,False
sc_2023_insc_816,dismissed,dismissed,dismissed,dismissed,True,True
sc_2017_insc_1135,dismissed,dismissed,dismissed,dismissed,True,True
sc_2022_insc_592,allowed,allowed,allowed,allowed,True,True
in_abs_train_3544,allowed,dismissed,allowed,dismissed,False,False
sc_1991_insc_351,dismissed,dismissed,dismissed,dismissed,True,True
sc_2006_insc_554,dismissed,allowed,dismissed,allowed,False,False
sc_1957_insc_67,dismissed,dismissed,dismissed,dismissed,True,True
sc_1981_insc_198,dismissed,dismissed,dismissed,dismissed,True,True
sc_1991_insc_10,dismissed,dismissed,dismissed,dismissed,True,True
sc_2010_insc_705,dismissed,allowed,dismissed,dismissed,False,True
sc_2008_insc_207,dismissed,allowed,dismissed,dismissed,False,True
sc_2013_insc_545,dismissed,allowed,dismissed,allowed,False,False
sc_2008_insc_1460,allowed,allowed,allowed,dismissed,True,False
sc_1989_insc_382,dismissed,dismissed,dismissed,dismissed,True,True
in_abs_train_6250,allowed,unknown,allowed,allowed,False,True
sc_2001_insc_220,allowed,allowed,allowed,allowed,True,True
sc_1980_insc_150,dismissed,allowed,dismissed,allowed,False,False
in_abs_train_2726,dismissed,dismissed,dismissed,allowed,True,False
sc_1972_insc_283,dismissed,allowed,dismissed,allowed,False,False
sc_2009_insc_493,allowed,dismissed,allowed,dismissed,False,False
sc_2015_insc_554,allowed,allowed,allowed,allowed,True,True
sc_2016_insc_509,dismissed,dismissed,dismissed,dismissed,True,True
sc_2008_insc_721,allowed,dismissed,allowed,dismissed,False,False
sc_1995_insc_226,dismissed,dismissed,dismissed,allowed,True,False
sc_2023_insc_841,dismissed,allowed,dismissed,allowed,False,False
sc_1996_insc_693,allowed,allowed,allowed,allowed,True,True
sc_2017_insc_378,allowed,allowed,allowed,allowed,True,True
sc_2013_insc_436,allowed,allowed,allowed,allowed,True,True
sc_2011_insc_432,allowed,dismissed,allowed,dismissed,False,False
sc_1975_insc_80,allowed,dismissed,allowed,dismissed,False,False
sc_1975_insc_275,dismissed,allowed,dismissed,dismissed,False,True
sc_2014_insc_1030,dismissed,dismissed,dismissed,dismissed,True,True
sc_2007_insc_330,dismissed,allowed,dismissed,dismissed,False,True
in_abs_train_5307,dismissed,dismissed,dismissed,dismissed,True,True
sc_1983_insc_10,allowed,allowed,allowed,allowed,True,True
sc_1964_insc_167,dismissed,dismissed,dismissed,dismissed,True,True
sc_1968_insc_337,dismissed,allowed,dismissed,allowed,False,False
sc_2007_insc_790,allowed,allowed,allowed,allowed,True,True
sc_1992_insc_71,dismissed,dismissed,dismissed,dismissed,True,True
sc_2015_insc_386,allowed,dismissed,allowed,dismissed,False,False
sc_2018_insc_1135,allowed,dismissed,allowed,allowed,False,True
sc_2010_insc_47,allowed,allowed,allowed,allowed,True,True
sc_2006_insc_1004,dismissed,dismissed,dismissed,dismissed,True,True
in_abs_train_491,dismissed,dismissed,dismissed,dismissed,True,True
sc_2012_insc_167,dismissed,dismissed,dismissed,dismissed,True,True
in_abs_train_5919,dismissed,allowed,dismissed,allowed,False,False
sc_2002_insc_354,dismissed,dismissed,dismissed,dismissed,True,True
sc_2019_insc_338,allowed,dismissed,allowed,dismissed,False,False
sc_2012_insc_304,dismissed,dismissed,dismissed,dismissed,True,True
sc_2016_insc_595,dismissed,allowed,dismissed,allowed,False,False
sc_1998_insc_110,dismissed,allowed,dismissed,allowed,False,False
sc_2011_insc_490,dismissed,dismissed,dismissed,allowed,True,False
in_abs_train_4144,dismissed,dismissed,dismissed,dismissed,True,True
sc_2012_insc_494,allowed,allowed,allowed,allowed,True,True
sc_1996_insc_1111,allowed,dismissed,allowed,dismissed,False,False
sc_2022_insc_1117,dismissed,allowed,dismissed,allowed,False,False
sc_2008_insc_1017,dismissed,dismissed,dismissed,dismissed,True,True
sc_2014_insc_7,allowed,dismissed,allowed,dismissed,False,False
sc_1969_insc_151,allowed,allowed,allowed,dismissed,True,False
in_abs_train_1383,dismissed,dismissed,dismissed,dismissed,True,True
sc_1988_insc_218,dismissed,dismissed,dismissed,dismissed,True,True
sc_1993_insc_311,dismissed,dismissed,dismissed,dismissed,True,True
sc_1952_insc_53,dismissed,dismissed,dismissed,dismissed,True,True
sc_2008_insc_1001,allowed,dismissed,allowed,dismissed,False,False
sc_2017_insc_634,dismissed,dismissed,dismissed,dismissed,True,True
sc_1987_insc_128,dismissed,allowed,dismissed,allowed,False,False
sc_1966_insc_241,dismissed,dismissed,dismissed,allowed,True,False
sc_1991_insc_64,dismissed,dismissed,dismissed,allowed,True,False
sc_1995_insc_714,allowed,allowed,allowed,allowed,True,True
in_abs_train_5766,allowed,allowed,allowed,dismissed,True,False
sc_1969_insc_178,dismissed,dismissed,dismissed,dismissed,True,True
sc_2004_insc_135,dismissed,allowed,dismissed,dismissed,False,True
sc_2018_insc_912,dismissed,dismissed,dismissed,allowed,True,False
in_abs_train_4075,allowed,dismissed,allowed,dismissed,False,False
sc_2019_insc_1144,dismissed,dismissed,dismissed,allowed,True,False
sc_1980_insc_181,allowed,dismissed,allowed,dismissed,False,False
sc_2020_insc_566,dismissed,allowed,dismissed,dismissed,False,True
sc_1989_insc_326,dismissed,dismissed,dismissed,dismissed,True,True
in_abs_train_1558,dismissed,allowed,dismissed,allowed,False,False
sc_1996_insc_1237,dismissed,allowed,dismissed,allowed,False,False
sc_1996_insc_159,allowed,allowed,allowed,allowed,True,True
sc_2019_insc_1080,allowed,allowed,allowed,dismissed,True,False
sc_1979_insc_62,allowed,allowed,allowed,allowed,True,True
sc_1961_insc_6,dismissed,dismissed,dismissed,dismissed,True,True
sc_1997_insc_805,allowed,allowed,allowed,allowed,True,True
sc_1991_insc_336,dismissed,allowed,dismissed,dismissed,False,True
sc_1996_insc_1169,dismissed,dismissed,dismissed,dismissed,True,True
sc_1997_insc_491,dismissed,allowed,dismissed,allowed,False,False
sc_2017_insc_465,dismissed,allowed,dismissed,dismissed,False,True
sc_1956_insc_39,dismissed,dismissed,dismissed,dismissed,True,True
sc_2015_insc_769,allowed,dismissed,allowed,dismissed,False,False
sc_1962_insc_321,dismissed,dismissed,dismissed,dismissed,True,True
sc_2000_insc_189,allowed,allowed,allowed,allowed,True,True
sc_2008_insc_956,dismissed,allowed,dismissed,allowed,False,False
in_abs_train_5280,dismissed,dismissed,dismissed,allowed,True,False
sc_2024_insc_281,dismissed,dismissed,dismissed,dismissed,True,True
sc_2013_insc_483,allowed,dismissed,allowed,dismissed,False,False
sc_2017_insc_1234,allowed,allowed,allowed,allowed,True,True
sc_2016_insc_955,allowed,allowed,allowed,allowed,True,True
sc_2010_insc_706,dismissed,dismissed,dismissed,dismissed,True,True
in_abs_train_1301,dismissed,allowed,dismissed,allowed,False,False
sc_1991_insc_195,allowed,dismissed,allowed,dismissed,False,False
sc_1959_insc_77,allowed,allowed,allowed,allowed,True,True
sc_1977_insc_151,dismissed,dismissed,dismissed,dismissed,True,True
sc_2003_insc_643,allowed,allowed,allowed,dismissed,True,False
sc_2010_insc_322,dismissed,dismissed,dismissed,dismissed,True,True
sc_1994_insc_276,allowed,dismissed,allowed,allowed,False,True
in_abs_train_6131,allowed,dismissed,allowed,dismissed,False,False
sc_2011_insc_256,allowed,allowed,allowed,dismissed,True,False
in_abs_train_1981,allowed,dismissed,allowed,dismissed,False,False
sc_1984_insc_162,allowed,dismissed,allowed,allowed,False,True
sc_1987_insc_379,allowed,allowed,allowed,allowed,True,True
sc_2003_insc_288,dismissed,dismissed,dismissed,dismissed,True,True
sc_1965_insc_211,dismissed,dismissed,dismissed,dismissed,True,True
sc_1986_insc_34,dismissed,allowed,dismissed,dismissed,False,True
sc_1993_insc_55,allowed,dismissed,allowed,allowed,False,True
in_abs_train_6410,allowed,dismissed,allowed,dismissed,False,False
in_abs_train_1133,dismissed,dismissed,dismissed,allowed,True,False
in_abs_train_5426,allowed,allowed,allowed,allowed,True,True
sc_2019_insc_673,allowed,dismissed,allowed,allowed,False,True
in_abs_train_5380,dismissed,dismissed,dismissed,dismissed,True,True
sc_2000_insc_178,allowed,dismissed,allowed,dismissed,False,False
sc_1974_insc_204,dismissed,unknown,dismissed,dismissed,False,True
sc_2014_insc_459,dismissed,allowed,dismissed,dismissed,False,True
in_abs_train_1722,allowed,dismissed,allowed,dismissed,False,False
sc_2009_insc_659,allowed,dismissed,allowed,dismissed,False,False
in_abs_train_919,dismissed,allowed,dismissed,dismissed,False,True
sc_1979_insc_78,allowed,dismissed,allowed,allowed,False,True
sc_2002_insc_402,allowed,dismissed,allowed,dismissed,False,False
sc_2008_insc_511,allowed,dismissed,allowed,dismissed,False,False
in_abs_train_1243,dismissed,dismissed,dismissed,dismissed,True,True
sc_2022_insc_785,allowed,allowed,allowed,allowed,True,True
sc_2005_insc_240,dismissed,dismissed,dismissed,dismissed,True,True
sc_2022_insc_1199,allowed,dismissed,allowed,dismissed,False,False
sc_2001_insc_68,dismissed,dismissed,dismissed,dismissed,True,True
sc_2013_insc_715,allowed,dismissed,allowed,allowed,False,True
sc_1992_insc_261,allowed,dismissed,allowed,dismissed,False,False
sc_2010_insc_337,allowed,allowed,allowed,allowed,True,True
sc_1993_insc_295,dismissed,dismissed,dismissed,allowed,True,False
sc_2006_insc_355,dismissed,dismissed,dismissed,allowed,True,False
sc_2022_insc_1092,allowed,allowed,allowed,allowed,True,True
in_abs_train_4324,dismissed,dismissed,dismissed,dismissed,True,True
sc_1996_insc_377,allowed,dismissed,allowed,dismissed,False,False
sc_1968_insc_144,dismissed,dismissed,dismissed,dismissed,True,True
sc_1991_insc_100,allowed,dismissed,allowed,dismissed,False,False
sc_2022_insc_573,dismissed,allowed,dismissed,allowed,False,False
sc_2019_insc_152,dismissed,allowed,dismissed,allowed,False,False
sc_2010_insc_513,dismissed,dismissed,dismissed,allowed,True,False
in_abs_train_5347,allowed,allowed,allowed,allowed,True,True
sc_1964_insc_39,dismissed,dismissed,dismissed,dismissed,True,True
sc_2017_insc_1055,allowed,allowed,allowed,allowed,True,True
sc_2009_insc_231,allowed,allowed,allowed,allowed,True,True
sc_1972_insc_282,dismissed,dismissed,dismissed,dismissed,True,True
sc_2015_insc_51,dismissed,dismissed,dismissed,dismissed,True,True
sc_1969_insc_265,dismissed,dismissed,dismissed,dismissed,True,True
sc_2009_insc_832,allowed,dismissed,allowed,dismissed,False,False
sc_1996_insc_209,allowed,allowed,allowed,allowed,True,True
sc_1995_insc_480,dismissed,dismissed,dismissed,allowed,True,False
in_abs_train_4656,dismissed,allowed,dismissed,dismissed,False,True
sc_1987_insc_189,dismissed,dismissed,dismissed,dismissed,True,True
in_abs_train_3524,dismissed,dismissed,dismissed,dismissed,True,True
in_abs_train_6183,allowed,dismissed,allowed,dismissed,False,False
sc_1992_insc_279,dismissed,dismissed,dismissed,dismissed,True,True
sc_2015_insc_582,dismissed,allowed,dismissed,allowed,False,False
sc_1971_insc_20,allowed,allowed,allowed,allowed,True,True
sc_2004_insc_163,dismissed,allowed,dismissed,dismissed,False,True
sc_1984_insc_71,allowed,dismissed,allowed,dismissed,False,False
sc_2008_insc_1077,dismissed,allowed,dismissed,allowed,False,False
sc_2007_insc_1076,dismissed,dismissed,dismissed,dismissed,True,True
sc_1972_insc_288,dismissed,dismissed,dismissed,dismissed,True,True
sc_1951_insc_43,dismissed,allowed,dismissed,allowed,False,False
in_abs_train_3760,dismissed,allowed,dismissed,allowed,False,False
sc_2014_insc_14,dismissed,dismissed,dismissed,dismissed,True,True
in_abs_train_6747,dismissed,dismissed,dismissed,dismissed,True,True
sc_1996_insc_1161,allowed,allowed,allowed,allowed,True,True
sc_2006_insc_650,dismissed,dismissed,dismissed,dismissed,True,True
sc_1990_insc_179,allowed,allowed,allowed,allowed,True,True
sc_2012_insc_431,dismissed,dismissed,dismissed,dismissed,True,True
sc_1995_insc_810,allowed,dismissed,allowed,dismissed,False,False
sc_2021_insc_233,allowed,allowed,allowed,allowed,True,True
sc_2007_insc_660,allowed,dismissed,allowed,dismissed,False,False
sc_1998_insc_270,allowed,dismissed,allowed,allowed,False,True
in_abs_train_4253,dismissed,allowed,dismissed,allowed,False,False
sc_2002_insc_214,allowed,dismissed,allowed,dismissed,False,False
sc_2018_insc_806,allowed,dismissed,allowed,dismissed,False,False
sc_1999_insc_49,allowed,allowed,allowed,allowed,True,True
in_abs_train_1452,dismissed,dismissed,dismissed,dismissed,True,True
sc_1978_insc_12,dismissed,allowed,dismissed,allowed,False,False
sc_2022_insc_824,allowed,dismissed,allowed,dismissed,False,False
sc_2014_insc_593,dismissed,allowed,dismissed,allowed,False,False
sc_2008_insc_537,dismissed,dismissed,dismissed,allowed,True,False
sc_2007_insc_698,dismissed,allowed,dismissed,allowed,False,False
sc_1978_insc_138,dismissed,allowed,dismissed,allowed,False,False
sc_1985_insc_101,allowed,dismissed,allowed,dismissed,False,False
sc_2022_insc_86,dismissed,dismissed,dismissed,dismissed,True,True
sc_2010_insc_854,dismissed,dismissed,dismissed,allowed,True,False
sc_2011_insc_608,dismissed,allowed,dismissed,allowed,False,False
sc_2006_insc_588,dismissed,dismissed,dismissed,allowed,True,False
sc_2006_insc_627,allowed,dismissed,allowed,dismissed,False,False
sc_1957_insc_105,allowed,dismissed,allowed,dismissed,False,False
sc_1988_insc_21,dismissed,dismissed,dismissed,dismissed,True,True
in_abs_train_5155,allowed,allowed,allowed,allowed,True,True
sc_1951_insc_60,allowed,dismissed,allowed,dismissed,False,False
sc_2015_insc_283,allowed,allowed,allowed,allowed,True,True
sc_1971_insc_264,dismissed,dismissed,dismissed,dismissed,True,True
in_abs_train_3572,allowed,allowed,allowed,allowed,True,True
in_abs_train_4445,dismissed,allowed,dismissed,allowed,False,False
sc_2001_insc_212,allowed,allowed,allowed,allowed,True,True
sc_2011_insc_458,allowed,dismissed,allowed,allowed,False,True
sc_2019_insc_1222,allowed,dismissed,allowed,allowed,False,True
sc_1995_insc_516,allowed,allowed,allowed,dismissed,True,False
sc_2015_insc_57,allowed,dismissed,allowed,dismissed,False,False
sc_2015_insc_938,allowed,dismissed,allowed,dismissed,False,False
sc_1989_insc_44,dismissed,dismissed,dismissed,dismissed,True,True
sc_1977_insc_119,dismissed,allowed,dismissed,allowed,False,False
sc_2017_insc_773,allowed,allowed,allowed,allowed,True,True
sc_2011_insc_783,allowed,allowed,allowed,allowed,True,True
sc_2007_insc_1122,allowed,allowed,allowed,allowed,True,True
sc_2014_insc_147,allowed,allowed,allowed,allowed,True,True
sc_1971_insc_282,dismissed,dismissed,dismissed,dismissed,True,True
in_abs_train_5960,dismissed,dismissed,dismissed,dismissed,True,True
sc_2003_insc_298,dismissed,allowed,dismissed,allowed,False,False
sc_2008_insc_354,allowed,allowed,allowed,allowed,True,True
sc_2001_insc_131,dismissed,dismissed,dismissed,allowed,True,False
sc_1969_insc_47,dismissed,allowed,dismissed,dismissed,False,True
sc_1994_insc_185,dismissed,dismissed,dismissed,dismissed,True,True
in_abs_train_2597,allowed,dismissed,allowed,dismissed,False,False
sc_2010_insc_532,allowed,allowed,allowed,dismissed,True,False
in_abs_train_6412,allowed,dismissed,allowed,dismissed,False,False
sc_1999_insc_327,allowed,dismissed,allowed,dismissed,False,False
sc_1996_insc_428,allowed,allowed,allowed,allowed,True,True
sc_2010_insc_59,allowed,dismissed,allowed,dismissed,False,False
sc_1971_insc_206,dismissed,allowed,dismissed,allowed,False,False
in_abs_train_723,dismissed,dismissed,dismissed,dismissed,True,True
in_abs_train_1595,dismissed,allowed,dismissed,allowed,False,False
sc_1967_insc_14,dismissed,dismissed,dismissed,allowed,True,False
sc_2016_insc_580,allowed,unknown,allowed,unknown,False,False
sc_1968_insc_341,allowed,dismissed,allowed,dismissed,False,False
sc_2002_insc_159,dismissed,allowed,dismissed,allowed,False,False
sc_2021_insc_857,allowed,dismissed,allowed,dismissed,False,False
in_abs_train_5657,allowed,allowed,allowed,allowed,True,True
in_abs_train_1864,allowed,dismissed,allowed,dismissed,False,False
in_abs_train_1878,allowed,dismissed,allowed,dismissed,False,False
sc_1963_insc_168,dismissed,allowed,dismissed,allowed,False,False
sc_2020_insc_30,dismissed,dismissed,dismissed,dismissed,True,True
sc_2007_insc_731,allowed,dismissed,allowed,dismissed,False,False
sc_2023_insc_854,dismissed,dismissed,dismissed,dismissed,True,True
sc_2020_insc_27,allowed,allowed,allowed,allowed,True,True
sc_1969_insc_82,dismissed,dismissed,dismissed,dismissed,True,True
sc_1950_insc_41,dismissed,allowed,dismissed,allowed,False,False
sc_1962_insc_369,allowed,dismissed,allowed,dismissed,False,False
sc_1995_insc_30,allowed,dismissed,allowed,allowed,False,True
sc_2023_insc_208,dismissed,dismissed,dismissed,dismissed,True,True
sc_2010_insc_26,allowed,dismissed,allowed,dismissed,False,False
sc_1969_insc_26,allowed,allowed,allowed,allowed,True,True
sc_1996_insc_820,allowed,allowed,allowed,allowed,True,True
sc_1991_insc_303,dismissed,allowed,dismissed,allowed,False,False
in_abs_train_2403,dismissed,dismissed,dismissed,dismissed,True,True
in_abs_train_624,dismissed,dismissed,dismissed,dismissed,True,True
sc_2007_insc_1095,allowed,allowed,allowed,allowed,True,True
in_abs_train_3509,allowed,allowed,allowed,dismissed,True,False
sc_1993_insc_220,dismissed,allowed,dismissed,allowed,False,False
sc_1958_insc_7,dismissed,dismissed,dismissed,dismissed,True,True
sc_1995_insc_293,dismissed,allowed,dismissed,allowed,False,False
in_abs_train_3133,dismissed,dismissed,dismissed,dismissed,True,True
sc_2014_insc_208,dismissed,dismissed,dismissed,dismissed,True,True
sc_1986_insc_276,dismissed,allowed,dismissed,dismissed,False,True
sc_2022_insc_630,allowed,allowed,allowed,allowed,True,True
sc_1958_insc_112,dismissed,dismissed,dismissed,dismissed,True,True
sc_2021_insc_420,allowed,dismissed,allowed,dismissed,False,False
sc_2022_insc_1188,allowed,allowed,allowed,allowed,True,True
sc_1990_insc_314,allowed,dismissed,allowed,dismissed,False,False
sc_1997_insc_435,allowed,dismissed,allowed,dismissed,False,False
sc_2021_insc_706,allowed,dismissed,allowed,dismissed,False,False
in_abs_train_4930,dismissed,dismissed,dismissed,dismissed,True,True
sc_1967_insc_122,dismissed,dismissed,dismissed,dismissed,True,True
sc_2001_insc_148,dismissed,dismissed,dismissed,allowed,True,False
sc_2002_insc_264,allowed,dismissed,allowed,dismissed,False,False
in_abs_train_2930,dismissed,dismissed,dismissed,dismissed,True,True
sc_2011_insc_302,allowed,allowed,allowed,allowed,True,True
sc_1962_insc_213,allowed,dismissed,allowed,dismissed,False,False
sc_2006_insc_328,dismissed,dismissed,dismissed,allowed,True,False
sc_1994_insc_47,allowed,allowed,allowed,allowed,True,True
sc_1976_insc_44,dismissed,dismissed,dismissed,dismissed,True,True
sc_1997_insc_461,dismissed,allowed,dismissed,allowed,False,False
sc_2010_insc_402,allowed,allowed,allowed,allowed,True,True
sc_2022_insc_264,allowed,allowed,allowed,allowed,True,True
sc_2022_insc_753,allowed,dismissed,allowed,dismissed,False,False
in_abs_train_2459,dismissed,allowed,dismissed,dismissed,False,True
sc_2020_insc_361,allowed,allowed,allowed,allowed,True,True
sc_2021_insc_923,allowed,dismissed,allowed,dismissed,False,False
sc_1996_insc_1285,dismissed,allowed,dismissed,dismissed,False,True
sc_1972_insc_136,dismissed,dismissed,dismissed,dismissed,True,True
sc_1994_insc_275,allowed,allowed,allowed,allowed,True,True
sc_1983_insc_4,dismissed,dismissed,dismissed,dismissed,True,True
sc_2023_insc_644,allowed,allowed,allowed,allowed,True,True
sc_2012_insc_365,allowed,allowed,allowed,allowed,True,True
sc_2008_insc_494,allowed,allowed,allowed,allowed,True,True
sc_2013_insc_297,allowed,allowed,allowed,allowed,True,True
sc_2008_insc_1176,dismissed,allowed,dismissed,allowed,False,False
sc_2023_insc_505,dismissed,allowed,dismissed,dismissed,False,True
sc_1959_insc_1,dismissed,allowed,dismissed,allowed,False,False
sc_2004_insc_564,dismissed,allowed,dismissed,allowed,False,False
sc_2023_insc_1006,dismissed,dismissed,dismissed,dismissed,True,True
in_abs_train_3092,dismissed,dismissed,dismissed,dismissed,True,True
in_abs_train_5612,allowed,dismissed,allowed,dismissed,False,False
sc_2007_insc_374,dismissed,allowed,dismissed,allowed,False,False
sc_1975_insc_179,allowed,dismissed,allowed,dismissed,False,False
sc_2010_insc_17,dismissed,allowed,dismissed,dismissed,False,True
in_abs_train_5874,dismissed,dismissed,dismissed,allowed,True,False
in_abs_train_965,dismissed,allowed,dismissed,allowed,False,False
sc_1998_insc_436,dismissed,dismissed,dismissed,dismissed,True,True
sc_1953_insc_1,dismissed,dismissed,dismissed,dismissed,True,True
sc_2002_insc_127,dismissed,allowed,dismissed,allowed,False,False
sc_1971_insc_305,dismissed,dismissed,dismissed,dismissed,True,True
sc_2009_insc_770,allowed,dismissed,allowed,allowed,False,True
sc_1996_insc_1024,allowed,dismissed,allowed,dismissed,False,False
sc_1995_insc_186,dismissed,dismissed,dismissed,dismissed,True,True
sc_1996_insc_380,allowed,allowed,allowed,allowed,True,True
sc_1973_insc_45,allowed,allowed,allowed,allowed,True,True
sc_2021_insc_458,allowed,allowed,allowed,allowed,True,True
sc_1964_insc_201,dismissed,dismissed,dismissed,dismissed,True,True
in_abs_train_2586,dismissed,dismissed,dismissed,allowed,True,False
sc_1993_insc_248,allowed,allowed,allowed,allowed,True,True
sc_1996_insc_1150,dismissed,allowed,dismissed,dismissed,False,True
in_abs_train_1317,allowed,allowed,allowed,dismissed,True,False
in_abs_train_567,dismissed,dismissed,dismissed,dismissed,True,True
sc_2009_insc_1260,dismissed,allowed,dismissed,dismissed,False,True
in_abs_train_1434,dismissed,allowed,dismissed,allowed,False,False
sc_1996_insc_661,allowed,allowed,allowed,allowed,True,True
sc_2011_insc_50,allowed,dismissed,allowed,allowed,False,True
sc_2008_insc_621,dismissed,allowed,dismissed,allowed,False,False
sc_1994_insc_560,dismissed,dismissed,dismissed,dismissed,True,True
sc_2014_insc_81,allowed,dismissed,allowed,allowed,False,True
sc_1999_insc_569,allowed,dismissed,allowed,dismissed,False,False
sc_1960_insc_191,allowed,dismissed,allowed,dismissed,False,False
sc_2007_insc_57,allowed,allowed,allowed,allowed,True,True
sc_2009_insc_358,allowed,dismissed,allowed,dismissed,False,False
sc_2018_insc_1141,dismissed,allowed,dismissed,allowed,False,False
sc_2011_insc_716,allowed,allowed,allowed,allowed,True,True
sc_1951_insc_18,dismissed,dismissed,dismissed,dismissed,True,True
sc_1978_insc_211,dismissed,dismissed,dismissed,dismissed,True,True
sc_2021_insc_253,allowed,allowed,allowed,allowed,True,True
sc_2023_insc_984,allowed,dismissed,allowed,allowed,False,True
sc_1969_insc_330,dismissed,allowed,dismissed,allowed,False,False
sc_1971_insc_91,allowed,dismissed,allowed,dismissed,False,False
sc_2009_insc_1262,allowed,dismissed,allowed,dismissed,False,False
sc_2001_insc_283,dismissed,allowed,dismissed,dismissed,False,True
sc_2008_insc_918,dismissed,dismissed,dismissed,dismissed,True,True
sc_2005_insc_137,allowed,allowed,allowed,allowed,True,True
sc_2018_insc_361,dismissed,dismissed,dismissed,allowed,True,False
sc_1966_insc_163,dismissed,dismissed,dismissed,dismissed,True,True
sc_2019_insc_988,dismissed,dismissed,dismissed,dismissed,True,True
sc_2013_insc_598,allowed,allowed,allowed,allowed,True,True
sc_1977_insc_178,dismissed,allowed,dismissed,allowed,False,False
sc_2017_insc_359,allowed,allowed,allowed,allowed,True,True
sc_1973_insc_184,dismissed,dismissed,dismissed,dismissed,True,True
sc_2007_insc_382,allowed,dismissed,allowed,dismissed,False,False
sc_1990_insc_28,dismissed,allowed,dismissed,dismissed,False,True
sc_2007_insc_815,allowed,dismissed,allowed,dismissed,False,False
sc_2019_insc_199,allowed,allowed,allowed,allowed,True,True
sc_2017_insc_481,dismissed,allowed,dismissed,allowed,False,False
sc_1990_insc_63,dismissed,dismissed,dismissed,dismissed,True,True
sc_2003_insc_667,dismissed,allowed,dismissed,allowed,False,False
sc_2006_insc_770,dismissed,dismissed,dismissed,dismissed,True,True
sc_2012_insc_148,dismissed,allowed,dismissed,allowed,False,False
in_abs_train_5460,dismissed,unknown,dismissed,dismissed,False,True
sc_1951_insc_37,dismissed,allowed,dismissed,dismissed,False,True
in_abs_train_2395,allowed,dismissed,allowed,allowed,False,True
sc_2009_insc_997,dismissed,dismissed,dismissed,dismissed,True,True
sc_2009_insc_961,allowed,allowed,allowed,allowed,True,True
in_abs_train_2823,allowed,allowed,allowed,allowed,True,True
sc_2004_insc_476,dismissed,allowed,dismissed,allowed,False,False
sc_2009_insc_1052,dismissed,allowed,dismissed,allowed,False,False
in_abs_train_840,allowed,allowed,allowed,allowed,True,True
sc_2015_insc_536,allowed,dismissed,allowed,dismissed,False,False
sc_2021_insc_785,allowed,allowed,allowed,allowed,True,True
sc_2006_insc_54,dismissed,dismissed,dismissed,dismissed,True,True
sc_1969_insc_164,dismissed,allowed,dismissed,dismissed,False,True
sc_2010_insc_289,dismissed,dismissed,dismissed,dismissed,True,True
sc_1994_insc_436,allowed,allowed,allowed,allowed,True,True
sc_1967_insc_10,dismissed,dismissed,dismissed,dismissed,True,True
sc_2009_insc_1186,dismissed,allowed,dismissed,allowed,False,False
sc_1979_insc_179,dismissed,allowed,dismissed,allowed,False,False
sc_1996_insc_830,allowed,dismissed,allowed,dismissed,False,False
sc_1966_insc_180,allowed,dismissed,allowed,dismissed,False,False
sc_1960_insc_56,dismissed,dismissed,dismissed,dismissed,True,True
sc_2010_insc_109,dismissed,allowed,dismissed,allowed,False,False
sc_2010_insc_702,dismissed,allowed,dismissed,dismissed,False,True
sc_2023_insc_583,dismissed,dismissed,dismissed,dismissed,True,True
sc_2022_insc_1137,allowed,allowed,allowed,allowed,True,True
in_abs_train_5700,allowed,dismissed,allowed,dismissed,False,False
sc_1973_insc_132,allowed,allowed,allowed,allowed,True,True
sc_1997_insc_352,dismissed,allowed,dismissed,dismissed,False,True
in_abs_train_4439,dismissed,dismissed,dismissed,dismissed,True,True
sc_2000_insc_243,allowed,allowed,allowed,allowed,True,True
sc_1981_insc_109,dismissed,allowed,dismissed,allowed,False,False
sc_2001_insc_505,allowed,allowed,allowed,allowed,True,True
sc_1991_insc_133,dismissed,dismissed,dismissed,dismissed,True,True
sc_1964_insc_291,dismissed,dismissed,dismissed,dismissed,True,True
sc_2011_insc_393,allowed,allowed,allowed,allowed,True,True
sc_2003_insc_79,dismissed,allowed,dismissed,allowed,False,False
in_abs_train_895,dismissed,dismissed,dismissed,dismissed,True,True
sc_1995_insc_357,allowed,dismissed,allowed,dismissed,False,False
sc_1980_insc_53,dismissed,dismissed,dismissed,dismissed,True,True
sc_1964_insc_265,dismissed,dismissed,dismissed,dismissed,True,True
sc_2018_insc_401,dismissed,dismissed,dismissed,dismissed,True,True
sc_1982_insc_78,allowed,dismissed,allowed,allowed,False,True
in_abs_train_5071,dismissed,dismissed,dismissed,dismissed,True,True
sc_1972_insc_178,allowed,allowed,allowed,allowed,True,True
sc_1994_insc_469,allowed,dismissed,allowed,allowed,False,True
sc_1957_insc_44,dismissed,dismissed,dismissed,dismissed,True,True
sc_2010_insc_835,dismissed,allowed,dismissed,allowed,False,False
sc_2004_insc_483,allowed,allowed,allowed,allowed,True,True
sc_1970_insc_116,allowed,allowed,allowed,allowed,True,True
sc_2023_insc_749,allowed,dismissed,allowed,dismissed,False,False
sc_2014_insc_236,allowed,allowed,allowed,allowed,True,True
sc_1994_insc_175,dismissed,dismissed,dismissed,allowed,True,False
sc_1997_insc_291,dismissed,dismissed,dismissed,dismissed,True,True
sc_1981_insc_203,allowed,allowed,allowed,dismissed,True,False
sc_1999_insc_184,dismissed,dismissed,dismissed,dismissed,True,True
sc_1989_insc_378,dismissed,allowed,dismissed,allowed,False,False
sc_1967_insc_7,dismissed,dismissed,dismissed,allowed,True,False
sc_2008_insc_1288,allowed,allowed,allowed,allowed,True,True
sc_1999_insc_213,allowed,allowed,allowed,allowed,True,True
sc_1996_insc_68,dismissed,allowed,dismissed,dismissed,False,True
sc_1986_insc_116,dismissed,dismissed,dismissed,dismissed,True,True
sc_2002_insc_216,allowed,allowed,allowed,dismissed,True,False
sc_2016_insc_22,allowed,allowed,allowed,allowed,True,True
in_abs_train_6541,dismissed,allowed,dismissed,allowed,False,False
sc_1993_insc_317,allowed,dismissed,allowed,dismissed,False,False
sc_1989_insc_315,allowed,allowed,allowed,allowed,True,True
in_abs_train_5970,allowed,allowed,allowed,allowed,True,True
sc_1965_insc_29,dismissed,dismissed,dismissed,allowed,True,False
in_abs_train_7106,dismissed,allowed,dismissed,allowed,False,False
sc_2010_insc_591,dismissed,dismissed,dismissed,dismissed,True,True
sc_1995_insc_377,allowed,allowed,allowed,allowed,True,True
sc_1976_insc_330,dismissed,dismissed,dismissed,dismissed,True,True
sc_2023_insc_800,allowed,allowed,allowed,allowed,True,True
sc_2014_insc_179,allowed,allowed,allowed,allowed,True,True
sc_1997_insc_320,allowed,allowed,allowed,allowed,True,True
sc_1974_insc_234,dismissed,dismissed,dismissed,dismissed,True,True
sc_2023_insc_718,allowed,allowed,allowed,allowed,True,True
sc_1991_insc_146,dismissed,dismissed,dismissed,dismissed,True,True
sc_2008_insc_94,allowed,allowed,allowed,allowed,True,True
sc_1972_insc_229,allowed,dismissed,allowed,dismissed,False,False
sc_2010_insc_131,dismissed,dismissed,dismissed,dismissed,True,True
sc_1953_insc_5,dismissed,allowed,dismissed,dismissed,False,True
sc_2009_insc_673,allowed,allowed,allowed,allowed,True,True
sc_1990_insc_319,allowed,allowed,allowed,allowed,True,True
sc_1975_insc_334,dismissed,dismissed,dismissed,dismissed,True,True
sc_1959_1_1350_1367_en,dismissed,dismissed,dismissed,dismissed,True,True
sc_2003_insc_559,allowed,allowed,allowed,allowed,True,True
sc_2008_insc_709,allowed,allowed,allowed,dismissed,True,False
in_abs_train_2655,dismissed,dismissed,dismissed,allowed,True,False
sc_1964_insc_261,dismissed,dismissed,dismissed,allowed,True,False
sc_2001_insc_210,dismissed,allowed,dismissed,allowed,False,False
sc_1996_insc_842,allowed,dismissed,allowed,dismissed,False,False
sc_1977_insc_233,allowed,dismissed,allowed,allowed,False,True
sc_1980_insc_205,dismissed,allowed,dismissed,dismissed,False,True
in_abs_train_2270,dismissed,dismissed,dismissed,allowed,True,False
in_abs_train_3378,dismissed,allowed,dismissed,allowed,False,False
sc_2003_insc_492,dismissed,dismissed,dismissed,allowed,True,False
sc_1997_insc_689,dismissed,dismissed,dismissed,dismissed,True,True
sc_1978_insc_28,dismissed,dismissed,dismissed,dismissed,True,True
sc_1993_insc_314,allowed,allowed,allowed,allowed,True,True
sc_1977_insc_26,dismissed,dismissed,dismissed,allowed,True,False
in_abs_train_1538,dismissed,dismissed,dismissed,allowed,True,False
sc_2003_insc_672,dismissed,dismissed,dismissed,dismissed,True,True
sc_1998_insc_292,dismissed,allowed,dismissed,allowed,False,False
sc_1979_insc_272,allowed,dismissed,allowed,dismissed,False,False
in_abs_train_3718,dismissed,dismissed,dismissed,allowed,True,False
sc_2024_insc_310,allowed,allowed,allowed,allowed,True,True
sc_1976_insc_10,dismissed,dismissed,dismissed,unknown,True,False
in_abs_train_6764,dismissed,dismissed,dismissed,allowed,True,False
sc_2010_insc_806,dismissed,allowed,dismissed,dismissed,False,True
in_abs_train_1122,dismissed,dismissed,dismissed,dismissed,True,True
sc_2017_insc_436,dismissed,dismissed,dismissed,dismissed,True,True
sc_2000_insc_32,dismissed,dismissed,dismissed,dismissed,True,True
in_abs_train_368,dismissed,dismissed,dismissed,dismissed,True,True
in_abs_train_5762,allowed,allowed,allowed,allowed,True,True
sc_1992_insc_127,dismissed,allowed,dismissed,allowed,False,False
sc_1978_insc_129,dismissed,dismissed,dismissed,dismissed,True,True
sc_2009_insc_1175,allowed,dismissed,allowed,dismissed,False,False
in_abs_train_6227,allowed,dismissed,allowed,dismissed,False,False
sc_1993_insc_231,dismissed,allowed,dismissed,allowed,False,False
sc_1996_insc_1134,dismissed,dismissed,dismissed,allowed,True,False
sc_2001_insc_432,dismissed,dismissed,dismissed,allowed,True,False
sc_1968_insc_18,allowed,dismissed,allowed,dismissed,False,False
sc_1994_insc_95,allowed,dismissed,allowed,dismissed,False,False
in_abs_train_864,dismissed,dismissed,dismissed,dismissed,True,True
in_abs_train_2362,dismissed,dismissed,dismissed,dismissed,True,True
sc_2010_insc_144,allowed,allowed,allowed,dismissed,True,False
in_abs_train_6401,dismissed,dismissed,dismissed,dismissed,True,True
sc_1997_insc_364,dismissed,allowed,dismissed,allowed,False,False
in_abs_train_2263,allowed,allowed,allowed,allowed,True,True
sc_2018_insc_1206,allowed,allowed,allowed,allowed,True,True
sc_1996_insc_461,allowed,dismissed,allowed,dismissed,False,False
in_abs_train_3472,dismissed,dismissed,dismissed,dismissed,True,True
sc_2015_insc_755,allowed,dismissed,allowed,dismissed,False,False
in_abs_train_685,dismissed,dismissed,dismissed,dismissed,True,True
sc_1977_insc_3,dismissed,allowed,dismissed,allowed,False,False
sc_2007_insc_1188,dismissed,dismissed,dismissed,allowed,True,False
sc_2000_insc_384,allowed,allowed,allowed,allowed,True,True
sc_2020_insc_431,allowed,dismissed,allowed,dismissed,False,False
sc_1960_insc_119,allowed,dismissed,allowed,dismissed,False,False
sc_2011_insc_85,allowed,dismissed,allowed,dismissed,False,False
sc_1998_insc_218,allowed,dismissed,allowed,dismissed,False,False
sc_2015_insc_1024,dismissed,allowed,dismissed,allowed,False,False
sc_1969_insc_127,allowed,allowed,allowed,allowed,True,True
sc_2000_insc_229,allowed,allowed,allowed,allowed,True,True
sc_2014_insc_550,allowed,allowed,allowed,allowed,True,True
sc_1987_insc_313,allowed,dismissed,allowed,dismissed,False,False
sc_2014_insc_105,dismissed,allowed,dismissed,allowed,False,False
sc_2008_insc_654,allowed,dismissed,allowed,allowed,False,True
sc_1996_insc_1345,allowed,allowed,allowed,allowed,True,True
sc_2022_insc_283,dismissed,allowed,dismissed,allowed,False,False
sc_1975_insc_63,dismissed,dismissed,dismissed,dismissed,True,True
sc_2011_insc_444,dismissed,dismissed,dismissed,dismissed,True,True
sc_2009_insc_579,allowed,allowed,allowed,allowed,True,True
sc_2021_insc_684,allowed,allowed,allowed,allowed,True,True
sc_2022_insc_1072,allowed,dismissed,allowed,dismissed,False,False
sc_2011_insc_672,allowed,dismissed,allowed,dismissed,False,False
sc_2018_insc_164,allowed,dismissed,allowed,dismissed,False,False
sc_2020_insc_410,allowed,dismissed,allowed,dismissed,False,False
sc_1966_insc_46,allowed,dismissed,allowed,dismissed,False,False
in_abs_train_5166,allowed,dismissed,allowed,dismissed,False,False
sc_1996_insc_1471,dismissed,dismissed,dismissed,dismissed,True,True
sc_2002_insc_562,dismissed,dismissed,dismissed,dismissed,True,True
sc_1989_insc_209,dismissed,dismissed,dismissed,dismissed,True,True
sc_2012_insc_118,allowed,dismissed,allowed,dismissed,False,False
sc_2008_insc_712,dismissed,dismissed,dismissed,allowed,True,False
sc_1966_insc_118,allowed,allowed,allowed,dismissed,True,False
sc_1974_insc_165,dismissed,allowed,dismissed,allowed,False,False
sc_2015_insc_661,allowed,dismissed,allowed,dismissed,False,False
sc_1979_insc_90,allowed,allowed,allowed,allowed,True,True
sc_2005_insc_539,dismissed,dismissed,dismissed,allowed,True,False
sc_2008_insc_420,dismissed,dismissed,dismissed,dismissed,True,True
sc_1961_insc_169,dismissed,dismissed,dismissed,allowed,True,False
sc_1996_insc_1078,dismissed,allowed,dismissed,allowed,False,False
in_abs_train_2479,allowed,allowed,allowed,dismissed,True,False
in_abs_train_5811,allowed,dismissed,allowed,dismissed,False,False
in_abs_train_1537,dismissed,allowed,dismissed,dismissed,False,True
sc_2017_insc_347,dismissed,dismissed,dismissed,allowed,True,False
in_abs_train_1583,dismissed,allowed,dismissed,allowed,False,False
in_abs_train_599,allowed,dismissed,allowed,dismissed,False,False
sc_1966_insc_103,allowed,allowed,allowed,allowed,True,True
sc_2021_insc_118,allowed,dismissed,allowed,dismissed,False,False
sc_2001_insc_319,dismissed,dismissed,dismissed,dismissed,True,True
sc_2012_insc_336,allowed,allowed,allowed,allowed,True,True
sc_1977_insc_235,dismissed,allowed,dismissed,dismissed,False,True
in_abs_train_2901,allowed,dismissed,allowed,dismissed,False,False
sc_2010_insc_644,dismissed,dismissed,dismissed,dismissed,True,True
sc_2001_insc_609,allowed,dismissed,allowed,dismissed,False,False
in_abs_train_1617,dismissed,dismissed,dismissed,allowed,True,False
in_abs_train_6483,dismissed,dismissed,dismissed,dismissed,True,True
sc_2017_insc_278,allowed,allowed,allowed,allowed,True,True
sc_1951_insc_42,allowed,dismissed,allowed,dismissed,False,False
sc_1969_insc_242,dismissed,dismissed,dismissed,allowed,True,False
sc_1996_insc_896,allowed,allowed,allowed,allowed,True,True
sc_2004_insc_272,dismissed,dismissed,dismissed,dismissed,True,True
sc_1989_insc_108,allowed,dismissed,allowed,allowed,False,True
sc_2000_insc_56,allowed,allowed,allowed,allowed,True,True
sc_1989_insc_396,dismissed,unknown,dismissed,dismissed,False,True
sc_1967_insc_167,dismissed,dismissed,dismissed,dismissed,True,True
sc_1993_insc_88,allowed,allowed,allowed,dismissed,True,False
in_abs_train_5313,allowed,allowed,allowed,dismissed,True,False
sc_2023_insc_1042,dismissed,allowed,dismissed,allowed,False,False
sc_2007_insc_325,allowed,dismissed,allowed,allowed,False,True
sc_1992_insc_195,allowed,dismissed,allowed,dismissed,False,False
sc_2022_insc_605,allowed,allowed,allowed,allowed,True,True
sc_2009_insc_1181,dismissed,dismissed,dismissed,dismissed,True,True
in_abs_train_27,allowed,dismissed,allowed,allowed,False,True
in_abs_train_4925,allowed,dismissed,allowed,dismissed,False,False
sc_2003_insc_517,dismissed,dismissed,dismissed,dismissed,True,True
sc_1954_insc_55,dismissed,allowed,dismissed,allowed,False,False
sc_1997_insc_36,dismissed,allowed,dismissed,allowed,False,False
sc_2023_insc_842,dismissed,allowed,dismissed,allowed,False,False
sc_1953_insc_71,allowed,dismissed,allowed,allowed,False,True
sc_1951_insc_61,dismissed,dismissed,dismissed,dismissed,True,True
sc_2013_insc_414,allowed,allowed,allowed,allowed,True,True
sc_2022_insc_515,dismissed,dismissed,dismissed,dismissed,True,True
sc_1999_insc_523,allowed,allowed,allowed,allowed,True,True
sc_2002_insc_480,allowed,dismissed,allowed,dismissed,False,False
sc_2009_insc_990,dismissed,dismissed,dismissed,allowed,True,False
in_abs_train_2401,dismissed,allowed,dismissed,allowed,False,False
in_abs_train_2309,dismissed,dismissed,dismissed,dismissed,True,True
sc_1999_insc_172,allowed,dismissed,allowed,dismissed,False,False
sc_1960_insc_128,allowed,dismissed,allowed,dismissed,False,False
sc_2011_insc_640,allowed,allowed,allowed,allowed,True,True
sc_2005_insc_576,dismissed,dismissed,dismissed,allowed,True,False
sc_1995_insc_258,allowed,allowed,allowed,allowed,True,True
sc_2005_insc_87,dismissed,allowed,dismissed,allowed,False,False
sc_1976_insc_226,dismissed,dismissed,dismissed,dismissed,True,True
in_abs_train_5419,dismissed,dismissed,dismissed,dismissed,True,True
sc_1997_insc_194,dismissed,dismissed,dismissed,dismissed,True,True
sc_2019_insc_782,allowed,dismissed,allowed,dismissed,False,False
sc_1972_insc_65,allowed,dismissed,allowed,allowed,False,True
in_abs_train_1298,allowed,dismissed,allowed,dismissed,False,False
sc_2011_insc_520,allowed,dismissed,allowed,dismissed,False,False
in_abs_train_4270,allowed,dismissed,allowed,dismissed,False,False
sc_2008_insc_531,allowed,dismissed,allowed,allowed,False,True
sc_2007_insc_652,allowed,allowed,allowed,allowed,True,True
sc_2000_insc_291,dismissed,allowed,dismissed,allowed,False,False
sc_2004_insc_528,dismissed,allowed,dismissed,dismissed,False,True
sc_1979_insc_75,dismissed,dismissed,dismissed,allowed,True,False
sc_2007_insc_690,allowed,dismissed,allowed,dismissed,False,False
in_abs_train_678,dismissed,dismissed,dismissed,allowed,True,False
in_abs_train_273,dismissed,allowed,dismissed,allowed,False,False
sc_2005_insc_417,dismissed,allowed,dismissed,dismissed,False,True
sc_2019_insc_750,allowed,allowed,allowed,allowed,True,True
sc_1967_insc_114,dismissed,dismissed,dismissed,dismissed,True,True
sc_1996_insc_467,allowed,dismissed,allowed,dismissed,False,False
in_abs_train_1414,dismissed,dismissed,dismissed,dismissed,True,True
sc_2015_insc_326,allowed,dismissed,allowed,dismissed,False,False
sc_2007_insc_781,dismissed,allowed,dismissed,allowed,False,False
sc_1959_insc_17,dismissed,dismissed,dismissed,dismissed,True,True
sc_1963_insc_248,allowed,allowed,allowed,allowed,True,True
sc_1995_insc_565,dismissed,allowed,dismissed,dismissed,False,True
sc_1974_insc_253,allowed,dismissed,allowed,dismissed,False,False
sc_2022_insc_1048,allowed,allowed,allowed,allowed,True,True
in_abs_train_1915,dismissed,dismissed,dismissed,allowed,True,False
sc_2006_insc_879,allowed,allowed,allowed,allowed,True,True
sc_1988_insc_149,allowed,dismissed,allowed,allowed,False,True
in_abs_train_176,dismissed,dismissed,dismissed,dismissed,True,True
sc_2019_insc_390,dismissed,dismissed,dismissed,dismissed,True,True
in_abs_train_154,dismissed,dismissed,dismissed,allowed,True,False
sc_1987_insc_317,dismissed,allowed,dismissed,allowed,False,False
sc_2004_insc_213,allowed,dismissed,allowed,dismissed,False,False
sc_1996_insc_1255,allowed,dismissed,allowed,dismissed,False,False
in_abs_train_2283,dismissed,dismissed,dismissed,dismissed,True,True
sc_1961_insc_135,allowed,dismissed,allowed,dismissed,False,False
sc_2021_insc_15,allowed,allowed,allowed,allowed,True,True
sc_1974_insc_263,dismissed,dismissed,dismissed,allowed,True,False
sc_1987_insc_32,allowed,dismissed,allowed,dismissed,False,False
sc_2006_insc_991,allowed,dismissed,allowed,dismissed,False,False
sc_2006_insc_928,dismissed,allowed,dismissed,allowed,False,False
sc_2008_insc_855,dismissed,dismissed,dismissed,dismissed,True,True
sc_1975_insc_305,dismissed,dismissed,dismissed,dismissed,True,True
in_abs_train_6121,allowed,allowed,allowed,allowed,True,True
sc_2003_insc_286,dismissed,dismissed,dismissed,dismissed,True,True
sc_1966_insc_32,dismissed,allowed,dismissed,dismissed,False,True
sc_2016_insc_546,allowed,dismissed,allowed,dismissed,False,False
sc_2013_insc_234,dismissed,dismissed,dismissed,dismissed,True,True
sc_2018_insc_155,allowed,allowed,allowed,dismissed,True,False
sc_2022_insc_956,dismissed,dismissed,dismissed,dismissed,True,True
sc_1994_insc_512,dismissed,allowed,dismissed,dismissed,False,True
sc_1975_insc_103,dismissed,allowed,dismissed,dismissed,False,True
sc_2007_insc_98,dismissed,allowed,dismissed,allowed,False,False
in_abs_train_3946,allowed,dismissed,allowed,dismissed,False,False
sc_1986_insc_196,allowed,dismissed,allowed,dismissed,False,False
sc_1972_insc_221,dismissed,dismissed,dismissed,allowed,True,False
sc_1999_insc_359,dismissed,dismissed,dismissed,dismissed,True,True
sc_2015_insc_1027,allowed,allowed,allowed,allowed,True,True
sc_1997_insc_290,allowed,dismissed,allowed,dismissed,False,False
in_abs_train_1897,dismissed,allowed,dismissed,dismissed,False,True
sc_2008_insc_1098,allowed,dismissed,allowed,dismissed,False,False
sc_2019_insc_41,allowed,allowed,allowed,allowed,True,True
sc_2008_insc_800,allowed,allowed,allowed,allowed,True,True
sc_2016_insc_575,allowed,dismissed,allowed,dismissed,False,False
sc_2009_insc_661,allowed,allowed,allowed,dismissed,True,False
sc_1994_insc_390,allowed,dismissed,allowed,allowed,False,True
sc_2011_insc_160,allowed,dismissed,allowed,allowed,False,True
sc_1953_insc_9,allowed,dismissed,allowed,dismissed,False,False
in_abs_train_3947,allowed,dismissed,allowed,dismissed,False,False
sc_2022_insc_83,allowed,allowed,allowed,allowed,True,True
sc_2000_insc_544,dismissed,allowed,dismissed,allowed,False,False
in_abs_train_5823,allowed,dismissed,allowed,dismissed,False,False
sc_1972_insc_244,dismissed,allowed,dismissed,allowed,False,False
sc_2004_insc_256,allowed,allowed,allowed,allowed,True,True
sc_1993_insc_345,dismissed,dismissed,dismissed,allowed,True,False
sc_1997_insc_84,allowed,dismissed,allowed,dismissed,False,False
sc_1994_insc_245,allowed,allowed,allowed,allowed,True,True
sc_2008_insc_1267,dismissed,allowed,dismissed,dismissed,False,True
sc_2014_insc_556,allowed,allowed,allowed,allowed,True,True
sc_1954_insc_43,allowed,dismissed,allowed,dismissed,False,False
in_abs_train_5449,dismissed,dismissed,dismissed,dismissed,True,True
in_abs_train_5193,dismissed,allowed,dismissed,dismissed,False,True
sc_2006_insc_609,allowed,allowed,allowed,allowed,True,True
sc_2012_insc_160,allowed,dismissed,allowed,dismissed,False,False
in_abs_train_2853,allowed,dismissed,allowed,allowed,False,True
sc_1990_insc_159,allowed,allowed,allowed,allowed,True,True
sc_1971_insc_286,allowed,dismissed,allowed,dismissed,False,False
sc_1975_insc_71,dismissed,dismissed,dismissed,allowed,True,False
sc_2022_insc_643,allowed,allowed,allowed,dismissed,True,False
in_abs_train_5490,dismissed,dismissed,dismissed,dismissed,True,True
in_abs_train_739,allowed,allowed,allowed,dismissed,True,False
sc_1968_insc_95,dismissed,allowed,dismissed,dismissed,False,True
sc_2003_insc_177,allowed,allowed,allowed,dismissed,True,False
sc_2019_insc_546,dismissed,dismissed,dismissed,dismissed,True,True
sc_2015_insc_397,allowed,dismissed,allowed,dismissed,False,False
sc_2003_insc_710,dismissed,dismissed,dismissed,dismissed,True,True
sc_2002_insc_496,allowed,allowed,allowed,allowed,True,True
sc_1989_insc_296,dismissed,allowed,dismissed,allowed,False,False
sc_2007_insc_24,dismissed,allowed,dismissed,allowed,False,False
sc_2016_insc_846,dismissed,dismissed,dismissed,dismissed,True,True
sc_1995_insc_901,dismissed,allowed,dismissed,allowed,False,False
sc_2014_insc_617,allowed,allowed,allowed,dismissed,True,False
sc_2014_insc_634,dismissed,allowed,dismissed,dismissed,False,True
sc_2017_insc_995,dismissed,allowed,dismissed,allowed,False,False
sc_2015_insc_475,allowed,dismissed,allowed,dismissed,False,False
sc_2008_insc_1387,allowed,dismissed,allowed,allowed,False,True
in_abs_train_4468,allowed,allowed,allowed,allowed,True,True
sc_2018_insc_166,allowed,allowed,allowed,allowed,True,True
sc_2008_insc_1245,dismissed,dismissed,dismissed,allowed,True,False
sc_1977_insc_92,dismissed,dismissed,dismissed,allowed,True,False
sc_2013_insc_691,allowed,allowed,allowed,dismissed,True,False
sc_2015_insc_188,allowed,allowed,allowed,allowed,True,True
sc_2012_insc_593,allowed,allowed,allowed,allowed,True,True
sc_2020_insc_584,allowed,dismissed,allowed,dismissed,False,False
sc_1972_insc_96,allowed,allowed,allowed,allowed,True,True
sc_1974_insc_195,allowed,allowed,allowed,dismissed,True,False
sc_1984_insc_179,dismissed,dismissed,dismissed,allowed,True,False
sc_1990_insc_349,allowed,dismissed,allowed,dismissed,False,False
sc_2012_insc_7,dismissed,allowed,dismissed,dismissed,False,True
sc_2002_insc_290,allowed,allowed,allowed,allowed,True,True
sc_2006_insc_771,allowed,allowed,allowed,allowed,True,True
sc_2004_insc_227,allowed,allowed,allowed,dismissed,True,False
sc_2018_insc_599,allowed,allowed,allowed,dismissed,True,False
sc_2008_insc_761,allowed,allowed,allowed,allowed,True,True
sc_1956_insc_18,dismissed,allowed,dismissed,dismissed,False,True
sc_1952_insc_23,dismissed,dismissed,dismissed,allowed,True,False
sc_1960_insc_192,dismissed,dismissed,dismissed,allowed,True,False
sc_2013_insc_23,dismissed,dismissed,dismissed,allowed,True,False
sc_1996_insc_294,allowed,allowed,allowed,dismissed,True,False
sc_2021_insc_591,allowed,allowed,allowed,allowed,True,True
sc_2019_insc_117,dismissed,allowed,dismissed,allowed,False,False
sc_2021_insc_191,dismissed,dismissed,dismissed,allowed,True,False
sc_2008_insc_1348,allowed,allowed,allowed,allowed,True,True
sc_1978_insc_91,allowed,allowed,allowed,allowed,True,True
sc_1963_insc_36,allowed,dismissed,allowed,dismissed,False,False
in_abs_train_3518,allowed,allowed,allowed,dismissed,True,False
sc_1961_insc_277,allowed,dismissed,allowed,dismissed,False,False
sc_1962_insc_303,allowed,dismissed,allowed,dismissed,False,False
sc_1993_insc_294,dismissed,dismissed,dismissed,dismissed,True,True
sc_2003_insc_488,dismissed,allowed,dismissed,allowed,False,False
in_abs_train_3031,dismissed,allowed,dismissed,dismissed,False,True
sc_2013_insc_96,allowed,allowed,allowed,allowed,True,True
sc_2023_insc_908,dismissed,allowed,dismissed,allowed,False,False
sc_2008_insc_699,dismissed,dismissed,dismissed,dismissed,True,True
sc_2006_insc_255,allowed,dismissed,allowed,allowed,False,True
sc_1979_insc_87,dismissed,dismissed,dismissed,dismissed,True,True
sc_2014_insc_104,allowed,dismissed,allowed,allowed,False,True
sc_1959_insc_127,dismissed,allowed,dismissed,dismissed,False,True
in_abs_train_3015,dismissed,dismissed,dismissed,allowed,True,False
in_abs_train_6717,allowed,allowed,allowed,allowed,True,True
sc_2007_insc_1160,dismissed,dismissed,dismissed,dismissed,True,True
sc_2001_insc_445,allowed,dismissed,allowed,dismissed,False,False
sc_1970_insc_177,dismissed,dismissed,dismissed,dismissed,True,True
sc_2021_insc_704,allowed,dismissed,allowed,allowed,False,True
sc_1988_insc_60,dismissed,dismissed,dismissed,dismissed,True,True
sc_1975_insc_129,allowed,allowed,allowed,allowed,True,True
sc_2001_insc_328,dismissed,allowed,dismissed,dismissed,False,True
sc_2007_insc_987,allowed,dismissed,allowed,dismissed,False,False
sc_2009_insc_222,dismissed,allowed,dismissed,allowed,False,False
sc_2007_insc_477,allowed,dismissed,allowed,dismissed,False,False
sc_1953_insc_29,allowed,dismissed,allowed,dismissed,False,False
sc_2013_insc_117,dismissed,allowed,dismissed,allowed,False,False
sc_1994_insc_222,allowed,dismissed,allowed,allowed,False,True
sc_2008_insc_1309,allowed,allowed,allowed,allowed,True,True
sc_2016_insc_337,allowed,allowed,allowed,allowed,True,True
sc_1966_insc_65,dismissed,dismissed,dismissed,dismissed,True,True
in_abs_train_6571,allowed,dismissed,allowed,dismissed,False,False
sc_2024_insc_74,dismissed,allowed,dismissed,allowed,False,False
sc_1995_insc_436,allowed,dismissed,allowed,dismissed,False,False
sc_2007_insc_561,allowed,allowed,allowed,allowed,True,True
sc_2001_insc_94,dismissed,allowed,dismissed,allowed,False,False
sc_2004_insc_37,dismissed,dismissed,dismissed,dismissed,True,True
sc_2004_insc_68,dismissed,allowed,dismissed,allowed,False,False
sc_2002_insc_499,dismissed,dismissed,dismissed,allowed,True,False
sc_1990_insc_87,dismissed,dismissed,dismissed,dismissed,True,True
sc_2017_insc_452,allowed,allowed,allowed,dismissed,True,False
sc_1957_insc_69,dismissed,allowed,dismissed,allowed,False,False
sc_1998_insc_344,dismissed,dismissed,dismissed,dismissed,True,True
sc_2022_insc_560,allowed,dismissed,allowed,dismissed,False,False
sc_1983_insc_69,allowed,allowed,allowed,allowed,True,True
sc_2006_insc_1016,dismissed,dismissed,dismissed,dismissed,True,True
sc_2008_insc_618,dismissed,allowed,dismissed,dismissed,False,True
sc_2011_insc_806,allowed,allowed,allowed,allowed,True,True
in_abs_train_2369,allowed,dismissed,allowed,dismissed,False,False
sc_2014_insc_609,dismissed,dismissed,dismissed,allowed,True,False
sc_2010_insc_875,dismissed,allowed,dismissed,dismissed,False,True
in_abs_train_5398,dismissed,allowed,dismissed,allowed,False,False
sc_2011_insc_360,allowed,dismissed,allowed,dismissed,False,False
sc_2002_insc_458,allowed,dismissed,allowed,allowed,False,True
sc_1977_insc_25,allowed,dismissed,allowed,allowed,False,True
sc_2023_insc_27,allowed,allowed,allowed,allowed,True,True
sc_2004_insc_218,allowed,dismissed,allowed,dismissed,False,False
sc_1987_insc_26,allowed,allowed,allowed,allowed,True,True
sc_2008_insc_844,allowed,allowed,allowed,allowed,True,True
sc_2021_insc_252,allowed,allowed,allowed,allowed,True,True
sc_2000_insc_292,allowed,allowed,allowed,allowed,True,True
sc_2005_insc_251,dismissed,allowed,dismissed,dismissed,False,True
sc_2002_insc_234,dismissed,dismissed,dismissed,dismissed,True,True
sc_2007_insc_124,allowed,allowed,allowed,allowed,True,True
sc_2005_insc_184,allowed,allowed,allowed,allowed,True,True
sc_2008_insc_860,dismissed,allowed,dismissed,dismissed,False,True
in_abs_train_1092,dismissed,dismissed,dismissed,dismissed,True,True
sc_2022_insc_756,dismissed,allowed,dismissed,dismissed,False,True
sc_1998_insc_366,dismissed,dismissed,dismissed,allowed,True,False
sc_2008_insc_495,allowed,dismissed,allowed,allowed,False,True
sc_2009_insc_350,allowed,allowed,allowed,allowed,True,True
sc_1964_insc_77,dismissed,dismissed,dismissed,dismissed,True,True
sc_1965_insc_99,dismissed,allowed,dismissed,allowed,False,False
sc_1995_insc_239,allowed,allowed,allowed,dismissed,True,False
in_abs_train_4558,allowed,dismissed,allowed,dismissed,False,False
sc_2003_insc_532,allowed,allowed,allowed,allowed,True,True
sc_1960_insc_98,dismissed,dismissed,dismissed,dismissed,True,True
sc_2000_insc_573,dismissed,dismissed,dismissed,allowed,True,False
sc_2006_insc_574,dismissed,dismissed,dismissed,dismissed,True,True
sc_1983_insc_14,dismissed,allowed,dismissed,allowed,False,False
sc_1991_insc_113,allowed,allowed,allowed,allowed,True,True
sc_2015_insc_459,dismissed,dismissed,dismissed,dismissed,True,True
sc_2003_insc_324,dismissed,dismissed,dismissed,allowed,True,False
sc_2011_insc_73,dismissed,dismissed,dismissed,dismissed,True,True
sc_1987_insc_126,dismissed,allowed,dismissed,allowed,False,False
sc_1996_insc_9,allowed,dismissed,allowed,dismissed,False,False
in_abs_train_3754,allowed,dismissed,allowed,allowed,False,True
sc_2014_insc_337,allowed,dismissed,allowed,dismissed,False,False
sc_1999_insc_538,allowed,dismissed,allowed,dismissed,False,False
sc_2021_insc_868,allowed,allowed,allowed,allowed,True,True
sc_2015_insc_3,dismissed,allowed,dismissed,allowed,False,False
sc_2006_insc_203,allowed,dismissed,allowed,dismissed,False,False
sc_2008_insc_595,allowed,allowed,allowed,dismissed,True,False
sc_1995_insc_434,allowed,allowed,allowed,allowed,True,True
sc_1957_insc_100,dismissed,dismissed,dismissed,dismissed,True,True
sc_2017_insc_419,allowed,allowed,allowed,allowed,True,True
sc_2022_insc_500,allowed,dismissed,allowed,dismissed,False,False
sc_1995_insc_569,dismissed,dismissed,dismissed,dismissed,True,True
sc_1995_insc_610,allowed,allowed,allowed,dismissed,True,False
sc_1969_insc_89,allowed,dismissed,allowed,dismissed,False,False
sc_2007_insc_29,dismissed,dismissed,dismissed,allowed,True,False
sc_1984_insc_3,allowed,allowed,allowed,dismissed,True,False
sc_1969_insc_218,allowed,allowed,allowed,allowed,True,True
sc_1999_insc_554,allowed,allowed,allowed,allowed,True,True
sc_2011_insc_240,dismissed,dismissed,dismissed,allowed,True,False
sc_1967_insc_220,dismissed,dismissed,dismissed,dismissed,True,True
in_abs_train_2313,dismissed,dismissed,dismissed,dismissed,True,True
in_abs_train_473,dismissed,dismissed,dismissed,dismissed,True,True
sc_2008_insc_280,allowed,allowed,allowed,dismissed,True,False
sc_1995_insc_446,dismissed,dismissed,dismissed,allowed,True,False
sc_2013_insc_751,dismissed,dismissed,dismissed,dismissed,True,True
sc_1991_insc_308,allowed,dismissed,allowed,dismissed,False,False
sc_2021_insc_539,allowed,dismissed,allowed,dismissed,False,False
sc_2006_insc_36,allowed,allowed,allowed,allowed,True,True
sc_2010_insc_888,dismissed,dismissed,dismissed,dismissed,True,True
sc_1976_insc_148,allowed,allowed,allowed,allowed,True,True
sc_1996_insc_404,dismissed,allowed,dismissed,allowed,False,False
sc_2004_insc_16,allowed,dismissed,allowed,dismissed,False,False
sc_1976_insc_68,dismissed,allowed,dismissed,allowed,False,False
in_abs_train_575,dismissed,dismissed,dismissed,dismissed,True,True
sc_2022_insc_420,dismissed,dismissed,dismissed,dismissed,True,True
sc_1998_insc_147,dismissed,allowed,dismissed,dismissed,False,True
sc_1978_insc_145,allowed,dismissed,allowed,dismissed,False,False
sc_2022_insc_778,dismissed,allowed,dismissed,allowed,False,False
sc_2013_insc_567,dismissed,allowed,dismissed,allowed,False,False
sc_1977_insc_239,dismissed,dismissed,dismissed,dismissed,True,True
sc_2015_insc_144,dismissed,dismissed,dismissed,allowed,True,False
sc_1976_insc_174,dismissed,dismissed,dismissed,dismissed,True,True
sc_2013_insc_821,allowed,allowed,allowed,allowed,True,True
sc_2024_insc_236,allowed,allowed,allowed,dismissed,True,False
sc_1995_insc_261,dismissed,dismissed,dismissed,dismissed,True,True
sc_2020_insc_70,dismissed,dismissed,dismissed,dismissed,True,True
sc_1970_insc_194,dismissed,allowed,dismissed,allowed,False,False
in_abs_train_4461,dismissed,dismissed,dismissed,dismissed,True,True
sc_2020_insc_556,dismissed,allowed,dismissed,allowed,False,False
sc_1993_insc_201,dismissed,dismissed,dismissed,dismissed,True,True
in_abs_train_1260,allowed,allowed,allowed,allowed,True,True
in_abs_train_6840,allowed,allowed,allowed,allowed,True,True
sc_2006_insc_669,allowed,dismissed,allowed,dismissed,False,False
in_abs_train_1651,dismissed,dismissed,dismissed,dismissed,True,True
sc_2008_insc_151,allowed,allowed,allowed,allowed,True,True
sc_2007_insc_460,allowed,dismissed,allowed,dismissed,False,False
sc_1966_insc_178,allowed,dismissed,allowed,allowed,False,True
sc_1998_insc_65,allowed,dismissed,allowed,allowed,False,True
sc_1997_insc_319,dismissed,dismissed,dismissed,allowed,True,False
sc_1994_insc_362,allowed,allowed,allowed,allowed,True,True
sc_2006_insc_296,allowed,allowed,allowed,dismissed,True,False
sc_2021_insc_80,allowed,allowed,allowed,dismissed,True,False
sc_2003_insc_463,allowed,dismissed,allowed,dismissed,False,False
sc_2000_insc_168,dismissed,dismissed,dismissed,dismissed,True,True
sc_1995_insc_655,dismissed,dismissed,dismissed,dismissed,True,True
sc_2015_insc_663,allowed,allowed,allowed,dismissed,True,False
sc_2003_insc_241,allowed,dismissed,allowed,dismissed,False,False
sc_1957_insc_55,dismissed,dismissed,dismissed,allowed,True,False
sc_2009_insc_1065,dismissed,dismissed,dismissed,dismissed,True,True
sc_1995_insc_463,dismissed,allowed,dismissed,dismissed,False,True
sc_2008_insc_1218,dismissed,allowed,dismissed,dismissed,False,True
sc_2013_insc_130,allowed,allowed,allowed,allowed,True,True
sc_2017_insc_1240,allowed,allowed,allowed,allowed,True,True
sc_2019_insc_927,dismissed,dismissed,dismissed,dismissed,True,True
sc_2023_insc_441,allowed,allowed,allowed,dismissed,True,False
sc_1951_insc_1,dismissed,dismissed,dismissed,dismissed,True,True
sc_1973_insc_55,dismissed,dismissed,dismissed,dismissed,True,True
sc_2022_insc_777,allowed,dismissed,allowed,dismissed,False,False
sc_2016_insc_1150,dismissed,dismissed,dismissed,allowed,True,False
in_abs_train_3120,dismissed,dismissed,dismissed,dismissed,True,True
sc_2017_insc_649,allowed,allowed,allowed,dismissed,True,False
sc_2002_insc_524,allowed,dismissed,allowed,dismissed,False,False
sc_1997_insc_774,allowed,allowed,allowed,allowed,True,True
sc_2011_insc_270,dismissed,dismissed,dismissed,dismissed,True,True
sc_2013_insc_76,dismissed,allowed,dismissed,allowed,False,False
in_abs_train_2243,dismissed,allowed,dismissed,allowed,False,False
sc_1960_insc_260,allowed,dismissed,allowed,dismissed,False,False
in_abs_train_5682,allowed,dismissed,allowed,dismissed,False,False
sc_2015_insc_451,allowed,allowed,allowed,allowed,True,True
sc_1995_insc_165,dismissed,allowed,dismissed,allowed,False,False
sc_1987_insc_7,allowed,allowed,allowed,dismissed,True,False
sc_2001_insc_268,dismissed,allowed,dismissed,allowed,False,False
sc_1978_insc_19,allowed,allowed,allowed,allowed,True,True
sc_1973_insc_189,allowed,allowed,allowed,allowed,True,True
sc_2022_insc_101,allowed,allowed,allowed,allowed,True,True
in_abs_train_2126,dismissed,dismissed,dismissed,dismissed,True,True
sc_2021_insc_618,allowed,dismissed,allowed,dismissed,False,False
in_abs_train_6134,allowed,allowed,allowed,allowed,True,True
sc_2006_insc_542,dismissed,allowed,dismissed,allowed,False,False
in_abs_train_6900,dismissed,allowed,dismissed,dismissed,False,True
sc_2015_insc_461,allowed,allowed,allowed,dismissed,True,False
in_abs_train_3545,dismissed,dismissed,dismissed,dismissed,True,True
sc_2021_insc_688,allowed,allowed,allowed,allowed,True,True
sc_2013_insc_496,allowed,dismissed,allowed,dismissed,False,False
sc_2008_insc_570,dismissed,dismissed,dismissed,dismissed,True,True
sc_2001_insc_130,allowed,dismissed,allowed,dismissed,False,False
sc_1975_insc_57,allowed,dismissed,allowed,dismissed,False,False
sc_2007_insc_286,dismissed,dismissed,dismissed,dismissed,True,True
sc_1973_insc_60,dismissed,allowed,dismissed,allowed,False,False
sc_2004_insc_727,allowed,allowed,allowed,allowed,True,True
sc_1968_insc_200,dismissed,allowed,dismissed,dismissed,False,True
sc_1989_insc_280,allowed,allowed,allowed,allowed,True,True
sc_2002_insc_474,allowed,dismissed,allowed,dismissed,False,False
sc_1998_insc_291,dismissed,dismissed,dismissed,dismissed,True,True
sc_2008_insc_565,dismissed,dismissed,dismissed,dismissed,True,True
sc_2008_insc_465,dismissed,allowed,dismissed,allowed,False,False
sc_2005_insc_405,allowed,allowed,allowed,dismissed,True,False
in_abs_train_986,dismissed,allowed,dismissed,dismissed,False,True
sc_2003_insc_669,dismissed,allowed,dismissed,dismissed,False,True
in_abs_train_2821,allowed,dismissed,allowed,allowed,False,True
sc_2004_insc_145,dismissed,allowed,dismissed,allowed,False,False
in_abs_train_2273,allowed,allowed,allowed,allowed,True,True
in_abs_train_5652,dismissed,dismissed,dismissed,dismissed,True,True
sc_2021_insc_340,allowed,dismissed,allowed,dismissed,False,False
sc_2005_insc_19,dismissed,allowed,dismissed,allowed,False,False
sc_1989_insc_85,dismissed,dismissed,dismissed,dismissed,True,True
sc_2010_insc_506,allowed,dismissed,allowed,dismissed,False,False
sc_1959_insc_142,allowed,dismissed,allowed,dismissed,False,False
sc_2004_insc_656,dismissed,dismissed,dismissed,allowed,True,False
sc_1972_insc_140,dismissed,allowed,dismissed,dismissed,False,True
in_abs_train_2568,dismissed,dismissed,dismissed,dismissed,True,True
in_abs_train_2503,dismissed,dismissed,dismissed,dismissed,True,True
sc_2008_insc_238,allowed,allowed,allowed,allowed,True,True
sc_1988_insc_5,allowed,allowed,allowed,allowed,True,True
sc_1996_insc_1411,dismissed,dismissed,dismissed,allowed,True,False
sc_2007_insc_1031,allowed,allowed,allowed,allowed,True,True
sc_1995_insc_324,dismissed,dismissed,dismissed,dismissed,True,True
sc_2002_insc_7,allowed,dismissed,allowed,dismissed,False,False
sc_1996_insc_1259,dismissed,dismissed,dismissed,dismissed,True,True
sc_2007_insc_501,dismissed,dismissed,dismissed,dismissed,True,True
sc_1987_insc_46,allowed,allowed,allowed,allowed,True,True
sc_1985_insc_43,allowed,dismissed,allowed,dismissed,False,False
in_abs_train_1252,dismissed,dismissed,dismissed,dismissed,True,True
sc_2007_insc_495,dismissed,allowed,dismissed,allowed,False,False
sc_1975_insc_130,allowed,dismissed,allowed,dismissed,False,False
sc_2004_insc_464,allowed,allowed,allowed,allowed,True,True
sc_2003_insc_645,dismissed,dismissed,dismissed,dismissed,True,True
sc_1981_insc_70,allowed,dismissed,allowed,dismissed,False,False
sc_1998_insc_272,allowed,dismissed,allowed,dismissed,False,False
in_abs_train_5959,allowed,dismissed,allowed,dismissed,False,False
sc_2002_insc_145,allowed,dismissed,allowed,allowed,False,True
sc_2023_insc_976,allowed,dismissed,allowed,dismissed,False,False
in_abs_train_828,dismissed,dismissed,dismissed,dismissed,True,True
sc_2000_insc_461,dismissed,dismissed,dismissed,dismissed,True,True
sc_2016_insc_374,allowed,allowed,allowed,dismissed,True,False
sc_2023_insc_134,allowed,dismissed,allowed,dismissed,False,False
sc_2007_insc_778,allowed,dismissed,allowed,allowed,False,True
sc_2004_insc_482,allowed,allowed,allowed,allowed,True,True
sc_1976_insc_224,dismissed,dismissed,dismissed,dismissed,True,True
in_abs_train_6948,allowed,dismissed,allowed,dismissed,False,False
sc_2009_insc_814,allowed,allowed,allowed,allowed,True,True
sc_1968_insc_240,dismissed,allowed,dismissed,dismissed,False,True
sc_2022_insc_142,allowed,dismissed,allowed,dismissed,False,False
in_abs_train_898,dismissed,dismissed,dismissed,dismissed,True,True
sc_2015_insc_439,dismissed,dismissed,dismissed,dismissed,True,True
sc_2007_insc_468,allowed,allowed,allowed,allowed,True,True
sc_2006_insc_1017,dismissed,dismissed,dismissed,allowed,True,False
sc_2000_insc_110,dismissed,dismissed,dismissed,dismissed,True,True
sc_2006_insc_482,dismissed,dismissed,dismissed,dismissed,True,True
sc_1971_insc_328,dismissed,allowed,dismissed,dismissed,False,True
sc_2022_insc_903,dismissed,dismissed,dismissed,dismissed,True,True
sc_1997_insc_619,dismissed,dismissed,dismissed,dismissed,True,True
in_abs_train_5337,dismissed,dismissed,dismissed,dismissed,True,True
in_abs_train_5851,dismissed,allowed,dismissed,allowed,False,False
sc_1969_insc_340,dismissed,dismissed,dismissed,dismissed,True,True
sc_1958_insc_54,allowed,allowed,allowed,allowed,True,True
in_abs_train_5451,dismissed,dismissed,dismissed,dismissed,True,True
sc_1964_insc_292,allowed,allowed,allowed,dismissed,True,False
sc_1968_insc_133,dismissed,allowed,dismissed,dismissed,False,True
sc_2009_insc_176,allowed,allowed,allowed,allowed,True,True
sc_1997_insc_109,dismissed,allowed,dismissed,allowed,False,False
sc_2005_insc_261,allowed,dismissed,allowed,allowed,False,True
sc_2014_insc_792,allowed,dismissed,allowed,dismissed,False,False
sc_1994_insc_609,allowed,dismissed,allowed,dismissed,False,False
in_abs_train_6243,dismissed,allowed,dismissed,allowed,False,False
in_abs_train_4846,dismissed,dismissed,dismissed,dismissed,True,True
sc_2023_insc_201,allowed,allowed,allowed,dismissed,True,False
sc_2023_insc_7,dismissed,allowed,dismissed,dismissed,False,True
sc_2008_insc_1187,allowed,allowed,allowed,allowed,True,True
sc_2007_insc_236,allowed,dismissed,allowed,allowed,False,True
sc_1992_insc_147,dismissed,dismissed,dismissed,dismissed,True,True
sc_1998_insc_51,dismissed,allowed,dismissed,allowed,False,False
sc_1959_insc_53,dismissed,allowed,dismissed,dismissed,False,True
sc_2009_insc_179,dismissed,dismissed,dismissed,allowed,True,False
in_abs_train_1806,dismissed,allowed,dismissed,allowed,False,False
sc_1995_insc_705,allowed,allowed,allowed,allowed,True,True
sc_2008_insc_1314,dismissed,allowed,dismissed,dismissed,False,True
sc_1992_insc_30,dismissed,allowed,dismissed,allowed,False,False
in_abs_train_5979,dismissed,dismissed,dismissed,allowed,True,False
sc_2022_insc_385,allowed,allowed,allowed,allowed,True,True
sc_1976_insc_160,dismissed,dismissed,dismissed,dismissed,True,True
sc_2002_insc_8,allowed,allowed,allowed,allowed,True,True
sc_1976_insc_62,allowed,dismissed,allowed,dismissed,False,False
sc_2012_insc_361,allowed,allowed,allowed,dismissed,True,False
sc_1999_insc_265,allowed,dismissed,allowed,dismissed,False,False
sc_2022_insc_458,allowed,dismissed,allowed,dismissed,False,False
sc_1995_insc_813,dismissed,allowed,dismissed,allowed,False,False
sc_1979_insc_248,dismissed,allowed,dismissed,allowed,False,False
sc_1989_insc_381,allowed,allowed,allowed,allowed,True,True
sc_1974_insc_17,dismissed,dismissed,dismissed,allowed,True,False
sc_1975_insc_199,allowed,dismissed,allowed,dismissed,False,False
sc_1985_insc_196,dismissed,dismissed,dismissed,dismissed,True,True
sc_1991_insc_101,allowed,dismissed,allowed,dismissed,False,False
sc_2004_insc_637,dismissed,allowed,dismissed,allowed,False,False
sc_2015_insc_319,allowed,allowed,allowed,dismissed,True,False
sc_2003_insc_448,allowed,dismissed,allowed,allowed,False,True
sc_2002_insc_48,allowed,dismissed,allowed,dismissed,False,False
sc_2018_insc_184,allowed,allowed,allowed,allowed,True,True
in_abs_train_716,dismissed,dismissed,dismissed,dismissed,True,True
sc_1976_insc_304,dismissed,allowed,dismissed,allowed,False,False
sc_2008_insc_191,allowed,allowed,allowed,dismissed,True,False
in_abs_train_1019,allowed,allowed,allowed,allowed,True,True
sc_2011_insc_741,dismissed,dismissed,dismissed,dismissed,True,True
sc_1974_insc_122,dismissed,dismissed,dismissed,allowed,True,False
sc_1992_insc_243,dismissed,dismissed,dismissed,dismissed,True,True
sc_2000_insc_494,allowed,dismissed,allowed,dismissed,False,False
sc_2006_insc_735,dismissed,allowed,dismissed,dismissed,False,True
sc_2019_insc_1380,allowed,allowed,allowed,allowed,True,True
sc_2010_insc_272,dismissed,dismissed,dismissed,dismissed,True,True
in_abs_train_6011,allowed,dismissed,allowed,allowed,False,True
sc_1988_insc_291,dismissed,allowed,dismissed,dismissed,False,True
sc_2006_insc_511,allowed,dismissed,allowed,dismissed,False,False
sc_1966_insc_172,allowed,dismissed,allowed,dismissed,False,False
sc_2007_insc_357,allowed,allowed,allowed,dismissed,True,False
sc_2012_insc_518,dismissed,allowed,dismissed,allowed,False,False
sc_2012_insc_533,allowed,dismissed,allowed,dismissed,False,False
sc_1962_insc_9,dismissed,allowed,dismissed,allowed,False,False
sc_1998_insc_215,allowed,allowed,allowed,dismissed,True,False
sc_2014_insc_96,allowed,allowed,allowed,allowed,True,True
sc_1974_insc_169,dismissed,allowed,dismissed,allowed,False,False
sc_2024_insc_75,allowed,allowed,allowed,allowed,True,True
sc_1996_insc_717,dismissed,dismissed,dismissed,dismissed,True,True
sc_1996_insc_655,dismissed,allowed,dismissed,allowed,False,False
sc_1962_insc_58,dismissed,dismissed,dismissed,dismissed,True,True
sc_2022_insc_1242,allowed,allowed,allowed,allowed,True,True
in_abs_train_2722,dismissed,dismissed,dismissed,allowed,True,False
sc_2009_insc_999,dismissed,dismissed,dismissed,dismissed,True,True
sc_2022_insc_1205,allowed,dismissed,allowed,allowed,False,True
sc_1973_insc_167,dismissed,allowed,dismissed,allowed,False,False
in_abs_train_5119,dismissed,dismissed,dismissed,dismissed,True,True
sc_2003_insc_635,dismissed,allowed,dismissed,dismissed,False,True
sc_2006_insc_189,dismissed,allowed,dismissed,allowed,False,False
sc_2024_insc_453,allowed,allowed,allowed,allowed,True,True
sc_1972_insc_241,dismissed,dismissed,dismissed,allowed,True,False
sc_1960_insc_166,dismissed,dismissed,dismissed,dismissed,True,True
sc_2018_insc_611,allowed,dismissed,allowed,dismissed,False,False
sc_1969_insc_34,dismissed,dismissed,dismissed,dismissed,True,True
sc_1993_insc_174,allowed,dismissed,allowed,allowed,False,True
sc_2005_insc_220,dismissed,dismissed,dismissed,dismissed,True,True
in_abs_train_60,dismissed,dismissed,dismissed,dismissed,True,True
sc_2021_insc_162,allowed,dismissed,allowed,dismissed,False,False
sc_2021_insc_592,dismissed,allowed,dismissed,allowed,False,False
sc_2011_insc_57,dismissed,allowed,dismissed,allowed,False,False
sc_2013_insc_91,allowed,allowed,allowed,allowed,True,True
sc_1988_insc_142,dismissed,allowed,dismissed,allowed,False,False
sc_1973_insc_68,allowed,allowed,allowed,allowed,True,True
sc_2012_insc_123,allowed,allowed,allowed,dismissed,True,False
in_abs_train_3171,dismissed,dismissed,dismissed,dismissed,True,True
sc_1968_insc_145,dismissed,dismissed,dismissed,dismissed,True,True
sc_2016_insc_322,allowed,allowed,allowed,allowed,True,True
sc_1978_insc_183,allowed,dismissed,allowed,dismissed,False,False
sc_1995_insc_488,dismissed,allowed,dismissed,allowed,False,False
sc_1999_insc_128,dismissed,dismissed,dismissed,dismissed,True,True
sc_1962_insc_111,allowed,dismissed,allowed,dismissed,False,False
sc_1962_insc_168,dismissed,dismissed,dismissed,dismissed,True,True
sc_2003_insc_33,allowed,allowed,allowed,allowed,True,True
sc_2007_insc_1090,allowed,allowed,allowed,allowed,True,True
in_abs_train_2793,allowed,allowed,allowed,dismissed,True,False
sc_1994_insc_54,allowed,dismissed,allowed,dismissed,False,False
sc_1994_insc_409,allowed,allowed,allowed,allowed,True,True
sc_1996_insc_1088,allowed,dismissed,allowed,allowed,False,True
sc_2019_insc_1063,allowed,dismissed,allowed,dismissed,False,False
sc_2001_insc_164,dismissed,dismissed,dismissed,dismissed,True,True
sc_1990_insc_41,dismissed,dismissed,dismissed,dismissed,True,True
sc_1971_insc_35,dismissed,dismissed,dismissed,dismissed,True,True
sc_1990_insc_389,allowed,dismissed,allowed,dismissed,False,False
sc_1979_insc_23,allowed,dismissed,allowed,dismissed,False,False
sc_2019_insc_1370,allowed,allowed,allowed,dismissed,True,False
sc_2000_insc_394,dismissed,dismissed,dismissed,dismissed,True,True
sc_1996_insc_965,dismissed,dismissed,dismissed,dismissed,True,True
in_abs_train_2332,dismissed,allowed,dismissed,allowed,False,False
sc_1996_insc_882,dismissed,allowed,dismissed,allowed,False,False
sc_1996_insc_130,dismissed,dismissed,dismissed,dismissed,True,True
sc_1998_insc_302,dismissed,allowed,dismissed,allowed,False,False
sc_2009_insc_896,allowed,allowed,allowed,allowed,True,True
in_abs_train_6094,allowed,dismissed,allowed,dismissed,False,False
in_abs_train_1426,dismissed,dismissed,dismissed,dismissed,True,True
sc_2009_insc_913,allowed,dismissed,allowed,allowed,False,True
sc_2011_insc_289,allowed,allowed,allowed,allowed,True,True
sc_1968_insc_243,allowed,dismissed,allowed,allowed,False,True
sc_1972_insc_192,dismissed,allowed,dismissed,allowed,False,False
sc_1963_insc_135,dismissed,dismissed,dismissed,dismissed,True,True
sc_1972_insc_270,allowed,dismissed,allowed,dismissed,False,False
sc_2013_insc_104,dismissed,dismissed,dismissed,dismissed,True,True
sc_1986_insc_273,allowed,allowed,allowed,allowed,True,True
sc_2015_insc_184,dismissed,allowed,dismissed,allowed,False,False
sc_1980_insc_225,dismissed,dismissed,dismissed,dismissed,True,True
in_abs_train_3812,allowed,dismissed,allowed,dismissed,False,False
sc_1972_insc_99,allowed,dismissed,allowed,dismissed,False,False
sc_2005_insc_354,dismissed,allowed,dismissed,dismissed,False,True
sc_1975_insc_196,allowed,allowed,allowed,dismissed,True,False
sc_2008_insc_163,allowed,dismissed,allowed,dismissed,False,False
sc_2017_insc_1260,allowed,allowed,allowed,allowed,True,True
sc_2002_insc_338,allowed,dismissed,allowed,dismissed,False,False
sc_1971_insc_341,dismissed,dismissed,dismissed,dismissed,True,True
sc_2007_insc_32,allowed,allowed,allowed,allowed,True,True
sc_1977_insc_149,allowed,dismissed,allowed,allowed,False,True
sc_2005_insc_151,allowed,allowed,allowed,allowed,True,True
in_abs_train_5911,dismissed,dismissed,dismissed,dismissed,True,True
sc_2008_insc_901,dismissed,allowed,dismissed,allowed,False,False
sc_1983_insc_54,dismissed,allowed,dismissed,allowed,False,False
sc_2019_insc_248,dismissed,dismissed,dismissed,dismissed,True,True
sc_1990_insc_248,dismissed,dismissed,dismissed,dismissed,True,True
sc_2001_insc_200,dismissed,dismissed,dismissed,dismissed,True,True
sc_1996_insc_611,dismissed,dismissed,dismissed,dismissed,True,True
in_abs_train_6616,dismissed,dismissed,dismissed,dismissed,True,True
sc_2019_insc_610,allowed,dismissed,allowed,dismissed,False,False
sc_2007_insc_1142,allowed,allowed,allowed,allowed,True,True
sc_2013_insc_202,allowed,allowed,allowed,allowed,True,True
sc_2021_insc_326,allowed,allowed,allowed,allowed,True,True
sc_2008_insc_409,allowed,dismissed,allowed,allowed,False,True
sc_2003_insc_44,dismissed,dismissed,dismissed,dismissed,True,True
sc_1978_insc_190,allowed,dismissed,allowed,dismissed,False,False
sc_2017_insc_714,dismissed,dismissed,dismissed,dismissed,True,True
sc_1995_insc_790,allowed,allowed,allowed,allowed,True,True
in_abs_train_1082,allowed,allowed,allowed,allowed,True,True
sc_1999_insc_405,allowed,dismissed,allowed,dismissed,False,False
sc_1985_insc_9,dismissed,allowed,dismissed,allowed,False,False
in_abs_train_5443,dismissed,dismissed,dismissed,dismissed,True,True
sc_2007_insc_524,dismissed,dismissed,dismissed,dismissed,True,True
in_abs_train_2355,allowed,dismissed,allowed,dismissed,False,False
sc_1996_insc_671,dismissed,allowed,dismissed,dismissed,False,True
sc_2021_insc_312,allowed,dismissed,allowed,dismissed,False,False
sc_1975_insc_170,dismissed,dismissed,dismissed,allowed,True,False
in_abs_train_3487,allowed,allowed,allowed,allowed,True,True
sc_2012_insc_47,dismissed,dismissed,dismissed,dismissed,True,True
sc_1967_insc_56,dismissed,allowed,dismissed,allowed,False,False
sc_2015_insc_731,dismissed,dismissed,dismissed,dismissed,True,True
sc_1966_insc_250,dismissed,dismissed,dismissed,dismissed,True,True
sc_1996_insc_123,allowed,allowed,allowed,allowed,True,True
in_abs_train_3651,dismissed,dismissed,dismissed,allowed,True,False
sc_2015_insc_964,dismissed,dismissed,dismissed,dismissed,True,True
sc_2022_insc_973,allowed,allowed,allowed,allowed,True,True
sc_2004_insc_432,allowed,allowed,allowed,allowed,True,True
sc_2014_insc_439,allowed,dismissed,allowed,allowed,False,True
sc_1995_insc_395,dismissed,dismissed,dismissed,dismissed,True,True
sc_1987_insc_327,dismissed,allowed,dismissed,allowed,False,False
sc_2000_insc_495,dismissed,dismissed,dismissed,dismissed,True,True
sc_1979_insc_140,dismissed,allowed,dismissed,allowed,False,False
sc_2024_insc_98,allowed,allowed,allowed,allowed,True,True
sc_2023_insc_107,allowed,dismissed,allowed,dismissed,False,False
in_abs_train_5680,dismissed,dismissed,dismissed,allowed,True,False
sc_1995_insc_836,dismissed,allowed,dismissed,allowed,False,False
in_abs_train_4295,allowed,allowed,allowed,allowed,True,True
sc_2015_insc_369,allowed,allowed,allowed,allowed,True,True
sc_2004_insc_631,dismissed,allowed,dismissed,dismissed,False,True
sc_2016_insc_326,dismissed,dismissed,dismissed,dismissed,True,True
in_abs_train_1069,allowed,dismissed,allowed,dismissed,False,False
sc_1994_insc_277,dismissed,dismissed,dismissed,dismissed,True,True
sc_2015_insc_71,allowed,allowed,allowed,dismissed,True,False
sc_2020_insc_458,allowed,dismissed,allowed,dismissed,False,False
sc_2019_insc_310,dismissed,allowed,dismissed,allowed,False,False
in_abs_train_4562,dismissed,dismissed,dismissed,dismissed,True,True
in_abs_train_5466,dismissed,allowed,dismissed,allowed,False,False
sc_1972_insc_196,dismissed,dismissed,dismissed,dismissed,True,True
sc_1996_insc_1521,allowed,allowed,allowed,allowed,True,True
sc_1973_insc_14,allowed,dismissed,allowed,dismissed,False,False
sc_1982_insc_49,dismissed,allowed,dismissed,dismissed,False,True
sc_1992_insc_104,allowed,dismissed,allowed,dismissed,False,False
in_abs_train_2534,allowed,allowed,allowed,allowed,True,True
sc_1996_insc_1057,dismissed,dismissed,dismissed,dismissed,True,True
sc_2009_insc_158,allowed,dismissed,allowed,allowed,False,True
sc_2004_insc_167,dismissed,allowed,dismissed,allowed,False,False
sc_2021_insc_699,allowed,dismissed,allowed,allowed,False,True
sc_1989_insc_124,allowed,dismissed,allowed,dismissed,False,False
sc_2024_insc_342,allowed,dismissed,allowed,allowed,False,True
sc_2018_insc_985,allowed,allowed,allowed,dismissed,True,False
sc_2015_insc_34,dismissed,allowed,dismissed,allowed,False,False
sc_1978_insc_112,allowed,dismissed,allowed,dismissed,False,False
sc_2004_insc_635,dismissed,allowed,dismissed,allowed,False,False
sc_1972_insc_122,dismissed,dismissed,dismissed,dismissed,True,True
in_abs_train_4856,dismissed,dismissed,dismissed,dismissed,True,True
in_abs_train_2410,dismissed,dismissed,dismissed,dismissed,True,True
in_abs_train_5341,dismissed,allowed,dismissed,allowed,False,False
sc_2020_insc_674,dismissed,allowed,dismissed,dismissed,False,True
sc_2007_insc_433,allowed,allowed,allowed,allowed,True,True
in_abs_train_4163,dismissed,allowed,dismissed,allowed,False,False
sc_1966_insc_237,dismissed,allowed,dismissed,dismissed,False,True
sc_1976_insc_40,dismissed,allowed,dismissed,allowed,False,False
sc_1961_insc_178,dismissed,dismissed,dismissed,dismissed,True,True
in_abs_train_2988,allowed,dismissed,allowed,dismissed,False,False
in_abs_train_5422,allowed,dismissed,allowed,dismissed,False,False
sc_1961_insc_60,allowed,allowed,allowed,allowed,True,True
sc_1961_insc_253,dismissed,dismissed,dismissed,dismissed,True,True
sc_1995_insc_44,dismissed,allowed,dismissed,allowed,False,False
sc_1958_insc_111,dismissed,dismissed,dismissed,dismissed,True,True
sc_2010_insc_512,allowed,allowed,allowed,dismissed,True,False
sc_1963_insc_244,allowed,dismissed,allowed,dismissed,False,False
sc_2003_insc_690,allowed,allowed,allowed,allowed,True,True
sc_1968_insc_274,allowed,allowed,allowed,allowed,True,True
sc_2008_insc_1180,dismissed,allowed,dismissed,dismissed,False,True
sc_2012_insc_150,dismissed,allowed,dismissed,allowed,False,False
sc_2008_insc_1300,allowed,allowed,allowed,allowed,True,True
sc_1994_insc_72,allowed,dismissed,allowed,dismissed,False,False
sc_2001_insc_21,allowed,dismissed,allowed,dismissed,False,False
in_abs_train_2924,dismissed,dismissed,dismissed,allowed,True,False
in_abs_train_409,allowed,dismissed,allowed,dismissed,False,False
sc_2006_insc_491,dismissed,allowed,dismissed,allowed,False,False
sc_2007_insc_574,allowed,allowed,allowed,allowed,True,True
sc_1997_insc_441,allowed,dismissed,allowed,allowed,False,True
sc_1975_insc_290,allowed,dismissed,allowed,dismissed,False,False
in_abs_train_3365,dismissed,allowed,dismissed,allowed,False,False
sc_1957_insc_98,dismissed,allowed,dismissed,allowed,False,False
in_abs_train_1928,dismissed,dismissed,dismissed,allowed,True,False
sc_2011_insc_409,dismissed,dismissed,dismissed,dismissed,True,True
in_abs_train_5878,dismissed,dismissed,dismissed,allowed,True,False
sc_1958_insc_10,dismissed,dismissed,dismissed,allowed,True,False
sc_2024_insc_399,allowed,allowed,allowed,dismissed,True,False
sc_2005_insc_600,dismissed,dismissed,dismissed,dismissed,True,True
sc_2022_insc_482,dismissed,allowed,dismissed,dismissed,False,True
sc_2014_insc_235,allowed,dismissed,allowed,dismissed,False,False
sc_1955_insc_59,dismissed,dismissed,dismissed,dismissed,True,True
sc_2006_insc_55,allowed,allowed,allowed,dismissed,True,False
sc_2015_insc_486,dismissed,dismissed,dismissed,dismissed,True,True
in_abs_train_3002,allowed,dismissed,allowed,allowed,False,True
sc_1990_insc_1,dismissed,dismissed,dismissed,dismissed,True,True
sc_1973_insc_174,dismissed,dismissed,dismissed,dismissed,True,True
in_abs_train_4388,dismissed,dismissed,dismissed,dismissed,True,True
in_abs_train_1569,dismissed,allowed,dismissed,dismissed,False,True
sc_1967_insc_265,dismissed,dismissed,dismissed,dismissed,True,True
in_abs_train_3806,dismissed,allowed,dismissed,allowed,False,False
sc_2000_insc_421,allowed,allowed,allowed,allowed,True,True
in_abs_train_4532,dismissed,allowed,dismissed,allowed,False,False
sc_2009_insc_408,allowed,dismissed,allowed,allowed,False,True
sc_2019_insc_896,allowed,dismissed,allowed,dismissed,False,False
sc_1962_insc_87,dismissed,dismissed,dismissed,dismissed,True,True
sc_2002_insc_101,allowed,dismissed,allowed,dismissed,False,False
sc_1965_insc_28,allowed,allowed,allowed,allowed,True,True
sc_1968_insc_213,dismissed,dismissed,dismissed,dismissed,True,True
sc_1983_insc_150,dismissed,dismissed,dismissed,dismissed,True,True
sc_2011_insc_463,dismissed,allowed,dismissed,allowed,False,False
sc_2020_insc_204,allowed,dismissed,allowed,dismissed,False,False
sc_1979_insc_4,dismissed,dismissed,dismissed,dismissed,True,True
sc_2004_insc_424,dismissed,allowed,dismissed,allowed,False,False
sc_1997_insc_671,allowed,dismissed,allowed,dismissed,False,False
sc_2023_insc_29,allowed,dismissed,allowed,dismissed,False,False
in_abs_train_3846,dismissed,dismissed,dismissed,dismissed,True,True
sc_2023_insc_541,allowed,allowed,allowed,allowed,True,True
sc_2002_insc_72,allowed,dismissed,allowed,dismissed,False,False
sc_2008_insc_247,allowed,allowed,allowed,dismissed,True,False
sc_2014_insc_828,allowed,dismissed,allowed,dismissed,False,False
sc_2018_insc_633,dismissed,dismissed,dismissed,dismissed,True,True
sc_1988_insc_180,allowed,dismissed,allowed,dismissed,False,False
sc_1994_insc_184,dismissed,dismissed,dismissed,dismissed,True,True
sc_2011_insc_114,allowed,dismissed,allowed,dismissed,False,False
sc_2020_insc_3,allowed,allowed,allowed,allowed,True,True
sc_2020_insc_328,allowed,dismissed,allowed,dismissed,False,False
in_abs_train_1702,dismissed,allowed,dismissed,allowed,False,False
sc_1970_insc_49,dismissed,dismissed,dismissed,dismissed,True,True
sc_1990_insc_160,dismissed,dismissed,dismissed,dismissed,True,True
sc_1993_insc_151,dismissed,allowed,dismissed,allowed,False,False
sc_2006_insc_498,allowed,dismissed,allowed,allowed,False,True
sc_2018_insc_426,allowed,dismissed,allowed,allowed,False,True
sc_1986_insc_195,dismissed,dismissed,dismissed,dismissed,True,True
in_abs_train_1708,dismissed,dismissed,dismissed,allowed,True,False
sc_1987_insc_328,dismissed,dismissed,dismissed,dismissed,True,True
sc_1996_insc_39,allowed,allowed,allowed,allowed,True,True
sc_2007_insc_538,allowed,allowed,allowed,allowed,True,True
sc_2007_insc_122,allowed,allowed,allowed,allowed,True,True
sc_1990_insc_84,dismissed,allowed,dismissed,dismissed,False,True
in_abs_train_5770,allowed,dismissed,allowed,dismissed,False,False
in_abs_train_5114,allowed,dismissed,allowed,dismissed,False,False
sc_1996_insc_1266,dismissed,allowed,dismissed,allowed,False,False
sc_1968_insc_112,allowed,dismissed,allowed,dismissed,False,False
sc_2006_insc_998,dismissed,dismissed,dismissed,dismissed,True,True
sc_1984_insc_43,dismissed,dismissed,dismissed,dismissed,True,True
sc_1983_insc_61,dismissed,dismissed,dismissed,dismissed,True,True
sc_2016_insc_281,dismissed,allowed,dismissed,dismissed,False,True
sc_2010_insc_833,allowed,allowed,allowed,allowed,True,True
in_abs_train_789,allowed,allowed,allowed,dismissed,True,False
sc_1980_insc_210,dismissed,allowed,dismissed,dismissed,False,True
sc_2011_insc_374,dismissed,allowed,dismissed,dismissed,False,True
sc_2001_insc_101,allowed,allowed,allowed,allowed,True,True
in_abs_train_6981,dismissed,dismissed,dismissed,dismissed,True,True
sc_1983_insc_154,dismissed,dismissed,dismissed,dismissed,True,True
sc_2001_insc_362,allowed,allowed,allowed,allowed,True,True
sc_1993_insc_277,dismissed,dismissed,dismissed,dismissed,True,True
sc_1980_insc_157,allowed,dismissed,allowed,allowed,False,True
sc_1998_insc_281,allowed,dismissed,allowed,allowed,False,True
sc_1993_insc_341,allowed,allowed,allowed,dismissed,True,False
sc_2013_insc_344,allowed,allowed,allowed,allowed,True,True
sc_2012_insc_105,dismissed,allowed,dismissed,allowed,False,False
sc_1958_insc_50,allowed,dismissed,allowed,dismissed,False,False
sc_2006_insc_212,allowed,allowed,allowed,allowed,True,True
in_abs_train_5529,allowed,allowed,allowed,allowed,True,True
sc_2021_insc_152,allowed,dismissed,allowed,dismissed,False,False
in_abs_train_2656,dismissed,dismissed,dismissed,dismissed,True,True
sc_1990_insc_328,dismissed,allowed,dismissed,allowed,False,False
sc_2019_insc_454,allowed,allowed,allowed,dismissed,True,False
sc_2007_insc_583,dismissed,allowed,dismissed,dismissed,False,True
in_abs_train_2673,allowed,dismissed,allowed,dismissed,False,False
in_abs_train_2244,allowed,allowed,allowed,allowed,True,True
sc_1996_insc_161,dismissed,dismissed,dismissed,dismissed,True,True
sc_2002_insc_111,dismissed,dismissed,dismissed,dismissed,True,True
in_abs_train_2178,dismissed,allowed,dismissed,allowed,False,False
in_abs_train_4806,dismissed,allowed,dismissed,allowed,False,False
sc_1973_insc_194,dismissed,allowed,dismissed,allowed,False,False
sc_2009_insc_1090,allowed,allowed,allowed,allowed,True,True
sc_1990_insc_111,dismissed,dismissed,dismissed,dismissed,True,True
sc_1954_insc_85,dismissed,dismissed,dismissed,allowed,True,False
sc_2021_insc_356,dismissed,allowed,dismissed,allowed,False,False
sc_2003_insc_166,dismissed,allowed,dismissed,dismissed,False,True
sc_2008_insc_948,allowed,allowed,allowed,dismissed,True,False
sc_2001_insc_109,allowed,allowed,allowed,allowed,True,True
sc_1996_insc_477,dismissed,dismissed,dismissed,dismissed,True,True
in_abs_train_1310,dismissed,dismissed,dismissed,dismissed,True,True
sc_1956_insc_70,dismissed,allowed,dismissed,allowed,False,False
sc_1963_insc_216,dismissed,dismissed,dismissed,dismissed,True,True
sc_2021_insc_392,dismissed,allowed,dismissed,dismissed,False,True
sc_2000_insc_241,allowed,dismissed,allowed,dismissed,False,False
in_abs_train_3150,allowed,dismissed,allowed,dismissed,False,False
sc_2001_insc_340,allowed,dismissed,allowed,dismissed,False,False
sc_1999_insc_273,allowed,dismissed,allowed,dismissed,False,False
sc_1997_insc_116,dismissed,allowed,dismissed,allowed,False,False
sc_2015_insc_565,dismissed,allowed,dismissed,allowed,False,False
sc_2008_insc_169,allowed,allowed,allowed,allowed,True,True
sc_2000_insc_242,dismissed,dismissed,dismissed,dismissed,True,True
in_abs_train_6583,dismissed,dismissed,dismissed,allowed,True,False
sc_1973_insc_143,dismissed,allowed,dismissed,allowed,False,False
sc_1974_insc_84,dismissed,dismissed,dismissed,dismissed,True,True
sc_2005_insc_282,allowed,allowed,allowed,allowed,True,True
in_abs_train_3789,dismissed,allowed,dismissed,dismissed,False,True
sc_2009_insc_197,allowed,dismissed,allowed,dismissed,False,False
sc_1976_insc_298,allowed,allowed,allowed,dismissed,True,False
sc_2017_insc_1219,dismissed,dismissed,dismissed,dismissed,True,True
sc_1968_insc_81,allowed,dismissed,allowed,dismissed,False,False
sc_2009_insc_715,dismissed,allowed,dismissed,allowed,False,False
sc_1996_insc_389,allowed,dismissed,allowed,dismissed,False,False
sc_2007_insc_898,allowed,dismissed,allowed,allowed,False,True
sc_2024_insc_458,allowed,allowed,allowed,allowed,True,True
sc_1976_insc_145,allowed,allowed,allowed,dismissed,True,False
sc_1962_insc_38,dismissed,dismissed,dismissed,dismissed,True,True
sc_1964_insc_32,allowed,allowed,allowed,allowed,True,True
sc_1986_insc_174,dismissed,allowed,dismissed,dismissed,False,True
sc_1996_insc_1528,allowed,dismissed,allowed,dismissed,False,False
sc_2022_insc_1069,dismissed,allowed,dismissed,allowed,False,False
sc_1981_insc_18,allowed,dismissed,allowed,allowed,False,True
sc_1954_insc_106,allowed,allowed,allowed,allowed,True,True
sc_2008_insc_423,allowed,allowed,allowed,allowed,True,True
in_abs_train_2868,allowed,dismissed,allowed,dismissed,False,False
sc_1956_insc_82,dismissed,dismissed,dismissed,dismissed,True,True
sc_2014_insc_338,dismissed,allowed,dismissed,allowed,False,False
in_abs_train_2408,allowed,allowed,allowed,allowed,True,True
sc_1968_insc_128,allowed,dismissed,allowed,allowed,False,True
sc_2010_insc_557,dismissed,dismissed,dismissed,dismissed,True,True
sc_1978_insc_41,dismissed,allowed,dismissed,allowed,False,False
sc_2017_insc_330,allowed,allowed,allowed,allowed,True,True
sc_2022_insc_1027,dismissed,allowed,dismissed,dismissed,False,True
sc_1985_insc_16,allowed,dismissed,allowed,dismissed,False,False
sc_2005_insc_408,allowed,dismissed,allowed,allowed,False,True
sc_1994_insc_273,allowed,dismissed,allowed,dismissed,False,False
in_abs_train_3516,allowed,dismissed,allowed,dismissed,False,False
sc_1984_insc_35,dismissed,dismissed,dismissed,dismissed,True,True
sc_1997_insc_801,dismissed,dismissed,dismissed,dismissed,True,True
sc_2001_insc_592,dismissed,dismissed,dismissed,allowed,True,False
sc_2009_insc_987,allowed,allowed,allowed,allowed,True,True
sc_2008_insc_713,allowed,dismissed,allowed,allowed,False,True
sc_2004_insc_85,allowed,allowed,allowed,allowed,True,True
sc_1986_insc_157,allowed,allowed,allowed,allowed,True,True
sc_1997_insc_387,dismissed,dismissed,dismissed,dismissed,True,True
sc_2009_insc_603,allowed,allowed,allowed,allowed,True,True
sc_1995_insc_471,allowed,allowed,allowed,allowed,True,True
in_abs_train_1767,dismissed,dismissed,dismissed,allowed,True,False
sc_2012_insc_505,dismissed,allowed,dismissed,dismissed,False,True
sc_1978_insc_140,dismissed,allowed,dismissed,dismissed,False,True
sc_2022_insc_1143,allowed,allowed,allowed,dismissed,True,False
sc_2019_insc_744,allowed,allowed,allowed,allowed,True,True
in_abs_train_4880,allowed,allowed,allowed,allowed,True,True
sc_1975_insc_263,allowed,allowed,allowed,allowed,True,True
sc_1995_insc_128,dismissed,dismissed,dismissed,dismissed,True,True
sc_1997_insc_323,dismissed,dismissed,dismissed,allowed,True,False
in_abs_train_3289,dismissed,dismissed,dismissed,dismissed,True,True
sc_2013_insc_212,allowed,allowed,allowed,allowed,True,True
sc_2006_insc_132,allowed,allowed,allowed,allowed,True,True
sc_2003_insc_630,allowed,dismissed,allowed,dismissed,False,False
sc_1996_insc_500,dismissed,allowed,dismissed,allowed,False,False
sc_1999_insc_321,dismissed,allowed,dismissed,allowed,False,False
sc_1996_insc_1303,allowed,dismissed,allowed,dismissed,False,False
sc_1992_insc_9,dismissed,dismissed,dismissed,dismissed,True,True
sc_2002_insc_78,dismissed,dismissed,dismissed,dismissed,True,True
sc_1959_1_1336_1349_en,dismissed,dismissed,dismissed,dismissed,True,True
in_abs_train_5385,dismissed,dismissed,dismissed,allowed,True,False
sc_1996_insc_576,allowed,allowed,allowed,dismissed,True,False
sc_2007_insc_414,allowed,allowed,allowed,allowed,True,True
in_abs_train_1174,dismissed,dismissed,dismissed,dismissed,True,True
in_abs_train_2163,dismissed,allowed,dismissed,allowed,False,False
sc_1989_insc_249,allowed,dismissed,allowed,allowed,False,True
sc_2012_insc_358,allowed,dismissed,allowed,allowed,False,True
sc_1991_insc_30,dismissed,allowed,dismissed,allowed,False,False
sc_2010_insc_246,allowed,dismissed,allowed,dismissed,False,False
sc_2001_insc_495,allowed,dismissed,allowed,dismissed,False,False
sc_1995_insc_777,allowed,dismissed,allowed,dismissed,False,False
sc_2004_insc_202,dismissed,allowed,dismissed,allowed,False,False
in_abs_train_969,allowed,dismissed,allowed,dismissed,False,False
sc_1973_insc_38,allowed,dismissed,allowed,allowed,False,True
sc_1996_insc_1512,dismissed,allowed,dismissed,dismissed,False,True
in_abs_train_4170,allowed,dismissed,allowed,dismissed,False,False
sc_2013_insc_199,allowed,dismissed,allowed,dismissed,False,False
sc_2008_insc_858,dismissed,allowed,dismissed,dismissed,False,True
sc_2018_insc_540,dismissed,dismissed,dismissed,dismissed,True,True
sc_2004_insc_170,dismissed,allowed,dismissed,allowed,False,False
in_abs_train_1281,dismissed,allowed,dismissed,dismissed,False,True
sc_2013_insc_66,allowed,allowed,allowed,allowed,True,True
sc_2013_insc_379,dismissed,dismissed,dismissed,dismissed,True,True
sc_1964_insc_31,dismissed,dismissed,dismissed,dismissed,True,True
sc_1972_insc_22,allowed,allowed,allowed,allowed,True,True
sc_2007_insc_221,dismissed,dismissed,dismissed,dismissed,True,True
sc_1994_insc_507,dismissed,allowed,dismissed,allowed,False,False
in_abs_train_533,dismissed,allowed,dismissed,allowed,False,False
sc_1969_insc_333,allowed,allowed,allowed,allowed,True,True
sc_2003_insc_587,dismissed,dismissed,dismissed,dismissed,True,True
sc_1990_insc_244,dismissed,dismissed,dismissed,dismissed,True,True
sc_2023_insc_350,allowed,allowed,allowed,allowed,True,True
sc_2015_insc_210,dismissed,allowed,dismissed,dismissed,False,True
sc_1979_insc_262,dismissed,allowed,dismissed,allowed,False,False
sc_2002_insc_488,allowed,allowed,allowed,dismissed,True,False
in_abs_train_5865,dismissed,dismissed,dismissed,dismissed,True,True
sc_2013_insc_333,allowed,allowed,allowed,dismissed,True,False
sc_2008_insc_105,allowed,dismissed,allowed,dismissed,False,False
sc_2015_insc_462,dismissed,dismissed,dismissed,dismissed,True,True
sc_2017_insc_734,dismissed,allowed,dismissed,allowed,False,False
sc_2003_insc_161,dismissed,dismissed,dismissed,dismissed,True,True
sc_1971_insc_6,dismissed,dismissed,dismissed,dismissed,True,True
sc_2011_insc_604,allowed,allowed,allowed,allowed,True,True
sc_2013_insc_317,allowed,allowed,allowed,allowed,True,True
sc_1990_insc_211,dismissed,dismissed,dismissed,allowed,True,False
sc_2006_insc_137,dismissed,allowed,dismissed,allowed,False,False
sc_2008_insc_681,dismissed,dismissed,dismissed,dismissed,True,True
sc_1986_insc_74,allowed,allowed,allowed,dismissed,True,False
in_abs_train_5973,allowed,allowed,allowed,allowed,True,True
in_abs_train_4489,dismissed,allowed,dismissed,allowed,False,False
sc_2022_insc_1251,allowed,allowed,allowed,allowed,True,True
sc_1987_insc_51,dismissed,dismissed,dismissed,dismissed,True,True
sc_1970_insc_227,allowed,allowed,allowed,allowed,True,True
sc_2013_insc_243,dismissed,dismissed,dismissed,dismissed,True,True
in_abs_train_3751,allowed,dismissed,allowed,allowed,False,True
sc_2021_insc_330,dismissed,allowed,dismissed,dismissed,False,True
sc_2006_insc_718,dismissed,allowed,dismissed,allowed,False,False
sc_1954_insc_75,dismissed,allowed,dismissed,allowed,False,False
sc_2011_insc_831,allowed,dismissed,allowed,dismissed,False,False
sc_1990_insc_292,allowed,dismissed,allowed,dismissed,False,False
in_abs_train_1821,allowed,allowed,allowed,allowed,True,True
in_abs_train_34,dismissed,dismissed,dismissed,allowed,True,False
sc_1997_insc_762,dismissed,dismissed,dismissed,dismissed,True,True
sc_2008_insc_452,allowed,allowed,allowed,dismissed,True,False
sc_2009_insc_146,allowed,allowed,allowed,allowed,True,True
sc_2007_insc_11,dismissed,allowed,dismissed,allowed,False,False
sc_1997_insc_69,dismissed,allowed,dismissed,dismissed,False,True
sc_1977_insc_19,dismissed,dismissed,dismissed,dismissed,True,True
sc_2007_insc_1055,dismissed,dismissed,dismissed,dismissed,True,True
in_abs_train_3987,allowed,dismissed,allowed,dismissed,False,False
sc_2001_insc_448,dismissed,allowed,dismissed,dismissed,False,True
sc_2023_insc_318,dismissed,allowed,dismissed,allowed,False,False
in_abs_train_3861,dismissed,dismissed,dismissed,dismissed,True,True
sc_1994_insc_178,allowed,dismissed,allowed,dismissed,False,False
sc_1972_insc_188,dismissed,allowed,dismissed,allowed,False,False
sc_1987_insc_148,dismissed,dismissed,dismissed,dismissed,True,True
sc_2000_insc_578,dismissed,dismissed,dismissed,dismissed,True,True
in_abs_train_5814,allowed,dismissed,allowed,dismissed,False,False
sc_2020_insc_498,allowed,dismissed,allowed,dismissed,False,False
sc_1975_insc_231,dismissed,allowed,dismissed,allowed,False,False
in_abs_train_4675,dismissed,allowed,dismissed,allowed,False,False
sc_2012_insc_555,allowed,allowed,allowed,allowed,True,True
sc_1996_insc_12,allowed,dismissed,allowed,dismissed,False,False
in_abs_train_5810,dismissed,allowed,dismissed,allowed,False,False
sc_2004_insc_513,allowed,allowed,allowed,dismissed,True,False
sc_1996_insc_522,dismissed,dismissed,dismissed,dismissed,True,True
in_abs_train_1889,dismissed,allowed,dismissed,allowed,False,False
sc_2015_insc_222,dismissed,dismissed,dismissed,dismissed,True,True
in_abs_train_3130,allowed,allowed,allowed,allowed,True,True
sc_2000_insc_163,dismissed,allowed,dismissed,allowed,False,False
sc_2014_insc_172,allowed,allowed,allowed,allowed,True,True
in_abs_train_4864,dismissed,allowed,dismissed,allowed,False,False
sc_1975_insc_23,dismissed,dismissed,dismissed,dismissed,True,True
sc_2007_insc_1030,dismissed,allowed,dismissed,dismissed,False,True
sc_1990_insc_277,dismissed,dismissed,dismissed,dismissed,True,True
sc_1991_insc_209,allowed,allowed,allowed,allowed,True,True
sc_2021_insc_771,allowed,dismissed,allowed,dismissed,False,False
sc_1987_insc_113,allowed,dismissed,allowed,dismissed,False,False
in_abs_train_6398,allowed,allowed,allowed,allowed,True,True
sc_2015_insc_163,allowed,allowed,allowed,allowed,True,True
sc_2008_insc_974,dismissed,allowed,dismissed,allowed,False,False
sc_2010_insc_527,allowed,dismissed,allowed,dismissed,False,False
sc_2017_insc_91,allowed,allowed,allowed,allowed,True,True
sc_2012_insc_54,dismissed,allowed,dismissed,allowed,False,False
sc_2001_insc_184,allowed,dismissed,allowed,allowed,False,True
in_abs_train_222,allowed,dismissed,allowed,dismissed,False,False
sc_2011_insc_428,allowed,dismissed,allowed,dismissed,False,False
sc_2010_insc_245,dismissed,allowed,dismissed,dismissed,False,True
sc_2013_insc_474,dismissed,dismissed,dismissed,dismissed,True,True
sc_2018_insc_450,allowed,allowed,allowed,allowed,True,True
in_abs_train_6872,allowed,allowed,allowed,allowed,True,True
sc_2014_insc_742,dismissed,dismissed,dismissed,dismissed,True,True
sc_2003_insc_565,dismissed,allowed,dismissed,dismissed,False,True
sc_2020_insc_548,dismissed,allowed,dismissed,allowed,False,False
sc_2008_insc_693,allowed,dismissed,allowed,allowed,False,True
sc_1995_insc_762,dismissed,allowed,dismissed,allowed,False,False
sc_2024_insc_294,dismissed,dismissed,dismissed,dismissed,True,True
sc_1994_insc_554,dismissed,dismissed,dismissed,dismissed,True,True
sc_1964_insc_144,dismissed,dismissed,dismissed,allowed,True,False
in_abs_train_1526,dismissed,dismissed,dismissed,dismissed,True,True
sc_1962_insc_48,dismissed,dismissed,dismissed,dismissed,True,True
in_abs_train_1191,dismissed,dismissed,dismissed,allowed,True,False
sc_1997_insc_249,dismissed,allowed,dismissed,dismissed,False,True
in_abs_train_7000,allowed,dismissed,allowed,dismissed,False,False
in_abs_train_2231,dismissed,allowed,dismissed,dismissed,False,True
sc_2003_insc_271,dismissed,allowed,dismissed,allowed,False,False
in_abs_train_4566,allowed,allowed,allowed,allowed,True,True
sc_2014_insc_321,dismissed,dismissed,dismissed,allowed,True,False
sc_2002_insc_453,dismissed,dismissed,dismissed,dismissed,True,True
sc_2014_insc_646,dismissed,allowed,dismissed,allowed,False,False
sc_1994_insc_452,allowed,dismissed,allowed,dismissed,False,False
in_abs_train_6069,dismissed,allowed,dismissed,dismissed,False,True
in_abs_train_3149,allowed,allowed,allowed,allowed,True,True
sc_2012_insc_145,dismissed,dismissed,dismissed,allowed,True,False
sc_2006_insc_140,allowed,dismissed,allowed,dismissed,False,False
sc_2013_insc_50,allowed,allowed,allowed,dismissed,True,False
sc_1959_insc_56,allowed,dismissed,allowed,dismissed,False,False
sc_2018_insc_622,allowed,allowed,allowed,allowed,True,True
sc_1976_insc_50,dismissed,allowed,dismissed,allowed,False,False
in_abs_train_2316,dismissed,dismissed,dismissed,dismissed,True,True
in_abs_train_6756,allowed,dismissed,allowed,dismissed,False,False
sc_2016_insc_495,allowed,allowed,allowed,allowed,True,True
sc_2024_insc_143,allowed,dismissed,allowed,dismissed,False,False
sc_2009_insc_588,dismissed,allowed,dismissed,dismissed,False,True
sc_1980_insc_144,dismissed,dismissed,dismissed,dismissed,True,True
sc_1963_insc_134,allowed,allowed,allowed,allowed,True,True
sc_1998_insc_341,dismissed,dismissed,dismissed,dismissed,True,True
sc_1995_insc_557,allowed,dismissed,allowed,dismissed,False,False
sc_1953_insc_21,dismissed,dismissed,dismissed,dismissed,True,True
in_abs_train_5646,allowed,allowed,allowed,allowed,True,True
sc_2019_insc_85,dismissed,dismissed,dismissed,dismissed,True,True
sc_1999_insc_63,allowed,dismissed,allowed,dismissed,False,False
sc_2002_insc_5,dismissed,dismissed,dismissed,dismissed,True,True
sc_1963_insc_127,dismissed,allowed,dismissed,allowed,False,False
in_abs_train_2754,dismissed,dismissed,dismissed,dismissed,True,True
sc_2010_insc_434,allowed,allowed,allowed,allowed,True,True
sc_2020_insc_201,allowed,dismissed,allowed,allowed,False,True
in_abs_train_5287,dismissed,dismissed,dismissed,dismissed,True,True
sc_1996_insc_143,dismissed,allowed,dismissed,allowed,False,False
sc_1978_insc_261,allowed,dismissed,allowed,dismissed,False,False
sc_1990_insc_154,allowed,dismissed,allowed,allowed,False,True
sc_s_1997_2_695_701_en,allowed,allowed,allowed,dismissed,True,False
sc_1997_insc_593,dismissed,dismissed,dismissed,allowed,True,False
sc_2024_insc_167,allowed,dismissed,allowed,dismissed,False,False
sc_1998_insc_32,allowed,allowed,allowed,allowed,True,True
sc_1992_insc_270,allowed,dismissed,allowed,allowed,False,True
sc_2007_insc_868,dismissed,allowed,dismissed,allowed,False,False
sc_2010_insc_718,allowed,dismissed,allowed,dismissed,False,False
sc_1998_insc_376,dismissed,allowed,dismissed,allowed,False,False
in_abs_train_3647,dismissed,dismissed,dismissed,dismissed,True,True
sc_2009_insc_379,allowed,allowed,allowed,allowed,True,True
sc_2018_insc_403,dismissed,dismissed,dismissed,allowed,True,False
sc_2007_insc_1098,dismissed,dismissed,dismissed,allowed,True,False
sc_1995_insc_675,allowed,dismissed,allowed,allowed,False,True
sc_1958_insc_4,dismissed,dismissed,dismissed,dismissed,True,True
sc_2006_insc_497,dismissed,dismissed,dismissed,dismissed,True,True
sc_2023_insc_92,allowed,dismissed,allowed,dismissed,False,False
sc_1971_insc_132,allowed,dismissed,allowed,dismissed,False,False
sc_2009_insc_582,allowed,dismissed,allowed,dismissed,False,False
sc_2013_insc_825,allowed,dismissed,allowed,dismissed,False,False
sc_1956_insc_25,dismissed,allowed,dismissed,dismissed,False,True
in_abs_train_4544,allowed,allowed,allowed,allowed,True,True
sc_2022_insc_530,dismissed,allowed,dismissed,allowed,False,False
sc_2021_insc_757,allowed,allowed,allowed,allowed,True,True
sc_1983_insc_85,allowed,dismissed,allowed,dismissed,False,False
sc_2022_insc_1131,allowed,dismissed,allowed,allowed,False,True
sc_1996_insc_971,dismissed,dismissed,dismissed,dismissed,True,True
sc_1987_insc_12,allowed,allowed,allowed,allowed,True,True
sc_2003_insc_717,dismissed,dismissed,dismissed,dismissed,True,True
sc_1968_insc_14,dismissed,unknown,dismissed,dismissed,False,True
sc_2009_insc_1040,dismissed,dismissed,dismissed,dismissed,True,True
sc_1976_insc_18,allowed,dismissed,allowed,dismissed,False,False
in_abs_train_2084,allowed,dismissed,allowed,dismissed,False,False
sc_2011_insc_489,dismissed,dismissed,dismissed,dismissed,True,True
in_abs_train_774,dismissed,allowed,dismissed,allowed,False,False
sc_1996_insc_1388,allowed,allowed,allowed,allowed,True,True
sc_1986_insc_212,allowed,dismissed,allowed,dismissed,False,False
sc_1995_insc_224,dismissed,dismissed,dismissed,dismissed,True,True
sc_1953_insc_73,dismissed,allowed,dismissed,allowed,False,False
sc_1998_insc_456,dismissed,dismissed,dismissed,dismissed,True,True
sc_1964_insc_97,allowed,dismissed,allowed,dismissed,False,False
in_abs_train_2669,allowed,allowed,allowed,allowed,True,True
sc_2009_insc_1189,allowed,dismissed,allowed,dismissed,False,False
sc_2007_insc_44,allowed,dismissed,allowed,dismissed,False,False
sc_1957_insc_63,dismissed,dismissed,dismissed,dismissed,True,True
in_abs_train_2385,dismissed,allowed,dismissed,allowed,False,False
sc_1959_insc_146,dismissed,dismissed,dismissed,dismissed,True,True
sc_1985_insc_37,allowed,dismissed,allowed,dismissed,False,False
sc_2018_insc_370,allowed,unknown,allowed,unknown,False,False
sc_2009_insc_212,dismissed,dismissed,dismissed,allowed,True,False
sc_2014_insc_384,dismissed,dismissed,dismissed,dismissed,True,True
in_abs_train_1025,dismissed,allowed,dismissed,allowed,False,False
sc_1998_insc_19,dismissed,allowed,dismissed,allowed,False,False
sc_2015_insc_540,dismissed,dismissed,dismissed,allowed,True,False
sc_2001_insc_126,allowed,dismissed,allowed,dismissed,False,False
sc_2021_insc_3,allowed,dismissed,allowed,dismissed,False,False
in_abs_train_1675,allowed,dismissed,allowed,dismissed,False,False
sc_2015_insc_691,allowed,dismissed,allowed,dismissed,False,False
sc_2008_insc_16,dismissed,dismissed,dismissed,dismissed,True,True
sc_2023_insc_617,allowed,allowed,allowed,allowed,True,True
sc_1994_insc_619,allowed,allowed,allowed,dismissed,True,False
sc_2015_insc_147,dismissed,allowed,dismissed,allowed,False,False
sc_1978_insc_5,allowed,dismissed,allowed,dismissed,False,False
sc_2007_insc_430,dismissed,dismissed,dismissed,dismissed,True,True
sc_1996_insc_426,allowed,dismissed,allowed,dismissed,False,False
sc_1992_insc_77,allowed,dismissed,allowed,allowed,False,True
sc_1997_insc_225,allowed,dismissed,allowed,dismissed,False,False
sc_1979_insc_119,allowed,allowed,allowed,dismissed,True,False
sc_2000_insc_122,dismissed,allowed,dismissed,allowed,False,False
sc_1961_insc_304,dismissed,dismissed,dismissed,dismissed,True,True
in_abs_train_4230,allowed,allowed,allowed,allowed,True,True
sc_2013_insc_632,dismissed,dismissed,dismissed,dismissed,True,True
sc_1997_insc_692,dismissed,dismissed,dismissed,dismissed,True,True
in_abs_train_2378,dismissed,dismissed,dismissed,dismissed,True,True
sc_1996_insc_819,allowed,allowed,allowed,allowed,True,True
sc_1997_insc_234,dismissed,dismissed,dismissed,dismissed,True,True
sc_2013_insc_272,dismissed,allowed,dismissed,allowed,False,False
sc_1961_insc_248,dismissed,dismissed,dismissed,dismissed,True,True
sc_2005_insc_305,dismissed,allowed,dismissed,allowed,False,False
sc_2018_insc_270,dismissed,dismissed,dismissed,dismissed,True,True
sc_1994_insc_454,dismissed,allowed,dismissed,allowed,False,False
sc_1965_insc_301,dismissed,allowed,dismissed,allowed,False,False
in_abs_train_5924,allowed,dismissed,allowed,dismissed,False,False
sc_1989_insc_71,dismissed,dismissed,dismissed,dismissed,True,True
sc_2013_insc_810,allowed,dismissed,allowed,allowed,False,True
sc_1970_insc_10,dismissed,dismissed,dismissed,allowed,True,False
sc_1994_insc_233,allowed,allowed,allowed,allowed,True,True
sc_2021_insc_555,dismissed,allowed,dismissed,allowed,False,False
sc_1990_insc_12,allowed,allowed,allowed,allowed,True,True
sc_1988_insc_121,allowed,allowed,allowed,dismissed,True,False
sc_1961_insc_210,dismissed,allowed,dismissed,allowed,False,False
sc_2020_insc_31,allowed,dismissed,allowed,allowed,False,True
sc_2008_insc_41,allowed,allowed,allowed,allowed,True,True
sc_2019_insc_802,dismissed,dismissed,dismissed,dismissed,True,True
sc_1991_insc_2,dismissed,dismissed,dismissed,dismissed,True,True
sc_1967_insc_286,allowed,dismissed,allowed,dismissed,False,False
sc_1996_insc_378,allowed,dismissed,allowed,dismissed,False,False
sc_2011_insc_825,dismissed,dismissed,dismissed,dismissed,True,True
sc_2018_insc_549,allowed,allowed,allowed,dismissed,True,False
sc_2019_insc_1235,allowed,allowed,allowed,allowed,True,True
in_abs_train_6563,dismissed,dismissed,dismissed,allowed,True,False
sc_2012_insc_215,dismissed,allowed,dismissed,allowed,False,False
sc_2000_insc_343,allowed,allowed,allowed,allowed,True,True
sc_2011_insc_691,allowed,allowed,allowed,allowed,True,True
in_abs_train_1083,allowed,dismissed,allowed,dismissed,False,False
in_abs_train_2433,allowed,dismissed,allowed,dismissed,False,False
sc_2010_insc_482,allowed,allowed,allowed,allowed,True,True
sc_1987_insc_9,allowed,dismissed,allowed,dismissed,False,False
sc_1961_insc_363,dismissed,dismissed,dismissed,dismissed,True,True
sc_2011_insc_843,allowed,dismissed,allowed,dismissed,False,False
sc_1971_insc_63,allowed,dismissed,allowed,allowed,False,True
sc_2001_insc_412,allowed,dismissed,allowed,dismissed,False,False
in_abs_train_1776,allowed,dismissed,allowed,dismissed,False,False
sc_1959_1_1367_1384_en,allowed,dismissed,allowed,dismissed,False,False
sc_1960_insc_60,allowed,dismissed,allowed,dismissed,False,False
sc_1996_insc_623,dismissed,allowed,dismissed,allowed,False,False
sc_1994_insc_98,dismissed,dismissed,dismissed,dismissed,True,True
sc_2017_insc_248,allowed,allowed,allowed,allowed,True,True
sc_1985_insc_46,allowed,dismissed,allowed,dismissed,False,False
sc_1997_insc_815,allowed,allowed,allowed,allowed,True,True
sc_2014_insc_142,allowed,allowed,allowed,allowed,True,True
sc_1960_insc_187,dismissed,dismissed,dismissed,dismissed,True,True
sc_2007_insc_1303,dismissed,dismissed,dismissed,dismissed,True,True
sc_1958_insc_87,dismissed,dismissed,dismissed,dismissed,True,True
in_abs_train_3414,dismissed,allowed,dismissed,allowed,False,False
sc_1991_insc_33,dismissed,allowed,dismissed,allowed,False,False
sc_2006_insc_556,dismissed,dismissed,dismissed,dismissed,True,True
sc_2013_insc_651,dismissed,dismissed,dismissed,allowed,True,False
sc_1997_insc_312,allowed,allowed,allowed,allowed,True,True
in_abs_train_106,allowed,allowed,allowed,dismissed,True,False
sc_2005_insc_619,dismissed,dismissed,dismissed,dismissed,True,True
sc_2024_insc_43,allowed,allowed,allowed,allowed,True,True
sc_2006_insc_972,allowed,dismissed,allowed,dismissed,False,False
sc_2008_insc_580,allowed,dismissed,allowed,dismissed,False,False
sc_1979_insc_146,dismissed,dismissed,dismissed,dismissed,True,True
sc_1960_insc_11,dismissed,dismissed,dismissed,dismissed,True,True
in_abs_train_2281,dismissed,dismissed,dismissed,dismissed,True,True
sc_2011_insc_290,dismissed,dismissed,dismissed,dismissed,True,True
in_abs_train_5246,allowed,allowed,allowed,allowed,True,True
sc_1967_insc_279,dismissed,dismissed,dismissed,dismissed,True,True
sc_2008_insc_1050,dismissed,allowed,dismissed,allowed,False,False
sc_2002_insc_83,allowed,dismissed,allowed,allowed,False,True
sc_2007_insc_846,allowed,allowed,allowed,dismissed,True,False
sc_1996_insc_1059,allowed,dismissed,allowed,allowed,False,True
sc_2007_insc_298,allowed,allowed,allowed,allowed,True,True
sc_1964_insc_11,dismissed,allowed,dismissed,dismissed,False,True
in_abs_train_2076,allowed,dismissed,allowed,dismissed,False,False
sc_2004_insc_179,allowed,allowed,allowed,dismissed,True,False
sc_2022_insc_24,allowed,allowed,allowed,dismissed,True,False
sc_1968_insc_185,dismissed,dismissed,dismissed,dismissed,True,True
in_abs_train_1965,allowed,allowed,allowed,allowed,True,True
sc_2002_insc_32,allowed,allowed,allowed,allowed,True,True
in_abs_train_7015,allowed,allowed,allowed,dismissed,True,False
sc_2010_insc_189,allowed,dismissed,allowed,allowed,False,True
sc_1993_insc_10,dismissed,dismissed,dismissed,dismissed,True,True
in_abs_train_5154,dismissed,allowed,dismissed,dismissed,False,True
sc_2009_insc_775,allowed,dismissed,allowed,dismissed,False,False
sc_2008_insc_842,allowed,allowed,allowed,dismissed,True,False
sc_2018_insc_1034,allowed,dismissed,allowed,dismissed,False,False
sc_1997_insc_145,allowed,allowed,allowed,allowed,True,True
sc_1996_insc_1499,allowed,dismissed,allowed,dismissed,False,False
in_abs_train_954,dismissed,allowed,dismissed,allowed,False,False
in_abs_train_807,dismissed,dismissed,dismissed,dismissed,True,True
in_abs_train_407,allowed,allowed,allowed,dismissed,True,False
sc_2001_insc_392,allowed,allowed,allowed,dismissed,True,False
sc_1975_insc_31,allowed,dismissed,allowed,dismissed,False,False
sc_1988_insc_120,dismissed,dismissed,dismissed,dismissed,True,True
sc_2019_insc_457,allowed,dismissed,allowed,dismissed,False,False
in_abs_train_4294,dismissed,allowed,dismissed,allowed,False,False
sc_2022_insc_1163,dismissed,dismissed,dismissed,dismissed,True,True
sc_2012_insc_586,allowed,dismissed,allowed,dismissed,False,False
sc_2006_insc_584,dismissed,allowed,dismissed,allowed,False,False
in_abs_train_1188,dismissed,dismissed,dismissed,dismissed,True,True
sc_1967_insc_83,dismissed,allowed,dismissed,dismissed,False,True
sc_2021_insc_859,allowed,dismissed,allowed,dismissed,False,False
sc_2006_insc_504,allowed,dismissed,allowed,allowed,False,True
sc_2014_insc_680,allowed,dismissed,allowed,dismissed,False,False
sc_1988_insc_199,dismissed,allowed,dismissed,allowed,False,False
in_abs_train_4014,allowed,allowed,allowed,allowed,True,True
sc_1956_insc_55,allowed,allowed,allowed,allowed,True,True
sc_2014_insc_890,dismissed,allowed,dismissed,allowed,False,False
sc_2015_insc_728,dismissed,dismissed,dismissed,dismissed,True,True
sc_2003_insc_699,allowed,allowed,allowed,allowed,True,True
sc_1988_insc_137,dismissed,allowed,dismissed,allowed,False,False
sc_1967_insc_78,allowed,allowed,allowed,allowed,True,True
sc_2021_insc_470,allowed,dismissed,allowed,dismissed,False,False
sc_2020_insc_558,dismissed,allowed,dismissed,allowed,False,False
sc_2002_insc_268,allowed,dismissed,allowed,allowed,False,True
sc_1984_insc_133,dismissed,allowed,dismissed,dismissed,False,True
sc_1978_insc_142,allowed,allowed,allowed,allowed,True,True
sc_1990_insc_382,dismissed,dismissed,dismissed,dismissed,True,True
sc_2006_insc_683,allowed,allowed,allowed,dismissed,True,False
sc_1964_insc_49,dismissed,dismissed,dismissed,allowed,True,False
sc_2007_insc_326,dismissed,unknown,dismissed,unknown,False,False
sc_2023_insc_110,allowed,dismissed,allowed,allowed,False,True
sc_1974_insc_1,dismissed,dismissed,dismissed,dismissed,True,True
in_abs_train_1885,dismissed,dismissed,dismissed,dismissed,True,True
sc_2022_insc_931,allowed,allowed,allowed,allowed,True,True
in_abs_train_6404,dismissed,dismissed,dismissed,dismissed,True,True
sc_1960_insc_105,dismissed,allowed,dismissed,dismissed,False,True
sc_1991_insc_270,dismissed,dismissed,dismissed,dismissed,True,True
sc_2005_insc_198,allowed,dismissed,allowed,dismissed,False,False
sc_1993_insc_159,dismissed,dismissed,dismissed,dismissed,True,True
sc_1996_insc_1508,allowed,dismissed,allowed,dismissed,False,False
sc_1988_insc_74,allowed,allowed,allowed,allowed,True,True
sc_1960_insc_74,dismissed,dismissed,dismissed,dismissed,True,True
sc_1998_insc_212,dismissed,allowed,dismissed,allowed,False,False
sc_1977_insc_14,allowed,allowed,allowed,dismissed,True,False
sc_1995_insc_711,dismissed,dismissed,dismissed,dismissed,True,True
sc_2007_insc_1244,dismissed,dismissed,dismissed,dismissed,True,True
sc_2005_insc_454,allowed,allowed,allowed,allowed,True,True
sc_2007_insc_389,dismissed,allowed,dismissed,allowed,False,False
sc_1994_insc_213,dismissed,allowed,dismissed,dismissed,False,True
sc_1953_insc_90,dismissed,dismissed,dismissed,dismissed,True,True
sc_2008_insc_578,allowed,allowed,allowed,dismissed,True,False
sc_2002_insc_202,allowed,dismissed,allowed,dismissed,False,False
sc_1996_insc_908,allowed,allowed,allowed,dismissed,True,False
sc_1977_insc_181,allowed,dismissed,allowed,dismissed,False,False
sc_2019_insc_1356,allowed,allowed,allowed,allowed,True,True
sc_2003_insc_332,dismissed,dismissed,dismissed,dismissed,True,True
sc_2015_insc_361,allowed,allowed,allowed,allowed,True,True
sc_2000_insc_455,allowed,allowed,allowed,allowed,True,True
sc_2008_insc_27,allowed,allowed,allowed,allowed,True,True
sc_2008_insc_183,dismissed,dismissed,dismissed,dismissed,True,True
sc_1962_insc_205,dismissed,allowed,dismissed,allowed,False,False
in_abs_train_7073,allowed,allowed,allowed,dismissed,True,False
sc_2000_insc_154,dismissed,allowed,dismissed,allowed,False,False
sc_1998_insc_459,dismissed,allowed,dismissed,allowed,False,False
sc_1996_insc_837,allowed,allowed,allowed,allowed,True,True
sc_2013_insc_238,allowed,dismissed,allowed,allowed,False,True
sc_2011_insc_197,dismissed,dismissed,dismissed,dismissed,True,True
sc_1961_insc_229,dismissed,dismissed,dismissed,dismissed,True,True
sc_1996_insc_1008,allowed,allowed,allowed,allowed,True,True
sc_1999_insc_68,dismissed,allowed,dismissed,allowed,False,False
sc_1988_insc_53,allowed,dismissed,allowed,dismissed,False,False
in_abs_train_3832,dismissed,dismissed,dismissed,dismissed,True,True
sc_2018_insc_561,allowed,allowed,allowed,allowed,True,True
sc_2013_insc_824,dismissed,allowed,dismissed,dismissed,False,True
in_abs_train_2708,allowed,dismissed,allowed,dismissed,False,False
sc_2011_insc_158,allowed,allowed,allowed,allowed,True,True
in_abs_train_2449,allowed,dismissed,allowed,dismissed,False,False
sc_2002_insc_337,dismissed,allowed,dismissed,dismissed,False,True
sc_2009_insc_699,dismissed,dismissed,dismissed,allowed,True,False
sc_2015_insc_1025,allowed,allowed,allowed,allowed,True,True
sc_1987_insc_167,allowed,allowed,allowed,dismissed,True,False
sc_2022_insc_568,allowed,allowed,allowed,allowed,True,True
sc_1961_insc_76,allowed,dismissed,allowed,allowed,False,True
sc_2007_insc_900,dismissed,allowed,dismissed,allowed,False,False
in_abs_train_4390,allowed,allowed,allowed,dismissed,True,False
in_abs_train_5067,allowed,dismissed,allowed,dismissed,False,False
sc_2001_insc_329,dismissed,dismissed,dismissed,allowed,True,False
in_abs_train_1901,dismissed,allowed,dismissed,dismissed,False,True
sc_1975_insc_258,dismissed,allowed,dismissed,allowed,False,False
sc_2008_insc_1412,dismissed,dismissed,dismissed,allowed,True,False
sc_2013_insc_121,allowed,allowed,allowed,dismissed,True,False
in_abs_train_4227,dismissed,dismissed,dismissed,dismissed,True,True
sc_1996_insc_536,allowed,dismissed,allowed,allowed,False,True
sc_2022_insc_820,allowed,allowed,allowed,dismissed,True,False
sc_2011_insc_726,dismissed,dismissed,dismissed,allowed,True,False
sc_2008_insc_1317,dismissed,dismissed,dismissed,allowed,True,False
sc_2008_insc_1358,dismissed,allowed,dismissed,allowed,False,False
sc_1997_insc_47,allowed,allowed,allowed,dismissed,True,False
sc_2019_insc_139,dismissed,dismissed,dismissed,dismissed,True,True
sc_2001_insc_375,allowed,dismissed,allowed,dismissed,False,False
sc_1973_insc_218,dismissed,dismissed,dismissed,dismissed,True,True
sc_2018_insc_375,allowed,dismissed,allowed,dismissed,False,False
sc_1990_insc_285,dismissed,dismissed,dismissed,dismissed,True,True
in_abs_train_3860,dismissed,dismissed,dismissed,dismissed,True,True
sc_2006_insc_193,allowed,dismissed,allowed,allowed,False,True
sc_2008_insc_43,dismissed,dismissed,dismissed,allowed,True,False
sc_1987_insc_195,dismissed,dismissed,dismissed,allowed,True,False
in_abs_train_151,dismissed,allowed,dismissed,allowed,False,False
sc_2003_insc_624,dismissed,dismissed,dismissed,dismissed,True,True
sc_1994_insc_181,allowed,allowed,allowed,allowed,True,True
sc_1981_insc_90,dismissed,allowed,dismissed,dismissed,False,True
sc_2007_insc_668,allowed,dismissed,allowed,allowed,False,True
sc_1971_insc_197,allowed,allowed,allowed,dismissed,True,False
sc_1978_insc_206,dismissed,dismissed,dismissed,dismissed,True,True
in_abs_train_439,dismissed,dismissed,dismissed,dismissed,True,True
sc_2012_insc_224,dismissed,dismissed,dismissed,allowed,True,False
sc_1990_insc_378,dismissed,allowed,dismissed,dismissed,False,True
sc_2014_insc_318,dismissed,dismissed,dismissed,allowed,True,False
sc_2012_insc_591,dismissed,allowed,dismissed,allowed,False,False
sc_2007_insc_836,allowed,allowed,allowed,allowed,True,True
in_abs_train_4914,allowed,allowed,allowed,allowed,True,True
sc_1996_insc_652,dismissed,dismissed,dismissed,dismissed,True,True
sc_2007_insc_283,dismissed,allowed,dismissed,dismissed,False,True
sc_2008_insc_364,dismissed,allowed,dismissed,allowed,False,False
sc_2018_insc_82,dismissed,allowed,dismissed,allowed,False,False
sc_1950_insc_15,allowed,allowed,allowed,allowed,True,True
in_abs_train_6779,dismissed,dismissed,dismissed,dismissed,True,True
sc_2021_insc_461,dismissed,allowed,dismissed,dismissed,False,True
sc_1962_insc_10,allowed,allowed,allowed,allowed,True,True
sc_2007_insc_97,allowed,dismissed,allowed,dismissed,False,False
sc_1984_insc_234,dismissed,dismissed,dismissed,dismissed,True,True
sc_2010_insc_490,dismissed,dismissed,dismissed,dismissed,True,True
sc_2019_insc_149,allowed,allowed,allowed,allowed,True,True
sc_1990_insc_318,allowed,dismissed,allowed,dismissed,False,False
sc_2010_insc_565,allowed,dismissed,allowed,dismissed,False,False
sc_1980_insc_29,dismissed,dismissed,dismissed,dismissed,True,True
sc_1984_insc_125,dismissed,dismissed,dismissed,allowed,True,False
sc_1976_insc_295,dismissed,allowed,dismissed,allowed,False,False
in_abs_train_6106,allowed,allowed,allowed,allowed,True,True
