2026/08/10 06:29:12.846, 0, 0, 3, 24576, 21.66
2026/08/10 06:29:12.846, 1, 0, 3, 24576, 17.22
2026/08/10 06:29:12.847, 2, 0, 3, 24576, 18.11
2026/08/10 06:29:17.849, 0, 0, 260, 24576, 106.28
2026/08/10 06:29:17.849, 1, 0, 260, 24576, 100.59
2026/08/10 06:29:17.850, 2, 0, 260, 24576, 104.24
2026/08/10 06:29:22.851, 0, 0, 260, 24576, 107.12
2026/08/10 06:29:22.852, 1, 27, 1882, 24576, 102.51
2026/08/10 06:29:22.852, 2, 28, 1882, 24576, 105.31
2026/08/10 06:29:27.853, 0, 7, 4966, 24576, 108.55
2026/08/10 06:29:27.854, 1, 8, 4398, 24576, 103.77
2026/08/10 06:29:27.855, 2, 1, 4398, 24576, 105.95
2026/08/10 06:29:32.855, 0, 39, 5048, 24576, 127.19
2026/08/10 06:29:32.856, 1, 35, 4398, 24576, 162.73
2026/08/10 06:29:32.857, 2, 32, 4398, 24576, 158.99
2026/08/10 06:29:37.858, 0, 38, 5048, 24576, 154.33
2026/08/10 06:29:37.858, 1, 35, 4398, 24576, 182.80
2026/08/10 06:29:37.859, 2, 34, 4398, 24576, 159.26
2026/08/10 06:29:42.860, 0, 39, 5048, 24576, 165.45
2026/08/10 06:29:42.860, 1, 35, 4398, 24576, 164.19
2026/08/10 06:29:42.861, 2, 38, 4398, 24576, 162.19
2026/08/10 06:29:47.861, 0, 33, 5048, 24576, 172.33
2026/08/10 06:29:47.862, 1, 34, 4398, 24576, 159.40
2026/08/10 06:29:47.863, 2, 38, 4398, 24576, 162.81
2026/08/10 06:29:52.870, 0, 35, 5052, 24576, 170.46
2026/08/10 06:29:52.870, 1, 34, 4404, 24576, 159.93
2026/08/10 06:29:52.871, 2, 36, 4402, 24576, 164.85
2026/08/10 06:29:57.872, 0, 0, 5054, 24576, 112.46
2026/08/10 06:29:57.872, 1, 0, 4404, 24576, 107.01
2026/08/10 06:29:57.873, 2, 0, 4404, 24576, 107.82
2026/08/10 06:30:02.874, 0, 0, 5054, 24576, 112.77
2026/08/10 06:30:02.874, 1, 0, 4404, 24576, 107.04
2026/08/10 06:30:02.875, 2, 0, 4404, 24576, 108.04
2026/08/10 06:30:07.876, 0, 27, 7696, 24576, 114.24
2026/08/10 06:30:07.876, 1, 44, 7182, 24576, 109.10
2026/08/10 06:30:07.877, 2, 26, 7182, 24576, 122.07
2026/08/10 06:30:12.878, 0, 0, 7696, 24576, 112.97
2026/08/10 06:30:12.878, 1, 0, 7182, 24576, 107.02
2026/08/10 06:30:12.879, 2, 0, 7182, 24576, 108.08
2026/08/10 06:30:17.880, 0, 0, 7696, 24576, 112.93
2026/08/10 06:30:17.881, 1, 0, 7182, 24576, 107.37
2026/08/10 06:30:17.881, 2, 0, 7184, 24576, 108.37
2026/08/10 06:30:22.882, 0, 16, 11290, 24576, 134.30
2026/08/10 06:30:22.883, 1, 16, 10802, 24576, 128.54
2026/08/10 06:30:22.883, 2, 12, 10774, 24576, 114.70
2026/08/10 06:30:27.884, 0, 0, 14234, 24576, 132.32
2026/08/10 06:30:27.884, 1, 79, 13720, 24576, 322.17
2026/08/10 06:30:27.885, 2, 78, 13720, 24576, 303.60
2026/08/10 06:30:32.886, 0, 83, 14234, 24576, 336.96
2026/08/10 06:30:32.886, 1, 84, 13720, 24576, 342.22
2026/08/10 06:30:32.887, 2, 82, 13720, 24576, 334.65
2026/08/10 06:30:37.888, 0, 98, 14330, 24576, 295.04
2026/08/10 06:30:37.888, 1, 90, 12698, 24576, 295.59
2026/08/10 06:30:37.889, 2, 99, 12696, 24576, 281.08
2026/08/10 06:30:42.890, 0, 98, 14298, 24576, 341.74
2026/08/10 06:30:42.891, 1, 99, 12698, 24576, 347.12
2026/08/10 06:30:42.891, 2, 98, 12696, 24576, 346.32
2026/08/10 06:30:47.892, 0, 86, 20570, 24576, 299.96
2026/08/10 06:30:47.893, 1, 92, 20640, 24576, 325.85
2026/08/10 06:30:47.893, 2, 82, 19396, 24576, 310.77
2026/08/10 06:30:52.894, 0, 100, 20570, 24576, 308.55
2026/08/10 06:30:52.895, 1, 100, 20640, 24576, 327.09
2026/08/10 06:30:52.895, 2, 100, 19896, 24576, 307.62
2026/08/10 06:30:57.896, 0, 83, 20646, 24576, 337.25
2026/08/10 06:30:57.897, 1, 83, 20714, 24576, 337.38
2026/08/10 06:30:57.897, 2, 82, 19972, 24576, 325.01
2026/08/10 06:31:02.898, 0, 83, 20646, 24576, 348.02
2026/08/10 06:31:02.899, 1, 85, 20714, 24576, 343.70
2026/08/10 06:31:02.900, 2, 85, 19972, 24576, 343.14
2026/08/10 06:31:07.901, 0, 98, 14410, 24576, 301.22
2026/08/10 06:31:07.901, 1, 98, 17802, 24576, 324.73
2026/08/10 06:31:07.902, 2, 98, 13022, 24576, 310.67
2026/08/10 06:31:12.903, 0, 100, 14410, 24576, 315.61
2026/08/10 06:31:12.903, 1, 98, 13002, 24576, 343.28
2026/08/10 06:31:12.904, 2, 98, 13442, 24576, 343.23
2026/08/10 06:31:17.905, 0, 100, 23868, 24576, 341.47
2026/08/10 06:31:17.905, 1, 100, 21656, 24576, 323.86
2026/08/10 06:31:17.906, 2, 100, 21676, 24576, 319.22
2026/08/10 06:31:22.906, 0, 96, 23868, 24576, 340.52
2026/08/10 06:31:22.907, 1, 90, 21656, 24576, 324.77
2026/08/10 06:31:22.907, 2, 94, 21676, 24576, 318.62
2026/08/10 06:31:27.908, 0, 100, 23868, 24576, 316.76
2026/08/10 06:31:27.909, 1, 100, 22076, 24576, 333.71
2026/08/10 06:31:27.909, 2, 100, 22316, 24576, 338.06
2026/08/10 06:31:32.910, 0, 84, 23868, 24576, 343.06
2026/08/10 06:31:32.911, 1, 85, 21656, 24576, 343.23
2026/08/10 06:31:32.912, 2, 83, 21676, 24576, 336.59
2026/08/10 06:31:37.913, 0, 98, 23868, 24576, 344.91
2026/08/10 06:31:37.913, 1, 100, 22936, 24576, 327.18
2026/08/10 06:31:37.914, 2, 98, 23876, 24576, 344.16
2026/08/10 06:31:42.915, 0, 99, 14390, 24576, 301.65
2026/08/10 06:31:42.915, 1, 89, 13976, 24576, 292.67
2026/08/10 06:31:42.916, 2, 98, 13220, 24576, 341.18
2026/08/10 06:31:47.916, 0, 100, 22002, 24576, 333.77
2026/08/10 06:31:47.917, 1, 98, 23114, 24576, 330.02
2026/08/10 06:31:47.917, 2, 100, 22350, 24576, 319.42
2026/08/10 06:31:52.918, 0, 89, 22342, 24576, 333.96
2026/08/10 06:31:52.919, 1, 100, 23114, 24576, 333.06
2026/08/10 06:31:52.919, 2, 89, 22350, 24576, 317.45
2026/08/10 06:31:57.920, 0, 93, 22342, 24576, 289.36
2026/08/10 06:31:57.921, 1, 100, 23114, 24576, 315.74
2026/08/10 06:31:57.921, 2, 68, 22350, 24576, 275.30
2026/08/10 06:32:02.923, 0, 81, 22342, 24576, 342.38
2026/08/10 06:32:02.923, 1, 84, 23114, 24576, 326.99
2026/08/10 06:32:02.924, 2, 82, 22350, 24576, 340.12
2026/08/10 06:32:07.925, 0, 98, 22042, 24576, 342.73
2026/08/10 06:32:07.926, 1, 98, 23934, 24576, 325.01
2026/08/10 06:32:07.926, 2, 98, 24230, 24576, 343.83
2026/08/10 06:32:12.927, 0, 98, 13570, 24576, 336.33
2026/08/10 06:32:12.927, 1, 100, 13282, 24576, 314.97
2026/08/10 06:32:12.928, 2, 98, 15358, 24576, 294.52
2026/08/10 06:32:17.929, 0, 100, 22188, 24576, 333.10
2026/08/10 06:32:17.929, 1, 100, 23012, 24576, 319.64
2026/08/10 06:32:17.930, 2, 88, 21588, 24576, 337.90
2026/08/10 06:32:22.930, 0, 89, 22928, 24576, 329.80
2026/08/10 06:32:22.931, 1, 89, 23012, 24576, 324.33
2026/08/10 06:32:22.931, 2, 100, 21588, 24576, 315.09
2026/08/10 06:32:27.932, 0, 23, 22188, 24576, 292.72
2026/08/10 06:32:27.933, 1, 24, 23012, 24576, 278.46
2026/08/10 06:32:27.937, 2, 22, 21588, 24576, 270.15
2026/08/10 06:32:32.938, 0, 85, 22188, 24576, 338.12
2026/08/10 06:32:32.939, 1, 86, 23012, 24576, 319.77
2026/08/10 06:32:32.939, 2, 84, 21588, 24576, 330.41
2026/08/10 06:32:37.940, 0, 98, 21948, 24576, 337.55
2026/08/10 06:32:37.941, 1, 100, 23012, 24576, 325.63
2026/08/10 06:32:37.941, 2, 97, 16948, 24576, 300.67
2026/08/10 06:32:42.942, 0, 98, 14390, 24576, 299.00
2026/08/10 06:32:42.943, 1, 98, 23012, 24576, 303.57
2026/08/10 06:32:42.943, 2, 98, 13042, 24576, 314.88
2026/08/10 06:32:47.944, 0, 100, 23126, 24576, 328.40
2026/08/10 06:32:47.945, 1, 89, 23476, 24576, 302.76
2026/08/10 06:32:47.945, 2, 100, 20894, 24576, 303.37
2026/08/10 06:32:52.946, 0, 88, 23126, 24576, 329.46
2026/08/10 06:32:52.947, 1, 100, 23476, 24576, 310.57
2026/08/10 06:32:52.947, 2, 89, 21274, 24576, 311.11
2026/08/10 06:32:57.948, 0, 22, 23126, 24576, 285.91
2026/08/10 06:32:57.958, 1, 22, 23476, 24576, 275.58
2026/08/10 06:32:57.958, 2, 39, 20894, 24576, 280.66
2026/08/10 06:33:02.959, 0, 80, 23126, 24576, 339.30
2026/08/10 06:33:02.960, 1, 83, 23476, 24576, 313.03
2026/08/10 06:33:02.960, 2, 83, 20894, 24576, 322.01
2026/08/10 06:33:07.961, 0, 97, 23126, 24576, 336.60
2026/08/10 06:33:07.962, 1, 98, 23956, 24576, 325.42
2026/08/10 06:33:07.962, 2, 99, 24214, 24576, 312.61
2026/08/10 06:33:12.964, 0, 100, 23126, 24576, 338.45
2026/08/10 06:33:12.964, 1, 99, 13242, 24576, 302.28
2026/08/10 06:33:12.965, 2, 97, 14018, 24576, 281.23
2026/08/10 06:33:17.966, 0, 94, 22726, 24576, 335.52
2026/08/10 06:33:17.967, 1, 100, 23174, 24576, 306.79
2026/08/10 06:33:17.967, 2, 97, 23474, 24576, 325.88
2026/08/10 06:33:22.968, 0, 100, 22726, 24576, 337.62
2026/08/10 06:33:22.969, 1, 100, 23174, 24576, 328.76
2026/08/10 06:33:22.969, 2, 96, 23474, 24576, 324.42
2026/08/10 06:33:27.970, 0, 100, 22726, 24576, 334.35
2026/08/10 06:33:27.970, 1, 100, 23174, 24576, 322.40
2026/08/10 06:33:27.971, 2, 98, 23474, 24576, 328.40
2026/08/10 06:33:32.971, 0, 85, 22726, 24576, 338.64
2026/08/10 06:33:32.972, 1, 84, 23174, 24576, 317.16
2026/08/10 06:33:32.973, 2, 86, 23474, 24576, 319.77
2026/08/10 06:33:37.974, 0, 98, 22766, 24576, 338.58
2026/08/10 06:33:37.975, 1, 98, 23174, 24576, 333.99
2026/08/10 06:33:37.975, 2, 98, 23474, 24576, 316.81
2026/08/10 06:33:42.976, 0, 97, 14390, 24576, 301.07
2026/08/10 06:33:42.977, 1, 98, 23174, 24576, 305.75
2026/08/10 06:33:42.977, 2, 98, 13064, 24576, 315.31
2026/08/10 06:33:47.978, 0, 100, 23166, 24576, 320.97
2026/08/10 06:33:47.979, 1, 100, 23174, 24576, 323.36
2026/08/10 06:33:47.979, 2, 97, 23896, 24576, 323.30
2026/08/10 06:33:52.980, 0, 96, 21746, 24576, 300.99
2026/08/10 06:33:52.981, 1, 97, 23174, 24576, 287.78
2026/08/10 06:33:52.981, 2, 93, 23896, 24576, 321.47
2026/08/10 06:33:57.982, 0, 89, 23166, 24576, 314.79
2026/08/10 06:33:57.983, 1, 89, 23174, 24576, 316.48
2026/08/10 06:33:57.983, 2, 100, 23896, 24576, 321.22
2026/08/10 06:34:02.984, 0, 85, 23166, 24576, 338.83
2026/08/10 06:34:02.985, 1, 84, 23174, 24576, 334.78
2026/08/10 06:34:02.985, 2, 82, 23896, 24576, 325.50
2026/08/10 06:34:07.990, 0, 83, 23166, 24576, 341.45
2026/08/10 06:34:07.991, 1, 84, 23174, 24576, 330.97
2026/08/10 06:34:07.991, 2, 82, 23896, 24576, 333.67
2026/08/10 06:34:12.992, 0, 98, 13490, 24576, 340.37
2026/08/10 06:34:12.993, 1, 100, 18602, 24576, 319.19
2026/08/10 06:34:12.993, 2, 98, 13042, 24576, 336.20
2026/08/10 06:34:17.994, 0, 100, 13490, 24576, 290.32
2026/08/10 06:34:17.994, 1, 98, 21838, 24576, 327.29
2026/08/10 06:34:17.995, 2, 100, 13042, 24576, 314.08
2026/08/10 06:34:22.996, 0, 98, 22988, 24576, 326.89
2026/08/10 06:34:22.996, 1, 100, 21032, 24576, 315.91
2026/08/10 06:34:22.997, 2, 88, 23074, 24576, 337.60
2026/08/10 06:34:27.998, 0, 88, 22988, 24576, 323.21
2026/08/10 06:34:27.999, 1, 99, 21032, 24576, 311.60
2026/08/10 06:34:27.999, 2, 89, 23074, 24576, 333.03
2026/08/10 06:34:33.000, 0, 81, 22988, 24576, 284.20
2026/08/10 06:34:33.001, 1, 82, 21032, 24576, 291.85
2026/08/10 06:34:33.001, 2, 83, 20854, 24576, 291.41
2026/08/10 06:34:38.002, 0, 86, 22988, 24576, 340.08
2026/08/10 06:34:38.002, 1, 84, 21032, 24576, 323.61
2026/08/10 06:34:38.003, 2, 83, 20854, 24576, 322.95
2026/08/10 06:34:43.004, 0, 93, 14450, 24576, 302.76
2026/08/10 06:34:43.004, 1, 98, 21032, 24576, 316.32
2026/08/10 06:34:43.005, 2, 98, 20854, 24576, 312.17
2026/08/10 06:34:48.005, 0, 98, 14450, 24576, 332.87
2026/08/10 06:34:48.006, 1, 49, 21032, 24576, 282.82
2026/08/10 06:34:48.006, 2, 98, 20854, 24576, 312.13
2026/08/10 06:34:53.007, 0, 100, 23088, 24576, 331.87
2026/08/10 06:34:53.008, 1, 88, 21332, 24576, 312.02
2026/08/10 06:34:53.008, 2, 82, 22712, 24576, 335.12
2026/08/10 06:34:58.010, 0, 88, 23088, 24576, 326.29
2026/08/10 06:34:58.010, 1, 89, 21332, 24576, 307.61
2026/08/10 06:34:58.011, 2, 89, 22712, 24576, 314.91
2026/08/10 06:35:03.012, 0, 84, 23088, 24576, 289.38
2026/08/10 06:35:03.013, 1, 85, 21332, 24576, 292.95
2026/08/10 06:35:03.014, 2, 81, 20492, 24576, 291.79
2026/08/10 06:35:08.017, 0, 85, 23088, 24576, 339.60
2026/08/10 06:35:08.017, 1, 85, 21332, 24576, 322.13
2026/08/10 06:35:08.018, 2, 83, 20492, 24576, 322.66
2026/08/10 06:35:13.019, 0, 100, 13570, 24576, 300.84
2026/08/10 06:35:13.019, 1, 98, 13042, 24576, 287.55
2026/08/10 06:35:13.020, 2, 98, 20492, 24576, 310.73
2026/08/10 06:35:18.020, 0, 98, 13570, 24576, 339.80
2026/08/10 06:35:18.021, 1, 98, 13042, 24576, 318.23
2026/08/10 06:35:18.022, 2, 98, 20492, 24576, 303.73
2026/08/10 06:35:23.023, 0, 89, 23786, 24576, 337.89
2026/08/10 06:35:23.024, 1, 89, 22974, 24576, 331.98
2026/08/10 06:35:23.024, 2, 89, 23114, 24576, 337.13
2026/08/10 06:35:28.025, 0, 95, 21566, 24576, 325.76
2026/08/10 06:35:28.026, 1, 96, 20754, 24576, 316.33
2026/08/10 06:35:28.026, 2, 91, 20894, 24576, 318.29
2026/08/10 06:35:33.027, 0, 83, 21566, 24576, 327.53
2026/08/10 06:35:33.027, 1, 82, 20754, 24576, 325.81
2026/08/10 06:35:33.028, 2, 82, 20894, 24576, 323.23
2026/08/10 06:35:38.028, 0, 84, 21566, 24576, 338.83
2026/08/10 06:35:38.029, 1, 84, 20754, 24576, 319.72
2026/08/10 06:35:38.029, 2, 84, 20894, 24576, 323.32
2026/08/10 06:35:43.030, 0, 98, 13430, 24576, 336.68
2026/08/10 06:35:43.031, 1, 99, 21382, 24576, 332.57
2026/08/10 06:35:43.031, 2, 98, 12862, 24576, 331.22
2026/08/10 06:35:48.032, 0, 100, 13430, 24576, 269.30
2026/08/10 06:35:48.033, 1, 98, 13200, 24576, 307.74
2026/08/10 06:35:48.034, 2, 100, 12862, 24576, 264.42
2026/08/10 06:35:53.034, 0, 87, 21588, 24576, 317.50
2026/08/10 06:35:53.035, 1, 88, 22792, 24576, 322.62
2026/08/10 06:35:53.036, 2, 89, 21932, 24576, 324.10
2026/08/10 06:35:58.037, 0, 99, 23628, 24576, 316.54
2026/08/10 06:35:58.038, 1, 100, 22792, 24576, 306.32
2026/08/10 06:35:58.038, 2, 98, 21372, 24576, 322.04
2026/08/10 06:36:03.039, 0, 82, 21588, 24576, 336.22
2026/08/10 06:36:03.039, 1, 82, 22792, 24576, 334.54
2026/08/10 06:36:03.040, 2, 81, 21932, 24576, 332.44
2026/08/10 06:36:08.041, 0, 85, 21588, 24576, 339.43
2026/08/10 06:36:08.041, 1, 85, 22792, 24576, 317.48
2026/08/10 06:36:08.042, 2, 83, 21932, 24576, 324.75
2026/08/10 06:36:13.043, 0, 99, 21588, 24576, 337.16
2026/08/10 06:36:13.043, 1, 98, 14042, 24576, 327.87
2026/08/10 06:36:13.044, 2, 97, 13322, 24576, 328.80
2026/08/10 06:36:18.045, 0, 88, 22188, 24576, 202.98
2026/08/10 06:36:18.046, 1, 21, 22706, 24576, 300.70
2026/08/10 06:36:18.046, 2, 84, 21244, 24576, 235.10
2026/08/10 06:36:23.047, 0, 88, 21266, 24576, 322.73
2026/08/10 06:36:23.048, 1, 100, 21454, 24576, 316.28
2026/08/10 06:36:23.049, 2, 100, 23072, 24576, 310.89
2026/08/10 06:36:28.049, 0, 92, 21506, 24576, 308.13
2026/08/10 06:36:28.050, 1, 94, 20994, 24576, 315.35
2026/08/10 06:36:28.050, 2, 97, 23072, 24576, 325.26
2026/08/10 06:36:33.051, 0, 83, 21506, 24576, 336.56
2026/08/10 06:36:33.052, 1, 82, 23094, 24576, 323.84
2026/08/10 06:36:33.052, 2, 82, 23072, 24576, 333.90
2026/08/10 06:36:38.053, 0, 83, 21506, 24576, 339.36
2026/08/10 06:36:38.054, 1, 85, 23094, 24576, 317.25
2026/08/10 06:36:38.054, 2, 84, 23072, 24576, 333.93
2026/08/10 06:36:43.055, 0, 98, 21506, 24576, 337.54
2026/08/10 06:36:43.056, 1, 98, 23094, 24576, 307.58
2026/08/10 06:36:43.058, 2, 99, 13982, 24576, 320.22
2026/08/10 06:36:48.059, 0, 96, 23806, 24576, 248.28
2026/08/10 06:36:48.060, 1, 94, 20370, 24576, 247.16
2026/08/10 06:36:48.060, 2, 86, 20732, 24576, 297.86
2026/08/10 06:36:53.061, 0, 94, 22088, 24576, 319.68
2026/08/10 06:36:53.062, 1, 100, 20432, 24576, 314.99
2026/08/10 06:36:53.062, 2, 96, 20794, 24576, 311.92
2026/08/10 06:36:58.063, 0, 100, 22088, 24576, 330.62
2026/08/10 06:36:58.063, 1, 100, 20432, 24576, 315.98
2026/08/10 06:36:58.064, 2, 100, 20794, 24576, 314.55
2026/08/10 06:37:03.064, 0, 83, 22088, 24576, 336.33
2026/08/10 06:37:03.065, 1, 83, 22572, 24576, 326.41
2026/08/10 06:37:03.065, 2, 81, 22874, 24576, 332.33
2026/08/10 06:37:08.066, 0, 84, 22088, 24576, 339.46
2026/08/10 06:37:08.067, 1, 86, 22572, 24576, 319.39
2026/08/10 06:37:08.068, 2, 82, 22874, 24576, 326.87
2026/08/10 06:37:13.069, 0, 98, 14510, 24576, 300.87
2026/08/10 06:37:13.076, 1, 98, 13002, 24576, 313.39
2026/08/10 06:37:13.077, 2, 98, 13042, 24576, 324.45
2026/08/10 06:37:18.077, 0, 90, 21060, 24576, 297.82
2026/08/10 06:37:18.078, 1, 93, 22890, 24576, 238.94
2026/08/10 06:37:18.078, 2, 100, 22990, 24576, 261.51
2026/08/10 06:37:23.079, 0, 82, 23088, 24576, 310.87
2026/08/10 06:37:23.080, 1, 92, 22954, 24576, 314.54
2026/08/10 06:37:23.080, 2, 95, 23054, 24576, 317.43
2026/08/10 06:37:28.081, 0, 91, 23088, 24576, 312.62
2026/08/10 06:37:28.082, 1, 93, 22954, 24576, 313.66
2026/08/10 06:37:28.083, 2, 93, 23054, 24576, 314.21
2026/08/10 06:37:33.084, 0, 82, 23088, 24576, 337.59
2026/08/10 06:37:33.085, 1, 82, 20774, 24576, 334.24
2026/08/10 06:37:33.085, 2, 81, 20834, 24576, 336.10
2026/08/10 06:37:38.086, 0, 86, 23088, 24576, 340.12
2026/08/10 06:37:38.087, 1, 85, 20774, 24576, 321.98
2026/08/10 06:37:38.087, 2, 82, 20834, 24576, 324.73
2026/08/10 06:37:43.088, 0, 98, 13430, 24576, 338.76
2026/08/10 06:37:43.088, 1, 98, 12962, 24576, 312.64
2026/08/10 06:37:43.089, 2, 98, 12822, 24576, 335.53
2026/08/10 06:37:48.090, 0, 100, 13430, 24576, 179.70
2026/08/10 06:37:48.090, 1, 98, 12962, 24576, 313.98
2026/08/10 06:37:48.091, 2, 98, 12822, 24576, 318.24
2026/08/10 06:37:53.092, 0, 100, 23386, 24576, 314.93
2026/08/10 06:37:53.092, 1, 100, 22996, 24576, 324.80
2026/08/10 06:37:53.093, 2, 100, 23136, 24576, 322.49
2026/08/10 06:37:58.094, 0, 94, 21046, 24576, 292.05
2026/08/10 06:37:58.095, 1, 95, 20796, 24576, 317.26
2026/08/10 06:37:58.096, 2, 100, 23136, 24576, 312.88
2026/08/10 06:38:03.096, 0, 100, 23386, 24576, 305.97
2026/08/10 06:38:03.097, 1, 100, 22996, 24576, 317.43
2026/08/10 06:38:03.098, 2, 100, 21176, 24576, 305.58
2026/08/10 06:38:08.098, 0, 83, 23386, 24576, 338.07
2026/08/10 06:38:08.099, 1, 81, 22996, 24576, 315.96
2026/08/10 06:38:08.099, 2, 81, 21176, 24576, 331.57
2026/08/10 06:38:13.100, 0, 98, 23386, 24576, 255.31
2026/08/10 06:38:13.101, 1, 100, 22996, 24576, 258.98
2026/08/10 06:38:13.101, 2, 98, 21176, 24576, 319.38
2026/08/10 06:38:18.102, 0, 98, 23386, 24576, 340.15
2026/08/10 06:38:18.102, 1, 98, 13196, 24576, 311.77
2026/08/10 06:38:18.103, 2, 98, 13042, 24576, 317.68
2026/08/10 06:38:23.107, 0, 89, 21516, 24576, 292.38
2026/08/10 06:38:23.109, 1, 89, 22972, 24576, 305.10
2026/08/10 06:38:23.109, 2, 88, 23568, 24576, 312.11
2026/08/10 06:38:28.110, 0, 100, 21528, 24576, 302.44
2026/08/10 06:38:28.110, 1, 100, 22974, 24576, 319.13
2026/08/10 06:38:28.111, 2, 100, 22096, 24576, 319.96
2026/08/10 06:38:33.111, 0, 100, 22348, 24576, 301.68
2026/08/10 06:38:33.112, 1, 100, 22974, 24576, 301.58
2026/08/10 06:38:33.113, 2, 95, 22756, 24576, 325.39
2026/08/10 06:38:38.114, 0, 82, 23608, 24576, 336.63
2026/08/10 06:38:38.114, 1, 83, 22974, 24576, 333.50
2026/08/10 06:38:38.114, 2, 83, 22096, 24576, 333.32
2026/08/10 06:38:43.115, 0, 85, 23608, 24576, 341.35
2026/08/10 06:38:43.116, 1, 84, 22974, 24576, 320.39
2026/08/10 06:38:43.116, 2, 85, 22096, 24576, 330.96
2026/08/10 06:38:48.117, 0, 98, 19830, 24576, 334.02
2026/08/10 06:38:48.118, 1, 98, 13002, 24576, 335.37
2026/08/10 06:38:48.119, 2, 98, 22726, 24576, 336.18
2026/08/10 06:38:53.119, 0, 98, 13450, 24576, 341.02
2026/08/10 06:38:53.120, 1, 45, 13002, 24576, 277.14
2026/08/10 06:38:53.121, 2, 100, 13342, 24576, 309.43
2026/08/10 06:38:58.121, 0, 82, 24072, 24576, 335.99
2026/08/10 06:38:58.122, 1, 81, 21174, 24576, 308.29
2026/08/10 06:38:58.122, 2, 100, 23394, 24576, 308.12
2026/08/10 06:39:03.123, 0, 100, 24072, 24576, 340.53
2026/08/10 06:39:03.124, 1, 100, 20814, 24576, 306.73
2026/08/10 06:39:03.124, 2, 88, 23394, 24576, 318.97
2026/08/10 06:39:08.125, 0, 100, 24072, 24576, 339.34
2026/08/10 06:39:08.126, 1, 100, 20814, 24576, 310.53
2026/08/10 06:39:08.126, 2, 100, 23394, 24576, 322.80
2026/08/10 06:39:13.127, 0, 84, 24072, 24576, 339.33
2026/08/10 06:39:13.128, 1, 82, 20814, 24576, 335.98
2026/08/10 06:39:13.128, 2, 82, 23394, 24576, 336.41
2026/08/10 06:39:18.129, 0, 98, 24072, 24576, 302.33
2026/08/10 06:39:18.130, 1, 97, 20814, 24576, 301.15
2026/08/10 06:39:18.131, 2, 98, 23394, 24576, 329.72
2026/08/10 06:39:23.132, 0, 98, 13750, 24576, 339.41
2026/08/10 06:39:23.133, 1, 99, 13042, 24576, 325.27
2026/08/10 06:39:23.133, 2, 98, 13442, 24576, 323.54
2026/08/10 06:39:28.134, 0, 92, 23488, 24576, 254.19
2026/08/10 06:39:28.134, 1, 92, 23034, 24576, 257.74
2026/08/10 06:39:28.135, 2, 96, 23634, 24576, 310.52
2026/08/10 06:39:33.136, 0, 97, 23548, 24576, 304.10
2026/08/10 06:39:33.136, 1, 98, 23094, 24576, 309.69
2026/08/10 06:39:33.137, 2, 96, 23874, 24576, 328.11
2026/08/10 06:39:38.137, 0, 100, 23548, 24576, 300.23
2026/08/10 06:39:38.138, 1, 88, 21254, 24576, 318.77
2026/08/10 06:39:38.139, 2, 100, 21674, 24576, 320.99
2026/08/10 06:39:43.140, 0, 82, 23548, 24576, 337.87
2026/08/10 06:39:43.141, 1, 83, 20874, 24576, 334.75
2026/08/10 06:39:43.141, 2, 83, 21654, 24576, 335.30
2026/08/10 06:39:48.142, 0, 81, 23548, 24576, 340.12
2026/08/10 06:39:48.143, 1, 80, 20874, 24576, 320.81
2026/08/10 06:39:48.144, 2, 86, 21654, 24576, 325.86
2026/08/10 06:39:53.145, 0, 100, 13590, 24576, 340.28
2026/08/10 06:39:53.145, 1, 100, 13982, 24576, 329.29
2026/08/10 06:39:53.146, 2, 98, 13922, 24576, 332.32
2026/08/10 06:39:58.146, 0, 100, 13590, 24576, 339.73
2026/08/10 06:39:58.147, 1, 75, 13958, 24576, 299.72
2026/08/10 06:39:58.147, 2, 90, 13898, 24576, 292.62
2026/08/10 06:40:03.148, 0, 100, 23430, 24576, 332.51
2026/08/10 06:40:03.149, 1, 100, 21454, 24576, 318.11
2026/08/10 06:40:03.149, 2, 97, 21812, 24576, 309.18
2026/08/10 06:40:08.150, 0, 89, 23810, 24576, 337.60
2026/08/10 06:40:08.151, 1, 100, 22794, 24576, 326.30
2026/08/10 06:40:08.152, 2, 100, 22852, 24576, 322.44
2026/08/10 06:40:13.153, 0, 81, 23430, 24576, 314.86
2026/08/10 06:40:13.154, 1, 90, 22794, 24576, 310.15
2026/08/10 06:40:13.155, 2, 54, 22852, 24576, 305.61
2026/08/10 06:40:18.155, 0, 81, 23430, 24576, 339.06
2026/08/10 06:40:18.156, 1, 83, 22794, 24576, 323.40
2026/08/10 06:40:18.157, 2, 83, 22852, 24576, 335.49
2026/08/10 06:40:23.157, 0, 98, 24170, 24576, 338.08
2026/08/10 06:40:23.158, 1, 98, 23814, 24576, 322.60
2026/08/10 06:40:23.158, 2, 100, 24172, 24576, 337.35
2026/08/10 06:40:28.159, 0, 98, 14470, 24576, 303.35
2026/08/10 06:40:28.163, 1, 98, 13042, 24576, 313.11
2026/08/10 06:40:28.164, 2, 98, 14038, 24576, 287.05
2026/08/10 06:40:33.165, 0, 91, 23266, 24576, 301.33
2026/08/10 06:40:33.166, 1, 93, 21354, 24576, 313.38
2026/08/10 06:40:33.166, 2, 94, 22854, 24576, 320.77
2026/08/10 06:40:38.167, 0, 91, 23266, 24576, 307.92
2026/08/10 06:40:38.168, 1, 89, 21354, 24576, 310.10
2026/08/10 06:40:38.169, 2, 100, 22854, 24576, 328.14
2026/08/10 06:40:43.170, 0, 94, 23266, 24576, 314.42
2026/08/10 06:40:43.170, 1, 91, 21354, 24576, 318.76
2026/08/10 06:40:43.170, 2, 100, 22854, 24576, 336.91
2026/08/10 06:40:48.171, 0, 83, 23266, 24576, 338.58
2026/08/10 06:40:48.172, 1, 83, 21354, 24576, 320.49
2026/08/10 06:40:48.172, 2, 83, 22854, 24576, 334.29
2026/08/10 06:40:53.173, 0, 98, 23926, 24576, 338.44
2026/08/10 06:40:53.174, 1, 98, 23214, 24576, 322.83
2026/08/10 06:40:53.174, 2, 98, 23574, 24576, 330.68
2026/08/10 06:40:58.175, 0, 86, 13550, 24576, 296.65
2026/08/10 06:40:58.176, 1, 98, 13342, 24576, 309.93
2026/08/10 06:40:58.180, 2, 88, 13018, 24576, 281.48
2026/08/10 06:41:03.180, 0, 100, 22986, 24576, 327.23
2026/08/10 06:41:03.181, 1, 88, 23394, 24576, 319.71
2026/08/10 06:41:03.181, 2, 100, 23272, 24576, 322.99
2026/08/10 06:41:08.182, 0, 89, 22986, 24576, 326.97
2026/08/10 06:41:08.183, 1, 100, 23394, 24576, 319.46
2026/08/10 06:41:08.183, 2, 89, 23272, 24576, 323.57
2026/08/10 06:41:13.184, 0, 91, 20706, 24576, 322.32
2026/08/10 06:41:13.184, 1, 97, 23394, 24576, 312.51
2026/08/10 06:41:13.185, 2, 100, 20952, 24576, 317.11
2026/08/10 06:41:18.186, 0, 84, 22986, 24576, 338.88
2026/08/10 06:41:18.186, 1, 82, 23394, 24576, 317.33
2026/08/10 06:41:18.187, 2, 82, 23272, 24576, 336.50
2026/08/10 06:41:23.188, 0, 98, 22986, 24576, 342.32
2026/08/10 06:41:23.189, 1, 100, 23394, 24576, 327.82
2026/08/10 06:41:23.190, 2, 98, 23272, 24576, 323.39
2026/08/10 06:41:28.191, 0, 90, 14410, 24576, 299.82
2026/08/10 06:41:28.193, 1, 98, 24202, 24576, 325.37
2026/08/10 06:41:28.193, 2, 98, 13282, 24576, 321.85
2026/08/10 06:41:33.194, 0, 95, 22306, 24576, 315.48
2026/08/10 06:41:33.195, 1, 96, 22254, 24576, 329.21
2026/08/10 06:41:33.195, 2, 100, 23032, 24576, 302.92
2026/08/10 06:41:38.196, 0, 79, 23286, 24576, 298.92
2026/08/10 06:41:38.204, 1, 85, 23154, 24576, 309.73
2026/08/10 06:41:38.205, 2, 96, 23032, 24576, 305.54
2026/08/10 06:41:43.206, 0, 79, 23286, 24576, 300.98
2026/08/10 06:41:43.207, 1, 79, 23154, 24576, 300.32
2026/08/10 06:41:43.208, 2, 97, 23032, 24576, 300.66
2026/08/10 06:41:48.209, 0, 81, 23286, 24576, 337.50
2026/08/10 06:41:48.209, 1, 82, 23154, 24576, 328.98
2026/08/10 06:41:48.210, 2, 80, 23032, 24576, 336.22
2026/08/10 06:41:53.211, 0, 98, 23286, 24576, 266.14
2026/08/10 06:41:53.211, 1, 98, 23154, 24576, 313.11
2026/08/10 06:41:53.212, 2, 98, 23032, 24576, 326.69
2026/08/10 06:41:58.213, 0, 99, 13690, 24576, 340.29
2026/08/10 06:41:58.213, 1, 100, 23154, 24576, 311.28
2026/08/10 06:41:58.214, 2, 100, 13302, 24576, 319.51
2026/08/10 06:42:03.215, 0, 100, 22904, 24576, 316.77
2026/08/10 06:42:03.215, 1, 89, 23032, 24576, 304.49
2026/08/10 06:42:03.216, 2, 85, 23716, 24576, 312.98
2026/08/10 06:42:08.217, 0, 97, 22906, 24576, 303.46
2026/08/10 06:42:08.217, 1, 95, 21252, 24576, 325.38
2026/08/10 06:42:08.218, 2, 100, 23716, 24576, 334.71
2026/08/10 06:42:13.219, 0, 100, 22906, 24576, 317.94
2026/08/10 06:42:13.220, 1, 95, 23032, 24576, 312.93
2026/08/10 06:42:13.220, 2, 97, 23716, 24576, 330.30
2026/08/10 06:42:18.221, 0, 72, 22906, 24576, 254.45
2026/08/10 06:42:18.222, 1, 81, 23032, 24576, 331.27
2026/08/10 06:42:18.222, 2, 78, 23716, 24576, 330.48
2026/08/10 06:42:23.223, 0, 85, 22906, 24576, 341.93
2026/08/10 06:42:23.224, 1, 86, 23032, 24576, 337.57
2026/08/10 06:42:23.224, 2, 83, 23716, 24576, 336.56
2026/08/10 06:42:28.225, 0, 98, 13590, 24576, 338.79
2026/08/10 06:42:28.226, 1, 98, 23032, 24576, 318.49
2026/08/10 06:42:28.226, 2, 100, 14002, 24576, 332.50
2026/08/10 06:42:33.229, 0, 98, 13590, 24576, 331.57
2026/08/10 06:42:33.230, 1, 100, 23032, 24576, 189.31
2026/08/10 06:42:33.231, 2, 98, 13998, 24576, 319.78
2026/08/10 06:42:38.231, 0, 93, 23910, 24576, 317.62
2026/08/10 06:42:38.232, 1, 88, 22932, 24576, 289.60
2026/08/10 06:42:38.232, 2, 94, 23056, 24576, 304.74
2026/08/10 06:42:43.233, 0, 97, 23910, 24576, 331.21
2026/08/10 06:42:43.234, 1, 90, 22932, 24576, 315.85
2026/08/10 06:42:43.234, 2, 100, 23056, 24576, 332.11
2026/08/10 06:42:48.235, 0, 100, 23910, 24576, 336.68
2026/08/10 06:42:48.235, 1, 100, 22932, 24576, 319.42
2026/08/10 06:42:48.236, 2, 100, 23056, 24576, 332.80
2026/08/10 06:42:53.236, 0, 85, 23910, 24576, 338.87
2026/08/10 06:42:53.237, 1, 85, 22932, 24576, 335.45
2026/08/10 06:42:53.237, 2, 82, 23056, 24576, 330.51
2026/08/10 06:42:58.238, 0, 98, 23910, 24576, 339.31
2026/08/10 06:42:58.239, 1, 100, 23072, 24576, 332.32
2026/08/10 06:42:58.240, 2, 98, 23056, 24576, 320.27
2026/08/10 06:43:03.241, 0, 98, 13432, 24576, 338.44
2026/08/10 06:43:03.242, 1, 89, 13978, 24576, 284.04
2026/08/10 06:43:03.242, 2, 100, 13282, 24576, 317.46
2026/08/10 06:43:08.243, 0, 92, 20926, 24576, 309.84
2026/08/10 06:43:08.244, 1, 96, 23014, 24576, 323.86
2026/08/10 06:43:08.244, 2, 100, 23034, 24576, 317.06
2026/08/10 06:43:13.245, 0, 100, 20926, 24576, 308.49
2026/08/10 06:43:13.246, 1, 100, 23014, 24576, 339.13
2026/08/10 06:43:13.246, 2, 100, 23034, 24576, 326.79
2026/08/10 06:43:18.247, 0, 100, 20926, 24576, 308.81
2026/08/10 06:43:18.247, 1, 100, 23014, 24576, 319.82
2026/08/10 06:43:18.248, 2, 86, 23034, 24576, 305.49
2026/08/10 06:43:23.249, 0, 85, 20926, 24576, 338.27
2026/08/10 06:43:23.249, 1, 86, 23014, 24576, 316.43
2026/08/10 06:43:23.250, 2, 84, 23034, 24576, 334.13
2026/08/10 06:43:28.251, 0, 98, 20926, 24576, 337.01
2026/08/10 06:43:28.251, 1, 100, 23014, 24576, 314.13
2026/08/10 06:43:28.252, 2, 98, 23754, 24576, 331.63
2026/08/10 06:43:33.253, 0, 98, 20926, 24576, 338.66
2026/08/10 06:43:33.254, 1, 98, 23014, 24576, 306.48
2026/08/10 06:43:33.254, 2, 98, 16278, 24576, 289.85
2026/08/10 06:43:38.255, 0, 98, 23546, 24576, 327.97
2026/08/10 06:43:38.256, 1, 100, 22814, 24576, 337.24
2026/08/10 06:43:38.256, 2, 100, 21890, 24576, 325.54
2026/08/10 06:43:43.257, 0, 100, 23546, 24576, 324.80
2026/08/10 06:43:43.258, 1, 100, 22814, 24576, 337.37
2026/08/10 06:43:43.258, 2, 89, 21890, 24576, 333.75
2026/08/10 06:43:48.259, 0, 57, 23546, 24576, 298.73
2026/08/10 06:43:48.260, 1, 68, 22814, 24576, 310.00
2026/08/10 06:43:48.260, 2, 42, 21890, 24576, 300.32
2026/08/10 06:43:53.261, 0, 85, 23546, 24576, 338.40
2026/08/10 06:43:53.262, 1, 86, 22814, 24576, 319.04
2026/08/10 06:43:53.263, 2, 82, 21890, 24576, 336.29
2026/08/10 06:43:58.264, 0, 98, 23546, 24576, 338.87
2026/08/10 06:43:58.264, 1, 87, 13856, 24576, 282.96
2026/08/10 06:43:58.265, 2, 86, 12898, 24576, 282.20
2026/08/10 06:44:03.266, 0, 98, 23546, 24576, 338.49
2026/08/10 06:44:03.267, 1, 98, 17976, 24576, 292.38
2026/08/10 06:44:03.267, 2, 98, 13262, 24576, 315.99
2026/08/10 06:44:08.268, 0, 100, 23586, 24576, 329.20
2026/08/10 06:44:08.269, 1, 89, 23414, 24576, 319.14
2026/08/10 06:44:08.269, 2, 100, 22872, 24576, 331.26
2026/08/10 06:44:13.270, 0, 100, 20746, 24576, 315.53
2026/08/10 06:44:13.271, 1, 100, 23414, 24576, 323.13
2026/08/10 06:44:13.271, 2, 89, 22872, 24576, 329.20
2026/08/10 06:44:18.272, 0, 81, 22866, 24576, 312.99
2026/08/10 06:44:18.273, 1, 82, 23414, 24576, 312.19
2026/08/10 06:44:18.273, 2, 80, 22872, 24576, 310.14
2026/08/10 06:44:23.274, 0, 77, 22866, 24576, 338.08
2026/08/10 06:44:23.275, 1, 77, 23414, 24576, 312.87
2026/08/10 06:44:23.276, 2, 77, 22872, 24576, 328.65
2026/08/10 06:44:28.276, 0, 99, 22866, 24576, 338.12
2026/08/10 06:44:28.277, 1, 100, 15882, 24576, 290.11
2026/08/10 06:44:28.278, 2, 100, 22872, 24576, 306.54
2026/08/10 06:44:33.278, 0, 98, 22866, 24576, 331.26
2026/08/10 06:44:33.279, 1, 98, 12916, 24576, 297.00
2026/08/10 06:44:33.280, 2, 98, 22872, 24576, 331.04
2026/08/10 06:44:38.280, 0, 94, 23248, 24576, 320.53
2026/08/10 06:44:38.281, 1, 97, 23494, 24576, 317.52
2026/08/10 06:44:38.281, 2, 97, 23394, 24576, 318.90
2026/08/10 06:44:43.282, 0, 100, 23248, 24576, 335.60
2026/08/10 06:44:43.283, 1, 100, 23494, 24576, 325.60
2026/08/10 06:44:43.283, 2, 100, 23394, 24576, 327.68
2026/08/10 06:44:48.284, 0, 82, 23248, 24576, 283.87
2026/08/10 06:44:48.285, 1, 80, 23494, 24576, 278.98
2026/08/10 06:44:48.286, 2, 80, 23394, 24576, 266.14
2026/08/10 06:44:53.286, 0, 85, 23248, 24576, 339.08
2026/08/10 06:44:53.288, 1, 86, 23494, 24576, 316.40
2026/08/10 06:44:53.288, 2, 83, 23394, 24576, 336.37
2026/08/10 06:44:58.289, 0, 87, 14372, 24576, 300.55
2026/08/10 06:44:58.290, 1, 89, 12816, 24576, 278.01
2026/08/10 06:44:58.290, 2, 100, 13002, 24576, 286.45
2026/08/10 06:45:03.291, 0, 100, 14372, 24576, 334.47
2026/08/10 06:45:03.292, 1, 98, 12842, 24576, 310.98
2026/08/10 06:45:03.292, 2, 98, 13002, 24576, 322.40
2026/08/10 06:45:08.293, 0, 100, 21406, 24576, 324.73
2026/08/10 06:45:08.293, 1, 99, 21912, 24576, 321.57
2026/08/10 06:45:08.294, 2, 100, 23634, 24576, 339.20
2026/08/10 06:45:13.295, 0, 100, 21406, 24576, 323.27
2026/08/10 06:45:13.295, 1, 100, 21912, 24576, 318.51
2026/08/10 06:45:13.296, 2, 89, 23634, 24576, 338.74
2026/08/10 06:45:18.297, 0, 82, 21406, 24576, 281.85
2026/08/10 06:45:18.298, 1, 82, 21912, 24576, 291.39
2026/08/10 06:45:18.300, 2, 81, 21474, 24576, 282.99
2026/08/10 06:45:23.301, 0, 86, 21406, 24576, 338.25
2026/08/10 06:45:23.302, 1, 85, 21912, 24576, 320.87
2026/08/10 06:45:23.302, 2, 81, 21474, 24576, 323.42
2026/08/10 06:45:28.303, 0, 90, 13590, 24576, 296.86
2026/08/10 06:45:28.304, 1, 100, 13042, 24576, 288.09
2026/08/10 06:45:28.304, 2, 100, 14062, 24576, 281.21
2026/08/10 06:45:33.306, 0, 98, 13590, 24576, 340.88
2026/08/10 06:45:33.306, 1, 98, 13042, 24576, 309.58
2026/08/10 06:45:33.307, 2, 98, 17718, 24576, 301.90
2026/08/10 06:45:38.308, 0, 98, 22028, 24576, 319.43
2026/08/10 06:45:38.308, 1, 100, 21454, 24576, 321.16
2026/08/10 06:45:38.309, 2, 100, 23334, 24576, 326.01
2026/08/10 06:45:43.310, 0, 100, 22028, 24576, 321.53
2026/08/10 06:45:43.313, 1, 100, 21454, 24576, 302.53
2026/08/10 06:45:43.314, 2, 100, 23334, 24576, 327.62
2026/08/10 06:45:48.315, 0, 100, 22028, 24576, 320.15
2026/08/10 06:45:48.316, 1, 100, 21454, 24576, 313.77
2026/08/10 06:45:48.316, 2, 100, 23334, 24576, 325.91
2026/08/10 06:45:53.317, 0, 86, 22028, 24576, 339.21
2026/08/10 06:45:53.317, 1, 85, 21454, 24576, 314.68
2026/08/10 06:45:53.318, 2, 82, 23334, 24576, 323.95
2026/08/10 06:45:58.319, 0, 98, 23548, 24576, 338.12
2026/08/10 06:45:58.319, 1, 98, 22894, 24576, 330.22
2026/08/10 06:45:58.320, 2, 98, 23334, 24576, 321.29
2026/08/10 06:46:03.321, 0, 98, 13470, 24576, 329.52
2026/08/10 06:46:03.321, 1, 96, 13978, 24576, 284.84
2026/08/10 06:46:03.322, 2, 92, 13362, 24576, 285.09
2026/08/10 06:46:08.323, 0, 100, 23186, 24576, 338.61
2026/08/10 06:46:08.324, 1, 100, 22052, 24576, 315.83
2026/08/10 06:46:08.324, 2, 94, 23554, 24576, 317.11
2026/08/10 06:46:13.325, 0, 100, 23186, 24576, 340.69
2026/08/10 06:46:13.326, 1, 100, 22052, 24576, 321.91
2026/08/10 06:46:13.327, 2, 96, 23554, 24576, 323.05
2026/08/10 06:46:18.327, 0, 85, 23186, 24576, 336.90
2026/08/10 06:46:18.331, 1, 100, 22052, 24576, 323.35
2026/08/10 06:46:18.331, 2, 99, 23554, 24576, 329.39
2026/08/10 06:46:23.332, 0, 85, 21086, 24576, 338.62
2026/08/10 06:46:23.333, 1, 85, 22052, 24576, 318.07
2026/08/10 06:46:23.333, 2, 84, 23554, 24576, 335.28
2026/08/10 06:46:28.334, 0, 98, 21086, 24576, 340.43
2026/08/10 06:46:28.335, 1, 97, 22052, 24576, 253.74
2026/08/10 06:46:28.336, 2, 78, 23554, 24576, 338.85
2026/08/10 06:46:33.337, 0, 98, 13530, 24576, 337.54
2026/08/10 06:46:33.338, 1, 98, 22052, 24576, 314.88
2026/08/10 06:46:33.338, 2, 98, 13042, 24576, 321.40
2026/08/10 06:46:38.339, 0, 93, 23896, 24576, 324.81
2026/08/10 06:46:38.339, 1, 100, 20858, 24576, 277.90
2026/08/10 06:46:38.340, 2, 100, 23170, 24576, 286.90
2026/08/10 06:46:43.341, 0, 100, 23990, 24576, 339.97
2026/08/10 06:46:43.341, 1, 100, 20914, 24576, 313.44
2026/08/10 06:46:43.342, 2, 100, 23554, 24576, 342.58
2026/08/10 06:46:48.343, 0, 100, 23990, 24576, 339.92
2026/08/10 06:46:48.343, 1, 100, 20914, 24576, 309.42
2026/08/10 06:46:48.344, 2, 86, 23554, 24576, 337.58
2026/08/10 06:46:53.348, 0, 84, 23990, 24576, 337.01
2026/08/10 06:46:53.349, 1, 84, 23014, 24576, 334.89
2026/08/10 06:46:53.350, 2, 81, 21334, 24576, 336.18
2026/08/10 06:46:58.351, 0, 86, 23990, 24576, 339.94
2026/08/10 06:46:58.352, 1, 86, 23014, 24576, 311.43
2026/08/10 06:46:58.352, 2, 82, 21334, 24576, 335.02
2026/08/10 06:47:03.353, 0, 98, 14390, 24576, 337.89
2026/08/10 06:47:03.354, 1, 98, 23014, 24576, 311.84
2026/08/10 06:47:03.354, 2, 98, 21334, 24576, 324.51
2026/08/10 06:47:08.355, 0, 100, 14390, 24576, 279.40
2026/08/10 06:47:08.356, 1, 100, 23014, 24576, 212.04
2026/08/10 06:47:08.356, 2, 97, 21334, 24576, 321.92
2026/08/10 06:47:13.357, 0, 100, 21088, 24576, 302.07
2026/08/10 06:47:13.357, 1, 100, 20814, 24576, 302.69
2026/08/10 06:47:13.358, 2, 89, 24056, 24576, 334.75
2026/08/10 06:47:18.359, 0, 100, 21088, 24576, 298.05
2026/08/10 06:47:18.359, 1, 95, 20814, 24576, 300.23
2026/08/10 06:47:18.360, 2, 100, 24056, 24576, 341.43
2026/08/10 06:47:23.361, 0, 36, 23068, 24576, 263.08
2026/08/10 06:47:23.362, 1, 38, 22934, 24576, 274.72
2026/08/10 06:47:23.362, 2, 74, 21856, 24576, 275.95
2026/08/10 06:47:28.363, 0, 85, 23068, 24576, 338.73
2026/08/10 06:47:28.364, 1, 86, 22934, 24576, 322.84
2026/08/10 06:47:28.364, 2, 82, 21856, 24576, 317.77
2026/08/10 06:47:33.365, 0, 86, 13530, 24576, 298.28
2026/08/10 06:47:33.366, 1, 90, 14894, 24576, 301.21
2026/08/10 06:47:33.366, 2, 90, 17476, 24576, 305.84
2026/08/10 06:47:38.367, 0, 99, 19110, 24576, 303.86
2026/08/10 06:47:38.368, 1, 100, 13956, 24576, 295.56
2026/08/10 06:47:38.368, 2, 97, 14018, 24576, 290.54
2026/08/10 06:47:43.369, 0, 99, 23428, 24576, 319.42
2026/08/10 06:47:43.370, 1, 100, 22792, 24576, 339.57
2026/08/10 06:47:43.370, 2, 100, 23114, 24576, 336.62
2026/08/10 06:47:48.371, 0, 100, 23428, 24576, 331.56
2026/08/10 06:47:48.372, 1, 100, 22792, 24576, 337.48
2026/08/10 06:47:48.373, 2, 97, 23114, 24576, 341.59
2026/08/10 06:47:53.374, 0, 100, 23428, 24576, 319.71
2026/08/10 06:47:53.375, 1, 100, 22792, 24576, 318.16
2026/08/10 06:47:53.375, 2, 89, 23114, 24576, 326.89
2026/08/10 06:47:58.376, 0, 84, 23428, 24576, 338.32
2026/08/10 06:47:58.377, 1, 84, 22792, 24576, 320.48
2026/08/10 06:47:58.377, 2, 84, 23114, 24576, 329.29
2026/08/10 06:48:03.378, 0, 98, 23428, 24576, 341.11
2026/08/10 06:48:03.378, 1, 98, 22792, 24576, 331.03
2026/08/10 06:48:03.379, 2, 100, 23114, 24576, 327.07
2026/08/10 06:48:08.380, 0, 98, 13630, 24576, 341.28
2026/08/10 06:48:08.380, 1, 99, 12862, 24576, 307.06
2026/08/10 06:48:08.381, 2, 98, 13064, 24576, 326.30
2026/08/10 06:48:13.382, 0, 100, 22424, 24576, 315.78
2026/08/10 06:48:13.382, 1, 96, 21176, 24576, 317.59
2026/08/10 06:48:13.383, 2, 100, 21956, 24576, 314.02
2026/08/10 06:48:18.384, 0, 98, 22424, 24576, 303.79
2026/08/10 06:48:18.385, 1, 92, 21176, 24576, 317.89
2026/08/10 06:48:18.386, 2, 87, 21956, 24576, 320.85
2026/08/10 06:48:23.386, 0, 100, 22424, 24576, 280.98
2026/08/10 06:48:23.387, 1, 100, 22156, 24576, 323.66
2026/08/10 06:48:23.388, 2, 97, 22136, 24576, 336.17
2026/08/10 06:48:28.388, 0, 84, 22424, 24576, 339.26
2026/08/10 06:48:28.389, 1, 84, 21176, 24576, 327.56
2026/08/10 06:48:28.389, 2, 83, 21956, 24576, 335.83
2026/08/10 06:48:33.390, 0, 83, 22424, 24576, 341.71
2026/08/10 06:48:33.391, 1, 84, 21176, 24576, 319.28
2026/08/10 06:48:33.391, 2, 84, 21956, 24576, 324.36
2026/08/10 06:48:38.392, 0, 98, 14990, 24576, 306.78
2026/08/10 06:48:38.393, 1, 100, 21176, 24576, 309.26
2026/08/10 06:48:38.393, 2, 98, 13260, 24576, 325.05
2026/08/10 06:48:43.394, 0, 100, 23152, 24576, 314.50
2026/08/10 06:48:43.395, 1, 100, 22916, 24576, 286.28
2026/08/10 06:48:43.396, 2, 100, 22304, 24576, 266.99
2026/08/10 06:48:48.397, 0, 100, 23208, 24576, 325.87
2026/08/10 06:48:48.397, 1, 88, 22912, 24576, 327.58
2026/08/10 06:48:48.398, 2, 89, 22330, 24576, 313.69
2026/08/10 06:48:53.399, 0, 89, 23908, 24576, 329.00
2026/08/10 06:48:53.399, 1, 91, 24212, 24576, 328.41
2026/08/10 06:48:53.400, 2, 100, 22330, 24576, 311.01
2026/08/10 06:48:58.400, 0, 83, 23208, 24576, 340.08
2026/08/10 06:48:58.401, 1, 84, 20912, 24576, 333.40
2026/08/10 06:48:58.401, 2, 80, 22330, 24576, 334.28
2026/08/10 06:49:03.402, 0, 84, 23208, 24576, 342.77
2026/08/10 06:49:03.403, 1, 84, 20912, 24576, 321.37
2026/08/10 06:49:03.403, 2, 85, 22330, 24576, 337.95
2026/08/10 06:49:08.404, 0, 90, 14490, 24576, 300.25
2026/08/10 06:49:08.405, 1, 100, 13242, 24576, 324.88
2026/08/10 06:49:08.406, 2, 98, 13062, 24576, 335.17
2026/08/10 06:49:13.407, 0, 100, 21600, 24576, 276.42
2026/08/10 06:49:13.408, 1, 97, 22990, 24576, 229.08
2026/08/10 06:49:13.408, 2, 95, 23290, 24576, 285.58
2026/08/10 06:49:18.409, 0, 94, 21668, 24576, 311.73
2026/08/10 06:49:18.410, 1, 97, 23052, 24576, 311.14
2026/08/10 06:49:18.410, 2, 97, 23714, 24576, 326.06
2026/08/10 06:49:23.411, 0, 97, 21668, 24576, 313.84
2026/08/10 06:49:23.411, 1, 100, 23052, 24576, 323.03
2026/08/10 06:49:23.412, 2, 100, 23714, 24576, 343.71
2026/08/10 06:49:28.413, 0, 85, 23708, 24576, 338.35
2026/08/10 06:49:28.413, 1, 85, 23052, 24576, 329.46
2026/08/10 06:49:28.414, 2, 83, 21514, 24576, 335.42
2026/08/10 06:49:33.415, 0, 83, 23708, 24576, 341.32
2026/08/10 06:49:33.415, 1, 84, 23052, 24576, 318.73
2026/08/10 06:49:33.416, 2, 82, 21514, 24576, 331.95
2026/08/10 06:49:38.417, 0, 99, 20290, 24576, 336.13
2026/08/10 06:49:38.417, 1, 98, 13922, 24576, 322.32
2026/08/10 06:49:38.420, 2, 92, 12642, 24576, 286.08
2026/08/10 06:49:43.421, 0, 100, 13790, 24576, 249.95
2026/08/10 06:49:43.422, 1, 100, 12838, 24576, 242.81
2026/08/10 06:49:43.422, 2, 98, 14158, 24576, 292.33
2026/08/10 06:49:48.423, 0, 100, 23848, 24576, 330.79
2026/08/10 06:49:48.424, 1, 100, 22952, 24576, 326.88
2026/08/10 06:49:48.424, 2, 100, 23414, 24576, 327.77
2026/08/10 06:49:53.425, 0, 100, 23848, 24576, 327.16
2026/08/10 06:49:53.425, 1, 89, 22952, 24576, 324.85
2026/08/10 06:49:53.426, 2, 100, 23414, 24576, 328.39
2026/08/10 06:49:58.427, 0, 85, 23848, 24576, 335.85
2026/08/10 06:49:58.428, 1, 85, 22952, 24576, 334.24
2026/08/10 06:49:58.428, 2, 80, 23414, 24576, 331.90
2026/08/10 06:50:03.429, 0, 85, 23848, 24576, 340.83
2026/08/10 06:50:03.432, 1, 85, 22952, 24576, 320.74
2026/08/10 06:50:03.433, 2, 82, 23414, 24576, 329.88
2026/08/10 06:50:08.434, 0, 98, 19130, 24576, 323.92
2026/08/10 06:50:08.434, 1, 100, 13024, 24576, 305.56
2026/08/10 06:50:08.435, 2, 98, 12802, 24576, 319.81
2026/08/10 06:50:13.436, 0, 98, 19130, 24576, 319.71
2026/08/10 06:50:13.436, 1, 98, 13024, 24576, 311.03
2026/08/10 06:50:13.437, 2, 35, 12802, 24576, 292.60
2026/08/10 06:50:18.437, 0, 95, 22788, 24576, 318.46
2026/08/10 06:50:18.438, 1, 97, 22176, 24576, 306.68
2026/08/10 06:50:18.438, 2, 100, 22912, 24576, 287.83
2026/08/10 06:50:23.440, 0, 89, 23528, 24576, 330.34
2026/08/10 06:50:23.441, 1, 89, 23936, 24576, 314.13
2026/08/10 06:50:23.442, 2, 89, 21992, 24576, 327.39
2026/08/10 06:50:28.443, 0, 100, 23528, 24576, 331.64
2026/08/10 06:50:28.444, 1, 100, 23936, 24576, 319.15
2026/08/10 06:50:28.445, 2, 100, 21992, 24576, 322.25
2026/08/10 06:50:33.446, 0, 84, 23528, 24576, 338.28
2026/08/10 06:50:33.446, 1, 84, 23936, 24576, 315.47
2026/08/10 06:50:33.447, 2, 83, 20072, 24576, 336.64
2026/08/10 06:50:38.447, 0, 98, 23528, 24576, 341.74
2026/08/10 06:50:38.448, 1, 98, 23936, 24576, 229.41
2026/08/10 06:50:38.448, 2, 98, 20072, 24576, 247.69
2026/08/10 06:50:43.449, 0, 98, 13850, 24576, 337.28
2026/08/10 06:50:43.450, 1, 99, 19542, 24576, 311.53
2026/08/10 06:50:43.450, 2, 98, 20072, 24576, 337.10
2026/08/10 06:50:48.451, 0, 89, 21908, 24576, 313.96
2026/08/10 06:50:48.452, 1, 89, 23254, 24576, 323.24
2026/08/10 06:50:48.452, 2, 100, 21812, 24576, 298.20
2026/08/10 06:50:53.453, 0, 89, 21908, 24576, 315.15
2026/08/10 06:50:53.454, 1, 89, 23254, 24576, 313.93
2026/08/10 06:50:53.454, 2, 98, 21812, 24576, 317.74
2026/08/10 06:50:58.455, 0, 95, 21908, 24576, 318.26
2026/08/10 06:50:58.456, 1, 89, 23254, 24576, 314.08
2026/08/10 06:50:58.456, 2, 85, 21812, 24576, 319.74
2026/08/10 06:51:03.457, 0, 84, 21908, 24576, 337.34
2026/08/10 06:51:03.458, 1, 84, 23254, 24576, 336.13
2026/08/10 06:51:03.458, 2, 81, 21812, 24576, 335.29
2026/08/10 06:51:08.459, 0, 98, 21908, 24576, 261.22
2026/08/10 06:51:08.459, 1, 98, 23254, 24576, 305.71
2026/08/10 06:51:08.460, 2, 86, 21812, 24576, 335.90
2026/08/10 06:51:13.461, 0, 100, 21490, 24576, 340.14
2026/08/10 06:51:13.461, 1, 98, 12762, 24576, 314.56
2026/08/10 06:51:13.462, 2, 100, 21282, 24576, 329.15
2026/08/10 06:51:18.466, 0, 100, 22866, 24576, 335.28
2026/08/10 06:51:18.466, 1, 89, 21932, 24576, 304.26
2026/08/10 06:51:18.467, 2, 89, 23314, 24576, 322.81
2026/08/10 06:51:23.468, 0, 100, 23766, 24576, 325.78
2026/08/10 06:51:23.468, 1, 97, 23812, 24576, 321.17
2026/08/10 06:51:23.469, 2, 96, 23794, 24576, 325.67
2026/08/10 06:51:28.470, 0, 98, 22086, 24576, 321.41
2026/08/10 06:51:28.471, 1, 100, 22152, 24576, 313.41
2026/08/10 06:51:28.471, 2, 94, 22094, 24576, 321.39
2026/08/10 06:51:33.472, 0, 84, 22866, 24576, 338.73
2026/08/10 06:51:33.472, 1, 84, 21932, 24576, 314.76
2026/08/10 06:51:33.473, 2, 81, 23314, 24576, 335.41
2026/08/10 06:51:38.474, 0, 100, 22866, 24576, 185.01
2026/08/10 06:51:38.474, 1, 86, 21932, 24576, 318.33
2026/08/10 06:51:38.475, 2, 100, 23314, 24576, 277.47
2026/08/10 06:51:43.476, 0, 98, 13670, 24576, 338.67
2026/08/10 06:51:43.476, 1, 100, 13062, 24576, 295.97
2026/08/10 06:51:43.477, 2, 100, 13022, 24576, 293.28
2026/08/10 06:51:48.477, 0, 100, 13670, 24576, 177.52
2026/08/10 06:51:48.478, 1, 98, 13062, 24576, 310.25
2026/08/10 06:51:48.479, 2, 100, 13442, 24576, 316.73
2026/08/10 06:51:53.480, 0, 100, 22804, 24576, 287.19
2026/08/10 06:51:53.481, 1, 100, 23236, 24576, 311.93
2026/08/10 06:51:53.481, 2, 97, 23096, 24576, 312.82
2026/08/10 06:51:58.482, 0, 89, 22804, 24576, 300.73
2026/08/10 06:51:58.483, 1, 100, 23996, 24576, 331.74
2026/08/10 06:51:58.483, 2, 100, 23096, 24576, 329.76
2026/08/10 06:52:03.484, 0, 22, 22804, 24576, 246.39
2026/08/10 06:52:03.484, 1, 22, 21776, 24576, 272.94
2026/08/10 06:52:03.485, 2, 25, 23096, 24576, 283.42
2026/08/10 06:52:08.486, 0, 86, 22804, 24576, 341.23
2026/08/10 06:52:08.486, 1, 84, 21776, 24576, 317.34
2026/08/10 06:52:08.487, 2, 84, 23096, 24576, 329.12
2026/08/10 06:52:13.488, 0, 98, 13490, 24576, 304.84
2026/08/10 06:52:13.489, 1, 87, 13892, 24576, 278.24
2026/08/10 06:52:13.490, 2, 86, 12840, 24576, 275.32
2026/08/10 06:52:18.490, 0, 98, 13490, 24576, 340.98
2026/08/10 06:52:18.491, 1, 100, 17996, 24576, 291.90
2026/08/10 06:52:18.492, 2, 98, 12862, 24576, 319.19
2026/08/10 06:52:23.493, 0, 87, 23088, 24576, 322.57
2026/08/10 06:52:23.493, 1, 89, 23254, 24576, 320.73
2026/08/10 06:52:23.494, 2, 88, 23316, 24576, 326.49
2026/08/10 06:52:28.494, 0, 89, 23088, 24576, 329.37
2026/08/10 06:52:28.495, 1, 100, 23254, 24576, 313.09
2026/08/10 06:52:28.495, 2, 89, 23316, 24576, 326.69
2026/08/10 06:52:33.496, 0, 20, 23088, 24576, 282.09
2026/08/10 06:52:33.497, 1, 22, 23254, 24576, 269.15
2026/08/10 06:52:33.497, 2, 23, 23316, 24576, 285.56
2026/08/10 06:52:38.499, 0, 84, 23088, 24576, 339.10
2026/08/10 06:52:38.499, 1, 85, 23254, 24576, 320.80
2026/08/10 06:52:38.500, 2, 83, 23316, 24576, 335.54
2026/08/10 06:52:43.501, 0, 92, 13448, 24576, 304.32
2026/08/10 06:52:43.502, 1, 98, 17154, 24576, 308.20
2026/08/10 06:52:43.502, 2, 98, 23316, 24576, 322.81
2026/08/10 06:52:48.503, 0, 98, 18870, 24576, 303.34
2026/08/10 06:52:48.504, 1, 100, 12902, 24576, 313.42
2026/08/10 06:52:48.504, 2, 100, 23316, 24576, 317.41
2026/08/10 06:52:53.505, 0, 98, 23426, 24576, 323.87
2026/08/10 06:52:53.505, 1, 98, 20974, 24576, 303.50
2026/08/10 06:52:53.506, 2, 100, 21634, 24576, 323.44
2026/08/10 06:52:58.507, 0, 100, 23426, 24576, 325.75
2026/08/10 06:52:58.507, 1, 98, 20974, 24576, 302.03
2026/08/10 06:52:58.508, 2, 100, 21634, 24576, 325.94
2026/08/10 06:53:03.509, 0, 100, 23426, 24576, 327.40
2026/08/10 06:53:03.509, 1, 100, 20974, 24576, 309.83
2026/08/10 06:53:03.510, 2, 100, 21634, 24576, 329.06
2026/08/10 06:53:08.511, 0, 84, 23426, 24576, 340.19
2026/08/10 06:53:08.512, 1, 84, 20974, 24576, 315.99
2026/08/10 06:53:08.512, 2, 82, 21634, 24576, 336.96
2026/08/10 06:53:13.513, 0, 100, 23766, 24576, 339.54
2026/08/10 06:53:13.514, 1, 98, 20974, 24576, 321.13
2026/08/10 06:53:13.514, 2, 100, 21634, 24576, 326.05
2026/08/10 06:53:18.515, 0, 91, 15310, 24576, 302.35
2026/08/10 06:53:18.516, 1, 98, 20974, 24576, 307.87
2026/08/10 06:53:18.516, 2, 98, 21634, 24576, 314.23
2026/08/10 06:53:23.517, 0, 89, 23048, 24576, 317.99
2026/08/10 06:53:23.518, 1, 89, 23992, 24576, 325.56
2026/08/10 06:53:23.519, 2, 100, 24134, 24576, 324.05
2026/08/10 06:53:28.519, 0, 100, 23768, 24576, 311.86
2026/08/10 06:53:28.520, 1, 91, 20332, 24576, 323.83
2026/08/10 06:53:28.521, 2, 96, 20654, 24576, 314.33
2026/08/10 06:53:33.522, 0, 96, 23768, 24576, 312.37
2026/08/10 06:53:33.522, 1, 96, 22932, 24576, 313.90
2026/08/10 06:53:33.523, 2, 88, 20954, 24576, 312.72
2026/08/10 06:53:38.524, 0, 84, 23768, 24576, 339.09
2026/08/10 06:53:38.525, 1, 83, 22932, 24576, 315.99
2026/08/10 06:53:38.525, 2, 83, 20954, 24576, 333.57
2026/08/10 06:53:43.526, 0, 98, 23768, 24576, 341.87
2026/08/10 06:53:43.527, 1, 98, 22932, 24576, 315.41
2026/08/10 06:53:43.527, 2, 98, 20954, 24576, 334.53
2026/08/10 06:53:48.528, 0, 98, 13570, 24576, 340.23
2026/08/10 06:53:48.529, 1, 98, 13064, 24576, 316.82
2026/08/10 06:53:48.529, 2, 98, 20954, 24576, 315.02
2026/08/10 06:53:53.530, 0, 100, 21788, 24576, 316.70
2026/08/10 06:53:53.531, 1, 100, 21916, 24576, 316.49
2026/08/10 06:53:53.531, 2, 95, 20592, 24576, 295.67
2026/08/10 06:53:58.533, 0, 89, 23988, 24576, 332.45
2026/08/10 06:53:58.533, 1, 89, 24116, 24576, 311.92
2026/08/10 06:53:58.534, 2, 100, 22732, 24576, 313.72
2026/08/10 06:54:03.535, 0, 100, 23988, 24576, 331.79
2026/08/10 06:54:03.536, 1, 89, 24116, 24576, 324.73
2026/08/10 06:54:03.539, 2, 89, 22732, 24576, 322.72
2026/08/10 06:54:08.540, 0, 83, 21788, 24576, 335.17
2026/08/10 06:54:08.540, 1, 83, 21916, 24576, 321.60
2026/08/10 06:54:08.541, 2, 81, 20592, 24576, 333.98
2026/08/10 06:54:13.542, 0, 78, 21788, 24576, 338.97
2026/08/10 06:54:13.542, 1, 76, 21916, 24576, 313.30
2026/08/10 06:54:13.543, 2, 75, 20592, 24576, 334.66
2026/08/10 06:54:18.544, 0, 98, 23690, 24576, 336.11
2026/08/10 06:54:18.544, 1, 98, 12862, 24576, 328.10
2026/08/10 06:54:18.544, 2, 98, 12902, 24576, 337.00
2026/08/10 06:54:23.545, 0, 100, 23690, 24576, 335.58
2026/08/10 06:54:23.546, 1, 100, 12862, 24576, 201.02
2026/08/10 06:54:23.547, 2, 100, 13262, 24576, 207.64
2026/08/10 06:54:28.547, 0, 89, 23488, 24576, 330.29
2026/08/10 06:54:28.550, 1, 95, 21790, 24576, 312.14
2026/08/10 06:54:28.551, 2, 89, 23114, 24576, 316.99
2026/08/10 06:54:33.552, 0, 100, 23488, 24576, 334.91
2026/08/10 06:54:33.552, 1, 94, 21790, 24576, 310.58
2026/08/10 06:54:33.553, 2, 100, 23114, 24576, 316.46
2026/08/10 06:54:38.553, 0, 100, 23488, 24576, 330.90
2026/08/10 06:54:38.554, 1, 98, 21790, 24576, 305.92
2026/08/10 06:54:38.554, 2, 97, 23114, 24576, 315.47
2026/08/10 06:54:43.555, 0, 85, 23488, 24576, 338.30
2026/08/10 06:54:43.556, 1, 84, 21790, 24576, 335.40
2026/08/10 06:54:43.556, 2, 84, 23114, 24576, 331.79
2026/08/10 06:54:48.557, 0, 100, 23488, 24576, 318.07
2026/08/10 06:54:48.558, 1, 100, 21790, 24576, 315.31
2026/08/10 06:54:48.558, 2, 98, 23114, 24576, 336.61
2026/08/10 06:54:53.559, 0, 99, 13490, 24576, 337.13
2026/08/10 06:54:53.560, 1, 99, 22438, 24576, 335.15
2026/08/10 06:54:53.561, 2, 100, 24002, 24576, 335.84
2026/08/10 06:54:58.562, 0, 98, 23628, 24576, 318.20
2026/08/10 06:54:58.563, 1, 100, 23552, 24576, 322.71
2026/08/10 06:54:58.564, 2, 88, 23714, 24576, 333.73
2026/08/10 06:55:03.565, 0, 89, 23308, 24576, 322.48
2026/08/10 06:55:03.565, 1, 91, 20372, 24576, 307.71
2026/08/10 06:55:03.566, 2, 100, 20754, 24576, 317.02
2026/08/10 06:55:08.567, 0, 99, 23308, 24576, 318.48
2026/08/10 06:55:08.573, 1, 95, 20372, 24576, 306.14
2026/08/10 06:55:08.574, 2, 88, 20754, 24576, 309.97
2026/08/10 06:55:13.575, 0, 75, 23308, 24576, 336.63
2026/08/10 06:55:13.576, 1, 0, 22332, 24576, 283.85
2026/08/10 06:55:13.576, 2, 76, 22854, 24576, 334.06
2026/08/10 06:55:18.577, 0, 98, 23308, 24576, 199.61
2026/08/10 06:55:18.578, 1, 82, 22332, 24576, 321.65
2026/08/10 06:55:18.578, 2, 87, 22854, 24576, 314.11
2026/08/10 06:55:23.579, 0, 98, 19910, 24576, 338.51
2026/08/10 06:55:23.580, 1, 100, 13282, 24576, 314.46
2026/08/10 06:55:23.580, 2, 100, 13064, 24576, 323.41
2026/08/10 06:55:28.581, 0, 100, 23400, 24576, 216.53
2026/08/10 06:55:28.582, 1, 100, 22968, 24576, 223.61
2026/08/10 06:55:28.582, 2, 93, 23630, 24576, 307.92
2026/08/10 06:55:33.586, 0, 99, 23128, 24576, 327.57
2026/08/10 06:55:33.587, 1, 100, 23032, 24576, 321.36
2026/08/10 06:55:33.587, 2, 100, 21856, 24576, 324.54
2026/08/10 06:55:38.588, 0, 89, 23128, 24576, 331.98
2026/08/10 06:55:38.588, 1, 99, 23032, 24576, 327.21
2026/08/10 06:55:38.589, 2, 89, 21856, 24576, 320.96
2026/08/10 06:55:43.590, 0, 82, 23128, 24576, 335.12
2026/08/10 06:55:43.590, 1, 80, 23032, 24576, 333.65
2026/08/10 06:55:43.591, 2, 81, 21856, 24576, 328.98
2026/08/10 06:55:48.591, 0, 84, 23128, 24576, 339.90
2026/08/10 06:55:48.592, 1, 84, 23032, 24576, 320.21
2026/08/10 06:55:48.592, 2, 85, 21856, 24576, 330.16
2026/08/10 06:55:53.593, 0, 99, 13330, 24576, 339.73
2026/08/10 06:55:53.594, 1, 98, 23600, 24576, 333.72
2026/08/10 06:55:53.594, 2, 98, 12942, 24576, 316.33
2026/08/10 06:55:58.595, 0, 95, 22622, 24576, 268.17
2026/08/10 06:55:58.596, 1, 100, 21786, 24576, 299.67
2026/08/10 06:55:58.596, 2, 93, 22788, 24576, 254.11
2026/08/10 06:56:03.597, 0, 93, 22686, 24576, 344.43
2026/08/10 06:56:03.598, 1, 100, 20910, 24576, 320.26
2026/08/10 06:56:03.599, 2, 88, 22852, 24576, 301.50
2026/08/10 06:56:08.600, 0, 96, 22686, 24576, 342.17
2026/08/10 06:56:08.601, 1, 88, 21230, 24576, 322.95
2026/08/10 06:56:08.601, 2, 100, 22852, 24576, 323.44
2026/08/10 06:56:13.602, 0, 73, 20766, 24576, 291.47
2026/08/10 06:56:13.603, 1, 75, 20910, 24576, 331.37
2026/08/10 06:56:13.603, 2, 73, 22852, 24576, 331.38
2026/08/10 06:56:18.604, 0, 83, 20766, 24576, 340.12
2026/08/10 06:56:18.605, 1, 83, 20910, 24576, 327.33
2026/08/10 06:56:18.605, 2, 83, 22852, 24576, 337.17
2026/08/10 06:56:23.606, 0, 98, 14450, 24576, 339.24
2026/08/10 06:56:23.607, 1, 98, 13980, 24576, 335.09
2026/08/10 06:56:23.607, 2, 98, 22852, 24576, 324.43
2026/08/10 06:56:28.608, 0, 100, 14450, 24576, 257.44
2026/08/10 06:56:28.609, 1, 100, 13956, 24576, 259.54
2026/08/10 06:56:28.610, 2, 100, 22852, 24576, 322.60
2026/08/10 06:56:33.610, 0, 89, 23786, 24576, 323.98
2026/08/10 06:56:33.611, 1, 89, 23870, 24576, 320.54
2026/08/10 06:56:33.612, 2, 100, 23856, 24576, 325.90
2026/08/10 06:56:38.613, 0, 91, 23186, 24576, 312.12
2026/08/10 06:56:38.613, 1, 89, 21830, 24576, 307.30
2026/08/10 06:56:38.614, 2, 100, 23856, 24576, 328.94
2026/08/10 06:56:43.615, 0, 83, 23186, 24576, 334.65
2026/08/10 06:56:43.615, 1, 84, 21830, 24576, 334.53
2026/08/10 06:56:43.616, 2, 80, 23856, 24576, 328.63
2026/08/10 06:56:48.617, 0, 84, 23186, 24576, 341.67
2026/08/10 06:56:48.617, 1, 83, 21830, 24576, 325.25
2026/08/10 06:56:48.618, 2, 83, 23856, 24576, 322.65
2026/08/10 06:56:53.619, 0, 98, 14370, 24576, 328.49
2026/08/10 06:56:53.619, 1, 98, 13982, 24576, 296.51
2026/08/10 06:56:53.620, 2, 97, 23856, 24576, 318.60
2026/08/10 06:56:58.620, 0, 100, 14370, 24576, 277.19
2026/08/10 06:56:58.621, 1, 100, 13956, 24576, 319.48
2026/08/10 06:56:58.622, 2, 40, 23856, 24576, 297.24
2026/08/10 06:57:03.623, 0, 91, 21824, 24576, 299.28
2026/08/10 06:57:03.624, 1, 96, 22834, 24576, 314.38
2026/08/10 06:57:03.625, 2, 100, 23856, 24576, 324.18
2026/08/10 06:57:08.626, 0, 89, 21824, 24576, 314.64
2026/08/10 06:57:08.626, 1, 89, 22834, 24576, 331.12
2026/08/10 06:57:08.627, 2, 87, 23856, 24576, 320.56
2026/08/10 06:57:13.627, 0, 83, 21824, 24576, 336.59
2026/08/10 06:57:13.628, 1, 83, 22834, 24576, 323.68
2026/08/10 06:57:13.628, 2, 80, 23856, 24576, 331.51
2026/08/10 06:57:18.630, 0, 84, 21824, 24576, 342.06
2026/08/10 06:57:18.630, 1, 85, 22834, 24576, 320.00
2026/08/10 06:57:18.631, 2, 81, 23856, 24576, 329.41
2026/08/10 06:57:23.632, 0, 98, 23510, 24576, 338.71
2026/08/10 06:57:23.632, 1, 100, 18702, 24576, 317.86
2026/08/10 06:57:23.633, 2, 98, 12902, 24576, 337.46
2026/08/10 06:57:28.634, 0, 100, 13870, 24576, 258.89
2026/08/10 06:57:28.634, 1, 100, 13442, 24576, 318.13
2026/08/10 06:57:28.635, 2, 73, 13262, 24576, 284.47
2026/08/10 06:57:33.636, 0, 97, 23206, 24576, 313.94
2026/08/10 06:57:33.636, 1, 92, 21594, 24576, 318.75
2026/08/10 06:57:33.637, 2, 97, 23374, 24576, 313.02
2026/08/10 06:57:38.638, 0, 100, 23206, 24576, 292.29
2026/08/10 06:57:38.638, 1, 100, 21594, 24576, 322.49
2026/08/10 06:57:38.639, 2, 97, 23374, 24576, 308.28
2026/08/10 06:57:43.640, 0, 100, 23206, 24576, 292.25
2026/08/10 06:57:43.641, 1, 89, 23794, 24576, 320.49
2026/08/10 06:57:43.641, 2, 100, 23374, 24576, 300.58
2026/08/10 06:57:48.642, 0, 84, 23206, 24576, 340.03
2026/08/10 06:57:48.643, 1, 84, 21594, 24576, 323.63
2026/08/10 06:57:48.643, 2, 82, 23374, 24576, 336.53
2026/08/10 06:57:53.644, 0, 100, 23206, 24576, 341.25
2026/08/10 06:57:53.645, 1, 98, 21594, 24576, 326.03
2026/08/10 06:57:53.645, 2, 98, 23374, 24576, 332.85
2026/08/10 06:57:58.646, 0, 98, 13730, 24576, 341.55
2026/08/10 06:57:58.647, 1, 100, 13262, 24576, 310.34
2026/08/10 06:57:58.647, 2, 98, 13004, 24576, 333.63
2026/08/10 06:58:03.648, 0, 98, 22864, 24576, 314.22
2026/08/10 06:58:03.649, 1, 97, 23074, 24576, 324.60
2026/08/10 06:58:03.649, 2, 91, 21756, 24576, 324.86
2026/08/10 06:58:08.650, 0, 97, 22864, 24576, 317.94
2026/08/10 06:58:08.651, 1, 96, 23074, 24576, 323.03
2026/08/10 06:58:08.651, 2, 94, 21756, 24576, 315.46
2026/08/10 06:58:13.652, 0, 97, 22864, 24576, 316.47
2026/08/10 06:58:13.653, 1, 96, 23074, 24576, 318.55
2026/08/10 06:58:13.653, 2, 94, 21756, 24576, 322.88
2026/08/10 06:58:18.655, 0, 85, 22864, 24576, 338.45
2026/08/10 06:58:18.655, 1, 85, 23074, 24576, 334.97
2026/08/10 06:58:18.656, 2, 82, 21756, 24576, 333.67
2026/08/10 06:58:23.657, 0, 85, 22864, 24576, 341.63
2026/08/10 06:58:23.658, 1, 85, 23074, 24576, 326.80
2026/08/10 06:58:23.663, 2, 83, 21756, 24576, 328.14
2026/08/10 06:58:28.663, 0, 99, 13450, 24576, 339.78
2026/08/10 06:58:28.664, 1, 98, 13064, 24576, 324.89
2026/08/10 06:58:28.664, 2, 98, 13262, 24576, 319.59
2026/08/10 06:58:33.665, 0, 100, 13450, 24576, 182.50
2026/08/10 06:58:33.666, 1, 100, 13064, 24576, 313.43
2026/08/10 06:58:33.666, 2, 100, 13262, 24576, 172.69
2026/08/10 06:58:38.667, 0, 88, 22886, 24576, 314.72
2026/08/10 06:58:38.668, 1, 100, 24176, 24576, 324.02
2026/08/10 06:58:38.668, 2, 88, 22932, 24576, 305.15
2026/08/10 06:58:43.669, 0, 88, 22886, 24576, 311.94
2026/08/10 06:58:43.671, 1, 88, 24176, 24576, 319.05
2026/08/10 06:58:43.671, 2, 87, 22932, 24576, 305.64
2026/08/10 06:58:48.672, 0, 79, 22886, 24576, 279.07
2026/08/10 06:58:48.684, 1, 82, 21976, 24576, 291.84
2026/08/10 06:58:48.684, 2, 90, 22932, 24576, 266.27
2026/08/10 06:58:53.685, 0, 82, 22886, 24576, 340.63
2026/08/10 06:58:53.686, 1, 83, 21976, 24576, 313.19
2026/08/10 06:58:53.687, 2, 85, 22932, 24576, 332.96
2026/08/10 06:58:58.688, 0, 87, 15926, 24576, 311.04
2026/08/10 06:58:58.689, 1, 91, 17636, 24576, 304.87
2026/08/10 06:58:58.690, 2, 94, 13412, 24576, 284.30
2026/08/10 06:59:03.691, 0, 100, 13730, 24576, 340.35
2026/08/10 06:59:03.691, 1, 100, 13302, 24576, 307.02
2026/08/10 06:59:03.692, 2, 100, 13042, 24576, 332.14
2026/08/10 06:59:08.692, 0, 100, 22844, 24576, 305.42
2026/08/10 06:59:08.693, 1, 100, 23012, 24576, 321.53
2026/08/10 06:59:08.694, 2, 89, 23674, 24576, 324.12
2026/08/10 06:59:13.695, 0, 100, 22844, 24576, 320.93
2026/08/10 06:59:13.695, 1, 100, 23012, 24576, 318.39
2026/08/10 06:59:13.696, 2, 97, 23674, 24576, 327.47
2026/08/10 06:59:18.697, 0, 82, 22844, 24576, 266.81
2026/08/10 06:59:18.698, 1, 83, 23012, 24576, 278.39
2026/08/10 06:59:18.698, 2, 82, 21454, 24576, 298.37
2026/08/10 06:59:23.699, 0, 83, 22844, 24576, 340.60
2026/08/10 06:59:23.700, 1, 83, 23012, 24576, 261.62
2026/08/10 06:59:23.701, 2, 85, 21454, 24576, 330.95
2026/08/10 06:59:28.702, 0, 98, 16270, 24576, 301.13
2026/08/10 06:59:28.702, 1, 87, 12106, 24576, 291.76
2026/08/10 06:59:28.703, 2, 84, 12902, 24576, 285.11
2026/08/10 06:59:33.704, 0, 100, 21590, 24576, 342.63
2026/08/10 06:59:33.704, 1, 98, 13716, 24576, 280.94
2026/08/10 06:59:33.705, 2, 98, 13282, 24576, 312.27
2026/08/10 06:59:38.706, 0, 96, 21026, 24576, 318.38
2026/08/10 06:59:38.706, 1, 97, 20776, 24576, 331.68
2026/08/10 06:59:38.707, 2, 97, 22812, 24576, 299.39
2026/08/10 06:59:43.708, 0, 93, 22706, 24576, 311.99
2026/08/10 06:59:43.709, 1, 94, 23156, 24576, 326.83
2026/08/10 06:59:43.709, 2, 97, 22812, 24576, 299.26
2026/08/10 06:59:48.710, 0, 92, 23326, 24576, 309.96
2026/08/10 06:59:48.711, 1, 94, 23156, 24576, 319.82
2026/08/10 06:59:48.712, 2, 97, 22812, 24576, 303.06
2026/08/10 06:59:53.712, 0, 84, 23326, 24576, 340.23
2026/08/10 06:59:53.713, 1, 84, 23156, 24576, 322.75
2026/08/10 06:59:53.714, 2, 81, 22812, 24576, 336.71
2026/08/10 06:59:58.714, 0, 98, 23326, 24576, 309.54
2026/08/10 06:59:58.715, 1, 100, 23156, 24576, 313.93
2026/08/10 06:59:58.715, 2, 98, 22812, 24576, 311.49
2026/08/10 07:00:03.716, 0, 98, 13430, 24576, 341.10
2026/08/10 07:00:03.717, 1, 98, 13064, 24576, 288.58
2026/08/10 07:00:03.717, 2, 98, 13004, 24576, 328.39
2026/08/10 07:00:08.718, 0, 86, 23024, 24576, 291.28
2026/08/10 07:00:08.719, 1, 97, 23692, 24576, 311.17
2026/08/10 07:00:08.719, 2, 84, 23572, 24576, 304.86
2026/08/10 07:00:13.720, 0, 100, 23026, 24576, 330.66
2026/08/10 07:00:13.721, 1, 100, 24156, 24576, 333.09
2026/08/10 07:00:13.722, 2, 100, 23936, 24576, 339.77
2026/08/10 07:00:18.723, 0, 93, 23026, 24576, 308.32
2026/08/10 07:00:18.724, 1, 95, 24156, 24576, 327.93
2026/08/10 07:00:18.724, 2, 100, 23936, 24576, 328.35
2026/08/10 07:00:23.725, 0, 81, 20966, 24576, 336.44
2026/08/10 07:00:23.726, 1, 79, 21956, 24576, 317.32
2026/08/10 07:00:23.726, 2, 81, 21796, 24576, 329.21
2026/08/10 07:00:28.727, 0, 83, 20966, 24576, 339.70
2026/08/10 07:00:28.728, 1, 84, 21956, 24576, 312.47
2026/08/10 07:00:28.728, 2, 84, 21796, 24576, 324.40
2026/08/10 07:00:33.729, 0, 100, 13530, 24576, 332.80
2026/08/10 07:00:33.730, 1, 98, 23142, 24576, 331.37
2026/08/10 07:00:33.730, 2, 98, 13062, 24576, 313.25
2026/08/10 07:00:38.731, 0, 100, 13530, 24576, 337.95
2026/08/10 07:00:38.732, 1, 98, 23476, 24576, 311.85
2026/08/10 07:00:38.733, 2, 100, 13062, 24576, 318.03
2026/08/10 07:00:43.733, 0, 100, 23410, 24576, 339.79
2026/08/10 07:00:43.734, 1, 100, 23112, 24576, 326.25
2026/08/10 07:00:43.735, 2, 100, 21816, 24576, 327.80
2026/08/10 07:00:48.736, 0, 93, 23410, 24576, 331.10
2026/08/10 07:00:48.736, 1, 90, 23112, 24576, 310.47
2026/08/10 07:00:48.737, 2, 94, 21816, 24576, 320.21
2026/08/10 07:00:53.738, 0, 100, 23410, 24576, 319.85
2026/08/10 07:00:53.738, 1, 100, 21372, 24576, 307.12
2026/08/10 07:00:53.739, 2, 96, 21536, 24576, 325.74
2026/08/10 07:00:58.740, 0, 85, 23410, 24576, 338.27
2026/08/10 07:00:58.740, 1, 85, 23112, 24576, 322.62
2026/08/10 07:00:58.741, 2, 83, 21816, 24576, 319.93
2026/08/10 07:01:03.742, 0, 98, 23410, 24576, 304.26
2026/08/10 07:01:03.742, 1, 98, 23112, 24576, 303.32
2026/08/10 07:01:03.743, 2, 100, 21816, 24576, 314.89
2026/08/10 07:01:08.744, 0, 98, 13450, 24576, 337.82
2026/08/10 07:01:08.745, 1, 98, 23922, 24576, 308.44
2026/08/10 07:01:08.745, 2, 100, 13004, 24576, 297.51
2026/08/10 07:01:13.746, 0, 100, 23304, 24576, 311.09
2026/08/10 07:01:13.747, 1, 88, 23552, 24576, 319.77
2026/08/10 07:01:13.748, 2, 100, 23116, 24576, 327.88
2026/08/10 07:01:18.749, 0, 88, 23104, 24576, 311.96
2026/08/10 07:01:18.749, 1, 86, 22192, 24576, 315.78
2026/08/10 07:01:18.750, 2, 94, 23896, 24576, 332.01
2026/08/10 07:01:23.751, 0, 88, 23104, 24576, 309.86
2026/08/10 07:01:23.751, 1, 100, 22192, 24576, 315.45
2026/08/10 07:01:23.752, 2, 84, 23896, 24576, 319.66
2026/08/10 07:01:28.753, 0, 83, 23104, 24576, 336.96
2026/08/10 07:01:28.753, 1, 84, 22192, 24576, 334.68
2026/08/10 07:01:28.754, 2, 82, 21736, 24576, 319.58
2026/08/10 07:01:33.755, 0, 83, 23104, 24576, 340.75
2026/08/10 07:01:33.756, 1, 84, 22192, 24576, 315.17
2026/08/10 07:01:33.756, 2, 85, 21736, 24576, 323.42
2026/08/10 07:01:38.757, 0, 98, 23104, 24576, 340.38
2026/08/10 07:01:38.758, 1, 98, 13942, 24576, 315.98
2026/08/10 07:01:38.758, 2, 100, 21736, 24576, 311.18
2026/08/10 07:01:43.759, 0, 100, 23104, 24576, 178.02
2026/08/10 07:01:43.760, 1, 100, 13916, 24576, 224.09
2026/08/10 07:01:43.760, 2, 98, 21736, 24576, 310.52
2026/08/10 07:01:48.761, 0, 92, 23506, 24576, 311.05
2026/08/10 07:01:48.762, 1, 96, 22752, 24576, 326.24
2026/08/10 07:01:48.762, 2, 96, 21796, 24576, 323.12
2026/08/10 07:01:53.763, 0, 89, 23506, 24576, 308.71
2026/08/10 07:01:53.763, 1, 97, 22752, 24576, 320.53
2026/08/10 07:01:53.764, 2, 94, 21796, 24576, 318.13
2026/08/10 07:01:58.765, 0, 82, 23506, 24576, 309.72
2026/08/10 07:01:58.766, 1, 82, 22752, 24576, 313.99
2026/08/10 07:01:58.766, 2, 80, 21796, 24576, 322.15
2026/08/10 07:02:03.767, 0, 84, 23506, 24576, 341.43
2026/08/10 07:02:03.768, 1, 85, 22752, 24576, 322.18
2026/08/10 07:02:03.769, 2, 83, 21796, 24576, 328.12
2026/08/10 07:02:08.769, 0, 98, 22430, 24576, 341.20
2026/08/10 07:02:08.770, 1, 98, 22752, 24576, 302.89
2026/08/10 07:02:08.771, 2, 98, 12902, 24576, 291.40
2026/08/10 07:02:13.772, 0, 98, 13490, 24576, 339.60
2026/08/10 07:02:13.772, 1, 75, 22752, 24576, 268.97
2026/08/10 07:02:13.773, 2, 97, 13262, 24576, 312.56
2026/08/10 07:02:18.774, 0, 100, 21128, 24576, 326.74
2026/08/10 07:02:18.774, 1, 88, 21214, 24576, 325.06
2026/08/10 07:02:18.775, 2, 100, 23656, 24576, 332.98
2026/08/10 07:02:23.776, 0, 84, 21748, 24576, 315.36
2026/08/10 07:02:23.776, 1, 84, 21334, 24576, 311.79
2026/08/10 07:02:23.777, 2, 97, 23656, 24576, 329.09
2026/08/10 07:02:28.778, 0, 46, 23848, 24576, 278.80
2026/08/10 07:02:28.779, 1, 56, 21334, 24576, 298.51
2026/08/10 07:02:28.779, 2, 75, 23656, 24576, 287.49
2026/08/10 07:02:33.780, 0, 84, 23848, 24576, 339.77
2026/08/10 07:02:33.781, 1, 84, 21334, 24576, 321.16
2026/08/10 07:02:33.782, 2, 81, 23656, 24576, 322.93
2026/08/10 07:02:38.783, 0, 98, 13330, 24576, 301.35
2026/08/10 07:02:38.784, 1, 98, 13922, 24576, 293.90
2026/08/10 07:02:38.784, 2, 98, 23656, 24576, 320.88
2026/08/10 07:02:43.785, 0, 98, 13690, 24576, 338.55
2026/08/10 07:02:43.785, 1, 98, 23116, 24576, 322.25
2026/08/10 07:02:43.786, 2, 100, 23656, 24576, 304.96
2026/08/10 07:02:48.787, 0, 89, 22784, 24576, 331.47
2026/08/10 07:02:48.788, 1, 100, 20672, 24576, 321.76
2026/08/10 07:02:48.788, 2, 89, 23656, 24576, 334.39
2026/08/10 07:02:53.789, 0, 89, 22784, 24576, 320.62
2026/08/10 07:02:53.793, 1, 100, 22692, 24576, 338.24
2026/08/10 07:02:53.794, 2, 100, 23656, 24576, 323.87
2026/08/10 07:02:58.795, 0, 83, 22784, 24576, 259.50
2026/08/10 07:02:58.795, 1, 84, 22692, 24576, 334.69
2026/08/10 07:02:58.796, 2, 78, 23656, 24576, 328.67
2026/08/10 07:03:03.797, 0, 85, 22784, 24576, 339.50
2026/08/10 07:03:03.797, 1, 84, 22692, 24576, 319.60
2026/08/10 07:03:03.798, 2, 81, 23656, 24576, 335.10
2026/08/10 07:03:08.798, 0, 98, 13430, 24576, 337.84
2026/08/10 07:03:08.799, 1, 98, 12802, 24576, 332.73
2026/08/10 07:03:08.799, 2, 98, 12842, 24576, 340.73
2026/08/10 07:03:13.800, 0, 100, 21118, 24576, 280.39
2026/08/10 07:03:13.801, 1, 100, 20342, 24576, 295.91
2026/08/10 07:03:13.801, 2, 83, 20242, 24576, 302.40
2026/08/10 07:03:18.802, 0, 100, 22906, 24576, 327.17
2026/08/10 07:03:18.803, 1, 95, 21732, 24576, 303.88
2026/08/10 07:03:18.804, 2, 96, 22310, 24576, 311.12
2026/08/10 07:03:23.805, 0, 89, 22906, 24576, 340.25
2026/08/10 07:03:23.805, 1, 100, 21732, 24576, 315.09
2026/08/10 07:03:23.806, 2, 100, 22310, 24576, 335.07
2026/08/10 07:03:28.807, 0, 84, 20846, 24576, 336.88
2026/08/10 07:03:28.807, 1, 84, 21732, 24576, 334.69
2026/08/10 07:03:28.808, 2, 81, 20310, 24576, 259.75
2026/08/10 07:03:33.808, 0, 83, 20846, 24576, 339.43
2026/08/10 07:03:33.809, 1, 0, 21732, 24576, 286.93
2026/08/10 07:03:33.809, 2, 83, 20310, 24576, 338.75
2026/08/10 07:03:38.811, 0, 98, 20846, 24576, 338.52
2026/08/10 07:03:38.811, 1, 98, 13022, 24576, 321.11
2026/08/10 07:03:38.812, 2, 98, 19662, 24576, 328.20
2026/08/10 07:03:43.813, 0, 100, 20846, 24576, 224.86
2026/08/10 07:03:43.813, 1, 63, 13022, 24576, 286.59
2026/08/10 07:03:43.814, 2, 100, 13022, 24576, 322.03
2026/08/10 07:03:48.814, 0, 94, 23088, 24576, 331.40
2026/08/10 07:03:48.815, 1, 88, 21194, 24576, 316.85
2026/08/10 07:03:48.816, 2, 89, 21656, 24576, 323.36
2026/08/10 07:03:53.817, 0, 89, 23088, 24576, 330.21
2026/08/10 07:03:53.817, 1, 89, 21194, 24576, 319.16
2026/08/10 07:03:53.818, 2, 100, 21656, 24576, 321.91
2026/08/10 07:03:58.818, 0, 62, 23088, 24576, 313.74
2026/08/10 07:03:58.819, 1, 70, 20834, 24576, 305.80
2026/08/10 07:03:58.820, 2, 100, 21656, 24576, 313.25
2026/08/10 07:04:03.821, 0, 85, 23088, 24576, 339.33
2026/08/10 07:04:03.821, 1, 85, 20834, 24576, 324.51
2026/08/10 07:04:03.822, 2, 84, 21656, 24576, 322.81
2026/08/10 07:04:08.825, 0, 83, 14410, 24576, 297.04
2026/08/10 07:04:08.826, 1, 86, 12796, 24576, 289.56
2026/08/10 07:04:08.827, 2, 88, 13476, 24576, 258.82
2026/08/10 07:04:13.827, 0, 98, 14450, 24576, 331.33
2026/08/10 07:04:13.828, 1, 99, 16116, 24576, 297.01
2026/08/10 07:04:13.829, 2, 98, 16098, 24576, 291.43
2026/08/10 07:04:18.830, 0, 96, 23326, 24576, 312.18
2026/08/10 07:04:18.830, 1, 93, 20870, 24576, 300.14
2026/08/10 07:04:18.831, 2, 100, 22472, 24576, 328.13
2026/08/10 07:04:23.832, 0, 100, 23326, 24576, 328.30
2026/08/10 07:04:23.832, 1, 100, 20870, 24576, 323.28
2026/08/10 07:04:23.833, 2, 88, 22472, 24576, 336.60
2026/08/10 07:04:28.834, 0, 69, 23326, 24576, 315.94
2026/08/10 07:04:28.834, 1, 77, 20870, 24576, 316.42
2026/08/10 07:04:28.835, 2, 43, 22472, 24576, 305.59
2026/08/10 07:04:33.836, 0, 85, 23326, 24576, 339.79
2026/08/10 07:04:33.836, 1, 86, 20870, 24576, 320.63
2026/08/10 07:04:33.837, 2, 84, 22472, 24576, 331.18
2026/08/10 07:04:38.838, 0, 100, 23326, 24576, 341.50
2026/08/10 07:04:38.839, 1, 100, 22930, 24576, 334.33
2026/08/10 07:04:38.839, 2, 98, 23592, 24576, 327.99
2026/08/10 07:04:43.840, 0, 98, 23326, 24576, 340.07
2026/08/10 07:04:43.840, 1, 98, 14002, 24576, 328.71
2026/08/10 07:04:43.841, 2, 100, 13062, 24576, 308.08
2026/08/10 07:04:48.842, 0, 100, 23828, 24576, 319.62
2026/08/10 07:04:48.843, 1, 100, 22952, 24576, 303.91
2026/08/10 07:04:48.844, 2, 96, 22854, 24576, 329.01
2026/08/10 07:04:53.844, 0, 100, 23828, 24576, 319.76
2026/08/10 07:04:53.845, 1, 100, 22952, 24576, 306.33
2026/08/10 07:04:53.845, 2, 100, 23154, 24576, 326.98
2026/08/10 07:04:58.846, 0, 100, 23828, 24576, 318.75
2026/08/10 07:04:58.847, 1, 100, 22952, 24576, 304.99
2026/08/10 07:04:58.848, 2, 100, 23614, 24576, 327.44
2026/08/10 07:05:03.849, 0, 84, 23828, 24576, 338.93
2026/08/10 07:05:03.850, 1, 84, 22952, 24576, 317.61
2026/08/10 07:05:03.850, 2, 83, 23034, 24576, 328.11
2026/08/10 07:05:08.851, 0, 98, 23828, 24576, 340.74
2026/08/10 07:05:08.852, 1, 98, 22952, 24576, 331.42
2026/08/10 07:05:08.852, 2, 98, 23034, 24576, 304.64
2026/08/10 07:05:13.853, 0, 98, 13492, 24576, 338.96
2026/08/10 07:05:13.854, 1, 100, 13196, 24576, 308.95
2026/08/10 07:05:13.854, 2, 99, 21262, 24576, 320.11
2026/08/10 07:05:18.855, 0, 91, 24028, 24576, 334.53
2026/08/10 07:05:18.856, 1, 93, 22772, 24576, 314.40
2026/08/10 07:05:18.856, 2, 89, 21134, 24576, 313.01
2026/08/10 07:05:23.857, 0, 98, 21928, 24576, 315.09
2026/08/10 07:05:23.857, 1, 100, 22772, 24576, 306.23
2026/08/10 07:05:23.858, 2, 97, 22894, 24576, 314.02
2026/08/10 07:05:28.859, 0, 92, 21928, 24576, 316.46
2026/08/10 07:05:28.860, 1, 96, 22772, 24576, 321.93
2026/08/10 07:05:28.860, 2, 100, 22894, 24576, 315.16
2026/08/10 07:05:33.861, 0, 83, 21928, 24576, 337.95
2026/08/10 07:05:33.862, 1, 85, 22772, 24576, 323.18
2026/08/10 07:05:33.862, 2, 82, 22894, 24576, 335.55
2026/08/10 07:05:38.863, 0, 98, 21928, 24576, 324.23
2026/08/10 07:05:38.864, 1, 100, 22772, 24576, 311.13
2026/08/10 07:05:38.864, 2, 98, 22894, 24576, 316.53
2026/08/10 07:05:43.865, 0, 98, 23930, 24576, 338.06
2026/08/10 07:05:43.866, 1, 98, 13462, 24576, 320.98
2026/08/10 07:05:43.866, 2, 98, 13042, 24576, 326.79
2026/08/10 07:05:48.867, 0, 90, 23126, 24576, 241.11
2026/08/10 07:05:48.868, 1, 94, 23636, 24576, 298.66
2026/08/10 07:05:48.868, 2, 95, 23196, 24576, 244.79
2026/08/10 07:05:53.869, 0, 100, 21168, 24576, 305.02
2026/08/10 07:05:53.869, 1, 100, 23856, 24576, 312.36
2026/08/10 07:05:53.870, 2, 96, 23614, 24576, 304.08
2026/08/10 07:05:58.871, 0, 87, 23188, 24576, 325.62
2026/08/10 07:05:58.872, 1, 89, 21656, 24576, 311.05
2026/08/10 07:05:58.872, 2, 88, 21414, 24576, 316.21
2026/08/10 07:06:03.873, 0, 82, 23188, 24576, 336.10
2026/08/10 07:06:03.874, 1, 81, 21656, 24576, 335.14
2026/08/10 07:06:03.874, 2, 80, 21414, 24576, 333.40
2026/08/10 07:06:08.875, 0, 84, 23188, 24576, 340.45
2026/08/10 07:06:08.875, 1, 83, 21656, 24576, 316.62
2026/08/10 07:06:08.876, 2, 81, 21414, 24576, 325.39
2026/08/10 07:06:13.878, 0, 100, 20812, 24576, 340.15
2026/08/10 07:06:13.878, 1, 98, 12840, 24576, 336.34
2026/08/10 07:06:13.879, 2, 100, 14002, 24576, 335.38
2026/08/10 07:06:18.880, 0, 100, 20812, 24576, 338.89
2026/08/10 07:06:18.880, 1, 82, 12840, 24576, 267.35
2026/08/10 07:06:18.880, 2, 100, 14002, 24576, 244.94
2026/08/10 07:06:23.881, 0, 100, 23430, 24576, 339.28
2026/08/10 07:06:23.882, 1, 100, 19950, 24576, 303.19
2026/08/10 07:06:23.882, 2, 93, 22892, 24576, 316.73
2026/08/10 07:06:28.883, 0, 100, 23430, 24576, 340.15
2026/08/10 07:06:28.884, 1, 100, 19950, 24576, 301.16
2026/08/10 07:06:28.885, 2, 87, 22892, 24576, 318.14
2026/08/10 07:06:33.885, 0, 100, 23430, 24576, 336.53
2026/08/10 07:06:33.886, 1, 100, 19950, 24576, 300.57
2026/08/10 07:06:33.887, 2, 100, 22892, 24576, 296.18
2026/08/10 07:06:38.888, 0, 81, 23430, 24576, 339.84
2026/08/10 07:06:38.889, 1, 81, 19950, 24576, 337.07
2026/08/10 07:06:38.889, 2, 82, 22892, 24576, 336.45
2026/08/10 07:06:43.890, 0, 84, 14410, 24576, 301.49
2026/08/10 07:06:43.891, 1, 98, 19950, 24576, 324.54
2026/08/10 07:06:43.891, 2, 88, 17292, 24576, 305.08
2026/08/10 07:06:48.892, 0, 98, 14450, 24576, 331.82
2026/08/10 07:06:48.893, 1, 98, 19950, 24576, 313.54
2026/08/10 07:06:48.893, 2, 96, 14478, 24576, 292.41
2026/08/10 07:06:53.894, 0, 100, 21144, 24576, 291.34
2026/08/10 07:06:53.895, 1, 100, 21232, 24576, 318.77
2026/08/10 07:06:53.895, 2, 100, 21654, 24576, 319.95
2026/08/10 07:06:58.896, 0, 100, 21164, 24576, 307.34
2026/08/10 07:06:58.897, 1, 92, 21392, 24576, 308.64
2026/08/10 07:06:58.901, 2, 100, 21914, 24576, 319.93
2026/08/10 07:07:03.902, 0, 100, 20744, 24576, 306.95
2026/08/10 07:07:03.902, 1, 92, 20972, 24576, 310.25
2026/08/10 07:07:03.903, 2, 100, 21414, 24576, 319.30
2026/08/10 07:07:08.904, 0, 82, 22984, 24576, 338.83
2026/08/10 07:07:08.905, 1, 85, 20592, 24576, 328.02
2026/08/10 07:07:08.905, 2, 81, 22234, 24576, 336.73
2026/08/10 07:07:13.906, 0, 100, 22984, 24576, 342.51
2026/08/10 07:07:13.907, 1, 98, 20592, 24576, 319.51
2026/08/10 07:07:13.907, 2, 98, 22234, 24576, 336.21
2026/08/10 07:07:18.908, 0, 100, 13530, 24576, 339.16
2026/08/10 07:07:18.911, 1, 98, 13342, 24576, 312.80
2026/08/10 07:07:18.911, 2, 98, 12802, 24576, 327.65
2026/08/10 07:07:23.912, 0, 98, 23688, 24576, 334.93
2026/08/10 07:07:23.913, 1, 100, 23314, 24576, 310.49
2026/08/10 07:07:23.913, 2, 89, 23992, 24576, 340.79
2026/08/10 07:07:28.914, 0, 100, 21548, 24576, 326.14
2026/08/10 07:07:28.915, 1, 100, 23314, 24576, 324.37
2026/08/10 07:07:28.915, 2, 93, 20812, 24576, 320.49
2026/08/10 07:07:33.916, 0, 20, 21548, 24576, 296.99
2026/08/10 07:07:33.917, 1, 22, 23314, 24576, 297.06
2026/08/10 07:07:33.917, 2, 62, 20812, 24576, 297.30
2026/08/10 07:07:38.918, 0, 85, 21548, 24576, 338.82
2026/08/10 07:07:38.919, 1, 85, 23314, 24576, 316.94
2026/08/10 07:07:38.919, 2, 85, 20812, 24576, 336.04
2026/08/10 07:07:43.920, 0, 98, 24088, 24576, 339.51
2026/08/10 07:07:43.921, 1, 95, 18674, 24576, 316.33
2026/08/10 07:07:43.921, 2, 97, 20812, 24576, 324.30
2026/08/10 07:07:48.922, 0, 98, 14450, 24576, 300.73
2026/08/10 07:07:48.922, 1, 98, 12862, 24576, 320.32
2026/08/10 07:07:48.923, 2, 98, 20812, 24576, 323.35
2026/08/10 07:07:53.924, 0, 89, 23108, 24576, 329.12
2026/08/10 07:07:53.924, 1, 89, 22232, 24576, 327.39
2026/08/10 07:07:53.925, 2, 100, 23234, 24576, 328.06
2026/08/10 07:07:58.926, 0, 89, 23108, 24576, 327.81
2026/08/10 07:07:58.926, 1, 88, 22232, 24576, 317.33
2026/08/10 07:07:58.927, 2, 100, 23234, 24576, 327.98
2026/08/10 07:08:03.928, 0, 40, 23108, 24576, 305.16
2026/08/10 07:08:03.928, 1, 49, 22232, 24576, 305.32
2026/08/10 07:08:03.929, 2, 100, 23234, 24576, 316.19
2026/08/10 07:08:08.930, 0, 85, 23108, 24576, 338.63
2026/08/10 07:08:08.931, 1, 86, 22232, 24576, 321.62
2026/08/10 07:08:08.931, 2, 83, 23234, 24576, 317.26
2026/08/10 07:08:13.932, 0, 99, 22008, 24576, 338.42
2026/08/10 07:08:13.933, 1, 98, 22232, 24576, 302.02
2026/08/10 07:08:13.933, 2, 98, 23234, 24576, 325.11
2026/08/10 07:08:18.934, 0, 98, 13470, 24576, 339.42
2026/08/10 07:08:18.934, 1, 98, 22232, 24576, 323.45
2026/08/10 07:08:18.935, 2, 100, 22942, 24576, 316.26
2026/08/10 07:08:23.936, 0, 89, 21046, 24576, 297.75
2026/08/10 07:08:23.937, 1, 89, 22914, 24576, 336.88
2026/08/10 07:08:23.937, 2, 100, 23196, 24576, 337.59
2026/08/10 07:08:28.938, 0, 89, 21046, 24576, 295.96
2026/08/10 07:08:28.939, 1, 89, 22914, 24576, 330.03
2026/08/10 07:08:28.939, 2, 89, 23196, 24576, 338.75
2026/08/10 07:08:33.942, 0, 100, 21046, 24576, 300.01
2026/08/10 07:08:33.943, 1, 95, 22914, 24576, 333.70
2026/08/10 07:08:33.944, 2, 89, 23196, 24576, 331.14
2026/08/10 07:08:38.944, 0, 83, 21046, 24576, 338.06
2026/08/10 07:08:38.945, 1, 84, 22914, 24576, 315.94
2026/08/10 07:08:38.946, 2, 83, 23196, 24576, 336.31
2026/08/10 07:08:43.947, 0, 78, 21046, 24576, 340.45
2026/08/10 07:08:43.947, 1, 100, 22914, 24576, 273.88
2026/08/10 07:08:43.948, 2, 85, 23196, 24576, 331.88
2026/08/10 07:08:48.948, 0, 98, 13570, 24576, 340.45
2026/08/10 07:08:48.949, 1, 99, 12842, 24576, 313.43
2026/08/10 07:08:48.949, 2, 100, 13042, 24576, 285.97
2026/08/10 07:08:53.950, 0, 89, 21788, 24576, 326.44
2026/08/10 07:08:53.951, 1, 89, 20892, 24576, 320.07
2026/08/10 07:08:53.951, 2, 90, 21394, 24576, 316.46
2026/08/10 07:08:58.952, 0, 100, 21788, 24576, 330.73
2026/08/10 07:08:58.953, 1, 100, 20892, 24576, 322.22
2026/08/10 07:08:58.953, 2, 100, 21394, 24576, 321.92
2026/08/10 07:09:03.955, 0, 89, 21788, 24576, 329.22
2026/08/10 07:09:03.955, 1, 89, 20892, 24576, 311.90
2026/08/10 07:09:03.956, 2, 89, 21394, 24576, 329.48
2026/08/10 07:09:08.957, 0, 82, 21788, 24576, 339.13
2026/08/10 07:09:08.957, 1, 82, 20892, 24576, 323.77
2026/08/10 07:09:08.958, 2, 85, 21394, 24576, 320.11
2026/08/10 07:09:13.959, 0, 88, 21788, 24576, 317.42
2026/08/10 07:09:13.959, 1, 100, 20892, 24576, 200.15
2026/08/10 07:09:13.960, 2, 77, 21394, 24576, 322.24
2026/08/10 07:09:18.961, 0, 98, 13490, 24576, 330.55
2026/08/10 07:09:18.961, 1, 98, 19482, 24576, 323.55
2026/08/10 07:09:18.962, 2, 100, 16262, 24576, 292.84
2026/08/10 07:09:23.963, 0, 99, 23448, 24576, 323.71
2026/08/10 07:09:23.964, 1, 100, 22512, 24576, 318.34
2026/08/10 07:09:23.964, 2, 94, 21494, 24576, 324.08
2026/08/10 07:09:28.965, 0, 100, 23788, 24576, 307.76
2026/08/10 07:09:28.966, 1, 100, 22512, 24576, 293.30
2026/08/10 07:09:28.966, 2, 96, 21834, 24576, 307.42
2026/08/10 07:09:33.967, 0, 96, 23788, 24576, 310.64
2026/08/10 07:09:33.968, 1, 96, 22512, 24576, 296.95
2026/08/10 07:09:33.968, 2, 92, 20814, 24576, 317.64
2026/08/10 07:09:38.969, 0, 83, 23788, 24576, 339.01
2026/08/10 07:09:38.970, 1, 84, 22512, 24576, 334.98
2026/08/10 07:09:38.971, 2, 82, 23454, 24576, 330.84
2026/08/10 07:09:43.972, 0, 77, 23788, 24576, 340.48
2026/08/10 07:09:43.972, 1, 76, 22512, 24576, 317.93
2026/08/10 07:09:43.973, 2, 74, 23454, 24576, 321.63
2026/08/10 07:09:48.974, 0, 100, 13570, 24576, 340.22
2026/08/10 07:09:48.980, 1, 97, 13064, 24576, 325.25
2026/08/10 07:09:48.980, 2, 100, 21202, 24576, 334.00
2026/08/10 07:09:53.982, 0, 100, 13570, 24576, 210.98
2026/08/10 07:09:53.982, 1, 98, 13064, 24576, 311.85
2026/08/10 07:09:53.983, 2, 100, 13158, 24576, 314.62
2026/08/10 07:09:58.983, 0, 100, 23626, 24576, 296.61
2026/08/10 07:09:58.984, 1, 100, 23318, 24576, 315.75
2026/08/10 07:09:58.985, 2, 97, 23314, 24576, 311.57
2026/08/10 07:10:03.985, 0, 100, 21426, 24576, 299.71
2026/08/10 07:10:03.986, 1, 100, 23318, 24576, 315.21
2026/08/10 07:10:03.986, 2, 89, 23314, 24576, 320.82
2026/08/10 07:10:08.987, 0, 94, 21426, 24576, 296.84
2026/08/10 07:10:08.988, 1, 95, 23318, 24576, 316.68
2026/08/10 07:10:08.988, 2, 97, 23314, 24576, 310.55
2026/08/10 07:10:13.989, 0, 83, 21426, 24576, 337.45
2026/08/10 07:10:13.990, 1, 83, 23318, 24576, 311.17
2026/08/10 07:10:13.990, 2, 81, 23314, 24576, 335.01
2026/08/10 07:10:18.991, 0, 98, 21806, 24576, 342.76
2026/08/10 07:10:18.992, 1, 100, 23318, 24576, 312.88
2026/08/10 07:10:18.993, 2, 98, 23314, 24576, 329.29
2026/08/10 07:10:23.994, 0, 97, 13490, 24576, 341.08
2026/08/10 07:10:23.995, 1, 98, 13042, 24576, 317.05
2026/08/10 07:10:23.996, 2, 98, 22122, 24576, 326.89
2026/08/10 07:10:28.996, 0, 96, 23128, 24576, 301.10
2026/08/10 07:10:28.997, 1, 94, 22892, 24576, 316.08
2026/08/10 07:10:28.998, 2, 94, 23172, 24576, 313.71
2026/08/10 07:10:33.998, 0, 91, 23128, 24576, 311.27
2026/08/10 07:10:33.999, 1, 94, 22892, 24576, 311.72
2026/08/10 07:10:33.999, 2, 90, 23172, 24576, 305.30
2026/08/10 07:10:39.000, 0, 89, 23128, 24576, 314.23
2026/08/10 07:10:39.001, 1, 94, 22892, 24576, 325.55
2026/08/10 07:10:39.001, 2, 93, 23172, 24576, 312.99
2026/08/10 07:10:44.002, 0, 84, 23128, 24576, 339.19
2026/08/10 07:10:44.003, 1, 84, 20672, 24576, 314.78
2026/08/10 07:10:44.004, 2, 82, 23172, 24576, 336.05
2026/08/10 07:10:49.004, 0, 98, 23128, 24576, 312.89
2026/08/10 07:10:49.005, 1, 98, 20672, 24576, 300.91
2026/08/10 07:10:49.006, 2, 98, 23172, 24576, 327.84
2026/08/10 07:10:54.007, 0, 98, 13770, 24576, 338.93
2026/08/10 07:10:54.008, 1, 100, 12862, 24576, 309.15
2026/08/10 07:10:54.009, 2, 100, 13042, 24576, 324.50
2026/08/10 07:10:59.010, 0, 90, 23648, 24576, 324.60
2026/08/10 07:10:59.010, 1, 93, 22592, 24576, 327.56
2026/08/10 07:10:59.011, 2, 89, 22852, 24576, 316.45
2026/08/10 07:11:04.012, 0, 98, 23648, 24576, 323.22
2026/08/10 07:11:04.012, 1, 92, 20592, 24576, 305.47
2026/08/10 07:11:04.013, 2, 82, 20612, 24576, 312.49
2026/08/10 07:11:09.013, 0, 100, 23648, 24576, 332.28
2026/08/10 07:11:09.014, 1, 100, 20592, 24576, 312.72
2026/08/10 07:11:09.015, 2, 100, 20612, 24576, 311.24
2026/08/10 07:11:14.015, 0, 84, 23648, 24576, 337.57
2026/08/10 07:11:14.016, 1, 83, 20592, 24576, 317.92
2026/08/10 07:11:14.017, 2, 80, 20612, 24576, 324.82
2026/08/10 07:11:19.018, 0, 100, 23648, 24576, 337.15
2026/08/10 07:11:19.018, 1, 99, 20592, 24576, 324.59
2026/08/10 07:11:19.021, 2, 98, 20612, 24576, 327.12
2026/08/10 07:11:24.022, 0, 100, 13590, 24576, 338.05
2026/08/10 07:11:24.022, 1, 100, 18302, 24576, 321.85
2026/08/10 07:11:24.023, 2, 96, 16438, 24576, 307.08
2026/08/10 07:11:29.023, 0, 100, 24066, 24576, 231.93
2026/08/10 07:11:29.024, 1, 89, 23490, 24576, 314.98
2026/08/10 07:11:29.025, 2, 100, 20480, 24576, 212.46
2026/08/10 07:11:34.026, 0, 89, 23770, 24576, 334.49
2026/08/10 07:11:34.026, 1, 88, 21716, 24576, 305.25
2026/08/10 07:11:34.027, 2, 89, 20668, 24576, 299.07
2026/08/10 07:11:39.027, 0, 100, 23410, 24576, 339.74
2026/08/10 07:11:39.030, 1, 100, 21716, 24576, 308.85
2026/08/10 07:11:39.030, 2, 99, 19688, 24576, 306.49
2026/08/10 07:11:44.031, 0, 80, 23410, 24576, 332.20
2026/08/10 07:11:44.032, 1, 81, 21716, 24576, 331.79
2026/08/10 07:11:44.032, 2, 81, 19688, 24576, 325.54
2026/08/10 07:11:49.033, 0, 84, 23410, 24576, 339.32
2026/08/10 07:11:49.034, 1, 83, 21716, 24576, 315.27
2026/08/10 07:11:49.035, 2, 84, 19688, 24576, 336.02
2026/08/10 07:11:54.035, 0, 88, 14370, 24576, 294.50
2026/08/10 07:11:54.036, 1, 100, 13042, 24576, 294.58
2026/08/10 07:11:54.036, 2, 97, 12982, 24576, 293.85
2026/08/10 07:11:59.037, 0, 95, 14370, 24576, 300.39
2026/08/10 07:11:59.038, 1, 98, 13042, 24576, 309.79
2026/08/10 07:11:59.038, 2, 98, 13002, 24576, 322.21
2026/08/10 07:12:04.039, 0, 89, 21990, 24576, 324.93
2026/08/10 07:12:04.040, 1, 100, 23534, 24576, 338.22
2026/08/10 07:12:04.040, 2, 89, 22592, 24576, 335.05
2026/08/10 07:12:09.041, 0, 89, 21990, 24576, 326.13
2026/08/10 07:12:09.041, 1, 88, 23534, 24576, 335.22
2026/08/10 07:12:09.042, 2, 89, 22592, 24576, 332.79
2026/08/10 07:12:14.043, 0, 100, 21990, 24576, 329.23
2026/08/10 07:12:14.043, 1, 89, 23534, 24576, 333.30
2026/08/10 07:12:14.044, 2, 100, 22592, 24576, 336.94
2026/08/10 07:12:19.045, 0, 81, 23970, 24576, 337.62
2026/08/10 07:12:19.045, 1, 82, 21334, 24576, 329.84
2026/08/10 07:12:19.046, 2, 80, 20432, 24576, 326.23
2026/08/10 07:12:24.047, 0, 98, 23970, 24576, 315.20
2026/08/10 07:12:24.047, 1, 98, 21334, 24576, 312.58
2026/08/10 07:12:24.048, 2, 98, 20432, 24576, 231.89
2026/08/10 07:12:29.049, 0, 99, 20650, 24576, 336.29
2026/08/10 07:12:29.049, 1, 100, 19462, 24576, 302.31
2026/08/10 07:12:29.050, 2, 98, 21422, 24576, 337.43
2026/08/10 07:12:34.050, 0, 100, 24008, 24576, 327.13
2026/08/10 07:12:34.051, 1, 95, 21654, 24576, 313.75
2026/08/10 07:12:34.052, 2, 96, 22812, 24576, 321.10
2026/08/10 07:12:39.052, 0, 100, 24008, 24576, 326.98
2026/08/10 07:12:39.053, 1, 95, 21654, 24576, 299.21
2026/08/10 07:12:39.054, 2, 95, 22812, 24576, 316.88
2026/08/10 07:12:44.055, 0, 95, 24008, 24576, 316.83
2026/08/10 07:12:44.055, 1, 87, 21654, 24576, 316.44
2026/08/10 07:12:44.056, 2, 95, 22812, 24576, 300.15
2026/08/10 07:12:49.057, 0, 81, 24008, 24576, 335.56
2026/08/10 07:12:49.057, 1, 81, 21654, 24576, 326.05
2026/08/10 07:12:49.057, 2, 78, 22812, 24576, 328.38
2026/08/10 07:12:54.061, 0, 100, 24008, 24576, 306.70
2026/08/10 07:12:54.061, 1, 84, 21654, 24576, 311.56
2026/08/10 07:12:54.062, 2, 100, 22812, 24576, 280.21
2026/08/10 07:12:59.063, 0, 98, 13710, 24576, 338.27
2026/08/10 07:12:59.063, 1, 98, 18042, 24576, 302.05
2026/08/10 07:12:59.064, 2, 100, 12862, 24576, 327.74
2026/08/10 07:13:04.065, 0, 98, 22784, 24576, 314.28
2026/08/10 07:13:04.065, 1, 90, 23274, 24576, 302.61
2026/08/10 07:13:04.066, 2, 92, 20652, 24576, 301.70
2026/08/10 07:13:09.067, 0, 100, 22784, 24576, 312.23
2026/08/10 07:13:09.067, 1, 90, 23274, 24576, 306.52
2026/08/10 07:13:09.068, 2, 94, 20652, 24576, 303.58
2026/08/10 07:13:14.069, 0, 100, 22784, 24576, 314.39
2026/08/10 07:13:14.070, 1, 93, 23274, 24576, 306.26
2026/08/10 07:13:14.070, 2, 97, 20652, 24576, 308.35
2026/08/10 07:13:19.071, 0, 81, 22784, 24576, 337.11
2026/08/10 07:13:19.072, 1, 80, 23274, 24576, 335.20
2026/08/10 07:13:19.072, 2, 80, 20652, 24576, 337.83
2026/08/10 07:13:24.073, 0, 83, 22784, 24576, 342.62
2026/08/10 07:13:24.074, 1, 82, 23274, 24576, 321.60
2026/08/10 07:13:24.075, 2, 77, 20652, 24576, 330.00
2026/08/10 07:13:29.075, 0, 98, 16230, 24576, 303.29
2026/08/10 07:13:29.076, 1, 98, 23274, 24576, 311.32
2026/08/10 07:13:29.077, 2, 98, 13062, 24576, 331.44
2026/08/10 07:13:34.077, 0, 100, 16230, 24576, 252.96
2026/08/10 07:13:34.078, 1, 99, 23274, 24576, 303.72
2026/08/10 07:13:34.079, 2, 98, 13062, 24576, 318.94
2026/08/10 07:13:39.079, 0, 97, 23266, 24576, 306.02
2026/08/10 07:13:39.080, 1, 98, 23156, 24576, 327.94
2026/08/10 07:13:39.080, 2, 100, 23896, 24576, 341.42
2026/08/10 07:13:44.081, 0, 100, 23606, 24576, 308.65
2026/08/10 07:13:44.082, 1, 97, 23516, 24576, 324.19
2026/08/10 07:13:44.082, 2, 100, 22056, 24576, 314.37
2026/08/10 07:13:49.084, 0, 100, 23266, 24576, 308.09
2026/08/10 07:13:49.084, 1, 100, 23156, 24576, 316.68
2026/08/10 07:13:49.085, 2, 100, 21696, 24576, 301.77
2026/08/10 07:13:54.086, 0, 83, 23266, 24576, 340.66
2026/08/10 07:13:54.086, 1, 84, 23156, 24576, 317.76
2026/08/10 07:13:54.087, 2, 81, 21696, 24576, 317.77
2026/08/10 07:13:59.088, 0, 98, 23946, 24576, 338.56
2026/08/10 07:13:59.088, 1, 100, 23876, 24576, 303.70
2026/08/10 07:13:59.089, 2, 98, 23896, 24576, 311.09
2026/08/10 07:14:04.090, 0, 99, 14430, 24576, 303.36
2026/08/10 07:14:04.090, 1, 100, 12842, 24576, 313.97
2026/08/10 07:14:04.091, 2, 98, 13262, 24576, 313.52
2026/08/10 07:14:09.092, 0, 100, 22746, 24576, 323.33
2026/08/10 07:14:09.092, 1, 89, 20732, 24576, 293.45
2026/08/10 07:14:09.093, 2, 100, 22972, 24576, 313.34
2026/08/10 07:14:14.094, 0, 95, 20746, 24576, 310.01
2026/08/10 07:14:14.095, 1, 95, 22712, 24576, 309.41
2026/08/10 07:14:14.095, 2, 97, 22972, 24576, 312.29
2026/08/10 07:14:19.096, 0, 52, 22746, 24576, 268.08
2026/08/10 07:14:19.097, 1, 61, 20732, 24576, 285.63
2026/08/10 07:14:19.098, 2, 82, 22972, 24576, 281.13
2026/08/10 07:14:24.098, 0, 84, 22746, 24576, 341.04
2026/08/10 07:14:24.099, 1, 85, 20732, 24576, 319.93
2026/08/10 07:14:24.100, 2, 83, 22972, 24576, 327.72
2026/08/10 07:14:29.100, 0, 89, 13570, 24576, 301.29
2026/08/10 07:14:29.101, 1, 89, 12878, 24576, 282.23
2026/08/10 07:14:29.102, 2, 98, 22972, 24576, 321.48
2026/08/10 07:14:34.102, 0, 98, 13570, 24576, 339.22
2026/08/10 07:14:34.103, 1, 98, 13282, 24576, 309.43
2026/08/10 07:14:34.104, 2, 98, 22972, 24576, 313.54
2026/08/10 07:14:39.105, 0, 100, 24008, 24576, 345.61
2026/08/10 07:14:39.105, 1, 100, 22992, 24576, 325.05
2026/08/10 07:14:39.106, 2, 100, 23254, 24576, 327.41
2026/08/10 07:14:44.107, 0, 100, 21488, 24576, 334.28
2026/08/10 07:14:44.107, 1, 100, 22992, 24576, 313.10
2026/08/10 07:14:44.108, 2, 99, 23254, 24576, 320.83
2026/08/10 07:14:49.108, 0, 81, 21808, 24576, 322.84
2026/08/10 07:14:49.109, 1, 81, 22992, 24576, 328.61
2026/08/10 07:14:49.110, 2, 80, 23254, 24576, 320.92
2026/08/10 07:14:54.110, 0, 84, 21808, 24576, 339.46
2026/08/10 07:14:54.111, 1, 85, 22992, 24576, 320.67
2026/08/10 07:14:54.112, 2, 86, 23254, 24576, 328.92
2026/08/10 07:14:59.113, 0, 99, 21808, 24576, 339.58
2026/08/10 07:14:59.113, 1, 99, 22992, 24576, 320.10
2026/08/10 07:14:59.114, 2, 98, 12942, 24576, 289.55
2026/08/10 07:15:04.114, 0, 100, 21808, 24576, 339.79
2026/08/10 07:15:04.115, 1, 48, 22992, 24576, 276.85
2026/08/10 07:15:04.115, 2, 98, 13322, 24576, 315.28
2026/08/10 07:15:09.116, 0, 100, 21968, 24576, 330.55
2026/08/10 07:15:09.117, 1, 100, 22992, 24576, 327.00
2026/08/10 07:15:09.117, 2, 100, 23554, 24576, 337.42
2026/08/10 07:15:14.118, 0, 87, 24188, 24576, 329.96
2026/08/10 07:15:14.119, 1, 100, 22992, 24576, 310.08
2026/08/10 07:15:14.120, 2, 100, 23554, 24576, 317.52
2026/08/10 07:15:19.120, 0, 81, 21968, 24576, 282.90
2026/08/10 07:15:19.121, 1, 83, 22992, 24576, 334.56
2026/08/10 07:15:19.122, 2, 80, 23554, 24576, 336.12
2026/08/10 07:15:24.123, 0, 84, 21968, 24576, 338.39
2026/08/10 07:15:24.123, 1, 85, 22992, 24576, 316.77
2026/08/10 07:15:24.124, 2, 82, 23554, 24576, 322.04
2026/08/10 07:15:29.124, 0, 98, 21968, 24576, 337.21
2026/08/10 07:15:29.125, 1, 98, 22992, 24576, 325.46
2026/08/10 07:15:29.125, 2, 98, 13022, 24576, 337.10
2026/08/10 07:15:34.126, 0, 98, 21968, 24576, 337.24
2026/08/10 07:15:34.127, 1, 64, 22992, 24576, 275.14
2026/08/10 07:15:34.127, 2, 98, 13022, 24576, 312.23
2026/08/10 07:15:39.128, 0, 88, 23690, 24576, 334.59
2026/08/10 07:15:39.129, 1, 88, 23072, 24576, 322.78
2026/08/10 07:15:39.129, 2, 89, 23514, 24576, 319.63
2026/08/10 07:15:44.130, 0, 100, 23310, 24576, 334.57
2026/08/10 07:15:44.131, 1, 100, 23072, 24576, 319.81
2026/08/10 07:15:44.131, 2, 100, 23514, 24576, 320.34
2026/08/10 07:15:49.132, 0, 100, 23310, 24576, 338.74
2026/08/10 07:15:49.133, 1, 100, 23072, 24576, 313.06
2026/08/10 07:15:49.133, 2, 100, 23514, 24576, 323.23
2026/08/10 07:15:54.134, 0, 83, 23310, 24576, 336.71
2026/08/10 07:15:54.134, 1, 83, 23072, 24576, 321.68
2026/08/10 07:15:54.137, 2, 83, 23514, 24576, 336.04
2026/08/10 07:15:59.138, 0, 100, 24030, 24576, 338.02
2026/08/10 07:15:59.138, 1, 98, 23072, 24576, 318.02
2026/08/10 07:15:59.139, 2, 98, 23514, 24576, 332.73
2026/08/10 07:16:04.140, 0, 98, 13930, 24576, 337.23
2026/08/10 07:16:04.140, 1, 99, 13022, 24576, 305.38
2026/08/10 07:16:04.141, 2, 98, 12842, 24576, 325.13
2026/08/10 07:16:09.141, 0, 97, 23408, 24576, 320.37
2026/08/10 07:16:09.142, 1, 100, 23394, 24576, 318.45
2026/08/10 07:16:09.143, 2, 100, 21796, 24576, 317.49
2026/08/10 07:16:14.143, 0, 92, 21828, 24576, 296.30
2026/08/10 07:16:14.144, 1, 94, 21834, 24576, 301.77
2026/08/10 07:16:14.145, 2, 100, 21896, 24576, 324.99
2026/08/10 07:16:19.146, 0, 89, 23408, 24576, 316.72
2026/08/10 07:16:19.146, 1, 93, 23394, 24576, 320.33
2026/08/10 07:16:19.147, 2, 100, 21796, 24576, 329.49
2026/08/10 07:16:24.148, 0, 82, 23408, 24576, 336.11
2026/08/10 07:16:24.148, 1, 3, 23394, 24576, 258.35
2026/08/10 07:16:24.149, 2, 82, 21796, 24576, 334.92
2026/08/10 07:16:29.150, 0, 85, 23408, 24576, 339.39
2026/08/10 07:16:29.151, 1, 84, 23394, 24576, 323.72
2026/08/10 07:16:29.151, 2, 86, 21796, 24576, 328.79
2026/08/10 07:16:34.152, 0, 98, 14410, 24576, 339.37
2026/08/10 07:16:34.153, 1, 98, 22982, 24576, 322.99
2026/08/10 07:16:34.153, 2, 100, 13062, 24576, 336.42
2026/08/10 07:16:39.154, 0, 100, 14410, 24576, 270.54
2026/08/10 07:16:39.155, 1, 70, 13176, 24576, 310.16
2026/08/10 07:16:39.155, 2, 70, 13062, 24576, 301.89
2026/08/10 07:16:44.156, 0, 97, 22946, 24576, 342.36
2026/08/10 07:16:44.157, 1, 89, 23074, 24576, 328.24
2026/08/10 07:16:44.158, 2, 100, 21514, 24576, 315.50
2026/08/10 07:16:49.159, 0, 100, 22946, 24576, 329.16
2026/08/10 07:16:49.159, 1, 100, 23074, 24576, 319.22
2026/08/10 07:16:49.160, 2, 88, 21514, 24576, 311.73
2026/08/10 07:16:54.161, 0, 83, 22946, 24576, 337.76
2026/08/10 07:16:54.161, 1, 82, 23074, 24576, 330.35
2026/08/10 07:16:54.162, 2, 78, 21514, 24576, 335.52
2026/08/10 07:16:59.163, 0, 85, 22946, 24576, 341.53
2026/08/10 07:16:59.164, 1, 85, 23074, 24576, 311.53
2026/08/10 07:16:59.164, 2, 83, 21514, 24576, 317.88
2026/08/10 07:17:04.165, 0, 100, 14350, 24576, 340.55
2026/08/10 07:17:04.166, 1, 98, 12902, 24576, 332.56
2026/08/10 07:17:04.167, 2, 98, 12962, 24576, 330.61
2026/08/10 07:17:09.167, 0, 67, 13330, 24576, 330.98
2026/08/10 07:17:09.168, 1, 100, 13262, 24576, 260.94
2026/08/10 07:17:09.168, 2, 100, 12962, 24576, 321.18
2026/08/10 07:17:14.169, 0, 95, 21008, 24576, 291.78
2026/08/10 07:17:14.170, 1, 97, 22852, 24576, 293.58
2026/08/10 07:17:14.171, 2, 97, 20736, 24576, 325.49
2026/08/10 07:17:19.171, 0, 88, 23468, 24576, 319.64
2026/08/10 07:17:19.172, 1, 88, 22852, 24576, 316.04
2026/08/10 07:17:19.173, 2, 89, 23096, 24576, 322.29
2026/08/10 07:17:24.177, 0, 99, 23468, 24576, 319.40
2026/08/10 07:17:24.178, 1, 100, 22852, 24576, 314.42
2026/08/10 07:17:24.178, 2, 100, 23096, 24576, 314.64
2026/08/10 07:17:29.179, 0, 84, 23468, 24576, 338.98
2026/08/10 07:17:29.180, 1, 85, 22852, 24576, 328.52
2026/08/10 07:17:29.180, 2, 81, 23096, 24576, 328.06
2026/08/10 07:17:34.181, 0, 98, 23468, 24576, 340.90
2026/08/10 07:17:34.182, 1, 99, 22852, 24576, 322.08
2026/08/10 07:17:34.183, 2, 98, 23096, 24576, 324.42
2026/08/10 07:17:39.184, 0, 99, 13450, 24576, 339.53
2026/08/10 07:17:39.184, 1, 100, 13064, 24576, 317.89
2026/08/10 07:17:39.185, 2, 91, 16422, 24576, 292.98
2026/08/10 07:17:44.186, 0, 95, 21788, 24576, 311.55
2026/08/10 07:17:44.187, 1, 96, 23216, 24576, 319.52
2026/08/10 07:17:44.188, 2, 92, 20274, 24576, 302.19
2026/08/10 07:17:49.189, 0, 89, 23848, 24576, 329.71
2026/08/10 07:17:49.189, 1, 100, 23216, 24576, 327.00
2026/08/10 07:17:49.190, 2, 88, 23354, 24576, 313.38
2026/08/10 07:17:54.190, 0, 96, 23848, 24576, 312.39
2026/08/10 07:17:54.191, 1, 93, 23216, 24576, 323.98
2026/08/10 07:17:54.192, 2, 93, 23354, 24576, 303.09
2026/08/10 07:17:59.192, 0, 83, 21788, 24576, 338.38
2026/08/10 07:17:59.193, 1, 84, 23216, 24576, 331.65
2026/08/10 07:17:59.194, 2, 81, 23354, 24576, 326.84
2026/08/10 07:18:04.195, 0, 85, 21788, 24576, 340.49
2026/08/10 07:18:04.195, 1, 85, 23216, 24576, 321.75
2026/08/10 07:18:04.196, 2, 82, 23354, 24576, 334.10
2026/08/10 07:18:09.197, 0, 98, 13590, 24576, 329.29
2026/08/10 07:18:09.198, 1, 98, 12802, 24576, 333.86
2026/08/10 07:18:09.198, 2, 98, 23602, 24576, 336.70
2026/08/10 07:18:14.199, 0, 98, 13590, 24576, 338.84
2026/08/10 07:18:14.200, 1, 63, 12802, 24576, 277.36
2026/08/10 07:18:14.200, 2, 94, 17038, 24576, 306.37
2026/08/10 07:18:19.201, 0, 89, 23810, 24576, 336.95
2026/08/10 07:18:19.202, 1, 89, 20532, 24576, 307.19
2026/08/10 07:18:19.203, 2, 100, 22632, 24576, 332.12
2026/08/10 07:18:24.204, 0, 93, 23430, 24576, 337.81
2026/08/10 07:18:24.204, 1, 100, 20532, 24576, 305.54
2026/08/10 07:18:24.205, 2, 88, 22632, 24576, 332.62
2026/08/10 07:18:29.206, 0, 100, 23430, 24576, 340.68
2026/08/10 07:18:29.206, 1, 100, 20532, 24576, 307.76
2026/08/10 07:18:29.207, 2, 100, 22632, 24576, 330.11
2026/08/10 07:18:34.208, 0, 85, 23430, 24576, 337.81
2026/08/10 07:18:34.208, 1, 86, 20532, 24576, 324.54
2026/08/10 07:18:34.209, 2, 85, 22632, 24576, 331.65
2026/08/10 07:18:39.210, 0, 85, 12750, 24576, 294.80
2026/08/10 07:18:39.211, 1, 98, 20532, 24576, 310.93
2026/08/10 07:18:39.212, 2, 92, 18752, 24576, 324.01
2026/08/10 07:18:44.213, 0, 98, 18050, 24576, 299.56
2026/08/10 07:18:44.213, 1, 100, 20532, 24576, 312.98
2026/08/10 07:18:44.214, 2, 98, 13938, 24576, 292.33
2026/08/10 07:18:49.214, 0, 100, 23106, 24576, 337.90
2026/08/10 07:18:49.215, 1, 100, 20950, 24576, 322.59
2026/08/10 07:18:49.216, 2, 90, 22914, 24576, 338.73
2026/08/10 07:18:54.216, 0, 88, 23106, 24576, 338.28
2026/08/10 07:18:54.217, 1, 100, 20950, 24576, 320.49
2026/08/10 07:18:54.218, 2, 89, 22914, 24576, 340.17
2026/08/10 07:18:59.218, 0, 32, 23106, 24576, 297.53
2026/08/10 07:18:59.219, 1, 40, 20950, 24576, 296.58
2026/08/10 07:18:59.220, 2, 26, 22914, 24576, 307.86
2026/08/10 07:19:04.220, 0, 85, 23106, 24576, 338.84
2026/08/10 07:19:04.221, 1, 86, 20950, 24576, 322.33
2026/08/10 07:19:04.221, 2, 82, 22914, 24576, 336.38
2026/08/10 07:19:09.222, 0, 98, 24146, 24576, 337.07
2026/08/10 07:19:09.223, 1, 100, 24130, 24576, 297.25
2026/08/10 07:19:09.223, 2, 90, 18374, 24576, 318.01
2026/08/10 07:19:14.224, 0, 99, 13732, 24576, 337.74
2026/08/10 07:19:14.225, 1, 99, 13262, 24576, 312.53
2026/08/10 07:19:14.226, 2, 98, 13342, 24576, 326.86
2026/08/10 07:19:19.226, 0, 98, 23426, 24576, 335.36
2026/08/10 07:19:19.227, 1, 98, 23134, 24576, 322.35
2026/08/10 07:19:19.227, 2, 97, 23374, 24576, 326.73
2026/08/10 07:19:24.228, 0, 99, 23426, 24576, 333.68
2026/08/10 07:19:24.229, 1, 100, 23134, 24576, 315.05
2026/08/10 07:19:24.229, 2, 97, 23374, 24576, 332.87
2026/08/10 07:19:29.230, 0, 83, 23426, 24576, 302.77
2026/08/10 07:19:29.231, 1, 82, 23134, 24576, 331.03
2026/08/10 07:19:29.231, 2, 83, 23374, 24576, 335.04
2026/08/10 07:19:34.232, 0, 85, 23426, 24576, 339.69
2026/08/10 07:19:34.233, 1, 85, 23134, 24576, 316.84
2026/08/10 07:19:34.233, 2, 84, 23374, 24576, 327.58
2026/08/10 07:19:39.234, 0, 100, 17150, 24576, 299.94
2026/08/10 07:19:39.235, 1, 98, 13042, 24576, 297.14
2026/08/10 07:19:39.235, 2, 98, 12922, 24576, 304.66
2026/08/10 07:19:44.236, 0, 100, 17150, 24576, 301.05
2026/08/10 07:19:44.237, 1, 99, 13042, 24576, 309.80
2026/08/10 07:19:44.238, 2, 100, 12922, 24576, 315.90
2026/08/10 07:19:49.239, 0, 100, 23528, 24576, 325.63
2026/08/10 07:19:49.239, 1, 86, 23676, 24576, 335.22
2026/08/10 07:19:49.240, 2, 88, 23434, 24576, 313.12
2026/08/10 07:19:54.241, 0, 96, 23528, 24576, 331.02
2026/08/10 07:19:54.242, 1, 100, 23676, 24576, 338.18
2026/08/10 07:19:54.242, 2, 99, 23434, 24576, 318.75
2026/08/10 07:19:59.243, 0, 93, 23528, 24576, 317.83
2026/08/10 07:19:59.244, 1, 98, 23676, 24576, 306.49
2026/08/10 07:19:59.244, 2, 88, 23434, 24576, 295.01
2026/08/10 07:20:04.245, 0, 83, 23528, 24576, 337.34
2026/08/10 07:20:04.246, 1, 84, 21476, 24576, 317.76
2026/08/10 07:20:04.246, 2, 84, 23434, 24576, 336.26
2026/08/10 07:20:09.247, 0, 100, 23528, 24576, 304.70
2026/08/10 07:20:09.248, 1, 79, 21476, 24576, 317.45
2026/08/10 07:20:09.249, 2, 76, 23434, 24576, 338.26
2026/08/10 07:20:14.249, 0, 100, 13970, 24576, 298.46
2026/08/10 07:20:14.250, 1, 98, 13024, 24576, 285.96
2026/08/10 07:20:14.251, 2, 98, 13198, 24576, 291.20
2026/08/10 07:20:19.252, 0, 89, 13990, 24576, 324.22
2026/08/10 07:20:19.252, 1, 83, 13024, 24576, 284.86
2026/08/10 07:20:19.256, 2, 100, 13198, 24576, 172.36
2026/08/10 07:20:24.256, 0, 94, 23268, 24576, 335.59
2026/08/10 07:20:24.257, 1, 100, 23336, 24576, 320.53
2026/08/10 07:20:24.258, 2, 100, 23294, 24576, 314.63
2026/08/10 07:20:29.259, 0, 89, 22728, 24576, 325.19
2026/08/10 07:20:29.259, 1, 96, 23116, 24576, 318.63
2026/08/10 07:20:29.260, 2, 100, 23294, 24576, 292.13
2026/08/10 07:20:34.261, 0, 84, 23268, 24576, 283.41
2026/08/10 07:20:34.263, 1, 84, 23336, 24576, 296.04
2026/08/10 07:20:34.263, 2, 81, 23294, 24576, 269.24
2026/08/10 07:20:39.264, 0, 85, 23268, 24576, 339.67
2026/08/10 07:20:39.265, 1, 86, 23336, 24576, 322.10
2026/08/10 07:20:39.266, 2, 83, 23294, 24576, 332.82
2026/08/10 07:20:44.266, 0, 98, 14390, 24576, 300.53
2026/08/10 07:20:44.267, 1, 98, 12902, 24576, 289.14
2026/08/10 07:20:44.268, 2, 98, 23294, 24576, 336.84
2026/08/10 07:20:49.269, 0, 98, 14390, 24576, 339.06
2026/08/10 07:20:49.269, 1, 100, 13262, 24576, 312.17
2026/08/10 07:20:49.270, 2, 100, 23294, 24576, 326.90
2026/08/10 07:20:54.271, 0, 100, 23826, 24576, 328.22
2026/08/10 07:20:54.272, 1, 100, 23014, 24576, 304.96
2026/08/10 07:20:54.272, 2, 98, 23294, 24576, 319.25
2026/08/10 07:20:59.273, 0, 96, 21526, 24576, 318.72
2026/08/10 07:20:59.274, 1, 100, 23014, 24576, 312.33
2026/08/10 07:20:59.274, 2, 97, 23294, 24576, 312.27
2026/08/10 07:21:04.275, 0, 83, 21526, 24576, 336.64
2026/08/10 07:21:04.275, 1, 84, 23014, 24576, 332.49
2026/08/10 07:21:04.276, 2, 82, 23294, 24576, 333.12
2026/08/10 07:21:09.277, 0, 86, 21526, 24576, 339.67
2026/08/10 07:21:09.277, 1, 86, 23014, 24576, 319.38
2026/08/10 07:21:09.278, 2, 83, 23294, 24576, 336.95
2026/08/10 07:21:14.279, 0, 99, 14390, 24576, 339.27
2026/08/10 07:21:14.279, 1, 98, 12942, 24576, 329.19
2026/08/10 07:21:14.280, 2, 98, 12902, 24576, 337.05
2026/08/10 07:21:19.282, 0, 38, 14390, 24576, 322.22
2026/08/10 07:21:19.283, 1, 100, 13322, 24576, 261.55
2026/08/10 07:21:19.283, 2, 100, 13382, 24576, 257.53
2026/08/10 07:21:24.284, 0, 96, 21066, 24576, 327.83
2026/08/10 07:21:24.285, 1, 100, 23012, 24576, 309.46
2026/08/10 07:21:24.285, 2, 97, 23012, 24576, 325.05
2026/08/10 07:21:29.286, 0, 95, 21406, 24576, 327.39
2026/08/10 07:21:29.287, 1, 100, 23012, 24576, 314.24
2026/08/10 07:21:29.287, 2, 88, 23012, 24576, 337.91
2026/08/10 07:21:34.288, 0, 83, 23046, 24576, 338.89
2026/08/10 07:21:34.289, 1, 84, 23012, 24576, 312.06
2026/08/10 07:21:34.289, 2, 83, 23012, 24576, 335.31
2026/08/10 07:21:39.290, 0, 78, 23046, 24576, 339.42
2026/08/10 07:21:39.291, 1, 86, 23012, 24576, 316.46
2026/08/10 07:21:39.291, 2, 83, 23012, 24576, 302.01
2026/08/10 07:21:44.292, 0, 98, 13590, 24576, 339.94
2026/08/10 07:21:44.293, 1, 97, 16062, 24576, 297.84
2026/08/10 07:21:44.293, 2, 98, 12802, 24576, 326.94
2026/08/10 07:21:49.294, 0, 97, 23888, 24576, 329.58
2026/08/10 07:21:49.295, 1, 94, 22834, 24576, 328.48
2026/08/10 07:21:49.295, 2, 94, 21994, 24576, 315.35
2026/08/10 07:21:54.296, 0, 95, 23888, 24576, 320.96
2026/08/10 07:21:54.297, 1, 95, 22834, 24576, 318.39
2026/08/10 07:21:54.297, 2, 87, 21034, 24576, 293.30
2026/08/10 07:21:59.298, 0, 94, 23888, 24576, 320.92
2026/08/10 07:21:59.299, 1, 94, 22834, 24576, 311.92
2026/08/10 07:21:59.299, 2, 88, 21034, 24576, 310.01
2026/08/10 07:22:04.300, 0, 0, 23888, 24576, 137.42
2026/08/10 07:22:04.301, 1, 22, 22834, 24576, 190.28
2026/08/10 07:22:04.301, 2, 26, 21034, 24576, 184.34
2026/08/10 07:22:09.302, 0, 84, 23888, 24576, 339.68
2026/08/10 07:22:09.303, 1, 79, 22834, 24576, 336.44
2026/08/10 07:22:09.303, 2, 83, 21034, 24576, 336.78
2026/08/10 07:22:14.304, 0, 98, 23888, 24576, 341.58
2026/08/10 07:22:14.305, 1, 98, 22834, 24576, 272.32
2026/08/10 07:22:14.305, 2, 100, 21034, 24576, 274.17
2026/08/10 07:22:19.307, 0, 98, 13930, 24576, 321.14
2026/08/10 07:22:19.307, 1, 98, 13000, 24576, 332.57
2026/08/10 07:22:19.308, 2, 98, 13002, 24576, 335.77
2026/08/10 07:22:24.309, 0, 99, 24130, 24576, 318.75
2026/08/10 07:22:24.309, 1, 94, 21954, 24576, 244.14
2026/08/10 07:22:24.310, 2, 100, 22374, 24576, 247.80
2026/08/10 07:22:29.311, 0, 94, 23948, 24576, 329.58
2026/08/10 07:22:29.311, 1, 88, 21670, 24576, 290.42
2026/08/10 07:22:29.312, 2, 84, 22092, 24576, 282.18
2026/08/10 07:22:34.313, 0, 97, 23948, 24576, 335.96
2026/08/10 07:22:34.313, 1, 95, 20350, 24576, 283.68
2026/08/10 07:22:34.314, 2, 91, 20732, 24576, 295.74
2026/08/10 07:22:39.315, 0, 83, 23948, 24576, 336.33
2026/08/10 07:22:39.316, 1, 83, 21670, 24576, 334.31
2026/08/10 07:22:39.316, 2, 80, 22092, 24576, 327.45
2026/08/10 07:22:44.317, 0, 85, 23948, 24576, 339.17
2026/08/10 07:22:44.318, 1, 85, 21670, 24576, 337.31
2026/08/10 07:22:44.318, 2, 84, 22092, 24576, 338.05
2026/08/10 07:22:49.319, 0, 100, 13570, 24576, 337.56
2026/08/10 07:22:49.320, 1, 98, 14022, 24576, 333.64
2026/08/10 07:22:49.320, 2, 98, 22092, 24576, 339.32
2026/08/10 07:22:54.321, 0, 100, 23542, 24576, 306.00
2026/08/10 07:22:54.322, 1, 96, 23126, 24576, 315.44
2026/08/10 07:22:54.322, 2, 100, 23532, 24576, 258.91
2026/08/10 07:22:59.323, 0, 95, 23968, 24576, 315.93
2026/08/10 07:22:59.324, 1, 100, 23254, 24576, 326.04
2026/08/10 07:22:59.325, 2, 100, 23374, 24576, 329.45
2026/08/10 07:23:04.325, 0, 100, 23968, 24576, 314.39
2026/08/10 07:23:04.326, 1, 100, 22154, 24576, 289.99
2026/08/10 07:23:04.327, 2, 95, 22314, 24576, 326.32
2026/08/10 07:23:09.328, 0, 82, 21748, 24576, 336.92
2026/08/10 07:23:09.328, 1, 81, 23034, 24576, 334.22
2026/08/10 07:23:09.329, 2, 81, 23074, 24576, 334.02
2026/08/10 07:23:14.330, 0, 84, 21748, 24576, 337.18
2026/08/10 07:23:14.331, 1, 84, 23034, 24576, 320.66
2026/08/10 07:23:14.331, 2, 83, 23074, 24576, 323.92
2026/08/10 07:23:19.332, 0, 98, 13430, 24576, 337.84
2026/08/10 07:23:19.333, 1, 98, 23034, 24576, 319.19
2026/08/10 07:23:19.333, 2, 98, 13962, 24576, 324.65
2026/08/10 07:23:24.334, 0, 100, 13430, 24576, 277.29
2026/08/10 07:23:24.334, 1, 100, 23034, 24576, 251.83
2026/08/10 07:23:24.335, 2, 80, 13958, 24576, 312.67
2026/08/10 07:23:29.336, 0, 100, 21026, 24576, 310.50
2026/08/10 07:23:29.343, 1, 100, 22212, 24576, 322.55
2026/08/10 07:23:29.343, 2, 89, 22812, 24576, 340.95
2026/08/10 07:23:34.344, 0, 89, 21366, 24576, 308.56
2026/08/10 07:23:34.345, 1, 89, 22212, 24576, 321.01
2026/08/10 07:23:34.346, 2, 96, 22812, 24576, 340.67
2026/08/10 07:23:39.346, 0, 84, 21026, 24576, 336.68
2026/08/10 07:23:39.347, 1, 83, 22212, 24576, 332.55
2026/08/10 07:23:39.348, 2, 83, 22812, 24576, 334.67
2026/08/10 07:23:44.348, 0, 85, 21026, 24576, 338.91
2026/08/10 07:23:44.349, 1, 85, 22212, 24576, 323.40
2026/08/10 07:23:44.350, 2, 82, 22812, 24576, 323.30
2026/08/10 07:23:49.351, 0, 98, 21026, 24576, 338.35
2026/08/10 07:23:49.351, 1, 98, 22212, 24576, 306.79
2026/08/10 07:23:49.352, 2, 98, 22812, 24576, 280.63
2026/08/10 07:23:54.353, 0, 100, 23266, 24576, 299.44
2026/08/10 07:23:54.354, 1, 94, 20456, 24576, 290.70
2026/08/10 07:23:54.354, 2, 98, 20596, 24576, 299.77
2026/08/10 07:23:59.355, 0, 100, 23588, 24576, 341.31
2026/08/10 07:23:59.356, 1, 100, 20512, 24576, 315.31
2026/08/10 07:23:59.356, 2, 100, 20654, 24576, 309.92
2026/08/10 07:24:04.357, 0, 90, 23588, 24576, 340.18
2026/08/10 07:24:04.358, 1, 89, 20852, 24576, 311.32
2026/08/10 07:24:04.358, 2, 89, 20994, 24576, 312.75
2026/08/10 07:24:09.359, 0, 84, 21548, 24576, 337.21
2026/08/10 07:24:09.359, 1, 84, 22632, 24576, 329.70
2026/08/10 07:24:09.360, 2, 84, 22714, 24576, 336.64
2026/08/10 07:24:14.361, 0, 87, 21548, 24576, 340.15
2026/08/10 07:24:14.361, 1, 86, 22632, 24576, 321.76
2026/08/10 07:24:14.362, 2, 83, 22714, 24576, 330.89
2026/08/10 07:24:19.363, 0, 100, 21548, 24576, 336.37
2026/08/10 07:24:19.363, 1, 98, 14002, 24576, 332.74
2026/08/10 07:24:19.364, 2, 100, 13064, 24576, 332.17
2026/08/10 07:24:24.365, 0, 100, 21548, 24576, 337.17
2026/08/10 07:24:24.365, 1, 48, 13976, 24576, 262.27
2026/08/10 07:24:24.366, 2, 98, 13064, 24576, 318.03
2026/08/10 07:24:29.367, 0, 98, 23368, 24576, 323.68
2026/08/10 07:24:29.367, 1, 96, 23134, 24576, 316.35
2026/08/10 07:24:29.368, 2, 100, 24078, 24576, 331.62
2026/08/10 07:24:34.369, 0, 89, 23368, 24576, 323.99
2026/08/10 07:24:34.370, 1, 89, 23134, 24576, 316.64
2026/08/10 07:24:34.370, 2, 89, 24078, 24576, 324.88
2026/08/10 07:24:39.371, 0, 90, 23368, 24576, 318.28
2026/08/10 07:24:39.371, 1, 99, 23134, 24576, 318.95
2026/08/10 07:24:39.379, 2, 93, 24078, 24576, 325.63
2026/08/10 07:24:44.380, 0, 82, 23368, 24576, 337.79
2026/08/10 07:24:44.380, 1, 0, 23134, 24576, 271.11
2026/08/10 07:24:44.381, 2, 81, 24078, 24576, 321.26
2026/08/10 07:24:49.382, 0, 100, 23368, 24576, 272.16
2026/08/10 07:24:49.398, 1, 84, 23134, 24576, 328.26
2026/08/10 07:24:49.398, 2, 84, 24078, 24576, 292.14
2026/08/10 07:24:54.399, 0, 98, 16290, 24576, 329.26
2026/08/10 07:24:54.400, 1, 98, 23134, 24576, 311.33
2026/08/10 07:24:54.401, 2, 89, 13020, 24576, 282.40
2026/08/10 07:24:59.401, 0, 100, 16290, 24576, 179.34
2026/08/10 07:24:59.402, 1, 100, 23134, 24576, 237.20
2026/08/10 07:24:59.402, 2, 100, 13442, 24576, 318.50
2026/08/10 07:25:04.403, 0, 100, 23028, 24576, 315.92
2026/08/10 07:25:04.404, 1, 100, 22996, 24576, 327.34
2026/08/10 07:25:04.405, 2, 89, 23816, 24576, 330.57
2026/08/10 07:25:09.405, 0, 100, 23028, 24576, 319.09
2026/08/10 07:25:09.406, 1, 100, 22996, 24576, 323.39
2026/08/10 07:25:09.407, 2, 100, 23816, 24576, 327.62
2026/08/10 07:25:14.408, 0, 22, 23028, 24576, 261.22
2026/08/10 07:25:14.408, 1, 24, 22996, 24576, 288.57
2026/08/10 07:25:14.409, 2, 22, 21596, 24576, 279.51
2026/08/10 07:25:19.410, 0, 83, 23028, 24576, 335.19
2026/08/10 07:25:19.411, 1, 84, 22996, 24576, 327.40
2026/08/10 07:25:19.411, 2, 83, 21596, 24576, 327.76
2026/08/10 07:25:24.412, 0, 89, 13148, 24576, 306.51
2026/08/10 07:25:24.413, 1, 100, 22076, 24576, 334.24
2026/08/10 07:25:24.413, 2, 100, 21596, 24576, 321.58
2026/08/10 07:25:29.414, 0, 98, 17270, 24576, 299.02
2026/08/10 07:25:29.415, 1, 98, 14002, 24576, 307.99
2026/08/10 07:25:29.415, 2, 98, 21596, 24576, 317.40
2026/08/10 07:25:34.416, 0, 98, 23248, 24576, 321.95
2026/08/10 07:25:34.417, 1, 100, 22952, 24576, 313.41
2026/08/10 07:25:34.417, 2, 92, 23978, 24576, 327.88
2026/08/10 07:25:39.418, 0, 96, 23248, 24576, 310.03
2026/08/10 07:25:39.419, 1, 100, 22952, 24576, 310.60
2026/08/10 07:25:39.419, 2, 100, 23978, 24576, 328.60
2026/08/10 07:25:44.421, 0, 89, 23248, 24576, 312.54
2026/08/10 07:25:44.422, 1, 97, 22952, 24576, 313.54
2026/08/10 07:25:44.422, 2, 89, 23978, 24576, 325.38
2026/08/10 07:25:49.423, 0, 82, 23248, 24576, 337.23
2026/08/10 07:25:49.424, 1, 83, 22952, 24576, 334.34
2026/08/10 07:25:49.424, 2, 82, 23978, 24576, 333.11
2026/08/10 07:25:54.425, 0, 85, 23248, 24576, 342.18
2026/08/10 07:25:54.426, 1, 85, 22952, 24576, 337.09
2026/08/10 07:25:54.426, 2, 84, 23978, 24576, 322.40
2026/08/10 07:25:59.427, 0, 88, 12730, 24576, 299.29
2026/08/10 07:25:59.427, 1, 98, 22952, 24576, 311.72
2026/08/10 07:25:59.428, 2, 98, 23066, 24576, 327.57
2026/08/10 07:26:04.429, 0, 100, 13450, 24576, 241.76
2026/08/10 07:26:04.430, 1, 100, 22952, 24576, 189.55
2026/08/10 07:26:04.430, 2, 98, 13324, 24576, 314.05
2026/08/10 07:26:09.431, 0, 89, 23848, 24576, 341.17
2026/08/10 07:26:09.431, 1, 89, 23052, 24576, 327.35
2026/08/10 07:26:09.432, 2, 89, 23876, 24576, 329.75
2026/08/10 07:26:14.433, 0, 100, 23848, 24576, 339.92
2026/08/10 07:26:14.434, 1, 100, 23052, 24576, 326.94
2026/08/10 07:26:14.434, 2, 100, 23876, 24576, 319.21
2026/08/10 07:26:19.435, 0, 81, 21788, 24576, 305.05
2026/08/10 07:26:19.436, 1, 81, 23052, 24576, 301.20
2026/08/10 07:26:19.437, 2, 81, 23876, 24576, 304.61
2026/08/10 07:26:24.437, 0, 84, 21788, 24576, 340.74
2026/08/10 07:26:24.438, 1, 86, 23052, 24576, 327.12
2026/08/10 07:26:24.438, 2, 82, 23876, 24576, 323.42
2026/08/10 07:26:29.439, 0, 98, 14410, 24576, 305.83
2026/08/10 07:26:29.440, 1, 98, 12862, 24576, 306.21
2026/08/10 07:26:29.440, 2, 98, 14002, 24576, 303.92
2026/08/10 07:26:34.441, 0, 100, 14410, 24576, 341.76
2026/08/10 07:26:34.442, 1, 99, 12862, 24576, 311.05
2026/08/10 07:26:34.443, 2, 100, 13998, 24576, 321.68
2026/08/10 07:26:39.444, 0, 94, 22966, 24576, 328.57
2026/08/10 07:26:39.444, 1, 90, 23234, 24576, 315.73
2026/08/10 07:26:39.445, 2, 100, 22814, 24576, 315.12
2026/08/10 07:26:44.445, 0, 100, 22966, 24576, 336.35
2026/08/10 07:26:44.446, 1, 95, 23234, 24576, 320.86
2026/08/10 07:26:44.447, 2, 100, 22814, 24576, 326.34
2026/08/10 07:26:49.447, 0, 82, 22966, 24576, 334.07
2026/08/10 07:26:49.448, 1, 82, 23234, 24576, 327.63
2026/08/10 07:26:49.449, 2, 81, 22814, 24576, 331.64
2026/08/10 07:26:54.450, 0, 84, 22966, 24576, 340.95
2026/08/10 07:26:54.450, 1, 85, 23234, 24576, 323.92
2026/08/10 07:26:54.451, 2, 83, 22814, 24576, 326.12
2026/08/10 07:26:59.452, 0, 98, 21410, 24576, 327.17
2026/08/10 07:26:59.452, 1, 100, 19542, 24576, 325.31
2026/08/10 07:26:59.453, 2, 100, 22814, 24576, 313.77
2026/08/10 07:27:04.454, 0, 99, 13430, 24576, 340.09
2026/08/10 07:27:04.455, 1, 98, 23160, 24576, 331.66
2026/08/10 07:27:04.455, 2, 98, 22814, 24576, 314.95
2026/08/10 07:27:09.456, 0, 100, 23406, 24576, 291.27
2026/08/10 07:27:09.457, 1, 89, 23534, 24576, 321.26
2026/08/10 07:27:09.457, 2, 88, 23418, 24576, 322.80
2026/08/10 07:27:14.458, 0, 100, 23406, 24576, 315.10
2026/08/10 07:27:14.459, 1, 96, 23534, 24576, 316.74
2026/08/10 07:27:14.460, 2, 100, 23418, 24576, 326.32
2026/08/10 07:27:19.460, 0, 100, 23406, 24576, 299.32
2026/08/10 07:27:19.461, 1, 88, 23534, 24576, 321.40
2026/08/10 07:27:19.461, 2, 89, 23418, 24576, 328.95
2026/08/10 07:27:24.462, 0, 84, 23406, 24576, 340.73
2026/08/10 07:27:24.463, 1, 84, 23534, 24576, 323.79
2026/08/10 07:27:24.464, 2, 83, 23418, 24576, 335.02
2026/08/10 07:27:29.465, 0, 98, 23406, 24576, 342.17
2026/08/10 07:27:29.465, 1, 98, 23534, 24576, 290.45
2026/08/10 07:27:29.466, 2, 98, 23418, 24576, 258.03
2026/08/10 07:27:34.467, 0, 98, 13530, 24576, 339.91
2026/08/10 07:27:34.467, 1, 100, 12962, 24576, 296.71
2026/08/10 07:27:34.468, 2, 98, 20998, 24576, 335.57
2026/08/10 07:27:39.469, 0, 89, 23688, 24576, 306.70
2026/08/10 07:27:39.469, 1, 100, 23400, 24576, 300.58
2026/08/10 07:27:39.470, 2, 94, 20332, 24576, 273.25
2026/08/10 07:27:44.471, 0, 100, 24028, 24576, 333.37
2026/08/10 07:27:44.471, 1, 93, 23096, 24576, 327.92
2026/08/10 07:27:44.472, 2, 96, 20350, 24576, 287.34
2026/08/10 07:27:49.473, 0, 100, 24028, 24576, 291.41
2026/08/10 07:27:49.473, 1, 94, 23436, 24576, 321.13
2026/08/10 07:27:49.474, 2, 100, 23510, 24576, 284.36
2026/08/10 07:27:54.475, 0, 81, 21868, 24576, 338.08
2026/08/10 07:27:54.475, 1, 81, 23096, 24576, 335.17
2026/08/10 07:27:54.476, 2, 81, 22350, 24576, 328.89
2026/08/10 07:27:59.477, 0, 84, 21868, 24576, 342.45
2026/08/10 07:27:59.477, 1, 84, 23096, 24576, 324.13
2026/08/10 07:27:59.478, 2, 83, 22350, 24576, 335.98
2026/08/10 07:28:04.479, 0, 98, 20670, 24576, 321.92
2026/08/10 07:28:04.480, 1, 98, 12862, 24576, 297.06
2026/08/10 07:28:04.480, 2, 98, 13062, 24576, 294.08
2026/08/10 07:28:09.481, 0, 99, 13870, 24576, 334.24
2026/08/10 07:28:09.482, 1, 99, 12862, 24576, 315.23
2026/08/10 07:28:09.482, 2, 98, 13064, 24576, 330.15
2026/08/10 07:28:14.483, 0, 100, 23164, 24576, 281.10
2026/08/10 07:28:14.484, 1, 100, 21972, 24576, 312.26
2026/08/10 07:28:14.484, 2, 100, 21916, 24576, 329.03
2026/08/10 07:28:19.485, 0, 88, 23164, 24576, 300.57
2026/08/10 07:28:19.485, 1, 88, 22672, 24576, 328.82
2026/08/10 07:28:19.486, 2, 89, 24016, 24576, 334.08
2026/08/10 07:28:24.487, 0, 89, 23164, 24576, 307.05
2026/08/10 07:28:24.488, 1, 89, 22672, 24576, 328.03
2026/08/10 07:28:24.488, 2, 89, 24016, 24576, 338.44
2026/08/10 07:28:29.489, 0, 82, 23164, 24576, 336.89
2026/08/10 07:28:29.490, 1, 83, 20652, 24576, 336.03
2026/08/10 07:28:29.490, 2, 84, 21796, 24576, 337.68
2026/08/10 07:28:34.491, 0, 98, 23164, 24576, 341.68
2026/08/10 07:28:34.492, 1, 98, 20652, 24576, 309.47
2026/08/10 07:28:34.492, 2, 98, 21796, 24576, 330.21
2026/08/10 07:28:39.493, 0, 100, 13530, 24576, 340.43
2026/08/10 07:28:39.494, 1, 98, 20652, 24576, 320.05
2026/08/10 07:28:39.494, 2, 98, 21796, 24576, 314.92
2026/08/10 07:28:44.495, 0, 89, 21288, 24576, 328.96
2026/08/10 07:28:44.495, 1, 100, 21154, 24576, 312.77
2026/08/10 07:28:44.496, 2, 100, 22712, 24576, 307.97
2026/08/10 07:28:49.497, 0, 100, 23288, 24576, 323.19
2026/08/10 07:28:49.497, 1, 89, 20654, 24576, 311.10
2026/08/10 07:28:49.498, 2, 96, 22712, 24576, 308.72
2026/08/10 07:28:54.499, 0, 96, 23288, 24576, 312.29
2026/08/10 07:28:54.500, 1, 93, 20654, 24576, 309.94
2026/08/10 07:28:54.500, 2, 93, 22712, 24576, 307.73
2026/08/10 07:28:59.502, 0, 83, 23288, 24576, 337.71
2026/08/10 07:28:59.502, 1, 84, 20654, 24576, 330.08
2026/08/10 07:28:59.503, 2, 82, 22712, 24576, 336.27
2026/08/10 07:29:04.504, 0, 98, 23288, 24576, 298.13
2026/08/10 07:29:04.505, 1, 98, 20654, 24576, 294.37
2026/08/10 07:29:04.505, 2, 98, 22712, 24576, 321.23
2026/08/10 07:29:09.506, 0, 98, 13450, 24576, 338.43
2026/08/10 07:29:09.506, 1, 99, 13282, 24576, 324.76
2026/08/10 07:29:09.507, 2, 99, 13342, 24576, 334.55
2026/08/10 07:29:14.508, 0, 100, 23248, 24576, 334.88
2026/08/10 07:29:14.508, 1, 95, 23012, 24576, 329.80
2026/08/10 07:29:14.509, 2, 100, 23414, 24576, 332.99
2026/08/10 07:29:19.510, 0, 89, 23248, 24576, 331.27
2026/08/10 07:29:19.511, 1, 100, 23012, 24576, 326.13
2026/08/10 07:29:19.511, 2, 89, 23414, 24576, 330.08
2026/08/10 07:29:24.512, 0, 90, 23248, 24576, 320.43
2026/08/10 07:29:24.513, 1, 98, 23012, 24576, 310.43
2026/08/10 07:29:24.513, 2, 100, 23414, 24576, 316.05
2026/08/10 07:29:29.514, 0, 84, 23248, 24576, 338.59
2026/08/10 07:29:29.515, 1, 83, 23012, 24576, 320.31
2026/08/10 07:29:29.515, 2, 85, 23414, 24576, 330.89
2026/08/10 07:29:34.516, 0, 99, 23248, 24576, 321.58
2026/08/10 07:29:34.517, 1, 100, 23012, 24576, 318.62
2026/08/10 07:29:34.517, 2, 100, 23414, 24576, 308.34
2026/08/10 07:29:39.518, 0, 98, 23248, 24576, 333.30
2026/08/10 07:29:39.519, 1, 98, 13302, 24576, 316.30
2026/08/10 07:29:39.520, 2, 98, 13062, 24576, 324.88
2026/08/10 07:29:44.520, 0, 89, 23120, 24576, 289.89
2026/08/10 07:29:44.521, 1, 89, 22972, 24576, 298.86
2026/08/10 07:29:44.521, 2, 100, 23594, 24576, 314.46
2026/08/10 07:29:49.522, 0, 100, 23148, 24576, 316.88
2026/08/10 07:29:49.523, 1, 100, 22972, 24576, 315.09
2026/08/10 07:29:49.523, 2, 100, 23976, 24576, 337.79
2026/08/10 07:29:54.524, 0, 88, 23148, 24576, 307.50
2026/08/10 07:29:54.525, 1, 100, 22972, 24576, 314.40
2026/08/10 07:29:54.526, 2, 97, 23976, 24576, 320.27
2026/08/10 07:29:59.527, 0, 83, 23148, 24576, 332.81
2026/08/10 07:29:59.527, 1, 83, 22972, 24576, 333.82
2026/08/10 07:29:59.528, 2, 84, 21756, 24576, 334.36
2026/08/10 07:30:04.529, 0, 85, 23148, 24576, 340.39
2026/08/10 07:30:04.529, 1, 85, 22972, 24576, 326.43
2026/08/10 07:30:04.530, 2, 84, 21756, 24576, 327.12
2026/08/10 07:30:09.531, 0, 98, 13330, 24576, 338.89
2026/08/10 07:30:09.531, 1, 99, 12902, 24576, 317.85
2026/08/10 07:30:09.532, 2, 98, 13902, 24576, 293.01
2026/08/10 07:30:14.533, 0, 95, 22424, 24576, 228.80
2026/08/10 07:30:14.534, 1, 94, 22610, 24576, 235.60
2026/08/10 07:30:14.534, 2, 89, 20044, 24576, 250.48
2026/08/10 07:30:19.535, 0, 100, 22806, 24576, 328.36
2026/08/10 07:30:19.536, 1, 100, 22672, 24576, 328.58
2026/08/10 07:30:19.536, 2, 100, 20852, 24576, 296.47
2026/08/10 07:30:24.537, 0, 88, 22806, 24576, 341.47
2026/08/10 07:30:24.538, 1, 88, 22672, 24576, 328.04
2026/08/10 07:30:24.538, 2, 89, 20852, 24576, 309.76
2026/08/10 07:30:29.539, 0, 83, 20886, 24576, 338.17
2026/08/10 07:30:29.540, 1, 83, 22672, 24576, 332.14
2026/08/10 07:30:29.541, 2, 82, 22872, 24576, 334.20
2026/08/10 07:30:34.541, 0, 84, 20886, 24576, 341.54
2026/08/10 07:30:34.542, 1, 85, 22672, 24576, 318.07
2026/08/10 07:30:34.543, 2, 83, 22872, 24576, 330.61
2026/08/10 07:30:39.543, 0, 98, 13530, 24576, 336.17
2026/08/10 07:30:39.544, 1, 98, 22672, 24576, 286.12
2026/08/10 07:30:39.545, 2, 98, 23462, 24576, 313.75
2026/08/10 07:30:44.546, 0, 98, 13530, 24576, 336.92
2026/08/10 07:30:44.546, 1, 100, 22672, 24576, 190.29
2026/08/10 07:30:44.547, 2, 98, 21578, 24576, 322.28
2026/08/10 07:30:49.548, 0, 89, 22068, 24576, 314.54
2026/08/10 07:30:49.549, 1, 89, 23396, 24576, 318.67
2026/08/10 07:30:49.549, 2, 89, 23156, 24576, 327.25
2026/08/10 07:30:54.550, 0, 100, 22068, 24576, 321.38
2026/08/10 07:30:54.551, 1, 100, 23396, 24576, 322.78
2026/08/10 07:30:54.552, 2, 100, 23156, 24576, 328.43
2026/08/10 07:30:59.553, 0, 95, 22068, 24576, 323.28
2026/08/10 07:30:59.553, 1, 97, 23396, 24576, 312.39
2026/08/10 07:30:59.554, 2, 92, 23156, 24576, 315.43
2026/08/10 07:31:04.554, 0, 83, 22068, 24576, 341.32
2026/08/10 07:31:04.555, 1, 83, 23396, 24576, 335.18
2026/08/10 07:31:04.556, 2, 83, 23156, 24576, 320.06
2026/08/10 07:31:09.556, 0, 100, 22968, 24576, 339.16
2026/08/10 07:31:09.557, 1, 100, 23496, 24576, 325.85
2026/08/10 07:31:09.558, 2, 98, 23156, 24576, 322.48
2026/08/10 07:31:14.558, 0, 92, 14410, 24576, 303.12
2026/08/10 07:31:14.559, 1, 99, 13322, 24576, 313.25
2026/08/10 07:31:14.559, 2, 98, 13942, 24576, 314.85
2026/08/10 07:31:19.560, 0, 89, 22866, 24576, 343.43
2026/08/10 07:31:19.561, 1, 89, 22752, 24576, 320.09
2026/08/10 07:31:19.562, 2, 89, 23094, 24576, 331.38
2026/08/10 07:31:24.565, 0, 98, 20866, 24576, 327.81
2026/08/10 07:31:24.565, 1, 100, 22752, 24576, 329.56
2026/08/10 07:31:24.566, 2, 100, 23094, 24576, 332.92
2026/08/10 07:31:29.566, 0, 83, 22866, 24576, 300.28
2026/08/10 07:31:29.567, 1, 84, 22752, 24576, 298.84
2026/08/10 07:31:29.568, 2, 81, 23094, 24576, 291.61
2026/08/10 07:31:34.569, 0, 85, 22866, 24576, 338.95
2026/08/10 07:31:34.569, 1, 84, 22752, 24576, 315.51
2026/08/10 07:31:34.570, 2, 83, 23094, 24576, 328.80
2026/08/10 07:31:39.571, 0, 96, 15410, 24576, 300.19
2026/08/10 07:31:39.572, 1, 88, 11892, 24576, 297.18
2026/08/10 07:31:39.572, 2, 100, 23094, 24576, 331.75
2026/08/10 07:31:44.573, 0, 98, 21030, 24576, 312.82
2026/08/10 07:31:44.574, 1, 98, 13116, 24576, 292.23
2026/08/10 07:31:44.574, 2, 98, 23094, 24576, 318.11
2026/08/10 07:31:49.575, 0, 96, 23228, 24576, 290.08
2026/08/10 07:31:49.575, 1, 97, 22692, 24576, 303.39
2026/08/10 07:31:49.576, 2, 95, 23014, 24576, 311.97
2026/08/10 07:31:54.577, 0, 89, 23228, 24576, 318.52
2026/08/10 07:31:54.577, 1, 89, 22692, 24576, 317.80
2026/08/10 07:31:54.578, 2, 88, 23014, 24576, 327.47
2026/08/10 07:31:59.579, 0, 97, 23228, 24576, 318.07
2026/08/10 07:31:59.579, 1, 100, 22692, 24576, 318.47
2026/08/10 07:31:59.580, 2, 100, 23014, 24576, 326.35
2026/08/10 07:32:04.581, 0, 84, 23228, 24576, 339.67
2026/08/10 07:32:04.582, 1, 85, 22692, 24576, 334.88
2026/08/10 07:32:04.582, 2, 84, 23014, 24576, 335.91
2026/08/10 07:32:09.583, 0, 100, 23228, 24576, 298.80
2026/08/10 07:32:09.584, 1, 98, 22692, 24576, 298.87
2026/08/10 07:32:09.585, 2, 97, 23014, 24576, 324.45
2026/08/10 07:32:14.585, 0, 98, 13750, 24576, 340.27
2026/08/10 07:32:14.586, 1, 99, 12862, 24576, 315.38
2026/08/10 07:32:14.586, 2, 98, 13064, 24576, 322.58
2026/08/10 07:32:19.588, 0, 100, 23648, 24576, 289.75
2026/08/10 07:32:19.588, 1, 100, 22198, 24576, 289.90
2026/08/10 07:32:19.589, 2, 100, 23662, 24576, 314.46
2026/08/10 07:32:24.589, 0, 97, 23668, 24576, 312.74
2026/08/10 07:32:24.590, 1, 94, 22532, 24576, 312.82
2026/08/10 07:32:24.591, 2, 94, 24256, 24576, 335.03
2026/08/10 07:32:29.592, 0, 100, 23668, 24576, 298.74
2026/08/10 07:32:29.592, 1, 100, 21032, 24576, 295.66
2026/08/10 07:32:29.593, 2, 100, 22416, 24576, 310.23
2026/08/10 07:32:34.594, 0, 81, 23668, 24576, 337.44
2026/08/10 07:32:34.595, 1, 83, 20552, 24576, 333.27
2026/08/10 07:32:34.596, 2, 81, 22056, 24576, 328.65
2026/08/10 07:32:39.597, 0, 86, 23668, 24576, 340.41
2026/08/10 07:32:39.597, 1, 86, 20552, 24576, 336.90
2026/08/10 07:32:39.598, 2, 83, 22056, 24576, 310.17
2026/08/10 07:32:44.599, 0, 98, 23668, 24576, 339.84
2026/08/10 07:32:44.599, 1, 98, 20552, 24576, 320.80
2026/08/10 07:32:44.600, 2, 98, 13982, 24576, 335.69
2026/08/10 07:32:49.600, 0, 100, 23668, 24576, 200.48
2026/08/10 07:32:49.601, 1, 100, 20552, 24576, 237.68
2026/08/10 07:32:49.602, 2, 98, 13978, 24576, 315.62
2026/08/10 07:32:54.603, 0, 100, 23668, 24576, 323.17
2026/08/10 07:32:54.603, 1, 100, 22192, 24576, 327.39
2026/08/10 07:32:54.604, 2, 100, 23234, 24576, 320.65
2026/08/10 07:32:59.605, 0, 89, 23668, 24576, 322.66
2026/08/10 07:32:59.605, 1, 100, 22192, 24576, 327.18
2026/08/10 07:32:59.606, 2, 100, 23234, 24576, 326.42
2026/08/10 07:33:04.606, 0, 83, 23668, 24576, 337.62
2026/08/10 07:33:04.607, 1, 84, 22192, 24576, 332.50
2026/08/10 07:33:04.608, 2, 83, 23234, 24576, 277.12
2026/08/10 07:33:09.608, 0, 86, 23668, 24576, 341.52
2026/08/10 07:33:09.609, 1, 86, 22192, 24576, 325.60
2026/08/10 07:33:09.610, 2, 82, 23234, 24576, 335.23
2026/08/10 07:33:14.610, 0, 98, 17130, 24576, 299.44
2026/08/10 07:33:14.611, 1, 91, 12998, 24576, 288.39
2026/08/10 07:33:14.611, 2, 90, 13922, 24576, 297.15
2026/08/10 07:33:19.612, 0, 98, 20770, 24576, 318.41
2026/08/10 07:33:19.613, 1, 100, 13062, 24576, 301.62
2026/08/10 07:33:19.616, 2, 98, 21478, 24576, 338.06
2026/08/10 07:33:24.617, 0, 89, 23268, 24576, 309.76
2026/08/10 07:33:24.617, 1, 100, 23216, 24576, 327.14
2026/08/10 07:33:24.618, 2, 92, 22052, 24576, 305.12
2026/08/10 07:33:29.619, 0, 100, 23268, 24576, 319.84
2026/08/10 07:33:29.622, 1, 96, 23216, 24576, 332.82
2026/08/10 07:33:29.622, 2, 89, 22052, 24576, 308.61
2026/08/10 07:33:34.623, 0, 100, 23268, 24576, 317.33
2026/08/10 07:33:34.624, 1, 100, 23216, 24576, 328.36
2026/08/10 07:33:34.624, 2, 89, 22052, 24576, 303.58
2026/08/10 07:33:39.625, 0, 83, 23268, 24576, 340.24
2026/08/10 07:33:39.625, 1, 84, 23216, 24576, 324.66
2026/08/10 07:33:39.626, 2, 82, 22052, 24576, 334.40
2026/08/10 07:33:44.627, 0, 82, 23268, 24576, 330.42
2026/08/10 07:33:44.628, 1, 85, 23216, 24576, 320.28
2026/08/10 07:33:44.629, 2, 84, 22052, 24576, 338.04
2026/08/10 07:33:49.629, 0, 98, 13470, 24576, 341.43
2026/08/10 07:33:49.630, 1, 98, 16082, 24576, 311.80
2026/08/10 07:33:49.630, 2, 98, 13302, 24576, 296.45
2026/08/10 07:33:54.631, 0, 100, 22986, 24576, 320.12
2026/08/10 07:33:54.632, 1, 100, 23154, 24576, 311.26
2026/08/10 07:33:54.633, 2, 97, 23052, 24576, 318.50
2026/08/10 07:33:59.633, 0, 94, 21126, 24576, 314.79
2026/08/10 07:33:59.634, 1, 95, 20934, 24576, 319.12
2026/08/10 07:33:59.634, 2, 100, 23052, 24576, 303.57
2026/08/10 07:34:04.635, 0, 89, 20906, 24576, 303.92
2026/08/10 07:34:04.636, 1, 92, 23154, 24576, 304.15
2026/08/10 07:34:04.636, 2, 100, 23052, 24576, 304.18
2026/08/10 07:34:09.637, 0, 86, 20906, 24576, 339.81
2026/08/10 07:34:09.638, 1, 84, 23154, 24576, 318.60
2026/08/10 07:34:09.638, 2, 83, 23052, 24576, 335.02
2026/08/10 07:34:14.639, 0, 86, 20906, 24576, 340.72
2026/08/10 07:34:14.640, 1, 79, 23154, 24576, 315.22
2026/08/10 07:34:14.640, 2, 80, 23052, 24576, 322.71
2026/08/10 07:34:19.641, 0, 100, 13590, 24576, 336.97
2026/08/10 07:34:19.642, 1, 100, 22722, 24576, 330.30
2026/08/10 07:34:19.642, 2, 100, 14262, 24576, 336.44
2026/08/10 07:34:24.643, 0, 98, 13590, 24576, 339.29
2026/08/10 07:34:24.644, 1, 87, 13778, 24576, 288.26
2026/08/10 07:34:24.644, 2, 100, 12858, 24576, 205.44
2026/08/10 07:34:29.645, 0, 96, 23910, 24576, 334.59
2026/08/10 07:34:29.646, 1, 95, 22854, 24576, 306.72
2026/08/10 07:34:29.646, 2, 100, 23354, 24576, 301.07
2026/08/10 07:34:34.647, 0, 99, 23910, 24576, 337.32
2026/08/10 07:34:34.648, 1, 90, 21234, 24576, 312.58
2026/08/10 07:34:34.648, 2, 88, 23354, 24576, 308.28
2026/08/10 07:34:39.649, 0, 83, 23910, 24576, 290.52
2026/08/10 07:34:39.649, 1, 81, 22854, 24576, 283.17
2026/08/10 07:34:39.650, 2, 84, 23354, 24576, 275.43
2026/08/10 07:34:44.656, 0, 84, 23910, 24576, 338.19
2026/08/10 07:34:44.657, 1, 83, 22854, 24576, 315.18
2026/08/10 07:34:44.658, 2, 84, 23354, 24576, 337.36
2026/08/10 07:34:49.659, 0, 100, 13490, 24576, 301.71
2026/08/10 07:34:49.659, 1, 98, 16242, 24576, 293.80
2026/08/10 07:34:49.660, 2, 98, 13002, 24576, 286.34
2026/08/10 07:34:54.661, 0, 99, 13490, 24576, 338.17
2026/08/10 07:34:54.661, 1, 98, 19596, 24576, 307.81
2026/08/10 07:34:54.662, 2, 100, 13002, 24576, 323.44
2026/08/10 07:34:59.662, 0, 97, 23286, 24576, 306.29
2026/08/10 07:34:59.663, 1, 96, 21710, 24576, 307.26
2026/08/10 07:34:59.664, 2, 100, 21576, 24576, 322.01
2026/08/10 07:35:04.665, 0, 96, 23286, 24576, 304.53
2026/08/10 07:35:04.665, 1, 95, 21710, 24576, 305.08
2026/08/10 07:35:04.666, 2, 100, 21576, 24576, 326.79
2026/08/10 07:35:09.667, 0, 96, 23286, 24576, 303.08
2026/08/10 07:35:09.668, 1, 95, 21710, 24576, 305.40
2026/08/10 07:35:09.669, 2, 100, 21576, 24576, 326.83
2026/08/10 07:35:14.669, 0, 84, 23286, 24576, 336.99
2026/08/10 07:35:14.671, 1, 84, 21710, 24576, 326.27
2026/08/10 07:35:14.672, 2, 83, 21576, 24576, 328.48
2026/08/10 07:35:19.674, 0, 98, 23286, 24576, 339.35
2026/08/10 07:35:19.674, 1, 98, 21710, 24576, 335.91
2026/08/10 07:35:19.675, 2, 98, 21576, 24576, 328.51
2026/08/10 07:35:24.676, 0, 98, 23286, 24576, 338.26
2026/08/10 07:35:24.677, 1, 98, 12842, 24576, 324.48
2026/08/10 07:35:24.677, 2, 100, 13264, 24576, 323.46
2026/08/10 07:35:29.678, 0, 100, 23348, 24576, 330.25
2026/08/10 07:35:29.679, 1, 100, 20612, 24576, 310.86
2026/08/10 07:35:29.680, 2, 89, 23716, 24576, 337.05
2026/08/10 07:35:34.681, 0, 89, 23348, 24576, 329.84
2026/08/10 07:35:34.681, 1, 89, 20612, 24576, 313.93
2026/08/10 07:35:34.682, 2, 100, 23716, 24576, 326.10
2026/08/10 07:35:39.683, 0, 96, 23348, 24576, 317.14
2026/08/10 07:35:39.684, 1, 97, 22612, 24576, 314.06
2026/08/10 07:35:39.684, 2, 97, 23716, 24576, 328.82
2026/08/10 07:35:44.685, 0, 22, 23348, 24576, 299.97
2026/08/10 07:35:44.685, 1, 82, 20612, 24576, 333.20
2026/08/10 07:35:44.686, 2, 84, 23716, 24576, 331.66
2026/08/10 07:35:49.687, 0, 88, 23348, 24576, 341.57
2026/08/10 07:35:49.687, 1, 98, 20612, 24576, 278.23
2026/08/10 07:35:49.688, 2, 100, 23716, 24576, 294.13
2026/08/10 07:35:54.689, 0, 98, 13730, 24576, 339.27
2026/08/10 07:35:54.689, 1, 100, 19782, 24576, 304.35
2026/08/10 07:35:54.690, 2, 98, 23716, 24576, 313.14
2026/08/10 07:35:59.691, 0, 89, 23488, 24576, 324.50
2026/08/10 07:35:59.692, 1, 89, 22854, 24576, 330.15
2026/08/10 07:35:59.692, 2, 88, 23716, 24576, 313.13
2026/08/10 07:36:04.693, 0, 100, 23488, 24576, 336.83
2026/08/10 07:36:04.694, 1, 93, 20754, 24576, 314.12
2026/08/10 07:36:04.694, 2, 100, 23716, 24576, 315.90
2026/08/10 07:36:09.695, 0, 89, 23488, 24576, 339.09
2026/08/10 07:36:09.696, 1, 89, 21094, 24576, 317.76
2026/08/10 07:36:09.696, 2, 100, 23716, 24576, 331.15
2026/08/10 07:36:14.697, 0, 84, 23488, 24576, 339.63
2026/08/10 07:36:14.697, 1, 84, 22854, 24576, 322.97
2026/08/10 07:36:14.698, 2, 83, 23716, 24576, 337.48
2026/08/10 07:36:19.699, 0, 98, 23488, 24576, 326.52
2026/08/10 07:36:19.700, 1, 98, 22854, 24576, 317.61
2026/08/10 07:36:19.701, 2, 98, 23716, 24576, 317.27
2026/08/10 07:36:24.701, 0, 100, 18070, 24576, 337.72
2026/08/10 07:36:24.702, 1, 98, 13042, 24576, 296.93
2026/08/10 07:36:24.702, 2, 98, 12862, 24576, 334.92
2026/08/10 07:36:29.703, 0, 100, 23434, 24576, 315.34
2026/08/10 07:36:29.704, 1, 100, 23322, 24576, 286.80
2026/08/10 07:36:29.704, 2, 100, 22158, 24576, 269.04
2026/08/10 07:36:34.705, 0, 91, 23490, 24576, 318.24
2026/08/10 07:36:34.706, 1, 91, 21894, 24576, 309.11
2026/08/10 07:36:34.706, 2, 96, 22532, 24576, 302.09
2026/08/10 07:36:39.707, 0, 89, 23410, 24576, 334.10
2026/08/10 07:36:39.708, 1, 92, 23074, 24576, 319.84
2026/08/10 07:36:39.708, 2, 100, 22532, 24576, 282.02
2026/08/10 07:36:44.709, 0, 84, 23490, 24576, 337.77
2026/08/10 07:36:44.710, 1, 84, 21894, 24576, 333.61
2026/08/10 07:36:44.711, 2, 82, 20512, 24576, 333.41
2026/08/10 07:36:49.712, 0, 84, 23490, 24576, 341.79
2026/08/10 07:36:49.712, 1, 85, 21894, 24576, 326.18
2026/08/10 07:36:49.713, 2, 85, 20512, 24576, 337.01
2026/08/10 07:36:54.714, 0, 98, 13450, 24576, 338.93
2026/08/10 07:36:54.715, 1, 98, 23382, 24576, 300.93
2026/08/10 07:36:54.715, 2, 98, 21182, 24576, 338.74
2026/08/10 07:36:59.716, 0, 100, 13450, 24576, 252.16
2026/08/10 07:36:59.717, 1, 99, 13022, 24576, 314.89
2026/08/10 07:36:59.717, 2, 98, 23878, 24576, 338.77
2026/08/10 07:37:04.718, 0, 94, 23406, 24576, 325.81
2026/08/10 07:37:04.718, 1, 100, 23272, 24576, 326.98
2026/08/10 07:37:04.719, 2, 88, 22072, 24576, 321.33
2026/08/10 07:37:09.720, 0, 89, 23406, 24576, 324.80
2026/08/10 07:37:09.720, 1, 89, 23272, 24576, 323.74
2026/08/10 07:37:09.721, 2, 88, 22072, 24576, 321.62
2026/08/10 07:37:14.722, 0, 84, 23406, 24576, 276.77
2026/08/10 07:37:14.723, 1, 85, 23272, 24576, 287.05
2026/08/10 07:37:14.723, 2, 0, 22072, 24576, 231.45
2026/08/10 07:37:19.724, 0, 87, 23406, 24576, 339.52
2026/08/10 07:37:19.725, 1, 86, 23272, 24576, 322.29
2026/08/10 07:37:19.725, 2, 80, 22072, 24576, 331.15
2026/08/10 07:37:24.726, 0, 92, 13350, 24576, 297.36
2026/08/10 07:37:24.727, 1, 92, 13942, 24576, 287.29
2026/08/10 07:37:24.727, 2, 100, 13982, 24576, 289.59
2026/08/10 07:37:29.728, 0, 99, 13710, 24576, 340.41
2026/08/10 07:37:29.729, 1, 98, 13918, 24576, 333.64
2026/08/10 07:37:29.729, 2, 98, 13978, 24576, 338.41
2026/08/10 07:37:34.730, 0, 89, 23488, 24576, 330.56
2026/08/10 07:37:34.731, 1, 100, 20692, 24576, 303.69
2026/08/10 07:37:34.731, 2, 100, 22132, 24576, 318.60
2026/08/10 07:37:39.732, 0, 89, 23488, 24576, 330.00
2026/08/10 07:37:39.733, 1, 100, 20692, 24576, 311.70
2026/08/10 07:37:39.736, 2, 89, 22132, 24576, 323.30
2026/08/10 07:37:44.737, 0, 83, 23488, 24576, 304.71
2026/08/10 07:37:44.738, 1, 0, 22732, 24576, 271.19
2026/08/10 07:37:44.748, 2, 80, 22132, 24576, 289.72
2026/08/10 07:37:49.749, 0, 83, 23488, 24576, 340.85
2026/08/10 07:37:49.749, 1, 84, 22732, 24576, 331.34
2026/08/10 07:37:49.750, 2, 82, 22132, 24576, 338.15
2026/08/10 07:37:54.751, 0, 98, 13490, 24576, 299.43
2026/08/10 07:37:54.752, 1, 89, 16192, 24576, 297.72
2026/08/10 07:37:54.753, 2, 88, 12838, 24576, 291.47
2026/08/10 07:37:59.754, 0, 98, 13490, 24576, 338.86
2026/08/10 07:37:59.755, 1, 98, 13064, 24576, 319.10
2026/08/10 07:37:59.755, 2, 98, 12862, 24576, 326.23
2026/08/10 07:38:04.756, 0, 100, 23608, 24576, 322.59
2026/08/10 07:38:04.757, 1, 100, 24196, 24576, 328.64
2026/08/10 07:38:04.757, 2, 94, 22714, 24576, 313.71
2026/08/10 07:38:09.758, 0, 96, 23608, 24576, 299.06
2026/08/10 07:38:09.758, 1, 96, 24196, 24576, 320.36
2026/08/10 07:38:09.759, 2, 100, 22714, 24576, 296.73
2026/08/10 07:38:14.759, 0, 100, 21508, 24576, 307.46
2026/08/10 07:38:14.760, 1, 100, 21996, 24576, 304.95
2026/08/10 07:38:14.760, 2, 86, 21034, 24576, 312.80
2026/08/10 07:38:19.761, 0, 83, 21508, 24576, 339.21
2026/08/10 07:38:19.762, 1, 83, 21996, 24576, 321.29
2026/08/10 07:38:19.763, 2, 84, 20714, 24576, 338.03
2026/08/10 07:38:24.764, 0, 98, 21508, 24576, 261.93
2026/08/10 07:38:24.765, 1, 98, 21996, 24576, 261.32
2026/08/10 07:38:24.765, 2, 77, 20714, 24576, 339.34
2026/08/10 07:38:29.766, 0, 100, 13432, 24576, 340.66
2026/08/10 07:38:29.767, 1, 100, 17596, 24576, 296.05
2026/08/10 07:38:29.767, 2, 98, 13062, 24576, 328.02
2026/08/10 07:38:34.768, 0, 100, 23986, 24576, 316.49
2026/08/10 07:38:34.769, 1, 100, 21990, 24576, 313.31
2026/08/10 07:38:34.769, 2, 86, 23734, 24576, 327.10
2026/08/10 07:38:39.770, 0, 90, 20806, 24576, 314.73
2026/08/10 07:38:39.771, 1, 89, 20330, 24576, 310.99
2026/08/10 07:38:39.771, 2, 95, 21514, 24576, 319.27
2026/08/10 07:38:44.772, 0, 100, 20806, 24576, 323.14
2026/08/10 07:38:44.773, 1, 100, 20330, 24576, 315.96
2026/08/10 07:38:44.773, 2, 100, 21514, 24576, 327.67
2026/08/10 07:38:49.776, 0, 85, 20806, 24576, 339.54
2026/08/10 07:38:49.777, 1, 84, 20330, 24576, 333.69
2026/08/10 07:38:49.777, 2, 83, 21514, 24576, 333.87
2026/08/10 07:38:54.778, 0, 83, 20806, 24576, 324.07
2026/08/10 07:38:54.779, 1, 97, 20330, 24576, 271.80
2026/08/10 07:38:54.779, 2, 76, 21514, 24576, 321.01
2026/08/10 07:38:59.780, 0, 99, 18130, 24576, 342.56
2026/08/10 07:38:59.781, 1, 98, 20330, 24576, 310.86
2026/08/10 07:38:59.781, 2, 98, 19602, 24576, 315.32
2026/08/10 07:39:04.782, 0, 100, 22628, 24576, 315.25
2026/08/10 07:39:04.783, 1, 100, 20834, 24576, 311.22
2026/08/10 07:39:04.783, 2, 100, 22874, 24576, 342.92
2026/08/10 07:39:09.784, 0, 89, 23688, 24576, 338.32
2026/08/10 07:39:09.784, 1, 100, 20834, 24576, 317.13
2026/08/10 07:39:09.785, 2, 88, 22874, 24576, 339.06
2026/08/10 07:39:14.786, 0, 89, 23688, 24576, 340.98
2026/08/10 07:39:14.787, 1, 92, 20834, 24576, 314.45
2026/08/10 07:39:14.788, 2, 88, 22874, 24576, 321.95
2026/08/10 07:39:19.788, 0, 85, 23688, 24576, 339.36
2026/08/10 07:39:19.789, 1, 79, 20834, 24576, 320.90
2026/08/10 07:39:19.790, 2, 82, 22874, 24576, 335.28
2026/08/10 07:39:24.791, 0, 86, 23688, 24576, 322.09
2026/08/10 07:39:24.791, 1, 86, 20834, 24576, 319.10
2026/08/10 07:39:24.792, 2, 100, 22874, 24576, 279.80
2026/08/10 07:39:29.794, 0, 98, 13870, 24576, 303.29
2026/08/10 07:39:29.794, 1, 98, 13042, 24576, 298.39
2026/08/10 07:39:29.795, 2, 100, 17722, 24576, 319.56
2026/08/10 07:39:34.796, 0, 100, 23622, 24576, 323.26
2026/08/10 07:39:34.796, 1, 100, 23148, 24576, 233.09
2026/08/10 07:39:34.797, 2, 99, 23226, 24576, 212.89
2026/08/10 07:39:39.798, 0, 89, 21988, 24576, 323.26
2026/08/10 07:39:39.799, 1, 89, 21354, 24576, 321.14
2026/08/10 07:39:39.799, 2, 100, 23334, 24576, 323.27
2026/08/10 07:39:44.801, 0, 90, 21988, 24576, 326.51
2026/08/10 07:39:44.801, 1, 89, 21354, 24576, 324.74
2026/08/10 07:39:44.802, 2, 89, 23334, 24576, 326.61
2026/08/10 07:39:49.803, 0, 83, 21988, 24576, 337.17
2026/08/10 07:39:49.803, 1, 83, 21354, 24576, 334.96
2026/08/10 07:39:49.804, 2, 82, 23334, 24576, 335.60
2026/08/10 07:39:54.805, 0, 86, 21988, 24576, 338.59
2026/08/10 07:39:54.805, 1, 83, 21354, 24576, 321.54
2026/08/10 07:39:54.806, 2, 85, 23334, 24576, 330.95
2026/08/10 07:39:59.806, 0, 99, 13750, 24576, 340.81
2026/08/10 07:39:59.807, 1, 98, 21354, 24576, 313.57
2026/08/10 07:39:59.807, 2, 97, 23334, 24576, 326.61
2026/08/10 07:40:04.808, 0, 94, 13750, 24576, 278.01
2026/08/10 07:40:04.809, 1, 100, 21354, 24576, 312.16
2026/08/10 07:40:04.810, 2, 100, 23334, 24576, 239.76
2026/08/10 07:40:09.810, 0, 100, 23608, 24576, 325.92
2026/08/10 07:40:09.811, 1, 100, 21836, 24576, 317.25
2026/08/10 07:40:09.812, 2, 100, 22952, 24576, 321.64
2026/08/10 07:40:14.813, 0, 100, 23608, 24576, 328.36
2026/08/10 07:40:14.813, 1, 97, 21836, 24576, 317.34
2026/08/10 07:40:14.814, 2, 99, 22952, 24576, 313.22
2026/08/10 07:40:19.815, 0, 98, 23608, 24576, 316.41
2026/08/10 07:40:19.816, 1, 94, 21836, 24576, 311.18
2026/08/10 07:40:19.816, 2, 91, 22952, 24576, 290.42
2026/08/10 07:40:24.817, 0, 84, 23608, 24576, 338.79
2026/08/10 07:40:24.817, 1, 84, 21836, 24576, 309.68
2026/08/10 07:40:24.818, 2, 83, 22952, 24576, 331.99
2026/08/10 07:40:29.819, 0, 99, 23608, 24576, 341.26
2026/08/10 07:40:29.820, 1, 98, 21836, 24576, 316.38
2026/08/10 07:40:29.820, 2, 98, 22952, 24576, 338.26
2026/08/10 07:40:34.821, 0, 98, 13550, 24576, 339.91
2026/08/10 07:40:34.822, 1, 98, 13002, 24576, 312.76
2026/08/10 07:40:34.823, 2, 98, 13002, 24576, 321.34
2026/08/10 07:40:39.823, 0, 92, 23088, 24576, 312.53
2026/08/10 07:40:39.824, 1, 91, 20934, 24576, 304.95
2026/08/10 07:40:39.825, 2, 88, 20954, 24576, 315.02
2026/08/10 07:40:44.826, 0, 95, 23088, 24576, 323.59
2026/08/10 07:40:44.826, 1, 93, 20934, 24576, 307.36
2026/08/10 07:40:44.827, 2, 98, 20954, 24576, 299.01
2026/08/10 07:40:49.828, 0, 100, 23088, 24576, 333.07
2026/08/10 07:40:49.828, 1, 100, 20934, 24576, 311.36
2026/08/10 07:40:49.829, 2, 100, 20954, 24576, 319.43
2026/08/10 07:40:54.829, 0, 84, 23088, 24576, 339.74
2026/08/10 07:40:54.830, 1, 84, 20934, 24576, 321.63
2026/08/10 07:40:54.830, 2, 83, 20954, 24576, 328.20
2026/08/10 07:40:59.831, 0, 99, 23088, 24576, 327.46
2026/08/10 07:40:59.832, 1, 97, 20934, 24576, 311.43
2026/08/10 07:40:59.833, 2, 98, 20954, 24576, 330.08
2026/08/10 07:41:04.833, 0, 99, 13490, 24576, 339.07
2026/08/10 07:41:04.834, 1, 98, 20934, 24576, 304.98
2026/08/10 07:41:04.834, 2, 98, 17744, 24576, 334.50
2026/08/10 07:41:09.835, 0, 100, 23352, 24576, 265.15
2026/08/10 07:41:09.836, 1, 100, 23994, 24576, 274.28
2026/08/10 07:41:09.837, 2, 98, 23276, 24576, 305.47
2026/08/10 07:41:14.838, 0, 100, 22688, 24576, 294.75
2026/08/10 07:41:14.838, 1, 100, 23258, 24576, 317.53
2026/08/10 07:41:14.839, 2, 96, 23336, 24576, 313.35
2026/08/10 07:41:19.839, 0, 100, 21628, 24576, 303.96
2026/08/10 07:41:19.840, 1, 100, 23258, 24576, 323.49
2026/08/10 07:41:19.841, 2, 95, 23336, 24576, 322.87
2026/08/10 07:41:24.841, 0, 83, 21628, 24576, 329.83
2026/08/10 07:41:24.842, 1, 83, 23258, 24576, 329.43
2026/08/10 07:41:24.843, 2, 83, 23336, 24576, 335.69
2026/08/10 07:41:29.844, 0, 85, 21628, 24576, 341.82
2026/08/10 07:41:29.844, 1, 79, 23258, 24576, 319.62
2026/08/10 07:41:29.845, 2, 84, 23336, 24576, 337.00
2026/08/10 07:41:34.846, 0, 100, 17888, 24576, 327.66
2026/08/10 07:41:34.847, 1, 98, 22358, 24576, 331.66
2026/08/10 07:41:34.848, 2, 94, 15436, 24576, 304.18
2026/08/10 07:41:39.849, 0, 98, 14450, 24576, 303.83
2026/08/10 07:41:39.849, 1, 100, 23482, 24576, 315.89
2026/08/10 07:41:39.850, 2, 98, 13062, 24576, 320.68
2026/08/10 07:41:44.850, 0, 94, 23486, 24576, 287.98
2026/08/10 07:41:44.851, 1, 93, 23156, 24576, 309.12
2026/08/10 07:41:44.851, 2, 90, 23034, 24576, 301.24
2026/08/10 07:41:49.852, 0, 89, 23486, 24576, 313.98
2026/08/10 07:41:49.853, 1, 89, 23156, 24576, 324.61
2026/08/10 07:41:49.853, 2, 89, 23034, 24576, 318.82
2026/08/10 07:41:54.854, 0, 92, 23486, 24576, 314.94
2026/08/10 07:41:54.855, 1, 100, 23156, 24576, 318.97
2026/08/10 07:41:54.857, 2, 98, 23034, 24576, 321.50
2026/08/10 07:41:59.858, 0, 81, 23486, 24576, 335.61
2026/08/10 07:41:59.859, 1, 84, 23156, 24576, 259.07
2026/08/10 07:41:59.859, 2, 81, 23034, 24576, 335.33
2026/08/10 07:42:04.860, 0, 85, 23486, 24576, 343.62
2026/08/10 07:42:04.862, 1, 81, 23156, 24576, 326.44
2026/08/10 07:42:04.862, 2, 83, 23034, 24576, 339.04
2026/08/10 07:42:09.863, 0, 98, 14450, 24576, 339.34
2026/08/10 07:42:09.864, 1, 98, 12842, 24576, 333.55
2026/08/10 07:42:09.864, 2, 100, 18322, 24576, 321.89
2026/08/10 07:42:14.865, 0, 90, 21858, 24576, 248.06
2026/08/10 07:42:14.865, 1, 92, 22408, 24576, 296.29
2026/08/10 07:42:14.866, 2, 90, 23430, 24576, 303.41
2026/08/10 07:42:19.867, 0, 97, 23126, 24576, 307.02
2026/08/10 07:42:19.868, 1, 100, 22792, 24576, 324.17
2026/08/10 07:42:19.868, 2, 98, 23494, 24576, 311.16
2026/08/10 07:42:24.869, 0, 100, 23126, 24576, 325.23
2026/08/10 07:42:24.870, 1, 89, 22792, 24576, 338.06
2026/08/10 07:42:24.871, 2, 100, 23494, 24576, 329.40
2026/08/10 07:42:29.871, 0, 84, 23126, 24576, 340.08
2026/08/10 07:42:29.872, 1, 83, 20812, 24576, 334.32
2026/08/10 07:42:29.873, 2, 85, 23494, 24576, 333.90
2026/08/10 07:42:34.873, 0, 86, 23126, 24576, 342.50
2026/08/10 07:42:34.874, 1, 85, 20812, 24576, 326.70
2026/08/10 07:42:34.875, 2, 85, 23494, 24576, 329.21
2026/08/10 07:42:39.876, 0, 98, 23126, 24576, 325.50
2026/08/10 07:42:39.876, 1, 98, 20812, 24576, 317.77
2026/08/10 07:42:39.877, 2, 98, 14422, 24576, 316.25
2026/08/10 07:42:44.877, 0, 89, 21012, 24576, 292.59
2026/08/10 07:42:44.878, 1, 86, 21672, 24576, 308.02
2026/08/10 07:42:44.879, 2, 100, 20710, 24576, 298.66
2026/08/10 07:42:49.880, 0, 87, 21366, 24576, 310.04
2026/08/10 07:42:49.880, 1, 100, 21672, 24576, 338.87
2026/08/10 07:42:49.881, 2, 100, 21074, 24576, 306.82
2026/08/10 07:42:54.882, 0, 100, 21366, 24576, 312.18
2026/08/10 07:42:54.883, 1, 100, 21672, 24576, 310.25
2026/08/10 07:42:54.883, 2, 88, 21074, 24576, 307.46
2026/08/10 07:42:59.884, 0, 84, 23066, 24576, 337.34
2026/08/10 07:42:59.885, 1, 83, 20672, 24576, 334.40
2026/08/10 07:42:59.885, 2, 84, 22834, 24576, 335.31
2026/08/10 07:43:04.886, 0, 86, 23066, 24576, 340.36
2026/08/10 07:43:04.887, 1, 86, 20672, 24576, 321.21
2026/08/10 07:43:04.887, 2, 82, 22834, 24576, 327.68
2026/08/10 07:43:09.888, 0, 98, 13570, 24576, 339.98
2026/08/10 07:43:09.889, 1, 100, 20672, 24576, 318.41
2026/08/10 07:43:09.889, 2, 98, 13222, 24576, 315.58
2026/08/10 07:43:14.893, 0, 89, 23768, 24576, 325.14
2026/08/10 07:43:14.894, 1, 87, 22674, 24576, 311.79
2026/08/10 07:43:14.894, 2, 100, 23134, 24576, 318.08
2026/08/10 07:43:19.895, 0, 94, 21928, 24576, 327.95
2026/08/10 07:43:19.896, 1, 93, 20674, 24576, 309.51
2026/08/10 07:43:19.897, 2, 100, 23134, 24576, 326.30
2026/08/10 07:43:24.898, 0, 85, 21928, 24576, 325.05
2026/08/10 07:43:24.898, 1, 90, 20674, 24576, 316.62
2026/08/10 07:43:24.899, 2, 87, 23134, 24576, 334.81
2026/08/10 07:43:29.899, 0, 83, 21928, 24576, 337.58
2026/08/10 07:43:29.900, 1, 82, 20674, 24576, 324.49
2026/08/10 07:43:29.900, 2, 82, 23134, 24576, 327.77
2026/08/10 07:43:34.901, 0, 98, 21928, 24576, 281.49
2026/08/10 07:43:34.902, 1, 76, 20674, 24576, 316.55
2026/08/10 07:43:34.902, 2, 98, 23134, 24576, 288.54
2026/08/10 07:43:39.903, 0, 98, 13750, 24576, 338.86
2026/08/10 07:43:39.904, 1, 100, 19562, 24576, 305.19
2026/08/10 07:43:39.904, 2, 98, 23134, 24576, 314.60
2026/08/10 07:43:44.905, 0, 89, 23708, 24576, 328.09
2026/08/10 07:43:44.906, 1, 98, 22132, 24576, 324.54
2026/08/10 07:43:44.906, 2, 89, 23254, 24576, 320.86
2026/08/10 07:43:49.907, 0, 100, 23708, 24576, 330.16
2026/08/10 07:43:49.908, 1, 88, 22132, 24576, 322.95
2026/08/10 07:43:49.909, 2, 100, 23254, 24576, 318.26
2026/08/10 07:43:54.909, 0, 100, 23708, 24576, 324.43
2026/08/10 07:43:54.910, 1, 89, 24172, 24576, 323.29
2026/08/10 07:43:54.910, 2, 100, 23254, 24576, 307.13
2026/08/10 07:43:59.911, 0, 44, 23708, 24576, 257.91
2026/08/10 07:43:59.912, 1, 82, 22132, 24576, 328.73
2026/08/10 07:43:59.912, 2, 81, 23254, 24576, 327.62
2026/08/10 07:44:04.913, 0, 73, 23708, 24576, 338.70
2026/08/10 07:44:04.914, 1, 97, 22132, 24576, 294.99
2026/08/10 07:44:04.915, 2, 98, 23254, 24576, 304.07
2026/08/10 07:44:09.916, 0, 98, 13430, 24576, 338.35
2026/08/10 07:44:09.916, 1, 95, 22132, 24576, 311.17
2026/08/10 07:44:09.917, 2, 98, 13042, 24576, 321.43
2026/08/10 07:44:14.918, 0, 96, 21548, 24576, 313.26
2026/08/10 07:44:14.918, 1, 94, 23516, 24576, 326.77
2026/08/10 07:44:14.919, 2, 100, 21314, 24576, 307.35
2026/08/10 07:44:19.920, 0, 97, 21548, 24576, 313.33
2026/08/10 07:44:19.920, 1, 96, 23516, 24576, 308.50
2026/08/10 07:44:19.921, 2, 100, 21314, 24576, 303.90
2026/08/10 07:44:24.921, 0, 96, 21548, 24576, 311.53
2026/08/10 07:44:24.922, 1, 95, 23516, 24576, 316.82
2026/08/10 07:44:24.923, 2, 99, 21314, 24576, 302.09
2026/08/10 07:44:29.923, 0, 84, 21548, 24576, 337.18
2026/08/10 07:44:29.924, 1, 81, 23516, 24576, 323.12
2026/08/10 07:44:29.924, 2, 84, 21314, 24576, 333.98
2026/08/10 07:44:34.926, 0, 86, 21548, 24576, 342.14
2026/08/10 07:44:34.926, 1, 86, 23516, 24576, 324.13
2026/08/10 07:44:34.927, 2, 100, 21314, 24576, 270.72
2026/08/10 07:44:39.928, 0, 98, 13530, 24576, 334.92
2026/08/10 07:44:39.928, 1, 98, 13062, 24576, 318.89
2026/08/10 07:44:39.929, 2, 98, 12862, 24576, 309.88
2026/08/10 07:44:44.930, 0, 94, 23888, 24576, 321.23
2026/08/10 07:44:44.931, 1, 93, 23294, 24576, 255.28
2026/08/10 07:44:44.931, 2, 92, 22292, 24576, 236.87
2026/08/10 07:44:49.932, 0, 94, 23290, 24576, 332.40
2026/08/10 07:44:49.932, 1, 97, 23714, 24576, 325.86
2026/08/10 07:44:49.933, 2, 89, 22032, 24576, 300.41
2026/08/10 07:44:54.934, 0, 94, 23290, 24576, 330.44
2026/08/10 07:44:54.935, 1, 96, 23714, 24576, 314.60
2026/08/10 07:44:54.935, 2, 85, 22032, 24576, 298.48
2026/08/10 07:44:59.936, 0, 83, 23290, 24576, 337.15
2026/08/10 07:44:59.936, 1, 83, 21494, 24576, 333.45
2026/08/10 07:44:59.937, 2, 80, 22032, 24576, 333.18
2026/08/10 07:45:04.938, 0, 83, 23290, 24576, 339.89
2026/08/10 07:45:04.939, 1, 86, 21494, 24576, 318.44
2026/08/10 07:45:04.939, 2, 83, 22032, 24576, 332.54
2026/08/10 07:45:09.940, 0, 98, 13290, 24576, 338.47
2026/08/10 07:45:09.941, 1, 98, 13002, 24576, 326.70
2026/08/10 07:45:09.941, 2, 98, 24202, 24576, 323.48
2026/08/10 07:45:14.942, 0, 100, 13290, 24576, 241.77
2026/08/10 07:45:14.943, 1, 98, 13002, 24576, 304.90
2026/08/10 07:45:14.943, 2, 82, 14078, 24576, 327.85
2026/08/10 07:45:19.944, 0, 94, 22706, 24576, 311.46
2026/08/10 07:45:19.945, 1, 95, 22676, 24576, 318.23
2026/08/10 07:45:19.945, 2, 90, 23112, 24576, 297.52
2026/08/10 07:45:24.946, 0, 100, 22706, 24576, 298.64
2026/08/10 07:45:24.946, 1, 100, 22676, 24576, 318.35
2026/08/10 07:45:24.947, 2, 96, 20572, 24576, 297.64
2026/08/10 07:45:29.948, 0, 18, 20806, 24576, 268.01
2026/08/10 07:45:29.949, 1, 30, 21596, 24576, 291.06
2026/08/10 07:45:29.949, 2, 21, 23112, 24576, 276.00
2026/08/10 07:45:34.950, 0, 85, 20806, 24576, 338.95
2026/08/10 07:45:34.951, 1, 85, 21596, 24576, 312.96
2026/08/10 07:45:34.952, 2, 81, 23112, 24576, 328.77
2026/08/10 07:45:39.952, 0, 98, 23646, 24576, 341.19
2026/08/10 07:45:39.953, 1, 98, 22056, 24576, 335.21
2026/08/10 07:45:39.954, 2, 98, 23112, 24576, 334.18
2026/08/10 07:45:44.955, 0, 98, 13570, 24576, 341.62
2026/08/10 07:45:44.955, 1, 100, 12756, 24576, 333.95
2026/08/10 07:45:44.956, 2, 98, 13282, 24576, 314.19
2026/08/10 07:45:49.956, 0, 89, 21928, 24576, 322.14
2026/08/10 07:45:49.957, 1, 93, 20712, 24576, 313.46
2026/08/10 07:45:49.957, 2, 88, 23656, 24576, 331.75
2026/08/10 07:45:54.958, 0, 91, 24148, 24576, 324.07
2026/08/10 07:45:54.959, 1, 89, 22632, 24576, 313.81
2026/08/10 07:45:54.959, 2, 100, 23656, 24576, 317.95
2026/08/10 07:45:59.960, 0, 96, 24148, 24576, 320.93
2026/08/10 07:45:59.961, 1, 97, 22632, 24576, 312.71
2026/08/10 07:45:59.962, 2, 97, 23656, 24576, 326.31
2026/08/10 07:46:04.963, 0, 84, 21928, 24576, 339.58
2026/08/10 07:46:04.964, 1, 84, 20712, 24576, 335.04
2026/08/10 07:46:04.964, 2, 82, 23656, 24576, 327.12
2026/08/10 07:46:09.965, 0, 75, 21928, 24576, 338.68
2026/08/10 07:46:09.966, 1, 100, 20712, 24576, 291.73
2026/08/10 07:46:09.966, 2, 97, 23656, 24576, 198.37
2026/08/10 07:46:14.967, 0, 98, 21928, 24576, 338.66
2026/08/10 07:46:14.968, 1, 99, 13300, 24576, 309.39
2026/08/10 07:46:14.968, 2, 100, 17418, 24576, 293.08
2026/08/10 07:46:19.969, 0, 94, 24088, 24576, 318.31
2026/08/10 07:46:19.969, 1, 93, 22194, 24576, 248.84
2026/08/10 07:46:19.970, 2, 84, 19650, 24576, 236.60
2026/08/10 07:46:24.971, 0, 89, 23350, 24576, 327.87
2026/08/10 07:46:24.972, 1, 100, 22250, 24576, 305.98
2026/08/10 07:46:24.975, 2, 88, 19710, 24576, 279.56
2026/08/10 07:46:29.975, 0, 95, 23350, 24576, 330.82
2026/08/10 07:46:29.979, 1, 98, 22250, 24576, 286.63
2026/08/10 07:46:29.980, 2, 100, 21430, 24576, 297.44
2026/08/10 07:46:34.981, 0, 84, 23350, 24576, 335.88
2026/08/10 07:46:34.981, 1, 84, 22250, 24576, 335.88
2026/08/10 07:46:34.982, 2, 80, 21650, 24576, 331.91
2026/08/10 07:46:39.983, 0, 86, 23350, 24576, 337.66
2026/08/10 07:46:39.983, 1, 83, 22250, 24576, 336.77
2026/08/10 07:46:39.984, 2, 82, 21650, 24576, 335.54
2026/08/10 07:46:44.985, 0, 90, 15710, 24576, 303.64
2026/08/10 07:46:44.986, 1, 98, 23860, 24576, 334.18
2026/08/10 07:46:44.986, 2, 98, 13982, 24576, 331.73
2026/08/10 07:46:49.988, 0, 76, 16270, 24576, 296.85
2026/08/10 07:46:49.988, 1, 89, 14336, 24576, 303.27
2026/08/10 07:46:49.989, 2, 100, 13978, 24576, 240.37
2026/08/10 07:46:54.989, 0, 100, 23028, 24576, 329.52
2026/08/10 07:46:54.990, 1, 89, 21870, 24576, 336.08
2026/08/10 07:46:54.991, 2, 100, 22752, 24576, 338.48
2026/08/10 07:46:59.991, 0, 89, 23028, 24576, 328.76
2026/08/10 07:46:59.992, 1, 100, 21870, 24576, 339.26
2026/08/10 07:46:59.992, 2, 82, 22752, 24576, 337.87
2026/08/10 07:47:04.993, 0, 85, 23028, 24576, 336.78
2026/08/10 07:47:04.994, 1, 85, 21870, 24576, 332.83
2026/08/10 07:47:04.994, 2, 82, 22752, 24576, 330.44
2026/08/10 07:47:09.995, 0, 85, 23028, 24576, 338.91
2026/08/10 07:47:09.996, 1, 86, 21870, 24576, 325.13
2026/08/10 07:47:09.996, 2, 82, 22752, 24576, 336.22
2026/08/10 07:47:14.997, 0, 99, 23370, 24576, 337.04
2026/08/10 07:47:14.997, 1, 98, 21382, 24576, 332.07
2026/08/10 07:47:14.998, 2, 98, 13002, 24576, 330.77
2026/08/10 07:47:19.999, 0, 93, 12750, 24576, 298.77
2026/08/10 07:47:20.000, 1, 47, 13176, 24576, 284.09
2026/08/10 07:47:20.000, 2, 46, 13002, 24576, 277.16
2026/08/10 07:47:25.001, 0, 94, 22968, 24576, 316.54
2026/08/10 07:47:25.002, 1, 100, 22592, 24576, 312.27
2026/08/10 07:47:25.002, 2, 92, 20734, 24576, 312.69
2026/08/10 07:47:30.003, 0, 100, 22968, 24576, 328.07
2026/08/10 07:47:30.004, 1, 100, 22592, 24576, 328.46
2026/08/10 07:47:30.004, 2, 93, 20734, 24576, 311.90
2026/08/10 07:47:35.005, 0, 83, 22968, 24576, 333.34
2026/08/10 07:47:35.006, 1, 84, 22592, 24576, 331.52
2026/08/10 07:47:35.006, 2, 84, 20734, 24576, 332.29
2026/08/10 07:47:40.007, 0, 85, 22968, 24576, 338.47
2026/08/10 07:47:40.008, 1, 84, 22592, 24576, 312.56
2026/08/10 07:47:40.009, 2, 83, 20734, 24576, 312.60
2026/08/10 07:47:45.010, 0, 98, 22968, 24576, 338.61
2026/08/10 07:47:45.010, 1, 98, 12802, 24576, 336.59
2026/08/10 07:47:45.011, 2, 98, 13922, 24576, 327.85
2026/08/10 07:47:50.012, 0, 88, 22968, 24576, 207.10
2026/08/10 07:47:50.013, 1, 88, 15922, 24576, 272.86
2026/08/10 07:47:50.013, 2, 35, 16558, 24576, 299.56
2026/08/10 07:47:55.014, 0, 91, 23106, 24576, 339.70
2026/08/10 07:47:55.015, 1, 89, 20352, 24576, 302.76
2026/08/10 07:47:55.016, 2, 88, 22192, 24576, 322.45
2026/08/10 07:48:00.016, 0, 100, 23106, 24576, 340.10
2026/08/10 07:48:00.017, 1, 89, 20352, 24576, 302.81
2026/08/10 07:48:00.017, 2, 88, 22192, 24576, 319.93
2026/08/10 07:48:05.018, 0, 24, 23106, 24576, 182.42
2026/08/10 07:48:05.018, 1, 82, 20032, 24576, 331.28
2026/08/10 07:48:05.019, 2, 82, 22192, 24576, 333.54
2026/08/10 07:48:10.020, 0, 85, 23106, 24576, 340.30
2026/08/10 07:48:10.020, 1, 84, 20032, 24576, 316.50
2026/08/10 07:48:10.021, 2, 82, 22192, 24576, 334.29
2026/08/10 07:48:15.022, 0, 100, 23106, 24576, 342.57
2026/08/10 07:48:15.023, 1, 98, 21332, 24576, 335.70
2026/08/10 07:48:15.023, 2, 98, 22192, 24576, 335.86
2026/08/10 07:48:20.024, 0, 98, 13570, 24576, 343.05
2026/08/10 07:48:20.025, 1, 98, 13342, 24576, 333.23
2026/08/10 07:48:20.026, 2, 98, 22192, 24576, 322.24
2026/08/10 07:48:25.026, 0, 100, 22868, 24576, 332.56
2026/08/10 07:48:25.027, 1, 100, 23254, 24576, 302.61
2026/08/10 07:48:25.027, 2, 97, 22834, 24576, 326.22
2026/08/10 07:48:30.028, 0, 98, 21008, 24576, 329.27
2026/08/10 07:48:30.029, 1, 97, 23254, 24576, 309.55
2026/08/10 07:48:30.029, 2, 95, 21054, 24576, 317.16
2026/08/10 07:48:35.030, 0, 94, 21908, 24576, 325.86
2026/08/10 07:48:35.031, 1, 97, 23254, 24576, 312.36
2026/08/10 07:48:35.032, 2, 91, 23334, 24576, 314.23
2026/08/10 07:48:40.033, 0, 83, 21908, 24576, 341.01
2026/08/10 07:48:40.033, 1, 83, 23254, 24576, 326.70
2026/08/10 07:48:40.034, 2, 81, 23334, 24576, 335.41
2026/08/10 07:48:45.035, 0, 98, 23268, 24576, 340.03
2026/08/10 07:48:45.036, 1, 98, 23254, 24576, 336.49
2026/08/10 07:48:45.036, 2, 98, 23334, 24576, 326.88
2026/08/10 07:48:50.037, 0, 93, 16790, 24576, 311.76
2026/08/10 07:48:50.038, 1, 98, 23322, 24576, 323.07
2026/08/10 07:48:50.038, 2, 97, 23334, 24576, 316.20
2026/08/10 07:48:55.039, 0, 86, 23688, 24576, 327.77
2026/08/10 07:48:55.039, 1, 89, 21972, 24576, 324.58
2026/08/10 07:48:55.040, 2, 85, 20672, 24576, 295.18
2026/08/10 07:49:00.041, 0, 100, 23688, 24576, 319.57
2026/08/10 07:49:00.041, 1, 89, 21972, 24576, 317.63
2026/08/10 07:49:00.042, 2, 88, 20672, 24576, 303.51
2026/08/10 07:49:05.043, 0, 100, 23688, 24576, 313.82
2026/08/10 07:49:05.043, 1, 100, 22632, 24576, 320.62
2026/08/10 07:49:05.044, 2, 95, 22772, 24576, 300.25
2026/08/10 07:49:10.045, 0, 84, 23688, 24576, 340.85
2026/08/10 07:49:10.046, 1, 85, 21972, 24576, 321.74
2026/08/10 07:49:10.047, 2, 84, 22772, 24576, 336.00
2026/08/10 07:49:15.047, 0, 100, 23688, 24576, 335.38
2026/08/10 07:49:15.048, 1, 100, 21972, 24576, 330.32
2026/08/10 07:49:15.049, 2, 100, 22772, 24576, 323.43
2026/08/10 07:49:20.049, 0, 98, 21430, 24576, 335.26
2026/08/10 07:49:20.050, 1, 100, 12842, 24576, 323.65
2026/08/10 07:49:20.050, 2, 96, 13042, 24576, 321.62
2026/08/10 07:49:25.051, 0, 100, 22726, 24576, 340.73
2026/08/10 07:49:25.052, 1, 100, 22912, 24576, 337.01
2026/08/10 07:49:25.052, 2, 100, 22932, 24576, 342.39
2026/08/10 07:49:30.053, 0, 100, 20706, 24576, 329.99
2026/08/10 07:49:30.054, 1, 100, 20992, 24576, 318.95
2026/08/10 07:49:30.054, 2, 89, 20912, 24576, 330.92
2026/08/10 07:49:35.055, 0, 98, 21626, 24576, 331.58
2026/08/10 07:49:35.056, 1, 96, 20912, 24576, 311.26
2026/08/10 07:49:35.056, 2, 100, 20692, 24576, 320.68
2026/08/10 07:49:40.057, 0, 85, 21626, 24576, 338.19
2026/08/10 07:49:40.058, 1, 86, 20912, 24576, 321.62
2026/08/10 07:49:40.058, 2, 82, 20692, 24576, 329.21
2026/08/10 07:49:45.059, 0, 98, 21626, 24576, 322.47
2026/08/10 07:49:45.060, 1, 99, 20912, 24576, 308.48
2026/08/10 07:49:45.060, 2, 98, 20692, 24576, 326.97
2026/08/10 07:49:50.061, 0, 100, 21626, 24576, 334.76
2026/08/10 07:49:50.062, 1, 98, 24162, 24576, 303.90
2026/08/10 07:49:50.062, 2, 98, 20692, 24576, 320.07
2026/08/10 07:49:55.063, 0, 93, 23268, 24576, 332.06
2026/08/10 07:49:55.064, 1, 92, 23294, 24576, 303.17
2026/08/10 07:49:55.064, 2, 79, 20592, 24576, 303.41
2026/08/10 07:50:00.065, 0, 100, 23268, 24576, 331.50
2026/08/10 07:50:00.066, 1, 100, 21574, 24576, 315.64
2026/08/10 07:50:00.067, 2, 100, 21612, 24576, 306.17
2026/08/10 07:50:05.068, 0, 89, 23648, 24576, 335.88
2026/08/10 07:50:05.068, 1, 89, 23294, 24576, 324.37
2026/08/10 07:50:05.069, 2, 100, 22812, 24576, 324.70
2026/08/10 07:50:10.070, 0, 82, 23268, 24576, 335.86
2026/08/10 07:50:10.071, 1, 81, 23294, 24576, 307.99
2026/08/10 07:50:10.071, 2, 83, 20592, 24576, 336.03
2026/08/10 07:50:15.072, 0, 85, 23268, 24576, 339.61
2026/08/10 07:50:15.072, 1, 86, 23294, 24576, 320.64
2026/08/10 07:50:15.073, 2, 83, 20592, 24576, 332.11
2026/08/10 07:50:20.073, 0, 98, 13450, 24576, 335.82
2026/08/10 07:50:20.074, 1, 100, 13042, 24576, 290.93
2026/08/10 07:50:20.075, 2, 98, 13922, 24576, 334.01
2026/08/10 07:50:25.076, 0, 100, 19512, 24576, 218.27
2026/08/10 07:50:25.076, 1, 61, 18838, 24576, 298.02
2026/08/10 07:50:25.077, 2, 88, 18998, 24576, 255.08
2026/08/10 07:50:30.078, 0, 89, 23566, 24576, 328.57
2026/08/10 07:50:30.079, 1, 89, 21134, 24576, 302.92
2026/08/10 07:50:30.079, 2, 88, 22954, 24576, 323.85
2026/08/10 07:50:35.080, 0, 89, 23566, 24576, 328.37
2026/08/10 07:50:35.081, 1, 89, 21134, 24576, 313.30
2026/08/10 07:50:35.081, 2, 88, 22954, 24576, 323.10
2026/08/10 07:50:40.082, 0, 81, 23566, 24576, 334.85
2026/08/10 07:50:40.083, 1, 82, 20774, 24576, 333.52
2026/08/10 07:50:40.084, 2, 80, 22954, 24576, 334.74
2026/08/10 07:50:45.085, 0, 85, 23566, 24576, 338.53
2026/08/10 07:50:45.085, 1, 86, 20774, 24576, 319.84
2026/08/10 07:50:45.086, 2, 82, 22954, 24576, 338.55
2026/08/10 07:50:50.086, 0, 100, 23566, 24576, 337.00
2026/08/10 07:50:50.087, 1, 98, 12942, 24576, 330.43
2026/08/10 07:50:50.087, 2, 98, 12742, 24576, 325.09
2026/08/10 07:50:55.089, 0, 98, 23566, 24576, 337.34
2026/08/10 07:50:55.089, 1, 100, 13302, 24576, 265.29
2026/08/10 07:50:55.091, 2, 100, 13062, 24576, 252.90
2026/08/10 07:51:00.092, 0, 93, 23630, 24576, 335.38
2026/08/10 07:51:00.095, 1, 100, 23012, 24576, 320.10
2026/08/10 07:51:00.096, 2, 89, 22190, 24576, 312.29
2026/08/10 07:51:05.096, 0, 89, 23270, 24576, 336.36
2026/08/10 07:51:05.097, 1, 100, 23012, 24576, 320.84
2026/08/10 07:51:05.097, 2, 89, 22190, 24576, 311.76
2026/08/10 07:51:10.098, 0, 85, 23270, 24576, 287.02
2026/08/10 07:51:10.099, 1, 82, 23012, 24576, 281.74
2026/08/10 07:51:10.099, 2, 80, 22190, 24576, 263.17
2026/08/10 07:51:15.100, 0, 84, 23270, 24576, 338.04
2026/08/10 07:51:15.101, 1, 85, 23012, 24576, 316.32
2026/08/10 07:51:15.102, 2, 85, 22190, 24576, 334.38
2026/08/10 07:51:20.103, 0, 98, 13750, 24576, 302.15
2026/08/10 07:51:20.103, 1, 98, 13982, 24576, 293.26
2026/08/10 07:51:20.104, 2, 89, 12898, 24576, 284.03
2026/08/10 07:51:25.105, 0, 98, 13750, 24576, 336.82
2026/08/10 07:51:25.106, 1, 98, 13958, 24576, 320.45
2026/08/10 07:51:25.106, 2, 100, 13264, 24576, 327.68
2026/08/10 07:51:30.107, 0, 88, 23548, 24576, 331.61
2026/08/10 07:51:30.108, 1, 89, 21532, 24576, 337.32
2026/08/10 07:51:30.108, 2, 100, 21796, 24576, 318.93
2026/08/10 07:51:35.109, 0, 89, 23548, 24576, 332.01
2026/08/10 07:51:35.110, 1, 89, 21532, 24576, 337.21
2026/08/10 07:51:35.110, 2, 100, 21796, 24576, 328.56
2026/08/10 07:51:40.111, 0, 95, 23548, 24576, 314.68
2026/08/10 07:51:40.112, 1, 98, 21532, 24576, 317.27
2026/08/10 07:51:40.112, 2, 100, 21796, 24576, 330.52
2026/08/10 07:51:45.113, 0, 84, 23548, 24576, 338.92
2026/08/10 07:51:45.114, 1, 85, 21532, 24576, 326.34
2026/08/10 07:51:45.114, 2, 83, 21796, 24576, 325.76
2026/08/10 07:51:50.115, 0, 96, 19608, 24576, 326.44
2026/08/10 07:51:50.116, 1, 98, 23952, 24576, 334.04
2026/08/10 07:51:50.117, 2, 98, 23016, 24576, 320.12
2026/08/10 07:51:55.117, 0, 98, 13450, 24576, 337.91
2026/08/10 07:51:55.118, 1, 88, 12842, 24576, 279.54
2026/08/10 07:51:55.119, 2, 100, 13322, 24576, 315.22
2026/08/10 07:52:00.119, 0, 94, 22988, 24576, 306.40
2026/08/10 07:52:00.120, 1, 93, 22232, 24576, 309.86
2026/08/10 07:52:00.120, 2, 97, 23776, 24576, 323.45
2026/08/10 07:52:05.121, 0, 100, 22988, 24576, 321.00
2026/08/10 07:52:05.122, 1, 98, 22232, 24576, 312.23
2026/08/10 07:52:05.122, 2, 100, 23776, 24576, 330.32
2026/08/10 07:52:10.126, 0, 100, 22988, 24576, 330.12
2026/08/10 07:52:10.127, 1, 100, 22232, 24576, 323.88
2026/08/10 07:52:10.128, 2, 100, 23776, 24576, 335.56
2026/08/10 07:52:15.129, 0, 85, 22988, 24576, 338.25
2026/08/10 07:52:15.130, 1, 85, 22232, 24576, 324.00
2026/08/10 07:52:15.130, 2, 82, 23776, 24576, 326.13
2026/08/10 07:52:20.131, 0, 99, 22988, 24576, 338.43
2026/08/10 07:52:20.132, 1, 98, 22232, 24576, 309.38
2026/08/10 07:52:20.132, 2, 98, 23776, 24576, 313.78
2026/08/10 07:52:25.133, 0, 100, 13430, 24576, 339.14
2026/08/10 07:52:25.134, 1, 99, 22232, 24576, 307.11
2026/08/10 07:52:25.134, 2, 98, 23776, 24576, 315.69
2026/08/10 07:52:30.135, 0, 100, 20766, 24576, 310.58
2026/08/10 07:52:30.135, 1, 100, 21576, 24576, 318.16
2026/08/10 07:52:30.136, 2, 89, 23776, 24576, 321.53
2026/08/10 07:52:35.137, 0, 100, 20766, 24576, 310.32
2026/08/10 07:52:35.138, 1, 100, 21576, 24576, 322.53
2026/08/10 07:52:35.138, 2, 100, 23776, 24576, 326.76
2026/08/10 07:52:40.139, 0, 98, 20766, 24576, 311.53
2026/08/10 07:52:40.140, 1, 99, 21576, 24576, 313.33
2026/08/10 07:52:40.140, 2, 100, 23776, 24576, 322.03
2026/08/10 07:52:45.141, 0, 84, 20766, 24576, 338.92
2026/08/10 07:52:45.142, 1, 85, 21576, 24576, 314.96
2026/08/10 07:52:45.142, 2, 77, 23776, 24576, 330.19
2026/08/10 07:52:50.143, 0, 86, 20766, 24576, 323.09
2026/08/10 07:52:50.143, 1, 86, 21576, 24576, 318.66
2026/08/10 07:52:50.144, 2, 78, 23776, 24576, 331.71
2026/08/10 07:52:55.145, 0, 99, 13770, 24576, 339.76
2026/08/10 07:52:55.145, 1, 100, 21576, 24576, 305.37
2026/08/10 07:52:55.146, 2, 98, 12902, 24576, 336.13
2026/08/10 07:53:00.147, 0, 91, 21940, 24576, 207.32
2026/08/10 07:53:00.148, 1, 90, 21576, 24576, 225.92
2026/08/10 07:53:00.148, 2, 100, 21826, 24576, 310.67
2026/08/10 07:53:05.149, 0, 100, 23688, 24576, 309.70
2026/08/10 07:53:05.150, 1, 100, 21094, 24576, 314.78
2026/08/10 07:53:05.150, 2, 98, 23596, 24576, 314.14
2026/08/10 07:53:10.151, 0, 98, 23688, 24576, 312.22
2026/08/10 07:53:10.152, 1, 96, 23274, 24576, 315.24
2026/08/10 07:53:10.152, 2, 97, 23596, 24576, 321.41
2026/08/10 07:53:15.153, 0, 84, 23688, 24576, 337.78
2026/08/10 07:53:15.154, 1, 84, 23274, 24576, 335.54
2026/08/10 07:53:15.155, 2, 82, 23596, 24576, 334.21
2026/08/10 07:53:20.156, 0, 84, 23688, 24576, 340.86
2026/08/10 07:53:20.157, 1, 85, 23274, 24576, 314.48
2026/08/10 07:53:20.157, 2, 80, 23596, 24576, 323.34
2026/08/10 07:53:25.158, 0, 98, 13430, 24576, 339.05
2026/08/10 07:53:25.159, 1, 100, 13042, 24576, 339.97
2026/08/10 07:53:25.159, 2, 100, 23596, 24576, 326.58
2026/08/10 07:53:30.160, 0, 100, 13430, 24576, 259.63
2026/08/10 07:53:30.161, 1, 99, 13042, 24576, 323.18
2026/08/10 07:53:30.161, 2, 100, 23596, 24576, 212.26
2026/08/10 07:53:35.163, 0, 91, 20806, 24576, 312.43
2026/08/10 07:53:35.163, 1, 92, 21434, 24576, 326.85
2026/08/10 07:53:35.164, 2, 100, 23596, 24576, 308.29
2026/08/10 07:53:40.165, 0, 100, 20806, 24576, 319.23
2026/08/10 07:53:40.166, 1, 100, 21434, 24576, 313.07
2026/08/10 07:53:40.166, 2, 87, 23596, 24576, 325.03
2026/08/10 07:53:45.167, 0, 83, 20806, 24576, 338.05
2026/08/10 07:53:45.167, 1, 84, 21434, 24576, 334.83
2026/08/10 07:53:45.168, 2, 81, 23596, 24576, 326.74
2026/08/10 07:53:50.169, 0, 84, 20806, 24576, 340.44
2026/08/10 07:53:50.169, 1, 84, 21434, 24576, 318.03
2026/08/10 07:53:50.170, 2, 84, 23596, 24576, 336.40
2026/08/10 07:53:55.171, 0, 98, 20770, 24576, 321.94
2026/08/10 07:53:55.171, 1, 98, 19520, 24576, 321.10
2026/08/10 07:53:55.172, 2, 98, 23596, 24576, 333.86
2026/08/10 07:54:00.173, 0, 98, 23690, 24576, 338.30
2026/08/10 07:54:00.174, 1, 98, 24238, 24576, 318.65
2026/08/10 07:54:00.175, 2, 84, 23596, 24576, 281.47
2026/08/10 07:54:05.175, 0, 100, 23248, 24576, 330.93
2026/08/10 07:54:05.176, 1, 100, 21890, 24576, 319.70
2026/08/10 07:54:05.177, 2, 88, 23596, 24576, 322.56
2026/08/10 07:54:10.178, 0, 89, 23248, 24576, 331.19
2026/08/10 07:54:10.178, 1, 88, 21890, 24576, 321.80
2026/08/10 07:54:10.179, 2, 100, 23596, 24576, 325.81
2026/08/10 07:54:15.179, 0, 82, 23248, 24576, 295.73
2026/08/10 07:54:15.180, 1, 80, 21890, 24576, 300.53
2026/08/10 07:54:15.181, 2, 81, 23596, 24576, 304.64
2026/08/10 07:54:20.182, 0, 86, 23248, 24576, 339.99
2026/08/10 07:54:20.182, 1, 82, 21890, 24576, 333.74
2026/08/10 07:54:20.183, 2, 85, 23596, 24576, 337.86
2026/08/10 07:54:25.184, 0, 100, 16270, 24576, 300.02
2026/08/10 07:54:25.184, 1, 98, 13042, 24576, 293.56
2026/08/10 07:54:25.185, 2, 94, 12962, 24576, 289.68
2026/08/10 07:54:30.186, 0, 98, 13450, 24576, 339.39
2026/08/10 07:54:30.187, 1, 98, 13042, 24576, 312.05
2026/08/10 07:54:30.187, 2, 98, 12962, 24576, 323.63
2026/08/10 07:54:35.188, 0, 97, 23188, 24576, 294.59
2026/08/10 07:54:35.189, 1, 99, 20754, 24576, 300.10
2026/08/10 07:54:35.189, 2, 94, 23056, 24576, 313.25
2026/08/10 07:54:40.190, 0, 88, 23188, 24576, 319.17
2026/08/10 07:54:40.191, 1, 83, 22974, 24576, 331.92
2026/08/10 07:54:40.191, 2, 88, 23056, 24576, 320.37
2026/08/10 07:54:45.192, 0, 96, 23188, 24576, 319.92
2026/08/10 07:54:45.192, 1, 100, 22974, 24576, 337.39
2026/08/10 07:54:45.193, 2, 98, 23056, 24576, 327.59
2026/08/10 07:54:50.194, 0, 84, 23188, 24576, 338.20
2026/08/10 07:54:50.195, 1, 84, 20754, 24576, 335.73
2026/08/10 07:54:50.195, 2, 83, 23056, 24576, 336.66
2026/08/10 07:54:55.197, 0, 98, 23188, 24576, 280.28
2026/08/10 07:54:55.197, 1, 97, 20754, 24576, 309.71
2026/08/10 07:54:55.198, 2, 98, 23056, 24576, 328.12
2026/08/10 07:55:00.198, 0, 99, 23188, 24576, 337.57
2026/08/10 07:55:00.199, 1, 98, 19762, 24576, 328.69
2026/08/10 07:55:00.200, 2, 100, 13042, 24576, 323.68
2026/08/10 07:55:05.200, 0, 94, 22946, 24576, 321.45
2026/08/10 07:55:05.201, 1, 87, 20972, 24576, 307.65
2026/08/10 07:55:05.201, 2, 94, 21374, 24576, 321.94
2026/08/10 07:55:10.202, 0, 100, 22946, 24576, 336.72
2026/08/10 07:55:10.203, 1, 96, 23212, 24576, 306.91
2026/08/10 07:55:10.203, 2, 100, 21374, 24576, 317.47
2026/08/10 07:55:15.204, 0, 100, 22946, 24576, 339.24
2026/08/10 07:55:15.205, 1, 100, 23212, 24576, 328.42
2026/08/10 07:55:15.206, 2, 100, 21374, 24576, 312.73
2026/08/10 07:55:20.207, 0, 81, 22946, 24576, 337.96
2026/08/10 07:55:20.208, 1, 79, 23212, 24576, 318.23
2026/08/10 07:55:20.210, 2, 83, 21374, 24576, 335.45
2026/08/10 07:55:25.211, 0, 100, 22946, 24576, 257.41
2026/08/10 07:55:25.227, 1, 100, 23212, 24576, 250.35
2026/08/10 07:55:25.228, 2, 84, 21374, 24576, 318.55
2026/08/10 07:55:30.229, 0, 98, 22946, 24576, 338.26
2026/08/10 07:55:30.229, 1, 98, 17356, 24576, 295.66
2026/08/10 07:55:30.230, 2, 100, 13982, 24576, 325.96
2026/08/10 07:55:35.231, 0, 85, 22946, 24576, 195.29
2026/08/10 07:55:35.231, 1, 86, 18840, 24576, 205.90
2026/08/10 07:55:35.232, 2, 47, 19256, 24576, 302.54
2026/08/10 07:55:40.233, 0, 87, 21566, 24576, 310.80
2026/08/10 07:55:40.233, 1, 87, 21650, 24576, 308.87
2026/08/10 07:55:40.234, 2, 100, 23174, 24576, 338.17
2026/08/10 07:55:45.234, 0, 98, 21566, 24576, 317.47
2026/08/10 07:55:45.235, 1, 88, 21650, 24576, 306.36
2026/08/10 07:55:45.235, 2, 100, 23174, 24576, 336.57
2026/08/10 07:55:50.237, 0, 83, 21566, 24576, 331.92
2026/08/10 07:55:50.237, 1, 84, 21650, 24576, 332.89
2026/08/10 07:55:50.238, 2, 81, 23174, 24576, 333.93
2026/08/10 07:55:55.239, 0, 85, 21566, 24576, 340.53
2026/08/10 07:55:55.239, 1, 84, 21650, 24576, 331.09
2026/08/10 07:55:55.240, 2, 82, 23174, 24576, 326.92
2026/08/10 07:56:00.241, 0, 100, 21566, 24576, 341.47
2026/08/10 07:56:00.242, 1, 98, 14202, 24576, 299.85
2026/08/10 07:56:00.242, 2, 98, 23174, 24576, 337.43
2026/08/10 07:56:05.243, 0, 100, 21566, 24576, 341.30
2026/08/10 07:56:05.243, 1, 98, 22440, 24576, 336.68
2026/08/10 07:56:05.244, 2, 100, 23174, 24576, 299.26
2026/08/10 07:56:10.244, 0, 96, 22228, 24576, 326.80
2026/08/10 07:56:10.245, 1, 95, 22252, 24576, 323.10
2026/08/10 07:56:10.245, 2, 93, 22512, 24576, 310.94
2026/08/10 07:56:15.250, 0, 89, 23268, 24576, 316.36
2026/08/10 07:56:15.250, 1, 89, 20472, 24576, 314.33
2026/08/10 07:56:15.251, 2, 86, 21972, 24576, 299.38
2026/08/10 07:56:20.252, 0, 12, 23268, 24576, 261.99
2026/08/10 07:56:20.253, 1, 8, 22692, 24576, 266.03
2026/08/10 07:56:20.254, 2, 20, 21972, 24576, 253.22
2026/08/10 07:56:25.255, 0, 85, 23268, 24576, 339.55
2026/08/10 07:56:25.255, 1, 84, 22692, 24576, 323.02
2026/08/10 07:56:25.256, 2, 85, 21972, 24576, 333.38
2026/08/10 07:56:30.257, 0, 98, 23268, 24576, 338.48
2026/08/10 07:56:30.257, 1, 98, 23452, 24576, 323.09
2026/08/10 07:56:30.258, 2, 98, 24092, 24576, 333.97
2026/08/10 07:56:35.258, 0, 98, 23268, 24576, 339.16
2026/08/10 07:56:35.259, 1, 100, 13004, 24576, 316.17
2026/08/10 07:56:35.259, 2, 100, 12862, 24576, 328.07
2026/08/10 07:56:40.260, 0, 100, 23228, 24576, 329.49
2026/08/10 07:56:40.261, 1, 100, 21816, 24576, 314.90
2026/08/10 07:56:40.262, 2, 100, 20652, 24576, 300.62
2026/08/10 07:56:45.262, 0, 90, 23228, 24576, 330.18
2026/08/10 07:56:45.263, 1, 88, 21816, 24576, 311.17
2026/08/10 07:56:45.263, 2, 100, 20652, 24576, 308.67
2026/08/10 07:56:50.264, 0, 89, 23228, 24576, 331.99
2026/08/10 07:56:50.265, 1, 88, 21816, 24576, 326.68
2026/08/10 07:56:50.265, 2, 88, 20652, 24576, 308.57
2026/08/10 07:56:55.266, 0, 85, 23228, 24576, 338.20
2026/08/10 07:56:55.267, 1, 81, 21816, 24576, 322.57
2026/08/10 07:56:55.267, 2, 83, 20652, 24576, 335.25
2026/08/10 07:57:00.268, 0, 99, 23228, 24576, 340.69
2026/08/10 07:57:00.269, 1, 98, 21816, 24576, 309.89
2026/08/10 07:57:00.269, 2, 99, 20652, 24576, 305.57
2026/08/10 07:57:05.270, 0, 99, 13490, 24576, 340.30
2026/08/10 07:57:05.271, 1, 99, 17638, 24576, 290.76
2026/08/10 07:57:05.271, 2, 98, 20652, 24576, 322.13
2026/08/10 07:57:10.272, 0, 97, 20648, 24576, 321.22
2026/08/10 07:57:10.273, 1, 99, 21552, 24576, 313.98
2026/08/10 07:57:10.274, 2, 94, 21034, 24576, 320.61
2026/08/10 07:57:15.275, 0, 92, 21588, 24576, 313.11
2026/08/10 07:57:15.276, 1, 92, 22252, 24576, 310.91
2026/08/10 07:57:15.276, 2, 91, 23154, 24576, 311.26
2026/08/10 07:57:20.277, 0, 90, 21588, 24576, 310.33
2026/08/10 07:57:20.278, 1, 87, 22252, 24576, 309.80
2026/08/10 07:57:20.278, 2, 93, 23154, 24576, 309.98
2026/08/10 07:57:25.279, 0, 85, 21588, 24576, 338.87
2026/08/10 07:57:25.280, 1, 81, 22252, 24576, 325.89
2026/08/10 07:57:25.280, 2, 81, 23154, 24576, 334.54
2026/08/10 07:57:30.281, 0, 86, 21588, 24576, 306.08
2026/08/10 07:57:30.282, 1, 85, 22252, 24576, 316.23
2026/08/10 07:57:30.282, 2, 85, 23154, 24576, 333.21
2026/08/10 07:57:35.283, 0, 98, 16390, 24576, 339.58
2026/08/10 07:57:35.284, 1, 98, 19582, 24576, 318.36
2026/08/10 07:57:35.284, 2, 100, 12944, 24576, 328.86
2026/08/10 07:57:40.285, 0, 100, 14390, 24576, 177.93
2026/08/10 07:57:40.286, 1, 100, 19582, 24576, 189.62
2026/08/10 07:57:40.287, 2, 58, 13484, 24576, 310.55
2026/08/10 07:57:45.288, 0, 100, 23286, 24576, 327.97
2026/08/10 07:57:45.288, 1, 98, 21312, 24576, 327.86
2026/08/10 07:57:45.289, 2, 100, 22118, 24576, 318.30
2026/08/10 07:57:50.290, 0, 90, 23286, 24576, 307.70
2026/08/10 07:57:50.290, 1, 88, 21312, 24576, 304.04
2026/08/10 07:57:50.291, 2, 92, 22118, 24576, 321.84
2026/08/10 07:57:55.291, 0, 82, 23286, 24576, 300.16
2026/08/10 07:57:55.292, 1, 83, 21312, 24576, 304.65
2026/08/10 07:57:55.292, 2, 82, 22118, 24576, 296.29
2026/08/10 07:58:00.294, 0, 82, 23286, 24576, 340.03
2026/08/10 07:58:00.294, 1, 82, 21312, 24576, 326.96
2026/08/10 07:58:00.295, 2, 0, 22118, 24576, 265.33
2026/08/10 07:58:05.295, 0, 98, 17350, 24576, 298.80
2026/08/10 07:58:05.296, 1, 100, 17682, 24576, 304.11
2026/08/10 07:58:05.297, 2, 99, 17000, 24576, 283.72
2026/08/10 07:58:10.297, 0, 99, 13990, 24576, 341.40
2026/08/10 07:58:10.298, 1, 100, 14058, 24576, 326.30
2026/08/10 07:58:10.299, 2, 98, 20238, 24576, 337.82
2026/08/10 07:58:15.300, 0, 90, 23470, 24576, 341.38
2026/08/10 07:58:15.301, 1, 89, 23954, 24576, 325.48
2026/08/10 07:58:15.301, 2, 100, 23930, 24576, 310.54
2026/08/10 07:58:20.302, 0, 89, 23650, 24576, 337.44
2026/08/10 07:58:20.302, 1, 89, 23434, 24576, 324.71
2026/08/10 07:58:20.303, 2, 89, 21070, 24576, 309.37
2026/08/10 07:58:25.304, 0, 100, 23270, 24576, 334.15
2026/08/10 07:58:25.304, 1, 100, 23434, 24576, 323.65
2026/08/10 07:58:25.305, 2, 100, 20750, 24576, 305.87
2026/08/10 07:58:30.306, 0, 84, 23270, 24576, 339.79
2026/08/10 07:58:30.306, 1, 85, 23434, 24576, 332.78
2026/08/10 07:58:30.307, 2, 85, 20750, 24576, 335.51
2026/08/10 07:58:35.308, 0, 100, 23270, 24576, 248.94
2026/08/10 07:58:35.308, 1, 85, 23434, 24576, 336.94
2026/08/10 07:58:35.309, 2, 100, 20750, 24576, 189.24
2026/08/10 07:58:40.310, 0, 100, 13592, 24576, 340.02
2026/08/10 07:58:40.311, 1, 98, 13042, 24576, 323.04
2026/08/10 07:58:40.311, 2, 98, 12862, 24576, 337.42
2026/08/10 07:58:45.312, 0, 38, 22260, 24576, 321.48
2026/08/10 07:58:45.312, 1, 84, 21124, 24576, 213.49
2026/08/10 07:58:45.313, 2, 88, 21024, 24576, 204.55
2026/08/10 07:58:50.313, 0, 100, 23450, 24576, 334.78
2026/08/10 07:58:50.314, 1, 100, 20814, 24576, 309.65
2026/08/10 07:58:50.314, 2, 87, 20754, 24576, 303.92
2026/08/10 07:58:55.315, 0, 100, 23450, 24576, 339.85
2026/08/10 07:58:55.316, 1, 100, 20814, 24576, 309.04
2026/08/10 07:58:55.316, 2, 100, 20754, 24576, 304.95
2026/08/10 07:59:00.317, 0, 84, 23450, 24576, 331.09
2026/08/10 07:59:00.318, 1, 82, 20814, 24576, 324.79
2026/08/10 07:59:00.319, 2, 84, 20754, 24576, 328.23
2026/08/10 07:59:05.319, 0, 86, 23450, 24576, 339.42
2026/08/10 07:59:05.320, 1, 82, 20814, 24576, 314.10
2026/08/10 07:59:05.321, 2, 86, 20754, 24576, 337.22
2026/08/10 07:59:10.322, 0, 98, 14412, 24576, 300.45
2026/08/10 07:59:10.322, 1, 98, 20814, 24576, 316.39
2026/08/10 07:59:10.323, 2, 97, 12942, 24576, 280.84
2026/08/10 07:59:15.324, 0, 98, 14412, 24576, 339.87
2026/08/10 07:59:15.324, 1, 100, 20814, 24576, 314.63
2026/08/10 07:59:15.325, 2, 98, 13322, 24576, 323.67
2026/08/10 07:59:20.326, 0, 89, 20524, 24576, 293.50
2026/08/10 07:59:20.326, 1, 87, 23534, 24576, 328.67
2026/08/10 07:59:20.327, 2, 88, 23496, 24576, 321.83
2026/08/10 07:59:25.328, 0, 98, 22524, 24576, 296.61
2026/08/10 07:59:25.328, 1, 99, 21334, 24576, 315.15
2026/08/10 07:59:25.329, 2, 98, 23496, 24576, 320.09
2026/08/10 07:59:30.330, 0, 83, 22524, 24576, 311.28
2026/08/10 07:59:30.331, 1, 80, 21334, 24576, 328.47
2026/08/10 07:59:30.337, 2, 83, 23496, 24576, 322.65
2026/08/10 07:59:35.338, 0, 84, 22524, 24576, 338.92
2026/08/10 07:59:35.339, 1, 82, 21334, 24576, 313.68
2026/08/10 07:59:35.339, 2, 81, 23496, 24576, 329.83
2026/08/10 07:59:40.340, 0, 99, 13430, 24576, 303.20
2026/08/10 07:59:40.341, 1, 98, 21334, 24576, 310.26
2026/08/10 07:59:40.341, 2, 98, 13042, 24576, 290.11
2026/08/10 07:59:45.342, 0, 98, 13430, 24576, 339.25
2026/08/10 07:59:45.343, 1, 98, 21334, 24576, 309.95
2026/08/10 07:59:45.343, 2, 99, 13042, 24576, 305.43
2026/08/10 07:59:50.345, 0, 90, 23106, 24576, 335.87
2026/08/10 07:59:50.345, 1, 86, 23754, 24576, 328.96
2026/08/10 07:59:50.346, 2, 100, 23134, 24576, 335.87
2026/08/10 07:59:55.347, 0, 98, 23106, 24576, 335.19
2026/08/10 07:59:55.348, 1, 85, 23754, 24576, 323.30
2026/08/10 07:59:55.348, 2, 89, 23134, 24576, 337.36
2026/08/10 08:00:00.349, 0, 81, 21046, 24576, 289.30
2026/08/10 08:00:00.350, 1, 80, 21534, 24576, 292.03
2026/08/10 08:00:00.350, 2, 81, 20894, 24576, 284.16
2026/08/10 08:00:05.351, 0, 0, 21046, 24576, 296.54
2026/08/10 08:00:05.352, 1, 84, 21534, 24576, 317.61
2026/08/10 08:00:05.352, 2, 86, 20894, 24576, 326.76
2026/08/10 08:00:10.353, 0, 95, 19566, 24576, 326.66
2026/08/10 08:00:10.354, 1, 91, 14062, 24576, 294.70
2026/08/10 08:00:10.354, 2, 92, 12260, 24576, 303.57
2026/08/10 08:00:15.355, 0, 99, 13590, 24576, 339.17
2026/08/10 08:00:15.356, 1, 98, 17656, 24576, 280.51
2026/08/10 08:00:15.357, 2, 98, 13978, 24576, 303.24
2026/08/10 08:00:20.358, 0, 100, 23430, 24576, 332.67
2026/08/10 08:00:20.359, 1, 93, 23092, 24576, 302.76
2026/08/10 08:00:20.359, 2, 91, 20672, 24576, 291.86
2026/08/10 08:00:25.360, 0, 90, 23430, 24576, 331.05
2026/08/10 08:00:25.360, 1, 89, 23092, 24576, 302.27
2026/08/10 08:00:25.361, 2, 96, 20672, 24576, 297.26
2026/08/10 08:00:30.363, 0, 96, 23430, 24576, 333.39
2026/08/10 08:00:30.364, 1, 96, 21232, 24576, 315.02
2026/08/10 08:00:30.364, 2, 100, 21572, 24576, 300.63
2026/08/10 08:00:35.365, 0, 83, 23430, 24576, 338.27
2026/08/10 08:00:35.366, 1, 83, 23092, 24576, 335.74
2026/08/10 08:00:35.366, 2, 84, 22752, 24576, 335.92
2026/08/10 08:00:40.367, 0, 98, 23430, 24576, 299.18
2026/08/10 08:00:40.368, 1, 75, 23092, 24576, 323.50
2026/08/10 08:00:40.369, 2, 98, 22752, 24576, 315.32
2026/08/10 08:00:45.369, 0, 98, 13490, 24576, 338.58
2026/08/10 08:00:45.370, 1, 98, 13042, 24576, 325.19
2026/08/10 08:00:45.371, 2, 98, 15902, 24576, 307.85
2026/08/10 08:00:50.372, 0, 100, 23286, 24576, 315.35
2026/08/10 08:00:50.373, 1, 86, 23274, 24576, 315.25
2026/08/10 08:00:50.373, 2, 88, 22694, 24576, 314.07
2026/08/10 08:00:55.374, 0, 100, 23626, 24576, 331.85
2026/08/10 08:00:55.375, 1, 100, 23634, 24576, 330.74
2026/08/10 08:00:55.375, 2, 88, 23414, 24576, 320.60
2026/08/10 08:01:00.376, 0, 100, 23626, 24576, 332.41
2026/08/10 08:01:00.376, 1, 100, 23634, 24576, 332.95
2026/08/10 08:01:00.377, 2, 86, 23414, 24576, 323.61
2026/08/10 08:01:05.378, 0, 84, 21526, 24576, 336.57
2026/08/10 08:01:05.379, 1, 80, 21434, 24576, 331.99
2026/08/10 08:01:05.379, 2, 84, 23414, 24576, 334.62
2026/08/10 08:01:10.380, 0, 85, 21526, 24576, 339.20
2026/08/10 08:01:10.381, 1, 81, 21434, 24576, 321.13
2026/08/10 08:01:10.381, 2, 84, 23414, 24576, 329.62
2026/08/10 08:01:15.382, 0, 99, 23010, 24576, 336.45
2026/08/10 08:01:15.383, 1, 97, 12902, 24576, 313.85
2026/08/10 08:01:15.383, 2, 98, 12902, 24576, 328.61
2026/08/10 08:01:20.384, 0, 100, 13970, 24576, 336.01
2026/08/10 08:01:20.385, 1, 100, 13262, 24576, 233.39
2026/08/10 08:01:20.385, 2, 100, 13282, 24576, 197.51
2026/08/10 08:01:25.386, 0, 100, 23488, 24576, 335.78
2026/08/10 08:01:25.386, 1, 100, 22952, 24576, 307.12
2026/08/10 08:01:25.387, 2, 100, 22932, 24576, 295.48
2026/08/10 08:01:30.388, 0, 87, 23568, 24576, 335.74
2026/08/10 08:01:30.389, 1, 98, 22952, 24576, 315.54
2026/08/10 08:01:30.389, 2, 100, 22932, 24576, 315.50
2026/08/10 08:01:35.390, 0, 94, 23208, 24576, 337.35
2026/08/10 08:01:35.391, 1, 95, 22952, 24576, 289.24
2026/08/10 08:01:35.392, 2, 72, 22932, 24576, 291.99
2026/08/10 08:01:40.393, 0, 81, 23208, 24576, 337.21
2026/08/10 08:01:40.397, 1, 83, 22952, 24576, 324.26
2026/08/10 08:01:40.398, 2, 84, 22932, 24576, 336.73
2026/08/10 08:01:45.399, 0, 98, 24168, 24576, 336.61
2026/08/10 08:01:45.399, 1, 98, 23872, 24576, 323.53
2026/08/10 08:01:45.400, 2, 98, 22932, 24576, 331.69
2026/08/10 08:01:50.401, 0, 98, 14470, 24576, 301.17
2026/08/10 08:01:50.401, 1, 95, 14560, 24576, 287.09
2026/08/10 08:01:50.402, 2, 100, 13064, 24576, 294.52
2026/08/10 08:01:55.403, 0, 100, 23486, 24576, 321.37
2026/08/10 08:01:55.403, 1, 98, 22152, 24576, 321.71
2026/08/10 08:01:55.404, 2, 100, 24158, 24576, 323.55
2026/08/10 08:02:00.405, 0, 100, 21026, 24576, 290.89
2026/08/10 08:02:00.405, 1, 100, 21532, 24576, 296.80
2026/08/10 08:02:00.406, 2, 96, 24158, 24576, 323.99
2026/08/10 08:02:05.407, 0, 100, 23486, 24576, 314.07
2026/08/10 08:02:05.407, 1, 100, 22152, 24576, 314.42
2026/08/10 08:02:05.408, 2, 92, 24158, 24576, 326.27
2026/08/10 08:02:10.408, 0, 83, 23486, 24576, 337.64
2026/08/10 08:02:10.409, 1, 82, 22152, 24576, 333.91
2026/08/10 08:02:10.410, 2, 83, 24158, 24576, 335.31
2026/08/10 08:02:15.410, 0, 84, 23486, 24576, 340.52
2026/08/10 08:02:15.411, 1, 83, 22152, 24576, 326.67
2026/08/10 08:02:15.411, 2, 0, 24158, 24576, 296.35
2026/08/10 08:02:20.412, 0, 99, 23650, 24576, 340.28
2026/08/10 08:02:20.413, 1, 98, 13042, 24576, 336.81
2026/08/10 08:02:20.413, 2, 98, 14022, 24576, 338.91
2026/08/10 08:02:25.415, 0, 94, 14610, 24576, 306.34
2026/08/10 08:02:25.415, 1, 98, 13042, 24576, 315.29
2026/08/10 08:02:25.416, 2, 100, 14020, 24576, 328.21
2026/08/10 08:02:30.417, 0, 96, 23708, 24576, 313.83
2026/08/10 08:02:30.417, 1, 93, 21434, 24576, 314.17
2026/08/10 08:02:30.418, 2, 83, 23454, 24576, 308.63
2026/08/10 08:02:35.419, 0, 96, 23708, 24576, 316.50
2026/08/10 08:02:35.420, 1, 92, 21434, 24576, 308.75
2026/08/10 08:02:35.420, 2, 89, 23454, 24576, 305.51
2026/08/10 08:02:40.421, 0, 82, 23708, 24576, 309.73
2026/08/10 08:02:40.422, 1, 78, 21434, 24576, 310.55
2026/08/10 08:02:40.422, 2, 81, 23454, 24576, 315.42
2026/08/10 08:02:45.423, 0, 85, 23708, 24576, 340.47
2026/08/10 08:02:45.424, 1, 82, 21434, 24576, 310.81
2026/08/10 08:02:45.424, 2, 85, 23454, 24576, 336.95
2026/08/10 08:02:50.425, 0, 86, 13530, 24576, 297.07
2026/08/10 08:02:50.426, 1, 87, 12228, 24576, 291.07
2026/08/10 08:02:50.426, 2, 92, 14954, 24576, 302.99
2026/08/10 08:02:55.427, 0, 98, 19090, 24576, 300.52
2026/08/10 08:02:55.428, 1, 100, 12982, 24576, 315.78
2026/08/10 08:02:55.429, 2, 98, 19698, 24576, 309.11
2026/08/10 08:03:00.430, 0, 100, 23928, 24576, 344.84
2026/08/10 08:03:00.430, 1, 97, 23354, 24576, 324.80
2026/08/10 08:03:00.431, 2, 100, 22612, 24576, 318.39
2026/08/10 08:03:05.432, 0, 100, 23928, 24576, 340.75
2026/08/10 08:03:05.432, 1, 98, 23354, 24576, 323.18
2026/08/10 08:03:05.433, 2, 100, 22612, 24576, 317.18
2026/08/10 08:03:10.433, 0, 100, 23928, 24576, 343.31
2026/08/10 08:03:10.434, 1, 100, 23354, 24576, 323.30
2026/08/10 08:03:10.434, 2, 100, 22612, 24576, 310.82
2026/08/10 08:03:15.435, 0, 83, 23928, 24576, 340.05
2026/08/10 08:03:15.436, 1, 83, 23354, 24576, 318.37
2026/08/10 08:03:15.436, 2, 81, 22612, 24576, 335.02
2026/08/10 08:03:20.437, 0, 98, 23928, 24576, 339.35
2026/08/10 08:03:20.438, 1, 98, 23354, 24576, 311.85
2026/08/10 08:03:20.438, 2, 98, 23692, 24576, 335.56
2026/08/10 08:03:25.439, 0, 98, 13450, 24576, 340.61
2026/08/10 08:03:25.440, 1, 98, 13344, 24576, 316.40
2026/08/10 08:03:25.441, 2, 98, 13002, 24576, 329.36
2026/08/10 08:03:30.442, 0, 90, 22928, 24576, 303.65
2026/08/10 08:03:30.443, 1, 97, 24096, 24576, 324.42
2026/08/10 08:03:30.443, 2, 89, 20412, 24576, 303.11
2026/08/10 08:03:35.444, 0, 90, 22928, 24576, 314.33
2026/08/10 08:03:35.445, 1, 97, 24096, 24576, 328.14
2026/08/10 08:03:35.445, 2, 94, 20412, 24576, 307.11
2026/08/10 08:03:40.446, 0, 97, 22928, 24576, 325.93
2026/08/10 08:03:40.447, 1, 100, 24096, 24576, 328.18
2026/08/10 08:03:40.447, 2, 99, 20412, 24576, 308.14
2026/08/10 08:03:45.448, 0, 83, 22928, 24576, 338.26
2026/08/10 08:03:45.449, 1, 81, 24096, 24576, 318.47
2026/08/10 08:03:45.449, 2, 83, 20412, 24576, 335.93
2026/08/10 08:03:50.450, 0, 84, 22928, 24576, 324.04
2026/08/10 08:03:50.451, 1, 82, 24096, 24576, 313.82
2026/08/10 08:03:50.454, 2, 100, 20412, 24576, 210.38
2026/08/10 08:03:55.454, 0, 98, 13570, 24576, 340.14
2026/08/10 08:03:55.455, 1, 100, 24096, 24576, 329.63
2026/08/10 08:03:55.456, 2, 98, 13020, 24576, 337.59
2026/08/10 08:04:00.456, 0, 88, 23344, 24576, 321.27
2026/08/10 08:04:00.457, 1, 88, 24096, 24576, 322.46
2026/08/10 08:04:00.457, 2, 88, 21870, 24576, 323.32
2026/08/10 08:04:05.458, 0, 92, 20224, 24576, 315.97
2026/08/10 08:04:05.459, 1, 96, 24096, 24576, 312.21
2026/08/10 08:04:05.459, 2, 100, 21870, 24576, 303.08
2026/08/10 08:04:10.460, 0, 100, 23344, 24576, 317.49
2026/08/10 08:04:10.461, 1, 100, 24096, 24576, 324.11
2026/08/10 08:04:10.461, 2, 100, 21870, 24576, 321.35
2026/08/10 08:04:15.462, 0, 0, 23344, 24576, 266.97
2026/08/10 08:04:15.463, 1, 82, 24096, 24576, 320.05
2026/08/10 08:04:15.464, 2, 79, 21870, 24576, 331.48
2026/08/10 08:04:20.464, 0, 98, 23344, 24576, 272.94
2026/08/10 08:04:20.465, 1, 97, 24096, 24576, 270.95
2026/08/10 08:04:20.466, 2, 98, 21870, 24576, 338.76
2026/08/10 08:04:25.467, 0, 98, 23070, 24576, 340.13
2026/08/10 08:04:25.467, 1, 98, 12802, 24576, 313.87
2026/08/10 08:04:25.468, 2, 98, 13042, 24576, 329.82
2026/08/10 08:04:30.469, 0, 94, 20786, 24576, 312.33
2026/08/10 08:04:30.469, 1, 95, 21472, 24576, 305.73
2026/08/10 08:04:30.470, 2, 90, 23514, 24576, 313.42
2026/08/10 08:04:35.471, 0, 95, 20686, 24576, 308.70
2026/08/10 08:04:35.472, 1, 100, 21472, 24576, 318.99
2026/08/10 08:04:35.472, 2, 95, 23514, 24576, 304.85
2026/08/10 08:04:40.473, 0, 100, 20686, 24576, 305.51
2026/08/10 08:04:40.474, 1, 100, 21472, 24576, 335.08
2026/08/10 08:04:40.474, 2, 100, 23514, 24576, 334.20
2026/08/10 08:04:45.475, 0, 83, 22666, 24576, 339.37
2026/08/10 08:04:45.476, 1, 79, 20512, 24576, 323.43
2026/08/10 08:04:45.477, 2, 85, 21314, 24576, 321.04
2026/08/10 08:04:50.478, 0, 98, 22666, 24576, 327.44
2026/08/10 08:04:50.478, 1, 98, 20512, 24576, 317.51
2026/08/10 08:04:50.479, 2, 98, 21314, 24576, 281.16
2026/08/10 08:04:55.479, 0, 98, 13530, 24576, 339.94
2026/08/10 08:04:55.480, 1, 98, 22862, 24576, 310.19
2026/08/10 08:04:55.481, 2, 98, 23898, 24576, 336.05
2026/08/10 08:05:00.481, 0, 98, 22728, 24576, 323.82
2026/08/10 08:05:00.482, 1, 100, 23274, 24576, 320.06
2026/08/10 08:05:00.482, 2, 97, 22288, 24576, 312.08
2026/08/10 08:05:05.485, 0, 100, 23808, 24576, 332.52
2026/08/10 08:05:05.485, 1, 100, 23274, 24576, 326.28
2026/08/10 08:05:05.486, 2, 100, 19428, 24576, 293.69
2026/08/10 08:05:10.497, 0, 100, 23808, 24576, 341.99
2026/08/10 08:05:10.500, 1, 100, 23274, 24576, 304.85
2026/08/10 08:05:10.501, 2, 100, 21088, 24576, 295.74
2026/08/10 08:05:15.503, 0, 81, 21648, 24576, 337.12
2026/08/10 08:05:15.504, 1, 79, 23274, 24576, 314.49
2026/08/10 08:05:15.505, 2, 81, 21408, 24576, 338.15
2026/08/10 08:05:20.505, 0, 100, 22668, 24576, 338.64
2026/08/10 08:05:20.506, 1, 100, 23274, 24576, 315.28
2026/08/10 08:05:20.507, 2, 98, 21408, 24576, 327.86
2026/08/10 08:05:25.508, 0, 98, 13330, 24576, 339.38
2026/08/10 08:05:25.508, 1, 98, 23274, 24576, 305.29
2026/08/10 08:05:25.509, 2, 100, 21408, 24576, 315.39
2026/08/10 08:05:30.510, 0, 100, 22006, 24576, 318.12
2026/08/10 08:05:30.510, 1, 100, 23274, 24576, 303.41
2026/08/10 08:05:30.511, 2, 96, 21414, 24576, 320.73
2026/08/10 08:05:35.512, 0, 87, 22266, 24576, 302.80
2026/08/10 08:05:35.513, 1, 97, 23274, 24576, 304.62
2026/08/10 08:05:35.513, 2, 93, 22994, 24576, 311.26
2026/08/10 08:05:40.514, 0, 90, 22266, 24576, 280.92
2026/08/10 08:05:40.515, 1, 88, 23274, 24576, 269.85
2026/08/10 08:05:40.515, 2, 82, 22994, 24576, 296.19
2026/08/10 08:05:45.516, 0, 80, 22266, 24576, 338.73
2026/08/10 08:05:45.517, 1, 82, 23274, 24576, 318.48
2026/08/10 08:05:45.518, 2, 81, 22994, 24576, 330.82
2026/08/10 08:05:50.518, 0, 97, 13490, 24576, 295.95
2026/08/10 08:05:50.519, 1, 100, 23274, 24576, 316.87
2026/08/10 08:05:50.519, 2, 98, 12920, 24576, 290.75
2026/08/10 08:05:55.520, 0, 98, 13490, 24576, 338.69
2026/08/10 08:05:55.521, 1, 98, 23274, 24576, 287.99
2026/08/10 08:05:55.521, 2, 37, 13300, 24576, 296.48
2026/08/10 08:06:00.522, 0, 97, 23368, 24576, 316.70
2026/08/10 08:06:00.523, 1, 95, 23274, 24576, 307.95
2026/08/10 08:06:00.523, 2, 97, 22230, 24576, 286.73
2026/08/10 08:06:05.524, 0, 95, 23368, 24576, 319.76
2026/08/10 08:06:05.525, 1, 100, 23274, 24576, 325.53
2026/08/10 08:06:05.525, 2, 100, 22230, 24576, 309.91
2026/08/10 08:06:10.527, 0, 79, 23368, 24576, 333.87
2026/08/10 08:06:10.527, 1, 78, 23274, 24576, 331.51
2026/08/10 08:06:10.528, 2, 84, 22230, 24576, 333.46
2026/08/10 08:06:15.529, 0, 84, 23368, 24576, 339.23
2026/08/10 08:06:15.530, 1, 84, 23274, 24576, 314.70
2026/08/10 08:06:15.530, 2, 84, 22230, 24576, 337.12
2026/08/10 08:06:20.531, 0, 98, 20670, 24576, 337.82
2026/08/10 08:06:20.532, 1, 97, 12962, 24576, 311.86
2026/08/10 08:06:20.532, 2, 98, 12842, 24576, 292.50
2026/08/10 08:06:25.533, 0, 98, 13490, 24576, 339.71
2026/08/10 08:06:25.534, 1, 98, 12962, 24576, 320.96
2026/08/10 08:06:25.534, 2, 98, 12842, 24576, 325.51
2026/08/10 08:06:30.535, 0, 96, 23288, 24576, 330.28
2026/08/10 08:06:30.536, 1, 95, 20974, 24576, 308.33
2026/08/10 08:06:30.536, 2, 98, 20672, 24576, 313.15
2026/08/10 08:06:35.537, 0, 100, 23288, 24576, 334.28
2026/08/10 08:06:35.537, 1, 100, 20974, 24576, 312.72
2026/08/10 08:06:35.538, 2, 100, 20672, 24576, 312.91
2026/08/10 08:06:40.539, 0, 83, 23288, 24576, 330.31
2026/08/10 08:06:40.539, 1, 80, 20974, 24576, 329.26
2026/08/10 08:06:40.540, 2, 0, 20672, 24576, 297.11
2026/08/10 08:06:45.541, 0, 84, 23288, 24576, 338.08
2026/08/10 08:06:45.542, 1, 80, 20974, 24576, 305.57
2026/08/10 08:06:45.542, 2, 83, 20672, 24576, 337.27
2026/08/10 08:06:50.543, 0, 98, 23730, 24576, 338.39
2026/08/10 08:06:50.543, 1, 98, 12882, 24576, 313.38
2026/08/10 08:06:50.544, 2, 98, 12902, 24576, 334.80
2026/08/10 08:06:55.545, 0, 90, 14590, 24576, 297.67
2026/08/10 08:06:55.545, 1, 60, 13262, 24576, 287.85
2026/08/10 08:06:55.546, 2, 100, 13262, 24576, 261.63
2026/08/10 08:07:00.547, 0, 94, 23128, 24576, 320.15
2026/08/10 08:07:00.547, 1, 97, 23012, 24576, 314.13
2026/08/10 08:07:00.548, 2, 97, 22852, 24576, 312.61
2026/08/10 08:07:05.549, 0, 99, 23128, 24576, 332.12
2026/08/10 08:07:05.549, 1, 100, 23012, 24576, 325.89
2026/08/10 08:07:05.550, 2, 100, 22852, 24576, 324.28
2026/08/10 08:07:10.551, 0, 83, 23128, 24576, 333.82
2026/08/10 08:07:10.552, 1, 33, 23012, 24576, 235.06
2026/08/10 08:07:10.552, 2, 81, 22852, 24576, 335.56
2026/08/10 08:07:15.553, 0, 84, 23128, 24576, 338.31
2026/08/10 08:07:15.554, 1, 78, 23012, 24576, 321.27
2026/08/10 08:07:15.554, 2, 82, 22852, 24576, 334.82
2026/08/10 08:07:20.555, 0, 98, 13570, 24576, 310.24
2026/08/10 08:07:20.556, 1, 100, 16222, 24576, 294.63
2026/08/10 08:07:20.556, 2, 98, 12862, 24576, 290.11
2026/08/10 08:07:25.557, 0, 98, 13570, 24576, 340.64
2026/08/10 08:07:25.558, 1, 98, 13198, 24576, 290.83
2026/08/10 08:07:25.558, 2, 98, 12862, 24576, 328.19
2026/08/10 08:07:30.559, 0, 87, 23908, 24576, 341.44
2026/08/10 08:07:30.559, 1, 86, 23134, 24576, 320.67
2026/08/10 08:07:30.560, 2, 100, 23134, 24576, 325.14
2026/08/10 08:07:35.561, 0, 85, 23908, 24576, 340.07
2026/08/10 08:07:35.561, 1, 88, 23134, 24576, 320.24
2026/08/10 08:07:35.562, 2, 87, 23134, 24576, 327.14
2026/08/10 08:07:40.563, 0, 79, 21688, 24576, 283.52
2026/08/10 08:07:40.564, 1, 83, 23134, 24576, 285.41
2026/08/10 08:07:40.565, 2, 80, 23134, 24576, 286.91
2026/08/10 08:07:45.565, 0, 84, 21688, 24576, 339.30
2026/08/10 08:07:45.566, 1, 83, 23134, 24576, 313.64
2026/08/10 08:07:45.566, 2, 82, 23134, 24576, 331.55
2026/08/10 08:07:50.567, 0, 98, 14470, 24576, 298.65
2026/08/10 08:07:50.568, 1, 98, 13002, 24576, 290.72
2026/08/10 08:07:50.568, 2, 98, 23134, 24576, 325.47
2026/08/10 08:07:55.569, 0, 98, 14470, 24576, 337.30
2026/08/10 08:07:55.570, 1, 98, 13002, 24576, 308.18
2026/08/10 08:07:55.570, 2, 98, 23134, 24576, 322.51
2026/08/10 08:08:00.572, 0, 99, 23084, 24576, 295.64
2026/08/10 08:08:00.572, 1, 99, 20312, 24576, 289.36
2026/08/10 08:08:00.573, 2, 95, 23194, 24576, 311.24
2026/08/10 08:08:05.574, 0, 93, 23084, 24576, 301.21
2026/08/10 08:08:05.576, 1, 93, 20312, 24576, 299.83
2026/08/10 08:08:05.577, 2, 88, 23194, 24576, 308.63
2026/08/10 08:08:10.578, 0, 82, 23084, 24576, 322.63
2026/08/10 08:08:10.578, 1, 81, 20312, 24576, 328.56
2026/08/10 08:08:10.579, 2, 79, 23194, 24576, 315.20
2026/08/10 08:08:15.580, 0, 82, 23084, 24576, 339.09
2026/08/10 08:08:15.580, 1, 80, 20312, 24576, 314.46
2026/08/10 08:08:15.581, 2, 81, 23194, 24576, 328.89
2026/08/10 08:08:20.582, 0, 98, 13530, 24576, 299.32
2026/08/10 08:08:20.582, 1, 90, 13172, 24576, 290.41
2026/08/10 08:08:20.583, 2, 98, 12982, 24576, 292.22
2026/08/10 08:08:25.584, 0, 98, 13530, 24576, 339.55
2026/08/10 08:08:25.584, 1, 98, 13064, 24576, 311.81
2026/08/10 08:08:25.585, 2, 98, 13002, 24576, 320.36
2026/08/10 08:08:30.586, 0, 96, 22988, 24576, 306.67
2026/08/10 08:08:30.587, 1, 92, 23378, 24576, 312.40
2026/08/10 08:08:30.587, 2, 100, 23574, 24576, 298.03
2026/08/10 08:08:35.588, 0, 89, 21908, 24576, 305.37
2026/08/10 08:08:35.589, 1, 85, 23378, 24576, 321.15
2026/08/10 08:08:35.589, 2, 100, 21434, 24576, 299.24
2026/08/10 08:08:40.590, 0, 91, 21908, 24576, 304.91
2026/08/10 08:08:40.591, 1, 95, 23378, 24576, 318.09
2026/08/10 08:08:40.591, 2, 94, 21434, 24576, 297.87
2026/08/10 08:08:45.592, 0, 81, 21908, 24576, 335.68
2026/08/10 08:08:45.593, 1, 83, 23378, 24576, 318.66
2026/08/10 08:08:45.593, 2, 80, 21434, 24576, 330.17
2026/08/10 08:08:50.594, 0, 85, 21908, 24576, 343.26
2026/08/10 08:08:50.595, 1, 83, 23378, 24576, 319.75
2026/08/10 08:08:50.595, 2, 83, 21434, 24576, 338.74
2026/08/10 08:08:55.596, 0, 98, 13450, 24576, 318.60
2026/08/10 08:08:55.597, 1, 98, 16022, 24576, 312.26
2026/08/10 08:08:55.598, 2, 100, 17882, 24576, 332.21
2026/08/10 08:09:00.598, 0, 90, 20604, 24576, 300.64
2026/08/10 08:09:00.599, 1, 91, 22092, 24576, 301.84
2026/08/10 08:09:00.600, 2, 91, 20832, 24576, 304.39
2026/08/10 08:09:05.601, 0, 96, 20604, 24576, 304.82
2026/08/10 08:09:05.601, 1, 96, 22092, 24576, 308.79
2026/08/10 08:09:05.602, 2, 87, 22952, 24576, 316.71
2026/08/10 08:09:10.603, 0, 100, 20604, 24576, 302.16
2026/08/10 08:09:10.603, 1, 100, 22092, 24576, 313.67
2026/08/10 08:09:10.604, 2, 100, 22952, 24576, 325.08
2026/08/10 08:09:15.606, 0, 82, 20604, 24576, 339.28
2026/08/10 08:09:15.607, 1, 79, 22092, 24576, 327.05
2026/08/10 08:09:15.607, 2, 82, 22952, 24576, 335.72
2026/08/10 08:09:20.608, 0, 86, 20604, 24576, 342.50
2026/08/10 08:09:20.609, 1, 82, 22092, 24576, 321.53
2026/08/10 08:09:20.610, 2, 81, 22952, 24576, 319.84
2026/08/10 08:09:25.611, 0, 98, 13590, 24576, 341.53
2026/08/10 08:09:25.611, 1, 97, 13022, 24576, 293.82
2026/08/10 08:09:25.612, 2, 77, 13878, 24576, 277.22
2026/08/10 08:09:30.613, 0, 98, 13590, 24576, 340.17
2026/08/10 08:09:30.613, 1, 100, 13422, 24576, 217.96
2026/08/10 08:09:30.614, 2, 100, 13878, 24576, 199.50
2026/08/10 08:09:35.615, 0, 98, 23990, 24576, 339.39
2026/08/10 08:09:35.615, 1, 97, 21634, 24576, 312.49
2026/08/10 08:09:35.616, 2, 97, 22852, 24576, 288.64
2026/08/10 08:09:40.617, 0, 89, 23990, 24576, 339.04
2026/08/10 08:09:40.617, 1, 88, 23734, 24576, 332.60
2026/08/10 08:09:40.618, 2, 86, 20852, 24576, 296.75
2026/08/10 08:09:45.619, 0, 86, 23990, 24576, 291.52
2026/08/10 08:09:45.619, 1, 83, 21534, 24576, 292.80
2026/08/10 08:09:45.620, 2, 80, 22852, 24576, 258.26
2026/08/10 08:09:50.621, 0, 83, 23990, 24576, 339.50
2026/08/10 08:09:50.622, 1, 81, 21534, 24576, 324.57
2026/08/10 08:09:50.623, 2, 84, 22852, 24576, 331.26
2026/08/10 08:09:55.624, 0, 100, 18030, 24576, 298.51
2026/08/10 08:09:55.624, 1, 98, 14002, 24576, 291.54
2026/08/10 08:09:55.625, 2, 98, 12882, 24576, 292.08
2026/08/10 08:10:00.625, 0, 98, 23330, 24576, 337.06
2026/08/10 08:10:00.626, 1, 98, 13976, 24576, 301.93
2026/08/10 08:10:00.626, 2, 98, 13262, 24576, 318.14
2026/08/10 08:10:05.627, 0, 97, 23366, 24576, 312.43
2026/08/10 08:10:05.628, 1, 96, 22112, 24576, 309.56
2026/08/10 08:10:05.628, 2, 100, 23114, 24576, 327.42
2026/08/10 08:10:10.630, 0, 100, 23366, 24576, 326.64
2026/08/10 08:10:10.630, 1, 100, 22112, 24576, 319.03
2026/08/10 08:10:10.631, 2, 90, 23114, 24576, 326.26
2026/08/10 08:10:15.632, 0, 80, 23366, 24576, 285.92
2026/08/10 08:10:15.633, 1, 81, 22112, 24576, 291.51
2026/08/10 08:10:15.633, 2, 77, 23114, 24576, 267.28
2026/08/10 08:10:20.634, 0, 83, 23366, 24576, 338.34
2026/08/10 08:10:20.635, 1, 82, 22112, 24576, 318.89
2026/08/10 08:10:20.636, 2, 84, 23114, 24576, 337.49
2026/08/10 08:10:25.637, 0, 98, 23366, 24576, 338.80
2026/08/10 08:10:25.637, 1, 97, 15362, 24576, 288.31
2026/08/10 08:10:25.638, 2, 98, 16262, 24576, 285.87
2026/08/10 08:10:30.639, 0, 73, 23366, 24576, 289.49
2026/08/10 08:10:30.639, 1, 98, 18598, 24576, 323.46
2026/08/10 08:10:30.640, 2, 100, 13198, 24576, 319.36
2026/08/10 08:10:35.641, 0, 98, 20406, 24576, 313.39
2026/08/10 08:10:35.641, 1, 98, 20770, 24576, 313.19
2026/08/10 08:10:35.642, 2, 97, 22672, 24576, 309.37
2026/08/10 08:10:40.643, 0, 90, 23346, 24576, 308.16
2026/08/10 08:10:40.643, 1, 88, 20950, 24576, 304.26
2026/08/10 08:10:40.644, 2, 100, 22672, 24576, 319.58
2026/08/10 08:10:45.645, 0, 82, 23346, 24576, 285.08
2026/08/10 08:10:45.646, 1, 84, 20950, 24576, 289.34
2026/08/10 08:10:45.647, 2, 82, 22672, 24576, 272.45
2026/08/10 08:10:50.648, 0, 84, 23346, 24576, 338.29
2026/08/10 08:10:50.648, 1, 83, 20950, 24576, 314.19
2026/08/10 08:10:50.649, 2, 84, 22672, 24576, 335.23
2026/08/10 08:10:55.650, 0, 98, 23346, 24576, 335.72
2026/08/10 08:10:55.650, 1, 98, 23110, 24576, 323.43
2026/08/10 08:10:55.651, 2, 92, 16232, 24576, 316.03
2026/08/10 08:11:00.652, 0, 98, 23346, 24576, 338.15
2026/08/10 08:11:00.653, 1, 98, 13344, 24576, 315.03
2026/08/10 08:11:00.653, 2, 98, 13002, 24576, 324.89
2026/08/10 08:11:05.654, 0, 87, 24068, 24576, 338.92
2026/08/10 08:11:05.654, 1, 82, 24096, 24576, 319.73
2026/08/10 08:11:05.655, 2, 87, 20912, 24576, 301.54
2026/08/10 08:11:10.656, 0, 100, 24068, 24576, 327.04
2026/08/10 08:11:10.657, 1, 86, 24096, 24576, 318.35
2026/08/10 08:11:10.657, 2, 88, 21972, 24576, 308.66
2026/08/10 08:11:15.658, 0, 100, 21188, 24576, 323.35
2026/08/10 08:11:15.659, 1, 100, 24096, 24576, 321.23
2026/08/10 08:11:15.660, 2, 100, 22732, 24576, 304.76
2026/08/10 08:11:20.661, 0, 83, 24068, 24576, 337.46
2026/08/10 08:11:20.661, 1, 79, 24096, 24576, 327.97
2026/08/10 08:11:20.661, 2, 84, 20552, 24576, 337.98
2026/08/10 08:11:25.663, 0, 100, 24068, 24576, 197.20
2026/08/10 08:11:25.663, 1, 82, 24096, 24576, 309.31
2026/08/10 08:11:25.664, 2, 100, 20552, 24576, 182.17
2026/08/10 08:11:30.665, 0, 98, 13690, 24576, 340.58
2026/08/10 08:11:30.665, 1, 97, 24096, 24576, 313.18
2026/08/10 08:11:30.666, 2, 98, 12822, 24576, 337.79
2026/08/10 08:11:35.667, 0, 100, 18550, 24576, 183.10
2026/08/10 08:11:35.667, 1, 59, 24096, 24576, 296.65
2026/08/10 08:11:35.668, 2, 95, 17226, 24576, 186.63
2026/08/10 08:11:40.669, 0, 87, 22784, 24576, 318.56
2026/08/10 08:11:40.670, 1, 85, 24096, 24576, 315.51
2026/08/10 08:11:40.670, 2, 88, 22092, 24576, 324.34
2026/08/10 08:11:45.671, 0, 100, 22784, 24576, 298.24
2026/08/10 08:11:45.672, 1, 98, 24096, 24576, 315.50
2026/08/10 08:11:45.673, 2, 87, 23332, 24576, 325.38
2026/08/10 08:11:50.674, 0, 82, 22784, 24576, 338.06
2026/08/10 08:11:50.674, 1, 80, 24096, 24576, 332.93
2026/08/10 08:11:50.675, 2, 82, 22092, 24576, 334.17
2026/08/10 08:11:55.676, 0, 85, 22784, 24576, 342.21
2026/08/10 08:11:55.676, 1, 83, 24096, 24576, 319.58
2026/08/10 08:11:55.677, 2, 84, 22092, 24576, 338.71
2026/08/10 08:12:00.678, 0, 98, 14450, 24576, 340.55
2026/08/10 08:12:00.678, 1, 100, 23202, 24576, 322.22
2026/08/10 08:12:00.679, 2, 98, 22092, 24576, 317.55
2026/08/10 08:12:05.680, 0, 100, 14450, 24576, 208.43
2026/08/10 08:12:05.681, 1, 98, 23276, 24576, 325.46
2026/08/10 08:12:05.681, 2, 100, 22092, 24576, 173.44
2026/08/10 08:12:10.682, 0, 100, 21586, 24576, 314.77
2026/08/10 08:12:10.683, 1, 98, 20674, 24576, 316.60
2026/08/10 08:12:10.683, 2, 100, 20312, 24576, 306.89
2026/08/10 08:12:15.684, 0, 100, 23306, 24576, 313.69
2026/08/10 08:12:15.685, 1, 100, 23034, 24576, 316.72
2026/08/10 08:12:15.685, 2, 99, 19792, 24576, 301.35
2026/08/10 08:12:20.686, 0, 82, 23306, 24576, 279.23
2026/08/10 08:12:20.687, 1, 78, 23034, 24576, 295.30
2026/08/10 08:12:20.687, 2, 81, 21952, 24576, 286.19
2026/08/10 08:12:25.688, 0, 83, 23306, 24576, 340.94
2026/08/10 08:12:25.689, 1, 79, 23034, 24576, 321.92
2026/08/10 08:12:25.690, 2, 80, 21952, 24576, 334.13
2026/08/10 08:12:30.690, 0, 98, 13330, 24576, 301.97
2026/08/10 08:12:30.694, 1, 98, 13980, 24576, 295.50
2026/08/10 08:12:30.695, 2, 98, 16142, 24576, 293.59
2026/08/10 08:12:35.695, 0, 98, 13690, 24576, 341.90
2026/08/10 08:12:35.696, 1, 98, 13958, 24576, 294.22
2026/08/10 08:12:35.696, 2, 98, 13158, 24576, 333.57
2026/08/10 08:12:40.697, 0, 100, 23688, 24576, 328.68
2026/08/10 08:12:40.698, 1, 100, 21670, 24576, 320.75
2026/08/10 08:12:40.698, 2, 93, 22632, 24576, 323.08
2026/08/10 08:12:45.699, 0, 100, 23688, 24576, 340.10
2026/08/10 08:12:45.700, 1, 98, 21670, 24576, 308.99
2026/08/10 08:12:45.700, 2, 97, 22632, 24576, 324.11
2026/08/10 08:12:50.702, 0, 84, 23688, 24576, 335.86
2026/08/10 08:12:50.702, 1, 78, 21670, 24576, 330.61
2026/08/10 08:12:50.702, 2, 79, 22632, 24576, 334.57
2026/08/10 08:12:55.703, 0, 85, 23688, 24576, 339.61
2026/08/10 08:12:55.704, 1, 83, 21670, 24576, 325.57
2026/08/10 08:12:55.705, 2, 82, 22632, 24576, 327.69
2026/08/10 08:13:00.705, 0, 100, 14470, 24576, 315.13
2026/08/10 08:13:00.706, 1, 98, 13042, 24576, 316.14
2026/08/10 08:13:00.707, 2, 99, 22632, 24576, 327.18
2026/08/10 08:13:05.708, 0, 74, 14470, 24576, 330.21
2026/08/10 08:13:05.708, 1, 100, 13042, 24576, 307.10
2026/08/10 08:13:05.709, 2, 94, 22632, 24576, 308.03
2026/08/10 08:13:10.710, 0, 89, 23306, 24576, 319.19
2026/08/10 08:13:10.710, 1, 88, 22954, 24576, 315.02
2026/08/10 08:13:10.711, 2, 87, 22874, 24576, 322.69
2026/08/10 08:13:15.712, 0, 89, 23306, 24576, 321.27
2026/08/10 08:13:15.712, 1, 88, 22954, 24576, 322.68
2026/08/10 08:13:15.713, 2, 81, 22874, 24576, 323.89
2026/08/10 08:13:20.714, 0, 84, 23306, 24576, 278.04
2026/08/10 08:13:20.714, 1, 81, 22954, 24576, 293.06
2026/08/10 08:13:20.715, 2, 91, 22874, 24576, 269.86
2026/08/10 08:13:25.716, 0, 83, 23306, 24576, 339.02
2026/08/10 08:13:25.717, 1, 84, 22954, 24576, 314.17
2026/08/10 08:13:25.717, 2, 82, 22874, 24576, 337.51
2026/08/10 08:13:30.718, 0, 92, 14370, 24576, 300.77
2026/08/10 08:13:30.719, 1, 97, 14042, 24576, 286.90
2026/08/10 08:13:30.719, 2, 86, 12938, 24576, 260.29
2026/08/10 08:13:35.720, 0, 100, 14370, 24576, 324.33
2026/08/10 08:13:35.720, 1, 98, 13342, 24576, 307.65
2026/08/10 08:13:35.721, 2, 100, 13322, 24576, 321.24
2026/08/10 08:13:40.723, 0, 100, 23388, 24576, 322.61
2026/08/10 08:13:40.724, 1, 100, 23192, 24576, 321.96
2026/08/10 08:13:40.724, 2, 100, 23514, 24576, 332.02
2026/08/10 08:13:45.725, 0, 94, 23388, 24576, 332.87
2026/08/10 08:13:45.726, 1, 88, 23192, 24576, 311.61
2026/08/10 08:13:45.726, 2, 88, 23514, 24576, 329.46
2026/08/10 08:13:50.727, 0, 0, 23388, 24576, 184.26
2026/08/10 08:13:50.728, 1, 100, 23192, 24576, 191.09
2026/08/10 08:13:50.729, 2, 100, 23514, 24576, 174.73
2026/08/10 08:13:55.729, 0, 84, 23388, 24576, 339.51
2026/08/10 08:13:55.730, 1, 78, 23192, 24576, 330.96
2026/08/10 08:13:55.730, 2, 83, 23514, 24576, 335.22
2026/08/10 08:14:00.731, 0, 86, 23388, 24576, 345.07
2026/08/10 08:14:00.732, 1, 82, 23192, 24576, 334.88
2026/08/10 08:14:00.732, 2, 100, 23514, 24576, 252.53
2026/08/10 08:14:05.733, 0, 98, 13430, 24576, 343.48
2026/08/10 08:14:05.734, 1, 98, 14202, 24576, 334.58
2026/08/10 08:14:05.734, 2, 98, 12800, 24576, 337.71
2026/08/10 08:14:10.735, 0, 88, 21478, 24576, 208.65
2026/08/10 08:14:10.735, 1, 79, 20944, 24576, 305.91
2026/08/10 08:14:10.736, 2, 100, 20042, 24576, 209.40
2026/08/10 08:14:15.737, 0, 96, 21168, 24576, 322.47
2026/08/10 08:14:15.738, 1, 93, 22872, 24576, 316.63
2026/08/10 08:14:15.739, 2, 93, 21710, 24576, 291.81
2026/08/10 08:14:20.740, 0, 89, 22948, 24576, 313.30
2026/08/10 08:14:20.740, 1, 92, 22872, 24576, 306.65
2026/08/10 08:14:20.741, 2, 93, 21710, 24576, 301.64
2026/08/10 08:14:25.742, 0, 82, 22948, 24576, 336.25
2026/08/10 08:14:25.742, 1, 81, 20652, 24576, 333.45
2026/08/10 08:14:25.743, 2, 82, 19790, 24576, 330.03
2026/08/10 08:14:30.743, 0, 86, 22948, 24576, 340.02
2026/08/10 08:14:30.744, 1, 82, 20652, 24576, 303.94
2026/08/10 08:14:30.744, 2, 84, 19790, 24576, 338.60
2026/08/10 08:14:35.746, 0, 100, 24150, 24576, 337.04
2026/08/10 08:14:35.746, 1, 98, 23302, 24576, 290.41
2026/08/10 08:14:35.747, 2, 98, 12840, 24576, 337.79
2026/08/10 08:14:40.748, 0, 98, 16670, 24576, 260.98
2026/08/10 08:14:40.748, 1, 41, 15902, 24576, 288.92
2026/08/10 08:14:40.749, 2, 89, 15640, 24576, 228.50
2026/08/10 08:14:45.750, 0, 98, 23166, 24576, 315.80
2026/08/10 08:14:45.750, 1, 95, 22772, 24576, 318.87
2026/08/10 08:14:45.751, 2, 95, 21870, 24576, 310.44
2026/08/10 08:14:50.752, 0, 89, 23166, 24576, 323.94
2026/08/10 08:14:50.753, 1, 88, 22772, 24576, 331.49
2026/08/10 08:14:50.753, 2, 88, 21870, 24576, 337.21
2026/08/10 08:14:55.754, 0, 81, 23166, 24576, 335.67
2026/08/10 08:14:55.754, 1, 81, 20592, 24576, 323.95
2026/08/10 08:14:55.755, 2, 79, 19890, 24576, 333.90
2026/08/10 08:15:00.756, 0, 84, 23166, 24576, 340.69
2026/08/10 08:15:00.756, 1, 83, 20592, 24576, 316.10
2026/08/10 08:15:00.757, 2, 83, 19890, 24576, 337.86
2026/08/10 08:15:05.758, 0, 98, 23970, 24576, 336.65
2026/08/10 08:15:05.758, 1, 98, 14080, 24576, 324.62
2026/08/10 08:15:05.759, 2, 100, 12800, 24576, 340.60
2026/08/10 08:15:10.760, 0, 99, 13930, 24576, 336.11
2026/08/10 08:15:10.760, 1, 100, 13978, 24576, 199.26
2026/08/10 08:15:10.762, 2, 100, 12800, 24576, 173.15
2026/08/10 08:15:15.762, 0, 88, 24030, 24576, 339.92
2026/08/10 08:15:15.763, 1, 88, 21750, 24576, 313.90
2026/08/10 08:15:15.764, 2, 100, 21870, 24576, 319.58
2026/08/10 08:15:20.765, 0, 88, 24030, 24576, 335.91
2026/08/10 08:15:20.765, 1, 88, 21750, 24576, 313.63
2026/08/10 08:15:20.766, 2, 100, 21870, 24576, 320.84
2026/08/10 08:15:25.767, 0, 80, 24030, 24576, 289.11
2026/08/10 08:15:25.767, 1, 77, 21750, 24576, 292.02
2026/08/10 08:15:25.768, 2, 79, 19950, 24576, 282.42
2026/08/10 08:15:30.769, 0, 83, 24030, 24576, 339.57
2026/08/10 08:15:30.769, 1, 81, 21750, 24576, 334.06
2026/08/10 08:15:30.770, 2, 84, 19950, 24576, 334.84
2026/08/10 08:15:35.771, 0, 98, 13450, 24576, 300.58
2026/08/10 08:15:35.771, 1, 98, 21750, 24576, 320.38
2026/08/10 08:15:35.772, 2, 96, 16802, 24576, 293.67
2026/08/10 08:15:40.775, 0, 100, 13450, 24576, 338.65
2026/08/10 08:15:40.775, 1, 98, 21750, 24576, 312.44
2026/08/10 08:15:40.776, 2, 98, 20578, 24576, 301.78
2026/08/10 08:15:45.777, 0, 100, 22908, 24576, 327.96
2026/08/10 08:15:45.777, 1, 100, 22972, 24576, 325.80
2026/08/10 08:15:45.778, 2, 93, 22592, 24576, 336.33
2026/08/10 08:15:50.778, 0, 100, 22908, 24576, 324.85
2026/08/10 08:15:50.779, 1, 100, 22972, 24576, 320.85
2026/08/10 08:15:50.779, 2, 86, 22592, 24576, 339.02
2026/08/10 08:15:55.781, 0, 88, 22908, 24576, 301.69
2026/08/10 08:15:55.781, 1, 87, 22972, 24576, 306.00
2026/08/10 08:15:55.782, 2, 65, 22592, 24576, 304.36
2026/08/10 08:16:00.783, 0, 84, 22908, 24576, 338.99
2026/08/10 08:16:00.783, 1, 84, 22972, 24576, 321.38
2026/08/10 08:16:00.784, 2, 85, 22592, 24576, 333.83
2026/08/10 08:16:05.784, 0, 98, 22908, 24576, 339.78
2026/08/10 08:16:05.785, 1, 98, 23652, 24576, 322.98
2026/08/10 08:16:05.786, 2, 100, 22592, 24576, 338.18
2026/08/10 08:16:10.787, 0, 98, 13590, 24576, 340.05
2026/08/10 08:16:10.788, 1, 98, 13042, 24576, 320.22
2026/08/10 08:16:10.788, 2, 98, 22592, 24576, 328.96
2026/08/10 08:16:15.789, 0, 100, 24252, 24576, 336.90
2026/08/10 08:16:15.790, 1, 98, 20292, 24576, 306.64
2026/08/10 08:16:15.790, 2, 100, 21996, 24576, 330.05
2026/08/10 08:16:20.791, 0, 100, 24252, 24576, 333.07
2026/08/10 08:16:20.792, 1, 100, 20992, 24576, 297.46
2026/08/10 08:16:20.792, 2, 100, 21416, 24576, 322.06
2026/08/10 08:16:25.793, 0, 100, 24252, 24576, 336.74
2026/08/10 08:16:25.794, 1, 100, 22512, 24576, 322.78
2026/08/10 08:16:25.794, 2, 100, 24216, 24576, 335.75
2026/08/10 08:16:30.795, 0, 45, 24252, 24576, 256.33
2026/08/10 08:16:30.796, 1, 84, 20292, 24576, 333.18
2026/08/10 08:16:30.797, 2, 83, 21996, 24576, 336.05
2026/08/10 08:16:35.798, 0, 86, 24252, 24576, 339.66
2026/08/10 08:16:35.798, 1, 81, 20292, 24576, 322.18
2026/08/10 08:16:35.799, 2, 85, 21996, 24576, 323.19
2026/08/10 08:16:40.800, 0, 98, 13430, 24576, 338.66
2026/08/10 08:16:40.800, 1, 97, 20292, 24576, 318.82
2026/08/10 08:16:40.801, 2, 98, 14022, 24576, 326.20
2026/08/10 08:16:45.801, 0, 88, 23424, 24576, 284.23
2026/08/10 08:16:45.802, 1, 73, 23012, 24576, 300.29
2026/08/10 08:16:45.802, 2, 99, 22284, 24576, 287.71
2026/08/10 08:16:50.804, 0, 99, 22788, 24576, 312.19
2026/08/10 08:16:50.805, 1, 88, 23014, 24576, 304.46
2026/08/10 08:16:50.805, 2, 100, 21112, 24576, 308.46
2026/08/10 08:16:55.806, 0, 100, 22788, 24576, 310.98
2026/08/10 08:16:55.806, 1, 100, 23014, 24576, 309.70
2026/08/10 08:16:55.807, 2, 97, 20572, 24576, 303.60
2026/08/10 08:17:00.808, 0, 81, 21768, 24576, 336.57
2026/08/10 08:17:00.809, 1, 81, 20774, 24576, 334.07
2026/08/10 08:17:00.811, 2, 81, 22672, 24576, 336.95
2026/08/10 08:17:05.812, 0, 84, 21768, 24576, 339.79
2026/08/10 08:17:05.812, 1, 81, 20774, 24576, 323.10
2026/08/10 08:17:05.813, 2, 85, 22672, 24576, 332.00
2026/08/10 08:17:10.813, 0, 100, 13592, 24576, 338.41
2026/08/10 08:17:10.814, 1, 98, 20242, 24576, 336.74
2026/08/10 08:17:10.814, 2, 100, 13064, 24576, 322.84
2026/08/10 08:17:15.815, 0, 100, 13592, 24576, 336.73
2026/08/10 08:17:15.816, 1, 98, 12758, 24576, 308.21
2026/08/10 08:17:15.816, 2, 100, 13064, 24576, 315.40
2026/08/10 08:17:20.817, 0, 100, 23310, 24576, 334.93
2026/08/10 08:17:20.819, 1, 100, 21992, 24576, 314.81
2026/08/10 08:17:20.819, 2, 100, 23298, 24576, 330.27
2026/08/10 08:17:25.821, 0, 94, 23310, 24576, 321.19
2026/08/10 08:17:25.822, 1, 89, 19812, 24576, 290.91
2026/08/10 08:17:25.823, 2, 100, 23298, 24576, 319.04
2026/08/10 08:17:30.824, 0, 89, 23310, 24576, 329.91
2026/08/10 08:17:30.824, 1, 88, 21992, 24576, 315.71
2026/08/10 08:17:30.825, 2, 100, 23298, 24576, 321.01
2026/08/10 08:17:35.825, 0, 83, 23310, 24576, 338.06
2026/08/10 08:17:35.826, 1, 80, 21992, 24576, 335.29
2026/08/10 08:17:35.826, 2, 82, 23298, 24576, 320.41
2026/08/10 08:17:40.827, 0, 98, 23310, 24576, 300.61
2026/08/10 08:17:40.828, 1, 98, 21992, 24576, 318.66
2026/08/10 08:17:40.829, 2, 98, 23298, 24576, 289.70
2026/08/10 08:17:45.830, 0, 98, 22730, 24576, 339.15
2026/08/10 08:17:45.831, 1, 97, 13022, 24576, 329.78
2026/08/10 08:17:45.831, 2, 98, 12962, 24576, 309.26
2026/08/10 08:17:50.832, 0, 96, 22386, 24576, 328.21
2026/08/10 08:17:50.833, 1, 88, 20992, 24576, 312.56
2026/08/10 08:17:50.835, 2, 87, 22092, 24576, 304.09
2026/08/10 08:17:55.835, 0, 99, 22906, 24576, 321.49
2026/08/10 08:17:55.837, 1, 98, 22812, 24576, 312.98
2026/08/10 08:17:55.837, 2, 88, 23732, 24576, 317.80
2026/08/10 08:18:00.838, 0, 94, 20786, 24576, 318.41
2026/08/10 08:18:00.839, 1, 93, 22812, 24576, 312.13
2026/08/10 08:18:00.839, 2, 89, 21552, 24576, 307.57
2026/08/10 08:18:05.841, 0, 82, 22686, 24576, 339.02
2026/08/10 08:18:05.842, 1, 82, 20632, 24576, 317.36
2026/08/10 08:18:05.842, 2, 83, 22092, 24576, 336.54
2026/08/10 08:18:10.843, 0, 100, 22686, 24576, 342.20
2026/08/10 08:18:10.843, 1, 98, 20632, 24576, 311.44
2026/08/10 08:18:10.844, 2, 97, 22092, 24576, 258.28
2026/08/10 08:18:15.845, 0, 100, 13590, 24576, 340.82
2026/08/10 08:18:15.846, 1, 98, 19822, 24576, 311.01
2026/08/10 08:18:15.846, 2, 78, 12798, 24576, 289.08
2026/08/10 08:18:20.848, 0, 93, 22462, 24576, 286.26
2026/08/10 08:18:20.848, 1, 93, 22586, 24576, 216.42
2026/08/10 08:18:20.849, 2, 100, 21666, 24576, 306.83
2026/08/10 08:18:25.850, 0, 89, 23990, 24576, 338.06
2026/08/10 08:18:25.850, 1, 88, 22974, 24576, 334.13
2026/08/10 08:18:25.851, 2, 86, 23354, 24576, 319.04
2026/08/10 08:18:30.852, 0, 100, 23990, 24576, 341.43
2026/08/10 08:18:30.852, 1, 100, 22974, 24576, 334.76
2026/08/10 08:18:30.853, 2, 100, 23354, 24576, 329.67
2026/08/10 08:18:35.854, 0, 80, 23990, 24576, 317.62
2026/08/10 08:18:35.854, 1, 82, 22974, 24576, 308.74
2026/08/10 08:18:35.855, 2, 82, 23354, 24576, 311.79
2026/08/10 08:18:40.856, 0, 85, 23990, 24576, 340.56
2026/08/10 08:18:40.857, 1, 81, 22974, 24576, 320.00
2026/08/10 08:18:40.857, 2, 85, 23354, 24576, 331.97
2026/08/10 08:18:45.858, 0, 98, 14450, 24576, 299.05
2026/08/10 08:18:45.859, 1, 98, 13042, 24576, 292.40
2026/08/10 08:18:45.859, 2, 100, 13064, 24576, 294.47
2026/08/10 08:18:50.860, 0, 98, 14450, 24576, 339.83
2026/08/10 08:18:50.861, 1, 100, 13042, 24576, 308.48
2026/08/10 08:18:50.862, 2, 100, 13064, 24576, 323.56
2026/08/10 08:18:55.863, 0, 86, 21708, 24576, 307.72
2026/08/10 08:18:55.864, 1, 100, 23674, 24576, 335.02
2026/08/10 08:18:55.864, 2, 100, 23056, 24576, 338.32
2026/08/10 08:19:00.865, 0, 81, 21708, 24576, 299.54
2026/08/10 08:19:00.866, 1, 88, 23674, 24576, 332.83
2026/08/10 08:19:00.866, 2, 85, 23036, 24576, 333.57
2026/08/10 08:19:05.867, 0, 100, 21708, 24576, 300.53
2026/08/10 08:19:05.868, 1, 100, 23674, 24576, 325.00
2026/08/10 08:19:05.869, 2, 94, 23036, 24576, 338.66
2026/08/10 08:19:10.869, 0, 84, 23708, 24576, 339.30
2026/08/10 08:19:10.870, 1, 82, 21474, 24576, 313.06
2026/08/10 08:19:10.871, 2, 85, 21936, 24576, 326.26
2026/08/10 08:19:15.872, 0, 100, 23708, 24576, 177.36
2026/08/10 08:19:15.872, 1, 100, 21474, 24576, 233.96
2026/08/10 08:19:15.873, 2, 85, 21936, 24576, 339.02
2026/08/10 08:19:20.874, 0, 98, 13430, 24576, 338.03
2026/08/10 08:19:20.874, 1, 98, 12982, 24576, 302.21
2026/08/10 08:19:20.875, 2, 100, 21936, 24576, 322.72
2026/08/10 08:19:25.876, 0, 100, 15310, 24576, 182.71
2026/08/10 08:19:25.876, 1, 49, 14442, 24576, 278.56
2026/08/10 08:19:25.877, 2, 30, 21936, 24576, 300.19
2026/08/10 08:19:30.878, 0, 88, 20704, 24576, 287.90
2026/08/10 08:19:30.878, 1, 89, 23056, 24576, 328.72
2026/08/10 08:19:30.879, 2, 94, 21756, 24576, 316.33
2026/08/10 08:19:35.880, 0, 100, 22784, 24576, 295.09
2026/08/10 08:19:35.881, 1, 88, 23056, 24576, 321.31
2026/08/10 08:19:35.881, 2, 100, 23976, 24576, 338.09
2026/08/10 08:19:40.882, 0, 76, 20704, 24576, 275.45
2026/08/10 08:19:40.883, 1, 77, 23056, 24576, 295.06
2026/08/10 08:19:40.883, 2, 87, 21756, 24576, 290.03
2026/08/10 08:19:45.884, 0, 83, 20704, 24576, 340.68
2026/08/10 08:19:45.885, 1, 82, 23056, 24576, 331.21
2026/08/10 08:19:45.885, 2, 82, 21756, 24576, 326.10
2026/08/10 08:19:50.887, 0, 98, 22264, 24576, 340.95
2026/08/10 08:19:50.887, 1, 100, 23056, 24576, 317.14
2026/08/10 08:19:50.888, 2, 98, 21756, 24576, 337.40
2026/08/10 08:19:55.889, 0, 98, 13590, 24576, 341.41
2026/08/10 08:19:55.889, 1, 98, 23056, 24576, 323.26
2026/08/10 08:19:55.890, 2, 97, 21756, 24576, 320.05
2026/08/10 08:20:00.890, 0, 90, 24072, 24576, 333.71
2026/08/10 08:20:00.891, 1, 87, 22854, 24576, 327.75
2026/08/10 08:20:00.892, 2, 87, 21956, 24576, 325.47
2026/08/10 08:20:05.893, 0, 98, 24072, 24576, 341.38
2026/08/10 08:20:05.894, 1, 94, 22854, 24576, 324.63
2026/08/10 08:20:05.895, 2, 98, 21956, 24576, 317.11
2026/08/10 08:20:10.895, 0, 100, 24072, 24576, 333.38
2026/08/10 08:20:10.896, 1, 100, 21874, 24576, 311.98
2026/08/10 08:20:10.896, 2, 100, 22236, 24576, 321.57
2026/08/10 08:20:15.898, 0, 82, 24072, 24576, 337.46
2026/08/10 08:20:15.898, 1, 83, 22854, 24576, 334.53
2026/08/10 08:20:15.899, 2, 81, 21956, 24576, 335.15
2026/08/10 08:20:20.900, 0, 85, 24072, 24576, 341.15
2026/08/10 08:20:20.900, 1, 82, 22854, 24576, 323.16
2026/08/10 08:20:20.901, 2, 84, 21956, 24576, 328.89
2026/08/10 08:20:25.901, 0, 100, 14710, 24576, 338.82
2026/08/10 08:20:25.902, 1, 98, 22854, 24576, 319.17
2026/08/10 08:20:25.903, 2, 98, 23462, 24576, 334.31
2026/08/10 08:20:30.904, 0, 100, 14370, 24576, 189.13
2026/08/10 08:20:30.904, 1, 98, 22854, 24576, 312.29
2026/08/10 08:20:30.905, 2, 94, 15838, 24576, 284.97
2026/08/10 08:20:35.906, 0, 85, 21326, 24576, 292.86
2026/08/10 08:20:35.906, 1, 93, 22838, 24576, 324.15
2026/08/10 08:20:35.907, 2, 85, 22374, 24576, 305.79
2026/08/10 08:20:40.908, 0, 95, 21986, 24576, 304.33
2026/08/10 08:20:40.908, 1, 100, 22838, 24576, 324.32
2026/08/10 08:20:40.909, 2, 98, 22374, 24576, 309.88
2026/08/10 08:20:45.910, 0, 100, 21326, 24576, 281.87
2026/08/10 08:20:45.911, 1, 100, 22838, 24576, 313.79
2026/08/10 08:20:45.911, 2, 94, 22374, 24576, 290.66
2026/08/10 08:20:50.912, 0, 83, 21326, 24576, 337.84
2026/08/10 08:20:50.913, 1, 81, 22838, 24576, 319.21
2026/08/10 08:20:50.913, 2, 82, 22374, 24576, 335.91
2026/08/10 08:20:55.914, 0, 98, 21326, 24576, 342.65
2026/08/10 08:20:55.915, 1, 98, 22838, 24576, 315.16
2026/08/10 08:20:55.916, 2, 98, 22374, 24576, 337.10
2026/08/10 08:21:00.917, 0, 98, 24050, 24576, 341.57
2026/08/10 08:21:00.917, 1, 98, 21022, 24576, 315.19
2026/08/10 08:21:00.918, 2, 100, 12962, 24576, 328.40
2026/08/10 08:21:05.919, 0, 96, 23308, 24576, 310.18
2026/08/10 08:21:05.919, 1, 95, 20714, 24576, 310.15
2026/08/10 08:21:05.920, 2, 92, 22914, 24576, 299.21
2026/08/10 08:21:10.922, 0, 91, 23308, 24576, 313.35
2026/08/10 08:21:10.923, 1, 89, 20714, 24576, 310.36
2026/08/10 08:21:10.923, 2, 88, 22914, 24576, 310.84
2026/08/10 08:21:15.924, 0, 87, 23308, 24576, 313.61
2026/08/10 08:21:15.925, 1, 86, 20714, 24576, 310.05
2026/08/10 08:21:15.925, 2, 92, 22914, 24576, 314.11
2026/08/10 08:21:20.926, 0, 83, 23308, 24576, 338.50
2026/08/10 08:21:20.929, 1, 78, 22854, 24576, 325.50
2026/08/10 08:21:20.931, 2, 82, 22914, 24576, 336.28
2026/08/10 08:21:25.932, 0, 98, 23308, 24576, 342.33
2026/08/10 08:21:25.932, 1, 98, 22854, 24576, 316.52
2026/08/10 08:21:25.933, 2, 98, 22914, 24576, 248.05
2026/08/10 08:21:30.934, 0, 98, 13490, 24576, 332.90
2026/08/10 08:21:30.934, 1, 98, 20162, 24576, 326.48
2026/08/10 08:21:30.935, 2, 98, 12862, 24576, 333.69
2026/08/10 08:21:35.936, 0, 100, 21628, 24576, 317.98
2026/08/10 08:21:35.936, 1, 100, 23294, 24576, 322.81
2026/08/10 08:21:35.937, 2, 91, 20452, 24576, 297.64
2026/08/10 08:21:40.938, 0, 100, 21628, 24576, 316.97
2026/08/10 08:21:40.939, 1, 100, 23294, 24576, 326.02
2026/08/10 08:21:40.941, 2, 97, 20452, 24576, 301.26
2026/08/10 08:21:45.942, 0, 99, 21628, 24576, 319.63
2026/08/10 08:21:45.943, 1, 100, 23294, 24576, 329.17
2026/08/10 08:21:45.944, 2, 100, 20452, 24576, 302.51
2026/08/10 08:21:50.944, 0, 83, 21628, 24576, 338.01
2026/08/10 08:21:50.945, 1, 82, 23294, 24576, 318.85
2026/08/10 08:21:50.945, 2, 82, 20452, 24576, 329.45
2026/08/10 08:21:55.947, 0, 98, 21628, 24576, 339.46
2026/08/10 08:21:55.947, 1, 98, 23294, 24576, 305.92
2026/08/10 08:21:55.948, 2, 98, 20452, 24576, 257.60
2026/08/10 08:22:00.949, 0, 98, 21628, 24576, 338.74
2026/08/10 08:22:00.950, 1, 98, 13262, 24576, 309.93
2026/08/10 08:22:00.950, 2, 98, 12800, 24576, 334.08
2026/08/10 08:22:05.951, 0, 100, 21826, 24576, 323.87
2026/08/10 08:22:05.952, 1, 100, 22872, 24576, 318.95
2026/08/10 08:22:05.953, 2, 90, 19668, 24576, 295.44
2026/08/10 08:22:10.953, 0, 85, 21826, 24576, 325.67
2026/08/10 08:22:10.954, 1, 83, 22872, 24576, 318.20
2026/08/10 08:22:10.955, 2, 100, 19668, 24576, 311.82
2026/08/10 08:22:15.956, 0, 100, 23566, 24576, 327.00
2026/08/10 08:22:15.957, 1, 100, 22872, 24576, 302.80
2026/08/10 08:22:15.957, 2, 81, 23708, 24576, 304.28
2026/08/10 08:22:20.958, 0, 83, 21826, 24576, 336.98
2026/08/10 08:22:20.959, 1, 79, 22872, 24576, 314.96
2026/08/10 08:22:20.959, 2, 82, 19668, 24576, 328.52
2026/08/10 08:22:25.960, 0, 100, 21826, 24576, 337.58
2026/08/10 08:22:25.960, 1, 100, 22872, 24576, 328.33
2026/08/10 08:22:25.961, 2, 97, 21728, 24576, 338.97
2026/08/10 08:22:30.962, 0, 99, 21826, 24576, 337.13
2026/08/10 08:22:30.962, 1, 98, 12862, 24576, 307.86
2026/08/10 08:22:30.963, 2, 100, 13060, 24576, 339.31
2026/08/10 08:22:35.964, 0, 100, 23106, 24576, 324.95
2026/08/10 08:22:35.964, 1, 99, 22612, 24576, 312.30
2026/08/10 08:22:35.965, 2, 97, 21548, 24576, 300.33
2026/08/10 08:22:40.966, 0, 100, 23106, 24576, 342.80
2026/08/10 08:22:40.966, 1, 95, 22612, 24576, 338.00
2026/08/10 08:22:40.967, 2, 81, 21548, 24576, 307.42
2026/08/10 08:22:45.968, 0, 81, 20986, 24576, 294.63
2026/08/10 08:22:45.968, 1, 81, 20592, 24576, 295.88
2026/08/10 08:22:45.969, 2, 80, 21548, 24576, 299.65
2026/08/10 08:22:50.970, 0, 81, 20986, 24576, 338.55
2026/08/10 08:22:50.970, 1, 82, 20592, 24576, 320.60
2026/08/10 08:22:50.971, 2, 81, 21548, 24576, 334.92
2026/08/10 08:22:55.972, 0, 98, 20986, 24576, 337.13
2026/08/10 08:22:55.972, 1, 81, 13014, 24576, 258.67
2026/08/10 08:22:55.973, 2, 98, 14062, 24576, 293.58
2026/08/10 08:23:00.973, 0, 100, 20986, 24576, 333.80
2026/08/10 08:23:00.974, 1, 100, 13062, 24576, 315.40
2026/08/10 08:23:00.975, 2, 98, 14058, 24576, 336.92
2026/08/10 08:23:05.976, 0, 100, 24250, 24576, 340.48
2026/08/10 08:23:05.976, 1, 100, 24036, 24576, 329.39
2026/08/10 08:23:05.977, 2, 100, 20814, 24576, 295.95
2026/08/10 08:23:10.978, 0, 96, 24250, 24576, 321.06
2026/08/10 08:23:10.979, 1, 95, 24036, 24576, 318.54
2026/08/10 08:23:10.979, 2, 89, 20814, 24576, 294.62
2026/08/10 08:23:15.980, 0, 100, 22150, 24576, 328.48
2026/08/10 08:23:15.981, 1, 100, 21836, 24576, 311.47
2026/08/10 08:23:15.981, 2, 100, 22934, 24576, 320.59
2026/08/10 08:23:20.982, 0, 78, 22150, 24576, 336.64
2026/08/10 08:23:20.983, 1, 78, 21836, 24576, 317.48
2026/08/10 08:23:20.984, 2, 79, 22934, 24576, 338.03
2026/08/10 08:23:25.984, 0, 100, 22150, 24576, 276.37
2026/08/10 08:23:25.985, 1, 75, 21836, 24576, 320.05
2026/08/10 08:23:25.985, 2, 100, 22934, 24576, 304.93
2026/08/10 08:23:30.986, 0, 98, 13570, 24576, 340.32
2026/08/10 08:23:30.987, 1, 98, 21836, 24576, 308.70
2026/08/10 08:23:30.987, 2, 98, 22934, 24576, 318.58
2026/08/10 08:23:35.988, 0, 87, 21538, 24576, 208.88
2026/08/10 08:23:35.989, 1, 52, 21836, 24576, 302.07
2026/08/10 08:23:35.989, 2, 87, 22934, 24576, 193.86
2026/08/10 08:23:40.990, 0, 100, 21606, 24576, 311.37
2026/08/10 08:23:40.991, 1, 100, 21596, 24576, 312.46
2026/08/10 08:23:40.991, 2, 82, 23174, 24576, 339.18
2026/08/10 08:23:45.992, 0, 95, 21606, 24576, 314.59
2026/08/10 08:23:45.993, 1, 95, 21596, 24576, 320.92
2026/08/10 08:23:45.993, 2, 100, 23174, 24576, 329.44
2026/08/10 08:23:50.994, 0, 80, 21606, 24576, 308.15
2026/08/10 08:23:50.995, 1, 81, 21596, 24576, 314.60
2026/08/10 08:23:50.995, 2, 82, 23174, 24576, 309.59
2026/08/10 08:23:55.996, 0, 84, 21606, 24576, 339.23
2026/08/10 08:23:55.997, 1, 82, 21596, 24576, 259.36
2026/08/10 08:23:55.997, 2, 84, 23174, 24576, 331.16
2026/08/10 08:24:00.998, 0, 87, 14330, 24576, 300.92
2026/08/10 08:24:00.999, 1, 98, 21596, 24576, 318.99
2026/08/10 08:24:01.000, 2, 98, 23174, 24576, 327.36
2026/08/10 08:24:06.001, 0, 100, 19930, 24576, 332.29
2026/08/10 08:24:06.001, 1, 100, 21596, 24576, 310.55
2026/08/10 08:24:06.002, 2, 98, 23174, 24576, 314.21
2026/08/10 08:24:11.003, 0, 100, 20086, 24576, 309.32
2026/08/10 08:24:11.003, 1, 100, 23654, 24576, 316.18
2026/08/10 08:24:11.004, 2, 94, 20294, 24576, 321.46
2026/08/10 08:24:16.005, 0, 95, 20746, 24576, 306.13
2026/08/10 08:24:16.006, 1, 94, 23654, 24576, 312.76
2026/08/10 08:24:16.006, 2, 89, 20834, 24576, 311.42
2026/08/10 08:24:21.007, 0, 26, 22686, 24576, 266.53
2026/08/10 08:24:21.007, 1, 18, 21454, 24576, 272.68
2026/08/10 08:24:21.008, 2, 29, 22954, 24576, 278.36
2026/08/10 08:24:26.009, 0, 84, 22686, 24576, 339.71
2026/08/10 08:24:26.009, 1, 81, 21454, 24576, 318.44
2026/08/10 08:24:26.010, 2, 82, 22954, 24576, 331.69
2026/08/10 08:24:31.011, 0, 98, 24206, 24576, 337.95
2026/08/10 08:24:31.012, 1, 100, 21454, 24576, 317.06
2026/08/10 08:24:31.012, 2, 98, 22954, 24576, 333.61
2026/08/10 08:24:36.013, 0, 98, 19890, 24576, 339.36
2026/08/10 08:24:36.014, 1, 98, 21454, 24576, 314.62
2026/08/10 08:24:36.014, 2, 98, 22954, 24576, 314.36
2026/08/10 08:24:41.015, 0, 100, 22268, 24576, 310.75
2026/08/10 08:24:41.016, 1, 100, 24076, 24576, 313.36
2026/08/10 08:24:41.016, 2, 95, 20774, 24576, 294.89
2026/08/10 08:24:46.017, 0, 100, 22328, 24576, 328.33
2026/08/10 08:24:46.018, 1, 100, 21876, 24576, 305.35
2026/08/10 08:24:46.018, 2, 88, 21534, 24576, 317.82
2026/08/10 08:24:51.019, 0, 95, 22328, 24576, 331.08
2026/08/10 08:24:51.020, 1, 94, 21876, 24576, 318.74
2026/08/10 08:24:51.020, 2, 96, 21534, 24576, 322.13
2026/08/10 08:24:56.021, 0, 82, 22328, 24576, 335.59
2026/08/10 08:24:56.022, 1, 80, 21876, 24576, 325.73
2026/08/10 08:24:56.023, 2, 80, 21534, 24576, 330.85
2026/08/10 08:25:01.024, 0, 84, 22328, 24576, 340.83
2026/08/10 08:25:01.024, 1, 82, 21876, 24576, 319.91
2026/08/10 08:25:01.025, 2, 85, 21534, 24576, 300.19
2026/08/10 08:25:06.026, 0, 98, 13330, 24576, 339.19
2026/08/10 08:25:06.026, 1, 100, 14002, 24576, 312.52
2026/08/10 08:25:06.027, 2, 83, 13738, 24576, 287.66
2026/08/10 08:25:11.028, 0, 100, 13330, 24576, 176.98
2026/08/10 08:25:11.028, 1, 98, 13978, 24576, 311.81
2026/08/10 08:25:11.029, 2, 100, 12118, 24576, 182.22
2026/08/10 08:25:16.030, 0, 100, 20824, 24576, 290.05
2026/08/10 08:25:16.030, 1, 100, 20896, 24576, 317.02
2026/08/10 08:25:16.031, 2, 100, 20552, 24576, 289.82
2026/08/10 08:25:21.032, 0, 100, 20744, 24576, 305.47
2026/08/10 08:25:21.033, 1, 100, 22956, 24576, 318.16
2026/08/10 08:25:21.034, 2, 100, 21812, 24576, 312.85
2026/08/10 08:25:26.034, 0, 24, 20744, 24576, 268.26
2026/08/10 08:25:26.035, 1, 35, 22956, 24576, 288.96
2026/08/10 08:25:26.036, 2, 55, 21812, 24576, 277.35
2026/08/10 08:25:31.036, 0, 84, 20744, 24576, 340.79
2026/08/10 08:25:31.037, 1, 82, 22956, 24576, 310.41
2026/08/10 08:25:31.037, 2, 80, 21812, 24576, 337.45
2026/08/10 08:25:36.039, 0, 86, 13770, 24576, 298.53
2026/08/10 08:25:36.039, 1, 88, 13902, 24576, 287.67
2026/08/10 08:25:36.040, 2, 98, 12982, 24576, 274.85
2026/08/10 08:25:41.041, 0, 98, 13770, 24576, 340.94
2026/08/10 08:25:41.041, 1, 98, 19696, 24576, 310.33
2026/08/10 08:25:41.042, 2, 98, 12982, 24576, 311.47
2026/08/10 08:25:46.043, 0, 97, 23588, 24576, 312.89
2026/08/10 08:25:46.046, 1, 93, 24012, 24576, 323.93
2026/08/10 08:25:46.050, 2, 89, 23332, 24576, 322.89
2026/08/10 08:25:51.051, 0, 97, 23588, 24576, 312.98
2026/08/10 08:25:51.051, 1, 92, 22452, 24576, 318.15
2026/08/10 08:25:51.052, 2, 88, 21712, 24576, 320.19
2026/08/10 08:25:56.053, 0, 22, 23588, 24576, 259.36
2026/08/10 08:25:56.053, 1, 25, 22212, 24576, 285.99
2026/08/10 08:25:56.054, 2, 28, 22952, 24576, 278.08
2026/08/10 08:26:01.054, 0, 85, 23588, 24576, 340.24
2026/08/10 08:26:01.055, 1, 83, 22212, 24576, 322.90
2026/08/10 08:26:01.055, 2, 81, 22952, 24576, 329.68
2026/08/10 08:26:06.056, 0, 99, 22888, 24576, 339.25
2026/08/10 08:26:06.057, 1, 89, 15272, 24576, 294.19
2026/08/10 08:26:06.058, 2, 98, 22952, 24576, 320.18
2026/08/10 08:26:11.058, 0, 100, 13290, 24576, 341.56
2026/08/10 08:26:11.059, 1, 100, 13002, 24576, 326.91
2026/08/10 08:26:11.060, 2, 98, 22952, 24576, 314.65
2026/08/10 08:26:16.061, 0, 96, 22826, 24576, 303.76
2026/08/10 08:26:16.061, 1, 93, 22892, 24576, 310.05
2026/08/10 08:26:16.062, 2, 100, 20894, 24576, 324.73
2026/08/10 08:26:21.064, 0, 96, 22826, 24576, 303.80
2026/08/10 08:26:21.064, 1, 93, 22892, 24576, 307.51
2026/08/10 08:26:21.065, 2, 100, 20974, 24576, 311.35
2026/08/10 08:26:26.066, 0, 24, 20966, 24576, 258.26
2026/08/10 08:26:26.067, 1, 43, 20712, 24576, 272.05
2026/08/10 08:26:26.069, 2, 22, 23134, 24576, 280.84
2026/08/10 08:26:31.079, 0, 83, 20966, 24576, 340.81
2026/08/10 08:26:31.080, 1, 84, 20712, 24576, 323.83
2026/08/10 08:26:31.080, 2, 85, 23134, 24576, 328.26
2026/08/10 08:26:36.082, 0, 98, 13490, 24576, 299.32
2026/08/10 08:26:36.083, 1, 97, 12840, 24576, 284.24
2026/08/10 08:26:36.083, 2, 98, 13900, 24576, 288.62
2026/08/10 08:26:41.084, 0, 98, 13490, 24576, 334.36
2026/08/10 08:26:41.085, 1, 98, 12840, 24576, 311.31
2026/08/10 08:26:41.085, 2, 98, 23178, 24576, 330.41
2026/08/10 08:26:46.086, 0, 89, 23446, 24576, 326.10
2026/08/10 08:26:46.087, 1, 88, 22330, 24576, 336.58
2026/08/10 08:26:46.087, 2, 88, 20810, 24576, 316.93
2026/08/10 08:26:51.088, 0, 98, 22946, 24576, 324.20
2026/08/10 08:26:51.089, 1, 96, 22470, 24576, 311.89
2026/08/10 08:26:51.090, 2, 85, 23410, 24576, 315.01
2026/08/10 08:26:56.091, 0, 80, 23446, 24576, 267.28
2026/08/10 08:26:56.091, 1, 76, 20330, 24576, 305.95
2026/08/10 08:26:56.092, 2, 79, 20810, 24576, 306.86
2026/08/10 08:27:01.093, 0, 84, 23446, 24576, 338.27
2026/08/10 08:27:01.093, 1, 80, 20330, 24576, 320.18
2026/08/10 08:27:01.094, 2, 83, 20810, 24576, 331.27
2026/08/10 08:27:06.095, 0, 100, 18870, 24576, 301.87
2026/08/10 08:27:06.095, 1, 98, 13042, 24576, 293.32
2026/08/10 08:27:06.096, 2, 98, 20810, 24576, 331.09
2026/08/10 08:27:11.096, 0, 98, 13870, 24576, 338.99
2026/08/10 08:27:11.097, 1, 98, 13042, 24576, 322.10
2026/08/10 08:27:11.098, 2, 65, 20810, 24576, 290.52
2026/08/10 08:27:16.098, 0, 100, 23908, 24576, 341.55
2026/08/10 08:27:16.099, 1, 100, 23674, 24576, 339.33
2026/08/10 08:27:16.100, 2, 100, 23012, 24576, 320.73
2026/08/10 08:27:21.101, 0, 100, 23908, 24576, 340.07
2026/08/10 08:27:21.102, 1, 100, 23674, 24576, 332.99
2026/08/10 08:27:21.102, 2, 100, 23012, 24576, 323.33
2026/08/10 08:27:26.103, 0, 82, 21788, 24576, 283.53
2026/08/10 08:27:26.104, 1, 80, 21474, 24576, 288.43
2026/08/10 08:27:26.104, 2, 80, 23012, 24576, 284.11
2026/08/10 08:27:31.105, 0, 85, 21788, 24576, 339.35
2026/08/10 08:27:31.106, 1, 82, 21474, 24576, 317.45
2026/08/10 08:27:31.106, 2, 81, 23012, 24576, 337.57
2026/08/10 08:27:36.107, 0, 98, 21788, 24576, 338.86
2026/08/10 08:27:36.108, 1, 98, 21474, 24576, 313.97
2026/08/10 08:27:36.108, 2, 98, 23012, 24576, 329.87
2026/08/10 08:27:41.109, 0, 98, 21788, 24576, 333.82
2026/08/10 08:27:41.110, 1, 98, 21474, 24576, 305.75
2026/08/10 08:27:41.111, 2, 98, 23012, 24576, 319.43
2026/08/10 08:27:46.112, 0, 99, 24010, 24576, 337.62
2026/08/10 08:27:46.112, 1, 95, 20692, 24576, 311.10
2026/08/10 08:27:46.113, 2, 100, 22492, 24576, 318.00
2026/08/10 08:27:51.114, 0, 96, 24010, 24576, 337.82
2026/08/10 08:27:51.115, 1, 92, 20692, 24576, 310.98
2026/08/10 08:27:51.115, 2, 100, 22492, 24576, 317.86
2026/08/10 08:27:56.116, 0, 97, 24010, 24576, 338.35
2026/08/10 08:27:56.117, 1, 92, 20692, 24576, 310.20
2026/08/10 08:27:56.117, 2, 100, 22492, 24576, 317.44
2026/08/10 08:28:01.118, 0, 82, 24010, 24576, 337.53
2026/08/10 08:28:01.119, 1, 81, 20692, 24576, 319.42
2026/08/10 08:28:01.119, 2, 81, 22492, 24576, 336.20
2026/08/10 08:28:06.120, 0, 98, 24010, 24576, 247.56
2026/08/10 08:28:06.121, 1, 98, 20692, 24576, 331.63
2026/08/10 08:28:06.121, 2, 98, 22492, 24576, 259.20
2026/08/10 08:28:11.122, 0, 98, 13630, 24576, 341.07
2026/08/10 08:28:11.123, 1, 98, 20692, 24576, 309.57
2026/08/10 08:28:11.123, 2, 98, 13004, 24576, 336.32
2026/08/10 08:28:16.124, 0, 100, 22444, 24576, 313.62
2026/08/10 08:28:16.125, 1, 89, 23394, 24576, 327.95
2026/08/10 08:28:16.126, 2, 87, 23716, 24576, 322.84
2026/08/10 08:28:21.127, 0, 100, 22444, 24576, 298.49
2026/08/10 08:28:21.127, 1, 85, 23754, 24576, 334.76
2026/08/10 08:28:21.128, 2, 94, 24056, 24576, 338.19
2026/08/10 08:28:26.129, 0, 100, 22444, 24576, 293.24
2026/08/10 08:28:26.130, 1, 96, 23754, 24576, 317.12
2026/08/10 08:28:26.130, 2, 97, 24056, 24576, 309.09
2026/08/10 08:28:31.131, 0, 81, 22444, 24576, 335.54
2026/08/10 08:28:31.132, 1, 77, 21534, 24576, 323.40
2026/08/10 08:28:31.132, 2, 80, 21916, 24576, 337.02
2026/08/10 08:28:36.133, 0, 83, 22444, 24576, 341.05
2026/08/10 08:28:36.134, 1, 81, 21534, 24576, 317.82
2026/08/10 08:28:36.134, 2, 83, 21916, 24576, 327.18
2026/08/10 08:28:41.135, 0, 98, 13750, 24576, 338.59
2026/08/10 08:28:41.136, 1, 98, 14062, 24576, 308.62
2026/08/10 08:28:41.136, 2, 98, 14262, 24576, 321.60
2026/08/10 08:28:46.142, 0, 100, 23572, 24576, 268.79
2026/08/10 08:28:46.142, 1, 93, 23154, 24576, 286.36
2026/08/10 08:28:46.143, 2, 94, 21994, 24576, 255.22
2026/08/10 08:28:51.144, 0, 100, 23628, 24576, 325.62
2026/08/10 08:28:51.144, 1, 92, 23214, 24576, 297.95
2026/08/10 08:28:51.145, 2, 94, 22052, 24576, 317.98
2026/08/10 08:28:56.146, 0, 100, 23628, 24576, 329.73
2026/08/10 08:28:56.146, 1, 98, 23214, 24576, 330.30
2026/08/10 08:28:56.147, 2, 100, 22052, 24576, 327.05
2026/08/10 08:29:01.148, 0, 82, 23628, 24576, 258.02
2026/08/10 08:29:01.149, 1, 77, 23214, 24576, 325.77
2026/08/10 08:29:01.149, 2, 82, 22052, 24576, 335.45
2026/08/10 08:29:06.150, 0, 82, 23628, 24576, 341.76
2026/08/10 08:29:06.151, 1, 82, 23214, 24576, 316.09
2026/08/10 08:29:06.151, 2, 82, 22052, 24576, 330.94
2026/08/10 08:29:11.152, 0, 98, 13570, 24576, 339.68
2026/08/10 08:29:11.153, 1, 97, 12902, 24576, 330.25
2026/08/10 08:29:11.153, 2, 98, 24166, 24576, 334.45
2026/08/10 08:29:16.154, 0, 100, 13570, 24576, 240.67
2026/08/10 08:29:16.155, 1, 98, 13262, 24576, 302.41
2026/08/10 08:29:16.155, 2, 100, 13322, 24576, 243.37
2026/08/10 08:29:21.156, 0, 100, 23046, 24576, 337.20
2026/08/10 08:29:21.157, 1, 100, 23636, 24576, 325.93
2026/08/10 08:29:21.157, 2, 100, 23072, 24576, 323.78
2026/08/10 08:29:26.158, 0, 88, 23046, 24576, 341.90
2026/08/10 08:29:26.159, 1, 87, 23636, 24576, 318.25
2026/08/10 08:29:26.160, 2, 84, 23072, 24576, 322.64
2026/08/10 08:29:31.161, 0, 81, 20826, 24576, 287.72
2026/08/10 08:29:31.161, 1, 83, 23636, 24576, 293.48
2026/08/10 08:29:31.162, 2, 79, 23072, 24576, 300.97
2026/08/10 08:29:36.163, 0, 83, 20826, 24576, 340.16
2026/08/10 08:29:36.164, 1, 81, 23636, 24576, 320.04
2026/08/10 08:29:36.164, 2, 83, 23072, 24576, 337.66
2026/08/10 08:29:41.165, 0, 100, 20950, 24576, 303.98
2026/08/10 08:29:41.166, 1, 98, 12762, 24576, 291.78
2026/08/10 08:29:41.166, 2, 98, 20462, 24576, 305.05
2026/08/10 08:29:46.167, 0, 98, 13930, 24576, 339.57
2026/08/10 08:29:46.168, 1, 100, 12762, 24576, 313.54
2026/08/10 08:29:46.168, 2, 98, 23438, 24576, 323.64
2026/08/10 08:29:51.169, 0, 100, 24088, 24576, 345.03
2026/08/10 08:29:51.170, 1, 100, 21952, 24576, 329.12
2026/08/10 08:29:51.174, 2, 94, 20472, 24576, 307.22
2026/08/10 08:29:56.176, 0, 89, 24088, 24576, 341.42
2026/08/10 08:29:56.176, 1, 100, 21952, 24576, 321.05
2026/08/10 08:29:56.177, 2, 100, 20472, 24576, 306.17
2026/08/10 08:30:01.177, 0, 83, 21908, 24576, 281.33
2026/08/10 08:30:01.178, 1, 81, 21952, 24576, 289.02
2026/08/10 08:30:01.178, 2, 90, 22672, 24576, 268.58
2026/08/10 08:30:06.179, 0, 80, 21908, 24576, 337.91
2026/08/10 08:30:06.180, 1, 84, 21952, 24576, 320.08
2026/08/10 08:30:06.180, 2, 82, 22672, 24576, 336.87
2026/08/10 08:30:11.181, 0, 98, 13570, 24576, 300.89
2026/08/10 08:30:11.182, 1, 95, 13982, 24576, 289.56
2026/08/10 08:30:11.182, 2, 90, 13922, 24576, 293.88
2026/08/10 08:30:16.183, 0, 98, 13570, 24576, 340.90
2026/08/10 08:30:16.184, 1, 100, 13956, 24576, 318.58
2026/08/10 08:30:16.184, 2, 98, 21418, 24576, 334.76
2026/08/10 08:30:21.185, 0, 95, 24008, 24576, 319.82
2026/08/10 08:30:21.186, 1, 89, 23254, 24576, 307.67
2026/08/10 08:30:21.187, 2, 93, 22112, 24576, 303.81
2026/08/10 08:30:26.188, 0, 100, 24008, 24576, 322.55
2026/08/10 08:30:26.188, 1, 87, 23254, 24576, 304.81
2026/08/10 08:30:26.189, 2, 86, 22112, 24576, 298.70
2026/08/10 08:30:31.190, 0, 55, 21788, 24576, 276.43
2026/08/10 08:30:31.191, 1, 73, 23254, 24576, 286.59
2026/08/10 08:30:31.191, 2, 17, 22112, 24576, 276.27
2026/08/10 08:30:36.192, 0, 85, 21788, 24576, 337.47
2026/08/10 08:30:36.193, 1, 84, 23254, 24576, 321.87
2026/08/10 08:30:36.193, 2, 82, 22112, 24576, 336.58
2026/08/10 08:30:41.194, 0, 84, 12750, 24576, 288.53
2026/08/10 08:30:41.195, 1, 86, 13234, 24576, 291.42
2026/08/10 08:30:41.195, 2, 99, 16412, 24576, 320.47
2026/08/10 08:30:46.196, 0, 98, 13450, 24576, 338.07
2026/08/10 08:30:46.197, 1, 98, 13042, 24576, 310.32
2026/08/10 08:30:46.197, 2, 98, 14038, 24576, 303.92
2026/08/10 08:30:51.198, 0, 89, 23288, 24576, 327.67
2026/08/10 08:30:51.198, 1, 88, 20872, 24576, 307.45
2026/08/10 08:30:51.199, 2, 100, 22732, 24576, 331.37
2026/08/10 08:30:56.201, 0, 100, 23968, 24576, 331.43
2026/08/10 08:30:56.201, 1, 100, 22732, 24576, 309.57
2026/08/10 08:30:56.202, 2, 97, 24112, 24576, 316.17
2026/08/10 08:31:01.203, 0, 22, 23288, 24576, 280.76
2026/08/10 08:31:01.203, 1, 25, 20512, 24576, 273.25
2026/08/10 08:31:01.204, 2, 25, 22732, 24576, 278.11
2026/08/10 08:31:06.204, 0, 84, 23288, 24576, 338.74
2026/08/10 08:31:06.205, 1, 83, 20512, 24576, 315.19
2026/08/10 08:31:06.206, 2, 84, 22732, 24576, 336.94
2026/08/10 08:31:11.207, 0, 94, 18188, 24576, 326.38
2026/08/10 08:31:11.207, 1, 96, 19652, 24576, 308.33
2026/08/10 08:31:11.208, 2, 98, 22732, 24576, 325.14
2026/08/10 08:31:16.209, 0, 98, 14450, 24576, 300.90
2026/08/10 08:31:16.210, 1, 98, 14056, 24576, 294.19
2026/08/10 08:31:16.210, 2, 100, 22732, 24576, 324.21
2026/08/10 08:31:21.211, 0, 79, 23128, 24576, 317.59
2026/08/10 08:31:21.212, 1, 83, 23172, 24576, 314.76
2026/08/10 08:31:21.212, 2, 80, 22956, 24576, 322.76
2026/08/10 08:31:26.213, 0, 100, 23128, 24576, 319.71
2026/08/10 08:31:26.213, 1, 100, 23172, 24576, 316.38
2026/08/10 08:31:26.214, 2, 100, 22956, 24576, 329.76
2026/08/10 08:31:31.215, 0, 93, 23128, 24576, 300.00
2026/08/10 08:31:31.215, 1, 92, 23172, 24576, 300.93
2026/08/10 08:31:31.216, 2, 91, 22956, 24576, 314.87
2026/08/10 08:31:36.217, 0, 83, 23128, 24576, 338.55
2026/08/10 08:31:36.217, 1, 83, 23172, 24576, 324.17
2026/08/10 08:31:36.218, 2, 82, 22956, 24576, 336.59
2026/08/10 08:31:41.218, 0, 84, 23128, 24576, 339.92
2026/08/10 08:31:41.219, 1, 98, 23172, 24576, 316.26
2026/08/10 08:31:41.220, 2, 99, 22956, 24576, 209.88
2026/08/10 08:31:46.221, 0, 98, 13570, 24576, 340.29
2026/08/10 08:31:46.222, 1, 98, 13042, 24576, 300.17
2026/08/10 08:31:46.222, 2, 98, 12760, 24576, 334.88
2026/08/10 08:31:51.223, 0, 100, 21628, 24576, 325.75
2026/08/10 08:31:51.224, 1, 100, 21434, 24576, 320.73
2026/08/10 08:31:51.224, 2, 89, 21368, 24576, 322.15
2026/08/10 08:31:56.225, 0, 88, 21628, 24576, 326.17
2026/08/10 08:31:56.226, 1, 82, 21434, 24576, 319.85
2026/08/10 08:31:56.226, 2, 100, 21368, 24576, 314.26
2026/08/10 08:32:01.227, 0, 100, 23848, 24576, 320.25
2026/08/10 08:32:01.228, 1, 100, 23654, 24576, 310.86
2026/08/10 08:32:01.229, 2, 97, 21368, 24576, 284.57
2026/08/10 08:32:06.229, 0, 84, 21628, 24576, 339.61
2026/08/10 08:32:06.230, 1, 80, 21434, 24576, 314.06
2026/08/10 08:32:06.231, 2, 83, 21368, 24576, 327.66
2026/08/10 08:32:11.232, 0, 78, 21628, 24576, 340.84
2026/08/10 08:32:11.232, 1, 98, 21434, 24576, 217.02
2026/08/10 08:32:11.233, 2, 98, 21368, 24576, 322.52
2026/08/10 08:32:16.234, 0, 98, 21628, 24576, 338.36
2026/08/10 08:32:16.234, 1, 98, 17496, 24576, 295.82
2026/08/10 08:32:16.235, 2, 98, 13262, 24576, 321.94
2026/08/10 08:32:21.236, 0, 100, 23848, 24576, 325.99
2026/08/10 08:32:21.237, 1, 98, 20836, 24576, 269.40
2026/08/10 08:32:21.237, 2, 100, 22840, 24576, 271.50
2026/08/10 08:32:26.238, 0, 100, 23530, 24576, 340.87
2026/08/10 08:32:26.239, 1, 96, 20890, 24576, 316.53
2026/08/10 08:32:26.239, 2, 100, 22892, 24576, 317.11
2026/08/10 08:32:31.240, 0, 95, 23530, 24576, 337.38
2026/08/10 08:32:31.241, 1, 91, 20890, 24576, 302.32
2026/08/10 08:32:31.241, 2, 100, 22892, 24576, 317.86
2026/08/10 08:32:36.242, 0, 82, 23530, 24576, 336.28
2026/08/10 08:32:36.243, 1, 80, 20890, 24576, 331.56
2026/08/10 08:32:36.243, 2, 82, 22892, 24576, 335.51
2026/08/10 08:32:41.244, 0, 84, 23530, 24576, 338.68
2026/08/10 08:32:41.245, 1, 81, 20890, 24576, 324.81
2026/08/10 08:32:41.245, 2, 84, 22892, 24576, 340.18
2026/08/10 08:32:46.246, 0, 98, 19990, 24576, 328.90
2026/08/10 08:32:46.247, 1, 100, 20890, 24576, 312.78
2026/08/10 08:32:46.247, 2, 100, 22892, 24576, 338.00
2026/08/10 08:32:51.248, 0, 98, 14630, 24576, 302.27
2026/08/10 08:32:51.249, 1, 100, 20890, 24576, 199.56
2026/08/10 08:32:51.249, 2, 100, 22892, 24576, 206.82
2026/08/10 08:32:56.250, 0, 100, 22966, 24576, 328.35
2026/08/10 08:32:56.251, 1, 100, 20552, 24576, 308.91
2026/08/10 08:32:56.251, 2, 86, 23414, 24576, 331.69
2026/08/10 08:33:01.252, 0, 100, 21006, 24576, 324.47
2026/08/10 08:33:01.253, 1, 94, 22552, 24576, 310.73
2026/08/10 08:33:01.254, 2, 100, 23414, 24576, 323.21
2026/08/10 08:33:06.255, 0, 82, 22966, 24576, 298.15
2026/08/10 08:33:06.255, 1, 83, 20552, 24576, 330.49
2026/08/10 08:33:06.256, 2, 83, 23414, 24576, 332.26
2026/08/10 08:33:11.257, 0, 83, 22966, 24576, 338.65
2026/08/10 08:33:11.257, 1, 81, 20552, 24576, 316.88
2026/08/10 08:33:11.258, 2, 82, 23414, 24576, 337.43
2026/08/10 08:33:16.259, 0, 100, 23130, 24576, 337.96
2026/08/10 08:33:16.260, 1, 98, 13062, 24576, 331.48
2026/08/10 08:33:16.260, 2, 97, 13042, 24576, 333.20
2026/08/10 08:33:21.261, 0, 41, 13790, 24576, 306.94
2026/08/10 08:33:21.262, 1, 100, 13062, 24576, 285.38
2026/08/10 08:33:21.262, 2, 71, 13042, 24576, 274.94
2026/08/10 08:33:26.263, 0, 100, 23868, 24576, 326.82
2026/08/10 08:33:26.263, 1, 100, 21736, 24576, 317.34
2026/08/10 08:33:26.264, 2, 100, 20352, 24576, 304.32
2026/08/10 08:33:31.265, 0, 98, 23868, 24576, 329.82
2026/08/10 08:33:31.265, 1, 90, 21736, 24576, 301.75
2026/08/10 08:33:31.266, 2, 93, 20352, 24576, 305.97
2026/08/10 08:33:36.267, 0, 100, 23868, 24576, 299.44
2026/08/10 08:33:36.267, 1, 100, 21736, 24576, 316.61
2026/08/10 08:33:36.268, 2, 97, 20352, 24576, 293.92
2026/08/10 08:33:41.269, 0, 82, 23868, 24576, 338.93
2026/08/10 08:33:41.270, 1, 83, 21736, 24576, 307.81
2026/08/10 08:33:41.270, 2, 84, 20352, 24576, 336.64
2026/08/10 08:33:46.271, 0, 98, 23868, 24576, 338.34
2026/08/10 08:33:46.271, 1, 98, 21736, 24576, 327.13
2026/08/10 08:33:46.272, 2, 98, 21032, 24576, 338.56
2026/08/10 08:33:51.273, 0, 98, 13590, 24576, 337.44
2026/08/10 08:33:51.274, 1, 98, 12862, 24576, 309.39
2026/08/10 08:33:51.274, 2, 98, 13262, 24576, 323.05
2026/08/10 08:33:56.275, 0, 93, 23450, 24576, 335.03
2026/08/10 08:33:56.276, 1, 92, 21872, 24576, 295.03
2026/08/10 08:33:56.277, 2, 96, 22932, 24576, 317.75
2026/08/10 08:34:01.277, 0, 98, 23450, 24576, 333.04
2026/08/10 08:34:01.278, 1, 97, 21872, 24576, 297.89
2026/08/10 08:34:01.279, 2, 98, 22932, 24576, 303.60
2026/08/10 08:34:06.280, 0, 100, 23450, 24576, 340.65
2026/08/10 08:34:06.280, 1, 97, 21432, 24576, 305.26
2026/08/10 08:34:06.281, 2, 100, 22932, 24576, 293.49
2026/08/10 08:34:11.282, 0, 84, 23450, 24576, 337.45
2026/08/10 08:34:11.283, 1, 82, 21872, 24576, 333.58
2026/08/10 08:34:11.283, 2, 84, 22932, 24576, 330.00
2026/08/10 08:34:16.284, 0, 85, 23450, 24576, 340.70
2026/08/10 08:34:16.288, 1, 82, 21872, 24576, 318.81
2026/08/10 08:34:16.288, 2, 84, 22932, 24576, 339.00
2026/08/10 08:34:21.289, 0, 98, 13430, 24576, 302.70
2026/08/10 08:34:21.290, 1, 98, 12842, 24576, 320.54
2026/08/10 08:34:21.292, 2, 97, 13322, 24576, 328.82
2026/08/10 08:34:26.293, 0, 93, 20746, 24576, 319.54
2026/08/10 08:34:26.293, 1, 93, 20772, 24576, 317.31
2026/08/10 08:34:26.294, 2, 97, 23012, 24576, 337.01
2026/08/10 08:34:31.295, 0, 89, 20746, 24576, 324.25
2026/08/10 08:34:31.295, 1, 89, 20772, 24576, 316.90
2026/08/10 08:34:31.296, 2, 89, 23012, 24576, 338.36
2026/08/10 08:34:36.297, 0, 100, 22806, 24576, 314.54
2026/08/10 08:34:36.297, 1, 100, 22772, 24576, 311.12
2026/08/10 08:34:36.298, 2, 97, 23012, 24576, 318.96
2026/08/10 08:34:41.298, 0, 84, 20746, 24576, 338.66
2026/08/10 08:34:41.299, 1, 82, 20772, 24576, 320.18
2026/08/10 08:34:41.300, 2, 83, 23012, 24576, 335.83
2026/08/10 08:34:46.300, 0, 98, 20746, 24576, 208.02
2026/08/10 08:34:46.302, 1, 86, 20772, 24576, 319.34
2026/08/10 08:34:46.303, 2, 98, 23012, 24576, 203.63
2026/08/10 08:34:51.304, 0, 98, 13290, 24576, 339.05
2026/08/10 08:34:51.304, 1, 98, 13442, 24576, 300.69
2026/08/10 08:34:51.305, 2, 100, 16762, 24576, 335.31
2026/08/10 08:34:56.306, 0, 100, 13290, 24576, 177.20
2026/08/10 08:34:56.307, 1, 100, 13462, 24576, 311.31
2026/08/10 08:34:56.307, 2, 100, 14198, 24576, 185.59
2026/08/10 08:35:01.308, 0, 100, 23866, 24576, 294.38
2026/08/10 08:35:01.308, 1, 98, 23436, 24576, 325.95
2026/08/10 08:35:01.309, 2, 91, 22632, 24576, 288.04
2026/08/10 08:35:06.310, 0, 100, 22246, 24576, 310.01
2026/08/10 08:35:06.311, 1, 100, 23116, 24576, 327.18
2026/08/10 08:35:06.311, 2, 96, 20412, 24576, 293.78
2026/08/10 08:35:11.312, 0, 20, 22246, 24576, 262.25
2026/08/10 08:35:11.313, 1, 22, 23116, 24576, 284.17
2026/08/10 08:35:11.313, 2, 23, 22632, 24576, 254.90
2026/08/10 08:35:16.314, 0, 82, 22246, 24576, 339.16
2026/08/10 08:35:16.315, 1, 80, 23116, 24576, 321.01
2026/08/10 08:35:16.316, 2, 81, 22632, 24576, 334.35
2026/08/10 08:35:21.319, 0, 97, 22246, 24576, 338.30
2026/08/10 08:35:21.319, 1, 98, 23116, 24576, 336.35
2026/08/10 08:35:21.320, 2, 98, 22752, 24576, 337.69
2026/08/10 08:35:26.320, 0, 98, 13530, 24576, 340.35
2026/08/10 08:35:26.321, 1, 98, 23876, 24576, 301.60
2026/08/10 08:35:26.321, 2, 98, 13262, 24576, 316.58
2026/08/10 08:35:31.322, 0, 94, 23930, 24576, 328.65
2026/08/10 08:35:31.323, 1, 90, 22092, 24576, 305.30
2026/08/10 08:35:31.323, 2, 98, 22972, 24576, 308.54
2026/08/10 08:35:36.324, 0, 100, 22470, 24576, 340.17
2026/08/10 08:35:36.325, 1, 98, 22612, 24576, 314.27
2026/08/10 08:35:36.326, 2, 97, 22972, 24576, 291.27
2026/08/10 08:35:41.327, 0, 89, 23930, 24576, 336.52
2026/08/10 08:35:41.327, 1, 88, 22092, 24576, 322.08
2026/08/10 08:35:41.328, 2, 100, 22972, 24576, 308.23
2026/08/10 08:35:46.329, 0, 83, 23930, 24576, 337.81
2026/08/10 08:35:46.329, 1, 81, 22092, 24576, 330.57
2026/08/10 08:35:46.330, 2, 82, 22972, 24576, 334.89
2026/08/10 08:35:51.331, 0, 88, 23930, 24576, 341.05
2026/08/10 08:35:51.331, 1, 98, 22092, 24576, 295.75
2026/08/10 08:35:51.332, 2, 100, 22972, 24576, 288.58
2026/08/10 08:35:56.333, 0, 98, 13570, 24576, 340.94
2026/08/10 08:35:56.334, 1, 99, 12802, 24576, 317.75
2026/08/10 08:35:56.334, 2, 100, 22972, 24576, 325.92
2026/08/10 08:36:01.335, 0, 97, 23766, 24576, 331.07
2026/08/10 08:36:01.336, 1, 97, 22572, 24576, 317.26
2026/08/10 08:36:01.337, 2, 97, 23274, 24576, 326.53
2026/08/10 08:36:06.338, 0, 99, 23766, 24576, 341.80
2026/08/10 08:36:06.338, 1, 93, 22572, 24576, 325.72
2026/08/10 08:36:06.339, 2, 89, 23274, 24576, 326.30
2026/08/10 08:36:11.340, 0, 95, 21566, 24576, 331.67
2026/08/10 08:36:11.341, 1, 94, 20652, 24576, 322.47
2026/08/10 08:36:11.342, 2, 97, 23274, 24576, 324.92
2026/08/10 08:36:16.343, 0, 81, 21566, 24576, 337.37
2026/08/10 08:36:16.343, 1, 81, 20652, 24576, 303.27
2026/08/10 08:36:16.344, 2, 0, 23274, 24576, 240.47
2026/08/10 08:36:21.344, 0, 100, 21566, 24576, 337.86
2026/08/10 08:36:21.345, 1, 100, 20652, 24576, 307.62
2026/08/10 08:36:21.346, 2, 100, 23274, 24576, 336.47
2026/08/10 08:36:26.347, 0, 98, 13290, 24576, 338.68
2026/08/10 08:36:26.348, 1, 98, 19402, 24576, 308.94
2026/08/10 08:36:26.348, 2, 98, 12822, 24576, 315.63
2026/08/10 08:36:31.349, 0, 89, 22404, 24576, 308.64
2026/08/10 08:36:31.350, 1, 100, 21194, 24576, 306.13
2026/08/10 08:36:31.350, 2, 89, 22432, 24576, 298.07
2026/08/10 08:36:36.352, 0, 100, 22704, 24576, 335.30
2026/08/10 08:36:36.352, 1, 100, 21236, 24576, 322.29
2026/08/10 08:36:36.353, 2, 100, 22132, 24576, 325.85
2026/08/10 08:36:41.354, 0, 100, 22704, 24576, 321.68
2026/08/10 08:36:41.354, 1, 93, 21236, 24576, 317.79
2026/08/10 08:36:41.355, 2, 95, 22132, 24576, 304.55
2026/08/10 08:36:46.356, 0, 82, 20844, 24576, 337.77
2026/08/10 08:36:46.357, 1, 79, 23236, 24576, 313.72
2026/08/10 08:36:46.357, 2, 81, 22132, 24576, 332.02
2026/08/10 08:36:51.358, 0, 83, 20844, 24576, 340.92
2026/08/10 08:36:51.359, 1, 80, 23236, 24576, 323.26
2026/08/10 08:36:51.359, 2, 83, 22132, 24576, 338.16
2026/08/10 08:36:56.360, 0, 97, 20844, 24576, 341.06
2026/08/10 08:36:56.361, 1, 100, 23236, 24576, 308.41
2026/08/10 08:36:56.362, 2, 98, 21082, 24576, 341.66
2026/08/10 08:37:01.362, 0, 63, 20844, 24576, 313.02
2026/08/10 08:37:01.363, 1, 100, 23236, 24576, 216.70
2026/08/10 08:37:01.364, 2, 98, 23738, 24576, 336.98
2026/08/10 08:37:06.365, 0, 100, 22626, 24576, 323.98
2026/08/10 08:37:06.365, 1, 87, 22992, 24576, 318.67
2026/08/10 08:37:06.366, 2, 100, 22492, 24576, 311.68
2026/08/10 08:37:11.367, 0, 87, 20926, 24576, 312.73
2026/08/10 08:37:11.367, 1, 85, 21872, 24576, 304.03
2026/08/10 08:37:11.368, 2, 95, 22492, 24576, 309.45
2026/08/10 08:37:16.368, 0, 82, 20926, 24576, 331.68
2026/08/10 08:37:16.369, 1, 81, 21872, 24576, 329.32
2026/08/10 08:37:16.370, 2, 81, 22492, 24576, 332.25
2026/08/10 08:37:21.370, 0, 82, 20926, 24576, 341.39
2026/08/10 08:37:21.371, 1, 85, 21872, 24576, 320.52
2026/08/10 08:37:21.372, 2, 82, 22492, 24576, 325.97
2026/08/10 08:37:26.373, 0, 98, 14472, 24576, 300.36
2026/08/10 08:37:26.373, 1, 98, 19642, 24576, 311.95
2026/08/10 08:37:26.374, 2, 98, 13064, 24576, 294.64
2026/08/10 08:37:31.375, 0, 98, 14472, 24576, 340.27
2026/08/10 08:37:31.375, 1, 98, 13002, 24576, 312.75
2026/08/10 08:37:31.376, 2, 98, 13064, 24576, 310.81
2026/08/10 08:37:36.377, 0, 90, 21726, 24576, 309.40
2026/08/10 08:37:36.378, 1, 100, 21472, 24576, 313.39
2026/08/10 08:37:36.378, 2, 100, 21436, 24576, 323.61
2026/08/10 08:37:41.379, 0, 89, 22326, 24576, 312.00
2026/08/10 08:37:41.379, 1, 88, 22792, 24576, 328.50
2026/08/10 08:37:41.380, 2, 88, 24036, 24576, 333.24
2026/08/10 08:37:46.380, 0, 100, 21646, 24576, 309.22
2026/08/10 08:37:46.381, 1, 89, 22792, 24576, 326.75
2026/08/10 08:37:46.382, 2, 89, 24036, 24576, 333.77
2026/08/10 08:37:51.383, 0, 82, 21646, 24576, 340.82
2026/08/10 08:37:51.383, 1, 81, 20612, 24576, 334.35
2026/08/10 08:37:51.384, 2, 82, 21836, 24576, 323.42
2026/08/10 08:37:56.385, 0, 98, 21646, 24576, 340.93
2026/08/10 08:37:56.385, 1, 97, 20612, 24576, 322.49
2026/08/10 08:37:56.386, 2, 100, 21836, 24576, 307.76
2026/08/10 08:38:01.387, 0, 99, 13590, 24576, 340.99
2026/08/10 08:38:01.388, 1, 98, 22102, 24576, 298.67
2026/08/10 08:38:01.388, 2, 98, 13302, 24576, 315.41
2026/08/10 08:38:06.389, 0, 89, 24230, 24576, 325.71
2026/08/10 08:38:06.390, 1, 89, 20832, 24576, 303.34
2026/08/10 08:38:06.390, 2, 89, 23072, 24576, 319.98
2026/08/10 08:38:11.391, 0, 100, 24070, 24576, 341.62
2026/08/10 08:38:11.392, 1, 100, 20472, 24576, 304.06
2026/08/10 08:38:11.392, 2, 100, 23072, 24576, 312.36
2026/08/10 08:38:16.393, 0, 94, 24070, 24576, 331.30
2026/08/10 08:38:16.394, 1, 92, 20472, 24576, 307.10
2026/08/10 08:38:16.395, 2, 97, 23072, 24576, 316.89
2026/08/10 08:38:21.395, 0, 83, 24070, 24576, 336.83
2026/08/10 08:38:21.396, 1, 83, 22692, 24576, 334.73
2026/08/10 08:38:21.397, 2, 83, 23072, 24576, 334.23
2026/08/10 08:38:26.398, 0, 83, 24070, 24576, 339.86
2026/08/10 08:38:26.398, 1, 83, 22692, 24576, 323.20
2026/08/10 08:38:26.399, 2, 82, 23072, 24576, 338.22
2026/08/10 08:38:31.400, 0, 98, 14450, 24576, 339.02
2026/08/10 08:38:31.400, 1, 98, 24182, 24576, 322.36
2026/08/10 08:38:31.401, 2, 98, 12902, 24576, 336.32
2026/08/10 08:38:36.401, 0, 100, 14450, 24576, 204.76
2026/08/10 08:38:36.402, 1, 98, 14038, 24576, 322.69
2026/08/10 08:38:36.402, 2, 100, 13282, 24576, 205.68
2026/08/10 08:38:41.403, 0, 98, 22604, 24576, 334.10
2026/08/10 08:38:41.406, 1, 93, 23514, 24576, 330.99
2026/08/10 08:38:41.406, 2, 100, 22992, 24576, 323.02
2026/08/10 08:38:46.407, 0, 100, 22604, 24576, 335.06
2026/08/10 08:38:46.408, 1, 100, 23514, 24576, 326.04
2026/08/10 08:38:46.410, 2, 100, 22992, 24576, 322.86
2026/08/10 08:38:51.412, 0, 83, 22604, 24576, 330.49
2026/08/10 08:38:51.413, 1, 80, 23514, 24576, 327.67
2026/08/10 08:38:51.413, 2, 83, 22992, 24576, 322.26
2026/08/10 08:38:56.414, 0, 83, 22604, 24576, 338.92
2026/08/10 08:38:56.414, 1, 83, 23514, 24576, 315.66
2026/08/10 08:38:56.415, 2, 84, 22992, 24576, 336.92
2026/08/10 08:39:01.416, 0, 98, 22604, 24576, 337.84
2026/08/10 08:39:01.416, 1, 98, 23514, 24576, 313.27
2026/08/10 08:39:01.417, 2, 86, 14022, 24576, 292.61
2026/08/10 08:39:06.418, 0, 100, 22604, 24576, 292.73
2026/08/10 08:39:06.418, 1, 98, 23514, 24576, 305.31
2026/08/10 08:39:06.419, 2, 98, 14020, 24576, 339.14
2026/08/10 08:39:11.419, 0, 95, 20584, 24576, 301.36
2026/08/10 08:39:11.420, 1, 100, 22894, 24576, 325.62
2026/08/10 08:39:11.421, 2, 100, 20914, 24576, 313.44
2026/08/10 08:39:16.422, 0, 89, 20584, 24576, 299.47
2026/08/10 08:39:16.423, 1, 88, 22894, 24576, 317.89
2026/08/10 08:39:16.423, 2, 100, 20914, 24576, 310.16
2026/08/10 08:39:21.424, 0, 82, 22604, 24576, 265.77
2026/08/10 08:39:21.425, 1, 79, 22894, 24576, 296.05
2026/08/10 08:39:21.426, 2, 82, 23014, 24576, 277.28
2026/08/10 08:39:26.427, 0, 84, 22604, 24576, 339.15
2026/08/10 08:39:26.428, 1, 84, 22894, 24576, 311.90
2026/08/10 08:39:26.428, 2, 85, 23014, 24576, 337.35
2026/08/10 08:39:31.429, 0, 99, 19810, 24576, 311.87
2026/08/10 08:39:31.430, 1, 98, 13960, 24576, 296.38
2026/08/10 08:39:31.430, 2, 96, 13062, 24576, 280.31
2026/08/10 08:39:36.431, 0, 96, 19330, 24576, 327.40
2026/08/10 08:39:36.437, 1, 98, 13938, 24576, 319.04
2026/08/10 08:39:36.441, 2, 98, 13062, 24576, 324.19
2026/08/10 08:39:41.442, 0, 100, 23024, 24576, 312.72
2026/08/10 08:39:41.443, 1, 100, 20290, 24576, 288.98
2026/08/10 08:39:41.444, 2, 100, 23916, 24576, 340.59
2026/08/10 08:39:46.444, 0, 89, 23024, 24576, 305.39
2026/08/10 08:39:46.445, 1, 88, 20290, 24576, 288.45
2026/08/10 08:39:46.446, 2, 88, 23916, 24576, 333.50
2026/08/10 08:39:51.447, 0, 100, 23024, 24576, 306.59
2026/08/10 08:39:51.448, 1, 100, 20290, 24576, 288.56
2026/08/10 08:39:51.449, 2, 98, 23916, 24576, 338.34
2026/08/10 08:39:56.450, 0, 79, 23024, 24576, 339.15
2026/08/10 08:39:56.451, 1, 75, 22350, 24576, 333.51
2026/08/10 08:39:56.451, 2, 76, 21696, 24576, 334.98
2026/08/10 08:40:01.452, 0, 87, 23024, 24576, 344.95
2026/08/10 08:40:01.453, 1, 100, 22350, 24576, 237.72
2026/08/10 08:40:01.453, 2, 100, 21696, 24576, 236.14
2026/08/10 08:40:06.454, 0, 98, 23024, 24576, 343.52
2026/08/10 08:40:06.454, 1, 98, 22350, 24576, 334.67
2026/08/10 08:40:06.455, 2, 99, 13282, 24576, 335.80
2026/08/10 08:40:11.455, 0, 100, 22228, 24576, 329.79
2026/08/10 08:40:11.457, 1, 100, 23154, 24576, 324.36
2026/08/10 08:40:11.457, 2, 100, 22972, 24576, 314.58
2026/08/10 08:40:16.458, 0, 100, 22228, 24576, 328.72
2026/08/10 08:40:16.459, 1, 100, 23154, 24576, 323.47
2026/08/10 08:40:16.460, 2, 89, 22972, 24576, 324.14
2026/08/10 08:40:21.460, 0, 89, 22228, 24576, 328.84
2026/08/10 08:40:21.461, 1, 89, 23154, 24576, 323.48
2026/08/10 08:40:21.461, 2, 85, 22972, 24576, 322.86
2026/08/10 08:40:26.462, 0, 83, 22228, 24576, 336.55
2026/08/10 08:40:26.463, 1, 79, 23154, 24576, 325.63
2026/08/10 08:40:26.463, 2, 81, 22972, 24576, 336.06
2026/08/10 08:40:31.464, 0, 85, 22228, 24576, 341.22
2026/08/10 08:40:31.465, 1, 83, 23154, 24576, 320.17
2026/08/10 08:40:31.465, 2, 84, 22972, 24576, 338.58
2026/08/10 08:40:36.466, 0, 100, 22228, 24576, 335.83
2026/08/10 08:40:36.467, 1, 98, 13042, 24576, 317.12
2026/08/10 08:40:36.467, 2, 98, 13062, 24576, 333.99
2026/08/10 08:40:41.468, 0, 66, 22228, 24576, 292.95
2026/08/10 08:40:41.469, 1, 100, 13042, 24576, 235.85
2026/08/10 08:40:41.469, 2, 98, 13062, 24576, 318.92
2026/08/10 08:40:46.470, 0, 100, 23210, 24576, 326.71
2026/08/10 08:40:46.471, 1, 100, 23154, 24576, 334.51
2026/08/10 08:40:46.472, 2, 99, 22796, 24576, 341.42
2026/08/10 08:40:51.473, 0, 94, 23210, 24576, 327.90
2026/08/10 08:40:51.473, 1, 98, 23154, 24576, 335.41
2026/08/10 08:40:51.473, 2, 100, 22796, 24576, 333.49
2026/08/10 08:40:56.474, 0, 21, 23210, 24576, 278.12
2026/08/10 08:40:56.475, 1, 22, 20934, 24576, 272.56
2026/08/10 08:40:56.475, 2, 22, 21696, 24576, 276.27
2026/08/10 08:41:01.477, 0, 83, 23210, 24576, 339.22
2026/08/10 08:41:01.478, 1, 84, 20934, 24576, 329.89
2026/08/10 08:41:01.478, 2, 84, 21696, 24576, 319.92
2026/08/10 08:41:06.479, 0, 98, 24130, 24576, 337.59
2026/08/10 08:41:06.479, 1, 98, 22814, 24576, 315.13
2026/08/10 08:41:06.480, 2, 98, 22476, 24576, 335.72
2026/08/10 08:41:11.481, 0, 98, 21850, 24576, 334.95
2026/08/10 08:41:11.481, 1, 98, 13262, 24576, 310.77
2026/08/10 08:41:11.482, 2, 98, 12862, 24576, 329.68
2026/08/10 08:41:16.483, 0, 89, 22488, 24576, 328.17
2026/08/10 08:41:16.483, 1, 100, 23034, 24576, 314.49
2026/08/10 08:41:16.484, 2, 100, 22852, 24576, 329.47
2026/08/10 08:41:21.485, 0, 94, 23088, 24576, 316.34
2026/08/10 08:41:21.486, 1, 97, 23034, 24576, 314.58
2026/08/10 08:41:21.486, 2, 91, 20772, 24576, 308.87
2026/08/10 08:41:26.487, 0, 99, 23088, 24576, 330.60
2026/08/10 08:41:26.488, 1, 100, 23034, 24576, 330.74
2026/08/10 08:41:26.488, 2, 100, 20772, 24576, 309.43
2026/08/10 08:41:31.489, 0, 82, 23088, 24576, 339.27
2026/08/10 08:41:31.490, 1, 81, 23034, 24576, 320.33
2026/08/10 08:41:31.490, 2, 82, 20772, 24576, 336.14
2026/08/10 08:41:36.491, 0, 98, 23088, 24576, 337.94
2026/08/10 08:41:36.492, 1, 98, 23034, 24576, 315.76
2026/08/10 08:41:36.492, 2, 98, 24072, 24576, 332.61
2026/08/10 08:41:41.493, 0, 99, 23088, 24576, 338.88
2026/08/10 08:41:41.494, 1, 98, 23034, 24576, 307.86
2026/08/10 08:41:41.494, 2, 98, 14018, 24576, 291.58
2026/08/10 08:41:46.495, 0, 89, 23628, 24576, 334.58
2026/08/10 08:41:46.496, 1, 97, 23034, 24576, 313.36
2026/08/10 08:41:46.497, 2, 89, 22032, 24576, 322.86
2026/08/10 08:41:51.498, 0, 100, 21588, 24576, 320.59
2026/08/10 08:41:51.499, 1, 100, 23034, 24576, 306.44
2026/08/10 08:41:51.499, 2, 97, 20512, 24576, 309.58
2026/08/10 08:41:56.500, 0, 27, 23628, 24576, 276.01
2026/08/10 08:41:56.500, 1, 20, 23034, 24576, 270.57
2026/08/10 08:41:56.501, 2, 24, 22032, 24576, 266.15
2026/08/10 08:42:01.502, 0, 85, 23628, 24576, 339.13
2026/08/10 08:42:01.502, 1, 84, 23034, 24576, 323.57
2026/08/10 08:42:01.503, 2, 86, 22032, 24576, 337.05
2026/08/10 08:42:06.504, 0, 100, 19788, 24576, 331.56
2026/08/10 08:42:06.504, 1, 100, 23034, 24576, 321.53
2026/08/10 08:42:06.505, 2, 83, 14112, 24576, 291.31
2026/08/10 08:42:11.506, 0, 98, 23070, 24576, 337.08
2026/08/10 08:42:11.506, 1, 100, 23034, 24576, 299.95
2026/08/10 08:42:11.507, 2, 100, 13042, 24576, 316.89
2026/08/10 08:42:16.508, 0, 100, 23430, 24576, 337.15
2026/08/10 08:42:16.508, 1, 88, 23416, 24576, 324.78
2026/08/10 08:42:16.509, 2, 100, 21354, 24576, 312.62
2026/08/10 08:42:21.510, 0, 100, 23430, 24576, 335.57
2026/08/10 08:42:21.510, 1, 89, 23416, 24576, 327.65
2026/08/10 08:42:21.511, 2, 100, 21354, 24576, 311.24
2026/08/10 08:42:26.511, 0, 100, 23430, 24576, 336.81
2026/08/10 08:42:26.512, 1, 88, 23416, 24576, 327.09
2026/08/10 08:42:26.513, 2, 100, 21354, 24576, 312.67
2026/08/10 08:42:31.513, 0, 83, 23430, 24576, 337.96
2026/08/10 08:42:31.514, 1, 82, 23416, 24576, 323.62
2026/08/10 08:42:31.515, 2, 84, 21354, 24576, 335.25
2026/08/10 08:42:36.515, 0, 98, 23430, 24576, 306.60
2026/08/10 08:42:36.516, 1, 98, 23416, 24576, 283.43
2026/08/10 08:42:36.517, 2, 83, 21354, 24576, 333.18
2026/08/10 08:42:41.518, 0, 98, 20010, 24576, 337.50
2026/08/10 08:42:41.518, 1, 98, 19422, 24576, 310.48
2026/08/10 08:42:41.519, 2, 98, 21542, 24576, 319.10
2026/08/10 08:42:46.520, 0, 83, 22928, 24576, 338.14
2026/08/10 08:42:46.520, 1, 100, 22272, 24576, 300.90
2026/08/10 08:42:46.521, 2, 93, 23114, 24576, 318.04
2026/08/10 08:42:51.522, 0, 89, 22928, 24576, 325.42
2026/08/10 08:42:51.522, 1, 88, 22932, 24576, 321.30
2026/08/10 08:42:51.523, 2, 88, 23114, 24576, 324.15
2026/08/10 08:42:56.523, 0, 88, 20988, 24576, 316.48
2026/08/10 08:42:56.527, 1, 89, 20732, 24576, 322.85
2026/08/10 08:42:56.527, 2, 98, 20814, 24576, 322.33
2026/08/10 08:43:01.528, 0, 83, 22908, 24576, 337.68
2026/08/10 08:43:01.528, 1, 85, 22932, 24576, 321.30
2026/08/10 08:43:01.532, 2, 82, 23114, 24576, 336.35
2026/08/10 08:43:06.533, 0, 99, 22908, 24576, 296.76
2026/08/10 08:43:06.534, 1, 98, 22932, 24576, 318.28
2026/08/10 08:43:06.534, 2, 100, 23114, 24576, 323.18
2026/08/10 08:43:11.535, 0, 98, 16510, 24576, 334.13
2026/08/10 08:43:11.536, 1, 98, 12982, 24576, 313.57
2026/08/10 08:43:11.536, 2, 98, 13442, 24576, 280.48
2026/08/10 08:43:16.537, 0, 89, 23300, 24576, 239.57
2026/08/10 08:43:16.538, 1, 88, 21546, 24576, 252.66
2026/08/10 08:43:16.538, 2, 38, 21946, 24576, 308.77
2026/08/10 08:43:21.539, 0, 100, 23348, 24576, 323.69
2026/08/10 08:43:21.540, 1, 100, 23076, 24576, 325.31
2026/08/10 08:43:21.540, 2, 82, 23116, 24576, 323.74
2026/08/10 08:43:26.541, 0, 100, 23348, 24576, 328.86
2026/08/10 08:43:26.542, 1, 100, 23076, 24576, 320.78
2026/08/10 08:43:26.542, 2, 88, 23116, 24576, 316.21
2026/08/10 08:43:31.543, 0, 86, 23348, 24576, 284.39
2026/08/10 08:43:31.544, 1, 86, 23076, 24576, 291.29
2026/08/10 08:43:31.545, 2, 75, 23116, 24576, 289.26
2026/08/10 08:43:36.546, 0, 84, 23348, 24576, 338.49
2026/08/10 08:43:36.546, 1, 83, 23076, 24576, 316.15
2026/08/10 08:43:36.547, 2, 85, 23116, 24576, 324.58
2026/08/10 08:43:41.547, 0, 100, 15290, 24576, 302.21
2026/08/10 08:43:41.548, 1, 88, 13476, 24576, 288.76
2026/08/10 08:43:41.549, 2, 89, 13018, 24576, 283.67
2026/08/10 08:43:46.549, 0, 99, 13870, 24576, 338.85
2026/08/10 08:43:46.550, 1, 98, 14016, 24576, 277.62
2026/08/10 08:43:46.551, 2, 98, 13062, 24576, 319.77
2026/08/10 08:43:51.551, 0, 89, 21928, 24576, 314.95
2026/08/10 08:43:51.552, 1, 100, 23116, 24576, 336.40
2026/08/10 08:43:51.553, 2, 89, 21534, 24576, 317.61
2026/08/10 08:43:56.553, 0, 92, 21928, 24576, 318.29
2026/08/10 08:43:56.554, 1, 100, 23116, 24576, 319.43
2026/08/10 08:43:56.555, 2, 100, 21534, 24576, 317.82
2026/08/10 08:44:01.557, 0, 24, 21928, 24576, 295.71
2026/08/10 08:44:01.557, 1, 23, 23116, 24576, 306.25
2026/08/10 08:44:01.558, 2, 21, 21534, 24576, 289.03
2026/08/10 08:44:06.559, 0, 83, 21928, 24576, 338.49
2026/08/10 08:44:06.559, 1, 82, 23116, 24576, 315.08
2026/08/10 08:44:06.560, 2, 84, 21534, 24576, 322.97
2026/08/10 08:44:11.560, 0, 98, 24028, 24576, 337.11
2026/08/10 08:44:11.561, 1, 98, 24156, 24576, 318.13
2026/08/10 08:44:11.562, 2, 93, 18374, 24576, 309.63
2026/08/10 08:44:16.562, 0, 98, 14430, 24576, 302.89
2026/08/10 08:44:16.563, 1, 98, 13958, 24576, 284.63
2026/08/10 08:44:16.564, 2, 95, 14078, 24576, 280.62
2026/08/10 08:44:21.564, 0, 100, 20606, 24576, 303.76
2026/08/10 08:44:21.565, 1, 100, 22854, 24576, 332.96
2026/08/10 08:44:21.566, 2, 100, 20632, 24576, 308.04
2026/08/10 08:44:26.567, 0, 100, 20606, 24576, 307.21
2026/08/10 08:44:26.568, 1, 99, 22854, 24576, 331.51
2026/08/10 08:44:26.569, 2, 100, 20632, 24576, 308.20
2026/08/10 08:44:31.570, 0, 96, 20606, 24576, 299.00
2026/08/10 08:44:31.570, 1, 92, 22854, 24576, 322.91
2026/08/10 08:44:31.571, 2, 74, 20632, 24576, 300.02
2026/08/10 08:44:36.571, 0, 82, 20606, 24576, 339.44
2026/08/10 08:44:36.572, 1, 80, 22854, 24576, 320.01
2026/08/10 08:44:36.572, 2, 82, 20632, 24576, 337.08
2026/08/10 08:44:41.573, 0, 98, 19426, 24576, 334.63
2026/08/10 08:44:41.574, 1, 100, 22854, 24576, 315.24
2026/08/10 08:44:41.574, 2, 100, 23652, 24576, 326.72
2026/08/10 08:44:46.575, 0, 99, 17210, 24576, 301.15
2026/08/10 08:44:46.576, 1, 100, 22854, 24576, 303.45
2026/08/10 08:44:46.577, 2, 99, 13064, 24576, 336.99
2026/08/10 08:44:51.578, 0, 100, 23768, 24576, 310.02
2026/08/10 08:44:51.578, 1, 100, 21976, 24576, 326.46
2026/08/10 08:44:51.579, 2, 97, 22196, 24576, 317.11
2026/08/10 08:44:56.580, 0, 96, 21608, 24576, 298.59
2026/08/10 08:44:56.581, 1, 100, 23136, 24576, 331.99
2026/08/10 08:44:56.581, 2, 82, 24156, 24576, 337.29
2026/08/10 08:45:01.582, 0, 93, 21608, 24576, 303.60
2026/08/10 08:45:01.582, 1, 94, 23136, 24576, 316.65
2026/08/10 08:45:01.583, 2, 100, 24156, 24576, 333.36
2026/08/10 08:45:06.584, 0, 83, 23768, 24576, 334.73
2026/08/10 08:45:06.585, 1, 82, 23136, 24576, 255.51
2026/08/10 08:45:06.585, 2, 83, 21956, 24576, 333.88
2026/08/10 08:45:11.586, 0, 83, 23768, 24576, 341.17
2026/08/10 08:45:11.586, 1, 82, 23136, 24576, 322.69
2026/08/10 08:45:11.587, 2, 83, 21956, 24576, 329.26
2026/08/10 08:45:16.588, 0, 0, 23330, 24576, 277.63
2026/08/10 08:45:16.588, 1, 100, 13920, 24576, 327.62
2026/08/10 08:45:16.589, 2, 100, 13942, 24576, 326.69
2026/08/10 08:45:21.590, 0, 36, 19130, 24576, 323.27
2026/08/10 08:45:21.591, 1, 88, 18192, 24576, 214.33
2026/08/10 08:45:21.591, 2, 89, 18976, 24576, 275.00
2026/08/10 08:45:26.592, 0, 96, 23146, 24576, 304.80
2026/08/10 08:45:26.593, 1, 91, 19668, 24576, 297.54
2026/08/10 08:45:26.593, 2, 93, 20692, 24576, 306.36
2026/08/10 08:45:31.594, 0, 100, 23146, 24576, 325.45
2026/08/10 08:45:31.595, 1, 98, 20648, 24576, 317.55
2026/08/10 08:45:31.596, 2, 100, 20692, 24576, 315.42
2026/08/10 08:45:36.596, 0, 84, 23146, 24576, 339.72
2026/08/10 08:45:36.597, 1, 81, 20648, 24576, 334.68
2026/08/10 08:45:36.597, 2, 84, 22732, 24576, 336.19
2026/08/10 08:45:41.598, 0, 85, 23146, 24576, 342.10
2026/08/10 08:45:41.599, 1, 83, 20648, 24576, 324.80
2026/08/10 08:45:41.599, 2, 83, 22732, 24576, 330.12
2026/08/10 08:45:46.600, 0, 100, 13590, 24576, 339.42
2026/08/10 08:45:46.601, 1, 100, 24002, 24576, 331.41
2026/08/10 08:45:46.601, 2, 98, 22732, 24576, 319.07
2026/08/10 08:45:51.602, 0, 99, 13590, 24576, 331.79
2026/08/10 08:45:51.603, 1, 97, 16676, 24576, 305.92
2026/08/10 08:45:51.604, 2, 100, 22732, 24576, 174.20
2026/08/10 08:45:56.604, 0, 100, 24252, 24576, 342.53
2026/08/10 08:45:56.605, 1, 100, 23154, 24576, 325.25
2026/08/10 08:45:56.605, 2, 100, 22212, 24576, 315.42
2026/08/10 08:46:01.606, 0, 94, 24252, 24576, 333.21
2026/08/10 08:46:01.607, 1, 90, 23154, 24576, 305.10
2026/08/10 08:46:01.607, 2, 83, 22212, 24576, 283.13
2026/08/10 08:46:06.608, 0, 45, 24252, 24576, 313.84
2026/08/10 08:46:06.609, 1, 42, 23154, 24576, 297.63
2026/08/10 08:46:06.610, 2, 38, 22212, 24576, 274.08
2026/08/10 08:46:11.611, 0, 85, 24252, 24576, 338.54
2026/08/10 08:46:11.612, 1, 85, 23154, 24576, 320.25
2026/08/10 08:46:11.612, 2, 86, 22212, 24576, 331.99
2026/08/10 08:46:16.613, 0, 98, 24252, 24576, 339.69
2026/08/10 08:46:16.614, 1, 98, 23634, 24576, 319.88
2026/08/10 08:46:16.614, 2, 100, 23352, 24576, 334.26
2026/08/10 08:46:21.615, 0, 97, 13570, 24576, 338.75
2026/08/10 08:46:21.616, 1, 98, 13042, 24576, 308.40
2026/08/10 08:46:21.616, 2, 98, 13002, 24576, 327.07
2026/08/10 08:46:26.617, 0, 100, 21328, 24576, 330.92
2026/08/10 08:46:26.618, 1, 100, 20274, 24576, 317.94
2026/08/10 08:46:26.618, 2, 98, 20714, 24576, 322.76
2026/08/10 08:46:31.619, 0, 89, 21748, 24576, 323.55
2026/08/10 08:46:31.620, 1, 89, 21414, 24576, 313.29
2026/08/10 08:46:31.620, 2, 91, 20814, 24576, 315.94
2026/08/10 08:46:36.621, 0, 100, 21748, 24576, 330.75
2026/08/10 08:46:36.622, 1, 100, 21414, 24576, 321.00
2026/08/10 08:46:36.622, 2, 100, 20814, 24576, 322.42
2026/08/10 08:46:41.623, 0, 86, 21748, 24576, 337.67
2026/08/10 08:46:41.624, 1, 83, 21414, 24576, 312.42
2026/08/10 08:46:41.625, 2, 86, 20814, 24576, 336.54
2026/08/10 08:46:46.625, 0, 98, 21968, 24576, 337.90
2026/08/10 08:46:46.626, 1, 100, 21414, 24576, 301.21
2026/08/10 08:46:46.626, 2, 98, 21774, 24576, 338.81
2026/08/10 08:46:51.627, 0, 98, 13890, 24576, 337.42
2026/08/10 08:46:51.628, 1, 98, 21414, 24576, 307.85
2026/08/10 08:46:51.628, 2, 99, 13042, 24576, 325.61
2026/08/10 08:46:56.630, 0, 97, 23586, 24576, 327.09
2026/08/10 08:46:56.630, 1, 90, 23096, 24576, 312.34
2026/08/10 08:46:56.631, 2, 92, 21374, 24576, 318.79
2026/08/10 08:47:01.632, 0, 95, 23586, 24576, 306.17
2026/08/10 08:47:01.632, 1, 88, 23096, 24576, 316.42
2026/08/10 08:47:01.633, 2, 100, 23594, 24576, 325.94
2026/08/10 08:47:06.633, 0, 95, 23586, 24576, 311.53
2026/08/10 08:47:06.634, 1, 91, 23096, 24576, 320.80
2026/08/10 08:47:06.635, 2, 100, 23594, 24576, 333.24
2026/08/10 08:47:11.636, 0, 84, 23586, 24576, 336.93
2026/08/10 08:47:11.637, 1, 83, 23096, 24576, 331.77
2026/08/10 08:47:11.637, 2, 85, 21374, 24576, 328.89
2026/08/10 08:47:16.638, 0, 82, 23586, 24576, 338.87
2026/08/10 08:47:16.639, 1, 82, 23096, 24576, 308.26
2026/08/10 08:47:16.639, 2, 82, 21374, 24576, 332.00
2026/08/10 08:47:21.640, 0, 98, 23586, 24576, 338.99
2026/08/10 08:47:21.641, 1, 98, 13962, 24576, 328.54
2026/08/10 08:47:21.641, 2, 98, 12902, 24576, 335.02
2026/08/10 08:47:26.642, 0, 86, 23586, 24576, 209.86
2026/08/10 08:47:26.643, 1, 27, 22124, 24576, 290.97
2026/08/10 08:47:26.643, 2, 89, 21124, 24576, 239.54
2026/08/10 08:47:31.644, 0, 94, 20888, 24576, 320.13
2026/08/10 08:47:31.645, 1, 100, 21372, 24576, 288.09
2026/08/10 08:47:31.646, 2, 100, 22932, 24576, 309.20
2026/08/10 08:47:36.647, 0, 97, 23108, 24576, 316.46
2026/08/10 08:47:36.647, 1, 96, 20772, 24576, 297.22
2026/08/10 08:47:36.648, 2, 97, 22932, 24576, 313.55
2026/08/10 08:47:41.649, 0, 82, 23108, 24576, 338.08
2026/08/10 08:47:41.650, 1, 82, 22832, 24576, 334.54
2026/08/10 08:47:41.650, 2, 83, 22932, 24576, 337.24
2026/08/10 08:47:46.651, 0, 79, 23108, 24576, 340.57
2026/08/10 08:47:46.651, 1, 83, 22832, 24576, 319.55
2026/08/10 08:47:46.652, 2, 83, 22932, 24576, 334.80
2026/08/10 08:47:51.653, 0, 98, 13570, 24576, 339.34
2026/08/10 08:47:51.654, 1, 98, 12862, 24576, 323.76
2026/08/10 08:47:51.654, 2, 98, 12862, 24576, 336.83
2026/08/10 08:47:56.655, 0, 100, 23528, 24576, 325.45
2026/08/10 08:47:56.655, 1, 100, 22194, 24576, 267.72
2026/08/10 08:47:56.656, 2, 93, 22034, 24576, 239.12
2026/08/10 08:48:01.657, 0, 88, 23948, 24576, 340.45
2026/08/10 08:48:01.657, 1, 89, 22592, 24576, 335.48
2026/08/10 08:48:01.658, 2, 98, 21772, 24576, 319.92
2026/08/10 08:48:06.659, 0, 100, 23948, 24576, 341.64
2026/08/10 08:48:06.659, 1, 100, 22592, 24576, 334.19
2026/08/10 08:48:06.660, 2, 90, 21772, 24576, 318.64
2026/08/10 08:48:11.661, 0, 82, 21728, 24576, 337.95
2026/08/10 08:48:11.661, 1, 78, 20592, 24576, 333.02
2026/08/10 08:48:11.662, 2, 82, 21772, 24576, 336.47
2026/08/10 08:48:16.663, 0, 79, 21728, 24576, 333.64
2026/08/10 08:48:16.664, 1, 81, 20592, 24576, 314.24
2026/08/10 08:48:16.664, 2, 84, 21772, 24576, 336.38
2026/08/10 08:48:21.665, 0, 97, 14390, 24576, 336.89
2026/08/10 08:48:21.666, 1, 99, 20592, 24576, 311.48
2026/08/10 08:48:21.666, 2, 98, 13042, 24576, 333.70
2026/08/10 08:48:26.667, 0, 98, 14390, 24576, 338.33
2026/08/10 08:48:26.667, 1, 100, 20592, 24576, 183.62
2026/08/10 08:48:26.668, 2, 100, 13042, 24576, 173.48
2026/08/10 08:48:31.669, 0, 94, 21710, 24576, 329.12
2026/08/10 08:48:31.669, 1, 95, 21588, 24576, 283.96
2026/08/10 08:48:31.670, 2, 93, 20576, 24576, 304.95
2026/08/10 08:48:36.671, 0, 89, 22410, 24576, 333.13
2026/08/10 08:48:36.672, 1, 88, 19908, 24576, 290.06
2026/08/10 08:48:36.672, 2, 100, 23676, 24576, 336.67
2026/08/10 08:48:41.673, 0, 82, 22410, 24576, 291.60
2026/08/10 08:48:41.677, 1, 79, 21588, 24576, 266.49
2026/08/10 08:48:41.677, 2, 82, 21456, 24576, 288.99
2026/08/10 08:48:46.678, 0, 82, 22410, 24576, 338.95
2026/08/10 08:48:46.679, 1, 83, 21588, 24576, 335.82
2026/08/10 08:48:46.679, 2, 83, 21456, 24576, 336.73
2026/08/10 08:48:51.680, 0, 98, 22410, 24576, 338.64
2026/08/10 08:48:51.680, 1, 93, 16648, 24576, 305.53
2026/08/10 08:48:51.681, 2, 98, 14022, 24576, 296.23
2026/08/10 08:48:56.682, 0, 98, 22410, 24576, 337.76
2026/08/10 08:48:56.683, 1, 100, 13302, 24576, 319.99
2026/08/10 08:48:56.683, 2, 97, 14018, 24576, 334.14
2026/08/10 08:49:01.684, 0, 94, 23548, 24576, 318.41
2026/08/10 08:49:01.685, 1, 97, 23636, 24576, 318.46
2026/08/10 08:49:01.685, 2, 90, 20592, 24576, 292.13
2026/08/10 08:49:06.687, 0, 98, 23548, 24576, 318.17
2026/08/10 08:49:06.688, 1, 100, 23636, 24576, 328.55
2026/08/10 08:49:06.688, 2, 99, 20592, 24576, 306.59
2026/08/10 08:49:11.689, 0, 100, 23548, 24576, 331.68
2026/08/10 08:49:11.690, 1, 100, 23636, 24576, 320.73
2026/08/10 08:49:11.690, 2, 97, 20592, 24576, 318.01
2026/08/10 08:49:16.691, 0, 76, 23548, 24576, 337.21
2026/08/10 08:49:16.692, 1, 74, 23636, 24576, 325.67
2026/08/10 08:49:16.692, 2, 75, 20592, 24576, 325.31
2026/08/10 08:49:21.693, 0, 98, 23548, 24576, 323.96
2026/08/10 08:49:21.694, 1, 98, 23636, 24576, 310.89
2026/08/10 08:49:21.695, 2, 98, 20592, 24576, 337.29
2026/08/10 08:49:26.696, 0, 98, 18250, 24576, 320.66
2026/08/10 08:49:26.696, 1, 100, 13022, 24576, 326.51
2026/08/10 08:49:26.697, 2, 98, 13042, 24576, 331.65
2026/08/10 08:49:31.697, 0, 100, 21940, 24576, 313.91
2026/08/10 08:49:31.698, 1, 88, 23462, 24576, 303.93
2026/08/10 08:49:31.699, 2, 89, 23294, 24576, 302.88
2026/08/10 08:49:36.700, 0, 93, 21970, 24576, 318.16
2026/08/10 08:49:36.700, 1, 94, 23136, 24576, 308.77
2026/08/10 08:49:36.701, 2, 100, 23634, 24576, 324.83
2026/08/10 08:49:41.702, 0, 100, 23990, 24576, 328.97
2026/08/10 08:49:41.702, 1, 89, 23136, 24576, 320.23
2026/08/10 08:49:41.703, 2, 100, 21434, 24576, 308.06
2026/08/10 08:49:46.704, 0, 84, 23990, 24576, 334.55
2026/08/10 08:49:46.704, 1, 81, 23136, 24576, 333.24
2026/08/10 08:49:46.705, 2, 85, 21434, 24576, 334.25
2026/08/10 08:49:51.706, 0, 86, 23990, 24576, 339.34
2026/08/10 08:49:51.707, 1, 86, 23136, 24576, 317.03
2026/08/10 08:49:51.707, 2, 85, 21434, 24576, 331.39
2026/08/10 08:49:56.708, 0, 98, 23930, 24576, 340.79
2026/08/10 08:49:56.709, 1, 98, 13962, 24576, 331.91
2026/08/10 08:49:56.709, 2, 98, 12844, 24576, 291.36
2026/08/10 08:50:01.710, 0, 100, 13930, 24576, 328.37
2026/08/10 08:50:01.711, 1, 79, 13936, 24576, 302.78
2026/08/10 08:50:01.711, 2, 100, 12844, 24576, 321.03
2026/08/10 08:50:06.712, 0, 94, 23488, 24576, 317.54
2026/08/10 08:50:06.713, 1, 100, 22772, 24576, 308.93
2026/08/10 08:50:06.713, 2, 100, 22716, 24576, 329.14
2026/08/10 08:50:11.714, 0, 100, 23488, 24576, 316.27
2026/08/10 08:50:11.715, 1, 89, 22772, 24576, 329.46
2026/08/10 08:50:11.715, 2, 100, 22056, 24576, 329.07
2026/08/10 08:50:16.716, 0, 90, 23488, 24576, 317.28
2026/08/10 08:50:16.717, 1, 99, 22772, 24576, 324.79
2026/08/10 08:50:16.717, 2, 96, 22056, 24576, 317.74
2026/08/10 08:50:21.718, 0, 84, 23488, 24576, 339.49
2026/08/10 08:50:21.719, 1, 81, 22772, 24576, 324.54
2026/08/10 08:50:21.719, 2, 84, 22056, 24576, 331.71
2026/08/10 08:50:26.720, 0, 98, 23488, 24576, 303.25
2026/08/10 08:50:26.721, 1, 97, 22772, 24576, 314.46
2026/08/10 08:50:26.721, 2, 98, 22056, 24576, 293.20
2026/08/10 08:50:31.722, 0, 98, 23650, 24576, 341.07
2026/08/10 08:50:31.723, 1, 98, 13064, 24576, 321.71
2026/08/10 08:50:31.723, 2, 98, 13322, 24576, 307.72
2026/08/10 08:50:36.724, 0, 98, 22992, 24576, 261.90
2026/08/10 08:50:36.725, 1, 100, 23658, 24576, 311.55
2026/08/10 08:50:36.725, 2, 100, 22838, 24576, 277.90
2026/08/10 08:50:41.726, 0, 100, 23046, 24576, 288.38
2026/08/10 08:50:41.727, 1, 100, 23278, 24576, 320.68
2026/08/10 08:50:41.728, 2, 97, 22892, 24576, 298.70
2026/08/10 08:50:46.729, 0, 100, 23046, 24576, 310.85
2026/08/10 08:50:46.729, 1, 100, 23278, 24576, 323.65
2026/08/10 08:50:46.730, 2, 88, 22892, 24576, 311.28
2026/08/10 08:50:51.731, 0, 84, 23046, 24576, 327.64
2026/08/10 08:50:51.731, 1, 82, 23278, 24576, 326.23
2026/08/10 08:50:51.732, 2, 83, 22892, 24576, 331.35
2026/08/10 08:50:56.733, 0, 83, 23046, 24576, 340.71
2026/08/10 08:50:56.733, 1, 80, 23278, 24576, 319.76
2026/08/10 08:50:56.734, 2, 83, 22892, 24576, 338.42
2026/08/10 08:51:01.735, 0, 100, 13550, 24576, 316.26
2026/08/10 08:51:01.735, 1, 98, 21060, 24576, 331.27
2026/08/10 08:51:01.736, 2, 98, 21522, 24576, 338.25
2026/08/10 08:51:06.737, 0, 100, 13550, 24576, 331.32
2026/08/10 08:51:06.737, 1, 69, 13116, 24576, 276.89
2026/08/10 08:51:06.738, 2, 98, 13022, 24576, 317.08
2026/08/10 08:51:11.739, 0, 97, 23950, 24576, 330.76
2026/08/10 08:51:11.739, 1, 97, 21910, 24576, 295.99
2026/08/10 08:51:11.740, 2, 94, 23092, 24576, 293.60
2026/08/10 08:51:16.741, 0, 89, 22670, 24576, 337.94
2026/08/10 08:51:16.742, 1, 100, 21910, 24576, 277.95
2026/08/10 08:51:16.743, 2, 100, 22832, 24576, 307.29
2026/08/10 08:51:21.743, 0, 90, 23950, 24576, 319.09
2026/08/10 08:51:21.744, 1, 86, 21910, 24576, 269.32
2026/08/10 08:51:21.744, 2, 66, 23092, 24576, 296.36
2026/08/10 08:51:26.745, 0, 83, 23950, 24576, 339.30
2026/08/10 08:51:26.746, 1, 78, 21910, 24576, 334.39
2026/08/10 08:51:26.746, 2, 82, 23092, 24576, 337.89
2026/08/10 08:51:31.747, 0, 98, 23950, 24576, 338.12
2026/08/10 08:51:31.748, 1, 98, 23930, 24576, 332.15
2026/08/10 08:51:31.748, 2, 98, 23092, 24576, 333.02
2026/08/10 08:51:36.749, 0, 98, 13730, 24576, 339.89
2026/08/10 08:51:36.749, 1, 98, 13998, 24576, 295.23
2026/08/10 08:51:36.750, 2, 98, 23092, 24576, 322.70
2026/08/10 08:51:41.751, 0, 100, 23568, 24576, 302.65
2026/08/10 08:51:41.751, 1, 89, 22332, 24576, 312.65
2026/08/10 08:51:41.752, 2, 100, 21956, 24576, 310.59
2026/08/10 08:51:46.753, 0, 83, 23568, 24576, 313.98
2026/08/10 08:51:46.754, 1, 100, 22072, 24576, 311.95
2026/08/10 08:51:46.754, 2, 89, 23936, 24576, 330.42
2026/08/10 08:51:51.755, 0, 100, 23568, 24576, 316.46
2026/08/10 08:51:51.755, 1, 100, 22072, 24576, 313.38
2026/08/10 08:51:51.756, 2, 100, 23936, 24576, 332.55
2026/08/10 08:51:56.757, 0, 83, 23568, 24576, 337.34
2026/08/10 08:51:56.759, 1, 79, 22072, 24576, 334.62
2026/08/10 08:51:56.759, 2, 82, 23936, 24576, 335.60
2026/08/10 08:52:01.760, 0, 97, 23568, 24576, 304.32
2026/08/10 08:52:01.760, 1, 82, 22072, 24576, 313.41
2026/08/10 08:52:01.761, 2, 72, 23936, 24576, 321.29
2026/08/10 08:52:06.762, 0, 98, 23568, 24576, 339.05
2026/08/10 08:52:06.763, 1, 100, 19662, 24576, 322.77
2026/08/10 08:52:06.765, 2, 98, 13002, 24576, 313.67
2026/08/10 08:52:11.766, 0, 89, 23568, 24576, 321.44
2026/08/10 08:52:11.767, 1, 100, 23294, 24576, 317.88
2026/08/10 08:52:11.767, 2, 100, 20734, 24576, 309.30
2026/08/10 08:52:16.768, 0, 88, 23568, 24576, 325.58
2026/08/10 08:52:16.769, 1, 89, 23294, 24576, 322.06
2026/08/10 08:52:16.769, 2, 100, 20734, 24576, 311.89
2026/08/10 08:52:21.770, 0, 100, 23568, 24576, 322.05
2026/08/10 08:52:21.771, 1, 89, 23294, 24576, 321.92
2026/08/10 08:52:21.771, 2, 100, 20734, 24576, 306.53
2026/08/10 08:52:26.772, 0, 82, 23568, 24576, 339.04
2026/08/10 08:52:26.773, 1, 83, 23294, 24576, 322.34
2026/08/10 08:52:26.773, 2, 76, 20734, 24576, 333.88
2026/08/10 08:52:31.774, 0, 98, 23568, 24576, 314.72
2026/08/10 08:52:31.775, 1, 100, 23294, 24576, 311.08
2026/08/10 08:52:31.776, 2, 98, 20734, 24576, 240.77
2026/08/10 08:52:36.777, 0, 98, 23568, 24576, 337.00
2026/08/10 08:52:36.777, 1, 100, 21322, 24576, 288.77
2026/08/10 08:52:36.778, 2, 98, 13042, 24576, 326.89
2026/08/10 08:52:41.779, 0, 97, 23568, 24576, 315.91
2026/08/10 08:52:41.779, 1, 96, 22274, 24576, 320.14
2026/08/10 08:52:41.780, 2, 90, 22090, 24576, 311.63
2026/08/10 08:52:46.781, 0, 100, 23568, 24576, 339.58
2026/08/10 08:52:46.781, 1, 100, 20874, 24576, 322.59
2026/08/10 08:52:46.782, 2, 100, 22090, 24576, 326.65
2026/08/10 08:52:51.783, 0, 100, 23568, 24576, 331.47
2026/08/10 08:52:51.784, 1, 89, 21214, 24576, 316.24
2026/08/10 08:52:51.784, 2, 88, 22090, 24576, 314.42
2026/08/10 08:52:56.785, 0, 82, 23568, 24576, 336.20
2026/08/10 08:52:56.786, 1, 84, 22934, 24576, 313.62
2026/08/10 08:52:56.786, 2, 83, 22090, 24576, 335.48
2026/08/10 08:53:01.788, 0, 100, 23568, 24576, 339.53
2026/08/10 08:53:01.789, 1, 98, 22934, 24576, 310.42
2026/08/10 08:53:01.789, 2, 98, 22090, 24576, 335.96
2026/08/10 08:53:06.790, 0, 98, 23568, 24576, 339.99
2026/08/10 08:53:06.791, 1, 98, 22934, 24576, 302.25
2026/08/10 08:53:06.791, 2, 100, 13262, 24576, 323.77
2026/08/10 08:53:11.792, 0, 100, 23588, 24576, 318.15
2026/08/10 08:53:11.793, 1, 100, 23116, 24576, 330.32
2026/08/10 08:53:11.793, 2, 100, 23696, 24576, 323.13
2026/08/10 08:53:16.794, 0, 100, 23588, 24576, 319.39
2026/08/10 08:53:16.795, 1, 100, 23116, 24576, 337.87
2026/08/10 08:53:16.795, 2, 100, 23696, 24576, 313.33
2026/08/10 08:53:21.796, 0, 100, 23588, 24576, 314.15
2026/08/10 08:53:21.796, 1, 100, 23116, 24576, 316.08
2026/08/10 08:53:21.797, 2, 100, 23696, 24576, 322.17
2026/08/10 08:53:26.798, 0, 82, 23588, 24576, 336.12
2026/08/10 08:53:26.798, 1, 80, 23116, 24576, 265.86
2026/08/10 08:53:26.799, 2, 81, 23696, 24576, 260.96
2026/08/10 08:53:31.800, 0, 100, 23588, 24576, 275.46
2026/08/10 08:53:31.801, 1, 84, 23116, 24576, 321.62
2026/08/10 08:53:31.801, 2, 87, 23696, 24576, 337.93
2026/08/10 08:53:36.802, 0, 99, 14730, 24576, 339.48
2026/08/10 08:53:36.802, 1, 97, 18842, 24576, 313.46
2026/08/10 08:53:36.803, 2, 98, 13042, 24576, 330.86
2026/08/10 08:53:41.804, 0, 89, 19914, 24576, 206.94
2026/08/10 08:53:41.805, 1, 38, 19200, 24576, 272.42
2026/08/10 08:53:41.805, 2, 89, 19360, 24576, 225.50
2026/08/10 08:53:46.806, 0, 88, 23126, 24576, 327.48
2026/08/10 08:53:46.807, 1, 89, 21732, 24576, 316.63
2026/08/10 08:53:46.807, 2, 92, 21174, 24576, 318.05
2026/08/10 08:53:51.808, 0, 100, 23066, 24576, 327.13
2026/08/10 08:53:51.808, 1, 100, 23332, 24576, 323.14
2026/08/10 08:53:51.809, 2, 100, 23014, 24576, 318.62
2026/08/10 08:53:56.811, 0, 82, 23126, 24576, 286.30
2026/08/10 08:53:56.811, 1, 81, 21732, 24576, 333.82
2026/08/10 08:53:56.812, 2, 83, 20794, 24576, 333.99
2026/08/10 08:54:01.813, 0, 86, 23126, 24576, 340.07
2026/08/10 08:54:01.814, 1, 82, 21732, 24576, 320.91
2026/08/10 08:54:01.815, 2, 86, 20794, 24576, 326.55
2026/08/10 08:54:06.816, 0, 98, 13490, 24576, 339.69
2026/08/10 08:54:06.817, 1, 98, 13062, 24576, 297.76
2026/08/10 08:54:06.817, 2, 98, 17804, 24576, 310.04
2026/08/10 08:54:11.818, 0, 100, 13490, 24576, 272.95
2026/08/10 08:54:11.818, 1, 98, 13062, 24576, 311.56
2026/08/10 08:54:11.819, 2, 100, 13004, 24576, 319.42
2026/08/10 08:54:16.820, 0, 90, 21446, 24576, 311.12
2026/08/10 08:54:16.820, 1, 89, 21736, 24576, 313.01
2026/08/10 08:54:16.821, 2, 92, 21816, 24576, 319.64
2026/08/10 08:54:21.822, 0, 100, 21626, 24576, 296.85
2026/08/10 08:54:21.823, 1, 100, 21936, 24576, 314.29
2026/08/10 08:54:21.823, 2, 97, 21936, 24576, 325.00
2026/08/10 08:54:26.824, 0, 89, 23546, 24576, 324.90
2026/08/10 08:54:26.825, 1, 88, 23936, 24576, 322.34
2026/08/10 08:54:26.825, 2, 89, 23976, 24576, 337.10
2026/08/10 08:54:31.826, 0, 85, 21446, 24576, 340.19
2026/08/10 08:54:31.827, 1, 82, 21736, 24576, 322.57
2026/08/10 08:54:31.827, 2, 84, 21816, 24576, 335.35
2026/08/10 08:54:36.828, 0, 98, 21446, 24576, 333.74
2026/08/10 08:54:36.829, 1, 98, 21736, 24576, 309.48
2026/08/10 08:54:36.829, 2, 100, 21816, 24576, 326.43
2026/08/10 08:54:41.830, 0, 98, 13570, 24576, 341.84
2026/08/10 08:54:41.831, 1, 100, 13260, 24576, 314.59
2026/08/10 08:54:41.831, 2, 98, 13284, 24576, 317.57
2026/08/10 08:54:46.832, 0, 91, 22906, 24576, 316.23
2026/08/10 08:54:46.833, 1, 100, 22330, 24576, 320.61
2026/08/10 08:54:46.834, 2, 100, 23876, 24576, 323.77
2026/08/10 08:54:51.835, 0, 100, 22906, 24576, 333.86
2026/08/10 08:54:51.836, 1, 100, 22330, 24576, 320.68
2026/08/10 08:54:51.836, 2, 100, 23876, 24576, 332.30
2026/08/10 08:54:56.837, 0, 89, 22906, 24576, 331.29
2026/08/10 08:54:56.838, 1, 88, 22330, 24576, 316.17
2026/08/10 08:54:56.838, 2, 89, 23876, 24576, 328.64
2026/08/10 08:55:01.839, 0, 85, 22906, 24576, 339.04
2026/08/10 08:55:01.840, 1, 80, 22330, 24576, 335.25
2026/08/10 08:55:01.840, 2, 84, 23876, 24576, 330.49
2026/08/10 08:55:06.841, 0, 100, 22906, 24576, 341.76
2026/08/10 08:55:06.841, 1, 97, 22330, 24576, 272.55
2026/08/10 08:55:06.842, 2, 97, 23876, 24576, 289.97
2026/08/10 08:55:11.843, 0, 99, 13470, 24576, 335.86
2026/08/10 08:55:11.843, 1, 98, 16976, 24576, 289.12
2026/08/10 08:55:11.844, 2, 98, 19358, 24576, 316.48
2026/08/10 08:55:16.845, 0, 89, 23906, 24576, 320.61
2026/08/10 08:55:16.845, 1, 100, 22276, 24576, 301.44
2026/08/10 08:55:16.846, 2, 98, 20936, 24576, 298.26
2026/08/10 08:55:21.847, 0, 100, 24230, 24576, 338.64
2026/08/10 08:55:21.847, 1, 100, 22294, 24576, 313.73
2026/08/10 08:55:21.848, 2, 94, 22614, 24576, 332.05
2026/08/10 08:55:26.848, 0, 100, 24230, 24576, 341.75
2026/08/10 08:55:26.849, 1, 97, 22294, 24576, 317.18
2026/08/10 08:55:26.849, 2, 100, 22614, 24576, 334.06
2026/08/10 08:55:31.850, 0, 83, 22150, 24576, 336.82
2026/08/10 08:55:31.851, 1, 80, 22294, 24576, 333.64
2026/08/10 08:55:31.851, 2, 82, 20614, 24576, 335.51
2026/08/10 08:55:36.852, 0, 85, 22150, 24576, 338.94
2026/08/10 08:55:36.852, 1, 85, 22294, 24576, 318.80
2026/08/10 08:55:36.853, 2, 83, 20614, 24576, 337.80
2026/08/10 08:55:41.854, 0, 98, 13690, 24576, 338.09
2026/08/10 08:55:41.854, 1, 98, 22294, 24576, 310.98
2026/08/10 08:55:41.855, 2, 90, 13818, 24576, 274.85
2026/08/10 08:55:46.856, 0, 100, 22724, 24576, 226.05
2026/08/10 08:55:46.856, 1, 100, 20234, 24576, 230.45
2026/08/10 08:55:46.857, 2, 96, 20064, 24576, 252.78
2026/08/10 08:55:51.858, 0, 100, 22784, 24576, 334.30
2026/08/10 08:55:51.858, 1, 100, 20652, 24576, 324.85
2026/08/10 08:55:51.859, 2, 100, 20512, 24576, 323.31
2026/08/10 08:55:56.860, 0, 98, 22784, 24576, 314.89
2026/08/10 08:55:56.861, 1, 97, 22572, 24576, 312.21
2026/08/10 08:55:56.861, 2, 97, 22472, 24576, 317.88
2026/08/10 08:56:01.862, 0, 82, 22784, 24576, 337.94
2026/08/10 08:56:01.863, 1, 85, 22572, 24576, 313.35
2026/08/10 08:56:01.863, 2, 83, 22472, 24576, 336.10
2026/08/10 08:56:06.864, 0, 84, 22784, 24576, 342.07
2026/08/10 08:56:06.864, 1, 100, 22572, 24576, 261.55
2026/08/10 08:56:06.865, 2, 84, 22472, 24576, 333.10
2026/08/10 08:56:11.866, 0, 98, 13570, 24576, 338.61
2026/08/10 08:56:11.866, 1, 98, 24124, 24576, 314.89
2026/08/10 08:56:11.867, 2, 95, 15086, 24576, 302.85
2026/08/10 08:56:16.868, 0, 100, 13570, 24576, 179.70
2026/08/10 08:56:16.868, 1, 100, 13696, 24576, 191.41
2026/08/10 08:56:16.869, 2, 100, 13338, 24576, 322.84
2026/08/10 08:56:21.870, 0, 98, 22008, 24576, 317.62
2026/08/10 08:56:21.870, 1, 97, 22592, 24576, 312.90
2026/08/10 08:56:21.871, 2, 98, 23714, 24576, 322.67
2026/08/10 08:56:26.871, 0, 97, 22008, 24576, 318.95
2026/08/10 08:56:26.875, 1, 96, 22592, 24576, 314.15
2026/08/10 08:56:26.875, 2, 97, 23714, 24576, 336.08
2026/08/10 08:56:31.876, 0, 83, 22008, 24576, 332.42
2026/08/10 08:56:31.877, 1, 83, 22592, 24576, 323.87
2026/08/10 08:56:31.877, 2, 83, 23714, 24576, 328.16
2026/08/10 08:56:36.878, 0, 85, 22008, 24576, 340.07
2026/08/10 08:56:36.879, 1, 83, 22592, 24576, 320.67
2026/08/10 08:56:36.882, 2, 83, 23714, 24576, 325.92
2026/08/10 08:56:41.883, 0, 99, 13490, 24576, 339.01
2026/08/10 08:56:41.884, 1, 100, 21284, 24576, 316.48
2026/08/10 08:56:41.884, 2, 98, 20984, 24576, 323.86
2026/08/10 08:56:46.885, 0, 100, 13490, 24576, 291.70
2026/08/10 08:56:46.886, 1, 98, 13322, 24576, 312.55
2026/08/10 08:56:46.886, 2, 83, 13282, 24576, 313.25
2026/08/10 08:56:51.887, 0, 89, 21568, 24576, 328.45
2026/08/10 08:56:51.887, 1, 100, 23132, 24576, 321.94
2026/08/10 08:56:51.888, 2, 87, 22572, 24576, 321.15
2026/08/10 08:56:56.889, 0, 100, 23648, 24576, 345.77
2026/08/10 08:56:56.889, 1, 98, 23132, 24576, 316.28
2026/08/10 08:56:56.890, 2, 100, 22572, 24576, 321.66
2026/08/10 08:57:01.891, 0, 85, 21568, 24576, 337.84
2026/08/10 08:57:01.891, 1, 81, 23132, 24576, 321.61
2026/08/10 08:57:01.892, 2, 85, 22572, 24576, 335.03
2026/08/10 08:57:06.893, 0, 100, 21568, 24576, 310.20
2026/08/10 08:57:06.894, 1, 83, 23132, 24576, 317.94
2026/08/10 08:57:06.895, 2, 85, 22572, 24576, 332.07
2026/08/10 08:57:11.896, 0, 99, 13330, 24576, 338.31
2026/08/10 08:57:11.896, 1, 98, 13042, 24576, 310.98
2026/08/10 08:57:11.897, 2, 98, 13042, 24576, 339.68
2026/08/10 08:57:16.898, 0, 92, 22500, 24576, 229.52
2026/08/10 08:57:16.898, 1, 92, 23210, 24576, 283.05
2026/08/10 08:57:16.899, 2, 69, 23088, 24576, 311.05
2026/08/10 08:57:21.900, 0, 96, 22886, 24576, 293.75
2026/08/10 08:57:21.900, 1, 90, 21794, 24576, 304.78
2026/08/10 08:57:21.901, 2, 100, 23154, 24576, 314.38
2026/08/10 08:57:26.902, 0, 95, 22886, 24576, 296.79
2026/08/10 08:57:26.902, 1, 91, 21794, 24576, 306.97
2026/08/10 08:57:26.903, 2, 93, 23154, 24576, 312.93
2026/08/10 08:57:31.904, 0, 84, 20946, 24576, 336.48
2026/08/10 08:57:31.905, 1, 80, 21794, 24576, 332.14
2026/08/10 08:57:31.905, 2, 48, 20934, 24576, 251.47
2026/08/10 08:57:36.906, 0, 86, 20946, 24576, 340.16
2026/08/10 08:57:36.907, 1, 82, 21794, 24576, 332.73
2026/08/10 08:57:36.907, 2, 85, 20934, 24576, 336.79
2026/08/10 08:57:41.908, 0, 100, 13570, 24576, 341.23
2026/08/10 08:57:41.909, 1, 100, 14042, 24576, 332.68
2026/08/10 08:57:41.909, 2, 98, 19522, 24576, 339.11
2026/08/10 08:57:46.910, 0, 98, 13570, 24576, 340.98
2026/08/10 08:57:46.911, 1, 56, 14018, 24576, 292.99
2026/08/10 08:57:46.911, 2, 98, 22858, 24576, 333.92
2026/08/10 08:57:51.913, 0, 88, 24208, 24576, 341.50
2026/08/10 08:57:51.913, 1, 100, 20492, 24576, 304.55
2026/08/10 08:57:51.914, 2, 100, 22092, 24576, 326.26
2026/08/10 08:57:56.915, 0, 81, 24208, 24576, 339.81
2026/08/10 08:57:56.915, 1, 88, 20492, 24576, 300.36
2026/08/10 08:57:56.916, 2, 85, 22092, 24576, 322.81
2026/08/10 08:58:01.917, 0, 84, 21988, 24576, 291.36
2026/08/10 08:58:01.918, 1, 80, 22612, 24576, 274.42
2026/08/10 08:58:01.918, 2, 83, 22092, 24576, 293.02
2026/08/10 08:58:06.919, 0, 84, 21988, 24576, 339.92
2026/08/10 08:58:06.920, 1, 82, 22612, 24576, 319.00
2026/08/10 08:58:06.920, 2, 85, 22092, 24576, 336.93
2026/08/10 08:58:11.921, 0, 98, 16290, 24576, 301.39
2026/08/10 08:58:11.922, 1, 100, 22612, 24576, 315.33
2026/08/10 08:58:11.922, 2, 83, 12118, 24576, 288.60
2026/08/10 08:58:16.923, 0, 98, 19870, 24576, 338.88
2026/08/10 08:58:16.924, 1, 98, 22612, 24576, 317.89
2026/08/10 08:58:16.924, 2, 98, 12758, 24576, 335.10
2026/08/10 08:58:21.925, 0, 89, 22084, 24576, 308.83
2026/08/10 08:58:21.926, 1, 88, 23136, 24576, 314.21
2026/08/10 08:58:21.926, 2, 89, 21792, 24576, 309.60
2026/08/10 08:58:26.927, 0, 99, 21384, 24576, 308.92
2026/08/10 08:58:26.928, 1, 100, 23136, 24576, 323.86
2026/08/10 08:58:26.929, 2, 100, 21792, 24576, 307.59
2026/08/10 08:58:31.929, 0, 100, 21284, 24576, 280.65
2026/08/10 08:58:31.930, 1, 97, 21196, 24576, 323.21
2026/08/10 08:58:31.931, 2, 94, 21192, 24576, 297.06
2026/08/10 08:58:36.932, 0, 85, 21384, 24576, 339.32
2026/08/10 08:58:36.933, 1, 80, 23136, 24576, 316.68
2026/08/10 08:58:36.933, 2, 85, 21792, 24576, 330.65
2026/08/10 08:58:41.934, 0, 100, 21384, 24576, 242.53
2026/08/10 08:58:41.934, 1, 73, 23136, 24576, 324.31
2026/08/10 08:58:41.935, 2, 85, 21792, 24576, 321.78
2026/08/10 08:58:46.936, 0, 100, 13430, 24576, 340.74
2026/08/10 08:58:46.936, 1, 98, 23136, 24576, 311.92
2026/08/10 08:58:46.937, 2, 98, 19722, 24576, 336.40
2026/08/10 08:58:51.938, 0, 99, 23250, 24576, 264.56
2026/08/10 08:58:51.938, 1, 96, 23996, 24576, 297.12
2026/08/10 08:58:51.939, 2, 96, 20954, 24576, 235.96
2026/08/10 08:58:56.940, 0, 100, 23628, 24576, 290.19
2026/08/10 08:58:56.940, 1, 100, 22718, 24576, 314.85
2026/08/10 08:58:56.941, 2, 100, 23294, 24576, 312.39
2026/08/10 08:59:01.942, 0, 98, 21588, 24576, 305.35
2026/08/10 08:59:01.943, 1, 100, 24058, 24576, 323.63
2026/08/10 08:59:01.943, 2, 89, 23114, 24576, 331.57
2026/08/10 08:59:06.944, 0, 82, 21588, 24576, 335.38
2026/08/10 08:59:06.945, 1, 80, 24058, 24576, 333.86
2026/08/10 08:59:06.945, 2, 84, 23114, 24576, 323.09
2026/08/10 08:59:11.946, 0, 85, 21588, 24576, 341.62
2026/08/10 08:59:11.947, 1, 83, 24058, 24576, 314.15
2026/08/10 08:59:11.947, 2, 86, 23114, 24576, 332.72
2026/08/10 08:59:16.948, 0, 98, 14430, 24576, 302.30
2026/08/10 08:59:16.949, 1, 98, 17722, 24576, 297.68
2026/08/10 08:59:16.949, 2, 100, 12862, 24576, 294.57
2026/08/10 08:59:21.950, 0, 98, 14430, 24576, 339.34
2026/08/10 08:59:21.951, 1, 98, 21336, 24576, 337.85
2026/08/10 08:59:21.951, 2, 98, 12862, 24576, 329.17
2026/08/10 08:59:26.952, 0, 82, 22966, 24576, 329.53
2026/08/10 08:59:26.952, 1, 100, 23574, 24576, 321.64
2026/08/10 08:59:26.953, 2, 88, 22012, 24576, 314.65
2026/08/10 08:59:31.954, 0, 89, 23006, 24576, 319.10
2026/08/10 08:59:31.955, 1, 100, 23574, 24576, 304.74
2026/08/10 08:59:31.956, 2, 88, 22012, 24576, 320.26
2026/08/10 08:59:36.956, 0, 100, 23006, 24576, 320.71
2026/08/10 08:59:36.957, 1, 100, 23574, 24576, 329.19
2026/08/10 08:59:36.958, 2, 100, 22012, 24576, 323.41
2026/08/10 08:59:41.958, 0, 85, 23006, 24576, 341.59
2026/08/10 08:59:41.959, 1, 82, 23574, 24576, 321.93
2026/08/10 08:59:41.959, 2, 85, 22012, 24576, 338.96
2026/08/10 08:59:46.960, 0, 100, 23006, 24576, 340.77
2026/08/10 08:59:46.961, 1, 100, 23574, 24576, 319.57
2026/08/10 08:59:46.962, 2, 98, 22012, 24576, 337.16
2026/08/10 08:59:51.962, 0, 90, 14410, 24576, 300.33
2026/08/10 08:59:51.964, 1, 98, 13064, 24576, 318.74
2026/08/10 08:59:51.965, 2, 98, 22012, 24576, 317.01
2026/08/10 08:59:56.967, 0, 89, 23986, 24576, 320.08
2026/08/10 08:59:56.968, 1, 88, 24036, 24576, 324.19
2026/08/10 08:59:56.968, 2, 88, 21332, 24576, 308.79
2026/08/10 09:00:01.969, 0, 100, 23306, 24576, 312.66
2026/08/10 09:00:01.970, 1, 89, 24036, 24576, 332.67
2026/08/10 09:00:01.970, 2, 97, 20652, 24576, 290.52
2026/08/10 09:00:06.971, 0, 100, 23306, 24576, 309.07
2026/08/10 09:00:06.972, 1, 100, 24036, 24576, 335.15
2026/08/10 09:00:06.972, 2, 100, 20652, 24576, 286.70
2026/08/10 09:00:11.973, 0, 82, 23306, 24576, 339.39
2026/08/10 09:00:11.974, 1, 80, 21836, 24576, 324.68
2026/08/10 09:00:11.975, 2, 83, 22712, 24576, 331.75
2026/08/10 09:00:16.976, 0, 82, 23306, 24576, 342.93
2026/08/10 09:00:16.976, 1, 82, 21836, 24576, 317.01
2026/08/10 09:00:16.977, 2, 80, 22712, 24576, 337.51
2026/08/10 09:00:21.978, 0, 97, 23306, 24576, 338.08
2026/08/10 09:00:21.979, 1, 98, 12800, 24576, 335.11
2026/08/10 09:00:21.979, 2, 98, 13042, 24576, 340.96
2026/08/10 09:00:26.980, 0, 88, 23306, 24576, 204.14
2026/08/10 09:00:26.981, 1, 88, 19962, 24576, 253.89
2026/08/10 09:00:26.981, 2, 55, 21144, 24576, 311.32
2026/08/10 09:00:31.982, 0, 90, 22026, 24576, 319.16
2026/08/10 09:00:31.983, 1, 95, 21630, 24576, 300.83
2026/08/10 09:00:31.983, 2, 99, 23074, 24576, 315.88
2026/08/10 09:00:36.985, 0, 100, 21486, 24576, 315.12
2026/08/10 09:00:36.985, 1, 100, 21630, 24576, 300.62
2026/08/10 09:00:36.986, 2, 95, 23074, 24576, 317.90
2026/08/10 09:00:41.987, 0, 84, 21486, 24576, 337.00
2026/08/10 09:00:41.988, 1, 80, 19710, 24576, 333.67
2026/08/10 09:00:41.989, 2, 84, 20834, 24576, 335.83
2026/08/10 09:00:46.990, 0, 82, 21486, 24576, 339.46
2026/08/10 09:00:46.990, 1, 79, 19710, 24576, 319.11
2026/08/10 09:00:46.991, 2, 79, 20834, 24576, 330.76
2026/08/10 09:00:51.992, 0, 91, 13430, 24576, 301.69
2026/08/10 09:00:51.992, 1, 98, 19710, 24576, 317.18
2026/08/10 09:00:51.993, 2, 98, 12862, 24576, 319.47
2026/08/10 09:00:56.993, 0, 89, 23848, 24576, 329.11
2026/08/10 09:00:56.994, 1, 86, 21750, 24576, 296.57
2026/08/10 09:00:56.995, 2, 88, 22212, 24576, 298.62
2026/08/10 09:01:01.995, 0, 98, 23848, 24576, 319.47
2026/08/10 09:01:01.996, 1, 100, 21730, 24576, 311.60
2026/08/10 09:01:01.997, 2, 89, 21572, 24576, 317.90
2026/08/10 09:01:06.998, 0, 100, 23848, 24576, 326.62
2026/08/10 09:01:06.998, 1, 91, 19810, 24576, 296.55
2026/08/10 09:01:07.000, 2, 93, 21892, 24576, 308.50
2026/08/10 09:01:12.000, 0, 84, 23848, 24576, 337.58
2026/08/10 09:01:12.001, 1, 81, 19810, 24576, 335.87
2026/08/10 09:01:12.001, 2, 83, 21892, 24576, 336.32
2026/08/10 09:01:17.002, 0, 88, 23848, 24576, 317.37
2026/08/10 09:01:17.003, 1, 72, 19810, 24576, 312.70
2026/08/10 09:01:17.003, 2, 100, 21892, 24576, 269.96
2026/08/10 09:01:22.004, 0, 100, 23848, 24576, 337.04
2026/08/10 09:01:22.005, 1, 98, 13262, 24576, 306.79
2026/08/10 09:01:22.005, 2, 98, 21892, 24576, 316.39
2026/08/10 09:01:27.006, 0, 89, 24208, 24576, 324.18
2026/08/10 09:01:27.006, 1, 84, 23068, 24576, 305.14
2026/08/10 09:01:27.007, 2, 100, 20602, 24576, 274.47
2026/08/10 09:01:32.008, 0, 98, 24210, 24576, 341.17
2026/08/10 09:01:32.009, 1, 97, 23074, 24576, 317.68
2026/08/10 09:01:32.009, 2, 90, 22692, 24576, 310.48
2026/08/10 09:01:37.010, 0, 100, 24210, 24576, 339.70
2026/08/10 09:01:37.011, 1, 100, 23074, 24576, 326.71
2026/08/10 09:01:37.012, 2, 98, 22692, 24576, 315.56
2026/08/10 09:01:42.012, 0, 80, 24210, 24576, 336.89
2026/08/10 09:01:42.013, 1, 80, 23074, 24576, 324.36
2026/08/10 09:01:42.014, 2, 59, 22692, 24576, 311.52
2026/08/10 09:01:47.014, 0, 85, 24210, 24576, 340.74
2026/08/10 09:01:47.015, 1, 83, 23074, 24576, 325.82
2026/08/10 09:01:47.016, 2, 84, 22692, 24576, 326.16
2026/08/10 09:01:52.016, 0, 98, 14650, 24576, 336.50
2026/08/10 09:01:52.017, 1, 98, 13002, 24576, 313.19
2026/08/10 09:01:52.017, 2, 98, 24040, 24576, 337.67
2026/08/10 09:01:57.021, 0, 88, 16690, 24576, 216.56
2026/08/10 09:01:57.022, 1, 89, 16162, 24576, 225.42
2026/08/10 09:01:57.023, 2, 37, 16218, 24576, 270.86
2026/08/10 09:02:02.024, 0, 89, 21426, 24576, 312.78
2026/08/10 09:02:02.025, 1, 89, 22972, 24576, 326.30
2026/08/10 09:02:02.026, 2, 100, 21830, 24576, 323.92
2026/08/10 09:02:07.026, 0, 96, 23586, 24576, 311.10
2026/08/10 09:02:07.027, 1, 92, 21852, 24576, 317.80
2026/08/10 09:02:07.028, 2, 90, 19870, 24576, 302.02
2026/08/10 09:02:12.029, 0, 82, 21426, 24576, 335.64
2026/08/10 09:02:12.029, 1, 82, 22972, 24576, 335.48
2026/08/10 09:02:12.030, 2, 82, 21830, 24576, 332.87
2026/08/10 09:02:17.031, 0, 84, 21426, 24576, 339.30
2026/08/10 09:02:17.031, 1, 83, 22972, 24576, 316.41
2026/08/10 09:02:17.032, 2, 84, 21830, 24576, 338.03
2026/08/10 09:02:22.033, 0, 98, 13450, 24576, 337.13
2026/08/10 09:02:22.033, 1, 98, 12824, 24576, 330.96
2026/08/10 09:02:22.034, 2, 98, 21830, 24576, 336.73
2026/08/10 09:02:27.035, 0, 100, 13450, 24576, 190.51
2026/08/10 09:02:27.035, 1, 100, 12824, 24576, 312.60
2026/08/10 09:02:27.036, 2, 100, 21830, 24576, 213.88
2026/08/10 09:02:32.037, 0, 94, 22966, 24576, 291.55
2026/08/10 09:02:32.038, 1, 94, 23576, 24576, 314.69
2026/08/10 09:02:32.039, 2, 92, 22014, 24576, 291.21
2026/08/10 09:02:37.039, 0, 89, 20886, 24576, 290.72
2026/08/10 09:02:37.040, 1, 100, 23616, 24576, 319.70
2026/08/10 09:02:37.040, 2, 88, 23054, 24576, 309.93
2026/08/10 09:02:42.041, 0, 85, 20886, 24576, 293.34
2026/08/10 09:02:42.042, 1, 88, 23616, 24576, 310.44
2026/08/10 09:02:42.042, 2, 90, 23054, 24576, 301.32
2026/08/10 09:02:47.043, 0, 83, 20886, 24576, 338.31
2026/08/10 09:02:47.044, 1, 80, 23616, 24576, 319.92
2026/08/10 09:02:47.045, 2, 81, 23054, 24576, 332.54
2026/08/10 09:02:52.046, 0, 98, 20886, 24576, 338.27
2026/08/10 09:02:52.046, 1, 100, 23616, 24576, 336.80
2026/08/10 09:02:52.047, 2, 98, 23054, 24576, 338.42
2026/08/10 09:02:57.048, 0, 98, 20886, 24576, 337.37
2026/08/10 09:02:57.048, 1, 98, 23616, 24576, 310.06
2026/08/10 09:02:57.049, 2, 90, 13562, 24576, 291.01
2026/08/10 09:03:02.049, 0, 90, 22348, 24576, 320.19
2026/08/10 09:03:02.050, 1, 90, 23034, 24576, 307.88
2026/08/10 09:03:02.051, 2, 90, 22852, 24576, 297.61
2026/08/10 09:03:07.051, 0, 100, 23728, 24576, 332.34
2026/08/10 09:03:07.052, 1, 100, 23354, 24576, 324.73
2026/08/10 09:03:07.053, 2, 100, 23332, 24576, 307.59
2026/08/10 09:03:12.054, 0, 92, 22348, 24576, 330.44
2026/08/10 09:03:12.054, 1, 89, 23034, 24576, 321.48
2026/08/10 09:03:12.055, 2, 89, 22852, 24576, 312.54
2026/08/10 09:03:17.056, 0, 83, 22348, 24576, 338.61
2026/08/10 09:03:17.056, 1, 81, 23034, 24576, 322.91
2026/08/10 09:03:17.057, 2, 81, 22852, 24576, 338.86
2026/08/10 09:03:22.058, 0, 98, 22348, 24576, 254.27
2026/08/10 09:03:22.058, 1, 78, 23034, 24576, 317.93
2026/08/10 09:03:22.059, 2, 98, 22852, 24576, 214.39
2026/08/10 09:03:27.060, 0, 99, 23050, 24576, 340.24
2026/08/10 09:03:27.061, 1, 100, 13302, 24576, 314.07
2026/08/10 09:03:27.061, 2, 98, 12862, 24576, 325.04
2026/08/10 09:03:32.062, 0, 90, 21884, 24576, 304.32
2026/08/10 09:03:32.062, 1, 97, 22892, 24576, 309.55
2026/08/10 09:03:32.063, 2, 89, 22012, 24576, 301.07
2026/08/10 09:03:37.064, 0, 90, 21884, 24576, 311.33
2026/08/10 09:03:37.064, 1, 100, 22892, 24576, 324.47
2026/08/10 09:03:37.065, 2, 98, 22012, 24576, 301.57
2026/08/10 09:03:42.066, 0, 100, 21884, 24576, 318.38
2026/08/10 09:03:42.066, 1, 88, 22892, 24576, 325.10
2026/08/10 09:03:42.067, 2, 100, 22012, 24576, 325.28
2026/08/10 09:03:47.068, 0, 83, 21884, 24576, 339.61
2026/08/10 09:03:47.069, 1, 81, 22892, 24576, 322.02
2026/08/10 09:03:47.069, 2, 82, 22012, 24576, 334.15
2026/08/10 09:03:52.070, 0, 98, 21884, 24576, 271.79
2026/08/10 09:03:52.071, 1, 98, 22892, 24576, 276.29
2026/08/10 09:03:52.072, 2, 98, 22012, 24576, 325.70
2026/08/10 09:03:57.072, 0, 100, 24150, 24576, 338.40
2026/08/10 09:03:57.073, 1, 99, 23840, 24576, 313.90
2026/08/10 09:03:57.074, 2, 98, 13042, 24576, 301.06
2026/08/10 09:04:02.075, 0, 100, 21484, 24576, 312.67
2026/08/10 09:04:02.075, 1, 100, 21710, 24576, 316.40
2026/08/10 09:04:02.076, 2, 100, 23574, 24576, 313.67
2026/08/10 09:04:07.077, 0, 93, 20644, 24576, 297.27
2026/08/10 09:04:07.077, 1, 91, 21750, 24576, 302.91
2026/08/10 09:04:07.078, 2, 96, 23574, 24576, 313.05
2026/08/10 09:04:12.079, 0, 94, 20644, 24576, 301.19
2026/08/10 09:04:12.080, 1, 94, 21750, 24576, 310.70
2026/08/10 09:04:12.080, 2, 100, 23574, 24576, 340.02
2026/08/10 09:04:17.081, 0, 81, 22684, 24576, 339.56
2026/08/10 09:04:17.082, 1, 81, 21750, 24576, 335.26
2026/08/10 09:04:17.083, 2, 81, 21374, 24576, 321.28
2026/08/10 09:04:22.083, 0, 98, 22684, 24576, 230.67
2026/08/10 09:04:22.084, 1, 100, 21750, 24576, 317.01
2026/08/10 09:04:22.085, 2, 98, 21374, 24576, 316.02
2026/08/10 09:04:27.086, 0, 98, 14372, 24576, 340.01
2026/08/10 09:04:27.086, 1, 98, 21750, 24576, 312.64
2026/08/10 09:04:27.087, 2, 98, 21374, 24576, 323.71
2026/08/10 09:04:32.088, 0, 89, 22784, 24576, 316.71
2026/08/10 09:04:32.088, 1, 88, 23674, 24576, 310.52
2026/08/10 09:04:32.089, 2, 89, 23174, 24576, 325.05
2026/08/10 09:04:37.090, 0, 100, 22784, 24576, 308.12
2026/08/10 09:04:37.091, 1, 100, 22976, 24576, 320.25
2026/08/10 09:04:37.091, 2, 100, 22812, 24576, 332.14
2026/08/10 09:04:42.092, 0, 97, 22784, 24576, 301.46
2026/08/10 09:04:42.093, 1, 96, 22976, 24576, 312.40
2026/08/10 09:04:42.094, 2, 95, 22812, 24576, 315.40
2026/08/10 09:04:47.095, 0, 82, 22784, 24576, 338.82
2026/08/10 09:04:47.095, 1, 80, 22976, 24576, 334.61
2026/08/10 09:04:47.096, 2, 82, 20572, 24576, 330.65
2026/08/10 09:04:52.097, 0, 83, 22784, 24576, 342.35
2026/08/10 09:04:52.097, 1, 85, 22976, 24576, 323.04
2026/08/10 09:04:52.098, 2, 84, 20572, 24576, 337.53
2026/08/10 09:04:57.099, 0, 99, 16470, 24576, 323.15
2026/08/10 09:04:57.099, 1, 98, 13040, 24576, 330.50
2026/08/10 09:04:57.100, 2, 98, 13002, 24576, 326.35
2026/08/10 09:05:02.101, 0, 100, 22744, 24576, 282.72
2026/08/10 09:05:02.101, 1, 100, 22328, 24576, 305.05
2026/08/10 09:05:02.102, 2, 96, 22790, 24576, 287.34
2026/08/10 09:05:07.102, 0, 99, 23184, 24576, 322.41
2026/08/10 09:05:07.103, 1, 100, 22750, 24576, 336.30
2026/08/10 09:05:07.104, 2, 100, 22854, 24576, 335.72
2026/08/10 09:05:12.105, 0, 89, 23864, 24576, 318.58
2026/08/10 09:05:12.106, 1, 89, 24230, 24576, 333.94
2026/08/10 09:05:12.106, 2, 89, 23914, 24576, 334.08
2026/08/10 09:05:17.107, 0, 81, 23184, 24576, 338.88
2026/08/10 09:05:17.110, 1, 79, 20530, 24576, 330.83
2026/08/10 09:05:17.111, 2, 83, 20694, 24576, 335.22
2026/08/10 09:05:22.111, 0, 86, 23184, 24576, 343.28
2026/08/10 09:05:22.112, 1, 84, 20530, 24576, 313.90
2026/08/10 09:05:22.113, 2, 85, 20694, 24576, 331.10
2026/08/10 09:05:27.114, 0, 98, 13852, 24576, 304.25
2026/08/10 09:05:27.114, 1, 98, 20530, 24576, 311.54
2026/08/10 09:05:27.115, 2, 98, 14422, 24576, 333.69
2026/08/10 09:05:32.115, 0, 100, 13872, 24576, 179.05
2026/08/10 09:05:32.116, 1, 98, 20530, 24576, 309.54
2026/08/10 09:05:32.118, 2, 100, 14058, 24576, 181.38
2026/08/10 09:05:37.119, 0, 100, 23248, 24576, 317.73
2026/08/10 09:05:37.120, 1, 100, 23136, 24576, 322.09
2026/08/10 09:05:37.120, 2, 88, 23394, 24576, 313.31
2026/08/10 09:05:42.121, 0, 100, 23248, 24576, 316.55
2026/08/10 09:05:42.122, 1, 100, 23136, 24576, 315.21
2026/08/10 09:05:42.122, 2, 91, 23394, 24576, 313.22
2026/08/10 09:05:47.123, 0, 5, 23248, 24576, 272.62
2026/08/10 09:05:47.124, 1, 92, 23136, 24576, 298.31
2026/08/10 09:05:47.125, 2, 88, 23394, 24576, 285.57
2026/08/10 09:05:52.126, 0, 82, 23248, 24576, 232.90
2026/08/10 09:05:52.126, 1, 82, 23136, 24576, 334.03
2026/08/10 09:05:52.127, 2, 84, 23394, 24576, 337.28
2026/08/10 09:05:57.128, 0, 85, 23248, 24576, 344.81
2026/08/10 09:05:57.128, 1, 82, 23136, 24576, 336.32
2026/08/10 09:05:57.129, 2, 83, 23394, 24576, 339.95
2026/08/10 09:06:02.130, 0, 96, 15270, 24576, 303.47
2026/08/10 09:06:02.131, 1, 96, 13002, 24576, 296.07
2026/08/10 09:06:02.131, 2, 98, 23394, 24576, 336.19
2026/08/10 09:06:07.132, 0, 98, 13470, 24576, 310.73
2026/08/10 09:06:07.133, 1, 98, 13022, 24576, 334.05
2026/08/10 09:06:07.133, 2, 100, 23394, 24576, 337.56
2026/08/10 09:06:12.134, 0, 94, 21048, 24576, 298.39
2026/08/10 09:06:12.135, 1, 94, 21072, 24576, 300.16
2026/08/10 09:06:12.135, 2, 90, 21316, 24576, 317.67
2026/08/10 09:06:17.136, 0, 87, 23068, 24576, 317.93
2026/08/10 09:06:17.137, 1, 89, 22952, 24576, 313.48
2026/08/10 09:06:17.137, 2, 89, 22056, 24576, 325.98
2026/08/10 09:06:22.138, 0, 100, 23068, 24576, 321.04
2026/08/10 09:06:22.139, 1, 99, 22952, 24576, 312.88
2026/08/10 09:06:22.140, 2, 100, 22056, 24576, 327.77
2026/08/10 09:06:27.141, 0, 83, 23068, 24576, 339.95
2026/08/10 09:06:27.141, 1, 82, 22952, 24576, 335.10
2026/08/10 09:06:27.142, 2, 83, 22056, 24576, 335.24
2026/08/10 09:06:32.143, 0, 99, 23068, 24576, 288.64
2026/08/10 09:06:32.144, 1, 98, 22952, 24576, 278.16
2026/08/10 09:06:32.144, 2, 98, 22056, 24576, 326.78
2026/08/10 09:06:37.145, 0, 100, 13570, 24576, 342.86
2026/08/10 09:06:37.146, 1, 98, 22952, 24576, 331.52
2026/08/10 09:06:37.146, 2, 98, 19662, 24576, 308.61
2026/08/10 09:06:42.147, 0, 89, 21908, 24576, 312.73
2026/08/10 09:06:42.148, 1, 88, 23134, 24576, 338.51
2026/08/10 09:06:42.148, 2, 89, 23414, 24576, 324.05
2026/08/10 09:06:47.149, 0, 85, 21908, 24576, 311.92
2026/08/10 09:06:47.150, 1, 81, 23134, 24576, 336.56
2026/08/10 09:06:47.150, 2, 89, 23414, 24576, 318.43
2026/08/10 09:06:52.151, 0, 94, 21908, 24576, 314.69
2026/08/10 09:06:52.152, 1, 86, 23134, 24576, 338.48
2026/08/10 09:06:52.152, 2, 89, 23414, 24576, 322.71
2026/08/10 09:06:57.153, 0, 80, 21908, 24576, 339.58
2026/08/10 09:06:57.154, 1, 81, 23134, 24576, 334.38
2026/08/10 09:06:57.154, 2, 80, 23414, 24576, 323.66
2026/08/10 09:07:02.155, 0, 98, 21908, 24576, 227.65
2026/08/10 09:07:02.156, 1, 87, 23134, 24576, 317.42
2026/08/10 09:07:02.156, 2, 98, 23414, 24576, 313.82
2026/08/10 09:07:07.157, 0, 99, 19690, 24576, 340.65
2026/08/10 09:07:07.158, 1, 100, 19782, 24576, 319.32
2026/08/10 09:07:07.158, 2, 98, 19642, 24576, 313.23
2026/08/10 09:07:12.159, 0, 100, 23326, 24576, 328.29
2026/08/10 09:07:12.160, 1, 89, 22874, 24576, 326.19
2026/08/10 09:07:12.160, 2, 92, 23194, 24576, 325.57
2026/08/10 09:07:17.161, 0, 89, 23326, 24576, 325.57
2026/08/10 09:07:17.162, 1, 88, 22874, 24576, 336.40
2026/08/10 09:07:17.163, 2, 89, 23194, 24576, 326.73
2026/08/10 09:07:22.163, 0, 89, 23326, 24576, 321.92
2026/08/10 09:07:22.164, 1, 100, 22874, 24576, 323.21
2026/08/10 09:07:22.165, 2, 84, 23194, 24576, 322.78
2026/08/10 09:07:27.165, 0, 82, 23326, 24576, 339.54
2026/08/10 09:07:27.166, 1, 84, 22874, 24576, 316.06
2026/08/10 09:07:27.167, 2, 79, 23194, 24576, 330.65
2026/08/10 09:07:32.168, 0, 84, 23326, 24576, 343.80
2026/08/10 09:07:32.168, 1, 98, 22874, 24576, 275.98
2026/08/10 09:07:32.169, 2, 98, 23194, 24576, 243.49
2026/08/10 09:07:37.170, 0, 98, 18730, 24576, 338.48
2026/08/10 09:07:37.170, 1, 98, 12776, 24576, 293.97
2026/08/10 09:07:37.171, 2, 98, 13220, 24576, 322.56
2026/08/10 09:07:42.172, 0, 97, 23888, 24576, 331.11
2026/08/10 09:07:42.173, 1, 91, 20210, 24576, 303.75
2026/08/10 09:07:42.173, 2, 97, 22270, 24576, 316.83
2026/08/10 09:07:47.174, 0, 100, 23888, 24576, 341.90
2026/08/10 09:07:47.175, 1, 100, 19890, 24576, 293.53
2026/08/10 09:07:47.175, 2, 95, 22270, 24576, 316.38
2026/08/10 09:07:52.176, 0, 89, 23888, 24576, 342.91
2026/08/10 09:07:52.177, 1, 89, 20210, 24576, 305.48
2026/08/10 09:07:52.177, 2, 100, 22270, 24576, 317.14
2026/08/10 09:07:57.178, 0, 83, 23888, 24576, 338.54
2026/08/10 09:07:57.179, 1, 81, 19890, 24576, 334.77
2026/08/10 09:07:57.179, 2, 82, 22270, 24576, 330.56
2026/08/10 09:08:02.180, 0, 98, 23888, 24576, 311.14
2026/08/10 09:08:02.181, 1, 98, 19890, 24576, 296.74
2026/08/10 09:08:02.181, 2, 100, 22270, 24576, 337.79
2026/08/10 09:08:07.182, 0, 98, 13730, 24576, 340.13
2026/08/10 09:08:07.183, 1, 98, 19890, 24576, 311.42
2026/08/10 09:08:07.183, 2, 100, 23782, 24576, 333.42
2026/08/10 09:08:12.184, 0, 89, 22844, 24576, 319.46
2026/08/10 09:08:12.185, 1, 88, 21670, 24576, 333.09
2026/08/10 09:08:12.185, 2, 94, 22132, 24576, 324.56
2026/08/10 09:08:17.186, 0, 100, 22844, 24576, 308.61
2026/08/10 09:08:17.187, 1, 100, 21670, 24576, 312.84
2026/08/10 09:08:17.187, 2, 89, 22132, 24576, 323.56
2026/08/10 09:08:22.188, 0, 100, 22844, 24576, 301.37
2026/08/10 09:08:22.189, 1, 100, 21630, 24576, 306.52
2026/08/10 09:08:22.189, 2, 100, 21912, 24576, 322.79
2026/08/10 09:08:27.190, 0, 81, 22844, 24576, 337.79
2026/08/10 09:08:27.191, 1, 80, 19710, 24576, 335.08
2026/08/10 09:08:27.191, 2, 82, 22132, 24576, 334.53
2026/08/10 09:08:32.192, 0, 98, 22844, 24576, 322.74
2026/08/10 09:08:32.194, 1, 100, 19710, 24576, 321.13
2026/08/10 09:08:32.195, 2, 98, 22132, 24576, 326.28
2026/08/10 09:08:37.196, 0, 98, 13450, 24576, 337.23
2026/08/10 09:08:37.197, 1, 98, 13062, 24576, 313.83
2026/08/10 09:08:37.197, 2, 100, 13042, 24576, 328.48
2026/08/10 09:08:42.198, 0, 91, 23268, 24576, 300.91
2026/08/10 09:08:42.199, 1, 100, 23596, 24576, 304.85
2026/08/10 09:08:42.200, 2, 89, 23230, 24576, 310.57
2026/08/10 09:08:47.200, 0, 96, 22948, 24576, 313.33
2026/08/10 09:08:47.201, 1, 100, 22856, 24576, 332.52
2026/08/10 09:08:47.202, 2, 100, 23594, 24576, 331.66
2026/08/10 09:08:52.202, 0, 96, 22948, 24576, 295.97
2026/08/10 09:08:52.203, 1, 95, 22856, 24576, 317.39
2026/08/10 09:08:52.204, 2, 95, 23594, 24576, 313.61
2026/08/10 09:08:57.204, 0, 76, 22948, 24576, 336.51
2026/08/10 09:08:57.205, 1, 81, 21756, 24576, 325.70
2026/08/10 09:08:57.205, 2, 81, 21394, 24576, 335.36
2026/08/10 09:09:02.206, 0, 84, 22948, 24576, 340.71
2026/08/10 09:09:02.207, 1, 86, 21756, 24576, 318.51
2026/08/10 09:09:02.207, 2, 85, 21394, 24576, 336.82
2026/08/10 09:09:07.208, 0, 98, 13290, 24576, 341.51
2026/08/10 09:09:07.209, 1, 98, 12962, 24576, 319.00
2026/08/10 09:09:07.210, 2, 98, 12942, 24576, 333.47
2026/08/10 09:09:12.210, 0, 98, 22144, 24576, 265.01
2026/08/10 09:09:12.211, 1, 100, 22388, 24576, 284.61
2026/08/10 09:09:12.212, 2, 100, 23510, 24576, 303.73
2026/08/10 09:09:17.212, 0, 97, 22524, 24576, 309.00
2026/08/10 09:09:17.213, 1, 92, 22132, 24576, 306.52
2026/08/10 09:09:17.214, 2, 97, 23574, 24576, 325.02
2026/08/10 09:09:22.215, 0, 97, 22524, 24576, 318.36
2026/08/10 09:09:22.216, 1, 89, 22132, 24576, 303.58
2026/08/10 09:09:22.216, 2, 100, 23574, 24576, 330.63
2026/08/10 09:09:27.217, 0, 83, 20644, 24576, 337.61
2026/08/10 09:09:27.218, 1, 78, 22132, 24576, 333.65
2026/08/10 09:09:27.218, 2, 83, 23574, 24576, 333.46
2026/08/10 09:09:32.219, 0, 84, 20644, 24576, 340.20
2026/08/10 09:09:32.220, 1, 84, 22132, 24576, 319.36
2026/08/10 09:09:32.221, 2, 85, 23574, 24576, 329.12
2026/08/10 09:09:37.221, 0, 98, 13590, 24576, 328.04
2026/08/10 09:09:37.222, 1, 98, 14062, 24576, 335.81
2026/08/10 09:09:37.223, 2, 98, 23522, 24576, 334.74
2026/08/10 09:09:42.223, 0, 100, 13590, 24576, 340.34
2026/08/10 09:09:42.227, 1, 98, 14038, 24576, 318.44
2026/08/10 09:09:42.228, 2, 98, 13022, 24576, 324.61
2026/08/10 09:09:47.228, 0, 89, 24030, 24576, 334.80
2026/08/10 09:09:47.229, 1, 90, 23194, 24576, 318.73
2026/08/10 09:09:47.229, 2, 89, 22994, 24576, 317.91
2026/08/10 09:09:52.230, 0, 100, 24030, 24576, 339.29
2026/08/10 09:09:52.231, 1, 98, 23194, 24576, 321.83
2026/08/10 09:09:52.231, 2, 100, 22994, 24576, 321.92
2026/08/10 09:09:57.232, 0, 98, 24030, 24576, 335.91
2026/08/10 09:09:57.233, 1, 96, 23194, 24576, 311.24
2026/08/10 09:09:57.237, 2, 93, 22994, 24576, 302.27
2026/08/10 09:10:02.238, 0, 85, 24030, 24576, 337.07
2026/08/10 09:10:02.238, 1, 83, 23194, 24576, 322.23
2026/08/10 09:10:02.239, 2, 83, 22994, 24576, 335.59
2026/08/10 09:10:07.240, 0, 100, 24030, 24576, 302.33
2026/08/10 09:10:07.240, 1, 98, 23194, 24576, 306.99
2026/08/10 09:10:07.241, 2, 98, 22994, 24576, 337.15
2026/08/10 09:10:12.242, 0, 100, 13970, 24576, 338.92
2026/08/10 09:10:12.242, 1, 100, 13042, 24576, 317.28
2026/08/10 09:10:12.243, 2, 98, 24042, 24576, 324.80
2026/08/10 09:10:17.244, 0, 100, 24134, 24576, 317.24
2026/08/10 09:10:17.244, 1, 100, 22918, 24576, 282.64
2026/08/10 09:10:17.245, 2, 95, 20918, 24576, 249.77
2026/08/10 09:10:22.246, 0, 100, 23228, 24576, 338.38
2026/08/10 09:10:22.246, 1, 100, 22972, 24576, 331.04
2026/08/10 09:10:22.247, 2, 90, 20974, 24576, 306.44
2026/08/10 09:10:27.248, 0, 94, 23228, 24576, 329.08
2026/08/10 09:10:27.248, 1, 95, 22972, 24576, 316.78
2026/08/10 09:10:27.249, 2, 96, 20974, 24576, 299.88
2026/08/10 09:10:32.249, 0, 83, 23228, 24576, 270.08
2026/08/10 09:10:32.250, 1, 83, 20752, 24576, 256.24
2026/08/10 09:10:32.251, 2, 83, 23074, 24576, 335.54
2026/08/10 09:10:37.252, 0, 84, 23228, 24576, 339.12
2026/08/10 09:10:37.252, 1, 84, 20752, 24576, 325.64
2026/08/10 09:10:37.253, 2, 84, 23074, 24576, 338.67
2026/08/10 09:10:42.254, 0, 98, 13570, 24576, 319.17
2026/08/10 09:10:42.254, 1, 98, 19562, 24576, 327.56
2026/08/10 09:10:42.255, 2, 100, 12862, 24576, 312.85
2026/08/10 09:10:47.256, 0, 98, 13570, 24576, 338.73
2026/08/10 09:10:47.257, 1, 94, 19582, 24576, 309.23
2026/08/10 09:10:47.258, 2, 100, 12862, 24576, 265.40
2026/08/10 09:10:52.258, 0, 90, 21928, 24576, 316.10
2026/08/10 09:10:52.259, 1, 91, 21272, 24576, 310.35
2026/08/10 09:10:52.260, 2, 93, 20370, 24576, 291.90
2026/08/10 09:10:57.260, 0, 96, 21928, 24576, 316.19
2026/08/10 09:10:57.261, 1, 96, 21272, 24576, 304.62
2026/08/10 09:10:57.262, 2, 97, 20370, 24576, 301.21
2026/08/10 09:11:02.263, 0, 83, 21928, 24576, 325.02
2026/08/10 09:11:02.263, 1, 81, 21272, 24576, 332.74
2026/08/10 09:11:02.264, 2, 82, 20370, 24576, 327.52
2026/08/10 09:11:07.265, 0, 85, 21928, 24576, 338.41
2026/08/10 09:11:07.265, 1, 84, 21272, 24576, 310.44
2026/08/10 09:11:07.266, 2, 84, 20370, 24576, 337.85
2026/08/10 09:11:12.267, 0, 98, 13470, 24576, 315.04
2026/08/10 09:11:12.267, 1, 98, 15382, 24576, 295.82
2026/08/10 09:11:12.268, 2, 100, 13062, 24576, 290.81
2026/08/10 09:11:17.269, 0, 93, 13470, 24576, 336.96
2026/08/10 09:11:17.269, 1, 100, 18598, 24576, 321.23
2026/08/10 09:11:17.270, 2, 98, 13062, 24576, 325.08
2026/08/10 09:11:22.271, 0, 97, 20528, 24576, 310.78
2026/08/10 09:11:22.271, 1, 95, 21012, 24576, 313.74
2026/08/10 09:11:22.272, 2, 94, 20896, 24576, 308.66
2026/08/10 09:11:27.273, 0, 100, 23668, 24576, 328.73
2026/08/10 09:11:27.274, 1, 88, 22092, 24576, 315.42
2026/08/10 09:11:27.274, 2, 100, 24016, 24576, 337.15
2026/08/10 09:11:32.275, 0, 88, 23668, 24576, 325.66
2026/08/10 09:11:32.275, 1, 99, 22092, 24576, 319.41
2026/08/10 09:11:32.276, 2, 88, 24016, 24576, 339.16
2026/08/10 09:11:37.277, 0, 84, 21588, 24576, 338.29
2026/08/10 09:11:37.277, 1, 84, 22092, 24576, 329.27
2026/08/10 09:11:37.278, 2, 84, 21796, 24576, 335.93
2026/08/10 09:11:42.279, 0, 98, 21588, 24576, 229.73
2026/08/10 09:11:42.280, 1, 98, 22092, 24576, 313.74
2026/08/10 09:11:42.280, 2, 98, 21796, 24576, 310.67
2026/08/10 09:11:47.281, 0, 98, 13430, 24576, 338.43
2026/08/10 09:11:47.282, 1, 100, 13064, 24576, 317.60
2026/08/10 09:11:47.282, 2, 100, 21796, 24576, 316.33
2026/08/10 09:11:52.283, 0, 93, 22844, 24576, 231.94
2026/08/10 09:11:52.284, 1, 92, 23652, 24576, 306.31
2026/08/10 09:11:52.284, 2, 96, 23736, 24576, 225.71
2026/08/10 09:11:57.285, 0, 85, 21186, 24576, 303.51
2026/08/10 09:11:57.286, 1, 82, 21976, 24576, 316.16
2026/08/10 09:11:57.286, 2, 98, 21494, 24576, 316.33
2026/08/10 09:12:02.287, 0, 91, 20846, 24576, 307.21
2026/08/10 09:12:02.288, 1, 100, 21976, 24576, 310.47
2026/08/10 09:12:02.288, 2, 89, 21494, 24576, 317.26
2026/08/10 09:12:07.289, 0, 83, 20846, 24576, 333.95
2026/08/10 09:12:07.290, 1, 85, 21976, 24576, 331.08
2026/08/10 09:12:07.290, 2, 81, 21494, 24576, 332.58
2026/08/10 09:12:12.291, 0, 84, 20846, 24576, 340.58
2026/08/10 09:12:12.292, 1, 81, 21976, 24576, 318.19
2026/08/10 09:12:12.292, 2, 83, 21494, 24576, 322.48
2026/08/10 09:12:17.293, 0, 98, 22590, 24576, 341.50
2026/08/10 09:12:17.294, 1, 98, 12840, 24576, 323.68
2026/08/10 09:12:17.295, 2, 98, 13002, 24576, 338.02
2026/08/10 09:12:22.295, 0, 93, 13570, 24576, 305.32
2026/08/10 09:12:22.296, 1, 50, 12840, 24576, 289.78
2026/08/10 09:12:22.297, 2, 71, 13002, 24576, 310.20
2026/08/10 09:12:27.298, 0, 94, 22148, 24576, 327.15
2026/08/10 09:12:27.301, 1, 100, 22750, 24576, 316.03
2026/08/10 09:12:27.308, 2, 100, 22414, 24576, 328.05
2026/08/10 09:12:32.309, 0, 94, 23168, 24576, 314.50
2026/08/10 09:12:32.309, 1, 92, 19950, 24576, 300.70
2026/08/10 09:12:32.310, 2, 90, 20834, 24576, 315.25
2026/08/10 09:12:37.311, 0, 82, 23168, 24576, 317.11
2026/08/10 09:12:37.312, 1, 84, 19950, 24576, 325.98
2026/08/10 09:12:37.312, 2, 82, 20834, 24576, 315.95
2026/08/10 09:12:42.313, 0, 84, 23168, 24576, 342.43
2026/08/10 09:12:42.314, 1, 83, 19950, 24576, 325.36
2026/08/10 09:12:42.314, 2, 83, 20834, 24576, 323.93
2026/08/10 09:12:47.315, 0, 98, 14450, 24576, 302.58
2026/08/10 09:12:47.316, 1, 98, 13042, 24576, 297.19
2026/08/10 09:12:47.316, 2, 98, 13042, 24576, 293.84
2026/08/10 09:12:52.317, 0, 99, 14450, 24576, 339.07
2026/08/10 09:12:52.317, 1, 100, 13042, 24576, 313.34
2026/08/10 09:12:52.318, 2, 98, 13042, 24576, 317.45
2026/08/10 09:12:57.318, 0, 89, 22244, 24576, 313.64
2026/08/10 09:12:57.319, 1, 89, 22954, 24576, 327.44
2026/08/10 09:12:57.320, 2, 89, 22934, 24576, 329.66
2026/08/10 09:13:02.321, 0, 91, 21064, 24576, 314.65
2026/08/10 09:13:02.322, 1, 100, 20774, 24576, 315.24
2026/08/10 09:13:02.322, 2, 99, 20754, 24576, 322.75
2026/08/10 09:13:07.323, 0, 83, 22244, 24576, 309.30
2026/08/10 09:13:07.324, 1, 81, 20734, 24576, 309.25
2026/08/10 09:13:07.324, 2, 83, 20714, 24576, 311.92
2026/08/10 09:13:12.325, 0, 85, 22244, 24576, 341.22
2026/08/10 09:13:12.326, 1, 83, 20734, 24576, 321.57
2026/08/10 09:13:12.326, 2, 83, 20714, 24576, 332.68
2026/08/10 09:13:17.327, 0, 100, 13570, 24576, 309.48
2026/08/10 09:13:17.328, 1, 98, 12942, 24576, 295.50
2026/08/10 09:13:17.328, 2, 98, 12822, 24576, 294.82
2026/08/10 09:13:22.329, 0, 100, 13570, 24576, 332.51
2026/08/10 09:13:22.330, 1, 98, 13322, 24576, 306.24
2026/08/10 09:13:22.330, 2, 98, 12822, 24576, 320.26
2026/08/10 09:13:27.331, 0, 100, 21888, 24576, 319.43
2026/08/10 09:13:27.332, 1, 100, 23596, 24576, 321.93
2026/08/10 09:13:27.333, 2, 100, 22012, 24576, 324.27
2026/08/10 09:13:32.334, 0, 89, 21888, 24576, 317.92
2026/08/10 09:13:32.334, 1, 89, 23596, 24576, 318.99
2026/08/10 09:13:32.335, 2, 89, 22012, 24576, 324.74
2026/08/10 09:13:37.336, 0, 35, 21888, 24576, 294.74
2026/08/10 09:13:37.336, 1, 43, 23596, 24576, 294.22
2026/08/10 09:13:37.337, 2, 32, 22012, 24576, 289.06
2026/08/10 09:13:42.338, 0, 84, 21888, 24576, 338.90
2026/08/10 09:13:42.339, 1, 82, 23596, 24576, 323.70
2026/08/10 09:13:42.339, 2, 84, 22012, 24576, 336.32
2026/08/10 09:13:47.340, 0, 100, 21888, 24576, 339.54
2026/08/10 09:13:47.341, 1, 100, 24156, 24576, 325.99
2026/08/10 09:13:47.342, 2, 98, 23972, 24576, 335.19
2026/08/10 09:13:52.343, 0, 100, 21888, 24576, 338.50
2026/08/10 09:13:52.344, 1, 100, 12862, 24576, 309.37
2026/08/10 09:13:52.344, 2, 100, 13282, 24576, 324.14
2026/08/10 09:13:57.345, 0, 100, 23910, 24576, 340.05
2026/08/10 09:13:57.348, 1, 100, 22552, 24576, 334.68
2026/08/10 09:13:57.349, 2, 100, 23032, 24576, 320.58
2026/08/10 09:14:02.349, 0, 100, 23910, 24576, 340.69
2026/08/10 09:14:02.350, 1, 97, 22552, 24576, 318.27
2026/08/10 09:14:02.350, 2, 98, 23032, 24576, 318.80
2026/08/10 09:14:07.351, 0, 95, 23910, 24576, 330.35
2026/08/10 09:14:07.352, 1, 99, 22552, 24576, 300.60
2026/08/10 09:14:07.353, 2, 98, 23032, 24576, 300.39
2026/08/10 09:14:12.353, 0, 84, 23910, 24576, 337.81
2026/08/10 09:14:12.354, 1, 83, 20532, 24576, 329.13
2026/08/10 09:14:12.355, 2, 84, 23032, 24576, 335.44
2026/08/10 09:14:17.355, 0, 98, 23910, 24576, 206.90
2026/08/10 09:14:17.356, 1, 87, 20532, 24576, 311.27
2026/08/10 09:14:17.357, 2, 83, 23032, 24576, 326.77
2026/08/10 09:14:22.358, 0, 98, 13290, 24576, 336.88
2026/08/10 09:14:22.359, 1, 98, 13062, 24576, 321.99
2026/08/10 09:14:22.359, 2, 97, 13022, 24576, 288.04
2026/08/10 09:14:27.360, 0, 91, 13830, 24576, 178.29
2026/08/10 09:14:27.361, 1, 35, 13682, 24576, 292.62
2026/08/10 09:14:27.362, 2, 82, 13602, 24576, 273.22
2026/08/10 09:14:32.363, 0, 91, 20544, 24576, 282.78
2026/08/10 09:14:32.363, 1, 92, 23216, 24576, 294.33
2026/08/10 09:14:32.364, 2, 93, 23176, 24576, 305.84
2026/08/10 09:14:37.364, 0, 100, 22424, 24576, 261.95
2026/08/10 09:14:37.365, 1, 100, 23216, 24576, 271.79
2026/08/10 09:14:37.365, 2, 90, 23176, 24576, 269.53
2026/08/10 09:14:42.366, 0, 11, 20544, 24576, 247.34
2026/08/10 09:14:42.367, 1, 23, 23216, 24576, 303.55
2026/08/10 09:14:42.368, 2, 81, 23176, 24576, 298.55
2026/08/10 09:14:47.368, 0, 82, 20544, 24576, 338.82
2026/08/10 09:14:47.369, 1, 81, 23216, 24576, 330.85
2026/08/10 09:14:47.370, 2, 86, 23176, 24576, 337.42
2026/08/10 09:14:52.371, 0, 98, 24044, 24576, 339.63
2026/08/10 09:14:52.371, 1, 98, 23936, 24576, 313.35
2026/08/10 09:14:52.372, 2, 98, 23836, 24576, 335.46
2026/08/10 09:14:57.373, 0, 98, 13750, 24576, 339.90
2026/08/10 09:14:57.373, 1, 98, 13262, 24576, 318.33
2026/08/10 09:14:57.374, 2, 98, 12802, 24576, 325.06
2026/08/10 09:15:02.376, 0, 100, 23688, 24576, 328.58
2026/08/10 09:15:02.377, 1, 100, 22872, 24576, 323.15
2026/08/10 09:15:02.377, 2, 100, 22552, 24576, 327.88
2026/08/10 09:15:07.378, 0, 98, 23688, 24576, 330.92
2026/08/10 09:15:07.379, 1, 97, 22872, 24576, 315.55
2026/08/10 09:15:07.379, 2, 93, 20492, 24576, 325.33
2026/08/10 09:15:12.380, 0, 81, 23688, 24576, 332.69
2026/08/10 09:15:12.381, 1, 81, 22872, 24576, 332.85
2026/08/10 09:15:12.382, 2, 81, 20612, 24576, 335.48
2026/08/10 09:15:17.383, 0, 84, 23688, 24576, 340.83
2026/08/10 09:15:17.383, 1, 83, 22872, 24576, 308.97
2026/08/10 09:15:17.384, 2, 83, 20612, 24576, 332.21
2026/08/10 09:15:22.385, 0, 98, 13570, 24576, 321.65
2026/08/10 09:15:22.385, 1, 98, 15982, 24576, 291.21
2026/08/10 09:15:22.386, 2, 98, 13042, 24576, 311.56
2026/08/10 09:15:27.387, 0, 98, 13570, 24576, 336.41
2026/08/10 09:15:27.387, 1, 98, 15958, 24576, 284.14
2026/08/10 09:15:27.388, 2, 98, 13042, 24576, 322.17
2026/08/10 09:15:32.389, 0, 100, 23968, 24576, 339.90
2026/08/10 09:15:32.389, 1, 100, 23056, 24576, 331.15
2026/08/10 09:15:32.390, 2, 100, 23654, 24576, 336.44
2026/08/10 09:15:37.391, 0, 95, 23968, 24576, 296.74
2026/08/10 09:15:37.391, 1, 93, 23054, 24576, 316.94
2026/08/10 09:15:37.392, 2, 95, 23654, 24576, 302.04
2026/08/10 09:15:42.393, 0, 89, 21768, 24576, 306.22
2026/08/10 09:15:42.394, 1, 88, 23056, 24576, 323.65
2026/08/10 09:15:42.394, 2, 89, 21454, 24576, 306.12
2026/08/10 09:15:47.395, 0, 81, 21768, 24576, 337.58
2026/08/10 09:15:47.396, 1, 79, 23056, 24576, 324.75
2026/08/10 09:15:47.396, 2, 75, 21454, 24576, 335.40
2026/08/10 09:15:52.397, 0, 98, 21768, 24576, 340.98
2026/08/10 09:15:52.398, 1, 100, 23056, 24576, 308.99
2026/08/10 09:15:52.398, 2, 98, 21454, 24576, 306.66
2026/08/10 09:15:57.400, 0, 99, 13750, 24576, 300.81
2026/08/10 09:15:57.401, 1, 98, 19196, 24576, 308.00
2026/08/10 09:15:57.402, 2, 99, 22182, 24576, 326.88
2026/08/10 09:16:02.403, 0, 100, 24012, 24576, 325.22
2026/08/10 09:16:02.404, 1, 94, 20612, 24576, 246.72
2026/08/10 09:16:02.404, 2, 97, 21914, 24576, 238.75
2026/08/10 09:16:07.405, 0, 89, 24070, 24576, 340.26
2026/08/10 09:16:07.406, 1, 88, 20670, 24576, 316.27
2026/08/10 09:16:07.407, 2, 89, 21972, 24576, 317.09
2026/08/10 09:16:12.407, 0, 98, 24070, 24576, 341.08
2026/08/10 09:16:12.408, 1, 94, 20410, 24576, 314.37
2026/08/10 09:16:12.409, 2, 93, 20392, 24576, 313.85
2026/08/10 09:16:17.410, 0, 82, 24070, 24576, 338.42
2026/08/10 09:16:17.411, 1, 80, 20670, 24576, 335.72
2026/08/10 09:16:17.411, 2, 79, 21972, 24576, 331.64
2026/08/10 09:16:22.412, 0, 85, 24070, 24576, 339.40
2026/08/10 09:16:22.413, 1, 84, 20670, 24576, 324.08
2026/08/10 09:16:22.413, 2, 81, 21972, 24576, 327.27
2026/08/10 09:16:27.414, 0, 99, 24070, 24576, 334.76
2026/08/10 09:16:27.415, 1, 100, 13322, 24576, 318.75
2026/08/10 09:16:27.415, 2, 98, 15958, 24576, 289.98
2026/08/10 09:16:32.416, 0, 89, 24070, 24576, 308.66
2026/08/10 09:16:32.417, 1, 89, 23534, 24576, 311.60
2026/08/10 09:16:32.417, 2, 96, 20708, 24576, 281.52
2026/08/10 09:16:37.418, 0, 98, 24070, 24576, 324.25
2026/08/10 09:16:37.419, 1, 97, 23534, 24576, 321.05
2026/08/10 09:16:37.419, 2, 98, 22752, 24576, 317.69
2026/08/10 09:16:42.420, 0, 89, 24070, 24576, 326.47
2026/08/10 09:16:42.421, 1, 88, 23534, 24576, 314.47
2026/08/10 09:16:42.421, 2, 89, 22752, 24576, 340.51
2026/08/10 09:16:47.422, 0, 81, 24070, 24576, 336.63
2026/08/10 09:16:47.423, 1, 79, 23534, 24576, 314.90
2026/08/10 09:16:47.423, 2, 81, 22752, 24576, 337.19
2026/08/10 09:16:52.424, 0, 85, 24070, 24576, 338.87
2026/08/10 09:16:52.425, 1, 100, 23534, 24576, 288.34
2026/08/10 09:16:52.425, 2, 98, 22752, 24576, 207.37
2026/08/10 09:16:57.426, 0, 98, 13590, 24576, 337.04
2026/08/10 09:16:57.427, 1, 98, 19522, 24576, 311.07
2026/08/10 09:16:57.427, 2, 98, 22752, 24576, 328.13
2026/08/10 09:17:02.428, 0, 100, 24144, 24576, 322.20
2026/08/10 09:17:02.429, 1, 100, 21824, 24576, 229.24
2026/08/10 09:17:02.429, 2, 100, 21512, 24576, 210.54
2026/08/10 09:17:07.430, 0, 99, 22770, 24576, 339.83
2026/08/10 09:17:07.431, 1, 100, 23112, 24576, 316.13
2026/08/10 09:17:07.431, 2, 100, 22672, 24576, 308.35
2026/08/10 09:17:12.433, 0, 89, 23830, 24576, 334.66
2026/08/10 09:17:12.433, 1, 100, 22692, 24576, 320.96
2026/08/10 09:17:12.434, 2, 89, 22952, 24576, 319.63
2026/08/10 09:17:17.435, 0, 79, 23470, 24576, 334.62
2026/08/10 09:17:17.435, 1, 78, 22692, 24576, 332.89
2026/08/10 09:17:17.436, 2, 77, 22952, 24576, 322.99
2026/08/10 09:17:22.437, 0, 84, 23470, 24576, 339.13
2026/08/10 09:17:22.437, 1, 79, 22692, 24576, 317.21
2026/08/10 09:17:22.438, 2, 84, 22952, 24576, 339.67
2026/08/10 09:17:27.439, 0, 97, 13450, 24576, 311.03
2026/08/10 09:17:27.439, 1, 100, 13062, 24576, 278.44
2026/08/10 09:17:27.440, 2, 98, 12862, 24576, 294.49
2026/08/10 09:17:32.441, 0, 100, 13450, 24576, 325.89
2026/08/10 09:17:32.442, 1, 98, 13062, 24576, 312.97
2026/08/10 09:17:32.442, 2, 97, 12862, 24576, 318.76
2026/08/10 09:17:37.443, 0, 100, 23386, 24576, 310.83
2026/08/10 09:17:37.443, 1, 90, 23996, 24576, 321.49
2026/08/10 09:17:37.444, 2, 89, 22612, 24576, 325.26
2026/08/10 09:17:42.445, 0, 98, 23386, 24576, 313.95
2026/08/10 09:17:42.445, 1, 100, 23996, 24576, 333.15
2026/08/10 09:17:42.446, 2, 100, 22612, 24576, 324.33
2026/08/10 09:17:47.447, 0, 94, 23386, 24576, 299.46
2026/08/10 09:17:47.447, 1, 96, 23996, 24576, 322.97
2026/08/10 09:17:47.448, 2, 95, 22612, 24576, 316.15
2026/08/10 09:17:52.449, 0, 84, 23386, 24576, 338.65
2026/08/10 09:17:52.449, 1, 83, 21776, 24576, 320.77
2026/08/10 09:17:52.450, 2, 85, 20612, 24576, 330.44
2026/08/10 09:17:57.451, 0, 100, 23386, 24576, 220.63
2026/08/10 09:17:57.451, 1, 84, 21776, 24576, 322.37
2026/08/10 09:17:57.452, 2, 85, 20612, 24576, 337.73
2026/08/10 09:18:02.453, 0, 98, 23386, 24576, 338.08
2026/08/10 09:18:02.454, 1, 94, 14182, 24576, 291.28
2026/08/10 09:18:02.454, 2, 98, 13064, 24576, 337.12
2026/08/10 09:18:07.455, 0, 100, 23386, 24576, 189.65
2026/08/10 09:18:07.456, 1, 89, 14136, 24576, 284.94
2026/08/10 09:18:07.456, 2, 92, 13064, 24576, 313.65
2026/08/10 09:18:12.457, 0, 100, 23450, 24576, 331.83
2026/08/10 09:18:12.458, 1, 100, 23156, 24576, 325.17
2026/08/10 09:18:12.458, 2, 100, 23318, 24576, 339.28
2026/08/10 09:18:17.459, 0, 100, 23450, 24576, 312.77
2026/08/10 09:18:17.460, 1, 99, 23156, 24576, 313.48
2026/08/10 09:18:17.461, 2, 95, 23318, 24576, 326.15
2026/08/10 09:18:22.461, 0, 54, 23450, 24576, 300.55
2026/08/10 09:18:22.463, 1, 100, 23156, 24576, 328.14
2026/08/10 09:18:22.463, 2, 100, 23318, 24576, 320.76
2026/08/10 09:18:27.464, 0, 86, 23450, 24576, 339.88
2026/08/10 09:18:27.465, 1, 83, 23156, 24576, 321.77
2026/08/10 09:18:27.466, 2, 85, 23318, 24576, 323.44
2026/08/10 09:18:32.466, 0, 98, 23810, 24576, 339.52
2026/08/10 09:18:32.467, 1, 98, 23256, 24576, 336.66
2026/08/10 09:18:32.467, 2, 98, 24038, 24576, 323.70
2026/08/10 09:18:37.469, 0, 99, 13450, 24576, 340.11
2026/08/10 09:18:37.469, 1, 96, 13636, 24576, 292.04
2026/08/10 09:18:37.470, 2, 100, 13042, 24576, 321.52
2026/08/10 09:18:42.470, 0, 97, 21808, 24576, 321.26
2026/08/10 09:18:42.471, 1, 91, 19948, 24576, 298.97
2026/08/10 09:18:42.471, 2, 91, 21374, 24576, 322.00
2026/08/10 09:18:47.472, 0, 100, 21808, 24576, 327.48
2026/08/10 09:18:47.473, 1, 100, 19948, 24576, 323.11
2026/08/10 09:18:47.474, 2, 100, 21374, 24576, 320.93
2026/08/10 09:18:52.475, 0, 39, 21808, 24576, 303.59
2026/08/10 09:18:52.476, 1, 39, 19948, 24576, 301.76
2026/08/10 09:18:52.476, 2, 100, 21374, 24576, 313.19
2026/08/10 09:18:57.477, 0, 84, 21808, 24576, 340.76
2026/08/10 09:18:57.478, 1, 82, 19948, 24576, 334.98
2026/08/10 09:18:57.478, 2, 85, 21374, 24576, 332.19
2026/08/10 09:19:02.479, 0, 98, 23968, 24576, 335.70
2026/08/10 09:19:02.479, 1, 100, 24108, 24576, 314.52
2026/08/10 09:19:02.480, 2, 100, 23594, 24576, 325.02
2026/08/10 09:19:07.481, 0, 98, 14410, 24576, 304.12
2026/08/10 09:19:07.481, 1, 98, 12862, 24576, 323.91
2026/08/10 09:19:07.482, 2, 98, 22738, 24576, 329.14
2026/08/10 09:19:12.482, 0, 98, 20644, 24576, 303.37
2026/08/10 09:19:12.483, 1, 98, 22052, 24576, 310.34
2026/08/10 09:19:12.484, 2, 91, 23114, 24576, 313.06
2026/08/10 09:19:17.485, 0, 100, 20644, 24576, 296.91
2026/08/10 09:19:17.485, 1, 100, 22052, 24576, 317.84
2026/08/10 09:19:17.486, 2, 78, 23114, 24576, 307.64
2026/08/10 09:19:22.487, 0, 100, 20644, 24576, 300.41
2026/08/10 09:19:22.488, 1, 100, 22052, 24576, 325.45
2026/08/10 09:19:22.489, 2, 94, 23114, 24576, 327.04
2026/08/10 09:19:27.489, 0, 84, 22644, 24576, 338.77
2026/08/10 09:19:27.490, 1, 82, 22052, 24576, 335.12
2026/08/10 09:19:27.490, 2, 84, 23114, 24576, 336.36
2026/08/10 09:19:32.492, 0, 98, 22644, 24576, 270.21
2026/08/10 09:19:32.493, 1, 98, 22052, 24576, 321.31
2026/08/10 09:19:32.493, 2, 98, 23114, 24576, 260.27
2026/08/10 09:19:37.494, 0, 99, 23590, 24576, 338.48
2026/08/10 09:19:37.495, 1, 98, 23362, 24576, 315.17
2026/08/10 09:19:37.495, 2, 98, 23114, 24576, 321.49
2026/08/10 09:19:42.496, 0, 100, 23946, 24576, 320.25
2026/08/10 09:19:42.497, 1, 100, 23854, 24576, 309.28
2026/08/10 09:19:42.498, 2, 97, 23832, 24576, 307.82
2026/08/10 09:19:47.498, 0, 98, 22426, 24576, 318.15
2026/08/10 09:19:47.499, 1, 96, 22294, 24576, 326.57
2026/08/10 09:19:47.500, 2, 93, 22452, 24576, 308.12
2026/08/10 09:19:52.501, 0, 94, 20806, 24576, 317.47
2026/08/10 09:19:52.501, 1, 95, 20594, 24576, 316.58
2026/08/10 09:19:52.502, 2, 91, 20792, 24576, 300.21
2026/08/10 09:19:57.503, 0, 84, 22906, 24576, 339.58
2026/08/10 09:19:57.504, 1, 79, 23174, 24576, 324.98
2026/08/10 09:19:57.504, 2, 84, 21852, 24576, 336.00
2026/08/10 09:20:02.505, 0, 100, 22906, 24576, 216.16
2026/08/10 09:20:02.505, 1, 100, 23174, 24576, 312.67
2026/08/10 09:20:02.506, 2, 98, 21852, 24576, 272.74
2026/08/10 09:20:07.507, 0, 100, 17890, 24576, 298.83
2026/08/10 09:20:07.507, 1, 100, 13322, 24576, 312.19
2026/08/10 09:20:07.508, 2, 98, 21852, 24576, 318.80
2026/08/10 09:20:12.509, 0, 97, 23088, 24576, 329.28
2026/08/10 09:20:12.509, 1, 97, 23554, 24576, 326.54
2026/08/10 09:20:12.510, 2, 96, 22774, 24576, 325.21
2026/08/10 09:20:17.511, 0, 100, 23088, 24576, 347.47
2026/08/10 09:20:17.512, 1, 100, 23554, 24576, 329.34
2026/08/10 09:20:17.512, 2, 88, 22774, 24576, 337.33
2026/08/10 09:20:22.513, 0, 94, 21168, 24576, 332.08
2026/08/10 09:20:22.514, 1, 97, 23554, 24576, 321.74
2026/08/10 09:20:22.514, 2, 92, 20694, 24576, 321.64
2026/08/10 09:20:27.515, 0, 85, 23088, 24576, 339.27
2026/08/10 09:20:27.516, 1, 81, 23554, 24576, 322.18
2026/08/10 09:20:27.516, 2, 86, 22774, 24576, 336.81
2026/08/10 09:20:32.517, 0, 98, 23088, 24576, 289.43
2026/08/10 09:20:32.518, 1, 100, 23554, 24576, 268.86
2026/08/10 09:20:32.519, 2, 100, 22774, 24576, 340.72
2026/08/10 09:20:37.519, 0, 98, 23450, 24576, 336.79
2026/08/10 09:20:37.520, 1, 98, 19276, 24576, 322.01
2026/08/10 09:20:37.521, 2, 100, 13022, 24576, 337.20
2026/08/10 09:20:42.522, 0, 93, 21626, 24576, 314.68
2026/08/10 09:20:42.522, 1, 100, 21970, 24576, 319.91
2026/08/10 09:20:42.523, 2, 100, 23334, 24576, 316.76
2026/08/10 09:20:47.524, 0, 94, 21626, 24576, 324.70
2026/08/10 09:20:47.524, 1, 97, 21670, 24576, 309.39
2026/08/10 09:20:47.525, 2, 100, 22994, 24576, 322.53
2026/08/10 09:20:52.526, 0, 100, 21626, 24576, 326.87
2026/08/10 09:20:52.526, 1, 100, 21670, 24576, 319.34
2026/08/10 09:20:52.527, 2, 100, 22994, 24576, 332.38
2026/08/10 09:20:57.528, 0, 82, 21626, 24576, 337.43
2026/08/10 09:20:57.528, 1, 83, 21670, 24576, 323.60
2026/08/10 09:20:57.529, 2, 81, 22994, 24576, 334.89
2026/08/10 09:21:02.530, 0, 83, 21626, 24576, 333.96
2026/08/10 09:21:02.530, 1, 85, 21670, 24576, 319.24
2026/08/10 09:21:02.531, 2, 100, 22994, 24576, 183.90
2026/08/10 09:21:07.532, 0, 99, 13550, 24576, 339.76
2026/08/10 09:21:07.532, 1, 98, 13002, 24576, 312.34
2026/08/10 09:21:07.533, 2, 99, 13060, 24576, 338.87
2026/08/10 09:21:12.534, 0, 100, 23088, 24576, 324.10
2026/08/10 09:21:12.534, 1, 100, 21494, 24576, 309.67
2026/08/10 09:21:12.535, 2, 89, 21648, 24576, 325.49
2026/08/10 09:21:17.536, 0, 89, 23088, 24576, 330.56
2026/08/10 09:21:17.537, 1, 88, 21494, 24576, 309.64
2026/08/10 09:21:17.537, 2, 100, 21648, 24576, 302.83
2026/08/10 09:21:22.538, 0, 95, 23088, 24576, 315.20
2026/08/10 09:21:22.538, 1, 96, 23654, 24576, 314.11
2026/08/10 09:21:22.539, 2, 97, 21648, 24576, 284.62
2026/08/10 09:21:27.540, 0, 85, 23088, 24576, 337.75
2026/08/10 09:21:27.540, 1, 82, 21494, 24576, 319.80
2026/08/10 09:21:27.541, 2, 84, 21648, 24576, 331.75
2026/08/10 09:21:32.542, 0, 100, 23088, 24576, 274.20
2026/08/10 09:21:32.543, 1, 100, 21494, 24576, 317.19
2026/08/10 09:21:32.544, 2, 100, 21648, 24576, 289.79
2026/08/10 09:21:37.544, 0, 98, 13450, 24576, 338.80
2026/08/10 09:21:37.545, 1, 100, 21322, 24576, 307.59
2026/08/10 09:21:37.546, 2, 100, 20242, 24576, 337.16
2026/08/10 09:21:42.546, 0, 89, 23486, 24576, 307.23
2026/08/10 09:21:42.547, 1, 93, 22854, 24576, 325.28
2026/08/10 09:21:42.547, 2, 97, 22632, 24576, 324.13
2026/08/10 09:21:47.548, 0, 89, 23486, 24576, 324.97
2026/08/10 09:21:47.549, 1, 100, 22854, 24576, 334.03
2026/08/10 09:21:47.549, 2, 100, 22632, 24576, 338.65
2026/08/10 09:21:52.551, 0, 100, 23486, 24576, 327.31
2026/08/10 09:21:52.551, 1, 100, 22854, 24576, 337.14
2026/08/10 09:21:52.551, 2, 89, 22632, 24576, 340.02
2026/08/10 09:21:57.552, 0, 84, 23486, 24576, 337.32
2026/08/10 09:21:57.553, 1, 82, 22854, 24576, 314.92
2026/08/10 09:21:57.554, 2, 84, 22632, 24576, 337.74
2026/08/10 09:22:02.554, 0, 86, 23486, 24576, 341.80
2026/08/10 09:22:02.555, 1, 100, 22854, 24576, 273.77
2026/08/10 09:22:02.556, 2, 100, 22632, 24576, 279.74
2026/08/10 09:22:07.556, 0, 98, 13570, 24576, 339.96
2026/08/10 09:22:07.557, 1, 98, 22854, 24576, 310.20
2026/08/10 09:22:07.557, 2, 98, 16742, 24576, 318.02
2026/08/10 09:22:12.558, 0, 100, 21768, 24576, 331.60
2026/08/10 09:22:12.559, 1, 100, 20130, 24576, 317.52
2026/08/10 09:22:12.560, 2, 97, 20214, 24576, 317.87
2026/08/10 09:22:17.561, 0, 100, 21768, 24576, 316.37
2026/08/10 09:22:17.561, 1, 99, 20532, 24576, 302.29
2026/08/10 09:22:17.562, 2, 96, 23534, 24576, 307.09
2026/08/10 09:22:22.562, 0, 96, 21768, 24576, 315.73
2026/08/10 09:22:22.563, 1, 93, 20532, 24576, 298.26
2026/08/10 09:22:22.564, 2, 94, 23534, 24576, 308.09
2026/08/10 09:22:27.564, 0, 84, 21768, 24576, 337.80
2026/08/10 09:22:27.565, 1, 79, 20532, 24576, 334.35
2026/08/10 09:22:27.566, 2, 81, 23534, 24576, 335.80
2026/08/10 09:22:32.567, 0, 83, 21768, 24576, 340.43
2026/08/10 09:22:32.568, 1, 79, 20532, 24576, 322.70
2026/08/10 09:22:32.568, 2, 82, 23534, 24576, 328.02
2026/08/10 09:22:37.569, 0, 97, 13690, 24576, 340.33
2026/08/10 09:22:37.569, 1, 98, 20532, 24576, 307.94
2026/08/10 09:22:37.570, 2, 83, 14258, 24576, 281.73
2026/08/10 09:22:42.571, 0, 94, 23612, 24576, 265.56
2026/08/10 09:22:42.571, 1, 100, 22532, 24576, 269.16
2026/08/10 09:22:42.572, 2, 92, 22174, 24576, 252.11
2026/08/10 09:22:47.573, 0, 100, 23668, 24576, 335.94
2026/08/10 09:22:47.573, 1, 92, 22212, 24576, 315.54
2026/08/10 09:22:47.574, 2, 94, 22232, 24576, 316.92
2026/08/10 09:22:52.575, 0, 100, 23668, 24576, 343.99
2026/08/10 09:22:52.575, 1, 95, 22212, 24576, 325.28
2026/08/10 09:22:52.576, 2, 98, 22232, 24576, 323.22
2026/08/10 09:22:57.577, 0, 83, 21728, 24576, 337.95
2026/08/10 09:22:57.580, 1, 83, 22212, 24576, 334.58
2026/08/10 09:22:57.581, 2, 76, 22232, 24576, 317.89
2026/08/10 09:23:02.582, 0, 83, 21728, 24576, 341.64
2026/08/10 09:23:02.582, 1, 81, 22212, 24576, 323.60
2026/08/10 09:23:02.583, 2, 84, 22232, 24576, 337.07
2026/08/10 09:23:07.584, 0, 99, 13590, 24576, 342.02
2026/08/10 09:23:07.584, 1, 98, 13064, 24576, 290.65
2026/08/10 09:23:07.585, 2, 98, 13002, 24576, 299.99
2026/08/10 09:23:12.585, 0, 98, 13590, 24576, 339.27
2026/08/10 09:23:12.586, 1, 100, 13064, 24576, 312.26
2026/08/10 09:23:12.586, 2, 98, 13022, 24576, 309.27
2026/08/10 09:23:17.587, 0, 100, 22028, 24576, 318.99
2026/08/10 09:23:17.588, 1, 100, 21936, 24576, 309.18
2026/08/10 09:23:17.591, 2, 88, 21556, 24576, 320.97
2026/08/10 09:23:22.592, 0, 89, 22028, 24576, 308.05
2026/08/10 09:23:22.593, 1, 90, 21936, 24576, 316.49
2026/08/10 09:23:22.593, 2, 100, 21556, 24576, 321.57
2026/08/10 09:23:27.594, 0, 100, 24228, 24576, 324.82
2026/08/10 09:23:27.594, 1, 100, 24156, 24576, 327.09
2026/08/10 09:23:27.595, 2, 81, 23716, 24576, 331.33
2026/08/10 09:23:32.596, 0, 85, 22028, 24576, 340.35
2026/08/10 09:23:32.596, 1, 84, 21936, 24576, 315.55
2026/08/10 09:23:32.597, 2, 84, 21556, 24576, 336.47
2026/08/10 09:23:37.598, 0, 98, 22028, 24576, 294.96
2026/08/10 09:23:37.598, 1, 98, 21936, 24576, 300.23
2026/08/10 09:23:37.599, 2, 98, 21556, 24576, 326.83
2026/08/10 09:23:42.600, 0, 100, 23870, 24576, 340.79
2026/08/10 09:23:42.600, 1, 98, 21936, 24576, 309.11
2026/08/10 09:23:42.601, 2, 100, 13064, 24576, 335.06
2026/08/10 09:23:47.602, 0, 100, 20852, 24576, 276.26
2026/08/10 09:23:47.602, 1, 88, 23696, 24576, 296.40
2026/08/10 09:23:47.603, 2, 100, 23520, 24576, 317.10
2026/08/10 09:23:52.604, 0, 100, 20906, 24576, 301.08
2026/08/10 09:23:52.605, 1, 100, 23676, 24576, 335.17
2026/08/10 09:23:52.605, 2, 95, 23916, 24576, 341.96
2026/08/10 09:23:57.606, 0, 90, 20906, 24576, 293.27
2026/08/10 09:23:57.607, 1, 95, 23676, 24576, 319.84
2026/08/10 09:23:57.607, 2, 96, 23916, 24576, 325.06
2026/08/10 09:24:02.608, 0, 82, 22906, 24576, 339.12
2026/08/10 09:24:02.609, 1, 81, 21476, 24576, 325.56
2026/08/10 09:24:02.609, 2, 83, 21716, 24576, 335.14
2026/08/10 09:24:07.610, 0, 86, 22906, 24576, 341.81
2026/08/10 09:24:07.611, 1, 83, 21476, 24576, 324.11
2026/08/10 09:24:07.611, 2, 86, 21716, 24576, 328.32
2026/08/10 09:24:12.612, 0, 98, 13572, 24576, 340.59
2026/08/10 09:24:12.612, 1, 98, 21476, 24576, 296.36
2026/08/10 09:24:12.613, 2, 98, 21266, 24576, 335.97
2026/08/10 09:24:17.614, 0, 100, 13572, 24576, 284.07
2026/08/10 09:24:17.615, 1, 100, 21476, 24576, 207.98
2026/08/10 09:24:17.615, 2, 98, 13338, 24576, 325.68
2026/08/10 09:24:22.616, 0, 89, 21848, 24576, 317.86
2026/08/10 09:24:22.616, 1, 94, 22052, 24576, 325.13
2026/08/10 09:24:22.617, 2, 100, 23674, 24576, 326.69
2026/08/10 09:24:27.618, 0, 97, 24048, 24576, 318.95
2026/08/10 09:24:27.618, 1, 93, 20912, 24576, 321.79
2026/08/10 09:24:27.619, 2, 97, 23674, 24576, 327.30
2026/08/10 09:24:32.620, 0, 24, 21848, 24576, 270.61
2026/08/10 09:24:32.621, 1, 52, 21292, 24576, 289.86
2026/08/10 09:24:32.621, 2, 32, 23674, 24576, 275.17
2026/08/10 09:24:37.622, 0, 85, 21848, 24576, 339.43
2026/08/10 09:24:37.622, 1, 82, 21292, 24576, 325.84
2026/08/10 09:24:37.623, 2, 85, 23674, 24576, 332.19
2026/08/10 09:24:42.624, 0, 100, 21848, 24576, 335.26
2026/08/10 09:24:42.625, 1, 92, 16312, 24576, 291.87
2026/08/10 09:24:42.625, 2, 89, 14274, 24576, 294.39
2026/08/10 09:24:47.626, 0, 100, 21848, 24576, 338.32
2026/08/10 09:24:47.627, 1, 98, 13936, 24576, 297.95
2026/08/10 09:24:47.627, 2, 98, 13042, 24576, 321.02
2026/08/10 09:24:52.629, 0, 100, 23310, 24576, 338.48
2026/08/10 09:24:52.629, 1, 99, 20370, 24576, 298.49
2026/08/10 09:24:52.630, 2, 89, 23594, 24576, 339.05
2026/08/10 09:24:57.630, 0, 100, 23310, 24576, 340.11
2026/08/10 09:24:57.631, 1, 100, 20370, 24576, 298.60
2026/08/10 09:24:57.631, 2, 100, 23594, 24576, 342.06
2026/08/10 09:25:02.632, 0, 98, 23310, 24576, 329.25
2026/08/10 09:25:02.633, 1, 94, 20370, 24576, 300.82
2026/08/10 09:25:02.633, 2, 100, 23594, 24576, 331.19
2026/08/10 09:25:07.634, 0, 84, 23310, 24576, 337.68
2026/08/10 09:25:07.634, 1, 81, 22430, 24576, 335.17
2026/08/10 09:25:07.635, 2, 85, 21374, 24576, 338.07
2026/08/10 09:25:12.636, 0, 98, 23310, 24576, 320.04
2026/08/10 09:25:12.637, 1, 100, 22430, 24576, 315.67
2026/08/10 09:25:12.638, 2, 98, 21374, 24576, 325.96
2026/08/10 09:25:17.638, 0, 98, 13970, 24576, 307.30
2026/08/10 09:25:17.639, 1, 98, 13042, 24576, 304.71
2026/08/10 09:25:17.639, 2, 98, 21374, 24576, 320.12
2026/08/10 09:25:22.641, 0, 94, 24146, 24576, 325.33
2026/08/10 09:25:22.641, 1, 93, 23010, 24576, 235.33
2026/08/10 09:25:22.642, 2, 93, 23454, 24576, 244.33
2026/08/10 09:25:27.642, 0, 92, 23668, 24576, 337.96
2026/08/10 09:25:27.643, 1, 88, 21214, 24576, 312.99
2026/08/10 09:25:27.643, 2, 89, 21616, 24576, 300.21
2026/08/10 09:25:32.644, 0, 100, 23288, 24576, 336.12
2026/08/10 09:25:32.645, 1, 100, 20834, 24576, 313.17
2026/08/10 09:25:32.645, 2, 100, 21616, 24576, 322.29
2026/08/10 09:25:37.646, 0, 83, 23288, 24576, 333.50
2026/08/10 09:25:37.646, 1, 80, 20834, 24576, 330.29
2026/08/10 09:25:37.647, 2, 83, 21616, 24576, 329.22
2026/08/10 09:25:42.648, 0, 83, 23288, 24576, 339.51
2026/08/10 09:25:42.649, 1, 81, 20834, 24576, 311.77
2026/08/10 09:25:42.649, 2, 82, 21616, 24576, 328.28
2026/08/10 09:25:47.650, 0, 98, 13530, 24576, 341.20
2026/08/10 09:25:47.651, 1, 97, 14002, 24576, 303.65
2026/08/10 09:25:47.651, 2, 100, 21616, 24576, 319.69
2026/08/10 09:25:52.652, 0, 100, 13530, 24576, 326.78
2026/08/10 09:25:52.653, 1, 97, 13978, 24576, 296.69
2026/08/10 09:25:52.653, 2, 98, 21616, 24576, 314.16
2026/08/10 09:25:57.654, 0, 100, 21928, 24576, 321.47
2026/08/10 09:25:57.655, 1, 100, 21794, 24576, 312.86
2026/08/10 09:25:57.655, 2, 100, 21514, 24576, 327.32
2026/08/10 09:26:02.656, 0, 100, 21928, 24576, 315.58
2026/08/10 09:26:02.657, 1, 100, 20274, 24576, 305.10
2026/08/10 09:26:02.657, 2, 97, 21334, 24576, 307.18
2026/08/10 09:26:07.658, 0, 83, 21928, 24576, 302.94
2026/08/10 09:26:07.659, 1, 80, 23114, 24576, 311.77
2026/08/10 09:26:07.660, 2, 83, 21394, 24576, 297.93
2026/08/10 09:26:12.661, 0, 83, 21928, 24576, 338.55
2026/08/10 09:26:12.662, 1, 83, 23114, 24576, 314.38
2026/08/10 09:26:12.662, 2, 84, 21394, 24576, 326.92
2026/08/10 09:26:17.663, 0, 98, 16230, 24576, 299.40
2026/08/10 09:26:17.664, 1, 92, 13994, 24576, 288.59
2026/08/10 09:26:17.664, 2, 95, 12880, 24576, 295.68
2026/08/10 09:26:22.665, 0, 98, 19710, 24576, 300.67
2026/08/10 09:26:22.666, 1, 100, 13064, 24576, 303.85
2026/08/10 09:26:22.666, 2, 99, 13260, 24576, 317.73
2026/08/10 09:26:27.667, 0, 100, 23888, 24576, 300.34
2026/08/10 09:26:27.667, 1, 97, 24016, 24576, 310.06
2026/08/10 09:26:27.668, 2, 97, 22330, 24576, 292.05
2026/08/10 09:26:32.669, 0, 100, 23888, 24576, 315.38
2026/08/10 09:26:32.669, 1, 89, 21796, 24576, 311.00
2026/08/10 09:26:32.670, 2, 100, 22330, 24576, 283.58
2026/08/10 09:26:37.672, 0, 89, 23888, 24576, 330.13
2026/08/10 09:26:37.672, 1, 100, 21796, 24576, 309.43
2026/08/10 09:26:37.673, 2, 89, 22330, 24576, 307.51
2026/08/10 09:26:42.673, 0, 83, 23888, 24576, 336.67
2026/08/10 09:26:42.674, 1, 84, 21796, 24576, 319.04
2026/08/10 09:26:42.674, 2, 83, 22330, 24576, 332.86
2026/08/10 09:26:47.675, 0, 85, 23888, 24576, 341.52
2026/08/10 09:26:47.676, 1, 100, 21796, 24576, 268.45
2026/08/10 09:26:47.677, 2, 84, 22330, 24576, 305.92
2026/08/10 09:26:52.677, 0, 98, 13390, 24576, 335.07
2026/08/10 09:26:52.678, 1, 98, 12862, 24576, 306.89
2026/08/10 09:26:52.678, 2, 98, 13042, 24576, 337.63
2026/08/10 09:26:57.679, 0, 100, 21148, 24576, 327.16
2026/08/10 09:26:57.680, 1, 100, 20692, 24576, 320.62
2026/08/10 09:26:57.680, 2, 100, 20834, 24576, 323.82
2026/08/10 09:27:02.681, 0, 87, 21488, 24576, 325.78
2026/08/10 09:27:02.682, 1, 82, 20692, 24576, 318.86
2026/08/10 09:27:02.683, 2, 86, 21214, 24576, 323.31
2026/08/10 09:27:07.683, 0, 94, 23148, 24576, 321.40
2026/08/10 09:27:07.684, 1, 95, 22692, 24576, 312.90
2026/08/10 09:27:07.685, 2, 94, 23054, 24576, 324.53
2026/08/10 09:27:12.686, 0, 82, 21148, 24576, 338.73
2026/08/10 09:27:12.686, 1, 81, 20692, 24576, 323.14
2026/08/10 09:27:12.687, 2, 83, 20834, 24576, 275.28
2026/08/10 09:27:17.687, 0, 100, 21148, 24576, 195.87
2026/08/10 09:27:17.688, 1, 100, 20692, 24576, 287.66
2026/08/10 09:27:17.689, 2, 75, 20834, 24576, 338.86
2026/08/10 09:27:22.689, 0, 99, 21148, 24576, 338.93
2026/08/10 09:27:22.690, 1, 98, 21462, 24576, 309.20
2026/08/10 09:27:22.690, 2, 100, 15902, 24576, 301.30
2026/08/10 09:27:27.691, 0, 89, 22888, 24576, 317.36
2026/08/10 09:27:27.692, 1, 100, 21828, 24576, 289.99
2026/08/10 09:27:27.692, 2, 100, 22888, 24576, 308.59
2026/08/10 09:27:32.693, 0, 100, 23246, 24576, 326.45
2026/08/10 09:27:32.698, 1, 88, 21830, 24576, 319.04
2026/08/10 09:27:32.698, 2, 88, 22914, 24576, 328.28
2026/08/10 09:27:37.699, 0, 94, 22086, 24576, 315.61
2026/08/10 09:27:37.700, 1, 88, 22390, 24576, 319.49
2026/08/10 09:27:37.700, 2, 89, 22014, 24576, 325.30
2026/08/10 09:27:42.702, 0, 84, 23246, 24576, 338.10
2026/08/10 09:27:42.702, 1, 83, 21830, 24576, 334.77
2026/08/10 09:27:42.703, 2, 82, 22914, 24576, 334.98
2026/08/10 09:27:47.704, 0, 84, 23246, 24576, 341.62
2026/08/10 09:27:47.704, 1, 81, 21830, 24576, 319.36
2026/08/10 09:27:47.708, 2, 83, 22914, 24576, 323.46
2026/08/10 09:27:52.709, 0, 98, 13590, 24576, 337.67
2026/08/10 09:27:52.710, 1, 98, 13002, 24576, 316.07
2026/08/10 09:27:52.710, 2, 98, 23622, 24576, 321.60
2026/08/10 09:27:57.712, 0, 98, 13590, 24576, 339.50
2026/08/10 09:27:57.712, 1, 100, 13002, 24576, 301.13
2026/08/10 09:27:57.713, 2, 98, 13462, 24576, 325.71
2026/08/10 09:28:02.714, 0, 94, 23450, 24576, 324.69
2026/08/10 09:28:02.714, 1, 98, 22676, 24576, 327.70
2026/08/10 09:28:02.715, 2, 96, 23836, 24576, 321.76
2026/08/10 09:28:07.715, 0, 100, 23830, 24576, 340.99
2026/08/10 09:28:07.716, 1, 100, 21596, 24576, 312.97
2026/08/10 09:28:07.716, 2, 88, 21636, 24576, 322.63
2026/08/10 09:28:12.717, 0, 90, 23450, 24576, 330.21
2026/08/10 09:28:12.718, 1, 81, 21596, 24576, 310.81
2026/08/10 09:28:12.718, 2, 100, 21636, 24576, 322.39
2026/08/10 09:28:17.719, 0, 84, 23450, 24576, 340.18
2026/08/10 09:28:17.720, 1, 80, 21596, 24576, 319.11
2026/08/10 09:28:17.721, 2, 79, 21636, 24576, 326.92
2026/08/10 09:28:22.722, 0, 89, 13470, 24576, 299.14
2026/08/10 09:28:22.722, 1, 98, 23996, 24576, 314.28
2026/08/10 09:28:22.723, 2, 97, 22116, 24576, 318.21
2026/08/10 09:28:27.726, 0, 98, 13490, 24576, 337.98
2026/08/10 09:28:27.726, 1, 98, 13978, 24576, 291.11
2026/08/10 09:28:27.727, 2, 100, 13302, 24576, 319.04
2026/08/10 09:28:32.727, 0, 89, 22866, 24576, 336.12
2026/08/10 09:28:32.728, 1, 92, 23174, 24576, 328.52
2026/08/10 09:28:32.728, 2, 89, 22812, 24576, 321.67
2026/08/10 09:28:37.729, 0, 100, 22866, 24576, 332.78
2026/08/10 09:28:37.730, 1, 88, 23174, 24576, 320.29
2026/08/10 09:28:37.730, 2, 100, 22812, 24576, 321.95
2026/08/10 09:28:42.731, 0, 28, 22866, 24576, 289.95
2026/08/10 09:28:42.732, 1, 38, 23174, 24576, 309.16
2026/08/10 09:28:42.733, 2, 25, 22812, 24576, 283.66
2026/08/10 09:28:47.733, 0, 86, 22866, 24576, 339.10
2026/08/10 09:28:47.734, 1, 82, 23174, 24576, 315.64
2026/08/10 09:28:47.734, 2, 85, 22812, 24576, 337.32
2026/08/10 09:28:52.735, 0, 100, 23906, 24576, 340.06
2026/08/10 09:28:52.736, 1, 98, 23874, 24576, 310.33
2026/08/10 09:28:52.736, 2, 100, 23912, 24576, 337.27
2026/08/10 09:28:57.737, 0, 100, 13590, 24576, 339.69
2026/08/10 09:28:57.738, 1, 98, 13282, 24576, 312.50
2026/08/10 09:28:57.738, 2, 98, 13062, 24576, 319.62
2026/08/10 09:29:02.739, 0, 87, 24072, 24576, 331.05
2026/08/10 09:29:02.740, 1, 100, 22972, 24576, 314.43
2026/08/10 09:29:02.740, 2, 100, 21514, 24576, 319.41
2026/08/10 09:29:07.741, 0, 100, 24072, 24576, 341.30
2026/08/10 09:29:07.742, 1, 89, 22972, 24576, 315.04
2026/08/10 09:29:07.742, 2, 100, 21514, 24576, 310.13
2026/08/10 09:29:12.743, 0, 96, 24072, 24576, 330.35
2026/08/10 09:29:12.744, 1, 100, 22972, 24576, 317.00
2026/08/10 09:29:12.744, 2, 97, 21514, 24576, 308.43
2026/08/10 09:29:17.745, 0, 85, 24072, 24576, 338.17
2026/08/10 09:29:17.746, 1, 83, 22972, 24576, 334.45
2026/08/10 09:29:17.746, 2, 83, 21514, 24576, 335.63
2026/08/10 09:29:22.748, 0, 89, 24072, 24576, 315.16
2026/08/10 09:29:22.748, 1, 74, 22972, 24576, 318.08
2026/08/10 09:29:22.749, 2, 86, 21514, 24576, 320.95
2026/08/10 09:29:27.749, 0, 98, 13850, 24576, 338.12
2026/08/10 09:29:27.750, 1, 98, 15736, 24576, 282.33
2026/08/10 09:29:27.750, 2, 98, 21500, 24576, 316.82
2026/08/10 09:29:32.751, 0, 100, 23104, 24576, 311.36
2026/08/10 09:29:32.752, 1, 91, 22512, 24576, 308.11
2026/08/10 09:29:32.752, 2, 89, 20330, 24576, 292.57
2026/08/10 09:29:37.753, 0, 100, 23104, 24576, 286.01
2026/08/10 09:29:37.754, 1, 86, 22214, 24576, 297.52
2026/08/10 09:29:37.755, 2, 100, 20330, 24576, 289.25
2026/08/10 09:29:42.755, 0, 100, 23104, 24576, 290.31
2026/08/10 09:29:42.756, 1, 88, 22214, 24576, 308.02
2026/08/10 09:29:42.756, 2, 100, 20330, 24576, 297.55
2026/08/10 09:29:47.757, 0, 83, 23104, 24576, 335.97
2026/08/10 09:29:47.758, 1, 79, 22214, 24576, 320.06
2026/08/10 09:29:47.758, 2, 83, 22430, 24576, 330.24
2026/08/10 09:29:52.760, 0, 86, 23104, 24576, 341.11
2026/08/10 09:29:52.760, 1, 84, 22214, 24576, 314.24
2026/08/10 09:29:52.761, 2, 85, 22430, 24576, 338.03
2026/08/10 09:29:57.761, 0, 98, 23104, 24576, 338.90
2026/08/10 09:29:57.762, 1, 99, 21282, 24576, 305.36
2026/08/10 09:29:57.763, 2, 98, 13042, 24576, 336.83
2026/08/10 09:30:02.763, 0, 100, 23104, 24576, 192.98
2026/08/10 09:30:02.764, 1, 22, 17124, 24576, 267.68
2026/08/10 09:30:02.765, 2, 87, 17266, 24576, 210.13
2026/08/10 09:30:07.766, 0, 89, 23088, 24576, 331.54
2026/08/10 09:30:07.767, 1, 100, 22412, 24576, 319.61
2026/08/10 09:30:07.767, 2, 89, 21012, 24576, 312.43
2026/08/10 09:30:12.768, 0, 98, 23088, 24576, 315.46
2026/08/10 09:30:12.768, 1, 96, 19772, 24576, 304.54
2026/08/10 09:30:12.769, 2, 93, 22872, 24576, 311.62
2026/08/10 09:30:17.770, 0, 81, 23088, 24576, 336.37
2026/08/10 09:30:17.771, 1, 82, 22412, 24576, 334.67
2026/08/10 09:30:17.771, 2, 81, 20632, 24576, 335.50
2026/08/10 09:30:22.772, 0, 84, 23088, 24576, 340.43
2026/08/10 09:30:22.772, 1, 81, 22412, 24576, 318.95
2026/08/10 09:30:22.773, 2, 84, 20632, 24576, 338.07
2026/08/10 09:30:27.774, 0, 98, 23632, 24576, 336.33
2026/08/10 09:30:27.774, 1, 100, 13242, 24576, 320.63
2026/08/10 09:30:27.775, 2, 98, 24242, 24576, 334.61
2026/08/10 09:30:32.776, 0, 98, 13872, 24576, 336.85
2026/08/10 09:30:32.777, 1, 100, 13242, 24576, 236.39
2026/08/10 09:30:32.777, 2, 96, 15898, 24576, 279.93
2026/08/10 09:30:37.778, 0, 100, 23468, 24576, 333.27
2026/08/10 09:30:37.778, 1, 100, 23134, 24576, 319.42
2026/08/10 09:30:37.779, 2, 100, 20552, 24576, 299.20
2026/08/10 09:30:42.780, 0, 91, 23468, 24576, 318.89
2026/08/10 09:30:42.781, 1, 97, 23134, 24576, 320.84
2026/08/10 09:30:42.781, 2, 91, 20552, 24576, 295.56
2026/08/10 09:30:47.782, 0, 2, 23468, 24576, 291.08
2026/08/10 09:30:47.783, 1, 20, 23134, 24576, 263.07
2026/08/10 09:30:47.783, 2, 19, 22712, 24576, 262.90
2026/08/10 09:30:52.784, 0, 82, 23468, 24576, 330.72
2026/08/10 09:30:52.785, 1, 84, 23134, 24576, 326.65
2026/08/10 09:30:52.785, 2, 82, 22712, 24576, 337.17
2026/08/10 09:30:57.786, 0, 100, 23468, 24576, 336.86
2026/08/10 09:30:57.787, 1, 98, 23134, 24576, 335.62
2026/08/10 09:30:57.788, 2, 98, 22712, 24576, 336.71
2026/08/10 09:31:02.789, 0, 100, 13970, 24576, 338.39
2026/08/10 09:31:02.790, 1, 92, 13956, 24576, 279.21
2026/08/10 09:31:02.790, 2, 98, 24098, 24576, 337.45
2026/08/10 09:31:07.791, 0, 92, 22748, 24576, 343.29
2026/08/10 09:31:07.792, 1, 88, 22672, 24576, 320.77
2026/08/10 09:31:07.792, 2, 86, 23470, 24576, 311.59
2026/08/10 09:31:12.793, 0, 89, 23568, 24576, 335.36
2026/08/10 09:31:12.794, 1, 88, 20592, 24576, 305.06
2026/08/10 09:31:12.794, 2, 89, 21392, 24576, 310.43
2026/08/10 09:31:17.795, 0, 100, 23208, 24576, 332.79
2026/08/10 09:31:17.796, 1, 100, 20592, 24576, 298.98
2026/08/10 09:31:17.796, 2, 100, 21072, 24576, 309.55
2026/08/10 09:31:22.797, 0, 84, 23208, 24576, 337.26
2026/08/10 09:31:22.798, 1, 81, 22672, 24576, 334.35
2026/08/10 09:31:22.798, 2, 82, 21072, 24576, 333.49
2026/08/10 09:31:27.799, 0, 86, 23208, 24576, 339.87
2026/08/10 09:31:27.800, 1, 83, 22672, 24576, 333.86
2026/08/10 09:31:27.801, 2, 85, 21072, 24576, 339.23
2026/08/10 09:31:32.802, 0, 100, 14470, 24576, 336.69
2026/08/10 09:31:32.802, 1, 100, 22672, 24576, 317.22
2026/08/10 09:31:32.803, 2, 99, 21072, 24576, 339.29
2026/08/10 09:31:37.804, 0, 100, 21556, 24576, 309.03
2026/08/10 09:31:37.804, 1, 100, 20498, 24576, 278.16
2026/08/10 09:31:37.805, 2, 100, 20960, 24576, 271.15
2026/08/10 09:31:42.806, 0, 89, 22286, 24576, 329.04
2026/08/10 09:31:42.806, 1, 89, 20552, 24576, 309.86
2026/08/10 09:31:42.807, 2, 89, 21330, 24576, 315.21
2026/08/10 09:31:47.808, 0, 89, 21226, 24576, 320.77
2026/08/10 09:31:47.808, 1, 82, 22592, 24576, 308.49
2026/08/10 09:31:47.809, 2, 100, 21590, 24576, 317.45
2026/08/10 09:31:52.810, 0, 82, 21606, 24576, 322.14
2026/08/10 09:31:52.814, 1, 81, 22592, 24576, 335.24
2026/08/10 09:31:52.814, 2, 82, 21010, 24576, 334.35
2026/08/10 09:31:57.815, 0, 84, 21606, 24576, 339.81
2026/08/10 09:31:57.816, 1, 83, 22592, 24576, 323.14
2026/08/10 09:31:57.816, 2, 85, 21010, 24576, 340.20
2026/08/10 09:32:02.817, 0, 98, 23970, 24576, 338.61
2026/08/10 09:32:02.818, 1, 98, 14042, 24576, 338.02
2026/08/10 09:32:02.818, 2, 98, 12882, 24576, 339.01
2026/08/10 09:32:07.819, 0, 93, 14670, 24576, 300.64
2026/08/10 09:32:07.820, 1, 98, 14018, 24576, 321.93
2026/08/10 09:32:07.820, 2, 100, 13262, 24576, 244.78
2026/08/10 09:32:12.821, 0, 100, 24008, 24576, 332.68
2026/08/10 09:32:12.822, 1, 94, 23094, 24576, 325.48
2026/08/10 09:32:12.822, 2, 97, 22892, 24576, 322.00
2026/08/10 09:32:17.823, 0, 88, 24008, 24576, 341.06
2026/08/10 09:32:17.824, 1, 89, 23094, 24576, 312.32
2026/08/10 09:32:17.825, 2, 88, 22892, 24576, 320.40
2026/08/10 09:32:22.826, 0, 82, 24008, 24576, 337.40
2026/08/10 09:32:22.827, 1, 82, 23094, 24576, 328.86
2026/08/10 09:32:22.827, 2, 82, 22892, 24576, 337.14
2026/08/10 09:32:27.828, 0, 85, 24008, 24576, 339.50
2026/08/10 09:32:27.829, 1, 83, 23094, 24576, 315.96
2026/08/10 09:32:27.829, 2, 84, 22892, 24576, 332.77
2026/08/10 09:32:32.830, 0, 95, 17992, 24576, 322.86
2026/08/10 09:32:32.831, 1, 98, 12862, 24576, 324.17
2026/08/10 09:32:32.831, 2, 100, 20582, 24576, 336.23
2026/08/10 09:32:37.832, 0, 72, 14592, 24576, 296.71
2026/08/10 09:32:37.833, 1, 100, 12862, 24576, 257.65
2026/08/10 09:32:37.833, 2, 100, 13442, 24576, 317.16
2026/08/10 09:32:42.834, 0, 89, 23526, 24576, 323.02
2026/08/10 09:32:42.835, 1, 89, 23154, 24576, 325.24
2026/08/10 09:32:42.835, 2, 100, 21576, 24576, 293.27
2026/08/10 09:32:47.836, 0, 100, 23526, 24576, 325.71
2026/08/10 09:32:47.837, 1, 100, 23154, 24576, 328.33
2026/08/10 09:32:47.837, 2, 100, 21576, 24576, 315.82
2026/08/10 09:32:52.838, 0, 96, 23526, 24576, 310.55
2026/08/10 09:32:52.839, 1, 98, 23154, 24576, 319.81
2026/08/10 09:32:52.839, 2, 100, 21576, 24576, 317.38
2026/08/10 09:32:57.841, 0, 82, 23526, 24576, 338.92
2026/08/10 09:32:57.842, 1, 82, 23154, 24576, 318.85
2026/08/10 09:32:57.842, 2, 81, 21576, 24576, 325.39
2026/08/10 09:33:02.843, 0, 98, 23526, 24576, 331.22
2026/08/10 09:33:02.844, 1, 98, 23154, 24576, 317.98
2026/08/10 09:33:02.844, 2, 98, 21576, 24576, 337.62
2026/08/10 09:33:07.845, 0, 98, 23526, 24576, 338.90
2026/08/10 09:33:07.845, 1, 98, 13064, 24576, 315.27
2026/08/10 09:33:07.846, 2, 100, 12842, 24576, 307.26
2026/08/10 09:33:12.847, 0, 88, 23364, 24576, 294.35
2026/08/10 09:33:12.848, 1, 88, 23712, 24576, 306.53
2026/08/10 09:33:12.848, 2, 100, 22192, 24576, 330.60
2026/08/10 09:33:17.849, 0, 99, 23366, 24576, 307.34
2026/08/10 09:33:17.850, 1, 100, 24036, 24576, 324.50
2026/08/10 09:33:17.850, 2, 100, 22532, 24576, 326.08
2026/08/10 09:33:22.851, 0, 100, 23506, 24576, 295.95
2026/08/10 09:33:22.852, 1, 100, 22976, 24576, 323.74
2026/08/10 09:33:22.852, 2, 97, 22532, 24576, 276.12
2026/08/10 09:33:27.854, 0, 84, 23366, 24576, 328.34
2026/08/10 09:33:27.854, 1, 82, 24036, 24576, 326.86
2026/08/10 09:33:27.855, 2, 83, 20552, 24576, 328.63
2026/08/10 09:33:32.856, 0, 86, 23366, 24576, 341.09
2026/08/10 09:33:32.856, 1, 83, 24036, 24576, 313.06
2026/08/10 09:33:32.857, 2, 85, 20552, 24576, 338.15
2026/08/10 09:33:37.857, 0, 100, 23366, 24576, 342.71
2026/08/10 09:33:37.858, 1, 98, 14042, 24576, 322.51
2026/08/10 09:33:37.859, 2, 98, 21362, 24576, 312.45
2026/08/10 09:33:42.860, 0, 45, 23366, 24576, 317.82
2026/08/10 09:33:42.860, 1, 98, 14016, 24576, 325.41
2026/08/10 09:33:42.861, 2, 97, 20318, 24576, 312.65
2026/08/10 09:33:47.862, 0, 100, 22008, 24576, 320.59
2026/08/10 09:33:47.862, 1, 100, 20854, 24576, 317.23
2026/08/10 09:33:47.863, 2, 100, 23474, 24576, 329.54
2026/08/10 09:33:52.864, 0, 96, 22008, 24576, 321.43
2026/08/10 09:33:52.865, 1, 90, 20854, 24576, 312.73
2026/08/10 09:33:52.865, 2, 82, 23474, 24576, 323.07
2026/08/10 09:33:57.866, 0, 82, 24228, 24576, 276.33
2026/08/10 09:33:57.866, 1, 80, 22954, 24576, 283.35
2026/08/10 09:33:57.867, 2, 82, 23474, 24576, 288.42
2026/08/10 09:34:02.868, 0, 86, 24228, 24576, 339.56
2026/08/10 09:34:02.868, 1, 82, 22954, 24576, 320.92
2026/08/10 09:34:02.869, 2, 85, 23474, 24576, 330.26
2026/08/10 09:34:07.870, 0, 100, 13490, 24576, 304.63
2026/08/10 09:34:07.871, 1, 98, 13982, 24576, 294.15
2026/08/10 09:34:07.872, 2, 98, 23474, 24576, 306.63
2026/08/10 09:34:12.872, 0, 98, 13490, 24576, 338.85
2026/08/10 09:34:12.873, 1, 100, 13956, 24576, 326.08
2026/08/10 09:34:12.874, 2, 48, 23474, 24576, 293.70
2026/08/10 09:34:17.875, 0, 96, 21948, 24576, 317.90
2026/08/10 09:34:17.875, 1, 95, 22712, 24576, 308.42
2026/08/10 09:34:17.876, 2, 94, 22512, 24576, 306.43
2026/08/10 09:34:22.877, 0, 93, 21948, 24576, 315.66
2026/08/10 09:34:22.877, 1, 100, 22712, 24576, 315.50
2026/08/10 09:34:22.878, 2, 100, 22512, 24576, 314.65
2026/08/10 09:34:27.879, 0, 83, 21948, 24576, 330.82
2026/08/10 09:34:27.879, 1, 82, 22712, 24576, 332.02
2026/08/10 09:34:27.880, 2, 83, 22512, 24576, 326.23
2026/08/10 09:34:32.881, 0, 84, 21948, 24576, 339.69
2026/08/10 09:34:32.882, 1, 83, 22712, 24576, 318.74
2026/08/10 09:34:32.882, 2, 85, 22512, 24576, 335.33
2026/08/10 09:34:37.883, 0, 100, 21948, 24576, 338.29
2026/08/10 09:34:37.884, 1, 98, 13022, 24576, 321.45
2026/08/10 09:34:37.884, 2, 100, 12840, 24576, 319.49
2026/08/10 09:34:42.885, 0, 100, 21948, 24576, 269.10
2026/08/10 09:34:42.886, 1, 98, 13022, 24576, 313.56
2026/08/10 09:34:42.886, 2, 59, 12840, 24576, 296.58
2026/08/10 09:34:47.887, 0, 100, 23428, 24576, 333.90
2026/08/10 09:34:47.888, 1, 100, 21474, 24576, 313.01
2026/08/10 09:34:47.888, 2, 100, 19970, 24576, 300.10
2026/08/10 09:34:52.889, 0, 100, 23428, 24576, 330.12
2026/08/10 09:34:52.889, 1, 100, 21474, 24576, 297.73
2026/08/10 09:34:52.890, 2, 100, 19970, 24576, 300.84
2026/08/10 09:34:57.890, 0, 0, 23428, 24576, 257.93
2026/08/10 09:34:57.891, 1, 84, 21474, 24576, 334.74
2026/08/10 09:34:57.892, 2, 81, 19970, 24576, 335.00
2026/08/10 09:35:02.892, 0, 84, 23428, 24576, 339.36
2026/08/10 09:35:02.893, 1, 84, 21474, 24576, 319.80
2026/08/10 09:35:02.894, 2, 84, 19970, 24576, 330.44
2026/08/10 09:35:07.895, 0, 98, 21550, 24576, 339.17
2026/08/10 09:35:07.895, 1, 100, 13042, 24576, 336.61
2026/08/10 09:35:07.896, 2, 100, 21502, 24576, 336.55
2026/08/10 09:35:12.897, 0, 96, 14990, 24576, 312.99
2026/08/10 09:35:12.897, 1, 98, 13042, 24576, 307.18
2026/08/10 09:35:12.898, 2, 98, 13002, 24576, 316.45
2026/08/10 09:35:17.899, 0, 89, 23028, 24576, 323.85
2026/08/10 09:35:17.900, 1, 82, 22994, 24576, 320.04
2026/08/10 09:35:17.900, 2, 89, 22732, 24576, 330.98
2026/08/10 09:35:22.901, 0, 85, 23028, 24576, 322.15
2026/08/10 09:35:22.901, 1, 89, 22994, 24576, 327.67
2026/08/10 09:35:22.902, 2, 100, 22732, 24576, 321.49
2026/08/10 09:35:27.903, 0, 82, 23028, 24576, 276.38
2026/08/10 09:35:27.903, 1, 80, 20774, 24576, 290.89
2026/08/10 09:35:27.904, 2, 82, 20552, 24576, 280.98
2026/08/10 09:35:32.905, 0, 84, 23028, 24576, 338.24
2026/08/10 09:35:32.906, 1, 86, 20774, 24576, 319.63
2026/08/10 09:35:32.906, 2, 84, 20552, 24576, 338.08
2026/08/10 09:35:37.907, 0, 86, 13550, 24576, 297.89
2026/08/10 09:35:37.908, 1, 4, 12820, 24576, 250.52
2026/08/10 09:35:37.908, 2, 91, 12772, 24576, 293.44
2026/08/10 09:35:42.909, 0, 98, 13590, 24576, 338.43
2026/08/10 09:35:42.910, 1, 98, 12862, 24576, 314.92
2026/08/10 09:35:42.910, 2, 90, 13898, 24576, 282.86
2026/08/10 09:35:47.911, 0, 100, 23990, 24576, 334.30
2026/08/10 09:35:47.912, 1, 100, 21892, 24576, 313.58
2026/08/10 09:35:47.912, 2, 100, 21794, 24576, 322.24
2026/08/10 09:35:52.913, 0, 93, 23990, 24576, 336.61
2026/08/10 09:35:52.913, 1, 86, 21892, 24576, 304.01
2026/08/10 09:35:52.914, 2, 91, 21794, 24576, 323.23
2026/08/10 09:35:57.915, 0, 89, 23990, 24576, 339.80
2026/08/10 09:35:57.916, 1, 88, 21892, 24576, 310.25
2026/08/10 09:35:57.916, 2, 88, 22474, 24576, 326.40
2026/08/10 09:36:02.917, 0, 81, 23990, 24576, 338.24
2026/08/10 09:36:02.918, 1, 83, 21892, 24576, 335.85
2026/08/10 09:36:02.918, 2, 81, 21794, 24576, 337.08
2026/08/10 09:36:07.920, 0, 100, 23990, 24576, 266.29
2026/08/10 09:36:07.921, 1, 83, 21892, 24576, 323.12
2026/08/10 09:36:07.921, 2, 81, 21794, 24576, 308.54
2026/08/10 09:36:12.922, 0, 98, 13430, 24576, 338.49
2026/08/10 09:36:12.923, 1, 97, 13042, 24576, 318.02
2026/08/10 09:36:12.923, 2, 98, 16242, 24576, 318.59
2026/08/10 09:36:17.924, 0, 81, 22886, 24576, 299.45
2026/08/10 09:36:17.924, 1, 85, 23234, 24576, 314.72
2026/08/10 09:36:17.925, 2, 100, 23352, 24576, 286.64
2026/08/10 09:36:22.926, 0, 100, 22886, 24576, 336.33
2026/08/10 09:36:22.930, 1, 89, 23574, 24576, 339.21
2026/08/10 09:36:22.931, 2, 100, 23374, 24576, 323.85
2026/08/10 09:36:27.932, 0, 100, 22886, 24576, 334.53
2026/08/10 09:36:27.937, 1, 89, 23574, 24576, 327.21
2026/08/10 09:36:27.941, 2, 100, 23374, 24576, 322.95
2026/08/10 09:36:32.942, 0, 82, 20826, 24576, 337.16
2026/08/10 09:36:32.943, 1, 83, 21374, 24576, 321.14
2026/08/10 09:36:32.943, 2, 83, 23374, 24576, 335.84
2026/08/10 09:36:37.944, 0, 85, 20826, 24576, 339.74
2026/08/10 09:36:37.945, 1, 85, 21374, 24576, 316.02
2026/08/10 09:36:37.946, 2, 85, 23374, 24576, 324.54
2026/08/10 09:36:42.947, 0, 100, 13572, 24576, 341.26
2026/08/10 09:36:42.947, 1, 98, 13002, 24576, 317.68
2026/08/10 09:36:42.948, 2, 98, 20282, 24576, 333.51
2026/08/10 09:36:47.949, 0, 100, 23674, 24576, 297.65
2026/08/10 09:36:47.949, 1, 100, 23158, 24576, 282.76
2026/08/10 09:36:47.950, 2, 97, 22978, 24576, 314.33
2026/08/10 09:36:52.950, 0, 100, 24088, 24576, 340.11
2026/08/10 09:36:52.951, 1, 100, 23554, 24576, 326.69
2026/08/10 09:36:52.952, 2, 89, 23034, 24576, 321.80
2026/08/10 09:36:57.952, 0, 96, 21868, 24576, 328.08
2026/08/10 09:36:57.953, 1, 97, 21394, 24576, 319.14
2026/08/10 09:36:57.953, 2, 98, 23034, 24576, 321.38
2026/08/10 09:37:02.954, 0, 85, 21868, 24576, 336.86
2026/08/10 09:37:02.955, 1, 83, 21394, 24576, 318.91
2026/08/10 09:37:02.956, 2, 85, 23034, 24576, 336.51
2026/08/10 09:37:07.956, 0, 100, 21868, 24576, 264.20
2026/08/10 09:37:07.957, 1, 100, 21394, 24576, 273.99
2026/08/10 09:37:07.958, 2, 86, 23034, 24576, 326.30
2026/08/10 09:37:12.962, 0, 99, 13432, 24576, 338.71
2026/08/10 09:37:12.963, 1, 98, 13220, 24576, 309.08
2026/08/10 09:37:12.963, 2, 98, 23622, 24576, 323.18
2026/08/10 09:37:17.964, 0, 100, 13432, 24576, 178.78
2026/08/10 09:37:17.964, 1, 100, 13220, 24576, 189.57
2026/08/10 09:37:17.965, 2, 98, 13462, 24576, 322.61
2026/08/10 09:37:22.966, 0, 98, 23106, 24576, 316.03
2026/08/10 09:37:22.966, 1, 100, 22370, 24576, 308.43
2026/08/10 09:37:22.967, 2, 96, 23114, 24576, 321.32
2026/08/10 09:37:27.967, 0, 83, 21386, 24576, 301.65
2026/08/10 09:37:27.969, 1, 100, 22370, 24576, 299.69
2026/08/10 09:37:27.969, 2, 88, 23114, 24576, 326.46
2026/08/10 09:37:32.970, 0, 100, 21046, 24576, 297.75
2026/08/10 09:37:32.971, 1, 100, 22370, 24576, 307.29
2026/08/10 09:37:32.971, 2, 100, 23114, 24576, 327.38
2026/08/10 09:37:37.972, 0, 86, 21046, 24576, 338.53
2026/08/10 09:37:37.973, 1, 80, 22370, 24576, 335.71
2026/08/10 09:37:37.973, 2, 85, 23114, 24576, 321.89
2026/08/10 09:37:42.974, 0, 98, 21046, 24576, 341.37
2026/08/10 09:37:42.975, 1, 100, 22370, 24576, 324.46
2026/08/10 09:37:42.975, 2, 99, 23114, 24576, 336.92
2026/08/10 09:37:47.976, 0, 98, 21046, 24576, 339.89
2026/08/10 09:37:47.977, 1, 98, 13042, 24576, 318.50
2026/08/10 09:37:47.977, 2, 98, 23778, 24576, 310.36
2026/08/10 09:37:52.978, 0, 100, 23748, 24576, 327.09
2026/08/10 09:37:52.979, 1, 100, 23094, 24576, 329.23
2026/08/10 09:37:52.980, 2, 97, 21752, 24576, 303.18
2026/08/10 09:37:57.981, 0, 100, 23748, 24576, 339.12
2026/08/10 09:37:57.982, 1, 100, 23094, 24576, 340.47
2026/08/10 09:37:57.982, 2, 100, 21752, 24576, 315.81
2026/08/10 09:38:02.983, 0, 100, 23748, 24576, 338.57
2026/08/10 09:38:02.984, 1, 100, 23094, 24576, 337.40
2026/08/10 09:38:02.984, 2, 100, 21752, 24576, 315.41
2026/08/10 09:38:07.985, 0, 82, 21708, 24576, 339.19
2026/08/10 09:38:07.985, 1, 80, 20874, 24576, 315.49
2026/08/10 09:38:07.986, 2, 82, 21752, 24576, 336.12
2026/08/10 09:38:12.987, 0, 100, 21708, 24576, 319.61
2026/08/10 09:38:12.987, 1, 98, 20874, 24576, 309.43
2026/08/10 09:38:12.988, 2, 100, 21752, 24576, 325.55
2026/08/10 09:38:17.989, 0, 100, 13590, 24576, 338.90
2026/08/10 09:38:17.989, 1, 97, 13022, 24576, 324.65
2026/08/10 09:38:17.990, 2, 100, 13442, 24576, 298.86
2026/08/10 09:38:22.990, 0, 100, 24064, 24576, 258.86
2026/08/10 09:38:22.991, 1, 95, 22628, 24576, 223.51
2026/08/10 09:38:22.992, 2, 93, 23630, 24576, 298.38
2026/08/10 09:38:27.993, 0, 89, 23770, 24576, 335.60
2026/08/10 09:38:27.993, 1, 88, 23092, 24576, 319.66
2026/08/10 09:38:27.994, 2, 89, 21616, 24576, 320.57
2026/08/10 09:38:32.995, 0, 100, 23390, 24576, 336.23
2026/08/10 09:38:32.996, 1, 100, 23092, 24576, 320.97
2026/08/10 09:38:32.996, 2, 100, 21616, 24576, 322.89
2026/08/10 09:38:37.997, 0, 84, 23390, 24576, 334.48
2026/08/10 09:38:37.997, 1, 80, 23092, 24576, 326.38
2026/08/10 09:38:37.998, 2, 83, 21616, 24576, 327.41
2026/08/10 09:38:42.999, 0, 86, 23390, 24576, 340.97
2026/08/10 09:38:42.999, 1, 84, 23092, 24576, 322.20
2026/08/10 09:38:43.000, 2, 84, 21616, 24576, 327.71
2026/08/10 09:38:48.000, 0, 97, 13430, 24576, 334.26
2026/08/10 09:38:48.001, 1, 98, 14022, 24576, 334.07
2026/08/10 09:38:48.002, 2, 98, 13700, 24576, 331.33
2026/08/10 09:38:53.003, 0, 100, 13430, 24576, 330.02
2026/08/10 09:38:53.004, 1, 42, 13998, 24576, 289.67
2026/08/10 09:38:53.004, 2, 100, 13698, 24576, 283.72
2026/08/10 09:38:58.005, 0, 100, 24210, 24576, 342.68
2026/08/10 09:38:58.006, 1, 89, 22052, 24576, 311.11
2026/08/10 09:38:58.007, 2, 94, 20630, 24576, 303.89
2026/08/10 09:39:03.008, 0, 100, 24210, 24576, 345.69
2026/08/10 09:39:03.008, 1, 95, 22052, 24576, 319.84
2026/08/10 09:39:03.009, 2, 96, 20630, 24576, 298.84
2026/08/10 09:39:08.010, 0, 0, 22170, 24576, 246.63
2026/08/10 09:39:08.010, 1, 76, 22052, 24576, 292.74
2026/08/10 09:39:08.011, 2, 73, 20630, 24576, 269.25
2026/08/10 09:39:13.011, 0, 84, 22170, 24576, 339.01
2026/08/10 09:39:13.012, 1, 81, 22052, 24576, 317.51
2026/08/10 09:39:13.013, 2, 84, 20630, 24576, 337.46
2026/08/10 09:39:18.013, 0, 85, 14410, 24576, 295.34
2026/08/10 09:39:18.014, 1, 88, 13970, 24576, 277.55
2026/08/10 09:39:18.015, 2, 100, 20530, 24576, 324.34
2026/08/10 09:39:23.016, 0, 98, 14450, 24576, 340.81
2026/08/10 09:39:23.016, 1, 98, 13978, 24576, 311.42
2026/08/10 09:39:23.017, 2, 100, 13282, 24576, 316.91
2026/08/10 09:39:28.018, 0, 95, 22906, 24576, 304.80
2026/08/10 09:39:28.018, 1, 94, 22192, 24576, 308.51
2026/08/10 09:39:28.019, 2, 97, 23816, 24576, 325.86
2026/08/10 09:39:33.020, 0, 95, 22906, 24576, 314.93
2026/08/10 09:39:33.021, 1, 89, 22192, 24576, 309.86
2026/08/10 09:39:33.021, 2, 98, 23816, 24576, 337.81
2026/08/10 09:39:38.022, 0, 100, 22906, 24576, 328.19
2026/08/10 09:39:38.022, 1, 94, 22192, 24576, 315.29
2026/08/10 09:39:38.023, 2, 100, 23816, 24576, 335.66
2026/08/10 09:39:43.024, 0, 84, 22906, 24576, 335.74
2026/08/10 09:39:43.025, 1, 84, 22192, 24576, 320.54
2026/08/10 09:39:43.025, 2, 83, 23816, 24576, 326.52
2026/08/10 09:39:48.026, 0, 98, 22906, 24576, 323.78
2026/08/10 09:39:48.027, 1, 98, 22192, 24576, 325.20
2026/08/10 09:39:48.027, 2, 98, 23816, 24576, 321.25
2026/08/10 09:39:53.028, 0, 98, 22906, 24576, 338.33
2026/08/10 09:39:53.029, 1, 98, 13264, 24576, 311.37
2026/08/10 09:39:53.029, 2, 100, 13022, 24576, 296.17
2026/08/10 09:39:58.030, 0, 83, 22906, 24576, 203.40
2026/08/10 09:39:58.031, 1, 89, 22086, 24576, 216.26
2026/08/10 09:39:58.031, 2, 62, 21906, 24576, 307.53
2026/08/10 09:40:03.032, 0, 100, 22146, 24576, 323.33
2026/08/10 09:40:03.033, 1, 100, 21796, 24576, 329.25
2026/08/10 09:40:03.033, 2, 100, 21596, 24576, 321.63
2026/08/10 09:40:08.034, 0, 100, 21466, 24576, 326.31
2026/08/10 09:40:08.035, 1, 100, 21796, 24576, 321.58
2026/08/10 09:40:08.035, 2, 100, 21596, 24576, 326.18
2026/08/10 09:40:13.036, 0, 76, 21466, 24576, 328.46
2026/08/10 09:40:13.037, 1, 17, 21796, 24576, 233.63
2026/08/10 09:40:13.037, 2, 76, 21596, 24576, 322.43
2026/08/10 09:40:18.038, 0, 85, 21466, 24576, 341.49
2026/08/10 09:40:18.039, 1, 79, 21796, 24576, 324.10
2026/08/10 09:40:18.040, 2, 84, 21596, 24576, 334.90
2026/08/10 09:40:23.041, 0, 92, 13450, 24576, 306.96
2026/08/10 09:40:23.041, 1, 98, 21796, 24576, 315.20
2026/08/10 09:40:23.042, 2, 89, 12818, 24576, 291.71
2026/08/10 09:40:28.043, 0, 98, 13490, 24576, 335.99
2026/08/10 09:40:28.043, 1, 98, 21796, 24576, 318.59
2026/08/10 09:40:28.044, 2, 98, 12840, 24576, 305.21
2026/08/10 09:40:33.045, 0, 100, 23310, 24576, 335.87
2026/08/10 09:40:33.045, 1, 100, 22934, 24576, 318.07
2026/08/10 09:40:33.046, 2, 100, 19990, 24576, 296.96
2026/08/10 09:40:38.047, 0, 95, 23310, 24576, 331.61
2026/08/10 09:40:38.051, 1, 100, 23294, 24576, 319.37
2026/08/10 09:40:38.052, 2, 100, 19290, 24576, 296.06
2026/08/10 09:40:43.053, 0, 94, 23310, 24576, 329.62
2026/08/10 09:40:43.053, 1, 100, 23294, 24576, 321.10
2026/08/10 09:40:43.054, 2, 100, 19110, 24576, 294.82
2026/08/10 09:40:48.055, 0, 84, 23310, 24576, 338.82
2026/08/10 09:40:48.056, 1, 83, 23294, 24576, 322.82
2026/08/10 09:40:48.056, 2, 81, 19790, 24576, 336.66
2026/08/10 09:40:53.057, 0, 98, 23310, 24576, 310.46
2026/08/10 09:40:53.057, 1, 98, 23294, 24576, 317.03
2026/08/10 09:40:53.058, 2, 98, 19790, 24576, 297.03
2026/08/10 09:40:58.059, 0, 98, 13490, 24576, 340.09
2026/08/10 09:40:58.059, 1, 98, 13022, 24576, 314.71
2026/08/10 09:40:58.060, 2, 98, 19790, 24576, 338.52
2026/08/10 09:41:03.061, 0, 100, 24068, 24576, 325.09
2026/08/10 09:41:03.061, 1, 97, 23914, 24576, 319.23
2026/08/10 09:41:03.064, 2, 100, 24170, 24576, 309.24
2026/08/10 09:41:08.065, 0, 89, 23388, 24576, 319.14
2026/08/10 09:41:08.066, 1, 95, 23916, 24576, 320.23
2026/08/10 09:41:08.066, 2, 100, 21190, 24576, 302.02
2026/08/10 09:41:13.068, 0, 87, 23388, 24576, 315.40
2026/08/10 09:41:13.068, 1, 88, 23916, 24576, 322.31
2026/08/10 09:41:13.068, 2, 100, 20870, 24576, 302.42
2026/08/10 09:41:18.069, 0, 81, 23388, 24576, 336.23
2026/08/10 09:41:18.070, 1, 81, 21736, 24576, 330.71
2026/08/10 09:41:18.070, 2, 81, 20870, 24576, 328.58
2026/08/10 09:41:23.071, 0, 84, 23388, 24576, 339.59
2026/08/10 09:41:23.072, 1, 84, 21736, 24576, 321.23
2026/08/10 09:41:23.072, 2, 83, 20870, 24576, 337.91
2026/08/10 09:41:28.073, 0, 98, 14790, 24576, 336.35
2026/08/10 09:41:28.074, 1, 98, 13942, 24576, 314.43
2026/08/10 09:41:28.075, 2, 98, 13242, 24576, 336.74
2026/08/10 09:41:33.076, 0, 100, 14450, 24576, 179.82
2026/08/10 09:41:33.076, 1, 98, 13920, 24576, 317.36
2026/08/10 09:41:33.077, 2, 100, 13242, 24576, 172.42
2026/08/10 09:41:38.082, 0, 94, 23026, 24576, 295.64
2026/08/10 09:41:38.083, 1, 95, 21796, 24576, 315.10
2026/08/10 09:41:38.083, 2, 100, 23054, 24576, 312.73
2026/08/10 09:41:43.084, 0, 100, 23026, 24576, 310.05
2026/08/10 09:41:43.085, 1, 90, 22476, 24576, 318.12
2026/08/10 09:41:43.085, 2, 100, 23054, 24576, 297.05
2026/08/10 09:41:48.086, 0, 100, 23026, 24576, 308.90
2026/08/10 09:41:48.087, 1, 100, 21796, 24576, 321.69
2026/08/10 09:41:48.087, 2, 100, 23054, 24576, 313.10
2026/08/10 09:41:53.088, 0, 84, 23026, 24576, 340.33
2026/08/10 09:41:53.089, 1, 83, 21796, 24576, 324.53
2026/08/10 09:41:53.090, 2, 85, 23054, 24576, 334.21
2026/08/10 09:41:58.091, 0, 93, 16946, 24576, 323.23
2026/08/10 09:41:58.092, 1, 93, 17916, 24576, 304.83
2026/08/10 09:41:58.092, 2, 89, 16774, 24576, 310.42
2026/08/10 09:42:03.094, 0, 98, 14390, 24576, 300.24
2026/08/10 09:42:03.094, 1, 98, 12842, 24576, 290.45
2026/08/10 09:42:03.095, 2, 98, 16138, 24576, 293.56
2026/08/10 09:42:08.096, 0, 100, 22706, 24576, 334.25
2026/08/10 09:42:08.097, 1, 100, 20390, 24576, 307.91
2026/08/10 09:42:08.097, 2, 100, 21752, 24576, 316.78
2026/08/10 09:42:13.098, 0, 89, 22706, 24576, 342.86
2026/08/10 09:42:13.099, 1, 89, 20390, 24576, 306.03
2026/08/10 09:42:13.100, 2, 89, 21752, 24576, 320.31
2026/08/10 09:42:18.100, 0, 22, 22706, 24576, 287.68
2026/08/10 09:42:18.101, 1, 23, 20390, 24576, 268.92
2026/08/10 09:42:18.102, 2, 27, 21752, 24576, 277.06
2026/08/10 09:42:23.103, 0, 84, 22706, 24576, 341.02
2026/08/10 09:42:23.104, 1, 83, 20390, 24576, 321.52
2026/08/10 09:42:23.104, 2, 86, 21752, 24576, 339.29
2026/08/10 09:42:28.105, 0, 96, 19686, 24576, 334.18
2026/08/10 09:42:28.106, 1, 92, 20930, 24576, 311.10
2026/08/10 09:42:28.107, 2, 98, 24012, 24576, 323.55
2026/08/10 09:42:33.108, 0, 98, 13630, 24576, 340.88
2026/08/10 09:42:33.108, 1, 98, 13996, 24576, 292.74
2026/08/10 09:42:33.109, 2, 98, 23942, 24576, 322.01
2026/08/10 09:42:38.109, 0, 98, 23266, 24576, 300.94
2026/08/10 09:42:38.110, 1, 97, 20876, 24576, 310.99
2026/08/10 09:42:38.111, 2, 96, 20516, 24576, 312.79
2026/08/10 09:42:43.112, 0, 89, 23266, 24576, 315.34
2026/08/10 09:42:43.113, 1, 89, 23456, 24576, 322.96
2026/08/10 09:42:43.113, 2, 88, 22976, 24576, 304.26
2026/08/10 09:42:48.114, 0, 100, 23266, 24576, 318.07
2026/08/10 09:42:48.115, 1, 90, 23456, 24576, 313.32
2026/08/10 09:42:48.115, 2, 94, 22976, 24576, 325.33
2026/08/10 09:42:53.116, 0, 83, 23266, 24576, 337.75
2026/08/10 09:42:53.117, 1, 82, 23456, 24576, 334.29
2026/08/10 09:42:53.117, 2, 84, 22976, 24576, 333.79
2026/08/10 09:42:58.118, 0, 85, 23266, 24576, 342.85
2026/08/10 09:42:58.119, 1, 82, 23456, 24576, 325.81
2026/08/10 09:42:58.119, 2, 86, 22976, 24576, 334.45
2026/08/10 09:43:03.120, 0, 99, 16570, 24576, 303.52
2026/08/10 09:43:03.121, 1, 100, 17800, 24576, 327.31
2026/08/10 09:43:03.121, 2, 98, 17702, 24576, 296.21
2026/08/10 09:43:08.122, 0, 100, 23668, 24576, 323.96
2026/08/10 09:43:08.123, 1, 94, 22370, 24576, 319.47
2026/08/10 09:43:08.124, 2, 91, 24052, 24576, 312.38
2026/08/10 09:43:13.124, 0, 97, 23668, 24576, 314.34
2026/08/10 09:43:13.125, 1, 95, 22370, 24576, 306.71
2026/08/10 09:43:13.125, 2, 92, 22052, 24576, 303.07
2026/08/10 09:43:18.126, 0, 98, 23668, 24576, 328.77
2026/08/10 09:43:18.127, 1, 96, 22370, 24576, 321.73
2026/08/10 09:43:18.128, 2, 84, 22052, 24576, 303.50
2026/08/10 09:43:23.129, 0, 82, 23668, 24576, 337.70
2026/08/10 09:43:23.129, 1, 78, 22370, 24576, 333.69
2026/08/10 09:43:23.129, 2, 80, 22052, 24576, 335.26
2026/08/10 09:43:28.130, 0, 85, 23668, 24576, 340.85
2026/08/10 09:43:28.131, 1, 83, 22370, 24576, 317.02
2026/08/10 09:43:28.131, 2, 84, 22052, 24576, 329.32
2026/08/10 09:43:33.132, 0, 99, 13390, 24576, 339.31
2026/08/10 09:43:33.133, 1, 98, 16002, 24576, 313.16
2026/08/10 09:43:33.133, 2, 98, 13322, 24576, 319.82
2026/08/10 09:43:38.134, 0, 100, 23084, 24576, 312.02
2026/08/10 09:43:38.135, 1, 88, 22774, 24576, 315.55
2026/08/10 09:43:38.136, 2, 100, 23012, 24576, 324.20
2026/08/10 09:43:43.137, 0, 100, 20324, 24576, 300.76
2026/08/10 09:43:43.138, 1, 97, 23194, 24576, 306.80
2026/08/10 09:43:43.138, 2, 97, 23012, 24576, 305.68
2026/08/10 09:43:48.139, 0, 92, 20724, 24576, 289.86
2026/08/10 09:43:48.140, 1, 89, 23194, 24576, 299.53
2026/08/10 09:43:48.141, 2, 96, 23012, 24576, 309.11
2026/08/10 09:43:53.141, 0, 82, 20724, 24576, 338.19
2026/08/10 09:43:53.142, 1, 83, 23194, 24576, 331.61
2026/08/10 09:43:53.142, 2, 82, 23012, 24576, 336.06
2026/08/10 09:43:58.143, 0, 85, 20724, 24576, 339.61
2026/08/10 09:43:58.144, 1, 86, 23194, 24576, 312.81
2026/08/10 09:43:58.144, 2, 84, 23012, 24576, 333.01
2026/08/10 09:44:03.145, 0, 99, 20724, 24576, 339.15
2026/08/10 09:44:03.146, 1, 100, 22482, 24576, 293.28
2026/08/10 09:44:03.146, 2, 98, 24142, 24576, 323.03
2026/08/10 09:44:08.147, 0, 100, 20724, 24576, 179.46
2026/08/10 09:44:08.148, 1, 98, 13462, 24576, 307.80
2026/08/10 09:44:08.148, 2, 58, 13878, 24576, 261.13
2026/08/10 09:44:13.149, 0, 86, 22386, 24576, 320.93
2026/08/10 09:44:13.150, 1, 89, 21636, 24576, 314.35
2026/08/10 09:44:13.150, 2, 89, 22112, 24576, 321.57
2026/08/10 09:44:18.152, 0, 100, 21706, 24576, 323.89
2026/08/10 09:44:18.152, 1, 100, 21636, 24576, 311.41
2026/08/10 09:44:18.153, 2, 100, 22112, 24576, 318.21
2026/08/10 09:44:23.154, 0, 90, 21706, 24576, 313.61
2026/08/10 09:44:23.154, 1, 93, 21636, 24576, 299.11
2026/08/10 09:44:23.155, 2, 92, 22112, 24576, 311.48
2026/08/10 09:44:28.155, 0, 84, 21706, 24576, 340.11
2026/08/10 09:44:28.156, 1, 81, 21636, 24576, 334.24
2026/08/10 09:44:28.157, 2, 82, 22112, 24576, 335.16
2026/08/10 09:44:33.158, 0, 98, 21706, 24576, 284.66
2026/08/10 09:44:33.158, 1, 98, 21636, 24576, 319.92
2026/08/10 09:44:33.159, 2, 98, 22112, 24576, 290.73
2026/08/10 09:44:38.160, 0, 98, 18110, 24576, 337.90
2026/08/10 09:44:38.160, 1, 100, 21636, 24576, 311.83
2026/08/10 09:44:38.161, 2, 98, 22112, 24576, 322.64
2026/08/10 09:44:43.162, 0, 100, 21998, 24576, 313.37
2026/08/10 09:44:43.162, 1, 100, 23836, 24576, 308.37
2026/08/10 09:44:43.163, 2, 100, 23240, 24576, 280.62
2026/08/10 09:44:48.164, 0, 100, 22050, 24576, 308.00
2026/08/10 09:44:48.164, 1, 95, 24256, 24576, 314.96
2026/08/10 09:44:48.165, 2, 96, 23294, 24576, 290.71
2026/08/10 09:44:53.165, 0, 89, 23050, 24576, 340.98
2026/08/10 09:44:53.166, 1, 100, 22056, 24576, 312.82
2026/08/10 09:44:53.167, 2, 92, 23294, 24576, 320.86
2026/08/10 09:44:58.167, 0, 83, 23030, 24576, 299.55
2026/08/10 09:44:58.169, 1, 80, 22056, 24576, 324.93
2026/08/10 09:44:58.170, 2, 81, 23294, 24576, 314.12
2026/08/10 09:45:03.171, 0, 83, 23030, 24576, 340.93
2026/08/10 09:45:03.172, 1, 82, 22056, 24576, 313.95
2026/08/10 09:45:03.172, 2, 85, 23294, 24576, 339.09
2026/08/10 09:45:08.173, 0, 100, 13552, 24576, 303.32
2026/08/10 09:45:08.174, 1, 99, 22056, 24576, 313.89
2026/08/10 09:45:08.174, 2, 98, 12902, 24576, 299.11
2026/08/10 09:45:13.175, 0, 98, 13552, 24576, 331.15
2026/08/10 09:45:13.175, 1, 98, 22056, 24576, 307.34
2026/08/10 09:45:13.176, 2, 98, 13262, 24576, 325.62
2026/08/10 09:45:18.177, 0, 99, 23808, 24576, 320.88
2026/08/10 09:45:18.177, 1, 89, 22832, 24576, 300.70
2026/08/10 09:45:18.178, 2, 100, 23074, 24576, 321.96
2026/08/10 09:45:23.178, 0, 93, 21628, 24576, 312.97
2026/08/10 09:45:23.179, 1, 100, 22832, 24576, 304.69
2026/08/10 09:45:23.180, 2, 100, 23074, 24576, 313.98
2026/08/10 09:45:28.181, 0, 83, 21628, 24576, 316.47
2026/08/10 09:45:28.181, 1, 80, 22832, 24576, 327.74
2026/08/10 09:45:28.183, 2, 83, 23074, 24576, 302.36
2026/08/10 09:45:33.184, 0, 83, 21628, 24576, 338.71
2026/08/10 09:45:33.184, 1, 78, 22832, 24576, 317.05
2026/08/10 09:45:33.185, 2, 81, 23074, 24576, 326.45
2026/08/10 09:45:38.186, 0, 98, 13492, 24576, 334.33
2026/08/10 09:45:38.186, 1, 98, 13960, 24576, 311.20
2026/08/10 09:45:38.187, 2, 98, 13064, 24576, 293.37
2026/08/10 09:45:43.187, 0, 67, 13492, 24576, 328.12
2026/08/10 09:45:43.188, 1, 100, 13938, 24576, 315.14
2026/08/10 09:45:43.188, 2, 98, 13064, 24576, 318.00
2026/08/10 09:45:48.189, 0, 100, 23528, 24576, 304.79
2026/08/10 09:45:48.190, 1, 96, 22430, 24576, 280.59
2026/08/10 09:45:48.190, 2, 88, 23518, 24576, 325.29
2026/08/10 09:45:53.191, 0, 100, 23268, 24576, 317.42
2026/08/10 09:45:53.192, 1, 88, 20370, 24576, 290.70
2026/08/10 09:45:53.193, 2, 100, 23518, 24576, 329.89
2026/08/10 09:45:58.194, 0, 90, 23268, 24576, 298.01
2026/08/10 09:45:58.194, 1, 89, 20370, 24576, 290.80
2026/08/10 09:45:58.195, 2, 93, 23518, 24576, 326.40
2026/08/10 09:46:03.197, 0, 83, 23268, 24576, 337.37
2026/08/10 09:46:03.197, 1, 81, 22430, 24576, 334.29
2026/08/10 09:46:03.198, 2, 80, 23518, 24576, 318.26
2026/08/10 09:46:08.198, 0, 100, 23268, 24576, 219.76
2026/08/10 09:46:08.199, 1, 82, 22430, 24576, 323.20
2026/08/10 09:46:08.199, 2, 100, 23518, 24576, 243.01
2026/08/10 09:46:13.200, 0, 98, 13490, 24576, 338.23
2026/08/10 09:46:13.201, 1, 98, 13064, 24576, 298.80
2026/08/10 09:46:13.201, 2, 100, 13042, 24576, 328.74
2026/08/10 09:46:18.202, 0, 100, 13490, 24576, 177.69
2026/08/10 09:46:18.203, 1, 83, 13064, 24576, 308.34
2026/08/10 09:46:18.204, 2, 100, 13042, 24576, 174.55
2026/08/10 09:46:23.205, 0, 95, 23168, 24576, 314.73
2026/08/10 09:46:23.205, 1, 97, 21956, 24576, 318.58
2026/08/10 09:46:23.206, 2, 100, 21494, 24576, 320.29
2026/08/10 09:46:28.207, 0, 93, 23168, 24576, 302.00
2026/08/10 09:46:28.208, 1, 92, 21956, 24576, 314.58
2026/08/10 09:46:28.208, 2, 89, 21494, 24576, 305.63
2026/08/10 09:46:33.209, 0, 81, 23168, 24576, 274.64
2026/08/10 09:46:33.210, 1, 78, 21956, 24576, 292.31
2026/08/10 09:46:33.210, 2, 81, 21494, 24576, 287.44
2026/08/10 09:46:38.211, 0, 85, 23168, 24576, 340.54
2026/08/10 09:46:38.211, 1, 82, 21956, 24576, 317.13
2026/08/10 09:46:38.212, 2, 83, 21494, 24576, 338.57
2026/08/10 09:46:43.213, 0, 98, 19870, 24576, 323.95
2026/08/10 09:46:43.213, 1, 98, 12862, 24576, 302.51
2026/08/10 09:46:43.214, 2, 98, 12800, 24576, 322.37
2026/08/10 09:46:48.215, 0, 98, 24130, 24576, 338.52
2026/08/10 09:46:48.216, 1, 98, 12862, 24576, 306.30
2026/08/10 09:46:48.216, 2, 85, 12800, 24576, 284.49
2026/08/10 09:46:53.217, 0, 95, 21584, 24576, 291.81
2026/08/10 09:46:53.218, 1, 94, 20354, 24576, 314.92
2026/08/10 09:46:53.218, 2, 92, 20730, 24576, 304.67
2026/08/10 09:46:58.219, 0, 96, 21584, 24576, 298.27
2026/08/10 09:46:58.220, 1, 93, 23294, 24576, 319.99
2026/08/10 09:46:58.221, 2, 91, 19370, 24576, 303.50
2026/08/10 09:47:03.221, 0, 83, 21584, 24576, 304.27
2026/08/10 09:47:03.222, 1, 81, 23294, 24576, 311.88
2026/08/10 09:47:03.223, 2, 82, 19950, 24576, 311.04
2026/08/10 09:47:08.223, 0, 85, 21584, 24576, 341.06
2026/08/10 09:47:08.224, 1, 85, 23294, 24576, 317.17
2026/08/10 09:47:08.224, 2, 85, 19950, 24576, 338.68
2026/08/10 09:47:13.225, 0, 98, 21584, 24576, 340.22
2026/08/10 09:47:13.226, 1, 90, 12998, 24576, 278.73
2026/08/10 09:47:13.227, 2, 100, 15862, 24576, 295.26
2026/08/10 09:47:18.227, 0, 100, 21584, 24576, 331.47
2026/08/10 09:47:18.228, 1, 91, 14362, 24576, 285.85
2026/08/10 09:47:18.229, 2, 98, 13342, 24576, 335.99
2026/08/10 09:47:23.230, 0, 93, 22644, 24576, 315.82
2026/08/10 09:47:23.231, 1, 89, 23036, 24576, 316.83
2026/08/10 09:47:23.231, 2, 92, 23214, 24576, 312.84
2026/08/10 09:47:28.235, 0, 100, 22644, 24576, 323.82
2026/08/10 09:47:28.235, 1, 100, 23036, 24576, 321.94
2026/08/10 09:47:28.236, 2, 100, 23214, 24576, 317.35
2026/08/10 09:47:33.237, 0, 100, 22644, 24576, 289.15
2026/08/10 09:47:33.237, 1, 100, 20976, 24576, 321.59
2026/08/10 09:47:33.238, 2, 97, 23214, 24576, 286.30
2026/08/10 09:47:38.239, 0, 83, 22644, 24576, 340.92
2026/08/10 09:47:38.239, 1, 82, 23036, 24576, 319.65
2026/08/10 09:47:38.240, 2, 84, 23214, 24576, 330.02
2026/08/10 09:47:43.241, 0, 85, 22644, 24576, 342.95
2026/08/10 09:47:43.241, 1, 84, 23036, 24576, 321.43
2026/08/10 09:47:43.242, 2, 86, 23214, 24576, 338.65
2026/08/10 09:47:48.243, 0, 98, 14450, 24576, 338.92
2026/08/10 09:47:48.249, 1, 98, 14302, 24576, 322.33
2026/08/10 09:47:48.253, 2, 98, 23214, 24576, 337.70
2026/08/10 09:47:53.254, 0, 98, 14450, 24576, 336.76
2026/08/10 09:47:53.255, 1, 100, 13936, 24576, 207.59
2026/08/10 09:47:53.255, 2, 100, 23214, 24576, 171.19
2026/08/10 09:47:58.256, 0, 100, 23950, 24576, 344.77
2026/08/10 09:47:58.257, 1, 100, 23054, 24576, 339.37
2026/08/10 09:47:58.258, 2, 100, 23374, 24576, 319.38
2026/08/10 09:48:03.259, 0, 100, 23950, 24576, 345.08
2026/08/10 09:48:03.259, 1, 100, 23054, 24576, 332.72
2026/08/10 09:48:03.260, 2, 100, 23374, 24576, 319.79
2026/08/10 09:48:08.260, 0, 84, 23950, 24576, 337.12
2026/08/10 09:48:08.261, 1, 80, 23054, 24576, 332.65
2026/08/10 09:48:08.261, 2, 84, 23374, 24576, 332.89
2026/08/10 09:48:13.262, 0, 85, 23950, 24576, 339.94
2026/08/10 09:48:13.263, 1, 81, 23054, 24576, 319.93
2026/08/10 09:48:13.263, 2, 84, 23374, 24576, 337.84
2026/08/10 09:48:18.264, 0, 98, 14370, 24576, 338.39
2026/08/10 09:48:18.265, 1, 96, 23054, 24576, 308.49
2026/08/10 09:48:18.265, 2, 98, 12862, 24576, 334.28
2026/08/10 09:48:23.266, 0, 94, 20682, 24576, 309.19
2026/08/10 09:48:23.267, 1, 96, 19684, 24576, 225.94
2026/08/10 09:48:23.267, 2, 94, 22092, 24576, 236.96
2026/08/10 09:48:28.268, 0, 96, 20746, 24576, 315.50
2026/08/10 09:48:28.269, 1, 95, 19750, 24576, 302.92
2026/08/10 09:48:28.269, 2, 98, 21852, 24576, 319.21
2026/08/10 09:48:33.270, 0, 87, 21086, 24576, 317.92
2026/08/10 09:48:33.271, 1, 88, 20090, 24576, 300.41
2026/08/10 09:48:33.271, 2, 88, 21852, 24576, 320.13
2026/08/10 09:48:38.272, 0, 83, 22726, 24576, 336.71
2026/08/10 09:48:38.272, 1, 81, 21790, 24576, 334.83
2026/08/10 09:48:38.273, 2, 21, 21852, 24576, 249.30
2026/08/10 09:48:43.274, 0, 85, 22726, 24576, 339.96
2026/08/10 09:48:43.274, 1, 83, 21790, 24576, 321.84
2026/08/10 09:48:43.275, 2, 86, 21852, 24576, 333.49
2026/08/10 09:48:48.275, 0, 98, 13490, 24576, 335.93
2026/08/10 09:48:48.276, 1, 98, 21790, 24576, 322.25
2026/08/10 09:48:48.277, 2, 98, 13002, 24576, 333.18
2026/08/10 09:48:53.277, 0, 100, 23576, 24576, 299.30
2026/08/10 09:48:53.278, 1, 98, 20538, 24576, 270.80
2026/08/10 09:48:53.279, 2, 100, 23182, 24576, 318.12
2026/08/10 09:48:58.280, 0, 100, 23968, 24576, 339.30
2026/08/10 09:48:58.281, 1, 100, 20592, 24576, 308.59
2026/08/10 09:48:58.281, 2, 100, 22896, 24576, 330.68
2026/08/10 09:49:03.282, 0, 90, 23968, 24576, 340.58
2026/08/10 09:49:03.283, 1, 100, 20592, 24576, 301.56
2026/08/10 09:49:03.283, 2, 100, 22896, 24576, 324.44
2026/08/10 09:49:08.284, 0, 85, 21848, 24576, 335.87
2026/08/10 09:49:08.285, 1, 80, 22652, 24576, 328.11
2026/08/10 09:49:08.285, 2, 85, 22896, 24576, 329.23
2026/08/10 09:49:13.286, 0, 80, 21848, 24576, 339.86
2026/08/10 09:49:13.290, 1, 85, 22652, 24576, 320.13
2026/08/10 09:49:13.291, 2, 82, 22896, 24576, 322.66
2026/08/10 09:49:18.292, 0, 98, 21848, 24576, 336.95
2026/08/10 09:49:18.292, 1, 100, 12840, 24576, 299.27
2026/08/10 09:49:18.293, 2, 98, 13342, 24576, 319.61
2026/08/10 09:49:23.294, 0, 100, 23446, 24576, 327.75
2026/08/10 09:49:23.294, 1, 92, 19950, 24576, 305.67
2026/08/10 09:49:23.295, 2, 100, 23012, 24576, 336.09
2026/08/10 09:49:28.296, 0, 89, 23446, 24576, 329.55
2026/08/10 09:49:28.296, 1, 100, 19950, 24576, 301.73
2026/08/10 09:49:28.297, 2, 89, 23012, 24576, 325.76
2026/08/10 09:49:33.297, 0, 95, 21306, 24576, 321.77
2026/08/10 09:49:33.298, 1, 85, 21950, 24576, 301.61
2026/08/10 09:49:33.298, 2, 100, 23012, 24576, 309.22
2026/08/10 09:49:38.299, 0, 84, 23446, 24576, 337.02
2026/08/10 09:49:38.300, 1, 85, 19950, 24576, 314.24
2026/08/10 09:49:38.300, 2, 84, 23012, 24576, 330.77
2026/08/10 09:49:43.301, 0, 100, 23446, 24576, 216.38
2026/08/10 09:49:43.302, 1, 100, 19950, 24576, 237.09
2026/08/10 09:49:43.304, 2, 86, 23012, 24576, 324.80
2026/08/10 09:49:48.305, 0, 98, 13490, 24576, 333.96
2026/08/10 09:49:48.306, 1, 98, 19950, 24576, 308.10
2026/08/10 09:49:48.306, 2, 95, 14862, 24576, 287.18
2026/08/10 09:49:53.307, 0, 100, 13490, 24576, 178.86
2026/08/10 09:49:53.307, 1, 100, 19950, 24576, 187.46
2026/08/10 09:49:53.308, 2, 82, 12258, 24576, 273.69
2026/08/10 09:49:58.308, 0, 89, 23208, 24576, 318.94
2026/08/10 09:49:58.309, 1, 88, 22212, 24576, 314.36
2026/08/10 09:49:58.309, 2, 100, 23136, 24576, 329.86
2026/08/10 09:50:03.310, 0, 98, 23208, 24576, 316.42
2026/08/10 09:50:03.311, 1, 99, 22212, 24576, 314.22
2026/08/10 09:50:03.311, 2, 88, 23136, 24576, 310.83
2026/08/10 09:50:08.312, 0, 21, 23208, 24576, 277.57
2026/08/10 09:50:08.313, 1, 22, 22212, 24576, 271.40
2026/08/10 09:50:08.314, 2, 40, 23136, 24576, 288.21
2026/08/10 09:50:13.315, 0, 83, 23208, 24576, 339.64
2026/08/10 09:50:13.316, 1, 82, 22212, 24576, 326.64
2026/08/10 09:50:13.317, 2, 76, 23136, 24576, 328.83
2026/08/10 09:50:18.318, 0, 100, 22788, 24576, 339.34
2026/08/10 09:50:18.318, 1, 98, 23272, 24576, 326.18
2026/08/10 09:50:18.319, 2, 100, 23836, 24576, 335.38
2026/08/10 09:50:23.320, 0, 98, 13490, 24576, 337.20
2026/08/10 09:50:23.320, 1, 98, 13064, 24576, 320.36
2026/08/10 09:50:23.321, 2, 98, 14580, 24576, 285.70
2026/08/10 09:50:28.322, 0, 100, 22728, 24576, 318.89
2026/08/10 09:50:28.322, 1, 100, 21896, 24576, 317.16
2026/08/10 09:50:28.323, 2, 89, 23234, 24576, 325.64
2026/08/10 09:50:33.323, 0, 100, 23088, 24576, 319.51
2026/08/10 09:50:33.324, 1, 100, 21896, 24576, 317.61
2026/08/10 09:50:33.325, 2, 100, 23234, 24576, 327.95
2026/08/10 09:50:38.325, 0, 91, 23088, 24576, 299.59
2026/08/10 09:50:38.326, 1, 89, 21896, 24576, 317.91
2026/08/10 09:50:38.327, 2, 98, 23234, 24576, 313.86
2026/08/10 09:50:43.328, 0, 83, 23088, 24576, 339.30
2026/08/10 09:50:43.328, 1, 80, 21896, 24576, 313.80
2026/08/10 09:50:43.329, 2, 81, 23234, 24576, 330.51
2026/08/10 09:50:48.329, 0, 86, 23088, 24576, 342.15
2026/08/10 09:50:48.330, 1, 80, 21896, 24576, 309.53
2026/08/10 09:50:48.330, 2, 84, 23234, 24576, 338.83
2026/08/10 09:50:53.331, 0, 98, 23088, 24576, 339.44
2026/08/10 09:50:53.332, 1, 100, 12862, 24576, 315.83
2026/08/10 09:50:53.332, 2, 98, 15762, 24576, 310.23
2026/08/10 09:50:58.333, 0, 100, 23668, 24576, 323.68
2026/08/10 09:50:58.334, 1, 100, 23750, 24576, 317.84
2026/08/10 09:50:58.334, 2, 99, 23014, 24576, 323.78
2026/08/10 09:51:03.335, 0, 92, 23450, 24576, 323.91
2026/08/10 09:51:03.336, 1, 92, 20492, 24576, 299.57
2026/08/10 09:51:03.336, 2, 93, 23014, 24576, 313.40
2026/08/10 09:51:08.338, 0, 91, 23450, 24576, 317.27
2026/08/10 09:51:08.338, 1, 92, 20492, 24576, 295.42
2026/08/10 09:51:08.339, 2, 100, 23014, 24576, 318.45
2026/08/10 09:51:13.340, 0, 82, 23450, 24576, 338.27
2026/08/10 09:51:13.340, 1, 80, 20492, 24576, 321.52
2026/08/10 09:51:13.341, 2, 81, 23014, 24576, 337.22
2026/08/10 09:51:18.342, 0, 0, 23450, 24576, 247.82
2026/08/10 09:51:18.342, 1, 100, 20492, 24576, 273.22
2026/08/10 09:51:18.343, 2, 83, 23014, 24576, 329.15
2026/08/10 09:51:23.344, 0, 98, 13470, 24576, 338.56
2026/08/10 09:51:23.344, 1, 98, 12802, 24576, 319.36
2026/08/10 09:51:23.345, 2, 98, 17962, 24576, 317.80
2026/08/10 09:51:28.345, 0, 87, 20484, 24576, 295.73
2026/08/10 09:51:28.346, 1, 88, 20452, 24576, 304.13
2026/08/10 09:51:28.347, 2, 94, 22874, 24576, 321.83
2026/08/10 09:51:33.347, 0, 98, 20484, 24576, 299.72
2026/08/10 09:51:33.348, 1, 100, 20452, 24576, 300.44
2026/08/10 09:51:33.349, 2, 100, 22874, 24576, 339.51
2026/08/10 09:51:38.350, 0, 97, 20484, 24576, 299.79
2026/08/10 09:51:38.351, 1, 92, 20452, 24576, 303.57
2026/08/10 09:51:38.351, 2, 89, 22874, 24576, 339.79
2026/08/10 09:51:43.352, 0, 84, 20484, 24576, 338.81
2026/08/10 09:51:43.353, 1, 83, 20452, 24576, 318.98
2026/08/10 09:51:43.353, 2, 84, 22874, 24576, 335.91
2026/08/10 09:51:48.354, 0, 100, 20484, 24576, 179.04
2026/08/10 09:51:48.354, 1, 75, 20452, 24576, 314.34
2026/08/10 09:51:48.355, 2, 84, 22874, 24576, 327.76
2026/08/10 09:51:53.356, 0, 98, 13690, 24576, 338.04
2026/08/10 09:51:53.356, 1, 100, 13322, 24576, 308.36
2026/08/10 09:51:53.357, 2, 100, 22874, 24576, 316.69
2026/08/10 09:51:58.358, 0, 100, 22852, 24576, 264.52
2026/08/10 09:51:58.359, 1, 100, 22836, 24576, 277.43
2026/08/10 09:51:58.359, 2, 96, 21594, 24576, 295.38
2026/08/10 09:52:03.360, 0, 99, 22906, 24576, 323.72
2026/08/10 09:52:03.361, 1, 100, 22892, 24576, 329.36
2026/08/10 09:52:03.362, 2, 96, 21656, 24576, 314.92
2026/08/10 09:52:08.363, 0, 98, 22906, 24576, 320.89
2026/08/10 09:52:08.363, 1, 100, 22892, 24576, 327.56
2026/08/10 09:52:08.364, 2, 95, 21656, 24576, 304.39
2026/08/10 09:52:13.364, 0, 81, 22906, 24576, 337.87
2026/08/10 09:52:13.365, 1, 81, 22892, 24576, 334.42
2026/08/10 09:52:13.365, 2, 82, 23776, 24576, 335.36
2026/08/10 09:52:18.366, 0, 83, 22906, 24576, 340.98
2026/08/10 09:52:18.367, 1, 82, 22892, 24576, 316.81
2026/08/10 09:52:18.367, 2, 84, 23776, 24576, 329.62
2026/08/10 09:52:23.368, 0, 94, 13530, 24576, 306.94
2026/08/10 09:52:23.369, 1, 98, 14022, 24576, 325.63
2026/08/10 09:52:23.369, 2, 98, 13042, 24576, 321.14
2026/08/10 09:52:28.370, 0, 98, 14710, 24576, 297.87
2026/08/10 09:52:28.371, 1, 100, 13996, 24576, 263.87
2026/08/10 09:52:28.372, 2, 100, 13042, 24576, 196.17
2026/08/10 09:52:33.373, 0, 100, 23388, 24576, 331.54
2026/08/10 09:52:33.373, 1, 100, 23234, 24576, 325.98
2026/08/10 09:52:33.374, 2, 100, 20692, 24576, 303.95
2026/08/10 09:52:38.375, 0, 100, 23388, 24576, 327.03
2026/08/10 09:52:38.376, 1, 100, 23234, 24576, 323.84
2026/08/10 09:52:38.376, 2, 100, 20692, 24576, 303.72
2026/08/10 09:52:43.377, 0, 83, 23388, 24576, 336.63
2026/08/10 09:52:43.378, 1, 79, 23234, 24576, 333.85
2026/08/10 09:52:43.378, 2, 84, 20692, 24576, 333.93
2026/08/10 09:52:48.379, 0, 84, 23388, 24576, 340.70
2026/08/10 09:52:48.380, 1, 83, 23234, 24576, 321.67
2026/08/10 09:52:48.380, 2, 83, 20692, 24576, 337.40
2026/08/10 09:52:53.381, 0, 98, 13430, 24576, 299.48
2026/08/10 09:52:53.382, 1, 98, 13042, 24576, 295.40
2026/08/10 09:52:53.383, 2, 98, 13022, 24576, 286.73
2026/08/10 09:52:58.384, 0, 99, 13430, 24576, 339.75
2026/08/10 09:52:58.384, 1, 99, 13042, 24576, 320.27
2026/08/10 09:52:58.385, 2, 98, 13022, 24576, 325.67
2026/08/10 09:53:03.386, 0, 96, 23248, 24576, 327.40
2026/08/10 09:53:03.386, 1, 100, 23594, 24576, 333.61
2026/08/10 09:53:03.387, 2, 98, 22854, 24576, 327.23
2026/08/10 09:53:08.388, 0, 97, 23248, 24576, 327.06
2026/08/10 09:53:08.388, 1, 100, 23594, 24576, 337.53
2026/08/10 09:53:08.389, 2, 100, 22854, 24576, 325.10
2026/08/10 09:53:13.390, 0, 68, 23248, 24576, 284.45
2026/08/10 09:53:13.390, 1, 89, 21394, 24576, 295.01
2026/08/10 09:53:13.391, 2, 86, 22854, 24576, 289.03
2026/08/10 09:53:18.391, 0, 82, 23248, 24576, 338.56
2026/08/10 09:53:18.392, 1, 81, 21394, 24576, 318.39
2026/08/10 09:53:18.393, 2, 81, 22854, 24576, 333.91
2026/08/10 09:53:23.393, 0, 89, 13550, 24576, 300.86
2026/08/10 09:53:23.394, 1, 98, 21394, 24576, 319.08
2026/08/10 09:53:23.395, 2, 93, 14814, 24576, 308.33
2026/08/10 09:53:28.396, 0, 98, 13570, 24576, 340.66
2026/08/10 09:53:28.397, 1, 98, 21394, 24576, 313.64
2026/08/10 09:53:28.397, 2, 98, 13302, 24576, 324.89
2026/08/10 09:53:33.398, 0, 89, 24108, 24576, 314.51
2026/08/10 09:53:33.399, 1, 89, 23054, 24576, 320.19
2026/08/10 09:53:33.399, 2, 100, 23052, 24576, 299.36
2026/08/10 09:53:38.400, 0, 89, 21908, 24576, 316.84
2026/08/10 09:53:38.400, 1, 89, 23034, 24576, 316.98
2026/08/10 09:53:38.401, 2, 100, 23052, 24576, 308.23
2026/08/10 09:53:43.402, 0, 91, 21908, 24576, 290.16
2026/08/10 09:53:43.402, 1, 81, 23034, 24576, 305.21
2026/08/10 09:53:43.403, 2, 71, 23052, 24576, 290.15
2026/08/10 09:53:48.404, 0, 84, 21908, 24576, 337.84
2026/08/10 09:53:48.405, 1, 82, 23034, 24576, 306.64
2026/08/10 09:53:48.406, 2, 82, 23052, 24576, 337.02
2026/08/10 09:53:53.407, 0, 96, 20468, 24576, 324.62
2026/08/10 09:53:53.407, 1, 98, 23114, 24576, 306.36
2026/08/10 09:53:53.408, 2, 100, 24092, 24576, 336.89
2026/08/10 09:53:58.409, 0, 98, 15410, 24576, 300.79
2026/08/10 09:53:58.409, 1, 100, 13344, 24576, 301.91
2026/08/10 09:53:58.410, 2, 98, 13978, 24576, 294.13
2026/08/10 09:54:03.411, 0, 94, 21828, 24576, 316.14
2026/08/10 09:54:03.411, 1, 97, 23896, 24576, 319.98
2026/08/10 09:54:03.412, 2, 93, 21830, 24576, 299.30
2026/08/10 09:54:08.412, 0, 100, 21828, 24576, 317.77
2026/08/10 09:54:08.413, 1, 100, 23896, 24576, 317.69
2026/08/10 09:54:08.413, 2, 96, 21830, 24576, 309.61
2026/08/10 09:54:13.414, 0, 83, 21828, 24576, 316.00
2026/08/10 09:54:13.415, 1, 97, 23896, 24576, 319.70
2026/08/10 09:54:13.416, 2, 100, 21830, 24576, 316.71
2026/08/10 09:54:18.417, 0, 84, 24008, 24576, 338.81
2026/08/10 09:54:18.417, 1, 80, 23896, 24576, 316.15
2026/08/10 09:54:18.420, 2, 82, 21830, 24576, 336.20
2026/08/10 09:54:23.421, 0, 98, 24008, 24576, 339.67
2026/08/10 09:54:23.421, 1, 98, 23896, 24576, 283.65
2026/08/10 09:54:23.422, 2, 100, 21830, 24576, 257.23
2026/08/10 09:54:28.423, 0, 99, 13590, 24576, 338.57
2026/08/10 09:54:28.423, 1, 98, 23896, 24576, 298.86
2026/08/10 09:54:28.424, 2, 98, 13262, 24576, 337.16
2026/08/10 09:54:33.424, 0, 100, 24074, 24576, 328.36
2026/08/10 09:54:33.425, 1, 89, 23896, 24576, 288.03
2026/08/10 09:54:33.425, 2, 100, 23152, 24576, 273.27
2026/08/10 09:54:38.426, 0, 100, 23390, 24576, 339.13
2026/08/10 09:54:38.427, 1, 100, 23896, 24576, 315.84
2026/08/10 09:54:38.427, 2, 100, 23194, 24576, 321.57
2026/08/10 09:54:43.428, 0, 99, 23390, 24576, 330.64
2026/08/10 09:54:43.429, 1, 100, 23896, 24576, 314.80
2026/08/10 09:54:43.430, 2, 100, 23194, 24576, 319.99
2026/08/10 09:54:48.433, 0, 84, 23390, 24576, 334.25
2026/08/10 09:54:48.433, 1, 81, 23896, 24576, 334.59
2026/08/10 09:54:48.434, 2, 84, 23194, 24576, 326.67
2026/08/10 09:54:53.434, 0, 85, 23390, 24576, 338.96
2026/08/10 09:54:53.435, 1, 83, 23896, 24576, 322.75
2026/08/10 09:54:53.436, 2, 85, 23194, 24576, 338.90
2026/08/10 09:54:58.436, 0, 100, 13730, 24576, 335.95
2026/08/10 09:54:58.437, 1, 98, 23896, 24576, 305.99
2026/08/10 09:54:58.437, 2, 98, 12822, 24576, 338.10
2026/08/10 09:55:03.438, 0, 95, 23706, 24576, 291.82
2026/08/10 09:55:03.439, 1, 97, 23896, 24576, 279.05
2026/08/10 09:55:03.439, 2, 96, 22470, 24576, 309.81
2026/08/10 09:55:08.440, 0, 100, 23768, 24576, 326.01
2026/08/10 09:55:08.441, 1, 98, 23896, 24576, 318.30
2026/08/10 09:55:08.442, 2, 89, 21874, 24576, 338.96
2026/08/10 09:55:13.443, 0, 98, 23768, 24576, 328.86
2026/08/10 09:55:13.443, 1, 97, 23896, 24576, 318.87
2026/08/10 09:55:13.444, 2, 92, 20914, 24576, 323.76
2026/08/10 09:55:18.445, 0, 81, 23768, 24576, 336.23
2026/08/10 09:55:18.445, 1, 83, 23896, 24576, 314.14
2026/08/10 09:55:18.446, 2, 83, 20914, 24576, 336.71
2026/08/10 09:55:23.447, 0, 85, 23768, 24576, 259.15
2026/08/10 09:55:23.447, 1, 82, 23896, 24576, 319.76
2026/08/10 09:55:23.448, 2, 82, 20914, 24576, 316.52
2026/08/10 09:55:28.448, 0, 90, 14470, 24576, 298.54
2026/08/10 09:55:28.449, 1, 97, 13042, 24576, 312.03
2026/08/10 09:55:28.449, 2, 98, 20914, 24576, 327.18
2026/08/10 09:55:33.450, 0, 100, 23592, 24576, 313.95
2026/08/10 09:55:33.451, 1, 100, 22936, 24576, 303.67
2026/08/10 09:55:33.451, 2, 100, 22814, 24576, 261.36
2026/08/10 09:55:38.452, 0, 87, 23648, 24576, 320.44
2026/08/10 09:55:38.453, 1, 88, 22994, 24576, 326.90
2026/08/10 09:55:38.454, 2, 88, 22814, 24576, 338.89
2026/08/10 09:55:43.455, 0, 100, 23648, 24576, 322.17
2026/08/10 09:55:43.456, 1, 100, 23374, 24576, 321.43
2026/08/10 09:55:43.456, 2, 100, 23454, 24576, 335.93
2026/08/10 09:55:48.457, 0, 84, 23648, 24576, 335.89
2026/08/10 09:55:48.458, 1, 81, 20774, 24576, 317.92
2026/08/10 09:55:48.458, 2, 81, 20854, 24576, 333.38
2026/08/10 09:55:53.459, 0, 84, 23648, 24576, 340.36
2026/08/10 09:55:53.459, 1, 84, 20774, 24576, 313.31
2026/08/10 09:55:53.460, 2, 85, 20854, 24576, 332.67
2026/08/10 09:55:58.461, 0, 98, 14392, 24576, 337.64
2026/08/10 09:55:58.461, 1, 98, 20774, 24576, 311.26
2026/08/10 09:55:58.462, 2, 98, 13022, 24576, 333.76
2026/08/10 09:56:03.463, 0, 100, 14392, 24576, 249.96
2026/08/10 09:56:03.463, 1, 98, 20774, 24576, 307.09
2026/08/10 09:56:03.464, 2, 100, 13022, 24576, 193.70
2026/08/10 09:56:08.465, 0, 89, 20786, 24576, 296.74
2026/08/10 09:56:08.466, 1, 99, 24136, 24576, 306.38
2026/08/10 09:56:08.466, 2, 93, 22932, 24576, 295.42
2026/08/10 09:56:13.467, 0, 100, 20926, 24576, 294.95
2026/08/10 09:56:13.468, 1, 95, 24136, 24576, 312.05
2026/08/10 09:56:13.468, 2, 96, 20752, 24576, 302.44
2026/08/10 09:56:18.469, 0, 42, 22766, 24576, 290.36
2026/08/10 09:56:18.470, 1, 36, 21916, 24576, 299.16
2026/08/10 09:56:18.470, 2, 38, 22932, 24576, 294.65
2026/08/10 09:56:23.471, 0, 85, 22766, 24576, 338.87
2026/08/10 09:56:23.472, 1, 82, 21916, 24576, 316.01
2026/08/10 09:56:23.472, 2, 85, 22932, 24576, 333.73
2026/08/10 09:56:28.473, 0, 98, 24186, 24576, 340.59
2026/08/10 09:56:28.474, 1, 98, 22896, 24576, 304.66
2026/08/10 09:56:28.475, 2, 98, 23672, 24576, 335.48
2026/08/10 09:56:33.475, 0, 98, 13572, 24576, 340.08
2026/08/10 09:56:33.476, 1, 98, 13282, 24576, 315.13
2026/08/10 09:56:33.477, 2, 100, 13938, 24576, 291.62
2026/08/10 09:56:38.478, 0, 91, 22008, 24576, 319.04
2026/08/10 09:56:38.478, 1, 89, 23094, 24576, 317.19
2026/08/10 09:56:38.479, 2, 83, 20472, 24576, 321.24
2026/08/10 09:56:43.480, 0, 100, 24208, 24576, 322.63
2026/08/10 09:56:43.480, 1, 97, 23094, 24576, 306.49
2026/08/10 09:56:43.481, 2, 95, 20052, 24576, 315.86
2026/08/10 09:56:48.481, 0, 24, 22008, 24576, 273.77
2026/08/10 09:56:48.482, 1, 45, 23094, 24576, 274.32
2026/08/10 09:56:48.482, 2, 55, 20472, 24576, 268.86
2026/08/10 09:56:53.483, 0, 84, 22008, 24576, 338.36
2026/08/10 09:56:53.484, 1, 81, 23094, 24576, 323.96
2026/08/10 09:56:53.484, 2, 86, 20472, 24576, 241.61
2026/08/10 09:56:58.485, 0, 98, 23888, 24576, 339.20
2026/08/10 09:56:58.486, 1, 98, 23094, 24576, 313.38
2026/08/10 09:56:58.487, 2, 98, 22432, 24576, 337.94
2026/08/10 09:57:03.488, 0, 98, 13530, 24576, 339.41
2026/08/10 09:57:03.488, 1, 98, 19564, 24576, 308.88
2026/08/10 09:57:03.489, 2, 100, 20678, 24576, 326.60
2026/08/10 09:57:08.490, 0, 100, 23614, 24576, 266.20
2026/08/10 09:57:08.491, 1, 99, 23916, 24576, 319.38
2026/08/10 09:57:08.492, 2, 86, 20952, 24576, 243.51
2026/08/10 09:57:13.492, 0, 100, 24028, 24576, 299.29
2026/08/10 09:57:13.493, 1, 100, 23978, 24576, 317.97
2026/08/10 09:57:13.494, 2, 96, 22310, 24576, 290.80
2026/08/10 09:57:18.494, 0, 89, 21868, 24576, 306.76
2026/08/10 09:57:18.495, 1, 89, 23978, 24576, 318.86
2026/08/10 09:57:18.495, 2, 88, 20310, 24576, 289.44
2026/08/10 09:57:23.496, 0, 84, 21868, 24576, 333.16
2026/08/10 09:57:23.497, 1, 82, 23978, 24576, 331.13
2026/08/10 09:57:23.497, 2, 82, 20310, 24576, 330.33
2026/08/10 09:57:28.498, 0, 86, 21868, 24576, 341.26
2026/08/10 09:57:28.499, 1, 83, 23978, 24576, 319.40
2026/08/10 09:57:28.500, 2, 86, 20310, 24576, 338.29
2026/08/10 09:57:33.501, 0, 98, 19850, 24576, 323.40
2026/08/10 09:57:33.501, 1, 98, 13064, 24576, 293.50
2026/08/10 09:57:33.502, 2, 98, 20310, 24576, 338.85
2026/08/10 09:57:38.503, 0, 98, 19870, 24576, 331.53
2026/08/10 09:57:38.503, 1, 98, 13064, 24576, 308.71
2026/08/10 09:57:38.503, 2, 98, 20310, 24576, 329.77
2026/08/10 09:57:43.505, 0, 99, 20648, 24576, 312.64
2026/08/10 09:57:43.505, 1, 100, 21016, 24576, 312.64
2026/08/10 09:57:43.506, 2, 100, 20994, 24576, 328.66
2026/08/10 09:57:48.506, 0, 87, 22708, 24576, 311.96
2026/08/10 09:57:48.507, 1, 88, 24156, 24576, 321.95
2026/08/10 09:57:48.508, 2, 89, 23094, 24576, 337.75
2026/08/10 09:57:53.509, 0, 100, 22008, 24576, 318.14
2026/08/10 09:57:53.509, 1, 100, 24156, 24576, 321.39
2026/08/10 09:57:53.510, 2, 100, 23094, 24576, 337.96
2026/08/10 09:57:58.511, 0, 5, 22008, 24576, 128.95
2026/08/10 09:57:58.512, 1, 80, 21956, 24576, 319.43
2026/08/10 09:57:58.512, 2, 80, 21094, 24576, 313.89
2026/08/10 09:58:03.514, 0, 84, 22008, 24576, 343.25
2026/08/10 09:58:03.514, 1, 82, 21956, 24576, 336.31
2026/08/10 09:58:03.515, 2, 84, 21094, 24576, 338.46
2026/08/10 09:58:08.515, 0, 100, 22008, 24576, 343.76
2026/08/10 09:58:08.516, 1, 87, 12900, 24576, 297.64
2026/08/10 09:58:08.517, 2, 88, 13978, 24576, 294.20
2026/08/10 09:58:13.517, 0, 98, 22008, 24576, 327.67
2026/08/10 09:58:13.518, 1, 98, 13260, 24576, 325.55
2026/08/10 09:58:13.519, 2, 98, 14018, 24576, 306.10
2026/08/10 09:58:18.519, 0, 97, 20946, 24576, 313.10
2026/08/10 09:58:18.521, 1, 97, 22330, 24576, 311.01
2026/08/10 09:58:18.521, 2, 90, 23394, 24576, 315.13
2026/08/10 09:58:23.522, 0, 100, 20946, 24576, 310.82
2026/08/10 09:58:23.523, 1, 100, 22330, 24576, 324.48
2026/08/10 09:58:23.524, 2, 94, 23394, 24576, 318.21
2026/08/10 09:58:28.525, 0, 87, 23066, 24576, 269.23
2026/08/10 09:58:28.525, 1, 75, 22330, 24576, 272.13
2026/08/10 09:58:28.526, 2, 77, 23394, 24576, 292.30
2026/08/10 09:58:33.526, 0, 83, 23066, 24576, 338.67
2026/08/10 09:58:33.529, 1, 86, 22330, 24576, 327.56
2026/08/10 09:58:33.530, 2, 84, 23394, 24576, 325.63
2026/08/10 09:58:38.531, 0, 91, 14370, 24576, 299.53
2026/08/10 09:58:38.532, 1, 98, 22330, 24576, 321.62
2026/08/10 09:58:38.532, 2, 90, 12798, 24576, 291.20
2026/08/10 09:58:43.533, 0, 99, 14410, 24576, 342.37
2026/08/10 09:58:43.533, 1, 98, 22330, 24576, 309.88
2026/08/10 09:58:43.534, 2, 98, 13158, 24576, 324.97
2026/08/10 09:58:48.535, 0, 96, 22944, 24576, 301.76
2026/08/10 09:58:48.535, 1, 96, 22856, 24576, 330.95
2026/08/10 09:58:48.537, 2, 98, 22472, 24576, 308.24
2026/08/10 09:58:53.538, 0, 100, 22944, 24576, 335.35
2026/08/10 09:58:53.539, 1, 100, 22856, 24576, 323.41
2026/08/10 09:58:53.539, 2, 100, 22472, 24576, 325.56
2026/08/10 09:58:58.540, 0, 46, 22944, 24576, 309.37
2026/08/10 09:58:58.544, 1, 41, 22856, 24576, 308.95
2026/08/10 09:58:58.545, 2, 100, 22472, 24576, 308.64
2026/08/10 09:59:03.546, 0, 83, 22944, 24576, 340.61
2026/08/10 09:59:03.546, 1, 81, 22856, 24576, 321.47
2026/08/10 09:59:03.547, 2, 84, 22472, 24576, 332.39
2026/08/10 09:59:08.548, 0, 100, 22944, 24576, 340.34
2026/08/10 09:59:08.548, 1, 89, 15476, 24576, 272.88
2026/08/10 09:59:08.549, 2, 97, 22532, 24576, 314.83
2026/08/10 09:59:13.550, 0, 98, 22944, 24576, 340.09
2026/08/10 09:59:13.551, 1, 98, 12982, 24576, 316.61
2026/08/10 09:59:13.552, 2, 100, 14558, 24576, 286.79
2026/08/10 09:59:18.552, 0, 90, 22968, 24576, 313.91
2026/08/10 09:59:18.553, 1, 90, 22992, 24576, 312.35
2026/08/10 09:59:18.553, 2, 87, 22152, 24576, 309.20
2026/08/10 09:59:23.554, 0, 90, 22968, 24576, 310.87
2026/08/10 09:59:23.555, 1, 92, 22992, 24576, 309.05
2026/08/10 09:59:23.555, 2, 92, 22152, 24576, 306.83
2026/08/10 09:59:28.556, 0, 97, 22968, 24576, 315.87
2026/08/10 09:59:28.557, 1, 97, 22992, 24576, 311.19
2026/08/10 09:59:28.557, 2, 98, 22152, 24576, 310.73
2026/08/10 09:59:33.558, 0, 84, 22968, 24576, 339.47
2026/08/10 09:59:33.559, 1, 83, 22992, 24576, 325.01
2026/08/10 09:59:33.560, 2, 85, 22152, 24576, 333.47
2026/08/10 09:59:38.561, 0, 97, 22968, 24576, 339.83
2026/08/10 09:59:38.561, 1, 98, 22992, 24576, 310.88
2026/08/10 09:59:38.562, 2, 98, 22152, 24576, 310.17
2026/08/10 09:59:43.563, 0, 100, 13930, 24576, 334.51
2026/08/10 09:59:43.563, 1, 100, 23942, 24576, 298.41
2026/08/10 09:59:43.564, 2, 100, 17884, 24576, 334.06
2026/08/10 09:59:48.564, 0, 94, 23988, 24576, 240.88
2026/08/10 09:59:48.565, 1, 79, 23188, 24576, 225.61
2026/08/10 09:59:48.565, 2, 93, 23654, 24576, 315.36
2026/08/10 09:59:53.566, 0, 100, 24090, 24576, 333.04
2026/08/10 09:59:53.567, 1, 100, 23254, 24576, 321.13
2026/08/10 09:59:53.567, 2, 100, 23376, 24576, 327.51
2026/08/10 09:59:58.568, 0, 100, 24090, 24576, 331.32
2026/08/10 09:59:58.569, 1, 100, 23254, 24576, 322.03
2026/08/10 09:59:58.569, 2, 100, 23376, 24576, 331.14
2026/08/10 10:00:03.570, 0, 83, 24090, 24576, 321.63
2026/08/10 10:00:03.571, 1, 82, 23254, 24576, 329.11
2026/08/10 10:00:03.572, 2, 84, 23376, 24576, 326.47
2026/08/10 10:00:08.573, 0, 83, 24090, 24576, 342.05
2026/08/10 10:00:08.574, 1, 83, 23254, 24576, 326.18
2026/08/10 10:00:08.574, 2, 84, 23376, 24576, 329.98
2026/08/10 10:00:13.575, 0, 98, 14410, 24576, 304.53
2026/08/10 10:00:13.576, 1, 100, 16162, 24576, 298.34
2026/08/10 10:00:13.576, 2, 98, 23376, 24576, 325.78
2026/08/10 10:00:18.577, 0, 47, 14410, 24576, 304.00
2026/08/10 10:00:18.578, 1, 98, 19476, 24576, 316.29
2026/08/10 10:00:18.579, 2, 98, 23376, 24576, 321.00
2026/08/10 10:00:23.579, 0, 100, 22482, 24576, 321.36
2026/08/10 10:00:23.580, 1, 100, 22832, 24576, 319.83
2026/08/10 10:00:23.581, 2, 100, 24196, 24576, 335.33
2026/08/10 10:00:28.582, 0, 96, 22482, 24576, 302.21
2026/08/10 10:00:28.582, 1, 95, 22832, 24576, 306.00
2026/08/10 10:00:28.583, 2, 96, 24196, 24576, 326.35
2026/08/10 10:00:33.584, 0, 100, 22482, 24576, 281.18
2026/08/10 10:00:33.584, 1, 100, 22832, 24576, 306.99
2026/08/10 10:00:33.585, 2, 98, 24196, 24576, 323.38
2026/08/10 10:00:38.586, 0, 84, 22482, 24576, 340.77
2026/08/10 10:00:38.587, 1, 80, 22832, 24576, 317.56
2026/08/10 10:00:38.587, 2, 85, 24196, 24576, 318.58
2026/08/10 10:00:43.588, 0, 98, 22482, 24576, 340.99
2026/08/10 10:00:43.588, 1, 98, 22832, 24576, 337.72
2026/08/10 10:00:43.589, 2, 98, 24196, 24576, 320.60
2026/08/10 10:00:48.590, 0, 98, 22482, 24576, 341.49
2026/08/10 10:00:48.590, 1, 98, 22832, 24576, 322.64
2026/08/10 10:00:48.591, 2, 96, 17982, 24576, 306.92
2026/08/10 10:00:53.592, 0, 94, 22766, 24576, 319.25
2026/08/10 10:00:53.593, 1, 93, 21810, 24576, 314.30
2026/08/10 10:00:53.593, 2, 93, 22772, 24576, 311.84
2026/08/10 10:00:58.594, 0, 89, 22766, 24576, 338.05
2026/08/10 10:00:58.595, 1, 88, 21810, 24576, 336.45
2026/08/10 10:00:58.596, 2, 87, 22772, 24576, 336.56
2026/08/10 10:01:03.597, 0, 34, 22766, 24576, 281.05
2026/08/10 10:01:03.597, 1, 59, 21810, 24576, 284.20
2026/08/10 10:01:03.598, 2, 75, 22772, 24576, 292.98
2026/08/10 10:01:08.599, 0, 84, 22766, 24576, 339.74
2026/08/10 10:01:08.599, 1, 82, 21810, 24576, 253.62
2026/08/10 10:01:08.600, 2, 84, 22772, 24576, 328.50
2026/08/10 10:01:13.601, 0, 98, 23686, 24576, 336.59
2026/08/10 10:01:13.601, 1, 98, 24110, 24576, 323.11
2026/08/10 10:01:13.602, 2, 98, 23812, 24576, 338.20
2026/08/10 10:01:18.602, 0, 98, 13890, 24576, 337.10
2026/08/10 10:01:18.603, 1, 96, 13896, 24576, 287.59
2026/08/10 10:01:18.604, 2, 93, 14660, 24576, 300.57
2026/08/10 10:01:23.605, 0, 100, 24250, 24576, 325.77
2026/08/10 10:01:23.605, 1, 100, 21432, 24576, 313.75
2026/08/10 10:01:23.606, 2, 100, 21812, 24576, 308.00
2026/08/10 10:01:28.607, 0, 90, 24250, 24576, 329.98
2026/08/10 10:01:28.608, 1, 100, 22872, 24576, 317.93
2026/08/10 10:01:28.608, 2, 100, 23352, 24576, 312.98
2026/08/10 10:01:33.609, 0, 84, 22110, 24576, 330.52
2026/08/10 10:01:33.610, 1, 94, 22992, 24576, 322.86
2026/08/10 10:01:33.610, 2, 100, 22012, 24576, 317.74
2026/08/10 10:01:38.611, 0, 83, 22110, 24576, 338.10
2026/08/10 10:01:38.611, 1, 81, 22992, 24576, 329.92
2026/08/10 10:01:38.612, 2, 83, 22012, 24576, 333.10
2026/08/10 10:01:43.613, 0, 85, 22110, 24576, 341.03
2026/08/10 10:01:43.613, 1, 83, 22992, 24576, 316.06
2026/08/10 10:01:43.614, 2, 100, 22012, 24576, 179.67
2026/08/10 10:01:48.615, 0, 98, 13570, 24576, 339.46
2026/08/10 10:01:48.615, 1, 100, 12982, 24576, 318.37
2026/08/10 10:01:48.616, 2, 98, 22012, 24576, 319.08
2026/08/10 10:01:53.617, 0, 89, 23562, 24576, 222.77
2026/08/10 10:01:53.617, 1, 97, 23268, 24576, 299.74
2026/08/10 10:01:53.618, 2, 100, 23312, 24576, 211.97
2026/08/10 10:01:58.619, 0, 100, 21788, 24576, 308.28
2026/08/10 10:01:58.619, 1, 100, 22996, 24576, 316.32
2026/08/10 10:01:58.620, 2, 94, 21670, 24576, 305.22
2026/08/10 10:02:03.620, 0, 90, 21788, 24576, 307.94
2026/08/10 10:02:03.621, 1, 90, 22996, 24576, 314.23
2026/08/10 10:02:03.622, 2, 87, 21670, 24576, 295.57
2026/08/10 10:02:08.622, 0, 83, 21788, 24576, 283.69
2026/08/10 10:02:08.623, 1, 79, 22996, 24576, 294.45
2026/08/10 10:02:08.623, 2, 84, 21670, 24576, 275.40
2026/08/10 10:02:13.624, 0, 84, 21788, 24576, 340.72
2026/08/10 10:02:13.625, 1, 85, 22996, 24576, 318.86
2026/08/10 10:02:13.625, 2, 85, 21670, 24576, 336.71
2026/08/10 10:02:18.626, 0, 98, 13490, 24576, 297.98
2026/08/10 10:02:18.627, 1, 98, 12922, 24576, 291.64
2026/08/10 10:02:18.627, 2, 81, 12818, 24576, 291.14
2026/08/10 10:02:23.628, 0, 98, 13490, 24576, 336.31
2026/08/10 10:02:23.629, 1, 98, 13302, 24576, 303.50
2026/08/10 10:02:23.629, 2, 98, 12862, 24576, 336.80
2026/08/10 10:02:28.630, 0, 97, 23270, 24576, 322.83
2026/08/10 10:02:28.631, 1, 97, 23012, 24576, 309.14
2026/08/10 10:02:28.632, 2, 95, 21236, 24576, 323.61
2026/08/10 10:02:33.632, 0, 88, 23270, 24576, 331.38
2026/08/10 10:02:33.633, 1, 100, 23012, 24576, 296.22
2026/08/10 10:02:33.633, 2, 100, 22136, 24576, 335.95
2026/08/10 10:02:38.634, 0, 89, 23630, 24576, 326.77
2026/08/10 10:02:38.635, 1, 89, 23012, 24576, 315.56
2026/08/10 10:02:38.635, 2, 89, 23236, 24576, 338.29
2026/08/10 10:02:43.636, 0, 82, 23270, 24576, 339.01
2026/08/10 10:02:43.638, 1, 84, 23012, 24576, 321.66
2026/08/10 10:02:43.639, 2, 84, 21236, 24576, 333.08
2026/08/10 10:02:48.640, 0, 98, 23270, 24576, 291.24
2026/08/10 10:02:48.640, 1, 98, 23012, 24576, 306.53
2026/08/10 10:02:48.641, 2, 100, 21236, 24576, 325.90
2026/08/10 10:02:53.642, 0, 98, 13430, 24576, 338.96
2026/08/10 10:02:53.642, 1, 98, 13262, 24576, 317.87
2026/08/10 10:02:53.643, 2, 100, 13062, 24576, 322.14
2026/08/10 10:02:58.644, 0, 100, 22872, 24576, 277.96
2026/08/10 10:02:58.644, 1, 100, 22876, 24576, 271.28
2026/08/10 10:02:58.645, 2, 100, 23478, 24576, 291.24
2026/08/10 10:03:03.645, 0, 96, 23286, 24576, 305.17
2026/08/10 10:03:03.646, 1, 97, 22932, 24576, 314.40
2026/08/10 10:03:03.647, 2, 97, 23896, 24576, 325.09
2026/08/10 10:03:08.647, 0, 91, 23286, 24576, 294.50
2026/08/10 10:03:08.648, 1, 100, 22932, 24576, 300.61
2026/08/10 10:03:08.649, 2, 100, 23896, 24576, 322.67
2026/08/10 10:03:13.649, 0, 81, 23286, 24576, 337.00
2026/08/10 10:03:13.650, 1, 81, 22932, 24576, 334.38
2026/08/10 10:03:13.650, 2, 83, 21696, 24576, 333.00
2026/08/10 10:03:18.652, 0, 85, 23286, 24576, 340.70
2026/08/10 10:03:18.658, 1, 81, 22932, 24576, 327.91
2026/08/10 10:03:18.661, 2, 83, 21696, 24576, 332.99
2026/08/10 10:03:23.662, 0, 98, 13570, 24576, 338.99
2026/08/10 10:03:23.663, 1, 98, 13220, 24576, 324.69
2026/08/10 10:03:23.663, 2, 98, 23182, 24576, 328.45
2026/08/10 10:03:28.664, 0, 100, 13570, 24576, 290.52
2026/08/10 10:03:28.665, 1, 100, 13220, 24576, 212.70
2026/08/10 10:03:28.666, 2, 90, 12238, 24576, 289.25
2026/08/10 10:03:33.669, 0, 97, 21788, 24576, 327.79
2026/08/10 10:03:33.669, 1, 96, 22370, 24576, 300.20
2026/08/10 10:03:33.670, 2, 95, 21734, 24576, 321.55
2026/08/10 10:03:38.671, 0, 90, 21608, 24576, 314.80
2026/08/10 10:03:38.672, 1, 97, 22370, 24576, 301.85
2026/08/10 10:03:38.672, 2, 91, 22854, 24576, 315.72
2026/08/10 10:03:43.674, 0, 80, 21608, 24576, 312.47
2026/08/10 10:03:43.674, 1, 81, 22370, 24576, 318.41
2026/08/10 10:03:43.675, 2, 80, 22854, 24576, 308.14
2026/08/10 10:03:48.675, 0, 82, 21608, 24576, 338.65
2026/08/10 10:03:48.676, 1, 82, 22370, 24576, 329.89
2026/08/10 10:03:48.677, 2, 84, 22854, 24576, 326.07
2026/08/10 10:03:53.677, 0, 98, 19770, 24576, 317.08
2026/08/10 10:03:53.678, 1, 97, 19562, 24576, 313.90
2026/08/10 10:03:53.679, 2, 100, 14042, 24576, 297.17
2026/08/10 10:03:58.680, 0, 98, 13450, 24576, 339.65
2026/08/10 10:03:58.681, 1, 98, 19602, 24576, 315.94
2026/08/10 10:03:58.681, 2, 98, 14038, 24576, 330.28
2026/08/10 10:04:03.682, 0, 100, 23328, 24576, 328.26
2026/08/10 10:04:03.683, 1, 95, 22414, 24576, 327.30
2026/08/10 10:04:03.683, 2, 100, 21254, 24576, 310.09
2026/08/10 10:04:08.684, 0, 89, 23328, 24576, 326.61
2026/08/10 10:04:08.685, 1, 89, 22414, 24576, 323.77
2026/08/10 10:04:08.685, 2, 95, 21254, 24576, 311.18
2026/08/10 10:04:13.686, 0, 25, 23328, 24576, 201.60
2026/08/10 10:04:13.687, 1, 79, 21694, 24576, 294.91
2026/08/10 10:04:13.687, 2, 80, 23014, 24576, 279.00
2026/08/10 10:04:18.689, 0, 85, 23328, 24576, 339.29
2026/08/10 10:04:18.690, 1, 83, 21694, 24576, 317.75
2026/08/10 10:04:18.690, 2, 84, 23014, 24576, 335.99
2026/08/10 10:04:23.691, 0, 100, 17930, 24576, 302.52
2026/08/10 10:04:23.692, 1, 98, 14042, 24576, 283.86
2026/08/10 10:04:23.693, 2, 98, 12742, 24576, 286.84
2026/08/10 10:04:28.693, 0, 100, 13790, 24576, 338.52
2026/08/10 10:04:28.694, 1, 98, 14018, 24576, 325.82
2026/08/10 10:04:28.695, 2, 98, 12762, 24576, 321.68
2026/08/10 10:04:33.695, 0, 100, 22884, 24576, 320.72
2026/08/10 10:04:33.696, 1, 100, 20854, 24576, 307.30
2026/08/10 10:04:33.696, 2, 100, 21972, 24576, 322.18
2026/08/10 10:04:38.697, 0, 89, 22884, 24576, 317.67
2026/08/10 10:04:38.698, 1, 100, 20854, 24576, 315.33
2026/08/10 10:04:38.698, 2, 100, 21972, 24576, 328.59
2026/08/10 10:04:43.699, 0, 81, 22884, 24576, 266.09
2026/08/10 10:04:43.700, 1, 79, 22974, 24576, 282.33
2026/08/10 10:04:43.700, 2, 81, 21972, 24576, 289.50
2026/08/10 10:04:48.701, 0, 82, 22884, 24576, 340.86
2026/08/10 10:04:48.701, 1, 81, 22974, 24576, 316.13
2026/08/10 10:04:48.702, 2, 84, 21972, 24576, 329.80
2026/08/10 10:04:53.703, 0, 94, 16184, 24576, 312.14
2026/08/10 10:04:53.704, 1, 88, 13334, 24576, 305.42
2026/08/10 10:04:53.705, 2, 89, 13362, 24576, 281.25
2026/08/10 10:04:58.706, 0, 98, 14370, 24576, 303.86
2026/08/10 10:04:58.706, 1, 98, 13956, 24576, 298.39
2026/08/10 10:04:58.707, 2, 100, 18638, 24576, 293.34
2026/08/10 10:05:03.708, 0, 100, 23528, 24576, 332.72
2026/08/10 10:05:03.708, 1, 100, 22752, 24576, 337.41
2026/08/10 10:05:03.709, 2, 100, 23212, 24576, 323.57
2026/08/10 10:05:08.709, 0, 100, 23528, 24576, 329.52
2026/08/10 10:05:08.710, 1, 89, 22752, 24576, 338.30
2026/08/10 10:05:08.711, 2, 95, 23212, 24576, 327.89
2026/08/10 10:05:13.711, 0, 78, 23528, 24576, 302.32
2026/08/10 10:05:13.712, 1, 63, 22752, 24576, 309.71
2026/08/10 10:05:13.712, 2, 56, 23212, 24576, 305.94
2026/08/10 10:05:18.713, 0, 83, 23528, 24576, 340.22
2026/08/10 10:05:18.714, 1, 81, 22752, 24576, 322.81
2026/08/10 10:05:18.715, 2, 82, 23212, 24576, 336.72
2026/08/10 10:05:23.715, 0, 98, 24108, 24576, 339.66
2026/08/10 10:05:23.716, 1, 98, 22752, 24576, 316.14
2026/08/10 10:05:23.717, 2, 42, 23212, 24576, 319.40
2026/08/10 10:05:28.717, 0, 97, 17050, 24576, 320.02
2026/08/10 10:05:28.718, 1, 98, 13322, 24576, 312.02
2026/08/10 10:05:28.718, 2, 98, 13322, 24576, 334.33
2026/08/10 10:05:33.719, 0, 95, 22866, 24576, 321.90
2026/08/10 10:05:33.720, 1, 100, 23494, 24576, 333.56
2026/08/10 10:05:33.720, 2, 100, 22872, 24576, 324.13
2026/08/10 10:05:38.721, 0, 100, 22866, 24576, 329.08
2026/08/10 10:05:38.722, 1, 87, 23494, 24576, 329.89
2026/08/10 10:05:38.723, 2, 89, 22872, 24576, 325.71
2026/08/10 10:05:43.723, 0, 89, 23046, 24576, 326.98
2026/08/10 10:05:43.724, 1, 88, 23494, 24576, 306.27
2026/08/10 10:05:43.725, 2, 100, 22872, 24576, 306.67
2026/08/10 10:05:48.726, 0, 84, 22866, 24576, 339.41
2026/08/10 10:05:48.726, 1, 81, 23494, 24576, 324.16
2026/08/10 10:05:48.727, 2, 83, 22872, 24576, 333.30
2026/08/10 10:05:53.731, 0, 98, 22866, 24576, 292.41
2026/08/10 10:05:53.731, 1, 98, 23494, 24576, 315.90
2026/08/10 10:05:53.732, 2, 100, 22872, 24576, 294.19
2026/08/10 10:05:58.733, 0, 100, 13430, 24576, 338.79
2026/08/10 10:05:58.733, 1, 98, 13024, 24576, 334.04
2026/08/10 10:05:58.734, 2, 98, 21840, 24576, 336.32
2026/08/10 10:06:03.735, 0, 100, 22972, 24576, 273.63
2026/08/10 10:06:03.735, 1, 100, 23900, 24576, 306.59
2026/08/10 10:06:03.736, 2, 98, 20978, 24576, 254.24
2026/08/10 10:06:08.737, 0, 97, 23026, 24576, 299.80
2026/08/10 10:06:08.737, 1, 96, 23936, 24576, 315.58
2026/08/10 10:06:08.738, 2, 93, 21032, 24576, 277.08
2026/08/10 10:06:13.739, 0, 85, 21326, 24576, 302.60
2026/08/10 10:06:13.740, 1, 88, 23936, 24576, 309.23
2026/08/10 10:06:13.741, 2, 88, 21352, 24576, 311.37
2026/08/10 10:06:18.741, 0, 84, 20966, 24576, 331.45
2026/08/10 10:06:18.742, 1, 82, 23936, 24576, 331.20
2026/08/10 10:06:18.742, 2, 83, 21032, 24576, 328.99
2026/08/10 10:06:23.743, 0, 85, 20966, 24576, 338.61
2026/08/10 10:06:23.744, 1, 84, 23936, 24576, 317.27
2026/08/10 10:06:23.744, 2, 85, 21032, 24576, 338.21
2026/08/10 10:06:28.745, 0, 100, 13530, 24576, 338.30
2026/08/10 10:06:28.746, 1, 98, 22742, 24576, 333.84
2026/08/10 10:06:28.746, 2, 98, 21032, 24576, 337.81
2026/08/10 10:06:33.747, 0, 100, 13530, 24576, 221.24
2026/08/10 10:06:33.747, 1, 98, 19438, 24576, 311.05
2026/08/10 10:06:33.748, 2, 100, 21032, 24576, 175.12
2026/08/10 10:06:38.749, 0, 81, 21968, 24576, 310.21
2026/08/10 10:06:38.749, 1, 83, 20990, 24576, 292.26
2026/08/10 10:06:38.750, 2, 91, 20412, 24576, 299.46
2026/08/10 10:06:43.751, 0, 99, 21968, 24576, 331.91
2026/08/10 10:06:43.752, 1, 98, 20990, 24576, 316.48
2026/08/10 10:06:43.752, 2, 100, 20412, 24576, 299.47
2026/08/10 10:06:48.753, 0, 84, 21968, 24576, 335.42
2026/08/10 10:06:48.754, 1, 80, 20990, 24576, 330.14
2026/08/10 10:06:48.754, 2, 81, 20412, 24576, 330.24
2026/08/10 10:06:53.755, 0, 85, 21968, 24576, 339.84
2026/08/10 10:06:53.756, 1, 83, 20990, 24576, 317.84
2026/08/10 10:06:53.757, 2, 85, 20412, 24576, 338.26
2026/08/10 10:06:58.757, 0, 98, 14370, 24576, 339.95
2026/08/10 10:06:58.759, 1, 98, 14002, 24576, 310.91
2026/08/10 10:06:58.760, 2, 100, 18622, 24576, 312.21
2026/08/10 10:07:03.761, 0, 44, 14370, 24576, 314.05
2026/08/10 10:07:03.761, 1, 98, 13978, 24576, 315.93
2026/08/10 10:07:03.762, 2, 98, 18618, 24576, 305.77
2026/08/10 10:07:08.763, 0, 100, 22824, 24576, 295.01
2026/08/10 10:07:08.763, 1, 89, 23814, 24576, 321.26
2026/08/10 10:07:08.764, 2, 89, 23754, 24576, 332.07
2026/08/10 10:07:13.765, 0, 89, 22164, 24576, 308.37
2026/08/10 10:07:13.766, 1, 100, 23174, 24576, 323.26
2026/08/10 10:07:13.767, 2, 100, 23034, 24576, 332.43
2026/08/10 10:07:18.768, 0, 96, 22164, 24576, 304.02
2026/08/10 10:07:18.769, 1, 89, 23174, 24576, 311.33
2026/08/10 10:07:18.770, 2, 90, 23034, 24576, 315.44
2026/08/10 10:07:23.770, 0, 83, 22164, 24576, 338.12
2026/08/10 10:07:23.771, 1, 82, 23174, 24576, 333.04
2026/08/10 10:07:23.771, 2, 84, 23034, 24576, 337.26
2026/08/10 10:07:28.772, 0, 98, 22164, 24576, 313.87
2026/08/10 10:07:28.773, 1, 98, 23174, 24576, 266.25
2026/08/10 10:07:28.774, 2, 98, 23034, 24576, 326.22
2026/08/10 10:07:33.775, 0, 98, 13452, 24576, 340.30
2026/08/10 10:07:33.775, 1, 98, 12802, 24576, 289.18
2026/08/10 10:07:33.776, 2, 100, 13342, 24576, 322.84
2026/08/10 10:07:38.777, 0, 91, 23186, 24576, 312.04
2026/08/10 10:07:38.777, 1, 100, 21930, 24576, 316.14
2026/08/10 10:07:38.778, 2, 100, 23772, 24576, 309.11
2026/08/10 10:07:43.778, 0, 95, 21008, 24576, 321.48
2026/08/10 10:07:43.779, 1, 93, 21090, 24576, 310.92
2026/08/10 10:07:43.779, 2, 100, 23776, 24576, 324.73
2026/08/10 10:07:48.780, 0, 96, 23568, 24576, 313.44
2026/08/10 10:07:48.781, 1, 97, 19990, 24576, 306.11
2026/08/10 10:07:48.782, 2, 98, 23776, 24576, 328.83
2026/08/10 10:07:53.782, 0, 79, 23568, 24576, 337.08
2026/08/10 10:07:53.783, 1, 81, 19990, 24576, 333.98
2026/08/10 10:07:53.783, 2, 83, 23776, 24576, 320.23
2026/08/10 10:07:58.786, 0, 86, 23568, 24576, 340.90
2026/08/10 10:07:58.787, 1, 84, 19990, 24576, 325.42
2026/08/10 10:07:58.788, 2, 90, 23776, 24576, 301.46
2026/08/10 10:08:03.789, 0, 98, 13450, 24576, 302.39
2026/08/10 10:08:03.789, 1, 98, 14322, 24576, 315.59
2026/08/10 10:08:03.790, 2, 98, 16042, 24576, 323.39
2026/08/10 10:08:08.790, 0, 100, 23568, 24576, 324.70
2026/08/10 10:08:08.791, 1, 86, 23174, 24576, 304.89
2026/08/10 10:08:08.791, 2, 100, 21830, 24576, 309.87
2026/08/10 10:08:13.792, 0, 100, 23248, 24576, 325.92
2026/08/10 10:08:13.793, 1, 100, 23174, 24576, 326.29
2026/08/10 10:08:13.793, 2, 100, 21830, 24576, 310.90
2026/08/10 10:08:18.794, 0, 100, 23248, 24576, 331.62
2026/08/10 10:08:18.795, 1, 100, 23174, 24576, 329.06
2026/08/10 10:08:18.796, 2, 100, 21830, 24576, 318.93
2026/08/10 10:08:23.797, 0, 81, 23248, 24576, 337.64
2026/08/10 10:08:23.797, 1, 79, 23174, 24576, 322.98
2026/08/10 10:08:23.798, 2, 83, 21830, 24576, 335.01
2026/08/10 10:08:28.799, 0, 82, 23248, 24576, 339.21
2026/08/10 10:08:28.800, 1, 83, 23174, 24576, 302.78
2026/08/10 10:08:28.800, 2, 84, 21830, 24576, 337.82
2026/08/10 10:08:33.801, 0, 98, 23248, 24576, 338.17
2026/08/10 10:08:33.801, 1, 100, 22482, 24576, 330.26
2026/08/10 10:08:33.802, 2, 98, 24122, 24576, 333.01
2026/08/10 10:08:38.803, 0, 100, 23248, 24576, 181.28
2026/08/10 10:08:38.803, 1, 98, 13462, 24576, 311.95
2026/08/10 10:08:38.804, 2, 100, 13220, 24576, 218.62
2026/08/10 10:08:43.805, 0, 91, 23566, 24576, 336.69
2026/08/10 10:08:43.806, 1, 89, 21676, 24576, 312.55
2026/08/10 10:08:43.806, 2, 100, 22732, 24576, 324.65
2026/08/10 10:08:48.807, 0, 89, 23566, 24576, 335.50
2026/08/10 10:08:48.808, 1, 100, 21676, 24576, 314.23
2026/08/10 10:08:48.808, 2, 88, 22732, 24576, 319.52
2026/08/10 10:08:53.809, 0, 100, 23566, 24576, 323.34
2026/08/10 10:08:53.809, 1, 97, 21676, 24576, 293.20
2026/08/10 10:08:53.810, 2, 100, 22732, 24576, 321.81
2026/08/10 10:08:58.811, 0, 83, 23566, 24576, 339.69
2026/08/10 10:08:58.811, 1, 82, 21676, 24576, 319.81
2026/08/10 10:08:58.812, 2, 83, 22732, 24576, 337.34
2026/08/10 10:09:03.813, 0, 98, 23286, 24576, 338.30
2026/08/10 10:09:03.813, 1, 98, 23876, 24576, 331.43
2026/08/10 10:09:03.814, 2, 98, 22732, 24576, 336.52
2026/08/10 10:09:08.815, 0, 97, 15410, 24576, 296.86
2026/08/10 10:09:08.816, 1, 98, 12840, 24576, 310.57
2026/08/10 10:09:08.816, 2, 98, 22732, 24576, 325.23
2026/08/10 10:09:13.817, 0, 100, 24128, 24576, 322.36
2026/08/10 10:09:13.818, 1, 100, 22850, 24576, 320.39
2026/08/10 10:09:13.818, 2, 98, 22852, 24576, 317.15
2026/08/10 10:09:18.819, 0, 97, 24128, 24576, 328.79
2026/08/10 10:09:18.820, 1, 83, 19930, 24576, 303.25
2026/08/10 10:09:18.820, 2, 100, 22852, 24576, 318.11
2026/08/10 10:09:23.822, 0, 100, 24128, 24576, 339.80
2026/08/10 10:09:23.822, 1, 100, 19930, 24576, 306.79
2026/08/10 10:09:23.823, 2, 100, 22852, 24576, 328.85
2026/08/10 10:09:28.824, 0, 83, 24128, 24576, 339.99
2026/08/10 10:09:28.824, 1, 82, 19930, 24576, 321.91
2026/08/10 10:09:28.825, 2, 84, 22852, 24576, 337.53
2026/08/10 10:09:33.826, 0, 97, 24128, 24576, 340.69
2026/08/10 10:09:33.826, 1, 98, 19930, 24576, 331.20
2026/08/10 10:09:33.827, 2, 98, 22852, 24576, 334.69
2026/08/10 10:09:38.827, 0, 98, 13670, 24576, 340.58
2026/08/10 10:09:38.828, 1, 98, 19930, 24576, 311.46
2026/08/10 10:09:38.829, 2, 98, 19282, 24576, 314.56
2026/08/10 10:09:43.830, 0, 100, 22906, 24576, 297.37
2026/08/10 10:09:43.830, 1, 100, 22452, 24576, 325.01
2026/08/10 10:09:43.831, 2, 100, 22854, 24576, 312.80
2026/08/10 10:09:48.832, 0, 97, 22906, 24576, 305.35
2026/08/10 10:09:48.832, 1, 93, 22932, 24576, 308.57
2026/08/10 10:09:48.833, 2, 95, 22854, 24576, 313.45
2026/08/10 10:09:53.834, 0, 97, 22906, 24576, 319.52
2026/08/10 10:09:53.834, 1, 94, 22932, 24576, 308.67
2026/08/10 10:09:53.835, 2, 100, 22854, 24576, 318.63
2026/08/10 10:09:58.836, 0, 83, 22906, 24576, 339.19
2026/08/10 10:09:58.837, 1, 84, 22932, 24576, 321.84
2026/08/10 10:09:58.837, 2, 83, 22854, 24576, 336.30
2026/08/10 10:10:03.838, 0, 98, 22906, 24576, 271.66
2026/08/10 10:10:03.839, 1, 98, 22932, 24576, 279.75
2026/08/10 10:10:03.839, 2, 100, 22854, 24576, 319.89
2026/08/10 10:10:08.840, 0, 98, 23690, 24576, 339.86
2026/08/10 10:10:08.841, 1, 98, 13042, 24576, 316.19
2026/08/10 10:10:08.841, 2, 100, 14544, 24576, 316.24
2026/08/10 10:10:13.842, 0, 100, 14610, 24576, 176.31
2026/08/10 10:10:13.843, 1, 100, 13042, 24576, 188.15
2026/08/10 10:10:13.844, 2, 100, 14158, 24576, 288.05
2026/08/10 10:10:18.845, 0, 100, 21488, 24576, 291.64
2026/08/10 10:10:18.845, 1, 100, 21974, 24576, 305.58
2026/08/10 10:10:18.846, 2, 100, 24120, 24576, 313.96
2026/08/10 10:10:23.847, 0, 100, 23008, 24576, 314.51
2026/08/10 10:10:23.847, 1, 100, 23034, 24576, 334.70
2026/08/10 10:10:23.848, 2, 100, 24120, 24576, 332.41
2026/08/10 10:10:28.849, 0, 21, 23008, 24576, 253.98
2026/08/10 10:10:28.850, 1, 22, 20814, 24576, 268.07
2026/08/10 10:10:28.850, 2, 22, 24120, 24576, 284.48
2026/08/10 10:10:33.851, 0, 84, 23008, 24576, 341.02
2026/08/10 10:10:33.852, 1, 81, 20814, 24576, 317.44
2026/08/10 10:10:33.852, 2, 83, 24120, 24576, 326.67
2026/08/10 10:10:38.853, 0, 98, 24108, 24576, 339.44
2026/08/10 10:10:38.854, 1, 100, 20814, 24576, 319.04
2026/08/10 10:10:38.854, 2, 98, 24120, 24576, 337.38
2026/08/10 10:10:43.855, 0, 100, 16270, 24576, 299.37
2026/08/10 10:10:43.856, 1, 98, 20814, 24576, 305.70
2026/08/10 10:10:43.856, 2, 88, 14018, 24576, 280.09
2026/08/10 10:10:48.857, 0, 89, 22846, 24576, 337.22
2026/08/10 10:10:48.858, 1, 100, 23116, 24576, 299.18
2026/08/10 10:10:48.858, 2, 100, 23334, 24576, 325.15
2026/08/10 10:10:53.859, 0, 95, 22846, 24576, 299.18
2026/08/10 10:10:53.859, 1, 94, 23116, 24576, 309.41
2026/08/10 10:10:53.860, 2, 95, 23334, 24576, 294.47
2026/08/10 10:10:58.861, 0, 100, 20766, 24576, 292.48
2026/08/10 10:10:58.861, 1, 100, 23116, 24576, 320.99
2026/08/10 10:10:58.862, 2, 100, 23334, 24576, 312.13
2026/08/10 10:11:03.863, 0, 82, 22846, 24576, 339.45
2026/08/10 10:11:03.863, 1, 79, 23116, 24576, 318.02
2026/08/10 10:11:03.864, 2, 83, 23334, 24576, 335.02
2026/08/10 10:11:08.865, 0, 84, 22846, 24576, 343.22
2026/08/10 10:11:08.865, 1, 84, 23116, 24576, 318.18
2026/08/10 10:11:08.866, 2, 84, 23334, 24576, 337.54
2026/08/10 10:11:13.867, 0, 100, 13530, 24576, 339.14
2026/08/10 10:11:13.868, 1, 98, 12942, 24576, 333.70
2026/08/10 10:11:13.868, 2, 98, 13064, 24576, 338.91
2026/08/10 10:11:18.869, 0, 100, 13530, 24576, 262.21
2026/08/10 10:11:18.870, 1, 47, 13322, 24576, 289.16
2026/08/10 10:11:18.870, 2, 98, 13064, 24576, 324.19
2026/08/10 10:11:23.871, 0, 100, 21888, 24576, 309.98
2026/08/10 10:11:23.871, 1, 89, 23594, 24576, 317.99
2026/08/10 10:11:23.872, 2, 98, 23198, 24576, 331.21
2026/08/10 10:11:28.873, 0, 100, 21888, 24576, 305.14
2026/08/10 10:11:28.875, 1, 100, 23594, 24576, 319.26
2026/08/10 10:11:28.875, 2, 97, 23198, 24576, 334.39
2026/08/10 10:11:33.876, 0, 86, 22268, 24576, 298.87
2026/08/10 10:11:33.877, 1, 100, 23594, 24576, 298.34
2026/08/10 10:11:33.877, 2, 100, 22796, 24576, 325.09
2026/08/10 10:11:38.879, 0, 83, 21888, 24576, 338.47
2026/08/10 10:11:38.879, 1, 79, 23594, 24576, 324.41
2026/08/10 10:11:38.880, 2, 82, 23198, 24576, 326.18
2026/08/10 10:11:43.881, 0, 98, 21888, 24576, 338.99
2026/08/10 10:11:43.881, 1, 98, 23594, 24576, 320.40
2026/08/10 10:11:43.882, 2, 98, 23198, 24576, 325.44
2026/08/10 10:11:48.883, 0, 98, 13570, 24576, 340.43
2026/08/10 10:11:48.883, 1, 97, 23594, 24576, 305.50
2026/08/10 10:11:48.884, 2, 90, 12118, 24576, 285.77
2026/08/10 10:11:53.884, 0, 97, 22686, 24576, 338.94
2026/08/10 10:11:53.885, 1, 88, 23594, 24576, 325.16
2026/08/10 10:11:53.886, 2, 97, 21470, 24576, 304.84
2026/08/10 10:11:58.886, 0, 100, 21566, 24576, 329.74
2026/08/10 10:11:58.887, 1, 100, 23594, 24576, 330.70
2026/08/10 10:11:58.888, 2, 100, 21470, 24576, 325.97
2026/08/10 10:12:03.889, 0, 24, 21566, 24576, 283.80
2026/08/10 10:12:03.889, 1, 44, 23594, 24576, 269.30
2026/08/10 10:12:03.893, 2, 22, 21470, 24576, 265.92
2026/08/10 10:12:08.894, 0, 86, 21566, 24576, 337.77
2026/08/10 10:12:08.894, 1, 81, 23594, 24576, 315.03
2026/08/10 10:12:08.895, 2, 85, 21470, 24576, 337.45
2026/08/10 10:12:13.895, 0, 93, 13430, 24576, 297.90
2026/08/10 10:12:13.896, 1, 88, 14174, 24576, 279.42
2026/08/10 10:12:13.897, 2, 98, 19590, 24576, 327.38
2026/08/10 10:12:18.898, 0, 100, 13430, 24576, 337.99
2026/08/10 10:12:18.898, 1, 98, 13958, 24576, 296.84
2026/08/10 10:12:18.899, 2, 98, 13442, 24576, 322.49
2026/08/10 10:12:23.900, 0, 96, 23608, 24576, 316.38
2026/08/10 10:12:23.900, 1, 85, 22072, 24576, 296.32
2026/08/10 10:12:23.901, 2, 86, 23074, 24576, 310.71
2026/08/10 10:12:28.902, 0, 89, 21568, 24576, 304.31
2026/08/10 10:12:28.903, 1, 89, 22072, 24576, 313.88
2026/08/10 10:12:28.903, 2, 89, 23074, 24576, 327.00
2026/08/10 10:12:33.904, 0, 96, 21568, 24576, 302.40
2026/08/10 10:12:33.905, 1, 95, 22072, 24576, 308.49
2026/08/10 10:12:33.906, 2, 98, 23074, 24576, 326.75
2026/08/10 10:12:38.906, 0, 83, 21568, 24576, 337.95
2026/08/10 10:12:38.907, 1, 82, 22072, 24576, 334.94
2026/08/10 10:12:38.907, 2, 82, 23074, 24576, 332.11
2026/08/10 10:12:43.908, 0, 85, 21568, 24576, 340.90
2026/08/10 10:12:43.909, 1, 82, 22072, 24576, 316.52
2026/08/10 10:12:43.910, 2, 84, 23074, 24576, 327.12
2026/08/10 10:12:48.910, 0, 98, 24010, 24576, 335.60
2026/08/10 10:12:48.911, 1, 98, 22482, 24576, 324.41
2026/08/10 10:12:48.912, 2, 100, 12862, 24576, 332.97
2026/08/10 10:12:53.913, 0, 100, 24010, 24576, 334.58
2026/08/10 10:12:53.913, 1, 100, 13462, 24576, 315.56
2026/08/10 10:12:53.914, 2, 100, 12862, 24576, 215.45
2026/08/10 10:12:58.915, 0, 89, 23208, 24576, 327.86
2026/08/10 10:12:58.915, 1, 89, 21656, 24576, 316.20
2026/08/10 10:12:58.916, 2, 89, 22252, 24576, 323.50
2026/08/10 10:13:03.917, 0, 100, 23208, 24576, 335.76
2026/08/10 10:13:03.917, 1, 100, 21656, 24576, 313.92
2026/08/10 10:13:03.918, 2, 100, 22252, 24576, 323.82
2026/08/10 10:13:08.919, 0, 93, 23208, 24576, 320.46
2026/08/10 10:13:08.919, 1, 91, 21656, 24576, 312.01
2026/08/10 10:13:08.920, 2, 91, 22252, 24576, 296.08
2026/08/10 10:13:13.921, 0, 81, 23208, 24576, 338.14
2026/08/10 10:13:13.922, 1, 81, 21656, 24576, 323.98
2026/08/10 10:13:13.922, 2, 81, 22252, 24576, 333.26
2026/08/10 10:13:18.923, 0, 98, 23208, 24576, 313.35
2026/08/10 10:13:18.924, 1, 98, 21656, 24576, 310.77
2026/08/10 10:13:18.924, 2, 98, 22252, 24576, 336.64
2026/08/10 10:13:23.925, 0, 100, 18830, 24576, 335.81
2026/08/10 10:13:23.926, 1, 98, 24082, 24576, 311.61
2026/08/10 10:13:23.927, 2, 98, 23522, 24576, 324.65
2026/08/10 10:13:28.928, 0, 100, 23490, 24576, 314.73
2026/08/10 10:13:28.928, 1, 100, 23436, 24576, 259.08
2026/08/10 10:13:28.929, 2, 100, 22836, 24576, 262.79
2026/08/10 10:13:33.930, 0, 98, 23908, 24576, 338.54
2026/08/10 10:13:33.930, 1, 96, 23494, 24576, 314.71
2026/08/10 10:13:33.931, 2, 97, 22894, 24576, 311.46
2026/08/10 10:13:38.932, 0, 96, 23908, 24576, 337.05
2026/08/10 10:13:38.933, 1, 84, 23494, 24576, 296.32
2026/08/10 10:13:38.933, 2, 84, 22894, 24576, 305.83
2026/08/10 10:13:43.934, 0, 82, 23908, 24576, 337.29
2026/08/10 10:13:43.935, 1, 80, 23494, 24576, 322.98
2026/08/10 10:13:43.935, 2, 81, 22894, 24576, 335.55
2026/08/10 10:13:48.936, 0, 85, 23908, 24576, 340.34
2026/08/10 10:13:48.937, 1, 81, 23494, 24576, 316.07
2026/08/10 10:13:48.937, 2, 84, 22894, 24576, 338.96
2026/08/10 10:13:53.938, 0, 100, 23150, 24576, 337.63
2026/08/10 10:13:53.939, 1, 98, 13062, 24576, 295.83
2026/08/10 10:13:53.939, 2, 97, 22894, 24576, 323.02
2026/08/10 10:13:58.940, 0, 100, 13430, 24576, 327.39
2026/08/10 10:13:58.941, 1, 99, 13062, 24576, 310.15
2026/08/10 10:13:58.941, 2, 52, 22894, 24576, 298.46
2026/08/10 10:14:03.942, 0, 98, 23386, 24576, 308.25
2026/08/10 10:14:03.943, 1, 94, 21516, 24576, 304.34
2026/08/10 10:14:03.943, 2, 98, 23634, 24576, 315.97
2026/08/10 10:14:08.944, 0, 100, 23386, 24576, 283.79
2026/08/10 10:14:08.945, 1, 0, 23716, 24576, 270.62
2026/08/10 10:14:08.945, 2, 100, 21434, 24576, 295.81
2026/08/10 10:14:13.946, 0, 83, 23386, 24576, 264.59
2026/08/10 10:14:13.946, 1, 82, 21516, 24576, 292.67
2026/08/10 10:14:13.947, 2, 82, 23634, 24576, 271.34
2026/08/10 10:14:18.948, 0, 83, 23386, 24576, 339.73
2026/08/10 10:14:18.948, 1, 83, 21516, 24576, 313.92
2026/08/10 10:14:18.949, 2, 82, 23634, 24576, 331.69
2026/08/10 10:14:23.950, 0, 98, 23386, 24576, 339.67
2026/08/10 10:14:23.950, 1, 98, 21516, 24576, 307.84
2026/08/10 10:14:23.951, 2, 91, 12902, 24576, 281.24
2026/08/10 10:14:28.952, 0, 98, 23386, 24576, 338.79
2026/08/10 10:14:28.953, 1, 100, 21516, 24576, 311.77
2026/08/10 10:14:28.953, 2, 98, 13262, 24576, 313.92
2026/08/10 10:14:33.954, 0, 100, 23466, 24576, 324.56
2026/08/10 10:14:33.955, 1, 100, 23676, 24576, 332.90
2026/08/10 10:14:33.955, 2, 100, 22912, 24576, 321.39
2026/08/10 10:14:38.956, 0, 89, 23466, 24576, 320.58
2026/08/10 10:14:38.957, 1, 88, 23676, 24576, 319.57
2026/08/10 10:14:38.957, 2, 89, 22912, 24576, 318.69
2026/08/10 10:14:43.959, 0, 82, 23466, 24576, 289.15
2026/08/10 10:14:43.959, 1, 80, 21456, 24576, 294.80
2026/08/10 10:14:43.960, 2, 84, 22912, 24576, 297.62
2026/08/10 10:14:48.961, 0, 84, 23466, 24576, 338.77
2026/08/10 10:14:48.961, 1, 82, 21456, 24576, 312.19
2026/08/10 10:14:48.962, 2, 83, 22912, 24576, 321.00
2026/08/10 10:14:53.963, 0, 98, 13350, 24576, 300.87
2026/08/10 10:14:53.963, 1, 98, 21456, 24576, 309.27
2026/08/10 10:14:53.964, 2, 98, 15902, 24576, 294.77
2026/08/10 10:14:58.964, 0, 99, 13350, 24576, 339.27
2026/08/10 10:14:58.965, 1, 98, 21456, 24576, 308.14
2026/08/10 10:14:58.966, 2, 99, 19540, 24576, 319.43
2026/08/10 10:15:03.966, 0, 100, 20966, 24576, 316.04
2026/08/10 10:15:03.967, 1, 100, 21334, 24576, 322.90
2026/08/10 10:15:03.968, 2, 97, 23596, 24576, 340.12
2026/08/10 10:15:08.969, 0, 100, 20966, 24576, 310.82
2026/08/10 10:15:08.969, 1, 100, 21334, 24576, 308.45
2026/08/10 10:15:08.970, 2, 89, 23596, 24576, 339.58
2026/08/10 10:15:13.971, 0, 100, 20966, 24576, 293.41
2026/08/10 10:15:13.971, 1, 89, 21334, 24576, 290.74
2026/08/10 10:15:13.972, 2, 84, 23596, 24576, 305.20
2026/08/10 10:15:18.973, 0, 84, 20966, 24576, 338.70
2026/08/10 10:15:18.973, 1, 81, 21334, 24576, 306.24
2026/08/10 10:15:18.974, 2, 83, 23596, 24576, 338.00
2026/08/10 10:15:23.975, 0, 98, 23706, 24576, 336.09
2026/08/10 10:15:23.976, 1, 98, 23854, 24576, 313.31
2026/08/10 10:15:23.976, 2, 98, 20976, 24576, 321.63
2026/08/10 10:15:28.977, 0, 98, 14450, 24576, 302.49
2026/08/10 10:15:28.978, 1, 90, 12776, 24576, 273.30
2026/08/10 10:15:28.978, 2, 98, 13042, 24576, 321.35
2026/08/10 10:15:33.979, 0, 89, 21186, 24576, 310.25
2026/08/10 10:15:33.980, 1, 87, 20352, 24576, 303.55
2026/08/10 10:15:33.980, 2, 100, 23594, 24576, 332.17
2026/08/10 10:15:38.981, 0, 90, 22866, 24576, 305.97
2026/08/10 10:15:38.982, 1, 99, 21992, 24576, 303.27
2026/08/10 10:15:38.982, 2, 100, 21374, 24576, 324.34
2026/08/10 10:15:43.983, 0, 95, 22866, 24576, 306.12
2026/08/10 10:15:43.983, 1, 94, 21992, 24576, 307.03
2026/08/10 10:15:43.984, 2, 94, 21374, 24576, 315.55
2026/08/10 10:15:48.985, 0, 84, 22866, 24576, 338.47
2026/08/10 10:15:48.986, 1, 82, 21992, 24576, 320.98
2026/08/10 10:15:48.986, 2, 83, 21374, 24576, 327.22
2026/08/10 10:15:53.987, 0, 100, 22866, 24576, 327.99
2026/08/10 10:15:53.987, 1, 98, 21992, 24576, 318.98
2026/08/10 10:15:53.988, 2, 100, 21374, 24576, 314.83
2026/08/10 10:15:58.989, 0, 100, 13590, 24576, 338.67
2026/08/10 10:15:58.991, 1, 98, 23842, 24576, 313.73
2026/08/10 10:15:58.991, 2, 98, 21374, 24576, 323.55
2026/08/10 10:16:03.992, 0, 93, 23470, 24576, 333.46
2026/08/10 10:16:03.993, 1, 100, 23254, 24576, 311.42
2026/08/10 10:16:03.993, 2, 100, 21756, 24576, 322.19
2026/08/10 10:16:08.994, 0, 100, 23850, 24576, 330.67
2026/08/10 10:16:08.995, 1, 89, 23254, 24576, 316.97
2026/08/10 10:16:08.996, 2, 89, 23956, 24576, 332.27
2026/08/10 10:16:13.996, 0, 100, 23470, 24576, 331.83
2026/08/10 10:16:13.997, 1, 100, 23254, 24576, 312.08
2026/08/10 10:16:13.998, 2, 100, 23956, 24576, 342.54
2026/08/10 10:16:18.999, 0, 82, 23470, 24576, 336.75
2026/08/10 10:16:18.999, 1, 80, 23254, 24576, 334.76
2026/08/10 10:16:19.000, 2, 84, 21756, 24576, 335.99
2026/08/10 10:16:24.001, 0, 84, 23470, 24576, 321.45
2026/08/10 10:16:24.001, 1, 83, 23254, 24576, 311.46
2026/08/10 10:16:24.002, 2, 85, 21756, 24576, 326.83
2026/08/10 10:16:29.003, 0, 98, 21490, 24576, 331.33
2026/08/10 10:16:29.003, 1, 100, 13002, 24576, 318.96
2026/08/10 10:16:29.004, 2, 98, 14062, 24576, 328.69
2026/08/10 10:16:34.005, 0, 98, 14670, 24576, 299.53
2026/08/10 10:16:34.005, 1, 93, 13002, 24576, 256.82
2026/08/10 10:16:34.006, 2, 44, 14058, 24576, 286.99
2026/08/10 10:16:39.007, 0, 100, 23108, 24576, 328.72
2026/08/10 10:16:39.007, 1, 100, 20874, 24576, 315.16
2026/08/10 10:16:39.009, 2, 100, 22894, 24576, 330.15
2026/08/10 10:16:44.009, 0, 100, 23108, 24576, 329.07
2026/08/10 10:16:44.016, 1, 100, 20874, 24576, 307.49
2026/08/10 10:16:44.017, 2, 91, 22894, 24576, 339.45
2026/08/10 10:16:49.021, 0, 81, 23108, 24576, 331.31
2026/08/10 10:16:49.022, 1, 81, 20874, 24576, 334.03
2026/08/10 10:16:49.023, 2, 80, 22894, 24576, 333.40
2026/08/10 10:16:54.023, 0, 85, 23108, 24576, 339.27
2026/08/10 10:16:54.024, 1, 82, 20874, 24576, 305.66
2026/08/10 10:16:54.025, 2, 84, 22894, 24576, 324.91
2026/08/10 10:16:59.026, 0, 98, 13490, 24576, 319.50
2026/08/10 10:16:59.026, 1, 98, 14024, 24576, 295.41
2026/08/10 10:16:59.027, 2, 98, 13042, 24576, 331.18
2026/08/10 10:17:04.028, 0, 99, 13490, 24576, 337.34
2026/08/10 10:17:04.029, 1, 98, 13998, 24576, 284.76
2026/08/10 10:17:04.029, 2, 85, 13042, 24576, 279.01
2026/08/10 10:17:09.030, 0, 93, 24192, 24576, 326.86
2026/08/10 10:17:09.030, 1, 94, 22396, 24576, 310.59
2026/08/10 10:17:09.031, 2, 93, 21372, 24576, 297.01
2026/08/10 10:17:14.032, 0, 89, 24192, 24576, 329.79
2026/08/10 10:17:14.033, 1, 89, 22396, 24576, 319.18
2026/08/10 10:17:14.033, 2, 89, 21752, 24576, 306.62
2026/08/10 10:17:19.034, 0, 92, 24192, 24576, 322.63
2026/08/10 10:17:19.034, 1, 91, 22396, 24576, 310.08
2026/08/10 10:17:19.035, 2, 92, 21372, 24576, 293.53
2026/08/10 10:17:24.036, 0, 82, 24192, 24576, 334.78
2026/08/10 10:17:24.036, 1, 85, 22396, 24576, 314.39
2026/08/10 10:17:24.037, 2, 80, 21372, 24576, 335.72
2026/08/10 10:17:29.038, 0, 100, 24192, 24576, 298.88
2026/08/10 10:17:29.038, 1, 72, 22396, 24576, 315.89
2026/08/10 10:17:29.039, 2, 97, 21372, 24576, 290.63
2026/08/10 10:17:34.040, 0, 98, 18590, 24576, 340.45
2026/08/10 10:17:34.040, 1, 98, 13002, 24576, 304.88
2026/08/10 10:17:34.041, 2, 98, 21372, 24576, 331.22
2026/08/10 10:17:39.042, 0, 93, 22926, 24576, 313.08
2026/08/10 10:17:39.042, 1, 88, 20712, 24576, 312.28
2026/08/10 10:17:39.043, 2, 90, 20532, 24576, 309.26
2026/08/10 10:17:44.044, 0, 96, 22926, 24576, 311.94
2026/08/10 10:17:44.045, 1, 97, 20712, 24576, 302.53
2026/08/10 10:17:44.045, 2, 98, 20532, 24576, 313.28
2026/08/10 10:17:49.046, 0, 100, 22926, 24576, 328.61
2026/08/10 10:17:49.047, 1, 100, 20712, 24576, 305.40
2026/08/10 10:17:49.047, 2, 100, 20532, 24576, 313.87
2026/08/10 10:17:54.048, 0, 82, 22926, 24576, 337.38
2026/08/10 10:17:54.049, 1, 82, 20712, 24576, 320.55
2026/08/10 10:17:54.049, 2, 82, 20532, 24576, 335.78
2026/08/10 10:17:59.050, 0, 85, 22926, 24576, 333.18
2026/08/10 10:17:59.051, 1, 84, 20712, 24576, 317.98
2026/08/10 10:17:59.051, 2, 100, 20532, 24576, 281.21
2026/08/10 10:18:04.052, 0, 100, 13590, 24576, 337.46
2026/08/10 10:18:04.053, 1, 98, 12984, 24576, 315.75
2026/08/10 10:18:04.053, 2, 98, 16122, 24576, 335.80
2026/08/10 10:18:09.054, 0, 59, 13590, 24576, 296.52
2026/08/10 10:18:09.055, 1, 98, 12984, 24576, 304.98
2026/08/10 10:18:09.055, 2, 100, 13998, 24576, 174.75
2026/08/10 10:18:14.057, 0, 94, 24072, 24576, 327.76
2026/08/10 10:18:14.057, 1, 93, 21656, 24576, 310.41
2026/08/10 10:18:14.058, 2, 92, 23454, 24576, 299.77
2026/08/10 10:18:19.059, 0, 89, 24072, 24576, 332.78
2026/08/10 10:18:19.059, 1, 90, 23796, 24576, 315.48
2026/08/10 10:18:19.060, 2, 88, 23454, 24576, 316.57
2026/08/10 10:18:24.060, 0, 84, 24072, 24576, 287.45
2026/08/10 10:18:24.061, 1, 20, 21656, 24576, 235.71
2026/08/10 10:18:24.061, 2, 82, 23454, 24576, 281.24
2026/08/10 10:18:29.062, 0, 84, 24072, 24576, 339.06
2026/08/10 10:18:29.063, 1, 87, 21656, 24576, 314.09
2026/08/10 10:18:29.063, 2, 84, 23454, 24576, 329.16
2026/08/10 10:18:34.065, 0, 98, 23432, 24576, 339.08
2026/08/10 10:18:34.065, 1, 98, 21656, 24576, 311.68
2026/08/10 10:18:34.065, 2, 97, 23654, 24576, 334.31
2026/08/10 10:18:39.066, 0, 98, 13470, 24576, 337.69
2026/08/10 10:18:39.067, 1, 98, 21656, 24576, 306.53
2026/08/10 10:18:39.068, 2, 98, 13062, 24576, 318.67
2026/08/10 10:18:44.069, 0, 100, 21608, 24576, 311.36
2026/08/10 10:18:44.069, 1, 100, 21614, 24576, 313.29
2026/08/10 10:18:44.070, 2, 100, 21696, 24576, 328.36
2026/08/10 10:18:49.071, 0, 98, 21608, 24576, 316.96
2026/08/10 10:18:49.071, 1, 99, 21614, 24576, 329.60
2026/08/10 10:18:49.071, 2, 100, 21696, 24576, 323.87
2026/08/10 10:18:54.072, 0, 94, 21608, 24576, 298.83
2026/08/10 10:18:54.073, 1, 91, 21614, 24576, 304.77
2026/08/10 10:18:54.074, 2, 92, 21696, 24576, 322.22
2026/08/10 10:18:59.074, 0, 82, 21608, 24576, 337.66
2026/08/10 10:18:59.075, 1, 80, 21614, 24576, 332.95
2026/08/10 10:18:59.076, 2, 82, 21696, 24576, 335.85
2026/08/10 10:19:04.077, 0, 85, 21608, 24576, 340.47
2026/08/10 10:19:04.077, 1, 84, 21614, 24576, 318.10
2026/08/10 10:19:04.078, 2, 83, 21696, 24576, 326.93
2026/08/10 10:19:09.079, 0, 98, 21608, 24576, 337.89
2026/08/10 10:19:09.079, 1, 98, 12962, 24576, 299.56
2026/08/10 10:19:09.080, 2, 100, 14262, 24576, 327.15
2026/08/10 10:19:14.081, 0, 100, 21608, 24576, 178.83
2026/08/10 10:19:14.082, 1, 100, 12962, 24576, 309.53
2026/08/10 10:19:14.082, 2, 100, 13898, 24576, 178.76
2026/08/10 10:19:19.083, 0, 100, 23566, 24576, 315.78
2026/08/10 10:19:19.084, 1, 88, 23096, 24576, 330.19
2026/08/10 10:19:19.084, 2, 86, 22132, 24576, 312.45
2026/08/10 10:19:24.085, 0, 100, 23566, 24576, 331.18
2026/08/10 10:19:24.086, 1, 100, 23096, 24576, 325.95
2026/08/10 10:19:24.086, 2, 100, 22132, 24576, 313.56
2026/08/10 10:19:29.087, 0, 21, 21466, 24576, 257.80
2026/08/10 10:19:29.088, 1, 22, 23096, 24576, 288.52
2026/08/10 10:19:29.088, 2, 22, 22132, 24576, 263.95
2026/08/10 10:19:34.090, 0, 84, 21466, 24576, 339.20
2026/08/10 10:19:34.090, 1, 83, 23096, 24576, 315.42
2026/08/10 10:19:34.091, 2, 83, 22132, 24576, 337.26
2026/08/10 10:19:39.092, 0, 100, 23566, 24576, 337.38
2026/08/10 10:19:39.092, 1, 98, 23096, 24576, 312.78
2026/08/10 10:19:39.093, 2, 98, 24212, 24576, 336.61
2026/08/10 10:19:44.094, 0, 98, 13970, 24576, 338.29
2026/08/10 10:19:44.095, 1, 98, 23096, 24576, 314.67
2026/08/10 10:19:44.095, 2, 98, 14058, 24576, 293.12
2026/08/10 10:19:49.096, 0, 98, 23188, 24576, 331.39
2026/08/10 10:19:49.097, 1, 92, 23494, 24576, 328.03
2026/08/10 10:19:49.097, 2, 89, 22834, 24576, 339.89
2026/08/10 10:19:54.098, 0, 100, 23188, 24576, 341.14
2026/08/10 10:19:54.099, 1, 100, 23494, 24576, 327.81
2026/08/10 10:19:54.099, 2, 95, 22834, 24576, 337.01
2026/08/10 10:19:59.100, 0, 100, 23188, 24576, 338.24
2026/08/10 10:19:59.101, 1, 98, 23494, 24576, 325.60
2026/08/10 10:19:59.101, 2, 100, 22834, 24576, 337.93
2026/08/10 10:20:04.102, 0, 85, 23188, 24576, 336.50
2026/08/10 10:20:04.103, 1, 82, 23494, 24576, 324.49
2026/08/10 10:20:04.103, 2, 83, 22834, 24576, 335.51
2026/08/10 10:20:09.104, 0, 84, 23188, 24576, 342.47
2026/08/10 10:20:09.105, 1, 83, 23494, 24576, 325.99
2026/08/10 10:20:09.105, 2, 100, 22834, 24576, 231.58
2026/08/10 10:20:14.106, 0, 98, 16270, 24576, 300.98
2026/08/10 10:20:14.107, 1, 98, 23494, 24576, 324.97
2026/08/10 10:20:14.107, 2, 100, 12800, 24576, 338.38
2026/08/10 10:20:19.108, 0, 100, 23052, 24576, 313.21
2026/08/10 10:20:19.110, 1, 94, 20636, 24576, 267.26
2026/08/10 10:20:19.111, 2, 100, 21830, 24576, 270.77
2026/08/10 10:20:24.112, 0, 97, 23108, 24576, 332.35
2026/08/10 10:20:24.112, 1, 100, 20692, 24576, 305.79
2026/08/10 10:20:24.113, 2, 100, 21870, 24576, 339.33
2026/08/10 10:20:29.114, 0, 88, 23108, 24576, 329.88
2026/08/10 10:20:29.114, 1, 100, 20692, 24576, 309.95
2026/08/10 10:20:29.115, 2, 89, 21870, 24576, 338.13
2026/08/10 10:20:34.116, 0, 85, 23108, 24576, 337.45
2026/08/10 10:20:34.116, 1, 82, 22912, 24576, 314.99
2026/08/10 10:20:34.117, 2, 84, 19930, 24576, 336.58
2026/08/10 10:20:39.118, 0, 86, 23108, 24576, 340.58
2026/08/10 10:20:39.119, 1, 85, 22912, 24576, 314.37
2026/08/10 10:20:39.119, 2, 85, 19930, 24576, 338.05
2026/08/10 10:20:44.120, 0, 98, 23350, 24576, 337.60
2026/08/10 10:20:44.121, 1, 98, 13982, 24576, 326.08
2026/08/10 10:20:44.121, 2, 98, 12862, 24576, 337.74
2026/08/10 10:20:49.122, 0, 98, 23350, 24576, 337.86
2026/08/10 10:20:49.123, 1, 100, 13958, 24576, 231.32
2026/08/10 10:20:49.123, 2, 100, 12862, 24576, 172.53
2026/08/10 10:20:54.124, 0, 100, 23788, 24576, 335.18
2026/08/10 10:20:54.125, 1, 89, 22412, 24576, 311.04
2026/08/10 10:20:54.125, 2, 89, 20732, 24576, 289.05
2026/08/10 10:20:59.126, 0, 89, 23428, 24576, 331.64
2026/08/10 10:20:59.127, 1, 89, 22072, 24576, 319.09
2026/08/10 10:20:59.128, 2, 100, 20412, 24576, 287.77
2026/08/10 10:21:04.129, 0, 100, 23428, 24576, 332.93
2026/08/10 10:21:04.130, 1, 100, 22072, 24576, 320.42
2026/08/10 10:21:04.130, 2, 94, 20412, 24576, 293.75
2026/08/10 10:21:09.131, 0, 81, 23428, 24576, 337.50
2026/08/10 10:21:09.132, 1, 81, 22072, 24576, 322.37
2026/08/10 10:21:09.133, 2, 82, 20412, 24576, 338.26
2026/08/10 10:21:14.133, 0, 98, 23428, 24576, 339.36
2026/08/10 10:21:14.134, 1, 98, 22072, 24576, 325.92
2026/08/10 10:21:14.134, 2, 98, 20472, 24576, 339.33
2026/08/10 10:21:19.137, 0, 98, 13590, 24576, 339.54
2026/08/10 10:21:19.137, 1, 91, 16742, 24576, 290.95
2026/08/10 10:21:19.138, 2, 98, 13138, 24576, 320.47
2026/08/10 10:21:24.138, 0, 100, 23908, 24576, 329.06
2026/08/10 10:21:24.139, 1, 97, 23634, 24576, 305.95
2026/08/10 10:21:24.140, 2, 98, 22772, 24576, 305.30
2026/08/10 10:21:29.141, 0, 98, 22608, 24576, 330.22
2026/08/10 10:21:29.141, 1, 91, 22294, 24576, 311.77
2026/08/10 10:21:29.142, 2, 98, 22772, 24576, 303.79
2026/08/10 10:21:34.143, 0, 95, 21988, 24576, 323.61
2026/08/10 10:21:34.144, 1, 94, 20554, 24576, 313.40
2026/08/10 10:21:34.144, 2, 97, 22772, 24576, 298.65
2026/08/10 10:21:39.145, 0, 83, 22028, 24576, 338.55
2026/08/10 10:21:39.146, 1, 80, 23254, 24576, 313.71
2026/08/10 10:21:39.146, 2, 82, 22772, 24576, 337.56
2026/08/10 10:21:44.147, 0, 98, 22028, 24576, 299.78
2026/08/10 10:21:44.148, 1, 98, 23254, 24576, 313.39
2026/08/10 10:21:44.148, 2, 98, 22772, 24576, 304.13
2026/08/10 10:21:49.149, 0, 100, 23690, 24576, 338.93
2026/08/10 10:21:49.150, 1, 98, 13042, 24576, 312.32
2026/08/10 10:21:49.151, 2, 98, 22772, 24576, 323.31
2026/08/10 10:21:54.152, 0, 88, 23226, 24576, 307.43
2026/08/10 10:21:54.152, 1, 97, 23634, 24576, 307.60
2026/08/10 10:21:54.153, 2, 98, 22772, 24576, 298.89
2026/08/10 10:21:59.154, 0, 95, 23226, 24576, 311.49
2026/08/10 10:21:59.154, 1, 100, 23634, 24576, 327.97
2026/08/10 10:21:59.155, 2, 100, 22772, 24576, 316.58
2026/08/10 10:22:04.155, 0, 100, 23226, 24576, 321.85
2026/08/10 10:22:04.156, 1, 100, 23634, 24576, 333.51
2026/08/10 10:22:04.157, 2, 100, 22772, 24576, 316.27
2026/08/10 10:22:09.158, 0, 83, 23226, 24576, 338.31
2026/08/10 10:22:09.158, 1, 81, 21434, 24576, 316.13
2026/08/10 10:22:09.159, 2, 82, 22772, 24576, 338.50
2026/08/10 10:22:14.160, 0, 98, 23226, 24576, 263.51
2026/08/10 10:22:14.160, 1, 80, 21434, 24576, 313.59
2026/08/10 10:22:14.161, 2, 98, 22772, 24576, 299.53
2026/08/10 10:22:19.161, 0, 98, 13570, 24576, 340.13
2026/08/10 10:22:19.162, 1, 100, 21434, 24576, 310.90
2026/08/10 10:22:19.163, 2, 98, 13064, 24576, 318.38
2026/08/10 10:22:24.164, 0, 87, 21840, 24576, 203.27
2026/08/10 10:22:24.164, 1, 89, 22214, 24576, 293.68
2026/08/10 10:22:24.165, 2, 93, 21866, 24576, 307.70
2026/08/10 10:22:29.166, 0, 100, 21908, 24576, 308.68
2026/08/10 10:22:29.167, 1, 100, 23338, 24576, 323.07
2026/08/10 10:22:29.167, 2, 100, 21936, 24576, 314.50
2026/08/10 10:22:34.168, 0, 100, 21628, 24576, 298.39
2026/08/10 10:22:34.169, 1, 97, 23338, 24576, 315.16
2026/08/10 10:22:34.169, 2, 97, 21636, 24576, 325.36
2026/08/10 10:22:39.170, 0, 83, 21908, 24576, 281.17
2026/08/10 10:22:39.171, 1, 22, 23338, 24576, 220.40
2026/08/10 10:22:39.171, 2, 83, 21936, 24576, 290.75
2026/08/10 10:22:44.172, 0, 85, 21908, 24576, 338.87
2026/08/10 10:22:44.173, 1, 81, 23338, 24576, 306.67
2026/08/10 10:22:44.174, 2, 84, 21936, 24576, 331.20
2026/08/10 10:22:49.174, 0, 87, 13550, 24576, 295.89
2026/08/10 10:22:49.175, 1, 88, 13078, 24576, 293.30
2026/08/10 10:22:49.175, 2, 98, 21936, 24576, 320.09
2026/08/10 10:22:54.176, 0, 98, 19170, 24576, 301.61
2026/08/10 10:22:54.177, 1, 97, 13342, 24576, 313.96
2026/08/10 10:22:54.177, 2, 98, 21936, 24576, 311.45
2026/08/10 10:22:59.178, 0, 90, 23168, 24576, 310.57
2026/08/10 10:22:59.179, 1, 97, 23414, 24576, 317.26
2026/08/10 10:22:59.179, 2, 99, 23976, 24576, 319.48
2026/08/10 10:23:04.180, 0, 98, 23168, 24576, 299.14
2026/08/10 10:23:04.181, 1, 97, 23414, 24576, 300.68
2026/08/10 10:23:04.182, 2, 97, 23976, 24576, 316.97
2026/08/10 10:23:09.183, 0, 89, 23168, 24576, 323.66
2026/08/10 10:23:09.183, 1, 100, 23414, 24576, 299.61
2026/08/10 10:23:09.184, 2, 89, 21776, 24576, 315.59
2026/08/10 10:23:14.185, 0, 84, 23168, 24576, 338.38
2026/08/10 10:23:14.185, 1, 84, 23414, 24576, 316.63
2026/08/10 10:23:14.186, 2, 83, 21776, 24576, 330.62
2026/08/10 10:23:19.187, 0, 100, 23168, 24576, 262.51
2026/08/10 10:23:19.187, 1, 100, 23414, 24576, 315.95
2026/08/10 10:23:19.188, 2, 98, 21776, 24576, 318.70
2026/08/10 10:23:24.189, 0, 100, 13330, 24576, 340.23
2026/08/10 10:23:24.189, 1, 97, 12842, 24576, 318.38
2026/08/10 10:23:24.190, 2, 98, 23522, 24576, 315.83
2026/08/10 10:23:29.191, 0, 96, 22826, 24576, 308.30
2026/08/10 10:23:29.191, 1, 95, 22734, 24576, 316.04
2026/08/10 10:23:29.192, 2, 97, 22492, 24576, 307.48
2026/08/10 10:23:34.193, 0, 100, 22826, 24576, 334.36
2026/08/10 10:23:34.193, 1, 100, 22734, 24576, 325.34
2026/08/10 10:23:34.194, 2, 100, 22492, 24576, 311.78
2026/08/10 10:23:39.195, 0, 95, 23746, 24576, 327.97
2026/08/10 10:23:39.195, 1, 88, 23414, 24576, 322.24
2026/08/10 10:23:39.196, 2, 100, 22492, 24576, 306.00
2026/08/10 10:23:44.197, 0, 85, 20886, 24576, 339.77
2026/08/10 10:23:44.197, 1, 83, 20754, 24576, 318.15
2026/08/10 10:23:44.198, 2, 86, 22492, 24576, 336.66
2026/08/10 10:23:49.199, 0, 98, 21346, 24576, 327.98
2026/08/10 10:23:49.199, 1, 98, 20754, 24576, 316.26
2026/08/10 10:23:49.200, 2, 100, 22492, 24576, 330.10
2026/08/10 10:23:54.201, 0, 98, 13770, 24576, 338.83
2026/08/10 10:23:54.202, 1, 98, 23842, 24576, 319.36
2026/08/10 10:23:54.202, 2, 98, 22492, 24576, 318.26
2026/08/10 10:23:59.203, 0, 100, 22864, 24576, 319.98
2026/08/10 10:23:59.204, 1, 98, 23456, 24576, 327.47
2026/08/10 10:23:59.204, 2, 100, 23034, 24576, 326.75
2026/08/10 10:24:04.205, 0, 100, 22864, 24576, 319.76
2026/08/10 10:24:04.206, 1, 99, 23456, 24576, 319.50
2026/08/10 10:24:04.206, 2, 100, 23034, 24576, 326.09
2026/08/10 10:24:09.207, 0, 100, 22864, 24576, 313.82
2026/08/10 10:24:09.208, 1, 100, 23456, 24576, 322.82
2026/08/10 10:24:09.208, 2, 100, 23034, 24576, 323.99
2026/08/10 10:24:14.209, 0, 84, 22864, 24576, 337.93
2026/08/10 10:24:14.210, 1, 83, 23456, 24576, 323.40
2026/08/10 10:24:14.211, 2, 85, 23034, 24576, 335.70
2026/08/10 10:24:19.212, 0, 84, 22864, 24576, 342.28
2026/08/10 10:24:19.212, 1, 100, 23456, 24576, 276.50
2026/08/10 10:24:19.213, 2, 100, 23034, 24576, 258.82
2026/08/10 10:24:24.214, 0, 98, 13590, 24576, 340.01
2026/08/10 10:24:24.215, 1, 100, 12842, 24576, 336.36
2026/08/10 10:24:24.215, 2, 98, 12982, 24576, 335.49
2026/08/10 10:24:29.216, 0, 98, 13590, 24576, 331.06
2026/08/10 10:24:29.217, 1, 100, 12842, 24576, 217.52
2026/08/10 10:24:29.217, 2, 100, 13382, 24576, 176.07
2026/08/10 10:24:34.218, 0, 99, 23530, 24576, 338.84
2026/08/10 10:24:34.219, 1, 88, 22692, 24576, 337.78
2026/08/10 10:24:34.219, 2, 89, 22812, 24576, 334.67
2026/08/10 10:24:39.220, 0, 100, 23530, 24576, 340.02
2026/08/10 10:24:39.221, 1, 88, 22692, 24576, 336.66
2026/08/10 10:24:39.221, 2, 88, 22812, 24576, 334.91
2026/08/10 10:24:44.222, 0, 84, 23530, 24576, 288.15
2026/08/10 10:24:44.223, 1, 88, 20712, 24576, 290.16
2026/08/10 10:24:44.223, 2, 88, 20652, 24576, 289.60
2026/08/10 10:24:49.224, 0, 82, 23530, 24576, 338.68
2026/08/10 10:24:49.226, 1, 81, 20712, 24576, 318.13
2026/08/10 10:24:49.227, 2, 83, 20652, 24576, 337.45
2026/08/10 10:24:54.228, 0, 91, 17850, 24576, 316.44
2026/08/10 10:24:54.228, 1, 98, 23652, 24576, 315.18
2026/08/10 10:24:54.229, 2, 98, 23672, 24576, 335.83
2026/08/10 10:24:59.230, 0, 100, 13450, 24576, 337.87
2026/08/10 10:24:59.231, 1, 98, 13064, 24576, 299.49
2026/08/10 10:24:59.232, 2, 98, 13442, 24576, 334.72
2026/08/10 10:25:04.232, 0, 94, 23346, 24576, 302.74
2026/08/10 10:25:04.233, 1, 93, 23940, 24576, 317.69
2026/08/10 10:25:04.234, 2, 92, 21574, 24576, 316.96
2026/08/10 10:25:09.234, 0, 89, 23346, 24576, 307.61
2026/08/10 10:25:09.235, 1, 100, 23940, 24576, 319.42
2026/08/10 10:25:09.235, 2, 100, 23774, 24576, 338.37
2026/08/10 10:25:14.236, 0, 93, 21186, 24576, 287.40
2026/08/10 10:25:14.237, 1, 100, 23940, 24576, 322.95
2026/08/10 10:25:14.237, 2, 100, 23774, 24576, 304.89
2026/08/10 10:25:19.238, 0, 83, 23346, 24576, 334.25
2026/08/10 10:25:19.239, 1, 80, 23940, 24576, 323.30
2026/08/10 10:25:19.240, 2, 83, 21574, 24576, 331.89
2026/08/10 10:25:24.241, 0, 84, 23346, 24576, 340.75
2026/08/10 10:25:24.241, 1, 84, 23940, 24576, 314.39
2026/08/10 10:25:24.242, 2, 85, 21574, 24576, 338.17
2026/08/10 10:25:29.242, 0, 98, 13530, 24576, 340.62
2026/08/10 10:25:29.243, 1, 98, 12922, 24576, 317.95
2026/08/10 10:25:29.246, 2, 98, 19662, 24576, 333.12
2026/08/10 10:25:34.247, 0, 100, 13530, 24576, 275.18
2026/08/10 10:25:34.247, 1, 100, 13302, 24576, 255.45
2026/08/10 10:25:34.248, 2, 99, 13022, 24576, 325.45
2026/08/10 10:25:39.248, 0, 100, 21988, 24576, 321.18
2026/08/10 10:25:39.249, 1, 100, 22812, 24576, 309.65
2026/08/10 10:25:39.250, 2, 100, 21596, 24576, 329.81
2026/08/10 10:25:44.254, 0, 100, 21988, 24576, 325.87
2026/08/10 10:25:44.254, 1, 100, 22812, 24576, 312.52
2026/08/10 10:25:44.255, 2, 100, 21596, 24576, 330.09
2026/08/10 10:25:49.256, 0, 16, 21988, 24576, 289.29
2026/08/10 10:25:49.258, 1, 23, 22812, 24576, 285.34
2026/08/10 10:25:49.259, 2, 22, 21596, 24576, 302.97
2026/08/10 10:25:54.260, 0, 83, 21988, 24576, 339.86
2026/08/10 10:25:54.260, 1, 82, 22812, 24576, 318.20
2026/08/10 10:25:54.261, 2, 82, 21596, 24576, 333.62
2026/08/10 10:25:59.262, 0, 98, 24128, 24576, 339.52
2026/08/10 10:25:59.262, 1, 98, 22812, 24576, 332.45
2026/08/10 10:25:59.263, 2, 98, 23776, 24576, 335.24
2026/08/10 10:26:04.264, 0, 99, 13950, 24576, 339.11
2026/08/10 10:26:04.265, 1, 98, 12822, 24576, 320.49
2026/08/10 10:26:04.265, 2, 98, 13262, 24576, 320.04
2026/08/10 10:26:09.266, 0, 100, 22048, 24576, 314.59
2026/08/10 10:26:09.267, 1, 100, 22032, 24576, 304.64
2026/08/10 10:26:09.267, 2, 89, 23094, 24576, 322.53
2026/08/10 10:26:14.268, 0, 100, 22048, 24576, 320.04
2026/08/10 10:26:14.268, 1, 100, 22032, 24576, 326.95
2026/08/10 10:26:14.269, 2, 88, 23094, 24576, 327.44
2026/08/10 10:26:19.270, 0, 93, 22048, 24576, 313.23
2026/08/10 10:26:19.270, 1, 79, 22032, 24576, 319.46
2026/08/10 10:26:19.271, 2, 74, 23094, 24576, 301.94
2026/08/10 10:26:24.272, 0, 82, 22048, 24576, 338.76
2026/08/10 10:26:24.273, 1, 82, 22032, 24576, 316.33
2026/08/10 10:26:24.273, 2, 83, 23094, 24576, 326.15
2026/08/10 10:26:29.274, 0, 89, 12628, 24576, 305.02
2026/08/10 10:26:29.275, 1, 97, 20292, 24576, 302.96
2026/08/10 10:26:29.276, 2, 95, 20414, 24576, 314.57
2026/08/10 10:26:34.277, 0, 99, 13490, 24576, 336.52
2026/08/10 10:26:34.277, 1, 98, 13916, 24576, 293.72
2026/08/10 10:26:34.278, 2, 98, 13218, 24576, 307.69
2026/08/10 10:26:39.278, 0, 83, 23288, 24576, 317.69
2026/08/10 10:26:39.279, 1, 81, 20330, 24576, 295.95
2026/08/10 10:26:39.279, 2, 98, 22632, 24576, 305.35
2026/08/10 10:26:44.280, 0, 100, 23288, 24576, 322.23
2026/08/10 10:26:44.281, 1, 100, 20330, 24576, 303.21
2026/08/10 10:26:44.282, 2, 100, 22632, 24576, 324.07
2026/08/10 10:26:49.282, 0, 83, 23288, 24576, 288.64
2026/08/10 10:26:49.283, 1, 79, 22390, 24576, 277.20
2026/08/10 10:26:49.284, 2, 82, 22632, 24576, 276.33
2026/08/10 10:26:54.284, 0, 84, 23288, 24576, 337.55
2026/08/10 10:26:54.285, 1, 81, 22390, 24576, 314.69
2026/08/10 10:26:54.286, 2, 85, 22632, 24576, 331.20
2026/08/10 10:26:59.286, 0, 98, 23288, 24576, 337.25
2026/08/10 10:26:59.287, 1, 100, 23630, 24576, 319.89
2026/08/10 10:26:59.287, 2, 98, 22632, 24576, 336.75
2026/08/10 10:27:04.288, 0, 98, 13590, 24576, 338.06
2026/08/10 10:27:04.289, 1, 100, 13042, 24576, 313.82
2026/08/10 10:27:04.289, 2, 98, 22632, 24576, 318.51
2026/08/10 10:27:09.290, 0, 100, 24030, 24576, 333.00
2026/08/10 10:27:09.291, 1, 88, 21414, 24576, 318.11
2026/08/10 10:27:09.292, 2, 89, 22632, 24576, 312.53
2026/08/10 10:27:14.293, 0, 100, 24030, 24576, 339.43
2026/08/10 10:27:14.293, 1, 100, 21414, 24576, 313.65
2026/08/10 10:27:14.294, 2, 100, 22632, 24576, 302.44
2026/08/10 10:27:19.295, 0, 95, 24030, 24576, 331.54
2026/08/10 10:27:19.295, 1, 93, 21414, 24576, 305.56
2026/08/10 10:27:19.296, 2, 97, 22632, 24576, 286.39
2026/08/10 10:27:24.297, 0, 83, 24030, 24576, 336.20
2026/08/10 10:27:24.297, 1, 83, 21414, 24576, 319.78
2026/08/10 10:27:24.298, 2, 83, 22632, 24576, 332.17
2026/08/10 10:27:29.299, 0, 84, 24030, 24576, 339.90
2026/08/10 10:27:29.299, 1, 77, 21414, 24576, 316.79
2026/08/10 10:27:29.300, 2, 85, 22632, 24576, 338.92
2026/08/10 10:27:34.301, 0, 98, 15090, 24576, 300.12
2026/08/10 10:27:34.301, 1, 98, 17722, 24576, 304.01
2026/08/10 10:27:34.302, 2, 98, 13322, 24576, 336.16
2026/08/10 10:27:39.303, 0, 87, 20926, 24576, 309.52
2026/08/10 10:27:39.303, 1, 93, 21710, 24576, 251.86
2026/08/10 10:27:39.304, 2, 100, 22876, 24576, 246.08
2026/08/10 10:27:44.305, 0, 96, 23566, 24576, 340.55
2026/08/10 10:27:44.305, 1, 100, 21770, 24576, 322.27
2026/08/10 10:27:44.306, 2, 88, 22932, 24576, 323.22
2026/08/10 10:27:49.307, 0, 91, 23566, 24576, 334.55
2026/08/10 10:27:49.308, 1, 88, 21770, 24576, 322.15
2026/08/10 10:27:49.308, 2, 100, 22932, 24576, 308.96
2026/08/10 10:27:54.309, 0, 83, 21366, 24576, 336.74
2026/08/10 10:27:54.310, 1, 79, 21770, 24576, 321.15
2026/08/10 10:27:54.310, 2, 83, 22932, 24576, 333.95
2026/08/10 10:27:59.311, 0, 85, 21366, 24576, 338.69
2026/08/10 10:27:59.312, 1, 83, 21770, 24576, 313.03
2026/08/10 10:27:59.312, 2, 85, 22932, 24576, 338.29
2026/08/10 10:28:04.313, 0, 98, 21366, 24576, 336.25
2026/08/10 10:28:04.313, 1, 100, 13062, 24576, 324.99
2026/08/10 10:28:04.314, 2, 98, 13064, 24576, 338.02
2026/08/10 10:28:09.315, 0, 98, 21366, 24576, 336.52
2026/08/10 10:28:09.316, 1, 98, 13064, 24576, 306.40
2026/08/10 10:28:09.316, 2, 98, 13064, 24576, 327.28
2026/08/10 10:28:14.317, 0, 100, 23968, 24576, 334.67
2026/08/10 10:28:14.318, 1, 94, 22216, 24576, 307.28
2026/08/10 10:28:14.319, 2, 100, 23978, 24576, 334.56
2026/08/10 10:28:19.320, 0, 100, 23248, 24576, 334.14
2026/08/10 10:28:19.321, 1, 100, 21836, 24576, 306.71
2026/08/10 10:28:19.321, 2, 100, 23258, 24576, 338.33
2026/08/10 10:28:24.322, 0, 100, 23248, 24576, 315.83
2026/08/10 10:28:24.323, 1, 97, 21836, 24576, 308.91
2026/08/10 10:28:24.324, 2, 96, 23258, 24576, 325.30
2026/08/10 10:28:29.325, 0, 80, 23248, 24576, 337.08
2026/08/10 10:28:29.325, 1, 81, 21836, 24576, 317.03
2026/08/10 10:28:29.326, 2, 84, 23258, 24576, 321.07
2026/08/10 10:28:34.327, 0, 98, 23368, 24576, 336.23
2026/08/10 10:28:34.327, 1, 98, 22816, 24576, 308.75
2026/08/10 10:28:34.328, 2, 98, 23258, 24576, 318.36
2026/08/10 10:28:39.329, 0, 98, 13730, 24576, 336.42
2026/08/10 10:28:39.329, 1, 98, 13262, 24576, 303.72
2026/08/10 10:28:39.330, 2, 98, 19562, 24576, 314.48
2026/08/10 10:28:44.330, 0, 100, 22794, 24576, 277.99
2026/08/10 10:28:44.331, 1, 100, 22932, 24576, 290.08
2026/08/10 10:28:44.332, 2, 100, 23058, 24576, 312.90
2026/08/10 10:28:49.333, 0, 97, 22804, 24576, 304.22
2026/08/10 10:28:49.333, 1, 97, 22952, 24576, 317.45
2026/08/10 10:28:49.334, 2, 92, 23116, 24576, 317.77
2026/08/10 10:28:54.335, 0, 100, 22804, 24576, 292.28
2026/08/10 10:28:54.336, 1, 100, 22952, 24576, 299.94
2026/08/10 10:28:54.336, 2, 89, 23116, 24576, 331.97
2026/08/10 10:28:59.337, 0, 0, 22804, 24576, 272.77
2026/08/10 10:28:59.337, 1, 80, 22952, 24576, 334.12
2026/08/10 10:28:59.338, 2, 77, 23116, 24576, 334.85
2026/08/10 10:29:04.339, 0, 86, 22804, 24576, 340.54
2026/08/10 10:29:04.339, 1, 83, 22952, 24576, 319.89
2026/08/10 10:29:04.340, 2, 85, 23116, 24576, 333.58
2026/08/10 10:29:09.341, 0, 100, 17350, 24576, 298.63
2026/08/10 10:29:09.342, 1, 100, 22952, 24576, 313.49
2026/08/10 10:29:09.342, 2, 98, 14022, 24576, 300.90
2026/08/10 10:29:14.343, 0, 98, 13970, 24576, 339.23
2026/08/10 10:29:14.344, 1, 75, 22952, 24576, 293.69
2026/08/10 10:29:14.344, 2, 98, 14018, 24576, 333.64
2026/08/10 10:29:19.345, 0, 95, 23948, 24576, 333.10
2026/08/10 10:29:19.349, 1, 97, 23254, 24576, 306.85
2026/08/10 10:29:19.349, 2, 97, 22072, 24576, 293.11
2026/08/10 10:29:24.351, 0, 94, 23948, 24576, 330.93
2026/08/10 10:29:24.351, 1, 100, 23254, 24576, 305.75
2026/08/10 10:29:24.352, 2, 95, 21592, 24576, 311.41
2026/08/10 10:29:29.353, 0, 100, 23948, 24576, 340.35
2026/08/10 10:29:29.353, 1, 95, 23254, 24576, 323.05
2026/08/10 10:29:29.354, 2, 88, 22072, 24576, 316.10
2026/08/10 10:29:34.355, 0, 85, 23948, 24576, 339.49
2026/08/10 10:29:34.355, 1, 82, 23254, 24576, 320.96
2026/08/10 10:29:34.356, 2, 85, 22072, 24576, 336.07
2026/08/10 10:29:39.357, 0, 98, 23948, 24576, 341.03
2026/08/10 10:29:39.357, 1, 98, 23254, 24576, 306.17
2026/08/10 10:29:39.358, 2, 100, 22072, 24576, 336.29
2026/08/10 10:29:44.359, 0, 98, 13450, 24576, 339.31
2026/08/10 10:29:44.360, 1, 98, 23254, 24576, 286.50
2026/08/10 10:29:44.360, 2, 98, 13042, 24576, 326.08
2026/08/10 10:29:49.361, 0, 100, 23988, 24576, 338.80
2026/08/10 10:29:49.361, 1, 88, 23254, 24576, 305.93
2026/08/10 10:29:49.362, 2, 89, 24254, 24576, 338.14
2026/08/10 10:29:54.363, 0, 95, 21928, 24576, 323.99
2026/08/10 10:29:54.363, 1, 100, 23254, 24576, 314.58
2026/08/10 10:29:54.364, 2, 94, 20934, 24576, 319.26
2026/08/10 10:29:59.365, 0, 100, 21928, 24576, 330.00
2026/08/10 10:29:59.366, 1, 100, 23254, 24576, 311.32
2026/08/10 10:29:59.366, 2, 98, 20934, 24576, 318.24
2026/08/10 10:30:04.367, 0, 83, 21928, 24576, 338.48
2026/08/10 10:30:04.368, 1, 82, 23254, 24576, 322.64
2026/08/10 10:30:04.368, 2, 85, 20934, 24576, 332.69
2026/08/10 10:30:09.372, 0, 98, 21928, 24576, 336.56
2026/08/10 10:30:09.372, 1, 98, 23254, 24576, 321.36
2026/08/10 10:30:09.373, 2, 98, 24254, 24576, 332.04
2026/08/10 10:30:14.373, 0, 98, 21928, 24576, 338.51
2026/08/10 10:30:14.374, 1, 89, 12836, 24576, 257.83
2026/08/10 10:30:14.375, 2, 100, 13002, 24576, 318.42
2026/08/10 10:30:19.375, 0, 89, 23248, 24576, 328.15
2026/08/10 10:30:19.376, 1, 100, 23314, 24576, 313.41
2026/08/10 10:30:19.377, 2, 100, 23114, 24576, 331.52
2026/08/10 10:30:24.377, 0, 94, 23248, 24576, 320.22
2026/08/10 10:30:24.378, 1, 97, 23314, 24576, 312.00
2026/08/10 10:30:24.379, 2, 91, 20934, 24576, 311.54
2026/08/10 10:30:29.379, 0, 90, 23248, 24576, 318.48
2026/08/10 10:30:29.380, 1, 100, 23314, 24576, 316.41
2026/08/10 10:30:29.381, 2, 94, 20934, 24576, 312.61
2026/08/10 10:30:34.382, 0, 83, 23248, 24576, 337.40
2026/08/10 10:30:34.382, 1, 81, 23314, 24576, 306.84
2026/08/10 10:30:34.383, 2, 83, 20934, 24576, 337.33
2026/08/10 10:30:39.384, 0, 100, 23248, 24576, 337.42
2026/08/10 10:30:39.385, 1, 98, 23954, 24576, 316.11
2026/08/10 10:30:39.385, 2, 98, 23174, 24576, 335.48
2026/08/10 10:30:44.386, 0, 91, 15230, 24576, 315.31
2026/08/10 10:30:44.386, 1, 88, 13542, 24576, 287.49
2026/08/10 10:30:44.387, 2, 100, 13322, 24576, 320.52
2026/08/10 10:30:49.388, 0, 86, 23546, 24576, 320.67
2026/08/10 10:30:49.389, 1, 88, 22972, 24576, 316.01
2026/08/10 10:30:49.389, 2, 88, 22892, 24576, 317.75
2026/08/10 10:30:54.390, 0, 98, 23546, 24576, 317.92
2026/08/10 10:30:54.391, 1, 91, 20752, 24576, 312.35
2026/08/10 10:30:54.391, 2, 98, 22892, 24576, 316.10
2026/08/10 10:30:59.392, 0, 100, 23546, 24576, 337.87
2026/08/10 10:30:59.393, 1, 100, 20752, 24576, 318.12
2026/08/10 10:30:59.393, 2, 100, 22892, 24576, 327.77
2026/08/10 10:31:04.395, 0, 83, 23546, 24576, 337.75
2026/08/10 10:31:04.395, 1, 83, 20752, 24576, 314.31
2026/08/10 10:31:04.396, 2, 27, 22892, 24576, 250.26
2026/08/10 10:31:09.397, 0, 100, 23546, 24576, 315.78
2026/08/10 10:31:09.397, 1, 100, 20752, 24576, 316.72
2026/08/10 10:31:09.398, 2, 98, 22892, 24576, 319.77
2026/08/10 10:31:14.399, 0, 100, 24070, 24576, 338.27
2026/08/10 10:31:14.400, 1, 100, 20752, 24576, 313.63
2026/08/10 10:31:14.400, 2, 98, 23622, 24576, 330.61
2026/08/10 10:31:19.401, 0, 100, 23406, 24576, 324.22
2026/08/10 10:31:19.402, 1, 88, 22452, 24576, 331.89
2026/08/10 10:31:19.402, 2, 100, 21534, 24576, 328.66
2026/08/10 10:31:24.403, 0, 93, 23406, 24576, 324.19
2026/08/10 10:31:24.403, 1, 88, 22452, 24576, 336.08
2026/08/10 10:31:24.404, 2, 89, 21534, 24576, 325.14
2026/08/10 10:31:29.405, 0, 89, 23406, 24576, 326.06
2026/08/10 10:31:29.406, 1, 92, 22452, 24576, 327.32
2026/08/10 10:31:29.406, 2, 89, 21534, 24576, 326.19
2026/08/10 10:31:34.407, 0, 85, 23406, 24576, 338.21
2026/08/10 10:31:34.407, 1, 81, 20232, 24576, 317.80
2026/08/10 10:31:34.408, 2, 85, 21534, 24576, 337.37
2026/08/10 10:31:39.409, 0, 99, 23406, 24576, 340.35
2026/08/10 10:31:39.409, 1, 98, 20232, 24576, 302.64
2026/08/10 10:31:39.410, 2, 100, 21534, 24576, 299.56
2026/08/10 10:31:44.411, 0, 99, 13570, 24576, 339.96
2026/08/10 10:31:44.411, 1, 98, 12862, 24576, 312.05
2026/08/10 10:31:44.412, 2, 98, 19784, 24576, 315.30
2026/08/10 10:31:49.413, 0, 100, 23708, 24576, 329.62
2026/08/10 10:31:49.413, 1, 100, 22694, 24576, 324.41
2026/08/10 10:31:49.414, 2, 89, 21796, 24576, 319.08
2026/08/10 10:31:54.415, 0, 88, 24068, 24576, 337.99
2026/08/10 10:31:54.416, 1, 100, 22694, 24576, 338.63
2026/08/10 10:31:54.416, 2, 88, 21796, 24576, 319.88
2026/08/10 10:31:59.417, 0, 88, 24068, 24576, 340.87
2026/08/10 10:31:59.418, 1, 88, 22694, 24576, 337.10
2026/08/10 10:31:59.418, 2, 100, 21796, 24576, 299.37
2026/08/10 10:32:04.419, 0, 84, 21868, 24576, 334.38
2026/08/10 10:32:04.419, 1, 80, 20674, 24576, 323.86
2026/08/10 10:32:04.420, 2, 83, 23896, 24576, 335.37
2026/08/10 10:32:09.421, 0, 86, 21868, 24576, 340.15
2026/08/10 10:32:09.421, 1, 84, 20674, 24576, 316.89
2026/08/10 10:32:09.422, 2, 87, 23896, 24576, 330.06
2026/08/10 10:32:14.423, 0, 98, 21868, 24576, 339.83
2026/08/10 10:32:14.424, 1, 100, 23902, 24576, 323.70
2026/08/10 10:32:14.424, 2, 98, 23882, 24576, 321.20
2026/08/10 10:32:19.425, 0, 100, 21868, 24576, 182.12
2026/08/10 10:32:19.426, 1, 96, 17736, 24576, 269.95
2026/08/10 10:32:19.426, 2, 89, 13840, 24576, 281.86
2026/08/10 10:32:24.427, 0, 94, 21546, 24576, 306.89
2026/08/10 10:32:24.428, 1, 91, 22254, 24576, 309.82
2026/08/10 10:32:24.428, 2, 91, 22212, 24576, 301.53
2026/08/10 10:32:29.429, 0, 100, 21046, 24576, 313.42
2026/08/10 10:32:29.430, 1, 100, 21754, 24576, 292.58
2026/08/10 10:32:29.431, 2, 100, 21552, 24576, 306.58
2026/08/10 10:32:34.431, 0, 81, 21546, 24576, 287.53
2026/08/10 10:32:34.432, 1, 82, 22254, 24576, 299.30
2026/08/10 10:32:34.433, 2, 83, 22212, 24576, 298.33
2026/08/10 10:32:39.433, 0, 84, 21546, 24576, 338.55
2026/08/10 10:32:39.434, 1, 85, 22254, 24576, 304.43
2026/08/10 10:32:39.435, 2, 83, 22212, 24576, 338.87
2026/08/10 10:32:44.435, 0, 99, 21546, 24576, 338.34
2026/08/10 10:32:44.436, 1, 98, 12942, 24576, 286.67
2026/08/10 10:32:44.437, 2, 98, 12880, 24576, 293.16
2026/08/10 10:32:49.438, 0, 99, 21546, 24576, 338.01
2026/08/10 10:32:49.438, 1, 100, 13322, 24576, 310.01
2026/08/10 10:32:49.439, 2, 46, 13260, 24576, 290.22
2026/08/10 10:32:54.440, 0, 100, 21788, 24576, 326.62
2026/08/10 10:32:54.441, 1, 88, 22852, 24576, 321.40
2026/08/10 10:32:54.441, 2, 89, 22350, 24576, 329.24
2026/08/10 10:32:59.442, 0, 98, 23988, 24576, 331.92
2026/08/10 10:32:59.442, 1, 97, 22852, 24576, 312.04
2026/08/10 10:32:59.443, 2, 98, 22350, 24576, 305.68
2026/08/10 10:33:04.444, 0, 84, 21788, 24576, 334.75
2026/08/10 10:33:04.444, 1, 82, 22852, 24576, 323.15
2026/08/10 10:33:04.445, 2, 83, 22350, 24576, 335.80
2026/08/10 10:33:09.445, 0, 85, 21788, 24576, 339.37
2026/08/10 10:33:09.446, 1, 83, 22852, 24576, 314.37
2026/08/10 10:33:09.447, 2, 85, 22350, 24576, 330.10
2026/08/10 10:33:14.447, 0, 98, 22690, 24576, 336.79
2026/08/10 10:33:14.448, 1, 98, 22662, 24576, 311.77
2026/08/10 10:33:14.449, 2, 98, 22350, 24576, 327.51
2026/08/10 10:33:19.450, 0, 93, 14510, 24576, 300.37
2026/08/10 10:33:19.450, 1, 100, 23636, 24576, 324.24
2026/08/10 10:33:19.451, 2, 100, 22350, 24576, 185.21
2026/08/10 10:33:24.452, 0, 100, 23328, 24576, 327.36
2026/08/10 10:33:24.452, 1, 100, 22672, 24576, 310.30
2026/08/10 10:33:24.453, 2, 100, 23074, 24576, 310.58
2026/08/10 10:33:29.453, 0, 93, 23328, 24576, 319.77
2026/08/10 10:33:29.454, 1, 97, 22672, 24576, 317.44
2026/08/10 10:33:29.455, 2, 97, 23074, 24576, 318.04
2026/08/10 10:33:34.456, 0, 83, 23328, 24576, 322.78
2026/08/10 10:33:34.456, 1, 81, 22672, 24576, 329.45
2026/08/10 10:33:34.457, 2, 83, 23074, 24576, 327.42
2026/08/10 10:33:39.458, 0, 87, 23328, 24576, 338.15
2026/08/10 10:33:39.461, 1, 82, 22672, 24576, 317.55
2026/08/10 10:33:39.462, 2, 85, 23074, 24576, 337.83
2026/08/10 10:33:44.463, 0, 100, 23328, 24576, 334.14
2026/08/10 10:33:44.463, 1, 98, 13064, 24576, 289.93
2026/08/10 10:33:44.464, 2, 98, 23074, 24576, 335.83
2026/08/10 10:33:49.465, 0, 100, 23328, 24576, 335.17
2026/08/10 10:33:49.465, 1, 100, 13064, 24576, 307.31
2026/08/10 10:33:49.466, 2, 100, 23074, 24576, 252.02
2026/08/10 10:33:54.466, 0, 89, 22090, 24576, 313.64
2026/08/10 10:33:54.467, 1, 89, 24016, 24576, 321.05
2026/08/10 10:33:54.468, 2, 89, 23074, 24576, 305.20
2026/08/10 10:33:59.468, 0, 100, 22090, 24576, 309.97
2026/08/10 10:33:59.469, 1, 100, 24016, 24576, 336.92
2026/08/10 10:33:59.469, 2, 100, 23074, 24576, 304.49
2026/08/10 10:34:04.471, 0, 92, 22090, 24576, 311.37
2026/08/10 10:34:04.471, 1, 100, 24016, 24576, 314.86
2026/08/10 10:34:04.472, 2, 100, 23074, 24576, 287.51
2026/08/10 10:34:09.473, 0, 85, 24190, 24576, 336.47
2026/08/10 10:34:09.474, 1, 82, 21816, 24576, 313.52
2026/08/10 10:34:09.474, 2, 84, 23074, 24576, 336.04
2026/08/10 10:34:14.475, 0, 85, 24190, 24576, 317.53
2026/08/10 10:34:14.476, 1, 84, 21816, 24576, 321.34
2026/08/10 10:34:14.476, 2, 100, 23074, 24576, 277.81
2026/08/10 10:34:19.477, 0, 98, 13590, 24576, 338.49
2026/08/10 10:34:19.478, 1, 98, 13022, 24576, 303.81
2026/08/10 10:34:19.478, 2, 98, 23074, 24576, 329.32
2026/08/10 10:34:24.479, 0, 62, 13590, 24576, 329.28
2026/08/10 10:34:24.479, 1, 100, 13022, 24576, 187.77
2026/08/10 10:34:24.485, 2, 100, 23074, 24576, 218.00
2026/08/10 10:34:29.486, 0, 100, 24052, 24576, 342.43
2026/08/10 10:34:29.486, 1, 99, 20934, 24576, 310.88
2026/08/10 10:34:29.487, 2, 100, 23676, 24576, 333.02
2026/08/10 10:34:34.489, 0, 96, 24052, 24576, 334.17
2026/08/10 10:34:34.490, 1, 94, 21814, 24576, 309.02
2026/08/10 10:34:34.490, 2, 97, 23676, 24576, 318.04
2026/08/10 10:34:39.491, 0, 82, 24052, 24576, 285.33
2026/08/10 10:34:39.491, 1, 84, 20934, 24576, 294.87
2026/08/10 10:34:39.492, 2, 81, 23676, 24576, 274.76
2026/08/10 10:34:44.493, 0, 85, 24052, 24576, 338.49
2026/08/10 10:34:44.493, 1, 86, 20934, 24576, 319.27
2026/08/10 10:34:44.494, 2, 86, 23676, 24576, 337.44
2026/08/10 10:34:49.495, 0, 99, 17230, 24576, 300.90
2026/08/10 10:34:49.495, 1, 95, 13982, 24576, 282.26
2026/08/10 10:34:49.496, 2, 98, 23676, 24576, 336.23
2026/08/10 10:34:54.497, 0, 98, 22790, 24576, 339.25
2026/08/10 10:34:54.498, 1, 98, 13956, 24576, 301.18
2026/08/10 10:34:54.498, 2, 98, 23676, 24576, 313.26
2026/08/10 10:34:59.499, 0, 97, 21228, 24576, 327.02
2026/08/10 10:34:59.499, 1, 94, 21454, 24576, 318.66
2026/08/10 10:34:59.500, 2, 98, 23676, 24576, 310.10
2026/08/10 10:35:04.501, 0, 90, 23128, 24576, 314.70
2026/08/10 10:35:04.502, 1, 89, 20894, 24576, 293.61
2026/08/10 10:35:04.502, 2, 97, 23676, 24576, 306.70
2026/08/10 10:35:09.503, 0, 62, 23128, 24576, 277.19
2026/08/10 10:35:09.504, 1, 72, 22954, 24576, 282.81
2026/08/10 10:35:09.504, 2, 78, 23676, 24576, 281.43
2026/08/10 10:35:14.505, 0, 86, 23128, 24576, 337.65
2026/08/10 10:35:14.506, 1, 81, 22954, 24576, 316.41
2026/08/10 10:35:14.506, 2, 84, 23676, 24576, 335.63
2026/08/10 10:35:19.507, 0, 100, 23668, 24576, 335.95
2026/08/10 10:35:19.508, 1, 99, 23974, 24576, 316.99
2026/08/10 10:35:19.508, 2, 98, 23736, 24576, 339.21
2026/08/10 10:35:24.509, 0, 100, 13490, 24576, 336.54
2026/08/10 10:35:24.510, 1, 99, 12840, 24576, 311.53
2026/08/10 10:35:24.510, 2, 100, 13042, 24576, 332.45
2026/08/10 10:35:29.512, 0, 100, 23330, 24576, 339.07
2026/08/10 10:35:29.512, 1, 89, 22310, 24576, 337.49
2026/08/10 10:35:29.513, 2, 89, 23654, 24576, 340.72
2026/08/10 10:35:34.513, 0, 100, 23330, 24576, 337.46
2026/08/10 10:35:34.514, 1, 88, 22310, 24576, 329.88
2026/08/10 10:35:34.514, 2, 89, 23654, 24576, 338.74
2026/08/10 10:35:39.515, 0, 100, 23330, 24576, 339.02
2026/08/10 10:35:39.516, 1, 88, 22310, 24576, 332.52
2026/08/10 10:35:39.516, 2, 89, 23654, 24576, 340.69
2026/08/10 10:35:44.517, 0, 83, 23330, 24576, 337.55
2026/08/10 10:35:44.518, 1, 80, 20310, 24576, 315.85
2026/08/10 10:35:44.518, 2, 81, 21434, 24576, 326.42
2026/08/10 10:35:49.519, 0, 100, 23330, 24576, 273.02
2026/08/10 10:35:49.520, 1, 100, 20310, 24576, 314.67
2026/08/10 10:35:49.521, 2, 98, 21434, 24576, 224.12
2026/08/10 10:35:54.522, 0, 99, 13450, 24576, 336.08
2026/08/10 10:35:54.522, 1, 98, 13062, 24576, 314.04
2026/08/10 10:35:54.523, 2, 98, 13282, 24576, 322.05
2026/08/10 10:35:59.524, 0, 89, 21300, 24576, 216.94
2026/08/10 10:35:59.525, 1, 58, 20344, 24576, 293.44
2026/08/10 10:35:59.525, 2, 85, 20524, 24576, 220.97
2026/08/10 10:36:04.526, 0, 100, 23510, 24576, 332.42
2026/08/10 10:36:04.527, 1, 100, 21816, 24576, 310.79
2026/08/10 10:36:04.528, 2, 100, 23636, 24576, 333.10
2026/08/10 10:36:09.528, 0, 96, 23510, 24576, 317.03
2026/08/10 10:36:09.529, 1, 94, 21816, 24576, 305.78
2026/08/10 10:36:09.529, 2, 98, 23636, 24576, 313.30
2026/08/10 10:36:14.530, 0, 82, 23510, 24576, 280.21
2026/08/10 10:36:14.531, 1, 77, 21816, 24576, 290.25
2026/08/10 10:36:14.532, 2, 82, 23636, 24576, 272.62
2026/08/10 10:36:19.533, 0, 83, 23510, 24576, 337.36
2026/08/10 10:36:19.533, 1, 82, 21816, 24576, 312.05
2026/08/10 10:36:19.534, 2, 81, 23636, 24576, 335.99
2026/08/10 10:36:24.535, 0, 99, 23510, 24576, 337.41
2026/08/10 10:36:24.535, 1, 98, 14122, 24576, 283.49
2026/08/10 10:36:24.536, 2, 100, 23636, 24576, 334.78
2026/08/10 10:36:29.537, 0, 99, 23510, 24576, 335.99
2026/08/10 10:36:29.537, 1, 98, 13022, 24576, 305.88
2026/08/10 10:36:29.538, 2, 99, 23636, 24576, 312.28
2026/08/10 10:36:34.539, 0, 81, 21686, 24576, 308.74
2026/08/10 10:36:34.539, 1, 94, 22872, 24576, 325.07
2026/08/10 10:36:34.540, 2, 99, 23636, 24576, 311.30
2026/08/10 10:36:39.541, 0, 99, 21686, 24576, 325.23
2026/08/10 10:36:39.542, 1, 100, 22872, 24576, 326.24
2026/08/10 10:36:39.542, 2, 100, 23636, 24576, 318.10
2026/08/10 10:36:44.543, 0, 80, 21686, 24576, 287.62
2026/08/10 10:36:44.544, 1, 82, 20672, 24576, 296.75
2026/08/10 10:36:44.544, 2, 83, 23636, 24576, 269.09
2026/08/10 10:36:49.545, 0, 85, 21686, 24576, 338.74
2026/08/10 10:36:49.546, 1, 82, 20672, 24576, 316.23
2026/08/10 10:36:49.546, 2, 84, 23636, 24576, 337.42
2026/08/10 10:36:54.547, 0, 98, 14450, 24576, 298.11
2026/08/10 10:36:54.548, 1, 93, 13942, 24576, 276.56
2026/08/10 10:36:54.548, 2, 94, 12822, 24576, 291.57
2026/08/10 10:36:59.549, 0, 81, 14450, 24576, 258.56
2026/08/10 10:36:59.549, 1, 98, 13920, 24576, 331.42
2026/08/10 10:36:59.550, 2, 99, 12822, 24576, 323.39
2026/08/10 10:37:04.551, 0, 95, 22224, 24576, 318.11
2026/08/10 10:37:04.551, 1, 99, 22072, 24576, 324.49
2026/08/10 10:37:04.552, 2, 100, 21952, 24576, 327.09
2026/08/10 10:37:09.553, 0, 99, 22224, 24576, 316.26
2026/08/10 10:37:09.554, 1, 100, 22072, 24576, 316.11
2026/08/10 10:37:09.554, 2, 100, 21952, 24576, 324.42
2026/08/10 10:37:14.555, 0, 23, 22224, 24576, 245.06
2026/08/10 10:37:14.556, 1, 84, 22072, 24576, 293.72
2026/08/10 10:37:14.557, 2, 83, 21952, 24576, 287.67
2026/08/10 10:37:19.558, 0, 84, 22224, 24576, 339.61
2026/08/10 10:37:19.558, 1, 83, 22072, 24576, 316.22
2026/08/10 10:37:19.559, 2, 85, 21952, 24576, 337.43
2026/08/10 10:37:24.560, 0, 98, 17150, 24576, 302.48
2026/08/10 10:37:24.560, 1, 98, 22072, 24576, 311.19
2026/08/10 10:37:24.561, 2, 79, 12902, 24576, 284.95
2026/08/10 10:37:29.562, 0, 98, 20810, 24576, 328.72
2026/08/10 10:37:29.563, 1, 98, 22072, 24576, 314.98
2026/08/10 10:37:29.563, 2, 98, 13282, 24576, 319.58
2026/08/10 10:37:34.564, 0, 89, 23788, 24576, 331.61
2026/08/10 10:37:34.565, 1, 100, 23772, 24576, 324.01
2026/08/10 10:37:34.565, 2, 100, 22852, 24576, 308.18
2026/08/10 10:37:39.566, 0, 97, 23428, 24576, 319.59
2026/08/10 10:37:39.567, 1, 96, 20592, 24576, 297.74
2026/08/10 10:37:39.568, 2, 97, 22852, 24576, 309.48
2026/08/10 10:37:44.568, 0, 31, 23428, 24576, 281.82
2026/08/10 10:37:44.569, 1, 67, 22652, 24576, 285.16
2026/08/10 10:37:44.570, 2, 57, 22852, 24576, 277.71
2026/08/10 10:37:49.570, 0, 84, 23428, 24576, 340.18
2026/08/10 10:37:49.571, 1, 83, 22652, 24576, 318.52
2026/08/10 10:37:49.571, 2, 85, 22852, 24576, 338.10
2026/08/10 10:37:54.572, 0, 98, 13230, 24576, 300.36
2026/08/10 10:37:54.573, 1, 98, 22652, 24576, 310.17
2026/08/10 10:37:54.573, 2, 88, 14442, 24576, 294.43
2026/08/10 10:37:59.574, 0, 72, 13230, 24576, 305.37
2026/08/10 10:37:59.575, 1, 98, 22652, 24576, 307.68
2026/08/10 10:37:59.575, 2, 98, 17718, 24576, 298.12
2026/08/10 10:38:04.576, 0, 88, 19822, 24576, 295.22
2026/08/10 10:38:04.578, 1, 100, 21374, 24576, 330.73
2026/08/10 10:38:04.579, 2, 100, 22672, 24576, 339.39
2026/08/10 10:38:09.580, 0, 89, 20122, 24576, 294.42
2026/08/10 10:38:09.591, 1, 100, 21374, 24576, 322.24
2026/08/10 10:38:09.592, 2, 89, 22672, 24576, 337.93
2026/08/10 10:38:14.593, 0, 35, 19822, 24576, 267.02
2026/08/10 10:38:14.593, 1, 100, 21374, 24576, 316.11
2026/08/10 10:38:14.594, 2, 100, 22672, 24576, 310.53
2026/08/10 10:38:19.595, 0, 86, 19822, 24576, 339.31
2026/08/10 10:38:19.596, 1, 81, 21374, 24576, 315.55
2026/08/10 10:38:19.596, 2, 84, 22672, 24576, 336.64
2026/08/10 10:38:24.597, 0, 91, 13330, 24576, 301.21
2026/08/10 10:38:24.597, 1, 87, 14460, 24576, 277.05
2026/08/10 10:38:24.598, 2, 90, 12452, 24576, 296.88
2026/08/10 10:38:29.599, 0, 100, 13670, 24576, 342.07
2026/08/10 10:38:29.599, 1, 98, 13138, 24576, 307.02
2026/08/10 10:38:29.600, 2, 94, 14538, 24576, 295.60
2026/08/10 10:38:34.600, 0, 100, 22824, 24576, 310.66
2026/08/10 10:38:34.601, 1, 100, 21890, 24576, 312.83
2026/08/10 10:38:34.605, 2, 97, 22814, 24576, 327.47
2026/08/10 10:38:39.605, 0, 93, 22824, 24576, 318.51
2026/08/10 10:38:39.606, 1, 100, 21890, 24576, 311.23
2026/08/10 10:38:39.607, 2, 90, 22814, 24576, 338.16
2026/08/10 10:38:44.610, 0, 58, 22824, 24576, 269.07
2026/08/10 10:38:44.611, 1, 76, 21890, 24576, 280.02
2026/08/10 10:38:44.612, 2, 73, 22814, 24576, 293.61
2026/08/10 10:38:49.613, 0, 86, 22824, 24576, 338.47
2026/08/10 10:38:49.613, 1, 82, 21890, 24576, 328.39
2026/08/10 10:38:49.614, 2, 85, 22814, 24576, 318.86
2026/08/10 10:38:54.615, 0, 95, 18004, 24576, 324.78
2026/08/10 10:38:54.615, 1, 98, 23830, 24576, 319.71
2026/08/10 10:38:54.616, 2, 98, 23614, 24576, 325.85
2026/08/10 10:38:59.617, 0, 98, 13570, 24576, 340.77
2026/08/10 10:38:59.617, 1, 100, 13062, 24576, 322.83
2026/08/10 10:38:59.618, 2, 98, 13062, 24576, 317.23
2026/08/10 10:39:04.619, 0, 99, 21708, 24576, 314.44
2026/08/10 10:39:04.619, 1, 100, 21716, 24576, 315.89
2026/08/10 10:39:04.620, 2, 94, 21736, 24576, 324.86
2026/08/10 10:39:09.621, 0, 100, 21708, 24576, 319.58
2026/08/10 10:39:09.621, 1, 100, 21716, 24576, 318.91
2026/08/10 10:39:09.622, 2, 100, 21736, 24576, 316.26
2026/08/10 10:39:14.623, 0, 82, 21708, 24576, 301.13
2026/08/10 10:39:14.624, 1, 81, 21716, 24576, 313.89
2026/08/10 10:39:14.624, 2, 80, 21736, 24576, 317.04
2026/08/10 10:39:19.625, 0, 84, 21708, 24576, 338.47
2026/08/10 10:39:19.626, 1, 81, 21716, 24576, 334.20
2026/08/10 10:39:19.626, 2, 81, 21736, 24576, 322.77
2026/08/10 10:39:24.627, 0, 80, 21708, 24576, 340.78
2026/08/10 10:39:24.628, 1, 81, 21716, 24576, 321.23
2026/08/10 10:39:24.629, 2, 75, 21736, 24576, 309.69
2026/08/10 10:39:29.629, 0, 100, 21708, 24576, 336.90
2026/08/10 10:39:29.630, 1, 98, 21716, 24576, 314.00
2026/08/10 10:39:29.631, 2, 98, 14002, 24576, 334.93
2026/08/10 10:39:34.632, 0, 100, 21708, 24576, 332.05
2026/08/10 10:39:34.633, 1, 100, 21716, 24576, 253.23
2026/08/10 10:39:34.633, 2, 100, 13998, 24576, 254.59
2026/08/10 10:39:39.634, 0, 100, 23350, 24576, 338.60
2026/08/10 10:39:39.634, 1, 89, 23014, 24576, 338.41
2026/08/10 10:39:39.635, 2, 97, 22992, 24576, 322.61
2026/08/10 10:39:44.636, 0, 100, 23350, 24576, 340.63
2026/08/10 10:39:44.636, 1, 100, 23014, 24576, 341.03
2026/08/10 10:39:44.637, 2, 100, 22992, 24576, 318.60
2026/08/10 10:39:49.637, 0, 64, 23350, 24576, 286.24
2026/08/10 10:39:49.638, 1, 73, 20794, 24576, 288.90
2026/08/10 10:39:49.639, 2, 77, 22992, 24576, 274.92
2026/08/10 10:39:54.640, 0, 82, 23350, 24576, 338.84
2026/08/10 10:39:54.640, 1, 83, 20794, 24576, 313.45
2026/08/10 10:39:54.641, 2, 83, 22992, 24576, 337.05
2026/08/10 10:39:59.642, 0, 98, 24070, 24576, 337.31
2026/08/10 10:39:59.642, 1, 97, 24054, 24576, 336.02
2026/08/10 10:39:59.643, 2, 99, 23652, 24576, 332.93
2026/08/10 10:40:04.644, 0, 98, 13330, 24576, 338.30
2026/08/10 10:40:04.645, 1, 83, 14396, 24576, 280.07
2026/08/10 10:40:04.645, 2, 98, 13064, 24576, 326.83
2026/08/10 10:40:09.646, 0, 100, 20584, 24576, 297.84
2026/08/10 10:40:09.646, 1, 100, 20950, 24576, 320.61
2026/08/10 10:40:09.647, 2, 100, 23236, 24576, 335.65
2026/08/10 10:40:14.648, 0, 87, 20584, 24576, 293.13
2026/08/10 10:40:14.648, 1, 86, 20950, 24576, 295.47
2026/08/10 10:40:14.649, 2, 94, 23236, 24576, 322.85
2026/08/10 10:40:19.649, 0, 100, 21564, 24576, 301.51
2026/08/10 10:40:19.650, 1, 100, 21290, 24576, 314.29
2026/08/10 10:40:19.651, 2, 91, 23616, 24576, 332.10
2026/08/10 10:40:24.652, 0, 82, 20584, 24576, 338.18
2026/08/10 10:40:24.652, 1, 80, 20950, 24576, 334.31
2026/08/10 10:40:24.653, 2, 84, 23236, 24576, 335.37
2026/08/10 10:40:29.654, 0, 79, 20584, 24576, 316.40
2026/08/10 10:40:29.655, 1, 78, 20950, 24576, 325.01
2026/08/10 10:40:29.655, 2, 84, 23236, 24576, 331.90
2026/08/10 10:40:34.656, 0, 98, 20584, 24576, 339.63
2026/08/10 10:40:34.656, 1, 98, 20950, 24576, 313.30
2026/08/10 10:40:34.657, 2, 93, 15282, 24576, 300.61
2026/08/10 10:40:39.658, 0, 100, 20584, 24576, 178.64
2026/08/10 10:40:39.658, 1, 100, 20950, 24576, 189.61
2026/08/10 10:40:39.659, 2, 71, 14078, 24576, 281.37
2026/08/10 10:40:44.659, 0, 100, 20986, 24576, 307.45
2026/08/10 10:40:44.660, 1, 89, 21850, 24576, 336.61
2026/08/10 10:40:44.661, 2, 100, 23494, 24576, 330.09
2026/08/10 10:40:49.662, 0, 100, 20986, 24576, 304.48
2026/08/10 10:40:49.663, 1, 89, 21850, 24576, 335.67
2026/08/10 10:40:49.663, 2, 93, 23494, 24576, 328.30
2026/08/10 10:40:54.664, 0, 83, 20986, 24576, 338.22
2026/08/10 10:40:54.665, 1, 82, 21850, 24576, 334.02
2026/08/10 10:40:54.665, 2, 82, 23494, 24576, 336.91
2026/08/10 10:40:59.666, 0, 85, 20986, 24576, 340.79
2026/08/10 10:40:59.667, 1, 82, 21850, 24576, 322.32
2026/08/10 10:40:59.668, 2, 84, 23494, 24576, 322.53
2026/08/10 10:41:04.668, 0, 99, 14430, 24576, 302.65
2026/08/10 10:41:04.669, 1, 98, 13042, 24576, 333.32
2026/08/10 10:41:04.669, 2, 98, 13042, 24576, 328.11
2026/08/10 10:41:09.670, 0, 99, 14430, 24576, 305.30
2026/08/10 10:41:09.671, 1, 98, 13042, 24576, 303.76
2026/08/10 10:41:09.671, 2, 98, 13042, 24576, 319.40
2026/08/10 10:41:14.672, 0, 100, 23470, 24576, 335.81
2026/08/10 10:41:14.673, 1, 100, 21734, 24576, 322.01
2026/08/10 10:41:14.674, 2, 100, 21474, 24576, 309.54
2026/08/10 10:41:19.674, 0, 89, 23470, 24576, 333.20
2026/08/10 10:41:19.675, 1, 96, 21734, 24576, 324.49
2026/08/10 10:41:19.676, 2, 96, 21474, 24576, 310.18
2026/08/10 10:41:24.677, 0, 96, 23470, 24576, 321.32
2026/08/10 10:41:24.677, 1, 94, 21734, 24576, 304.51
2026/08/10 10:41:24.678, 2, 94, 21474, 24576, 305.66
2026/08/10 10:41:29.679, 0, 84, 23470, 24576, 339.37
2026/08/10 10:41:29.679, 1, 84, 21734, 24576, 322.65
2026/08/10 10:41:29.680, 2, 84, 21474, 24576, 335.97
2026/08/10 10:41:34.684, 0, 98, 23470, 24576, 340.59
2026/08/10 10:41:34.684, 1, 98, 21734, 24576, 281.77
2026/08/10 10:41:34.685, 2, 98, 21474, 24576, 292.51
2026/08/10 10:41:39.686, 0, 99, 22510, 24576, 336.81
2026/08/10 10:41:39.687, 1, 98, 23562, 24576, 317.18
2026/08/10 10:41:39.687, 2, 98, 21474, 24576, 327.39
2026/08/10 10:41:44.688, 0, 100, 23508, 24576, 332.53
2026/08/10 10:41:44.689, 1, 100, 22132, 24576, 324.76
2026/08/10 10:41:44.689, 2, 100, 21394, 24576, 318.83
2026/08/10 10:41:49.690, 0, 100, 23508, 24576, 331.04
2026/08/10 10:41:49.691, 1, 100, 22132, 24576, 322.97
2026/08/10 10:41:49.691, 2, 100, 21394, 24576, 313.42
2026/08/10 10:41:54.693, 0, 100, 23508, 24576, 330.57
2026/08/10 10:41:54.693, 1, 100, 22132, 24576, 319.37
2026/08/10 10:41:54.693, 2, 100, 21394, 24576, 316.40
2026/08/10 10:41:59.694, 0, 82, 23508, 24576, 338.50
2026/08/10 10:41:59.695, 1, 83, 22132, 24576, 321.68
2026/08/10 10:41:59.695, 2, 83, 21394, 24576, 335.07
2026/08/10 10:42:04.696, 0, 78, 23508, 24576, 320.86
2026/08/10 10:42:04.697, 1, 75, 22132, 24576, 320.11
2026/08/10 10:42:04.697, 2, 98, 21394, 24576, 304.76
2026/08/10 10:42:09.698, 0, 100, 23508, 24576, 334.97
2026/08/10 10:42:09.699, 1, 90, 14082, 24576, 278.19
2026/08/10 10:42:09.700, 2, 98, 19402, 24576, 318.49
2026/08/10 10:42:14.700, 0, 100, 23508, 24576, 180.34
2026/08/10 10:42:14.701, 1, 98, 13316, 24576, 291.10
2026/08/10 10:42:14.701, 2, 100, 12858, 24576, 173.75
2026/08/10 10:42:19.702, 0, 100, 24048, 24576, 341.25
2026/08/10 10:42:19.703, 1, 98, 23756, 24576, 293.56
2026/08/10 10:42:19.703, 2, 100, 23314, 24576, 329.18
2026/08/10 10:42:24.704, 0, 89, 24048, 24576, 341.31
2026/08/10 10:42:24.705, 1, 100, 23756, 24576, 321.60
2026/08/10 10:42:24.705, 2, 100, 23314, 24576, 329.20
2026/08/10 10:42:29.706, 0, 83, 24048, 24576, 336.02
2026/08/10 10:42:29.706, 1, 81, 23756, 24576, 325.06
2026/08/10 10:42:29.707, 2, 85, 23314, 24576, 332.45
2026/08/10 10:42:34.708, 0, 86, 24048, 24576, 339.12
2026/08/10 10:42:34.708, 1, 82, 23756, 24576, 317.60
2026/08/10 10:42:34.709, 2, 84, 23314, 24576, 336.62
2026/08/10 10:42:39.710, 0, 99, 20870, 24576, 337.14
2026/08/10 10:42:39.711, 1, 98, 12860, 24576, 324.57
2026/08/10 10:42:39.711, 2, 100, 12902, 24576, 334.81
2026/08/10 10:42:44.712, 0, 98, 20870, 24576, 336.39
2026/08/10 10:42:44.713, 1, 100, 12860, 24576, 258.64
2026/08/10 10:42:44.713, 2, 100, 12902, 24576, 247.49
2026/08/10 10:42:49.714, 0, 100, 23310, 24576, 338.04
2026/08/10 10:42:49.715, 1, 90, 19870, 24576, 296.08
2026/08/10 10:42:49.715, 2, 92, 20572, 24576, 303.91
2026/08/10 10:42:54.716, 0, 100, 23310, 24576, 337.39
2026/08/10 10:42:54.716, 1, 91, 19870, 24576, 299.13
2026/08/10 10:42:54.717, 2, 94, 20572, 24576, 307.07
2026/08/10 10:42:59.718, 0, 100, 23310, 24576, 338.23
2026/08/10 10:42:59.718, 1, 88, 19870, 24576, 302.44
2026/08/10 10:42:59.719, 2, 90, 20572, 24576, 309.22
2026/08/10 10:43:04.720, 0, 85, 23310, 24576, 336.95
2026/08/10 10:43:04.720, 1, 84, 19870, 24576, 323.42
2026/08/10 10:43:04.722, 2, 84, 20572, 24576, 332.61
2026/08/10 10:43:09.723, 0, 98, 23310, 24576, 337.35
2026/08/10 10:43:09.723, 1, 98, 19870, 24576, 335.95
2026/08/10 10:43:09.724, 2, 98, 20572, 24576, 335.17
2026/08/10 10:43:14.727, 0, 98, 13570, 24576, 339.63
2026/08/10 10:43:14.727, 1, 98, 19870, 24576, 308.33
2026/08/10 10:43:14.728, 2, 98, 20572, 24576, 321.43
2026/08/10 10:43:19.729, 0, 89, 21868, 24576, 315.89
2026/08/10 10:43:19.729, 1, 88, 20632, 24576, 299.78
2026/08/10 10:43:19.730, 2, 89, 23334, 24576, 313.55
2026/08/10 10:43:24.730, 0, 88, 21868, 24576, 316.76
2026/08/10 10:43:24.731, 1, 86, 20632, 24576, 307.37
2026/08/10 10:43:24.732, 2, 89, 23334, 24576, 312.07
2026/08/10 10:43:29.732, 0, 91, 21868, 24576, 316.56
2026/08/10 10:43:29.733, 1, 92, 20632, 24576, 302.32
2026/08/10 10:43:29.734, 2, 95, 23334, 24576, 313.00
2026/08/10 10:43:34.735, 0, 85, 21868, 24576, 336.34
2026/08/10 10:43:34.735, 1, 82, 20632, 24576, 326.09
2026/08/10 10:43:34.736, 2, 84, 23334, 24576, 337.39
2026/08/10 10:43:39.737, 0, 99, 24088, 24576, 336.54
2026/08/10 10:43:39.737, 1, 98, 23732, 24576, 315.72
2026/08/10 10:43:39.738, 2, 99, 23834, 24576, 336.23
2026/08/10 10:43:44.739, 0, 99, 13430, 24576, 336.99
2026/08/10 10:43:44.739, 1, 100, 12800, 24576, 312.85
2026/08/10 10:43:44.739, 2, 99, 12800, 24576, 319.19
2026/08/10 10:43:49.740, 0, 89, 21608, 24576, 317.62
2026/08/10 10:43:49.741, 1, 99, 21310, 24576, 311.88
2026/08/10 10:43:49.741, 2, 100, 20270, 24576, 305.88
2026/08/10 10:43:54.742, 0, 96, 23628, 24576, 318.78
2026/08/10 10:43:54.743, 1, 89, 19470, 24576, 305.65
2026/08/10 10:43:54.743, 2, 93, 21890, 24576, 298.91
2026/08/10 10:43:59.744, 0, 28, 21608, 24576, 265.89
2026/08/10 10:43:59.745, 1, 57, 20990, 24576, 268.33
2026/08/10 10:43:59.746, 2, 61, 19950, 24576, 267.65
2026/08/10 10:44:04.747, 0, 85, 21608, 24576, 337.83
2026/08/10 10:44:04.747, 1, 82, 20990, 24576, 315.27
2026/08/10 10:44:04.748, 2, 84, 19950, 24576, 331.29
2026/08/10 10:44:09.749, 0, 100, 23128, 24576, 337.98
2026/08/10 10:44:09.749, 1, 100, 21730, 24576, 309.30
2026/08/10 10:44:09.750, 2, 98, 22430, 24576, 337.28
2026/08/10 10:44:14.751, 0, 93, 14470, 24576, 297.98
2026/08/10 10:44:14.751, 1, 98, 13064, 24576, 311.09
2026/08/10 10:44:14.752, 2, 98, 12862, 24576, 307.31
2026/08/10 10:44:19.753, 0, 93, 23128, 24576, 308.01
2026/08/10 10:44:19.753, 1, 92, 21836, 24576, 310.56
2026/08/10 10:44:19.754, 2, 90, 20732, 24576, 291.44
2026/08/10 10:44:24.754, 0, 88, 23128, 24576, 315.18
2026/08/10 10:44:24.755, 1, 99, 24056, 24576, 322.29
2026/08/10 10:44:24.756, 2, 100, 22732, 24576, 321.70
2026/08/10 10:44:29.757, 0, 100, 23128, 24576, 314.81
2026/08/10 10:44:29.758, 1, 100, 24056, 24576, 324.72
2026/08/10 10:44:29.758, 2, 89, 22732, 24576, 322.91
2026/08/10 10:44:34.759, 0, 83, 23128, 24576, 337.47
2026/08/10 10:44:34.760, 1, 83, 21836, 24576, 319.69
2026/08/10 10:44:34.760, 2, 84, 20732, 24576, 335.54
2026/08/10 10:44:39.762, 0, 85, 23128, 24576, 340.11
2026/08/10 10:44:39.762, 1, 84, 21836, 24576, 312.61
2026/08/10 10:44:39.763, 2, 84, 20732, 24576, 340.63
2026/08/10 10:44:44.763, 0, 98, 13490, 24576, 336.44
2026/08/10 10:44:44.764, 1, 98, 13022, 24576, 311.20
2026/08/10 10:44:44.764, 2, 98, 20732, 24576, 334.05
2026/08/10 10:44:49.765, 0, 100, 22572, 24576, 276.23
2026/08/10 10:44:49.766, 1, 100, 23058, 24576, 309.48
2026/08/10 10:44:49.766, 2, 100, 22432, 24576, 267.09
2026/08/10 10:44:54.767, 0, 89, 22624, 24576, 329.43
2026/08/10 10:44:54.768, 1, 92, 23114, 24576, 333.67
2026/08/10 10:44:54.768, 2, 100, 22132, 24576, 322.53
2026/08/10 10:44:59.769, 0, 89, 22624, 24576, 328.13
2026/08/10 10:44:59.770, 1, 89, 23114, 24576, 333.99
2026/08/10 10:44:59.770, 2, 100, 22132, 24576, 322.71
2026/08/10 10:45:04.771, 0, 84, 20484, 24576, 337.33
2026/08/10 10:45:04.772, 1, 82, 20934, 24576, 323.38
2026/08/10 10:45:04.773, 2, 85, 22132, 24576, 338.11
2026/08/10 10:45:09.773, 0, 85, 20484, 24576, 341.12
2026/08/10 10:45:09.774, 1, 84, 20934, 24576, 319.51
2026/08/10 10:45:09.774, 2, 86, 22132, 24576, 328.71
2026/08/10 10:45:14.775, 0, 98, 13590, 24576, 337.29
2026/08/10 10:45:14.776, 1, 100, 23742, 24576, 329.96
2026/08/10 10:45:14.776, 2, 98, 22132, 24576, 320.32
2026/08/10 10:45:19.777, 0, 100, 13590, 24576, 339.29
2026/08/10 10:45:19.778, 1, 91, 12476, 24576, 285.67
2026/08/10 10:45:19.778, 2, 100, 22132, 24576, 175.28
2026/08/10 10:45:24.779, 0, 100, 23950, 24576, 335.23
2026/08/10 10:45:24.780, 1, 100, 21772, 24576, 308.28
2026/08/10 10:45:24.780, 2, 100, 21996, 24576, 310.58
2026/08/10 10:45:29.781, 0, 89, 23950, 24576, 334.60
2026/08/10 10:45:29.782, 1, 100, 22492, 24576, 320.64
2026/08/10 10:45:29.782, 2, 100, 23036, 24576, 324.49
2026/08/10 10:45:34.784, 0, 100, 23950, 24576, 323.80
2026/08/10 10:45:34.784, 1, 89, 22492, 24576, 304.36
2026/08/10 10:45:34.785, 2, 89, 23036, 24576, 306.53
2026/08/10 10:45:39.785, 0, 85, 23950, 24576, 338.97
2026/08/10 10:45:39.786, 1, 84, 22492, 24576, 319.53
2026/08/10 10:45:39.786, 2, 85, 23036, 24576, 338.69
2026/08/10 10:45:44.787, 0, 98, 23950, 24576, 333.98
2026/08/10 10:45:44.788, 1, 100, 22492, 24576, 293.84
2026/08/10 10:45:44.788, 2, 98, 24196, 24576, 324.55
2026/08/10 10:45:49.789, 0, 100, 13490, 24576, 334.21
2026/08/10 10:45:49.789, 1, 98, 22492, 24576, 313.37
2026/08/10 10:45:49.790, 2, 99, 13342, 24576, 312.58
2026/08/10 10:45:54.791, 0, 100, 24230, 24576, 342.22
2026/08/10 10:45:54.792, 1, 100, 22052, 24576, 320.69
2026/08/10 10:45:54.792, 2, 100, 23052, 24576, 313.98
2026/08/10 10:45:59.793, 0, 100, 24230, 24576, 343.11
2026/08/10 10:45:59.794, 1, 96, 22052, 24576, 323.45
2026/08/10 10:45:59.794, 2, 100, 23052, 24576, 317.59
2026/08/10 10:46:04.795, 0, 97, 24230, 24576, 334.06
2026/08/10 10:46:04.796, 1, 94, 22052, 24576, 288.92
2026/08/10 10:46:04.796, 2, 100, 23052, 24576, 316.75
2026/08/10 10:46:09.797, 0, 85, 22130, 24576, 336.05
2026/08/10 10:46:09.798, 1, 84, 22052, 24576, 320.33
2026/08/10 10:46:09.798, 2, 84, 23052, 24576, 337.56
2026/08/10 10:46:14.799, 0, 98, 22130, 24576, 307.25
2026/08/10 10:46:14.799, 1, 98, 22052, 24576, 302.87
2026/08/10 10:46:14.800, 2, 98, 23052, 24576, 317.80
2026/08/10 10:46:19.802, 0, 98, 19930, 24576, 336.22
2026/08/10 10:46:19.802, 1, 98, 23698, 24576, 322.85
2026/08/10 10:46:19.803, 2, 98, 23842, 24576, 323.60
2026/08/10 10:46:24.804, 0, 88, 23410, 24576, 333.24
2026/08/10 10:46:24.805, 1, 100, 21508, 24576, 303.64
2026/08/10 10:46:24.805, 2, 91, 23054, 24576, 315.19
2026/08/10 10:46:29.806, 0, 100, 23390, 24576, 330.00
2026/08/10 10:46:29.807, 1, 89, 19888, 24576, 296.19
2026/08/10 10:46:29.807, 2, 88, 20974, 24576, 302.82
2026/08/10 10:46:34.808, 0, 100, 23390, 24576, 331.84
2026/08/10 10:46:34.809, 1, 100, 19568, 24576, 292.04
2026/08/10 10:46:34.809, 2, 100, 20974, 24576, 303.50
2026/08/10 10:46:39.810, 0, 85, 23390, 24576, 336.66
2026/08/10 10:46:39.810, 1, 85, 21508, 24576, 334.80
2026/08/10 10:46:39.811, 2, 83, 23054, 24576, 337.09
2026/08/10 10:46:44.812, 0, 86, 23390, 24576, 338.93
2026/08/10 10:46:44.812, 1, 82, 21508, 24576, 323.58
2026/08/10 10:46:44.813, 2, 85, 23054, 24576, 329.97
2026/08/10 10:46:49.814, 0, 98, 16510, 24576, 337.88
2026/08/10 10:46:49.815, 1, 98, 21508, 24576, 312.21
2026/08/10 10:46:49.816, 2, 79, 14178, 24576, 285.37
2026/08/10 10:46:54.817, 0, 100, 21730, 24576, 263.37
2026/08/10 10:46:54.818, 1, 92, 21674, 24576, 250.60
2026/08/10 10:46:54.818, 2, 92, 20914, 24576, 254.54
2026/08/10 10:46:59.819, 0, 97, 21788, 24576, 315.21
2026/08/10 10:46:59.820, 1, 100, 21732, 24576, 324.48
2026/08/10 10:46:59.820, 2, 100, 20970, 24576, 320.91
2026/08/10 10:47:04.821, 0, 90, 21788, 24576, 317.19
2026/08/10 10:47:04.821, 1, 89, 21732, 24576, 320.91
2026/08/10 10:47:04.822, 2, 89, 21310, 24576, 320.42
2026/08/10 10:47:09.823, 0, 81, 23808, 24576, 336.00
2026/08/10 10:47:09.823, 1, 84, 21732, 24576, 323.20
2026/08/10 10:47:09.824, 2, 83, 20970, 24576, 335.86
2026/08/10 10:47:14.825, 0, 81, 23808, 24576, 338.43
2026/08/10 10:47:14.825, 1, 83, 21732, 24576, 317.80
2026/08/10 10:47:14.826, 2, 86, 20970, 24576, 313.22
2026/08/10 10:47:19.827, 0, 98, 13530, 24576, 336.28
2026/08/10 10:47:19.828, 1, 100, 22482, 24576, 327.30
2026/08/10 10:47:19.828, 2, 98, 23880, 24576, 337.80
2026/08/10 10:47:24.829, 0, 100, 13530, 24576, 180.85
2026/08/10 10:47:24.830, 1, 98, 13462, 24576, 311.29
2026/08/10 10:47:24.830, 2, 90, 13820, 24576, 264.69
2026/08/10 10:47:29.831, 0, 95, 21506, 24576, 313.53
2026/08/10 10:47:29.832, 1, 100, 21656, 24576, 307.52
2026/08/10 10:47:29.832, 2, 89, 21690, 24576, 315.48
2026/08/10 10:47:34.833, 0, 93, 21506, 24576, 312.02
2026/08/10 10:47:34.834, 1, 100, 21656, 24576, 315.79
2026/08/10 10:47:34.834, 2, 100, 21690, 24576, 318.34
2026/08/10 10:47:39.835, 0, 100, 21506, 24576, 310.97
2026/08/10 10:47:39.836, 1, 100, 21656, 24576, 313.81
2026/08/10 10:47:39.838, 2, 89, 21690, 24576, 311.03
2026/08/10 10:47:44.839, 0, 83, 21506, 24576, 333.86
2026/08/10 10:47:44.840, 1, 82, 21656, 24576, 335.50
2026/08/10 10:47:44.840, 2, 82, 21690, 24576, 336.17
2026/08/10 10:47:49.841, 0, 98, 21506, 24576, 339.25
2026/08/10 10:47:49.841, 1, 99, 22636, 24576, 314.12
2026/08/10 10:47:49.842, 2, 99, 23090, 24576, 334.76
2026/08/10 10:47:54.843, 0, 100, 21506, 24576, 340.45
2026/08/10 10:47:54.843, 1, 98, 13220, 24576, 309.51
2026/08/10 10:47:54.844, 2, 82, 12442, 24576, 280.00
2026/08/10 10:47:59.845, 0, 93, 22028, 24576, 308.55
2026/08/10 10:47:59.845, 1, 97, 22310, 24576, 296.07
2026/08/10 10:47:59.845, 2, 90, 20154, 24576, 291.59
2026/08/10 10:48:04.846, 0, 88, 22028, 24576, 313.24
2026/08/10 10:48:04.847, 1, 97, 22310, 24576, 306.03
2026/08/10 10:48:04.848, 2, 91, 23294, 24576, 312.50
2026/08/10 10:48:09.848, 0, 95, 22028, 24576, 313.60
2026/08/10 10:48:09.849, 1, 100, 22310, 24576, 320.55
2026/08/10 10:48:09.849, 2, 97, 23294, 24576, 312.37
2026/08/10 10:48:14.850, 0, 83, 22028, 24576, 340.52
2026/08/10 10:48:14.851, 1, 85, 22310, 24576, 318.83
2026/08/10 10:48:14.852, 2, 83, 23294, 24576, 332.23
2026/08/10 10:48:19.853, 0, 98, 22028, 24576, 281.59
2026/08/10 10:48:19.853, 1, 100, 22310, 24576, 285.78
2026/08/10 10:48:19.854, 2, 100, 23294, 24576, 321.57
2026/08/10 10:48:24.855, 0, 100, 13450, 24576, 341.36
2026/08/10 10:48:24.855, 1, 98, 12802, 24576, 318.83
2026/08/10 10:48:24.856, 2, 98, 23294, 24576, 316.14
2026/08/10 10:48:29.857, 0, 88, 23546, 24576, 328.15
2026/08/10 10:48:29.857, 1, 88, 22432, 24576, 310.87
2026/08/10 10:48:29.858, 2, 88, 20814, 24576, 313.26
2026/08/10 10:48:34.859, 0, 89, 23546, 24576, 325.89
2026/08/10 10:48:34.860, 1, 100, 22432, 24576, 332.09
2026/08/10 10:48:34.861, 2, 88, 21174, 24576, 313.28
2026/08/10 10:48:39.862, 0, 100, 22146, 24576, 324.10
2026/08/10 10:48:39.862, 1, 97, 21732, 24576, 319.42
2026/08/10 10:48:39.863, 2, 93, 22974, 24576, 313.76
2026/08/10 10:48:44.864, 0, 85, 23546, 24576, 338.96
2026/08/10 10:48:44.864, 1, 84, 20492, 24576, 322.00
2026/08/10 10:48:44.865, 2, 85, 22974, 24576, 321.23
2026/08/10 10:48:49.866, 0, 98, 23546, 24576, 311.18
2026/08/10 10:48:49.866, 1, 100, 20492, 24576, 314.07
2026/08/10 10:48:49.867, 2, 98, 22974, 24576, 321.20
2026/08/10 10:48:54.867, 0, 98, 23546, 24576, 337.66
2026/08/10 10:48:54.868, 1, 98, 22778, 24576, 323.56
2026/08/10 10:48:54.869, 2, 98, 13042, 24576, 320.46
2026/08/10 10:48:59.869, 0, 89, 23066, 24576, 337.01
2026/08/10 10:48:59.870, 1, 88, 22314, 24576, 325.82
2026/08/10 10:48:59.871, 2, 84, 20794, 24576, 308.30
2026/08/10 10:49:04.872, 0, 89, 23066, 24576, 339.96
2026/08/10 10:49:04.872, 1, 89, 22614, 24576, 312.00
2026/08/10 10:49:04.873, 2, 88, 20794, 24576, 310.42
2026/08/10 10:49:09.874, 0, 89, 23066, 24576, 337.17
2026/08/10 10:49:09.875, 1, 89, 22614, 24576, 337.91
2026/08/10 10:49:09.875, 2, 89, 20794, 24576, 311.03
2026/08/10 10:49:14.876, 0, 81, 23066, 24576, 336.39
2026/08/10 10:49:14.877, 1, 78, 22614, 24576, 309.48
2026/08/10 10:49:14.877, 2, 78, 20794, 24576, 334.08
2026/08/10 10:49:19.878, 0, 100, 23066, 24576, 249.96
2026/08/10 10:49:19.879, 1, 83, 22614, 24576, 319.79
2026/08/10 10:49:19.880, 2, 100, 20794, 24576, 292.06
2026/08/10 10:49:24.881, 0, 98, 16550, 24576, 301.58
2026/08/10 10:49:24.881, 1, 98, 13004, 24576, 303.27
2026/08/10 10:49:24.882, 2, 98, 16082, 24576, 311.30
2026/08/10 10:49:29.883, 0, 89, 21718, 24576, 211.93
2026/08/10 10:49:29.884, 1, 69, 21786, 24576, 295.97
2026/08/10 10:49:29.884, 2, 85, 22746, 24576, 197.24
2026/08/10 10:49:34.885, 0, 88, 23486, 24576, 323.59
2026/08/10 10:49:34.887, 1, 89, 21856, 24576, 316.95
2026/08/10 10:49:34.887, 2, 88, 23494, 24576, 323.09
2026/08/10 10:49:39.888, 0, 90, 23486, 24576, 323.97
2026/08/10 10:49:39.889, 1, 100, 21856, 24576, 317.05
2026/08/10 10:49:39.889, 2, 100, 23494, 24576, 326.49
2026/08/10 10:49:44.890, 0, 12, 23486, 24576, 257.39
2026/08/10 10:49:44.891, 1, 83, 21856, 24576, 325.33
2026/08/10 10:49:44.891, 2, 81, 23494, 24576, 326.44
2026/08/10 10:49:49.892, 0, 81, 23486, 24576, 340.42
2026/08/10 10:49:49.893, 1, 85, 21856, 24576, 317.73
2026/08/10 10:49:49.893, 2, 82, 23494, 24576, 335.59
2026/08/10 10:49:54.894, 0, 99, 13970, 24576, 299.52
2026/08/10 10:49:54.895, 1, 98, 12902, 24576, 295.84
2026/08/10 10:49:54.895, 2, 98, 17842, 24576, 291.39
2026/08/10 10:49:59.897, 0, 98, 13990, 24576, 338.63
2026/08/10 10:49:59.897, 1, 98, 13262, 24576, 304.37
2026/08/10 10:49:59.898, 2, 98, 21178, 24576, 321.29
2026/08/10 10:50:04.899, 0, 93, 23370, 24576, 328.27
2026/08/10 10:50:04.899, 1, 97, 22872, 24576, 319.80
2026/08/10 10:50:04.900, 2, 93, 22512, 24576, 319.16
2026/08/10 10:50:09.901, 0, 100, 23370, 24576, 331.86
2026/08/10 10:50:09.901, 1, 97, 22872, 24576, 306.29
2026/08/10 10:50:09.902, 2, 97, 22512, 24576, 301.99
2026/08/10 10:50:14.902, 0, 87, 23570, 24576, 338.76
2026/08/10 10:50:14.903, 1, 100, 22872, 24576, 296.80
2026/08/10 10:50:14.903, 2, 94, 22512, 24576, 295.81
2026/08/10 10:50:19.904, 0, 16, 23370, 24576, 136.80
2026/08/10 10:50:19.905, 1, 83, 22872, 24576, 321.82
2026/08/10 10:50:19.905, 2, 81, 22512, 24576, 328.00
2026/08/10 10:50:24.906, 0, 84, 23370, 24576, 343.12
2026/08/10 10:50:24.907, 1, 83, 22872, 24576, 335.83
2026/08/10 10:50:24.908, 2, 83, 22512, 24576, 340.76
2026/08/10 10:50:29.909, 0, 88, 13530, 24576, 296.52
2026/08/10 10:50:29.909, 1, 88, 13986, 24576, 295.42
2026/08/10 10:50:29.910, 2, 100, 14122, 24576, 293.53
2026/08/10 10:50:34.911, 0, 90, 13530, 24576, 299.23
2026/08/10 10:50:34.911, 1, 98, 14016, 24576, 313.74
2026/08/10 10:50:34.912, 2, 100, 13002, 24576, 333.05
2026/08/10 10:50:39.912, 0, 94, 23510, 24576, 333.55
2026/08/10 10:50:39.913, 1, 91, 20814, 24576, 309.15
2026/08/10 10:50:39.913, 2, 93, 23152, 24576, 290.44
2026/08/10 10:50:44.914, 0, 94, 23510, 24576, 333.79
2026/08/10 10:50:44.915, 1, 90, 20814, 24576, 308.24
2026/08/10 10:50:44.915, 2, 93, 23152, 24576, 302.97
2026/08/10 10:50:49.916, 0, 94, 23510, 24576, 332.02
2026/08/10 10:50:49.916, 1, 90, 20814, 24576, 309.32
2026/08/10 10:50:49.917, 2, 92, 23152, 24576, 301.93
2026/08/10 10:50:54.918, 0, 84, 23510, 24576, 338.69
2026/08/10 10:50:54.919, 1, 83, 22934, 24576, 335.03
2026/08/10 10:50:54.919, 2, 83, 23152, 24576, 339.37
2026/08/10 10:50:59.921, 0, 85, 23510, 24576, 321.65
2026/08/10 10:50:59.921, 1, 97, 22934, 24576, 267.67
2026/08/10 10:50:59.922, 2, 74, 23152, 24576, 330.96
2026/08/10 10:51:04.922, 0, 98, 13590, 24576, 338.24
2026/08/10 10:51:04.923, 1, 98, 13282, 24576, 318.80
2026/08/10 10:51:04.923, 2, 98, 16744, 24576, 283.99
2026/08/10 10:51:09.924, 0, 100, 13590, 24576, 271.90
2026/08/10 10:51:09.925, 1, 100, 13282, 24576, 187.71
2026/08/10 10:51:09.926, 2, 96, 13018, 24576, 269.22
2026/08/10 10:51:14.927, 0, 89, 23930, 24576, 335.54
2026/08/10 10:51:14.927, 1, 100, 23052, 24576, 303.45
2026/08/10 10:51:14.928, 2, 89, 23236, 24576, 326.96
2026/08/10 10:51:19.929, 0, 89, 23930, 24576, 332.71
2026/08/10 10:51:19.931, 1, 96, 23052, 24576, 316.40
2026/08/10 10:51:19.932, 2, 100, 23236, 24576, 330.49
2026/08/10 10:51:24.933, 0, 73, 23930, 24576, 284.50
2026/08/10 10:51:24.933, 1, 41, 23052, 24576, 281.85
2026/08/10 10:51:24.934, 2, 24, 23236, 24576, 278.26
2026/08/10 10:51:29.935, 0, 84, 23930, 24576, 337.55
2026/08/10 10:51:29.935, 1, 83, 23052, 24576, 334.09
2026/08/10 10:51:29.936, 2, 84, 23236, 24576, 324.85
2026/08/10 10:51:34.936, 0, 98, 16190, 24576, 297.08
2026/08/10 10:51:34.937, 1, 92, 13922, 24576, 290.43
2026/08/10 10:51:34.937, 2, 92, 12842, 24576, 280.35
2026/08/10 10:51:39.938, 0, 98, 13410, 24576, 332.42
2026/08/10 10:51:39.939, 1, 97, 21418, 24576, 314.07
2026/08/10 10:51:39.939, 2, 98, 13202, 24576, 306.93
2026/08/10 10:51:44.940, 0, 100, 23386, 24576, 321.87
2026/08/10 10:51:44.940, 1, 95, 22052, 24576, 313.94
2026/08/10 10:51:44.941, 2, 97, 22954, 24576, 309.96
2026/08/10 10:51:49.942, 0, 100, 23386, 24576, 327.03
2026/08/10 10:51:49.943, 1, 94, 22052, 24576, 311.54
2026/08/10 10:51:49.943, 2, 100, 22954, 24576, 328.49
2026/08/10 10:51:54.944, 0, 84, 23386, 24576, 264.83
2026/08/10 10:51:54.945, 1, 74, 22052, 24576, 271.08
2026/08/10 10:51:54.945, 2, 80, 22954, 24576, 271.01
2026/08/10 10:51:59.946, 0, 86, 23386, 24576, 338.97
2026/08/10 10:51:59.947, 1, 81, 22052, 24576, 254.17
2026/08/10 10:51:59.947, 2, 85, 22954, 24576, 328.52
2026/08/10 10:52:04.948, 0, 93, 18266, 24576, 318.98
2026/08/10 10:52:04.949, 1, 98, 21112, 24576, 313.72
2026/08/10 10:52:04.949, 2, 90, 12238, 24576, 286.06
2026/08/10 10:52:09.950, 0, 88, 13550, 24576, 295.39
2026/08/10 10:52:09.950, 1, 89, 12800, 24576, 281.75
2026/08/10 10:52:09.954, 2, 98, 15878, 24576, 292.22
2026/08/10 10:52:14.959, 0, 100, 23970, 24576, 337.23
2026/08/10 10:52:14.959, 1, 100, 23236, 24576, 318.59
2026/08/10 10:52:14.959, 2, 100, 23454, 24576, 322.95
2026/08/10 10:52:19.960, 0, 100, 23970, 24576, 336.05
2026/08/10 10:52:19.961, 1, 100, 23236, 24576, 318.52
2026/08/10 10:52:19.961, 2, 100, 23454, 24576, 327.40
2026/08/10 10:52:24.962, 0, 93, 23970, 24576, 320.06
2026/08/10 10:52:24.963, 1, 93, 23236, 24576, 286.22
2026/08/10 10:52:24.963, 2, 92, 23454, 24576, 302.61
2026/08/10 10:52:29.964, 0, 82, 23970, 24576, 337.51
2026/08/10 10:52:29.964, 1, 80, 23236, 24576, 323.86
2026/08/10 10:52:29.965, 2, 83, 23454, 24576, 336.05
2026/08/10 10:52:34.966, 0, 100, 23970, 24576, 222.49
2026/08/10 10:52:34.967, 1, 100, 23236, 24576, 199.60
2026/08/10 10:52:34.967, 2, 84, 23454, 24576, 334.63
2026/08/10 10:52:39.968, 0, 98, 18270, 24576, 338.05
2026/08/10 10:52:39.969, 1, 100, 23236, 24576, 310.21
2026/08/10 10:52:39.969, 2, 98, 23454, 24576, 319.01
2026/08/10 10:52:44.970, 0, 86, 20724, 24576, 222.84
2026/08/10 10:52:44.970, 1, 87, 19726, 24576, 233.18
2026/08/10 10:52:44.971, 2, 89, 21450, 24576, 289.77
2026/08/10 10:52:49.972, 0, 93, 20786, 24576, 307.56
2026/08/10 10:52:49.972, 1, 91, 19590, 24576, 300.93
2026/08/10 10:52:49.973, 2, 91, 21516, 24576, 326.99
2026/08/10 10:52:54.973, 0, 95, 20106, 24576, 310.78
2026/08/10 10:52:54.974, 1, 92, 20570, 24576, 305.40
2026/08/10 10:52:54.974, 2, 94, 21516, 24576, 324.80
2026/08/10 10:52:59.975, 0, 84, 22826, 24576, 336.08
2026/08/10 10:52:59.976, 1, 82, 21770, 24576, 333.85
2026/08/10 10:52:59.977, 2, 83, 23656, 24576, 335.40
2026/08/10 10:53:04.977, 0, 84, 22826, 24576, 340.04
2026/08/10 10:53:04.978, 1, 84, 21770, 24576, 322.14
2026/08/10 10:53:04.979, 2, 84, 23656, 24576, 327.60
2026/08/10 10:53:09.980, 0, 98, 23270, 24576, 336.00
2026/08/10 10:53:09.980, 1, 100, 21770, 24576, 322.47
2026/08/10 10:53:09.981, 2, 97, 13022, 24576, 323.43
2026/08/10 10:53:14.981, 0, 98, 13870, 24576, 336.68
2026/08/10 10:53:14.982, 1, 100, 21770, 24576, 238.99
2026/08/10 10:53:14.982, 2, 100, 13022, 24576, 237.36
2026/08/10 10:53:19.983, 0, 100, 23448, 24576, 333.58
2026/08/10 10:53:19.984, 1, 100, 20774, 24576, 312.64
2026/08/10 10:53:19.985, 2, 100, 22954, 24576, 321.07
2026/08/10 10:53:24.986, 0, 91, 23448, 24576, 320.20
2026/08/10 10:53:24.986, 1, 89, 20774, 24576, 304.57
2026/08/10 10:53:24.987, 2, 89, 22954, 24576, 302.15
2026/08/10 10:53:29.987, 0, 20, 23448, 24576, 291.52
2026/08/10 10:53:29.988, 1, 22, 22754, 24576, 292.96
2026/08/10 10:53:29.989, 2, 22, 22954, 24576, 286.05
2026/08/10 10:53:34.990, 0, 83, 23448, 24576, 338.50
2026/08/10 10:53:34.991, 1, 83, 22754, 24576, 315.15
2026/08/10 10:53:34.991, 2, 84, 22954, 24576, 336.38
2026/08/10 10:53:39.992, 0, 98, 23448, 24576, 338.79
2026/08/10 10:53:39.993, 1, 100, 22754, 24576, 337.66
2026/08/10 10:53:39.993, 2, 98, 22954, 24576, 340.62
2026/08/10 10:53:44.994, 0, 98, 13590, 24576, 339.82
2026/08/10 10:53:44.995, 1, 98, 13462, 24576, 316.95
2026/08/10 10:53:44.995, 2, 98, 12802, 24576, 333.64
2026/08/10 10:53:49.996, 0, 100, 24042, 24576, 310.37
2026/08/10 10:53:49.997, 1, 97, 23668, 24576, 309.56
2026/08/10 10:53:49.997, 2, 89, 22148, 24576, 287.33
2026/08/10 10:53:54.998, 0, 86, 23330, 24576, 327.53
2026/08/10 10:53:54.999, 1, 100, 23836, 24576, 324.84
2026/08/10 10:53:54.999, 2, 87, 21852, 24576, 293.88
2026/08/10 10:54:00.000, 0, 100, 23850, 24576, 333.01
2026/08/10 10:54:00.001, 1, 100, 23776, 24576, 313.52
2026/08/10 10:54:00.002, 2, 100, 23952, 24576, 311.35
2026/08/10 10:54:05.003, 0, 83, 23330, 24576, 337.62
2026/08/10 10:54:05.004, 1, 85, 21636, 24576, 325.07
2026/08/10 10:54:05.004, 2, 84, 21852, 24576, 336.40
2026/08/10 10:54:10.005, 0, 83, 23330, 24576, 339.78
2026/08/10 10:54:10.006, 1, 84, 21636, 24576, 314.91
2026/08/10 10:54:10.006, 2, 84, 21852, 24576, 339.13
2026/08/10 10:54:15.007, 0, 98, 13430, 24576, 337.12
2026/08/10 10:54:15.007, 1, 100, 21636, 24576, 299.80
2026/08/10 10:54:15.008, 2, 98, 13322, 24576, 340.80
2026/08/10 10:54:20.009, 0, 100, 13430, 24576, 251.40
2026/08/10 10:54:20.009, 1, 87, 21636, 24576, 298.17
2026/08/10 10:54:20.010, 2, 100, 13342, 24576, 265.81
2026/08/10 10:54:25.010, 0, 98, 23366, 24576, 329.39
2026/08/10 10:54:25.011, 1, 98, 20934, 24576, 311.21
2026/08/10 10:54:25.012, 2, 88, 23052, 24576, 329.66
2026/08/10 10:54:30.013, 0, 89, 23366, 24576, 328.96
2026/08/10 10:54:30.014, 1, 89, 21314, 24576, 300.65
2026/08/10 10:54:30.015, 2, 100, 23052, 24576, 320.14
2026/08/10 10:54:35.016, 0, 83, 23366, 24576, 337.02
2026/08/10 10:54:35.016, 1, 84, 20934, 24576, 326.68
2026/08/10 10:54:35.017, 2, 82, 23052, 24576, 336.81
2026/08/10 10:54:40.017, 0, 85, 23366, 24576, 340.10
2026/08/10 10:54:40.018, 1, 81, 20934, 24576, 314.43
2026/08/10 10:54:40.018, 2, 83, 23052, 24576, 338.87
2026/08/10 10:54:45.019, 0, 98, 19790, 24576, 324.99
2026/08/10 10:54:45.020, 1, 98, 20934, 24576, 308.51
2026/08/10 10:54:45.020, 2, 100, 19662, 24576, 325.69
2026/08/10 10:54:50.021, 0, 98, 24030, 24576, 339.38
2026/08/10 10:54:50.021, 1, 98, 20934, 24576, 310.40
2026/08/10 10:54:50.022, 2, 100, 13220, 24576, 317.29
2026/08/10 10:54:55.023, 0, 92, 20664, 24576, 315.98
2026/08/10 10:54:55.024, 1, 100, 20732, 24576, 313.57
2026/08/10 10:54:55.025, 2, 100, 22692, 24576, 309.42
2026/08/10 10:55:00.026, 0, 91, 21984, 24576, 300.42
2026/08/10 10:55:00.026, 1, 87, 20672, 24576, 307.75
2026/08/10 10:55:00.027, 2, 97, 22692, 24576, 320.57
2026/08/10 10:55:05.028, 0, 83, 21984, 24576, 333.67
2026/08/10 10:55:05.028, 1, 81, 20672, 24576, 325.68
2026/08/10 10:55:05.029, 2, 82, 22692, 24576, 329.61
2026/08/10 10:55:10.030, 0, 83, 21984, 24576, 339.65
2026/08/10 10:55:10.030, 1, 84, 20672, 24576, 311.95
2026/08/10 10:55:10.031, 2, 82, 22692, 24576, 324.80
2026/08/10 10:55:15.032, 0, 98, 21984, 24576, 340.20
2026/08/10 10:55:15.032, 1, 98, 20672, 24576, 313.96
2026/08/10 10:55:15.033, 2, 100, 12902, 24576, 294.43
2026/08/10 10:55:20.033, 0, 100, 21984, 24576, 231.87
2026/08/10 10:55:20.034, 1, 98, 20672, 24576, 304.30
2026/08/10 10:55:20.035, 2, 98, 13282, 24576, 317.88
2026/08/10 10:55:25.036, 0, 88, 20762, 24576, 309.75
2026/08/10 10:55:25.037, 1, 100, 20554, 24576, 311.51
2026/08/10 10:55:25.037, 2, 100, 23134, 24576, 317.44
2026/08/10 10:55:30.039, 0, 89, 20342, 24576, 291.83
2026/08/10 10:55:30.039, 1, 90, 21454, 24576, 308.99
2026/08/10 10:55:30.039, 2, 98, 23134, 24576, 327.59
2026/08/10 10:55:35.040, 0, 84, 20342, 24576, 332.40
2026/08/10 10:55:35.041, 1, 81, 21454, 24576, 330.99
2026/08/10 10:55:35.041, 2, 83, 23134, 24576, 334.18
2026/08/10 10:55:40.042, 0, 84, 20342, 24576, 341.41
2026/08/10 10:55:40.043, 1, 82, 21454, 24576, 317.73
2026/08/10 10:55:40.043, 2, 83, 23134, 24576, 324.78
2026/08/10 10:55:45.044, 0, 100, 20342, 24576, 340.78
2026/08/10 10:55:45.044, 1, 98, 13242, 24576, 317.11
2026/08/10 10:55:45.045, 2, 98, 19642, 24576, 326.69
2026/08/10 10:55:50.046, 0, 100, 20342, 24576, 181.39
2026/08/10 10:55:50.061, 1, 100, 13242, 24576, 255.39
2026/08/10 10:55:50.062, 2, 98, 13198, 24576, 322.92
2026/08/10 10:55:55.063, 0, 97, 22846, 24576, 314.44
2026/08/10 10:55:55.063, 1, 100, 23154, 24576, 319.84
2026/08/10 10:55:55.064, 2, 100, 23576, 24576, 329.77
2026/08/10 10:56:00.065, 0, 100, 22846, 24576, 327.72
2026/08/10 10:56:00.066, 1, 97, 23154, 24576, 315.02
2026/08/10 10:56:00.067, 2, 98, 23576, 24576, 332.20
2026/08/10 10:56:05.068, 0, 82, 20846, 24576, 288.75
2026/08/10 10:56:05.070, 1, 86, 23154, 24576, 285.49
2026/08/10 10:56:05.070, 2, 84, 23576, 24576, 284.00
2026/08/10 10:56:10.071, 0, 85, 20846, 24576, 340.14
2026/08/10 10:56:10.072, 1, 81, 23154, 24576, 315.84
2026/08/10 10:56:10.072, 2, 82, 23576, 24576, 323.37
2026/08/10 10:56:15.073, 0, 99, 20846, 24576, 339.67
2026/08/10 10:56:15.074, 1, 89, 12240, 24576, 286.84
2026/08/10 10:56:15.074, 2, 89, 14042, 24576, 289.03
2026/08/10 10:56:20.075, 0, 98, 20846, 24576, 339.34
2026/08/10 10:56:20.076, 1, 98, 17676, 24576, 292.80
2026/08/10 10:56:20.078, 2, 98, 14078, 24576, 286.94
2026/08/10 10:56:25.080, 0, 97, 23168, 24576, 315.39
2026/08/10 10:56:25.081, 1, 96, 23132, 24576, 311.94
2026/08/10 10:56:25.081, 2, 96, 23152, 24576, 313.45
2026/08/10 10:56:30.082, 0, 100, 23168, 24576, 326.09
2026/08/10 10:56:30.083, 1, 100, 23132, 24576, 313.65
2026/08/10 10:56:30.083, 2, 100, 23152, 24576, 324.36
2026/08/10 10:56:35.084, 0, 100, 23168, 24576, 326.85
2026/08/10 10:56:35.084, 1, 100, 23132, 24576, 313.38
2026/08/10 10:56:35.085, 2, 100, 23152, 24576, 322.64
2026/08/10 10:56:40.085, 0, 83, 23168, 24576, 339.29
2026/08/10 10:56:40.086, 1, 85, 23132, 24576, 316.98
2026/08/10 10:56:40.086, 2, 84, 23152, 24576, 331.09
2026/08/10 10:56:45.087, 0, 98, 23168, 24576, 337.04
2026/08/10 10:56:45.088, 1, 100, 23132, 24576, 297.58
2026/08/10 10:56:45.089, 2, 98, 23152, 24576, 324.96
2026/08/10 10:56:50.090, 0, 100, 13470, 24576, 336.29
2026/08/10 10:56:50.091, 1, 98, 13062, 24576, 314.32
2026/08/10 10:56:50.091, 2, 90, 13938, 24576, 278.16
2026/08/10 10:56:55.092, 0, 90, 22130, 24576, 322.51
2026/08/10 10:56:55.093, 1, 90, 21816, 24576, 310.61
2026/08/10 10:56:55.093, 2, 96, 23074, 24576, 316.01
2026/08/10 10:57:00.094, 0, 100, 23190, 24576, 338.16
2026/08/10 10:57:00.095, 1, 100, 24016, 24576, 319.89
2026/08/10 10:57:00.095, 2, 100, 21354, 24576, 297.77
2026/08/10 10:57:05.096, 0, 89, 23170, 24576, 337.85
2026/08/10 10:57:05.097, 1, 88, 24016, 24576, 328.26
2026/08/10 10:57:05.097, 2, 89, 21014, 24576, 294.89
2026/08/10 10:57:10.098, 0, 82, 22130, 24576, 337.38
2026/08/10 10:57:10.099, 1, 83, 21816, 24576, 319.35
2026/08/10 10:57:10.099, 2, 82, 23074, 24576, 335.69
2026/08/10 10:57:15.100, 0, 86, 22130, 24576, 340.04
2026/08/10 10:57:15.101, 1, 82, 21816, 24576, 320.43
2026/08/10 10:57:15.102, 2, 86, 23074, 24576, 335.13
2026/08/10 10:57:20.103, 0, 98, 23830, 24576, 337.25
2026/08/10 10:57:20.103, 1, 98, 23802, 24576, 294.99
2026/08/10 10:57:20.104, 2, 98, 23074, 24576, 325.61
2026/08/10 10:57:25.104, 0, 98, 13910, 24576, 336.98
2026/08/10 10:57:25.105, 1, 90, 13818, 24576, 288.58
2026/08/10 10:57:25.106, 2, 100, 23074, 24576, 174.84
2026/08/10 10:57:30.107, 0, 89, 23830, 24576, 335.95
2026/08/10 10:57:30.107, 1, 92, 21812, 24576, 321.05
2026/08/10 10:57:30.108, 2, 89, 23454, 24576, 325.26
2026/08/10 10:57:35.109, 0, 88, 23830, 24576, 341.09
2026/08/10 10:57:35.109, 1, 95, 21812, 24576, 321.87
2026/08/10 10:57:35.110, 2, 92, 23454, 24576, 325.53
2026/08/10 10:57:40.110, 0, 83, 23470, 24576, 287.14
2026/08/10 10:57:40.111, 1, 83, 21812, 24576, 293.91
2026/08/10 10:57:40.112, 2, 84, 23454, 24576, 291.03
2026/08/10 10:57:45.113, 0, 84, 23470, 24576, 339.18
2026/08/10 10:57:45.114, 1, 83, 21812, 24576, 314.54
2026/08/10 10:57:45.114, 2, 83, 23454, 24576, 337.97
2026/08/10 10:57:50.116, 0, 84, 13550, 24576, 295.51
2026/08/10 10:57:50.116, 1, 98, 12902, 24576, 287.82
2026/08/10 10:57:50.117, 2, 98, 13742, 24576, 292.41
2026/08/10 10:57:55.117, 0, 99, 13570, 24576, 338.86
2026/08/10 10:57:55.118, 1, 98, 13262, 24576, 305.31
2026/08/10 10:57:55.118, 2, 98, 16998, 24576, 293.28
2026/08/10 10:58:00.119, 0, 100, 21728, 24576, 318.29
2026/08/10 10:58:00.120, 1, 100, 23154, 24576, 331.47
2026/08/10 10:58:00.120, 2, 98, 22954, 24576, 343.12
2026/08/10 10:58:05.121, 0, 100, 21728, 24576, 316.49
2026/08/10 10:58:05.122, 1, 89, 23154, 24576, 320.78
2026/08/10 10:58:05.122, 2, 89, 22954, 24576, 341.11
2026/08/10 10:58:10.123, 0, 70, 21728, 24576, 292.70
2026/08/10 10:58:10.124, 1, 51, 23154, 24576, 289.56
2026/08/10 10:58:10.125, 2, 49, 22954, 24576, 311.93
2026/08/10 10:58:15.126, 0, 85, 21728, 24576, 338.00
2026/08/10 10:58:15.126, 1, 84, 23154, 24576, 311.94
2026/08/10 10:58:15.127, 2, 84, 22954, 24576, 336.81
2026/08/10 10:58:20.128, 0, 98, 22648, 24576, 338.63
2026/08/10 10:58:20.128, 1, 98, 23654, 24576, 312.11
2026/08/10 10:58:20.129, 2, 98, 23574, 24576, 323.80
2026/08/10 10:58:25.129, 0, 98, 13490, 24576, 338.18
2026/08/10 10:58:25.130, 1, 98, 19602, 24576, 310.10
2026/08/10 10:58:25.130, 2, 98, 13064, 24576, 322.86
2026/08/10 10:58:30.131, 0, 96, 21708, 24576, 317.49
2026/08/10 10:58:30.132, 1, 99, 22136, 24576, 305.11
2026/08/10 10:58:30.132, 2, 97, 21936, 24576, 326.22
2026/08/10 10:58:35.133, 0, 90, 21708, 24576, 305.58
2026/08/10 10:58:35.134, 1, 92, 22136, 24576, 314.21
2026/08/10 10:58:35.134, 2, 92, 21936, 24576, 306.32
2026/08/10 10:58:40.136, 0, 100, 23828, 24576, 316.11
2026/08/10 10:58:40.136, 1, 89, 22856, 24576, 318.30
2026/08/10 10:58:40.137, 2, 100, 24136, 24576, 327.10
2026/08/10 10:58:45.138, 0, 84, 21708, 24576, 336.62
2026/08/10 10:58:45.138, 1, 81, 22136, 24576, 329.45
2026/08/10 10:58:45.139, 2, 84, 21936, 24576, 333.98
2026/08/10 10:58:50.139, 0, 86, 21708, 24576, 340.55
2026/08/10 10:58:50.140, 1, 83, 22136, 24576, 319.11
2026/08/10 10:58:50.140, 2, 86, 21936, 24576, 329.18
2026/08/10 10:58:55.141, 0, 98, 14730, 24576, 339.95
2026/08/10 10:58:55.142, 1, 98, 14322, 24576, 314.41
2026/08/10 10:58:55.142, 2, 98, 14382, 24576, 325.37
2026/08/10 10:59:00.143, 0, 100, 20832, 24576, 278.02
2026/08/10 10:59:00.143, 1, 100, 20798, 24576, 298.19
2026/08/10 10:59:00.144, 2, 100, 20718, 24576, 282.29
2026/08/10 10:59:05.145, 0, 89, 21206, 24576, 323.21
2026/08/10 10:59:05.145, 1, 88, 21194, 24576, 300.72
2026/08/10 10:59:05.146, 2, 89, 21134, 24576, 321.73
2026/08/10 10:59:10.147, 0, 94, 22866, 24576, 319.71
2026/08/10 10:59:10.148, 1, 93, 22914, 24576, 310.46
2026/08/10 10:59:10.149, 2, 93, 22874, 24576, 322.88
2026/08/10 10:59:15.149, 0, 83, 22866, 24576, 336.98
2026/08/10 10:59:15.151, 1, 83, 22914, 24576, 312.81
2026/08/10 10:59:15.152, 2, 83, 22874, 24576, 321.73
2026/08/10 10:59:20.159, 0, 85, 22866, 24576, 339.64
2026/08/10 10:59:20.160, 1, 84, 22914, 24576, 308.74
2026/08/10 10:59:20.160, 2, 85, 22874, 24576, 329.58
2026/08/10 10:59:25.161, 0, 98, 13570, 24576, 340.24
2026/08/10 10:59:25.162, 1, 98, 12862, 24576, 315.07
2026/08/10 10:59:25.163, 2, 98, 16722, 24576, 288.09
2026/08/10 10:59:30.163, 0, 93, 23694, 24576, 266.22
2026/08/10 10:59:30.164, 1, 100, 22176, 24576, 271.69
2026/08/10 10:59:30.164, 2, 100, 22638, 24576, 323.16
2026/08/10 10:59:35.165, 0, 100, 24108, 24576, 343.21
2026/08/10 10:59:35.166, 1, 100, 21912, 24576, 316.56
2026/08/10 10:59:35.166, 2, 100, 23072, 24576, 323.57
2026/08/10 10:59:40.167, 0, 100, 24108, 24576, 340.44
2026/08/10 10:59:40.168, 1, 100, 21912, 24576, 323.98
2026/08/10 10:59:40.168, 2, 100, 23072, 24576, 325.81
2026/08/10 10:59:45.169, 0, 83, 21888, 24576, 336.32
2026/08/10 10:59:45.169, 1, 82, 21912, 24576, 324.35
2026/08/10 10:59:45.170, 2, 83, 23072, 24576, 335.77
2026/08/10 10:59:50.171, 0, 84, 21888, 24576, 340.01
2026/08/10 10:59:50.177, 1, 83, 21912, 24576, 317.65
2026/08/10 10:59:50.177, 2, 87, 23072, 24576, 321.66
2026/08/10 10:59:55.178, 0, 99, 21888, 24576, 338.46
2026/08/10 10:59:55.179, 1, 98, 23184, 24576, 321.42
2026/08/10 10:59:55.179, 2, 98, 12902, 24576, 327.87
2026/08/10 11:00:00.180, 0, 100, 21888, 24576, 181.41
2026/08/10 11:00:00.181, 1, 98, 21340, 24576, 320.26
2026/08/10 11:00:00.181, 2, 98, 13262, 24576, 317.97
2026/08/10 11:00:05.182, 0, 100, 21668, 24576, 307.11
2026/08/10 11:00:05.182, 1, 98, 23218, 24576, 322.60
2026/08/10 11:00:05.183, 2, 100, 23656, 24576, 329.35
2026/08/10 11:00:10.183, 0, 92, 21628, 24576, 289.69
2026/08/10 11:00:10.184, 1, 100, 23218, 24576, 311.43
2026/08/10 11:00:10.185, 2, 100, 23656, 24576, 309.94
2026/08/10 11:00:15.186, 0, 100, 23868, 24576, 331.20
2026/08/10 11:00:15.187, 1, 100, 23218, 24576, 318.10
2026/08/10 11:00:15.187, 2, 88, 23656, 24576, 325.41
2026/08/10 11:00:20.188, 0, 83, 21668, 24576, 338.40
2026/08/10 11:00:20.189, 1, 84, 23218, 24576, 317.23
2026/08/10 11:00:20.189, 2, 84, 23656, 24576, 336.45
2026/08/10 11:00:25.190, 0, 98, 21668, 24576, 281.66
2026/08/10 11:00:25.191, 1, 98, 23218, 24576, 332.99
2026/08/10 11:00:25.191, 2, 98, 23656, 24576, 248.96
2026/08/10 11:00:30.192, 0, 99, 22290, 24576, 339.58
2026/08/10 11:00:30.193, 1, 98, 12862, 24576, 307.07
2026/08/10 11:00:30.193, 2, 98, 22842, 24576, 307.76
2026/08/10 11:00:35.194, 0, 100, 23228, 24576, 328.32
2026/08/10 11:00:35.195, 1, 97, 21932, 24576, 306.93
2026/08/10 11:00:35.196, 2, 98, 22092, 24576, 325.43
2026/08/10 11:00:40.197, 0, 89, 23228, 24576, 327.77
2026/08/10 11:00:40.198, 1, 88, 21932, 24576, 323.11
2026/08/10 11:00:40.199, 2, 89, 22092, 24576, 321.72
2026/08/10 11:00:45.200, 0, 89, 23228, 24576, 324.24
2026/08/10 11:00:45.200, 1, 88, 21932, 24576, 318.44
2026/08/10 11:00:45.201, 2, 88, 22092, 24576, 320.04
2026/08/10 11:00:50.202, 0, 77, 23228, 24576, 335.85
2026/08/10 11:00:50.202, 1, 78, 21932, 24576, 323.59
2026/08/10 11:00:50.203, 2, 77, 22092, 24576, 333.84
2026/08/10 11:00:55.203, 0, 85, 23228, 24576, 320.11
2026/08/10 11:00:55.204, 1, 74, 21932, 24576, 318.07
2026/08/10 11:00:55.204, 2, 83, 22092, 24576, 338.18
2026/08/10 11:01:00.205, 0, 98, 13450, 24576, 316.38
2026/08/10 11:01:00.206, 1, 98, 12822, 24576, 314.18
2026/08/10 11:01:00.206, 2, 98, 17418, 24576, 287.72
2026/08/10 11:01:05.207, 0, 94, 21828, 24576, 323.76
2026/08/10 11:01:05.208, 1, 95, 22092, 24576, 313.79
2026/08/10 11:01:05.209, 2, 94, 20670, 24576, 301.10
2026/08/10 11:01:10.210, 0, 95, 21828, 24576, 311.60
2026/08/10 11:01:10.210, 1, 95, 22092, 24576, 306.15
2026/08/10 11:01:10.211, 2, 95, 20670, 24576, 296.47
2026/08/10 11:01:15.211, 0, 86, 21828, 24576, 309.49
2026/08/10 11:01:15.212, 1, 88, 22092, 24576, 301.00
2026/08/10 11:01:15.212, 2, 85, 20670, 24576, 288.23
2026/08/10 11:01:20.213, 0, 84, 21828, 24576, 337.68
2026/08/10 11:01:20.214, 1, 79, 22092, 24576, 332.38
2026/08/10 11:01:20.214, 2, 84, 20670, 24576, 329.57
2026/08/10 11:01:25.215, 0, 85, 21828, 24576, 340.64
2026/08/10 11:01:25.215, 1, 84, 22092, 24576, 318.83
2026/08/10 11:01:25.216, 2, 80, 20670, 24576, 337.82
2026/08/10 11:01:30.217, 0, 98, 21828, 24576, 336.82
2026/08/10 11:01:30.217, 1, 98, 15882, 24576, 290.91
2026/08/10 11:01:30.218, 2, 98, 14542, 24576, 331.91
2026/08/10 11:01:35.218, 0, 100, 23648, 24576, 259.90
2026/08/10 11:01:35.219, 1, 97, 21972, 24576, 292.05
2026/08/10 11:01:35.220, 2, 98, 20694, 24576, 244.15
2026/08/10 11:01:40.221, 0, 100, 22968, 24576, 333.60
2026/08/10 11:01:40.222, 1, 100, 22032, 24576, 325.51
2026/08/10 11:01:40.222, 2, 100, 20754, 24576, 315.06
2026/08/10 11:01:45.223, 0, 97, 22968, 24576, 331.20
2026/08/10 11:01:45.223, 1, 89, 22032, 24576, 318.62
2026/08/10 11:01:45.224, 2, 87, 20754, 24576, 309.89
2026/08/10 11:01:50.225, 0, 86, 22968, 24576, 336.57
2026/08/10 11:01:50.225, 1, 81, 22032, 24576, 332.96
2026/08/10 11:01:50.226, 2, 84, 22834, 24576, 335.80
2026/08/10 11:01:55.226, 0, 86, 22968, 24576, 328.66
2026/08/10 11:01:55.227, 1, 82, 22032, 24576, 318.43
2026/08/10 11:01:55.227, 2, 85, 22834, 24576, 338.83
2026/08/10 11:02:00.228, 0, 98, 14432, 24576, 336.88
2026/08/10 11:02:00.229, 1, 98, 12802, 24576, 308.09
2026/08/10 11:02:00.230, 2, 98, 13022, 24576, 332.20
2026/08/10 11:02:05.231, 0, 100, 23354, 24576, 297.07
2026/08/10 11:02:05.232, 1, 88, 22082, 24576, 312.00
2026/08/10 11:02:05.232, 2, 89, 23078, 24576, 303.87
2026/08/10 11:02:10.233, 0, 97, 23406, 24576, 324.14
2026/08/10 11:02:10.234, 1, 88, 21452, 24576, 323.54
2026/08/10 11:02:10.234, 2, 89, 23494, 24576, 325.77
2026/08/10 11:02:15.235, 0, 89, 23406, 24576, 324.39
2026/08/10 11:02:15.235, 1, 89, 21432, 24576, 306.68
2026/08/10 11:02:15.236, 2, 88, 23494, 24576, 323.73
2026/08/10 11:02:20.237, 0, 84, 23406, 24576, 335.80
2026/08/10 11:02:20.237, 1, 80, 20472, 24576, 332.98
2026/08/10 11:02:20.238, 2, 83, 23494, 24576, 335.15
2026/08/10 11:02:25.238, 0, 86, 23406, 24576, 340.22
2026/08/10 11:02:25.239, 1, 85, 20472, 24576, 317.10
2026/08/10 11:02:25.239, 2, 85, 23494, 24576, 331.42
2026/08/10 11:02:30.240, 0, 99, 13692, 24576, 337.90
2026/08/10 11:02:30.241, 1, 100, 12902, 24576, 314.20
2026/08/10 11:02:30.242, 2, 96, 18282, 24576, 327.31
2026/08/10 11:02:35.243, 0, 93, 22770, 24576, 258.22
2026/08/10 11:02:35.243, 1, 100, 22974, 24576, 264.39
2026/08/10 11:02:35.244, 2, 100, 21856, 24576, 313.40
2026/08/10 11:02:40.245, 0, 100, 22824, 24576, 317.01
2026/08/10 11:02:40.245, 1, 100, 23032, 24576, 315.90
2026/08/10 11:02:40.246, 2, 91, 21910, 24576, 317.00
2026/08/10 11:02:45.247, 0, 99, 22824, 24576, 323.18
2026/08/10 11:02:45.247, 1, 98, 23032, 24576, 306.58
2026/08/10 11:02:45.248, 2, 89, 21910, 24576, 335.93
2026/08/10 11:02:50.249, 0, 84, 22824, 24576, 336.16
2026/08/10 11:02:50.249, 1, 83, 23032, 24576, 319.82
2026/08/10 11:02:50.250, 2, 83, 21910, 24576, 336.69
2026/08/10 11:02:55.250, 0, 78, 22824, 24576, 339.44
2026/08/10 11:02:55.251, 1, 80, 23032, 24576, 309.84
2026/08/10 11:02:55.251, 2, 98, 21910, 24576, 220.15
2026/08/10 11:03:00.252, 0, 98, 13490, 24576, 339.40
2026/08/10 11:03:00.253, 1, 87, 14082, 24576, 281.74
2026/08/10 11:03:00.254, 2, 98, 12840, 24576, 305.27
2026/08/10 11:03:05.255, 0, 100, 13490, 24576, 179.40
2026/08/10 11:03:05.255, 1, 99, 13318, 24576, 314.22
2026/08/10 11:03:05.256, 2, 100, 12840, 24576, 171.75
2026/08/10 11:03:10.257, 0, 100, 23348, 24576, 333.10
2026/08/10 11:03:10.257, 1, 100, 23696, 24576, 317.42
2026/08/10 11:03:10.258, 2, 100, 19910, 24576, 294.53
2026/08/10 11:03:15.259, 0, 89, 23348, 24576, 331.23
2026/08/10 11:03:15.259, 1, 89, 23696, 24576, 314.79
2026/08/10 11:03:15.260, 2, 88, 20230, 24576, 297.26
2026/08/10 11:03:20.260, 0, 83, 23348, 24576, 331.22
2026/08/10 11:03:20.261, 1, 82, 23696, 24576, 324.95
2026/08/10 11:03:20.261, 2, 82, 19910, 24576, 335.72
2026/08/10 11:03:25.262, 0, 84, 23348, 24576, 339.88
2026/08/10 11:03:25.263, 1, 81, 23696, 24576, 314.31
2026/08/10 11:03:25.264, 2, 83, 19910, 24576, 338.25
2026/08/10 11:03:30.265, 0, 100, 13570, 24576, 340.01
2026/08/10 11:03:30.265, 1, 98, 23696, 24576, 295.61
2026/08/10 11:03:30.266, 2, 98, 12900, 24576, 335.51
2026/08/10 11:03:35.267, 0, 100, 14230, 24576, 327.10
2026/08/10 11:03:35.267, 1, 100, 23696, 24576, 213.16
2026/08/10 11:03:35.268, 2, 100, 13780, 24576, 203.86
2026/08/10 11:03:40.268, 0, 100, 23848, 24576, 333.99
2026/08/10 11:03:40.269, 1, 97, 23696, 24576, 309.49
2026/08/10 11:03:40.269, 2, 98, 22230, 24576, 304.30
2026/08/10 11:03:45.270, 0, 100, 23848, 24576, 342.04
2026/08/10 11:03:45.271, 1, 100, 23696, 24576, 307.23
2026/08/10 11:03:45.271, 2, 96, 22230, 24576, 313.20
2026/08/10 11:03:50.272, 0, 83, 21648, 24576, 336.98
2026/08/10 11:03:50.272, 1, 80, 23696, 24576, 331.98
2026/08/10 11:03:50.273, 2, 81, 22230, 24576, 335.88
2026/08/10 11:03:55.274, 0, 85, 21648, 24576, 329.60
2026/08/10 11:03:55.274, 1, 100, 23696, 24576, 261.08
2026/08/10 11:03:55.275, 2, 84, 22230, 24576, 338.90
2026/08/10 11:04:00.276, 0, 98, 16470, 24576, 338.40
2026/08/10 11:04:00.277, 1, 86, 14098, 24576, 298.16
2026/08/10 11:04:00.277, 2, 100, 19582, 24576, 337.29
2026/08/10 11:04:05.278, 0, 89, 22264, 24576, 292.79
2026/08/10 11:04:05.278, 1, 87, 20748, 24576, 301.68
2026/08/10 11:04:05.279, 2, 89, 22772, 24576, 316.82
2026/08/10 11:04:10.280, 0, 89, 22424, 24576, 316.30
2026/08/10 11:04:10.280, 1, 100, 21368, 24576, 288.73
2026/08/10 11:04:10.281, 2, 89, 22112, 24576, 321.63
2026/08/10 11:04:15.282, 0, 94, 22264, 24576, 300.85
2026/08/10 11:04:15.282, 1, 93, 21368, 24576, 299.15
2026/08/10 11:04:15.283, 2, 92, 21332, 24576, 307.04
2026/08/10 11:04:20.284, 0, 83, 22264, 24576, 337.44
2026/08/10 11:04:20.285, 1, 85, 21368, 24576, 335.11
2026/08/10 11:04:20.285, 2, 83, 21332, 24576, 333.36
2026/08/10 11:04:25.286, 0, 81, 22264, 24576, 330.72
2026/08/10 11:04:25.287, 1, 83, 21368, 24576, 320.85
2026/08/10 11:04:25.288, 2, 85, 21332, 24576, 336.17
2026/08/10 11:04:30.289, 0, 98, 16790, 24576, 322.71
2026/08/10 11:04:30.290, 1, 98, 16122, 24576, 317.09
2026/08/10 11:04:30.290, 2, 98, 21332, 24576, 314.50
2026/08/10 11:04:35.291, 0, 100, 23104, 24576, 314.14
2026/08/10 11:04:35.291, 1, 88, 23274, 24576, 314.40
2026/08/10 11:04:35.292, 2, 100, 23012, 24576, 317.22
2026/08/10 11:04:40.292, 0, 100, 23104, 24576, 315.59
2026/08/10 11:04:40.293, 1, 88, 23274, 24576, 317.70
2026/08/10 11:04:40.293, 2, 88, 23032, 24576, 321.36
2026/08/10 11:04:45.294, 0, 100, 23104, 24576, 314.25
2026/08/10 11:04:45.295, 1, 89, 23274, 24576, 307.63
2026/08/10 11:04:45.295, 2, 89, 23032, 24576, 316.77
2026/08/10 11:04:50.296, 0, 83, 23104, 24576, 337.51
2026/08/10 11:04:50.297, 1, 0, 23274, 24576, 251.70
2026/08/10 11:04:50.298, 2, 84, 23032, 24576, 335.95
2026/08/10 11:04:55.299, 0, 86, 23104, 24576, 341.01
2026/08/10 11:04:55.299, 1, 83, 23274, 24576, 316.61
2026/08/10 11:04:55.300, 2, 86, 23032, 24576, 337.25
2026/08/10 11:05:00.301, 0, 98, 13490, 24576, 338.16
2026/08/10 11:05:00.302, 1, 100, 18622, 24576, 304.15
2026/08/10 11:05:00.302, 2, 98, 14022, 24576, 338.99
2026/08/10 11:05:05.303, 0, 100, 13490, 24576, 259.51
2026/08/10 11:05:05.303, 1, 98, 18596, 24576, 299.52
2026/08/10 11:05:05.304, 2, 98, 14018, 24576, 335.15
2026/08/10 11:05:10.305, 0, 95, 23668, 24576, 328.44
2026/08/10 11:05:10.305, 1, 89, 23956, 24576, 329.18
2026/08/10 11:05:10.306, 2, 100, 23414, 24576, 314.60
2026/08/10 11:05:15.306, 0, 88, 23668, 24576, 330.09
2026/08/10 11:05:15.307, 1, 100, 23956, 24576, 323.20
2026/08/10 11:05:15.308, 2, 100, 23414, 24576, 313.60
2026/08/10 11:05:20.308, 0, 100, 23668, 24576, 332.40
2026/08/10 11:05:20.309, 1, 100, 23956, 24576, 331.71
2026/08/10 11:05:20.312, 2, 100, 23414, 24576, 321.58
2026/08/10 11:05:25.313, 0, 84, 21568, 24576, 340.59
2026/08/10 11:05:25.313, 1, 82, 21756, 24576, 317.71
2026/08/10 11:05:25.314, 2, 83, 23414, 24576, 337.72
2026/08/10 11:05:30.315, 0, 99, 21568, 24576, 341.95
2026/08/10 11:05:30.315, 1, 100, 21756, 24576, 285.36
2026/08/10 11:05:30.316, 2, 98, 23414, 24576, 275.76
2026/08/10 11:05:35.316, 0, 98, 13570, 24576, 341.74
2026/08/10 11:05:35.317, 1, 98, 21038, 24576, 337.02
2026/08/10 11:05:35.317, 2, 98, 13222, 24576, 315.81
2026/08/10 11:05:40.318, 0, 100, 21868, 24576, 318.82
2026/08/10 11:05:40.319, 1, 100, 22272, 24576, 328.76
2026/08/10 11:05:40.319, 2, 99, 23194, 24576, 329.69
2026/08/10 11:05:45.320, 0, 100, 21868, 24576, 318.44
2026/08/10 11:05:45.321, 1, 100, 22272, 24576, 328.32
2026/08/10 11:05:45.322, 2, 85, 23194, 24576, 325.12
2026/08/10 11:05:50.323, 0, 100, 21868, 24576, 315.37
2026/08/10 11:05:50.323, 1, 88, 22272, 24576, 317.53
2026/08/10 11:05:50.324, 2, 88, 23194, 24576, 323.80
2026/08/10 11:05:55.325, 0, 82, 21868, 24576, 335.20
2026/08/10 11:05:55.326, 1, 80, 22272, 24576, 314.94
2026/08/10 11:05:55.326, 2, 84, 23194, 24576, 337.29
2026/08/10 11:06:00.327, 0, 80, 21868, 24576, 246.12
2026/08/10 11:06:00.327, 1, 70, 22272, 24576, 318.84
2026/08/10 11:06:00.328, 2, 97, 23194, 24576, 250.01
2026/08/10 11:06:05.329, 0, 98, 13790, 24576, 337.13
2026/08/10 11:06:05.329, 1, 98, 22272, 24576, 306.12
2026/08/10 11:06:05.330, 2, 98, 12758, 24576, 289.75
2026/08/10 11:06:10.330, 0, 89, 22724, 24576, 315.71
2026/08/10 11:06:10.331, 1, 95, 23214, 24576, 329.96
2026/08/10 11:06:10.332, 2, 88, 21072, 24576, 293.10
2026/08/10 11:06:15.333, 0, 89, 22724, 24576, 317.35
2026/08/10 11:06:15.333, 1, 91, 23214, 24576, 322.88
2026/08/10 11:06:15.334, 2, 88, 21072, 24576, 315.81
2026/08/10 11:06:20.335, 0, 89, 22724, 24576, 315.74
2026/08/10 11:06:20.335, 1, 89, 23214, 24576, 319.93
2026/08/10 11:06:20.336, 2, 89, 21072, 24576, 311.97
2026/08/10 11:06:25.337, 0, 84, 22724, 24576, 337.85
2026/08/10 11:06:25.337, 1, 82, 23214, 24576, 320.67
2026/08/10 11:06:25.337, 2, 83, 21072, 24576, 337.11
2026/08/10 11:06:30.338, 0, 84, 22724, 24576, 327.19
2026/08/10 11:06:30.339, 1, 82, 23214, 24576, 318.43
2026/08/10 11:06:30.339, 2, 100, 21072, 24576, 281.15
2026/08/10 11:06:35.340, 0, 99, 13570, 24576, 339.57
2026/08/10 11:06:35.341, 1, 98, 13002, 24576, 311.41
2026/08/10 11:06:35.341, 2, 100, 12902, 24576, 322.53
2026/08/10 11:06:40.342, 0, 89, 21760, 24576, 220.57
2026/08/10 11:06:40.343, 1, 100, 21104, 24576, 223.31
2026/08/10 11:06:40.344, 2, 100, 21926, 24576, 304.23
2026/08/10 11:06:45.345, 0, 97, 24048, 24576, 321.49
2026/08/10 11:06:45.346, 1, 95, 22974, 24576, 319.24
2026/08/10 11:06:45.346, 2, 98, 23736, 24576, 320.75
2026/08/10 11:06:50.347, 0, 96, 24048, 24576, 332.42
2026/08/10 11:06:50.348, 1, 100, 22974, 24576, 313.83
2026/08/10 11:06:50.348, 2, 100, 23736, 24576, 328.21
2026/08/10 11:06:55.349, 0, 82, 21828, 24576, 335.02
2026/08/10 11:06:55.350, 1, 79, 20814, 24576, 333.29
2026/08/10 11:06:55.350, 2, 83, 23736, 24576, 335.55
2026/08/10 11:07:00.351, 0, 84, 21828, 24576, 340.50
2026/08/10 11:07:00.352, 1, 83, 20814, 24576, 315.14
2026/08/10 11:07:00.352, 2, 84, 23736, 24576, 327.00
2026/08/10 11:07:05.353, 0, 100, 14370, 24576, 337.97
2026/08/10 11:07:05.354, 1, 98, 12842, 24576, 318.14
2026/08/10 11:07:05.354, 2, 98, 23736, 24576, 316.86
2026/08/10 11:07:10.355, 0, 90, 22022, 24576, 234.65
2026/08/10 11:07:10.356, 1, 93, 22914, 24576, 297.74
2026/08/10 11:07:10.357, 2, 97, 23736, 24576, 230.89
2026/08/10 11:07:15.358, 0, 91, 22084, 24576, 292.02
2026/08/10 11:07:15.358, 1, 88, 21654, 24576, 307.61
2026/08/10 11:07:15.359, 2, 97, 23736, 24576, 301.51
2026/08/10 11:07:20.359, 0, 93, 22084, 24576, 288.61
2026/08/10 11:07:20.361, 1, 91, 21654, 24576, 316.85
2026/08/10 11:07:20.361, 2, 97, 23736, 24576, 295.07
2026/08/10 11:07:25.362, 0, 83, 22084, 24576, 338.20
2026/08/10 11:07:25.363, 1, 82, 21654, 24576, 324.37
2026/08/10 11:07:25.363, 2, 84, 23736, 24576, 335.64
2026/08/10 11:07:30.364, 0, 84, 22084, 24576, 340.13
2026/08/10 11:07:30.365, 1, 82, 21654, 24576, 312.38
2026/08/10 11:07:30.365, 2, 84, 23736, 24576, 336.38
2026/08/10 11:07:35.366, 0, 98, 13530, 24576, 338.17
2026/08/10 11:07:35.367, 1, 98, 13042, 24576, 320.03
2026/08/10 11:07:35.367, 2, 98, 14064, 24576, 328.94
2026/08/10 11:07:40.368, 0, 100, 13530, 24576, 253.88
2026/08/10 11:07:40.369, 1, 88, 13042, 24576, 293.10
2026/08/10 11:07:40.369, 2, 98, 14058, 24576, 336.40
2026/08/10 11:07:45.370, 0, 100, 23988, 24576, 304.79
2026/08/10 11:07:45.371, 1, 94, 22932, 24576, 312.27
2026/08/10 11:07:45.371, 2, 96, 21796, 24576, 322.12
2026/08/10 11:07:50.372, 0, 89, 23988, 24576, 307.48
2026/08/10 11:07:50.373, 1, 98, 22932, 24576, 306.27
2026/08/10 11:07:50.373, 2, 100, 22616, 24576, 330.73
2026/08/10 11:07:55.374, 0, 61, 21828, 24576, 284.91
2026/08/10 11:07:55.374, 1, 40, 20692, 24576, 291.94
2026/08/10 11:07:55.375, 2, 42, 23896, 24576, 304.04
2026/08/10 11:08:00.376, 0, 83, 21828, 24576, 338.17
2026/08/10 11:08:00.376, 1, 81, 20692, 24576, 311.04
2026/08/10 11:08:00.377, 2, 82, 23896, 24576, 327.63
2026/08/10 11:08:05.378, 0, 98, 23708, 24576, 339.43
2026/08/10 11:08:05.379, 1, 98, 20692, 24576, 319.71
2026/08/10 11:08:05.379, 2, 98, 24196, 24576, 325.65
2026/08/10 11:08:10.380, 0, 98, 13570, 24576, 339.85
2026/08/10 11:08:10.381, 1, 98, 20692, 24576, 313.69
2026/08/10 11:08:10.382, 2, 98, 14018, 24576, 292.47
2026/08/10 11:08:15.383, 0, 100, 21768, 24576, 322.85
2026/08/10 11:08:15.383, 1, 100, 20894, 24576, 310.09
2026/08/10 11:08:15.384, 2, 100, 20512, 24576, 321.06
2026/08/10 11:08:20.384, 0, 89, 21768, 24576, 322.87
2026/08/10 11:08:20.385, 1, 88, 20894, 24576, 305.40
2026/08/10 11:08:20.385, 2, 88, 21552, 24576, 321.00
2026/08/10 11:08:25.386, 0, 55, 21768, 24576, 293.72
2026/08/10 11:08:25.387, 1, 36, 20894, 24576, 286.01
2026/08/10 11:08:25.387, 2, 36, 20512, 24576, 287.10
2026/08/10 11:08:30.388, 0, 85, 21768, 24576, 338.48
2026/08/10 11:08:30.389, 1, 86, 20894, 24576, 309.42
2026/08/10 11:08:30.389, 2, 85, 20512, 24576, 337.86
2026/08/10 11:08:35.390, 0, 98, 21768, 24576, 337.39
2026/08/10 11:08:35.391, 1, 100, 21574, 24576, 306.10
2026/08/10 11:08:35.392, 2, 100, 20512, 24576, 327.82
2026/08/10 11:08:40.392, 0, 100, 21768, 24576, 332.91
2026/08/10 11:08:40.393, 1, 100, 13004, 24576, 305.47
2026/08/10 11:08:40.394, 2, 98, 20512, 24576, 317.56
2026/08/10 11:08:45.394, 0, 94, 23310, 24576, 333.37
2026/08/10 11:08:45.395, 1, 90, 21796, 24576, 314.37
2026/08/10 11:08:45.395, 2, 90, 21734, 24576, 309.04
2026/08/10 11:08:50.396, 0, 90, 23310, 24576, 335.84
2026/08/10 11:08:50.397, 1, 100, 21856, 24576, 316.42
2026/08/10 11:08:50.397, 2, 89, 22274, 24576, 312.41
2026/08/10 11:08:55.398, 0, 100, 23310, 24576, 330.37
2026/08/10 11:08:55.399, 1, 87, 23956, 24576, 315.10
2026/08/10 11:08:55.399, 2, 100, 21734, 24576, 315.31
2026/08/10 11:09:00.400, 0, 81, 23310, 24576, 336.34
2026/08/10 11:09:00.402, 1, 84, 21796, 24576, 319.18
2026/08/10 11:09:00.403, 2, 84, 21734, 24576, 334.93
2026/08/10 11:09:05.404, 0, 84, 23310, 24576, 338.88
2026/08/10 11:09:05.404, 1, 85, 21796, 24576, 308.07
2026/08/10 11:09:05.405, 2, 85, 21734, 24576, 336.76
2026/08/10 11:09:10.406, 0, 98, 13470, 24576, 334.96
2026/08/10 11:09:10.407, 1, 98, 12902, 24576, 330.18
2026/08/10 11:09:10.407, 2, 98, 19466, 24576, 305.70
2026/08/10 11:09:15.408, 0, 100, 13470, 24576, 228.47
2026/08/10 11:09:15.408, 1, 62, 13282, 24576, 266.95
2026/08/10 11:09:15.409, 2, 98, 13338, 24576, 293.37
2026/08/10 11:09:20.410, 0, 89, 21186, 24576, 310.50
2026/08/10 11:09:20.410, 1, 88, 23034, 24576, 330.24
2026/08/10 11:09:20.411, 2, 87, 23654, 24576, 322.75
2026/08/10 11:09:25.411, 0, 97, 22946, 24576, 311.27
2026/08/10 11:09:25.412, 1, 97, 23034, 24576, 315.55
2026/08/10 11:09:25.413, 2, 97, 23654, 24576, 328.41
2026/08/10 11:09:30.414, 0, 90, 20846, 24576, 284.11
2026/08/10 11:09:30.414, 1, 56, 23034, 24576, 272.84
2026/08/10 11:09:30.415, 2, 57, 23654, 24576, 288.71
2026/08/10 11:09:35.416, 0, 82, 20846, 24576, 338.16
2026/08/10 11:09:35.417, 1, 84, 23034, 24576, 320.60
2026/08/10 11:09:35.417, 2, 86, 23654, 24576, 331.27
2026/08/10 11:09:40.418, 0, 98, 13550, 24576, 300.05
2026/08/10 11:09:40.418, 1, 98, 23034, 24576, 309.30
2026/08/10 11:09:40.419, 2, 93, 14682, 24576, 296.30
2026/08/10 11:09:45.420, 0, 98, 13550, 24576, 338.82
2026/08/10 11:09:45.420, 1, 98, 23034, 24576, 305.39
2026/08/10 11:09:45.421, 2, 98, 14018, 24576, 293.49
2026/08/10 11:09:50.422, 0, 100, 23868, 24576, 332.04
2026/08/10 11:09:50.422, 1, 97, 23194, 24576, 315.90
2026/08/10 11:09:50.423, 2, 89, 21892, 24576, 308.08
2026/08/10 11:09:55.424, 0, 89, 23868, 24576, 341.80
2026/08/10 11:09:55.425, 1, 89, 23194, 24576, 316.92
2026/08/10 11:09:55.427, 2, 86, 21892, 24576, 319.17
2026/08/10 11:10:00.428, 0, 80, 21668, 24576, 289.53
2026/08/10 11:10:00.429, 1, 80, 23194, 24576, 299.65
2026/08/10 11:10:00.429, 2, 83, 21892, 24576, 293.76
2026/08/10 11:10:05.430, 0, 82, 21668, 24576, 338.70
2026/08/10 11:10:05.430, 1, 82, 23194, 24576, 301.75
2026/08/10 11:10:05.431, 2, 82, 21892, 24576, 326.02
2026/08/10 11:10:10.432, 0, 98, 13330, 24576, 298.17
2026/08/10 11:10:10.432, 1, 98, 14462, 24576, 294.11
2026/08/10 11:10:10.433, 2, 98, 13022, 24576, 288.77
2026/08/10 11:10:15.433, 0, 46, 13330, 24576, 313.11
2026/08/10 11:10:15.434, 1, 100, 17758, 24576, 297.67
2026/08/10 11:10:15.434, 2, 98, 13022, 24576, 307.92
2026/08/10 11:10:20.435, 0, 93, 20002, 24576, 294.40
2026/08/10 11:10:20.436, 1, 88, 21512, 24576, 321.66
2026/08/10 11:10:20.437, 2, 100, 23514, 24576, 328.63
2026/08/10 11:10:25.438, 0, 100, 20002, 24576, 294.14
2026/08/10 11:10:25.438, 1, 88, 21512, 24576, 334.19
2026/08/10 11:10:25.439, 2, 100, 23514, 24576, 326.45
2026/08/10 11:10:30.440, 0, 100, 20002, 24576, 278.55
2026/08/10 11:10:30.440, 1, 100, 21512, 24576, 298.38
2026/08/10 11:10:30.441, 2, 100, 23514, 24576, 310.01
2026/08/10 11:10:35.442, 0, 84, 20002, 24576, 339.95
2026/08/10 11:10:35.442, 1, 82, 21512, 24576, 318.86
2026/08/10 11:10:35.443, 2, 82, 23514, 24576, 335.98
2026/08/10 11:10:40.443, 0, 100, 20322, 24576, 341.26
2026/08/10 11:10:40.444, 1, 100, 21512, 24576, 337.37
2026/08/10 11:10:40.444, 2, 100, 23514, 24576, 334.87
2026/08/10 11:10:45.445, 0, 98, 13970, 24576, 340.11
2026/08/10 11:10:45.446, 1, 98, 13302, 24576, 318.21
2026/08/10 11:10:45.446, 2, 100, 22902, 24576, 310.51
2026/08/10 11:10:50.447, 0, 100, 23128, 24576, 340.70
2026/08/10 11:10:50.448, 1, 100, 23012, 24576, 319.36
2026/08/10 11:10:50.449, 2, 100, 23534, 24576, 321.75
2026/08/10 11:10:55.450, 0, 88, 23588, 24576, 336.86
2026/08/10 11:10:55.451, 1, 100, 23012, 24576, 319.76
2026/08/10 11:10:55.451, 2, 89, 23454, 24576, 320.68
2026/08/10 11:11:00.452, 0, 89, 23228, 24576, 336.42
2026/08/10 11:11:00.453, 1, 88, 23012, 24576, 321.59
2026/08/10 11:11:00.453, 2, 89, 23454, 24576, 320.01
2026/08/10 11:11:05.454, 0, 83, 23228, 24576, 338.42
2026/08/10 11:11:05.454, 1, 81, 23012, 24576, 334.67
2026/08/10 11:11:05.455, 2, 83, 23454, 24576, 336.10
2026/08/10 11:11:10.456, 0, 84, 23228, 24576, 341.12
2026/08/10 11:11:10.456, 1, 82, 23012, 24576, 321.64
2026/08/10 11:11:10.457, 2, 84, 23454, 24576, 337.61
2026/08/10 11:11:15.458, 0, 100, 14790, 24576, 338.78
2026/08/10 11:11:15.459, 1, 98, 23012, 24576, 311.73
2026/08/10 11:11:15.459, 2, 96, 12982, 24576, 293.83
2026/08/10 11:11:20.461, 0, 100, 20852, 24576, 281.01
2026/08/10 11:11:20.462, 1, 87, 23012, 24576, 286.92
2026/08/10 11:11:20.462, 2, 94, 22908, 24576, 315.36
2026/08/10 11:11:25.463, 0, 95, 22944, 24576, 313.27
2026/08/10 11:11:25.464, 1, 88, 23012, 24576, 322.17
2026/08/10 11:11:25.464, 2, 90, 23334, 24576, 325.66
2026/08/10 11:11:30.465, 0, 88, 22944, 24576, 317.02
2026/08/10 11:11:30.466, 1, 92, 23012, 24576, 318.81
2026/08/10 11:11:30.466, 2, 87, 23334, 24576, 323.35
2026/08/10 11:11:35.467, 0, 83, 22944, 24576, 337.18
2026/08/10 11:11:35.467, 1, 81, 23012, 24576, 318.89
2026/08/10 11:11:35.468, 2, 83, 23334, 24576, 334.92
2026/08/10 11:11:40.469, 0, 83, 22944, 24576, 340.26
2026/08/10 11:11:40.470, 1, 82, 23012, 24576, 319.97
2026/08/10 11:11:40.470, 2, 81, 23334, 24576, 321.60
2026/08/10 11:11:45.471, 0, 98, 13572, 24576, 338.45
2026/08/10 11:11:45.472, 1, 93, 16120, 24576, 306.71
2026/08/10 11:11:45.473, 2, 98, 14262, 24576, 334.11
2026/08/10 11:11:50.473, 0, 100, 23820, 24576, 289.72
2026/08/10 11:11:50.474, 1, 99, 21788, 24576, 302.09
2026/08/10 11:11:50.474, 2, 100, 20558, 24576, 259.41
2026/08/10 11:11:55.475, 0, 87, 23108, 24576, 340.06
2026/08/10 11:11:55.476, 1, 100, 20870, 24576, 302.48
2026/08/10 11:11:55.476, 2, 100, 20612, 24576, 300.67
2026/08/10 11:12:00.477, 0, 88, 23128, 24576, 340.86
2026/08/10 11:12:00.478, 1, 95, 20870, 24576, 320.71
2026/08/10 11:12:00.478, 2, 100, 20612, 24576, 305.98
2026/08/10 11:12:05.479, 0, 84, 22008, 24576, 335.44
2026/08/10 11:12:05.479, 1, 82, 20870, 24576, 324.55
2026/08/10 11:12:05.480, 2, 83, 22632, 24576, 334.81
2026/08/10 11:12:10.481, 0, 83, 22008, 24576, 339.85
2026/08/10 11:12:10.481, 1, 84, 20870, 24576, 317.52
2026/08/10 11:12:10.482, 2, 82, 22632, 24576, 339.20
2026/08/10 11:12:15.483, 0, 100, 22008, 24576, 337.14
2026/08/10 11:12:15.484, 1, 98, 14002, 24576, 307.45
2026/08/10 11:12:15.485, 2, 100, 12902, 24576, 334.07
2026/08/10 11:12:20.485, 0, 100, 22008, 24576, 338.17
2026/08/10 11:12:20.486, 1, 100, 13976, 24576, 238.96
2026/08/10 11:12:20.486, 2, 100, 13282, 24576, 174.59
2026/08/10 11:12:25.487, 0, 100, 22470, 24576, 340.54
2026/08/10 11:12:25.488, 1, 100, 22634, 24576, 316.91
2026/08/10 11:12:25.488, 2, 100, 23094, 24576, 298.33
2026/08/10 11:12:30.489, 0, 89, 23770, 24576, 334.94
2026/08/10 11:12:30.490, 1, 89, 23214, 24576, 313.64
2026/08/10 11:12:30.490, 2, 98, 23094, 24576, 313.09
2026/08/10 11:12:35.491, 0, 82, 23390, 24576, 290.80
2026/08/10 11:12:35.492, 1, 77, 23214, 24576, 293.64
2026/08/10 11:12:35.492, 2, 82, 23094, 24576, 272.34
2026/08/10 11:12:40.493, 0, 84, 23390, 24576, 337.88
2026/08/10 11:12:40.494, 1, 81, 23214, 24576, 314.29
2026/08/10 11:12:40.495, 2, 81, 23094, 24576, 332.30
2026/08/10 11:12:45.496, 0, 98, 13450, 24576, 298.27
2026/08/10 11:12:45.496, 1, 84, 13978, 24576, 285.82
2026/08/10 11:12:45.497, 2, 90, 12842, 24576, 292.99
2026/08/10 11:12:50.499, 0, 99, 13450, 24576, 337.34
2026/08/10 11:12:50.500, 1, 100, 13996, 24576, 301.93
2026/08/10 11:12:50.500, 2, 98, 12842, 24576, 309.14
2026/08/10 11:12:55.501, 0, 100, 21066, 24576, 315.85
2026/08/10 11:12:55.501, 1, 100, 21074, 24576, 306.99
2026/08/10 11:12:55.502, 2, 100, 22452, 24576, 288.13
2026/08/10 11:13:00.503, 0, 88, 23006, 24576, 321.48
2026/08/10 11:13:00.504, 1, 88, 22934, 24576, 317.71
2026/08/10 11:13:00.504, 2, 100, 22452, 24576, 293.02
2026/08/10 11:13:05.505, 0, 96, 23566, 24576, 291.03
2026/08/10 11:13:05.506, 1, 77, 23494, 24576, 276.65
2026/08/10 11:13:05.507, 2, 79, 20472, 24576, 260.91
2026/08/10 11:13:10.508, 0, 81, 23566, 24576, 337.94
2026/08/10 11:13:10.508, 1, 30, 23494, 24576, 284.57
2026/08/10 11:13:10.509, 2, 81, 20472, 24576, 337.26
2026/08/10 11:13:15.510, 0, 98, 23566, 24576, 336.15
2026/08/10 11:13:15.510, 1, 98, 23494, 24576, 314.23
2026/08/10 11:13:15.511, 2, 98, 22992, 24576, 326.52
2026/08/10 11:13:20.512, 0, 99, 23370, 24576, 333.36
2026/08/10 11:13:20.512, 1, 98, 13196, 24576, 313.02
2026/08/10 11:13:20.513, 2, 100, 13302, 24576, 321.59
2026/08/10 11:13:25.513, 0, 98, 23470, 24576, 319.09
2026/08/10 11:13:25.514, 1, 96, 23496, 24576, 321.63
2026/08/10 11:13:25.515, 2, 97, 23736, 24576, 331.24
2026/08/10 11:13:30.515, 0, 94, 24050, 24576, 330.33
2026/08/10 11:13:30.524, 1, 100, 23496, 24576, 314.87
2026/08/10 11:13:30.528, 2, 94, 23736, 24576, 309.65
2026/08/10 11:13:35.528, 0, 89, 23470, 24576, 334.29
2026/08/10 11:13:35.529, 1, 87, 23496, 24576, 320.53
2026/08/10 11:13:35.529, 2, 86, 23736, 24576, 328.91
2026/08/10 11:13:40.530, 0, 82, 23470, 24576, 336.28
2026/08/10 11:13:40.531, 1, 81, 23496, 24576, 330.57
2026/08/10 11:13:40.531, 2, 80, 23736, 24576, 283.50
2026/08/10 11:13:45.532, 0, 83, 23470, 24576, 339.80
2026/08/10 11:13:45.533, 1, 80, 23496, 24576, 315.39
2026/08/10 11:13:45.534, 2, 83, 23736, 24576, 337.90
2026/08/10 11:13:50.535, 0, 98, 13570, 24576, 338.75
2026/08/10 11:13:50.535, 1, 98, 12802, 24576, 291.52
2026/08/10 11:13:50.536, 2, 98, 13942, 24576, 324.98
2026/08/10 11:13:55.536, 0, 100, 22952, 24576, 284.91
2026/08/10 11:13:55.537, 1, 91, 21956, 24576, 287.51
2026/08/10 11:13:55.537, 2, 88, 20634, 24576, 297.20
2026/08/10 11:14:00.538, 0, 100, 23386, 24576, 326.06
2026/08/10 11:14:00.539, 1, 100, 22012, 24576, 331.93
2026/08/10 11:14:00.539, 2, 100, 20694, 24576, 315.89
2026/08/10 11:14:05.540, 0, 89, 23386, 24576, 323.39
2026/08/10 11:14:05.541, 1, 87, 22012, 24576, 337.18
2026/08/10 11:14:05.541, 2, 100, 20694, 24576, 311.49
2026/08/10 11:14:10.542, 0, 83, 23386, 24576, 334.34
2026/08/10 11:14:10.543, 1, 80, 20092, 24576, 312.45
2026/08/10 11:14:10.543, 2, 82, 22734, 24576, 335.92
2026/08/10 11:14:15.546, 0, 83, 23386, 24576, 260.26
2026/08/10 11:14:15.547, 1, 83, 20092, 24576, 310.64
2026/08/10 11:14:15.548, 2, 82, 22734, 24576, 327.87
2026/08/10 11:14:20.548, 0, 100, 13570, 24576, 340.53
2026/08/10 11:14:20.549, 1, 98, 24124, 24576, 317.54
2026/08/10 11:14:20.549, 2, 100, 12902, 24576, 337.61
2026/08/10 11:14:25.550, 0, 100, 13570, 24576, 275.64
2026/08/10 11:14:25.551, 1, 85, 12918, 24576, 309.43
2026/08/10 11:14:25.551, 2, 100, 13262, 24576, 203.36
2026/08/10 11:14:30.552, 0, 87, 21948, 24576, 329.49
2026/08/10 11:14:30.553, 1, 100, 23594, 24576, 320.49
2026/08/10 11:14:30.553, 2, 100, 23154, 24576, 317.07
2026/08/10 11:14:35.554, 0, 100, 24148, 24576, 330.82
2026/08/10 11:14:35.555, 1, 100, 23594, 24576, 313.26
2026/08/10 11:14:35.555, 2, 100, 23154, 24576, 326.23
2026/08/10 11:14:40.556, 0, 82, 21948, 24576, 337.39
2026/08/10 11:14:40.557, 1, 80, 23594, 24576, 327.55
2026/08/10 11:14:40.558, 2, 83, 23154, 24576, 336.69
2026/08/10 11:14:45.559, 0, 84, 21948, 24576, 340.29
2026/08/10 11:14:45.559, 1, 81, 23594, 24576, 313.80
2026/08/10 11:14:45.560, 2, 82, 23154, 24576, 331.24
2026/08/10 11:14:50.561, 0, 98, 13430, 24576, 338.09
2026/08/10 11:14:50.562, 1, 98, 23594, 24576, 303.70
2026/08/10 11:14:50.562, 2, 100, 12942, 24576, 321.47
2026/08/10 11:14:55.563, 0, 86, 23046, 24576, 303.56
2026/08/10 11:14:55.563, 1, 87, 23594, 24576, 310.14
2026/08/10 11:14:55.564, 2, 88, 23574, 24576, 310.10
2026/08/10 11:15:00.564, 0, 93, 23406, 24576, 316.81
2026/08/10 11:15:00.565, 1, 97, 23594, 24576, 306.28
2026/08/10 11:15:00.565, 2, 97, 23574, 24576, 314.91
2026/08/10 11:15:05.566, 0, 100, 23406, 24576, 327.07
2026/08/10 11:15:05.567, 1, 100, 23594, 24576, 318.88
2026/08/10 11:15:05.567, 2, 100, 23574, 24576, 335.12
2026/08/10 11:15:10.568, 0, 81, 23406, 24576, 336.97
2026/08/10 11:15:10.569, 1, 78, 23594, 24576, 320.70
2026/08/10 11:15:10.570, 2, 82, 23574, 24576, 320.96
2026/08/10 11:15:15.570, 0, 100, 23406, 24576, 292.68
2026/08/10 11:15:15.571, 1, 69, 23594, 24576, 308.92
2026/08/10 11:15:15.572, 2, 100, 23574, 24576, 275.70
2026/08/10 11:15:20.572, 0, 98, 23406, 24576, 337.23
2026/08/10 11:15:20.573, 1, 98, 13042, 24576, 309.16
2026/08/10 11:15:20.574, 2, 98, 23574, 24576, 296.87
2026/08/10 11:15:25.574, 0, 100, 21648, 24576, 276.39
2026/08/10 11:15:25.575, 1, 88, 22998, 24576, 303.40
2026/08/10 11:15:25.575, 2, 84, 23574, 24576, 289.70
2026/08/10 11:15:30.576, 0, 96, 21686, 24576, 318.22
2026/08/10 11:15:30.577, 1, 89, 23014, 24576, 329.23
2026/08/10 11:15:30.577, 2, 87, 23574, 24576, 313.74
2026/08/10 11:15:35.579, 0, 89, 21686, 24576, 320.39
2026/08/10 11:15:35.580, 1, 86, 23014, 24576, 323.28
2026/08/10 11:15:35.580, 2, 95, 23574, 24576, 317.32
2026/08/10 11:15:40.581, 0, 82, 21686, 24576, 336.43
2026/08/10 11:15:40.582, 1, 81, 20774, 24576, 319.08
2026/08/10 11:15:40.582, 2, 82, 23574, 24576, 335.69
2026/08/10 11:15:45.583, 0, 100, 21686, 24576, 220.65
2026/08/10 11:15:45.584, 1, 79, 20774, 24576, 310.82
2026/08/10 11:15:45.584, 2, 84, 23574, 24576, 325.67
2026/08/10 11:15:50.585, 0, 87, 13210, 24576, 292.47
2026/08/10 11:15:50.585, 1, 81, 13858, 24576, 275.63
2026/08/10 11:15:50.586, 2, 98, 23574, 24576, 317.35
2026/08/10 11:15:55.587, 0, 96, 22208, 24576, 245.09
2026/08/10 11:15:55.587, 1, 88, 22210, 24576, 249.49
2026/08/10 11:15:55.588, 2, 98, 23574, 24576, 233.86
2026/08/10 11:16:00.588, 0, 97, 22584, 24576, 314.43
2026/08/10 11:16:00.589, 1, 79, 22272, 24576, 299.94
2026/08/10 11:16:00.590, 2, 97, 23574, 24576, 305.32
2026/08/10 11:16:05.591, 0, 97, 22584, 24576, 317.75
2026/08/10 11:16:05.592, 1, 93, 22272, 24576, 302.95
2026/08/10 11:16:05.592, 2, 100, 23574, 24576, 315.03
2026/08/10 11:16:10.593, 0, 82, 20744, 24576, 229.41
2026/08/10 11:16:10.595, 1, 81, 22272, 24576, 331.36
2026/08/10 11:16:10.596, 2, 82, 23574, 24576, 334.33
2026/08/10 11:16:15.596, 0, 83, 20744, 24576, 340.35
2026/08/10 11:16:15.597, 1, 82, 22272, 24576, 326.51
2026/08/10 11:16:15.597, 2, 82, 23574, 24576, 338.18
2026/08/10 11:16:20.598, 0, 98, 14430, 24576, 305.52
2026/08/10 11:16:20.599, 1, 98, 22272, 24576, 328.99
2026/08/10 11:16:20.599, 2, 98, 13042, 24576, 322.08
2026/08/10 11:16:25.600, 0, 100, 14430, 24576, 341.24
2026/08/10 11:16:25.601, 1, 100, 22272, 24576, 250.94
2026/08/10 11:16:25.602, 2, 98, 13042, 24576, 324.85
2026/08/10 11:16:30.603, 0, 95, 22766, 24576, 309.90
2026/08/10 11:16:30.603, 1, 93, 21650, 24576, 300.14
2026/08/10 11:16:30.604, 2, 95, 21456, 24576, 320.68
2026/08/10 11:16:35.605, 0, 95, 22766, 24576, 322.23
2026/08/10 11:16:35.606, 1, 89, 21650, 24576, 305.15
2026/08/10 11:16:35.606, 2, 92, 21456, 24576, 318.58
2026/08/10 11:16:40.607, 0, 83, 22766, 24576, 329.86
2026/08/10 11:16:40.608, 1, 80, 21650, 24576, 332.40
2026/08/10 11:16:40.608, 2, 81, 21456, 24576, 326.58
2026/08/10 11:16:45.609, 0, 82, 22766, 24576, 340.15
2026/08/10 11:16:45.609, 1, 83, 21650, 24576, 322.12
2026/08/10 11:16:45.610, 2, 82, 21456, 24576, 328.68
2026/08/10 11:16:50.611, 0, 98, 14470, 24576, 302.45
2026/08/10 11:16:50.611, 1, 98, 21650, 24576, 314.07
2026/08/10 11:16:50.612, 2, 98, 14022, 24576, 295.35
2026/08/10 11:16:55.613, 0, 98, 14470, 24576, 339.17
2026/08/10 11:16:55.614, 1, 100, 21650, 24576, 312.09
2026/08/10 11:16:55.614, 2, 98, 14018, 24576, 336.85
2026/08/10 11:17:00.615, 0, 89, 22906, 24576, 340.31
2026/08/10 11:17:00.616, 1, 100, 21596, 24576, 318.22
2026/08/10 11:17:00.616, 2, 82, 22612, 24576, 335.19
2026/08/10 11:17:05.617, 0, 100, 22906, 24576, 337.48
2026/08/10 11:17:05.617, 1, 100, 21596, 24576, 331.51
2026/08/10 11:17:05.618, 2, 87, 22612, 24576, 336.01
2026/08/10 11:17:10.619, 0, 100, 22906, 24576, 344.34
2026/08/10 11:17:10.620, 1, 100, 21596, 24576, 318.03
2026/08/10 11:17:10.620, 2, 100, 22612, 24576, 334.65
2026/08/10 11:17:15.621, 0, 83, 22906, 24576, 339.51
2026/08/10 11:17:15.621, 1, 79, 21596, 24576, 312.15
2026/08/10 11:17:15.622, 2, 83, 22612, 24576, 332.45
2026/08/10 11:17:20.622, 0, 98, 22906, 24576, 256.59
2026/08/10 11:17:20.623, 1, 98, 21596, 24576, 335.18
2026/08/10 11:17:20.624, 2, 100, 22612, 24576, 256.51
2026/08/10 11:17:25.625, 0, 98, 13570, 24576, 341.89
2026/08/10 11:17:25.625, 1, 100, 21596, 24576, 322.53
2026/08/10 11:17:25.626, 2, 98, 13322, 24576, 336.24
2026/08/10 11:17:30.627, 0, 100, 21888, 24576, 319.99
2026/08/10 11:17:30.627, 1, 97, 21816, 24576, 305.19
2026/08/10 11:17:30.628, 2, 97, 23514, 24576, 322.93
2026/08/10 11:17:35.629, 0, 100, 21888, 24576, 323.32
2026/08/10 11:17:35.629, 1, 100, 21816, 24576, 311.56
2026/08/10 11:17:35.630, 2, 100, 23514, 24576, 306.68
2026/08/10 11:17:40.631, 0, 100, 21568, 24576, 327.66
2026/08/10 11:17:40.631, 1, 100, 21416, 24576, 315.07
2026/08/10 11:17:40.632, 2, 100, 23514, 24576, 303.97
2026/08/10 11:17:45.633, 0, 83, 21888, 24576, 337.04
2026/08/10 11:17:45.633, 1, 80, 21816, 24576, 316.41
2026/08/10 11:17:45.634, 2, 78, 23514, 24576, 211.67
2026/08/10 11:17:50.635, 0, 78, 21888, 24576, 333.98
2026/08/10 11:17:50.637, 1, 84, 21816, 24576, 290.70
2026/08/10 11:17:50.638, 2, 81, 23514, 24576, 337.23
2026/08/10 11:17:55.639, 0, 98, 14450, 24576, 338.60
2026/08/10 11:17:55.639, 1, 98, 22762, 24576, 336.04
2026/08/10 11:17:55.640, 2, 98, 13062, 24576, 339.88
2026/08/10 11:18:00.641, 0, 100, 14450, 24576, 253.25
2026/08/10 11:18:00.641, 1, 98, 23558, 24576, 318.32
2026/08/10 11:18:00.642, 2, 98, 13062, 24576, 326.64
2026/08/10 11:18:05.642, 0, 94, 23146, 24576, 304.89
2026/08/10 11:18:05.643, 1, 96, 22332, 24576, 303.34
2026/08/10 11:18:05.643, 2, 95, 21514, 24576, 319.53
2026/08/10 11:18:10.644, 0, 100, 23146, 24576, 316.41
2026/08/10 11:18:10.645, 1, 97, 22332, 24576, 323.52
2026/08/10 11:18:10.645, 2, 91, 21514, 24576, 320.70
2026/08/10 11:18:15.646, 0, 84, 23146, 24576, 337.61
2026/08/10 11:18:15.647, 1, 81, 22332, 24576, 328.60
2026/08/10 11:18:15.647, 2, 79, 21514, 24576, 329.78
2026/08/10 11:18:20.648, 0, 84, 23146, 24576, 341.40
2026/08/10 11:18:20.649, 1, 84, 22332, 24576, 320.20
2026/08/10 11:18:20.650, 2, 84, 21514, 24576, 322.65
2026/08/10 11:18:25.651, 0, 98, 15450, 24576, 298.58
2026/08/10 11:18:25.652, 1, 98, 13942, 24576, 296.95
2026/08/10 11:18:25.652, 2, 98, 12862, 24576, 293.94
2026/08/10 11:18:30.653, 0, 99, 13990, 24576, 338.23
2026/08/10 11:18:30.653, 1, 98, 13918, 24576, 319.46
2026/08/10 11:18:30.654, 2, 100, 12862, 24576, 327.52
2026/08/10 11:18:35.655, 0, 89, 23270, 24576, 337.25
2026/08/10 11:18:35.655, 1, 100, 20672, 24576, 302.33
2026/08/10 11:18:35.656, 2, 100, 23274, 24576, 324.06
2026/08/10 11:18:40.656, 0, 100, 23270, 24576, 338.21
2026/08/10 11:18:40.657, 1, 99, 20672, 24576, 304.98
2026/08/10 11:18:40.658, 2, 100, 23274, 24576, 324.80
2026/08/10 11:18:45.659, 0, 100, 23270, 24576, 337.33
2026/08/10 11:18:45.660, 1, 88, 20672, 24576, 305.14
2026/08/10 11:18:45.660, 2, 100, 23274, 24576, 326.36
2026/08/10 11:18:50.661, 0, 83, 23270, 24576, 338.20
2026/08/10 11:18:50.662, 1, 82, 22732, 24576, 330.79
2026/08/10 11:18:50.663, 2, 82, 23274, 24576, 336.85
2026/08/10 11:18:55.664, 0, 98, 23270, 24576, 295.57
2026/08/10 11:18:55.664, 1, 100, 22732, 24576, 316.48
2026/08/10 11:18:55.665, 2, 98, 23274, 24576, 329.45
2026/08/10 11:19:00.666, 0, 98, 13530, 24576, 336.70
2026/08/10 11:19:00.666, 1, 98, 13322, 24576, 311.13
2026/08/10 11:19:00.667, 2, 98, 13064, 24576, 323.94
2026/08/10 11:19:05.667, 0, 93, 23646, 24576, 235.16
2026/08/10 11:19:05.668, 1, 93, 22790, 24576, 244.62
2026/08/10 11:19:05.669, 2, 92, 23612, 24576, 313.72
2026/08/10 11:19:10.669, 0, 100, 24048, 24576, 305.86
2026/08/10 11:19:10.670, 1, 100, 22852, 24576, 291.10
2026/08/10 11:19:10.671, 2, 100, 24016, 24576, 320.18
2026/08/10 11:19:15.672, 0, 85, 21908, 24576, 318.74
2026/08/10 11:19:15.673, 1, 100, 22852, 24576, 315.38
2026/08/10 11:19:15.673, 2, 87, 21816, 24576, 320.56
2026/08/10 11:19:20.674, 0, 83, 21908, 24576, 335.67
2026/08/10 11:19:20.675, 1, 80, 22852, 24576, 334.07
2026/08/10 11:19:20.675, 2, 83, 21816, 24576, 334.71
2026/08/10 11:19:25.676, 0, 82, 21908, 24576, 337.94
2026/08/10 11:19:25.677, 1, 82, 22852, 24576, 312.83
2026/08/10 11:19:25.677, 2, 81, 21816, 24576, 328.89
2026/08/10 11:19:30.678, 0, 98, 13570, 24576, 320.57
2026/08/10 11:19:30.678, 1, 98, 13022, 24576, 324.15
2026/08/10 11:19:30.679, 2, 98, 21502, 24576, 333.18
2026/08/10 11:19:35.680, 0, 98, 13570, 24576, 339.52
2026/08/10 11:19:35.681, 1, 98, 13022, 24576, 312.50
2026/08/10 11:19:35.681, 2, 98, 13002, 24576, 312.08
2026/08/10 11:19:40.682, 0, 100, 21828, 24576, 327.93
2026/08/10 11:19:40.683, 1, 100, 21414, 24576, 315.93
2026/08/10 11:19:40.684, 2, 100, 20554, 24576, 321.26
2026/08/10 11:19:45.685, 0, 88, 21828, 24576, 327.94
2026/08/10 11:19:45.685, 1, 88, 21414, 24576, 312.27
2026/08/10 11:19:45.686, 2, 88, 20914, 24576, 320.04
2026/08/10 11:19:50.687, 0, 83, 21828, 24576, 333.84
2026/08/10 11:19:50.687, 1, 84, 21414, 24576, 322.03
2026/08/10 11:19:50.688, 2, 83, 20554, 24576, 337.28
2026/08/10 11:19:55.688, 0, 83, 21828, 24576, 339.39
2026/08/10 11:19:55.689, 1, 83, 21414, 24576, 315.73
2026/08/10 11:19:55.689, 2, 81, 20554, 24576, 326.05
2026/08/10 11:20:00.690, 0, 98, 21828, 24576, 340.55
2026/08/10 11:20:00.691, 1, 100, 21414, 24576, 312.10
2026/08/10 11:20:00.691, 2, 98, 13942, 24576, 332.87
2026/08/10 11:20:05.692, 0, 79, 22028, 24576, 292.96
2026/08/10 11:20:05.693, 1, 100, 21514, 24576, 286.62
2026/08/10 11:20:05.693, 2, 99, 21884, 24576, 299.38
2026/08/10 11:20:10.694, 0, 88, 22030, 24576, 318.98
2026/08/10 11:20:10.695, 1, 93, 22994, 24576, 317.00
2026/08/10 11:20:10.696, 2, 100, 22612, 24576, 326.04
2026/08/10 11:20:15.697, 0, 93, 24250, 24576, 318.95
2026/08/10 11:20:15.697, 1, 100, 23254, 24576, 320.82
2026/08/10 11:20:15.698, 2, 100, 23472, 24576, 315.79
2026/08/10 11:20:20.699, 0, 82, 22030, 24576, 335.59
2026/08/10 11:20:20.699, 1, 83, 22994, 24576, 326.84
2026/08/10 11:20:20.700, 2, 82, 22612, 24576, 335.60
2026/08/10 11:20:25.701, 0, 83, 22030, 24576, 338.02
2026/08/10 11:20:25.701, 1, 83, 22994, 24576, 315.70
2026/08/10 11:20:25.702, 2, 83, 22612, 24576, 330.36
2026/08/10 11:20:30.703, 0, 99, 18650, 24576, 320.93
2026/08/10 11:20:30.703, 1, 98, 14082, 24576, 329.46
2026/08/10 11:20:30.704, 2, 98, 12862, 24576, 337.96
2026/08/10 11:20:35.705, 0, 98, 14610, 24576, 302.98
2026/08/10 11:20:35.706, 1, 39, 14056, 24576, 292.62
2026/08/10 11:20:35.706, 2, 100, 12862, 24576, 248.89
2026/08/10 11:20:40.707, 0, 100, 23626, 24576, 336.42
2026/08/10 11:20:40.707, 1, 100, 23234, 24576, 323.34
2026/08/10 11:20:40.708, 2, 100, 20632, 24576, 305.32
2026/08/10 11:20:45.709, 0, 100, 23626, 24576, 336.22
2026/08/10 11:20:45.710, 1, 100, 23234, 24576, 320.25
2026/08/10 11:20:45.710, 2, 100, 20632, 24576, 306.83
2026/08/10 11:20:50.711, 0, 81, 23626, 24576, 333.36
2026/08/10 11:20:50.712, 1, 79, 23234, 24576, 327.95
2026/08/10 11:20:50.712, 2, 80, 20632, 24576, 326.91
2026/08/10 11:20:55.713, 0, 84, 23626, 24576, 337.60
2026/08/10 11:20:55.714, 1, 82, 23234, 24576, 315.86
2026/08/10 11:20:55.714, 2, 83, 20632, 24576, 328.17
2026/08/10 11:21:00.715, 0, 100, 13750, 24576, 297.60
2026/08/10 11:21:00.716, 1, 98, 13042, 24576, 296.52
2026/08/10 11:21:00.716, 2, 98, 14024, 24576, 293.38
2026/08/10 11:21:05.717, 0, 86, 13750, 24576, 321.80
2026/08/10 11:21:05.718, 1, 98, 13042, 24576, 307.92
2026/08/10 11:21:05.718, 2, 98, 14018, 24576, 293.02
2026/08/10 11:21:10.719, 0, 98, 23608, 24576, 308.60
2026/08/10 11:21:10.720, 1, 93, 20874, 24576, 301.91
2026/08/10 11:21:10.720, 2, 95, 24116, 24576, 326.18
2026/08/10 11:21:15.721, 0, 100, 23608, 24576, 302.05
2026/08/10 11:21:15.722, 1, 100, 23114, 24576, 295.71
2026/08/10 11:21:15.722, 2, 89, 22056, 24576, 324.29
2026/08/10 11:21:20.723, 0, 89, 23608, 24576, 324.03
2026/08/10 11:21:20.724, 1, 89, 23114, 24576, 334.25
2026/08/10 11:21:20.724, 2, 100, 22056, 24576, 318.45
2026/08/10 11:21:25.725, 0, 83, 23608, 24576, 338.16
2026/08/10 11:21:25.726, 1, 82, 20874, 24576, 313.56
2026/08/10 11:21:25.726, 2, 84, 24116, 24576, 328.88
2026/08/10 11:21:30.727, 0, 98, 23608, 24576, 341.11
2026/08/10 11:21:30.728, 1, 99, 20894, 24576, 309.15
2026/08/10 11:21:30.729, 2, 98, 24116, 24576, 331.74
2026/08/10 11:21:35.730, 0, 98, 13670, 24576, 340.08
2026/08/10 11:21:35.730, 1, 100, 24138, 24576, 312.90
2026/08/10 11:21:35.731, 2, 98, 22498, 24576, 333.16
2026/08/10 11:21:40.732, 0, 89, 23568, 24576, 325.75
2026/08/10 11:21:40.733, 1, 90, 22072, 24576, 324.31
2026/08/10 11:21:40.733, 2, 83, 23154, 24576, 325.30
2026/08/10 11:21:45.734, 0, 100, 23568, 24576, 321.80
2026/08/10 11:21:45.735, 1, 89, 23872, 24576, 321.12
2026/08/10 11:21:45.735, 2, 88, 23374, 24576, 329.08
2026/08/10 11:21:50.736, 0, 100, 23568, 24576, 312.24
2026/08/10 11:21:50.737, 1, 100, 21292, 24576, 309.87
2026/08/10 11:21:50.737, 2, 100, 20814, 24576, 321.93
2026/08/10 11:21:55.738, 0, 82, 23568, 24576, 337.84
2026/08/10 11:21:55.739, 1, 79, 22072, 24576, 334.73
2026/08/10 11:21:55.739, 2, 0, 23154, 24576, 254.07
2026/08/10 11:22:00.740, 0, 100, 23568, 24576, 268.54
2026/08/10 11:22:00.741, 1, 81, 22072, 24576, 321.33
2026/08/10 11:22:00.742, 2, 85, 23154, 24576, 334.10
2026/08/10 11:22:05.742, 0, 100, 18590, 24576, 330.54
2026/08/10 11:22:05.743, 1, 98, 22072, 24576, 305.26
2026/08/10 11:22:05.744, 2, 98, 17942, 24576, 306.59
2026/08/10 11:22:10.745, 0, 88, 21086, 24576, 322.25
2026/08/10 11:22:10.746, 1, 93, 21872, 24576, 323.16
2026/08/10 11:22:10.746, 2, 91, 21694, 24576, 323.57
2026/08/10 11:22:15.747, 0, 100, 20886, 24576, 317.55
2026/08/10 11:22:15.748, 1, 100, 21672, 24576, 317.76
2026/08/10 11:22:15.748, 2, 92, 21294, 24576, 319.10
2026/08/10 11:22:20.749, 0, 92, 20966, 24576, 311.31
2026/08/10 11:22:20.753, 1, 91, 21752, 24576, 324.50
2026/08/10 11:22:20.753, 2, 89, 21414, 24576, 325.38
2026/08/10 11:22:25.755, 0, 82, 22926, 24576, 337.86
2026/08/10 11:22:25.755, 1, 85, 22112, 24576, 323.05
2026/08/10 11:22:25.756, 2, 82, 21494, 24576, 335.99
2026/08/10 11:22:30.757, 0, 76, 22926, 24576, 249.13
2026/08/10 11:22:30.764, 1, 84, 22112, 24576, 316.41
2026/08/10 11:22:30.765, 2, 83, 21494, 24576, 330.71
2026/08/10 11:22:35.765, 0, 98, 13330, 24576, 338.91
2026/08/10 11:22:35.767, 1, 98, 13002, 24576, 300.22
2026/08/10 11:22:35.768, 2, 98, 13002, 24576, 335.71
2026/08/10 11:22:40.769, 0, 89, 23588, 24576, 304.39
2026/08/10 11:22:40.769, 1, 100, 23164, 24576, 302.22
2026/08/10 11:22:40.770, 2, 100, 23030, 24576, 286.59
2026/08/10 11:22:45.771, 0, 97, 23628, 24576, 328.29
2026/08/10 11:22:45.772, 1, 88, 21494, 24576, 318.78
2026/08/10 11:22:45.772, 2, 88, 22034, 24576, 338.23
2026/08/10 11:22:50.773, 0, 100, 23628, 24576, 343.81
2026/08/10 11:22:50.774, 1, 93, 21394, 24576, 315.23
2026/08/10 11:22:50.774, 2, 90, 20914, 24576, 320.33
2026/08/10 11:22:55.775, 0, 83, 23628, 24576, 338.69
2026/08/10 11:22:55.775, 1, 78, 21394, 24576, 315.80
2026/08/10 11:22:55.776, 2, 84, 20914, 24576, 335.73
2026/08/10 11:23:00.777, 0, 100, 23628, 24576, 243.57
2026/08/10 11:23:00.778, 1, 83, 21394, 24576, 316.79
2026/08/10 11:23:00.778, 2, 100, 20914, 24576, 238.96
2026/08/10 11:23:05.781, 0, 98, 23628, 24576, 339.21
2026/08/10 11:23:05.781, 1, 98, 12962, 24576, 312.13
2026/08/10 11:23:05.785, 2, 98, 12802, 24576, 334.33
2026/08/10 11:23:10.786, 0, 100, 23628, 24576, 179.03
2026/08/10 11:23:10.786, 1, 29, 13222, 24576, 291.75
2026/08/10 11:23:10.787, 2, 88, 13002, 24576, 172.08
2026/08/10 11:23:15.787, 0, 100, 23628, 24576, 312.87
2026/08/10 11:23:15.788, 1, 100, 22956, 24576, 319.39
2026/08/10 11:23:15.788, 2, 98, 21032, 24576, 301.23
2026/08/10 11:23:20.790, 0, 100, 23628, 24576, 297.74
2026/08/10 11:23:20.791, 1, 100, 22956, 24576, 318.38
2026/08/10 11:23:20.791, 2, 100, 21352, 24576, 299.85
2026/08/10 11:23:25.792, 0, 81, 23628, 24576, 261.62
2026/08/10 11:23:25.793, 1, 81, 22956, 24576, 286.89
2026/08/10 11:23:25.793, 2, 81, 21032, 24576, 276.80
2026/08/10 11:23:30.794, 0, 84, 23628, 24576, 339.37
2026/08/10 11:23:30.795, 1, 84, 22956, 24576, 314.86
2026/08/10 11:23:30.796, 2, 86, 21032, 24576, 335.36
2026/08/10 11:23:35.796, 0, 97, 13570, 24576, 300.17
2026/08/10 11:23:35.797, 1, 97, 22956, 24576, 310.51
2026/08/10 11:23:35.798, 2, 97, 13042, 24576, 288.83
2026/08/10 11:23:40.800, 0, 99, 13570, 24576, 339.76
2026/08/10 11:23:40.801, 1, 98, 22956, 24576, 300.92
2026/08/10 11:23:40.802, 2, 98, 13042, 24576, 328.37
2026/08/10 11:23:45.802, 0, 95, 23988, 24576, 318.34
2026/08/10 11:23:45.803, 1, 88, 20452, 24576, 305.68
2026/08/10 11:23:45.804, 2, 95, 23614, 24576, 320.22
2026/08/10 11:23:50.805, 0, 96, 23988, 24576, 319.03
2026/08/10 11:23:50.805, 1, 87, 20452, 24576, 306.22
2026/08/10 11:23:50.806, 2, 100, 23614, 24576, 322.26
2026/08/10 11:23:55.807, 0, 74, 21768, 24576, 282.04
2026/08/10 11:23:55.807, 1, 79, 22612, 24576, 263.75
2026/08/10 11:23:55.808, 2, 69, 21414, 24576, 282.56
2026/08/10 11:24:00.809, 0, 85, 21768, 24576, 338.62
2026/08/10 11:24:00.809, 1, 84, 22612, 24576, 318.37
2026/08/10 11:24:00.810, 2, 86, 21414, 24576, 329.08
2026/08/10 11:24:05.811, 0, 86, 14410, 24576, 302.69
2026/08/10 11:24:05.811, 1, 92, 17112, 24576, 298.28
2026/08/10 11:24:05.812, 2, 88, 12194, 24576, 294.68
2026/08/10 11:24:10.813, 0, 100, 14450, 24576, 331.81
2026/08/10 11:24:10.813, 1, 98, 12962, 24576, 307.73
2026/08/10 11:24:10.814, 2, 98, 13322, 24576, 312.56
2026/08/10 11:24:15.814, 0, 100, 23346, 24576, 316.62
2026/08/10 11:24:15.815, 1, 100, 23656, 24576, 310.20
2026/08/10 11:24:15.816, 2, 100, 23092, 24576, 311.40
2026/08/10 11:24:20.817, 0, 98, 23346, 24576, 315.99
2026/08/10 11:24:20.818, 1, 100, 23656, 24576, 325.33
2026/08/10 11:24:20.818, 2, 100, 23092, 24576, 314.20
2026/08/10 11:24:25.819, 0, 95, 23346, 24576, 318.81
2026/08/10 11:24:25.820, 1, 100, 23656, 24576, 322.98
2026/08/10 11:24:25.821, 2, 100, 23092, 24576, 311.64
2026/08/10 11:24:30.822, 0, 84, 23346, 24576, 336.92
2026/08/10 11:24:30.822, 1, 80, 21516, 24576, 313.15
2026/08/10 11:24:30.823, 2, 83, 23092, 24576, 336.97
2026/08/10 11:24:35.823, 0, 98, 23346, 24576, 308.42
2026/08/10 11:24:35.824, 1, 97, 21516, 24576, 311.88
2026/08/10 11:24:35.824, 2, 98, 23092, 24576, 330.07
2026/08/10 11:24:40.825, 0, 99, 23346, 24576, 336.75
2026/08/10 11:24:40.826, 1, 98, 13176, 24576, 334.20
2026/08/10 11:24:40.826, 2, 99, 23092, 24576, 320.10
2026/08/10 11:24:45.827, 0, 100, 21890, 24576, 330.85
2026/08/10 11:24:45.828, 1, 88, 22592, 24576, 318.06
2026/08/10 11:24:45.829, 2, 85, 23254, 24576, 339.20
2026/08/10 11:24:50.829, 0, 98, 23930, 24576, 332.05
2026/08/10 11:24:50.830, 1, 100, 22592, 24576, 309.93
2026/08/10 11:24:50.831, 2, 100, 23254, 24576, 327.77
2026/08/10 11:24:55.831, 0, 10, 23930, 24576, 303.83
2026/08/10 11:24:55.832, 1, 21, 22592, 24576, 285.41
2026/08/10 11:24:55.832, 2, 21, 23254, 24576, 298.18
2026/08/10 11:25:00.833, 0, 85, 23930, 24576, 339.29
2026/08/10 11:25:00.834, 1, 82, 22592, 24576, 313.64
2026/08/10 11:25:00.834, 2, 84, 23254, 24576, 321.45
2026/08/10 11:25:05.835, 0, 81, 14430, 24576, 295.85
2026/08/10 11:25:05.836, 1, 89, 13552, 24576, 290.94
2026/08/10 11:25:05.836, 2, 98, 23254, 24576, 319.13
2026/08/10 11:25:10.837, 0, 98, 14450, 24576, 341.24
2026/08/10 11:25:10.838, 1, 98, 13916, 24576, 295.95
2026/08/10 11:25:10.839, 2, 98, 23254, 24576, 311.49
2026/08/10 11:25:15.840, 0, 93, 20584, 24576, 291.70
2026/08/10 11:25:15.840, 1, 91, 22092, 24576, 287.78
2026/08/10 11:25:15.841, 2, 97, 23254, 24576, 304.99
2026/08/10 11:25:20.842, 0, 92, 20584, 24576, 291.50
2026/08/10 11:25:20.843, 1, 89, 22092, 24576, 278.09
2026/08/10 11:25:20.843, 2, 97, 23254, 24576, 302.96
2026/08/10 11:25:25.844, 0, 24, 22604, 24576, 264.09
2026/08/10 11:25:25.845, 1, 72, 22092, 24576, 284.08
2026/08/10 11:25:25.845, 2, 62, 23254, 24576, 278.11
2026/08/10 11:25:30.846, 0, 83, 22604, 24576, 339.28
2026/08/10 11:25:30.846, 1, 82, 22092, 24576, 317.65
2026/08/10 11:25:30.847, 2, 83, 23254, 24576, 333.24
2026/08/10 11:25:35.848, 0, 95, 14490, 24576, 299.76
2026/08/10 11:25:35.848, 1, 90, 12810, 24576, 276.40
2026/08/10 11:25:35.849, 2, 99, 14102, 24576, 288.79
2026/08/10 11:25:40.850, 0, 99, 19730, 24576, 314.21
2026/08/10 11:25:40.851, 1, 98, 12860, 24576, 310.07
2026/08/10 11:25:40.851, 2, 98, 13002, 24576, 320.85
2026/08/10 11:25:45.852, 0, 87, 23768, 24576, 341.22
2026/08/10 11:25:45.853, 1, 85, 20870, 24576, 320.33
2026/08/10 11:25:45.854, 2, 89, 20572, 24576, 309.46
2026/08/10 11:25:50.854, 0, 100, 21848, 24576, 326.20
2026/08/10 11:25:50.855, 1, 94, 22810, 24576, 318.85
2026/08/10 11:25:50.856, 2, 90, 22752, 24576, 306.59
2026/08/10 11:25:55.857, 0, 22, 23768, 24576, 278.78
2026/08/10 11:25:55.857, 1, 23, 20870, 24576, 278.56
2026/08/10 11:25:55.858, 2, 24, 20572, 24576, 272.13
2026/08/10 11:26:00.858, 0, 83, 23768, 24576, 338.91
2026/08/10 11:26:00.859, 1, 83, 20870, 24576, 321.02
2026/08/10 11:26:00.859, 2, 83, 20572, 24576, 336.27
2026/08/10 11:26:05.860, 0, 98, 23768, 24576, 332.89
2026/08/10 11:26:05.862, 1, 98, 20870, 24576, 314.72
2026/08/10 11:26:05.862, 2, 98, 21452, 24576, 337.23
2026/08/10 11:26:10.864, 0, 88, 14450, 24576, 300.02
2026/08/10 11:26:10.865, 1, 98, 17884, 24576, 327.56
2026/08/10 11:26:10.866, 2, 96, 15562, 24576, 288.22
2026/08/10 11:26:15.867, 0, 100, 19916, 24576, 215.36
2026/08/10 11:26:15.867, 1, 99, 23552, 24576, 322.68
2026/08/10 11:26:15.868, 2, 100, 20062, 24576, 213.04
2026/08/10 11:26:20.869, 0, 89, 22064, 24576, 304.40
2026/08/10 11:26:20.870, 1, 88, 23276, 24576, 320.55
2026/08/10 11:26:20.870, 2, 89, 22012, 24576, 303.12
2026/08/10 11:26:25.871, 0, 85, 22064, 24576, 304.22
2026/08/10 11:26:25.872, 1, 95, 23276, 24576, 317.48
2026/08/10 11:26:25.872, 2, 92, 22012, 24576, 300.90
2026/08/10 11:26:30.873, 0, 80, 22064, 24576, 301.37
2026/08/10 11:26:30.875, 1, 82, 23276, 24576, 306.08
2026/08/10 11:26:30.876, 2, 82, 22012, 24576, 299.31
2026/08/10 11:26:35.877, 0, 82, 22064, 24576, 338.83
2026/08/10 11:26:35.877, 1, 83, 23276, 24576, 319.74
2026/08/10 11:26:35.878, 2, 81, 22012, 24576, 338.10
2026/08/10 11:26:40.879, 0, 98, 14450, 24576, 302.51
2026/08/10 11:26:40.879, 1, 98, 23276, 24576, 317.20
2026/08/10 11:26:40.880, 2, 100, 13042, 24576, 293.63
2026/08/10 11:26:45.881, 0, 98, 14450, 24576, 303.26
2026/08/10 11:26:45.881, 1, 98, 23276, 24576, 311.13
2026/08/10 11:26:45.882, 2, 98, 13042, 24576, 336.77
2026/08/10 11:26:50.883, 0, 97, 20706, 24576, 307.97
2026/08/10 11:26:50.883, 1, 91, 21314, 24576, 317.05
2026/08/10 11:26:50.884, 2, 95, 22532, 24576, 311.73
2026/08/10 11:26:55.885, 0, 100, 20706, 24576, 313.07
2026/08/10 11:26:55.886, 1, 94, 21314, 24576, 311.79
2026/08/10 11:26:55.886, 2, 100, 22532, 24576, 326.11
2026/08/10 11:27:00.887, 0, 82, 22726, 24576, 267.77
2026/08/10 11:27:00.888, 1, 74, 23514, 24576, 282.29
2026/08/10 11:27:00.889, 2, 75, 20312, 24576, 285.04
2026/08/10 11:27:05.889, 0, 82, 22726, 24576, 340.94
2026/08/10 11:27:05.890, 1, 81, 23514, 24576, 310.09
2026/08/10 11:27:05.891, 2, 85, 20312, 24576, 337.50
2026/08/10 11:27:10.892, 0, 91, 13470, 24576, 301.02
2026/08/10 11:27:10.892, 1, 98, 23674, 24576, 318.34
2026/08/10 11:27:10.893, 2, 98, 20312, 24576, 336.67
2026/08/10 11:27:15.893, 0, 100, 13490, 24576, 341.17
2026/08/10 11:27:15.894, 1, 100, 13062, 24576, 314.83
2026/08/10 11:27:15.894, 2, 98, 20312, 24576, 315.58
2026/08/10 11:27:20.895, 0, 100, 23348, 24576, 319.08
2026/08/10 11:27:20.896, 1, 89, 21776, 24576, 312.82
2026/08/10 11:27:20.896, 2, 100, 21214, 24576, 312.99
2026/08/10 11:27:25.900, 0, 84, 23388, 24576, 325.81
2026/08/10 11:27:25.901, 1, 82, 21776, 24576, 309.60
2026/08/10 11:27:25.905, 2, 85, 20834, 24576, 311.39
2026/08/10 11:27:30.906, 0, 100, 23388, 24576, 329.42
2026/08/10 11:27:30.906, 1, 100, 21776, 24576, 313.46
2026/08/10 11:27:30.907, 2, 100, 20834, 24576, 316.35
2026/08/10 11:27:35.908, 0, 82, 23388, 24576, 338.45
2026/08/10 11:27:35.908, 1, 81, 21776, 24576, 314.32
2026/08/10 11:27:35.909, 2, 82, 20834, 24576, 334.84
2026/08/10 11:27:40.909, 0, 84, 23388, 24576, 327.49
2026/08/10 11:27:40.910, 1, 100, 21776, 24576, 265.85
2026/08/10 11:27:40.911, 2, 85, 20834, 24576, 331.47
2026/08/10 11:27:45.912, 0, 98, 14610, 24576, 305.77
2026/08/10 11:27:45.912, 1, 82, 13722, 24576, 298.26
2026/08/10 11:27:45.913, 2, 97, 20834, 24576, 323.85
2026/08/10 11:27:50.913, 0, 100, 14610, 24576, 232.31
2026/08/10 11:27:50.914, 1, 100, 13796, 24576, 233.35
2026/08/10 11:27:50.915, 2, 100, 20834, 24576, 321.60
2026/08/10 11:27:55.915, 0, 92, 21046, 24576, 296.50
2026/08/10 11:27:55.916, 1, 88, 21772, 24576, 307.57
2026/08/10 11:27:55.917, 2, 99, 23978, 24576, 333.64
2026/08/10 11:28:00.917, 0, 94, 20966, 24576, 288.12
2026/08/10 11:28:00.918, 1, 89, 20592, 24576, 285.21
2026/08/10 11:28:00.918, 2, 92, 23978, 24576, 321.59
2026/08/10 11:28:05.919, 0, 100, 23186, 24576, 325.21
2026/08/10 11:28:05.920, 1, 100, 21772, 24576, 305.29
2026/08/10 11:28:05.920, 2, 100, 23978, 24576, 319.13
2026/08/10 11:28:10.921, 0, 85, 23186, 24576, 339.98
2026/08/10 11:28:10.922, 1, 81, 21772, 24576, 335.76
2026/08/10 11:28:10.922, 2, 84, 23978, 24576, 323.09
2026/08/10 11:28:15.923, 0, 98, 23186, 24576, 340.15
2026/08/10 11:28:15.924, 1, 98, 22012, 24576, 337.24
2026/08/10 11:28:15.924, 2, 100, 23978, 24576, 335.07
2026/08/10 11:28:20.925, 0, 100, 13570, 24576, 341.48
2026/08/10 11:28:20.926, 1, 98, 12802, 24576, 311.31
2026/08/10 11:28:20.927, 2, 98, 13264, 24576, 318.71
2026/08/10 11:28:25.927, 0, 89, 21908, 24576, 319.17
2026/08/10 11:28:25.928, 1, 88, 21772, 24576, 309.74
2026/08/10 11:28:25.928, 2, 100, 23636, 24576, 329.33
2026/08/10 11:28:30.929, 0, 89, 23028, 24576, 319.11
2026/08/10 11:28:30.930, 1, 100, 23052, 24576, 324.02
2026/08/10 11:28:30.930, 2, 100, 23636, 24576, 321.24
2026/08/10 11:28:35.931, 0, 100, 24128, 24576, 319.56
2026/08/10 11:28:35.932, 1, 95, 22252, 24576, 320.16
2026/08/10 11:28:35.932, 2, 97, 23636, 24576, 313.88
2026/08/10 11:28:40.934, 0, 85, 21908, 24576, 337.55
2026/08/10 11:28:40.934, 1, 76, 20812, 24576, 314.37
2026/08/10 11:28:40.935, 2, 84, 23636, 24576, 318.01
2026/08/10 11:28:45.936, 0, 98, 21908, 24576, 319.42
2026/08/10 11:28:45.937, 1, 98, 20812, 24576, 322.25
2026/08/10 11:28:45.937, 2, 98, 23636, 24576, 285.49
2026/08/10 11:28:50.938, 0, 98, 13450, 24576, 337.88
2026/08/10 11:28:50.939, 1, 98, 13002, 24576, 328.59
2026/08/10 11:28:50.939, 2, 98, 23636, 24576, 323.45
2026/08/10 11:28:55.940, 0, 100, 22226, 24576, 315.04
2026/08/10 11:28:55.941, 1, 98, 22792, 24576, 306.69
2026/08/10 11:28:55.941, 2, 100, 23636, 24576, 321.82
2026/08/10 11:29:00.942, 0, 83, 23386, 24576, 308.00
2026/08/10 11:29:00.943, 1, 100, 22792, 24576, 309.50
2026/08/10 11:29:00.943, 2, 100, 23636, 24576, 305.91
2026/08/10 11:29:05.944, 0, 100, 23386, 24576, 326.45
2026/08/10 11:29:05.945, 1, 100, 22792, 24576, 324.95
2026/08/10 11:29:05.945, 2, 100, 23636, 24576, 326.28
2026/08/10 11:29:10.946, 0, 83, 23386, 24576, 338.01
2026/08/10 11:29:10.947, 1, 83, 20612, 24576, 316.17
2026/08/10 11:29:10.948, 2, 82, 23636, 24576, 322.26
2026/08/10 11:29:15.949, 0, 100, 23386, 24576, 330.58
2026/08/10 11:29:15.949, 1, 100, 20612, 24576, 320.01
2026/08/10 11:29:15.950, 2, 100, 23636, 24576, 218.62
2026/08/10 11:29:20.951, 0, 99, 13570, 24576, 338.92
2026/08/10 11:29:20.951, 1, 98, 13022, 24576, 293.61
2026/08/10 11:29:20.952, 2, 98, 23636, 24576, 317.93
2026/08/10 11:29:25.953, 0, 100, 13570, 24576, 178.65
2026/08/10 11:29:25.953, 1, 83, 13442, 24576, 317.24
2026/08/10 11:29:25.953, 2, 100, 23636, 24576, 174.95
2026/08/10 11:29:30.954, 0, 95, 21968, 24576, 321.78
2026/08/10 11:29:30.955, 1, 98, 21596, 24576, 315.97
2026/08/10 11:29:30.956, 2, 100, 23636, 24576, 336.83
2026/08/10 11:29:35.957, 0, 94, 21968, 24576, 306.83
2026/08/10 11:29:35.957, 1, 91, 21596, 24576, 312.81
2026/08/10 11:29:35.958, 2, 97, 23636, 24576, 327.13
2026/08/10 11:29:40.959, 0, 81, 21968, 24576, 285.27
2026/08/10 11:29:40.959, 1, 80, 21596, 24576, 298.69
2026/08/10 11:29:40.960, 2, 81, 23636, 24576, 293.74
2026/08/10 11:29:45.961, 0, 82, 21968, 24576, 339.20
2026/08/10 11:29:45.961, 1, 79, 21596, 24576, 314.86
2026/08/10 11:29:45.962, 2, 81, 23636, 24576, 324.56
2026/08/10 11:29:50.962, 0, 99, 14430, 24576, 301.52
2026/08/10 11:29:50.963, 1, 91, 13236, 24576, 285.01
2026/08/10 11:29:50.964, 2, 98, 23636, 24576, 320.16
2026/08/10 11:29:55.964, 0, 98, 14430, 24576, 336.86
2026/08/10 11:29:55.965, 1, 100, 13342, 24576, 306.48
2026/08/10 11:29:55.965, 2, 98, 23636, 24576, 322.75
2026/08/10 11:30:00.966, 0, 95, 22746, 24576, 307.00
2026/08/10 11:30:00.967, 1, 97, 23696, 24576, 320.71
2026/08/10 11:30:00.968, 2, 97, 23636, 24576, 308.80
2026/08/10 11:30:05.969, 0, 100, 22746, 24576, 327.19
2026/08/10 11:30:05.969, 1, 100, 23696, 24576, 325.83
2026/08/10 11:30:05.970, 2, 100, 23636, 24576, 326.25
2026/08/10 11:30:10.971, 0, 100, 22746, 24576, 326.94
2026/08/10 11:30:10.971, 1, 100, 23696, 24576, 306.26
2026/08/10 11:30:10.972, 2, 100, 23636, 24576, 305.60
2026/08/10 11:30:15.974, 0, 81, 22746, 24576, 339.14
2026/08/10 11:30:15.974, 1, 81, 23696, 24576, 320.89
2026/08/10 11:30:15.975, 2, 81, 23636, 24576, 247.52
2026/08/10 11:30:20.976, 0, 100, 24206, 24576, 339.43
2026/08/10 11:30:20.976, 1, 98, 24236, 24576, 316.03
2026/08/10 11:30:20.977, 2, 98, 23636, 24576, 335.26
2026/08/10 11:30:25.978, 0, 98, 13590, 24576, 341.89
2026/08/10 11:30:25.978, 1, 98, 12862, 24576, 316.94
2026/08/10 11:30:25.979, 2, 98, 23582, 24576, 325.24
2026/08/10 11:30:30.980, 0, 89, 23548, 24576, 319.66
2026/08/10 11:30:30.981, 1, 89, 20672, 24576, 302.22
2026/08/10 11:30:30.981, 2, 88, 23476, 24576, 326.86
2026/08/10 11:30:35.982, 0, 100, 23188, 24576, 324.75
2026/08/10 11:30:35.983, 1, 99, 20672, 24576, 304.63
2026/08/10 11:30:35.984, 2, 100, 23476, 24576, 327.58
2026/08/10 11:30:40.985, 0, 100, 23188, 24576, 302.72
2026/08/10 11:30:40.985, 1, 95, 20672, 24576, 291.79
2026/08/10 11:30:40.986, 2, 96, 23476, 24576, 313.41
2026/08/10 11:30:45.987, 0, 81, 23188, 24576, 336.75
2026/08/10 11:30:45.987, 1, 81, 20672, 24576, 335.47
2026/08/10 11:30:45.988, 2, 80, 23476, 24576, 335.22
2026/08/10 11:30:50.989, 0, 85, 23188, 24576, 341.49
2026/08/10 11:30:50.989, 1, 83, 20672, 24576, 321.39
2026/08/10 11:30:50.990, 2, 84, 23476, 24576, 330.92
2026/08/10 11:30:55.991, 0, 100, 23730, 24576, 337.65
2026/08/10 11:30:55.992, 1, 98, 13042, 24576, 309.90
2026/08/10 11:30:55.993, 2, 98, 23476, 24576, 307.77
2026/08/10 11:31:00.994, 0, 100, 22610, 24576, 338.05
2026/08/10 11:31:00.994, 1, 100, 13042, 24576, 242.28
2026/08/10 11:31:00.995, 2, 100, 23476, 24576, 173.97
2026/08/10 11:31:05.996, 0, 100, 23488, 24576, 333.71
2026/08/10 11:31:05.996, 1, 100, 20552, 24576, 310.70
2026/08/10 11:31:05.997, 2, 99, 21872, 24576, 311.20
2026/08/10 11:31:10.998, 0, 98, 23488, 24576, 325.92
2026/08/10 11:31:10.998, 1, 85, 20552, 24576, 307.23
2026/08/10 11:31:10.999, 2, 87, 21872, 24576, 291.11
2026/08/10 11:31:16.000, 0, 91, 21188, 24576, 323.74
2026/08/10 11:31:16.000, 1, 100, 20992, 24576, 315.74
2026/08/10 11:31:16.001, 2, 100, 21132, 24576, 293.87
2026/08/10 11:31:21.002, 0, 83, 23488, 24576, 338.95
2026/08/10 11:31:21.003, 1, 82, 20552, 24576, 328.36
2026/08/10 11:31:21.003, 2, 84, 21872, 24576, 335.86
2026/08/10 11:31:26.004, 0, 100, 23488, 24576, 340.22
2026/08/10 11:31:26.005, 1, 98, 21012, 24576, 319.91
2026/08/10 11:31:26.005, 2, 98, 21872, 24576, 338.28
2026/08/10 11:31:31.006, 0, 98, 23488, 24576, 331.16
2026/08/10 11:31:31.007, 1, 98, 13262, 24576, 310.54
2026/08/10 11:31:31.007, 2, 98, 13022, 24576, 332.94
2026/08/10 11:31:36.008, 0, 93, 22846, 24576, 307.74
2026/08/10 11:31:36.009, 1, 97, 23032, 24576, 308.49
2026/08/10 11:31:36.009, 2, 93, 22894, 24576, 316.28
2026/08/10 11:31:41.010, 0, 100, 22846, 24576, 322.67
2026/08/10 11:31:41.010, 1, 100, 23032, 24576, 317.71
2026/08/10 11:31:41.011, 2, 94, 22894, 24576, 315.30
2026/08/10 11:31:46.011, 0, 100, 22846, 24576, 326.74
2026/08/10 11:31:46.012, 1, 100, 23032, 24576, 323.14
2026/08/10 11:31:46.012, 2, 100, 22894, 24576, 330.48
2026/08/10 11:31:51.014, 0, 84, 22846, 24576, 337.61
2026/08/10 11:31:51.014, 1, 82, 23032, 24576, 319.36
2026/08/10 11:31:51.015, 2, 80, 22894, 24576, 337.94
2026/08/10 11:31:56.016, 0, 98, 21046, 24576, 332.86
2026/08/10 11:31:56.017, 1, 98, 23312, 24576, 310.91
2026/08/10 11:31:56.017, 2, 98, 23114, 24576, 335.63
2026/08/10 11:32:01.018, 0, 98, 14450, 24576, 302.36
2026/08/10 11:32:01.019, 1, 98, 16276, 24576, 289.07
2026/08/10 11:32:01.021, 2, 100, 14478, 24576, 295.35
2026/08/10 11:32:06.021, 0, 80, 22726, 24576, 304.40
2026/08/10 11:32:06.022, 1, 77, 20532, 24576, 305.34
2026/08/10 11:32:06.023, 2, 79, 21390, 24576, 297.84
2026/08/10 11:32:11.023, 0, 100, 22726, 24576, 326.37
2026/08/10 11:32:11.024, 1, 100, 20532, 24576, 302.88
2026/08/10 11:32:11.024, 2, 98, 21792, 24576, 305.13
2026/08/10 11:32:16.025, 0, 100, 22726, 24576, 331.17
2026/08/10 11:32:16.026, 1, 100, 20532, 24576, 305.61
2026/08/10 11:32:16.027, 2, 100, 21792, 24576, 322.81
2026/08/10 11:32:21.028, 0, 82, 22726, 24576, 337.26
2026/08/10 11:32:21.028, 1, 81, 20532, 24576, 316.83
2026/08/10 11:32:21.029, 2, 81, 21792, 24576, 337.12
2026/08/10 11:32:26.029, 0, 98, 22726, 24576, 341.31
2026/08/10 11:32:26.030, 1, 98, 20532, 24576, 327.13
2026/08/10 11:32:26.031, 2, 98, 21792, 24576, 325.39
2026/08/10 11:32:31.032, 0, 97, 13490, 24576, 338.84
2026/08/10 11:32:31.032, 1, 98, 13324, 24576, 326.06
2026/08/10 11:32:31.033, 2, 97, 13004, 24576, 323.15
2026/08/10 11:32:36.034, 0, 93, 21808, 24576, 312.55
2026/08/10 11:32:36.034, 1, 97, 23936, 24576, 318.88
2026/08/10 11:32:36.035, 2, 94, 23278, 24576, 334.32
2026/08/10 11:32:41.036, 0, 100, 23928, 24576, 329.50
2026/08/10 11:32:41.037, 1, 100, 23936, 24576, 319.72
2026/08/10 11:32:41.037, 2, 98, 23638, 24576, 330.49
2026/08/10 11:32:46.038, 0, 86, 23928, 24576, 332.66
2026/08/10 11:32:46.038, 1, 88, 23936, 24576, 321.06
2026/08/10 11:32:46.039, 2, 100, 23278, 24576, 326.72
2026/08/10 11:32:51.040, 0, 80, 21808, 24576, 337.85
2026/08/10 11:32:51.041, 1, 79, 23936, 24576, 321.15
2026/08/10 11:32:51.041, 2, 80, 23278, 24576, 333.24
2026/08/10 11:32:56.042, 0, 82, 21808, 24576, 340.16
2026/08/10 11:32:56.043, 1, 80, 23936, 24576, 318.94
2026/08/10 11:32:56.044, 2, 79, 23278, 24576, 325.32
2026/08/10 11:33:01.045, 0, 98, 22410, 24576, 338.36
2026/08/10 11:33:01.045, 1, 98, 13004, 24576, 308.58
2026/08/10 11:33:01.046, 2, 100, 24222, 24576, 334.35
2026/08/10 11:33:06.046, 0, 98, 14690, 24576, 304.41
2026/08/10 11:33:06.047, 1, 98, 13004, 24576, 303.55
2026/08/10 11:33:06.047, 2, 88, 14038, 24576, 281.83
2026/08/10 11:33:11.048, 0, 100, 23148, 24576, 304.67
2026/08/10 11:33:11.049, 1, 100, 23236, 24576, 319.33
2026/08/10 11:33:11.050, 2, 100, 22692, 24576, 309.42
2026/08/10 11:33:16.051, 0, 100, 23148, 24576, 319.36
2026/08/10 11:33:16.051, 1, 100, 23236, 24576, 326.90
2026/08/10 11:33:16.052, 2, 88, 22692, 24576, 324.89
2026/08/10 11:33:21.053, 0, 93, 23148, 24576, 298.29
2026/08/10 11:33:21.053, 1, 90, 23236, 24576, 307.29
2026/08/10 11:33:21.054, 2, 93, 22692, 24576, 295.68
2026/08/10 11:33:26.055, 0, 79, 23148, 24576, 341.14
2026/08/10 11:33:26.055, 1, 81, 23236, 24576, 310.24
2026/08/10 11:33:26.056, 2, 81, 22692, 24576, 331.17
2026/08/10 11:33:31.057, 0, 98, 23148, 24576, 343.82
2026/08/10 11:33:31.057, 1, 98, 23236, 24576, 313.24
2026/08/10 11:33:31.058, 2, 100, 22692, 24576, 329.65
2026/08/10 11:33:36.059, 0, 100, 13490, 24576, 339.98
2026/08/10 11:33:36.059, 1, 98, 23236, 24576, 308.64
2026/08/10 11:33:36.060, 2, 98, 22692, 24576, 318.55
2026/08/10 11:33:41.061, 0, 100, 21088, 24576, 296.20
2026/08/10 11:33:41.062, 1, 95, 23936, 24576, 313.61
2026/08/10 11:33:41.062, 2, 96, 20874, 24576, 317.87
2026/08/10 11:33:46.063, 0, 100, 23348, 24576, 320.14
2026/08/10 11:33:46.064, 1, 100, 21736, 24576, 316.45
2026/08/10 11:33:46.064, 2, 100, 22956, 24576, 332.34
2026/08/10 11:33:51.065, 0, 87, 23348, 24576, 309.20
2026/08/10 11:33:51.066, 1, 87, 21736, 24576, 305.93
2026/08/10 11:33:51.067, 2, 86, 22956, 24576, 308.20
2026/08/10 11:33:56.067, 0, 81, 23348, 24576, 338.11
2026/08/10 11:33:56.068, 1, 81, 23936, 24576, 332.95
2026/08/10 11:33:56.068, 2, 80, 22956, 24576, 335.56
2026/08/10 11:34:01.069, 0, 82, 23348, 24576, 340.76
2026/08/10 11:34:01.070, 1, 83, 23936, 24576, 320.18
2026/08/10 11:34:01.070, 2, 83, 22956, 24576, 338.21
2026/08/10 11:34:06.071, 0, 98, 23348, 24576, 340.06
2026/08/10 11:34:06.072, 1, 98, 13042, 24576, 331.67
2026/08/10 11:34:06.072, 2, 98, 14062, 24576, 338.45
2026/08/10 11:34:11.073, 0, 98, 23348, 24576, 333.02
2026/08/10 11:34:11.074, 1, 98, 13042, 24576, 308.04
2026/08/10 11:34:11.074, 2, 95, 14058, 24576, 312.68
2026/08/10 11:34:16.075, 0, 100, 24212, 24576, 339.78
2026/08/10 11:34:16.076, 1, 100, 23574, 24576, 330.16
2026/08/10 11:34:16.076, 2, 100, 23234, 24576, 321.02
2026/08/10 11:34:21.077, 0, 92, 24212, 24576, 333.89
2026/08/10 11:34:21.078, 1, 99, 23574, 24576, 332.35
2026/08/10 11:34:21.078, 2, 90, 23234, 24576, 311.38
2026/08/10 11:34:26.079, 0, 21, 24212, 24576, 292.51
2026/08/10 11:34:26.079, 1, 25, 21374, 24576, 267.48
2026/08/10 11:34:26.080, 2, 22, 23234, 24576, 269.25
2026/08/10 11:34:31.081, 0, 81, 24212, 24576, 338.41
2026/08/10 11:34:31.081, 1, 83, 21374, 24576, 316.87
2026/08/10 11:34:31.082, 2, 82, 23234, 24576, 337.36
2026/08/10 11:34:36.083, 0, 98, 24212, 24576, 334.84
2026/08/10 11:34:36.084, 1, 97, 23574, 24576, 324.41
2026/08/10 11:34:36.084, 2, 98, 23234, 24576, 336.20
2026/08/10 11:34:41.085, 0, 96, 15030, 24576, 313.78
2026/08/10 11:34:41.085, 1, 98, 12862, 24576, 308.12
2026/08/10 11:34:41.086, 2, 100, 23234, 24576, 306.83
2026/08/10 11:34:46.087, 0, 89, 20966, 24576, 316.30
2026/08/10 11:34:46.087, 1, 90, 21792, 24576, 307.88
2026/08/10 11:34:46.088, 2, 93, 21756, 24576, 323.18
2026/08/10 11:34:51.090, 0, 86, 20966, 24576, 310.89
2026/08/10 11:34:51.090, 1, 89, 21792, 24576, 310.16
2026/08/10 11:34:51.091, 2, 91, 21756, 24576, 321.35
2026/08/10 11:34:56.091, 0, 88, 20966, 24576, 307.38
2026/08/10 11:34:56.092, 1, 87, 21792, 24576, 308.89
2026/08/10 11:34:56.092, 2, 90, 21756, 24576, 325.20
2026/08/10 11:35:01.093, 0, 81, 22886, 24576, 337.48
2026/08/10 11:35:01.094, 1, 80, 21792, 24576, 323.73
2026/08/10 11:35:01.094, 2, 81, 23916, 24576, 322.03
2026/08/10 11:35:06.095, 0, 98, 22886, 24576, 303.01
2026/08/10 11:35:06.096, 1, 98, 21792, 24576, 259.34
2026/08/10 11:35:06.096, 2, 98, 23916, 24576, 321.77
2026/08/10 11:35:11.097, 0, 100, 13532, 24576, 336.39
2026/08/10 11:35:11.098, 1, 98, 12862, 24576, 312.55
2026/08/10 11:35:11.098, 2, 98, 13002, 24576, 294.00
2026/08/10 11:35:16.099, 0, 94, 23810, 24576, 253.11
2026/08/10 11:35:16.100, 1, 92, 22294, 24576, 255.18
2026/08/10 11:35:16.100, 2, 92, 23434, 24576, 308.20
2026/08/10 11:35:21.101, 0, 100, 24070, 24576, 324.64
2026/08/10 11:35:21.102, 1, 98, 22692, 24576, 300.44
2026/08/10 11:35:21.102, 2, 100, 23836, 24576, 326.04
2026/08/10 11:35:26.103, 0, 89, 24070, 24576, 330.60
2026/08/10 11:35:26.104, 1, 88, 20692, 24576, 303.88
2026/08/10 11:35:26.104, 2, 88, 21676, 24576, 312.04
2026/08/10 11:35:31.105, 0, 84, 24070, 24576, 316.02
2026/08/10 11:35:31.107, 1, 80, 20692, 24576, 334.05
2026/08/10 11:35:31.108, 2, 81, 21676, 24576, 334.86
2026/08/10 11:35:36.109, 0, 85, 24070, 24576, 338.60
2026/08/10 11:35:36.109, 1, 80, 20692, 24576, 318.57
2026/08/10 11:35:36.110, 2, 83, 21676, 24576, 323.05
2026/08/10 11:35:41.110, 0, 100, 23330, 24576, 337.93
2026/08/10 11:35:41.111, 1, 98, 21182, 24576, 337.74
2026/08/10 11:35:41.112, 2, 98, 21322, 24576, 340.32
2026/08/10 11:35:46.112, 0, 79, 14590, 24576, 298.20
2026/08/10 11:35:46.113, 1, 98, 22836, 24576, 325.88
2026/08/10 11:35:46.113, 2, 98, 23018, 24576, 337.46
2026/08/10 11:35:51.114, 0, 100, 20746, 24576, 304.03
2026/08/10 11:35:51.115, 1, 92, 22294, 24576, 317.64
2026/08/10 11:35:51.115, 2, 94, 20794, 24576, 312.01
2026/08/10 11:35:56.116, 0, 100, 20746, 24576, 302.39
2026/08/10 11:35:56.117, 1, 92, 22294, 24576, 316.68
2026/08/10 11:35:56.117, 2, 91, 20794, 24576, 312.37
2026/08/10 11:36:01.118, 0, 71, 22866, 24576, 264.70
2026/08/10 11:36:01.119, 1, 47, 22294, 24576, 285.20
2026/08/10 11:36:01.120, 2, 41, 22794, 24576, 280.48
2026/08/10 11:36:06.121, 0, 83, 22866, 24576, 338.25
2026/08/10 11:36:06.121, 1, 81, 22294, 24576, 317.97
2026/08/10 11:36:06.122, 2, 82, 22794, 24576, 337.41
2026/08/10 11:36:11.123, 0, 87, 13330, 24576, 297.01
2026/08/10 11:36:11.123, 1, 100, 19394, 24576, 294.12
2026/08/10 11:36:11.124, 2, 86, 14042, 24576, 290.52
2026/08/10 11:36:16.125, 0, 98, 13690, 24576, 339.49
2026/08/10 11:36:16.125, 1, 100, 13344, 24576, 320.89
2026/08/10 11:36:16.126, 2, 98, 13342, 24576, 317.60
2026/08/10 11:36:21.127, 0, 100, 22824, 24576, 277.94
2026/08/10 11:36:21.127, 1, 93, 23198, 24576, 303.17
2026/08/10 11:36:21.128, 2, 100, 23254, 24576, 286.80
2026/08/10 11:36:26.132, 0, 89, 22824, 24576, 307.58
2026/08/10 11:36:26.132, 1, 100, 23198, 24576, 328.78
2026/08/10 11:36:26.133, 2, 89, 23254, 24576, 314.37
2026/08/10 11:36:31.134, 0, 98, 22824, 24576, 300.89
2026/08/10 11:36:31.134, 1, 97, 23198, 24576, 311.74
2026/08/10 11:36:31.138, 2, 98, 23254, 24576, 315.40
2026/08/10 11:36:36.139, 0, 84, 22824, 24576, 338.40
2026/08/10 11:36:36.139, 1, 80, 23198, 24576, 318.68
2026/08/10 11:36:36.140, 2, 83, 23254, 24576, 334.54
2026/08/10 11:36:41.140, 0, 86, 22824, 24576, 342.85
2026/08/10 11:36:41.141, 1, 81, 23198, 24576, 314.67
2026/08/10 11:36:41.141, 2, 100, 23254, 24576, 280.11
2026/08/10 11:36:46.142, 0, 98, 14750, 24576, 303.06
2026/08/10 11:36:46.143, 1, 94, 14202, 24576, 276.89
2026/08/10 11:36:46.143, 2, 98, 14080, 24576, 338.28
2026/08/10 11:36:51.144, 0, 66, 14750, 24576, 264.43
2026/08/10 11:36:51.145, 1, 71, 14178, 24576, 285.95
2026/08/10 11:36:51.145, 2, 100, 12118, 24576, 176.58
2026/08/10 11:36:56.146, 0, 89, 22826, 24576, 324.59
2026/08/10 11:36:56.146, 1, 89, 22692, 24576, 329.90
2026/08/10 11:36:56.147, 2, 95, 21730, 24576, 330.59
2026/08/10 11:37:01.148, 0, 89, 22826, 24576, 326.47
2026/08/10 11:37:01.149, 1, 100, 22692, 24576, 327.55
2026/08/10 11:37:01.150, 2, 100, 21730, 24576, 324.66
2026/08/10 11:37:06.150, 0, 82, 22826, 24576, 335.98
2026/08/10 11:37:06.151, 1, 79, 22692, 24576, 327.10
2026/08/10 11:37:06.151, 2, 82, 21730, 24576, 334.68
2026/08/10 11:37:11.152, 0, 85, 22826, 24576, 341.94
2026/08/10 11:37:11.153, 1, 83, 22692, 24576, 320.22
2026/08/10 11:37:11.153, 2, 84, 21730, 24576, 337.82
2026/08/10 11:37:16.155, 0, 98, 13430, 24576, 339.03
2026/08/10 11:37:16.155, 1, 100, 14082, 24576, 329.39
2026/08/10 11:37:16.156, 2, 98, 13064, 24576, 330.05
2026/08/10 11:37:21.156, 0, 100, 13430, 24576, 251.79
2026/08/10 11:37:21.157, 1, 84, 14056, 24576, 314.48
2026/08/10 11:37:21.157, 2, 100, 13064, 24576, 334.19
2026/08/10 11:37:26.158, 0, 96, 21608, 24576, 301.47
2026/08/10 11:37:26.159, 1, 98, 23214, 24576, 316.23
2026/08/10 11:37:26.159, 2, 100, 23958, 24576, 334.80
2026/08/10 11:37:31.160, 0, 100, 23628, 24576, 324.61
2026/08/10 11:37:31.161, 1, 88, 23214, 24576, 315.75
2026/08/10 11:37:31.161, 2, 89, 23958, 24576, 329.08
2026/08/10 11:37:36.162, 0, 100, 23628, 24576, 327.95
2026/08/10 11:37:36.163, 1, 96, 23214, 24576, 313.51
2026/08/10 11:37:36.163, 2, 99, 23958, 24576, 338.51
2026/08/10 11:37:41.164, 0, 83, 21608, 24576, 339.05
2026/08/10 11:37:41.165, 1, 82, 23214, 24576, 325.39
2026/08/10 11:37:41.165, 2, 84, 23958, 24576, 322.09
2026/08/10 11:37:46.166, 0, 98, 21608, 24576, 329.42
2026/08/10 11:37:46.167, 1, 100, 23214, 24576, 311.15
2026/08/10 11:37:46.168, 2, 100, 23958, 24576, 314.77
2026/08/10 11:37:51.169, 0, 98, 20690, 24576, 339.44
2026/08/10 11:37:51.169, 1, 98, 23214, 24576, 306.18
2026/08/10 11:37:51.170, 2, 98, 14182, 24576, 295.23
2026/08/10 11:37:56.171, 0, 100, 14690, 24576, 178.62
2026/08/10 11:37:56.171, 1, 100, 23214, 24576, 205.52
2026/08/10 11:37:56.172, 2, 98, 14178, 24576, 287.12
2026/08/10 11:38:01.173, 0, 100, 23708, 24576, 303.79
2026/08/10 11:38:01.173, 1, 100, 23836, 24576, 320.65
2026/08/10 11:38:01.174, 2, 100, 23576, 24576, 329.02
2026/08/10 11:38:06.175, 0, 100, 23228, 24576, 315.27
2026/08/10 11:38:06.175, 1, 100, 21676, 24576, 317.02
2026/08/10 11:38:06.176, 2, 100, 23216, 24576, 327.08
2026/08/10 11:38:11.177, 0, 24, 23228, 24576, 275.04
2026/08/10 11:38:11.177, 1, 42, 23836, 24576, 280.21
2026/08/10 11:38:11.178, 2, 57, 23216, 24576, 283.78
2026/08/10 11:38:16.179, 0, 82, 23228, 24576, 340.23
2026/08/10 11:38:16.180, 1, 82, 23836, 24576, 322.36
2026/08/10 11:38:16.180, 2, 81, 23216, 24576, 325.11
2026/08/10 11:38:21.181, 0, 87, 14410, 24576, 296.07
2026/08/10 11:38:21.181, 1, 91, 16016, 24576, 300.36
2026/08/10 11:38:21.182, 2, 98, 23216, 24576, 325.10
2026/08/10 11:38:26.183, 0, 98, 14430, 24576, 342.14
2026/08/10 11:38:26.184, 1, 98, 14036, 24576, 296.46
2026/08/10 11:38:26.184, 2, 98, 23216, 24576, 317.53
2026/08/10 11:38:31.185, 0, 100, 22964, 24576, 310.66
2026/08/10 11:38:31.185, 1, 94, 20612, 24576, 321.94
2026/08/10 11:38:31.186, 2, 97, 21374, 24576, 324.70
2026/08/10 11:38:36.187, 0, 93, 22964, 24576, 312.40
2026/08/10 11:38:36.188, 1, 96, 20612, 24576, 315.88
2026/08/10 11:38:36.188, 2, 97, 21374, 24576, 309.99
2026/08/10 11:38:41.189, 0, 85, 22964, 24576, 283.90
2026/08/10 11:38:41.190, 1, 80, 22732, 24576, 284.33
2026/08/10 11:38:41.190, 2, 81, 23574, 24576, 281.03
2026/08/10 11:38:46.191, 0, 82, 22964, 24576, 340.40
2026/08/10 11:38:46.191, 1, 83, 22732, 24576, 318.13
2026/08/10 11:38:46.192, 2, 82, 23574, 24576, 323.87
2026/08/10 11:38:51.193, 0, 98, 16524, 24576, 320.21
2026/08/10 11:38:51.194, 1, 98, 23772, 24576, 335.69
2026/08/10 11:38:51.194, 2, 98, 23574, 24576, 329.09
2026/08/10 11:38:56.195, 0, 98, 13490, 24576, 340.18
2026/08/10 11:38:56.196, 1, 90, 12816, 24576, 288.38
2026/08/10 11:38:56.196, 2, 98, 13064, 24576, 325.57
2026/08/10 11:39:01.197, 0, 90, 21046, 24576, 303.76
2026/08/10 11:39:01.198, 1, 100, 21930, 24576, 324.24
2026/08/10 11:39:01.198, 2, 89, 21876, 24576, 320.24
2026/08/10 11:39:06.199, 0, 100, 20706, 24576, 302.73
2026/08/10 11:39:06.200, 1, 88, 21930, 24576, 336.51
2026/08/10 11:39:06.200, 2, 100, 21876, 24576, 328.60
2026/08/10 11:39:11.201, 0, 100, 20706, 24576, 305.87
2026/08/10 11:39:11.202, 1, 97, 21930, 24576, 334.33
2026/08/10 11:39:11.202, 2, 100, 21876, 24576, 318.23
2026/08/10 11:39:16.203, 0, 80, 20706, 24576, 339.09
2026/08/10 11:39:16.204, 1, 79, 21930, 24576, 333.84
2026/08/10 11:39:16.205, 2, 80, 21876, 24576, 320.09
2026/08/10 11:39:21.205, 0, 100, 20706, 24576, 295.44
2026/08/10 11:39:21.206, 1, 82, 21930, 24576, 328.71
2026/08/10 11:39:21.207, 2, 100, 21876, 24576, 234.88
2026/08/10 11:39:26.208, 0, 98, 20706, 24576, 341.23
2026/08/10 11:39:26.208, 1, 100, 13042, 24576, 315.10
2026/08/10 11:39:26.209, 2, 98, 16242, 24576, 291.62
2026/08/10 11:39:31.210, 0, 100, 21886, 24576, 321.97
2026/08/10 11:39:31.210, 1, 100, 21752, 24576, 312.79
2026/08/10 11:39:31.211, 2, 95, 22692, 24576, 321.49
2026/08/10 11:39:36.212, 0, 96, 20986, 24576, 305.97
2026/08/10 11:39:36.213, 1, 92, 20632, 24576, 304.61
2026/08/10 11:39:36.213, 2, 95, 22692, 24576, 298.21
2026/08/10 11:39:41.214, 0, 88, 20986, 24576, 308.91
2026/08/10 11:39:41.215, 1, 93, 20632, 24576, 309.46
2026/08/10 11:39:41.216, 2, 99, 22692, 24576, 318.43
2026/08/10 11:39:46.216, 0, 80, 20986, 24576, 337.07
2026/08/10 11:39:46.217, 1, 82, 20632, 24576, 315.79
2026/08/10 11:39:46.218, 2, 82, 22692, 24576, 335.67
2026/08/10 11:39:51.219, 0, 82, 20986, 24576, 340.28
2026/08/10 11:39:51.219, 1, 80, 20632, 24576, 314.71
2026/08/10 11:39:51.220, 2, 100, 22692, 24576, 228.74
2026/08/10 11:39:56.221, 0, 98, 18250, 24576, 337.60
2026/08/10 11:39:56.225, 1, 87, 14902, 24576, 287.02
2026/08/10 11:39:56.225, 2, 99, 12800, 24576, 337.71
2026/08/10 11:40:01.226, 0, 100, 14470, 24576, 178.01
2026/08/10 11:40:01.227, 1, 98, 13022, 24576, 307.40
2026/08/10 11:40:01.227, 2, 100, 12800, 24576, 173.84
2026/08/10 11:40:06.228, 0, 100, 22026, 24576, 311.83
2026/08/10 11:40:06.236, 1, 89, 23096, 24576, 317.22
2026/08/10 11:40:06.236, 2, 92, 21710, 24576, 315.93
2026/08/10 11:40:11.237, 0, 100, 21346, 24576, 305.55
2026/08/10 11:40:11.238, 1, 95, 23096, 24576, 316.60
2026/08/10 11:40:11.238, 2, 100, 21710, 24576, 322.25
2026/08/10 11:40:16.239, 0, 22, 21346, 24576, 250.35
2026/08/10 11:40:16.240, 1, 22, 23096, 24576, 289.22
2026/08/10 11:40:16.240, 2, 28, 19790, 24576, 244.78
2026/08/10 11:40:21.241, 0, 86, 21346, 24576, 339.84
2026/08/10 11:40:21.242, 1, 81, 23096, 24576, 320.33
2026/08/10 11:40:21.242, 2, 82, 19790, 24576, 337.47
2026/08/10 11:40:26.243, 0, 93, 18486, 24576, 323.61
2026/08/10 11:40:26.244, 1, 88, 13014, 24576, 279.86
2026/08/10 11:40:26.244, 2, 95, 13890, 24576, 311.44
2026/08/10 11:40:31.245, 0, 99, 13530, 24576, 338.34
2026/08/10 11:40:31.246, 1, 98, 13022, 24576, 311.91
2026/08/10 11:40:31.246, 2, 98, 13938, 24576, 312.27
2026/08/10 11:40:36.247, 0, 100, 23908, 24576, 335.12
2026/08/10 11:40:36.247, 1, 88, 22872, 24576, 317.14
2026/08/10 11:40:36.248, 2, 100, 21512, 24576, 310.36
2026/08/10 11:40:41.252, 0, 100, 23908, 24576, 336.80
2026/08/10 11:40:41.253, 1, 89, 22872, 24576, 317.54
2026/08/10 11:40:41.253, 2, 100, 21512, 24576, 310.60
2026/08/10 11:40:46.254, 0, 100, 23908, 24576, 334.87
2026/08/10 11:40:46.255, 1, 88, 22872, 24576, 320.03
2026/08/10 11:40:46.255, 2, 100, 21512, 24576, 308.25
2026/08/10 11:40:51.256, 0, 84, 23908, 24576, 337.65
2026/08/10 11:40:51.257, 1, 83, 22872, 24576, 324.77
2026/08/10 11:40:51.258, 2, 83, 20492, 24576, 328.32
2026/08/10 11:40:56.258, 0, 98, 23908, 24576, 327.83
2026/08/10 11:40:56.259, 1, 100, 22872, 24576, 314.41
2026/08/10 11:40:56.260, 2, 100, 20492, 24576, 246.54
2026/08/10 11:41:01.260, 0, 98, 13590, 24576, 340.55
2026/08/10 11:41:01.261, 1, 98, 22872, 24576, 306.95
2026/08/10 11:41:01.262, 2, 98, 13222, 24576, 336.32
2026/08/10 11:41:06.263, 0, 89, 23528, 24576, 313.46
2026/08/10 11:41:06.264, 1, 100, 23614, 24576, 320.57
2026/08/10 11:41:06.264, 2, 100, 23094, 24576, 318.91
2026/08/10 11:41:11.265, 0, 88, 23528, 24576, 331.03
2026/08/10 11:41:11.265, 1, 100, 23614, 24576, 313.20
2026/08/10 11:41:11.266, 2, 100, 23094, 24576, 312.43
2026/08/10 11:41:16.267, 0, 92, 23528, 24576, 328.25
2026/08/10 11:41:16.267, 1, 100, 23614, 24576, 296.44
2026/08/10 11:41:16.268, 2, 100, 23094, 24576, 310.53
2026/08/10 11:41:21.269, 0, 82, 23528, 24576, 336.88
2026/08/10 11:41:21.269, 1, 81, 23614, 24576, 316.40
2026/08/10 11:41:21.270, 2, 82, 23094, 24576, 336.98
2026/08/10 11:41:26.271, 0, 84, 23528, 24576, 340.42
2026/08/10 11:41:26.271, 1, 100, 23614, 24576, 241.34
2026/08/10 11:41:26.272, 2, 74, 23094, 24576, 325.41
2026/08/10 11:41:31.273, 0, 98, 13590, 24576, 338.16
2026/08/10 11:41:31.274, 1, 98, 12842, 24576, 316.93
2026/08/10 11:41:31.274, 2, 98, 13064, 24576, 329.01
2026/08/10 11:41:36.275, 0, 84, 13590, 24576, 333.34
2026/08/10 11:41:36.276, 1, 100, 12842, 24576, 189.50
2026/08/10 11:41:36.276, 2, 93, 13064, 24576, 318.28
2026/08/10 11:41:41.277, 0, 91, 23370, 24576, 322.18
2026/08/10 11:41:41.277, 1, 90, 20672, 24576, 298.53
2026/08/10 11:41:41.278, 2, 92, 23276, 24576, 322.04
2026/08/10 11:41:46.279, 0, 88, 23730, 24576, 330.40
2026/08/10 11:41:46.279, 1, 100, 22652, 24576, 331.30
2026/08/10 11:41:46.280, 2, 89, 23276, 24576, 334.52
2026/08/10 11:41:51.281, 0, 68, 23370, 24576, 284.14
2026/08/10 11:41:51.281, 1, 86, 20672, 24576, 287.63
2026/08/10 11:41:51.282, 2, 92, 23276, 24576, 282.95
2026/08/10 11:41:56.283, 0, 84, 23370, 24576, 336.43
2026/08/10 11:41:56.284, 1, 81, 20672, 24576, 308.34
2026/08/10 11:41:56.284, 2, 85, 23276, 24576, 323.97
2026/08/10 11:42:01.285, 0, 82, 14310, 24576, 300.72
2026/08/10 11:42:01.286, 1, 98, 20672, 24576, 322.17
2026/08/10 11:42:01.286, 2, 100, 22636, 24576, 318.60
2026/08/10 11:42:06.287, 0, 98, 13570, 24576, 337.43
2026/08/10 11:42:06.288, 1, 98, 20672, 24576, 307.37
2026/08/10 11:42:06.288, 2, 98, 13344, 24576, 305.49
2026/08/10 11:42:11.289, 0, 97, 24168, 24576, 317.32
2026/08/10 11:42:11.290, 1, 95, 22774, 24576, 311.16
2026/08/10 11:42:11.291, 2, 98, 24096, 24576, 321.89
2026/08/10 11:42:16.291, 0, 96, 24168, 24576, 324.06
2026/08/10 11:42:16.292, 1, 95, 22774, 24576, 314.51
2026/08/10 11:42:16.292, 2, 97, 24096, 24576, 331.10
2026/08/10 11:42:21.293, 0, 100, 24168, 24576, 333.20
2026/08/10 11:42:21.294, 1, 100, 22774, 24576, 323.92
2026/08/10 11:42:21.294, 2, 100, 24096, 24576, 328.64
2026/08/10 11:42:26.295, 0, 3, 21948, 24576, 130.65
2026/08/10 11:42:26.296, 1, 78, 20754, 24576, 261.43
2026/08/10 11:42:26.296, 2, 77, 24096, 24576, 251.75
2026/08/10 11:42:31.297, 0, 83, 21948, 24576, 343.11
2026/08/10 11:42:31.298, 1, 83, 20754, 24576, 335.87
2026/08/10 11:42:31.299, 2, 83, 24096, 24576, 338.48
2026/08/10 11:42:36.300, 0, 98, 21948, 24576, 344.67
2026/08/10 11:42:36.300, 1, 97, 20754, 24576, 322.66
2026/08/10 11:42:36.301, 2, 98, 24096, 24576, 320.22
2026/08/10 11:42:41.302, 0, 98, 21948, 24576, 336.26
2026/08/10 11:42:41.302, 1, 98, 20754, 24576, 324.88
2026/08/10 11:42:41.303, 2, 98, 13442, 24576, 335.80
2026/08/10 11:42:46.304, 0, 100, 21408, 24576, 319.83
2026/08/10 11:42:46.304, 1, 97, 21294, 24576, 312.55
2026/08/10 11:42:46.305, 2, 99, 21074, 24576, 319.61
2026/08/10 11:42:51.306, 0, 100, 24228, 24576, 333.55
2026/08/10 11:42:51.307, 1, 100, 21992, 24576, 315.38
2026/08/10 11:42:51.307, 2, 100, 23096, 24576, 330.26
2026/08/10 11:42:56.309, 0, 99, 24228, 24576, 307.54
2026/08/10 11:42:56.310, 1, 93, 19652, 24576, 296.59
2026/08/10 11:42:56.310, 2, 95, 23096, 24576, 314.11
2026/08/10 11:43:01.311, 0, 83, 22008, 24576, 335.51
2026/08/10 11:43:01.312, 1, 79, 21992, 24576, 332.22
2026/08/10 11:43:01.312, 2, 81, 23096, 24576, 335.13
2026/08/10 11:43:06.313, 0, 85, 22008, 24576, 339.20
2026/08/10 11:43:06.314, 1, 84, 21992, 24576, 334.94
2026/08/10 11:43:06.314, 2, 83, 23096, 24576, 337.66
2026/08/10 11:43:11.315, 0, 100, 22008, 24576, 335.80
2026/08/10 11:43:11.316, 1, 98, 12802, 24576, 328.37
2026/08/10 11:43:11.317, 2, 98, 12800, 24576, 340.33
2026/08/10 11:43:16.317, 0, 98, 22008, 24576, 336.88
2026/08/10 11:43:16.318, 1, 97, 12802, 24576, 311.55
2026/08/10 11:43:16.319, 2, 100, 12802, 24576, 265.82
2026/08/10 11:43:21.320, 0, 100, 23250, 24576, 327.46
2026/08/10 11:43:21.321, 1, 92, 20254, 24576, 306.33
2026/08/10 11:43:21.321, 2, 96, 20270, 24576, 293.01
2026/08/10 11:43:26.322, 0, 86, 23610, 24576, 335.14
2026/08/10 11:43:26.323, 1, 82, 21894, 24576, 328.43
2026/08/10 11:43:26.323, 2, 88, 21270, 24576, 310.43
2026/08/10 11:43:31.324, 0, 100, 23250, 24576, 321.71
2026/08/10 11:43:31.324, 1, 94, 20934, 24576, 308.41
2026/08/10 11:43:31.325, 2, 100, 20950, 24576, 292.06
2026/08/10 11:43:36.326, 0, 82, 23250, 24576, 339.12
2026/08/10 11:43:36.327, 1, 83, 20934, 24576, 312.75
2026/08/10 11:43:36.328, 2, 82, 20950, 24576, 328.30
2026/08/10 11:43:41.329, 0, 98, 23510, 24576, 337.35
2026/08/10 11:43:41.330, 1, 98, 22534, 24576, 335.20
2026/08/10 11:43:41.330, 2, 98, 20950, 24576, 340.21
2026/08/10 11:43:46.331, 0, 96, 14450, 24576, 296.46
2026/08/10 11:43:46.332, 1, 91, 14556, 24576, 278.96
2026/08/10 11:43:46.332, 2, 98, 20950, 24576, 328.47
2026/08/10 11:43:51.333, 0, 88, 20806, 24576, 322.81
2026/08/10 11:43:51.334, 1, 100, 21192, 24576, 316.40
2026/08/10 11:43:51.334, 2, 100, 21272, 24576, 320.49
2026/08/10 11:43:56.335, 0, 98, 23186, 24576, 307.95
2026/08/10 11:43:56.336, 1, 93, 21952, 24576, 301.18
2026/08/10 11:43:56.336, 2, 95, 20892, 24576, 306.98
2026/08/10 11:44:01.337, 0, 93, 23186, 24576, 308.41
2026/08/10 11:44:01.338, 1, 88, 21952, 24576, 303.89
2026/08/10 11:44:01.338, 2, 91, 20892, 24576, 306.36
2026/08/10 11:44:06.339, 0, 82, 23186, 24576, 337.79
2026/08/10 11:44:06.340, 1, 82, 21952, 24576, 314.14
2026/08/10 11:44:06.340, 2, 78, 20892, 24576, 338.03
2026/08/10 11:44:11.341, 0, 98, 23186, 24576, 318.99
2026/08/10 11:44:11.342, 1, 100, 21952, 24576, 310.82
2026/08/10 11:44:11.342, 2, 98, 20892, 24576, 307.02
2026/08/10 11:44:16.343, 0, 98, 23186, 24576, 331.65
2026/08/10 11:44:16.344, 1, 100, 21952, 24576, 302.37
2026/08/10 11:44:16.345, 2, 98, 23462, 24576, 336.25
2026/08/10 11:44:21.346, 0, 100, 23086, 24576, 324.35
2026/08/10 11:44:21.346, 1, 91, 21636, 24576, 308.21
2026/08/10 11:44:21.347, 2, 95, 23094, 24576, 318.66
2026/08/10 11:44:26.348, 0, 95, 23086, 24576, 298.20
2026/08/10 11:44:26.348, 1, 100, 21016, 24576, 309.11
2026/08/10 11:44:26.349, 2, 88, 23094, 24576, 293.83
2026/08/10 11:44:31.350, 0, 100, 21386, 24576, 301.33
2026/08/10 11:44:31.351, 1, 89, 23696, 24576, 315.36
2026/08/10 11:44:31.351, 2, 88, 21314, 24576, 300.96
2026/08/10 11:44:36.352, 0, 81, 23086, 24576, 335.17
2026/08/10 11:44:36.353, 1, 78, 21636, 24576, 310.97
2026/08/10 11:44:36.353, 2, 79, 23094, 24576, 334.95
2026/08/10 11:44:41.354, 0, 84, 23086, 24576, 339.05
2026/08/10 11:44:41.355, 1, 81, 21636, 24576, 313.14
2026/08/10 11:44:41.356, 2, 82, 23094, 24576, 327.52
2026/08/10 11:44:46.357, 0, 98, 13530, 24576, 336.28
2026/08/10 11:44:46.357, 1, 100, 13064, 24576, 295.80
2026/08/10 11:44:46.358, 2, 98, 12902, 24576, 338.06
2026/08/10 11:44:51.359, 0, 100, 13530, 24576, 182.48
2026/08/10 11:44:51.359, 1, 98, 13064, 24576, 294.57
2026/08/10 11:44:51.360, 2, 100, 13262, 24576, 226.31
2026/08/10 11:44:56.360, 0, 100, 21166, 24576, 302.64
2026/08/10 11:44:56.361, 1, 88, 21956, 24576, 305.06
2026/08/10 11:44:56.362, 2, 88, 23114, 24576, 323.07
2026/08/10 11:45:01.363, 0, 88, 20806, 24576, 294.36
2026/08/10 11:45:01.363, 1, 100, 21956, 24576, 314.75
2026/08/10 11:45:01.364, 2, 100, 23114, 24576, 318.74
2026/08/10 11:45:06.365, 0, 97, 20806, 24576, 304.91
2026/08/10 11:45:06.365, 1, 89, 21956, 24576, 311.09
2026/08/10 11:45:06.366, 2, 100, 23114, 24576, 325.36
2026/08/10 11:45:11.368, 0, 83, 20806, 24576, 336.71
2026/08/10 11:45:11.369, 1, 79, 21956, 24576, 316.33
2026/08/10 11:45:11.369, 2, 82, 23114, 24576, 332.45
2026/08/10 11:45:16.370, 0, 98, 20806, 24576, 311.44
2026/08/10 11:45:16.371, 1, 100, 21956, 24576, 310.82
2026/08/10 11:45:16.371, 2, 100, 23114, 24576, 315.23
2026/08/10 11:45:21.372, 0, 98, 13450, 24576, 338.84
2026/08/10 11:45:21.373, 1, 98, 21956, 24576, 313.66
2026/08/10 11:45:21.375, 2, 98, 24202, 24576, 320.70
2026/08/10 11:45:26.375, 0, 88, 23668, 24576, 334.60
2026/08/10 11:45:26.376, 1, 86, 23614, 24576, 319.96
2026/08/10 11:45:26.376, 2, 100, 22972, 24576, 321.22
2026/08/10 11:45:31.377, 0, 89, 23668, 24576, 336.54
2026/08/10 11:45:31.378, 1, 88, 23614, 24576, 315.31
2026/08/10 11:45:31.378, 2, 88, 22972, 24576, 321.68
2026/08/10 11:45:36.379, 0, 86, 23668, 24576, 333.34
2026/08/10 11:45:36.380, 1, 88, 23614, 24576, 321.54
2026/08/10 11:45:36.381, 2, 88, 22972, 24576, 314.10
2026/08/10 11:45:41.381, 0, 83, 21608, 24576, 338.60
2026/08/10 11:45:41.382, 1, 80, 21394, 24576, 304.69
2026/08/10 11:45:41.382, 2, 81, 22972, 24576, 336.99
2026/08/10 11:45:46.384, 0, 99, 21608, 24576, 251.45
2026/08/10 11:45:46.384, 1, 98, 21394, 24576, 263.82
2026/08/10 11:45:46.385, 2, 100, 22972, 24576, 322.52
2026/08/10 11:45:51.386, 0, 99, 13290, 24576, 339.83
2026/08/10 11:45:51.387, 1, 98, 19358, 24576, 324.93
2026/08/10 11:45:51.387, 2, 98, 13042, 24576, 320.92
2026/08/10 11:45:56.388, 0, 85, 20184, 24576, 294.19
2026/08/10 11:45:56.389, 1, 92, 22112, 24576, 301.74
2026/08/10 11:45:56.390, 2, 91, 21454, 24576, 314.37
2026/08/10 11:46:01.391, 0, 86, 20184, 24576, 292.98
2026/08/10 11:46:01.391, 1, 92, 22112, 24576, 296.94
2026/08/10 11:46:01.392, 2, 93, 21454, 24576, 309.77
2026/08/10 11:46:06.393, 0, 86, 20184, 24576, 292.68
2026/08/10 11:46:06.393, 1, 90, 22112, 24576, 305.15
2026/08/10 11:46:06.394, 2, 90, 21454, 24576, 313.36
2026/08/10 11:46:11.395, 0, 82, 20184, 24576, 337.15
2026/08/10 11:46:11.395, 1, 83, 22112, 24576, 316.69
2026/08/10 11:46:11.396, 2, 80, 21454, 24576, 335.51
2026/08/10 11:46:16.397, 0, 84, 20184, 24576, 340.93
2026/08/10 11:46:16.398, 1, 82, 22112, 24576, 314.46
2026/08/10 11:46:16.398, 2, 100, 21454, 24576, 265.07
2026/08/10 11:46:21.399, 0, 98, 13450, 24576, 301.73
2026/08/10 11:46:21.400, 1, 98, 13282, 24576, 312.85
2026/08/10 11:46:21.400, 2, 98, 13060, 24576, 334.81
2026/08/10 11:46:26.401, 0, 90, 24108, 24576, 327.23
2026/08/10 11:46:26.402, 1, 100, 23554, 24576, 305.64
2026/08/10 11:46:26.403, 2, 100, 21708, 24576, 304.08
2026/08/10 11:46:31.403, 0, 98, 21888, 24576, 327.26
2026/08/10 11:46:31.404, 1, 100, 23554, 24576, 319.15
2026/08/10 11:46:31.404, 2, 100, 21708, 24576, 318.30
2026/08/10 11:46:36.405, 0, 88, 21888, 24576, 329.83
2026/08/10 11:46:36.406, 1, 100, 23554, 24576, 315.06
2026/08/10 11:46:36.406, 2, 100, 21708, 24576, 303.92
2026/08/10 11:46:41.407, 0, 83, 21888, 24576, 337.21
2026/08/10 11:46:41.408, 1, 79, 23554, 24576, 318.57
2026/08/10 11:46:41.409, 2, 82, 21708, 24576, 335.24
2026/08/10 11:46:46.409, 0, 98, 21888, 24576, 243.24
2026/08/10 11:46:46.410, 1, 98, 23554, 24576, 304.43
2026/08/10 11:46:46.410, 2, 98, 21708, 24576, 328.61
2026/08/10 11:46:51.411, 0, 100, 19430, 24576, 330.60
2026/08/10 11:46:51.412, 1, 98, 21182, 24576, 312.04
2026/08/10 11:46:51.413, 2, 98, 20162, 24576, 338.19
2026/08/10 11:46:56.414, 0, 86, 22064, 24576, 312.77
2026/08/10 11:46:56.415, 1, 98, 21470, 24576, 311.55
2026/08/10 11:46:56.417, 2, 80, 23614, 24576, 313.16
2026/08/10 11:47:01.418, 0, 78, 22064, 24576, 313.34
2026/08/10 11:47:01.419, 1, 76, 21472, 24576, 312.16
2026/08/10 11:47:01.419, 2, 77, 22874, 24576, 319.34
2026/08/10 11:47:06.420, 0, 100, 22064, 24576, 311.38
2026/08/10 11:47:06.421, 1, 89, 20452, 24576, 308.80
2026/08/10 11:47:06.422, 2, 100, 22874, 24576, 323.86
2026/08/10 11:47:11.423, 0, 74, 22064, 24576, 330.11
2026/08/10 11:47:11.423, 1, 65, 20452, 24576, 325.04
2026/08/10 11:47:11.424, 2, 71, 22874, 24576, 313.51
2026/08/10 11:47:16.425, 0, 73, 22064, 24576, 336.26
2026/08/10 11:47:16.426, 1, 70, 20452, 24576, 333.00
2026/08/10 11:47:16.426, 2, 72, 22874, 24576, 328.79
2026/08/10 11:47:21.428, 0, 98, 22064, 24576, 340.64
2026/08/10 11:47:21.428, 1, 97, 21692, 24576, 325.98
2026/08/10 11:47:21.429, 2, 96, 22874, 24576, 339.52
2026/08/10 11:47:26.430, 0, 91, 14410, 24576, 299.16
2026/08/10 11:47:26.431, 1, 100, 23522, 24576, 299.77
2026/08/10 11:47:26.432, 2, 97, 23698, 24576, 337.82
2026/08/10 11:47:31.433, 0, 89, 21802, 24576, 306.79
2026/08/10 11:47:31.436, 1, 94, 23534, 24576, 313.59
2026/08/10 11:47:31.437, 2, 100, 22412, 24576, 333.67
2026/08/10 11:47:36.438, 0, 100, 19862, 24576, 278.31
2026/08/10 11:47:36.439, 1, 91, 20214, 24576, 301.12
2026/08/10 11:47:36.440, 2, 93, 22412, 24576, 296.44
2026/08/10 11:47:41.442, 0, 78, 21802, 24576, 299.20
2026/08/10 11:47:41.444, 1, 86, 23534, 24576, 308.03
2026/08/10 11:47:41.444, 2, 80, 20472, 24576, 292.40
2026/08/10 11:47:46.445, 0, 73, 21802, 24576, 326.44
2026/08/10 11:47:46.448, 1, 72, 23534, 24576, 328.43
2026/08/10 11:47:46.448, 2, 0, 22412, 24576, 221.41
2026/08/10 11:47:51.450, 0, 74, 21802, 24576, 337.68
2026/08/10 11:47:51.450, 1, 72, 23534, 24576, 306.34
2026/08/10 11:47:51.451, 2, 74, 22412, 24576, 323.02
2026/08/10 11:47:56.452, 0, 100, 21802, 24576, 219.22
2026/08/10 11:47:56.452, 1, 96, 24254, 24576, 325.50
2026/08/10 11:47:56.453, 2, 100, 19252, 24576, 327.59
2026/08/10 11:48:01.454, 0, 100, 13490, 24576, 339.73
2026/08/10 11:48:01.455, 1, 97, 13262, 24576, 309.39
2026/08/10 11:48:01.455, 2, 98, 13042, 24576, 341.73
2026/08/10 11:48:06.457, 0, 87, 21046, 24576, 315.40
2026/08/10 11:48:06.457, 1, 100, 22912, 24576, 329.30
2026/08/10 11:48:06.458, 2, 90, 20854, 24576, 321.90
2026/08/10 11:48:11.459, 0, 100, 21046, 24576, 322.88
2026/08/10 11:48:11.476, 1, 100, 22912, 24576, 322.33
2026/08/10 11:48:11.476, 2, 100, 20854, 24576, 324.18
2026/08/10 11:48:16.478, 0, 54, 21046, 24576, 299.93
2026/08/10 11:48:16.479, 1, 100, 22912, 24576, 294.47
2026/08/10 11:48:16.479, 2, 100, 20854, 24576, 316.34
2026/08/10 11:48:21.481, 0, 75, 21046, 24576, 336.74
2026/08/10 11:48:21.482, 1, 71, 22912, 24576, 316.09
2026/08/10 11:48:21.482, 2, 73, 20854, 24576, 325.70
2026/08/10 11:48:26.488, 0, 82, 21046, 24576, 318.77
2026/08/10 11:48:26.488, 1, 96, 22912, 24576, 282.64
2026/08/10 11:48:26.489, 2, 96, 20854, 24576, 263.81
2026/08/10 11:48:31.490, 0, 100, 13570, 24576, 339.85
2026/08/10 11:48:31.490, 1, 97, 16242, 24576, 287.33
2026/08/10 11:48:31.491, 2, 97, 19522, 24576, 333.46
2026/08/10 11:48:36.493, 0, 100, 23732, 24576, 289.37
2026/08/10 11:48:36.494, 1, 92, 23056, 24576, 301.86
2026/08/10 11:48:36.494, 2, 93, 20678, 24576, 251.65
2026/08/10 11:48:41.499, 0, 100, 24148, 24576, 328.24
2026/08/10 11:48:41.500, 1, 75, 23112, 24576, 297.71
2026/08/10 11:48:41.500, 2, 90, 20732, 24576, 288.47
2026/08/10 11:48:46.501, 0, 94, 24148, 24576, 311.54
2026/08/10 11:48:46.502, 1, 95, 20012, 24576, 314.69
2026/08/10 11:48:46.503, 2, 83, 20392, 24576, 297.11
2026/08/10 11:48:51.504, 0, 73, 21928, 24576, 330.02
2026/08/10 11:48:51.505, 1, 68, 23112, 24576, 325.17
2026/08/10 11:48:51.505, 2, 71, 22772, 24576, 315.17
2026/08/10 11:48:56.507, 0, 74, 21928, 24576, 331.57
2026/08/10 11:48:56.507, 1, 76, 23112, 24576, 305.51
2026/08/10 11:48:56.509, 2, 69, 22772, 24576, 332.31
2026/08/10 11:49:01.510, 0, 97, 24148, 24576, 337.75
2026/08/10 11:49:01.511, 1, 97, 23652, 24576, 320.52
2026/08/10 11:49:01.511, 2, 97, 23072, 24576, 338.14
2026/08/10 11:49:06.513, 0, 98, 13430, 24576, 336.71
2026/08/10 11:49:06.514, 1, 100, 13042, 24576, 286.17
2026/08/10 11:49:06.514, 2, 97, 13322, 24576, 326.90
2026/08/10 11:49:11.515, 0, 100, 22726, 24576, 323.83
2026/08/10 11:49:11.515, 1, 97, 22912, 24576, 317.50
2026/08/10 11:49:11.516, 2, 98, 23514, 24576, 318.61
2026/08/10 11:49:16.517, 0, 100, 24186, 24576, 319.32
2026/08/10 11:49:16.518, 1, 100, 23652, 24576, 316.42
2026/08/10 11:49:16.519, 2, 100, 23514, 24576, 317.02
2026/08/10 11:49:21.521, 0, 96, 22026, 24576, 319.23
2026/08/10 11:49:21.522, 1, 86, 22712, 24576, 313.39
2026/08/10 11:49:21.522, 2, 97, 23514, 24576, 312.78
2026/08/10 11:49:26.524, 0, 72, 20686, 24576, 333.10
2026/08/10 11:49:26.525, 1, 69, 20672, 24576, 311.28
2026/08/10 11:49:26.525, 2, 73, 23514, 24576, 335.13
2026/08/10 11:49:31.526, 0, 64, 20686, 24576, 310.06
2026/08/10 11:49:31.527, 1, 76, 20672, 24576, 311.30
2026/08/10 11:49:31.528, 2, 65, 23514, 24576, 321.86
2026/08/10 11:49:36.528, 0, 98, 20686, 24576, 336.86
2026/08/10 11:49:36.529, 1, 97, 23202, 24576, 308.07
2026/08/10 11:49:36.529, 2, 97, 13064, 24576, 328.36
2026/08/10 11:49:41.530, 0, 100, 20686, 24576, 180.14
2026/08/10 11:49:41.531, 1, 97, 21358, 24576, 313.14
2026/08/10 11:49:41.532, 2, 97, 13064, 24576, 317.07
2026/08/10 11:49:46.533, 0, 94, 22766, 24576, 288.03
2026/08/10 11:49:46.533, 1, 84, 22896, 24576, 307.91
2026/08/10 11:49:46.534, 2, 90, 23438, 24576, 307.52
2026/08/10 11:49:51.535, 0, 100, 23506, 24576, 307.86
2026/08/10 11:49:51.535, 1, 100, 22956, 24576, 316.19
2026/08/10 11:49:51.536, 2, 100, 23438, 24576, 326.78
2026/08/10 11:49:56.538, 0, 78, 23506, 24576, 310.14
2026/08/10 11:49:56.540, 1, 79, 22956, 24576, 309.81
2026/08/10 11:49:56.541, 2, 83, 23818, 24576, 330.26
2026/08/10 11:50:01.542, 0, 70, 23506, 24576, 329.65
2026/08/10 11:50:01.543, 1, 73, 22956, 24576, 313.92
2026/08/10 11:50:01.543, 2, 73, 23438, 24576, 330.23
2026/08/10 11:50:06.544, 0, 72, 23506, 24576, 338.52
2026/08/10 11:50:06.545, 1, 72, 22956, 24576, 306.11
2026/08/10 11:50:06.545, 2, 75, 23438, 24576, 336.01
2026/08/10 11:50:11.547, 0, 98, 13570, 24576, 324.48
2026/08/10 11:50:11.547, 1, 98, 22956, 24576, 305.37
2026/08/10 11:50:11.548, 2, 98, 17724, 24576, 293.63
2026/08/10 11:50:16.549, 0, 98, 13570, 24576, 331.31
2026/08/10 11:50:16.550, 1, 94, 22956, 24576, 302.87
2026/08/10 11:50:16.550, 2, 98, 15878, 24576, 292.85
2026/08/10 11:50:21.551, 0, 94, 24028, 24576, 337.13
2026/08/10 11:50:21.552, 1, 100, 21694, 24576, 324.20
2026/08/10 11:50:21.552, 2, 100, 23356, 24576, 331.45
2026/08/10 11:50:26.553, 0, 92, 24028, 24576, 321.73
2026/08/10 11:50:26.553, 1, 78, 21694, 24576, 298.44
2026/08/10 11:50:26.554, 2, 84, 23356, 24576, 314.17
2026/08/10 11:50:31.555, 0, 82, 21808, 24576, 307.18
2026/08/10 11:50:31.556, 1, 82, 21694, 24576, 315.91
2026/08/10 11:50:31.556, 2, 83, 23356, 24576, 322.70
2026/08/10 11:50:36.557, 0, 76, 21808, 24576, 332.17
2026/08/10 11:50:36.558, 1, 74, 21694, 24576, 321.17
2026/08/10 11:50:36.558, 2, 73, 23356, 24576, 335.14
2026/08/10 11:50:41.560, 0, 84, 21808, 24576, 340.98
2026/08/10 11:50:41.561, 1, 83, 21694, 24576, 308.34
2026/08/10 11:50:41.561, 2, 83, 23356, 24576, 326.83
2026/08/10 11:50:46.562, 0, 100, 14410, 24576, 335.90
2026/08/10 11:50:46.563, 1, 100, 13044, 24576, 325.13
2026/08/10 11:50:46.563, 2, 97, 22722, 24576, 337.18
2026/08/10 11:50:51.564, 0, 100, 14410, 24576, 267.70
2026/08/10 11:50:51.564, 1, 98, 13044, 24576, 305.81
2026/08/10 11:50:51.565, 2, 94, 14620, 24576, 304.76
2026/08/10 11:50:56.566, 0, 95, 20746, 24576, 296.07
2026/08/10 11:50:56.566, 1, 100, 24096, 24576, 324.05
2026/08/10 11:50:56.567, 2, 96, 21752, 24576, 286.35
2026/08/10 11:51:01.568, 0, 89, 20746, 24576, 298.47
2026/08/10 11:51:01.568, 1, 100, 24096, 24576, 331.54
2026/08/10 11:51:01.569, 2, 90, 21752, 24576, 303.17
2026/08/10 11:51:06.570, 0, 26, 22746, 24576, 264.88
2026/08/10 11:51:06.570, 1, 27, 21896, 24576, 280.75
2026/08/10 11:51:06.571, 2, 24, 21752, 24576, 267.45
2026/08/10 11:51:11.572, 0, 84, 22746, 24576, 339.14
2026/08/10 11:51:11.573, 1, 84, 21896, 24576, 318.04
2026/08/10 11:51:11.573, 2, 83, 21752, 24576, 338.42
2026/08/10 11:51:16.574, 0, 98, 24106, 24576, 336.24
2026/08/10 11:51:16.575, 1, 92, 17476, 24576, 289.33
2026/08/10 11:51:16.576, 2, 98, 21752, 24576, 337.61
2026/08/10 11:51:21.577, 0, 100, 13450, 24576, 339.01
2026/08/10 11:51:21.577, 1, 100, 14878, 24576, 277.16
2026/08/10 11:51:21.578, 2, 98, 21752, 24576, 318.52
2026/08/10 11:51:26.579, 0, 100, 23510, 24576, 333.93
2026/08/10 11:51:26.579, 1, 100, 23314, 24576, 323.97
2026/08/10 11:51:26.580, 2, 100, 20450, 24576, 315.25
2026/08/10 11:51:31.581, 0, 91, 23510, 24576, 313.87
2026/08/10 11:51:31.582, 1, 79, 23314, 24576, 303.92
2026/08/10 11:51:31.582, 2, 85, 20450, 24576, 289.56
2026/08/10 11:51:36.583, 0, 89, 22590, 24576, 334.23
2026/08/10 11:51:36.584, 1, 100, 22534, 24576, 307.80
2026/08/10 11:51:36.584, 2, 100, 22510, 24576, 293.03
2026/08/10 11:51:41.586, 0, 82, 23510, 24576, 335.93
2026/08/10 11:51:41.586, 1, 27, 23314, 24576, 249.68
2026/08/10 11:51:41.587, 2, 81, 20450, 24576, 329.08
2026/08/10 11:51:46.588, 0, 83, 23510, 24576, 339.70
2026/08/10 11:51:46.588, 1, 77, 23314, 24576, 307.57
2026/08/10 11:51:46.589, 2, 83, 20450, 24576, 324.84
2026/08/10 11:51:51.589, 0, 98, 14690, 24576, 303.58
2026/08/10 11:51:51.590, 1, 98, 23314, 24576, 308.44
2026/08/10 11:51:51.590, 2, 100, 20450, 24576, 338.44
2026/08/10 11:51:56.591, 0, 100, 14690, 24576, 192.51
2026/08/10 11:51:56.592, 1, 98, 23314, 24576, 305.64
2026/08/10 11:51:56.593, 2, 100, 20450, 24576, 172.30
2026/08/10 11:52:01.593, 0, 89, 23128, 24576, 328.86
2026/08/10 11:52:01.594, 1, 88, 21796, 24576, 309.65
2026/08/10 11:52:01.594, 2, 89, 23434, 24576, 327.60
2026/08/10 11:52:06.596, 0, 88, 22388, 24576, 327.45
2026/08/10 11:52:06.598, 1, 100, 21796, 24576, 308.04
2026/08/10 11:52:06.598, 2, 100, 23434, 24576, 329.71
2026/08/10 11:52:11.599, 0, 79, 22388, 24576, 286.63
2026/08/10 11:52:11.600, 1, 54, 23996, 24576, 281.89
2026/08/10 11:52:11.601, 2, 24, 23434, 24576, 272.99
2026/08/10 11:52:16.601, 0, 83, 22388, 24576, 337.90
2026/08/10 11:52:16.602, 1, 81, 23996, 24576, 312.50
2026/08/10 11:52:16.602, 2, 80, 23434, 24576, 329.36
2026/08/10 11:52:21.603, 0, 100, 24228, 24576, 339.48
2026/08/10 11:52:21.604, 1, 98, 23996, 24576, 311.25
2026/08/10 11:52:21.604, 2, 98, 23434, 24576, 337.77
2026/08/10 11:52:26.605, 0, 98, 14390, 24576, 303.54
2026/08/10 11:52:26.606, 1, 98, 21582, 24576, 313.22
2026/08/10 11:52:26.606, 2, 100, 23434, 24576, 322.94
2026/08/10 11:52:31.607, 0, 88, 23264, 24576, 304.56
2026/08/10 11:52:31.608, 1, 88, 23452, 24576, 313.02
2026/08/10 11:52:31.608, 2, 100, 21594, 24576, 294.11
2026/08/10 11:52:36.609, 0, 100, 23266, 24576, 321.86
2026/08/10 11:52:36.610, 1, 96, 23816, 24576, 324.77
2026/08/10 11:52:36.611, 2, 92, 21616, 24576, 313.34
2026/08/10 11:52:41.611, 0, 95, 22006, 24576, 301.98
2026/08/10 11:52:41.612, 1, 95, 23816, 24576, 304.74
2026/08/10 11:52:41.613, 2, 100, 21676, 24576, 329.08
2026/08/10 11:52:46.614, 0, 79, 23266, 24576, 336.58
2026/08/10 11:52:46.614, 1, 79, 21636, 24576, 327.43
2026/08/10 11:52:46.615, 2, 80, 23696, 24576, 337.36
2026/08/10 11:52:51.616, 0, 85, 23266, 24576, 339.79
2026/08/10 11:52:51.616, 1, 84, 21636, 24576, 312.12
2026/08/10 11:52:51.617, 2, 82, 23696, 24576, 331.27
2026/08/10 11:52:56.618, 0, 98, 13570, 24576, 343.84
2026/08/10 11:52:56.619, 1, 98, 18702, 24576, 281.01
2026/08/10 11:52:56.619, 2, 98, 14002, 24576, 325.57
2026/08/10 11:53:01.621, 0, 98, 13570, 24576, 332.60
2026/08/10 11:53:01.622, 1, 98, 13462, 24576, 304.78
2026/08/10 11:53:01.622, 2, 98, 13998, 24576, 334.62
2026/08/10 11:53:06.623, 0, 100, 24208, 24576, 329.53
2026/08/10 11:53:06.624, 1, 88, 23896, 24576, 309.18
2026/08/10 11:53:06.624, 2, 88, 23414, 24576, 312.51
2026/08/10 11:53:11.625, 0, 95, 24208, 24576, 334.16
2026/08/10 11:53:11.625, 1, 100, 23896, 24576, 317.57
2026/08/10 11:53:11.626, 2, 100, 23414, 24576, 315.01
2026/08/10 11:53:16.627, 0, 100, 24208, 24576, 325.01
2026/08/10 11:53:16.628, 1, 100, 23896, 24576, 321.82
2026/08/10 11:53:16.629, 2, 96, 23414, 24576, 309.20
2026/08/10 11:53:21.630, 0, 84, 22008, 24576, 338.29
2026/08/10 11:53:21.631, 1, 83, 21676, 24576, 312.90
2026/08/10 11:53:21.631, 2, 84, 23414, 24576, 337.76
2026/08/10 11:53:26.632, 0, 98, 22008, 24576, 315.38
2026/08/10 11:53:26.633, 1, 98, 21676, 24576, 254.24
2026/08/10 11:53:26.634, 2, 96, 23414, 24576, 339.44
2026/08/10 11:53:31.635, 0, 100, 16270, 24576, 287.53
2026/08/10 11:53:31.635, 1, 98, 12840, 24576, 298.44
2026/08/10 11:53:31.636, 2, 100, 13062, 24576, 327.55
2026/08/10 11:53:36.636, 0, 53, 16270, 24576, 285.50
2026/08/10 11:53:36.637, 1, 86, 13480, 24576, 189.29
2026/08/10 11:53:36.637, 2, 91, 14222, 24576, 172.83
2026/08/10 11:53:41.638, 0, 98, 23490, 24576, 319.78
2026/08/10 11:53:41.639, 1, 99, 19790, 24576, 296.05
2026/08/10 11:53:41.640, 2, 100, 21494, 24576, 308.62
2026/08/10 11:53:46.640, 0, 100, 23730, 24576, 333.41
2026/08/10 11:53:46.641, 1, 97, 23890, 24576, 296.70
2026/08/10 11:53:46.642, 2, 100, 23254, 24576, 315.20
2026/08/10 11:53:51.643, 0, 83, 23490, 24576, 283.03
2026/08/10 11:53:51.644, 1, 79, 19790, 24576, 274.97
2026/08/10 11:53:51.646, 2, 81, 21494, 24576, 258.20
2026/08/10 11:53:56.647, 0, 83, 23490, 24576, 316.59
2026/08/10 11:53:56.648, 1, 82, 19790, 24576, 314.13
2026/08/10 11:53:56.648, 2, 82, 21494, 24576, 331.95
2026/08/10 11:54:01.649, 0, 98, 23490, 24576, 325.79
2026/08/10 11:54:01.650, 1, 80, 13014, 24576, 279.75
2026/08/10 11:54:01.650, 2, 82, 12878, 24576, 285.15
2026/08/10 11:54:06.651, 0, 98, 23490, 24576, 308.01
2026/08/10 11:54:06.652, 1, 98, 13042, 24576, 305.21
2026/08/10 11:54:06.652, 2, 98, 13262, 24576, 317.11
2026/08/10 11:54:11.653, 0, 89, 23188, 24576, 329.48
2026/08/10 11:54:11.654, 1, 88, 21414, 24576, 296.85
2026/08/10 11:54:11.654, 2, 100, 23114, 24576, 328.89
2026/08/10 11:54:16.655, 0, 88, 23188, 24576, 324.51
2026/08/10 11:54:16.656, 1, 87, 21414, 24576, 301.04
2026/08/10 11:54:16.656, 2, 100, 23114, 24576, 326.52
2026/08/10 11:54:21.657, 0, 13, 23188, 24576, 289.34
2026/08/10 11:54:21.658, 1, 21, 21414, 24576, 288.23
2026/08/10 11:54:21.658, 2, 23, 23114, 24576, 290.43
2026/08/10 11:54:26.659, 0, 80, 23188, 24576, 314.75
2026/08/10 11:54:26.660, 1, 79, 21414, 24576, 303.86
2026/08/10 11:54:26.660, 2, 79, 23114, 24576, 316.50
2026/08/10 11:54:31.661, 0, 98, 22488, 24576, 316.65
2026/08/10 11:54:31.661, 1, 89, 14914, 24576, 285.24
2026/08/10 11:54:31.662, 2, 89, 13234, 24576, 297.07
2026/08/10 11:54:36.663, 0, 98, 14370, 24576, 294.80
2026/08/10 11:54:36.664, 1, 100, 14116, 24576, 268.54
2026/08/10 11:54:36.664, 2, 94, 15878, 24576, 270.64
2026/08/10 11:54:41.665, 0, 84, 23066, 24576, 321.14
2026/08/10 11:54:41.666, 1, 88, 23454, 24576, 309.69
2026/08/10 11:54:41.667, 2, 88, 23374, 24576, 323.93
2026/08/10 11:54:46.668, 0, 100, 23066, 24576, 318.39
2026/08/10 11:54:46.668, 1, 100, 23454, 24576, 289.90
2026/08/10 11:54:46.669, 2, 82, 23374, 24576, 318.57
2026/08/10 11:54:51.669, 0, 100, 23066, 24576, 318.62
2026/08/10 11:54:51.670, 1, 100, 23454, 24576, 311.76
2026/08/10 11:54:51.670, 2, 91, 23374, 24576, 322.83
2026/08/10 11:54:56.672, 0, 82, 23066, 24576, 325.64
2026/08/10 11:54:56.672, 1, 82, 23454, 24576, 311.48
2026/08/10 11:54:56.673, 2, 81, 23374, 24576, 333.87
2026/08/10 11:55:01.673, 0, 98, 23066, 24576, 311.96
2026/08/10 11:55:01.674, 1, 100, 23454, 24576, 302.33
2026/08/10 11:55:01.675, 2, 98, 23374, 24576, 290.16
2026/08/10 11:55:06.676, 0, 98, 13430, 24576, 311.33
2026/08/10 11:55:06.676, 1, 100, 13282, 24576, 293.70
2026/08/10 11:55:06.677, 2, 98, 23374, 24576, 314.08
2026/08/10 11:55:11.678, 0, 89, 22948, 24576, 324.29
2026/08/10 11:55:11.679, 1, 84, 23012, 24576, 301.79
2026/08/10 11:55:11.679, 2, 88, 23374, 24576, 316.55
2026/08/10 11:55:16.680, 0, 82, 21908, 24576, 317.38
2026/08/10 11:55:16.681, 1, 100, 23012, 24576, 307.30
2026/08/10 11:55:16.681, 2, 100, 23374, 24576, 321.96
2026/08/10 11:55:21.682, 0, 90, 21908, 24576, 298.06
2026/08/10 11:55:21.683, 1, 63, 23012, 24576, 293.64
2026/08/10 11:55:21.683, 2, 71, 23374, 24576, 289.70
2026/08/10 11:55:26.684, 0, 82, 21908, 24576, 326.15
2026/08/10 11:55:26.685, 1, 82, 23012, 24576, 303.65
2026/08/10 11:55:26.685, 2, 79, 23374, 24576, 323.92
2026/08/10 11:55:31.686, 0, 98, 22048, 24576, 326.71
2026/08/10 11:55:31.687, 1, 98, 23012, 24576, 277.96
2026/08/10 11:55:31.687, 2, 98, 23374, 24576, 317.73
2026/08/10 11:55:36.688, 0, 98, 13570, 24576, 316.34
2026/08/10 11:55:36.689, 1, 100, 23012, 24576, 293.85
2026/08/10 11:55:36.689, 2, 98, 23374, 24576, 317.95
2026/08/10 11:55:41.691, 0, 98, 22048, 24576, 313.11
2026/08/10 11:55:41.691, 1, 97, 23012, 24576, 284.77
2026/08/10 11:55:41.692, 2, 98, 23434, 24576, 318.39
2026/08/10 11:55:46.693, 0, 91, 22048, 24576, 316.42
2026/08/10 11:55:46.693, 1, 100, 23012, 24576, 304.75
2026/08/10 11:55:46.694, 2, 100, 23434, 24576, 324.62
2026/08/10 11:55:51.695, 0, 21, 22048, 24576, 238.04
2026/08/10 11:55:51.695, 1, 89, 23012, 24576, 269.88
2026/08/10 11:55:51.696, 2, 71, 23434, 24576, 266.49
2026/08/10 11:55:56.697, 0, 82, 22048, 24576, 334.69
2026/08/10 11:55:56.697, 1, 79, 23012, 24576, 288.40
2026/08/10 11:55:56.698, 2, 82, 23434, 24576, 317.22
2026/08/10 11:56:01.699, 0, 98, 23868, 24576, 332.82
2026/08/10 11:56:01.699, 1, 100, 23012, 24576, 304.34
2026/08/10 11:56:01.700, 2, 97, 15894, 24576, 312.56
2026/08/10 11:56:06.701, 0, 98, 13690, 24576, 335.76
2026/08/10 11:56:06.702, 1, 98, 23012, 24576, 294.61
2026/08/10 11:56:06.702, 2, 98, 12862, 24576, 318.58
2026/08/10 11:56:11.703, 0, 100, 23628, 24576, 326.49
2026/08/10 11:56:11.704, 1, 100, 23254, 24576, 295.30
2026/08/10 11:56:11.704, 2, 89, 23212, 24576, 322.39
2026/08/10 11:56:16.705, 0, 100, 23628, 24576, 317.58
2026/08/10 11:56:16.706, 1, 97, 23254, 24576, 298.89
2026/08/10 11:56:16.706, 2, 97, 22192, 24576, 299.88
2026/08/10 11:56:21.707, 0, 28, 23628, 24576, 270.25
2026/08/10 11:56:21.707, 1, 30, 23254, 24576, 276.26
2026/08/10 11:56:21.708, 2, 28, 22192, 24576, 279.98
2026/08/10 11:56:26.709, 0, 81, 23628, 24576, 334.14
2026/08/10 11:56:26.710, 1, 83, 23254, 24576, 303.58
2026/08/10 11:56:26.710, 2, 80, 22192, 24576, 336.27
2026/08/10 11:56:31.711, 0, 98, 23628, 24576, 333.86
2026/08/10 11:56:31.730, 1, 98, 23254, 24576, 318.94
2026/08/10 11:56:31.730, 2, 100, 22192, 24576, 325.97
2026/08/10 11:56:36.731, 0, 100, 23210, 24576, 334.11
2026/08/10 11:56:36.732, 1, 98, 13002, 24576, 272.53
2026/08/10 11:56:36.733, 2, 98, 13042, 24576, 316.43
2026/08/10 11:56:41.733, 0, 100, 23226, 24576, 325.17
2026/08/10 11:56:41.734, 1, 100, 21536, 24576, 301.91
2026/08/10 11:56:41.734, 2, 100, 21414, 24576, 323.62
2026/08/10 11:56:46.735, 0, 100, 23226, 24576, 319.62
2026/08/10 11:56:46.736, 1, 93, 21536, 24576, 309.98
2026/08/10 11:56:46.736, 2, 92, 21414, 24576, 322.23
2026/08/10 11:56:51.737, 0, 91, 23226, 24576, 304.63
2026/08/10 11:56:51.738, 1, 93, 21536, 24576, 313.22
2026/08/10 11:56:51.738, 2, 93, 21414, 24576, 307.10
2026/08/10 11:56:56.739, 0, 83, 23226, 24576, 334.35
2026/08/10 11:56:56.740, 1, 82, 21536, 24576, 304.06
2026/08/10 11:56:56.740, 2, 82, 21414, 24576, 335.22
2026/08/10 11:57:01.741, 0, 82, 23226, 24576, 336.94
2026/08/10 11:57:01.742, 1, 86, 21536, 24576, 303.06
2026/08/10 11:57:01.742, 2, 85, 21414, 24576, 329.66
2026/08/10 11:57:06.749, 0, 98, 16510, 24576, 334.65
2026/08/10 11:57:06.751, 1, 98, 21536, 24576, 292.63
2026/08/10 11:57:06.751, 2, 98, 13282, 24576, 327.16
2026/08/10 11:57:11.752, 0, 90, 23326, 24576, 307.27
2026/08/10 11:57:11.752, 1, 100, 20834, 24576, 293.01
2026/08/10 11:57:11.753, 2, 97, 23012, 24576, 301.05
2026/08/10 11:57:16.754, 0, 96, 23326, 24576, 309.57
2026/08/10 11:57:16.755, 1, 97, 20834, 24576, 306.97
2026/08/10 11:57:16.755, 2, 100, 23012, 24576, 330.17
2026/08/10 11:57:21.756, 0, 100, 23326, 24576, 328.11
2026/08/10 11:57:21.757, 1, 100, 20834, 24576, 305.48
2026/08/10 11:57:21.758, 2, 89, 23012, 24576, 328.13
2026/08/10 11:57:26.759, 0, 83, 23326, 24576, 334.89
2026/08/10 11:57:26.759, 1, 81, 20834, 24576, 309.25
2026/08/10 11:57:26.760, 2, 82, 23012, 24576, 333.88
2026/08/10 11:57:31.760, 0, 98, 23326, 24576, 324.51
2026/08/10 11:57:31.761, 1, 88, 20834, 24576, 309.04
2026/08/10 11:57:31.761, 2, 97, 23012, 24576, 311.89
2026/08/10 11:57:36.762, 0, 99, 19790, 24576, 336.94
2026/08/10 11:57:36.763, 1, 100, 13262, 24576, 311.26
2026/08/10 11:57:36.763, 2, 98, 21180, 24576, 323.34
2026/08/10 11:57:41.764, 0, 87, 23026, 24576, 338.85
2026/08/10 11:57:41.765, 1, 87, 22952, 24576, 286.80
2026/08/10 11:57:41.766, 2, 89, 20330, 24576, 319.46
2026/08/10 11:57:46.766, 0, 96, 21046, 24576, 323.38
2026/08/10 11:57:46.767, 1, 97, 22952, 24576, 301.00
2026/08/10 11:57:46.768, 2, 93, 20010, 24576, 314.54
2026/08/10 11:57:51.769, 0, 97, 21046, 24576, 317.61
2026/08/10 11:57:51.770, 1, 100, 22952, 24576, 318.26
2026/08/10 11:57:51.770, 2, 98, 20330, 24576, 304.11
2026/08/10 11:57:56.771, 0, 83, 23026, 24576, 334.85
2026/08/10 11:57:56.771, 1, 81, 22952, 24576, 305.23
2026/08/10 11:57:56.772, 2, 81, 20330, 24576, 336.29
2026/08/10 11:58:01.772, 0, 98, 23026, 24576, 213.99
2026/08/10 11:58:01.773, 1, 93, 22952, 24576, 312.31
2026/08/10 11:58:01.774, 2, 97, 20330, 24576, 205.15
2026/08/10 11:58:06.774, 0, 98, 18850, 24576, 340.99
2026/08/10 11:58:06.775, 1, 98, 16422, 24576, 310.99
2026/08/10 11:58:06.776, 2, 98, 12822, 24576, 335.95
2026/08/10 11:58:11.777, 0, 100, 20876, 24576, 281.14
2026/08/10 11:58:11.777, 1, 89, 23182, 24576, 303.82
2026/08/10 11:58:11.778, 2, 87, 22332, 24576, 312.15
2026/08/10 11:58:16.779, 0, 100, 20906, 24576, 301.83
2026/08/10 11:58:16.780, 1, 97, 22874, 24576, 321.71
2026/08/10 11:58:16.781, 2, 100, 22012, 24576, 326.68
2026/08/10 11:58:21.782, 0, 100, 20906, 24576, 306.57
2026/08/10 11:58:21.783, 1, 97, 22874, 24576, 305.65
2026/08/10 11:58:21.783, 2, 100, 22012, 24576, 322.59
2026/08/10 11:58:26.784, 0, 82, 23126, 24576, 335.27
2026/08/10 11:58:26.784, 1, 83, 22874, 24576, 310.38
2026/08/10 11:58:26.785, 2, 82, 22012, 24576, 333.94
2026/08/10 11:58:31.786, 0, 85, 23126, 24576, 339.61
2026/08/10 11:58:31.786, 1, 84, 22874, 24576, 306.52
2026/08/10 11:58:31.787, 2, 84, 22012, 24576, 336.29
2026/08/10 11:58:36.787, 0, 99, 13530, 24576, 336.51
2026/08/10 11:58:36.788, 1, 98, 13962, 24576, 295.65
2026/08/10 11:58:36.789, 2, 98, 13242, 24576, 327.29
2026/08/10 11:58:41.790, 0, 99, 23374, 24576, 297.23
2026/08/10 11:58:41.790, 1, 100, 20716, 24576, 292.94
2026/08/10 11:58:41.791, 2, 89, 22960, 24576, 283.00
2026/08/10 11:58:46.792, 0, 81, 22666, 24576, 327.47
2026/08/10 11:58:46.792, 1, 81, 20772, 24576, 313.40
2026/08/10 11:58:46.793, 2, 86, 22972, 24576, 325.85
2026/08/10 11:58:51.794, 0, 100, 21086, 24576, 321.32
2026/08/10 11:58:51.795, 1, 96, 22832, 24576, 307.88
2026/08/10 11:58:51.795, 2, 98, 22972, 24576, 310.70
2026/08/10 11:58:56.796, 0, 83, 21946, 24576, 335.31
2026/08/10 11:58:56.797, 1, 82, 22832, 24576, 318.11
2026/08/10 11:58:56.797, 2, 82, 22972, 24576, 334.91
2026/08/10 11:59:01.798, 0, 100, 21946, 24576, 280.69
2026/08/10 11:59:01.798, 1, 87, 22832, 24576, 304.15
2026/08/10 11:59:01.799, 2, 76, 22972, 24576, 329.44
2026/08/10 11:59:06.800, 0, 98, 13690, 24576, 337.71
2026/08/10 11:59:06.800, 1, 98, 15796, 24576, 290.41
2026/08/10 11:59:06.801, 2, 98, 17498, 24576, 291.56
2026/08/10 11:59:11.802, 0, 89, 22764, 24576, 313.91
2026/08/10 11:59:11.803, 1, 88, 21350, 24576, 297.25
2026/08/10 11:59:11.803, 2, 89, 21090, 24576, 297.66
2026/08/10 11:59:16.804, 0, 100, 22764, 24576, 298.60
2026/08/10 11:59:16.805, 1, 100, 22832, 24576, 319.62
2026/08/10 11:59:16.806, 2, 100, 22230, 24576, 313.85
2026/08/10 11:59:21.807, 0, 98, 22764, 24576, 301.50
2026/08/10 11:59:21.807, 1, 89, 21032, 24576, 300.35
2026/08/10 11:59:21.808, 2, 92, 21690, 24576, 299.88
2026/08/10 11:59:26.809, 0, 81, 22764, 24576, 336.47
2026/08/10 11:59:26.809, 1, 80, 21032, 24576, 321.11
2026/08/10 11:59:26.810, 2, 80, 21690, 24576, 335.59
2026/08/10 11:59:31.811, 0, 79, 22764, 24576, 322.63
2026/08/10 11:59:31.811, 1, 86, 21032, 24576, 314.57
2026/08/10 11:59:31.812, 2, 100, 21690, 24576, 284.76
2026/08/10 11:59:36.813, 0, 98, 13450, 24576, 342.24
2026/08/10 11:59:36.813, 1, 98, 21032, 24576, 304.61
2026/08/10 11:59:36.814, 2, 98, 12802, 24576, 330.28
2026/08/10 11:59:41.815, 0, 89, 23668, 24576, 328.17
2026/08/10 11:59:41.816, 1, 88, 21532, 24576, 317.74
2026/08/10 11:59:41.817, 2, 89, 21970, 24576, 313.12
2026/08/10 11:59:46.818, 0, 100, 23008, 24576, 314.13
2026/08/10 11:59:46.818, 1, 95, 21532, 24576, 301.26
2026/08/10 11:59:46.819, 2, 93, 21970, 24576, 295.22
2026/08/10 11:59:51.820, 0, 91, 23008, 24576, 315.89
2026/08/10 11:59:51.820, 1, 95, 21532, 24576, 317.36
2026/08/10 11:59:51.821, 2, 94, 21970, 24576, 316.18
2026/08/10 11:59:56.822, 0, 82, 23008, 24576, 336.01
2026/08/10 11:59:56.822, 1, 80, 20552, 24576, 318.61
2026/08/10 11:59:56.823, 2, 83, 20010, 24576, 337.03
2026/08/10 12:00:01.824, 0, 98, 23008, 24576, 265.45
2026/08/10 12:00:01.825, 1, 88, 20552, 24576, 321.45
2026/08/10 12:00:01.826, 2, 98, 20010, 24576, 253.40
2026/08/10 12:00:06.827, 0, 98, 13570, 24576, 339.91
2026/08/10 12:00:06.828, 1, 100, 21340, 24576, 304.64
2026/08/10 12:00:06.828, 2, 98, 13942, 24576, 329.39
2026/08/10 12:00:11.829, 0, 89, 21848, 24576, 321.14
2026/08/10 12:00:11.829, 1, 87, 21710, 24576, 319.84
2026/08/10 12:00:11.830, 2, 90, 23134, 24576, 323.55
2026/08/10 12:00:16.831, 0, 100, 24048, 24576, 315.92
2026/08/10 12:00:16.831, 1, 100, 22230, 24576, 283.27
2026/08/10 12:00:16.832, 2, 100, 23134, 24576, 304.33
2026/08/10 12:00:21.833, 0, 97, 24048, 24576, 324.65
2026/08/10 12:00:21.833, 1, 91, 21710, 24576, 302.58
2026/08/10 12:00:21.834, 2, 97, 23134, 24576, 287.95
2026/08/10 12:00:26.835, 0, 82, 21848, 24576, 336.48
2026/08/10 12:00:26.835, 1, 82, 21710, 24576, 320.20
2026/08/10 12:00:26.836, 2, 84, 23134, 24576, 251.83
2026/08/10 12:00:31.837, 0, 100, 21848, 24576, 278.51
2026/08/10 12:00:31.840, 1, 100, 21710, 24576, 215.77
2026/08/10 12:00:31.841, 2, 85, 23134, 24576, 332.96
2026/08/10 12:00:36.842, 0, 99, 21848, 24576, 339.23
2026/08/10 12:00:36.842, 1, 90, 13798, 24576, 274.78
2026/08/10 12:00:36.843, 2, 100, 13064, 24576, 328.80
2026/08/10 12:00:41.844, 0, 100, 21848, 24576, 181.46
2026/08/10 12:00:41.845, 1, 100, 13798, 24576, 213.43
2026/08/10 12:00:41.845, 2, 98, 13064, 24576, 323.22
2026/08/10 12:00:46.846, 0, 100, 24068, 24576, 335.28
2026/08/10 12:00:46.847, 1, 88, 21712, 24576, 313.18
2026/08/10 12:00:46.848, 2, 100, 23338, 24576, 327.14
2026/08/10 12:00:51.848, 0, 100, 24068, 24576, 335.61
2026/08/10 12:00:51.849, 1, 85, 21712, 24576, 309.14
2026/08/10 12:00:51.850, 2, 87, 23338, 24576, 326.35
2026/08/10 12:00:56.852, 0, 22, 21868, 24576, 264.55
2026/08/10 12:00:56.852, 1, 34, 21712, 24576, 277.42
2026/08/10 12:00:56.853, 2, 29, 23338, 24576, 301.80
2026/08/10 12:01:01.854, 0, 85, 21868, 24576, 337.53
2026/08/10 12:01:01.854, 1, 81, 21712, 24576, 321.86
2026/08/10 12:01:01.855, 2, 85, 23338, 24576, 322.05
2026/08/10 12:01:06.855, 0, 98, 21868, 24576, 338.60
2026/08/10 12:01:06.856, 1, 98, 22632, 24576, 335.79
2026/08/10 12:01:06.857, 2, 98, 23378, 24576, 337.65
2026/08/10 12:01:11.857, 0, 98, 21868, 24576, 339.26
2026/08/10 12:01:11.858, 1, 100, 13260, 24576, 312.89
2026/08/10 12:01:11.858, 2, 80, 14742, 24576, 296.43
2026/08/10 12:01:16.859, 0, 96, 21688, 24576, 324.64
2026/08/10 12:01:16.860, 1, 100, 22330, 24576, 294.69
2026/08/10 12:01:16.860, 2, 88, 21774, 24576, 318.61
2026/08/10 12:01:21.862, 0, 94, 21948, 24576, 317.38
2026/08/10 12:01:21.862, 1, 100, 22330, 24576, 293.77
2026/08/10 12:01:21.863, 2, 92, 20314, 24576, 308.86
2026/08/10 12:01:26.864, 0, 90, 21948, 24576, 315.97
2026/08/10 12:01:26.865, 1, 100, 22330, 24576, 295.24
2026/08/10 12:01:26.865, 2, 90, 23474, 24576, 310.58
2026/08/10 12:01:31.866, 0, 84, 21948, 24576, 336.15
2026/08/10 12:01:31.867, 1, 85, 22330, 24576, 311.06
2026/08/10 12:01:31.867, 2, 82, 23474, 24576, 324.61
2026/08/10 12:01:36.868, 0, 98, 21948, 24576, 336.03
2026/08/10 12:01:36.868, 1, 100, 22810, 24576, 327.67
2026/08/10 12:01:36.869, 2, 100, 23474, 24576, 327.73
2026/08/10 12:01:41.870, 0, 98, 21948, 24576, 327.59
2026/08/10 12:01:41.870, 1, 98, 12862, 24576, 307.52
2026/08/10 12:01:41.874, 2, 98, 13282, 24576, 317.33
2026/08/10 12:01:46.875, 0, 89, 23948, 24576, 333.10
2026/08/10 12:01:46.876, 1, 98, 20772, 24576, 316.82
2026/08/10 12:01:46.876, 2, 100, 22912, 24576, 318.00
2026/08/10 12:01:51.877, 0, 89, 23948, 24576, 337.51
2026/08/10 12:01:51.878, 1, 89, 20772, 24576, 302.44
2026/08/10 12:01:51.878, 2, 84, 22912, 24576, 313.96
2026/08/10 12:01:56.879, 0, 100, 23948, 24576, 321.41
2026/08/10 12:01:56.880, 1, 100, 20772, 24576, 307.80
2026/08/10 12:01:56.880, 2, 89, 22912, 24576, 314.39
2026/08/10 12:02:01.881, 0, 83, 23948, 24576, 336.07
2026/08/10 12:02:01.881, 1, 81, 20772, 24576, 313.20
2026/08/10 12:02:01.882, 2, 83, 22912, 24576, 335.27
2026/08/10 12:02:06.882, 0, 84, 23948, 24576, 339.69
2026/08/10 12:02:06.883, 1, 78, 20772, 24576, 312.02
2026/08/10 12:02:06.884, 2, 83, 22912, 24576, 339.55
2026/08/10 12:02:11.884, 0, 98, 24150, 24576, 334.54
2026/08/10 12:02:11.885, 1, 97, 23622, 24576, 308.97
2026/08/10 12:02:11.886, 2, 98, 14162, 24576, 298.09
2026/08/10 12:02:16.887, 0, 98, 13970, 24576, 328.58
2026/08/10 12:02:16.888, 1, 100, 13462, 24576, 302.13
2026/08/10 12:02:16.888, 2, 100, 14158, 24576, 253.08
2026/08/10 12:02:21.889, 0, 100, 23588, 24576, 338.25
2026/08/10 12:02:21.889, 1, 100, 21636, 24576, 301.88
2026/08/10 12:02:21.890, 2, 100, 23312, 24576, 307.82
2026/08/10 12:02:26.891, 0, 100, 23208, 24576, 337.12
2026/08/10 12:02:26.891, 1, 100, 21636, 24576, 303.70
2026/08/10 12:02:26.892, 2, 96, 23312, 24576, 318.38
2026/08/10 12:02:31.892, 0, 96, 23208, 24576, 323.90
2026/08/10 12:02:31.893, 1, 95, 21636, 24576, 304.18
2026/08/10 12:02:31.894, 2, 93, 23312, 24576, 304.18
2026/08/10 12:02:36.894, 0, 82, 23208, 24576, 335.84
2026/08/10 12:02:36.895, 1, 81, 21636, 24576, 310.20
2026/08/10 12:02:36.896, 2, 83, 23312, 24576, 335.45
2026/08/10 12:02:41.897, 0, 98, 23208, 24576, 337.15
2026/08/10 12:02:41.897, 1, 98, 21636, 24576, 329.87
2026/08/10 12:02:41.898, 2, 98, 23312, 24576, 338.22
2026/08/10 12:02:46.899, 0, 98, 13470, 24576, 321.45
2026/08/10 12:02:46.900, 1, 98, 22518, 24576, 299.98
2026/08/10 12:02:46.900, 2, 98, 13322, 24576, 300.08
2026/08/10 12:02:51.901, 0, 89, 21568, 24576, 308.19
2026/08/10 12:02:51.901, 1, 88, 21932, 24576, 312.49
2026/08/10 12:02:51.902, 2, 89, 23534, 24576, 323.63
2026/08/10 12:02:56.903, 0, 88, 21568, 24576, 318.11
2026/08/10 12:02:56.904, 1, 88, 21932, 24576, 307.05
2026/08/10 12:02:56.904, 2, 100, 23534, 24576, 323.60
2026/08/10 12:03:01.905, 0, 89, 21568, 24576, 316.20
2026/08/10 12:03:01.906, 1, 90, 21932, 24576, 313.93
2026/08/10 12:03:01.906, 2, 100, 23534, 24576, 324.33
2026/08/10 12:03:06.907, 0, 84, 21568, 24576, 332.23
2026/08/10 12:03:06.908, 1, 82, 21932, 24576, 305.15
2026/08/10 12:03:06.908, 2, 84, 23534, 24576, 334.80
2026/08/10 12:03:11.910, 0, 100, 21568, 24576, 277.58
2026/08/10 12:03:11.910, 1, 81, 21932, 24576, 305.48
2026/08/10 12:03:11.911, 2, 81, 23534, 24576, 323.87
2026/08/10 12:03:16.911, 0, 100, 21568, 24576, 335.68
2026/08/10 12:03:16.912, 1, 98, 13022, 24576, 299.10
2026/08/10 12:03:16.912, 2, 98, 13042, 24576, 338.44
2026/08/10 12:03:21.913, 0, 92, 23648, 24576, 321.57
2026/08/10 12:03:21.914, 1, 91, 23232, 24576, 236.03
2026/08/10 12:03:21.914, 2, 91, 22970, 24576, 225.35
2026/08/10 12:03:26.915, 0, 100, 24210, 24576, 330.99
2026/08/10 12:03:26.916, 1, 93, 23654, 24576, 301.10
2026/08/10 12:03:26.916, 2, 91, 23034, 24576, 316.25
2026/08/10 12:03:31.917, 0, 100, 24210, 24576, 326.33
2026/08/10 12:03:31.918, 1, 95, 23654, 24576, 297.36
2026/08/10 12:03:31.918, 2, 91, 23034, 24576, 313.05
2026/08/10 12:03:36.919, 0, 83, 22130, 24576, 334.50
2026/08/10 12:03:36.920, 1, 79, 21474, 24576, 323.83
2026/08/10 12:03:36.921, 2, 81, 20814, 24576, 335.99
2026/08/10 12:03:41.922, 0, 83, 22130, 24576, 337.80
2026/08/10 12:03:41.923, 1, 82, 21474, 24576, 309.38
2026/08/10 12:03:41.923, 2, 84, 20814, 24576, 324.88
2026/08/10 12:03:46.924, 0, 100, 17350, 24576, 298.02
2026/08/10 12:03:46.925, 1, 98, 13042, 24576, 303.68
2026/08/10 12:03:46.925, 2, 98, 13002, 24576, 336.78
2026/08/10 12:03:51.926, 0, 98, 13970, 24576, 335.06
2026/08/10 12:03:51.927, 1, 98, 13042, 24576, 298.88
2026/08/10 12:03:51.927, 2, 100, 13002, 24576, 314.82
2026/08/10 12:03:56.928, 0, 100, 23228, 24576, 329.67
2026/08/10 12:03:56.929, 1, 97, 21294, 24576, 309.36
2026/08/10 12:03:56.929, 2, 100, 21114, 24576, 303.44
2026/08/10 12:04:01.930, 0, 88, 23588, 24576, 329.42
2026/08/10 12:04:01.931, 1, 100, 23134, 24576, 304.58
2026/08/10 12:04:01.932, 2, 100, 23014, 24576, 321.30
2026/08/10 12:04:06.932, 0, 100, 23228, 24576, 332.15
2026/08/10 12:04:06.933, 1, 88, 23134, 24576, 318.12
2026/08/10 12:04:06.934, 2, 89, 23014, 24576, 335.42
2026/08/10 12:04:11.934, 0, 83, 23228, 24576, 332.70
2026/08/10 12:04:11.935, 1, 82, 20914, 24576, 299.99
2026/08/10 12:04:11.935, 2, 83, 20834, 24576, 335.89
2026/08/10 12:04:16.936, 0, 100, 23228, 24576, 184.49
2026/08/10 12:04:16.937, 1, 81, 20914, 24576, 293.15
2026/08/10 12:04:16.937, 2, 100, 20834, 24576, 271.57
2026/08/10 12:04:21.938, 0, 98, 13450, 24576, 334.09
2026/08/10 12:04:21.939, 1, 97, 20914, 24576, 304.73
2026/08/10 12:04:21.939, 2, 98, 20834, 24576, 327.29
2026/08/10 12:04:26.940, 0, 100, 13450, 24576, 182.44
2026/08/10 12:04:26.940, 1, 87, 20914, 24576, 289.82
2026/08/10 12:04:26.941, 2, 100, 20834, 24576, 229.54
2026/08/10 12:04:31.942, 0, 94, 23366, 24576, 297.31
2026/08/10 12:04:31.943, 1, 90, 21856, 24576, 302.42
2026/08/10 12:04:31.944, 2, 92, 23196, 24576, 311.87
2026/08/10 12:04:36.945, 0, 89, 23366, 24576, 307.41
2026/08/10 12:04:36.946, 1, 88, 24056, 24576, 315.83
2026/08/10 12:04:36.946, 2, 91, 23196, 24576, 322.23
2026/08/10 12:04:41.947, 0, 29, 23366, 24576, 276.10
2026/08/10 12:04:41.948, 1, 66, 21856, 24576, 286.80
2026/08/10 12:04:41.948, 2, 61, 23196, 24576, 286.16
2026/08/10 12:04:46.949, 0, 76, 23366, 24576, 335.05
2026/08/10 12:04:46.950, 1, 77, 21856, 24576, 306.97
2026/08/10 12:04:46.950, 2, 78, 23196, 24576, 330.83
2026/08/10 12:04:51.951, 0, 97, 23366, 24576, 322.15
2026/08/10 12:04:51.952, 1, 97, 21856, 24576, 300.27
2026/08/10 12:04:51.953, 2, 100, 23196, 24576, 329.76
2026/08/10 12:04:56.954, 0, 97, 23366, 24576, 337.15
2026/08/10 12:04:56.955, 1, 98, 21856, 24576, 305.11
2026/08/10 12:04:56.955, 2, 100, 12862, 24576, 307.89
2026/08/10 12:05:01.957, 0, 79, 22288, 24576, 311.12
2026/08/10 12:05:01.958, 1, 80, 23796, 24576, 306.08
2026/08/10 12:05:01.958, 2, 77, 22934, 24576, 311.36
2026/08/10 12:05:06.960, 0, 100, 22288, 24576, 312.05
2026/08/10 12:05:06.960, 1, 92, 23776, 24576, 322.11
2026/08/10 12:05:06.961, 2, 92, 22934, 24576, 324.88
2026/08/10 12:05:11.962, 0, 100, 22988, 24576, 317.03
2026/08/10 12:05:11.962, 1, 80, 21576, 24576, 302.94
2026/08/10 12:05:11.963, 2, 77, 21254, 24576, 308.15
2026/08/10 12:05:16.964, 0, 70, 22288, 24576, 315.88
2026/08/10 12:05:16.965, 1, 75, 21576, 24576, 309.43
2026/08/10 12:05:16.966, 2, 67, 20914, 24576, 297.25
2026/08/10 12:05:21.968, 0, 70, 22288, 24576, 333.59
2026/08/10 12:05:21.969, 1, 70, 21576, 24576, 308.42
2026/08/10 12:05:21.969, 2, 75, 20914, 24576, 334.18
2026/08/10 12:05:26.971, 0, 97, 24168, 24576, 333.76
2026/08/10 12:05:26.971, 1, 100, 23776, 24576, 291.82
2026/08/10 12:05:26.972, 2, 97, 20914, 24576, 336.53
2026/08/10 12:05:31.973, 0, 97, 13770, 24576, 335.85
2026/08/10 12:05:31.974, 1, 96, 12820, 24576, 309.66
2026/08/10 12:05:31.974, 2, 96, 20914, 24576, 329.52
2026/08/10 12:05:36.976, 0, 89, 23608, 24576, 320.39
2026/08/10 12:05:36.977, 1, 100, 19810, 24576, 285.69
2026/08/10 12:05:36.978, 2, 100, 21610, 24576, 308.60
2026/08/10 12:05:41.979, 0, 97, 23608, 24576, 326.85
2026/08/10 12:05:41.979, 1, 100, 20130, 24576, 298.74
2026/08/10 12:05:41.980, 2, 77, 21610, 24576, 310.38
2026/08/10 12:05:46.983, 0, 9, 23608, 24576, 287.55
2026/08/10 12:05:46.983, 1, 81, 19810, 24576, 275.19
2026/08/10 12:05:46.984, 2, 3, 21610, 24576, 275.92
2026/08/10 12:05:51.985, 0, 70, 23608, 24576, 333.95
2026/08/10 12:05:51.985, 1, 73, 19810, 24576, 308.35
2026/08/10 12:05:51.986, 2, 69, 21610, 24576, 331.16
2026/08/10 12:05:56.987, 0, 97, 23608, 24576, 242.79
2026/08/10 12:05:56.987, 1, 97, 19810, 24576, 309.18
2026/08/10 12:05:56.988, 2, 99, 21610, 24576, 325.82
2026/08/10 12:06:01.989, 0, 97, 13330, 24576, 337.98
2026/08/10 12:06:01.989, 1, 98, 13322, 24576, 297.08
2026/08/10 12:06:01.990, 2, 100, 21610, 24576, 327.70
2026/08/10 12:06:06.991, 0, 94, 22946, 24576, 296.69
2026/08/10 12:06:06.992, 1, 96, 22912, 24576, 295.22
2026/08/10 12:06:06.993, 2, 87, 21032, 24576, 306.54
2026/08/10 12:06:11.994, 0, 97, 21026, 24576, 302.42
2026/08/10 12:06:11.995, 1, 100, 22912, 24576, 291.09
2026/08/10 12:06:11.995, 2, 100, 22212, 24576, 315.14
2026/08/10 12:06:16.998, 0, 77, 21026, 24576, 304.78
2026/08/10 12:06:16.999, 1, 100, 22912, 24576, 303.12
2026/08/10 12:06:17.000, 2, 87, 22212, 24576, 317.83
2026/08/10 12:06:22.002, 0, 69, 21026, 24576, 333.24
2026/08/10 12:06:22.003, 1, 73, 22912, 24576, 311.23
2026/08/10 12:06:22.004, 2, 70, 22212, 24576, 319.89
2026/08/10 12:06:27.005, 0, 72, 21026, 24576, 335.84
2026/08/10 12:06:27.006, 1, 72, 22912, 24576, 295.45
2026/08/10 12:06:27.007, 2, 70, 22212, 24576, 332.01
2026/08/10 12:06:32.008, 0, 99, 13970, 24576, 299.20
2026/08/10 12:06:32.009, 1, 97, 14022, 24576, 299.79
2026/08/10 12:06:32.009, 2, 98, 13942, 24576, 300.24
2026/08/10 12:06:37.011, 0, 100, 13990, 24576, 334.84
2026/08/10 12:06:37.012, 1, 97, 13998, 24576, 316.82
2026/08/10 12:06:37.012, 2, 99, 13938, 24576, 338.39
2026/08/10 12:06:42.013, 0, 81, 22152, 24576, 320.08
2026/08/10 12:06:42.014, 1, 92, 22052, 24576, 306.89
2026/08/10 12:06:42.014, 2, 83, 21832, 24576, 290.73
2026/08/10 12:06:47.015, 0, 80, 22152, 24576, 320.11
2026/08/10 12:06:47.016, 1, 89, 22052, 24576, 304.47
2026/08/10 12:06:47.017, 2, 94, 21832, 24576, 295.64
2026/08/10 12:06:52.022, 0, 80, 23972, 24576, 326.48
2026/08/10 12:06:52.023, 1, 100, 22052, 24576, 297.13
2026/08/10 12:06:52.023, 2, 100, 21832, 24576, 289.21
2026/08/10 12:06:57.026, 0, 69, 22152, 24576, 324.43
2026/08/10 12:06:57.026, 1, 71, 22052, 24576, 327.64
2026/08/10 12:06:57.027, 2, 68, 21832, 24576, 303.36
2026/08/10 12:07:02.028, 0, 72, 22152, 24576, 334.37
2026/08/10 12:07:02.029, 1, 74, 22052, 24576, 311.44
2026/08/10 12:07:02.029, 2, 70, 21832, 24576, 330.09
2026/08/10 12:07:07.030, 0, 100, 20832, 24576, 325.08
2026/08/10 12:07:07.031, 1, 91, 18672, 24576, 301.39
2026/08/10 12:07:07.032, 2, 80, 13072, 24576, 304.64
2026/08/10 12:07:12.033, 0, 97, 13550, 24576, 332.01
2026/08/10 12:07:12.034, 1, 96, 13918, 24576, 288.95
2026/08/10 12:07:12.035, 2, 97, 13042, 24576, 340.89
2026/08/10 12:07:17.036, 0, 86, 23310, 24576, 322.71
2026/08/10 12:07:17.036, 1, 76, 20732, 24576, 296.76
2026/08/10 12:07:17.037, 2, 89, 23034, 24576, 311.09
2026/08/10 12:07:22.038, 0, 86, 23670, 24576, 332.48
2026/08/10 12:07:22.038, 1, 99, 21752, 24576, 315.83
2026/08/10 12:07:22.040, 2, 78, 21194, 24576, 301.86
2026/08/10 12:07:27.042, 0, 100, 23310, 24576, 326.32
2026/08/10 12:07:27.042, 1, 100, 20732, 24576, 303.94
2026/08/10 12:07:27.043, 2, 100, 20814, 24576, 295.52
2026/08/10 12:07:32.044, 0, 74, 23310, 24576, 327.59
2026/08/10 12:07:32.044, 1, 78, 20732, 24576, 319.23
2026/08/10 12:07:32.045, 2, 68, 20814, 24576, 314.51
2026/08/10 12:07:37.047, 0, 74, 23310, 24576, 334.88
2026/08/10 12:07:37.048, 1, 70, 20732, 24576, 313.76
2026/08/10 12:07:37.048, 2, 70, 20814, 24576, 322.80
2026/08/10 12:07:42.049, 0, 98, 13570, 24576, 314.93
2026/08/10 12:07:42.050, 1, 100, 13702, 24576, 297.23
2026/08/10 12:07:42.050, 2, 97, 19522, 24576, 335.36
2026/08/10 12:07:47.051, 0, 96, 13570, 24576, 337.71
2026/08/10 12:07:47.052, 1, 97, 13678, 24576, 321.19
2026/08/10 12:07:47.053, 2, 97, 23158, 24576, 340.05
2026/08/10 12:07:52.054, 0, 96, 24128, 24576, 313.73
2026/08/10 12:07:52.055, 1, 100, 21852, 24576, 314.00
2026/08/10 12:07:52.055, 2, 100, 21912, 24576, 313.64
2026/08/10 12:07:57.056, 0, 82, 21908, 24576, 312.18
2026/08/10 12:07:57.063, 1, 82, 21912, 24576, 316.49
2026/08/10 12:07:57.064, 2, 100, 22732, 24576, 321.39
2026/08/10 12:08:02.065, 0, 100, 21908, 24576, 297.96
2026/08/10 12:08:02.066, 1, 88, 21912, 24576, 308.63
2026/08/10 12:08:02.066, 2, 98, 22732, 24576, 301.05
2026/08/10 12:08:07.068, 0, 65, 21908, 24576, 329.46
2026/08/10 12:08:07.069, 1, 74, 21912, 24576, 315.42
2026/08/10 12:08:07.069, 2, 72, 22732, 24576, 325.65
2026/08/10 12:08:12.070, 0, 100, 21908, 24576, 274.68
2026/08/10 12:08:12.071, 1, 100, 21912, 24576, 218.63
2026/08/10 12:08:12.072, 2, 49, 22732, 24576, 291.09
2026/08/10 12:08:17.073, 0, 100, 13430, 24576, 336.06
2026/08/10 12:08:17.073, 1, 98, 19402, 24576, 303.81
2026/08/10 12:08:17.074, 2, 100, 17762, 24576, 331.03
2026/08/10 12:08:22.075, 0, 90, 23868, 24576, 326.45
2026/08/10 12:08:22.075, 1, 100, 22572, 24576, 315.23
2026/08/10 12:08:22.076, 2, 82, 22954, 24576, 322.92
2026/08/10 12:08:27.077, 0, 100, 21248, 24576, 322.77
2026/08/10 12:08:27.077, 1, 100, 22572, 24576, 296.49
2026/08/10 12:08:27.078, 2, 95, 22954, 24576, 314.51
2026/08/10 12:08:32.079, 0, 100, 21808, 24576, 318.85
2026/08/10 12:08:32.079, 1, 97, 22572, 24576, 297.83
2026/08/10 12:08:32.080, 2, 96, 22954, 24576, 316.39
2026/08/10 12:08:37.081, 0, 79, 21808, 24576, 334.35
2026/08/10 12:08:37.081, 1, 82, 22572, 24576, 313.79
2026/08/10 12:08:37.082, 2, 83, 22954, 24576, 332.61
2026/08/10 12:08:42.083, 0, 82, 21808, 24576, 337.96
2026/08/10 12:08:42.083, 1, 85, 22572, 24576, 314.14
2026/08/10 12:08:42.084, 2, 82, 22954, 24576, 292.88
2026/08/10 12:08:47.085, 0, 98, 13590, 24576, 337.04
2026/08/10 12:08:47.087, 1, 98, 12824, 24576, 309.25
2026/08/10 12:08:47.087, 2, 98, 22954, 24576, 323.26
2026/08/10 12:08:52.088, 0, 98, 13590, 24576, 336.41
2026/08/10 12:08:52.089, 1, 98, 12824, 24576, 303.89
2026/08/10 12:08:52.089, 2, 100, 22954, 24576, 173.88
2026/08/10 12:08:57.090, 0, 89, 23470, 24576, 325.82
2026/08/10 12:08:57.090, 1, 100, 23236, 24576, 320.67
2026/08/10 12:08:57.091, 2, 100, 21992, 24576, 308.70
2026/08/10 12:09:02.092, 0, 100, 23470, 24576, 330.90
2026/08/10 12:09:02.092, 1, 94, 23236, 24576, 313.23
2026/08/10 12:09:02.093, 2, 80, 21992, 24576, 286.80
2026/08/10 12:09:07.093, 0, 2, 23470, 24576, 280.17
2026/08/10 12:09:07.094, 1, 88, 21276, 24576, 280.50
2026/08/10 12:09:07.095, 2, 87, 21992, 24576, 273.13
2026/08/10 12:09:12.096, 0, 81, 23470, 24576, 336.06
2026/08/10 12:09:12.097, 1, 85, 21276, 24576, 309.55
2026/08/10 12:09:12.097, 2, 82, 21992, 24576, 334.47
2026/08/10 12:09:17.098, 0, 96, 23470, 24576, 336.08
2026/08/10 12:09:17.098, 1, 96, 21276, 24576, 241.57
2026/08/10 12:09:17.099, 2, 97, 21992, 24576, 212.00
2026/08/10 12:09:22.100, 0, 98, 20410, 24576, 337.41
2026/08/10 12:09:22.100, 1, 98, 12862, 24576, 299.02
2026/08/10 12:09:22.101, 2, 98, 18618, 24576, 304.87
2026/08/10 12:09:27.101, 0, 98, 21028, 24576, 247.07
2026/08/10 12:09:27.102, 1, 91, 22356, 24576, 262.41
2026/08/10 12:09:27.102, 2, 82, 20690, 24576, 223.68
2026/08/10 12:09:32.103, 0, 100, 22886, 24576, 327.65
2026/08/10 12:09:32.104, 1, 95, 22092, 24576, 321.19
2026/08/10 12:09:32.104, 2, 92, 20750, 24576, 317.96
2026/08/10 12:09:37.105, 0, 100, 22886, 24576, 315.69
2026/08/10 12:09:37.106, 1, 94, 22092, 24576, 296.87
2026/08/10 12:09:37.106, 2, 100, 20750, 24576, 307.28
2026/08/10 12:09:42.110, 0, 78, 22886, 24576, 333.54
2026/08/10 12:09:42.110, 1, 81, 22092, 24576, 321.69
2026/08/10 12:09:42.111, 2, 82, 20750, 24576, 330.59
2026/08/10 12:09:47.111, 0, 84, 22886, 24576, 338.70
2026/08/10 12:09:47.112, 1, 84, 22092, 24576, 315.72
2026/08/10 12:09:47.112, 2, 82, 20750, 24576, 336.54
2026/08/10 12:09:52.113, 0, 98, 14730, 24576, 337.32
2026/08/10 12:09:52.114, 1, 98, 17700, 24576, 295.41
2026/08/10 12:09:52.114, 2, 94, 19062, 24576, 285.32
2026/08/10 12:09:57.119, 0, 100, 21052, 24576, 296.53
2026/08/10 12:09:57.119, 1, 100, 21034, 24576, 268.71
2026/08/10 12:09:57.122, 2, 93, 22884, 24576, 316.29
2026/08/10 12:10:02.123, 0, 88, 21448, 24576, 323.86
2026/08/10 12:10:02.124, 1, 100, 20748, 24576, 317.03
2026/08/10 12:10:02.124, 2, 100, 22932, 24576, 320.23
2026/08/10 12:10:07.125, 0, 100, 23088, 24576, 325.29
2026/08/10 12:10:07.126, 1, 96, 20408, 24576, 298.95
2026/08/10 12:10:07.126, 2, 100, 22932, 24576, 325.39
2026/08/10 12:10:12.127, 0, 79, 23088, 24576, 335.18
2026/08/10 12:10:12.128, 1, 81, 20408, 24576, 324.61
2026/08/10 12:10:12.128, 2, 84, 22932, 24576, 330.89
2026/08/10 12:10:17.129, 0, 81, 23088, 24576, 323.76
2026/08/10 12:10:17.129, 1, 78, 20408, 24576, 303.26
2026/08/10 12:10:17.130, 2, 84, 22932, 24576, 312.56
2026/08/10 12:10:22.131, 0, 98, 23088, 24576, 302.44
2026/08/10 12:10:22.131, 1, 98, 12862, 24576, 312.05
2026/08/10 12:10:22.132, 2, 100, 17982, 24576, 319.36
2026/08/10 12:10:27.133, 0, 100, 22624, 24576, 312.35
2026/08/10 12:10:27.134, 1, 97, 20812, 24576, 294.77
2026/08/10 12:10:27.135, 2, 100, 22974, 24576, 319.88
2026/08/10 12:10:32.136, 0, 100, 22624, 24576, 320.23
2026/08/10 12:10:32.136, 1, 100, 20812, 24576, 288.76
2026/08/10 12:10:32.137, 2, 100, 22974, 24576, 332.21
2026/08/10 12:10:37.137, 0, 100, 22624, 24576, 324.63
2026/08/10 12:10:37.138, 1, 100, 20812, 24576, 303.08
2026/08/10 12:10:37.138, 2, 100, 22974, 24576, 322.35
2026/08/10 12:10:42.139, 0, 81, 22624, 24576, 335.32
2026/08/10 12:10:42.140, 1, 82, 20812, 24576, 310.18
2026/08/10 12:10:42.140, 2, 85, 22974, 24576, 334.83
2026/08/10 12:10:47.141, 0, 79, 22624, 24576, 337.90
2026/08/10 12:10:47.142, 1, 100, 20812, 24576, 261.54
2026/08/10 12:10:47.142, 2, 85, 22974, 24576, 328.74
2026/08/10 12:10:52.144, 0, 98, 22624, 24576, 339.04
2026/08/10 12:10:52.145, 1, 98, 12800, 24576, 313.80
2026/08/10 12:10:52.145, 2, 98, 13042, 24576, 318.82
2026/08/10 12:10:57.146, 0, 93, 22946, 24576, 326.23
2026/08/10 12:10:57.147, 1, 87, 19950, 24576, 305.39
2026/08/10 12:10:57.148, 2, 91, 20834, 24576, 298.57
2026/08/10 12:11:02.148, 0, 94, 22946, 24576, 324.87
2026/08/10 12:11:02.149, 1, 92, 19950, 24576, 293.87
2026/08/10 12:11:02.149, 2, 90, 20834, 24576, 298.47
2026/08/10 12:11:07.150, 0, 100, 22946, 24576, 332.70
2026/08/10 12:11:07.151, 1, 94, 19950, 24576, 290.45
2026/08/10 12:11:07.151, 2, 93, 20834, 24576, 310.10
2026/08/10 12:11:12.152, 0, 79, 22946, 24576, 336.09
2026/08/10 12:11:12.153, 1, 81, 19950, 24576, 317.44
2026/08/10 12:11:12.153, 2, 82, 20834, 24576, 336.61
2026/08/10 12:11:17.154, 0, 81, 22946, 24576, 337.33
2026/08/10 12:11:17.154, 1, 82, 19950, 24576, 310.77
2026/08/10 12:11:17.155, 2, 85, 20834, 24576, 324.94
2026/08/10 12:11:22.156, 0, 98, 13450, 24576, 329.78
2026/08/10 12:11:22.157, 1, 81, 12838, 24576, 274.03
2026/08/10 12:11:22.158, 2, 100, 12922, 24576, 300.48
2026/08/10 12:11:27.159, 0, 100, 13450, 24576, 184.87
2026/08/10 12:11:27.159, 1, 100, 13198, 24576, 190.30
2026/08/10 12:11:27.160, 2, 72, 13302, 24576, 312.17
2026/08/10 12:11:32.160, 0, 88, 21386, 24576, 313.78
2026/08/10 12:11:32.161, 1, 97, 22692, 24576, 314.27
2026/08/10 12:11:32.161, 2, 89, 23736, 24576, 318.91
2026/08/10 12:11:37.162, 0, 97, 23126, 24576, 318.18
2026/08/10 12:11:37.163, 1, 97, 22692, 24576, 307.65
2026/08/10 12:11:37.163, 2, 98, 23736, 24576, 327.31
2026/08/10 12:11:42.164, 0, 80, 21046, 24576, 333.62
2026/08/10 12:11:42.165, 1, 83, 22692, 24576, 324.45
2026/08/10 12:11:42.165, 2, 83, 23736, 24576, 326.74
2026/08/10 12:11:47.166, 0, 82, 21046, 24576, 321.93
2026/08/10 12:11:47.167, 1, 85, 22692, 24576, 305.10
2026/08/10 12:11:47.167, 2, 83, 23736, 24576, 324.07
2026/08/10 12:11:52.168, 0, 100, 21046, 24576, 310.19
2026/08/10 12:11:52.169, 1, 98, 12902, 24576, 302.79
2026/08/10 12:11:52.170, 2, 98, 23736, 24576, 317.20
2026/08/10 12:11:57.171, 0, 100, 21046, 24576, 186.40
2026/08/10 12:11:57.171, 1, 100, 13282, 24576, 242.17
2026/08/10 12:11:57.172, 2, 98, 23736, 24576, 310.90
2026/08/10 12:12:02.172, 0, 91, 21466, 24576, 307.58
2026/08/10 12:12:02.173, 1, 100, 23052, 24576, 298.02
2026/08/10 12:12:02.173, 2, 98, 23736, 24576, 329.14
2026/08/10 12:12:07.174, 0, 100, 21466, 24576, 326.43
2026/08/10 12:12:07.175, 1, 92, 23052, 24576, 310.64
2026/08/10 12:12:07.175, 2, 100, 23736, 24576, 325.05
2026/08/10 12:12:12.176, 0, 80, 21466, 24576, 332.87
2026/08/10 12:12:12.177, 1, 83, 23052, 24576, 323.02
2026/08/10 12:12:12.177, 2, 84, 23736, 24576, 333.65
2026/08/10 12:12:17.178, 0, 82, 21466, 24576, 319.56
2026/08/10 12:12:17.179, 1, 84, 23052, 24576, 302.73
2026/08/10 12:12:17.180, 2, 83, 23736, 24576, 321.84
2026/08/10 12:12:22.181, 0, 98, 14350, 24576, 301.68
2026/08/10 12:12:22.182, 1, 98, 15864, 24576, 287.74
2026/08/10 12:12:22.182, 2, 100, 13042, 24576, 301.62
2026/08/10 12:12:27.183, 0, 98, 14350, 24576, 322.84
2026/08/10 12:12:27.183, 1, 100, 13324, 24576, 298.46
2026/08/10 12:12:27.184, 2, 98, 13042, 24576, 313.82
2026/08/10 12:12:32.185, 0, 94, 21524, 24576, 310.43
2026/08/10 12:12:32.185, 1, 100, 23936, 24576, 306.07
2026/08/10 12:12:32.186, 2, 100, 21634, 24576, 326.15
2026/08/10 12:12:37.187, 0, 100, 22044, 24576, 306.84
2026/08/10 12:12:37.187, 1, 97, 23936, 24576, 310.00
2026/08/10 12:12:37.188, 2, 97, 20854, 24576, 316.65
2026/08/10 12:12:42.189, 0, 95, 22044, 24576, 296.49
2026/08/10 12:12:42.190, 1, 97, 23936, 24576, 301.85
2026/08/10 12:12:42.190, 2, 93, 20854, 24576, 313.90
2026/08/10 12:12:47.191, 0, 82, 22044, 24576, 323.20
2026/08/10 12:12:47.192, 1, 82, 23936, 24576, 306.47
2026/08/10 12:12:47.193, 2, 83, 20854, 24576, 326.06
2026/08/10 12:12:52.193, 0, 98, 22044, 24576, 307.04
2026/08/10 12:12:52.194, 1, 98, 23936, 24576, 295.31
2026/08/10 12:12:52.195, 2, 98, 20854, 24576, 307.52
2026/08/10 12:12:57.195, 0, 98, 22650, 24576, 321.90
2026/08/10 12:12:57.196, 1, 98, 23936, 24576, 292.16
2026/08/10 12:12:57.196, 2, 98, 13322, 24576, 308.07
2026/08/10 12:13:02.197, 0, 100, 23186, 24576, 340.82
2026/08/10 12:13:02.198, 1, 100, 23936, 24576, 325.33
2026/08/10 12:13:02.198, 2, 100, 22852, 24576, 318.82
2026/08/10 12:13:07.199, 0, 88, 22826, 24576, 327.99
2026/08/10 12:13:07.200, 1, 88, 23936, 24576, 303.61
2026/08/10 12:13:07.201, 2, 89, 22852, 24576, 318.25
2026/08/10 12:13:12.202, 0, 92, 21006, 24576, 314.51
2026/08/10 12:13:12.204, 1, 100, 23936, 24576, 299.89
2026/08/10 12:13:12.205, 2, 100, 22852, 24576, 309.33
2026/08/10 12:13:17.206, 0, 80, 22826, 24576, 333.75
2026/08/10 12:13:17.206, 1, 66, 23936, 24576, 288.10
2026/08/10 12:13:17.207, 2, 82, 22852, 24576, 330.45
2026/08/10 12:13:22.207, 0, 100, 22826, 24576, 234.48
2026/08/10 12:13:22.208, 1, 86, 23936, 24576, 302.86
2026/08/10 12:13:22.208, 2, 88, 22852, 24576, 284.83
2026/08/10 12:13:27.209, 0, 98, 13430, 24576, 334.58
2026/08/10 12:13:27.210, 1, 100, 14182, 24576, 302.24
2026/08/10 12:13:27.210, 2, 96, 14482, 24576, 313.53
2026/08/10 12:13:32.211, 0, 100, 13430, 24576, 186.46
2026/08/10 12:13:32.212, 1, 100, 21396, 24576, 301.10
2026/08/10 12:13:32.212, 2, 31, 13838, 24576, 248.21
2026/08/10 12:13:37.213, 0, 90, 20768, 24576, 292.55
2026/08/10 12:13:37.214, 1, 100, 20796, 24576, 304.86
2026/08/10 12:13:37.215, 2, 100, 21274, 24576, 303.21
2026/08/10 12:13:42.216, 0, 86, 23188, 24576, 313.57
2026/08/10 12:13:42.217, 1, 100, 23176, 24576, 308.55
2026/08/10 12:13:42.217, 2, 100, 22314, 24576, 316.50
2026/08/10 12:13:47.218, 0, 89, 23188, 24576, 296.37
2026/08/10 12:13:47.219, 1, 100, 23176, 24576, 300.77
2026/08/10 12:13:47.219, 2, 100, 20674, 24576, 300.44
2026/08/10 12:13:52.220, 0, 79, 23188, 24576, 333.67
2026/08/10 12:13:52.221, 1, 82, 23176, 24576, 302.08
2026/08/10 12:13:52.221, 2, 85, 22314, 24576, 337.54
2026/08/10 12:13:57.222, 0, 83, 23188, 24576, 337.72
2026/08/10 12:13:57.223, 1, 98, 23176, 24576, 254.74
2026/08/10 12:13:57.224, 2, 97, 22314, 24576, 234.96
2026/08/10 12:14:02.228, 0, 98, 23188, 24576, 332.56
2026/08/10 12:14:02.229, 1, 98, 23176, 24576, 301.05
2026/08/10 12:14:02.229, 2, 98, 13024, 24576, 331.15
2026/08/10 12:14:07.230, 0, 100, 21612, 24576, 267.38
2026/08/10 12:14:07.231, 1, 95, 21316, 24576, 268.60
2026/08/10 12:14:07.231, 2, 100, 23480, 24576, 316.09
2026/08/10 12:14:12.232, 0, 96, 21668, 24576, 308.60
2026/08/10 12:14:12.232, 1, 92, 21374, 24576, 300.29
2026/08/10 12:14:12.233, 2, 100, 24136, 24576, 335.04
2026/08/10 12:14:17.233, 0, 91, 21668, 24576, 299.96
2026/08/10 12:14:17.234, 1, 100, 21374, 24576, 298.50
2026/08/10 12:14:17.234, 2, 95, 24136, 24576, 321.99
2026/08/10 12:14:22.235, 0, 81, 23788, 24576, 335.08
2026/08/10 12:14:22.236, 1, 80, 23574, 24576, 321.12
2026/08/10 12:14:22.236, 2, 81, 21956, 24576, 333.51
2026/08/10 12:14:27.237, 0, 83, 23788, 24576, 337.64
2026/08/10 12:14:27.238, 1, 81, 23574, 24576, 306.35
2026/08/10 12:14:27.239, 2, 81, 21956, 24576, 322.71
2026/08/10 12:14:32.240, 0, 98, 13570, 24576, 335.62
2026/08/10 12:14:32.241, 1, 98, 23082, 24576, 313.00
2026/08/10 12:14:32.241, 2, 98, 12842, 24576, 327.92
2026/08/10 12:14:37.242, 0, 86, 21860, 24576, 310.19
2026/08/10 12:14:37.243, 1, 89, 21064, 24576, 276.67
2026/08/10 12:14:37.243, 2, 87, 20684, 24576, 263.02
2026/08/10 12:14:42.244, 0, 96, 24128, 24576, 330.76
2026/08/10 12:14:42.245, 1, 100, 22812, 24576, 308.10
2026/08/10 12:14:42.245, 2, 97, 22752, 24576, 317.33
2026/08/10 12:14:47.246, 0, 100, 24128, 24576, 341.33
2026/08/10 12:14:47.246, 1, 88, 22812, 24576, 299.75
2026/08/10 12:14:47.247, 2, 88, 22752, 24576, 334.46
2026/08/10 12:14:52.248, 0, 83, 21928, 24576, 334.32
2026/08/10 12:14:52.248, 1, 80, 22812, 24576, 303.80
2026/08/10 12:14:52.249, 2, 84, 20752, 24576, 334.87
2026/08/10 12:14:57.250, 0, 82, 21928, 24576, 337.56
2026/08/10 12:14:57.251, 1, 81, 22812, 24576, 305.37
2026/08/10 12:14:57.251, 2, 84, 20752, 24576, 328.96
2026/08/10 12:15:02.252, 0, 100, 20710, 24576, 331.58
2026/08/10 12:15:02.253, 1, 98, 13062, 24576, 301.49
2026/08/10 12:15:02.253, 2, 98, 13042, 24576, 339.09
2026/08/10 12:15:07.254, 0, 98, 20710, 24576, 321.88
2026/08/10 12:15:07.255, 1, 98, 13062, 24576, 305.34
2026/08/10 12:15:07.255, 2, 98, 13042, 24576, 324.79
2026/08/10 12:15:12.256, 0, 93, 23310, 24576, 321.24
2026/08/10 12:15:12.256, 1, 90, 21796, 24576, 302.98
2026/08/10 12:15:12.257, 2, 91, 21454, 24576, 301.72
2026/08/10 12:15:17.258, 0, 89, 23670, 24576, 323.05
2026/08/10 12:15:17.258, 1, 100, 23996, 24576, 309.65
2026/08/10 12:15:17.259, 2, 100, 23654, 24576, 329.72
2026/08/10 12:15:22.260, 0, 100, 23310, 24576, 326.63
2026/08/10 12:15:22.261, 1, 100, 23996, 24576, 331.41
2026/08/10 12:15:22.261, 2, 100, 23654, 24576, 334.25
2026/08/10 12:15:27.263, 0, 83, 23310, 24576, 336.13
2026/08/10 12:15:27.263, 1, 79, 21796, 24576, 301.83
2026/08/10 12:15:27.264, 2, 82, 21454, 24576, 334.53
2026/08/10 12:15:32.265, 0, 98, 23310, 24576, 309.82
2026/08/10 12:15:32.265, 1, 100, 21796, 24576, 300.07
2026/08/10 12:15:32.266, 2, 100, 21454, 24576, 278.80
2026/08/10 12:15:37.266, 0, 99, 23330, 24576, 334.86
2026/08/10 12:15:37.267, 1, 98, 12862, 24576, 290.35
2026/08/10 12:15:37.267, 2, 98, 12842, 24576, 331.16
2026/08/10 12:15:42.268, 0, 97, 20786, 24576, 310.37
2026/08/10 12:15:42.269, 1, 96, 22432, 24576, 305.84
2026/08/10 12:15:42.269, 2, 96, 22572, 24576, 310.45
2026/08/10 12:15:47.270, 0, 91, 20826, 24576, 307.08
2026/08/10 12:15:47.271, 1, 100, 22432, 24576, 299.40
2026/08/10 12:15:47.271, 2, 100, 22572, 24576, 313.39
2026/08/10 12:15:52.272, 0, 100, 20826, 24576, 310.52
2026/08/10 12:15:52.273, 1, 89, 22432, 24576, 317.74
2026/08/10 12:15:52.274, 2, 88, 22572, 24576, 337.32
2026/08/10 12:15:57.275, 0, 85, 22926, 24576, 335.47
2026/08/10 12:15:57.275, 1, 82, 20412, 24576, 304.17
2026/08/10 12:15:57.276, 2, 84, 20572, 24576, 338.02
2026/08/10 12:16:02.276, 0, 98, 22926, 24576, 338.80
2026/08/10 12:16:02.277, 1, 97, 20412, 24576, 279.43
2026/08/10 12:16:02.277, 2, 100, 20572, 24576, 264.31
2026/08/10 12:16:07.278, 0, 98, 13570, 24576, 338.43
2026/08/10 12:16:07.279, 1, 98, 20412, 24576, 300.67
2026/08/10 12:16:07.279, 2, 98, 13042, 24576, 327.08
2026/08/10 12:16:12.280, 0, 100, 24008, 24576, 307.01
2026/08/10 12:16:12.280, 1, 95, 21592, 24576, 297.87
2026/08/10 12:16:12.281, 2, 100, 22792, 24576, 314.67
2026/08/10 12:16:17.282, 0, 100, 24008, 24576, 319.36
2026/08/10 12:16:17.283, 1, 94, 20652, 24576, 318.64
2026/08/10 12:16:17.283, 2, 94, 22792, 24576, 310.21
2026/08/10 12:16:22.284, 0, 95, 24008, 24576, 317.44
2026/08/10 12:16:22.285, 1, 89, 22212, 24576, 298.68
2026/08/10 12:16:22.286, 2, 92, 22792, 24576, 308.98
2026/08/10 12:16:27.286, 0, 83, 21788, 24576, 335.71
2026/08/10 12:16:27.287, 1, 81, 22212, 24576, 302.49
2026/08/10 12:16:27.287, 2, 84, 20572, 24576, 335.40
2026/08/10 12:16:32.288, 0, 98, 21788, 24576, 272.52
2026/08/10 12:16:32.289, 1, 89, 22212, 24576, 303.93
2026/08/10 12:16:32.289, 2, 98, 20572, 24576, 301.14
2026/08/10 12:16:37.290, 0, 98, 19870, 24576, 336.20
2026/08/10 12:16:37.291, 1, 98, 21502, 24576, 302.72
2026/08/10 12:16:37.291, 2, 99, 20572, 24576, 313.17
2026/08/10 12:16:42.292, 0, 88, 23226, 24576, 314.98
2026/08/10 12:16:42.292, 1, 100, 23032, 24576, 299.92
2026/08/10 12:16:42.293, 2, 88, 24112, 24576, 305.28
2026/08/10 12:16:47.294, 0, 93, 21486, 24576, 311.27
2026/08/10 12:16:47.295, 1, 90, 20592, 24576, 282.92
2026/08/10 12:16:47.296, 2, 94, 22812, 24576, 305.36
2026/08/10 12:16:52.297, 0, 93, 21486, 24576, 311.35
2026/08/10 12:16:52.298, 1, 95, 20592, 24576, 294.90
2026/08/10 12:16:52.298, 2, 93, 22812, 24576, 314.46
2026/08/10 12:16:57.299, 0, 83, 21486, 24576, 335.91
2026/08/10 12:16:57.299, 1, 82, 22692, 24576, 308.79
2026/08/10 12:16:57.300, 2, 81, 22812, 24576, 335.84
2026/08/10 12:17:02.301, 0, 100, 21486, 24576, 301.12
2026/08/10 12:17:02.301, 1, 100, 22692, 24576, 298.45
2026/08/10 12:17:02.302, 2, 98, 22812, 24576, 291.25
2026/08/10 12:17:07.302, 0, 99, 13550, 24576, 336.42
2026/08/10 12:17:07.303, 1, 98, 13442, 24576, 295.85
2026/08/10 12:17:07.303, 2, 98, 21482, 24576, 316.17
2026/08/10 12:17:12.304, 0, 100, 13550, 24576, 185.81
2026/08/10 12:17:12.305, 1, 100, 13462, 24576, 296.09
2026/08/10 12:17:12.305, 2, 100, 14018, 24576, 174.01
2026/08/10 12:17:17.306, 0, 100, 23930, 24576, 309.29
2026/08/10 12:17:17.307, 1, 96, 23116, 24576, 296.94
2026/08/10 12:17:17.308, 2, 100, 21674, 24576, 290.40
2026/08/10 12:17:22.309, 0, 100, 23930, 24576, 326.20
2026/08/10 12:17:22.309, 1, 100, 23116, 24576, 310.45
2026/08/10 12:17:22.310, 2, 100, 21674, 24576, 313.72
2026/08/10 12:17:27.311, 0, 23, 23930, 24576, 278.37
2026/08/10 12:17:27.311, 1, 22, 23116, 24576, 279.22
2026/08/10 12:17:27.312, 2, 21, 21674, 24576, 267.30
2026/08/10 12:17:32.312, 0, 85, 23930, 24576, 338.48
2026/08/10 12:17:32.313, 1, 81, 23116, 24576, 313.68
2026/08/10 12:17:32.313, 2, 83, 21674, 24576, 338.21
2026/08/10 12:17:37.314, 0, 98, 23930, 24576, 314.80
2026/08/10 12:17:37.314, 1, 98, 23116, 24576, 304.18
2026/08/10 12:17:37.315, 2, 98, 21674, 24576, 316.41
2026/08/10 12:17:42.316, 0, 98, 13570, 24576, 338.93
2026/08/10 12:17:42.320, 1, 98, 13002, 24576, 303.25
2026/08/10 12:17:42.321, 2, 98, 13042, 24576, 331.96
2026/08/10 12:17:47.322, 0, 100, 23706, 24576, 339.74
2026/08/10 12:17:47.322, 1, 88, 23054, 24576, 312.98
2026/08/10 12:17:47.323, 2, 88, 22974, 24576, 334.82
2026/08/10 12:17:52.324, 0, 89, 23706, 24576, 338.44
2026/08/10 12:17:52.324, 1, 100, 23054, 24576, 340.19
2026/08/10 12:17:52.325, 2, 100, 22974, 24576, 341.07
2026/08/10 12:17:57.325, 0, 100, 23706, 24576, 336.83
2026/08/10 12:17:57.326, 1, 88, 23054, 24576, 317.41
2026/08/10 12:17:57.326, 2, 89, 22974, 24576, 339.22
2026/08/10 12:18:02.327, 0, 85, 21486, 24576, 338.42
2026/08/10 12:18:02.328, 1, 82, 20894, 24576, 302.56
2026/08/10 12:18:02.328, 2, 84, 20754, 24576, 336.08
2026/08/10 12:18:07.329, 0, 98, 21486, 24576, 306.54
2026/08/10 12:18:07.330, 1, 100, 20894, 24576, 295.85
2026/08/10 12:18:07.331, 2, 100, 20754, 24576, 327.83
2026/08/10 12:18:12.332, 0, 99, 13492, 24576, 338.33
2026/08/10 12:18:12.333, 1, 98, 20894, 24576, 299.35
2026/08/10 12:18:12.333, 2, 100, 23762, 24576, 317.12
2026/08/10 12:18:17.334, 0, 100, 23166, 24576, 330.21
2026/08/10 12:18:17.335, 1, 81, 23054, 24576, 313.00
2026/08/10 12:18:17.335, 2, 100, 20692, 24576, 293.92
2026/08/10 12:18:22.336, 0, 89, 23206, 24576, 317.14
2026/08/10 12:18:22.336, 1, 89, 23054, 24576, 317.66
2026/08/10 12:18:22.337, 2, 100, 20692, 24576, 299.53
2026/08/10 12:18:27.338, 0, 100, 23206, 24576, 317.66
2026/08/10 12:18:27.338, 1, 88, 23054, 24576, 296.60
2026/08/10 12:18:27.339, 2, 89, 20692, 24576, 302.78
2026/08/10 12:18:32.340, 0, 86, 23206, 24576, 338.54
2026/08/10 12:18:32.340, 1, 80, 20874, 24576, 309.39
2026/08/10 12:18:32.341, 2, 85, 22752, 24576, 332.26
2026/08/10 12:18:37.343, 0, 99, 23206, 24576, 280.31
2026/08/10 12:18:37.343, 1, 98, 20874, 24576, 304.84
2026/08/10 12:18:37.344, 2, 98, 22752, 24576, 279.46
2026/08/10 12:18:42.345, 0, 98, 23206, 24576, 339.06
2026/08/10 12:18:42.345, 1, 98, 20874, 24576, 300.12
2026/08/10 12:18:42.346, 2, 98, 23542, 24576, 323.15
2026/08/10 12:18:47.347, 0, 100, 23508, 24576, 319.12
2026/08/10 12:18:47.347, 1, 90, 23454, 24576, 314.09
2026/08/10 12:18:47.348, 2, 100, 22450, 24576, 316.31
2026/08/10 12:18:52.348, 0, 98, 23508, 24576, 319.67
2026/08/10 12:18:52.349, 1, 89, 23454, 24576, 288.26
2026/08/10 12:18:52.350, 2, 100, 22450, 24576, 311.25
2026/08/10 12:18:57.350, 0, 99, 23508, 24576, 319.87
2026/08/10 12:18:57.351, 1, 90, 23454, 24576, 314.50
2026/08/10 12:18:57.352, 2, 100, 22450, 24576, 313.71
2026/08/10 12:19:02.353, 0, 84, 23508, 24576, 336.42
2026/08/10 12:19:02.354, 1, 82, 23454, 24576, 311.80
2026/08/10 12:19:02.354, 2, 83, 22450, 24576, 336.31
2026/08/10 12:19:07.355, 0, 98, 23508, 24576, 313.95
2026/08/10 12:19:07.356, 1, 98, 23454, 24576, 308.74
2026/08/10 12:19:07.356, 2, 98, 22450, 24576, 290.22
2026/08/10 12:19:12.357, 0, 99, 13530, 24576, 335.75
2026/08/10 12:19:12.358, 1, 98, 19702, 24576, 305.24
2026/08/10 12:19:12.358, 2, 98, 12922, 24576, 335.50
2026/08/10 12:19:17.359, 0, 89, 23868, 24576, 318.71
2026/08/10 12:19:17.360, 1, 88, 23488, 24576, 309.61
2026/08/10 12:19:17.360, 2, 100, 22774, 24576, 315.65
2026/08/10 12:19:22.361, 0, 89, 24208, 24576, 338.86
2026/08/10 12:19:22.368, 1, 87, 23496, 24576, 302.25
2026/08/10 12:19:22.372, 2, 89, 20694, 24576, 299.65
2026/08/10 12:19:27.373, 0, 100, 24208, 24576, 331.60
2026/08/10 12:19:27.374, 1, 99, 23496, 24576, 321.41
2026/08/10 12:19:27.374, 2, 97, 20694, 24576, 302.29
2026/08/10 12:19:32.375, 0, 82, 22068, 24576, 335.44
2026/08/10 12:19:32.375, 1, 82, 23496, 24576, 319.89
2026/08/10 12:19:32.376, 2, 83, 22774, 24576, 336.33
2026/08/10 12:19:37.376, 0, 83, 22068, 24576, 337.85
2026/08/10 12:19:37.377, 1, 83, 23496, 24576, 312.11
2026/08/10 12:19:37.377, 2, 84, 22774, 24576, 329.45
2026/08/10 12:19:42.378, 0, 98, 22068, 24576, 338.82
2026/08/10 12:19:42.379, 1, 98, 23496, 24576, 303.93
2026/08/10 12:19:42.380, 2, 98, 20524, 24576, 333.37
2026/08/10 12:19:47.381, 0, 100, 22068, 24576, 213.38
2026/08/10 12:19:47.384, 1, 100, 23496, 24576, 248.12
2026/08/10 12:19:47.385, 2, 100, 20518, 24576, 335.25
2026/08/10 12:19:52.386, 0, 94, 23448, 24576, 298.79
2026/08/10 12:19:52.386, 1, 90, 22914, 24576, 293.71
2026/08/10 12:19:52.387, 2, 92, 23536, 24576, 318.14
2026/08/10 12:19:57.388, 0, 100, 23448, 24576, 312.80
2026/08/10 12:19:57.388, 1, 100, 22914, 24576, 319.84
2026/08/10 12:19:57.389, 2, 100, 23536, 24576, 330.57
2026/08/10 12:20:02.389, 0, 96, 23448, 24576, 291.64
2026/08/10 12:20:02.390, 1, 92, 22914, 24576, 280.23
2026/08/10 12:20:02.390, 2, 94, 23536, 24576, 322.75
2026/08/10 12:20:07.392, 0, 83, 23448, 24576, 337.32
2026/08/10 12:20:07.392, 1, 81, 22914, 24576, 323.09
2026/08/10 12:20:07.393, 2, 83, 23536, 24576, 328.90
2026/08/10 12:20:12.394, 0, 98, 23448, 24576, 307.80
2026/08/10 12:20:12.394, 1, 100, 22914, 24576, 287.27
2026/08/10 12:20:12.395, 2, 100, 23536, 24576, 317.60
2026/08/10 12:20:17.396, 0, 98, 13450, 24576, 338.15
2026/08/10 12:20:17.396, 1, 100, 19356, 24576, 316.99
2026/08/10 12:20:17.397, 2, 98, 21662, 24576, 311.40
2026/08/10 12:20:22.398, 0, 93, 21528, 24576, 312.67
2026/08/10 12:20:22.398, 1, 88, 22212, 24576, 310.18
2026/08/10 12:20:22.399, 2, 96, 22630, 24576, 315.01
2026/08/10 12:20:27.400, 0, 91, 21528, 24576, 309.61
2026/08/10 12:20:27.400, 1, 90, 22212, 24576, 300.69
2026/08/10 12:20:27.401, 2, 96, 22630, 24576, 317.44
2026/08/10 12:20:32.402, 0, 94, 21528, 24576, 315.66
2026/08/10 12:20:32.402, 1, 95, 22212, 24576, 297.27
2026/08/10 12:20:32.403, 2, 100, 22630, 24576, 328.22
2026/08/10 12:20:37.404, 0, 85, 21528, 24576, 336.26
2026/08/10 12:20:37.405, 1, 82, 22212, 24576, 314.20
2026/08/10 12:20:37.406, 2, 84, 22630, 24576, 336.28
2026/08/10 12:20:42.406, 0, 83, 21528, 24576, 341.20
2026/08/10 12:20:42.407, 1, 80, 22212, 24576, 315.22
2026/08/10 12:20:42.407, 2, 79, 22630, 24576, 311.81
2026/08/10 12:20:47.408, 0, 98, 13590, 24576, 338.28
2026/08/10 12:20:47.409, 1, 100, 13062, 24576, 310.79
2026/08/10 12:20:47.409, 2, 98, 16002, 24576, 330.79
2026/08/10 12:20:52.410, 0, 98, 13590, 24576, 338.47
2026/08/10 12:20:52.410, 1, 98, 13062, 24576, 303.61
2026/08/10 12:20:52.411, 2, 100, 13938, 24576, 175.06
2026/08/10 12:20:57.412, 0, 100, 23490, 24576, 328.45
2026/08/10 12:20:57.412, 1, 100, 23216, 24576, 314.47
2026/08/10 12:20:57.413, 2, 100, 23414, 24576, 311.38
2026/08/10 12:21:02.414, 0, 100, 23490, 24576, 317.61
2026/08/10 12:21:02.414, 1, 100, 22396, 24576, 306.77
2026/08/10 12:21:02.415, 2, 100, 22514, 24576, 292.76
2026/08/10 12:21:07.416, 0, 100, 23490, 24576, 328.33
2026/08/10 12:21:07.417, 1, 100, 23216, 24576, 309.53
2026/08/10 12:21:07.418, 2, 100, 23414, 24576, 315.24
2026/08/10 12:21:12.418, 0, 85, 23490, 24576, 337.26
2026/08/10 12:21:12.419, 1, 82, 23216, 24576, 311.41
2026/08/10 12:21:12.419, 2, 85, 23414, 24576, 336.28
2026/08/10 12:21:17.420, 0, 100, 24210, 24576, 338.14
2026/08/10 12:21:17.421, 1, 98, 23216, 24576, 304.36
2026/08/10 12:21:17.421, 2, 98, 23414, 24576, 335.79
2026/08/10 12:21:22.422, 0, 100, 13730, 24576, 338.63
2026/08/10 12:21:22.422, 1, 90, 13896, 24576, 269.90
2026/08/10 12:21:22.423, 2, 97, 23414, 24576, 318.76
2026/08/10 12:21:27.424, 0, 100, 23688, 24576, 315.41
2026/08/10 12:21:27.424, 1, 94, 23094, 24576, 297.09
2026/08/10 12:21:27.425, 2, 100, 20732, 24576, 308.86
2026/08/10 12:21:32.426, 0, 97, 23688, 24576, 314.61
2026/08/10 12:21:32.427, 1, 95, 23094, 24576, 312.09
2026/08/10 12:21:32.427, 2, 94, 22012, 24576, 296.48
2026/08/10 12:21:37.428, 0, 98, 23688, 24576, 318.33
2026/08/10 12:21:37.429, 1, 95, 23094, 24576, 326.26
2026/08/10 12:21:37.430, 2, 91, 22012, 24576, 305.26
2026/08/10 12:21:42.430, 0, 83, 23688, 24576, 337.60
2026/08/10 12:21:42.431, 1, 85, 23094, 24576, 300.70
2026/08/10 12:21:42.431, 2, 84, 22012, 24576, 336.52
2026/08/10 12:21:47.432, 0, 98, 23688, 24576, 291.30
2026/08/10 12:21:47.433, 1, 100, 23094, 24576, 311.41
2026/08/10 12:21:47.434, 2, 100, 22012, 24576, 294.75
2026/08/10 12:21:52.434, 0, 98, 13570, 24576, 338.90
2026/08/10 12:21:52.435, 1, 98, 23094, 24576, 298.99
2026/08/10 12:21:52.435, 2, 98, 23762, 24576, 326.25
2026/08/10 12:21:57.437, 0, 94, 22186, 24576, 306.13
2026/08/10 12:21:57.441, 1, 85, 22234, 24576, 327.13
2026/08/10 12:21:57.442, 2, 100, 22414, 24576, 321.84
2026/08/10 12:22:02.442, 0, 89, 23026, 24576, 316.29
2026/08/10 12:22:02.443, 1, 96, 23034, 24576, 308.39
2026/08/10 12:22:02.443, 2, 95, 20854, 24576, 313.20
2026/08/10 12:22:07.444, 0, 94, 23026, 24576, 313.67
2026/08/10 12:22:07.445, 1, 89, 23034, 24576, 303.88
2026/08/10 12:22:07.445, 2, 88, 20854, 24576, 309.36
2026/08/10 12:22:12.446, 0, 82, 23026, 24576, 337.13
2026/08/10 12:22:12.447, 1, 84, 23034, 24576, 313.61
2026/08/10 12:22:12.447, 2, 83, 22914, 24576, 334.74
2026/08/10 12:22:17.448, 0, 88, 23026, 24576, 314.25
2026/08/10 12:22:17.448, 1, 98, 23034, 24576, 280.07
2026/08/10 12:22:17.449, 2, 84, 22914, 24576, 335.77
2026/08/10 12:22:22.450, 0, 97, 13550, 24576, 336.98
2026/08/10 12:22:22.451, 1, 89, 14862, 24576, 272.60
2026/08/10 12:22:22.451, 2, 99, 22914, 24576, 319.16
2026/08/10 12:22:27.453, 0, 100, 13550, 24576, 179.69
2026/08/10 12:22:27.453, 1, 94, 13636, 24576, 285.95
2026/08/10 12:22:27.454, 2, 100, 22914, 24576, 174.02
2026/08/10 12:22:32.455, 0, 100, 23808, 24576, 330.76
2026/08/10 12:22:32.455, 1, 96, 23136, 24576, 322.27
2026/08/10 12:22:32.456, 2, 93, 23274, 24576, 317.85
2026/08/10 12:22:37.457, 0, 100, 22228, 24576, 293.00
2026/08/10 12:22:37.457, 1, 88, 23496, 24576, 314.10
2026/08/10 12:22:37.458, 2, 88, 23934, 24576, 317.67
2026/08/10 12:22:42.459, 0, 100, 21628, 24576, 305.61
2026/08/10 12:22:42.459, 1, 100, 23136, 24576, 313.74
2026/08/10 12:22:42.460, 2, 97, 23274, 24576, 318.32
2026/08/10 12:22:47.461, 0, 82, 21628, 24576, 337.78
2026/08/10 12:22:47.462, 1, 83, 23136, 24576, 304.30
2026/08/10 12:22:47.462, 2, 78, 23274, 24576, 332.33
2026/08/10 12:22:52.463, 0, 98, 21628, 24576, 338.03
2026/08/10 12:22:52.464, 1, 98, 23136, 24576, 307.88
2026/08/10 12:22:52.465, 2, 98, 23274, 24576, 338.34
2026/08/10 12:22:57.465, 0, 98, 13992, 24576, 335.42
2026/08/10 12:22:57.466, 1, 98, 23136, 24576, 304.17
2026/08/10 12:22:57.466, 2, 100, 13002, 24576, 318.14
2026/08/10 12:23:02.467, 0, 97, 22388, 24576, 339.94
2026/08/10 12:23:02.468, 1, 88, 22852, 24576, 324.52
2026/08/10 12:23:02.468, 2, 95, 22792, 24576, 313.55
2026/08/10 12:23:07.469, 0, 88, 23648, 24576, 336.20
2026/08/10 12:23:07.470, 1, 89, 20992, 24576, 308.89
2026/08/10 12:23:07.470, 2, 100, 22934, 24576, 327.33
2026/08/10 12:23:12.471, 0, 89, 23268, 24576, 337.16
2026/08/10 12:23:12.472, 1, 100, 20632, 24576, 302.94
2026/08/10 12:23:12.472, 2, 89, 22934, 24576, 337.54
2026/08/10 12:23:17.473, 0, 80, 23268, 24576, 336.79
2026/08/10 12:23:17.474, 1, 80, 22852, 24576, 331.10
2026/08/10 12:23:17.476, 2, 80, 20754, 24576, 335.91
2026/08/10 12:23:22.477, 0, 83, 23268, 24576, 339.75
2026/08/10 12:23:22.478, 1, 84, 22852, 24576, 307.94
2026/08/10 12:23:22.478, 2, 83, 20754, 24576, 339.80
2026/08/10 12:23:27.479, 0, 98, 14450, 24576, 335.16
2026/08/10 12:23:27.479, 1, 98, 24102, 24576, 308.25
2026/08/10 12:23:27.480, 2, 98, 13042, 24576, 336.71
2026/08/10 12:23:32.481, 0, 98, 14450, 24576, 333.54
2026/08/10 12:23:32.481, 1, 87, 13856, 24576, 276.51
2026/08/10 12:23:32.482, 2, 100, 13042, 24576, 228.49
2026/08/10 12:23:37.482, 0, 100, 23410, 24576, 333.37
2026/08/10 12:23:37.483, 1, 88, 20932, 24576, 305.14
2026/08/10 12:23:37.483, 2, 89, 22932, 24576, 336.01
2026/08/10 12:23:42.484, 0, 100, 23410, 24576, 336.59
2026/08/10 12:23:42.485, 1, 100, 20932, 24576, 303.77
2026/08/10 12:23:42.486, 2, 100, 22932, 24576, 337.40
2026/08/10 12:23:47.487, 0, 3, 23410, 24576, 272.74
2026/08/10 12:23:47.488, 1, 23, 22932, 24576, 264.29
2026/08/10 12:23:47.489, 2, 23, 20712, 24576, 257.99
2026/08/10 12:23:52.491, 0, 84, 23410, 24576, 337.21
2026/08/10 12:23:52.492, 1, 82, 22932, 24576, 303.54
2026/08/10 12:23:52.492, 2, 84, 20712, 24576, 338.95
2026/08/10 12:23:57.493, 0, 98, 23410, 24576, 334.96
2026/08/10 12:23:57.494, 1, 98, 24252, 24576, 315.00
2026/08/10 12:23:57.495, 2, 98, 23292, 24576, 299.34
2026/08/10 12:24:02.495, 0, 98, 23410, 24576, 322.28
2026/08/10 12:24:02.496, 1, 98, 13958, 24576, 288.87
2026/08/10 12:24:02.497, 2, 98, 23184, 24576, 329.77
2026/08/10 12:24:07.498, 0, 94, 22866, 24576, 314.80
2026/08/10 12:24:07.499, 1, 98, 22792, 24576, 318.67
2026/08/10 12:24:07.499, 2, 95, 23976, 24576, 328.77
2026/08/10 12:24:12.500, 0, 93, 22866, 24576, 314.53
2026/08/10 12:24:12.501, 1, 100, 22792, 24576, 316.21
2026/08/10 12:24:12.501, 2, 95, 23976, 24576, 328.29
2026/08/10 12:24:17.502, 0, 94, 22866, 24576, 312.93
2026/08/10 12:24:17.503, 1, 95, 22792, 24576, 310.24
2026/08/10 12:24:17.503, 2, 95, 23976, 24576, 321.00
2026/08/10 12:24:22.504, 0, 83, 22866, 24576, 336.55
2026/08/10 12:24:22.505, 1, 80, 22792, 24576, 319.61
2026/08/10 12:24:22.505, 2, 83, 23976, 24576, 332.97
2026/08/10 12:24:27.506, 0, 85, 22866, 24576, 339.18
2026/08/10 12:24:27.507, 1, 83, 22792, 24576, 313.00
2026/08/10 12:24:27.507, 2, 100, 23976, 24576, 275.92
2026/08/10 12:24:32.508, 0, 99, 22866, 24576, 338.38
2026/08/10 12:24:32.509, 1, 100, 12862, 24576, 319.02
2026/08/10 12:24:32.510, 2, 99, 12840, 24576, 325.84
2026/08/10 12:24:37.511, 0, 100, 22248, 24576, 321.77
2026/08/10 12:24:37.511, 1, 93, 20554, 24576, 324.37
2026/08/10 12:24:37.512, 2, 95, 20610, 24576, 314.67
2026/08/10 12:24:42.513, 0, 90, 22248, 24576, 317.21
2026/08/10 12:24:42.514, 1, 88, 20834, 24576, 296.67
2026/08/10 12:24:42.514, 2, 90, 19770, 24576, 299.05
2026/08/10 12:24:47.515, 0, 93, 22248, 24576, 323.52
2026/08/10 12:24:47.515, 1, 96, 20834, 24576, 306.88
2026/08/10 12:24:47.516, 2, 92, 19770, 24576, 290.76
2026/08/10 12:24:52.517, 0, 82, 22248, 24576, 338.01
2026/08/10 12:24:52.517, 1, 81, 20834, 24576, 308.60
2026/08/10 12:24:52.518, 2, 82, 19770, 24576, 336.99
2026/08/10 12:24:57.519, 0, 100, 22248, 24576, 280.59
2026/08/10 12:24:57.519, 1, 80, 20834, 24576, 303.27
2026/08/10 12:24:57.520, 2, 82, 19770, 24576, 299.96
2026/08/10 12:25:02.521, 0, 99, 16410, 24576, 339.93
2026/08/10 12:25:02.521, 1, 98, 16162, 24576, 308.88
2026/08/10 12:25:02.522, 2, 98, 17962, 24576, 292.49
2026/08/10 12:25:07.523, 0, 88, 21146, 24576, 312.14
2026/08/10 12:25:07.523, 1, 88, 21134, 24576, 288.49
2026/08/10 12:25:07.524, 2, 88, 21850, 24576, 304.40
2026/08/10 12:25:12.525, 0, 99, 22806, 24576, 310.09
2026/08/10 12:25:12.525, 1, 100, 22894, 24576, 318.99
2026/08/10 12:25:12.526, 2, 100, 22730, 24576, 310.47
2026/08/10 12:25:17.527, 0, 92, 22806, 24576, 308.83
2026/08/10 12:25:17.527, 1, 92, 22894, 24576, 305.04
2026/08/10 12:25:17.528, 2, 92, 21850, 24576, 296.53
2026/08/10 12:25:22.529, 0, 82, 22806, 24576, 336.34
2026/08/10 12:25:22.536, 1, 83, 22894, 24576, 309.02
2026/08/10 12:25:22.540, 2, 83, 21850, 24576, 337.13
2026/08/10 12:25:27.540, 0, 69, 22806, 24576, 317.16
2026/08/10 12:25:27.541, 1, 81, 22894, 24576, 314.83
2026/08/10 12:25:27.541, 2, 80, 21850, 24576, 332.27
2026/08/10 12:25:32.542, 0, 98, 22806, 24576, 337.94
2026/08/10 12:25:32.543, 1, 100, 14220, 24576, 281.47
2026/08/10 12:25:32.543, 2, 100, 17962, 24576, 326.84
2026/08/10 12:25:37.544, 0, 93, 20766, 24576, 227.72
2026/08/10 12:25:37.545, 1, 87, 22990, 24576, 264.22
2026/08/10 12:25:37.545, 2, 89, 20832, 24576, 228.28
2026/08/10 12:25:42.546, 0, 91, 20826, 24576, 304.78
2026/08/10 12:25:42.547, 1, 89, 23054, 24576, 302.37
2026/08/10 12:25:42.548, 2, 89, 20894, 24576, 306.20
2026/08/10 12:25:47.549, 0, 89, 20826, 24576, 302.91
2026/08/10 12:25:47.550, 1, 88, 23054, 24576, 301.62
2026/08/10 12:25:47.550, 2, 86, 20894, 24576, 305.78
2026/08/10 12:25:52.551, 0, 83, 22826, 24576, 336.93
2026/08/10 12:25:52.552, 1, 81, 23054, 24576, 314.13
2026/08/10 12:25:52.553, 2, 82, 23014, 24576, 335.04
2026/08/10 12:25:57.553, 0, 85, 22826, 24576, 339.38
2026/08/10 12:25:57.554, 1, 47, 23054, 24576, 287.52
2026/08/10 12:25:57.554, 2, 85, 23014, 24576, 325.11
2026/08/10 12:26:02.555, 0, 98, 18970, 24576, 302.62
2026/08/10 12:26:02.556, 1, 98, 13042, 24576, 297.52
2026/08/10 12:26:02.556, 2, 98, 17800, 24576, 293.53
2026/08/10 12:26:07.557, 0, 98, 23750, 24576, 338.80
2026/08/10 12:26:07.558, 1, 98, 13042, 24576, 310.77
2026/08/10 12:26:07.558, 2, 98, 23778, 24576, 338.05
2026/08/10 12:26:12.559, 0, 100, 22986, 24576, 326.43
2026/08/10 12:26:12.562, 1, 100, 22832, 24576, 329.65
2026/08/10 12:26:12.562, 2, 96, 20608, 24576, 306.07
2026/08/10 12:26:17.563, 0, 89, 22986, 24576, 324.04
2026/08/10 12:26:17.564, 1, 100, 22832, 24576, 330.44
2026/08/10 12:26:17.564, 2, 100, 20608, 24576, 314.85
2026/08/10 12:26:22.565, 0, 80, 22986, 24576, 284.65
2026/08/10 12:26:22.566, 1, 81, 20612, 24576, 291.93
2026/08/10 12:26:22.566, 2, 83, 20608, 24576, 283.08
2026/08/10 12:26:27.567, 0, 82, 22986, 24576, 338.75
2026/08/10 12:26:27.567, 1, 82, 20612, 24576, 314.91
2026/08/10 12:26:27.568, 2, 84, 20608, 24576, 337.45
2026/08/10 12:26:32.569, 0, 99, 18030, 24576, 303.54
2026/08/10 12:26:32.569, 1, 98, 21592, 24576, 275.63
2026/08/10 12:26:32.570, 2, 89, 12922, 24576, 287.91
2026/08/10 12:26:37.571, 0, 82, 17170, 24576, 313.05
2026/08/10 12:26:37.572, 1, 100, 19082, 24576, 290.48
2026/08/10 12:26:37.572, 2, 98, 13302, 24576, 321.32
2026/08/10 12:26:42.573, 0, 91, 21942, 24576, 286.70
2026/08/10 12:26:42.574, 1, 93, 23576, 24576, 305.33
2026/08/10 12:26:42.575, 2, 97, 23032, 24576, 305.85
2026/08/10 12:26:47.575, 0, 100, 21942, 24576, 301.83
2026/08/10 12:26:47.577, 1, 100, 23576, 24576, 304.55
2026/08/10 12:26:47.577, 2, 86, 23032, 24576, 311.77
2026/08/10 12:26:52.578, 0, 95, 21942, 24576, 300.29
2026/08/10 12:26:52.579, 1, 87, 23576, 24576, 309.86
2026/08/10 12:26:52.579, 2, 97, 23032, 24576, 312.48
2026/08/10 12:26:57.580, 0, 80, 21942, 24576, 338.09
2026/08/10 12:26:57.581, 1, 81, 23576, 24576, 308.03
2026/08/10 12:26:57.581, 2, 78, 23032, 24576, 329.98
2026/08/10 12:27:02.585, 0, 82, 21942, 24576, 341.34
2026/08/10 12:27:02.586, 1, 82, 23576, 24576, 307.54
2026/08/10 12:27:02.587, 2, 78, 23032, 24576, 334.92
2026/08/10 12:27:07.587, 0, 98, 13570, 24576, 343.27
2026/08/10 12:27:07.588, 1, 98, 13042, 24576, 311.46
2026/08/10 12:27:07.588, 2, 98, 13002, 24576, 330.95
2026/08/10 12:27:12.589, 0, 100, 13570, 24576, 214.35
2026/08/10 12:27:12.590, 1, 100, 13042, 24576, 252.50
2026/08/10 12:27:12.590, 2, 100, 13002, 24576, 318.92
2026/08/10 12:27:17.591, 0, 95, 21988, 24576, 320.18
2026/08/10 12:27:17.592, 1, 88, 21474, 24576, 306.73
2026/08/10 12:27:17.592, 2, 98, 21574, 24576, 316.28
2026/08/10 12:27:22.593, 0, 92, 21988, 24576, 315.04
2026/08/10 12:27:22.593, 1, 93, 21474, 24576, 311.56
2026/08/10 12:27:22.594, 2, 96, 21574, 24576, 320.52
2026/08/10 12:27:27.595, 0, 79, 21988, 24576, 309.96
2026/08/10 12:27:27.596, 1, 80, 21474, 24576, 318.15
2026/08/10 12:27:27.599, 2, 81, 21574, 24576, 315.94
2026/08/10 12:27:32.600, 0, 82, 21988, 24576, 339.76
2026/08/10 12:27:32.601, 1, 81, 21474, 24576, 314.04
2026/08/10 12:27:32.601, 2, 83, 21574, 24576, 320.59
2026/08/10 12:27:37.602, 0, 99, 21988, 24576, 338.22
2026/08/10 12:27:37.603, 1, 98, 14482, 24576, 296.12
2026/08/10 12:27:37.603, 2, 92, 13018, 24576, 289.71
2026/08/10 12:27:42.604, 0, 98, 21988, 24576, 329.94
2026/08/10 12:27:42.604, 1, 98, 17816, 24576, 299.72
2026/08/10 12:27:42.605, 2, 98, 13062, 24576, 324.68
2026/08/10 12:27:47.606, 0, 100, 23948, 24576, 333.48
2026/08/10 12:27:47.606, 1, 100, 21792, 24576, 314.14
2026/08/10 12:27:47.607, 2, 100, 23996, 24576, 334.19
2026/08/10 12:27:52.608, 0, 95, 23948, 24576, 322.86
2026/08/10 12:27:52.609, 1, 83, 21792, 24576, 285.64
2026/08/10 12:27:52.609, 2, 100, 23996, 24576, 329.96
2026/08/10 12:27:57.610, 0, 100, 23668, 24576, 338.11
2026/08/10 12:27:57.611, 1, 100, 23752, 24576, 302.01
2026/08/10 12:27:57.611, 2, 100, 23996, 24576, 314.86
2026/08/10 12:28:02.612, 0, 81, 23948, 24576, 336.11
2026/08/10 12:28:02.613, 1, 82, 21792, 24576, 313.23
2026/08/10 12:28:02.613, 2, 81, 21796, 24576, 317.80
2026/08/10 12:28:07.614, 0, 100, 23948, 24576, 267.20
2026/08/10 12:28:07.614, 1, 100, 21792, 24576, 307.31
2026/08/10 12:28:07.615, 2, 98, 21796, 24576, 303.22
2026/08/10 12:28:12.616, 0, 98, 21610, 24576, 335.31
2026/08/10 12:28:12.616, 1, 98, 13062, 24576, 313.37
2026/08/10 12:28:12.617, 2, 98, 19462, 24576, 312.00
2026/08/10 12:28:17.618, 0, 89, 17890, 24576, 196.49
2026/08/10 12:28:17.618, 1, 40, 17162, 24576, 292.95
2026/08/10 12:28:17.619, 2, 84, 17384, 24576, 179.29
2026/08/10 12:28:22.620, 0, 100, 22884, 24576, 319.61
2026/08/10 12:28:22.621, 1, 100, 21776, 24576, 301.05
2026/08/10 12:28:22.621, 2, 100, 21694, 24576, 325.22
2026/08/10 12:28:27.622, 0, 93, 22884, 24576, 291.74
2026/08/10 12:28:27.623, 1, 90, 21776, 24576, 310.58
2026/08/10 12:28:27.623, 2, 88, 21694, 24576, 296.89
2026/08/10 12:28:32.624, 0, 80, 22884, 24576, 286.15
2026/08/10 12:28:32.625, 1, 81, 21776, 24576, 294.49
2026/08/10 12:28:32.625, 2, 82, 21694, 24576, 279.69
2026/08/10 12:28:37.626, 0, 83, 22884, 24576, 338.86
2026/08/10 12:28:37.626, 1, 84, 21776, 24576, 310.99
2026/08/10 12:28:37.627, 2, 82, 21694, 24576, 337.39
2026/08/10 12:28:42.628, 0, 98, 22884, 24576, 338.99
2026/08/10 12:28:42.628, 1, 98, 13222, 24576, 282.08
2026/08/10 12:28:42.629, 2, 100, 14062, 24576, 286.30
2026/08/10 12:28:47.630, 0, 98, 22884, 24576, 338.02
2026/08/10 12:28:47.631, 1, 98, 13222, 24576, 299.48
2026/08/10 12:28:47.631, 2, 86, 12238, 24576, 280.32
2026/08/10 12:28:52.632, 0, 100, 23868, 24576, 308.86
2026/08/10 12:28:52.633, 1, 100, 23134, 24576, 303.63
2026/08/10 12:28:52.633, 2, 100, 23856, 24576, 329.93
2026/08/10 12:28:57.634, 0, 100, 23168, 24576, 317.85
2026/08/10 12:28:57.635, 1, 89, 23134, 24576, 320.72
2026/08/10 12:28:57.635, 2, 100, 23156, 24576, 333.21
2026/08/10 12:29:02.636, 0, 93, 23168, 24576, 322.34
2026/08/10 12:29:02.637, 1, 100, 23134, 24576, 320.74
2026/08/10 12:29:02.637, 2, 95, 23156, 24576, 314.28
2026/08/10 12:29:07.638, 0, 83, 23168, 24576, 338.36
2026/08/10 12:29:07.639, 1, 80, 23134, 24576, 316.93
2026/08/10 12:29:07.639, 2, 83, 23156, 24576, 336.22
2026/08/10 12:29:12.641, 0, 83, 23168, 24576, 341.68
2026/08/10 12:29:12.641, 1, 81, 23134, 24576, 318.95
2026/08/10 12:29:12.642, 2, 84, 23156, 24576, 323.98
2026/08/10 12:29:17.643, 0, 98, 13570, 24576, 341.37
2026/08/10 12:29:17.643, 1, 98, 12802, 24576, 312.89
2026/08/10 12:29:17.644, 2, 98, 13242, 24576, 328.33
2026/08/10 12:29:22.645, 0, 100, 23654, 24576, 321.22
2026/08/10 12:29:22.645, 1, 100, 22576, 24576, 306.13
2026/08/10 12:29:22.646, 2, 100, 22908, 24576, 282.78
2026/08/10 12:29:27.647, 0, 89, 24068, 24576, 339.28
2026/08/10 12:29:27.647, 1, 90, 24234, 24576, 318.37
2026/08/10 12:29:27.648, 2, 89, 22952, 24576, 313.07
2026/08/10 12:29:32.649, 0, 81, 21868, 24576, 325.81
2026/08/10 12:29:32.649, 1, 81, 21014, 24576, 310.61
2026/08/10 12:29:32.650, 2, 97, 22952, 24576, 299.18
2026/08/10 12:29:37.650, 0, 83, 21868, 24576, 337.01
2026/08/10 12:29:37.651, 1, 81, 21014, 24576, 318.17
2026/08/10 12:29:37.651, 2, 81, 22952, 24576, 336.42
2026/08/10 12:29:42.652, 0, 79, 21868, 24576, 319.87
2026/08/10 12:29:42.653, 1, 78, 21014, 24576, 290.12
2026/08/10 12:29:42.654, 2, 85, 22952, 24576, 324.34
2026/08/10 12:29:47.655, 0, 98, 13790, 24576, 333.55
2026/08/10 12:29:47.656, 1, 98, 16022, 24576, 312.37
2026/08/10 12:29:47.657, 2, 95, 13022, 24576, 281.15
2026/08/10 12:29:52.657, 0, 100, 13790, 24576, 180.10
2026/08/10 12:29:52.658, 1, 100, 13918, 24576, 190.34
2026/08/10 12:29:52.658, 2, 93, 13022, 24576, 301.99
2026/08/10 12:29:57.660, 0, 97, 23386, 24576, 315.25
2026/08/10 12:29:57.660, 1, 100, 22974, 24576, 339.25
2026/08/10 12:29:57.664, 2, 87, 23096, 24576, 322.06
2026/08/10 12:30:02.665, 0, 100, 23386, 24576, 291.85
2026/08/10 12:30:02.665, 1, 100, 22974, 24576, 296.76
2026/08/10 12:30:02.666, 2, 93, 22956, 24576, 329.30
2026/08/10 12:30:07.667, 0, 83, 23386, 24576, 266.67
2026/08/10 12:30:07.668, 1, 82, 22974, 24576, 280.46
2026/08/10 12:30:07.668, 2, 82, 23096, 24576, 289.59
2026/08/10 12:30:12.669, 0, 0, 23386, 24576, 259.36
2026/08/10 12:30:12.670, 1, 81, 22974, 24576, 308.69
2026/08/10 12:30:12.670, 2, 81, 23096, 24576, 321.94
2026/08/10 12:30:17.671, 0, 97, 23386, 24576, 334.68
2026/08/10 12:30:17.672, 1, 97, 23974, 24576, 312.35
2026/08/10 12:30:17.672, 2, 98, 23096, 24576, 318.35
2026/08/10 12:30:22.673, 0, 98, 23386, 24576, 338.25
2026/08/10 12:30:22.674, 1, 99, 13064, 24576, 316.09
2026/08/10 12:30:22.675, 2, 97, 23096, 24576, 312.18
2026/08/10 12:30:27.675, 0, 89, 23386, 24576, 315.93
2026/08/10 12:30:27.676, 1, 100, 23298, 24576, 305.55
2026/08/10 12:30:27.677, 2, 100, 24140, 24576, 335.87
2026/08/10 12:30:32.678, 0, 97, 23386, 24576, 298.86
2026/08/10 12:30:32.684, 1, 100, 23298, 24576, 304.52
2026/08/10 12:30:32.685, 2, 100, 24140, 24576, 323.16
2026/08/10 12:30:37.686, 0, 89, 23386, 24576, 305.88
2026/08/10 12:30:37.686, 1, 100, 23298, 24576, 316.73
2026/08/10 12:30:37.687, 2, 100, 24140, 24576, 326.94
2026/08/10 12:30:42.687, 0, 83, 23386, 24576, 336.13
2026/08/10 12:30:42.688, 1, 80, 23298, 24576, 257.17
2026/08/10 12:30:42.688, 2, 82, 24140, 24576, 328.07
2026/08/10 12:30:47.689, 0, 84, 23386, 24576, 335.64
2026/08/10 12:30:47.690, 1, 79, 23298, 24576, 306.77
2026/08/10 12:30:47.690, 2, 83, 24140, 24576, 324.09
2026/08/10 12:30:52.691, 0, 98, 13570, 24576, 298.98
2026/08/10 12:30:52.692, 1, 100, 13222, 24576, 278.55
2026/08/10 12:30:52.693, 2, 98, 13062, 24576, 286.98
2026/08/10 12:30:57.694, 0, 98, 13570, 24576, 341.69
2026/08/10 12:30:57.696, 1, 98, 13222, 24576, 308.13
2026/08/10 12:30:57.697, 2, 98, 13062, 24576, 310.13
2026/08/10 12:31:02.697, 0, 100, 23826, 24576, 340.18
2026/08/10 12:31:02.698, 1, 100, 23174, 24576, 315.39
2026/08/10 12:31:02.698, 2, 100, 23754, 24576, 324.62
2026/08/10 12:31:07.699, 0, 100, 23826, 24576, 340.85
2026/08/10 12:31:07.700, 1, 88, 23174, 24576, 309.82
2026/08/10 12:31:07.700, 2, 89, 23754, 24576, 327.04
2026/08/10 12:31:12.701, 0, 80, 21626, 24576, 300.79
2026/08/10 12:31:12.702, 1, 78, 23174, 24576, 298.58
2026/08/10 12:31:12.702, 2, 82, 21554, 24576, 307.61
2026/08/10 12:31:17.705, 0, 83, 21626, 24576, 340.22
2026/08/10 12:31:17.706, 1, 81, 23174, 24576, 310.85
2026/08/10 12:31:17.707, 2, 83, 21554, 24576, 318.91
2026/08/10 12:31:22.708, 0, 98, 14470, 24576, 300.23
2026/08/10 12:31:22.708, 1, 98, 13042, 24576, 283.58
2026/08/10 12:31:22.709, 2, 98, 21554, 24576, 316.00
2026/08/10 12:31:27.710, 0, 98, 14470, 24576, 339.32
2026/08/10 12:31:27.710, 1, 98, 13042, 24576, 309.66
2026/08/10 12:31:27.710, 2, 98, 21554, 24576, 318.51
2026/08/10 12:31:32.711, 0, 100, 20906, 24576, 307.16
2026/08/10 12:31:32.712, 1, 100, 22892, 24576, 331.59
2026/08/10 12:31:32.712, 2, 100, 23754, 24576, 337.36
2026/08/10 12:31:37.713, 0, 100, 20906, 24576, 304.57
2026/08/10 12:31:37.713, 1, 100, 22892, 24576, 327.07
2026/08/10 12:31:37.714, 2, 89, 23754, 24576, 332.63
2026/08/10 12:31:42.715, 0, 83, 22946, 24576, 269.74
2026/08/10 12:31:42.716, 1, 80, 20672, 24576, 290.57
2026/08/10 12:31:42.717, 2, 82, 21554, 24576, 282.83
2026/08/10 12:31:47.718, 0, 82, 22946, 24576, 339.54
2026/08/10 12:31:47.719, 1, 82, 20672, 24576, 316.54
2026/08/10 12:31:47.719, 2, 81, 21554, 24576, 323.52
2026/08/10 12:31:52.720, 0, 98, 14350, 24576, 300.62
2026/08/10 12:31:52.721, 1, 98, 16162, 24576, 291.85
2026/08/10 12:31:52.721, 2, 98, 19700, 24576, 312.83
2026/08/10 12:31:57.722, 0, 99, 13330, 24576, 337.99
2026/08/10 12:31:57.722, 1, 100, 19476, 24576, 312.75
2026/08/10 12:31:57.723, 2, 100, 13198, 24576, 264.37
2026/08/10 12:32:02.724, 0, 100, 22084, 24576, 309.01
2026/08/10 12:32:02.724, 1, 100, 22052, 24576, 322.16
2026/08/10 12:32:02.725, 2, 100, 21748, 24576, 283.13
2026/08/10 12:32:07.726, 0, 100, 22104, 24576, 317.85
2026/08/10 12:32:07.726, 1, 100, 22372, 24576, 300.27
2026/08/10 12:32:07.727, 2, 100, 21748, 24576, 275.86
2026/08/10 12:32:12.729, 0, 17, 22084, 24576, 285.59
2026/08/10 12:32:12.730, 1, 22, 22052, 24576, 287.60
2026/08/10 12:32:12.731, 2, 20, 21748, 24576, 248.54
2026/08/10 12:32:17.731, 0, 83, 22084, 24576, 337.69
2026/08/10 12:32:17.732, 1, 80, 22052, 24576, 312.39
2026/08/10 12:32:17.733, 2, 82, 21748, 24576, 331.09
2026/08/10 12:32:22.733, 0, 88, 12710, 24576, 295.24
2026/08/10 12:32:22.734, 1, 96, 20652, 24576, 304.35
2026/08/10 12:32:22.734, 2, 93, 17848, 24576, 319.23
2026/08/10 12:32:27.735, 0, 98, 13430, 24576, 326.61
2026/08/10 12:32:27.736, 1, 100, 13976, 24576, 278.18
2026/08/10 12:32:27.736, 2, 98, 13262, 24576, 332.45
2026/08/10 12:32:32.737, 0, 100, 20926, 24576, 307.36
2026/08/10 12:32:32.738, 1, 88, 23254, 24576, 320.47
2026/08/10 12:32:32.738, 2, 88, 22932, 24576, 320.10
2026/08/10 12:32:37.739, 0, 89, 20926, 24576, 307.62
2026/08/10 12:32:37.740, 1, 88, 23254, 24576, 316.75
2026/08/10 12:32:37.741, 2, 80, 22932, 24576, 320.47
2026/08/10 12:32:42.742, 0, 100, 20926, 24576, 288.81
2026/08/10 12:32:42.742, 1, 73, 23254, 24576, 303.40
2026/08/10 12:32:42.743, 2, 83, 22932, 24576, 299.79
2026/08/10 12:32:47.744, 0, 81, 20926, 24576, 336.35
2026/08/10 12:32:47.744, 1, 79, 23254, 24576, 308.65
2026/08/10 12:32:47.745, 2, 82, 22932, 24576, 336.14
2026/08/10 12:32:52.745, 0, 100, 23866, 24576, 335.36
2026/08/10 12:32:52.746, 1, 97, 23254, 24576, 315.02
2026/08/10 12:32:52.746, 2, 98, 22932, 24576, 334.76
2026/08/10 12:32:57.747, 0, 98, 13530, 24576, 338.36
2026/08/10 12:32:57.748, 1, 98, 23254, 24576, 300.35
2026/08/10 12:32:57.748, 2, 96, 22932, 24576, 317.05
2026/08/10 12:33:02.749, 0, 89, 21908, 24576, 315.81
2026/08/10 12:33:02.750, 1, 87, 21212, 24576, 315.42
2026/08/10 12:33:02.751, 2, 88, 23114, 24576, 328.33
2026/08/10 12:33:07.752, 0, 87, 21908, 24576, 319.20
2026/08/10 12:33:07.752, 1, 83, 21932, 24576, 314.95
2026/08/10 12:33:07.753, 2, 100, 23114, 24576, 326.39
2026/08/10 12:33:12.754, 0, 21, 21908, 24576, 277.20
2026/08/10 12:33:12.754, 1, 21, 21212, 24576, 283.83
2026/08/10 12:33:12.755, 2, 21, 23114, 24576, 279.35
2026/08/10 12:33:17.756, 0, 82, 21908, 24576, 336.65
2026/08/10 12:33:17.756, 1, 80, 21212, 24576, 312.52
2026/08/10 12:33:17.757, 2, 81, 23114, 24576, 327.96
2026/08/10 12:33:22.757, 0, 99, 24068, 24576, 335.65
2026/08/10 12:33:22.758, 1, 98, 22432, 24576, 309.45
2026/08/10 12:33:22.759, 2, 96, 17234, 24576, 304.02
2026/08/10 12:33:27.759, 0, 97, 13450, 24576, 335.87
2026/08/10 12:33:27.760, 1, 98, 13916, 24576, 293.28
2026/08/10 12:33:27.761, 2, 98, 13042, 24576, 320.03
2026/08/10 12:33:32.762, 0, 90, 23368, 24576, 323.32
2026/08/10 12:33:32.763, 1, 92, 20512, 24576, 295.89
2026/08/10 12:33:32.763, 2, 98, 23054, 24576, 333.13
2026/08/10 12:33:37.764, 0, 100, 21948, 24576, 329.04
2026/08/10 12:33:37.765, 1, 100, 21952, 24576, 305.51
2026/08/10 12:33:37.766, 2, 100, 23054, 24576, 303.18
2026/08/10 12:33:42.767, 0, 91, 23368, 24576, 330.20
2026/08/10 12:33:42.767, 1, 100, 22572, 24576, 328.44
2026/08/10 12:33:42.768, 2, 88, 20814, 24576, 309.57
2026/08/10 12:33:47.769, 0, 80, 23368, 24576, 336.44
2026/08/10 12:33:47.769, 1, 78, 22572, 24576, 318.64
2026/08/10 12:33:47.770, 2, 81, 20814, 24576, 335.91
2026/08/10 12:33:52.771, 0, 100, 23368, 24576, 219.25
2026/08/10 12:33:52.772, 1, 100, 22572, 24576, 262.14
2026/08/10 12:33:52.772, 2, 75, 20814, 24576, 327.71
2026/08/10 12:33:57.773, 0, 98, 18150, 24576, 337.95
2026/08/10 12:33:57.774, 1, 98, 12800, 24576, 322.21
2026/08/10 12:33:57.775, 2, 100, 20814, 24576, 312.54
2026/08/10 12:34:02.776, 0, 100, 14430, 24576, 178.95
2026/08/10 12:34:02.776, 1, 100, 12800, 24576, 191.39
2026/08/10 12:34:02.777, 2, 98, 20814, 24576, 318.31
2026/08/10 12:34:07.778, 0, 97, 20242, 24576, 278.17
2026/08/10 12:34:07.778, 1, 89, 20970, 24576, 306.65
2026/08/10 12:34:07.779, 2, 86, 24016, 24576, 327.55
2026/08/10 12:34:12.780, 0, 97, 19922, 24576, 279.15
2026/08/10 12:34:12.780, 1, 100, 20970, 24576, 310.04
2026/08/10 12:34:12.781, 2, 100, 24016, 24576, 342.13
2026/08/10 12:34:17.781, 0, 24, 21922, 24576, 251.86
2026/08/10 12:34:17.782, 1, 56, 20970, 24576, 280.60
2026/08/10 12:34:17.782, 2, 55, 21796, 24576, 287.91
2026/08/10 12:34:22.783, 0, 81, 21922, 24576, 338.78
2026/08/10 12:34:22.784, 1, 80, 20970, 24576, 311.19
2026/08/10 12:34:22.784, 2, 80, 21796, 24576, 325.72
2026/08/10 12:34:27.785, 0, 76, 21922, 24576, 315.22
2026/08/10 12:34:27.786, 1, 98, 21990, 24576, 308.83
2026/08/10 12:34:27.787, 2, 98, 24116, 24576, 324.13
2026/08/10 12:34:32.787, 0, 98, 21922, 24576, 338.53
2026/08/10 12:34:32.788, 1, 98, 13042, 24576, 307.71
2026/08/10 12:34:32.789, 2, 92, 13338, 24576, 283.86
2026/08/10 12:34:37.790, 0, 89, 23486, 24576, 307.79
2026/08/10 12:34:37.790, 1, 92, 23534, 24576, 313.65
2026/08/10 12:34:37.791, 2, 100, 22952, 24576, 318.39
2026/08/10 12:34:42.792, 0, 95, 23486, 24576, 291.86
2026/08/10 12:34:42.792, 1, 85, 23534, 24576, 296.01
2026/08/10 12:34:42.793, 2, 97, 22952, 24576, 308.57
2026/08/10 12:34:47.794, 0, 100, 21286, 24576, 312.11
2026/08/10 12:34:47.795, 1, 100, 21414, 24576, 311.73
2026/08/10 12:34:47.795, 2, 100, 22952, 24576, 294.39
2026/08/10 12:34:52.797, 0, 80, 23486, 24576, 338.57
2026/08/10 12:34:52.799, 1, 84, 23534, 24576, 331.51
2026/08/10 12:34:52.800, 2, 0, 22952, 24576, 273.28
2026/08/10 12:34:57.801, 0, 100, 23486, 24576, 248.82
2026/08/10 12:34:57.802, 1, 98, 23534, 24576, 298.44
2026/08/10 12:34:57.803, 2, 98, 22952, 24576, 337.75
2026/08/10 12:35:02.803, 0, 98, 23486, 24576, 326.75
2026/08/10 12:35:02.804, 1, 98, 13242, 24576, 305.60
2026/08/10 12:35:02.804, 2, 100, 22952, 24576, 318.26
2026/08/10 12:35:07.805, 0, 96, 22826, 24576, 316.75
2026/08/10 12:35:07.806, 1, 97, 23154, 24576, 326.66
2026/08/10 12:35:07.806, 2, 100, 24056, 24576, 330.86
2026/08/10 12:35:12.807, 0, 100, 22826, 24576, 341.33
2026/08/10 12:35:12.807, 1, 100, 23154, 24576, 320.36
2026/08/10 12:35:12.808, 2, 100, 24056, 24576, 330.14
2026/08/10 12:35:17.809, 0, 100, 22826, 24576, 340.64
2026/08/10 12:35:17.810, 1, 88, 23154, 24576, 312.42
2026/08/10 12:35:17.810, 2, 88, 24056, 24576, 325.46
2026/08/10 12:35:22.811, 0, 3, 22826, 24576, 131.67
2026/08/10 12:35:22.812, 1, 79, 23154, 24576, 251.50
2026/08/10 12:35:22.812, 2, 86, 24056, 24576, 238.61
2026/08/10 12:35:27.813, 0, 84, 22826, 24576, 342.54
2026/08/10 12:35:27.814, 1, 82, 23154, 24576, 335.97
2026/08/10 12:35:27.814, 2, 84, 24056, 24576, 334.46
2026/08/10 12:35:32.815, 0, 97, 22826, 24576, 342.24
2026/08/10 12:35:32.816, 1, 100, 23154, 24576, 335.15
2026/08/10 12:35:32.816, 2, 97, 24056, 24576, 339.61
2026/08/10 12:35:37.817, 0, 99, 13532, 24576, 311.78
2026/08/10 12:35:37.818, 1, 98, 13260, 24576, 320.07
2026/08/10 12:35:37.818, 2, 100, 13042, 24576, 338.90
2026/08/10 12:35:42.819, 0, 89, 23990, 24576, 332.20
2026/08/10 12:35:42.819, 1, 89, 22230, 24576, 314.10
2026/08/10 12:35:42.820, 2, 94, 21234, 24576, 319.29
2026/08/10 12:35:47.821, 0, 88, 23990, 24576, 332.41
2026/08/10 12:35:47.822, 1, 87, 22230, 24576, 313.93
2026/08/10 12:35:47.822, 2, 85, 20874, 24576, 308.88
2026/08/10 12:35:52.823, 0, 88, 23990, 24576, 335.05
2026/08/10 12:35:52.829, 1, 87, 22230, 24576, 315.93
2026/08/10 12:35:52.830, 2, 88, 20874, 24576, 307.57
2026/08/10 12:35:57.830, 0, 82, 23990, 24576, 335.21
2026/08/10 12:35:57.831, 1, 82, 22230, 24576, 334.77
2026/08/10 12:35:57.831, 2, 82, 20874, 24576, 336.16
2026/08/10 12:36:02.833, 0, 85, 23990, 24576, 339.04
2026/08/10 12:36:02.833, 1, 86, 22230, 24576, 315.21
2026/08/10 12:36:02.834, 2, 100, 20874, 24576, 227.54
2026/08/10 12:36:07.834, 0, 98, 13590, 24576, 335.99
2026/08/10 12:36:07.835, 1, 98, 13002, 24576, 311.00
2026/08/10 12:36:07.836, 2, 98, 15838, 24576, 289.98
2026/08/10 12:36:12.837, 0, 53, 14610, 24576, 308.49
2026/08/10 12:36:12.837, 1, 87, 13462, 24576, 191.54
2026/08/10 12:36:12.838, 2, 90, 14478, 24576, 179.10
2026/08/10 12:36:17.839, 0, 100, 23370, 24576, 336.04
2026/08/10 12:36:17.840, 1, 100, 20632, 24576, 305.69
2026/08/10 12:36:17.840, 2, 100, 21932, 24576, 315.10
2026/08/10 12:36:22.841, 0, 99, 23370, 24576, 331.98
2026/08/10 12:36:22.842, 1, 98, 20632, 24576, 302.93
2026/08/10 12:36:22.842, 2, 96, 21932, 24576, 304.42
2026/08/10 12:36:27.843, 0, 79, 23370, 24576, 309.20
2026/08/10 12:36:27.843, 1, 81, 20632, 24576, 310.58
2026/08/10 12:36:27.844, 2, 78, 21932, 24576, 300.08
2026/08/10 12:36:32.845, 0, 82, 23370, 24576, 337.16
2026/08/10 12:36:32.846, 1, 80, 20632, 24576, 311.68
2026/08/10 12:36:32.846, 2, 83, 21932, 24576, 337.46
2026/08/10 12:36:37.847, 0, 98, 19790, 24576, 302.34
2026/08/10 12:36:37.848, 1, 98, 16242, 24576, 274.80
2026/08/10 12:36:37.848, 2, 98, 13042, 24576, 287.42
2026/08/10 12:36:42.849, 0, 98, 23310, 24576, 333.28
2026/08/10 12:36:42.850, 1, 98, 13178, 24576, 309.81
2026/08/10 12:36:42.851, 2, 98, 13042, 24576, 319.92
2026/08/10 12:36:47.852, 0, 96, 20826, 24576, 304.78
2026/08/10 12:36:47.853, 1, 100, 22932, 24576, 310.31
2026/08/10 12:36:47.853, 2, 100, 23134, 24576, 329.44
2026/08/10 12:36:52.854, 0, 93, 20826, 24576, 292.79
2026/08/10 12:36:52.855, 1, 100, 22932, 24576, 298.26
2026/08/10 12:36:52.855, 2, 100, 23134, 24576, 328.35
2026/08/10 12:36:57.857, 0, 20, 22906, 24576, 246.02
2026/08/10 12:36:57.858, 1, 3, 22932, 24576, 232.44
2026/08/10 12:36:57.858, 2, 3, 20894, 24576, 251.91
2026/08/10 12:37:02.859, 0, 74, 22906, 24576, 333.56
2026/08/10 12:37:02.860, 1, 74, 22932, 24576, 306.49
2026/08/10 12:37:02.861, 2, 75, 20894, 24576, 330.61
2026/08/10 12:37:07.862, 0, 93, 22906, 24576, 338.08
2026/08/10 12:37:07.863, 1, 98, 22932, 24576, 316.23
2026/08/10 12:37:07.863, 2, 98, 20894, 24576, 330.83
2026/08/10 12:37:12.865, 0, 97, 23770, 24576, 332.67
2026/08/10 12:37:12.866, 1, 97, 22932, 24576, 302.64
2026/08/10 12:37:12.866, 2, 98, 12862, 24576, 303.49
2026/08/10 12:37:17.867, 0, 76, 22426, 24576, 316.82
2026/08/10 12:37:17.868, 1, 100, 22932, 24576, 314.33
2026/08/10 12:37:17.868, 2, 82, 20592, 24576, 302.35
2026/08/10 12:37:22.870, 0, 81, 22426, 24576, 318.25
2026/08/10 12:37:22.871, 1, 100, 22932, 24576, 310.01
2026/08/10 12:37:22.871, 2, 83, 20592, 24576, 297.09
2026/08/10 12:37:27.873, 0, 99, 21706, 24576, 317.86
2026/08/10 12:37:27.873, 1, 83, 22932, 24576, 308.31
2026/08/10 12:37:27.874, 2, 84, 20592, 24576, 293.45
2026/08/10 12:37:32.875, 0, 73, 21706, 24576, 330.65
2026/08/10 12:37:32.875, 1, 71, 22932, 24576, 317.38
2026/08/10 12:37:32.876, 2, 73, 20592, 24576, 317.42
2026/08/10 12:37:37.883, 0, 76, 21706, 24576, 334.96
2026/08/10 12:37:37.883, 1, 76, 22932, 24576, 308.43
2026/08/10 12:37:37.884, 2, 74, 20592, 24576, 328.76
2026/08/10 12:37:42.885, 0, 98, 13430, 24576, 334.10
2026/08/10 12:37:42.887, 1, 98, 22932, 24576, 291.40
2026/08/10 12:37:42.888, 2, 97, 13042, 24576, 339.16
2026/08/10 12:37:47.889, 0, 100, 13430, 24576, 237.74
2026/08/10 12:37:47.890, 1, 100, 22932, 24576, 223.84
2026/08/10 12:37:47.890, 2, 77, 13042, 24576, 306.71
2026/08/10 12:37:52.891, 0, 100, 20986, 24576, 312.82
2026/08/10 12:37:52.892, 1, 84, 22932, 24576, 315.42
2026/08/10 12:37:52.892, 2, 100, 21334, 24576, 319.02
2026/08/10 12:37:57.898, 0, 79, 21326, 24576, 308.17
2026/08/10 12:37:57.899, 1, 100, 22932, 24576, 306.07
2026/08/10 12:37:57.899, 2, 83, 21334, 24576, 314.73
2026/08/10 12:38:02.900, 0, 69, 20986, 24576, 324.27
2026/08/10 12:38:02.900, 1, 73, 22932, 24576, 326.47
2026/08/10 12:38:02.901, 2, 74, 21334, 24576, 322.55
2026/08/10 12:38:07.905, 0, 78, 20986, 24576, 333.96
2026/08/10 12:38:07.906, 1, 75, 22932, 24576, 306.73
2026/08/10 12:38:07.907, 2, 73, 21334, 24576, 322.45
2026/08/10 12:38:12.908, 0, 76, 14450, 24576, 291.74
2026/08/10 12:38:12.909, 1, 78, 14044, 24576, 269.19
2026/08/10 12:38:12.909, 2, 73, 14002, 24576, 277.33
2026/08/10 12:38:17.910, 0, 97, 14450, 24576, 314.61
2026/08/10 12:38:17.911, 1, 97, 13322, 24576, 286.02
2026/08/10 12:38:17.911, 2, 98, 13998, 24576, 320.66
2026/08/10 12:38:22.912, 0, 83, 23108, 24576, 319.68
2026/08/10 12:38:22.913, 1, 82, 23152, 24576, 300.71
2026/08/10 12:38:22.914, 2, 85, 22152, 24576, 311.08
2026/08/10 12:38:27.914, 0, 100, 23108, 24576, 322.57
2026/08/10 12:38:27.915, 1, 82, 23152, 24576, 299.78
2026/08/10 12:38:27.915, 2, 100, 22152, 24576, 312.48
2026/08/10 12:38:32.916, 0, 100, 23108, 24576, 324.60
2026/08/10 12:38:32.917, 1, 100, 23152, 24576, 295.72
2026/08/10 12:38:32.917, 2, 97, 22152, 24576, 315.33
2026/08/10 12:38:37.920, 0, 75, 23108, 24576, 333.00
2026/08/10 12:38:37.921, 1, 73, 23152, 24576, 310.66
2026/08/10 12:38:37.922, 2, 74, 22152, 24576, 321.70
2026/08/10 12:38:42.924, 0, 98, 23108, 24576, 292.14
2026/08/10 12:38:42.951, 1, 100, 23152, 24576, 295.01
2026/08/10 12:38:42.952, 2, 100, 22152, 24576, 290.89
2026/08/10 12:38:47.954, 0, 100, 19490, 24576, 315.07
2026/08/10 12:38:47.957, 1, 100, 20142, 24576, 302.01
2026/08/10 12:38:47.957, 2, 97, 22152, 24576, 305.15
2026/08/10 12:38:52.958, 0, 87, 22804, 24576, 306.81
2026/08/10 12:38:52.959, 1, 82, 22772, 24576, 317.69
2026/08/10 12:38:52.960, 2, 85, 22974, 24576, 314.27
2026/08/10 12:38:57.963, 0, 78, 21984, 24576, 314.40
2026/08/10 12:38:57.964, 1, 85, 20732, 24576, 303.84
2026/08/10 12:38:57.964, 2, 84, 21214, 24576, 303.30
2026/08/10 12:39:02.966, 0, 82, 21984, 24576, 313.86
2026/08/10 12:39:02.966, 1, 100, 20732, 24576, 291.60
2026/08/10 12:39:02.967, 2, 80, 20854, 24576, 300.05
2026/08/10 12:39:07.968, 0, 74, 21984, 24576, 331.03
2026/08/10 12:39:07.969, 1, 76, 22772, 24576, 323.55
2026/08/10 12:39:07.969, 2, 71, 22974, 24576, 316.03
2026/08/10 12:39:12.972, 0, 76, 21984, 24576, 333.19
2026/08/10 12:39:12.972, 1, 75, 22772, 24576, 291.87
2026/08/10 12:39:12.973, 2, 71, 22974, 24576, 211.06
2026/08/10 12:39:17.974, 0, 98, 21984, 24576, 337.57
2026/08/10 12:39:17.975, 1, 100, 18732, 24576, 288.79
2026/08/10 12:39:17.976, 2, 80, 18314, 24576, 316.29
2026/08/10 12:39:22.977, 0, 97, 21984, 24576, 337.49
2026/08/10 12:39:22.977, 1, 98, 13002, 24576, 305.02
2026/08/10 12:39:22.982, 2, 100, 13042, 24576, 339.55
2026/08/10 12:39:27.983, 0, 100, 22786, 24576, 340.82
2026/08/10 12:39:27.984, 1, 100, 21014, 24576, 298.91
2026/08/10 12:39:27.984, 2, 100, 20874, 24576, 311.72
2026/08/10 12:39:32.985, 0, 92, 22786, 24576, 313.26
2026/08/10 12:39:32.986, 1, 86, 21014, 24576, 289.07
2026/08/10 12:39:32.986, 2, 85, 20874, 24576, 302.70
2026/08/10 12:39:37.989, 0, 87, 22786, 24576, 297.07
2026/08/10 12:39:37.990, 1, 79, 22074, 24576, 309.82
2026/08/10 12:39:37.990, 2, 92, 21254, 24576, 318.22
2026/08/10 12:39:42.993, 0, 73, 22786, 24576, 334.57
2026/08/10 12:39:42.995, 1, 73, 21014, 24576, 307.42
2026/08/10 12:39:42.995, 2, 74, 20874, 24576, 327.04
2026/08/10 12:39:47.996, 0, 84, 22786, 24576, 306.35
2026/08/10 12:39:47.997, 1, 73, 21014, 24576, 309.60
2026/08/10 12:39:47.997, 2, 74, 20874, 24576, 324.99
2026/08/10 12:39:52.998, 0, 96, 18250, 24576, 337.82
2026/08/10 12:39:52.998, 1, 97, 21014, 24576, 316.06
2026/08/10 12:39:52.999, 2, 97, 20874, 24576, 332.39
2026/08/10 12:39:58.000, 0, 57, 23306, 24576, 303.27
2026/08/10 12:39:58.001, 1, 67, 23152, 24576, 293.83
2026/08/10 12:39:58.002, 2, 58, 20794, 24576, 299.39
2026/08/10 12:40:03.008, 0, 100, 22686, 24576, 308.76
2026/08/10 12:40:03.008, 1, 95, 22612, 24576, 311.03
2026/08/10 12:40:03.009, 2, 99, 23054, 24576, 327.70
2026/08/10 12:40:08.015, 0, 100, 23306, 24576, 308.59
2026/08/10 12:40:08.015, 1, 85, 23152, 24576, 311.41
2026/08/10 12:40:08.016, 2, 82, 23014, 24576, 335.98
2026/08/10 12:40:13.017, 0, 70, 23306, 24576, 329.91
2026/08/10 12:40:13.018, 1, 72, 23152, 24576, 316.01
2026/08/10 12:40:13.019, 2, 70, 20794, 24576, 313.87
2026/08/10 12:40:18.020, 0, 75, 23306, 24576, 337.18
2026/08/10 12:40:18.020, 1, 75, 23152, 24576, 303.80
2026/08/10 12:40:18.021, 2, 73, 20794, 24576, 328.45
2026/08/10 12:40:23.025, 0, 98, 23306, 24576, 327.51
2026/08/10 12:40:23.026, 1, 97, 13982, 24576, 318.57
2026/08/10 12:40:23.026, 2, 97, 13942, 24576, 326.55
2026/08/10 12:40:28.028, 0, 100, 23306, 24576, 198.68
2026/08/10 12:40:28.028, 1, 97, 13958, 24576, 310.89
2026/08/10 12:40:28.029, 2, 96, 13938, 24576, 308.02
2026/08/10 12:40:33.030, 0, 84, 23324, 24576, 305.83
2026/08/10 12:40:33.031, 1, 95, 23512, 24576, 300.08
2026/08/10 12:40:33.033, 2, 90, 21692, 24576, 288.70
2026/08/10 12:40:38.034, 0, 99, 21224, 24576, 310.75
2026/08/10 12:40:38.035, 1, 83, 22132, 24576, 308.58
2026/08/10 12:40:38.036, 2, 97, 20672, 24576, 291.93
2026/08/10 12:40:43.037, 0, 3, 21224, 24576, 241.53
2026/08/10 12:40:43.037, 1, 23, 22132, 24576, 244.30
2026/08/10 12:40:43.038, 2, 22, 22712, 24576, 219.37
2026/08/10 12:40:48.039, 0, 76, 21224, 24576, 336.59
2026/08/10 12:40:48.043, 1, 76, 22132, 24576, 310.41
2026/08/10 12:40:48.044, 2, 76, 22712, 24576, 329.51
2026/08/10 12:40:53.045, 0, 97, 24104, 24576, 336.59
2026/08/10 12:40:53.046, 1, 97, 22532, 24576, 296.55
2026/08/10 12:40:53.046, 2, 98, 22712, 24576, 338.47
2026/08/10 12:40:58.047, 0, 100, 13450, 24576, 329.08
2026/08/10 12:40:58.048, 1, 97, 13198, 24576, 305.86
2026/08/10 12:40:58.049, 2, 98, 23440, 24576, 339.12
2026/08/10 12:41:03.050, 0, 100, 23066, 24576, 290.34
2026/08/10 12:41:03.050, 1, 96, 22732, 24576, 297.76
2026/08/10 12:41:03.055, 2, 100, 22192, 24576, 306.68
2026/08/10 12:41:08.056, 0, 83, 21346, 24576, 303.81
2026/08/10 12:41:08.057, 1, 100, 22732, 24576, 292.32
2026/08/10 12:41:08.057, 2, 83, 22112, 24576, 316.17
2026/08/10 12:41:13.058, 0, 100, 20986, 24576, 298.65
2026/08/10 12:41:13.059, 1, 83, 22732, 24576, 302.18
2026/08/10 12:41:13.060, 2, 100, 22112, 24576, 314.41
2026/08/10 12:41:18.061, 0, 75, 20986, 24576, 332.93
2026/08/10 12:41:18.062, 1, 74, 22732, 24576, 314.71
2026/08/10 12:41:18.062, 2, 74, 22112, 24576, 320.19
2026/08/10 12:41:23.063, 0, 76, 20986, 24576, 336.18
2026/08/10 12:41:23.064, 1, 77, 22732, 24576, 314.85
2026/08/10 12:41:23.064, 2, 74, 22112, 24576, 327.67
2026/08/10 12:41:28.065, 0, 98, 20986, 24576, 337.31
2026/08/10 12:41:28.066, 1, 97, 22732, 24576, 299.37
2026/08/10 12:41:28.067, 2, 98, 22112, 24576, 327.45
2026/08/10 12:41:33.068, 0, 83, 21628, 24576, 305.54
2026/08/10 12:41:33.068, 1, 96, 22732, 24576, 298.25
2026/08/10 12:41:33.069, 2, 94, 22652, 24576, 319.76
2026/08/10 12:41:38.070, 0, 94, 21628, 24576, 310.83
2026/08/10 12:41:38.077, 1, 96, 22732, 24576, 311.28
2026/08/10 12:41:38.077, 2, 95, 22652, 24576, 312.13
2026/08/10 12:41:43.079, 0, 93, 21628, 24576, 307.92
2026/08/10 12:41:43.079, 1, 96, 22732, 24576, 311.47
2026/08/10 12:41:43.080, 2, 96, 22652, 24576, 310.14
2026/08/10 12:41:48.080, 0, 76, 21628, 24576, 329.66
2026/08/10 12:41:48.081, 1, 73, 22732, 24576, 311.97
2026/08/10 12:41:48.081, 2, 73, 22652, 24576, 324.32
2026/08/10 12:41:53.082, 0, 76, 21628, 24576, 334.59
2026/08/10 12:41:53.083, 1, 74, 22732, 24576, 304.79
2026/08/10 12:41:53.083, 2, 76, 22652, 24576, 337.82
2026/08/10 12:41:58.085, 0, 97, 21628, 24576, 333.06
2026/08/10 12:41:58.085, 1, 98, 22732, 24576, 305.21
2026/08/10 12:41:58.086, 2, 98, 14002, 24576, 335.93
2026/08/10 12:42:03.087, 0, 100, 23228, 24576, 250.57
2026/08/10 12:42:03.088, 1, 96, 22732, 24576, 253.29
2026/08/10 12:42:03.089, 2, 91, 20568, 24576, 286.82
2026/08/10 12:42:08.090, 0, 100, 22886, 24576, 315.56
2026/08/10 12:42:08.091, 1, 96, 22732, 24576, 303.76
2026/08/10 12:42:08.091, 2, 91, 20632, 24576, 299.69
2026/08/10 12:42:13.092, 0, 93, 22886, 24576, 308.96
2026/08/10 12:42:13.093, 1, 94, 22732, 24576, 292.69
2026/08/10 12:42:13.093, 2, 96, 20632, 24576, 299.07
2026/08/10 12:42:18.095, 0, 74, 20826, 24576, 331.14
2026/08/10 12:42:18.095, 1, 71, 22732, 24576, 325.46
2026/08/10 12:42:18.096, 2, 74, 22712, 24576, 317.39
2026/08/10 12:42:23.098, 0, 76, 20826, 24576, 333.68
2026/08/10 12:42:23.099, 1, 76, 22732, 24576, 308.18
2026/08/10 12:42:23.099, 2, 75, 22712, 24576, 334.20
2026/08/10 12:42:28.100, 0, 98, 13330, 24576, 289.51
2026/08/10 12:42:28.101, 1, 100, 16142, 24576, 285.18
2026/08/10 12:42:28.101, 2, 96, 22712, 24576, 321.40
2026/08/10 12:42:33.102, 0, 98, 13330, 24576, 337.93
2026/08/10 12:42:33.103, 1, 97, 13136, 24576, 322.13
2026/08/10 12:42:33.104, 2, 81, 22712, 24576, 275.38
2026/08/10 12:42:38.104, 0, 83, 21006, 24576, 298.94
2026/08/10 12:42:38.105, 1, 97, 22572, 24576, 311.81
2026/08/10 12:42:38.106, 2, 89, 21212, 24576, 299.02
2026/08/10 12:42:43.106, 0, 73, 21006, 24576, 298.89
2026/08/10 12:42:43.107, 1, 95, 22572, 24576, 301.56
2026/08/10 12:42:43.111, 2, 88, 21212, 24576, 302.49
2026/08/10 12:42:48.116, 0, 1, 21006, 24576, 274.07
2026/08/10 12:42:48.116, 1, 20, 22572, 24576, 257.85
2026/08/10 12:42:48.117, 2, 21, 21212, 24576, 274.27
2026/08/10 12:42:53.118, 0, 71, 21006, 24576, 333.22
2026/08/10 12:42:53.119, 1, 73, 22572, 24576, 302.16
2026/08/10 12:42:53.119, 2, 76, 21212, 24576, 335.67
2026/08/10 12:42:58.121, 0, 97, 21006, 24576, 334.52
2026/08/10 12:42:58.121, 1, 97, 22572, 24576, 284.46
2026/08/10 12:42:58.122, 2, 97, 21212, 24576, 300.76
2026/08/10 12:43:03.124, 0, 95, 23210, 24576, 337.89
2026/08/10 12:43:03.125, 1, 98, 12842, 24576, 313.95
2026/08/10 12:43:03.125, 2, 97, 13002, 24576, 307.45
2026/08/10 12:43:08.126, 0, 64, 20904, 24576, 226.69
2026/08/10 12:43:08.127, 1, 100, 22374, 24576, 259.81
2026/08/10 12:43:08.128, 2, 100, 23394, 24576, 292.33
2026/08/10 12:43:13.129, 0, 100, 24066, 24576, 322.24
2026/08/10 12:43:13.130, 1, 100, 21432, 24576, 302.02
2026/08/10 12:43:13.131, 2, 100, 22736, 24576, 319.13
2026/08/10 12:43:18.136, 0, 76, 22966, 24576, 332.28
2026/08/10 12:43:18.136, 1, 79, 20772, 24576, 296.78
2026/08/10 12:43:18.137, 2, 77, 21636, 24576, 315.52
2026/08/10 12:43:23.138, 0, 70, 22966, 24576, 287.23
2026/08/10 12:43:23.138, 1, 75, 20772, 24576, 310.47
2026/08/10 12:43:23.139, 2, 74, 21636, 24576, 289.56
2026/08/10 12:43:28.140, 0, 74, 22966, 24576, 334.74
2026/08/10 12:43:28.141, 1, 76, 20772, 24576, 319.26
2026/08/10 12:43:28.142, 2, 78, 21636, 24576, 332.26
2026/08/10 12:43:33.143, 0, 98, 23386, 24576, 339.45
2026/08/10 12:43:33.144, 1, 97, 21712, 24576, 312.57
2026/08/10 12:43:33.144, 2, 98, 21776, 24576, 339.27
2026/08/10 12:43:38.145, 0, 98, 13450, 24576, 339.54
2026/08/10 12:43:38.146, 1, 98, 13042, 24576, 303.02
2026/08/10 12:43:38.146, 2, 98, 13042, 24576, 339.80
2026/08/10 12:43:43.153, 0, 89, 22044, 24576, 292.10
2026/08/10 12:43:43.154, 1, 87, 21374, 24576, 314.93
2026/08/10 12:43:43.154, 2, 98, 20692, 24576, 314.09
2026/08/10 12:43:48.155, 0, 100, 22044, 24576, 317.28
2026/08/10 12:43:48.156, 1, 99, 21374, 24576, 310.51
2026/08/10 12:43:48.157, 2, 100, 20692, 24576, 309.85
2026/08/10 12:43:53.158, 0, 100, 22044, 24576, 317.47
2026/08/10 12:43:53.158, 1, 100, 21374, 24576, 309.78
2026/08/10 12:43:53.159, 2, 100, 20692, 24576, 320.22
2026/08/10 12:43:58.160, 0, 67, 22044, 24576, 331.47
2026/08/10 12:43:58.160, 1, 73, 21374, 24576, 312.38
2026/08/10 12:43:58.161, 2, 76, 20692, 24576, 330.38
2026/08/10 12:44:03.162, 0, 76, 22044, 24576, 337.46
2026/08/10 12:44:03.163, 1, 76, 21374, 24576, 310.63
2026/08/10 12:44:03.163, 2, 73, 20692, 24576, 329.94
2026/08/10 12:44:08.165, 0, 97, 13332, 24576, 338.51
2026/08/10 12:44:08.166, 1, 97, 24242, 24576, 289.32
2026/08/10 12:44:08.167, 2, 97, 12862, 24576, 335.20
2026/08/10 12:44:13.167, 0, 100, 13692, 24576, 181.53
2026/08/10 12:44:13.168, 1, 93, 17456, 24576, 279.21
2026/08/10 12:44:13.169, 2, 100, 12862, 24576, 177.21
2026/08/10 12:44:18.170, 0, 83, 22846, 24576, 310.33
2026/08/10 12:44:18.170, 1, 100, 22914, 24576, 306.75
2026/08/10 12:44:18.172, 2, 80, 22592, 24576, 334.16
2026/08/10 12:44:23.173, 0, 100, 22846, 24576, 309.80
2026/08/10 12:44:23.174, 1, 100, 22914, 24576, 316.11
2026/08/10 12:44:23.174, 2, 100, 22592, 24576, 329.77
2026/08/10 12:44:28.176, 0, 21, 22846, 24576, 237.47
2026/08/10 12:44:28.185, 1, 7, 22914, 24576, 240.21
2026/08/10 12:44:28.186, 2, 3, 20592, 24576, 247.77
2026/08/10 12:44:33.186, 0, 71, 22846, 24576, 331.63
2026/08/10 12:44:33.187, 1, 67, 22914, 24576, 305.13
2026/08/10 12:44:33.187, 2, 74, 20592, 24576, 325.80
2026/08/10 12:44:38.189, 0, 97, 22846, 24576, 338.47
2026/08/10 12:44:38.190, 1, 97, 22914, 24576, 336.45
2026/08/10 12:44:38.190, 2, 98, 20592, 24576, 342.07
2026/08/10 12:44:43.191, 0, 98, 19872, 24576, 327.72
2026/08/10 12:44:43.192, 1, 98, 15756, 24576, 277.80
2026/08/10 12:44:43.192, 2, 98, 13042, 24576, 335.51
2026/08/10 12:44:48.194, 0, 100, 19872, 24576, 177.23
2026/08/10 12:44:48.195, 1, 11, 14562, 24576, 249.25
2026/08/10 12:44:48.197, 2, 100, 14102, 24576, 169.89
2026/08/10 12:44:53.198, 0, 100, 22746, 24576, 297.00
2026/08/10 12:44:53.199, 1, 100, 22416, 24576, 309.72
2026/08/10 12:44:53.200, 2, 100, 22534, 24576, 302.01
2026/08/10 12:44:58.201, 0, 54, 21746, 24576, 297.83
2026/08/10 12:44:58.202, 1, 69, 23396, 24576, 303.86
2026/08/10 12:44:58.202, 2, 100, 22994, 24576, 331.77
2026/08/10 12:45:03.206, 0, 79, 21746, 24576, 295.08
2026/08/10 12:45:03.213, 1, 100, 23396, 24576, 316.04
2026/08/10 12:45:03.213, 2, 100, 20754, 24576, 292.28
2026/08/10 12:45:08.214, 0, 77, 21746, 24576, 333.82
2026/08/10 12:45:08.215, 1, 77, 23396, 24576, 307.31
2026/08/10 12:45:08.217, 2, 76, 20754, 24576, 327.96
2026/08/10 12:45:13.218, 0, 100, 21746, 24576, 316.68
2026/08/10 12:45:13.218, 1, 97, 23396, 24576, 227.87
2026/08/10 12:45:13.219, 2, 70, 20754, 24576, 317.16
2026/08/10 12:45:18.220, 0, 98, 13530, 24576, 338.47
2026/08/10 12:45:18.221, 1, 97, 15756, 24576, 284.27
2026/08/10 12:45:18.221, 2, 100, 20754, 24576, 332.02
2026/08/10 12:45:23.222, 0, 100, 23850, 24576, 301.13
2026/08/10 12:45:23.229, 1, 78, 20610, 24576, 246.97
2026/08/10 12:45:23.230, 2, 84, 23314, 24576, 243.27
2026/08/10 12:45:28.232, 0, 89, 22310, 24576, 324.96
2026/08/10 12:45:28.232, 1, 100, 22592, 24576, 308.75
2026/08/10 12:45:28.233, 2, 77, 23674, 24576, 303.28
2026/08/10 12:45:33.234, 0, 68, 23310, 24576, 325.61
2026/08/10 12:45:33.235, 1, 81, 22612, 24576, 324.42
2026/08/10 12:45:33.235, 2, 84, 21454, 24576, 302.47
2026/08/10 12:45:38.237, 0, 73, 23310, 24576, 288.58
2026/08/10 12:45:38.238, 1, 74, 22612, 24576, 306.49
2026/08/10 12:45:38.239, 2, 71, 21454, 24576, 298.11
2026/08/10 12:45:43.240, 0, 76, 23310, 24576, 335.25
2026/08/10 12:45:43.241, 1, 77, 22612, 24576, 309.69
2026/08/10 12:45:43.241, 2, 75, 21454, 24576, 329.14
2026/08/10 12:45:48.242, 0, 80, 17270, 24576, 314.67
2026/08/10 12:45:48.243, 1, 100, 24012, 24576, 309.76
2026/08/10 12:45:48.244, 2, 88, 18994, 24576, 290.78
2026/08/10 12:45:53.244, 0, 97, 13330, 24576, 338.30
2026/08/10 12:45:53.245, 1, 100, 13282, 24576, 300.98
2026/08/10 12:45:53.246, 2, 97, 12802, 24576, 309.07
2026/08/10 12:45:58.247, 0, 80, 22326, 24576, 294.01
2026/08/10 12:45:58.248, 1, 97, 23856, 24576, 306.86
2026/08/10 12:45:58.248, 2, 81, 22174, 24576, 295.49
2026/08/10 12:46:03.249, 0, 92, 23086, 24576, 309.85
2026/08/10 12:46:03.250, 1, 100, 23856, 24576, 308.18
2026/08/10 12:46:03.251, 2, 89, 22654, 24576, 312.50
2026/08/10 12:46:08.252, 0, 83, 22326, 24576, 311.74
2026/08/10 12:46:08.252, 1, 100, 23856, 24576, 308.91
2026/08/10 12:46:08.256, 2, 83, 22174, 24576, 314.57
2026/08/10 12:46:13.257, 0, 71, 22326, 24576, 334.05
2026/08/10 12:46:13.257, 1, 70, 23856, 24576, 310.62
2026/08/10 12:46:13.258, 2, 73, 22174, 24576, 324.64
2026/08/10 12:46:18.259, 0, 74, 22326, 24576, 335.68
2026/08/10 12:46:18.260, 1, 75, 23856, 24576, 308.26
2026/08/10 12:46:18.260, 2, 72, 22174, 24576, 331.79
2026/08/10 12:46:23.261, 0, 98, 14370, 24576, 336.64
2026/08/10 12:46:23.262, 1, 97, 23856, 24576, 291.82
2026/08/10 12:46:23.262, 2, 98, 22174, 24576, 321.45
2026/08/10 12:46:28.263, 0, 81, 23484, 24576, 295.14
2026/08/10 12:46:28.263, 1, 96, 23856, 24576, 251.76
2026/08/10 12:46:28.264, 2, 70, 20808, 24576, 217.09
2026/08/10 12:46:33.266, 0, 100, 22568, 24576, 325.93
2026/08/10 12:46:33.271, 1, 96, 23856, 24576, 303.44
2026/08/10 12:46:33.272, 2, 95, 22154, 24576, 326.05
2026/08/10 12:46:38.278, 0, 84, 23548, 24576, 318.58
2026/08/10 12:46:38.279, 1, 100, 23856, 24576, 301.87
2026/08/10 12:46:38.280, 2, 100, 22894, 24576, 337.25
2026/08/10 12:46:43.281, 0, 72, 23548, 24576, 327.40
2026/08/10 12:46:43.281, 1, 72, 23856, 24576, 324.81
2026/08/10 12:46:43.282, 2, 74, 22894, 24576, 322.39
2026/08/10 12:46:48.283, 0, 72, 23548, 24576, 336.28
2026/08/10 12:46:48.284, 1, 73, 23856, 24576, 307.67
2026/08/10 12:46:48.284, 2, 72, 22894, 24576, 325.85
2026/08/10 12:46:53.285, 0, 97, 16190, 24576, 291.17
2026/08/10 12:46:53.286, 1, 86, 12840, 24576, 276.39
2026/08/10 12:46:53.286, 2, 83, 13018, 24576, 285.46
2026/08/10 12:46:58.287, 0, 98, 13790, 24576, 338.10
2026/08/10 12:46:58.287, 1, 100, 16218, 24576, 290.40
2026/08/10 12:46:58.288, 2, 97, 13062, 24576, 317.97
2026/08/10 12:47:03.293, 0, 96, 22944, 24576, 297.51
2026/08/10 12:47:03.293, 1, 88, 23034, 24576, 297.86
2026/08/10 12:47:03.294, 2, 92, 23916, 24576, 316.54
2026/08/10 12:47:08.296, 0, 100, 22944, 24576, 296.98
2026/08/10 12:47:08.297, 1, 82, 23034, 24576, 317.67
2026/08/10 12:47:08.298, 2, 83, 21716, 24576, 308.39
2026/08/10 12:47:13.299, 0, 100, 22944, 24576, 313.39
2026/08/10 12:47:13.300, 1, 100, 23034, 24576, 319.80
2026/08/10 12:47:13.300, 2, 100, 21716, 24576, 317.31
2026/08/10 12:47:18.301, 0, 74, 22944, 24576, 327.33
2026/08/10 12:47:18.301, 1, 73, 23034, 24576, 330.36
2026/08/10 12:47:18.302, 2, 74, 21716, 24576, 327.17
2026/08/10 12:47:23.303, 0, 0, 22944, 24576, 269.46
2026/08/10 12:47:23.304, 1, 75, 23034, 24576, 314.25
2026/08/10 12:47:23.304, 2, 76, 21716, 24576, 317.19
2026/08/10 12:47:28.305, 0, 96, 14590, 24576, 340.47
2026/08/10 12:47:28.306, 1, 97, 19502, 24576, 326.46
2026/08/10 12:47:28.307, 2, 98, 18662, 24576, 324.70
2026/08/10 12:47:33.308, 0, 63, 13490, 24576, 315.15
2026/08/10 12:47:33.309, 1, 98, 22816, 24576, 334.70
2026/08/10 12:47:33.309, 2, 97, 16778, 24576, 282.79
2026/08/10 12:47:38.311, 0, 100, 23546, 24576, 323.21
2026/08/10 12:47:38.311, 1, 94, 22052, 24576, 309.13
2026/08/10 12:47:38.312, 2, 92, 23296, 24576, 324.32
2026/08/10 12:47:43.313, 0, 81, 21446, 24576, 296.38
2026/08/10 12:47:43.314, 1, 79, 22052, 24576, 309.27
2026/08/10 12:47:43.314, 2, 90, 23296, 24576, 320.22
2026/08/10 12:47:48.317, 0, 100, 21446, 24576, 285.65
2026/08/10 12:47:48.318, 1, 91, 20492, 24576, 297.50
2026/08/10 12:47:48.318, 2, 94, 20736, 24576, 302.88
2026/08/10 12:47:53.319, 0, 72, 21446, 24576, 330.48
2026/08/10 12:47:53.320, 1, 75, 22052, 24576, 331.37
2026/08/10 12:47:53.321, 2, 71, 23296, 24576, 323.32
2026/08/10 12:47:58.322, 0, 73, 21446, 24576, 338.44
2026/08/10 12:47:58.323, 1, 73, 22052, 24576, 291.74
2026/08/10 12:47:58.323, 2, 75, 23296, 24576, 334.26
2026/08/10 12:48:03.324, 0, 76, 14390, 24576, 296.83
2026/08/10 12:48:03.325, 1, 78, 15372, 24576, 288.12
2026/08/10 12:48:03.326, 2, 76, 12858, 24576, 282.01
2026/08/10 12:48:08.327, 0, 98, 14390, 24576, 343.42
2026/08/10 12:48:08.327, 1, 97, 13064, 24576, 320.30
2026/08/10 12:48:08.331, 2, 98, 13218, 24576, 330.64
2026/08/10 12:48:13.332, 0, 83, 22604, 24576, 323.84
2026/08/10 12:48:13.332, 1, 82, 23478, 24576, 309.92
2026/08/10 12:48:13.333, 2, 83, 22772, 24576, 313.60
2026/08/10 12:48:18.334, 0, 95, 22604, 24576, 300.81
2026/08/10 12:48:18.335, 1, 90, 23478, 24576, 307.82
2026/08/10 12:48:18.335, 2, 96, 22772, 24576, 302.60
2026/08/10 12:48:23.336, 0, 100, 20624, 24576, 286.29
2026/08/10 12:48:23.343, 1, 100, 23478, 24576, 316.22
2026/08/10 12:48:23.349, 2, 88, 22772, 24576, 303.15
2026/08/10 12:48:28.352, 0, 73, 22604, 24576, 324.18
2026/08/10 12:48:28.352, 1, 74, 23478, 24576, 319.49
2026/08/10 12:48:28.353, 2, 0, 22772, 24576, 237.56
2026/08/10 12:48:33.358, 0, 67, 22604, 24576, 336.70
2026/08/10 12:48:33.358, 1, 75, 23478, 24576, 299.08
2026/08/10 12:48:33.359, 2, 76, 22772, 24576, 322.74
2026/08/10 12:48:38.360, 0, 97, 24044, 24576, 338.96
2026/08/10 12:48:38.361, 1, 97, 23478, 24576, 335.96
2026/08/10 12:48:38.362, 2, 97, 23972, 24576, 341.18
2026/08/10 12:48:43.363, 0, 98, 13450, 24576, 339.89
2026/08/10 12:48:43.363, 1, 97, 12842, 24576, 309.19
2026/08/10 12:48:43.364, 2, 97, 13042, 24576, 340.86
2026/08/10 12:48:48.367, 0, 91, 23146, 24576, 297.26
2026/08/10 12:48:48.367, 1, 82, 23472, 24576, 313.26
2026/08/10 12:48:48.368, 2, 88, 23534, 24576, 299.88
2026/08/10 12:48:53.380, 0, 100, 22726, 24576, 328.69
2026/08/10 12:48:53.380, 1, 100, 22032, 24576, 307.38
2026/08/10 12:48:53.381, 2, 94, 23134, 24576, 336.91
2026/08/10 12:48:58.382, 0, 100, 22726, 24576, 322.22
2026/08/10 12:48:58.383, 1, 80, 22032, 24576, 309.18
2026/08/10 12:48:58.383, 2, 100, 23134, 24576, 337.88
2026/08/10 12:49:03.384, 0, 76, 20646, 24576, 332.36
2026/08/10 12:49:03.385, 1, 75, 22032, 24576, 315.98
2026/08/10 12:49:03.385, 2, 74, 20894, 24576, 325.26
2026/08/10 12:49:08.386, 0, 77, 20646, 24576, 336.70
2026/08/10 12:49:08.387, 1, 71, 22032, 24576, 309.00
2026/08/10 12:49:08.387, 2, 73, 20894, 24576, 331.82
2026/08/10 12:49:13.389, 0, 98, 20646, 24576, 330.43
2026/08/10 12:49:13.390, 1, 98, 12862, 24576, 302.22
2026/08/10 12:49:13.391, 2, 96, 20894, 24576, 331.18
2026/08/10 12:49:18.392, 0, 97, 20646, 24576, 296.88
2026/08/10 12:49:18.393, 1, 38, 12862, 24576, 262.35
2026/08/10 12:49:18.394, 2, 100, 20894, 24576, 248.34
2026/08/10 12:49:23.395, 0, 100, 23470, 24576, 326.77
2026/08/10 12:49:23.396, 1, 81, 22752, 24576, 328.68
2026/08/10 12:49:23.396, 2, 80, 23654, 24576, 329.71
2026/08/10 12:49:28.397, 0, 81, 23470, 24576, 311.78
2026/08/10 12:49:28.398, 1, 95, 22752, 24576, 313.17
2026/08/10 12:49:28.398, 2, 90, 23654, 24576, 309.54
2026/08/10 12:49:33.399, 0, 100, 23470, 24576, 327.18
2026/08/10 12:49:33.399, 1, 83, 20752, 24576, 290.63
2026/08/10 12:49:33.400, 2, 96, 21454, 24576, 299.88
2026/08/10 12:49:38.404, 0, 74, 23470, 24576, 333.46
2026/08/10 12:49:38.406, 1, 74, 20752, 24576, 311.25
2026/08/10 12:49:38.407, 2, 75, 21454, 24576, 328.76
2026/08/10 12:49:43.408, 0, 97, 23470, 24576, 337.26
2026/08/10 12:49:43.408, 1, 97, 20752, 24576, 300.29
2026/08/10 12:49:43.409, 2, 97, 21454, 24576, 272.48
2026/08/10 12:49:48.410, 0, 95, 13450, 24576, 338.43
2026/08/10 12:49:48.411, 1, 98, 13282, 24576, 303.86
2026/08/10 12:49:48.413, 2, 98, 13198, 24576, 321.73
2026/08/10 12:49:53.414, 0, 97, 23368, 24576, 323.34
2026/08/10 12:49:53.415, 1, 97, 23032, 24576, 307.20
2026/08/10 12:49:53.415, 2, 100, 22732, 24576, 320.45
2026/08/10 12:49:58.417, 0, 81, 23948, 24576, 329.27
2026/08/10 12:49:58.417, 1, 100, 23032, 24576, 299.80
2026/08/10 12:49:58.418, 2, 100, 22732, 24576, 314.12
2026/08/10 12:50:03.420, 0, 84, 23288, 24576, 319.47
2026/08/10 12:50:03.421, 1, 100, 23032, 24576, 301.07
2026/08/10 12:50:03.423, 2, 100, 22732, 24576, 317.14
2026/08/10 12:50:08.426, 0, 74, 23288, 24576, 332.45
2026/08/10 12:50:08.426, 1, 74, 23032, 24576, 316.46
2026/08/10 12:50:08.427, 2, 75, 22732, 24576, 330.78
2026/08/10 12:50:13.428, 0, 70, 23288, 24576, 331.50
2026/08/10 12:50:13.429, 1, 70, 23032, 24576, 305.36
2026/08/10 12:50:13.429, 2, 76, 22732, 24576, 322.17
2026/08/10 12:50:18.443, 0, 96, 14390, 24576, 339.74
2026/08/10 12:50:18.444, 1, 100, 23032, 24576, 301.35
2026/08/10 12:50:18.444, 2, 97, 13002, 24576, 322.72
2026/08/10 12:50:23.449, 0, 99, 21798, 24576, 309.59
2026/08/10 12:50:23.449, 1, 96, 23312, 24576, 247.67
2026/08/10 12:50:23.450, 2, 100, 23130, 24576, 259.70
2026/08/10 12:50:28.451, 0, 83, 23428, 24576, 326.91
2026/08/10 12:50:28.452, 1, 100, 23314, 24576, 307.22
2026/08/10 12:50:28.453, 2, 82, 21394, 24576, 305.27
2026/08/10 12:50:33.454, 0, 81, 23428, 24576, 324.58
2026/08/10 12:50:33.454, 1, 89, 23314, 24576, 306.34
2026/08/10 12:50:33.455, 2, 82, 21394, 24576, 318.56
2026/08/10 12:50:38.456, 0, 72, 23428, 24576, 313.26
2026/08/10 12:50:38.456, 1, 73, 23314, 24576, 317.89
2026/08/10 12:50:38.457, 2, 73, 21394, 24576, 327.53
2026/08/10 12:50:43.458, 0, 77, 23428, 24576, 335.48
2026/08/10 12:50:43.459, 1, 73, 23314, 24576, 302.63
2026/08/10 12:50:43.459, 2, 78, 21394, 24576, 316.15
2026/08/10 12:50:48.460, 0, 98, 23728, 24576, 333.47
2026/08/10 12:50:48.461, 1, 97, 23314, 24576, 311.51
2026/08/10 12:50:48.461, 2, 98, 21394, 24576, 333.25
2026/08/10 12:50:53.462, 0, 98, 22270, 24576, 335.68
2026/08/10 12:50:53.463, 1, 98, 13064, 24576, 282.22
2026/08/10 12:50:53.463, 2, 100, 21394, 24576, 310.28
2026/08/10 12:50:58.465, 0, 100, 23968, 24576, 301.55
2026/08/10 12:50:58.466, 1, 83, 23702, 24576, 315.54
2026/08/10 12:50:58.467, 2, 81, 23554, 24576, 312.33
2026/08/10 12:51:03.468, 0, 100, 24010, 24576, 309.86
2026/08/10 12:51:03.468, 1, 94, 24176, 24576, 310.62
2026/08/10 12:51:03.469, 2, 100, 21336, 24576, 312.01
2026/08/10 12:51:08.471, 0, 100, 24010, 24576, 329.15
2026/08/10 12:51:08.472, 1, 100, 21976, 24576, 298.71
2026/08/10 12:51:08.473, 2, 100, 23376, 24576, 324.10
2026/08/10 12:51:13.474, 0, 79, 24010, 24576, 231.42
2026/08/10 12:51:13.475, 1, 67, 21976, 24576, 276.41
2026/08/10 12:51:13.475, 2, 69, 23376, 24576, 250.29
2026/08/10 12:51:18.476, 0, 76, 24010, 24576, 332.58
2026/08/10 12:51:18.476, 1, 74, 21976, 24576, 305.06
2026/08/10 12:51:18.477, 2, 76, 23376, 24576, 332.06
2026/08/10 12:51:23.478, 0, 97, 24010, 24576, 336.79
2026/08/10 12:51:23.479, 1, 97, 22396, 24576, 335.34
2026/08/10 12:51:23.479, 2, 97, 23376, 24576, 332.92
2026/08/10 12:51:28.480, 0, 100, 17810, 24576, 325.61
2026/08/10 12:51:28.481, 1, 98, 22558, 24576, 324.29
2026/08/10 12:51:28.482, 2, 98, 19564, 24576, 337.36
2026/08/10 12:51:33.483, 0, 74, 21790, 24576, 262.30
2026/08/10 12:51:33.484, 1, 84, 22214, 24576, 258.94
2026/08/10 12:51:33.484, 2, 84, 23176, 24576, 292.99
2026/08/10 12:51:38.485, 0, 100, 24028, 24576, 317.24
2026/08/10 12:51:38.487, 1, 83, 22274, 24576, 313.79
2026/08/10 12:51:38.488, 2, 83, 23236, 24576, 322.40
2026/08/10 12:51:43.489, 0, 100, 24028, 24576, 319.42
2026/08/10 12:51:43.489, 1, 79, 22274, 24576, 301.03
2026/08/10 12:51:43.490, 2, 88, 23236, 24576, 309.93
2026/08/10 12:51:48.491, 0, 79, 24028, 24576, 227.49
2026/08/10 12:51:48.495, 1, 57, 22274, 24576, 253.53
2026/08/10 12:51:48.495, 2, 63, 23236, 24576, 252.21
2026/08/10 12:51:53.501, 0, 76, 24028, 24576, 334.90
2026/08/10 12:51:53.502, 1, 76, 22274, 24576, 317.55
2026/08/10 12:51:53.502, 2, 74, 23236, 24576, 336.32
2026/08/10 12:51:58.503, 0, 98, 24028, 24576, 337.52
2026/08/10 12:51:58.504, 1, 97, 22274, 24576, 319.97
2026/08/10 12:51:58.504, 2, 100, 23236, 24576, 336.66
2026/08/10 12:52:03.509, 0, 0, 13590, 24576, 242.92
2026/08/10 12:52:03.510, 1, 97, 13042, 24576, 304.41
2026/08/10 12:52:03.510, 2, 98, 21462, 24576, 308.69
2026/08/10 12:52:08.511, 0, 92, 24068, 24576, 301.94
2026/08/10 12:52:08.512, 1, 89, 22732, 24576, 250.85
2026/08/10 12:52:08.512, 2, 75, 23590, 24576, 233.71
2026/08/10 12:52:13.520, 0, 85, 23410, 24576, 325.93
2026/08/10 12:52:13.520, 1, 100, 20552, 24576, 299.99
2026/08/10 12:52:13.521, 2, 85, 23616, 24576, 337.37
2026/08/10 12:52:18.522, 0, 92, 23410, 24576, 325.18
2026/08/10 12:52:18.523, 1, 86, 20552, 24576, 298.78
2026/08/10 12:52:18.524, 2, 100, 23616, 24576, 330.75
2026/08/10 12:52:23.527, 0, 77, 23410, 24576, 244.89
2026/08/10 12:52:23.528, 1, 86, 20552, 24576, 262.02
2026/08/10 12:52:23.528, 2, 72, 23616, 24576, 237.09
2026/08/10 12:52:28.529, 0, 76, 23410, 24576, 334.75
2026/08/10 12:52:28.530, 1, 75, 20552, 24576, 312.29
2026/08/10 12:52:28.530, 2, 74, 23616, 24576, 332.99
2026/08/10 12:52:33.531, 0, 97, 24110, 24576, 337.76
2026/08/10 12:52:33.532, 1, 97, 22412, 24576, 333.78
2026/08/10 12:52:33.532, 2, 96, 23616, 24576, 339.61
2026/08/10 12:52:38.533, 0, 80, 13490, 24576, 294.15
2026/08/10 12:52:38.534, 1, 0, 22576, 24576, 263.86
2026/08/10 12:52:38.536, 2, 97, 13042, 24576, 324.04
2026/08/10 12:52:43.537, 0, 84, 23006, 24576, 301.27
2026/08/10 12:52:43.538, 1, 93, 22512, 24576, 313.46
2026/08/10 12:52:43.541, 2, 69, 20154, 24576, 301.74
2026/08/10 12:52:48.542, 0, 78, 23006, 24576, 313.00
2026/08/10 12:52:48.544, 1, 82, 20512, 24576, 290.51
2026/08/10 12:52:48.545, 2, 83, 23534, 24576, 317.14
2026/08/10 12:52:53.545, 0, 95, 23006, 24576, 312.30
2026/08/10 12:52:53.546, 1, 99, 20512, 24576, 296.10
2026/08/10 12:52:53.547, 2, 92, 23534, 24576, 314.81
2026/08/10 12:52:58.548, 0, 72, 23006, 24576, 327.65
2026/08/10 12:52:58.548, 1, 70, 22512, 24576, 328.05
2026/08/10 12:52:58.549, 2, 25, 23534, 24576, 301.15
2026/08/10 12:53:03.550, 0, 77, 23006, 24576, 335.31
2026/08/10 12:53:03.550, 1, 78, 22512, 24576, 312.90
2026/08/10 12:53:03.551, 2, 76, 23534, 24576, 325.16
2026/08/10 12:53:08.552, 0, 100, 14510, 24576, 293.06
2026/08/10 12:53:08.552, 1, 84, 13022, 24576, 274.98
2026/08/10 12:53:08.553, 2, 76, 12118, 24576, 281.33
2026/08/10 12:53:13.554, 0, 98, 19890, 24576, 329.11
2026/08/10 12:53:13.560, 1, 97, 13042, 24576, 298.19
2026/08/10 12:53:13.561, 2, 98, 12778, 24576, 339.51
2026/08/10 12:53:18.561, 0, 100, 22288, 24576, 327.54
2026/08/10 12:53:18.562, 1, 100, 21374, 24576, 297.23
2026/08/10 12:53:18.563, 2, 100, 21992, 24576, 323.54
2026/08/10 12:53:23.564, 0, 71, 22288, 24576, 312.65
2026/08/10 12:53:23.564, 1, 90, 21374, 24576, 302.74
2026/08/10 12:53:23.565, 2, 84, 21992, 24576, 294.80
2026/08/10 12:53:28.566, 0, 100, 21308, 24576, 311.78
2026/08/10 12:53:28.567, 1, 91, 20694, 24576, 295.25
2026/08/10 12:53:28.567, 2, 90, 21432, 24576, 319.36
2026/08/10 12:53:33.568, 0, 72, 22288, 24576, 333.84
2026/08/10 12:53:33.569, 1, 73, 21374, 24576, 309.88
2026/08/10 12:53:33.569, 2, 73, 21992, 24576, 325.23
2026/08/10 12:53:38.570, 0, 100, 22288, 24576, 187.60
2026/08/10 12:53:38.571, 1, 100, 21374, 24576, 280.36
2026/08/10 12:53:38.571, 2, 65, 21992, 24576, 315.92
2026/08/10 12:53:43.572, 0, 97, 19690, 24576, 338.72
2026/08/10 12:53:43.572, 1, 98, 14002, 24576, 300.05
2026/08/10 12:53:43.573, 2, 97, 12982, 24576, 331.14
2026/08/10 12:53:48.574, 0, 98, 16990, 24576, 190.99
2026/08/10 12:53:48.575, 1, 84, 16842, 24576, 196.76
2026/08/10 12:53:48.575, 2, 9, 15962, 24576, 285.27
2026/08/10 12:53:53.577, 0, 69, 21722, 24576, 291.41
2026/08/10 12:53:53.578, 1, 100, 22912, 24576, 312.93
2026/08/10 12:53:53.578, 2, 79, 23076, 24576, 322.14
2026/08/10 12:53:58.579, 0, 81, 21722, 24576, 302.48
2026/08/10 12:53:58.580, 1, 96, 22912, 24576, 314.00
2026/08/10 12:53:58.581, 2, 83, 23076, 24576, 321.65
2026/08/10 12:54:03.582, 0, 21, 21722, 24576, 243.19
2026/08/10 12:54:03.582, 1, 3, 22912, 24576, 258.05
2026/08/10 12:54:03.583, 2, 5, 23076, 24576, 261.67
2026/08/10 12:54:08.584, 0, 76, 21722, 24576, 333.68
2026/08/10 12:54:08.585, 1, 76, 22912, 24576, 309.52
2026/08/10 12:54:08.585, 2, 76, 23076, 24576, 332.67
2026/08/10 12:54:13.586, 0, 98, 21722, 24576, 330.27
2026/08/10 12:54:13.587, 1, 97, 22912, 24576, 299.86
2026/08/10 12:54:13.587, 2, 100, 23076, 24576, 328.44
2026/08/10 12:54:18.589, 0, 100, 13570, 24576, 340.28
2026/08/10 12:54:18.589, 1, 100, 23562, 24576, 294.37
2026/08/10 12:54:18.590, 2, 99, 23702, 24576, 322.61
2026/08/10 12:54:23.591, 0, 92, 24128, 24576, 317.82
2026/08/10 12:54:23.592, 1, 80, 22932, 24576, 286.28
2026/08/10 12:54:23.592, 2, 78, 20974, 24576, 303.35
2026/08/10 12:54:28.594, 0, 72, 24128, 24576, 309.70
2026/08/10 12:54:28.595, 1, 100, 23192, 24576, 310.14
2026/08/10 12:54:28.595, 2, 100, 23814, 24576, 318.84
2026/08/10 12:54:33.596, 0, 100, 21928, 24576, 309.87
2026/08/10 12:54:33.599, 1, 100, 22932, 24576, 317.92
2026/08/10 12:54:33.599, 2, 79, 23034, 24576, 337.59
2026/08/10 12:54:38.603, 0, 76, 21928, 24576, 333.35
2026/08/10 12:54:38.603, 1, 76, 22932, 24576, 315.04
2026/08/10 12:54:38.604, 2, 73, 23034, 24576, 325.96
2026/08/10 12:54:43.606, 0, 78, 21928, 24576, 333.57
2026/08/10 12:54:43.606, 1, 77, 22932, 24576, 309.47
2026/08/10 12:54:43.607, 2, 75, 23034, 24576, 336.43
2026/08/10 12:54:48.610, 0, 98, 23130, 24576, 334.64
2026/08/10 12:54:48.610, 1, 100, 22932, 24576, 303.88
2026/08/10 12:54:48.611, 2, 100, 13042, 24576, 342.61
2026/08/10 12:54:53.612, 0, 97, 14490, 24576, 337.86
2026/08/10 12:54:53.612, 1, 47, 22932, 24576, 266.10
2026/08/10 12:54:53.613, 2, 98, 13042, 24576, 326.07
2026/08/10 12:54:58.614, 0, 100, 20926, 24576, 291.27
2026/08/10 12:54:58.615, 1, 86, 23154, 24576, 311.08
2026/08/10 12:54:58.618, 2, 80, 23634, 24576, 337.85
2026/08/10 12:55:03.620, 0, 100, 20926, 24576, 298.75
2026/08/10 12:55:03.623, 1, 100, 23154, 24576, 314.37
2026/08/10 12:55:03.623, 2, 100, 23634, 24576, 340.61
2026/08/10 12:55:08.624, 0, 3, 22986, 24576, 240.46
2026/08/10 12:55:08.625, 1, 9, 23154, 24576, 255.53
2026/08/10 12:55:08.627, 2, 19, 21434, 24576, 252.94
2026/08/10 12:55:13.628, 0, 75, 22986, 24576, 332.39
2026/08/10 12:55:13.628, 1, 76, 23154, 24576, 311.80
2026/08/10 12:55:13.629, 2, 74, 21434, 24576, 331.65
2026/08/10 12:55:18.630, 0, 97, 22986, 24576, 328.62
2026/08/10 12:55:18.630, 1, 98, 23154, 24576, 307.79
2026/08/10 12:55:18.631, 2, 98, 21434, 24576, 316.58
2026/08/10 12:55:23.632, 0, 99, 22890, 24576, 335.81
2026/08/10 12:55:23.633, 1, 98, 23154, 24576, 303.82
2026/08/10 12:55:23.633, 2, 98, 13322, 24576, 333.18
2026/08/10 12:55:28.634, 0, 100, 21046, 24576, 306.36
2026/08/10 12:55:28.635, 1, 100, 23454, 24576, 317.05
2026/08/10 12:55:28.635, 2, 100, 23112, 24576, 319.03
2026/08/10 12:55:33.637, 0, 94, 21046, 24576, 305.68
2026/08/10 12:55:33.637, 1, 81, 23454, 24576, 298.02
2026/08/10 12:55:33.638, 2, 96, 23112, 24576, 313.42
2026/08/10 12:55:38.639, 0, 81, 21486, 24576, 306.89
2026/08/10 12:55:38.639, 1, 100, 20854, 24576, 309.49
2026/08/10 12:55:38.640, 2, 100, 23112, 24576, 292.11
2026/08/10 12:55:43.641, 0, 75, 23046, 24576, 334.31
2026/08/10 12:55:43.642, 1, 73, 23454, 24576, 313.48
2026/08/10 12:55:43.642, 2, 77, 23112, 24576, 328.28
2026/08/10 12:55:48.643, 0, 76, 23046, 24576, 338.35
2026/08/10 12:55:48.644, 1, 75, 23454, 24576, 302.30
2026/08/10 12:55:48.644, 2, 76, 23112, 24576, 334.66
2026/08/10 12:55:53.645, 0, 98, 13490, 24576, 337.05
2026/08/10 12:55:53.647, 1, 100, 12882, 24576, 307.21
2026/08/10 12:55:53.647, 2, 100, 13042, 24576, 339.10
2026/08/10 12:55:58.648, 0, 72, 17750, 24576, 200.56
2026/08/10 12:55:58.649, 1, 93, 18250, 24576, 251.69
2026/08/10 12:55:58.649, 2, 73, 18172, 24576, 295.93
2026/08/10 12:56:03.650, 0, 79, 23266, 24576, 319.17
2026/08/10 12:56:03.650, 1, 84, 23012, 24576, 314.09
2026/08/10 12:56:03.651, 2, 81, 20834, 24576, 311.17
2026/08/10 12:56:08.654, 0, 83, 23266, 24576, 321.88
2026/08/10 12:56:08.654, 1, 82, 23012, 24576, 315.78
2026/08/10 12:56:08.655, 2, 82, 20834, 24576, 310.30
2026/08/10 12:56:13.656, 0, 74, 23266, 24576, 307.53
2026/08/10 12:56:13.657, 1, 71, 23012, 24576, 317.57
2026/08/10 12:56:13.657, 2, 74, 20834, 24576, 311.95
2026/08/10 12:56:18.659, 0, 77, 23266, 24576, 335.96
2026/08/10 12:56:18.660, 1, 73, 23012, 24576, 303.95
2026/08/10 12:56:18.660, 2, 75, 20834, 24576, 332.13
2026/08/10 12:56:23.661, 0, 67, 16186, 24576, 312.44
2026/08/10 12:56:23.662, 1, 92, 16512, 24576, 281.77
2026/08/10 12:56:23.662, 2, 65, 15334, 24576, 293.88
2026/08/10 12:56:28.668, 0, 98, 22210, 24576, 338.33
2026/08/10 12:56:28.668, 1, 98, 13302, 24576, 295.67
2026/08/10 12:56:28.669, 2, 97, 14558, 24576, 288.37
2026/08/10 12:56:33.670, 0, 84, 24090, 24576, 319.85
2026/08/10 12:56:33.671, 1, 100, 22992, 24576, 323.13
2026/08/10 12:56:33.671, 2, 83, 22232, 24576, 299.81
2026/08/10 12:56:38.672, 0, 83, 24090, 24576, 334.04
2026/08/10 12:56:38.673, 1, 86, 22992, 24576, 319.19
2026/08/10 12:56:38.673, 2, 83, 22232, 24576, 314.70
2026/08/10 12:56:43.674, 0, 100, 24090, 24576, 335.39
2026/08/10 12:56:43.674, 1, 80, 22992, 24576, 306.54
2026/08/10 12:56:43.675, 2, 100, 22232, 24576, 320.26
2026/08/10 12:56:48.676, 0, 74, 24090, 24576, 328.18
2026/08/10 12:56:48.677, 1, 73, 22992, 24576, 328.80
2026/08/10 12:56:48.677, 2, 74, 22232, 24576, 323.36
2026/08/10 12:56:53.679, 0, 73, 24090, 24576, 333.18
2026/08/10 12:56:53.679, 1, 72, 22992, 24576, 309.81
2026/08/10 12:56:53.680, 2, 72, 22232, 24576, 333.36
2026/08/10 12:56:58.681, 0, 97, 18070, 24576, 298.35
2026/08/10 12:56:58.682, 1, 100, 14022, 24576, 281.13
2026/08/10 12:56:58.682, 2, 97, 18444, 24576, 288.19
2026/08/10 12:57:03.683, 0, 100, 16290, 24576, 296.28
2026/08/10 12:57:03.684, 1, 97, 13998, 24576, 313.75
2026/08/10 12:57:03.684, 2, 98, 13718, 24576, 337.74
2026/08/10 12:57:08.685, 0, 98, 23428, 24576, 326.65
2026/08/10 12:57:08.686, 1, 100, 23394, 24576, 319.18
2026/08/10 12:57:08.687, 2, 99, 19710, 24576, 279.76
2026/08/10 12:57:13.688, 0, 82, 23428, 24576, 321.93
2026/08/10 12:57:13.689, 1, 100, 23394, 24576, 319.03
2026/08/10 12:57:13.689, 2, 100, 21570, 24576, 305.92
2026/08/10 12:57:18.691, 0, 81, 23428, 24576, 322.70
2026/08/10 12:57:18.692, 1, 89, 23394, 24576, 311.61
2026/08/10 12:57:18.692, 2, 100, 21570, 24576, 313.25
2026/08/10 12:57:23.693, 0, 73, 23428, 24576, 331.27
2026/08/10 12:57:23.694, 1, 69, 23394, 24576, 272.96
2026/08/10 12:57:23.694, 2, 69, 21570, 24576, 314.78
2026/08/10 12:57:28.700, 0, 75, 23428, 24576, 335.02
2026/08/10 12:57:28.700, 1, 74, 23394, 24576, 312.46
2026/08/10 12:57:28.701, 2, 73, 21570, 24576, 330.98
2026/08/10 12:57:33.702, 0, 98, 23428, 24576, 336.96
2026/08/10 12:57:33.702, 1, 83, 13474, 24576, 281.55
2026/08/10 12:57:33.703, 2, 75, 13998, 24576, 279.96
2026/08/10 12:57:38.704, 0, 99, 23428, 24576, 333.62
2026/08/10 12:57:38.705, 1, 97, 23562, 24576, 292.55
2026/08/10 12:57:38.705, 2, 98, 14038, 24576, 342.48
2026/08/10 12:57:43.706, 0, 81, 23350, 24576, 301.46
2026/08/10 12:57:43.707, 1, 83, 23116, 24576, 306.98
2026/08/10 12:57:43.707, 2, 69, 21910, 24576, 278.62
2026/08/10 12:57:48.708, 0, 100, 23350, 24576, 312.15
2026/08/10 12:57:48.709, 1, 100, 23116, 24576, 318.99
2026/08/10 12:57:48.710, 2, 100, 21910, 24576, 300.23
2026/08/10 12:57:53.711, 0, 84, 23350, 24576, 314.27
2026/08/10 12:57:53.712, 1, 95, 23116, 24576, 302.71
2026/08/10 12:57:53.712, 2, 100, 21910, 24576, 290.28
2026/08/10 12:57:58.713, 0, 72, 23350, 24576, 301.99
2026/08/10 12:57:58.714, 1, 72, 23116, 24576, 302.45
2026/08/10 12:57:58.714, 2, 75, 21910, 24576, 299.76
2026/08/10 12:58:03.715, 0, 76, 23350, 24576, 335.25
2026/08/10 12:58:03.716, 1, 73, 23116, 24576, 310.32
2026/08/10 12:58:03.717, 2, 77, 21910, 24576, 329.86
2026/08/10 12:58:08.717, 0, 100, 23350, 24576, 338.02
2026/08/10 12:58:08.718, 1, 100, 24236, 24576, 330.61
2026/08/10 12:58:08.718, 2, 97, 23670, 24576, 340.37
2026/08/10 12:58:13.720, 0, 98, 23350, 24576, 332.81
2026/08/10 12:58:13.721, 1, 77, 14062, 24576, 268.33
2026/08/10 12:58:13.721, 2, 98, 13064, 24576, 325.73
2026/08/10 12:58:18.725, 0, 100, 23606, 24576, 341.11
2026/08/10 12:58:18.725, 1, 100, 23274, 24576, 327.61
2026/08/10 12:58:18.726, 2, 100, 21836, 24576, 316.09
2026/08/10 12:58:23.727, 0, 97, 23606, 24576, 284.31
2026/08/10 12:58:23.727, 1, 100, 22414, 24576, 308.04
2026/08/10 12:58:23.730, 2, 100, 22256, 24576, 331.28
2026/08/10 12:58:28.732, 0, 100, 21426, 24576, 291.24
2026/08/10 12:58:28.733, 1, 100, 23274, 24576, 306.47
2026/08/10 12:58:28.735, 2, 100, 24036, 24576, 333.47
2026/08/10 12:58:33.736, 0, 75, 23606, 24576, 332.72
2026/08/10 12:58:33.737, 1, 72, 23274, 24576, 329.01
2026/08/10 12:58:33.737, 2, 72, 21836, 24576, 331.20
2026/08/10 12:58:38.738, 0, 74, 23606, 24576, 336.36
2026/08/10 12:58:38.739, 1, 76, 23274, 24576, 301.73
2026/08/10 12:58:38.739, 2, 76, 21836, 24576, 321.38
2026/08/10 12:58:43.740, 0, 82, 13526, 24576, 305.72
2026/08/10 12:58:43.740, 1, 88, 12942, 24576, 277.35
2026/08/10 12:58:43.741, 2, 97, 16382, 24576, 279.89
2026/08/10 12:58:48.742, 0, 77, 14410, 24576, 292.49
2026/08/10 12:58:48.743, 1, 97, 13322, 24576, 302.49
2026/08/10 12:58:48.746, 2, 97, 13022, 24576, 302.90
2026/08/10 12:58:53.747, 0, 84, 21928, 24576, 321.60
2026/08/10 12:58:53.754, 1, 82, 22872, 24576, 323.28
2026/08/10 12:58:53.754, 2, 100, 22954, 24576, 320.42
2026/08/10 12:58:58.755, 0, 100, 21928, 24576, 320.56
2026/08/10 12:58:58.755, 1, 100, 22872, 24576, 321.67
2026/08/10 12:58:58.756, 2, 97, 22954, 24576, 326.67
2026/08/10 12:59:03.757, 0, 93, 21928, 24576, 320.10
2026/08/10 12:59:03.758, 1, 97, 22872, 24576, 316.99
2026/08/10 12:59:03.758, 2, 88, 22954, 24576, 302.56
2026/08/10 12:59:08.759, 0, 72, 23928, 24576, 333.23
2026/08/10 12:59:08.760, 1, 73, 22872, 24576, 314.49
2026/08/10 12:59:08.760, 2, 74, 22954, 24576, 331.22
2026/08/10 12:59:13.761, 0, 72, 23928, 24576, 336.03
2026/08/10 12:59:13.762, 1, 69, 22872, 24576, 311.64
2026/08/10 12:59:13.763, 2, 75, 22954, 24576, 318.56
2026/08/10 12:59:18.764, 0, 97, 13590, 24576, 335.42
2026/08/10 12:59:18.764, 1, 96, 23862, 24576, 319.80
2026/08/10 12:59:18.765, 2, 98, 14042, 24576, 336.77
2026/08/10 12:59:23.766, 0, 98, 13590, 24576, 329.28
2026/08/10 12:59:23.767, 1, 99, 17698, 24576, 294.61
2026/08/10 12:59:23.767, 2, 100, 14038, 24576, 231.24
2026/08/10 12:59:28.768, 0, 100, 23410, 24576, 329.40
2026/08/10 12:59:28.769, 1, 75, 22274, 24576, 315.45
2026/08/10 12:59:28.769, 2, 68, 23454, 24576, 314.13
2026/08/10 12:59:33.772, 0, 96, 23410, 24576, 333.02
2026/08/10 12:59:33.773, 1, 84, 24034, 24576, 317.05
2026/08/10 12:59:33.774, 2, 92, 23674, 24576, 311.38
2026/08/10 12:59:38.775, 0, 100, 23410, 24576, 331.87
2026/08/10 12:59:38.776, 1, 86, 22274, 24576, 294.83
2026/08/10 12:59:38.777, 2, 100, 23454, 24576, 319.87
2026/08/10 12:59:43.778, 0, 73, 23410, 24576, 332.96
2026/08/10 12:59:43.779, 1, 75, 22274, 24576, 308.73
2026/08/10 12:59:43.779, 2, 76, 23454, 24576, 334.48
2026/08/10 12:59:48.782, 0, 100, 23410, 24576, 276.14
2026/08/10 12:59:48.782, 1, 100, 22274, 24576, 190.27
2026/08/10 12:59:48.783, 2, 73, 23454, 24576, 324.00
2026/08/10 12:59:53.784, 0, 98, 13490, 24576, 332.92
2026/08/10 12:59:53.784, 1, 97, 16956, 24576, 284.97
2026/08/10 12:59:53.785, 2, 97, 13064, 24576, 327.27
2026/08/10 12:59:58.786, 0, 100, 13490, 24576, 266.65
2026/08/10 12:59:58.787, 1, 100, 12096, 24576, 192.20
2026/08/10 12:59:58.787, 2, 94, 13064, 24576, 319.42
2026/08/10 13:00:03.788, 0, 100, 24210, 24576, 336.44
2026/08/10 13:00:03.789, 1, 84, 20708, 24576, 300.51
2026/08/10 13:00:03.790, 2, 100, 24216, 24576, 343.64
2026/08/10 13:00:08.791, 0, 100, 24210, 24576, 334.80
2026/08/10 13:00:08.791, 1, 76, 19768, 24576, 295.21
2026/08/10 13:00:08.792, 2, 100, 24216, 24576, 332.20
2026/08/10 13:00:13.792, 0, 4, 22110, 24576, 280.89
2026/08/10 13:00:13.793, 1, 19, 19768, 24576, 269.21
2026/08/10 13:00:13.796, 2, 1, 22016, 24576, 276.70
2026/08/10 13:00:18.797, 0, 75, 22110, 24576, 329.62
2026/08/10 13:00:18.798, 1, 74, 19768, 24576, 318.63
2026/08/10 13:00:18.798, 2, 76, 22016, 24576, 301.86
2026/08/10 13:00:23.800, 0, 100, 22110, 24576, 302.95
2026/08/10 13:00:23.801, 1, 97, 19768, 24576, 268.88
2026/08/10 13:00:23.803, 2, 100, 22016, 24576, 316.50
2026/08/10 13:00:28.804, 0, 98, 13572, 24576, 337.38
2026/08/10 13:00:28.804, 1, 98, 18082, 24576, 324.97
2026/08/10 13:00:28.805, 2, 98, 22016, 24576, 323.19
2026/08/10 13:00:33.805, 0, 91, 23606, 24576, 229.86
2026/08/10 13:00:33.806, 1, 82, 20522, 24576, 230.27
2026/08/10 13:00:33.806, 2, 95, 23976, 24576, 296.22
2026/08/10 13:00:38.808, 0, 85, 21828, 24576, 316.70
2026/08/10 13:00:38.809, 1, 84, 20592, 24576, 302.25
2026/08/10 13:00:38.810, 2, 82, 21756, 24576, 300.29
2026/08/10 13:00:43.813, 0, 91, 21828, 24576, 316.63
2026/08/10 13:00:43.814, 1, 98, 20592, 24576, 286.86
2026/08/10 13:00:43.814, 2, 97, 21756, 24576, 309.74
2026/08/10 13:00:48.815, 0, 73, 21828, 24576, 271.87
2026/08/10 13:00:48.815, 1, 74, 20592, 24576, 276.31
2026/08/10 13:00:48.816, 2, 74, 21756, 24576, 268.99
2026/08/10 13:00:53.817, 0, 75, 21828, 24576, 334.80
2026/08/10 13:00:53.817, 1, 74, 20592, 24576, 312.88
2026/08/10 13:00:53.818, 2, 74, 21756, 24576, 323.48
2026/08/10 13:00:58.819, 0, 100, 20668, 24576, 322.84
2026/08/10 13:00:58.819, 1, 95, 21732, 24576, 311.98
2026/08/10 13:00:58.820, 2, 100, 24116, 24576, 320.52
2026/08/10 13:01:03.821, 0, 98, 13472, 24576, 317.30
2026/08/10 13:01:03.822, 1, 97, 13002, 24576, 300.75
2026/08/10 13:01:03.822, 2, 84, 14038, 24576, 278.08
2026/08/10 13:01:08.824, 0, 93, 20626, 24576, 304.67
2026/08/10 13:01:08.825, 1, 88, 20092, 24576, 306.62
2026/08/10 13:01:08.825, 2, 88, 23074, 24576, 300.38
2026/08/10 13:01:13.826, 0, 86, 23186, 24576, 330.88
2026/08/10 13:01:13.827, 1, 100, 22532, 24576, 314.30
2026/08/10 13:01:13.828, 2, 84, 20994, 24576, 304.61
2026/08/10 13:01:18.828, 0, 100, 23186, 24576, 326.50
2026/08/10 13:01:18.829, 1, 100, 22532, 24576, 318.98
2026/08/10 13:01:18.829, 2, 88, 21314, 24576, 313.12
2026/08/10 13:01:23.830, 0, 82, 21086, 24576, 335.71
2026/08/10 13:01:23.831, 1, 83, 20372, 24576, 309.24
2026/08/10 13:01:23.832, 2, 82, 23074, 24576, 336.37
2026/08/10 13:01:28.832, 0, 98, 21086, 24576, 338.00
2026/08/10 13:01:28.833, 1, 98, 20372, 24576, 245.29
2026/08/10 13:01:28.834, 2, 98, 23074, 24576, 313.64
2026/08/10 13:01:33.834, 0, 98, 21086, 24576, 326.18
2026/08/10 13:01:33.835, 1, 98, 12862, 24576, 305.51
2026/08/10 13:01:33.835, 2, 100, 13042, 24576, 311.63
2026/08/10 13:01:38.836, 0, 87, 21768, 24576, 324.19
2026/08/10 13:01:38.837, 1, 86, 20652, 24576, 310.35
2026/08/10 13:01:38.838, 2, 88, 21294, 24576, 322.01
2026/08/10 13:01:43.839, 0, 96, 23908, 24576, 319.57
2026/08/10 13:01:43.839, 1, 95, 22652, 24576, 310.16
2026/08/10 13:01:43.840, 2, 93, 23134, 24576, 316.86
2026/08/10 13:01:48.840, 0, 100, 23908, 24576, 337.09
2026/08/10 13:01:48.841, 1, 100, 22652, 24576, 303.33
2026/08/10 13:01:48.841, 2, 100, 23134, 24576, 339.83
2026/08/10 13:01:53.842, 0, 82, 21768, 24576, 337.22
2026/08/10 13:01:53.843, 1, 80, 20652, 24576, 325.65
2026/08/10 13:01:53.844, 2, 83, 20914, 24576, 336.69
2026/08/10 13:01:58.844, 0, 100, 21768, 24576, 181.81
2026/08/10 13:01:58.845, 1, 81, 20652, 24576, 307.45
2026/08/10 13:01:58.845, 2, 84, 20914, 24576, 326.92
2026/08/10 13:02:03.847, 0, 100, 16510, 24576, 336.21
2026/08/10 13:02:03.847, 1, 98, 13064, 24576, 309.48
2026/08/10 13:02:03.848, 2, 98, 20914, 24576, 312.78
2026/08/10 13:02:08.849, 0, 100, 14450, 24576, 180.75
2026/08/10 13:02:08.850, 1, 98, 13064, 24576, 302.64
2026/08/10 13:02:08.850, 2, 100, 20914, 24576, 174.48
2026/08/10 13:02:13.851, 0, 97, 23266, 24576, 287.55
2026/08/10 13:02:13.852, 1, 93, 23920, 24576, 310.57
2026/08/10 13:02:13.852, 2, 97, 23514, 24576, 315.36
2026/08/10 13:02:18.853, 0, 95, 23266, 24576, 300.99
2026/08/10 13:02:18.854, 1, 100, 23920, 24576, 313.86
2026/08/10 13:02:18.854, 2, 100, 21314, 24576, 298.55
2026/08/10 13:02:23.855, 0, 89, 23266, 24576, 310.28
2026/08/10 13:02:23.855, 1, 87, 23920, 24576, 309.34
2026/08/10 13:02:23.856, 2, 100, 23514, 24576, 315.75
2026/08/10 13:02:28.857, 0, 82, 23266, 24576, 339.31
2026/08/10 13:02:28.858, 1, 81, 23920, 24576, 309.13
2026/08/10 13:02:28.858, 2, 81, 21314, 24576, 336.45
2026/08/10 13:02:33.859, 0, 97, 23266, 24576, 243.50
2026/08/10 13:02:33.860, 1, 98, 23920, 24576, 305.15
2026/08/10 13:02:33.860, 2, 98, 21314, 24576, 250.76
2026/08/10 13:02:38.861, 0, 98, 13330, 24576, 339.89
2026/08/10 13:02:38.862, 1, 98, 13042, 24576, 306.11
2026/08/10 13:02:38.862, 2, 98, 13322, 24576, 304.77
2026/08/10 13:02:43.863, 0, 100, 20886, 24576, 312.85
2026/08/10 13:02:43.864, 1, 100, 20894, 24576, 300.70
2026/08/10 13:02:43.864, 2, 91, 23574, 24576, 337.58
2026/08/10 13:02:48.865, 0, 89, 20886, 24576, 310.53
2026/08/10 13:02:48.865, 1, 88, 21274, 24576, 295.44
2026/08/10 13:02:48.866, 2, 88, 23574, 24576, 338.02
2026/08/10 13:02:53.867, 0, 100, 22826, 24576, 306.78
2026/08/10 13:02:53.868, 1, 100, 23134, 24576, 302.20
2026/08/10 13:02:53.869, 2, 100, 23574, 24576, 318.38
2026/08/10 13:02:58.870, 0, 80, 20886, 24576, 337.53
2026/08/10 13:02:58.871, 1, 82, 20894, 24576, 304.85
2026/08/10 13:02:58.871, 2, 82, 23574, 24576, 336.74
2026/08/10 13:03:03.872, 0, 84, 20886, 24576, 340.88
2026/08/10 13:03:03.873, 1, 75, 20894, 24576, 297.23
2026/08/10 13:03:03.874, 2, 80, 23574, 24576, 319.60
2026/08/10 13:03:08.875, 0, 98, 13570, 24576, 336.97
2026/08/10 13:03:08.875, 1, 98, 24122, 24576, 320.50
2026/08/10 13:03:08.876, 2, 98, 13982, 24576, 336.85
2026/08/10 13:03:13.877, 0, 100, 13570, 24576, 241.18
2026/08/10 13:03:13.877, 1, 94, 14498, 24576, 284.03
2026/08/10 13:03:13.878, 2, 85, 13978, 24576, 273.21
2026/08/10 13:03:18.879, 0, 100, 21486, 24576, 317.69
2026/08/10 13:03:18.879, 1, 100, 22832, 24576, 324.23
2026/08/10 13:03:18.880, 2, 91, 23494, 24576, 312.43
2026/08/10 13:03:23.881, 0, 100, 21486, 24576, 315.05
2026/08/10 13:03:23.882, 1, 100, 22832, 24576, 332.82
2026/08/10 13:03:23.882, 2, 94, 23494, 24576, 319.33
2026/08/10 13:03:28.883, 0, 83, 21486, 24576, 332.66
2026/08/10 13:03:28.884, 1, 81, 22832, 24576, 330.62
2026/08/10 13:03:28.884, 2, 84, 23494, 24576, 328.73
2026/08/10 13:03:33.885, 0, 83, 21486, 24576, 339.83
2026/08/10 13:03:33.886, 1, 82, 22832, 24576, 302.43
2026/08/10 13:03:33.886, 2, 83, 23494, 24576, 327.19
2026/08/10 13:03:38.887, 0, 98, 21350, 24576, 334.93
2026/08/10 13:03:38.888, 1, 98, 13982, 24576, 305.48
2026/08/10 13:03:38.888, 2, 98, 16182, 24576, 292.75
2026/08/10 13:03:43.889, 0, 98, 23950, 24576, 338.73
2026/08/10 13:03:43.889, 1, 98, 13956, 24576, 319.46
2026/08/10 13:03:43.890, 2, 90, 14498, 24576, 278.30
2026/08/10 13:03:48.892, 0, 100, 21904, 24576, 307.88
2026/08/10 13:03:48.892, 1, 91, 20774, 24576, 304.80
2026/08/10 13:03:48.893, 2, 100, 23376, 24576, 324.79
2026/08/10 13:03:53.895, 0, 100, 23784, 24576, 293.90
2026/08/10 13:03:53.897, 1, 100, 23854, 24576, 310.33
2026/08/10 13:03:53.897, 2, 97, 23936, 24576, 316.38
2026/08/10 13:03:58.898, 0, 100, 21904, 24576, 307.06
2026/08/10 13:03:58.899, 1, 100, 22834, 24576, 329.81
2026/08/10 13:03:58.899, 2, 100, 23376, 24576, 328.90
2026/08/10 13:04:03.900, 0, 83, 21904, 24576, 338.08
2026/08/10 13:04:03.901, 1, 82, 22834, 24576, 321.54
2026/08/10 13:04:03.901, 2, 81, 23376, 24576, 334.36
2026/08/10 13:04:08.902, 0, 100, 21904, 24576, 281.33
2026/08/10 13:04:08.903, 1, 82, 22834, 24576, 310.75
2026/08/10 13:04:08.903, 2, 85, 23376, 24576, 330.14
2026/08/10 13:04:13.904, 0, 97, 14730, 24576, 338.61
2026/08/10 13:04:13.905, 1, 98, 13062, 24576, 312.62
2026/08/10 13:04:13.905, 2, 100, 12942, 24576, 331.54
2026/08/10 13:04:18.906, 0, 100, 14390, 24576, 182.39
2026/08/10 13:04:18.907, 1, 98, 13062, 24576, 299.07
2026/08/10 13:04:18.908, 2, 98, 13322, 24576, 311.46
2026/08/10 13:04:23.909, 0, 94, 20624, 24576, 281.99
2026/08/10 13:04:23.909, 1, 100, 23954, 24576, 305.49
2026/08/10 13:04:23.910, 2, 97, 23636, 24576, 313.73
2026/08/10 13:04:28.911, 0, 100, 22604, 24576, 318.39
2026/08/10 13:04:28.912, 1, 88, 21734, 24576, 313.24
2026/08/10 13:04:28.912, 2, 100, 23636, 24576, 305.58
2026/08/10 13:04:33.913, 0, 100, 22604, 24576, 318.00
2026/08/10 13:04:33.914, 1, 100, 21734, 24576, 308.52
2026/08/10 13:04:33.916, 2, 100, 23636, 24576, 328.81
2026/08/10 13:04:38.917, 0, 80, 22604, 24576, 338.81
2026/08/10 13:04:38.917, 1, 82, 21734, 24576, 307.36
2026/08/10 13:04:38.918, 2, 78, 23636, 24576, 333.07
2026/08/10 13:04:43.919, 0, 100, 22604, 24576, 326.35
2026/08/10 13:04:43.920, 1, 98, 21734, 24576, 304.61
2026/08/10 13:04:43.920, 2, 97, 23636, 24576, 327.02
2026/08/10 13:04:48.921, 0, 97, 13592, 24576, 333.64
2026/08/10 13:04:48.921, 1, 100, 21734, 24576, 273.07
2026/08/10 13:04:48.922, 2, 98, 13064, 24576, 335.92
2026/08/10 13:04:53.923, 0, 100, 23908, 24576, 329.44
2026/08/10 13:04:53.923, 1, 100, 23776, 24576, 315.14
2026/08/10 13:04:53.923, 2, 100, 23716, 24576, 327.05
2026/08/10 13:04:58.924, 0, 100, 23888, 24576, 318.35
2026/08/10 13:04:58.925, 1, 88, 24136, 24576, 312.90
2026/08/10 13:04:58.926, 2, 91, 24156, 24576, 336.45
2026/08/10 13:05:03.927, 0, 99, 23888, 24576, 319.23
2026/08/10 13:05:03.927, 1, 100, 24136, 24576, 320.20
2026/08/10 13:05:03.928, 2, 100, 24156, 24576, 333.06
2026/08/10 13:05:08.929, 0, 79, 23888, 24576, 334.19
2026/08/10 13:05:08.930, 1, 77, 21916, 24576, 313.83
2026/08/10 13:05:08.930, 2, 76, 21936, 24576, 329.18
2026/08/10 13:05:13.931, 0, 81, 23888, 24576, 338.08
2026/08/10 13:05:13.932, 1, 81, 21916, 24576, 298.77
2026/08/10 13:05:13.933, 2, 80, 21936, 24576, 306.23
2026/08/10 13:05:18.934, 0, 25, 13330, 24576, 254.51
2026/08/10 13:05:18.934, 1, 97, 14062, 24576, 315.01
2026/08/10 13:05:18.935, 2, 98, 12862, 24576, 315.64
2026/08/10 13:05:23.936, 0, 41, 13690, 24576, 275.13
2026/08/10 13:05:23.936, 1, 8, 14038, 24576, 274.62
2026/08/10 13:05:23.937, 2, 100, 12862, 24576, 193.89
2026/08/10 13:05:28.938, 0, 100, 22866, 24576, 311.83
2026/08/10 13:05:28.939, 1, 100, 22854, 24576, 331.84
2026/08/10 13:05:28.939, 2, 100, 20572, 24576, 301.03
2026/08/10 13:05:33.940, 0, 100, 22866, 24576, 315.24
2026/08/10 13:05:33.941, 1, 100, 22854, 24576, 310.46
2026/08/10 13:05:33.941, 2, 94, 20572, 24576, 294.39
2026/08/10 13:05:38.942, 0, 68, 22866, 24576, 262.98
2026/08/10 13:05:38.943, 1, 71, 22854, 24576, 288.82
2026/08/10 13:05:38.944, 2, 68, 20572, 24576, 258.29
2026/08/10 13:05:43.945, 0, 74, 22866, 24576, 334.56
2026/08/10 13:05:43.945, 1, 74, 22854, 24576, 304.55
2026/08/10 13:05:43.946, 2, 71, 20572, 24576, 331.22
2026/08/10 13:05:48.947, 0, 97, 22866, 24576, 332.76
2026/08/10 13:05:48.947, 1, 100, 22854, 24576, 315.64
2026/08/10 13:05:48.948, 2, 97, 22792, 24576, 337.06
2026/08/10 13:05:53.950, 0, 99, 18830, 24576, 307.24
2026/08/10 13:05:53.951, 1, 97, 13042, 24576, 301.62
2026/08/10 13:05:53.952, 2, 82, 13958, 24576, 278.58
2026/08/10 13:05:58.953, 0, 78, 23568, 24576, 311.19
2026/08/10 13:05:58.954, 1, 100, 23054, 24576, 302.11
2026/08/10 13:05:58.955, 2, 100, 23912, 24576, 313.09
2026/08/10 13:06:03.955, 0, 84, 23128, 24576, 320.91
2026/08/10 13:06:03.956, 1, 77, 20834, 24576, 280.88
2026/08/10 13:06:03.957, 2, 81, 22772, 24576, 329.92
2026/08/10 13:06:08.958, 0, 95, 23128, 24576, 319.18
2026/08/10 13:06:08.958, 1, 100, 20834, 24576, 270.46
2026/08/10 13:06:08.959, 2, 100, 22772, 24576, 330.50
2026/08/10 13:06:13.961, 0, 68, 23128, 24576, 324.39
2026/08/10 13:06:13.961, 1, 74, 20834, 24576, 299.44
2026/08/10 13:06:13.962, 2, 0, 22772, 24576, 259.40
2026/08/10 13:06:18.963, 0, 70, 23128, 24576, 332.16
2026/08/10 13:06:18.964, 1, 75, 20834, 24576, 309.59
2026/08/10 13:06:18.965, 2, 70, 22772, 24576, 330.28
2026/08/10 13:06:23.966, 0, 91, 13750, 24576, 296.11
2026/08/10 13:06:23.967, 1, 87, 12240, 24576, 264.11
2026/08/10 13:06:23.967, 2, 97, 22772, 24576, 336.90
2026/08/10 13:06:28.968, 0, 97, 13750, 24576, 326.97
2026/08/10 13:06:28.969, 1, 97, 13004, 24576, 294.06
2026/08/10 13:06:28.970, 2, 97, 22772, 24576, 329.76
2026/08/10 13:06:33.971, 0, 100, 23748, 24576, 316.37
2026/08/10 13:06:33.972, 1, 100, 23876, 24576, 327.99
2026/08/10 13:06:33.973, 2, 100, 22932, 24576, 309.18
2026/08/10 13:06:38.974, 0, 96, 23748, 24576, 314.55
2026/08/10 13:06:38.974, 1, 97, 23876, 24576, 313.90
2026/08/10 13:06:38.975, 2, 88, 22932, 24576, 293.64
2026/08/10 13:06:43.976, 0, 93, 23748, 24576, 317.68
2026/08/10 13:06:43.977, 1, 77, 21736, 24576, 307.64
2026/08/10 13:06:43.977, 2, 75, 22932, 24576, 314.82
2026/08/10 13:06:48.979, 0, 71, 23748, 24576, 331.37
2026/08/10 13:06:48.980, 1, 65, 21736, 24576, 293.27
2026/08/10 13:06:48.981, 2, 71, 22932, 24576, 316.74
2026/08/10 13:06:53.983, 0, 72, 23748, 24576, 334.64
2026/08/10 13:06:53.984, 1, 75, 21736, 24576, 304.77
2026/08/10 13:06:53.985, 2, 71, 22932, 24576, 323.84
2026/08/10 13:06:58.986, 0, 97, 13470, 24576, 334.24
2026/08/10 13:06:58.987, 1, 97, 21736, 24576, 295.06
2026/08/10 13:06:58.988, 2, 97, 14002, 24576, 339.33
2026/08/10 13:07:03.988, 0, 7, 13470, 24576, 286.33
2026/08/10 13:07:03.989, 1, 97, 21736, 24576, 293.54
2026/08/10 13:07:03.990, 2, 50, 13998, 24576, 310.46
2026/08/10 13:07:08.991, 0, 77, 21568, 24576, 292.73
2026/08/10 13:07:08.992, 1, 79, 23296, 24576, 312.56
2026/08/10 13:07:08.992, 2, 77, 21972, 24576, 308.33
2026/08/10 13:07:13.993, 0, 100, 21568, 24576, 299.95
2026/08/10 13:07:13.996, 1, 82, 23296, 24576, 309.12
2026/08/10 13:07:13.997, 2, 73, 21972, 24576, 288.72
2026/08/10 13:07:18.997, 0, 92, 23648, 24576, 322.35
2026/08/10 13:07:18.998, 1, 100, 23296, 24576, 306.48
2026/08/10 13:07:18.999, 2, 100, 21972, 24576, 297.46
2026/08/10 13:07:24.000, 0, 72, 21568, 24576, 333.48
2026/08/10 13:07:24.001, 1, 75, 23296, 24576, 306.39
2026/08/10 13:07:24.001, 2, 70, 21972, 24576, 316.56
2026/08/10 13:07:29.003, 0, 73, 21568, 24576, 334.49
2026/08/10 13:07:29.003, 1, 72, 23296, 24576, 308.51
2026/08/10 13:07:29.005, 2, 70, 21972, 24576, 325.68
2026/08/10 13:07:34.007, 0, 96, 14410, 24576, 336.56
2026/08/10 13:07:34.008, 1, 98, 12902, 24576, 305.65
2026/08/10 13:07:34.009, 2, 97, 14242, 24576, 339.47
2026/08/10 13:07:39.011, 0, 81, 20678, 24576, 270.39
2026/08/10 13:07:39.012, 1, 100, 22810, 24576, 239.95
2026/08/10 13:07:39.012, 2, 97, 20384, 24576, 234.02
2026/08/10 13:07:44.013, 0, 87, 20648, 24576, 308.22
2026/08/10 13:07:44.014, 1, 100, 22872, 24576, 289.84
2026/08/10 13:07:44.015, 2, 83, 20972, 24576, 315.37
2026/08/10 13:07:49.016, 0, 100, 23028, 24576, 323.58
2026/08/10 13:07:49.017, 1, 100, 22872, 24576, 299.38
2026/08/10 13:07:49.017, 2, 99, 22212, 24576, 319.04
2026/08/10 13:07:54.021, 0, 70, 23028, 24576, 309.08
2026/08/10 13:07:54.022, 1, 69, 22872, 24576, 321.68
2026/08/10 13:07:54.023, 2, 71, 22212, 24576, 318.28
2026/08/10 13:07:59.024, 0, 75, 23028, 24576, 332.86
2026/08/10 13:07:59.024, 1, 70, 22872, 24576, 299.69
2026/08/10 13:07:59.025, 2, 72, 22212, 24576, 337.85
2026/08/10 13:08:04.026, 0, 97, 23868, 24576, 334.60
2026/08/10 13:08:04.026, 1, 97, 23932, 24576, 325.80
2026/08/10 13:08:04.027, 2, 98, 22212, 24576, 338.92
2026/08/10 13:08:09.028, 0, 97, 13530, 24576, 319.71
2026/08/10 13:08:09.029, 1, 100, 13220, 24576, 290.79
2026/08/10 13:08:09.029, 2, 98, 22212, 24576, 324.05
2026/08/10 13:08:14.031, 0, 100, 21908, 24576, 310.09
2026/08/10 13:08:14.031, 1, 100, 22330, 24576, 302.42
2026/08/10 13:08:14.032, 2, 100, 22874, 24576, 340.60
2026/08/10 13:08:19.035, 0, 100, 21908, 24576, 314.25
2026/08/10 13:08:19.036, 1, 100, 22330, 24576, 304.53
2026/08/10 13:08:19.037, 2, 100, 22874, 24576, 340.61
2026/08/10 13:08:24.038, 0, 98, 21908, 24576, 309.14
2026/08/10 13:08:24.038, 1, 96, 22330, 24576, 316.30
2026/08/10 13:08:24.039, 2, 100, 22874, 24576, 330.79
2026/08/10 13:08:29.041, 0, 69, 21908, 24576, 332.44
2026/08/10 13:08:29.042, 1, 72, 22330, 24576, 301.52
2026/08/10 13:08:29.044, 2, 72, 22874, 24576, 330.92
2026/08/10 13:08:34.045, 0, 96, 21908, 24576, 297.64
2026/08/10 13:08:34.046, 1, 78, 22330, 24576, 292.62
2026/08/10 13:08:34.046, 2, 96, 22874, 24576, 280.86
2026/08/10 13:08:39.047, 0, 100, 13430, 24576, 333.31
2026/08/10 13:08:39.048, 1, 100, 22330, 24576, 298.49
2026/08/10 13:08:39.049, 2, 98, 22874, 24576, 317.45
2026/08/10 13:08:44.050, 0, 95, 23106, 24576, 309.53
2026/08/10 13:08:44.051, 1, 97, 22892, 24576, 293.73
2026/08/10 13:08:44.051, 2, 84, 22972, 24576, 313.13
2026/08/10 13:08:49.052, 0, 92, 23106, 24576, 304.71
2026/08/10 13:08:49.053, 1, 96, 22892, 24576, 291.00
2026/08/10 13:08:49.053, 2, 91, 22972, 24576, 305.50
2026/08/10 13:08:54.054, 0, 89, 23106, 24576, 308.71
2026/08/10 13:08:54.055, 1, 100, 22892, 24576, 301.39
2026/08/10 13:08:54.055, 2, 85, 22972, 24576, 305.14
2026/08/10 13:08:59.056, 0, 82, 21046, 24576, 333.79
2026/08/10 13:08:59.057, 1, 81, 22892, 24576, 309.36
2026/08/10 13:08:59.057, 2, 83, 22972, 24576, 336.69
2026/08/10 13:09:04.058, 0, 83, 21046, 24576, 336.71
2026/08/10 13:09:04.059, 1, 81, 22892, 24576, 280.37
2026/08/10 13:09:04.060, 2, 83, 22972, 24576, 329.09
2026/08/10 13:09:09.061, 0, 98, 13590, 24576, 333.65
2026/08/10 13:09:09.061, 1, 98, 22892, 24576, 291.25
2026/08/10 13:09:09.062, 2, 100, 22972, 24576, 313.31
2026/08/10 13:09:14.063, 0, 98, 13590, 24576, 326.23
2026/08/10 13:09:14.063, 1, 100, 22892, 24576, 189.54
2026/08/10 13:09:14.064, 2, 96, 22972, 24576, 314.47
2026/08/10 13:09:19.064, 0, 93, 23530, 24576, 330.20
2026/08/10 13:09:19.065, 1, 87, 22894, 24576, 313.08
2026/08/10 13:09:19.066, 2, 88, 23258, 24576, 323.01
2026/08/10 13:09:24.067, 0, 100, 23530, 24576, 334.91
2026/08/10 13:09:24.067, 1, 100, 22894, 24576, 313.88
2026/08/10 13:09:24.068, 2, 100, 23258, 24576, 326.31
2026/08/10 13:09:29.069, 0, 22, 23530, 24576, 284.97
2026/08/10 13:09:29.070, 1, 24, 22894, 24576, 260.43
2026/08/10 13:09:29.070, 2, 26, 23258, 24576, 287.45
2026/08/10 13:09:34.071, 0, 82, 23530, 24576, 335.38
2026/08/10 13:09:34.072, 1, 81, 22894, 24576, 306.24
2026/08/10 13:09:34.072, 2, 79, 23258, 24576, 317.56
2026/08/10 13:09:39.073, 0, 98, 24250, 24576, 334.79
2026/08/10 13:09:39.074, 1, 98, 24114, 24576, 301.98
2026/08/10 13:09:39.074, 2, 100, 20918, 24576, 318.45
2026/08/10 13:09:44.075, 0, 98, 14370, 24576, 299.97
2026/08/10 13:09:44.076, 1, 90, 13996, 24576, 265.96
2026/08/10 13:09:44.076, 2, 98, 13002, 24576, 314.27
2026/08/10 13:09:49.077, 0, 90, 23046, 24576, 302.86
2026/08/10 13:09:49.078, 1, 96, 22814, 24576, 296.92
2026/08/10 13:09:49.078, 2, 88, 20532, 24576, 302.68
2026/08/10 13:09:54.079, 0, 90, 23046, 24576, 309.11
2026/08/10 13:09:54.080, 1, 100, 22814, 24576, 309.30
2026/08/10 13:09:54.080, 2, 94, 20532, 24576, 304.38
2026/08/10 13:09:59.081, 0, 95, 23046, 24576, 319.07
2026/08/10 13:09:59.082, 1, 100, 22814, 24576, 313.78
2026/08/10 13:09:59.083, 2, 97, 20532, 24576, 306.72
2026/08/10 13:10:04.084, 0, 81, 23046, 24576, 335.44
2026/08/10 13:10:04.084, 1, 83, 22814, 24576, 296.11
2026/08/10 13:10:04.085, 2, 83, 20532, 24576, 324.19
2026/08/10 13:10:09.085, 0, 98, 23046, 24576, 336.75
2026/08/10 13:10:09.086, 1, 98, 22814, 24576, 304.54
2026/08/10 13:10:09.086, 2, 98, 20532, 24576, 314.33
2026/08/10 13:10:14.087, 0, 100, 13570, 24576, 335.16
2026/08/10 13:10:14.088, 1, 98, 24202, 24576, 292.11
2026/08/10 13:10:14.089, 2, 100, 19878, 24576, 312.83
2026/08/10 13:10:19.089, 0, 100, 23806, 24576, 338.98
2026/08/10 13:10:19.090, 1, 100, 22390, 24576, 306.88
2026/08/10 13:10:19.091, 2, 96, 19730, 24576, 293.02
2026/08/10 13:10:24.092, 0, 89, 23566, 24576, 337.33
2026/08/10 13:10:24.092, 1, 100, 22390, 24576, 299.58
2026/08/10 13:10:24.093, 2, 89, 21730, 24576, 296.67
2026/08/10 13:10:29.094, 0, 93, 21606, 24576, 322.96
2026/08/10 13:10:29.095, 1, 100, 22390, 24576, 300.01
2026/08/10 13:10:29.095, 2, 100, 21730, 24576, 321.53
2026/08/10 13:10:34.096, 0, 80, 21606, 24576, 333.43
2026/08/10 13:10:34.096, 1, 24, 22390, 24576, 239.23
2026/08/10 13:10:34.097, 2, 0, 21730, 24576, 258.38
2026/08/10 13:10:39.098, 0, 100, 21606, 24576, 233.33
2026/08/10 13:10:39.098, 1, 98, 22390, 24576, 312.84
2026/08/10 13:10:39.099, 2, 98, 21730, 24576, 228.80
2026/08/10 13:10:44.100, 0, 100, 21606, 24576, 335.93
2026/08/10 13:10:44.100, 1, 98, 13042, 24576, 299.81
2026/08/10 13:10:44.101, 2, 98, 13342, 24576, 339.28
2026/08/10 13:10:49.102, 0, 100, 23806, 24576, 317.59
2026/08/10 13:10:49.103, 1, 100, 23040, 24576, 292.16
2026/08/10 13:10:49.103, 2, 100, 23286, 24576, 283.42
2026/08/10 13:10:54.104, 0, 94, 23410, 24576, 328.23
2026/08/10 13:10:54.105, 1, 95, 23094, 24576, 322.90
2026/08/10 13:10:54.106, 2, 97, 23334, 24576, 314.21
2026/08/10 13:10:59.107, 0, 95, 23410, 24576, 336.82
2026/08/10 13:10:59.107, 1, 100, 23094, 24576, 303.53
2026/08/10 13:10:59.108, 2, 100, 23334, 24576, 292.17
2026/08/10 13:11:04.109, 0, 82, 23410, 24576, 330.06
2026/08/10 13:11:04.109, 1, 79, 20854, 24576, 321.62
2026/08/10 13:11:04.110, 2, 81, 23334, 24576, 330.88
2026/08/10 13:11:09.111, 0, 83, 23410, 24576, 336.37
2026/08/10 13:11:09.111, 1, 81, 20854, 24576, 307.08
2026/08/10 13:11:09.112, 2, 83, 23334, 24576, 330.84
2026/08/10 13:11:14.113, 0, 98, 14470, 24576, 334.17
2026/08/10 13:11:14.113, 1, 98, 20854, 24576, 300.98
2026/08/10 13:11:14.114, 2, 98, 22420, 24576, 335.69
2026/08/10 13:11:19.115, 0, 100, 14470, 24576, 233.53
2026/08/10 13:11:19.116, 1, 98, 20854, 24576, 298.80
2026/08/10 13:11:19.116, 2, 98, 21378, 24576, 329.13
2026/08/10 13:11:24.117, 0, 100, 22804, 24576, 312.95
2026/08/10 13:11:24.118, 1, 91, 20612, 24576, 285.22
2026/08/10 13:11:24.119, 2, 91, 20910, 24576, 294.05
2026/08/10 13:11:29.120, 0, 100, 22804, 24576, 321.48
2026/08/10 13:11:29.120, 1, 93, 20612, 24576, 303.60
2026/08/10 13:11:29.121, 2, 86, 20910, 24576, 296.96
2026/08/10 13:11:34.121, 0, 83, 22804, 24576, 327.63
2026/08/10 13:11:34.122, 1, 78, 20612, 24576, 316.76
2026/08/10 13:11:34.123, 2, 81, 20910, 24576, 324.85
2026/08/10 13:11:39.123, 0, 81, 22804, 24576, 337.62
2026/08/10 13:11:39.124, 1, 82, 20612, 24576, 300.70
2026/08/10 13:11:39.125, 2, 83, 20910, 24576, 332.76
2026/08/10 13:11:44.126, 0, 98, 13290, 24576, 295.41
2026/08/10 13:11:44.127, 1, 100, 14062, 24576, 273.70
2026/08/10 13:11:44.127, 2, 100, 13064, 24576, 285.02
2026/08/10 13:11:49.128, 0, 98, 13290, 24576, 320.53
2026/08/10 13:11:49.129, 1, 89, 12218, 24576, 265.13
2026/08/10 13:11:49.129, 2, 100, 13064, 24576, 312.62
2026/08/10 13:11:54.130, 0, 100, 20946, 24576, 295.68
2026/08/10 13:11:54.131, 1, 82, 22956, 24576, 304.34
2026/08/10 13:11:54.131, 2, 80, 21976, 24576, 313.53
2026/08/10 13:11:59.132, 0, 100, 20946, 24576, 299.97
2026/08/10 13:11:59.133, 1, 94, 22956, 24576, 305.26
2026/08/10 13:11:59.133, 2, 93, 21976, 24576, 312.26
2026/08/10 13:12:04.134, 0, 99, 23706, 24576, 297.15
2026/08/10 13:12:04.135, 1, 86, 23296, 24576, 294.62
2026/08/10 13:12:04.136, 2, 100, 23616, 24576, 319.09
2026/08/10 13:12:09.137, 0, 84, 20946, 24576, 332.15
2026/08/10 13:12:09.137, 1, 80, 22956, 24576, 303.00
2026/08/10 13:12:09.138, 2, 83, 21976, 24576, 327.06
2026/08/10 13:12:14.139, 0, 84, 20946, 24576, 323.88
2026/08/10 13:12:14.141, 1, 83, 22956, 24576, 304.21
2026/08/10 13:12:14.141, 2, 85, 21976, 24576, 319.63
2026/08/10 13:12:19.142, 0, 98, 14470, 24576, 318.34
2026/08/10 13:12:19.142, 1, 97, 13322, 24576, 310.01
2026/08/10 13:12:19.143, 2, 97, 12840, 24576, 321.24
2026/08/10 13:12:24.144, 0, 88, 23466, 24576, 303.84
2026/08/10 13:12:24.144, 1, 95, 23032, 24576, 300.09
2026/08/10 13:12:24.145, 2, 100, 21608, 24576, 305.80
2026/08/10 13:12:29.145, 0, 96, 23466, 24576, 327.50
2026/08/10 13:12:29.146, 1, 100, 23032, 24576, 308.30
2026/08/10 13:12:29.147, 2, 100, 19628, 24576, 311.01
2026/08/10 13:12:34.147, 0, 100, 23466, 24576, 316.95
2026/08/10 13:12:34.148, 1, 97, 23032, 24576, 301.07
2026/08/10 13:12:34.149, 2, 100, 21608, 24576, 317.12
2026/08/10 13:12:39.150, 0, 85, 23466, 24576, 314.53
2026/08/10 13:12:39.151, 1, 80, 23032, 24576, 306.50
2026/08/10 13:12:39.152, 2, 85, 19628, 24576, 321.60
2026/08/10 13:12:44.152, 0, 98, 23466, 24576, 254.72
2026/08/10 13:12:44.153, 1, 89, 23032, 24576, 297.00
2026/08/10 13:12:44.154, 2, 98, 19628, 24576, 305.08
2026/08/10 13:12:49.155, 0, 98, 23466, 24576, 298.21
2026/08/10 13:12:49.155, 1, 100, 13442, 24576, 285.09
2026/08/10 13:12:49.156, 2, 98, 13042, 24576, 310.33
2026/08/10 13:12:54.156, 0, 100, 23466, 24576, 184.60
2026/08/10 13:12:54.157, 1, 98, 13462, 24576, 295.52
2026/08/10 13:12:54.157, 2, 100, 13042, 24576, 173.56
2026/08/10 13:12:59.158, 0, 100, 23466, 24576, 288.67
2026/08/10 13:12:59.159, 1, 100, 23136, 24576, 299.74
2026/08/10 13:12:59.161, 2, 100, 23534, 24576, 311.23
2026/08/10 13:13:04.162, 0, 100, 23466, 24576, 309.92
2026/08/10 13:13:04.162, 1, 100, 23136, 24576, 299.78
2026/08/10 13:13:04.163, 2, 100, 23534, 24576, 316.19
2026/08/10 13:13:09.164, 0, 45, 23466, 24576, 272.51
2026/08/10 13:13:09.165, 1, 28, 23136, 24576, 290.02
2026/08/10 13:13:09.165, 2, 26, 23534, 24576, 289.36
2026/08/10 13:13:14.166, 0, 84, 23466, 24576, 315.98
2026/08/10 13:13:14.166, 1, 83, 23136, 24576, 300.33
2026/08/10 13:13:14.167, 2, 85, 23534, 24576, 320.48
2026/08/10 13:13:19.168, 0, 98, 23466, 24576, 336.59
2026/08/10 13:13:19.168, 1, 98, 23136, 24576, 324.89
2026/08/10 13:13:19.169, 2, 100, 23534, 24576, 314.97
2026/08/10 13:13:24.170, 0, 98, 23466, 24576, 307.18
2026/08/10 13:13:24.170, 1, 98, 13282, 24576, 304.15
2026/08/10 13:13:24.171, 2, 98, 13062, 24576, 314.26
2026/08/10 13:13:29.172, 0, 100, 23466, 24576, 312.71
2026/08/10 13:13:29.173, 1, 100, 23576, 24576, 318.48
2026/08/10 13:13:29.173, 2, 100, 23656, 24576, 310.94
2026/08/10 13:13:34.174, 0, 88, 23466, 24576, 312.37
2026/08/10 13:13:34.175, 1, 89, 23576, 24576, 295.43
2026/08/10 13:13:34.176, 2, 89, 24016, 24576, 327.31
2026/08/10 13:13:39.176, 0, 100, 23466, 24576, 303.93
2026/08/10 13:13:39.177, 1, 100, 23576, 24576, 305.23
2026/08/10 13:13:39.178, 2, 100, 24016, 24576, 327.74
2026/08/10 13:13:44.179, 0, 84, 23466, 24576, 332.75
2026/08/10 13:13:44.179, 1, 80, 23576, 24576, 299.85
2026/08/10 13:13:44.179, 2, 84, 21816, 24576, 334.52
2026/08/10 13:13:49.180, 0, 85, 23466, 24576, 318.89
2026/08/10 13:13:49.181, 1, 82, 23576, 24576, 298.36
2026/08/10 13:13:49.182, 2, 85, 21816, 24576, 311.28
2026/08/10 13:13:54.182, 0, 100, 14430, 24576, 335.89
2026/08/10 13:13:54.183, 1, 98, 13002, 24576, 300.94
2026/08/10 13:13:54.183, 2, 98, 12902, 24576, 300.46
2026/08/10 13:13:59.185, 0, 49, 18290, 24576, 312.58
2026/08/10 13:13:59.185, 1, 89, 17608, 24576, 245.87
2026/08/10 13:13:59.186, 2, 87, 17384, 24576, 199.84
2026/08/10 13:14:04.187, 0, 89, 22726, 24576, 333.13
2026/08/10 13:14:04.187, 1, 89, 23554, 24576, 298.45
2026/08/10 13:14:04.188, 2, 89, 22994, 24576, 315.99
2026/08/10 13:14:09.189, 0, 95, 22726, 24576, 331.42
2026/08/10 13:14:09.189, 1, 100, 23554, 24576, 299.99
2026/08/10 13:14:09.190, 2, 89, 22994, 24576, 317.16
2026/08/10 13:14:14.190, 0, 83, 22726, 24576, 333.02
2026/08/10 13:14:14.191, 1, 81, 23554, 24576, 315.70
2026/08/10 13:14:14.191, 2, 83, 22994, 24576, 331.08
2026/08/10 13:14:19.192, 0, 84, 22726, 24576, 335.45
2026/08/10 13:14:19.193, 1, 80, 23554, 24576, 298.89
2026/08/10 13:14:19.194, 2, 84, 22994, 24576, 323.55
2026/08/10 13:14:24.195, 0, 100, 13530, 24576, 312.42
2026/08/10 13:14:24.195, 1, 98, 13982, 24576, 288.03
2026/08/10 13:14:24.196, 2, 98, 12842, 24576, 321.89
2026/08/10 13:14:29.197, 0, 99, 13530, 24576, 323.32
2026/08/10 13:14:29.198, 1, 98, 13956, 24576, 303.63
2026/08/10 13:14:29.198, 2, 96, 12842, 24576, 282.86
2026/08/10 13:14:34.199, 0, 88, 23510, 24576, 334.11
2026/08/10 13:14:34.200, 1, 100, 24032, 24576, 303.91
2026/08/10 13:14:34.201, 2, 99, 23812, 24576, 315.25
2026/08/10 13:14:39.202, 0, 89, 23750, 24576, 328.38
2026/08/10 13:14:39.202, 1, 88, 22012, 24576, 299.28
2026/08/10 13:14:39.203, 2, 89, 21912, 24576, 321.14
2026/08/10 13:14:44.205, 0, 100, 23370, 24576, 311.55
2026/08/10 13:14:44.205, 1, 76, 22012, 24576, 277.62
2026/08/10 13:14:44.206, 2, 92, 21912, 24576, 292.24
2026/08/10 13:14:49.207, 0, 83, 23370, 24576, 334.89
2026/08/10 13:14:49.208, 1, 79, 22012, 24576, 287.88
2026/08/10 13:14:49.208, 2, 83, 21912, 24576, 334.83
2026/08/10 13:14:54.209, 0, 98, 23370, 24576, 321.09
2026/08/10 13:14:54.210, 1, 100, 22012, 24576, 297.10
2026/08/10 13:14:54.210, 2, 98, 21912, 24576, 324.34
2026/08/10 13:14:59.211, 0, 98, 23930, 24576, 331.19
2026/08/10 13:14:59.212, 1, 98, 23742, 24576, 290.11
2026/08/10 13:14:59.212, 2, 100, 21912, 24576, 312.15
2026/08/10 13:15:04.213, 0, 98, 21608, 24576, 310.29
2026/08/10 13:15:04.214, 1, 92, 20652, 24576, 300.66
2026/08/10 13:15:04.214, 2, 94, 22192, 24576, 303.79
2026/08/10 13:15:09.215, 0, 93, 21608, 24576, 311.09
2026/08/10 13:15:09.216, 1, 89, 20652, 24576, 271.16
2026/08/10 13:15:09.216, 2, 91, 22192, 24576, 304.98
2026/08/10 13:15:14.217, 0, 91, 21608, 24576, 309.74
2026/08/10 13:15:14.218, 1, 92, 20652, 24576, 291.23
2026/08/10 13:15:14.218, 2, 86, 22192, 24576, 303.79
2026/08/10 13:15:19.219, 0, 81, 23648, 24576, 333.52
2026/08/10 13:15:19.220, 1, 83, 22712, 24576, 302.04
2026/08/10 13:15:19.220, 2, 83, 22192, 24576, 336.08
2026/08/10 13:15:24.221, 0, 98, 23648, 24576, 283.65
2026/08/10 13:15:24.222, 1, 98, 22712, 24576, 305.06
2026/08/10 13:15:24.223, 2, 98, 22192, 24576, 311.75
2026/08/10 13:15:29.224, 0, 97, 13330, 24576, 335.96
2026/08/10 13:15:29.224, 1, 100, 12862, 24576, 290.61
2026/08/10 13:15:29.225, 2, 98, 22192, 24576, 296.16
2026/08/10 13:15:34.225, 0, 100, 23166, 24576, 227.49
2026/08/10 13:15:34.226, 1, 93, 23050, 24576, 282.92
2026/08/10 13:15:34.226, 2, 100, 20292, 24576, 212.73
2026/08/10 13:15:39.227, 0, 88, 23568, 24576, 327.45
2026/08/10 13:15:39.228, 1, 88, 21456, 24576, 293.91
2026/08/10 13:15:39.229, 2, 88, 21832, 24576, 317.98
2026/08/10 13:15:44.229, 0, 100, 23568, 24576, 329.70
2026/08/10 13:15:44.230, 1, 100, 21116, 24576, 297.85
2026/08/10 13:15:44.231, 2, 100, 21472, 24576, 321.77
2026/08/10 13:15:49.232, 0, 83, 23568, 24576, 328.71
2026/08/10 13:15:49.236, 1, 82, 21116, 24576, 314.81
2026/08/10 13:15:49.236, 2, 81, 21472, 24576, 325.98
2026/08/10 13:15:54.237, 0, 84, 23568, 24576, 336.44
2026/08/10 13:15:54.238, 1, 82, 21116, 24576, 300.41
2026/08/10 13:15:54.238, 2, 82, 21472, 24576, 336.82
2026/08/10 13:15:59.239, 0, 98, 13490, 24576, 301.23
2026/08/10 13:15:59.239, 1, 100, 14864, 24576, 272.14
2026/08/10 13:15:59.240, 2, 98, 13902, 24576, 296.77
2026/08/10 13:16:04.241, 0, 100, 13490, 24576, 334.45
2026/08/10 13:16:04.241, 1, 98, 13024, 24576, 298.79
2026/08/10 13:16:04.242, 2, 98, 23138, 24576, 333.52
2026/08/10 13:16:09.243, 0, 97, 23046, 24576, 325.37
2026/08/10 13:16:09.244, 1, 100, 23978, 24576, 308.66
2026/08/10 13:16:09.244, 2, 96, 22232, 24576, 311.78
2026/08/10 13:16:14.245, 0, 94, 23046, 24576, 292.30
2026/08/10 13:16:14.246, 1, 100, 23978, 24576, 304.22
2026/08/10 13:16:14.246, 2, 100, 21912, 24576, 299.52
2026/08/10 13:16:19.247, 0, 88, 20926, 24576, 298.77
2026/08/10 13:16:19.248, 1, 100, 23978, 24576, 308.53
2026/08/10 13:16:19.249, 2, 100, 22232, 24576, 313.21
2026/08/10 13:16:24.250, 0, 82, 20926, 24576, 334.55
2026/08/10 13:16:24.250, 1, 80, 23978, 24576, 300.30
2026/08/10 13:16:24.251, 2, 81, 22232, 24576, 335.01
2026/08/10 13:16:29.251, 0, 98, 20926, 24576, 307.90
2026/08/10 13:16:29.252, 1, 85, 23978, 24576, 297.82
2026/08/10 13:16:29.253, 2, 84, 22232, 24576, 339.61
2026/08/10 13:16:34.253, 0, 98, 18050, 24576, 338.25
2026/08/10 13:16:34.254, 1, 98, 16102, 24576, 303.03
2026/08/10 13:16:34.255, 2, 100, 13302, 24576, 317.42
2026/08/10 13:16:39.257, 0, 100, 24144, 24576, 318.30
2026/08/10 13:16:39.258, 1, 88, 23814, 24576, 295.83
2026/08/10 13:16:39.258, 2, 97, 22992, 24576, 318.14
2026/08/10 13:16:44.259, 0, 100, 24144, 24576, 317.16
2026/08/10 13:16:44.260, 1, 88, 23814, 24576, 312.16
2026/08/10 13:16:44.260, 2, 97, 22992, 24576, 304.84
2026/08/10 13:16:49.261, 0, 100, 22204, 24576, 319.27
2026/08/10 13:16:49.262, 1, 88, 23174, 24576, 311.22
2026/08/10 13:16:49.262, 2, 100, 22992, 24576, 304.70
2026/08/10 13:16:54.263, 0, 80, 22204, 24576, 335.66
2026/08/10 13:16:54.264, 1, 82, 23154, 24576, 317.58
2026/08/10 13:16:54.264, 2, 83, 22992, 24576, 335.74
2026/08/10 13:16:59.265, 0, 84, 22204, 24576, 338.01
2026/08/10 13:16:59.266, 1, 83, 23154, 24576, 301.30
2026/08/10 13:16:59.266, 2, 82, 22992, 24576, 324.14
2026/08/10 13:17:04.267, 0, 98, 13970, 24576, 337.78
2026/08/10 13:17:04.268, 1, 98, 13042, 24576, 310.29
2026/08/10 13:17:04.269, 2, 99, 22720, 24576, 325.70
2026/08/10 13:17:09.269, 0, 98, 13990, 24576, 332.22
2026/08/10 13:17:09.270, 1, 64, 13042, 24576, 284.54
2026/08/10 13:17:09.271, 2, 100, 13878, 24576, 218.27
2026/08/10 13:17:14.271, 0, 89, 23074, 24576, 330.81
2026/08/10 13:17:14.272, 1, 88, 21394, 24576, 305.25
2026/08/10 13:17:14.272, 2, 100, 21290, 24576, 291.75
2026/08/10 13:17:19.274, 0, 98, 22334, 24576, 328.99
2026/08/10 13:17:19.274, 1, 91, 21394, 24576, 302.40
2026/08/10 13:17:19.275, 2, 100, 21270, 24576, 322.69
2026/08/10 13:17:24.275, 0, 89, 24154, 24576, 338.54
2026/08/10 13:17:24.276, 1, 100, 23614, 24576, 309.76
2026/08/10 13:17:24.279, 2, 89, 20270, 24576, 270.92
2026/08/10 13:17:29.281, 0, 83, 22334, 24576, 336.17
2026/08/10 13:17:29.281, 1, 83, 21394, 24576, 311.61
2026/08/10 13:17:29.282, 2, 84, 21270, 24576, 338.26
2026/08/10 13:17:34.283, 0, 100, 22334, 24576, 225.31
2026/08/10 13:17:34.283, 1, 100, 21394, 24576, 308.38
2026/08/10 13:17:34.284, 2, 97, 21270, 24576, 214.33
2026/08/10 13:17:39.285, 0, 98, 13430, 24576, 332.95
2026/08/10 13:17:39.285, 1, 98, 21394, 24576, 306.76
2026/08/10 13:17:39.286, 2, 99, 21270, 24576, 326.47
2026/08/10 13:17:44.286, 0, 100, 21900, 24576, 240.76
2026/08/10 13:17:44.287, 1, 100, 21814, 24576, 289.52
2026/08/10 13:17:44.287, 2, 100, 21270, 24576, 212.59
2026/08/10 13:17:49.288, 0, 100, 23370, 24576, 331.64
2026/08/10 13:17:49.289, 1, 100, 21816, 24576, 304.94
2026/08/10 13:17:49.290, 2, 100, 23174, 24576, 322.21
2026/08/10 13:17:54.291, 0, 91, 23370, 24576, 318.46
2026/08/10 13:17:54.292, 1, 90, 21816, 24576, 277.42
2026/08/10 13:17:54.292, 2, 90, 23174, 24576, 295.95
2026/08/10 13:17:59.293, 0, 82, 23370, 24576, 277.89
2026/08/10 13:17:59.294, 1, 80, 21816, 24576, 288.37
2026/08/10 13:17:59.294, 2, 82, 23174, 24576, 279.17
2026/08/10 13:18:04.295, 0, 84, 23370, 24576, 335.75
2026/08/10 13:18:04.296, 1, 82, 21816, 24576, 305.86
2026/08/10 13:18:04.296, 2, 84, 23174, 24576, 338.87
2026/08/10 13:18:09.297, 0, 98, 16210, 24576, 299.33
2026/08/10 13:18:09.297, 1, 90, 13896, 24576, 277.55
2026/08/10 13:18:09.298, 2, 89, 13900, 24576, 289.16
2026/08/10 13:18:14.299, 0, 98, 13790, 24576, 335.09
2026/08/10 13:18:14.299, 1, 98, 19718, 24576, 292.25
2026/08/10 13:18:14.300, 2, 100, 12858, 24576, 316.65
2026/08/10 13:18:19.301, 0, 100, 23064, 24576, 305.22
2026/08/10 13:18:19.301, 1, 88, 22052, 24576, 305.18
2026/08/10 13:18:19.302, 2, 89, 22994, 24576, 323.07
2026/08/10 13:18:24.303, 0, 100, 23064, 24576, 290.25
2026/08/10 13:18:24.303, 1, 100, 22052, 24576, 301.97
2026/08/10 13:18:24.304, 2, 92, 22994, 24576, 322.70
2026/08/10 13:18:29.305, 0, 26, 23064, 24576, 261.28
2026/08/10 13:18:29.306, 1, 21, 22052, 24576, 264.56
2026/08/10 13:18:29.306, 2, 29, 22994, 24576, 292.26
2026/08/10 13:18:34.307, 0, 84, 23064, 24576, 336.68
2026/08/10 13:18:34.307, 1, 83, 22052, 24576, 307.39
2026/08/10 13:18:34.308, 2, 84, 22994, 24576, 326.84
2026/08/10 13:18:39.309, 0, 94, 14244, 24576, 306.45
2026/08/10 13:18:39.309, 1, 98, 22052, 24576, 295.42
2026/08/10 13:18:39.310, 2, 98, 22994, 24576, 327.04
2026/08/10 13:18:44.310, 0, 98, 19950, 24576, 306.64
2026/08/10 13:18:44.311, 1, 98, 22052, 24576, 294.69
2026/08/10 13:18:44.312, 2, 98, 22994, 24576, 307.64
2026/08/10 13:18:49.313, 0, 100, 23648, 24576, 336.68
2026/08/10 13:18:49.313, 1, 91, 22914, 24576, 314.34
2026/08/10 13:18:49.314, 2, 100, 23154, 24576, 328.20
2026/08/10 13:18:54.315, 0, 92, 23648, 24576, 338.89
2026/08/10 13:18:54.316, 1, 88, 22914, 24576, 322.08
2026/08/10 13:18:54.316, 2, 100, 23154, 24576, 323.33
2026/08/10 13:18:59.317, 0, 100, 23648, 24576, 317.36
2026/08/10 13:18:59.318, 1, 92, 22914, 24576, 311.71
2026/08/10 13:18:59.318, 2, 100, 23154, 24576, 313.68
2026/08/10 13:19:04.319, 0, 85, 23648, 24576, 335.60
2026/08/10 13:19:04.320, 1, 83, 22914, 24576, 308.48
2026/08/10 13:19:04.320, 2, 85, 23154, 24576, 319.83
2026/08/10 13:19:09.321, 0, 98, 23648, 24576, 309.64
2026/08/10 13:19:09.322, 1, 98, 22914, 24576, 307.49
2026/08/10 13:19:09.322, 2, 100, 23154, 24576, 334.92
2026/08/10 13:19:14.323, 0, 98, 13692, 24576, 337.01
2026/08/10 13:19:14.323, 1, 100, 22914, 24576, 294.42
2026/08/10 13:19:14.324, 2, 98, 13442, 24576, 331.78
2026/08/10 13:19:19.325, 0, 93, 22852, 24576, 259.66
2026/08/10 13:19:19.326, 1, 94, 20232, 24576, 239.66
2026/08/10 13:19:19.326, 2, 100, 23618, 24576, 301.58
2026/08/10 13:19:24.327, 0, 97, 22906, 24576, 300.71
2026/08/10 13:19:24.328, 1, 92, 20290, 24576, 289.53
2026/08/10 13:19:24.328, 2, 97, 23816, 24576, 317.83
2026/08/10 13:19:29.329, 0, 100, 22906, 24576, 287.07
2026/08/10 13:19:29.330, 1, 100, 23550, 24576, 307.58
2026/08/10 13:19:29.330, 2, 100, 23816, 24576, 302.97
2026/08/10 13:19:34.331, 0, 84, 22906, 24576, 335.94
2026/08/10 13:19:34.331, 1, 85, 22370, 24576, 334.42
2026/08/10 13:19:34.332, 2, 84, 21596, 24576, 335.04
2026/08/10 13:19:39.333, 0, 84, 22906, 24576, 338.26
2026/08/10 13:19:39.333, 1, 83, 22370, 24576, 307.65
2026/08/10 13:19:39.334, 2, 85, 21596, 24576, 322.45
2026/08/10 13:19:44.335, 0, 100, 20890, 24576, 337.77
2026/08/10 13:19:44.336, 1, 98, 23482, 24576, 314.14
2026/08/10 13:19:44.336, 2, 98, 12902, 24576, 331.22
2026/08/10 13:19:49.337, 0, 100, 20890, 24576, 337.80
2026/08/10 13:19:49.338, 1, 98, 13022, 24576, 301.05
2026/08/10 13:19:49.339, 2, 100, 13262, 24576, 250.66
2026/08/10 13:19:54.339, 0, 100, 23470, 24576, 339.74
2026/08/10 13:19:54.340, 1, 100, 23574, 24576, 337.79
2026/08/10 13:19:54.341, 2, 100, 22912, 24576, 319.00
2026/08/10 13:19:59.341, 0, 100, 23470, 24576, 338.61
2026/08/10 13:19:59.342, 1, 100, 23574, 24576, 320.35
2026/08/10 13:19:59.342, 2, 100, 22912, 24576, 317.96
2026/08/10 13:20:04.343, 0, 100, 23470, 24576, 341.14
2026/08/10 13:20:04.343, 1, 100, 23574, 24576, 317.76
2026/08/10 13:20:04.344, 2, 100, 22912, 24576, 318.60
2026/08/10 13:20:09.345, 0, 85, 23470, 24576, 336.66
2026/08/10 13:20:09.345, 1, 83, 23574, 24576, 306.62
2026/08/10 13:20:09.346, 2, 85, 22912, 24576, 336.66
2026/08/10 13:20:14.347, 0, 98, 23470, 24576, 336.96
2026/08/10 13:20:14.348, 1, 98, 23574, 24576, 317.84
2026/08/10 13:20:14.349, 2, 98, 22912, 24576, 335.82
2026/08/10 13:20:19.350, 0, 98, 13590, 24576, 328.65
2026/08/10 13:20:19.352, 1, 98, 13196, 24576, 299.45
2026/08/10 13:20:19.352, 2, 98, 12862, 24576, 316.66
2026/08/10 13:20:24.353, 0, 96, 23510, 24576, 336.68
2026/08/10 13:20:24.354, 1, 100, 22954, 24576, 326.78
2026/08/10 13:20:24.354, 2, 100, 23294, 24576, 311.97
2026/08/10 13:20:29.355, 0, 100, 23510, 24576, 337.41
2026/08/10 13:20:29.355, 1, 100, 22954, 24576, 311.03
2026/08/10 13:20:29.356, 2, 96, 23294, 24576, 324.53
2026/08/10 13:20:34.357, 0, 100, 23510, 24576, 338.20
2026/08/10 13:20:34.357, 1, 97, 22954, 24576, 312.35
2026/08/10 13:20:34.358, 2, 84, 23294, 24576, 302.35
2026/08/10 13:20:39.360, 0, 81, 23510, 24576, 336.06
2026/08/10 13:20:39.360, 1, 85, 22954, 24576, 302.93
2026/08/10 13:20:39.361, 2, 83, 23294, 24576, 336.28
2026/08/10 13:20:44.362, 0, 85, 23510, 24576, 337.92
2026/08/10 13:20:44.363, 1, 80, 22954, 24576, 311.71
2026/08/10 13:20:44.363, 2, 85, 23294, 24576, 329.30
2026/08/10 13:20:49.364, 0, 98, 13590, 24576, 336.29
2026/08/10 13:20:49.364, 1, 97, 24146, 24576, 306.88
2026/08/10 13:20:49.365, 2, 98, 22324, 24576, 314.02
2026/08/10 13:20:54.366, 0, 98, 13590, 24576, 326.95
2026/08/10 13:20:54.366, 1, 98, 13318, 24576, 286.82
2026/08/10 13:20:54.367, 2, 100, 24198, 24576, 326.34
2026/08/10 13:20:59.368, 0, 100, 24070, 24576, 340.13
2026/08/10 13:20:59.368, 1, 97, 23776, 24576, 299.54
2026/08/10 13:20:59.369, 2, 97, 24198, 24576, 330.48
2026/08/10 13:21:04.370, 0, 96, 22530, 24576, 337.11
2026/08/10 13:21:04.370, 1, 100, 23776, 24576, 295.35
2026/08/10 13:21:04.371, 2, 96, 24198, 24576, 315.58
2026/08/10 13:21:09.373, 0, 76, 24070, 24576, 326.33
2026/08/10 13:21:09.374, 1, 100, 23776, 24576, 299.64
2026/08/10 13:21:09.374, 2, 58, 24198, 24576, 304.34
2026/08/10 13:21:14.375, 0, 85, 24070, 24576, 335.93
2026/08/10 13:21:14.376, 1, 81, 23776, 24576, 300.03
2026/08/10 13:21:14.377, 2, 85, 24198, 24576, 319.42
2026/08/10 13:21:19.377, 0, 100, 24070, 24576, 328.21
2026/08/10 13:21:19.378, 1, 98, 23776, 24576, 301.67
2026/08/10 13:21:19.378, 2, 97, 24198, 24576, 316.85
2026/08/10 13:21:24.379, 0, 98, 18050, 24576, 333.89
2026/08/10 13:21:24.380, 1, 100, 13024, 24576, 287.82
2026/08/10 13:21:24.380, 2, 98, 18344, 24576, 317.72
2026/08/10 13:21:29.381, 0, 100, 23412, 24576, 306.48
2026/08/10 13:21:29.382, 1, 100, 23500, 24576, 280.46
2026/08/10 13:21:29.382, 2, 100, 23660, 24576, 295.41
2026/08/10 13:21:34.383, 0, 100, 23468, 24576, 322.48
2026/08/10 13:21:34.384, 1, 87, 23516, 24576, 300.93
2026/08/10 13:21:34.385, 2, 100, 21936, 24576, 311.92
2026/08/10 13:21:39.386, 0, 96, 23468, 24576, 320.31
2026/08/10 13:21:39.386, 1, 88, 23516, 24576, 304.40
2026/08/10 13:21:39.387, 2, 96, 21936, 24576, 308.84
2026/08/10 13:21:44.387, 0, 83, 23468, 24576, 273.18
2026/08/10 13:21:44.388, 1, 79, 23516, 24576, 286.40
2026/08/10 13:21:44.388, 2, 82, 21936, 24576, 275.75
2026/08/10 13:21:49.389, 0, 81, 23468, 24576, 335.22
2026/08/10 13:21:49.390, 1, 81, 23516, 24576, 301.55
2026/08/10 13:21:49.390, 2, 81, 21936, 24576, 321.10
2026/08/10 13:21:54.391, 0, 88, 13510, 24576, 294.41
2026/08/10 13:21:54.391, 1, 83, 12860, 24576, 265.49
2026/08/10 13:21:54.392, 2, 89, 12278, 24576, 276.50
2026/08/10 13:21:59.393, 0, 100, 13550, 24576, 332.64
2026/08/10 13:21:59.394, 1, 98, 12860, 24576, 291.44
2026/08/10 13:21:59.395, 2, 98, 13022, 24576, 314.66
2026/08/10 13:22:04.396, 0, 100, 23430, 24576, 328.47
2026/08/10 13:22:04.397, 1, 100, 21590, 24576, 312.09
2026/08/10 13:22:04.397, 2, 100, 23796, 24576, 334.91
2026/08/10 13:22:09.398, 0, 100, 23430, 24576, 331.08
2026/08/10 13:22:09.399, 1, 100, 21590, 24576, 308.70
2026/08/10 13:22:09.399, 2, 100, 23796, 24576, 325.21
2026/08/10 13:22:14.400, 0, 93, 23430, 24576, 324.98
2026/08/10 13:22:14.400, 1, 88, 21590, 24576, 289.89
2026/08/10 13:22:14.401, 2, 96, 23796, 24576, 314.87
2026/08/10 13:22:19.402, 0, 83, 23430, 24576, 335.06
2026/08/10 13:22:19.402, 1, 82, 21590, 24576, 310.30
2026/08/10 13:22:19.403, 2, 84, 21616, 24576, 318.11
2026/08/10 13:22:24.403, 0, 84, 23430, 24576, 293.79
2026/08/10 13:22:24.404, 1, 77, 21590, 24576, 304.55
2026/08/10 13:22:24.405, 2, 90, 21616, 24576, 286.30
2026/08/10 13:22:29.406, 0, 98, 17990, 24576, 314.62
2026/08/10 13:22:29.407, 1, 98, 21590, 24576, 293.14
2026/08/10 13:22:29.408, 2, 98, 18282, 24576, 297.29
2026/08/10 13:22:34.408, 0, 92, 23668, 24576, 255.33
2026/08/10 13:22:34.409, 1, 100, 23570, 24576, 289.08
2026/08/10 13:22:34.410, 2, 86, 20610, 24576, 222.91
2026/08/10 13:22:39.411, 0, 100, 23728, 24576, 296.53
2026/08/10 13:22:39.411, 1, 98, 22916, 24576, 326.20
2026/08/10 13:22:39.412, 2, 100, 22792, 24576, 318.48
2026/08/10 13:22:44.412, 0, 100, 23728, 24576, 313.26
2026/08/10 13:22:44.413, 1, 100, 22916, 24576, 305.66
2026/08/10 13:22:44.414, 2, 100, 22792, 24576, 327.74
2026/08/10 13:22:49.415, 0, 81, 23728, 24576, 309.46
2026/08/10 13:22:49.415, 1, 82, 22916, 24576, 296.42
2026/08/10 13:22:49.416, 2, 81, 22792, 24576, 303.66
2026/08/10 13:22:54.417, 0, 84, 23728, 24576, 336.77
2026/08/10 13:22:54.418, 1, 82, 22916, 24576, 302.59
2026/08/10 13:22:54.419, 2, 84, 22792, 24576, 327.02
2026/08/10 13:22:59.419, 0, 97, 14550, 24576, 304.25
2026/08/10 13:22:59.420, 1, 98, 22916, 24576, 302.58
2026/08/10 13:22:59.421, 2, 95, 14482, 24576, 290.04
2026/08/10 13:23:04.422, 0, 98, 13470, 24576, 335.13
2026/08/10 13:23:04.422, 1, 98, 22916, 24576, 293.03
2026/08/10 13:23:04.423, 2, 98, 19518, 24576, 295.76
2026/08/10 13:23:09.423, 0, 89, 21648, 24576, 317.58
2026/08/10 13:23:09.424, 1, 88, 22854, 24576, 313.67
2026/08/10 13:23:09.425, 2, 88, 21270, 24576, 316.19
2026/08/10 13:23:14.425, 0, 100, 21648, 24576, 314.73
2026/08/10 13:23:14.427, 1, 89, 22854, 24576, 316.28
2026/08/10 13:23:14.431, 2, 99, 20930, 24576, 317.62
2026/08/10 13:23:19.439, 0, 100, 21648, 24576, 301.68
2026/08/10 13:23:19.440, 1, 88, 22854, 24576, 303.04
2026/08/10 13:23:19.440, 2, 100, 20930, 24576, 298.42
2026/08/10 13:23:24.441, 0, 83, 21648, 24576, 334.69
2026/08/10 13:23:24.442, 1, 82, 22854, 24576, 299.17
2026/08/10 13:23:24.442, 2, 83, 20930, 24576, 336.90
2026/08/10 13:23:29.443, 0, 88, 14450, 24576, 296.01
2026/08/10 13:23:29.444, 1, 90, 13634, 24576, 285.87
2026/08/10 13:23:29.444, 2, 98, 20930, 24576, 328.99
2026/08/10 13:23:34.445, 0, 98, 14470, 24576, 336.28
2026/08/10 13:23:34.446, 1, 98, 12802, 24576, 306.92
2026/08/10 13:23:34.447, 2, 98, 20930, 24576, 310.36
2026/08/10 13:23:39.447, 0, 90, 20686, 24576, 306.79
2026/08/10 13:23:39.448, 1, 100, 22392, 24576, 316.57
2026/08/10 13:23:39.449, 2, 95, 23274, 24576, 318.21
2026/08/10 13:23:44.450, 0, 97, 20686, 24576, 303.72
2026/08/10 13:23:44.450, 1, 100, 22392, 24576, 322.03
2026/08/10 13:23:44.451, 2, 100, 23274, 24576, 327.50
2026/08/10 13:23:49.451, 0, 6, 22726, 24576, 248.55
2026/08/10 13:23:49.452, 1, 22, 20452, 24576, 286.99
2026/08/10 13:23:49.453, 2, 21, 23274, 24576, 254.80
2026/08/10 13:23:54.454, 0, 84, 22726, 24576, 336.68
2026/08/10 13:23:54.454, 1, 83, 20452, 24576, 310.19
2026/08/10 13:23:54.455, 2, 82, 23274, 24576, 336.19
2026/08/10 13:23:59.456, 0, 100, 16926, 24576, 323.72
2026/08/10 13:23:59.456, 1, 97, 18252, 24576, 282.36
2026/08/10 13:23:59.457, 2, 98, 23274, 24576, 320.70
2026/08/10 13:24:04.458, 0, 100, 13490, 24576, 332.15
2026/08/10 13:24:04.459, 1, 100, 13960, 24576, 289.68
2026/08/10 13:24:04.459, 2, 80, 23274, 24576, 297.42
2026/08/10 13:24:09.460, 0, 89, 23910, 24576, 335.40
2026/08/10 13:24:09.461, 1, 88, 22874, 24576, 309.64
2026/08/10 13:24:09.462, 2, 89, 22948, 24576, 302.58
2026/08/10 13:24:14.464, 0, 88, 22950, 24576, 334.94
2026/08/10 13:24:14.464, 1, 88, 22874, 24576, 302.96
2026/08/10 13:24:14.465, 2, 89, 23908, 24576, 302.73
2026/08/10 13:24:19.466, 0, 89, 22990, 24576, 336.44
2026/08/10 13:24:19.467, 1, 88, 22874, 24576, 302.19
2026/08/10 13:24:19.467, 2, 88, 23968, 24576, 304.88
2026/08/10 13:24:24.468, 0, 83, 24070, 24576, 336.56
2026/08/10 13:24:24.469, 1, 79, 22874, 24576, 297.51
2026/08/10 13:24:24.470, 2, 81, 20788, 24576, 331.27
2026/08/10 13:24:29.470, 0, 100, 24070, 24576, 336.20
2026/08/10 13:24:29.474, 1, 98, 22874, 24576, 299.92
2026/08/10 13:24:29.475, 2, 100, 20788, 24576, 334.69
2026/08/10 13:24:34.475, 0, 98, 13890, 24576, 330.94
2026/08/10 13:24:34.476, 1, 98, 22874, 24576, 292.32
2026/08/10 13:24:34.476, 2, 98, 20788, 24576, 319.64
2026/08/10 13:24:39.477, 0, 94, 23330, 24576, 331.36
2026/08/10 13:24:39.478, 1, 88, 20290, 24576, 296.29
2026/08/10 13:24:39.478, 2, 92, 20472, 24576, 300.18
2026/08/10 13:24:44.479, 0, 93, 23330, 24576, 328.44
2026/08/10 13:24:44.480, 1, 92, 20290, 24576, 282.49
2026/08/10 13:24:44.482, 2, 96, 20472, 24576, 297.07
2026/08/10 13:24:49.483, 0, 92, 23330, 24576, 330.05
2026/08/10 13:24:49.483, 1, 94, 20250, 24576, 296.29
2026/08/10 13:24:49.484, 2, 100, 20472, 24576, 308.00
2026/08/10 13:24:54.485, 0, 82, 23330, 24576, 334.42
2026/08/10 13:24:54.486, 1, 81, 20290, 24576, 318.24
2026/08/10 13:24:54.486, 2, 85, 20472, 24576, 335.11
2026/08/10 13:24:59.487, 0, 84, 23330, 24576, 337.89
2026/08/10 13:24:59.487, 1, 82, 20290, 24576, 309.80
2026/08/10 13:24:59.488, 2, 84, 20472, 24576, 338.44
2026/08/10 13:25:04.489, 0, 98, 13490, 24576, 300.22
2026/08/10 13:25:04.489, 1, 98, 12862, 24576, 299.80
2026/08/10 13:25:04.490, 2, 98, 20472, 24576, 323.20
2026/08/10 13:25:09.490, 0, 89, 23686, 24576, 316.56
2026/08/10 13:25:09.491, 1, 100, 22648, 24576, 287.57
2026/08/10 13:25:09.491, 2, 100, 22312, 24576, 292.43
2026/08/10 13:25:14.492, 0, 89, 21948, 24576, 310.55
2026/08/10 13:25:14.493, 1, 100, 23034, 24576, 305.47
2026/08/10 13:25:14.494, 2, 89, 21972, 24576, 316.80
2026/08/10 13:25:19.495, 0, 88, 21948, 24576, 315.73
2026/08/10 13:25:19.496, 1, 100, 23034, 24576, 295.79
2026/08/10 13:25:19.496, 2, 88, 21972, 24576, 317.67
2026/08/10 13:25:24.497, 0, 82, 24048, 24576, 334.22
2026/08/10 13:25:24.498, 1, 81, 23034, 24576, 311.64
2026/08/10 13:25:24.498, 2, 82, 21972, 24576, 337.77
2026/08/10 13:25:29.499, 0, 83, 24048, 24576, 336.07
2026/08/10 13:25:29.500, 1, 82, 23034, 24576, 305.93
2026/08/10 13:25:29.500, 2, 83, 21972, 24576, 332.90
2026/08/10 13:25:34.501, 0, 98, 14470, 24576, 335.13
2026/08/10 13:25:34.501, 1, 98, 12862, 24576, 303.14
2026/08/10 13:25:34.502, 2, 98, 13982, 24576, 332.23
2026/08/10 13:25:39.502, 0, 96, 21588, 24576, 269.14
2026/08/10 13:25:39.503, 1, 92, 22636, 24576, 284.78
2026/08/10 13:25:39.504, 2, 98, 20874, 24576, 301.73
2026/08/10 13:25:44.505, 0, 98, 21646, 24576, 312.91
2026/08/10 13:25:44.505, 1, 92, 22694, 24576, 308.82
2026/08/10 13:25:44.506, 2, 100, 20934, 24576, 309.58
2026/08/10 13:25:49.507, 0, 100, 21646, 24576, 317.55
2026/08/10 13:25:49.508, 1, 100, 22694, 24576, 320.78
2026/08/10 13:25:49.508, 2, 100, 20934, 24576, 299.79
2026/08/10 13:25:54.509, 0, 82, 21646, 24576, 334.26
2026/08/10 13:25:54.510, 1, 81, 20694, 24576, 318.28
2026/08/10 13:25:54.510, 2, 82, 22994, 24576, 335.08
2026/08/10 13:25:59.511, 0, 84, 21646, 24576, 336.77
2026/08/10 13:25:59.511, 1, 84, 20694, 24576, 300.44
2026/08/10 13:25:59.512, 2, 84, 22994, 24576, 325.95
2026/08/10 13:26:04.513, 0, 98, 13470, 24576, 335.70
2026/08/10 13:26:04.513, 1, 98, 13042, 24576, 291.90
2026/08/10 13:26:04.514, 2, 100, 22994, 24576, 292.90
2026/08/10 13:26:09.515, 0, 100, 13470, 24576, 213.74
2026/08/10 13:26:09.515, 1, 63, 13042, 24576, 291.04
2026/08/10 13:26:09.518, 2, 100, 22994, 24576, 206.55
2026/08/10 13:26:14.518, 0, 100, 20826, 24576, 311.33
2026/08/10 13:26:14.519, 1, 100, 20754, 24576, 294.46
2026/08/10 13:26:14.520, 2, 100, 23334, 24576, 327.97
2026/08/10 13:26:19.520, 0, 100, 20826, 24576, 307.93
2026/08/10 13:26:19.521, 1, 100, 20754, 24576, 300.49
2026/08/10 13:26:19.522, 2, 100, 23334, 24576, 327.19
2026/08/10 13:26:24.523, 0, 84, 20826, 24576, 329.81
2026/08/10 13:26:24.523, 1, 81, 20754, 24576, 319.58
2026/08/10 13:26:24.524, 2, 84, 23334, 24576, 335.06
2026/08/10 13:26:29.525, 0, 85, 20826, 24576, 337.15
2026/08/10 13:26:29.525, 1, 82, 20754, 24576, 303.52
2026/08/10 13:26:29.526, 2, 85, 23334, 24576, 333.22
2026/08/10 13:26:34.526, 0, 98, 13570, 24576, 300.48
2026/08/10 13:26:34.527, 1, 86, 12226, 24576, 272.23
2026/08/10 13:26:34.528, 2, 83, 13018, 24576, 264.82
2026/08/10 13:26:39.529, 0, 100, 13570, 24576, 338.39
2026/08/10 13:26:39.530, 1, 98, 12984, 24576, 295.42
2026/08/10 13:26:39.531, 2, 98, 13064, 24576, 319.62
2026/08/10 13:26:44.532, 0, 96, 24188, 24576, 319.44
2026/08/10 13:26:44.532, 1, 90, 23518, 24576, 295.33
2026/08/10 13:26:44.533, 2, 96, 24096, 24576, 319.32
2026/08/10 13:26:49.534, 0, 100, 21988, 24576, 302.84
2026/08/10 13:26:49.534, 1, 100, 23518, 24576, 313.26
2026/08/10 13:26:49.535, 2, 100, 21876, 24576, 308.27
2026/08/10 13:26:54.535, 0, 100, 21608, 24576, 295.64
2026/08/10 13:26:54.536, 1, 95, 21658, 24576, 298.09
2026/08/10 13:26:54.537, 2, 98, 21476, 24576, 318.87
2026/08/10 13:26:59.538, 0, 80, 21988, 24576, 335.54
2026/08/10 13:26:59.538, 1, 81, 23518, 24576, 313.20
2026/08/10 13:26:59.539, 2, 81, 21876, 24576, 334.73
2026/08/10 13:27:04.540, 0, 84, 21988, 24576, 339.11
2026/08/10 13:27:04.541, 1, 81, 23518, 24576, 304.24
2026/08/10 13:27:04.541, 2, 84, 21876, 24576, 325.75
2026/08/10 13:27:09.545, 0, 98, 13350, 24576, 337.97
2026/08/10 13:27:09.545, 1, 97, 23066, 24576, 305.84
2026/08/10 13:27:09.546, 2, 100, 12802, 24576, 331.64
2026/08/10 13:27:14.547, 0, 100, 13710, 24576, 185.33
2026/08/10 13:27:14.547, 1, 98, 13324, 24576, 296.13
2026/08/10 13:27:14.548, 2, 100, 12802, 24576, 183.73
2026/08/10 13:27:19.548, 0, 100, 23508, 24576, 327.90
2026/08/10 13:27:19.549, 1, 100, 24056, 24576, 306.86
2026/08/10 13:27:19.550, 2, 100, 22532, 24576, 334.82
2026/08/10 13:27:24.550, 0, 100, 23508, 24576, 328.94
2026/08/10 13:27:24.551, 1, 100, 24056, 24576, 321.16
2026/08/10 13:27:24.552, 2, 100, 22532, 24576, 338.72
2026/08/10 13:27:29.553, 0, 58, 23508, 24576, 276.08
2026/08/10 13:27:29.553, 1, 58, 24056, 24576, 263.31
2026/08/10 13:27:29.554, 2, 52, 20592, 24576, 274.31
2026/08/10 13:27:34.555, 0, 77, 23508, 24576, 335.92
2026/08/10 13:27:34.556, 1, 84, 24056, 24576, 300.28
2026/08/10 13:27:34.556, 2, 84, 20592, 24576, 336.61
2026/08/10 13:27:39.557, 0, 88, 14512, 24576, 299.67
2026/08/10 13:27:39.557, 1, 94, 18136, 24576, 291.22
2026/08/10 13:27:39.558, 2, 89, 12820, 24576, 289.84
2026/08/10 13:27:44.559, 0, 98, 18072, 24576, 299.90
2026/08/10 13:27:44.559, 1, 91, 14282, 24576, 274.92
2026/08/10 13:27:44.560, 2, 98, 12862, 24576, 324.99
2026/08/10 13:27:49.561, 0, 89, 22968, 24576, 331.27
2026/08/10 13:27:49.561, 1, 88, 21394, 24576, 300.41
2026/08/10 13:27:49.562, 2, 88, 21772, 24576, 313.05
2026/08/10 13:27:54.563, 0, 100, 21388, 24576, 324.63
2026/08/10 13:27:54.563, 1, 97, 23094, 24576, 290.97
2026/08/10 13:27:54.564, 2, 100, 21672, 24576, 305.84
2026/08/10 13:27:59.565, 0, 96, 22968, 24576, 311.30
2026/08/10 13:27:59.566, 1, 93, 23094, 24576, 295.56
2026/08/10 13:27:59.566, 2, 93, 21772, 24576, 290.99
2026/08/10 13:28:04.567, 0, 84, 22968, 24576, 336.54
2026/08/10 13:28:04.568, 1, 79, 23094, 24576, 300.02
2026/08/10 13:28:04.569, 2, 83, 21772, 24576, 332.59
2026/08/10 13:28:09.569, 0, 98, 22968, 24576, 305.95
2026/08/10 13:28:09.570, 1, 98, 23094, 24576, 303.39
2026/08/10 13:28:09.570, 2, 98, 21772, 24576, 326.74
2026/08/10 13:28:14.571, 0, 97, 18052, 24576, 335.61
2026/08/10 13:28:14.572, 1, 99, 23094, 24576, 296.51
2026/08/10 13:28:14.572, 2, 98, 21772, 24576, 323.74
2026/08/10 13:28:19.573, 0, 92, 23406, 24576, 309.87
2026/08/10 13:28:19.574, 1, 84, 23332, 24576, 241.98
2026/08/10 13:28:19.574, 2, 89, 22970, 24576, 224.46
2026/08/10 13:28:24.576, 0, 89, 23810, 24576, 329.89
2026/08/10 13:28:24.578, 1, 94, 23734, 24576, 317.88
2026/08/10 13:28:24.579, 2, 88, 23532, 24576, 316.11
2026/08/10 13:28:29.580, 0, 100, 23470, 24576, 332.78
2026/08/10 13:28:29.581, 1, 100, 23394, 24576, 300.67
2026/08/10 13:28:29.581, 2, 100, 23032, 24576, 313.58
2026/08/10 13:28:34.582, 0, 82, 23470, 24576, 323.73
2026/08/10 13:28:34.582, 1, 79, 23394, 24576, 326.78
2026/08/10 13:28:34.583, 2, 81, 23032, 24576, 329.75
2026/08/10 13:28:39.584, 0, 83, 23470, 24576, 336.52
2026/08/10 13:28:39.584, 1, 81, 23394, 24576, 307.82
2026/08/10 13:28:39.585, 2, 83, 23032, 24576, 338.58
2026/08/10 13:28:44.586, 0, 98, 13450, 24576, 330.73
2026/08/10 13:28:44.586, 1, 100, 13922, 24576, 279.35
2026/08/10 13:28:44.587, 2, 98, 13982, 24576, 304.70
2026/08/10 13:28:49.588, 0, 69, 13450, 24576, 283.16
2026/08/10 13:28:49.589, 1, 98, 24180, 24576, 304.01
2026/08/10 13:28:49.590, 2, 98, 13978, 24576, 319.45
2026/08/10 13:28:54.591, 0, 77, 22926, 24576, 328.93
2026/08/10 13:28:54.591, 1, 100, 21932, 24576, 305.61
2026/08/10 13:28:54.592, 2, 100, 22012, 24576, 315.94
2026/08/10 13:28:59.593, 0, 100, 22926, 24576, 338.14
2026/08/10 13:28:59.594, 1, 86, 21932, 24576, 301.33
2026/08/10 13:28:59.594, 2, 80, 22012, 24576, 303.58
2026/08/10 13:29:04.595, 0, 19, 20846, 24576, 253.16
2026/08/10 13:29:04.595, 1, 20, 21932, 24576, 256.55
2026/08/10 13:29:04.596, 2, 21, 22012, 24576, 258.08
2026/08/10 13:29:09.597, 0, 73, 20846, 24576, 333.60
2026/08/10 13:29:09.597, 1, 77, 21932, 24576, 297.71
2026/08/10 13:29:09.598, 2, 73, 22012, 24576, 331.37
2026/08/10 13:29:14.599, 0, 97, 20846, 24576, 243.68
2026/08/10 13:29:14.600, 1, 97, 21932, 24576, 293.57
2026/08/10 13:29:14.600, 2, 96, 22012, 24576, 227.29
2026/08/10 13:29:19.601, 0, 97, 20950, 24576, 338.71
2026/08/10 13:29:19.602, 1, 97, 13022, 24576, 316.19
2026/08/10 13:29:19.602, 2, 97, 22862, 24576, 327.87
2026/08/10 13:29:24.604, 0, 79, 21964, 24576, 325.57
2026/08/10 13:29:24.604, 1, 93, 23152, 24576, 292.18
2026/08/10 13:29:24.605, 2, 100, 22532, 24576, 321.52
2026/08/10 13:29:29.606, 0, 100, 21964, 24576, 316.19
2026/08/10 13:29:29.606, 1, 86, 23152, 24576, 291.88
2026/08/10 13:29:29.607, 2, 95, 22532, 24576, 306.61
2026/08/10 13:29:34.608, 0, 91, 21964, 24576, 296.87
2026/08/10 13:29:34.609, 1, 94, 23152, 24576, 291.98
2026/08/10 13:29:34.609, 2, 95, 22532, 24576, 302.49
2026/08/10 13:29:39.614, 0, 0, 21964, 24576, 138.59
2026/08/10 13:29:39.615, 1, 100, 23152, 24576, 185.12
2026/08/10 13:29:39.615, 2, 100, 22532, 24576, 168.81
2026/08/10 13:29:44.616, 0, 0, 21964, 24576, 126.88
2026/08/10 13:29:44.616, 1, 87, 23152, 24576, 177.64
2026/08/10 13:29:44.617, 2, 9, 22532, 24576, 160.63
2026/08/10 13:29:49.618, 0, 74, 21964, 24576, 329.17
2026/08/10 13:29:49.618, 1, 68, 23152, 24576, 332.79
2026/08/10 13:29:49.619, 2, 71, 22532, 24576, 320.77
2026/08/10 13:29:54.620, 0, 71, 21964, 24576, 334.10
2026/08/10 13:29:54.620, 1, 100, 23152, 24576, 211.85
2026/08/10 13:29:54.621, 2, 98, 22532, 24576, 273.67
2026/08/10 13:29:59.622, 0, 97, 13330, 24576, 343.01
2026/08/10 13:29:59.623, 1, 100, 13022, 24576, 281.57
2026/08/10 13:29:59.624, 2, 100, 13382, 24576, 346.13
2026/08/10 13:30:04.625, 0, 79, 21808, 24576, 319.65
2026/08/10 13:30:04.626, 1, 93, 20412, 24576, 311.68
2026/08/10 13:30:04.627, 2, 67, 20914, 24576, 307.93
2026/08/10 13:30:09.629, 0, 98, 21808, 24576, 322.58
2026/08/10 13:30:09.629, 1, 82, 20412, 24576, 306.03
2026/08/10 13:30:09.630, 2, 98, 20914, 24576, 317.56
2026/08/10 13:30:14.631, 0, 100, 21808, 24576, 326.79
2026/08/10 13:30:14.631, 1, 72, 20412, 24576, 305.92
2026/08/10 13:30:14.632, 2, 100, 20914, 24576, 317.09
2026/08/10 13:30:19.633, 0, 72, 21808, 24576, 330.89
2026/08/10 13:30:19.634, 1, 72, 20412, 24576, 303.24
2026/08/10 13:30:19.634, 2, 70, 20914, 24576, 318.45
2026/08/10 13:30:24.635, 0, 73, 21808, 24576, 331.77
2026/08/10 13:30:24.636, 1, 73, 20412, 24576, 302.34
2026/08/10 13:30:24.640, 2, 74, 20914, 24576, 318.04
2026/08/10 13:30:29.641, 0, 97, 13570, 24576, 292.86
2026/08/10 13:30:29.642, 1, 100, 12862, 24576, 290.14
2026/08/10 13:30:29.642, 2, 98, 12882, 24576, 283.73
2026/08/10 13:30:34.644, 0, 97, 13570, 24576, 326.79
2026/08/10 13:30:34.644, 1, 98, 12862, 24576, 295.63
2026/08/10 13:30:34.645, 2, 97, 13262, 24576, 315.99
2026/08/10 13:30:39.646, 0, 98, 23726, 24576, 341.01
2026/08/10 13:30:39.646, 1, 77, 22752, 24576, 323.16
2026/08/10 13:30:39.647, 2, 79, 22912, 24576, 314.75
2026/08/10 13:30:44.648, 0, 100, 21986, 24576, 336.61
2026/08/10 13:30:44.649, 1, 93, 22452, 24576, 306.36
2026/08/10 13:30:44.650, 2, 96, 22912, 24576, 313.39
2026/08/10 13:30:49.651, 0, 76, 21526, 24576, 254.37
2026/08/10 13:30:49.652, 1, 69, 20752, 24576, 283.70
2026/08/10 13:30:49.653, 2, 69, 22912, 24576, 256.36
2026/08/10 13:30:54.653, 0, 74, 21526, 24576, 302.74
2026/08/10 13:30:54.654, 1, 72, 20752, 24576, 296.09
2026/08/10 13:30:54.655, 2, 71, 22912, 24576, 328.80
2026/08/10 13:30:59.656, 0, 97, 21526, 24576, 336.17
2026/08/10 13:30:59.656, 1, 98, 20752, 24576, 259.43
2026/08/10 13:30:59.657, 2, 99, 22912, 24576, 244.87
2026/08/10 13:31:04.658, 0, 97, 15050, 24576, 304.84
2026/08/10 13:31:04.659, 1, 97, 21442, 24576, 306.48
2026/08/10 13:31:04.659, 2, 97, 22912, 24576, 308.02
2026/08/10 13:31:09.660, 0, 99, 14690, 24576, 290.14
2026/08/10 13:31:09.661, 1, 100, 13976, 24576, 188.30
2026/08/10 13:31:09.661, 2, 100, 22912, 24576, 172.30
2026/08/10 13:31:14.662, 0, 85, 22132, 24576, 324.57
2026/08/10 13:31:14.663, 1, 93, 22192, 24576, 306.97
2026/08/10 13:31:14.663, 2, 100, 22932, 24576, 295.33
2026/08/10 13:31:19.664, 0, 98, 22132, 24576, 326.78
2026/08/10 13:31:19.665, 1, 100, 22192, 24576, 304.64
2026/08/10 13:31:19.665, 2, 100, 22932, 24576, 297.60
2026/08/10 13:31:24.666, 0, 100, 22132, 24576, 323.70
2026/08/10 13:31:24.667, 1, 96, 22192, 24576, 305.26
2026/08/10 13:31:24.668, 2, 79, 22932, 24576, 295.81
2026/08/10 13:31:29.668, 0, 72, 22132, 24576, 330.50
2026/08/10 13:31:29.669, 1, 70, 22192, 24576, 322.08
2026/08/10 13:31:29.670, 2, 70, 22932, 24576, 316.37
2026/08/10 13:31:34.671, 0, 75, 22132, 24576, 331.92
2026/08/10 13:31:34.675, 1, 72, 22192, 24576, 300.90
2026/08/10 13:31:34.682, 2, 71, 22932, 24576, 325.64
2026/08/10 13:31:39.683, 0, 97, 14410, 24576, 336.28
2026/08/10 13:31:39.683, 1, 96, 12902, 24576, 313.30
2026/08/10 13:31:39.684, 2, 98, 12942, 24576, 320.11
2026/08/10 13:31:44.684, 0, 79, 20906, 24576, 265.69
2026/08/10 13:31:44.685, 1, 100, 23034, 24576, 283.30
2026/08/10 13:31:44.686, 2, 89, 22754, 24576, 253.86
2026/08/10 13:31:49.687, 0, 100, 22966, 24576, 317.61
2026/08/10 13:31:49.687, 1, 78, 23094, 24576, 304.96
2026/08/10 13:31:49.688, 2, 83, 22812, 24576, 321.94
2026/08/10 13:31:54.689, 0, 83, 23606, 24576, 322.43
2026/08/10 13:31:54.690, 1, 100, 23094, 24576, 308.72
2026/08/10 13:31:54.691, 2, 100, 22812, 24576, 314.48
2026/08/10 13:31:59.691, 0, 69, 22966, 24576, 327.97
2026/08/10 13:31:59.692, 1, 65, 23094, 24576, 320.30
2026/08/10 13:31:59.693, 2, 73, 22812, 24576, 318.17
2026/08/10 13:32:04.694, 0, 74, 22966, 24576, 335.95
2026/08/10 13:32:04.695, 1, 70, 23094, 24576, 292.73
2026/08/10 13:32:04.695, 2, 77, 22812, 24576, 331.92
2026/08/10 13:32:09.696, 0, 100, 18170, 24576, 293.22
2026/08/10 13:32:09.697, 1, 96, 12842, 24576, 280.73
2026/08/10 13:32:09.697, 2, 98, 13922, 24576, 286.52
2026/08/10 13:32:14.698, 0, 100, 21430, 24576, 332.02
2026/08/10 13:32:14.699, 1, 96, 12842, 24576, 299.82
2026/08/10 13:32:14.699, 2, 100, 21458, 24576, 332.64
2026/08/10 13:32:19.700, 0, 100, 22146, 24576, 301.28
2026/08/10 13:32:19.701, 1, 100, 22032, 24576, 312.00
2026/08/10 13:32:19.702, 2, 78, 23234, 24576, 315.70
2026/08/10 13:32:24.703, 0, 91, 22146, 24576, 321.70
2026/08/10 13:32:24.704, 1, 100, 22032, 24576, 312.85
2026/08/10 13:32:24.705, 2, 100, 23234, 24576, 321.75
2026/08/10 13:32:29.709, 0, 87, 22146, 24576, 300.86
2026/08/10 13:32:29.719, 1, 78, 22032, 24576, 296.61
2026/08/10 13:32:29.720, 2, 96, 23234, 24576, 319.79
2026/08/10 13:32:34.722, 0, 72, 22146, 24576, 333.43
2026/08/10 13:32:34.723, 1, 72, 22032, 24576, 331.70
2026/08/10 13:32:34.724, 2, 68, 23234, 24576, 318.78
2026/08/10 13:32:39.725, 0, 100, 22146, 24576, 274.63
2026/08/10 13:32:39.726, 1, 54, 22032, 24576, 297.24
2026/08/10 13:32:39.726, 2, 72, 23234, 24576, 329.67
2026/08/10 13:32:44.727, 0, 84, 16652, 24576, 312.08
2026/08/10 13:32:44.728, 1, 95, 12802, 24576, 320.88
2026/08/10 13:32:44.728, 2, 98, 14202, 24576, 337.87
2026/08/10 13:32:49.729, 0, 100, 14612, 24576, 297.35
2026/08/10 13:32:49.730, 1, 100, 12802, 24576, 241.67
2026/08/10 13:32:49.731, 2, 97, 13058, 24576, 335.94
2026/08/10 13:32:54.732, 0, 78, 22526, 24576, 335.19
2026/08/10 13:32:54.733, 1, 100, 20432, 24576, 305.72
2026/08/10 13:32:54.733, 2, 100, 21876, 24576, 323.49
2026/08/10 13:32:59.735, 0, 100, 22526, 24576, 323.40
2026/08/10 13:32:59.736, 1, 85, 20432, 24576, 296.40
2026/08/10 13:32:59.736, 2, 90, 21876, 24576, 316.34
2026/08/10 13:33:04.738, 0, 100, 21466, 24576, 298.62
2026/08/10 13:33:04.738, 1, 100, 22352, 24576, 319.46
2026/08/10 13:33:04.739, 2, 78, 24076, 24576, 314.83
2026/08/10 13:33:09.741, 0, 73, 22526, 24576, 329.07
2026/08/10 13:33:09.742, 1, 69, 20432, 24576, 311.21
2026/08/10 13:33:09.743, 2, 74, 21876, 24576, 321.03
2026/08/10 13:33:14.747, 0, 59, 22526, 24576, 321.84
2026/08/10 13:33:14.748, 1, 75, 20432, 24576, 290.40
2026/08/10 13:33:14.748, 2, 67, 21876, 24576, 318.79
2026/08/10 13:33:19.749, 0, 97, 13572, 24576, 341.32
2026/08/10 13:33:19.750, 1, 98, 12902, 24576, 319.81
2026/08/10 13:33:19.751, 2, 96, 13002, 24576, 330.53
2026/08/10 13:33:24.751, 0, 47, 13572, 24576, 289.64
2026/08/10 13:33:24.752, 1, 100, 13262, 24576, 229.18
2026/08/10 13:33:24.753, 2, 100, 13002, 24576, 310.87
2026/08/10 13:33:29.754, 0, 95, 24188, 24576, 319.23
2026/08/10 13:33:29.755, 1, 95, 22952, 24576, 307.08
2026/08/10 13:33:29.755, 2, 100, 23876, 24576, 325.96
2026/08/10 13:33:34.756, 0, 100, 23088, 24576, 317.22
2026/08/10 13:33:34.757, 1, 100, 22952, 24576, 303.98
2026/08/10 13:33:34.767, 2, 100, 22196, 24576, 319.83
2026/08/10 13:33:39.769, 0, 81, 21968, 24576, 310.08
2026/08/10 13:33:39.770, 1, 100, 22952, 24576, 300.06
2026/08/10 13:33:39.771, 2, 70, 21716, 24576, 305.73
2026/08/10 13:33:44.772, 0, 73, 21968, 24576, 332.06
2026/08/10 13:33:44.773, 1, 76, 22952, 24576, 311.66
2026/08/10 13:33:44.773, 2, 70, 21716, 24576, 326.69
2026/08/10 13:33:49.777, 0, 60, 21968, 24576, 309.89
2026/08/10 13:33:49.778, 1, 96, 22952, 24576, 269.46
2026/08/10 13:33:49.778, 2, 95, 21716, 24576, 232.78
2026/08/10 13:33:54.781, 0, 96, 16290, 24576, 332.58
2026/08/10 13:33:54.781, 1, 98, 22952, 24576, 302.08
2026/08/10 13:33:54.782, 2, 98, 21182, 24576, 329.40
2026/08/10 13:33:59.783, 0, 100, 22996, 24576, 299.74
2026/08/10 13:33:59.784, 1, 78, 22952, 24576, 303.24
2026/08/10 13:33:59.784, 2, 90, 20486, 24576, 274.25
2026/08/10 13:34:04.785, 0, 88, 23048, 24576, 326.84
2026/08/10 13:34:04.786, 1, 94, 22952, 24576, 316.95
2026/08/10 13:34:04.786, 2, 80, 20530, 24576, 309.59
2026/08/10 13:34:09.787, 0, 77, 23048, 24576, 324.24
2026/08/10 13:34:09.788, 1, 100, 22952, 24576, 310.44
2026/08/10 13:34:09.789, 2, 77, 21370, 24576, 311.38
2026/08/10 13:34:14.790, 0, 68, 23048, 24576, 326.70
2026/08/10 13:34:14.791, 1, 72, 22952, 24576, 328.02
2026/08/10 13:34:14.791, 2, 69, 20530, 24576, 317.23
2026/08/10 13:34:19.792, 0, 71, 23048, 24576, 334.61
2026/08/10 13:34:19.793, 1, 72, 22952, 24576, 309.84
2026/08/10 13:34:19.794, 2, 72, 20530, 24576, 329.33
2026/08/10 13:34:24.794, 0, 100, 19810, 24576, 328.53
2026/08/10 13:34:24.795, 1, 97, 22952, 24576, 289.48
2026/08/10 13:34:24.795, 2, 97, 20530, 24576, 334.10
2026/08/10 13:34:29.796, 0, 97, 24050, 24576, 334.88
2026/08/10 13:34:29.797, 1, 40, 22952, 24576, 278.32
2026/08/10 13:34:29.797, 2, 42, 20530, 24576, 303.98
2026/08/10 13:34:34.798, 0, 80, 23386, 24576, 290.45
2026/08/10 13:34:34.799, 1, 95, 22952, 24576, 305.43
2026/08/10 13:34:34.800, 2, 70, 23374, 24576, 307.82
2026/08/10 13:34:39.801, 0, 94, 22866, 24576, 317.34
2026/08/10 13:34:39.802, 1, 96, 22952, 24576, 296.68
2026/08/10 13:34:39.803, 2, 100, 22594, 24576, 321.75
2026/08/10 13:34:44.804, 0, 67, 23386, 24576, 286.27
2026/08/10 13:34:44.806, 1, 39, 22952, 24576, 276.47
2026/08/10 13:34:44.807, 2, 46, 23374, 24576, 299.25
2026/08/10 13:34:49.808, 0, 69, 23386, 24576, 334.14
2026/08/10 13:34:49.809, 1, 70, 22952, 24576, 305.36
2026/08/10 13:34:49.809, 2, 67, 23374, 24576, 326.60
2026/08/10 13:34:54.810, 0, 96, 23386, 24576, 305.56
2026/08/10 13:34:54.811, 1, 97, 22952, 24576, 294.30
2026/08/10 13:34:54.811, 2, 96, 23374, 24576, 321.32
2026/08/10 13:34:59.813, 0, 97, 13710, 24576, 335.68
2026/08/10 13:34:59.814, 1, 98, 13176, 24576, 305.71
2026/08/10 13:34:59.814, 2, 97, 20820, 24576, 341.23
2026/08/10 13:35:04.815, 0, 96, 22764, 24576, 316.47
2026/08/10 13:35:04.816, 1, 96, 23074, 24576, 303.24
2026/08/10 13:35:04.817, 2, 85, 20990, 24576, 293.08
2026/08/10 13:35:09.822, 0, 95, 22764, 24576, 317.06
2026/08/10 13:35:09.822, 1, 100, 23074, 24576, 315.43
2026/08/10 13:35:09.823, 2, 79, 20990, 24576, 300.18
2026/08/10 13:35:14.824, 0, 96, 22764, 24576, 318.50
2026/08/10 13:35:14.825, 1, 100, 23074, 24576, 310.55
2026/08/10 13:35:14.825, 2, 70, 20990, 24576, 296.49
2026/08/10 13:35:19.826, 0, 71, 22764, 24576, 327.89
2026/08/10 13:35:19.827, 1, 70, 23074, 24576, 316.41
2026/08/10 13:35:19.831, 2, 69, 20990, 24576, 320.71
2026/08/10 13:35:24.832, 0, 75, 22764, 24576, 335.76
2026/08/10 13:35:24.833, 1, 79, 23074, 24576, 308.88
2026/08/10 13:35:24.833, 2, 78, 20990, 24576, 335.25
2026/08/10 13:35:29.835, 0, 72, 13570, 24576, 285.88
2026/08/10 13:35:29.835, 1, 97, 19714, 24576, 327.52
2026/08/10 13:35:29.836, 2, 91, 16450, 24576, 311.38
2026/08/10 13:35:34.837, 0, 97, 17330, 24576, 294.55
2026/08/10 13:35:34.837, 1, 98, 13062, 24576, 299.43
2026/08/10 13:35:34.838, 2, 98, 23702, 24576, 336.93
2026/08/10 13:35:39.839, 0, 100, 23206, 24576, 334.73
2026/08/10 13:35:39.840, 1, 100, 23216, 24576, 307.91
2026/08/10 13:35:39.841, 2, 91, 23116, 24576, 319.58
2026/08/10 13:35:44.841, 0, 73, 23566, 24576, 317.53
2026/08/10 13:35:44.843, 1, 96, 23216, 24576, 301.40
2026/08/10 13:35:44.843, 2, 100, 23116, 24576, 310.42
2026/08/10 13:35:49.844, 0, 100, 23566, 24576, 286.75
2026/08/10 13:35:49.845, 1, 100, 22936, 24576, 301.74
2026/08/10 13:35:49.845, 2, 100, 22556, 24576, 315.44
2026/08/10 13:35:54.846, 0, 83, 21366, 24576, 328.20
2026/08/10 13:35:54.847, 1, 80, 23216, 24576, 317.95
2026/08/10 13:35:54.847, 2, 80, 23116, 24576, 333.97
2026/08/10 13:35:59.848, 0, 78, 21366, 24576, 337.95
2026/08/10 13:35:59.848, 1, 76, 23216, 24576, 297.82
2026/08/10 13:35:59.849, 2, 79, 23116, 24576, 328.07
2026/08/10 13:36:04.850, 0, 98, 13470, 24576, 297.55
2026/08/10 13:36:04.851, 1, 98, 16802, 24576, 276.19
2026/08/10 13:36:04.851, 2, 100, 12902, 24576, 283.08
2026/08/10 13:36:09.852, 0, 98, 13470, 24576, 329.59
2026/08/10 13:36:09.856, 1, 100, 18676, 24576, 286.23
2026/08/10 13:36:09.856, 2, 98, 13262, 24576, 315.51
2026/08/10 13:36:14.857, 0, 100, 21828, 24576, 311.76
2026/08/10 13:36:14.858, 1, 100, 22692, 24576, 316.63
2026/08/10 13:36:14.858, 2, 97, 22852, 24576, 320.91
2026/08/10 13:36:19.859, 0, 100, 21828, 24576, 312.73
2026/08/10 13:36:19.859, 1, 100, 22692, 24576, 323.90
2026/08/10 13:36:19.860, 2, 100, 22852, 24576, 321.37
2026/08/10 13:36:24.861, 0, 100, 21828, 24576, 316.63
2026/08/10 13:36:24.861, 1, 100, 22692, 24576, 318.71
2026/08/10 13:36:24.862, 2, 100, 22852, 24576, 322.13
2026/08/10 13:36:29.863, 0, 81, 21828, 24576, 337.75
2026/08/10 13:36:29.863, 1, 84, 22692, 24576, 301.15
2026/08/10 13:36:29.864, 2, 83, 22852, 24576, 336.64
2026/08/10 13:36:34.865, 0, 98, 21828, 24576, 320.31
2026/08/10 13:36:34.865, 1, 98, 22692, 24576, 319.26
2026/08/10 13:36:34.866, 2, 100, 22852, 24576, 321.02
2026/08/10 13:36:39.867, 0, 98, 14470, 24576, 336.89
2026/08/10 13:36:39.868, 1, 97, 23762, 24576, 304.87
2026/08/10 13:36:39.868, 2, 98, 13062, 24576, 327.50
2026/08/10 13:36:44.869, 0, 87, 24206, 24576, 318.21
2026/08/10 13:36:44.870, 1, 100, 20738, 24576, 298.12
2026/08/10 13:36:44.870, 2, 100, 23568, 24576, 310.37
2026/08/10 13:36:49.871, 0, 100, 24210, 24576, 327.56
2026/08/10 13:36:49.872, 1, 99, 20754, 24576, 293.61
2026/08/10 13:36:49.872, 2, 100, 23916, 24576, 332.19
2026/08/10 13:36:54.873, 0, 100, 24210, 24576, 326.47
2026/08/10 13:36:54.873, 1, 91, 20754, 24576, 282.54
2026/08/10 13:36:54.874, 2, 100, 23916, 24576, 330.98
2026/08/10 13:36:59.876, 0, 78, 24210, 24576, 334.35
2026/08/10 13:36:59.877, 1, 13, 22814, 24576, 288.27
2026/08/10 13:36:59.878, 2, 80, 21716, 24576, 335.49
2026/08/10 13:37:04.878, 0, 82, 24210, 24576, 339.52
2026/08/10 13:37:04.879, 1, 86, 22814, 24576, 310.93
2026/08/10 13:37:04.880, 2, 84, 21716, 24576, 333.93
2026/08/10 13:37:09.880, 0, 98, 14410, 24576, 325.53
2026/08/10 13:37:09.881, 1, 100, 16980, 24576, 295.98
2026/08/10 13:37:09.881, 2, 98, 12922, 24576, 305.43
2026/08/10 13:37:14.882, 0, 100, 14410, 24576, 280.62
2026/08/10 13:37:14.883, 1, 98, 12736, 24576, 301.64
2026/08/10 13:37:14.883, 2, 40, 13302, 24576, 292.85
2026/08/10 13:37:19.884, 0, 94, 21802, 24576, 296.19
2026/08/10 13:37:19.884, 1, 88, 20870, 24576, 304.51
2026/08/10 13:37:19.885, 2, 100, 22832, 24576, 296.77
2026/08/10 13:37:24.886, 0, 100, 21802, 24576, 310.69
2026/08/10 13:37:24.886, 1, 94, 20870, 24576, 310.25
2026/08/10 13:37:24.887, 2, 100, 22832, 24576, 327.88
2026/08/10 13:37:29.888, 0, 81, 21802, 24576, 335.14
2026/08/10 13:37:29.889, 1, 84, 20870, 24576, 326.13
2026/08/10 13:37:29.890, 2, 78, 22832, 24576, 331.52
2026/08/10 13:37:34.890, 0, 84, 21802, 24576, 338.92
2026/08/10 13:37:34.891, 1, 83, 20870, 24576, 308.61
2026/08/10 13:37:34.892, 2, 81, 22832, 24576, 326.00
2026/08/10 13:37:39.893, 0, 97, 13370, 24576, 298.76
2026/08/10 13:37:39.894, 1, 98, 14062, 24576, 292.87
2026/08/10 13:37:39.894, 2, 100, 22832, 24576, 313.22
2026/08/10 13:37:44.895, 0, 96, 13730, 24576, 337.77
2026/08/10 13:37:44.896, 1, 100, 14036, 24576, 290.25
2026/08/10 13:37:44.896, 2, 64, 22832, 24576, 300.70
2026/08/10 13:37:49.897, 0, 99, 23488, 24576, 321.14
2026/08/10 13:37:49.898, 1, 82, 22834, 24576, 301.54
2026/08/10 13:37:49.898, 2, 97, 23314, 24576, 301.95
2026/08/10 13:37:54.899, 0, 100, 23488, 24576, 326.20
2026/08/10 13:37:54.900, 1, 100, 22834, 24576, 326.38
2026/08/10 13:37:54.901, 2, 100, 23314, 24576, 321.70
2026/08/10 13:37:59.902, 0, 82, 23488, 24576, 336.13
2026/08/10 13:37:59.903, 1, 79, 22834, 24576, 319.62
2026/08/10 13:37:59.903, 2, 80, 23314, 24576, 332.39
2026/08/10 13:38:04.904, 0, 83, 23488, 24576, 338.15
2026/08/10 13:38:04.905, 1, 82, 22834, 24576, 307.05
2026/08/10 13:38:04.905, 2, 83, 23314, 24576, 316.23
2026/08/10 13:38:09.906, 0, 100, 23488, 24576, 338.81
2026/08/10 13:38:09.906, 1, 98, 22834, 24576, 301.60
2026/08/10 13:38:09.907, 2, 98, 23314, 24576, 312.84
2026/08/10 13:38:14.908, 0, 100, 23488, 24576, 279.11
2026/08/10 13:38:14.908, 1, 100, 22834, 24576, 249.25
2026/08/10 13:38:14.909, 2, 99, 23314, 24576, 312.72
2026/08/10 13:38:19.910, 0, 97, 23488, 24576, 327.67
2026/08/10 13:38:19.910, 1, 94, 20632, 24576, 307.01
2026/08/10 13:38:19.911, 2, 100, 23916, 24576, 323.59
2026/08/10 13:38:24.912, 0, 100, 23488, 24576, 326.21
2026/08/10 13:38:24.913, 1, 92, 20632, 24576, 298.59
2026/08/10 13:38:24.914, 2, 100, 23916, 24576, 325.76
2026/08/10 13:38:29.914, 0, 71, 23488, 24576, 270.46
2026/08/10 13:38:29.915, 1, 89, 20632, 24576, 282.94
2026/08/10 13:38:29.915, 2, 90, 23916, 24576, 284.43
2026/08/10 13:38:34.916, 0, 83, 23488, 24576, 337.06
2026/08/10 13:38:34.917, 1, 83, 20632, 24576, 308.20
2026/08/10 13:38:34.917, 2, 84, 23916, 24576, 319.94
2026/08/10 13:38:39.918, 0, 86, 12730, 24576, 298.50
2026/08/10 13:38:39.919, 1, 95, 19072, 24576, 290.12
2026/08/10 13:38:39.919, 2, 88, 13256, 24576, 291.52
2026/08/10 13:38:44.921, 0, 98, 13450, 24576, 319.25
2026/08/10 13:38:44.921, 1, 98, 13918, 24576, 286.82
2026/08/10 13:38:44.922, 2, 98, 13062, 24576, 319.00
2026/08/10 13:38:49.923, 0, 100, 21106, 24576, 310.32
2026/08/10 13:38:49.924, 1, 89, 22874, 24576, 324.81
2026/08/10 13:38:49.925, 2, 100, 23034, 24576, 318.38
2026/08/10 13:38:54.925, 0, 100, 21106, 24576, 310.73
2026/08/10 13:38:54.926, 1, 91, 22874, 24576, 318.10
2026/08/10 13:38:54.927, 2, 100, 23034, 24576, 322.82
2026/08/10 13:38:59.928, 0, 100, 21106, 24576, 308.02
2026/08/10 13:38:59.928, 1, 100, 22874, 24576, 320.54
2026/08/10 13:38:59.929, 2, 100, 23034, 24576, 312.13
2026/08/10 13:39:04.930, 0, 82, 21106, 24576, 335.55
2026/08/10 13:39:04.930, 1, 84, 22874, 24576, 305.34
2026/08/10 13:39:04.931, 2, 85, 23034, 24576, 323.25
2026/08/10 13:39:09.932, 0, 98, 21106, 24576, 331.91
2026/08/10 13:39:09.932, 1, 100, 22874, 24576, 296.63
2026/08/10 13:39:09.933, 2, 98, 23034, 24576, 321.10
2026/08/10 13:39:14.934, 0, 98, 21106, 24576, 308.11
2026/08/10 13:39:14.935, 1, 100, 21164, 24576, 294.30
2026/08/10 13:39:14.936, 2, 98, 13462, 24576, 333.12
2026/08/10 13:39:19.937, 0, 89, 22926, 24576, 320.31
2026/08/10 13:39:19.937, 1, 88, 23152, 24576, 313.90
2026/08/10 13:39:19.938, 2, 89, 23696, 24576, 321.00
2026/08/10 13:39:24.939, 0, 92, 23286, 24576, 313.69
2026/08/10 13:39:24.940, 1, 98, 23156, 24576, 299.88
2026/08/10 13:39:24.940, 2, 100, 22776, 24576, 334.38
2026/08/10 13:39:29.941, 0, 89, 23286, 24576, 310.63
2026/08/10 13:39:29.941, 1, 100, 23156, 24576, 305.07
2026/08/10 13:39:29.942, 2, 88, 21676, 24576, 314.60
2026/08/10 13:39:34.943, 0, 81, 23286, 24576, 328.00
2026/08/10 13:39:34.943, 1, 81, 23156, 24576, 331.11
2026/08/10 13:39:34.944, 2, 83, 21676, 24576, 328.95
2026/08/10 13:39:39.945, 0, 82, 23286, 24576, 336.80
2026/08/10 13:39:39.945, 1, 82, 23156, 24576, 303.49
2026/08/10 13:39:39.946, 2, 82, 21676, 24576, 312.17
2026/08/10 13:39:44.947, 0, 92, 12826, 24576, 295.66
2026/08/10 13:39:44.948, 1, 98, 23156, 24576, 308.27
2026/08/10 13:39:44.948, 2, 89, 12316, 24576, 297.67
2026/08/10 13:39:49.949, 0, 100, 17370, 24576, 309.45
2026/08/10 13:39:49.950, 1, 98, 23156, 24576, 289.56
2026/08/10 13:39:49.950, 2, 100, 19624, 24576, 311.31
2026/08/10 13:39:54.951, 0, 100, 23950, 24576, 321.57
2026/08/10 13:39:54.952, 1, 83, 23174, 24576, 320.00
2026/08/10 13:39:54.952, 2, 98, 24038, 24576, 326.38
2026/08/10 13:39:59.953, 0, 92, 23950, 24576, 328.94
2026/08/10 13:39:59.953, 1, 93, 23174, 24576, 300.01
2026/08/10 13:39:59.954, 2, 94, 24038, 24576, 334.13
2026/08/10 13:40:04.955, 0, 91, 23910, 24576, 311.37
2026/08/10 13:40:04.956, 1, 100, 22034, 24576, 292.82
2026/08/10 13:40:04.956, 2, 100, 24038, 24576, 320.99
2026/08/10 13:40:09.957, 0, 82, 23950, 24576, 333.67
2026/08/10 13:40:09.958, 1, 81, 23174, 24576, 309.43
2026/08/10 13:40:09.959, 2, 81, 24038, 24576, 322.90
2026/08/10 13:40:14.960, 0, 82, 23950, 24576, 327.68
2026/08/10 13:40:14.961, 1, 86, 23174, 24576, 309.08
2026/08/10 13:40:14.961, 2, 99, 24038, 24576, 282.27
2026/08/10 13:40:19.962, 0, 98, 18250, 24576, 316.39
2026/08/10 13:40:19.962, 1, 98, 16082, 24576, 294.73
2026/08/10 13:40:19.963, 2, 98, 12760, 24576, 292.36
2026/08/10 13:40:24.964, 0, 94, 23186, 24576, 312.12
2026/08/10 13:40:24.964, 1, 96, 22610, 24576, 300.54
2026/08/10 13:40:24.965, 2, 91, 20528, 24576, 293.56
2026/08/10 13:40:29.965, 0, 94, 23186, 24576, 320.14
2026/08/10 13:40:29.966, 1, 100, 22610, 24576, 300.66
2026/08/10 13:40:29.967, 2, 87, 20528, 24576, 311.43
2026/08/10 13:40:34.968, 0, 100, 23186, 24576, 326.06
2026/08/10 13:40:34.968, 1, 89, 22610, 24576, 311.39
2026/08/10 13:40:34.969, 2, 89, 20848, 24576, 318.52
2026/08/10 13:40:39.970, 0, 81, 23186, 24576, 334.14
2026/08/10 13:40:39.972, 1, 85, 22610, 24576, 303.64
2026/08/10 13:40:39.973, 2, 82, 20528, 24576, 336.77
2026/08/10 13:40:44.974, 0, 98, 23186, 24576, 318.54
2026/08/10 13:40:44.975, 1, 98, 22610, 24576, 307.33
2026/08/10 13:40:44.975, 2, 98, 20528, 24576, 280.72
2026/08/10 13:40:49.976, 0, 98, 23270, 24576, 329.98
2026/08/10 13:40:49.976, 1, 98, 13042, 24576, 295.89
2026/08/10 13:40:49.977, 2, 98, 23002, 24576, 316.73
2026/08/10 13:40:54.978, 0, 93, 23226, 24576, 327.15
2026/08/10 13:40:54.978, 1, 100, 21354, 24576, 296.81
2026/08/10 13:40:54.979, 2, 100, 22672, 24576, 335.01
2026/08/10 13:40:59.980, 0, 89, 23226, 24576, 323.28
2026/08/10 13:40:59.980, 1, 100, 21354, 24576, 300.80
2026/08/10 13:40:59.981, 2, 94, 22672, 24576, 339.03
2026/08/10 13:41:04.982, 0, 89, 23226, 24576, 325.17
2026/08/10 13:41:04.983, 1, 100, 21354, 24576, 298.42
2026/08/10 13:41:04.983, 2, 89, 22672, 24576, 339.42
2026/08/10 13:41:09.984, 0, 81, 23226, 24576, 334.32
2026/08/10 13:41:09.985, 1, 84, 21354, 24576, 303.67
2026/08/10 13:41:09.985, 2, 82, 22672, 24576, 323.34
2026/08/10 13:41:14.986, 0, 89, 23226, 24576, 313.04
2026/08/10 13:41:14.986, 1, 83, 21354, 24576, 305.53
2026/08/10 13:41:14.987, 2, 82, 22672, 24576, 332.84
2026/08/10 13:41:19.988, 0, 98, 23226, 24576, 333.61
2026/08/10 13:41:19.988, 1, 98, 16122, 24576, 283.20
2026/08/10 13:41:19.989, 2, 98, 22672, 24576, 296.88
2026/08/10 13:41:24.990, 0, 95, 21606, 24576, 324.80
2026/08/10 13:41:24.990, 1, 89, 22612, 24576, 309.05
2026/08/10 13:41:24.991, 2, 96, 22490, 24576, 319.74
2026/08/10 13:41:29.992, 0, 97, 23526, 24576, 315.49
2026/08/10 13:41:29.993, 1, 96, 22612, 24576, 305.76
2026/08/10 13:41:29.994, 2, 100, 22490, 24576, 320.88
2026/08/10 13:41:34.995, 0, 100, 23526, 24576, 330.08
2026/08/10 13:41:34.996, 1, 100, 22612, 24576, 317.25
2026/08/10 13:41:34.996, 2, 88, 22490, 24576, 336.02
2026/08/10 13:41:39.997, 0, 81, 23526, 24576, 334.33
2026/08/10 13:41:39.997, 1, 83, 22612, 24576, 304.22
2026/08/10 13:41:39.998, 2, 83, 22490, 24576, 336.85
2026/08/10 13:41:44.999, 0, 72, 23526, 24576, 335.69
2026/08/10 13:41:44.999, 1, 85, 22612, 24576, 303.80
2026/08/10 13:41:45.000, 2, 81, 22490, 24576, 309.77
2026/08/10 13:41:50.000, 0, 98, 13570, 24576, 336.05
2026/08/10 13:41:50.001, 1, 100, 13044, 24576, 290.24
2026/08/10 13:41:50.001, 2, 98, 22490, 24576, 315.33
2026/08/10 13:41:55.002, 0, 100, 14090, 24576, 185.94
2026/08/10 13:41:55.003, 1, 98, 13604, 24576, 287.18
2026/08/10 13:41:55.004, 2, 90, 22490, 24576, 174.54
2026/08/10 13:42:00.005, 0, 100, 21688, 24576, 319.60
2026/08/10 13:42:00.005, 1, 96, 21856, 24576, 302.00
2026/08/10 13:42:00.006, 2, 100, 23394, 24576, 325.85
2026/08/10 13:42:05.007, 0, 91, 21688, 24576, 308.44
2026/08/10 13:42:05.008, 1, 93, 21856, 24576, 297.44
2026/08/10 13:42:05.008, 2, 94, 23394, 24576, 308.41
2026/08/10 13:42:10.009, 0, 83, 21688, 24576, 297.39
2026/08/10 13:42:10.010, 1, 78, 21856, 24576, 284.67
2026/08/10 13:42:10.010, 2, 80, 23394, 24576, 299.78
2026/08/10 13:42:15.011, 0, 84, 21688, 24576, 336.14
2026/08/10 13:42:15.011, 1, 83, 21856, 24576, 304.24
2026/08/10 13:42:15.012, 2, 82, 23394, 24576, 336.64
2026/08/10 13:42:20.013, 0, 98, 13470, 24576, 298.03
2026/08/10 13:42:20.013, 1, 98, 12942, 24576, 271.89
2026/08/10 13:42:20.014, 2, 98, 17982, 24576, 294.33
2026/08/10 13:42:25.015, 0, 98, 13470, 24576, 329.44
2026/08/10 13:42:25.016, 1, 98, 13322, 24576, 305.73
2026/08/10 13:42:25.018, 2, 98, 13198, 24576, 316.77
2026/08/10 13:42:30.019, 0, 95, 21668, 24576, 326.95
2026/08/10 13:42:30.020, 1, 98, 23514, 24576, 308.58
2026/08/10 13:42:30.020, 2, 97, 22512, 24576, 309.81
2026/08/10 13:42:35.021, 0, 100, 21668, 24576, 325.87
2026/08/10 13:42:35.022, 1, 89, 23514, 24576, 304.19
2026/08/10 13:42:35.022, 2, 88, 22512, 24576, 330.91
2026/08/10 13:42:40.023, 0, 81, 21668, 24576, 333.56
2026/08/10 13:42:40.024, 1, 79, 23514, 24576, 312.05
2026/08/10 13:42:40.024, 2, 83, 22512, 24576, 332.17
2026/08/10 13:42:45.025, 0, 83, 21668, 24576, 336.58
2026/08/10 13:42:45.026, 1, 84, 23514, 24576, 303.71
2026/08/10 13:42:45.026, 2, 81, 22512, 24576, 330.74
2026/08/10 13:42:50.027, 0, 98, 13550, 24576, 300.88
2026/08/10 13:42:50.028, 1, 98, 13042, 24576, 289.22
2026/08/10 13:42:50.029, 2, 98, 13660, 24576, 288.76
2026/08/10 13:42:55.030, 0, 98, 13970, 24576, 335.04
2026/08/10 13:42:55.031, 1, 98, 13042, 24576, 296.80
2026/08/10 13:42:55.031, 2, 81, 13658, 24576, 298.88
2026/08/10 13:43:00.032, 0, 100, 23214, 24576, 335.47
2026/08/10 13:43:00.033, 1, 87, 23114, 24576, 322.73
2026/08/10 13:43:00.033, 2, 87, 20950, 24576, 302.73
2026/08/10 13:43:05.034, 0, 88, 22834, 24576, 330.54
2026/08/10 13:43:05.034, 1, 86, 21274, 24576, 295.35
2026/08/10 13:43:05.035, 2, 99, 20350, 24576, 288.26
2026/08/10 13:43:10.036, 0, 100, 23592, 24576, 326.14
2026/08/10 13:43:10.036, 1, 93, 22194, 24576, 293.21
2026/08/10 13:43:10.037, 2, 99, 21930, 24576, 263.39
2026/08/10 13:43:15.038, 0, 85, 22834, 24576, 332.73
2026/08/10 13:43:15.039, 1, 83, 20894, 24576, 310.61
2026/08/10 13:43:15.039, 2, 82, 19430, 24576, 333.09
2026/08/10 13:43:20.040, 0, 83, 22834, 24576, 334.85
2026/08/10 13:43:20.041, 1, 82, 20894, 24576, 306.58
2026/08/10 13:43:20.042, 2, 82, 19430, 24576, 338.34
2026/08/10 13:43:25.043, 0, 98, 13530, 24576, 334.64
2026/08/10 13:43:25.043, 1, 98, 23020, 24576, 305.23
2026/08/10 13:43:25.044, 2, 98, 13062, 24576, 339.13
2026/08/10 13:43:30.044, 0, 46, 13530, 24576, 275.74
2026/08/10 13:43:30.045, 1, 97, 19820, 24576, 296.64
2026/08/10 13:43:30.045, 2, 100, 13062, 24576, 332.43
2026/08/10 13:43:35.046, 0, 90, 21988, 24576, 314.50
2026/08/10 13:43:35.047, 1, 86, 20890, 24576, 296.69
2026/08/10 13:43:35.047, 2, 87, 21554, 24576, 318.05
2026/08/10 13:43:40.048, 0, 88, 21988, 24576, 312.32
2026/08/10 13:43:40.049, 1, 92, 20890, 24576, 289.36
2026/08/10 13:43:40.049, 2, 88, 21554, 24576, 318.12
2026/08/10 13:43:45.051, 0, 74, 21988, 24576, 319.76
2026/08/10 13:43:45.051, 1, 74, 20890, 24576, 315.60
2026/08/10 13:43:45.052, 2, 70, 21554, 24576, 322.95
2026/08/10 13:43:50.053, 0, 82, 21988, 24576, 333.25
2026/08/10 13:43:50.054, 1, 86, 20890, 24576, 300.89
2026/08/10 13:43:50.055, 2, 84, 21554, 24576, 322.46
2026/08/10 13:43:55.055, 0, 95, 13570, 24576, 298.04
2026/08/10 13:43:55.056, 1, 98, 20890, 24576, 309.88
2026/08/10 13:43:55.056, 2, 97, 18154, 24576, 308.66
2026/08/10 13:44:00.057, 0, 98, 13570, 24576, 337.01
2026/08/10 13:44:00.058, 1, 98, 20890, 24576, 304.23
2026/08/10 13:44:00.058, 2, 90, 13998, 24576, 274.58
2026/08/10 13:44:05.059, 0, 100, 23988, 24576, 334.53
2026/08/10 13:44:05.060, 1, 100, 23194, 24576, 326.19
2026/08/10 13:44:05.060, 2, 100, 22216, 24576, 323.99
2026/08/10 13:44:10.061, 0, 96, 23988, 24576, 324.06
2026/08/10 13:44:10.062, 1, 90, 23194, 24576, 293.67
2026/08/10 13:44:10.063, 2, 87, 22216, 24576, 320.55
2026/08/10 13:44:15.063, 0, 88, 21788, 24576, 313.64
2026/08/10 13:44:15.064, 1, 100, 23194, 24576, 309.86
2026/08/10 13:44:15.065, 2, 89, 22916, 24576, 320.81
2026/08/10 13:44:20.065, 0, 81, 21788, 24576, 334.56
2026/08/10 13:44:20.066, 1, 82, 23194, 24576, 296.90
2026/08/10 13:44:20.067, 2, 80, 22216, 24576, 321.76
2026/08/10 13:44:25.067, 0, 84, 21788, 24576, 304.51
2026/08/10 13:44:25.068, 1, 84, 23194, 24576, 309.32
2026/08/10 13:44:25.068, 2, 86, 22216, 24576, 290.74
2026/08/10 13:44:30.069, 0, 98, 18550, 24576, 336.44
2026/08/10 13:44:30.070, 1, 100, 17882, 24576, 296.70
2026/08/10 13:44:30.070, 2, 97, 15960, 24576, 284.29
2026/08/10 13:44:35.071, 0, 94, 21166, 24576, 298.09
2026/08/10 13:44:35.072, 1, 88, 22150, 24576, 293.39
2026/08/10 13:44:35.072, 2, 89, 22110, 24576, 299.33
2026/08/10 13:44:40.073, 0, 100, 20806, 24576, 303.13
2026/08/10 13:44:40.074, 1, 100, 22152, 24576, 300.73
2026/08/10 13:44:40.075, 2, 100, 22112, 24576, 321.43
2026/08/10 13:44:45.075, 0, 100, 20806, 24576, 302.86
2026/08/10 13:44:45.076, 1, 100, 22152, 24576, 313.81
2026/08/10 13:44:45.076, 2, 100, 22112, 24576, 320.62
2026/08/10 13:44:50.077, 0, 79, 22926, 24576, 334.44
2026/08/10 13:44:50.078, 1, 83, 22152, 24576, 316.75
2026/08/10 13:44:50.078, 2, 83, 22112, 24576, 334.14
2026/08/10 13:44:55.079, 0, 84, 22926, 24576, 337.54
2026/08/10 13:44:55.079, 1, 85, 22152, 24576, 307.97
2026/08/10 13:44:55.080, 2, 86, 22112, 24576, 330.91
2026/08/10 13:45:00.081, 0, 98, 13590, 24576, 337.89
2026/08/10 13:45:00.082, 1, 100, 13042, 24576, 289.03
2026/08/10 13:45:00.082, 2, 99, 22112, 24576, 324.30
2026/08/10 13:45:05.083, 0, 57, 13590, 24576, 294.74
2026/08/10 13:45:05.084, 1, 100, 13042, 24576, 290.48
2026/08/10 13:45:05.084, 2, 100, 22112, 24576, 175.04
2026/08/10 13:45:10.085, 0, 89, 22028, 24576, 320.02
2026/08/10 13:45:10.088, 1, 100, 21454, 24576, 301.77
2026/08/10 13:45:10.089, 2, 89, 22390, 24576, 338.99
2026/08/10 13:45:15.090, 0, 89, 22028, 24576, 323.27
2026/08/10 13:45:15.090, 1, 89, 21454, 24576, 296.79
2026/08/10 13:45:15.091, 2, 89, 22390, 24576, 337.57
2026/08/10 13:45:20.091, 0, 82, 22028, 24576, 330.74
2026/08/10 13:45:20.092, 1, 81, 21454, 24576, 314.53
2026/08/10 13:45:20.092, 2, 80, 22390, 24576, 335.15
2026/08/10 13:45:25.094, 0, 85, 22028, 24576, 336.71
2026/08/10 13:45:25.094, 1, 84, 21454, 24576, 325.37
2026/08/10 13:45:25.095, 2, 85, 22390, 24576, 337.33
2026/08/10 13:45:30.096, 0, 98, 14410, 24576, 316.52
2026/08/10 13:45:30.096, 1, 99, 14002, 24576, 290.12
2026/08/10 13:45:30.097, 2, 100, 12822, 24576, 299.76
2026/08/10 13:45:35.098, 0, 98, 14410, 24576, 336.70
2026/08/10 13:45:35.098, 1, 99, 13976, 24576, 297.46
2026/08/10 13:45:35.099, 2, 98, 12822, 24576, 325.65
2026/08/10 13:45:40.100, 0, 98, 22866, 24576, 318.12
2026/08/10 13:45:40.100, 1, 95, 22732, 24576, 305.21
2026/08/10 13:45:40.101, 2, 94, 22234, 24576, 306.86
2026/08/10 13:45:45.102, 0, 100, 22866, 24576, 318.41
2026/08/10 13:45:45.102, 1, 94, 22732, 24576, 309.70
2026/08/10 13:45:45.103, 2, 91, 22234, 24576, 308.50
2026/08/10 13:45:50.104, 0, 80, 22866, 24576, 298.64
2026/08/10 13:45:50.104, 1, 83, 22732, 24576, 304.43
2026/08/10 13:45:50.105, 2, 81, 22234, 24576, 307.73
2026/08/10 13:45:55.106, 0, 85, 22866, 24576, 336.25
2026/08/10 13:45:55.106, 1, 82, 22732, 24576, 308.98
2026/08/10 13:45:55.107, 2, 85, 22234, 24576, 327.08
2026/08/10 13:46:00.108, 0, 98, 22866, 24576, 335.85
2026/08/10 13:46:00.108, 1, 94, 14922, 24576, 280.19
2026/08/10 13:46:00.109, 2, 98, 14042, 24576, 289.35
2026/08/10 13:46:05.110, 0, 100, 22866, 24576, 260.80
2026/08/10 13:46:05.110, 1, 100, 13462, 24576, 310.99
2026/08/10 13:46:05.111, 2, 98, 14038, 24576, 333.08
2026/08/10 13:46:10.112, 0, 85, 20844, 24576, 284.83
2026/08/10 13:46:10.113, 1, 96, 23836, 24576, 307.30
2026/08/10 13:46:10.113, 2, 88, 20914, 24576, 297.83
2026/08/10 13:46:15.114, 0, 100, 21864, 24576, 312.96
2026/08/10 13:46:15.114, 1, 89, 21636, 24576, 306.30
2026/08/10 13:46:15.115, 2, 100, 23014, 24576, 320.54
2026/08/10 13:46:20.116, 0, 88, 20844, 24576, 316.79
2026/08/10 13:46:20.116, 1, 100, 21636, 24576, 305.43
2026/08/10 13:46:20.117, 2, 89, 23014, 24576, 340.49
2026/08/10 13:46:25.118, 0, 84, 20844, 24576, 336.27
2026/08/10 13:46:25.118, 1, 82, 21636, 24576, 305.19
2026/08/10 13:46:25.119, 2, 82, 23014, 24576, 336.23
2026/08/10 13:46:30.120, 0, 78, 20844, 24576, 334.30
2026/08/10 13:46:30.120, 1, 84, 21636, 24576, 307.22
2026/08/10 13:46:30.121, 2, 84, 23014, 24576, 332.00
2026/08/10 13:46:35.122, 0, 98, 13570, 24576, 338.34
2026/08/10 13:46:35.122, 1, 98, 13002, 24576, 305.17
2026/08/10 13:46:35.123, 2, 98, 13044, 24576, 318.63
2026/08/10 13:46:40.124, 0, 100, 13570, 24576, 183.96
2026/08/10 13:46:40.124, 1, 98, 13002, 24576, 301.74
2026/08/10 13:46:40.125, 2, 100, 13044, 24576, 315.94
2026/08/10 13:46:45.125, 0, 88, 23888, 24576, 327.42
2026/08/10 13:46:45.126, 1, 93, 23876, 24576, 315.66
2026/08/10 13:46:45.126, 2, 88, 23496, 24576, 310.22
2026/08/10 13:46:50.127, 0, 96, 23888, 24576, 317.64
2026/08/10 13:46:50.128, 1, 96, 23876, 24576, 307.61
2026/08/10 13:46:50.129, 2, 95, 23496, 24576, 316.03
2026/08/10 13:46:55.130, 0, 96, 21688, 24576, 292.20
2026/08/10 13:46:55.130, 1, 100, 21736, 24576, 293.52
2026/08/10 13:46:55.131, 2, 82, 23496, 24576, 325.50
2026/08/10 13:47:00.131, 0, 83, 21688, 24576, 336.98
2026/08/10 13:47:00.132, 1, 84, 21736, 24576, 311.91
2026/08/10 13:47:00.134, 2, 85, 23496, 24576, 325.02
2026/08/10 13:47:05.135, 0, 98, 21688, 24576, 338.68
2026/08/10 13:47:05.135, 1, 98, 21736, 24576, 331.23
2026/08/10 13:47:05.136, 2, 100, 23496, 24576, 337.43
2026/08/10 13:47:10.136, 0, 98, 13550, 24576, 333.02
2026/08/10 13:47:10.137, 1, 98, 13262, 24576, 311.32
2026/08/10 13:47:10.137, 2, 98, 12862, 24576, 316.17
2026/08/10 13:47:15.138, 0, 100, 24130, 24576, 339.71
2026/08/10 13:47:15.139, 1, 82, 22912, 24576, 327.62
2026/08/10 13:47:15.139, 2, 100, 20794, 24576, 316.29
2026/08/10 13:47:20.140, 0, 100, 24130, 24576, 324.60
2026/08/10 13:47:20.141, 1, 88, 22912, 24576, 320.72
2026/08/10 13:47:20.141, 2, 100, 20794, 24576, 309.55
2026/08/10 13:47:25.142, 0, 100, 24130, 24576, 339.44
2026/08/10 13:47:25.143, 1, 86, 22912, 24576, 311.59
2026/08/10 13:47:25.144, 2, 100, 20794, 24576, 308.89
2026/08/10 13:47:30.145, 0, 81, 24130, 24576, 335.38
2026/08/10 13:47:30.145, 1, 80, 22912, 24576, 316.13
2026/08/10 13:47:30.146, 2, 83, 20794, 24576, 334.99
2026/08/10 13:47:35.147, 0, 83, 24130, 24576, 339.35
2026/08/10 13:47:35.148, 1, 100, 22912, 24576, 277.27
2026/08/10 13:47:35.149, 2, 85, 20794, 24576, 326.33
2026/08/10 13:47:40.150, 0, 98, 16950, 24576, 312.72
2026/08/10 13:47:40.150, 1, 99, 22912, 24576, 300.25
2026/08/10 13:47:40.151, 2, 98, 13302, 24576, 323.24
2026/08/10 13:47:45.152, 0, 82, 22860, 24576, 306.70
2026/08/10 13:47:45.152, 1, 100, 22912, 24576, 313.25
2026/08/10 13:47:45.153, 2, 88, 23514, 24576, 307.14
2026/08/10 13:47:50.154, 0, 96, 22866, 24576, 317.85
2026/08/10 13:47:50.154, 1, 97, 22912, 24576, 315.88
2026/08/10 13:47:50.155, 2, 96, 23514, 24576, 319.55
2026/08/10 13:47:55.156, 0, 100, 22866, 24576, 334.17
2026/08/10 13:47:55.157, 1, 89, 22912, 24576, 315.13
2026/08/10 13:47:55.157, 2, 100, 23514, 24576, 330.89
2026/08/10 13:48:00.158, 0, 0, 22866, 24576, 135.98
2026/08/10 13:48:00.158, 1, 100, 22912, 24576, 183.93
2026/08/10 13:48:00.159, 2, 100, 23514, 24576, 171.96
2026/08/10 13:48:05.160, 0, 0, 22850, 24576, 126.88
2026/08/10 13:48:05.160, 1, 0, 22896, 24576, 131.21
2026/08/10 13:48:05.161, 2, 0, 23498, 24576, 124.85
2026/08/10 13:48:10.161, 0, 0, 22850, 24576, 123.18
2026/08/10 13:48:10.162, 1, 0, 22896, 24576, 122.35
2026/08/10 13:48:10.162, 2, 0, 23498, 24576, 119.58
2026/08/10 13:48:15.163, 0, 0, 22850, 24576, 121.28
2026/08/10 13:48:15.163, 1, 0, 22896, 24576, 118.33
2026/08/10 13:48:15.164, 2, 0, 23498, 24576, 117.24
2026/08/10 13:48:20.164, 0, 0, 22850, 24576, 37.62
2026/08/10 13:48:20.165, 1, 0, 22896, 24576, 24.27
2026/08/10 13:48:20.166, 2, 0, 23498, 24576, 23.84
2026/08/10 13:48:25.166, 0, 61, 3, 24576, 29.73
2026/08/10 13:48:25.211, 1, 100, 3, 24576, 48.96
2026/08/10 13:48:25.212, 2, 1, 3, 24576, 27.12
