reward_call_index,case_id,max_correct_reward,max_wrong_reward,mean_correct_reward,mean_wrong_reward
1,in_abs_train_3287,0.39999999999999997,0.05,0.39909999999999995,0.04925000000000001
1,in_abs_train_4573,0.6416893939393938,0.15191666666666667,0.47698787878787874,0.08775
1,in_abs_train_6396,0.49774999999999997,0.04775000000000001,0.42275,0.04775000000000001
1,sc_1961_insc_309,0.5125,0.155,0.47259523809523807,0.10970833333333332
1,sc_1990_insc_76,0.39999999999999997,0.05,0.39865,0.04850000000000001
1,sc_1997_insc_577,0.720826923076923,0.25684090909090906,0.6370461538461538,0.25381060606060607
1,sc_1997_insc_91,0.5691785714285714,0.12275,0.5001309523809524,0.08525
1,sc_2008_insc_111,0.52,0.25275,0.48147517482517477,0.1848560606060606
1,sc_2009_insc_440,0.5499999999999999,0.1895625,0.5147916666666666,0.16865625
1,sc_2020_insc_132,0.39775,0.12275,0.3971275,0.09275
1,sc_2021_insc_164,0.48571428571428565,0.22142857142857142,0.4781607142857143,0.11372321428571427
1,sc_2022_insc_904,0.49999999999999994,0.12275,0.4129999999999999,0.12275
2,in_abs_train_1208,0.49999999999999994,0.30275,0.46499999999999997,0.16798611111111109
2,in_abs_train_1818,0.5777499999999999,0.27499999999999997,0.5226025641025641,0.2021
2,sc_1968_insc_335,0.5394166666666665,0.18108333333333335,0.45608333333333323,0.11733333333333333
2,sc_1968_insc_338,0.600826923076923,0.1950227272727273,0.5865611888111887,0.12939160839160838
2,sc_1996_insc_1245,0.39775,0.14775,0.39775,0.06675
2,sc_1999_insc_25,0.5677499999999999,0.20846153846153848,0.5141602564102563,0.1823076923076923
2,sc_2001_insc_191,0.54775,0.27499999999999997,0.5051249999999999,0.15777083333333333
2,sc_2003_insc_425,0.47274999999999995,0.125,0.42274999999999996,0.0782
2,sc_2006_insc_448,0.45775,0.10775000000000001,0.4281249999999999,0.07775000000000001
2,sc_2012_insc_97,0.5068409090909091,0.25802840909090907,0.4647954545454545,0.15071732954545453
2,sc_2016_insc_1162,0.39999999999999997,0.05,0.39865,0.049249999999999995
2,sc_2021_insc_126,0.5777499999999999,0.20890384615384613,0.5617916666666666,0.13925201625859518
3,in_abs_train_103,0.6245454545454545,0.2808269230769231,0.5601412337662337,0.2121136988011988
3,in_abs_train_6142,0.5558269230769229,0.13775,0.5043741258741258,0.07831666666666667
3,in_abs_train_6494,0.49999999999999994,0.3083560606060606,0.47319999999999995,0.16036868686868685
3,sc_1970_insc_231,0.6222954545454544,0.14775,0.5067016108891108,0.11759644607843137
3,sc_1980_insc_110,0.49774999999999997,0.2808269230769231,0.4762689075630252,0.19587156593406593
3,sc_1990_insc_203,0.6334642857142856,0.2857142857142857,0.5173928571428571,0.21673214285714285
3,sc_2001_insc_193,0.6183382352941176,0.23525000000000001,0.5758357843137254,0.13091078431372546
3,sc_2003_insc_321,0.49774999999999997,0.14775,0.4760999999999999,0.08183333333333333
3,sc_2004_insc_608,0.6733910256410256,0.32150565610859727,0.5629171245421244,0.2465711478923553
3,sc_2007_insc_600,0.39999999999999997,0.05,0.3983125,0.044500000000000005
3,sc_2009_insc_23,0.39999999999999997,0.05,0.3985,0.047650000000000005
3,sc_2018_insc_459,0.5833333333333334,0.34775,0.5090999999999999,0.18386111111111111
4,in_abs_train_2407,0.39999999999999997,0.05,0.39887500000000004,0.05
4,sc_1983_insc_190,0.39999999999999997,0.05,0.3985,0.047200000000000006
4,sc_1988_insc_161,0.46155090497737555,0.13108333333333333,0.4303668929110106,0.08633333333333335
4,sc_1997_insc_826,0.41441666666666666,0.1403970588235294,0.4135833333333333,0.08138562091503268
4,sc_1998_insc_444,0.7,0.1590909090909091,0.5150171911421911,0.13181818181818183
4,sc_2011_insc_107,0.4712121212121212,0.19775,0.43553639334521693,0.15167156862745096
4,sc_2012_insc_436,0.44775,0.1,0.4459358974358974,0.06910000000000001
4,sc_2013_insc_510,0.7500124434389138,0.25,0.5652758653111594,0.20405555555555555
4,sc_2018_insc_1018,0.39775,0.05,0.39775,0.04865000000000001
4,sc_2021_insc_762,0.43524999999999997,0.21833823529411764,0.4165,0.10706372549019606
4,sc_2022_insc_1017,0.39999999999999997,0.05,0.3982,0.04850000000000001
4,sc_2023_insc_331,0.6022954545454544,0.10454545454545455,0.4672038961038961,0.08561363636363635
5,in_abs_train_7067,0.61,0.29108333333333336,0.5089131493506494,0.1625684523809524
5,sc_1962_insc_245,0.5644166666666666,0.19775,0.5185972222222222,0.16025
5,sc_1972_insc_19,0.5310833333333334,0.24999999999999994,0.4659166666666666,0.18319999999999997
5,sc_1984_insc_108,0.5916666666666666,0.23108333333333334,0.46780871212121206,0.1129832459207459
5,sc_1984_insc_221,0.59775,0.20229545454545453,0.5270353535353535,0.20002272727272727
5,sc_1987_insc_226,0.39775,0.08525,0.39774999999999994,0.08525
5,sc_1990_insc_47,0.5278409090909091,0.2791785714285714,0.5084545454545454,0.20246996753246754
5,sc_2005_insc_4,0.49999999999999994,0.12275,0.442625,0.0861875
5,sc_2008_insc_673,0.39999999999999997,0.05,0.3981,0.049249999999999995
5,sc_2021_insc_580,0.39775,0.05,0.39617499999999994,0.04850000000000001
5,sc_2023_insc_760,0.47274999999999995,0.14775,0.4165,0.073875
5,sc_2024_insc_84,0.47274999999999995,0.05,0.41364999999999996,0.043416666666666666
6,in_abs_train_1462,0.5595238095238096,0.10727380952380952,0.5176954887218045,0.10727380952380952
6,in_abs_train_2221,0.4749999999999999,0.26441666666666663,0.4326249999999999,0.15554166666666666
6,in_abs_train_337,0.7833333333333332,0.36666666666666664,0.673875,0.32387499999999997
6,in_abs_train_4514,0.5827499999999999,0.2386590909090909,0.5037931235431236,0.2037814685314685
6,in_abs_train_6435,0.5727499999999999,0.19775,0.5203166666666666,0.14572222222222223
6,sc_2003_insc_216,0.49774999999999997,0.15,0.4318333333333333,0.06865
6,sc_2009_insc_372,0.52,0.16999999999999998,0.513875,0.16943750000000002
6,sc_2013_insc_365,0.39999999999999997,0.05,0.3985,0.04820000000000001
6,sc_2019_insc_1039,0.49774999999999997,0.12275,0.4318333333333333,0.07365909090909091
6,sc_2019_insc_1300,0.5650576923076922,0.15775,0.483889423076923,0.08678846153846154
6,sc_2019_insc_647,0.39999999999999997,0.04775000000000001,0.39865,0.04775000000000001
6,sc_2022_insc_765,0.5377500000000001,0.16775,0.46081249999999996,0.12063933982683983
7,in_abs_train_3457,0.49999999999999994,0.125,0.43454999999999994,0.07350000000000001
7,in_abs_train_3657,0.5827499999999999,0.1950227272727273,0.5827499999999999,0.14102522477522478
7,sc_1970_insc_123,0.49844930069930066,0.16775,0.45515399184149186,0.099
7,sc_1971_insc_312,0.39775,0.05,0.39775,0.04850000000000001
7,sc_1976_insc_77,0.44390384615384615,0.05,0.431279532967033,0.04887500000000001
7,sc_1986_insc_201,0.5750432330827068,0.16073701298701298,0.5291816629485802,0.16073701298701298
7,sc_1996_insc_1109,0.39999999999999997,0.22499999999999998,0.39999999999999997,0.08767857142857143
7,sc_2006_insc_728,0.5653970588235293,0.22917857142857143,0.4826937327378503,0.09366964285714285
7,sc_2007_insc_862,0.39999999999999997,0.04775000000000001,0.3985,0.04775000000000001
7,sc_2021_insc_586,0.6144166666666666,0.04775000000000001,0.43759523809523804,0.04775000000000001
8,in_abs_train_3373,0.5375,0.09060714285714286,0.48600000000000004,0.08792857142857144
8,sc_1968_insc_174,0.6583333333333333,0.3232142857142857,0.55965,0.2625436507936508
8,sc_1980_insc_159,0.61,0.1950227272727273,0.5248636363636363,0.11650909090909092
8,sc_1993_insc_263,0.39999999999999997,0.19775,0.3983125,0.12275000000000001
8,sc_1996_insc_1260,0.39775,0.04775000000000001,0.39775,0.04775000000000001
8,sc_1996_insc_1444,0.52,0.10775000000000001,0.4582564935064935,0.10775000000000001
8,sc_1997_insc_292,0.4776223776223776,0.17991783216783216,0.46229851398601396,0.12648432817182817
8,sc_2001_insc_414,0.39999999999999997,0.04775000000000001,0.39924999999999994,0.04775000000000001
8,sc_2007_insc_922,0.44775,0.04775000000000001,0.4068333333333333,0.04775000000000001
8,sc_2007_insc_929,0.39999999999999997,0.14775,0.39865,0.10108333333333334
8,sc_2009_insc_142,0.54775,0.19775,0.47707142857142854,0.07775000000000001
8,sc_2016_insc_244,0.5060833333333332,0.26666666666666666,0.4388666666666666,0.13707828282828283
9,in_abs_train_3905,0.7052499999999999,0.34775,0.6059015151515152,0.244553125
9,in_abs_train_4044,0.5499999999999999,0.125,0.436375,0.08637500000000001
9,in_abs_train_6501,0.6477499999999999,0.24615384615384617,0.5624857142857143,0.12817032967032968
9,sc_1964_insc_5,0.620826923076923,0.32082692307692307,0.576333916083916,0.21400495337995337
9,sc_1988_insc_266,0.6177499999999999,0.31775,0.5589621212121211,0.22611608391608393
9,sc_1996_insc_604,0.48571428571428565,0.2334642857142857,0.47714285714285704,0.1104047619047619
9,sc_1997_insc_191,0.6227499999999999,0.2,0.5189583333333333,0.173875
9,sc_1999_insc_98,0.7265227272727272,0.05,0.5845692640692639,0.048875
9,sc_2006_insc_857,0.45229545454545456,0.10454545454545455,0.4250227272727273,0.08410606060606061
9,sc_2011_insc_131,0.47274999999999995,0.14775,0.4235,0.0991
9,sc_2015_insc_764,0.5636363636363636,0.15684090909090906,0.5264943181818181,0.12673601398601397
9,sc_2016_insc_305,0.39999999999999997,0.04775000000000001,0.398125,0.04775000000000001
10,in_abs_train_2824,0.52,0.16775,0.5134204545454546,0.095125
10,in_abs_train_6217,0.39775,0.04775000000000001,0.39775,0.04775000000000001
10,in_abs_train_6877,0.39999999999999997,0.05,0.3983125,0.04387500000000001
10,sc_1954_insc_39,0.6627499999999998,0.32774999999999993,0.5683717948717949,0.23108515734265733
10,sc_1992_insc_244,0.39999999999999997,0.05,0.398125,0.048875
10,sc_2000_insc_96,0.48941666666666667,0.13941666666666666,0.4390176282051282,0.0936650641025641
10,sc_2004_insc_131,0.61,0.22142857142857142,0.5120625,0.16217532467532467
10,sc_2008_insc_710,0.4749999999999999,0.15,0.4170625,0.11012500000000001
10,sc_2011_insc_616,0.6666666666666667,0.2,0.5146160714285715,0.11914583333333334
10,sc_2013_insc_788,0.5214285714285714,0.05,0.46873809523809523,0.05
10,sc_2017_insc_1073,0.54775,0.2,0.44849999999999995,0.16909999999999997
10,sc_2019_insc_805,0.6314285714285715,0.22104545454545454,0.5529965867465867,0.1743977272727273
11,in_abs_train_5070,0.5977499999999999,0.31858333333333333,0.5491785714285713,0.26651767676767674
11,sc_1959_1_1384_1403_en,0.5177499999999999,0.05,0.4529134615384615,0.04831250000000001
11,sc_1987_insc_70,0.39775,0.11666666666666667,0.39775,0.06198333333333335
11,sc_1990_insc_360,0.39775,0.09060714285714286,0.39775,0.05312244897959184
11,sc_1993_insc_45,0.5635394736842104,0.21353947368421053,0.5158404024767801,0.18477631578947365
11,sc_2007_insc_1117,0.5499999999999999,0.19775,0.4356875,0.09596428571428572
11,sc_2011_insc_407,0.6439393939393939,0.24666666666666665,0.543821158008658,0.1751306818181818
11,sc_2012_insc_136,0.39999999999999997,0.05,0.3985,0.048875
11,sc_2012_insc_31,0.6444166666666665,0.08525,0.4823333333333333,0.07965719696969698
11,sc_2013_insc_173,0.49999999999999994,0.12275,0.4332,0.07350000000000001
11,sc_2015_insc_531,0.47274999999999995,0.14775,0.42274999999999996,0.08514999999999999
11,sc_2021_insc_554,0.6295454545454545,0.2808269230769231,0.5803522727272726,0.15590559440559443
12,sc_1965_insc_113,0.5933333333333334,0.12275,0.5351306818181818,0.10039583333333335
12,sc_1971_insc_287,0.47917857142857145,0.285,0.42956018981018984,0.17758333333333332
12,sc_1971_insc_320,0.575,0.26441666666666663,0.467625,0.20191666666666666
12,sc_1978_insc_159,0.5522954545454545,0.2334642857142857,0.47462368881118877,0.12512839660339659
12,sc_1990_insc_223,0.6000000000000001,0.29,0.5683578947368421,0.17516666666666666
12,sc_1992_insc_325,0.5019166666666666,0.19775000000000004,0.4808412698412698,0.08865
12,sc_1997_insc_61,0.6590909090909092,0.30684090909090905,0.5433059440559441,0.21917447552447547
12,sc_2003_insc_94,0.49999999999999994,0.2,0.4318333333333333,0.07820000000000002
12,sc_2010_insc_517,0.39775,0.14775,0.3965,0.0883125
12,sc_2014_insc_11,0.4808269230769231,0.125,0.4258173076923077,0.0875
12,sc_2022_insc_181,0.5727499999999999,0.27275,0.561375,0.19016666666666668
12,sc_2023_insc_879,0.49774999999999997,0.14775,0.49582692307692305,0.13071703296703296
13,in_abs_train_3124,0.54775,0.19775,0.43637499999999996,0.0858125
13,in_abs_train_5301,0.4666666666666666,0.18941666666666668,0.4338015151515151,0.13133585858585858
13,sc_1966_insc_85,0.6610833333333331,0.16025,0.5212214285714285,0.13425793650793652
13,sc_1967_insc_136,0.47372402597402596,0.07142857142857142,0.4534043456543456,0.06333516483516484
13,sc_1970_insc_242,0.47764705882352937,0.1276470588235294,0.4584313725490196,0.09192941176470588
13,sc_1979_insc_20,0.4666666666666666,0.11441666666666667,0.4325833333333333,0.061083333333333344
13,sc_1988_insc_207,0.5707142857142857,0.21879120879120884,0.5016466658341658,0.14857280219780222
13,sc_1993_insc_371,0.6075402097902097,0.10229545454545455,0.5290265984015984,0.07614772727272728
13,sc_2002_insc_43,0.47274999999999995,0.10775000000000001,0.43206249999999996,0.06275
13,sc_2011_insc_426,0.5499999999999999,0.11441666666666667,0.44849999999999995,0.061083333333333344
13,sc_2013_insc_310,0.5499999999999999,0.19775,0.5136428571428571,0.19775
14,sc_1970_insc_85,0.39775,0.05,0.39775,0.04820000000000001
14,sc_1974_insc_143,0.49774999999999997,0.05,0.44206249999999997,0.048875
14,sc_1976_insc_225,0.39775,0.04775000000000001,0.39775,0.04775000000000001
14,sc_1986_insc_67,0.6022954545454544,0.16775,0.48944886363636353,0.13275
14,sc_1990_insc_225,0.46441666666666664,0.11441666666666667,0.42441666666666666,0.06822222222222223
14,sc_1992_insc_162,0.54775,0.05,0.44775000000000004,0.0491
14,sc_1994_insc_422,0.39999999999999997,0.05,0.3985,0.04910000000000001
14,sc_1997_insc_560,0.39775,0.05,0.39775,0.04831250000000001
14,sc_2013_insc_21,0.6022954545454544,0.25,0.5772954545454545,0.16586634199134198
14,sc_2016_insc_347,0.54775,0.34775,0.48161309523809526,0.24060714285714285
14,sc_2018_insc_513,0.49774999999999997,0.05,0.4310833333333333,0.04910000000000001
15,in_abs_train_3048,0.39775,0.2,0.39775,0.11909999999999998
15,in_abs_train_424,0.5933333333333334,0.25608333333333333,0.5399791666666667,0.1828958333333333
15,sc_1966_insc_53,0.4461538461538461,0.09615384615384615,0.4219519230769231,0.07195192307692308
15,sc_1978_insc_25,0.5429880952380952,0.2763214285714285,0.5429880952380952,0.17247639825160835
15,sc_1997_insc_271,0.47274999999999995,0.2785714285714285,0.4235,0.13443571428571427
15,sc_1997_insc_770,0.5156071428571428,0.14775,0.4842579365079364,0.08320000000000001
15,sc_1998_insc_207,0.4666666666666666,0.16057051282051282,0.4414722222222222,0.1090974358974359
15,sc_1998_insc_91,0.7749999999999998,0.31666666666666665,0.6181874999999999,0.2452767857142857
15,sc_2000_insc_449,0.4310833333333333,0.21666666666666667,0.41730341880341876,0.13798333333333335
15,sc_2004_insc_499,0.6744879679144383,0.2708269230769231,0.628980508462126,0.2156201923076923
15,sc_2010_insc_633,0.39999999999999997,0.04775000000000001,0.3985,0.03900000000000001
15,sc_2014_insc_80,0.6022954545454544,0.19775,0.5650113636363636,0.1633125
16,in_abs_train_1369,0.54775,0.13346428571428573,0.43525,0.06974107142857143
16,in_abs_train_1749,0.43775,0.16890384615384613,0.418875,0.10389423076923077
16,in_abs_train_3265,0.49774999999999997,0.14775,0.4470625,0.0720625
16,sc_1967_insc_210,0.7750227272727271,0.30999999999999994,0.6522377344877345,0.20349393939393937
16,sc_1971_insc_337,0.5499999999999999,0.30684090909090905,0.43637499999999996,0.1655852272727273
16,sc_2001_insc_550,0.54775,0.04775000000000001,0.4527953296703297,0.04775000000000001
16,sc_2001_insc_561,0.5856287878787878,0.2272371794871795,0.5179831002331001,0.18422820512820512
16,sc_2008_insc_883,0.4749999999999999,0.18108333333333335,0.45720833333333327,0.15191666666666667
16,sc_2010_insc_620,0.39999999999999997,0.05,0.39999999999999997,0.048285714285714286
16,sc_2012_insc_390,0.4666666666666666,0.11666666666666667,0.4666666666666666,0.11368055555555556
16,sc_2023_insc_1023,0.5499999999999999,0.2,0.5186499999999998,0.09925
16,sc_2024_insc_165,0.47274999999999995,0.2,0.4165,0.1306875
17,sc_1968_insc_137,0.5856287878787878,0.3144166666666666,0.4916893939393939,0.1880833333333333
17,sc_1985_insc_250,0.49774999999999997,0.10775000000000001,0.4411090909090909,0.0685
17,sc_1989_insc_170,0.45229545454545456,0.05,0.4095590909090909,0.04925000000000001
17,sc_1996_insc_215,0.39999999999999997,0.05,0.39924999999999994,0.04820000000000001
17,sc_2007_insc_1053,0.39999999999999997,0.04775000000000001,0.398125,0.04775000000000001
17,sc_2007_insc_168,0.5249999999999999,0.22275,0.45833333333333326,0.18613296703296706
17,sc_2007_insc_230,0.6144166666666666,0.27275,0.4941458333333333,0.12275000000000001
17,sc_2009_insc_427,0.55275,0.13346428571428573,0.49296174450549446,0.11036607142857142
17,sc_2015_insc_738,0.49774999999999997,0.05,0.4233125,0.04831250000000001
17,sc_2019_insc_297,0.5125,0.16774999999999998,0.467969387755102,0.16774999999999998
17,sc_2021_insc_585,0.39999999999999997,0.18275,0.39999999999999997,0.08720000000000001
17,sc_2023_insc_697,0.39775,0.05,0.39775,0.04700000000000001
18,sc_1966_insc_109,0.39775,0.10229545454545454,0.39775,0.06668181818181818
18,sc_1967_insc_299,0.5068409090909091,0.2318409090909091,0.4511590909090909,0.12160795454545456
18,sc_1968_insc_220,0.49060714285714285,0.11917857142857144,0.43224107142857143,0.08588169642857144
18,sc_1980_insc_52,0.6022142857142857,0.15346428571428572,0.4712454761904762,0.12257142857142857
18,sc_1982_insc_104,0.39999999999999997,0.10775000000000001,0.3983125,0.06331250000000001
18,sc_2005_insc_108,0.625,0.19575416666666667,0.5240999999999999,0.13041805555555555
18,sc_2007_insc_840,0.6000000000000001,0.14775,0.46046818181818183,0.09775
18,sc_2009_insc_1031,0.49774999999999997,0.05,0.41864999999999997,0.04850000000000001
18,sc_2009_insc_1089,0.39775,0.05,0.39775,0.05
18,sc_2013_insc_89,0.6334642857142856,0.13346428571428573,0.5229357142857143,0.07707142857142858
18,sc_2020_insc_249,0.39999999999999997,0.19775,0.39831249999999996,0.08525
19,in_abs_train_2039,0.55775,0.10775000000000001,0.4866499999999999,0.06775000000000002
19,in_abs_train_4981,0.5644166666666666,0.33108333333333334,0.5227499999999999,0.2253166666666667
19,in_abs_train_623,0.39999999999999997,0.14775,0.39999999999999997,0.07766666666666668
19,in_abs_train_6643,0.45775,0.20775,0.44002272727272723,0.1183125
19,sc_1970_insc_62,0.5296181318681318,0.12275,0.48854010989010976,0.07989285714285714
19,sc_1972_insc_269,0.5499999999999999,0.10775000000000001,0.42387499999999995,0.07775000000000001
19,sc_1973_insc_61,0.6477499999999999,0.33108333333333334,0.5064333333333333,0.1993080808080808
19,sc_2001_insc_119,0.39775,0.14775,0.39775,0.08320000000000001
19,sc_2003_insc_633,0.5022954545454545,0.14666666666666667,0.45010445804195803,0.1382310606060606
19,sc_2007_insc_511,0.39999999999999997,0.11,0.3983125,0.06443750000000001
19,sc_2015_insc_136,0.49774999999999997,0.11441666666666667,0.45872916666666663,0.08164583333333333
19,sc_2016_insc_124,0.39999999999999997,0.10229545454545454,0.39909999999999995,0.06668181818181818
20,sc_1989_insc_322,0.43775,0.13,0.41774999999999995,0.08473284313725489
20,sc_1990_insc_281,0.49774999999999997,0.20229545454545453,0.44206249999999997,0.16406493506493505
20,sc_1995_insc_65,0.39775,0.09301666666666666,0.39775,0.05906666666666667
20,sc_1998_insc_415,0.6799999999999999,0.37775,0.5133333333333333,0.26006818181818175
20,sc_1998_insc_429,0.65,0.2334642857142857,0.5318333333333333,0.15239285714285714
20,sc_2002_insc_504,0.45229545454545456,0.16785714285714284,0.4086590909090909,0.08778571428571429
20,sc_2007_insc_1213,0.4834642857142857,0.22775,0.4384910714285714,0.18360714285714286
20,sc_2008_insc_540,0.39775,0.05,0.39775,0.04839285714285715
20,sc_2010_insc_33,0.39999999999999997,0.14775,0.398875,0.11138636363636363
20,sc_2017_insc_606,0.49774999999999997,0.20454545454545453,0.45001515151515153,0.11337727272727272
20,sc_2017_insc_683,0.44775,0.1,0.423875,0.05683333333333335
20,sc_2023_insc_369,0.45229545454545456,0.05,0.4250227272727273,0.048875
21,in_abs_train_224,0.7428571428571429,0.37989285714285714,0.6930809523809522,0.3449285714285714
21,sc_1966_insc_217,0.625,0.27499999999999997,0.5984999999999999,0.16955909090909088
21,sc_1976_insc_15,0.39999999999999997,0.05,0.39758333333333334,0.04820000000000001
21,sc_1993_insc_26,0.39999999999999997,0.05,0.3983125,0.04831250000000001
21,sc_1994_insc_26,0.54775,0.19275,0.5227499999999999,0.10399404761904761
21,sc_2000_insc_101,0.45229545454545456,0.20229545454545453,0.45229545454545456,0.11060804195804197
21,sc_2008_insc_444,0.54775,0.125,0.49707142857142844,0.08943333333333334
21,sc_2008_insc_49,0.46441666666666664,0.19775,0.4310833333333333,0.16025
21,sc_2009_insc_33,0.49774999999999997,0.04775000000000001,0.42696428571428563,0.04775000000000001
21,sc_2010_insc_6,0.49774999999999997,0.14775,0.42767142857142854,0.08108333333333334
21,sc_2018_insc_218,0.39775,0.19775,0.39775,0.10155952380952381
21,sc_2020_insc_581,0.45229545454545456,0.04775000000000001,0.4155492424242424,0.04775000000000001
22,in_abs_train_113,0.54775,0.2,0.42865000000000003,0.14758333333333334
22,sc_1972_insc_29,0.39999999999999997,0.2,0.398125,0.173875
22,sc_1974_insc_251,0.4808269230769231,0.06775,0.44727257826207406,0.06775
22,sc_1977_insc_35,0.6166666666666668,0.14883695652173914,0.5451427527151211,0.119722049689441
22,sc_1983_insc_57,0.47274999999999995,0.11,0.41274999999999995,0.0685
22,sc_1990_insc_261,0.54775,0.13346428571428573,0.5141261904761905,0.12632142857142858
22,sc_2001_insc_37,0.5545454545454546,0.10775000000000001,0.4887234848484849,0.07775000000000001
22,sc_2006_insc_486,0.6568409090909091,0.2545454545454545,0.5530454545454545,0.14492727272727274
22,sc_2009_insc_531,0.55775,0.26441666666666663,0.5538749999999999,0.16294444444444442
22,sc_2015_insc_193,0.5644166666666666,0.11441666666666667,0.4985,0.08775000000000001
22,sc_2018_insc_239,0.5644166666666666,0.14775,0.49153333333333327,0.11441666666666667
22,sc_2022_insc_586,0.4834642857142857,0.11182894736842104,0.44060714285714286,0.08251315789473684
23,in_abs_train_673,0.6128205128205128,0.2589038461538461,0.5231255489608431,0.19433974160514408
23,sc_1969_insc_107,0.39775,0.05,0.39775,0.04820000000000001
23,sc_1973_insc_253,0.7177499999999999,0.26454545454545453,0.6280375874125873,0.24034965034965033
23,sc_1978_insc_196,0.39999999999999997,0.12275,0.3982,0.07350000000000001
23,sc_2001_insc_259,0.5327499999999998,0.17729545454545453,0.4645568181818182,0.15002272727272725
23,sc_2004_insc_4,0.6077499999999999,0.10441666666666667,0.5283382997936016,0.104
23,sc_2004_insc_507,0.44775,0.09390384615384616,0.4082,0.06388461538461539
23,sc_2005_insc_112,0.49774999999999997,0.12275,0.42766666666666664,0.12275
23,sc_2007_insc_1085,0.39999999999999997,0.05,0.39924999999999994,0.047650000000000005
23,sc_2010_insc_231,0.49999999999999994,0.15,0.44999999999999996,0.07443749999999999
23,sc_2012_insc_457,0.6577047511312216,0.3255909090909091,0.5459470382558617,0.18183516746411482
23,sc_2022_insc_1260,0.39775,0.24775,0.39775,0.118074784144427
24,in_abs_train_428,0.54775,0.2,0.47387499999999994,0.123125
24,in_abs_train_6567,0.49774999999999997,0.2357142857142857,0.4750151515151515,0.10124285714285715
24,sc_1959_insc_64,0.49774999999999997,0.14775,0.42275,0.0733125
24,sc_1996_insc_164,0.54775,0.2,0.47387499999999994,0.11516666666666668
24,sc_1999_insc_169,0.39999999999999997,0.05,0.3985,0.04910000000000001
24,sc_2000_insc_424,0.4730441176470588,0.10825420168067228,0.4608200280112045,0.08158473389355743
24,sc_2009_insc_1240,0.4461538461538461,0.16775,0.4461538461538461,0.1377867965367965
24,sc_2011_insc_682,0.5499999999999999,0.1847954545454545,0.5113749999999999,0.10497007575757573
24,sc_2012_insc_283,0.49774999999999997,0.04775000000000001,0.42387499999999995,0.043375000000000004
24,sc_2014_insc_60,0.39775,0.04775000000000001,0.39775,0.04775000000000001
24,sc_2015_insc_21,0.5068409090909091,0.1568409090909091,0.4712272727272728,0.10183636363636364
24,sc_2021_insc_675,0.431578947368421,0.05,0.4090263157894736,0.048650000000000006
25,in_abs_train_420,0.7499999999999999,0.27275,0.64865,0.24775
25,in_abs_train_5435,0.56,0.2714285714285714,0.5009285714285714,0.21316071428571431
25,sc_1967_insc_66,0.6166666666666667,0.26441666666666663,0.5388666666666666,0.21219444444444444
25,sc_1976_insc_80,0.49005769230769225,0.04775000000000001,0.443179945054945,0.04775000000000001
25,sc_1994_insc_140,0.39775,0.14775,0.39775,0.06479166666666668
25,sc_1994_insc_497,0.39999999999999997,0.04775000000000001,0.39924999999999994,0.04775000000000001
25,sc_1995_insc_897,0.5666666666666667,0.21441666666666667,0.48486666666666667,0.12552777777777777
25,sc_2000_insc_507,0.54775,0.04775000000000001,0.429345238095238,0.04775000000000001
25,sc_2006_insc_233,0.5310833333333334,0.27275,0.45497222222222217,0.19358333333333333
25,sc_2012_insc_141,0.48974358974358967,0.07275000000000001,0.4325608974358974,0.0545625
25,sc_2019_insc_871,0.5295454545454544,0.15,0.45430086580086576,0.10924895104895105
25,sc_2024_insc_186,0.6011363636363636,0.18051948051948052,0.5185433830875007,0.15241396103896104
26,in_abs_train_6445,0.39999999999999997,0.05,0.397625,0.04943750000000001
26,in_abs_train_687,0.4749999999999999,0.12275,0.4358125,0.0670625
26,sc_1959_1_1287_1309_en,0.55275,0.17265384615384616,0.49751018099547506,0.15176696832579184
26,sc_1968_insc_191,0.49999999999999994,0.15,0.44864999999999994,0.10758333333333332
26,sc_1992_insc_151,0.66775,0.26,0.5624935897435897,0.155
26,sc_2002_insc_295,0.6120357142857142,0.36428571428571427,0.5016285714285714,0.19369444444444447
26,sc_2005_insc_44,0.4461538461538461,0.2545454545454545,0.41388461538461535,0.15757062937062935
26,sc_2008_insc_725,0.570826923076923,0.28275,0.5001000499500499,0.23221794871794874
26,sc_2009_insc_862,0.66775,0.11666666666666667,0.49099999999999994,0.08333333333333334
26,sc_2013_insc_361,0.4461538461538461,0.05,0.4098509615384615,0.048875
26,sc_2018_insc_1100,0.49999999999999994,0.1272125,0.42387499999999995,0.08540729166666668
26,sc_2020_insc_208,0.5644166666666666,0.2833333333333333,0.5088611111111111,0.17988333333333334
27,in_abs_train_1667,0.5928571428571429,0.12275,0.47124007936507933,0.08525
27,sc_1953_insc_57,0.39999999999999997,0.125,0.3985,0.0761
27,sc_1964_insc_110,0.5552499999999999,0.15275,0.5188484848484848,0.15195833333333333
27,sc_1970_insc_180,0.5727499999999999,0.15,0.4863749999999999,0.06554166666666666
27,sc_1974_insc_126,0.5327499999999998,0.125,0.5038749999999999,0.073
27,sc_1981_insc_96,0.39999999999999997,0.13346428571428573,0.3983125,0.08849107142857143
27,sc_2005_insc_605,0.54775,0.15,0.4608125,0.08994642857142857
27,sc_2006_insc_747,0.6451525974025972,0.2922954545454545,0.546387203972498,0.2352121212121212
27,sc_2008_insc_1464,0.49999999999999994,0.05,0.43865,0.049249999999999995
27,sc_2010_insc_333,0.39999999999999997,0.05,0.3985,0.048875
27,sc_2012_insc_124,0.5877499999999999,0.24390384615384614,0.47511153846153836,0.15971794871794873
27,sc_2019_insc_615,0.5177499999999999,0.14775000000000002,0.45775,0.06516666666666666
28,in_abs_train_168,0.48274999999999996,0.15275,0.4796421911421911,0.10055326340326338
28,in_abs_train_2651,0.49774999999999997,0.12275,0.43498397435897435,0.08525
28,in_abs_train_6924,0.5227499999999999,0.09775,0.48184090909090904,0.06465000000000001
28,sc_1960_insc_126,0.5560833333333333,0.21333333333333332,0.505229797979798,0.178875
28,sc_1965_insc_260,0.4749999999999999,0.16775,0.44849999999999995,0.08934285714285714
28,sc_1968_insc_241,0.43775,0.05,0.40831249999999997,0.04831250000000001
28,sc_1978_insc_57,0.5000227272727271,0.2545454545454545,0.48759309440559434,0.1781988636363636
28,sc_1996_insc_1296,0.49774999999999997,0.15,0.4182,0.08258333333333334
28,sc_2007_insc_685,0.5666666666666667,0.19166666666666665,0.5153166666666666,0.14091666666666666
28,sc_2016_insc_1201,0.5102941176470588,0.14775,0.4505211102622867,0.11533473389355742
28,sc_2022_insc_597,0.54775,0.2,0.45198076923076924,0.11091666666666666
28,sc_2023_insc_249,0.39775,0.05,0.39774999999999994,0.05
29,in_abs_train_973,0.5177499999999999,0.1464285714285714,0.4559242424242424,0.09291473526473526
29,sc_1957_insc_79,0.5544166666666666,0.11666666666666667,0.46747916666666667,0.06497916666666667
29,sc_1986_insc_82,0.5522954545454545,0.25229545454545454,0.499248951048951,0.15911363636363637
29,sc_1998_insc_254,0.6322954545454544,0.13181818181818183,0.4910181818181818,0.1272727272727273
29,sc_1999_insc_65,0.49774999999999997,0.15,0.4342361111111111,0.1
29,sc_2004_insc_311,0.6130441176470587,0.2991596638655462,0.5803315826330532,0.1814355742296919
29,sc_2006_insc_897,0.49999999999999994,0.08108333333333334,0.43997916666666664,0.05720833333333334
29,sc_2011_insc_607,0.4310833333333333,0.08,0.4066458333333333,0.05581250000000001
29,sc_2017_insc_1263,0.5310833333333334,0.27274999999999994,0.48164583333333333,0.18373484848484847
29,sc_2018_insc_589,0.49999999999999994,0.23562878787878788,0.4651666666666667,0.1417348484848485
29,sc_2020_insc_146,0.39775,0.10775000000000001,0.39775,0.07120000000000001
29,sc_2022_insc_610,0.49999999999999994,0.05,0.4318333333333333,0.04820000000000001
30,in_abs_train_5478,0.49774999999999997,0.18333333333333335,0.41775,0.12301587301587302
30,sc_1953_insc_25,0.39775,0.13346428571428573,0.39775,0.07707142857142858
30,sc_1957_insc_1,0.5628571428571428,0.28275,0.5267321428571428,0.1758392857142857
30,sc_1961_insc_182,0.4461538461538461,0.09390384615384614,0.42523296703296704,0.06313461538461539
30,sc_1962_insc_210,0.6060833333333332,0.2334642857142857,0.5325119047619047,0.17614285714285713
30,sc_1992_insc_329,0.5156071428571428,0.13346428571428573,0.4438182773109243,0.1131607142857143
30,sc_1993_insc_340,0.61,0.19775,0.5351666666666667,0.0782
30,sc_2009_insc_1170,0.39775,0.13571428571428573,0.39775,0.06534285714285716
30,sc_2011_insc_413,0.39999999999999997,0.05,0.39865,0.049249999999999995
30,sc_2012_insc_147,0.5256071428571428,0.18846153846153846,0.49567307692307694,0.12734615384615386
30,sc_2021_insc_744,0.48571428571428565,0.16679761904761906,0.4625561224489796,0.16679761904761906
30,sc_2022_insc_1264,0.6077047511312216,0.15672435897435896,0.4989522487316605,0.15672435897435896
31,in_abs_train_4260,0.44999999999999996,0.28346428571428567,0.44262499999999994,0.15482738095238094
31,in_abs_train_5326,0.4461538461538461,0.09615384615384615,0.4175615384615384,0.06296794871794871
31,in_abs_train_753,0.5856287878787878,0.2808269230769231,0.5005075757575757,0.17024825174825176
31,sc_1971_insc_218,0.39775,0.05,0.39775,0.049249999999999995
31,sc_1983_insc_125,0.5916893939393938,0.09060714285714286,0.5307297979797979,0.08360476190476192
31,sc_1988_insc_210,0.46441666666666664,0.05,0.41422916666666665,0.048875
31,sc_2007_insc_72,0.39999999999999997,0.13502272727272727,0.398875,0.09006818181818183
31,sc_2010_insc_428,0.5214285714285714,0.06441666666666668,0.42293571428571425,0.05405555555555556
31,sc_2014_insc_986,0.481578947368421,0.1403970588235294,0.43795614035087715,0.10853814683768244
31,sc_2020_insc_21,0.46441666666666664,0.05,0.4266603535353535,0.05
31,sc_2021_insc_74,0.39999999999999997,0.10775000000000001,0.3983125,0.06331250000000001
32,in_abs_train_1508,0.39999999999999997,0.05,0.39814,0.04925000000000001
32,in_abs_train_2319,0.45454545454545453,0.10454545454545455,0.4255852272727273,0.07613636363636363
32,in_abs_train_3241,0.7191785714285713,0.2857142857142857,0.5902767857142857,0.23134821428571428
32,in_abs_train_3411,0.39775,0.04775000000000001,0.39775,0.04775000000000001
32,sc_1964_insc_70,0.48502272727272727,0.2208269230769231,0.45388636363636364,0.12925470362970362
32,sc_1976_insc_32,0.54775,0.34775,0.5189038461538461,0.20416025641025645
32,sc_1978_insc_13,0.5607142857142857,0.29642857142857143,0.47658630952380954,0.22384821428571428
32,sc_1992_insc_318,0.6045454545454545,0.1568409090909091,0.5048342657342657,0.13562878787878788
32,sc_1995_insc_581,0.5375,0.13060714285714287,0.478530472816657,0.06958928571428571
32,sc_1995_insc_737,0.5000227272727271,0.07775000000000001,0.4722196969696969,0.069
32,sc_2007_insc_1220,0.49774999999999997,0.19775,0.41864999999999997,0.12350000000000001
32,sc_2010_insc_250,0.47274999999999995,0.04775000000000001,0.4121275,0.04775000000000001
33,in_abs_train_3390,0.6077499999999999,0.11890384615384614,0.5015681818181819,0.10781643356643356
33,in_abs_train_5606,0.39999999999999997,0.04775000000000001,0.3983125,0.04775000000000001
33,sc_1963_insc_153,0.45775,0.16775,0.45775000000000005,0.12010909090909092
33,sc_1981_insc_196,0.6091136363636364,0.22454545454545455,0.5289605113636363,0.18035795454545456
33,sc_1987_insc_118,0.6175824175824176,0.3253518099547511,0.5911653334410687,0.2291747439866635
33,sc_1993_insc_392,0.6077499999999999,0.309090909090909,0.6050227272727271,0.24153030303030298
33,sc_1995_insc_487,0.5739404761904762,0.24060714285714285,0.5340324675324675,0.18536607142857142
33,sc_1997_insc_325,0.6000000000000001,0.29774999999999996,0.5278807692307692,0.2310833333333333
33,sc_2002_insc_44,0.5677499999999999,0.2708269230769231,0.4465,0.12178846153846154
33,sc_2020_insc_342,0.39999999999999997,0.04775000000000001,0.3987142857142857,0.04775000000000001
33,sc_2022_insc_572,0.46441666666666664,0.11441666666666667,0.4149791666666666,0.06554166666666666
33,sc_s_1997_2_260_266_en,0.616797619047619,0.1732142857142857,0.5409595238095237,0.11635714285714287
34,in_abs_train_3529,0.5077499999999999,0.125,0.45675,0.09425
34,in_abs_train_670,0.5272727272727272,0.17991783216783216,0.4897060606060606,0.15101340326340326
34,sc_1968_insc_113,0.39999999999999997,0.11775,0.3985,0.07354750000000002
34,sc_1984_insc_193,0.45454545454545453,0.10229545454545455,0.4204681818181818,0.06668181818181819
34,sc_1993_insc_42,0.49774999999999997,0.1568409090909091,0.42387499999999995,0.08922159090909092
34,sc_1995_insc_419,0.49774999999999997,0.26917857142857143,0.4310833333333333,0.1393904761904762
34,sc_1995_insc_619,0.49774999999999997,0.28346428571428567,0.4670357142857142,0.17707142857142855
34,sc_1996_insc_234,0.66775,0.20454545454545453,0.6028374125874125,0.15382386363636363
34,sc_1998_insc_355,0.39999999999999997,0.05,0.3983125,0.048875
34,sc_2011_insc_840,0.47274999999999995,0.05,0.45191666666666663,0.049437499999999995
34,sc_2019_insc_1285,0.47104545454545454,0.12597402597402596,0.4258948051948052,0.11699134199134198
34,sc_2021_insc_129,0.6072738095238095,0.2565,0.5414603174603174,0.23697286414565827
35,in_abs_train_1607,0.4214285714285714,0.17082692307692307,0.4133571428571428,0.08387637362637362
35,in_abs_train_3481,0.625,0.27275,0.625,0.1142091836734694
35,in_abs_train_4002,0.6177499999999999,0.18333333333333335,0.5572083333333333,0.11258333333333333
35,in_abs_train_5549,0.58,0.21775,0.5554196428571428,0.18533928571428573
35,sc_1961_insc_58,0.45999999999999996,0.11441666666666667,0.421109090909091,0.0896540404040404
35,sc_1989_insc_164,0.533076923076923,0.2,0.48226538461538465,0.09850000000000002
35,sc_2004_insc_416,0.5857142857142857,0.05,0.44530357142857147,0.04831250000000001
35,sc_2006_insc_830,0.49005769230769225,0.09775,0.4205024725274726,0.07275000000000001
35,sc_2008_insc_1481,0.39999999999999997,0.2,0.39757,0.12425000000000001
35,sc_2016_insc_197,0.44775,0.09060714285714286,0.41025,0.05846428571428572
35,sc_2019_insc_274,0.49774999999999997,0.05,0.4182,0.04850000000000001
35,sc_2019_insc_99,0.5329148351648351,0.2830441176470588,0.47073858004740354,0.17311671826625386
36,in_abs_train_3197,0.6727499999999998,0.285,0.6490611888111887,0.21841054778554778
36,in_abs_train_3503,0.5310833333333334,0.27,0.44441666666666657,0.1416666666666667
36,sc_1967_insc_229,0.61,0.20229545454545453,0.5820663265306123,0.20229545454545453
36,sc_1974_insc_171,0.39999999999999997,0.07275000000000001,0.3983125,0.05456250000000001
36,sc_1994_insc_117,0.4263214285714286,0.08,0.40489285714285717,0.063875
36,sc_2005_insc_293,0.6022954545454544,0.25,0.6022954545454544,0.14297002997002997
36,sc_2007_insc_1209,0.39999999999999997,0.15,0.3985,0.06820000000000001
36,sc_2007_insc_237,0.520826923076923,0.08775,0.4533868131868132,0.07850757575757576
36,sc_2013_insc_832,0.5727499999999999,0.27275,0.5185833333333333,0.120625
36,sc_2018_insc_714,0.44390384615384615,0.09615384615384615,0.4254423076923077,0.09355494505494505
36,sc_2020_insc_375,0.5499999999999999,0.25,0.5249999999999999,0.1905416666666667
36,sc_2024_insc_452,0.6177499999999999,0.16775,0.4963863636363636,0.1233125
37,in_abs_train_3012,0.5214285714285714,0.13775,0.4505510989010989,0.09775
37,in_abs_train_3451,0.39775,0.05,0.3970625,0.04831250000000001
37,in_abs_train_4517,0.6477499999999999,0.32775,0.6477499999999999,0.2080374149659864
37,in_abs_train_5215,0.5499999999999999,0.19775,0.4988749999999999,0.19775
37,sc_1999_insc_9,0.44775,0.05,0.42285897435897435,0.048875
37,sc_2003_insc_54,0.5644166666666666,0.18108333333333335,0.47830555555555554,0.08731666666666668
37,sc_2005_insc_104,0.6321678321678321,0.3318409090909091,0.5609271561771562,0.23594025974025973
37,sc_2005_insc_270,0.39775,0.25229545454545454,0.39775,0.09093181818181818
37,sc_2006_insc_251,0.54775,0.15,0.47331249999999997,0.10114772727272728
37,sc_2009_insc_552,0.49005769230769225,0.1334642857142857,0.44390384615384615,0.07724587912087912
37,sc_2011_insc_127,0.5394166666666665,0.18333333333333335,0.45247916666666665,0.09831250000000001
37,sc_2020_insc_29,0.4406071428571428,0.04775000000000001,0.41305426716141,0.04775000000000001
38,in_abs_train_4471,0.5177499999999999,0.19275,0.4942651515151515,0.09465454545454546
38,sc_1968_insc_195,0.6077499999999999,0.19775,0.5047641025641025,0.09775
38,sc_1986_insc_227,0.5310833333333334,0.18108333333333335,0.4782,0.1373888888888889
38,sc_1989_insc_219,0.54775,0.10229545454545455,0.5316785714285714,0.09054924242424243
38,sc_1996_insc_952,0.5034642857142857,0.15111134453781513,0.46972458791208793,0.09399212184873951
38,sc_1997_insc_746,0.5664999999999999,0.24,0.5487712418300653,0.19223823529411765
38,sc_2010_insc_625,0.4749999999999999,0.13346428571428573,0.4749999999999999,0.09126870748299319
38,sc_2013_insc_223,0.4749999999999999,0.2,0.4520090909090909,0.17147222222222225
38,sc_2014_insc_579,0.54775,0.04775000000000001,0.461375,0.04775000000000001
38,sc_2018_insc_864,0.39999999999999997,0.12275,0.398875,0.059731250000000014
38,sc_2019_insc_383,0.39775,0.14775,0.39775,0.07729166666666668
38,sc_2022_insc_1128,0.5230769230769231,0.22774999999999998,0.4826923076923077,0.0851
39,in_abs_train_1828,0.49774999999999997,0.14775,0.4233125,0.073875
39,in_abs_train_1833,0.6333333333333333,0.22619047619047616,0.5576874999999999,0.19229761904761905
39,in_abs_train_6020,0.48071428571428565,0.25775,0.48071428571428565,0.17124999999999999
39,in_abs_train_6692,0.45999999999999996,0.12275,0.41850000000000004,0.11500909090909091
39,sc_1961_insc_320,0.5522954545454545,0.20229545454545453,0.4441090909090909,0.16744696969696968
39,sc_1964_insc_221,0.6472727272727273,0.20999999999999996,0.562280303030303,0.1284078787878788
39,sc_1968_insc_266,0.44775,0.15390384615384617,0.42155952380952383,0.08098076923076925
39,sc_1994_insc_221,0.4834642857142857,0.13346428571428573,0.4295761904761905,0.07632142857142858
39,sc_2000_insc_472,0.44775,0.05,0.41441666666666666,0.04820000000000001
39,sc_2002_insc_525,0.6237240259740259,0.1568409090909091,0.4956628714422831,0.14028246753246754
39,sc_2002_insc_544,0.45775,0.13941666666666666,0.41064999999999996,0.07830555555555556
39,sc_2007_insc_1267,0.39999999999999997,0.04775000000000001,0.3982,0.04775000000000001
40,in_abs_train_2222,0.44390384615384615,0.09390384615384614,0.42082692307692304,0.06371016483516484
40,in_abs_train_3007,0.5875,0.2375,0.4839166666666666,0.20267857142857143
40,in_abs_train_322,0.4461538461538461,0.1423076923076923,0.43658653846153844,0.11758241758241758
40,in_abs_train_5767,0.39999999999999997,0.11,0.398875,0.07639285714285714
40,in_abs_train_6052,0.45775,0.15909090909090906,0.428875,0.08612626262626262
40,sc_1989_insc_4,0.39999999999999997,0.12275,0.39943749999999995,0.06706250000000001
40,sc_1997_insc_318,0.39999999999999997,0.05,0.3983125,0.048875
40,sc_1999_insc_413,0.6357142857142857,0.28346428571428567,0.6038571428571428,0.24060714285714285
40,sc_2002_insc_204,0.6433333333333333,0.13275,0.5295335664335663,0.1027074592074592
40,sc_2004_insc_120,0.54775,0.15,0.4401666666666666,0.1
40,sc_2012_insc_165,0.54775,0.2,0.44683333333333336,0.15219999999999997
40,sc_2019_insc_797,0.39999999999999997,0.05,0.3982,0.04850000000000001
41,in_abs_train_153,0.6377499999999998,0.2916893939393939,0.523800158175158,0.16971969696969696
41,in_abs_train_2435,0.45454545454545453,0.17826948051948055,0.4232256493506493,0.08094237012987014
41,in_abs_train_3139,0.45999999999999996,0.04775000000000001,0.4172159090909091,0.04775000000000001
41,in_abs_train_4969,0.44775,0.0498875,0.4277499999999999,0.048177500000000005
41,sc_1990_insc_295,0.54775,0.31775,0.45247916666666665,0.1345625
41,sc_2003_insc_499,0.55775,0.05,0.45108333333333334,0.04865000000000001
41,sc_2004_insc_57,0.42082692307692304,0.05,0.40928846153846155,0.04887500000000001
41,sc_2011_insc_419,0.46441666666666664,0.185,0.46441666666666664,0.08919444444444445
41,sc_2012_insc_491,0.39999999999999997,0.19775,0.39818749999999997,0.07865000000000001
41,sc_2019_insc_1269,0.47,0.17142857142857143,0.43936655011655007,0.09188051948051948
41,sc_2020_insc_162,0.39775,0.04775000000000001,0.39775,0.04755000000000001
41,sc_2023_insc_600,0.39999999999999997,0.05,0.3985,0.04820000000000001
42,in_abs_train_3055,0.39999999999999997,0.09285714285714286,0.39924999999999994,0.057221428571428576
42,in_abs_train_537,0.39999999999999997,0.14775,0.3983125,0.0733125
42,in_abs_train_928,0.4666666666666666,0.24774999999999994,0.4368666666666667,0.1996111111111111
42,sc_1959_insc_113,0.48274999999999996,0.17727272727272725,0.450125,0.07599005681818181
42,sc_1960_insc_229,0.5499999999999999,0.24775,0.5222625,0.11452564102564104
42,sc_1996_insc_1242,0.47274999999999995,0.13346428571428573,0.45247916666666665,0.06917857142857144
42,sc_2007_insc_1044,0.45775,0.11,0.4184999999999999,0.08465
42,sc_2009_insc_1190,0.6077499999999999,0.10775000000000001,0.5181999999999999,0.08593181818181818
42,sc_2011_insc_124,0.49999999999999994,0.29774999999999996,0.4582,0.13108333333333333
42,sc_2011_insc_501,0.49774999999999997,0.15,0.45608333333333334,0.09906666666666668
42,sc_2013_insc_609,0.47274999999999995,0.09285714285714286,0.4170625,0.05958928571428572
42,sc_2019_insc_558,0.62,0.12275,0.5284333333333333,0.09425
43,in_abs_train_1384,0.41874999999999996,0.1565,0.41762499999999997,0.08663348416289592
43,in_abs_train_2136,0.5691785714285714,0.05,0.47870238095238093,0.04831250000000001
43,in_abs_train_2241,0.5844632867132866,0.1590909090909091,0.5555588578088577,0.11074790209790208
43,in_abs_train_2252,0.49417857142857136,0.11082692307692307,0.45889285714285705,0.09435956690368455
43,in_abs_train_3575,0.4153970588235294,0.05,0.40064191176470587,0.04850000000000001
43,in_abs_train_5522,0.49774999999999997,0.19775,0.44149999999999995,0.0858125
43,sc_1965_insc_110,0.5178571428571428,0.21071428571428574,0.4792321428571428,0.12978159340659343
43,sc_1995_insc_829,0.5691785714285714,0.21917857142857144,0.5319812925170068,0.21917857142857144
43,sc_1996_insc_1335,0.7277499999999998,0.33749999999999997,0.625486111111111,0.32387499999999997
43,sc_1997_insc_711,0.5499999999999999,0.28346428571428567,0.5499999999999999,0.12669642857142857
43,sc_1999_insc_444,0.39999999999999997,0.05,0.39962499999999995,0.05
43,sc_2001_insc_591,0.4834642857142857,0.05,0.4458418367346938,0.05
44,in_abs_train_295,0.39999999999999997,0.07775000000000001,0.3985,0.05465
44,in_abs_train_3856,0.5499999999999999,0.25,0.47698333333333326,0.18561363636363637
44,sc_1967_insc_107,0.45775,0.10775000000000001,0.41109999999999997,0.06775000000000002
44,sc_1971_insc_283,0.4874935897435897,0.19285714285714284,0.45624679487179487,0.10885103785103785
44,sc_1976_insc_60,0.39999999999999997,0.18108333333333335,0.398875,0.11275000000000002
44,sc_1984_insc_118,0.39999999999999997,0.05,0.3987142857142857,0.05
44,sc_1996_insc_416,0.47274999999999995,0.27499999999999997,0.42774999999999996,0.11841666666666666
44,sc_1997_insc_240,0.39775,0.15390384615384617,0.39775,0.09742307692307692
44,sc_2004_insc_368,0.44452499999999995,0.05,0.4062958333333333,0.048875
44,sc_2006_insc_495,0.45454545454545453,0.10229545454545455,0.4200181818181818,0.06593181818181819
44,sc_2022_insc_899,0.59775,0.25229545454545454,0.49721794871794867,0.10833986013986015
44,sc_2023_insc_786,0.39999999999999997,0.10775000000000001,0.39865,0.06608333333333334
45,in_abs_train_671,0.5633333333333334,0.22774999999999998,0.48054166666666664,0.20020532245532244
45,in_abs_train_6844,0.46441666666666664,0.26441666666666663,0.4310833333333333,0.1608125
45,sc_1970_insc_19,0.6664999999999999,0.34060714285714283,0.5787686813186813,0.28804304029304023
45,sc_1972_insc_197,0.45775,0.25775,0.43077142857142847,0.13849999999999998
45,sc_1972_insc_213,0.6227499999999999,0.31024999999999997,0.5265535714285714,0.20825
45,sc_1978_insc_171,0.4749999999999999,0.12275,0.44759375,0.11252272727272727
45,sc_1984_insc_39,0.6977499999999999,0.18941666666666668,0.5600079365079365,0.18941666666666668
45,sc_2003_insc_24,0.47274999999999995,0.125,0.42274999999999996,0.0932
45,sc_2012_insc_41,0.39999999999999997,0.04775000000000001,0.39887500000000004,0.04775000000000001
45,sc_2015_insc_153,0.5777499999999999,0.16999999999999998,0.5027499999999999,0.11813636363636362
45,sc_2019_insc_1214,0.39775,0.12275,0.39775,0.07275000000000001
45,sc_2022_insc_129,0.4808269230769231,0.13142857142857142,0.4800027472527473,0.10156709956709957
46,in_abs_train_3311,0.5568409090909089,0.24108333333333334,0.522056818181818,0.1394760101010101
46,in_abs_train_6542,0.39999999999999997,0.15,0.3982,0.13430833333333334
46,in_abs_train_6726,0.581840909090909,0.18917857142857145,0.4681954545454546,0.13382467532467535
46,sc_1968_insc_284,0.47274999999999995,0.05,0.4235,0.04820000000000001
46,sc_1986_insc_129,0.6477499999999999,0.29774999999999996,0.5029444444444444,0.18170000000000003
46,sc_2004_insc_138,0.5552941176470588,0.1254827935222672,0.49559263089851324,0.08904554655870445
46,sc_2009_insc_1102,0.45774999999999993,0.11533241758241758,0.43695192307692304,0.10134752747252747
46,sc_2009_insc_480,0.6777499999999999,0.42275,0.60625,0.1985
46,sc_2013_insc_206,0.54775,0.2,0.4282,0.09900000000000002
46,sc_2015_insc_1006,0.49999999999999994,0.09775,0.43865,0.06516666666666666
46,sc_2015_insc_770,0.39775,0.13346428571428573,0.39775,0.08417857142857144
46,sc_2019_insc_696,0.39999999999999997,0.05,0.3982,0.04591666666666666
47,in_abs_train_2784,0.45775,0.11666666666666667,0.43850000000000006,0.07289583333333334
47,sc_1962_insc_72,0.49774999999999997,0.11366666666666667,0.4580978049728049,0.08070833333333334
47,sc_1971_insc_294,0.4772727272727272,0.10775000000000001,0.4331931818181818,0.0753374125874126
47,sc_1973_insc_134,0.540826923076923,0.13307692307692306,0.4433601898101897,0.0769423076923077
47,sc_1995_insc_138,0.39999999999999997,0.05,0.3985,0.048650000000000006
47,sc_1996_insc_1475,0.6277499999999998,0.17502272727272727,0.5387508403361344,0.11517424242424242
47,sc_1997_insc_529,0.39775,0.15,0.39775,0.06980952380952381
47,sc_2003_insc_296,0.4518079545454545,0.10229545454545455,0.4157693181818182,0.059109090909090924
47,sc_2008_insc_1030,0.6357142857142857,0.2857142857142857,0.5215267857142857,0.21494642857142857
47,sc_2009_insc_246,0.54275,0.19775,0.44719999999999993,0.17941666666666667
47,sc_2009_insc_69,0.45229545454545456,0.10229545454545455,0.43411363636363637,0.07043068181818182
47,sc_2014_insc_322,0.48316666666666663,0.30476190476190473,0.45469444444444446,0.12665347985347986
48,sc_1954_insc_109,0.61,0.11441666666666667,0.4680416666666667,0.07997916666666667
48,sc_1955_insc_64,0.6310833333333332,0.18275,0.5656071428571428,0.18275
48,sc_1962_insc_323,0.49774999999999997,0.13571428571428573,0.4441785714285714,0.06974107142857144
48,sc_1968_insc_175,0.4522954545454545,0.11,0.40910909090909087,0.06924999999999999
48,sc_1971_insc_338,0.39999999999999997,0.12275,0.3994375,0.067625
48,sc_1989_insc_93,0.6199425133689839,0.26160714285714287,0.5033616740156988,0.1919512987012987
48,sc_1995_insc_669,0.39999999999999997,0.05,0.3970625,0.04831250000000001
48,sc_1996_insc_886,0.45454545454545453,0.10775000000000001,0.4393295454545454,0.08388068181818183
48,sc_2001_insc_186,0.45999999999999996,0.10775000000000001,0.42264999999999997,0.06775000000000002
48,sc_2007_insc_689,0.4799999999999999,0.10775000000000001,0.43175,0.09775
48,sc_2014_insc_460,0.47274999999999995,0.14168939393939395,0.4685833333333333,0.08953156565656566
48,sc_2018_insc_1076,0.39775,0.2545454545454545,0.39775,0.10523268398268397
49,in_abs_train_3357,0.46833823529411767,0.11666666666666667,0.431625128998968,0.0901030701754386
49,in_abs_train_3794,0.6506071428571427,0.16785714285714284,0.49314682539682536,0.1263142857142857
49,sc_1960_insc_78,0.4772954545454546,0.12372402597402599,0.4561220468128362,0.0964512987012987
49,sc_1988_insc_217,0.49999999999999994,0.04775000000000001,0.44318749999999996,0.04775000000000001
49,sc_1994_insc_401,0.5844632867132866,0.3227272727272727,0.5755588578088577,0.2328303696303696
49,sc_1998_insc_486,0.5714285714285715,0.13571428571428573,0.5139142857142858,0.13421428571428573
49,sc_1999_insc_87,0.59775,0.24285714285714283,0.59775,0.21522448979591835
49,sc_2003_insc_607,0.54775,0.19775,0.5108125,0.11081250000000001
49,sc_2010_insc_14,0.54775,0.26666666666666666,0.4342361111111111,0.23220833333333335
49,sc_2011_insc_358,0.47274999999999995,0.19775,0.41319999999999996,0.09775
49,sc_2018_insc_262,0.6782694805194804,0.12729545454545454,0.5230254745254745,0.09823701298701298
49,sc_2023_insc_527,0.39775,0.05,0.39775,0.048650000000000006
50,in_abs_train_1147,0.39999999999999997,0.04775000000000001,0.3985,0.04775000000000001
50,in_abs_train_2121,0.4749999999999999,0.09775,0.432625,0.060812500000000005
50,sc_1965_insc_296,0.6350227272727272,0.16775,0.5913863636363637,0.13185858585858587
50,sc_1994_insc_368,0.625,0.125,0.5278214285714286,0.09365
50,sc_2002_insc_11,0.7191785714285713,0.05,0.5305285714285715,0.04850000000000001
50,sc_2002_insc_476,0.645826923076923,0.30275,0.645826923076923,0.20135204081632654
50,sc_2003_insc_171,0.49393939393939384,0.13275,0.4409242424242424,0.09620454545454546
50,sc_2006_insc_219,0.44775,0.16775,0.4060833333333333,0.13775
50,sc_2010_insc_42,0.7214285714285714,0.36917857142857147,0.5556428571428571,0.1583857142857143
50,sc_2021_insc_141,0.52,0.10775000000000001,0.4974318181818182,0.07148409090909091
50,sc_2022_insc_1103,0.49774999999999997,0.24775,0.4318333333333333,0.0972
50,sc_2024_insc_151,0.54775,0.19775,0.44849999999999995,0.13774999999999998
51,in_abs_train_4203,0.5939038461538461,0.20999999999999996,0.5129134615384614,0.11403616071428571
51,in_abs_train_4972,0.49999999999999994,0.05,0.4147916666666666,0.048875
51,in_abs_train_5184,0.5177499999999999,0.16775,0.4920357142857142,0.16775
51,sc_1974_insc_48,0.6250227272727271,0.2799999999999999,0.5259318181818181,0.20751136363636358
51,sc_1996_insc_1428,0.39775,0.19775,0.39775,0.07275000000000001
51,sc_2001_insc_256,0.4737240259740259,0.12307692307692307,0.4547770562770563,0.07433076923076923
51,sc_2002_insc_120,0.5852499999999999,0.2375,0.58325,0.16081250000000002
51,sc_2006_insc_96,0.5613863636363635,0.21138636363636362,0.5217454545454545,0.12122727272727273
51,sc_2010_insc_229,0.54775,0.05,0.44775000000000004,0.048650000000000006
51,sc_2010_insc_886,0.5310833333333334,0.14775,0.47598333333333337,0.08108333333333334
51,sc_2012_insc_282,0.5460454545454544,0.19729545454545455,0.514030303030303,0.16455174825174823
51,sc_2020_insc_157,0.5327499999999998,0.23775,0.48478947368421044,0.19153618421052632
52,sc_1970_insc_59,0.47274999999999995,0.14775,0.43637499999999996,0.06591666666666667
52,sc_1993_insc_86,0.46441666666666664,0.125,0.4214722222222222,0.07698333333333333
52,sc_1997_insc_437,0.54775,0.15,0.46527544642857144,0.0744375
52,sc_1998_insc_360,0.6314285714285715,0.27275,0.5692053571428571,0.18646428571428572
52,sc_1999_insc_267,0.54775,0.33390384615384616,0.49710897435897433,0.22141823176823175
52,sc_2000_insc_183,0.4834642857142857,0.13346428571428573,0.41917857142857146,0.07030357142857144
52,sc_2004_insc_346,0.5327499999999998,0.185,0.4808125,0.12013942307692307
52,sc_2009_insc_377,0.54775,0.26441666666666663,0.47275,0.12034722222222222
52,sc_2009_insc_82,0.5177499999999999,0.10775000000000001,0.43887499999999996,0.07775000000000001
52,sc_2015_insc_253,0.5644166666666666,0.3333333333333333,0.5262777777777777,0.17909999999999998
52,sc_2016_insc_566,0.5077499999999999,0.17115384615384613,0.44025,0.10647596153846155
53,sc_1993_insc_227,0.4250227272727272,0.18409090909090908,0.4238863636363636,0.09092461704961706
53,sc_1995_insc_496,0.4749999999999999,0.19775,0.42424999999999996,0.11410000000000001
53,sc_1996_insc_641,0.6477499999999999,0.125,0.5488863636363636,0.0831875
53,sc_1996_insc_877,0.47274999999999995,0.11666666666666667,0.45039583333333333,0.06554166666666666
53,sc_1999_insc_335,0.46441666666666664,0.11441666666666667,0.41554166666666664,0.06441666666666668
53,sc_2007_insc_1294,0.39775,0.04775000000000001,0.39775,0.04775000000000001
53,sc_2007_insc_637,0.5677499999999999,0.12275,0.45331249999999995,0.0815
53,sc_2011_insc_191,0.5394166666666665,0.0875,0.46550692640692637,0.061750000000000006
53,sc_2014_insc_416,0.5627499999999999,0.14108333333333334,0.49691666666666656,0.09936237373737374
53,sc_2018_insc_1071,0.5691785714285714,0.18108333333333335,0.5124821428571429,0.12394047619047621
53,sc_2020_insc_625,0.45229545454545456,0.10229545454545455,0.40759090909090906,0.07502272727272728
53,sc_2022_insc_29,0.45229545454545456,0.10229545454545455,0.44538636363636364,0.06418181818181819
54,sc_1964_insc_111,0.39775,0.05,0.39775,0.048875
54,sc_1966_insc_258,0.4749999999999999,0.15,0.42500757575757575,0.12727272727272726
54,sc_1969_insc_75,0.39775,0.05,0.39775,0.043937500000000004
54,sc_1987_insc_79,0.6144166666666666,0.2689621212121212,0.4961262626262626,0.17335606060606062
54,sc_1991_insc_249,0.45999999999999996,0.20775,0.458875,0.12388257575757577
54,sc_2006_insc_366,0.5499999999999999,0.19775,0.4475833333333333,0.09820000000000001
54,sc_2009_insc_1256,0.66775,0.3541602564102564,0.5815267857142856,0.2796877913752914
54,sc_2009_insc_621,0.39999999999999997,0.04775000000000001,0.39839285714285705,0.04775000000000001
54,sc_2009_insc_637,0.4749999999999999,0.05,0.42610000000000003,0.04850000000000001
54,sc_2018_insc_682,0.65,0.2857142857142857,0.6223000000000001,0.16257738095238095
54,sc_2022_insc_252,0.45454545454545453,0.1568409090909091,0.45379545454545456,0.11415804195804195
55,in_abs_train_4604,0.5310833333333334,0.18108333333333335,0.48164583333333333,0.11275000000000002
55,in_abs_train_6218,0.5439684873949578,0.15150375939849625,0.5009577497665733,0.10512540173964321
55,sc_1963_insc_209,0.6712121212121211,0.4441785714285715,0.6175579836829836,0.40015806415806415
55,sc_1972_insc_176,0.49515259740259737,0.14515259740259742,0.4420203796203796,0.09525324675324676
55,sc_1978_insc_10,0.5310833333333334,0.18333333333333335,0.4544305555555555,0.11554166666666668
55,sc_1996_insc_1279,0.6434642857142856,0.1763214285714286,0.5171547619047618,0.13403571428571429
55,sc_1996_insc_1462,0.39999999999999997,0.14775,0.3985,0.08108333333333334
55,sc_1997_insc_790,0.39999999999999997,0.11666666666666667,0.39924999999999994,0.06198333333333335
55,sc_2002_insc_349,0.49774999999999997,0.2,0.45108333333333334,0.0941
55,sc_2011_insc_483,0.6189621212121211,0.21875,0.49806439393939395,0.0998860294117647
55,sc_2013_insc_41,0.39775,0.04775000000000001,0.39775,0.04775000000000001
55,sc_2020_insc_265,0.39999999999999997,0.19775,0.3991,0.11668181818181818
56,in_abs_train_4175,0.4545454545454545,0.05,0.4079659090909091,0.05
56,in_abs_train_732,0.6477499999999999,0.29774999999999996,0.5318298160173159,0.17047916666666665
56,sc_1971_insc_138,0.48699999999999993,0.15054347826086956,0.4363858695652173,0.11880646135265702
56,sc_1985_insc_217,0.54775,0.12275,0.47275,0.06016666666666667
56,sc_1987_insc_193,0.6477499999999999,0.15,0.57275,0.11333516483516483
56,sc_1998_insc_325,0.42999999999999994,0.08333333333333334,0.40850000000000003,0.06493659673659676
56,sc_2000_insc_415,0.45454545454545453,0.10775000000000001,0.4348636363636364,0.06020000000000001
56,sc_2006_insc_634,0.39999999999999997,0.13999999999999999,0.39999999999999997,0.09381089743589743
56,sc_2009_insc_1277,0.47597402597402594,0.15,0.4610396103896104,0.10076515151515152
56,sc_2009_insc_374,0.46441666666666664,0.04775000000000001,0.40886111111111106,0.04775000000000001
56,sc_2015_insc_906,0.44953571428571426,0.29925375939849624,0.424519798136646,0.13568949026979213
56,sc_2018_insc_799,0.6000000000000001,0.29774999999999996,0.57365,0.19735096153846152
57,in_abs_train_3775,0.5115454545454545,0.10775000000000001,0.47096022727272724,0.08581250000000001
57,in_abs_train_6213,0.5068409090909091,0.04775000000000001,0.4334650349650349,0.04775000000000001
57,sc_1953_insc_84,0.39999999999999997,0.04775000000000001,0.3985,0.04711250000000001
57,sc_1955_insc_10,0.39775,0.17729545454545453,0.39775,0.09547348484848484
57,sc_1960_insc_54,0.55775,0.22275,0.5011115384615384,0.12146794871794873
57,sc_1971_insc_239,0.46441666666666664,0.11441666666666667,0.4199722222222222,0.0986590909090909
57,sc_1973_insc_128,0.54775,0.22275,0.49024999999999996,0.1295625
57,sc_1979_insc_229,0.47274999999999995,0.12275,0.45775,0.11747222222222221
57,sc_2006_insc_916,0.39999999999999997,0.10454545454545455,0.3985,0.07774895104895105
57,sc_2009_insc_928,0.625,0.2,0.5171428571428571,0.0791
57,sc_2014_insc_433,0.52,0.11,0.4569488636363636,0.06331250000000001
57,sc_2022_insc_1094,0.39999999999999997,0.14775,0.3985,0.06820000000000001
58,in_abs_train_5041,0.5499999999999999,0.29774999999999996,0.5151666666666667,0.12774999999999997
58,in_abs_train_6356,0.4666666666666666,0.04775000000000001,0.42486666666666667,0.04191666666666668
58,sc_1960_insc_20,0.39999999999999997,0.10775000000000001,0.3983125,0.063875
58,sc_1978_insc_89,0.4834642857142857,0.125,0.43792857142857144,0.10512500000000001
58,sc_1993_insc_196,0.49999999999999994,0.16775,0.4318333333333333,0.09175000000000001
58,sc_1996_insc_836,0.7214285714285714,0.15,0.5654821428571428,0.073875
58,sc_1999_insc_248,0.5110576923076923,0.2534642857142857,0.4505412087912088,0.151984243697479
58,sc_2005_insc_559,0.45999999999999996,0.16666666666666666,0.41154999999999997,0.1081388888888889
58,sc_2008_insc_64,0.5499999999999999,0.05,0.44365,0.049249999999999995
58,sc_2008_insc_672,0.5406071428571428,0.24060714285714285,0.46917857142857144,0.10564285714285715
58,sc_2009_insc_198,0.39999999999999997,0.27275,0.398125,0.16025
58,sc_2023_insc_648,0.39775,0.05,0.39775,0.04812500000000001
59,in_abs_train_3348,0.67,0.4099999999999999,0.5731367521367522,0.25387499999999996
59,in_abs_train_3709,0.39775,0.12275,0.39775,0.09275
59,in_abs_train_4931,0.39775,0.04775000000000001,0.39775,0.04775000000000001
59,in_abs_train_937,0.49005769230769225,0.09390384615384614,0.4208269230769231,0.0823653846153846
59,sc_1971_insc_190,0.4944166666666666,0.14441666666666667,0.4870429292929292,0.13194242424242425
59,sc_1972_insc_159,0.54775,0.14775,0.4397916666666666,0.089
59,sc_1996_insc_275,0.5127499999999999,0.16560714285714284,0.45462499999999995,0.12527678571428572
59,sc_2003_insc_657,0.39999999999999997,0.04775000000000001,0.39629375,0.04775000000000001
59,sc_2005_insc_626,0.39999999999999997,0.05,0.3982,0.04850000000000001
59,sc_2008_insc_281,0.5285714285714286,0.20846428571428574,0.48421428571428565,0.13257857142857146
59,sc_2009_insc_685,0.39775,0.05,0.39775,0.048650000000000006
59,sc_2014_insc_482,0.6590909090909092,0.2,0.5517215909090909,0.1483125
60,in_abs_train_4509,0.5910833333333333,0.21108333333333332,0.5284333333333333,0.1672373737373737
60,sc_1961_insc_159,0.39775,0.11,0.39775,0.06585714285714286
60,sc_1966_insc_86,0.582814935064935,0.45878896103896105,0.5464512987012987,0.1650231768231768
60,sc_1971_insc_196,0.6245454545454545,0.2208269230769231,0.5793612887112887,0.1869015984015984
60,sc_1974_insc_141,0.4666666666666666,0.11666666666666667,0.4322083333333333,0.07109722222222221
60,sc_1989_insc_201,0.48571428571428565,0.13346428571428573,0.44116964285714283,0.09116964285714288
60,sc_1989_insc_21,0.39775,0.19775,0.39775,0.1260952380952381
60,sc_1990_insc_293,0.39775,0.2,0.39775,0.09841666666666667
60,sc_2000_insc_580,0.5499999999999999,0.05,0.43887499999999996,0.046375
60,sc_2007_insc_1223,0.47597402597402594,0.22229545454545455,0.47484902597402595,0.1397097902097902
60,sc_2010_insc_544,0.39775,0.04775000000000001,0.39775,0.04775000000000001
60,sc_2019_insc_309,0.5446031468531467,0.27774999999999994,0.47957517482517475,0.2033484848484848
61,in_abs_train_6492,0.5529947552447552,0.23638636363636362,0.5226131993006993,0.19593779137529138
61,in_abs_train_6577,0.49999999999999994,0.25775,0.43095,0.13775
61,sc_1985_insc_53,0.39999999999999997,0.04775000000000001,0.39865,0.04775000000000001
61,sc_1994_insc_423,0.5022727272727272,0.10775000000000001,0.4821648113790971,0.10775000000000001
61,sc_2007_insc_920,0.4834642857142857,0.13571428571428573,0.4153428571428572,0.10639285714285716
61,sc_2012_insc_72,0.4933333333333333,0.29774999999999996,0.48530303030303024,0.1850151515151515
61,sc_2014_insc_1018,0.5610833333333333,0.21002272727272725,0.46469444444444447,0.13370454545454544
61,sc_2015_insc_1035,0.5310833333333334,0.24774999999999994,0.4780530303030303,0.13164583333333332
61,sc_2015_insc_742,0.6410833333333332,0.2,0.4841045454545454,0.13961111111111113
61,sc_2018_insc_917,0.4732954545454545,0.11979545454545454,0.4732954545454545,0.08691544170115598
61,sc_2019_insc_1010,0.44375,0.08775000000000001,0.4192154150197628,0.06736698192574903
61,sc_2019_insc_121,0.6357142857142857,0.34775,0.5089285714285714,0.21233333333333335
62,in_abs_train_1075,0.5321678321678321,0.08,0.4351534965034965,0.07452564102564102
62,in_abs_train_1571,0.4749999999999999,0.16229545454545455,0.4462613636363636,0.09002272727272728
62,in_abs_train_5873,0.45775,0.04775000000000001,0.41093437499999996,0.046962500000000004
62,in_abs_train_6895,0.39999999999999997,0.05,0.39865,0.049249999999999995
62,sc_1976_insc_171,0.6466666666666666,0.30191666666666667,0.5357715151515151,0.21691666666666665
62,sc_1992_insc_1,0.43749999999999994,0.23666666666666664,0.4124999999999999,0.09104871794871795
62,sc_1996_insc_1076,0.7,0.2,0.5488749999999999,0.19887500000000002
62,sc_2007_insc_1300,0.544340909090909,0.1712121212121212,0.46190303030303026,0.11781723113487819
62,sc_2007_insc_334,0.48571428571428565,0.29774999999999996,0.41905357142857136,0.13524999999999998
62,sc_2008_insc_682,0.6590909090909092,0.2318409090909091,0.539780303030303,0.13979545454545456
62,sc_2017_insc_1225,0.5499999999999999,0.04775000000000001,0.48637499999999995,0.04775000000000001
62,sc_2023_insc_388,0.5173076923076922,0.1568409090909091,0.4982010489510489,0.11652167832167833
63,in_abs_train_6424,0.5499999999999999,0.19775,0.47331249999999997,0.08637500000000001
63,sc_1971_insc_246,0.54775,0.25775,0.47675,0.13775
63,sc_1976_insc_206,0.49774999999999997,0.20775,0.464531746031746,0.15075
63,sc_1984_insc_230,0.39999999999999997,0.28346428571428567,0.3985,0.09534285714285715
63,sc_1985_insc_173,0.5310833333333334,0.18108333333333335,0.46719444444444447,0.11131666666666669
63,sc_1992_insc_208,0.46441666666666664,0.19775,0.40886111111111106,0.12387500000000001
63,sc_1996_insc_1440,0.4834642857142857,0.125,0.43079285714285714,0.07425
63,sc_2000_insc_457,0.4749999999999999,0.26441666666666663,0.4529674999999999,0.16441666666666666
63,sc_2009_insc_496,0.39775,0.04775000000000001,0.39775,0.04775000000000001
63,sc_2013_insc_608,0.45775,0.09285714285714286,0.44627953296703293,0.08101785714285714
63,sc_2019_insc_92,0.39999999999999997,0.04775000000000001,0.3983125,0.04775000000000001
63,sc_2021_insc_343,0.39775,0.24775,0.39775,0.10846428571428572
64,in_abs_train_119,0.5422954545454545,0.16775,0.47002272727272726,0.13371022727272727
64,in_abs_train_2087,0.5982142857142857,0.31775,0.5532619047619047,0.2687738095238095
64,in_abs_train_465,0.49999999999999994,0.04775000000000001,0.41554166666666664,0.04775000000000001
64,in_abs_train_6714,0.5333333333333333,0.18333333333333335,0.4791994047619047,0.14171022727272725
64,sc_1987_insc_231,0.5499999999999999,0.19775,0.49849999999999994,0.0991
64,sc_1997_insc_775,0.509090909090909,0.25684090909090906,0.5037701048951049,0.15455681818181818
64,sc_2001_insc_478,0.39999999999999997,0.04775000000000001,0.39924999999999994,0.04775000000000001
64,sc_2001_insc_86,0.5677499999999999,0.21875,0.4663763736263736,0.11485064935064936
64,sc_2005_insc_110,0.49166666666666664,0.08775,0.44460691391941387,0.06908173076923077
64,sc_2009_insc_454,0.49999999999999994,0.04775000000000001,0.4565,0.04775000000000001
64,sc_2013_insc_227,0.39775,0.2,0.39775,0.07820000000000002
64,sc_2020_insc_709,0.4749999999999999,0.14775,0.4358125,0.096125
65,in_abs_train_1089,0.6441785714285713,0.2,0.550642857142857,0.15198333333333333
65,sc_1961_insc_95,0.39999999999999997,0.09775,0.3983125,0.060812500000000005
65,sc_1979_insc_43,0.5238866396761134,0.09736842105263158,0.46048546040303,0.0913092105263158
65,sc_1995_insc_607,0.49774999999999997,0.125,0.44775,0.0829659090909091
65,sc_2001_insc_235,0.59775,0.26666666666666666,0.49775,0.16983459595959594
65,sc_2002_insc_29,0.6523809523809523,0.26390384615384616,0.5473038517854694,0.24555260180995475
65,sc_2008_insc_30,0.39999999999999997,0.04775000000000001,0.39954999999999996,0.04775000000000001
65,sc_2015_insc_321,0.45775,0.11441666666666667,0.413875,0.07941666666666668
65,sc_2018_insc_372,0.5545454545454546,0.11666666666666667,0.44244242424242425,0.09147222222222223
65,sc_2019_insc_444,0.39999999999999997,0.04775000000000001,0.3982,0.04775000000000001
65,sc_2019_insc_728,0.5277499999999999,0.2814102564102564,0.45206818181818176,0.1370305944055944
65,sc_2022_insc_766,0.47274999999999995,0.19775,0.47274999999999995,0.1271190476190476
66,in_abs_train_1207,0.39999999999999997,0.11666666666666667,0.39924999999999994,0.08865
66,in_abs_train_3799,0.49999999999999994,0.16774999999999998,0.4318333333333333,0.11174999999999999
66,in_abs_train_5050,0.59775,0.22774999999999998,0.5602499999999999,0.17740873015873015
66,sc_1962_insc_366,0.5145454545454545,0.22999999999999998,0.4705852272727272,0.1720625
66,sc_1964_insc_249,0.5875,0.23333333333333334,0.4758291666666666,0.23333333333333334
66,sc_1969_insc_304,0.39775,0.05,0.39775,0.048018750000000006
66,sc_1978_insc_165,0.4749999999999999,0.26441666666666663,0.4235,0.15822619047619046
66,sc_1986_insc_13,0.49774999999999997,0.05,0.4233125,0.04831250000000001
66,sc_1994_insc_410,0.6144166666666666,0.26441666666666663,0.5090999999999999,0.19775
66,sc_2006_insc_454,0.7261904761904762,0.40833333333333327,0.6391425865800865,0.3306874999999999
66,sc_2008_insc_1025,0.48571428571428565,0.19775,0.4563928571428571,0.09624285714285714
66,sc_2021_insc_650,0.4666666666666666,0.05,0.41554166666666664,0.048875
67,sc_1962_insc_138,0.52,0.06775,0.46354999999999996,0.055166666666666676
67,sc_1964_insc_8,0.39999999999999997,0.05,0.398875,0.04831250000000001
67,sc_1965_insc_93,0.45775,0.05,0.41850000000000004,0.0491
67,sc_1966_insc_254,0.5134642857142856,0.13941666666666666,0.4831654179154179,0.1384551282051282
67,sc_1988_insc_243,0.5906071428571428,0.17096428571428574,0.5199800170068026,0.17096428571428574
67,sc_2000_insc_274,0.39775,0.05,0.39775,0.04558333333333334
67,sc_2001_insc_513,0.46441666666666664,0.25608333333333333,0.4421944444444444,0.12865909090909092
67,sc_2004_insc_337,0.39999999999999997,0.19775,0.3985,0.1082
67,sc_2004_insc_662,0.47274999999999995,0.16560714285714284,0.43637499999999996,0.09121978021978022
67,sc_2011_insc_69,0.49774999999999997,0.13346428571428573,0.4879285714285714,0.06974107142857144
67,sc_2015_insc_275,0.6423076923076924,0.1334642857142857,0.5196538461538461,0.09173214285714285
67,sc_2022_insc_665,0.49774999999999997,0.15390384615384617,0.4374307692307692,0.11518589743589745
68,in_abs_train_1701,0.5753723776223776,0.28775,0.4919110722610722,0.2001392773892774
68,in_abs_train_831,0.5272954545454545,0.20775,0.5236477272727272,0.13749358974358972
68,sc_1964_insc_34,0.5187584033613445,0.1577047511312217,0.44057277364387054,0.1577047511312217
68,sc_1965_insc_188,0.6977499999999999,0.25608333333333333,0.6197083333333333,0.16923611111111111
68,sc_1967_insc_276,0.39775,0.19775,0.39775,0.11997222222222222
68,sc_1975_insc_74,0.5301470588235293,0.1676470588235294,0.4599875350140056,0.10021568627450979
68,sc_1981_insc_156,0.6060833333333332,0.21866666666666668,0.5144833333333333,0.16519444444444445
68,sc_2002_insc_296,0.509090909090909,0.21363636363636362,0.4684204545454545,0.16013068181818182
68,sc_2008_insc_471,0.606840909090909,0.04775000000000001,0.4663772727272727,0.04775000000000001
68,sc_2011_insc_402,0.42082692307692304,0.1380952380952381,0.4061923076923077,0.12338165285694698
68,sc_2012_insc_126,0.44390384615384615,0.09615384615384615,0.42817032967032964,0.057430769230769244
68,sc_2018_insc_241,0.4753723776223776,0.11464411764705881,0.4391940559440559,0.08317545248868778
69,in_abs_train_4973,0.5727499999999999,0.12954545454545452,0.5727499999999999,0.09426793444650587
69,sc_1959_insc_111,0.48571428571428565,0.05,0.43248571428571425,0.04850000000000001
69,sc_1968_insc_255,0.5244166666666666,0.18275,0.4539833333333333,0.13849999999999998
69,sc_1974_insc_186,0.4660714285714285,0.15632142857142858,0.4660714285714285,0.15281447124304268
69,sc_1988_insc_168,0.6199425133689839,0.10229545454545455,0.5457787506611036,0.10229545454545455
69,sc_1991_insc_79,0.47274999999999995,0.04775000000000001,0.41024999999999995,0.04775000000000001
69,sc_1991_insc_80,0.5834642857142857,0.04775000000000001,0.44160238095238097,0.04775000000000001
69,sc_1995_insc_195,0.61,0.20775,0.581375,0.10275000000000001
69,sc_1997_insc_102,0.5499999999999999,0.30227272727272725,0.475,0.22225378787878783
69,sc_2003_insc_333,0.5310833333333334,0.24275,0.4364166666666667,0.17275
69,sc_2022_insc_1144,0.39775,0.05,0.39775,0.04831250000000001
69,sc_2022_insc_123,0.5000227272727271,0.05,0.4468510101010101,0.048875
70,in_abs_train_3439,0.4541666666666666,0.14858333333333332,0.4290702614379085,0.11705397316821464
70,in_abs_train_4306,0.41775,0.08775,0.40332053571428567,0.07657352941176471
70,in_abs_train_733,0.5039038461538461,0.09060714285714286,0.4679567307692307,0.06534285714285715
70,sc_1952_insc_58,0.39775,0.10229545454545455,0.39775,0.05759090909090909
70,sc_1962_insc_85,0.51025,0.21917857142857144,0.4685833333333333,0.16675396825396827
70,sc_1973_insc_75,0.49774999999999997,0.20454545454545453,0.45001818181818176,0.16894696969696968
70,sc_1978_insc_21,0.5834642857142857,0.15,0.5093571428571428,0.0744375
70,sc_2000_insc_594,0.41666666666666663,0.10500000000000001,0.40956746031746033,0.08405714285714286
70,sc_2006_insc_707,0.39999999999999997,0.10229545454545455,0.3985,0.06956818181818183
70,sc_2007_insc_504,0.39999999999999997,0.04775000000000001,0.39865,0.04775000000000001
70,sc_2010_insc_847,0.39999999999999997,0.19775,0.39999999999999997,0.08525
70,sc_2022_insc_124,0.5499999999999999,0.14775,0.47387499999999994,0.09849999999999999
71,in_abs_train_1742,0.39775,0.11666666666666667,0.39775,0.08731666666666667
71,in_abs_train_3537,0.49774999999999997,0.21441666666666667,0.4634583333333333,0.16658333333333336
71,in_abs_train_513,0.646840909090909,0.29115384615384615,0.5991055194805194,0.2600709070341423
71,in_abs_train_653,0.5068409090909091,0.25,0.47956818181818184,0.14944886363636364
71,sc_1964_insc_165,0.54775,0.26775,0.48423611111111103,0.21342045454545452
71,sc_1984_insc_147,0.579328947368421,0.08157894736842106,0.4590263157894736,0.05496578947368421
71,sc_2001_insc_75,0.45229545454545456,0.20454545454545453,0.45229545454545456,0.11397727272727273
71,sc_2007_insc_490,0.39999999999999997,0.25229545454545454,0.398875,0.13751136363636363
71,sc_2009_insc_305,0.6908269230769231,0.21917857142857142,0.5693493418346359,0.17489285714285716
71,sc_2012_insc_594,0.5333333333333333,0.04775000000000001,0.4579095238095238,0.04775000000000001
71,sc_2017_insc_1226,0.39999999999999997,0.05,0.398875,0.04804166666666667
71,sc_2019_insc_1204,0.39999999999999997,0.04775000000000001,0.3983125,0.04650000000000001
72,in_abs_train_2758,0.5334642857142856,0.41203571428571434,0.5143571428571428,0.2189107142857143
72,in_abs_train_3469,0.39775,0.05,0.39775,0.049437499999999995
72,sc_1966_insc_243,0.39999999999999997,0.05,0.398875,0.048875
72,sc_1967_insc_132,0.6130434782608696,0.17703571428571427,0.5687754799548277,0.1686111846912678
72,sc_1976_insc_84,0.39999999999999997,0.05,0.3985,0.04820000000000001
72,sc_1996_insc_382,0.48571428571428565,0.15,0.4831785714285714,0.098875
72,sc_2006_insc_715,0.49774999999999997,0.04775000000000001,0.4634027777777778,0.04775000000000001
72,sc_2007_insc_291,0.7000000000000001,0.16025,0.5604337121212122,0.14635037878787877
72,sc_2008_insc_986,0.47274999999999995,0.14775,0.41274999999999995,0.1146497668997669
72,sc_2014_insc_304,0.52,0.04775000000000001,0.4379415584415584,0.04775000000000001
72,sc_2020_insc_394,0.54775,0.28346428571428567,0.54775,0.18324404761904758
72,sc_2024_insc_343,0.5499999999999999,0.04775000000000001,0.44819999999999993,0.04775000000000001
73,in_abs_train_2463,0.48571428571428565,0.13571428571428573,0.4627857142857143,0.09285714285714286
73,in_abs_train_324,0.6227499999999999,0.04775000000000001,0.5269166666666666,0.04775000000000001
73,sc_1965_insc_265,0.55775,0.10229545454545455,0.5074681818181818,0.06593181818181819
73,sc_1973_insc_93,0.4272727272727272,0.23917857142857143,0.4159242424242424,0.0960357142857143
73,sc_1986_insc_134,0.5310833333333334,0.20835606060606063,0.44664583333333335,0.12376704545454545
73,sc_1994_insc_325,0.5499999999999999,0.20775,0.4808125,0.18081250000000001
73,sc_2000_insc_574,0.45229545454545456,0.19775,0.451530303030303,0.09020000000000002
73,sc_2006_insc_548,0.45775,0.23108333333333334,0.41850000000000004,0.13628612440191387
73,sc_2008_insc_145,0.47274999999999995,0.27275,0.47274999999999995,0.1242718253968254
73,sc_2009_insc_1282,0.4666666666666666,0.2,0.4096111111111111,0.12387500000000001
73,sc_2016_insc_76,0.46155090497737555,0.10935714285714287,0.4196669683257918,0.06547932330827069
73,sc_2022_insc_386,0.4834642857142857,0.06353947368421053,0.43248571428571425,0.05301315789473685
74,sc_1967_insc_259,0.39775,0.05,0.39775,0.04820000000000001
74,sc_1981_insc_6,0.39999999999999997,0.14775,0.3983125,0.07275000000000001
74,sc_1984_insc_45,0.47274999999999995,0.14168939393939395,0.4318333333333333,0.08444242424242425
74,sc_1990_insc_89,0.4666666666666666,0.21666666666666667,0.4436944444444444,0.15945952380952383
74,sc_1991_insc_45,0.45775,0.10775000000000001,0.45775,0.07630681818181818
74,sc_1996_insc_962,0.5691785714285714,0.24060714285714285,0.5065952380952381,0.16177142857142857
74,sc_1997_insc_24,0.6191785714285714,0.29060714285714284,0.5221547619047618,0.2763214285714286
74,sc_2006_insc_420,0.6095238095238095,0.3906071428571428,0.537532738095238,0.2606071428571428
74,sc_2010_insc_438,0.44775,0.1,0.42274999999999996,0.08258333333333333
74,sc_2014_insc_494,0.5177499999999999,0.15390384615384614,0.44934090909090907,0.13082692307692306
74,sc_2020_insc_84,0.39775,0.29582692307692304,0.39775,0.14867103729603728
74,sc_2021_insc_497,0.47274999999999995,0.19775,0.4419833333333333,0.1485
75,sc_1962_insc_161,0.4521739130434782,0.15434782608695652,0.43859832015810274,0.09767276021080369
75,sc_1992_insc_93,0.6084642857142857,0.14775,0.45579285714285717,0.09433333333333334
75,sc_1995_insc_521,0.5333333333333333,0.18108333333333335,0.48294444444444445,0.13446818181818182
75,sc_1996_insc_82,0.6032694805194805,0.25684090909090906,0.5198040488922842,0.19424431818181817
75,sc_2002_insc_468,0.4191785714285714,0.06875,0.4191785714285714,0.05075000000000001
75,sc_2007_insc_453,0.43890384615384614,0.04775000000000001,0.4114679487179487,0.04775000000000001
75,sc_2008_insc_527,0.39775,0.11441666666666667,0.39775,0.0575952380952381
75,sc_2009_insc_361,0.4749999999999999,0.05,0.41874999999999996,0.048875
75,sc_2017_insc_220,0.5083333333333333,0.08108333333333334,0.45648809523809514,0.08108333333333334
75,sc_2018_insc_1060,0.39775,0.05,0.39775,0.048875
75,sc_2019_insc_1004,0.49774999999999997,0.27275,0.44887499999999997,0.1723875
75,sc_2021_insc_855,0.39775,0.04775000000000001,0.39775,0.04775000000000001
76,in_abs_train_1464,0.6334642857142856,0.42142857142857143,0.5500982142857143,0.29658035714285713
76,in_abs_train_5028,0.47274999999999995,0.125,0.4286499999999999,0.07425
76,in_abs_train_5099,0.39999999999999997,0.05,0.3985,0.048650000000000006
76,sc_1953_insc_47,0.4749999999999999,0.12275,0.4260999999999999,0.06841666666666667
76,sc_1965_insc_182,0.39775,0.24775,0.39775,0.10628496503496503
76,sc_1974_insc_86,0.560845238095238,0.1464285714285714,0.45284199134199127,0.07753214285714286
76,sc_1986_insc_179,0.5577499999999999,0.11,0.45815538461538463,0.10668181818181817
76,sc_1993_insc_157,0.39999999999999997,0.15,0.39818749999999997,0.08402678571428572
76,sc_1994_insc_389,0.54775,0.05,0.44775000000000004,0.04756250000000001
76,sc_1994_insc_403,0.46441666666666664,0.22774999999999998,0.4276645299145299,0.16922575757575758
76,sc_1996_insc_889,0.46441666666666664,0.13346428571428573,0.4610833333333333,0.0863968253968254
76,sc_2007_insc_1119,0.4834642857142857,0.21917857142857144,0.4520714285714285,0.13007857142857143
77,in_abs_train_5589,0.6444166666666665,0.23108333333333334,0.5075333333333333,0.17072222222222222
77,sc_1965_insc_12,0.5810833333333333,0.16775,0.48164583333333333,0.12138636363636364
77,sc_1967_insc_300,0.49515259740259737,0.18329545454545454,0.49084587471352176,0.14407207792207793
77,sc_1991_insc_279,0.65775,0.45275,0.6327499999999999,0.24339495798319324
77,sc_1992_insc_7,0.49999999999999994,0.26,0.4418333333333333,0.183875
77,sc_1996_insc_221,0.5125,0.15775,0.43599999999999994,0.07065
77,sc_2003_insc_538,0.5499999999999999,0.14775,0.448875,0.0733125
77,sc_2009_insc_529,0.47917857142857145,0.10775000000000001,0.42564285714285716,0.06520000000000001
77,sc_2011_insc_60,0.5300227272727273,0.11524999999999999,0.4635984848484848,0.09527941176470589
77,sc_2012_insc_272,0.4666666666666666,0.20775,0.40791666666666665,0.20775
77,sc_2017_insc_702,0.5727499999999999,0.11441666666666667,0.46441666666666653,0.11108333333333334
78,in_abs_train_1212,0.5714285714285715,0.38525,0.48115454545454545,0.2451269841269841
78,in_abs_train_4551,0.48775,0.17857142857142855,0.47088095238095234,0.12155659340659342
78,sc_1962_insc_238,0.4250227272727272,0.14775,0.4222255244755244,0.08865454545454546
78,sc_1973_insc_145,0.45999999999999996,0.125,0.45999999999999996,0.09371428571428571
78,sc_1982_insc_79,0.5211538461538461,0.11441666666666667,0.4825288461538461,0.08256944444444445
78,sc_1990_insc_310,0.47274999999999995,0.10775000000000001,0.466375,0.05687500000000001
78,sc_1991_insc_257,0.7499999999999999,0.3,0.6225999999999999,0.2089761904761905
78,sc_1996_insc_913,0.4834642857142857,0.04775000000000001,0.42528571428571427,0.04775000000000001
78,sc_2007_insc_187,0.61,0.12275,0.51425,0.10274999999999998
78,sc_2011_insc_90,0.39775,0.05,0.39775,0.04850000000000001
78,sc_2018_insc_716,0.6330769230769231,0.2,0.5442150349650349,0.10277121212121212
78,sc_2021_insc_167,0.4653970588235294,0.21666666666666667,0.4202990196078431,0.13859242424242427
79,in_abs_train_1353,0.39999999999999997,0.11441666666666667,0.398875,0.0791780303030303
79,sc_1969_insc_222,0.6276223776223776,0.2711765734265734,0.5300755744255744,0.23536313686313684
79,sc_1970_insc_16,0.4799999999999999,0.16024999999999998,0.4768333333333333,0.10264999999999999
79,sc_1989_insc_376,0.6357142857142857,0.3214285714285714,0.5005285714285714,0.21829761904761905
79,sc_1994_insc_119,0.49999999999999994,0.2357142857142857,0.4786499999999999,0.14448809523809522
79,sc_1995_insc_203,0.4834642857142857,0.14775,0.41579285714285713,0.13108333333333333
79,sc_2000_insc_114,0.5499999999999999,0.19775,0.4358125,0.086375
79,sc_2000_insc_30,0.6500227272727273,0.37502272727272723,0.5380590909090909,0.2333290043290043
79,sc_2007_insc_1089,0.5122954545454546,0.10454545454545455,0.4442651515151515,0.07001818181818183
79,sc_2008_insc_1005,0.39999999999999997,0.11666666666666667,0.3985,0.06243333333333334
79,sc_2013_insc_688,0.5177499999999999,0.16775,0.4745333333333333,0.16774999999999998
79,sc_2014_insc_18,0.5333333333333333,0.14441666666666667,0.4644333333333333,0.10219444444444446
80,in_abs_train_5338,0.6763214285714285,0.36441666666666667,0.6371904761904762,0.2383060606060606
80,sc_1970_insc_140,0.5461538461538461,0.24775,0.4621236888111888,0.111375
80,sc_1973_insc_182,0.6690909090909091,0.44775,0.5858828463203463,0.2755838068181818
80,sc_1983_insc_177,0.45999999999999996,0.125,0.43925,0.09020000000000002
80,sc_1993_insc_386,0.39999999999999997,0.15,0.397735,0.08183333333333334
80,sc_1995_insc_640,0.5927499999999999,0.30774999999999997,0.5313214285714285,0.22183333333333333
80,sc_1995_insc_673,0.39775,0.04775000000000001,0.39775,0.046943750000000006
80,sc_1996_insc_590,0.54775,0.05,0.43410714285714275,0.05
80,sc_2004_insc_463,0.5105705128205128,0.14441666666666667,0.443690170940171,0.06798333333333334
80,sc_2006_insc_316,0.6400576923076923,0.25229545454545454,0.4725257867132867,0.12615909090909092
80,sc_2013_insc_3,0.42082692307692304,0.06917857142857144,0.41244230769230766,0.05931512605042018
80,sc_2013_insc_396,0.49774999999999997,0.04775000000000001,0.41719999999999996,0.04775000000000001
81,in_abs_train_1727,0.6260833333333333,0.21441666666666667,0.557445471195471,0.21441666666666667
81,sc_1953_insc_19,0.39999999999999997,0.05,0.3982,0.04758333333333333
81,sc_1970_insc_221,0.39999999999999997,0.12275,0.39924999999999994,0.0632
81,sc_1996_insc_1269,0.5263214285714286,0.29774999999999996,0.46917857142857144,0.14234285714285713
81,sc_1997_insc_3,0.54775,0.2,0.43524999999999997,0.08637500000000001
81,sc_2001_insc_182,0.53775,0.25424350649350647,0.51025,0.18676590076590074
81,sc_2004_insc_650,0.5177499999999999,0.12775,0.42441666666666666,0.10775
81,sc_2009_insc_1104,0.39999999999999997,0.05,0.39924999999999994,0.047200000000000006
81,sc_2014_insc_752,0.39775,0.05,0.39775,0.048875
81,sc_2016_insc_1114,0.4749999999999999,0.12275,0.4235,0.0632
81,sc_2022_insc_195,0.45999999999999996,0.09775,0.427625,0.06025000000000001
81,sc_2023_insc_641,0.44999999999999996,0.175,0.43258333333333326,0.1282
82,in_abs_train_1704,0.39999999999999997,0.04775000000000001,0.398875,0.04775000000000001
82,in_abs_train_302,0.39999999999999997,0.11775,0.39909999999999995,0.07108333333333333
82,in_abs_train_5401,0.4461538461538461,0.05,0.4074307692307692,0.04850000000000001
82,in_abs_train_6656,0.5522954545454545,0.2,0.5350227272727273,0.10718706293706294
82,sc_1963_insc_65,0.48499999999999993,0.28346428571428567,0.44798055555555555,0.15037770562770564
82,sc_1970_insc_141,0.49999999999999994,0.23502272727272727,0.49387499999999995,0.13977829768270944
82,sc_1988_insc_260,0.5739404761904762,0.19285714285714284,0.5218666666666666,0.12111904761904763
82,sc_1998_insc_312,0.47274999999999995,0.10229545454545455,0.4450181818181818,0.06593181818181819
82,sc_2006_insc_299,0.49774999999999997,0.04775000000000001,0.4272916666666666,0.04775000000000001
82,sc_2023_insc_25,0.44775,0.1654125,0.42274999999999996,0.06773541666666667
82,sc_2023_insc_733,0.49005769230769225,0.14775,0.4363513986013986,0.09646794871794871
82,sc_2023_insc_843,0.39999999999999997,0.05,0.3982,0.04850000000000001
83,in_abs_train_3721,0.51025,0.08108333333333334,0.42780555555555555,0.06554166666666666
83,in_abs_train_720,0.6077499999999999,0.3116666666666666,0.5615181818181817,0.21612626262626258
83,sc_1961_insc_16,0.39999999999999997,0.14775,0.39865,0.08108333333333334
83,sc_1962_insc_354,0.536840909090909,0.34775,0.5175909090909091,0.1713772727272727
83,sc_1965_insc_16,0.5939038461538461,0.1,0.4955652472527472,0.07925274725274725
83,sc_1975_insc_201,0.54775,0.04775000000000001,0.435625,0.04775000000000001
83,sc_1975_insc_85,0.45229545454545456,0.21138636363636362,0.4119488636363636,0.10729545454545455
83,sc_1982_insc_83,0.5499999999999999,0.29274999999999995,0.47387499999999994,0.13641666666666666
83,sc_2002_insc_303,0.5449999999999999,0.04775000000000001,0.4237916666666666,0.04775000000000001
83,sc_2006_insc_990,0.45454545454545453,0.15,0.42091818181818186,0.08170833333333334
83,sc_2016_insc_27,0.5644166666666666,0.18275,0.5019166666666666,0.14610984848484848
83,sc_2022_insc_1323,0.6477499999999999,0.23108333333333334,0.523875,0.10923611111111113
84,in_abs_train_2511,0.5522954545454545,0.24025,0.47614772727272725,0.11380681818181819
84,sc_1991_insc_292,0.625,0.24285714285714283,0.5874999999999999,0.14921626984126984
84,sc_1993_insc_97,0.39775,0.11,0.39775,0.07367857142857144
84,sc_1994_insc_537,0.7833333333333333,0.3909090909090908,0.7256742424242424,0.32296590909090905
84,sc_2001_insc_378,0.6527499999999998,0.3060833333333333,0.5349791666666666,0.17444318181818183
84,sc_2007_insc_1111,0.39999999999999997,0.15,0.39924999999999994,0.08954999999999999
84,sc_2007_insc_434,0.5928571428571429,0.31560714285714286,0.49973511904761897,0.17590178571428572
84,sc_2011_insc_369,0.4834642857142857,0.05,0.41905357142857136,0.04831250000000001
84,sc_2015_insc_268,0.47274999999999995,0.09390384615384614,0.458326923076923,0.05859508547008548
84,sc_2017_insc_975,0.4250227272727272,0.07275000000000001,0.4153654916512059,0.07275000000000001
84,sc_2019_insc_1326,0.39999999999999997,0.16890384615384613,0.398875,0.09065430402930401
84,sc_2022_insc_184,0.4944166666666666,0.135,0.4622083333333333,0.11123809523809525
85,in_abs_train_5544,0.5499999999999999,0.14775,0.4358125,0.07275000000000001
85,sc_1959_insc_122,0.604675,0.20999999999999996,0.503585,0.12258333333333332
85,sc_1984_insc_131,0.6477499999999999,0.13346428571428573,0.5182261904761903,0.13346428571428573
85,sc_1994_insc_4,0.54775,0.19775,0.47275,0.07425
85,sc_1997_insc_97,0.6227499999999999,0.19775,0.5155333333333332,0.15132142857142858
85,sc_2007_insc_1022,0.49005769230769225,0.18275,0.45138942307692304,0.119
85,sc_2008_insc_1429,0.54775,0.11,0.47275,0.06766666666666667
85,sc_2010_insc_585,0.6227499999999999,0.12275,0.5665,0.06706250000000001
85,sc_2016_insc_891,0.39775,0.05,0.39775,0.048875
85,sc_2017_insc_173,0.39775,0.1,0.39775,0.07235096153846154
85,sc_2023_insc_174,0.49999999999999994,0.1234078947368421,0.44652185354691076,0.08784344012204424
85,sc_2023_insc_979,0.39999999999999997,0.05,0.3982,0.04850000000000001
86,in_abs_train_1232,0.5777499999999999,0.14441666666666667,0.48453333333333337,0.09072222222222222
86,sc_1961_insc_191,0.620826923076923,0.2208269230769231,0.5642465659340659,0.16100480769230768
86,sc_1976_insc_35,0.45229545454545456,0.1568409090909091,0.45229545454545456,0.08297348484848485
86,sc_1996_insc_1194,0.6931818181818181,0.10229545454545455,0.542965909090909,0.06473376623376624
86,sc_1996_insc_185,0.39999999999999997,0.19775,0.3983125,0.08525
86,sc_1996_insc_526,0.39775,0.05,0.39775,0.04820000000000001
86,sc_2000_insc_354,0.6277499999999998,0.1785714285714286,0.5362499999999999,0.1647261904761905
86,sc_2001_insc_51,0.39775,0.18571428571428572,0.39775,0.07624285714285714
86,sc_2002_insc_245,0.6083333333333333,0.08,0.4484027777777777,0.063875
86,sc_2008_insc_385,0.5844632867132866,0.23671328671328667,0.5497994005994006,0.17999425574425576
86,sc_2014_insc_813,0.7047619047619048,0.4048928571428571,0.6199424603174603,0.2902321428571428
86,sc_2017_insc_76,0.39999999999999997,0.15909090909090906,0.398875,0.1112482517482517
87,in_abs_train_2023,0.52,0.16775,0.4785,0.13175
87,in_abs_train_534,0.5384615384615384,0.10229545454545455,0.47516048951048956,0.08411363636363638
87,sc_1968_insc_263,0.8477499999999999,0.44025,0.7221003787878787,0.33283630952380944
87,sc_1976_insc_202,0.5100576923076923,0.12,0.49160920329670327,0.1164848901098901
87,sc_1991_insc_202,0.6977499999999999,0.33621153846153845,0.6087310606060605,0.26698076923076924
87,sc_1993_insc_232,0.5715056561085972,0.28121153846153846,0.5177047511312216,0.1778003663003663
87,sc_1996_insc_587,0.54775,0.04775000000000001,0.423125,0.04775000000000001
87,sc_1999_insc_324,0.45775,0.10775000000000001,0.43375,0.08775000000000001
87,sc_2000_insc_391,0.39999999999999997,0.10454545454545452,0.398875,0.05759090909090909
87,sc_2008_insc_144,0.5840909090909091,0.2863863636363636,0.5533409090909092,0.24309610389610387
87,sc_2011_insc_71,0.48571428571428565,0.18108333333333335,0.4750654761904761,0.12181242368742369
87,sc_2023_insc_20,0.575,0.11,0.48419999999999996,0.08925
88,in_abs_train_4331,0.6613863636363635,0.20454545454545453,0.4978733766233766,0.20454545454545453
88,in_abs_train_6452,0.54775,0.20013095238095238,0.516197186147186,0.1110436507936508
88,in_abs_train_975,0.5897954545454545,0.18333333333333335,0.5146571969696969,0.12220833333333335
88,sc_1966_insc_30,0.39999999999999997,0.19775,0.3985,0.07865
88,sc_1977_insc_240,0.39999999999999997,0.19775,0.39999999999999997,0.13979166666666668
88,sc_2002_insc_12,0.46441666666666664,0.04775000000000001,0.4071944444444444,0.04775000000000001
88,sc_2002_insc_363,0.5499999999999999,0.2545454545454545,0.4404590909090909,0.16668181818181818
88,sc_2004_insc_475,0.49999999999999994,0.31275,0.4860407925407925,0.1956590909090909
88,sc_2008_insc_1237,0.39999999999999997,0.05,0.398303125,0.04831250000000001
88,sc_2011_insc_605,0.47775,0.1380952380952381,0.4755651260504202,0.11119841269841269
88,sc_2015_insc_256,0.4749999999999999,0.11441666666666667,0.41874999999999996,0.08976666666666668
88,sc_2018_insc_394,0.47274999999999995,0.17275,0.43524999999999997,0.10277564102564103
89,in_abs_train_2074,0.6691785714285714,0.22774999999999998,0.5453690476190476,0.16089285714285712
89,in_abs_train_3738,0.39999999999999997,0.16441666666666666,0.39999999999999997,0.09807142857142859
89,in_abs_train_5518,0.39999999999999997,0.05,0.3983125,0.04831250000000001
89,in_abs_train_6124,0.45999999999999996,0.09775,0.44922142857142855,0.08108333333333334
89,in_abs_train_6857,0.6191785714285715,0.3137362637362637,0.5056517857142857,0.1882287087912088
89,sc_1994_insc_126,0.59775,0.29774999999999996,0.48093333333333327,0.26025
89,sc_1995_insc_270,0.7277499999999999,0.38229545454545455,0.5710454545454544,0.25070454545454546
89,sc_2005_insc_537,0.6590909090909092,0.30684090909090905,0.5531954545454545,0.18865909090909092
89,sc_2007_insc_1150,0.4428571428571428,0.08525,0.42678571428571427,0.06236666666666668
89,sc_2009_insc_1008,0.46441666666666664,0.11666666666666667,0.4230833333333333,0.0896540404040404
89,sc_2012_insc_270,0.54775,0.19775,0.44775000000000004,0.07865
89,sc_2020_insc_152,0.54775,0.19775,0.4358125,0.1215
90,in_abs_train_2310,0.5310833333333334,0.22774999999999998,0.4822083333333333,0.17664583333333334
90,in_abs_train_236,0.6884615384615383,0.245,0.5057850274725274,0.20002884615384614
90,sc_1995_insc_149,0.6714285714285715,0.12275,0.5730595238095239,0.08525
90,sc_1997_insc_714,0.4461538461538461,0.24775,0.4138846153846154,0.09385750000000001
90,sc_2000_insc_490,0.39999999999999997,0.05,0.39865,0.04850000000000001
90,sc_2004_insc_204,0.5857142857142857,0.19535,0.4724857142857143,0.15528333333333333
90,sc_2006_insc_125,0.5928571428571429,0.2,0.5553035714285713,0.09708928571428571
90,sc_2006_insc_475,0.5295454545454544,0.18537237762237763,0.5011477272727272,0.1547832584082584
90,sc_2012_insc_381,0.39999999999999997,0.05,0.39833333333333326,0.04865000000000001
90,sc_2013_insc_321,0.5522954545454545,0.1795454545454545,0.4518898601398601,0.12704545454545454
90,sc_2018_insc_266,0.39775,0.09390384615384614,0.39775,0.05698076923076924
90,sc_2023_insc_1049,0.6363863636363635,0.29698076923076916,0.5680646853146851,0.18579418498168493
91,in_abs_train_1156,0.516797619047619,0.1763214285714286,0.4784047619047619,0.15087500000000004
91,in_abs_train_3318,0.5310833333333334,0.26441666666666663,0.46762499999999996,0.13566666666666666
91,in_abs_train_3474,0.5584642857142856,0.18346428571428572,0.5390785714285713,0.16298412698412698
91,in_abs_train_7070,0.45999999999999996,0.16775,0.4398509615384615,0.12002272727272727
91,sc_1971_insc_173,0.6977499999999999,0.19775,0.5611499999999999,0.18108333333333335
91,sc_1974_insc_278,0.4666666666666666,0.12275,0.41554166666666664,0.0670625
91,sc_1979_insc_157,0.6136840659340659,0.26441666666666663,0.49887912087912084,0.15323104636591478
91,sc_2003_insc_43,0.49999999999999994,0.125,0.4318333333333333,0.0851047619047619
91,sc_2012_insc_318,0.6045454545454545,0.2722954545454545,0.5244469696969697,0.1235590909090909
91,sc_2014_insc_515,0.46441666666666664,0.11441666666666667,0.4199722222222222,0.06288333333333333
91,sc_2015_insc_108,0.51025,0.18571428571428572,0.4624166666666666,0.08280357142857143
91,sc_2022_insc_310,0.6288333333333332,0.2810833333333333,0.5382729166666667,0.23055303030303032
92,in_abs_train_6950,0.5644166666666666,0.25,0.48663888888888884,0.14824285714285715
92,sc_1980_insc_41,0.5310833333333334,0.18108333333333335,0.4519833333333333,0.09219444444444445
92,sc_1980_insc_58,0.49774999999999997,0.20108333333333334,0.4525833333333333,0.18400897435897434
92,sc_1987_insc_330,0.4522954545454545,0.04775000000000001,0.41668181818181815,0.047200000000000006
92,sc_1992_insc_281,0.6334642857142856,0.26,0.5023428571428571,0.1385
92,sc_1996_insc_1403,0.6928571428571428,0.26229545454545455,0.5613369963369963,0.176086013986014
92,sc_1998_insc_398,0.39999999999999997,0.14775,0.3983125,0.07443749999999999
92,sc_2004_insc_551,0.39999999999999997,0.05,0.3982,0.04850000000000001
92,sc_2011_insc_66,0.6120357142857142,0.19775,0.5263214285714286,0.10480600649350649
92,sc_2014_insc_156,0.41441666666666666,0.1775576923076923,0.40608333333333335,0.10941628959276017
92,sc_2014_insc_307,0.54775,0.05,0.4282,0.04925000000000001
92,sc_2016_insc_852,0.6977499999999999,0.14775,0.5471089743589744,0.09775
93,in_abs_train_275,0.46265384615384614,0.10525,0.4258152472527472,0.06653676470588235
93,in_abs_train_2934,0.5189038461538461,0.22229545454545455,0.4718206585081585,0.12638636363636363
93,in_abs_train_378,0.39999999999999997,0.09060714285714286,0.39924999999999994,0.06917857142857144
93,in_abs_train_4941,0.6045454545454545,0.2,0.5722803030303031,0.15028818181818182
93,in_abs_train_6688,0.55775,0.20999999999999996,0.466375,0.12054166666666666
93,sc_1970_insc_102,0.7566785714285713,0.41917857142857146,0.6263214285714285,0.3302714285714286
93,sc_1974_insc_92,0.45229545454545456,0.05,0.40759090909090906,0.048875
93,sc_1994_insc_100,0.4461538461538461,0.2862115384615384,0.4258923076923076,0.12723717948717947
93,sc_2006_insc_9,0.5777499999999999,0.16775,0.46795202020202015,0.10775000000000001
93,sc_2007_insc_811,0.5327499999999998,0.18275,0.5327499999999998,0.1397564935064935
93,sc_2015_insc_448,0.39775,0.22142857142857142,0.39775,0.1706530612244898
93,sc_2020_insc_269,0.4649038461538461,0.18890384615384614,0.44067032967032965,0.12715743374272787
94,in_abs_train_2623,0.48571428571428565,0.14775,0.48571428571428565,0.0859591836734694
94,in_abs_train_2792,0.39775,0.13346428571428573,0.39775,0.0690357142857143
94,in_abs_train_3746,0.6166666666666667,0.14775,0.5178833333333333,0.08183333333333333
94,in_abs_train_5591,0.5499999999999999,0.24775,0.4932754524886877,0.1858125
94,sc_1979_insc_35,0.5644166666666666,0.15,0.511407738095238,0.142625
94,sc_1980_insc_183,0.44775,0.09390384615384616,0.4191,0.06388461538461539
94,sc_1990_insc_217,0.8095681818181818,0.3399999999999999,0.6212272727272726,0.3322083333333333
94,sc_2002_insc_64,0.39775,0.11,0.39608333333333334,0.06020000000000001
94,sc_2014_insc_1008,0.48571428571428565,0.10229545454545455,0.4278214285714285,0.05910909090909091
94,sc_2019_insc_278,0.49168939393939387,0.20608333333333334,0.4275665792540792,0.13138636363636363
94,sc_2020_insc_123,0.49774999999999997,0.05,0.42308749999999995,0.05
94,sc_2023_insc_680,0.39999999999999997,0.05,0.3985,0.04820000000000001
95,in_abs_train_5079,0.6227499999999999,0.13571428571428573,0.47331249999999997,0.06955357142857144
95,in_abs_train_581,0.6227499999999999,0.27275,0.5826874999999999,0.2176875
95,sc_1963_insc_76,0.681840909090909,0.30781493506493507,0.5846761363636364,0.2031888736263736
95,sc_1965_insc_155,0.6685833333333332,0.21858333333333335,0.6685833333333332,0.15431903988868273
95,sc_1980_insc_163,0.48499999999999993,0.13082692307692306,0.46758424908424906,0.10082692307692306
95,sc_1991_insc_213,0.6,0.33108333333333334,0.6,0.17373438466295607
95,sc_1996_insc_504,0.49999999999999994,0.20775,0.47865,0.15441666666666667
95,sc_1999_insc_160,0.4666666666666666,0.17502272727272727,0.4305555555555555,0.1313712121212121
95,sc_2003_insc_52,0.46441666666666664,0.10775000000000001,0.4115333333333333,0.06775000000000002
95,sc_2010_insc_629,0.44390384615384615,0.1423076923076923,0.43000274725274723,0.10230288461538463
95,sc_2014_insc_1002,0.49774999999999997,0.05,0.44775,0.04812500000000001
95,sc_2021_insc_65,0.39999999999999997,0.19775,0.39909999999999995,0.09775
96,in_abs_train_1640,0.39775,0.05,0.39775,0.048875
96,in_abs_train_6307,0.39999999999999997,0.05,0.39924999999999994,0.04820000000000001
96,sc_1975_insc_264,0.46441666666666664,0.11441666666666667,0.4310833333333333,0.09199444444444445
96,sc_1987_insc_321,0.52,0.16775,0.488875,0.15775000000000003
96,sc_1994_insc_532,0.5122954545454544,0.16999999999999998,0.4850227272727272,0.098875
96,sc_2002_insc_347,0.59775,0.14775,0.52275,0.10581730769230768
96,sc_2004_insc_98,0.49005769230769225,0.23236538461538458,0.4496730769230769,0.20837179487179483
96,sc_2006_insc_753,0.4749999999999999,0.125,0.4286499999999999,0.09849999999999999
96,sc_2007_insc_107,0.49005769230769225,0.20251190476190475,0.4369615384615384,0.1206510989010989
96,sc_2007_insc_195,0.54775,0.05,0.435125,0.04831250000000001
96,sc_2007_insc_23,0.54775,0.05,0.47153333333333325,0.04850000000000001
96,sc_2022_insc_603,0.4666666666666666,0.05,0.4207222222222222,0.04820000000000001
97,in_abs_train_7042,0.5333333333333333,0.27274999999999994,0.5333333333333333,0.15219155844155843
97,sc_1965_insc_237,0.66775,0.30684090909090905,0.5929395202020201,0.2045681818181818
97,sc_1989_insc_295,0.54775,0.19775,0.4928807692307692,0.14775000000000002
97,sc_1993_insc_224,0.5019166666666666,0.18333333333333335,0.4668690476190475,0.12294444444444445
97,sc_1996_insc_146,0.625,0.3333333333333333,0.586375,0.18006944444444442
97,sc_1998_insc_333,0.49774999999999997,0.14775,0.4233125,0.07275000000000001
97,sc_2004_insc_279,0.5049999999999999,0.30191666666666667,0.43137499999999995,0.174
97,sc_2007_insc_30,0.44390384615384615,0.09390384615384614,0.42851923076923076,0.07478296703296704
97,sc_2014_insc_4,0.6164999999999999,0.16775,0.5603928571428571,0.14400000000000002
97,sc_2019_insc_658,0.39999999999999997,0.10775000000000001,0.398875,0.06275000000000001
97,sc_2023_insc_942,0.44999999999999996,0.09775,0.44530357142857135,0.0635
98,in_abs_train_4828,0.5209642857142857,0.2459642857142857,0.4872844105928471,0.21996638655462183
98,in_abs_train_6221,0.39775,0.10775000000000001,0.39775,0.06775000000000002
98,sc_1965_insc_21,0.4666666666666666,0.05,0.419986111111111,0.048875
98,sc_1975_insc_328,0.4930441176470588,0.125,0.4358676470588235,0.08526470588235295
98,sc_1983_insc_151,0.54775,0.05,0.4509027777777777,0.048875
98,sc_1990_insc_191,0.5610833333333333,0.44775,0.5132214285714285,0.26858333333333334
98,sc_1992_insc_256,0.44775,0.10229545454545455,0.40954999999999997,0.06668181818181819
98,sc_1998_insc_426,0.4666666666666666,0.11441666666666667,0.46554166666666663,0.06655341880341882
98,sc_2004_insc_359,0.4722954545454546,0.2732954545454545,0.440780303030303,0.12439265734265734
98,sc_2010_insc_168,0.5122954545454546,0.28307692307692306,0.44194886363636365,0.14368269230769232
98,sc_2014_insc_523,0.45999999999999996,0.18108333333333335,0.45999999999999996,0.11910714285714287
98,sc_2016_insc_1010,0.5334642857142856,0.19285714285714284,0.5011398809523808,0.14619642857142856
99,in_abs_train_1448,0.6083333333333333,0.23525000000000001,0.5244702380952381,0.13931349206349206
99,sc_1960_insc_177,0.5362115384615384,0.18846153846153846,0.5131346153846152,0.1485
99,sc_1961_insc_337,0.6374935897435896,0.2791785714285714,0.5676645299145298,0.18951623376623375
99,sc_1968_insc_170,0.5291785714285714,0.24642857142857139,0.49682523726273725,0.16197564935064934
99,sc_1988_insc_148,0.5310833333333334,0.11666666666666667,0.4310833333333334,0.06554166666666666
99,sc_1999_insc_398,0.39999999999999997,0.05,0.3982,0.04850000000000001
99,sc_2005_insc_279,0.6022954545454544,0.19775,0.5666818181818182,0.16775
99,sc_2008_insc_1200,0.39775,0.14775,0.39775,0.073875
99,sc_2008_insc_3,0.39775,0.14775,0.39775,0.07312500000000001
99,sc_2008_insc_56,0.47274999999999995,0.12275,0.4282,0.07275
99,sc_2013_insc_422,0.5545454545454546,0.10229545454545455,0.46819696969696967,0.07614772727272728
99,sc_2017_insc_1096,0.4428571428571428,0.24615384615384617,0.41278571428571426,0.09393076923076923
100,in_abs_train_1214,0.49774999999999997,0.19727272727272727,0.43706249999999996,0.12402651515151515
100,in_abs_train_582,0.45229545454545456,0.12275,0.42614772727272726,0.07918181818181819
100,sc_1962_insc_378,0.45775,0.10775000000000001,0.42774999999999996,0.06796590909090909
100,sc_1965_insc_127,0.5177499999999999,0.04775000000000001,0.4680181818181818,0.04775000000000001
100,sc_1970_insc_147,0.47274999999999995,0.125,0.44497222222222216,0.12198333333333333
100,sc_1993_insc_245,0.4666666666666666,0.18333333333333335,0.4436944444444444,0.11110909090909091
100,sc_1996_insc_1302,0.39999999999999997,0.19775,0.398875,0.09054166666666667
100,sc_1998_insc_381,0.49774999999999997,0.17082692307692307,0.47295454545454546,0.12785897435897436
100,sc_2003_insc_599,0.39999999999999997,0.2357142857142857,0.398875,0.12230952380952383
100,sc_2005_insc_485,0.55775,0.20999999999999996,0.4808125,0.1044375
100,sc_2007_insc_1062,0.46649999999999997,0.16999999999999998,0.44190000000000007,0.10591666666666666
101,in_abs_train_3089,0.5939038461538461,0.05,0.44070054945054943,0.05
101,in_abs_train_5285,0.575,0.22999999999999998,0.5551249999999999,0.19312500000000002
101,sc_1975_insc_165,0.42275,0.13502272727272727,0.413775641025641,0.07539025974025974
101,sc_1989_insc_360,0.49005769230769225,0.1400576923076923,0.4323653846153846,0.09446634615384615
101,sc_1995_insc_227,0.5852499999999999,0.3083333333333333,0.5158449675324676,0.2447083333333333
101,sc_2002_insc_320,0.55775,0.20454545454545453,0.49521428571428566,0.20454545454545453
101,sc_2002_insc_326,0.49168939393939387,0.12275,0.4212348484848485,0.0665
101,sc_2006_insc_615,0.6327499999999998,0.23941666666666667,0.5551826839826839,0.1723034188034188
101,sc_2007_insc_1078,0.5666666666666667,0.13346428571428573,0.46367619047619046,0.10132142857142858
101,sc_2008_insc_599,0.4522954545454545,0.04775000000000001,0.4095590909090909,0.04775000000000001
101,sc_2020_insc_525,0.555,0.125,0.4380416666666666,0.1075
102,in_abs_train_3507,0.5939038461538461,0.19775,0.45928846153846153,0.1130852272727273
102,sc_1961_insc_153,0.45775,0.05,0.41331249999999997,0.04831250000000001
102,sc_1966_insc_138,0.54775,0.21441666666666667,0.5046458333333333,0.1776309523809524
102,sc_1971_insc_316,0.48274999999999996,0.12917857142857142,0.42675,0.09786507936507936
102,sc_1971_insc_33,0.4834642857142857,0.13346428571428573,0.4278214285714285,0.06534285714285716
102,sc_1976_insc_228,0.5310833333333334,0.1400576923076923,0.49775,0.11928144078144078
102,sc_1984_insc_190,0.8394166666666665,0.46666666666666656,0.7314071969696969,0.36292261904761897
102,sc_1988_insc_228,0.66775,0.31999999999999995,0.6167246503496503,0.2500113636363636
102,sc_1997_insc_523,0.49774999999999997,0.04775000000000001,0.4373571428571429,0.04775000000000001
102,sc_2000_insc_127,0.6077499999999999,0.2545454545454545,0.5175590909090908,0.20486363636363636
102,sc_2000_insc_427,0.39999999999999997,0.04775000000000001,0.3980714285714285,0.04775000000000001
102,sc_2004_insc_94,0.5310833333333334,0.29774999999999996,0.45961111111111114,0.21470000000000003
103,in_abs_train_2541,0.6310833333333332,0.21833333333333332,0.5635589826839826,0.1111650641025641
103,sc_1962_insc_194,0.5177499999999999,0.11875000000000001,0.45778571428571424,0.07396512605042017
103,sc_1970_insc_146,0.6034642857142856,0.12229545454545454,0.4835565934065934,0.09276655207537561
103,sc_1987_insc_358,0.47274999999999995,0.15,0.41706249999999995,0.07387500000000001
103,sc_1990_insc_53,0.4749999999999999,0.125,0.44849999999999995,0.1232
103,sc_1999_insc_136,0.54775,0.15,0.463,0.15
103,sc_1999_insc_263,0.5644166666666666,0.18108333333333335,0.5194166666666666,0.16100189393939396
103,sc_2003_insc_214,0.6144166666666666,0.28346428571428567,0.5082261904761904,0.16040476190476188
103,sc_2011_insc_77,0.39775,0.04775000000000001,0.39775,0.04775000000000001
103,sc_2020_insc_232,0.39999999999999997,0.05,0.3985,0.04910000000000001
103,sc_2022_insc_1201,0.5277499999999999,0.20775,0.47387499999999994,0.132125
103,sc_2022_insc_538,0.39775,0.05,0.39775,0.04850000000000001
104,in_abs_train_2834,0.39999999999999997,0.10775000000000001,0.3982,0.08850000000000001
104,in_abs_train_6800,0.5844166666666666,0.11,0.5207969696969696,0.09743181818181817
104,in_abs_train_7062,0.5137362637362637,0.19033241758241756,0.5036456043956044,0.16391428571428573
104,sc_1970_insc_173,0.48499999999999993,0.07082692307692308,0.43982899698340877,0.06041346153846154
104,sc_1972_insc_208,0.52,0.31775,0.45925,0.1491090909090909
104,sc_1974_insc_18,0.49774999999999997,0.17632142857142857,0.44310210622710616,0.14442207792207792
104,sc_2001_3_415_423_en,0.47917857142857145,0.10775000000000001,0.4484310064935065,0.06923214285714287
104,sc_2005_insc_584,0.4834642857142857,0.13346428571428573,0.45489285714285715,0.09367619047619048
104,sc_2009_insc_817,0.39999999999999997,0.25775,0.39849999999999997,0.1718333333333333
104,sc_2010_insc_624,0.44999999999999996,0.14775,0.44686904761904755,0.07677142857142857
104,sc_2021_insc_418,0.54775,0.12275,0.54775,0.05910714285714286
104,sc_2023_insc_669,0.39775,0.04775000000000001,0.39775,0.04775000000000001
105,in_abs_train_3284,0.39999999999999997,0.19775,0.3985,0.07865
105,in_abs_train_3433,0.509090909090909,0.09285714285714286,0.4765545454545454,0.06353571428571429
105,in_abs_train_3580,0.39999999999999997,0.05,0.3983125,0.048875
105,sc_1959_insc_75,0.6775576923076922,0.3759615384615384,0.5914965659340659,0.2885989414996768
105,sc_1968_insc_211,0.39775,0.125,0.39775,0.082
105,sc_1971_insc_16,0.5125,0.15227272727272728,0.47842424242424236,0.14889242424242424
105,sc_1988_insc_342,0.54775,0.2,0.44775000000000004,0.10865
105,sc_2004_insc_333,0.6996980519480519,0.23157894736842105,0.5873709415584415,0.22002758316245158
105,sc_2006_insc_357,0.49774999999999997,0.04775000000000001,0.4237142857142856,0.04775000000000001
105,sc_2007_insc_343,0.49999999999999994,0.05,0.4233125,0.04831250000000001
105,sc_2021_insc_524,0.4944166666666666,0.13941666666666666,0.4915176282051281,0.10325407925407926
105,sc_2023_insc_167,0.4749999999999999,0.18108333333333335,0.4383214285714286,0.18108333333333335
106,in_abs_train_5980,0.5416666666666666,0.11666666666666667,0.4415333333333333,0.07072222222222223
106,sc_1971_insc_28,0.45999999999999996,0.04775000000000001,0.408125,0.04775000000000001
106,sc_1986_insc_150,0.5772954545454544,0.3564935064935065,0.5499877622377621,0.25091023976023974
106,sc_1996_insc_1030,0.4666666666666666,0.14775,0.4253166666666666,0.08183333333333333
106,sc_1999_insc_564,0.54775,0.2,0.47275,0.110125
106,sc_1999_insc_572,0.47274999999999995,0.12275,0.42971590909090907,0.08525
106,sc_2002_insc_288,0.4828571428571428,0.05,0.41905119047619044,0.05
106,sc_2010_insc_140,0.54775,0.25229545454545454,0.46092727272727274,0.15229545454545454
106,sc_2013_insc_565,0.6583333333333333,0.1950227272727273,0.5890833333333333,0.13950407925407926
106,sc_2015_insc_406,0.45775,0.14775,0.42774999999999996,0.10441666666666667
106,sc_2020_insc_542,0.4563966165413534,0.08304411764705882,0.4180488721804511,0.06192549019607844
106,sc_2022_insc_661,0.39775,0.04775000000000001,0.39775,0.04775000000000001
107,in_abs_train_3564,0.39999999999999997,0.2,0.39865,0.09999999999999999
107,sc_1954_insc_51,0.45999999999999996,0.04775000000000001,0.428875,0.04775000000000001
107,sc_1967_insc_185,0.47274999999999995,0.15,0.43637499999999996,0.081
107,sc_1979_insc_205,0.39999999999999997,0.05,0.3982,0.04847500000000001
107,sc_1985_insc_156,0.39999999999999997,0.05,0.39818749999999997,0.047625
107,sc_1994_insc_464,0.7191785714285713,0.34775,0.6456428571428571,0.18365
107,sc_2007_insc_839,0.5060833333333332,0.24775,0.49808008658008646,0.17912175324675325
107,sc_2008_insc_1311,0.4666666666666666,0.15,0.4214722222222222,0.12577121212121212
107,sc_2011_insc_377,0.54775,0.2,0.48149999999999993,0.116375
107,sc_2015_insc_10,0.54775,0.19775,0.4358125,0.08525
107,sc_2017_insc_691,0.46441666666666664,0.15,0.44775,0.0744375
107,sc_2020_insc_298,0.5227499999999999,0.22499999999999998,0.4845892857142856,0.16706249999999997
108,in_abs_train_1257,0.59775,0.24615384615384617,0.5351230769230769,0.14796794871794872
108,sc_1962_insc_225,0.49999999999999994,0.23227380952380952,0.4544424242424242,0.20111904761904761
108,sc_1975_insc_282,0.6477499999999999,0.35775,0.6257257575757575,0.24275000000000002
108,sc_1988_insc_205,0.39999999999999997,0.04775000000000001,0.39924999999999994,0.04775000000000001
108,sc_1997_insc_811,0.49774999999999997,0.19775,0.41479166666666667,0.12387500000000001
108,sc_1999_insc_42,0.54775,0.05,0.47275,0.048875
108,sc_2006_insc_119,0.61,0.19775,0.476,0.15275
108,sc_2007_insc_459,0.39775,0.04775000000000001,0.39775,0.04775000000000001
108,sc_2007_insc_850,0.51025,0.14775,0.42069999999999996,0.09646794871794873
108,sc_2014_insc_363,0.5177499999999999,0.04775000000000001,0.4657727272727272,0.04775000000000001
108,sc_2015_insc_191,0.5499999999999999,0.11441666666666667,0.48027220695970696,0.08735416666666666
108,sc_2018_insc_757,0.54775,0.11441666666666667,0.4453428571428571,0.07072222222222223
109,in_abs_train_6409,0.5906071428571428,0.29108333333333336,0.4977857142857143,0.15286666666666665
109,sc_1962_insc_265,0.39999999999999997,0.05,0.398875,0.048875
109,sc_1966_insc_212,0.5049999999999999,0.46560714285714283,0.47174999999999995,0.2488642857142857
109,sc_1996_insc_997,0.5727499999999999,0.2,0.48620238095238094,0.13887500000000003
109,sc_1998_insc_111,0.6126538461538461,0.06764705882352942,0.5667051282051282,0.06220839783281735
109,sc_2000_insc_59,0.509090909090909,0.10229545454545455,0.4356136363636363,0.05865909090909092
109,sc_2001_insc_415,0.39999999999999997,0.05,0.39924999999999994,0.048650000000000006
109,sc_2006_insc_295,0.59775,0.24775,0.5063214285714286,0.17980128205128207
109,sc_2009_insc_1229,0.45775,0.25229545454545454,0.428875,0.11888257575757577
109,sc_2012_insc_485,0.39999999999999997,0.04775000000000001,0.3982,0.04775000000000001
109,sc_2013_insc_215,0.6022954545454544,0.2,0.5000227272727272,0.09016666666666667
109,sc_2023_insc_63,0.7000000000000001,0.34775,0.6194181818181818,0.2735
110,in_abs_train_5604,0.5499999999999999,0.12275,0.47387499999999994,0.07275000000000001
110,sc_1990_insc_30,0.48584523809523805,0.2772954545454545,0.4707529761904761,0.19376704545454543
110,sc_2003_insc_734,0.49999999999999994,0.15,0.4382,0.08183333333333334
110,sc_2006_insc_642,0.42275,0.12275,0.4045625,0.0681875
110,sc_2009_insc_1100,0.39775,0.05,0.39775,0.047650000000000005
110,sc_2009_insc_276,0.48571428571428565,0.13346428571428573,0.44116964285714283,0.09173214285714287
110,sc_2013_insc_667,0.47274999999999995,0.04775000000000001,0.41762499999999997,0.04775000000000001
110,sc_2015_insc_305,0.5330441176470588,0.12775,0.43365882352941176,0.08775
110,sc_2015_insc_63,0.39999999999999997,0.05,0.3983125,0.048875
110,sc_2019_insc_197,0.56,0.04775000000000001,0.43065,0.04775000000000001
110,sc_2021_insc_13,0.39999999999999997,0.05,0.3982,0.04850000000000001
110,sc_2022_insc_1268,0.58,0.18108333333333335,0.4939722222222222,0.15626904761904764
111,in_abs_train_1485,0.46441666666666664,0.24775,0.46441666666666664,0.1924404761904762
111,in_abs_train_4339,0.5906071428571428,0.21353947368421053,0.49402678571428565,0.12942152255639097
111,in_abs_train_5514,0.39999999999999997,0.04775000000000001,0.39831249999999996,0.04775000000000001
111,sc_1961_insc_171,0.5795681818181818,0.13229545454545455,0.5113772727272727,0.10125649350649352
111,sc_1962_insc_19,0.625,0.22499999999999998,0.5596704545454545,0.1508125
111,sc_1962_insc_192,0.6334642857142856,0.2,0.47782142857142845,0.14186428571428572
111,sc_1998_insc_199,0.44390384615384615,0.09775,0.4069807692307692,0.09721794871794871
111,sc_2006_insc_987,0.5394166666666665,0.11666666666666667,0.4871944444444443,0.08731666666666667
111,sc_2009_insc_313,0.625,0.2589285714285714,0.5550039682539682,0.18796190476190475
111,sc_2011_insc_55,0.5499999999999999,0.12775,0.46258333333333335,0.09475
111,sc_2014_insc_1012,0.39999999999999997,0.05,0.3985,0.048875
111,sc_2021_insc_344,0.5177499999999999,0.15,0.48774999999999996,0.10788076923076924
112,in_abs_train_2125,0.6156071428571427,0.24060714285714285,0.5771507936507936,0.21673214285714285
112,in_abs_train_4037,0.49774999999999997,0.2,0.42275,0.1233125
112,sc_1952_insc_6,0.5249999999999999,0.16890384615384613,0.4733125,0.08395810439560439
112,sc_1970_insc_166,0.5068409090909091,0.1590909090909091,0.46785795454545454,0.13013068181818183
112,sc_1996_insc_127,0.4461538461538461,0.10454545454545455,0.44502884615384614,0.0575909090909091
112,sc_1996_insc_834,0.6377499999999998,0.2822954545454545,0.5510227272727273,0.17411363636363633
112,sc_1998_insc_15,0.47274999999999995,0.13275,0.41319999999999996,0.10275000000000001
112,sc_2006_insc_88,0.45229545454545456,0.30684090909090905,0.4250227272727273,0.11857954545454545
112,sc_2007_insc_1109,0.6045454545454545,0.26,0.4864346653346653,0.15244230769230768
112,sc_2014_insc_687,0.45775,0.11666666666666667,0.42774999999999996,0.05998611111111111
112,sc_2017_insc_1264,0.45999999999999996,0.11441666666666667,0.4461923076923077,0.07881538461538462
112,sc_2021_insc_540,0.55775,0.2318409090909091,0.5116818181818181,0.14801608391608392
113,in_abs_train_5905,0.45999999999999996,0.05,0.4102,0.04850000000000001
113,in_abs_train_768,0.5349999999999999,0.10775000000000001,0.44213419913419905,0.10775000000000001
113,in_abs_train_834,0.6414999999999998,0.23775,0.6026506140917904,0.1530767973856209
113,sc_1966_insc_23,0.39999999999999997,0.05,0.39999999999999997,0.04871428571428572
113,sc_1967_insc_203,0.5295454545454544,0.20999999999999996,0.48036818181818175,0.10183333333333333
113,sc_1981_insc_64,0.5250227272727271,0.06917857142857144,0.44017424242424236,0.05293571428571429
113,sc_1997_insc_631,0.6375000000000001,0.23108333333333334,0.5398300865800866,0.1768300865800866
113,sc_2007_insc_1312,0.39775,0.04775000000000001,0.39775,0.04775000000000001
113,sc_2007_insc_621,0.39775,0.05,0.39775,0.0484
113,sc_2008_insc_440,0.4834642857142857,0.125,0.47782142857142845,0.07865000000000001
113,sc_2011_insc_619,0.47274999999999995,0.12275,0.46024999999999994,0.07804924242424244
113,sc_2017_insc_116,0.6818409090909089,0.29275,0.5481124232909946,0.29275
114,in_abs_train_5816,0.45999999999999996,0.11441666666666667,0.4115499999999999,0.06997222222222223
114,sc_1977_insc_208,0.42275,0.22275,0.40608333333333335,0.11011363636363636
114,sc_1988_insc_30,0.5708333333333334,0.2802583333333333,0.48172916666666665,0.2164831439393939
114,sc_1996_insc_930,0.45454545454545453,0.08525,0.4360551948051948,0.08525
114,sc_2003_insc_374,0.46775,0.1,0.4218333333333333,0.07767142857142859
114,sc_2004_insc_400,0.5545454545454545,0.13727272727272727,0.5012613636363636,0.13259877622377622
114,sc_2006_insc_730,0.47274999999999995,0.14775,0.4477499999999999,0.10975000000000001
114,sc_2006_insc_818,0.54775,0.05,0.44849999999999995,0.048650000000000006
114,sc_2008_insc_774,0.6923928571428571,0.1785714285714286,0.5460833333333333,0.16175000000000003
114,sc_2009_insc_1010,0.5176470588235293,0.12,0.4934128151260504,0.09178839869281046
114,sc_2009_insc_1066,0.5022727272727272,0.2461538461538461,0.4709044913419913,0.15143618881118878
114,sc_2023_insc_1084,0.39999999999999997,0.2,0.3985,0.10264999999999999
115,in_abs_train_1178,0.54775,0.2,0.54775,0.15617857142857144
115,in_abs_train_125,0.625,0.27275,0.4845327813852814,0.19572222222222221
115,in_abs_train_2132,0.44390384615384615,0.14775,0.4162115384615384,0.08183333333333333
115,sc_1979_insc_110,0.6205882352941177,0.28197459893048127,0.5999585913312693,0.19031161934470756
115,sc_1988_insc_334,0.45454545454545453,0.1755909090909091,0.4095590909090909,0.13829598617756514
115,sc_2001_insc_548,0.653903846153846,0.25229545454545454,0.553248951048951,0.18411363636363634
115,sc_2004_insc_128,0.54775,0.19775,0.46025,0.1233125
115,sc_2004_insc_552,0.4428571428571428,0.09390384615384614,0.4135357142857143,0.0728496978021978
115,sc_2004_insc_607,0.47274999999999995,0.2,0.43316666666666664,0.10456250000000002
115,sc_2006_insc_457,0.44775,0.04775000000000001,0.4068333333333333,0.04775000000000001
115,sc_2010_insc_882,0.46441666666666664,0.11441666666666667,0.4207222222222222,0.05747833333333334
115,sc_2020_insc_347,0.46441666666666664,0.04775000000000001,0.43731666666666663,0.04775000000000001
116,in_abs_train_1470,0.45229545454545456,0.10229545454545455,0.43001818181818185,0.08486363636363636
116,in_abs_train_218,0.45999999999999996,0.10775000000000001,0.413875,0.09138636363636364
116,in_abs_train_2574,0.5238009049773755,0.15390384615384614,0.4732296141938557,0.11601923076923076
116,in_abs_train_4966,0.5927499999999999,0.27,0.5230852272727272,0.20360416666666667
116,sc_1965_insc_143,0.4599999999999999,0.04775000000000001,0.4246346153846153,0.04775000000000001
116,sc_1972_insc_238,0.46441666666666664,0.12275,0.4214722222222222,0.08986666666666668
116,sc_2001_insc_260,0.5499999999999999,0.09390384615384614,0.43637499999999996,0.07082692307692308
116,sc_2008_insc_591,0.39775,0.15,0.39775,0.10288333333333333
116,sc_2010_insc_16,0.47274999999999995,0.12275,0.43524999999999997,0.07312500000000001
116,sc_2011_insc_846,0.45999999999999996,0.12275,0.43668181818181817,0.07865
116,sc_2018_insc_1184,0.5227499999999999,0.19775,0.4394166666666666,0.08265
116,sc_2019_insc_541,0.39999999999999997,0.14775,0.398875,0.07275000000000001
117,in_abs_train_3499,0.47372402597402596,0.07275000000000001,0.4474336496836497,0.06181538461538462
117,sc_1952_insc_67,0.6360833333333332,0.1901742424242424,0.5781666666666665,0.15629924242424242
117,sc_1967_insc_120,0.54775,0.04775000000000001,0.4902,0.04775000000000001
117,sc_1970_insc_77,0.75,0.19775,0.5764957264957266,0.11156818181818182
117,sc_1981_insc_140,0.45229545454545456,0.1770454545454545,0.4159318181818182,0.1258168831168831
117,sc_1995_insc_222,0.7597902097902098,0.35299475524475527,0.6685222902097901,0.3116866258741259
117,sc_1996_insc_799,0.6066785714285714,0.14775,0.4455867346938775,0.14775
117,sc_2005_insc_38,0.5727499999999999,0.2810833333333333,0.5165,0.18164583333333334
117,sc_2009_insc_963,0.46441666666666664,0.10775000000000001,0.42651762820512823,0.06275000000000001
117,sc_2013_insc_438,0.39775,0.04775000000000001,0.39775,0.04775000000000001
117,sc_2016_insc_884,0.4749999999999999,0.13346428571428573,0.4719833333333333,0.10207142857142858
117,sc_2018_insc_1161,0.4819745989304813,0.13197459893048127,0.46623241272793703,0.10075451929783771
118,in_abs_train_1447,0.4333333333333333,0.3144166666666667,0.4333333333333333,0.2184438775510204
118,in_abs_train_3317,0.39999999999999997,0.04775000000000001,0.396555,0.04775000000000001
118,in_abs_train_3985,0.5134642857142856,0.0880948275862069,0.44253766233766223,0.08159816141712693
118,in_abs_train_4077,0.6227499999999999,0.19775,0.5165,0.19775
118,in_abs_train_6292,0.39775,0.12275,0.39775,0.067625
118,sc_1962_insc_229,0.4522954545454545,0.11,0.4119488636363636,0.0794375
118,sc_1972_insc_243,0.4749999999999999,0.12275,0.43581249999999994,0.0670625
118,sc_1972_insc_256,0.6600576923076922,0.26775,0.5659104895104894,0.15516666666666667
118,sc_1990_insc_61,0.4522954545454545,0.24275,0.42558522727272724,0.127
118,sc_1993_insc_85,0.39999999999999997,0.05,0.3983125,0.048875
118,sc_1995_insc_244,0.39775,0.12275,0.39775,0.0641
118,sc_2009_insc_410,0.54775,0.11666666666666667,0.4755590909090909,0.07222222222222223
119,in_abs_train_3275,0.6727499999999998,0.30846428571428575,0.6065495337995337,0.22299565434565433
119,in_abs_train_449,0.39775,0.05,0.39775,0.04839285714285715
119,in_abs_train_4844,0.73,0.35132142857142856,0.6383125,0.19920535714285711
119,sc_1966_insc_191,0.4834642857142857,0.12275,0.45317346938775505,0.12275
119,sc_1967_insc_262,0.52,0.11533241758241758,0.4951666666666667,0.10592802197802198
119,sc_1970_insc_108,0.4214285714285714,0.12537237762237763,0.4092321428571428,0.07292482517482518
119,sc_2006_insc_445,0.5499999999999999,0.05,0.431375,0.04831250000000001
119,sc_2007_insc_1127,0.39775,0.125,0.39775,0.07865
119,sc_2009_insc_1178,0.47372402597402596,0.13727272727272727,0.47372402597402596,0.11506896674753817
119,sc_2010_insc_27,0.5853324175824176,0.2626538461538461,0.5253324175824176,0.1952454212454212
119,sc_2011_insc_379,0.4406071428571428,0.09060714285714286,0.4120357142857143,0.05677142857142857
119,sc_2013_insc_629,0.5808269230769231,0.13727272727272727,0.5246175824175824,0.11437412587412588
120,in_abs_train_1163,0.6345454545454545,0.25502272727272723,0.539680303030303,0.15795202020202018
120,in_abs_train_279,0.43524999999999997,0.13346428571428573,0.43524999999999997,0.09125000000000001
120,sc_1954_insc_9,0.6318181818181818,0.12502272727272726,0.48077987012987017,0.09925757575757577
120,sc_1983_insc_88,0.59775,0.26390384615384616,0.508889423076923,0.13832692307692307
120,sc_1992_insc_352,0.39999999999999997,0.05,0.39999999999999997,0.04903571428571429
120,sc_1995_insc_408,0.5199425133689839,0.21775,0.48817780748663103,0.14009415584415583
120,sc_1995_insc_464,0.4834642857142857,0.11441666666666667,0.42707142857142855,0.08220833333333333
120,sc_2006_insc_883,0.49774999999999997,0.28346428571428567,0.4604047619047619,0.1691785714285714
120,sc_2007_insc_676,0.39999999999999997,0.15,0.3985,0.10365000000000002
120,sc_2008_insc_538,0.39999999999999997,0.05,0.39831249999999996,0.04943750000000001
120,sc_2014_insc_264,0.47274999999999995,0.20775,0.43524999999999997,0.08729166666666667
120,sc_2022_insc_810,0.45775,0.2,0.4194307692307692,0.09925
121,in_abs_train_5787,0.56,0.125,0.5031000000000001,0.1135
121,sc_1961_insc_293,0.39999999999999997,0.05,0.398875,0.04850000000000001
121,sc_1976_insc_265,0.47274999999999995,0.12275,0.41274999999999995,0.07350000000000001
121,sc_1978_insc_22,0.4834642857142857,0.05,0.4516964285714285,0.048875
121,sc_1983_insc_178,0.54775,0.2,0.47275,0.12387500000000001
121,sc_2006_insc_483,0.6022954545454544,0.22727272727272724,0.5243741258741258,0.17343787878787878
121,sc_2008_insc_1038,0.49999999999999994,0.20500000000000002,0.49318749999999995,0.137625
121,sc_2012_insc_368,0.49774999999999997,0.125,0.4325833333333333,0.06455
121,sc_2015_insc_484,0.54775,0.11666666666666667,0.54775,0.08458333333333333
121,sc_2019_insc_415,0.5677499999999999,0.11775,0.45743749999999994,0.07025
121,sc_2021_insc_297,0.6277499999999999,0.26382142857142854,0.5237678487663008,0.1616316770186335
121,sc_2023_insc_197,0.5299178321678321,0.12729545454545454,0.45099825174825164,0.10449870129870129
122,in_abs_train_4623,0.46441666666666664,0.11441666666666667,0.4399722222222222,0.08686666666666668
122,in_abs_train_5417,0.44390384615384615,0.09615384615384615,0.4247829670329669,0.07796794871794871
122,in_abs_train_5600,0.6644166666666667,0.24774999999999994,0.6214722222222222,0.18826060606060604
122,in_abs_train_7104,0.6607370129870129,0.0875,0.4816962481962481,0.0875
122,sc_1972_insc_215,0.56,0.18621153846153846,0.5072727272727273,0.15049485236985238
122,sc_2002_insc_325,0.46441666666666664,0.27,0.41441666666666666,0.11863636363636364
122,sc_2008_insc_457,0.39999999999999997,0.05,0.39758333333333334,0.047150000000000004
122,sc_2009_insc_733,0.5877499999999999,0.29,0.5403783022533022,0.198875
122,sc_2010_insc_483,0.39999999999999997,0.19775,0.3982,0.09775
122,sc_2011_insc_215,0.39999999999999997,0.05,0.3985,0.04910000000000001
122,sc_2023_insc_796,0.49039705882352935,0.1,0.43247856963298137,0.07387500000000001
123,in_abs_train_3774,0.6475,0.1890909090909091,0.5426555944055944,0.12005492424242425
123,in_abs_train_6506,0.49774999999999997,0.11666666666666667,0.4318333333333333,0.06198333333333335
123,sc_1957_insc_112,0.6077499999999999,0.19390384615384615,0.4781249999999999,0.15082692307692308
123,sc_1996_insc_731,0.5100576923076923,0.2987115384615384,0.451872616354234,0.18209684065934065
123,sc_2000_insc_63,0.4749999999999999,0.22275,0.4282,0.10683333333333334
123,sc_2003_insc_745,0.5019166666666666,0.11441666666666667,0.4681607142857142,0.08108333333333334
123,sc_2004_insc_624,0.6334642857142856,0.2857142857142857,0.5756934523809524,0.1656607142857143
123,sc_2006_insc_312,0.49774999999999997,0.24775,0.43775000000000003,0.23183333333333334
123,sc_2007_insc_206,0.5544875,0.08333333333333334,0.4579514204545454,0.07500000000000001
123,sc_2014_insc_65,0.39999999999999997,0.05,0.3982,0.04850000000000001
123,sc_2018_insc_727,0.5499999999999999,0.04775000000000001,0.46395833333333325,0.04775000000000001
123,sc_2022_insc_103,0.39775,0.05,0.39775,0.04810000000000001
124,in_abs_train_12,0.4522954545454545,0.26,0.41668181818181815,0.14233076923076923
124,in_abs_train_3458,0.5334642857142856,0.21917857142857144,0.4832440476190476,0.15333928571428573
124,in_abs_train_4073,0.39999999999999997,0.05,0.398875,0.04804166666666668
124,sc_1966_insc_26,0.6277499999999998,0.14,0.5036723484848484,0.10408333333333335
124,sc_1969_insc_117,0.5244166666666666,0.18333333333333335,0.4501881313131313,0.15000000000000002
124,sc_1969_insc_204,0.531840909090909,0.1825,0.48744696969696966,0.13433787878787878
124,sc_1990_insc_114,0.7127499999999999,0.4015454545454545,0.6152372960372959,0.34414335664335666
124,sc_2000_insc_416,0.4406071428571428,0.09390384615384614,0.4391785714285714,0.08393131868131869
124,sc_2003_insc_376,0.543903846153846,0.29005769230769224,0.5181057692307691,0.15354532967032963
124,sc_2013_insc_835,0.39999999999999997,0.05,0.398875,0.04887500000000001
124,sc_2021_insc_590,0.41441666666666666,0.04775000000000001,0.40153333333333335,0.04775000000000001
124,sc_2023_insc_200,0.49060714285714285,0.23024999999999998,0.4696547619047619,0.1234032142857143
125,in_abs_train_3712,0.7691785714285714,0.41203571428571434,0.6701309523809523,0.27653571428571433
125,in_abs_train_3833,0.5177499999999999,0.16775,0.47706249999999994,0.11928846153846155
125,in_abs_train_6203,0.53275,0.125,0.44649999999999995,0.0681875
125,sc_1959_insc_85,0.49999999999999994,0.07502272727272728,0.4276071428571428,0.07502272727272728
125,sc_1967_insc_254,0.43524999999999997,0.09060714285714286,0.4324722222222222,0.08210476190476192
125,sc_1989_insc_255,0.5421350267379679,0.35294117647058815,0.5010990039372392,0.20801820728291315
125,sc_1993_insc_24,0.39999999999999997,0.05,0.39909999999999995,0.04850000000000001
125,sc_2002_insc_233,0.4666666666666666,0.12275,0.4286041666666666,0.08069886363636365
125,sc_2007_insc_1273,0.39999999999999997,0.19775,0.398875,0.13145833333333332
125,sc_2011_insc_249,0.39775,0.04775000000000001,0.39575,0.04775000000000001
125,sc_2017_insc_756,0.44775,0.05,0.42774999999999996,0.04850000000000001
125,sc_2017_insc_840,0.39775,0.29774999999999996,0.39775,0.11424999999999999
126,in_abs_train_3854,0.5939038461538461,0.18621153846153846,0.5054050096961862,0.10928846153846154
126,sc_1963_insc_91,0.54275,0.05,0.42765,0.04850000000000001
126,sc_1995_insc_555,0.49999999999999994,0.05,0.41864999999999997,0.04850000000000001
126,sc_1996_insc_1270,0.39999999999999997,0.05,0.398875,0.04831250000000001
126,sc_2000_insc_15,0.48571428571428565,0.13,0.4571428571428571,0.0979142857142857
126,sc_2000_insc_299,0.39775,0.12275,0.39775,0.06175
126,sc_2014_insc_161,0.45454545454545453,0.05,0.4095590909090909,0.04850000000000001
126,sc_2014_insc_394,0.48666666666666664,0.23974358974358972,0.4529138528138528,0.16326301476301477
126,sc_2014_insc_446,0.6118409090909089,0.255,0.5760340909090909,0.17876704545454544
126,sc_2014_insc_594,0.46441666666666664,0.18108333333333335,0.4399722222222222,0.14953333333333335
126,sc_2018_insc_219,0.5499999999999999,0.28346428571428567,0.5030416666666667,0.2584642857142857
126,sc_2020_insc_205,0.4522954545454545,0.13082692307692306,0.42210064935064934,0.07541346153846154
127,in_abs_train_3662,0.5694166666666666,0.11666666666666667,0.4913166666666666,0.10294444444444445
127,in_abs_train_4090,0.6244166666666666,0.39999999999999997,0.5284458333333333,0.3159166666666667
127,in_abs_train_4311,0.4330441176470588,0.125,0.43206372549019606,0.10178836797877044
127,sc_1966_insc_187,0.43524999999999997,0.30275,0.43524999999999997,0.21033163265306123
127,sc_1981_insc_119,0.48571428571428565,0.12275,0.4338357142857142,0.07275000000000001
127,sc_1990_insc_340,0.6333560606060605,0.26775,0.6141780303030302,0.18696357808857808
127,sc_1994_insc_605,0.61,0.25775,0.5071090909090908,0.13775
127,sc_2000_insc_173,0.6277499999999998,0.22917857142857143,0.5093090909090908,0.15666849816849815
127,sc_2002_insc_477,0.6610576923076923,0.2626538461538461,0.5931191553544494,0.23362556561085973
127,sc_2004_insc_557,0.45454545454545453,0.12597402597402596,0.41751136363636365,0.10437987012987013
127,sc_2022_insc_225,0.49005769230769225,0.09775,0.4463513986013986,0.09721794871794871
127,sc_2023_insc_458,0.6022954545454544,0.05,0.4619488636363636,0.04831250000000001
128,in_abs_train_2863,0.5777499999999999,0.1908269230769231,0.5433124999999999,0.16476923076923078
128,in_abs_train_3341,0.5562115384615384,0.20621153846153847,0.4738141025641025,0.18425961538461538
128,in_abs_train_3748,0.45999999999999996,0.11666666666666667,0.45999999999999996,0.10157792207792207
128,in_abs_train_4429,0.4944166666666666,0.20525000000000002,0.4454015151515151,0.1376875
128,sc_1972_insc_85,0.5068409090909091,0.30274999999999996,0.4644681818181818,0.1935
128,sc_1996_insc_1176,0.54775,0.19775,0.4935,0.13820000000000002
128,sc_2008_insc_388,0.48571428571428565,0.04775000000000001,0.42707142857142855,0.04775000000000001
128,sc_2012_insc_210,0.44775,0.10775000000000001,0.42274999999999996,0.05812500000000001
128,sc_2014_insc_539,0.47274999999999995,0.125,0.44497222222222216,0.12153333333333334
128,sc_2019_insc_354,0.5714285714285715,0.21917857142857144,0.4855285714285714,0.13346428571428573
128,sc_2019_insc_684,0.5399999999999999,0.04775000000000001,0.4674038461538461,0.04775000000000001
128,sc_2024_insc_296,0.49774999999999997,0.05,0.42275,0.04887500000000001
129,in_abs_train_1446,0.47274999999999995,0.19390384615384615,0.4224307692307693,0.13055128205128205
129,in_abs_train_2143,0.7507575187969924,0.28560714285714284,0.574045864661654,0.25894047619047617
129,in_abs_train_4060,0.54775,0.17826948051948052,0.4816958741258741,0.15058050283050284
129,sc_1960_insc_137,0.6416893939393938,0.30191666666666667,0.5707045454545454,0.25850833333333334
129,sc_1966_insc_59,0.45775,0.10775000000000001,0.4335590909090909,0.08441666666666668
129,sc_1968_insc_226,0.6894166666666666,0.31024999999999997,0.5444345238095237,0.2134583333333333
129,sc_1976_insc_237,0.6276470588235293,0.12775,0.4688492647058823,0.07243750000000002
129,sc_1988_insc_187,0.45999999999999996,0.26,0.45999999999999996,0.12092857142857143
129,sc_2002_insc_575,0.54775,0.05,0.4235,0.048875
129,sc_2003_insc_432,0.45775,0.14108333333333334,0.45775,0.1368930735930736
129,sc_2006_insc_861,0.54775,0.05,0.4409285714285714,0.05
129,sc_2007_insc_595,0.47275,0.12,0.4709642857142857,0.10619413919413918
130,in_abs_train_2088,0.6477499999999999,0.4361538461538461,0.599625541125541,0.3166125874125874
130,in_abs_train_2394,0.48571428571428565,0.19775,0.4583988095238095,0.1239077380952381
130,in_abs_train_3592,0.59775,0.2,0.4902568447634237,0.1826985294117647
130,in_abs_train_5235,0.49774999999999997,0.10775000000000001,0.4233125,0.0644375
130,in_abs_train_904,0.4749999999999999,0.13346428571428573,0.43749999999999994,0.10724107142857144
130,sc_1962_insc_119,0.645931818181818,0.3533333333333333,0.540590909090909,0.23036868686868683
130,sc_1977_insc_37,0.39999999999999997,0.05,0.3983125,0.04831250000000001
130,sc_1987_insc_151,0.39775,0.25775,0.39775,0.12645833333333334
130,sc_1987_insc_323,0.473076923076923,0.07307692307692307,0.44607212787212785,0.05694230769230769
130,sc_2009_insc_787,0.5503723776223775,0.19604545454545455,0.4806374625374625,0.12009848484848486
130,sc_2013_insc_505,0.49999999999999994,0.14775,0.442625,0.0733125
130,sc_2024_insc_86,0.4666666666666666,0.18941666666666668,0.4633424242424242,0.13941666666666666
131,in_abs_train_340,0.538076923076923,0.22275,0.47353811188811185,0.12991025641025641
131,in_abs_train_3533,0.6090909090909091,0.22774999999999998,0.5351306818181818,0.21199242424242423
131,sc_1974_insc_148,0.39999999999999997,0.04775000000000001,0.3982,0.04775000000000001
131,sc_1975_insc_302,0.575,0.1595238095238095,0.5149833333333333,0.1420634920634921
131,sc_1988_insc_98,0.39999999999999997,0.05,0.398875,0.048875
131,sc_1990_insc_66,0.54775,0.12275,0.4748928571428571,0.09775
131,sc_1994_insc_604,0.39999999999999997,0.05,0.3972,0.04850000000000001
131,sc_1999_insc_311,0.45454545454545453,0.04775000000000001,0.42558522727272724,0.04775000000000001
131,sc_2007_insc_213,0.39999999999999997,0.05,0.3985,0.048650000000000006
131,sc_2008_insc_1338,0.6602499999999999,0.2620357142857143,0.5368642857142858,0.11917857142857145
131,sc_2009_insc_115,0.5499999999999999,0.19775,0.4989883928571428,0.18548214285714287
131,sc_2021_insc_673,0.4749999999999999,0.26441666666666663,0.4492499999999999,0.12244242424242424
132,in_abs_train_4967,0.39999999999999997,0.05,0.3982,0.049249999999999995
132,in_abs_train_5281,0.39999999999999997,0.04775000000000001,0.398875,0.04775000000000001
132,sc_1959_1_1219_1235_en,0.49774999999999997,0.125,0.41719999999999996,0.07350000000000001
132,sc_1961_insc_332,0.6267379679144385,0.22537237762237763,0.5858402406417111,0.14644788544788545
132,sc_1974_insc_275,0.39999999999999997,0.05,0.39865,0.049249999999999995
132,sc_1982_insc_50,0.5333333333333333,0.26441666666666663,0.5103611111111112,0.16531666666666667
132,sc_1992_insc_246,0.45775,0.10454545454545455,0.43577272727272726,0.07614772727272728
132,sc_2005_insc_95,0.4749999999999999,0.13346428571428573,0.42424999999999996,0.09457619047619048
132,sc_2007_insc_1075,0.49774999999999997,0.10775000000000001,0.4233125,0.06275000000000001
132,sc_2008_insc_874,0.49774999999999997,0.05,0.41819999999999996,0.05000000000000001
132,sc_2011_insc_243,0.49774999999999997,0.24390384615384614,0.43711153846153844,0.14390384615384613
132,sc_2012_insc_578,0.39999999999999997,0.04775000000000001,0.398875,0.04775000000000001
133,in_abs_train_2564,0.54775,0.19775,0.49774999999999997,0.110125
133,in_abs_train_728,0.6022954545454544,0.10229545454545455,0.4695681818181818,0.08411363636363638
133,sc_1968_insc_131,0.53775,0.12775,0.4792884615384615,0.0723470695970696
133,sc_1977_insc_114,0.5041666666666667,0.12275,0.4770353535353535,0.06965000000000002
133,sc_1991_insc_237,0.5777499999999999,0.2,0.4877499999999999,0.148875
133,sc_1994_insc_23,0.39925,0.11666666666666667,0.39825,0.06243333333333334
133,sc_2003_insc_327,0.5916893939393938,0.17307692307692307,0.5381304528804528,0.13286960955710955
133,sc_2007_insc_1026,0.39999999999999997,0.05,0.39954999999999996,0.042404166666666666
133,sc_2009_insc_748,0.54775,0.13571428571428573,0.454,0.08905357142857144
133,sc_2013_insc_295,0.54775,0.09775,0.42696428571428574,0.09775
133,sc_2015_insc_169,0.4666666666666666,0.20229545454545453,0.43164583333333334,0.10569886363636363
133,sc_2015_insc_651,0.39775,0.12537237762237763,0.39775,0.06968584986442129
134,in_abs_train_196,0.47274999999999995,0.11666666666666667,0.4431999999999999,0.09294444444444444
134,in_abs_train_2085,0.45229545454545456,0.17115384615384613,0.4250227272727273,0.11909965034965034
134,in_abs_train_3152,0.39999999999999997,0.08333333333333334,0.3985,0.061383333333333345
134,in_abs_train_3464,0.6310833333333333,0.07502272727272727,0.5465811688311687,0.07502272727272727
134,in_abs_train_3522,0.6689621212121211,0.17441666666666666,0.5394622835497834,0.17441666666666666
134,sc_1962_insc_100,0.42999999999999994,0.14168939393939395,0.42887499999999995,0.0934280303030303
134,sc_1963_insc_217,0.45999999999999996,0.17441666666666666,0.428875,0.11164583333333333
134,sc_1996_insc_1213,0.39999999999999997,0.05,0.398875,0.04812500000000001
134,sc_2007_insc_1270,0.49774999999999997,0.19775,0.45683333333333326,0.12653333333333333
134,sc_2007_insc_958,0.45999999999999996,0.10775000000000001,0.42355,0.08850000000000001
134,sc_2015_insc_1041,0.45229545454545456,0.19775,0.40910909090909087,0.09788333333333334
134,sc_2022_insc_926,0.5068409090909091,0.15,0.47558522727272723,0.1183125
135,sc_1958_insc_13,0.54775,0.13571428571428573,0.4898928571428571,0.12782142857142856
135,sc_1963_insc_25,0.5794871794871794,0.08304411764705882,0.4813577802916038,0.07611134453781512
135,sc_1971_insc_7,0.5177499999999999,0.16775,0.43374999999999997,0.1285
135,sc_1976_insc_103,0.48274999999999996,0.1330769230769231,0.434525641025641,0.07488076923076924
135,sc_1988_insc_164,0.49999999999999994,0.12275,0.45872916666666663,0.08372916666666666
135,sc_1991_insc_217,0.4834642857142857,0.15,0.4384910714285714,0.09262500000000001
135,sc_1996_insc_1117,0.46441666666666664,0.10775000000000001,0.4110833333333333,0.10775000000000001
135,sc_1997_insc_465,0.4666666666666666,0.20999999999999996,0.41554166666666664,0.1258125
135,sc_1999_insc_323,0.6410833333333332,0.17320892857142856,0.5730545454545455,0.12795348124098124
135,sc_2000_insc_470,0.39999999999999997,0.04775000000000001,0.3990357142857142,0.04775000000000001
135,sc_2001_insc_564,0.7566785714285713,0.4441785714285715,0.677330357142857,0.3376309523809524
135,sc_2015_insc_991,0.6310833333333332,0.2833333333333333,0.5497083333333332,0.19554166666666667
136,in_abs_train_1730,0.6191785714285715,0.24060714285714285,0.5864056568431568,0.1855127997002997
136,in_abs_train_2027,0.5177499999999999,0.12275,0.43850000000000006,0.11525
136,in_abs_train_4318,0.5961538461538461,0.26121153846153844,0.5026134215629571,0.20138247863247863
136,in_abs_train_4555,0.47274999999999995,0.125,0.4412166666666666,0.075
136,sc_1964_insc_89,0.39775,0.05,0.39775,0.04831250000000001
136,sc_1969_insc_124,0.39999999999999997,0.04775000000000001,0.3988749999999999,0.04775000000000001
136,sc_1976_insc_193,0.5644166666666666,0.11666666666666667,0.4918666666666667,0.09294444444444445
136,sc_1978_insc_200,0.78775,0.25775,0.5864424242424242,0.20577272727272725
136,sc_1980_insc_26,0.39999999999999997,0.19775,0.39831249999999996,0.1608125
136,sc_2002_insc_287,0.4808269230769231,0.07502272727272728,0.4646293706293706,0.07006657925407926
136,sc_2017_insc_230,0.39775,0.05,0.39775,0.048875
136,sc_2019_insc_328,0.44999999999999996,0.16775,0.4325833333333333,0.07620000000000002
137,in_abs_train_1633,0.49999999999999994,0.09775,0.423875,0.060812500000000005
137,sc_1958_insc_23,0.39999999999999997,0.05,0.398875,0.04706250000000001
137,sc_1972_insc_15,0.49999999999999994,0.10775000000000001,0.43145833333333333,0.10082692307692308
137,sc_1991_insc_22,0.5349999999999999,0.15909090909090906,0.48364772727272715,0.13342045454545454
137,sc_1994_insc_476,0.45999999999999996,0.04775000000000001,0.40964999999999996,0.04775000000000001
137,sc_2001_insc_151,0.54775,0.19775,0.4282,0.09850000000000002
137,sc_2003_insc_46,0.5900576923076922,0.12025,0.46297756410256413,0.10542857142857143
137,sc_2007_insc_215,0.46441666666666664,0.11441666666666667,0.43775,0.06997222222222223
137,sc_2009_insc_315,0.39999999999999997,0.15,0.39999999999999997,0.07760714285714286
137,sc_2019_insc_1349,0.4250227272727272,0.17727272727272725,0.4045681818181818,0.09347060276679842
137,sc_2023_insc_889,0.543903846153846,0.09390384615384614,0.4473509615384615,0.05928846153846154
138,in_abs_train_6231,0.49999999999999994,0.05,0.44054166666666666,0.048875
138,sc_1960_insc_112,0.4975,0.3410833333333333,0.48739242424242424,0.1887020202020202
138,sc_1967_insc_181,0.49999999999999994,0.10229545454545455,0.44516666666666665,0.07001818181818183
138,sc_1973_insc_20,0.630826923076923,0.2808269230769231,0.5505588578088577,0.25000274725274724
138,sc_1984_insc_109,0.5232142857142857,0.39417857142857143,0.5044642857142857,0.1485
138,sc_2002_insc_275,0.6144166666666666,0.19775,0.5010833333333333,0.09850000000000002
138,sc_2009_insc_614,0.5177499999999999,0.04775000000000001,0.4249523809523809,0.04775000000000001
138,sc_2010_insc_267,0.6139038461538461,0.27996153846153843,0.5484903846153845,0.16287980769230767
138,sc_2010_insc_630,0.47274999999999995,0.05,0.4516757575757575,0.049249999999999995
138,sc_2014_insc_302,0.39999999999999997,0.04775000000000001,0.3981,0.04775000000000001
138,sc_2018_insc_1001,0.7211266233766233,0.32684090909090907,0.5766594239094238,0.14326005244755244
138,sc_2021_insc_743,0.625,0.2545454545454545,0.4896346153846154,0.14315194805194803
139,in_abs_train_2953,0.39999999999999997,0.05,0.3985,0.04820000000000001
139,in_abs_train_6673,0.7346153846153846,0.18846153846153846,0.5763423076923077,0.14412179487179486
139,sc_1967_insc_105,0.6166666666666667,0.20229545454545453,0.4929444444444444,0.15110909090909092
139,sc_1970_insc_191,0.5406071428571428,0.08775,0.4454127872127872,0.07564285714285714
139,sc_1983_insc_49,0.41666666666666663,0.10727380952380952,0.41068790849673203,0.06761358543417367
139,sc_1988_insc_196,0.47274999999999995,0.125,0.4435,0.06365000000000001
139,sc_1995_insc_265,0.5499999999999999,0.23684090909090907,0.47569318181818177,0.16726354895104895
139,sc_1996_insc_1101,0.39775,0.05,0.39775,0.04812500000000001
139,sc_1997_insc_462,0.5177499999999999,0.13346428571428573,0.45342346938775496,0.13346428571428573
139,sc_2000_insc_123,0.39999999999999997,0.05,0.3983125,0.049437499999999995
139,sc_2003_insc_320,0.5499999999999999,0.25775,0.46925,0.15110909090909092
139,sc_2011_insc_188,0.6810833333333333,0.31999999999999995,0.5351666666666667,0.23399487179487174
140,in_abs_train_2545,0.49774999999999997,0.14775,0.423875,0.0733125
140,in_abs_train_4405,0.5750227272727272,0.2878787878787879,0.5000227272727272,0.227602466977467
140,in_abs_train_5844,0.5249999999999999,0.14775,0.42956249999999996,0.07275000000000001
140,sc_1968_insc_34,0.5607142857142857,0.09060714285714286,0.5178571428571428,0.06955357142857144
140,sc_1972_insc_257,0.5077499999999999,0.16,0.5027499999999999,0.10387500000000001
140,sc_1975_insc_18,0.5027499999999999,0.04775000000000001,0.41875,0.04775000000000001
140,sc_1996_insc_1108,0.45454545454545453,0.1590909090909091,0.42727272727272725,0.11830594405594404
140,sc_2000_insc_102,0.45775,0.12275,0.41775,0.08375000000000002
140,sc_2003_insc_433,0.54775,0.19775,0.46193749999999995,0.08581250000000001
140,sc_2004_insc_503,0.47274999999999995,0.11666666666666667,0.4494424242424242,0.09072222222222222
140,sc_2015_insc_393,0.5607142857142857,0.13571428571428573,0.47447959183673466,0.13571428571428573
140,sc_2019_insc_579,0.39999999999999997,0.10775000000000001,0.398875,0.06275000000000001
141,in_abs_train_3207,0.49005769230769225,0.12775,0.44198076923076923,0.12775
141,sc_1960_insc_77,0.48775,0.14108333333333334,0.4564760246203745,0.11318872549019608
141,sc_1969_insc_190,0.6000000000000001,0.24060714285714285,0.6000000000000001,0.10308673469387755
141,sc_1983_insc_48,0.39775,0.05,0.39775,0.04887500000000001
141,sc_1984_insc_97,0.39775,0.05,0.39775,0.04831250000000001
141,sc_2001_insc_64,0.7310833333333332,0.34727272727272723,0.6407017316017315,0.3127272727272727
141,sc_2005_insc_596,0.6166666666666667,0.11441666666666667,0.4346111111111111,0.08108333333333334
141,sc_2007_insc_1108,0.4834642857142857,0.13571428571428573,0.4263214285714286,0.06624285714285714
141,sc_2017_insc_857,0.5499999999999999,0.19775,0.4290999999999999,0.13108333333333333
141,sc_2018_insc_440,0.6357142857142857,0.04775000000000001,0.4936465201465201,0.04775000000000001
141,sc_2019_3_200_233_en,0.49774999999999997,0.04775000000000001,0.43174999999999997,0.04191666666666668
141,sc_2021_insc_843,0.5666893939393939,0.21060606060606063,0.5613863636363636,0.14324368686868685
142,in_abs_train_1227,0.6444166666666665,0.16560714285714284,0.5218685837971552,0.16560714285714284
142,in_abs_train_2666,0.39999999999999997,0.05,0.3985,0.04820000000000001
142,in_abs_train_4526,0.48727272727272725,0.18636363636363634,0.4474034090909091,0.14092045454545454
142,sc_1974_insc_105,0.4669807692307692,0.1334642857142857,0.4646730769230769,0.08596703296703297
142,sc_1987_insc_81,0.5145454545454545,0.05,0.43668181818181817,0.048650000000000006
142,sc_1991_insc_255,0.45999999999999996,0.11666666666666667,0.43849999999999995,0.08731666666666668
142,sc_1996_insc_549,0.47274999999999995,0.16775,0.47274999999999995,0.10124999999999999
142,sc_2002_insc_105,0.4428571428571428,0.2535714285714285,0.4304553571428571,0.15563392857142855
142,sc_2006_insc_349,0.49774999999999997,0.1785714285714286,0.44775,0.11175000000000002
142,sc_2007_insc_5,0.54775,0.35775,0.44832142857142854,0.18516666666666667
142,sc_2009_insc_1169,0.5088076923076922,0.2676470588235294,0.48017618778280535,0.1789186569364588
142,sc_2017_insc_701,0.6727499999999998,0.21525,0.5536625874125873,0.21525
143,in_abs_train_2777,0.5499999999999999,0.16025,0.4878958333333333,0.12417261904761905
143,in_abs_train_5961,0.5178571428571428,0.266797619047619,0.5178571428571428,0.1039386209029066
143,sc_1968_insc_21,0.4666666666666666,0.125,0.4239833333333333,0.11794444444444445
143,sc_1975_insc_300,0.49774999999999997,0.12275,0.4334642857142857,0.07833928571428572
143,sc_2002_insc_494,0.4749999999999999,0.14865416666666667,0.41737187499999995,0.11505639880952381
143,sc_2007_insc_619,0.5178571428571428,0.05,0.46480439560439557,0.04850000000000001
143,sc_2008_insc_1157,0.45775,0.14775,0.43775000000000003,0.11401818181818182
143,sc_2014_insc_311,0.49999999999999994,0.05,0.42443749999999997,0.048875
143,sc_2015_insc_611,0.4666666666666666,0.13346428571428573,0.4322083333333333,0.09463293650793651
143,sc_2016_insc_373,0.39999999999999997,0.05,0.3985,0.04820000000000001
143,sc_2019_insc_723,0.54775,0.2,0.47775,0.13808333333333334
143,sc_2022_insc_837,0.5263214285714285,0.14775,0.4837813852813852,0.06775
144,in_abs_train_5321,0.7299999999999999,0.2845454545454545,0.6767983682983681,0.1880954545454545
144,in_abs_train_6684,0.4749999999999999,0.2,0.4749999999999999,0.10109523809523809
144,sc_1959_insc_109,0.39999999999999997,0.14775,0.398875,0.09775
144,sc_1961_insc_9,0.39775,0.31775,0.39775,0.13332142857142856
144,sc_1977_insc_127,0.5001309523809523,0.10935714285714287,0.4416309523809524,0.08236904761904763
144,sc_1983_insc_87,0.5310833333333334,0.12275,0.46864999999999996,0.0735
144,sc_1991_insc_18,0.5445625,0.19060714285714286,0.5036319444444444,0.14272380952380953
144,sc_1996_insc_431,0.49999999999999994,0.15,0.41516666666666663,0.1375
144,sc_1996_insc_653,0.39775,0.04775000000000001,0.39775,0.04775000000000001
144,sc_2006_insc_477,0.42275,0.12775,0.4209642857142857,0.07736541889483066
144,sc_2011_insc_492,0.4834642857142857,0.19775,0.42707142857142855,0.1024595238095238
144,sc_2023_insc_445,0.4461538461538461,0.09390384615384614,0.42892032967032967,0.06633076923076922
145,in_abs_train_1779,0.39999999999999997,0.15,0.39909999999999995,0.08258333333333333
145,in_abs_train_3652,0.6339404761904761,0.3166785714285715,0.5954176587301587,0.2721148809523809
145,in_abs_train_3908,0.5727499999999999,0.18409090909090908,0.5240611888111888,0.07047348484848485
145,in_abs_train_3925,0.7277499999999999,0.16775,0.5977499999999999,0.10775000000000001
145,in_abs_train_4560,0.39999999999999997,0.04775000000000001,0.39924999999999994,0.04668250000000001
145,in_abs_train_4723,0.49774999999999997,0.19775,0.4596547619047619,0.09534285714285716
145,in_abs_train_6724,0.5499999999999999,0.19775,0.461375,0.12388636363636364
145,sc_1958_insc_103,0.47274999999999995,0.14775,0.42274999999999996,0.07531666666666667
145,sc_1981_insc_129,0.6763214285714285,0.29774999999999996,0.5399142857142857,0.2072738095238095
145,sc_2001_insc_598,0.39775,0.2,0.39775,0.09850000000000002
145,sc_2012_insc_342,0.6144166666666666,0.26666666666666666,0.5389040404040403,0.1895590909090909
145,sc_2019_insc_1220,0.6277499999999999,0.27999999999999997,0.5413749999999999,0.24193749999999997
146,in_abs_train_1366,0.67,0.16999999999999998,0.5848636363636364,0.10665
146,in_abs_train_1475,0.45999999999999996,0.11666666666666667,0.458875,0.07036111111111111
146,in_abs_train_2607,0.4649038461538461,0.0665,0.41471018099547513,0.05955555555555556
146,sc_1969_insc_73,0.45775,0.09775,0.424525641025641,0.073875
146,sc_1970_insc_36,0.5690909090909092,0.15390384615384614,0.4748636363636363,0.07078076923076923
146,sc_1989_insc_97,0.5977499999999999,0.3133333333333333,0.5577171717171717,0.2597083333333333
146,sc_2008_insc_463,0.54775,0.2,0.461375,0.18581250000000002
146,sc_2008_insc_968,0.39999999999999997,0.04775000000000001,0.3985,0.04775000000000001
146,sc_2010_insc_394,0.5156071428571428,0.19775,0.5108392857142857,0.17435416666666667
146,sc_2019_insc_661,0.46441666666666664,0.04775000000000001,0.4110833333333333,0.04775000000000001
146,sc_2019_insc_920,0.66775,0.27275,0.5885663265306122,0.27275
146,sc_2024_insc_431,0.46441666666666664,0.04775000000000001,0.4079166666666666,0.04775000000000001
147,in_abs_train_329,0.6291785714285714,0.3000227272727273,0.5021880619380619,0.16235664335664335
147,in_abs_train_812,0.39999999999999997,0.36774999999999997,0.39999999999999997,0.22606410256410256
147,sc_1969_insc_116,0.49774999999999997,0.21363636363636362,0.47614772727272725,0.16361946386946385
147,sc_1986_insc_154,0.46441666666666664,0.05,0.4110833333333333,0.04850000000000001
147,sc_1990_insc_351,0.6157894736842106,0.29935064935064937,0.5768832450444292,0.2660146103896104
147,sc_1995_insc_854,0.54775,0.22499999999999998,0.4825833333333333,0.12443333333333333
147,sc_1997_insc_691,0.45999999999999996,0.05,0.41109999999999997,0.049249999999999995
147,sc_2003_insc_554,0.6334642857142856,0.18621153846153846,0.536251948051948,0.09390384615384616
147,sc_2009_insc_110,0.4563966165413534,0.06875,0.4223966982674076,0.05592941176470588
147,sc_2010_insc_734,0.39999999999999997,0.05,0.398875,0.04850000000000001
147,sc_2018_insc_61,0.5499999999999999,0.28346428571428567,0.4974196428571428,0.1747738095238095
147,sc_2020_insc_290,0.5885394736842103,0.14775,0.4875027910685804,0.08183333333333333
148,in_abs_train_6303,0.39999999999999997,0.14775,0.39943749999999995,0.073875
148,sc_1964_insc_105,0.67,0.19775,0.5380181818181817,0.17850000000000002
148,sc_1965_insc_247,0.5299178321678321,0.07082692307692308,0.46924895104895104,0.0554423076923077
148,sc_1970_insc_176,0.5299178321678321,0.05,0.42418356643356636,0.04925000000000001
148,sc_1988_insc_12,0.7144166666666666,0.4352499999999999,0.6261190476190476,0.3362714285714285
148,sc_1991_insc_347,0.39775,0.12275,0.39775,0.061
148,sc_1995_insc_225,0.39999999999999997,0.05,0.3983125,0.04831250000000001
148,sc_1997_insc_752,0.6352499999999999,0.28108333333333324,0.5928190476190476,0.21441666666666662
148,sc_2005_insc_143,0.54775,0.19775,0.5310833333333332,0.07820000000000002
148,sc_2008_insc_1284,0.4834642857142857,0.21138636363636362,0.4471655844155844,0.13789393939393937
148,sc_2012_insc_546,0.6189621212121211,0.24775,0.5245246212121212,0.17150487012987015
148,sc_2018_insc_326,0.5975,0.10525000000000001,0.5101435574229691,0.10525000000000001
149,in_abs_train_212,0.49774999999999997,0.22999999999999998,0.4759320512820512,0.14147222222222222
149,in_abs_train_2142,0.39999999999999997,0.05,0.39924999999999994,0.044700000000000004
149,sc_1956_insc_26,0.5327499999999998,0.11441666666666667,0.4648333333333333,0.09414583333333333
149,sc_1964_insc_10,0.48274999999999996,0.14441666666666667,0.45524999999999993,0.10870580808080808
149,sc_1965_insc_235,0.6977499999999999,0.33108333333333334,0.6297499999999999,0.25961111111111107
149,sc_1998_insc_258,0.54275,0.24775,0.48166849816849816,0.15139025974025974
149,sc_2000_insc_215,0.42999999999999994,0.23525000000000001,0.42999999999999994,0.1109469696969697
149,sc_2005_insc_511,0.66775,0.28749358974358974,0.5349844322344322,0.18480738705738706
149,sc_2006_insc_283,0.39999999999999997,0.04775000000000001,0.3982,0.04775000000000001
149,sc_2008_insc_1388,0.5068409090909091,0.17775,0.5022954545454545,0.11666035353535352
149,sc_2015_insc_950,0.5499999999999999,0.35775,0.503875,0.23888257575757574
149,sc_2023_insc_784,0.5673076923076923,0.2590909090909091,0.49211153846153843,0.20153030303030303
150,in_abs_train_1325,0.6602941176470588,0.22810714285714287,0.5428026826115061,0.1610054945054945
150,in_abs_train_3589,0.6495454545454545,0.17275,0.5755171328671328,0.14982070707070708
150,in_abs_train_5452,0.5232142857142857,0.2,0.4616071428571429,0.1717916666666667
150,in_abs_train_6797,0.39999999999999997,0.11441666666666667,0.39865,0.06997222222222223
150,sc_1961_insc_300,0.5295454545454544,0.2545454545454545,0.5208363636363635,0.22121969696969698
150,sc_1979_insc_45,0.4944166666666666,0.15608333333333332,0.4621944444444444,0.1054640909090909
150,sc_1989_insc_55,0.39999999999999997,0.04775000000000001,0.3982,0.045250000000000005
150,sc_1991_insc_205,0.5777499999999999,0.2810833333333333,0.5227499999999999,0.22335606060606059
150,sc_1998_insc_16,0.5499999999999999,0.05,0.423875,0.048875
150,sc_2010_insc_707,0.5122954545454544,0.23108333333333334,0.4524681818181818,0.16774999999999998
150,sc_2014_insc_315,0.5666666666666667,0.26441666666666663,0.4707222222222222,0.18941666666666665
150,sc_2019_insc_1396,0.4749999999999999,0.18275,0.41762499999999997,0.10025
151,in_abs_train_1804,0.6800227272727272,0.27774999999999994,0.5537020202020201,0.16825627705627705
151,in_abs_train_4373,0.4165,0.1265,0.4165,0.0958726567550097
151,sc_1964_insc_285,0.5714285714285715,0.21775,0.4747190476190476,0.12536904761904763
151,sc_1971_insc_304,0.5496980519480519,0.20294117647058818,0.5382694805194804,0.15493899727723257
151,sc_1972_insc_125,0.5522954545454545,0.23502272727272727,0.5111477272727272,0.15502364302364302
151,sc_1985_insc_132,0.39775,0.05,0.397703125,0.04706250000000001
151,sc_1988_insc_159,0.7477499999999998,0.3333333333333333,0.5941785714285714,0.27854460227272726
151,sc_1994_insc_351,0.39775,0.19775,0.39775,0.09775
151,sc_1998_insc_371,0.5576401098901098,0.1568409090909091,0.5074682817182816,0.12122727272727274
151,sc_2017_insc_69,0.4522954545454545,0.04775000000000001,0.41138636363636366,0.04775000000000001
151,sc_2019_insc_1344,0.39999999999999997,0.04775000000000001,0.3983125,0.04337500000000001
151,sc_2022_insc_119,0.6397435897435897,0.175,0.5992654428904429,0.11664166666666666
152,in_abs_train_4028,0.5545454545454546,0.20775,0.5046762523191094,0.20775
152,in_abs_train_6977,0.46441666666666664,0.11441666666666667,0.4110833333333333,0.0881540404040404
152,sc_1962_insc_273,0.39775,0.12275,0.39775,0.0632
152,sc_1962_insc_43,0.5727499999999999,0.34775,0.49108333333333326,0.19998571428571427
152,sc_1969_insc_249,0.48974358974358967,0.13,0.46324969474969474,0.11223571428571429
152,sc_1975_insc_79,0.45999999999999996,0.13502272727272727,0.45849999999999996,0.11346363636363636
152,sc_1995_insc_564,0.48941666666666667,0.075,0.42804166666666665,0.06770673076923076
152,sc_1996_insc_804,0.39775,0.27499999999999997,0.39775,0.08117857142857143
152,sc_2000_insc_575,0.5068409090909091,0.10775000000000001,0.4504681818181818,0.08441666666666668
152,sc_2008_insc_472,0.5068409090909091,0.19775,0.4490181818181818,0.09775
152,sc_2018_insc_231,0.6144166666666666,0.1925,0.5144166666666667,0.14397222222222222
152,sc_2018_insc_457,0.4522954545454545,0.04775000000000001,0.40684090909090903,0.04775000000000001
153,in_abs_train_112,0.39775,0.05,0.39775,0.04820000000000001
153,in_abs_train_1718,0.520826923076923,0.12082692307692308,0.44588186813186803,0.07877564102564104
153,in_abs_train_6559,0.4749999999999999,0.14168939393939395,0.4409242424242424,0.099732683982684
153,sc_1958_insc_45,0.49999999999999994,0.19775,0.4591,0.09775
153,sc_1987_insc_377,0.45229545454545456,0.26,0.43411363636363637,0.16023886363636364
153,sc_1993_insc_38,0.43524999999999997,0.08525,0.41608333333333325,0.07077631578947369
153,sc_1994_insc_556,0.6357142857142857,0.42275,0.5461190476190475,0.273875
153,sc_1996_insc_1,0.45999999999999996,0.16775,0.43849999999999995,0.13865909090909093
153,sc_2000_insc_157,0.49774999999999997,0.05,0.41267857142857134,0.05
153,sc_2004_insc_221,0.5327499999999998,0.24333333333333335,0.47524999999999995,0.18069318181818184
153,sc_2005_insc_24,0.4930441176470588,0.18083333333333332,0.4358676470588236,0.10923538011695906
153,sc_2014_insc_1042,0.54775,0.10229545454545455,0.48441666666666666,0.059109090909090924
154,in_abs_train_1246,0.39999999999999997,0.05,0.3985,0.04820000000000001
154,in_abs_train_2664,0.6144166666666666,0.17775,0.5071190476190476,0.17775
154,in_abs_train_7002,0.6295681818181817,0.27502272727272725,0.5118838383838383,0.17670804195804196
154,sc_1963_insc_5,0.6714285714285715,0.21499999999999997,0.5689960317460317,0.18124999999999997
154,sc_1984_insc_60,0.47274999999999995,0.04775000000000001,0.4165,0.04775000000000001
154,sc_2006_insc_904,0.39999999999999997,0.05,0.39887500000000004,0.05
154,sc_2009_insc_870,0.44999999999999996,0.09775,0.4091,0.09483699633699634
154,sc_2010_insc_636,0.4749999999999999,0.10229545454545455,0.41762499999999997,0.06194886363636364
154,sc_2013_insc_799,0.6465056561085971,0.2987115384615384,0.570350584464555,0.20044715578539107
154,sc_2017_insc_1119,0.6474571428571427,0.22307692307692306,0.5692152472527472,0.1590460164835165
154,sc_2023_insc_199,0.54775,0.14775,0.47275,0.06554166666666666
154,sc_2023_insc_373,0.5177499999999999,0.10775000000000001,0.45755909090909086,0.08775000000000001
155,in_abs_train_1294,0.39999999999999997,0.1590909090909091,0.398875,0.10039772727272728
155,in_abs_train_2956,0.52,0.13346428571428573,0.4549861111111111,0.09060714285714287
155,in_abs_train_3380,0.47372402597402596,0.27826948051948047,0.46838292957042954,0.18466833166833166
155,in_abs_train_6498,0.39775,0.19275,0.39675,0.09608333333333334
155,sc_1987_insc_177,0.4795681818181817,0.14441666666666667,0.45557828282828283,0.10441666666666667
155,sc_2000_insc_177,0.39775,0.12275,0.39774062499999996,0.0665
155,sc_2007_insc_590,0.44999999999999996,0.09390384615384616,0.41081249999999997,0.05928846153846155
155,sc_2009_insc_186,0.56,0.14775,0.47054166666666664,0.1233125
155,sc_2009_insc_510,0.4666666666666666,0.04775000000000001,0.4124333333333333,0.04775000000000001
155,sc_2010_insc_502,0.6334642857142856,0.28346428571428567,0.5748928571428571,0.2187380952380952
155,sc_2012_insc_230,0.39775,0.05,0.39775,0.04850000000000001
155,sc_2019_insc_4,0.49774999999999997,0.04775000000000001,0.41774999999999995,0.04775000000000001
156,in_abs_train_355,0.6192307692307693,0.27115384615384613,0.5601534626088197,0.27115384615384613
156,in_abs_train_6486,0.47274999999999995,0.33275,0.45191666666666663,0.17741666666666667
156,in_abs_train_6785,0.43749999999999994,0.18411363636363634,0.43637499999999996,0.08085227272727273
156,sc_1957_insc_26,0.48571428571428565,0.125,0.41579285714285713,0.09647222222222222
156,sc_1967_insc_130,0.5310833333333334,0.15909090909090906,0.48486666666666667,0.10304545454545454
156,sc_1972_insc_214,0.5499999999999999,0.19275,0.4744375,0.10900000000000001
156,sc_1997_insc_16,0.4749999999999999,0.11524999999999999,0.4431988636363636,0.07728846153846154
156,sc_2003_insc_316,0.5352499999999999,0.26,0.47304734848484836,0.10970833333333334
156,sc_2004_insc_578,0.6090909090909091,0.25684090909090906,0.5306931818181818,0.13933712121212122
156,sc_2015_insc_470,0.6714285714285715,0.2714285714285714,0.6350940476190476,0.21864999999999996
156,sc_2023_insc_586,0.39775,0.08525,0.39775,0.05475
156,sc_2024_insc_77,0.39775,0.11441666666666667,0.39775,0.05870486111111112
157,in_abs_train_1979,0.6374935897435896,0.20525000000000002,0.5359443976645989,0.13275
157,in_abs_train_2242,0.5310833333333334,0.14775,0.46554166666666663,0.10664583333333333
157,in_abs_train_4515,0.49999999999999994,0.13024999999999998,0.48637499999999995,0.10703623366013072
157,in_abs_train_5388,0.39999999999999997,0.05,0.3985,0.04820000000000001
157,sc_1958_insc_58,0.52,0.11441666666666667,0.45614772727272723,0.07642708333333334
157,sc_1963_insc_73,0.4522954545454545,0.25025,0.41668181818181815,0.1370681818181818
157,sc_2008_insc_647,0.45454545454545453,0.10229545454545455,0.4522840909090909,0.10172159090909091
157,sc_2010_insc_493,0.39999999999999997,0.04775000000000001,0.3988749999999999,0.04775000000000001
157,sc_2011_insc_561,0.4666666666666666,0.20999999999999996,0.4214722222222222,0.09443333333333334
157,sc_2014_insc_300,0.55775,0.21666666666666667,0.4683125,0.10497916666666668
157,sc_2019_insc_284,0.66775,0.25775,0.4938863636363636,0.21888636363636363
157,sc_2023_insc_395,0.6041666666666666,0.4022954545454545,0.5513968253968254,0.21298982683982687
158,in_abs_train_629,0.4191785714285714,0.11441666666666667,0.4084642857142857,0.07171105283605285
158,in_abs_train_7079,0.39999999999999997,0.19775,0.3985,0.0991
158,sc_1952_insc_74,0.49774999999999997,0.04775000000000001,0.41819999999999996,0.04177916666666667
158,sc_1973_insc_96,0.606840909090909,0.1568409090909091,0.5142215909090909,0.11478409090909092
158,sc_1992_insc_174,0.47274999999999995,0.05,0.43565,0.04850000000000001
158,sc_1995_insc_58,0.43524999999999997,0.24285714285714283,0.41025,0.12843809523809524
158,sc_2000_insc_61,0.45999999999999996,0.10775000000000001,0.41609999999999997,0.06775000000000002
158,sc_2009_insc_672,0.47274999999999995,0.10454545454545455,0.42016666666666663,0.060009090909090915
158,sc_2011_insc_600,0.4944166666666666,0.21441666666666667,0.4424166666666666,0.145479797979798
158,sc_2018_insc_28,0.6077499999999999,0.19775,0.5032337179487179,0.13849999999999998
158,sc_2018_insc_575,0.54775,0.05,0.42865000000000003,0.04850000000000001
158,sc_2019_insc_25,0.6977499999999999,0.19775,0.534602380952381,0.14572222222222223
159,in_abs_train_2505,0.47274999999999995,0.10775000000000001,0.4165,0.063875
159,in_abs_train_5668,0.46774999999999994,0.05,0.4122,0.04850000000000001
159,in_abs_train_6101,0.47274999999999995,0.32729545454545456,0.43372916666666667,0.18021969696969697
159,sc_1998_insc_405,0.6996980519480519,0.2753723776223776,0.5649759927572428,0.20576311188811186
159,sc_2000_insc_233,0.5191785714285714,0.12,0.4488170995670995,0.08193571428571429
159,sc_2010_insc_87,0.39999999999999997,0.04275,0.3987142857142857,0.04275
159,sc_2013_insc_312,0.4666666666666666,0.11441666666666667,0.41554166666666664,0.08164583333333333
159,sc_2014_insc_213,0.6349999999999999,0.2791785714285714,0.563340909090909,0.1312948051948052
159,sc_2018_insc_649,0.44390384615384615,0.04775000000000001,0.4131346153846154,0.04775000000000001
159,sc_2021_insc_396,0.51025,0.08525,0.444625,0.05825000000000001
159,sc_2023_insc_956,0.39999999999999997,0.04775000000000001,0.39865,0.04772500000000001
159,sc_2024_insc_129,0.49774999999999997,0.05,0.43914583333333335,0.04831250000000001
160,sc_1951_insc_57,0.39775,0.05,0.39775,0.04849062500000001
160,sc_1966_insc_183,0.5664999999999999,0.1965909090909091,0.5229318181818181,0.09633356643356643
160,sc_1984_insc_89,0.6000000000000001,0.2857142857142857,0.5205285714285715,0.18540476190476193
160,sc_2006_insc_47,0.7477499999999998,0.26441666666666663,0.6701874999999999,0.192625
160,sc_2008_insc_1103,0.6334642857142856,0.22275,0.5382261904761904,0.15417857142857144
160,sc_2008_insc_1425,0.39999999999999997,0.125,0.39831249999999996,0.08069886363636364
160,sc_2011_insc_6,0.5737240259740258,0.17991783216783216,0.5337627372627372,0.14553277972027973
160,sc_2013_insc_668,0.48571428571428565,0.16775,0.46316071428571426,0.12173214285714287
160,sc_2015_insc_626,0.54775,0.14775,0.4816785714285714,0.0826875
160,sc_2016_insc_848,0.57,0.06917857142857144,0.45677142857142855,0.060835164835164844
160,sc_2018_insc_950,0.5499999999999999,0.2,0.5485,0.12110000000000001
160,sc_2020_insc_482,0.5673076923076923,0.24775,0.47858241758241754,0.19390384615384615
161,in_abs_train_178,0.45775,0.05,0.42775,0.048875
161,in_abs_train_6264,0.49774999999999997,0.2,0.4310833333333333,0.10833076923076923
161,sc_1955_insc_66,0.5362115384615384,0.1423076923076923,0.502274886877828,0.12396474358974359
161,sc_1964_insc_239,0.45999999999999996,0.20999999999999996,0.4201306818181818,0.14929166666666666
161,sc_1966_insc_204,0.6090909090909091,0.22774999999999998,0.5609280303030303,0.21864772727272724
161,sc_1978_insc_151,0.4739038461538461,0.11698076923076922,0.4398653846153846,0.0813076923076923
161,sc_1987_insc_223,0.45999999999999996,0.16775,0.45849999999999996,0.11846818181818182
161,sc_2000_insc_60,0.46441666666666664,0.15,0.4199722222222222,0.06910000000000001
161,sc_2002_insc_138,0.54775,0.08750000000000001,0.44849999999999995,0.06455000000000002
161,sc_2003_insc_162,0.4250227272727272,0.07275000000000001,0.41048782467532463,0.069
161,sc_2015_insc_237,0.6166666666666667,0.04775000000000001,0.4719833333333333,0.04558333333333334
161,sc_2016_insc_325,0.39775,0.14775,0.39775,0.08864999999999999
162,sc_1974_insc_200,0.39999999999999997,0.05,0.3985,0.048650000000000006
162,sc_1974_insc_259,0.46390384615384617,0.07275000000000001,0.4276941391941391,0.053200000000000004
162,sc_1980_insc_141,0.8048928571428571,0.46917857142857144,0.6925181818181818,0.2703690476190476
162,sc_1993_insc_44,0.43775,0.08775,0.40775,0.06469852941176471
162,sc_1994_insc_484,0.39775,0.04775000000000001,0.39775,0.04191666666666668
162,sc_1996_insc_455,0.5666666666666668,0.21333333333333332,0.49351818181818186,0.17063888888888887
162,sc_2001_insc_302,0.5227499999999999,0.17275,0.4735,0.12269505494505492
162,sc_2003_insc_348,0.39775,0.05,0.39775,0.04831250000000001
162,sc_2004_insc_533,0.39999999999999997,0.16999999999999998,0.398875,0.09145833333333335
162,sc_2008_insc_732,0.5549615384615384,0.12275,0.5022307692307691,0.10125274725274724
162,sc_2014_1_773_782_en,0.39999999999999997,0.05,0.398875,0.048875
162,sc_2016_insc_937,0.5209642857142857,0.14775,0.5176904761904761,0.08776767676767676
163,in_abs_train_5322,0.6650227272727272,0.32108333333333333,0.637590909090909,0.28208578088578085
163,in_abs_train_5344,0.49999999999999994,0.05,0.41516666666666663,0.05
163,in_abs_train_6091,0.5282694805194805,0.19494251336898394,0.4723142515379357,0.1286093171534348
163,in_abs_train_6855,0.4545625,0.10775000000000001,0.45115625,0.09554924242424244
163,in_abs_train_835,0.47274999999999995,0.05,0.4213749999999999,0.048875
163,sc_1995_insc_189,0.54775,0.19775,0.44775000000000004,0.12675
163,sc_2007_insc_1225,0.54775,0.19775,0.44819999999999993,0.12072222222222223
163,sc_2010_insc_393,0.39999999999999997,0.05,0.39865,0.04925000000000001
163,sc_2011_insc_202,0.5416666666666666,0.18275,0.4606534090909091,0.15275
163,sc_2012_insc_209,0.4310833333333333,0.16274999999999998,0.4310833333333333,0.09097058823529411
163,sc_2014_insc_738,0.6568409090909091,0.10454545454545455,0.546219696969697,0.07727272727272727
163,sc_2020_insc_617,0.49999999999999994,0.19775,0.4582,0.09775
164,in_abs_train_1372,0.39999999999999997,0.10454545454545455,0.398875,0.08448863636363636
164,in_abs_train_1437,0.39775,0.10775000000000001,0.39775,0.068125
164,in_abs_train_2086,0.6310833333333332,0.21666666666666667,0.5517974386724386,0.21220833333333333
164,in_abs_train_3438,0.46390384615384617,0.17082692307692307,0.4293331043956044,0.10229601648351648
164,sc_1964_insc_241,0.6590909090909092,0.1568409090909091,0.5943371212121211,0.10229545454545455
164,sc_1969_insc_229,0.5584642857142856,0.14775,0.4520714285714285,0.06865
164,sc_1978_insc_130,0.48571428571428565,0.16785714285714284,0.47116925465838505,0.12015439560439559
164,sc_1996_insc_796,0.59775,0.04775000000000001,0.48525,0.04775000000000001
164,sc_1997_insc_499,0.4749999999999999,0.05,0.41762499999999997,0.048875
164,sc_2013_insc_814,0.559090909090909,0.16775,0.5384204545454545,0.1322159090909091
164,sc_2019_insc_170,0.4781512605042016,0.22368984962406013,0.4688375350140055,0.1341170020639835
164,sc_2019_insc_395,0.39999999999999997,0.05,0.3980416666666666,0.048875
165,in_abs_train_5090,0.5583560606060606,0.32999999999999996,0.5280530303030303,0.14220833333333333
165,in_abs_train_627,0.46441666666666664,0.15000000000000002,0.4303472222222222,0.09887500000000002
165,sc_1962_insc_368,0.39999999999999997,0.10775000000000001,0.3983125,0.063875
165,sc_1967_insc_183,0.6590909090909092,0.3468409090909091,0.547339597902098,0.17903496503496502
165,sc_1973_insc_222,0.49774999999999997,0.04775000000000001,0.4147916666666666,0.04775000000000001
165,sc_1981_insc_207,0.39999999999999997,0.05,0.39943749999999995,0.045000000000000005
165,sc_1988_insc_363,0.46441666666666664,0.11666666666666667,0.4096111111111111,0.08220833333333334
165,sc_2005_insc_228,0.39999999999999997,0.04775000000000001,0.3985,0.045250000000000005
165,sc_2008_insc_852,0.4834642857142857,0.09060714285714286,0.42391428571428574,0.062035714285714284
165,sc_2010_insc_137,0.5068409090909091,0.16999999999999998,0.4350227272727272,0.138875
165,sc_2014_insc_611,0.54775,0.05,0.4290999999999999,0.04850000000000001
165,sc_2019_insc_1106,0.5441785714285713,0.10454545454545455,0.4849229437229436,0.06743181818181819
166,in_abs_train_313,0.4565,0.1120357142857143,0.4235638736263736,0.10184958791208791
166,sc_1966_insc_127,0.48727272727272725,0.13502272727272727,0.45771699134199134,0.10694318181818183
166,sc_1972_insc_47,0.45229545454545456,0.10229545454545455,0.4195590909090908,0.06668181818181819
166,sc_1986_insc_1,0.5310833333333334,0.10775000000000001,0.4554444444444445,0.07775000000000001
166,sc_1986_insc_78,0.58,0.2572738095238095,0.4998571428571429,0.17786877705627704
166,sc_1996_insc_733,0.39999999999999997,0.195,0.39865,0.09683333333333334
166,sc_1997_insc_344,0.49999999999999994,0.04775000000000001,0.43865,0.04775000000000001
166,sc_1998_insc_108,0.49582692307692305,0.2856060606060606,0.49166025641025635,0.16455089355089356
166,sc_2009_insc_740,0.54775,0.24775,0.46252272727272725,0.14888636363636365
166,sc_2018_insc_1117,0.6022954545454544,0.2810833333333333,0.536681818181818,0.1987
166,sc_2021_insc_327,0.39999999999999997,0.05,0.3983125,0.04887500000000001
166,sc_2023_insc_651,0.48571428571428565,0.13346428571428573,0.4256607142857143,0.09060714285714287
167,sc_1963_insc_260,0.45229545454545456,0.10229545454545455,0.4309181818181818,0.08486363636363636
167,sc_1974_insc_174,0.4769166666666666,0.16249999999999998,0.4588147773279352,0.11928333333333332
167,sc_1974_insc_50,0.39775,0.11666666666666667,0.39775,0.060361111111111115
167,sc_1978_insc_164,0.7530769230769231,0.35082692307692304,0.7140381701631702,0.34251273726273723
167,sc_2002_insc_459,0.5006071428571428,0.12275,0.4454553571428571,0.07721428571428572
167,sc_2003_insc_583,0.39999999999999997,0.05,0.3985,0.04820000000000001
167,sc_2007_insc_820,0.6644166666666665,0.21666666666666667,0.5243333333333333,0.16554166666666667
167,sc_2008_insc_1158,0.6334642857142856,0.14775,0.5096547619047619,0.1367714285714286
167,sc_2011_insc_268,0.39999999999999997,0.05,0.39818749999999997,0.047200000000000006
167,sc_2011_insc_415,0.6477499999999999,0.19775,0.5341136363636364,0.07775000000000001
167,sc_2015_insc_324,0.5669807692307691,0.16538461538461535,0.4787197802197802,0.11479560439560439
167,sc_2021_insc_154,0.5732954545454546,0.13704545454545455,0.5036392773892774,0.11431577540106952
168,in_abs_train_1226,0.5227499999999999,0.12727272727272726,0.4501363636363636,0.08385664335664336
168,sc_1950_insc_36,0.44775,0.10229545454545455,0.41441666666666666,0.07500909090909091
168,sc_1959_insc_74,0.5644166666666666,0.20229545454545453,0.47441666666666665,0.12001515151515152
168,sc_1964_insc_67,0.39999999999999997,0.19775,0.3985,0.0782
168,sc_1971_insc_162,0.54775,0.21775,0.4823095238095238,0.09720454545454546
168,sc_1997_insc_706,0.54775,0.04775000000000001,0.4721683673469387,0.04775000000000001
168,sc_2004_insc_549,0.6334642857142856,0.04775000000000001,0.4520714285714285,0.04775000000000001
168,sc_2015_insc_371,0.44390384615384615,0.1400576923076923,0.42138942307692306,0.08292788461538461
168,sc_2017_insc_981,0.5644166666666666,0.18275,0.5221111111111111,0.15387499999999998
168,sc_2018_insc_593,0.4553970588235294,0.16774999999999998,0.4168022875816993,0.10525
168,sc_2020_insc_317,0.39999999999999997,0.04775000000000001,0.39865,0.04608333333333334
168,sc_2021_insc_473,0.625,0.27275,0.5041,0.19775
169,in_abs_train_1220,0.5777499999999999,0.17759999999999998,0.4786545454545454,0.1370088578088578
169,in_abs_train_2603,0.39999999999999997,0.14775,0.3983125,0.09025
169,in_abs_train_5870,0.5910833333333333,0.19775,0.5486047619047618,0.14497222222222222
169,sc_1996_insc_93,0.39999999999999997,0.05,0.39865,0.04850000000000001
169,sc_2001_insc_603,0.39999999999999997,0.2,0.3985,0.0791
169,sc_2005_insc_10,0.5499999999999999,0.2,0.5095625,0.08637500000000001
169,sc_2006_insc_64,0.45775,0.10775000000000001,0.45775,0.0866818181818182
169,sc_2007_insc_507,0.45229545454545456,0.09775,0.41668181818181815,0.06150000000000001
169,sc_2010_insc_52,0.4666666666666666,0.09775,0.4286155303030303,0.060812500000000005
169,sc_2016_insc_878,0.49999999999999994,0.14775,0.4575833333333333,0.08320000000000001
169,sc_2019_insc_1099,0.39999999999999997,0.10775000000000001,0.3985,0.06065
169,sc_2021_insc_261,0.5352499999999999,0.19060714285714286,0.4900416666666666,0.13224107142857144
170,in_abs_train_1854,0.47274999999999995,0.04775000000000001,0.4170625,0.04775000000000001
170,in_abs_train_2015,0.5310833333333334,0.33999999999999997,0.43164583333333334,0.17554166666666665
170,in_abs_train_2414,0.39775,0.11,0.39775,0.07354999999999999
170,in_abs_train_4425,0.49774999999999997,0.05,0.4310833333333333,0.048650000000000006
170,sc_1980_insc_102,0.5891666666666667,0.22666666666666668,0.5104693627450981,0.14773535861713108
170,sc_1992_insc_95,0.4749999999999999,0.05,0.411375,0.05
170,sc_1994_insc_83,0.39999999999999997,0.15,0.398875,0.07387500000000001
170,sc_1996_insc_1385,0.39999999999999997,0.19775,0.3985,0.09865
170,sc_1997_insc_410,0.39775,0.05,0.39525,0.04766666666666667
170,sc_1999_insc_304,0.5263214285714286,0.2857142857142857,0.5048928571428571,0.21740476190476188
170,sc_2008_insc_1365,0.5068409090909091,0.22774999999999998,0.4676800699300699,0.1562
170,sc_2023_insc_62,0.5263214285714286,0.23108333333333334,0.5263214285714286,0.16722278911564628
171,in_abs_train_669,0.6011363636363636,0.2011363636363636,0.5229481544771019,0.169370320855615
171,sc_1953_insc_77,0.5745454545454545,0.22229545454545455,0.5361477272727272,0.20666215034965035
171,sc_1968_insc_45,0.5394166666666665,0.16775,0.5215043623043623,0.13438235294117648
171,sc_1979_insc_231,0.6156071428571427,0.22275,0.5381934523809523,0.14566666666666667
171,sc_1996_insc_87,0.39999999999999997,0.15,0.398875,0.07387500000000001
171,sc_2006_insc_242,0.45999999999999996,0.10775000000000001,0.42887499999999995,0.07775000000000001
171,sc_2006_insc_947,0.49999999999999994,0.2,0.44887499999999997,0.098125
171,sc_2008_insc_368,0.43775,0.09060714285714286,0.4110833333333333,0.056771428571428584
171,sc_2009_insc_356,0.47917857142857145,0.09775,0.44320492007992013,0.07275000000000001
171,sc_2011_insc_766,0.4834642857142857,0.04775000000000001,0.4153428571428571,0.04775000000000001
171,sc_2012_insc_401,0.49774999999999997,0.04775000000000001,0.41441666666666666,0.04775000000000001
171,sc_2022_insc_981,0.39775,0.10454545454545455,0.39775,0.07577272727272728
172,in_abs_train_1077,0.49774999999999997,0.12275,0.4422,0.09497222222222222
172,in_abs_train_1653,0.6000000000000001,0.20999999999999996,0.5368807692307692,0.15258333333333332
172,in_abs_train_4029,0.49774999999999997,0.21666666666666667,0.45683333333333326,0.12843333333333334
172,sc_1990_insc_255,0.5249999999999999,0.19727272727272727,0.4498461538461538,0.16001136363636365
172,sc_1996_insc_1456,0.39775,0.19775,0.39775,0.07614285714285715
172,sc_1998_insc_389,0.5777499999999999,0.125,0.4991999999999999,0.09925
172,sc_1998_insc_6,0.44999999999999996,0.14775,0.43581249999999994,0.09888636363636363
172,sc_2008_insc_536,0.5961538461538461,0.24060714285714285,0.43420704295704293,0.24060714285714285
172,sc_2014_insc_988,0.39775,0.15275,0.39775,0.11668333333333335
172,sc_2017_insc_316,0.4749999999999999,0.14775,0.4697083333333333,0.08222222222222222
172,sc_2019_insc_214,0.39999999999999997,0.04775000000000001,0.3983125,0.04775000000000001
172,sc_2021_insc_812,0.43775,0.14390384615384613,0.41774999999999995,0.07910897435897436
173,in_abs_train_1373,0.5068409090909091,0.15454545454545454,0.4592226107226107,0.08423986013986014
173,in_abs_train_6550,0.47274999999999995,0.04775000000000001,0.4140999999999999,0.04775000000000001
173,sc_1962_insc_301,0.5499999999999999,0.2,0.5484999999999999,0.15131666666666668
173,sc_1971_insc_352,0.6227499999999999,0.27275,0.5560833333333333,0.18275
173,sc_1981_insc_165,0.656840909090909,0.26775,0.5514727272727271,0.18183333333333332
173,sc_1989_insc_66,0.4944166666666666,0.14441666666666667,0.4842916666666666,0.13456249999999997
173,sc_1995_insc_101,0.5677499999999999,0.24775,0.5167465659340659,0.13347733516483515
173,sc_2002_insc_523,0.45229545454545456,0.14775,0.45229545454545456,0.06235714285714287
173,sc_2003_insc_709,0.39775,0.05,0.39775,0.04887500000000001
173,sc_2009_insc_875,0.5664999999999999,0.17991783216783216,0.49802930402930395,0.12086928071928071
173,sc_2021_insc_419,0.6022954545454544,0.19775,0.48486363636363633,0.09820000000000001
173,sc_2022_insc_13,0.41764705882352937,0.06539705882352942,0.41154663312693496,0.06458829979360166
174,sc_1961_insc_143,0.42774999999999996,0.12275,0.4084999999999999,0.0752
174,sc_1974_insc_244,0.45775,0.10775000000000001,0.4571090909090908,0.06775000000000002
174,sc_1978_insc_245,0.4406071428571428,0.04775000000000001,0.4090267857142857,0.04775000000000001
174,sc_1992_insc_137,0.4749999999999999,0.07775000000000001,0.4457222222222222,0.05465000000000001
174,sc_2003_insc_675,0.55775,0.05,0.4601666666666666,0.05
174,sc_2006_insc_6,0.54775,0.26417857142857143,0.47742607392607384,0.22346428571428573
174,sc_2008_insc_1013,0.5833333333333334,0.18941666666666668,0.5311944444444444,0.07698333333333333
174,sc_2011_insc_516,0.47274999999999995,0.04775000000000001,0.41274999999999995,0.04775000000000001
174,sc_2015_insc_492,0.54775,0.05,0.44820000000000004,0.04850000000000001
174,sc_2021_insc_269,0.49774999999999997,0.15,0.44775,0.0950909090909091
174,sc_2023_insc_487,0.5844166666666666,0.17666666666666664,0.47441666666666665,0.1481875
175,in_abs_train_3910,0.4666666666666666,0.14441666666666667,0.44510476190476195,0.0950079365079365
175,in_abs_train_4774,0.59,0.28775,0.5105416666666667,0.16998888888888888
175,sc_1974_insc_193,0.5327499999999998,0.14775,0.4684999999999999,0.10439242424242426
175,sc_1981_insc_208,0.39775,0.14775,0.39775,0.09417857142857143
175,sc_1993_insc_377,0.39999999999999997,0.05,0.3993571428571428,0.05
175,sc_1996_insc_1045,0.5130441176470587,0.22679761904761908,0.4702312675070027,0.15335494987468673
175,sc_2001_insc_384,0.7083333333333333,0.14441666666666667,0.5579987373737373,0.09720833333333334
175,sc_2002_insc_116,0.7806171328671327,0.38638636363636364,0.6651884615384616,0.21667793317793316
175,sc_2005_insc_217,0.44999999999999996,0.05,0.40865,0.049249999999999995
175,sc_2020_insc_6,0.5545454545454546,0.05,0.4425487012987012,0.05
175,sc_2023_insc_512,0.48727272727272725,0.17991783216783214,0.44446818181818176,0.09180594405594406
176,in_abs_train_4078,0.6144166666666666,0.11441666666666667,0.5199722222222222,0.07353333333333334
176,in_abs_train_4812,0.5499999999999999,0.3232142857142857,0.5236950216450216,0.18555952380952379
176,sc_1954_insc_42,0.44775,0.20775,0.44775,0.10016666666666667
176,sc_1968_insc_60,0.39775,0.125,0.39775,0.1072159090909091
176,sc_1982_insc_47,0.521578947368421,0.15103947368421053,0.4803086668878077,0.09593139097744362
176,sc_1992_insc_129,0.5177499999999999,0.125,0.45025,0.08637500000000001
176,sc_1996_insc_1505,0.5156071428571428,0.12275,0.45343809523809525,0.07275000000000001
176,sc_2000_insc_339,0.45203571428571426,0.10578947368421052,0.44529301948051947,0.09924038790157211
176,sc_2006_insc_796,0.512987012987013,0.18,0.4391466658341658,0.13264720695970697
176,sc_2013_insc_274,0.45775,0.12275,0.4258125,0.09706250000000001
176,sc_2018_insc_1027,0.54775,0.2,0.44775000000000004,0.10865
176,sc_2020_insc_397,0.44775,0.05,0.41025,0.04831250000000001
177,in_abs_train_2573,0.52,0.2525,0.47924999999999995,0.2096
177,in_abs_train_4250,0.48571428571428565,0.18571428571428572,0.44285714285714284,0.1502083333333333
177,in_abs_train_546,0.49168939393939387,0.2250227272727273,0.445788073038073,0.1950402097902098
177,in_abs_train_6891,0.69275,0.12372402597402596,0.5042509157509157,0.09727547452547453
177,sc_1975_insc_27,0.5927499999999999,0.16775,0.5172916666666666,0.138875
177,sc_1992_insc_57,0.49774999999999997,0.15684090909090906,0.4510833333333333,0.0985130536130536
177,sc_1996_insc_457,0.6144166666666666,0.26441666666666663,0.5228589743589743,0.17486666666666667
177,sc_1999_insc_532,0.6144166666666666,0.05,0.4410833333333334,0.04850000000000001
177,sc_2004_insc_144,0.6000000000000001,0.24775,0.5481999999999999,0.21516666666666664
177,sc_2011_insc_830,0.44390384615384615,0.1400576923076923,0.42082692307692304,0.08335052447552448
177,sc_2019_insc_317,0.47274999999999995,0.05,0.411375,0.05
177,sc_2023_insc_510,0.5602941176470588,0.16875,0.5273619909502262,0.109875
178,in_abs_train_2559,0.49999999999999994,0.13229545454545452,0.48784722222222215,0.12114772727272727
178,in_abs_train_5441,0.625,0.19775,0.4957222222222222,0.09455
178,sc_1989_insc_254,0.5613863636363635,0.29115384615384615,0.5202824675324675,0.18391958041958045
178,sc_1995_insc_402,0.7477499999999998,0.33108333333333334,0.6289999999999999,0.2807727272727273
178,sc_1997_insc_316,0.39999999999999997,0.04775000000000001,0.39924999999999994,0.04775000000000001
178,sc_2001_insc_468,0.6549615384615384,0.2738866396761133,0.5456036324786324,0.23389524291497973
178,sc_2005_insc_393,0.45775,0.2,0.45614772727272723,0.13372348484848484
178,sc_2006_insc_835,0.54775,0.125,0.44489285714285715,0.07350000000000001
178,sc_2007_insc_49,0.45775,0.05,0.41275,0.04943750000000001
178,sc_2007_insc_851,0.49525,0.19285714285714284,0.49525,0.14351360544217687
178,sc_2008_insc_1361,0.39999999999999997,0.05,0.3985,0.048875
178,sc_2013_insc_126,0.45999999999999996,0.16917857142857143,0.4351,0.08897619047619047
179,in_abs_train_1528,0.6077499999999999,0.19775,0.5614185606060605,0.1657367424242424
179,in_abs_train_177,0.5227499999999999,0.16238214285714286,0.47679761904761897,0.1113575396825397
179,in_abs_train_3766,0.6477499999999999,0.21666666666666667,0.559351515151515,0.18116919191919192
179,in_abs_train_4795,0.4545454545454545,0.14775,0.4545454545454545,0.0778434065934066
179,sc_1961_insc_44,0.39999999999999997,0.08525000000000002,0.398875,0.05825000000000001
179,sc_1966_insc_95,0.55775,0.05,0.45375,0.04850000000000001
179,sc_1969_insc_79,0.44775,0.05,0.42163076923076925,0.04850000000000001
179,sc_1986_insc_194,0.39999999999999997,0.11441666666666667,0.39864999999999995,0.07072222222222223
179,sc_1988_insc_312,0.49774999999999997,0.22999999999999998,0.4535833333333333,0.11110000000000002
179,sc_2007_insc_1182,0.5134642857142856,0.29774999999999996,0.4529553571428571,0.21038377976190478
179,sc_2014_insc_544,0.6022954545454544,0.04775000000000001,0.4744488636363636,0.04775000000000001
179,sc_2023_insc_612,0.46441666666666664,0.14775,0.4203472222222222,0.13108333333333333
180,in_abs_train_2345,0.581840909090909,0.25684090909090906,0.5195636363636362,0.17199242424242422
180,in_abs_train_4840,0.6357142857142857,0.29774999999999996,0.5896160714285714,0.21349107142857143
180,in_abs_train_5370,0.45229545454545456,0.30684090909090905,0.42614772727272726,0.15782867132867132
180,in_abs_train_6449,0.4522954545454545,0.25229545454545454,0.4522954545454545,0.10934540459540461
180,sc_1986_insc_167,0.39775,0.05,0.39775,0.04757750000000001
180,sc_1987_insc_316,0.49649999999999994,0.21775,0.445139592760181,0.1269656862745098
180,sc_1991_insc_140,0.5685714285714285,0.21857142857142853,0.49000824175824176,0.14619574175824174
180,sc_1996_insc_920,0.5394166666666665,0.26441666666666663,0.5072083333333333,0.15451388888888887
180,sc_2013_insc_809,0.59775,0.24285714285714283,0.49888636363636363,0.10902678571428571
180,sc_2014_insc_97,0.5177499999999999,0.17441666666666666,0.46755909090909087,0.11072222222222222
180,sc_2015_insc_227,0.39775,0.2,0.39775,0.08581250000000001
180,sc_2019_insc_1128,0.6253723776223775,0.17826948051948055,0.4984147102897103,0.15028246753246755
181,in_abs_train_2000,0.54775,0.19775,0.5296111111111111,0.16025
181,in_abs_train_4240,0.54775,0.22502272727272726,0.49194886363636364,0.12973164335664336
181,in_abs_train_5827,0.66775,0.25775,0.5977499999999999,0.12753333333333333
181,sc_1961_insc_110,0.5333333333333333,0.3144166666666667,0.4457757575757576,0.20330555555555554
181,sc_1963_insc_3,0.5644166666666666,0.05,0.47691666666666666,0.048875
181,sc_1968_insc_122,0.5310833333333334,0.19213502673796792,0.5106822066822067,0.1442427807486631
181,sc_1984_insc_31,0.45454545454545453,0.2,0.42614772727272726,0.07387500000000001
181,sc_1999_insc_19,0.4272727272727272,0.09992391304347828,0.40759090909090906,0.06954387351778656
181,sc_2008_insc_1059,0.47274999999999995,0.27499999999999997,0.43524999999999997,0.12770238095238096
181,sc_2008_insc_127,0.48274999999999996,0.13727272727272727,0.45364772727272723,0.11029982517482517
181,sc_2009_insc_420,0.5499999999999999,0.20775,0.5235,0.20274999999999999
181,sc_2013_insc_753,0.54775,0.1,0.4382,0.09925
182,in_abs_train_5320,0.54775,0.05,0.42774999999999996,0.049249999999999995
182,sc_1959_insc_157,0.7113863636363635,0.2640909090909091,0.6023920454545455,0.20831424825174824
182,sc_1971_insc_343,0.39775,0.10229545454545455,0.39775,0.0568409090909091
182,sc_1973_insc_256,0.6884615384615383,0.25229545454545454,0.5586981351981352,0.17309965034965036
182,sc_1981_insc_71,0.39999999999999997,0.19546249999999998,0.39924999999999994,0.10624444805194803
182,sc_1995_insc_472,0.5227499999999999,0.24166666666666664,0.4883351648351648,0.11153333333333333
182,sc_2009_insc_897,0.46441666666666664,0.04775000000000001,0.40855952380952376,0.04775000000000001
182,sc_2014_insc_247,0.45775,0.22774999999999998,0.45502272727272725,0.13425757575757574
182,sc_2018_insc_759,0.49999999999999994,0.2357142857142857,0.44887499999999997,0.10522420634920633
182,sc_2019_insc_1202,0.4522954545454545,0.10775000000000001,0.4111988636363636,0.06275
182,sc_2020_insc_639,0.45775,0.05,0.41331249999999997,0.04831250000000001
182,sc_2022_insc_648,0.39775,0.04775000000000001,0.39774999999999994,0.04775000000000001
183,in_abs_train_1510,0.42774999999999996,0.08525,0.4277499999999999,0.07173704545454546
183,in_abs_train_2650,0.4795454545454545,0.09060714285714286,0.4257651515151515,0.05677142857142857
183,in_abs_train_4477,0.45454545454545453,0.05,0.43281643356643357,0.04820000000000001
183,sc_1975_insc_22,0.5041666666666667,0.14666666666666667,0.43185416666666665,0.07304166666666667
183,sc_1977_insc_46,0.5610833333333333,0.22037878787878787,0.49334848484848476,0.11350909090909092
183,sc_1988_insc_310,0.55775,0.20999999999999996,0.47887499999999994,0.13
183,sc_1996_insc_725,0.44999999999999996,0.10229545454545455,0.44791346153846157,0.08865909090909092
183,sc_1997_insc_248,0.39999999999999997,0.05,0.39924999999999994,0.047200000000000006
183,sc_2007_insc_1190,0.39999999999999997,0.12275,0.3983125,0.067625
183,sc_2008_insc_1375,0.6227499999999999,0.05,0.5235,0.04820000000000001
183,sc_2014_insc_855,0.4749999999999999,0.18275,0.46425,0.10865
183,sc_2018_insc_874,0.5177499999999999,0.19775,0.4331607142857143,0.17275000000000001
184,in_abs_train_3787,0.614625,0.27275,0.5186875,0.19570400432900434
184,sc_1960_insc_47,0.5263214285714286,0.18525000000000003,0.5136387085137085,0.11762500000000001
184,sc_1965_insc_23,0.7191785714285713,0.2714285714285714,0.6178310439560439,0.19628952297702296
184,sc_1979_insc_84,0.4834642857142857,0.12275,0.41917857142857146,0.06762499999999999
184,sc_1995_insc_717,0.45864661654135336,0.2334642857142857,0.4580582092486116,0.1568452380952381
184,sc_1998_insc_208,0.6227499999999999,0.38525,0.534611111111111,0.18715476190476188
184,sc_2008_insc_1283,0.45775,0.05,0.41924999999999996,0.04820000000000001
184,sc_2008_insc_775,0.49999999999999994,0.07775000000000001,0.4457,0.05775
184,sc_2009_insc_1145,0.5610833333333333,0.3010833333333333,0.5221944444444444,0.19449242424242424
184,sc_2010_insc_696,0.54775,0.19775,0.4358125,0.08637500000000001
184,sc_2016_insc_384,0.4666666666666666,0.21441666666666667,0.46554166666666663,0.12330555555555556
184,sc_2022_insc_490,0.5906071428571428,0.08525,0.45029142857142856,0.07211111111111111
185,in_abs_train_234,0.6113863636363636,0.2870357142857142,0.522225974025974,0.245494671994672
185,in_abs_train_4278,0.45999999999999996,0.17775,0.413875,0.14304166666666668
185,in_abs_train_6866,0.5708333333333334,0.21858333333333335,0.5469833333333333,0.17952777777777776
185,sc_1959_insc_105,0.39999999999999997,0.09775,0.398125,0.07275000000000001
185,sc_1966_insc_177,0.5406071428571428,0.23184090909090907,0.5151825674325674,0.12456138111888111
185,sc_1976_insc_253,0.45775,0.05,0.453875,0.04520833333333334
185,sc_1996_insc_1490,0.6477499999999999,0.31775,0.4810833333333333,0.12174999999999998
185,sc_2007_insc_193,0.7277499999999998,0.38108333333333333,0.5423964646464646,0.31858333333333333
185,sc_2009_insc_799,0.5394166666666665,0.18108333333333335,0.5170625,0.13891856060606061
185,sc_2010_insc_8,0.5644166666666666,0.21441666666666667,0.4858125,0.12277083333333334
185,sc_2013_insc_178,0.5295454545454544,0.17909090909090908,0.457148951048951,0.1536439393939394
185,sc_2021_insc_35,0.39775,0.04775000000000001,0.39775,0.04775000000000001
186,in_abs_train_342,0.5227499999999999,0.04775000000000001,0.4398713786213785,0.04775000000000001
186,in_abs_train_3801,0.54775,0.13502272727272727,0.48189160839160844,0.13404982517482517
186,in_abs_train_5331,0.5406071428571428,0.12727272727272726,0.48827197802197797,0.07756818181818181
186,in_abs_train_5674,0.6588076923076922,0.1874261133603239,0.5470296362134596,0.1813889616575375
186,in_abs_train_6495,0.39775,0.05,0.39775,0.04850000000000001
186,sc_1962_insc_224,0.49,0.2,0.4681818181818181,0.12596325757575758
186,sc_1989_insc_374,0.6374935897435896,0.22275,0.5437581585081585,0.19006657925407924
186,sc_2000_insc_174,0.5468531468531468,0.1950227272727273,0.4939353146853147,0.16614772727272728
186,sc_2009_insc_259,0.45775,0.10454545454545455,0.4241885026737967,0.10228030303030304
186,sc_2011_insc_763,0.39999999999999997,0.04775000000000001,0.3985,0.04775000000000001
186,sc_2014_insc_151,0.45999999999999996,0.05,0.42200909090909083,0.046000000000000006
186,sc_2024_insc_374,0.39775,0.05,0.39774062499999996,0.04943750000000001
187,in_abs_train_1795,0.4406071428571428,0.13035714285714287,0.4211190476190476,0.07572142857142858
187,in_abs_train_3195,0.49774999999999997,0.09775,0.48095769230769225,0.06591666666666667
187,sc_1961_insc_341,0.5177499999999999,0.20229545454545453,0.43775000000000003,0.10014742424242425
187,sc_1970_insc_244,0.44390384615384615,0.15,0.4219519230769231,0.09243939393939393
187,sc_1974_insc_170,0.47274999999999995,0.12275,0.44497222222222216,0.08985916666666668
187,sc_1975_insc_322,0.54775,0.19775,0.5082,0.18183333333333332
187,sc_1981_insc_58,0.5664999999999999,0.2153970588235294,0.5052851731601731,0.11216504726890758
187,sc_1988_insc_281,0.54775,0.19775,0.47817032967032963,0.09130285714285716
187,sc_1990_insc_194,0.49489285714285713,0.14489285714285716,0.4742646103896104,0.12157055806512329
187,sc_1996_insc_482,0.59775,0.19775,0.5738749999999999,0.10744143356643356
187,sc_2002_insc_188,0.54775,0.19775,0.46441666666666664,0.1363423076923077
187,sc_2003_insc_62,0.5499999999999999,0.05,0.4891,0.04850000000000001
188,in_abs_train_1157,0.630826923076923,0.2208269230769231,0.5567884615384615,0.14429817404817405
188,sc_1974_insc_168,0.65,0.29275,0.6151306818181818,0.2336098484848485
188,sc_1975_insc_30,0.5499999999999999,0.125,0.4530416666666666,0.11804166666666667
188,sc_1992_insc_38,0.39775,0.05,0.39775,0.04850000000000001
188,sc_1995_insc_873,0.5610833333333333,0.2944166666666666,0.4750119047619047,0.16596401515151515
188,sc_1996_insc_173,0.4834642857142857,0.16775,0.42707142857142855,0.09175000000000001
188,sc_1996_insc_201,0.5834642857142857,0.04775000000000001,0.4657928571428571,0.04775000000000001
188,sc_1997_insc_321,0.54775,0.32275000000000004,0.47275,0.155125
188,sc_1998_insc_134,0.5189038461538461,0.1334642857142857,0.4730140271493212,0.12333839689722041
188,sc_2000_insc_571,0.4522954545454545,0.11666666666666667,0.4250227272727273,0.08929924242424242
188,sc_2009_insc_750,0.5340909090909091,0.12454545454545454,0.4727027417027416,0.11454545454545455
188,sc_2024_insc_225,0.39775,0.05,0.39775,0.048650000000000006
189,in_abs_train_3406,0.58,0.1908269230769231,0.46445909090909093,0.14643725718725717
189,sc_1961_insc_136,0.54775,0.3191785714285714,0.5394166666666667,0.19747351190476192
189,sc_1980_insc_50,0.4666666666666666,0.11666666666666667,0.4440694444444444,0.08220833333333334
189,sc_1989_insc_102,0.6689621212121211,0.35835606060606057,0.6328143939393938,0.20312519425019418
189,sc_1989_insc_115,0.5795681818181818,0.2872727272727273,0.5272954545454545,0.17964015151515153
189,sc_1989_insc_148,0.7215595238095237,0.16560714285714284,0.6456071428571427,0.15781493506493505
189,sc_1997_insc_360,0.39999999999999997,0.04775000000000001,0.3970625,0.04775000000000001
189,sc_2006_insc_372,0.5499999999999999,0.05,0.4636428571428571,0.05
189,sc_2008_insc_487,0.39999999999999997,0.19775,0.3983125,0.14775
189,sc_2011_insc_370,0.53,0.08333333333333334,0.44258333333333333,0.05576666666666667
189,sc_2018_insc_205,0.5772371794871795,0.3639038461538462,0.5174935897435897,0.25826131993006995
189,sc_2018_insc_464,0.54775,0.11,0.4586615384615384,0.06924999999999999
190,in_abs_train_6258,0.39999999999999997,0.04775000000000001,0.3983125,0.04775000000000001
190,sc_1988_insc_49,0.39999999999999997,0.14775,0.3982,0.08183333333333333
190,sc_1994_insc_612,0.6653970588235293,0.3424615384615385,0.5475623787976728,0.24905090497737556
190,sc_2006_insc_745,0.42774999999999996,0.08525,0.42774999999999996,0.07065800865800867
190,sc_2007_insc_488,0.49774999999999997,0.27275,0.49774999999999997,0.09660714285714286
190,sc_2011_insc_690,0.39999999999999997,0.05,0.3985,0.04820000000000001
190,sc_2012_insc_26,0.49999999999999994,0.10229545454545455,0.4504681818181818,0.0931344696969697
190,sc_2014_insc_445,0.44775,0.14775,0.41441666666666666,0.09455909090909091
190,sc_2014_insc_902,0.5211538461538461,0.09615384615384615,0.44543108974358975,0.07120192307692307
190,sc_2017_insc_1126,0.54775,0.14775,0.48183333333333334,0.08365
190,sc_2019_insc_104,0.49774999999999997,0.1,0.4746730769230769,0.08183333333333334
190,sc_2022_insc_229,0.49774999999999997,0.05,0.42275,0.048687499999999995
191,in_abs_train_5440,0.5299178321678321,0.24060714285714285,0.5082465034965035,0.19891583416583417
191,sc_1962_insc_267,0.5131346153846154,0.1908269230769231,0.48238581418581417,0.1783608891108891
191,sc_1968_insc_22,0.39999999999999997,0.05,0.398875,0.04831250000000001
191,sc_1974_insc_142,0.4310833333333333,0.14775,0.4115333333333333,0.1261813725490196
191,sc_1988_insc_297,0.54775,0.2,0.4401666666666666,0.19887500000000002
191,sc_1996_insc_1390,0.6310833333333333,0.15,0.4569878787878787,0.08258333333333334
191,sc_1996_insc_805,0.39775,0.13346428571428573,0.39775,0.07030357142857144
191,sc_1997_insc_22,0.5691785714285714,0.34239285714285717,0.5691785714285714,0.234
191,sc_2000_insc_201,0.5745999999999999,0.27502272727272725,0.5745999999999999,0.16382266542980828
191,sc_2002_insc_187,0.6377499999999998,0.25499999999999995,0.5215032634032634,0.2000151515151515
191,sc_2006_insc_697,0.59775,0.14775,0.5227499999999999,0.12151821428571427
191,sc_2009_insc_328,0.49168939393939387,0.14168939393939395,0.49055303030303027,0.12170202020202021
192,in_abs_train_463,0.6352499999999999,0.19775,0.5185833333333333,0.16544444444444448
192,sc_1971_insc_1,0.5664999999999999,0.07,0.44521538461538457,0.062309523809523815
192,sc_1971_insc_244,0.54775,0.04775000000000001,0.4283928571428571,0.04775000000000001
192,sc_1997_insc_602,0.54775,0.19775,0.54775,0.13820000000000002
192,sc_1997_insc_823,0.5844166666666666,0.28108333333333324,0.5515303030303029,0.1934833333333333
192,sc_1999_insc_146,0.5346933198380566,0.1254827935222672,0.4500651402261309,0.11388912403386087
192,sc_2006_insc_471,0.6358452380952381,0.05,0.5503910137481565,0.05
192,sc_2008_insc_245,0.4772954545454545,0.2753723776223776,0.4568409090909091,0.12977410089910088
192,sc_2009_insc_3,0.6810833333333333,0.23525000000000001,0.5784857142857143,0.16858333333333334
192,sc_2009_insc_375,0.39775,0.10775000000000001,0.39775,0.05617678571428573
192,sc_2013_insc_538,0.4834642857142857,0.10775000000000001,0.4406071428571428,0.08579285714285714
192,sc_2024_insc_21,0.39999999999999997,0.19775,0.398875,0.12275
193,in_abs_train_2215,0.39999999999999997,0.15,0.3985,0.06865000000000002
193,in_abs_train_3902,0.47274999999999995,0.21917857142857144,0.44849999999999995,0.1390357142857143
193,in_abs_train_5000,0.4725249999999999,0.12275,0.41644375,0.0665
193,sc_1958_insc_29,0.5122954545454544,0.10775000000000001,0.4555681818181817,0.06775000000000002
193,sc_1995_insc_322,0.45999999999999996,0.13346428571428573,0.43743181818181814,0.10445952380952381
193,sc_2003_insc_236,0.620826923076923,0.2475,0.5694415792540792,0.11425104166666668
193,sc_2008_insc_1149,0.6441785714285713,0.18941666666666668,0.5023690476190475,0.13997222222222225
193,sc_2009_insc_774,0.49999999999999994,0.28346428571428567,0.4575833333333333,0.12579285714285712
193,sc_2011_insc_311,0.4428571428571428,0.09060714285714286,0.4135357142857143,0.056771428571428584
193,sc_2016_insc_941,0.5522954545454545,0.10229545454545455,0.5155852272727273,0.07319886363636365
193,sc_2020_insc_57,0.49999999999999994,0.11441666666666667,0.4309166666666666,0.061083333333333344
193,sc_2021_insc_900,0.5791785714285714,0.11441666666666667,0.5017736473820297,0.08663888888888889
194,in_abs_train_4721,0.39999999999999997,0.05,0.39865,0.04850000000000001
194,in_abs_train_6657,0.4666666666666666,0.04775000000000001,0.45381190476190475,0.04775000000000001
194,sc_1963_insc_197,0.57,0.28846153846153844,0.49081249999999993,0.17002884615384614
194,sc_1968_insc_9,0.6327499999999998,0.28275,0.5680999999999999,0.24410606060606058
194,sc_1983_insc_63,0.6397435897435897,0.21441666666666667,0.49627797202797197,0.14775
194,sc_1987_insc_372,0.423076923076923,0.08,0.41166849816849815,0.050632500000000004
194,sc_1993_insc_342,0.44390384615384615,0.09775,0.41388461538461535,0.06677142857142856
194,sc_1996_insc_1205,0.5365,0.14582692307692308,0.4428763736263736,0.09426030219780221
194,sc_1996_insc_288,0.49999999999999994,0.13346428571428573,0.4318333333333333,0.11036904761904762
194,sc_2004_insc_498,0.49774999999999997,0.14775,0.46691666666666665,0.09831250000000001
194,sc_2014_insc_770,0.49774999999999997,0.05,0.4310833333333333,0.04820000000000001
194,sc_2018_insc_1053,0.47274999999999995,0.04775000000000001,0.4352499999999999,0.04617500000000001
195,in_abs_train_5116,0.47372402597402596,0.25229545454545454,0.4549808316683317,0.13808522727272726
195,in_abs_train_5884,0.6568409090909091,0.30684090909090905,0.5689388111888112,0.18411363636363634
195,sc_1968_insc_344,0.5068409090909091,0.10775000000000001,0.46728409090909084,0.08944886363636365
195,sc_1971_insc_288,0.39999999999999997,0.05,0.3985,0.0491
195,sc_1979_insc_207,0.66775,0.19775,0.51555,0.14775000000000002
195,sc_1996_insc_747,0.6742857142857142,0.42390384615384613,0.6378272727272727,0.2628782051282051
195,sc_2003_insc_264,0.49774999999999997,0.15,0.4310833333333333,0.08365000000000002
195,sc_2003_insc_623,0.44775,0.24775,0.4477499999999999,0.10715000000000001
195,sc_2006_insc_1013,0.5499999999999999,0.19775,0.4401666666666666,0.17275000000000001
195,sc_2007_insc_1038,0.4522954545454545,0.12275,0.4522954545454545,0.07815476190476191
195,sc_2008_insc_1225,0.39775,0.19775,0.39775,0.08540584415584417
195,sc_2017_insc_838,0.6386363636363637,0.19775,0.4922863636363636,0.11593181818181819
196,sc_1967_insc_29,0.45454545454545453,0.10775000000000001,0.4517215909090909,0.063875
196,sc_1975_insc_50,0.48598529411764707,0.28521130030959746,0.4732447478991596,0.1835579758219077
196,sc_1990_insc_342,0.39999999999999997,0.05,0.39864999999999995,0.04850000000000001
196,sc_1996_insc_1148,0.49774999999999997,0.13571428571428573,0.4447410714285714,0.1313482142857143
196,sc_2001_insc_533,0.45229545454545456,0.19775,0.4313164335664336,0.1274307692307692
196,sc_2005_insc_443,0.5310833333333334,0.26441666666666663,0.46275,0.13997916666666665
196,sc_2005_insc_52,0.66775,0.21441666666666667,0.5911274999999999,0.12905555555555556
196,sc_2008_insc_768,0.5327499999999998,0.245,0.48564999999999997,0.11425
196,sc_2009_insc_974,0.46441666666666664,0.1400576923076923,0.42441666666666666,0.07851923076923077
196,sc_2010_insc_58,0.44999999999999996,0.09775,0.4354134615384615,0.07691666666666667
196,sc_2023_insc_366,0.45229545454545456,0.05,0.41138636363636366,0.048875
197,sc_1966_insc_263,0.51025,0.3685833333333333,0.46962499999999996,0.18756845238095238
197,sc_1969_insc_177,0.5310833333333334,0.05,0.4529444444444444,0.05
197,sc_1969_insc_197,0.45935714285714285,0.15285714285714286,0.438453781512605,0.08448016364440514
197,sc_1981_insc_16,0.5330441176470588,0.17932894736842103,0.47758496732026146,0.10863343653250775
197,sc_1988_insc_156,0.4749999999999999,0.12275,0.46864999999999996,0.07275000000000001
197,sc_1991_insc_24,0.6090909090909091,0.14441666666666667,0.47462689393939395,0.10221401515151515
197,sc_1994_insc_449,0.39775,0.10775000000000001,0.39775,0.07541346153846154
197,sc_1997_insc_557,0.4531071428571428,0.05,0.41620238095238093,0.04820000000000001
197,sc_2008_insc_609,0.49774999999999997,0.05,0.4181,0.049249999999999995
197,sc_2010_insc_263,0.39999999999999997,0.04775000000000001,0.398875,0.04775000000000001
197,sc_2015_insc_962,0.5394166666666665,0.24275,0.45087395833333327,0.16733333333333336
197,sc_2023_insc_599,0.39999999999999997,0.05,0.3983125,0.048875
198,in_abs_train_5459,0.39775,0.04775000000000001,0.39775,0.045250000000000005
198,in_abs_train_5603,0.44999999999999996,0.09775,0.4108125,0.060250000000000005
198,sc_1960_insc_71,0.39999999999999997,0.197,0.3985,0.0766
198,sc_1965_insc_40,0.5327499999999998,0.11,0.4326249999999999,0.078875
198,sc_1966_insc_251,0.5318681318681318,0.19198076923076923,0.515624542124542,0.1448517982017982
198,sc_1974_insc_264,0.45428571428571424,0.10275000000000001,0.4211913919413919,0.06456638795986622
198,sc_1984_insc_119,0.5644166666666667,0.07775000000000001,0.4985,0.06387500000000002
198,sc_1991_insc_259,0.7527499999999999,0.2916893939393939,0.5720333333333334,0.261530303030303
198,sc_1993_insc_63,0.5394166666666665,0.11441666666666667,0.4664999999999999,0.07997916666666667
198,sc_2013_insc_675,0.49774999999999997,0.04775000000000001,0.4267714285714286,0.04775000000000001
198,sc_2021_insc_430,0.6000000000000001,0.25229545454545454,0.46516666666666673,0.13865909090909093
198,sc_2023_insc_519,0.6177499999999999,0.1830441176470588,0.5022,0.13189932126696832
199,sc_1986_insc_53,0.39999999999999997,0.0875,0.398875,0.067625
199,sc_1994_insc_524,0.5180833333333332,0.1357142857142857,0.47705938697318,0.07194285714285713
199,sc_1998_insc_458,0.45999999999999996,0.09775,0.4325833333333333,0.06690909090909092
199,sc_2005_insc_349,0.39999999999999997,0.13775,0.398875,0.06275000000000001
199,sc_2009_insc_225,0.52,0.26775,0.45365,0.19275000000000003
199,sc_2010_insc_312,0.45775,0.05,0.41019999999999995,0.04850000000000001
199,sc_2018_insc_352,0.5227499999999999,0.23727272727272725,0.47731024912587405,0.14933522727272727
199,sc_2018_insc_795,0.39999999999999997,0.14168939393939395,0.3983125,0.11027651515151515
199,sc_2019_insc_314,0.54775,0.15,0.4477499999999999,0.06800500000000001
199,sc_2021_insc_363,0.5499999999999999,0.19775,0.4986499999999999,0.18108333333333335
199,sc_2023_insc_306,0.6144166666666666,0.04775000000000001,0.48308333333333336,0.04775000000000001
200,in_abs_train_1593,0.39775,0.05,0.39775,0.04831250000000001
200,in_abs_train_1984,0.62,0.29774999999999996,0.5271244755244755,0.22930808080808077
200,in_abs_train_5864,0.4406071428571428,0.09775,0.4191785714285714,0.05683333333333334
200,sc_1962_insc_254,0.7772727272727272,0.4110833333333333,0.6549378787878788,0.29997222222222214
200,sc_1963_insc_233,0.5777499999999999,0.19727272727272727,0.4808125,0.10714147727272727
200,sc_1974_insc_125,0.6423076923076924,0.19775,0.5238043956043956,0.13183333333333333
200,sc_2004_insc_280,0.43749999999999994,0.13108333333333333,0.41364999999999996,0.11452777777777778
200,sc_2005_insc_57,0.6090909090909091,0.1568409090909091,0.523585064935065,0.11843006993006994
200,sc_2011_insc_467,0.42,0.07,0.4186696428571428,0.05831250000000001
200,sc_2013_insc_383,0.6022954545454544,0.10229545454545455,0.45039772727272726,0.07502272727272728
200,sc_2018_insc_458,0.39775,0.11441666666666667,0.39775,0.06554166666666666
200,sc_2022_insc_135,0.39775,0.05,0.39775,0.048650000000000006
201,in_abs_train_3441,0.52,0.11,0.46630681818181813,0.07012499999999999
201,in_abs_train_3887,0.39999999999999997,0.10775000000000001,0.39999999999999997,0.09265054945054944
201,in_abs_train_5001,0.44999999999999996,0.09615384615384615,0.4361602564102564,0.09502884615384614
201,in_abs_train_6803,0.48727272727272725,0.19775,0.4375681818181818,0.13721969696969696
201,sc_1962_insc_122,0.6134615384615384,0.28846153846153844,0.5307987637362637,0.21866826923076924
201,sc_1994_insc_318,0.7083560606060605,0.31390384615384614,0.6498011412198911,0.24749358974358976
201,sc_1995_insc_573,0.39999999999999997,0.05,0.3985,0.049550000000000004
201,sc_2002_insc_518,0.49774999999999997,0.04775000000000001,0.41358333333333325,0.04775000000000001
201,sc_2006_insc_319,0.4461538461538461,0.19775,0.4083307692307693,0.09775
201,sc_2009_insc_174,0.4834642857142857,0.13346428571428573,0.44060714285714286,0.06974107142857144
201,sc_2017_insc_375,0.4834642857142857,0.12275,0.4520714285714285,0.07865
201,sc_2023_insc_901,0.45454545454545453,0.05,0.41251136363636365,0.04831250000000001
202,in_abs_train_1769,0.5976470588235294,0.14775,0.46853676470588235,0.103875
202,in_abs_train_5615,0.5644166666666666,0.24275,0.5222373737373737,0.1392
202,sc_1961_insc_214,0.6144166666666666,0.11666666666666667,0.5040555555555556,0.11554166666666667
202,sc_1964_insc_45,0.5552499999999999,0.29417857142857146,0.5552499999999999,0.22174042207792205
202,sc_1975_insc_287,0.45775,0.09775,0.42774999999999996,0.060812500000000005
202,sc_1996_insc_1515,0.509090909090909,0.10454545454545455,0.4445454545454545,0.08523863636363638
202,sc_2006_insc_863,0.39999999999999997,0.19775,0.3985,0.10775000000000001
202,sc_2008_insc_1294,0.5727499999999999,0.13571428571428573,0.4801577380952381,0.11048214285714288
202,sc_2008_insc_201,0.47274999999999995,0.12275,0.42274999999999996,0.07348333333333333
202,sc_2009_insc_848,0.54775,0.10229545454545454,0.44081730769230765,0.07502272727272727
202,sc_2015_insc_982,0.47775,0.12539705882352942,0.43275,0.0783885026737968
202,sc_2024_insc_333,0.39999999999999997,0.05,0.3985,0.0491
203,in_abs_train_5551,0.46441666666666664,0.28346428571428567,0.46441666666666664,0.14156170634920634
203,sc_1956_insc_28,0.47428571428571425,0.12275,0.4350408163265306,0.12275
203,sc_1987_insc_272,0.39775,0.2,0.39775,0.13034285714285715
203,sc_1996_insc_1142,0.46441666666666664,0.125,0.41441666666666666,0.08637500000000001
203,sc_1996_insc_878,0.49999999999999994,0.15,0.47387499999999994,0.14831249999999999
203,sc_1998_insc_326,0.4834642857142857,0.14775,0.45780357142857137,0.0920625
203,sc_2000_insc_260,0.49774999999999997,0.15,0.4360021978021978,0.08258333333333333
203,sc_2000_insc_362,0.49774999999999997,0.1908269230769231,0.44849999999999995,0.11484135864135865
203,sc_2002_insc_206,0.49774999999999997,0.2857142857142857,0.46140773809523805,0.12923214285714285
203,sc_2009_insc_651,0.39999999999999997,0.04775000000000001,0.3982,0.04775000000000001
203,sc_2017_insc_854,0.5349999999999999,0.41679761904761903,0.5253035714285714,0.22669805194805195
203,sc_2023_insc_997,0.5177499999999999,0.04775000000000001,0.46974999999999995,0.04775000000000001
204,sc_1966_insc_157,0.39999999999999997,0.14775,0.39831249999999996,0.0733125
204,sc_1994_insc_176,0.39775,0.125,0.39775,0.06365000000000001
204,sc_1994_insc_225,0.5509740259740259,0.18051948051948052,0.49321815684315673,0.14010932817182817
204,sc_1995_insc_19,0.49774999999999997,0.14775,0.4382,0.11516666666666665
204,sc_1996_insc_1299,0.54775,0.19775,0.48525,0.12387500000000001
204,sc_2003_insc_514,0.48529411764705876,0.1732142857142857,0.47236199095022624,0.12687879767291532
204,sc_2008_insc_225,0.39999999999999997,0.05,0.39834375,0.048875
204,sc_2009_insc_1048,0.39775,0.19775,0.39775,0.1082
204,sc_2010_insc_368,0.48571428571428565,0.2334642857142857,0.45564285714285707,0.17917857142857144
204,sc_2011_insc_408,0.59775,0.24775,0.5437380952380951,0.1682
204,sc_2011_insc_460,0.44390384615384615,0.1400576923076923,0.4131346153846154,0.09860093406593406
204,sc_2014_insc_217,0.455275,0.05,0.40925500000000004,0.04850000000000001
205,in_abs_train_1591,0.4968804347826087,0.18097981366459628,0.4557041632280763,0.10622920195746284
205,in_abs_train_1630,0.45229545454545456,0.05,0.4348636363636364,0.048650000000000006
205,in_abs_train_4365,0.4922954545454545,0.1776223776223776,0.4355738636363636,0.10654982517482516
205,sc_1990_insc_177,0.47274999999999995,0.14775,0.4235,0.08225500000000001
205,sc_1997_insc_429,0.575,0.19775,0.5185208333333333,0.13768750000000002
205,sc_2000_insc_533,0.48571428571428565,0.13571428571428573,0.44285714285714284,0.062273214285714286
205,sc_2000_insc_8,0.625,0.11666666666666667,0.49849999999999994,0.08333333333333334
205,sc_2010_insc_211,0.49999999999999994,0.05,0.423875,0.04943750000000001
205,sc_2018_insc_1124,0.66775,0.29774999999999996,0.6033124999999999,0.23524999999999996
205,sc_2020_insc_92,0.6177499999999999,0.25275,0.531551098901099,0.17608333333333334
205,sc_2024_insc_127,0.49774999999999997,0.12275,0.44775,0.061
206,in_abs_train_5306,0.5450227272727273,0.16775,0.44630681818181817,0.163875
206,sc_1955_insc_31,0.5499999999999999,0.19775,0.4666013257575757,0.148875
206,sc_1961_insc_161,0.45229545454545456,0.10454545454545455,0.42091818181818186,0.10304545454545455
206,sc_1962_insc_340,0.39999999999999997,0.20775,0.39943749999999995,0.14275
206,sc_1987_insc_86,0.4834642857142857,0.12275,0.4545952380952381,0.12275
206,sc_1996_insc_299,0.39775,0.15,0.39775,0.10248571428571429
206,sc_1999_insc_516,0.44775,0.09060714285714286,0.4167714285714286,0.0620357142857143
206,sc_2004_insc_320,0.4461538461538461,0.1568409090909091,0.423076923076923,0.09255594405594404
206,sc_2004_insc_324,0.4749999999999999,0.13346428571428573,0.41706249999999995,0.0864077380952381
206,sc_2009_insc_1224,0.5061538461538462,0.16775,0.449043956043956,0.16775
206,sc_2011_insc_581,0.5499999999999999,0.05,0.42865000000000003,0.04850000000000001
207,in_abs_train_3762,0.54775,0.09729545454545455,0.44849999999999995,0.058559090909090915
207,in_abs_train_401,0.5191785714285714,0.3214285714285714,0.49396428571428563,0.2225121471665589
207,sc_1959_1_1440_1504_en,0.45775,0.11441666666666667,0.44138636363636363,0.08164583333333333
207,sc_1964_insc_256,0.44775,0.09775,0.42980128205128204,0.06820000000000001
207,sc_1996_insc_1189,0.39999999999999997,0.1,0.3985,0.058650000000000015
207,sc_1996_insc_1484,0.39999999999999997,0.04775000000000001,0.39909999999999995,0.04775000000000001
207,sc_1997_insc_74,0.44775,0.09775,0.4086499999999999,0.06441666666666668
207,sc_2008_insc_1407,0.59775,0.16025,0.5230595238095238,0.11900000000000001
207,sc_2008_insc_996,0.54775,0.19775,0.47275,0.0859
207,sc_2010_insc_887,0.45775,0.10775000000000001,0.4084999999999999,0.10502272727272727
207,sc_2011_insc_778,0.39775,0.05,0.39775,0.04341666666666668
207,sc_2022_insc_974,0.4749999999999999,0.05,0.41319999999999996,0.04850000000000001
208,in_abs_train_1028,0.5772727272727273,0.21917857142857142,0.5341691433566432,0.1271810064935065
208,in_abs_train_4357,0.6394166666666665,0.26441666666666663,0.5102714646464647,0.18941666666666665
208,in_abs_train_6204,0.5634615384615385,0.15879120879120878,0.5244401098901098,0.1257252747252747
208,sc_1960_insc_204,0.655,0.3428571428571428,0.5419999999999999,0.2771217532467532
208,sc_1964_insc_86,0.6115509049773755,0.3033613445378151,0.5871023755656108,0.1647576712503183
208,sc_1974_insc_201,0.39775,0.05,0.3950583333333333,0.049550000000000004
208,sc_1996_insc_90,0.5177499999999999,0.10775000000000001,0.4554423076923077,0.08846428571428572
208,sc_1997_insc_380,0.39999999999999997,0.05,0.3983125,0.04831250000000001
208,sc_2003_insc_375,0.39775,0.05,0.39775,0.046041666666666675
208,sc_2008_insc_1433,0.49774999999999997,0.3191785714285714,0.44887499999999997,0.17632142857142855
208,sc_2009_insc_138,0.49774999999999997,0.20229545454545453,0.46025,0.10002272727272728
208,sc_2009_insc_494,0.7227499999999999,0.25,0.604,0.1920625
209,in_abs_train_1692,0.45229545454545456,0.10229545454545455,0.4401580419580419,0.08411363636363638
209,in_abs_train_297,0.49999999999999994,0.24285714285714283,0.4659166666666666,0.1550535964035964
209,sc_1950_insc_3,0.49166666666666664,0.13502272727272727,0.4597083333333333,0.07022872960372961
209,sc_1983_insc_114,0.6491527149321267,0.1963076923076923,0.5371058864841484,0.1963076923076923
209,sc_1984_insc_177,0.6477499999999999,0.34775,0.4915333333333334,0.24775
209,sc_1993_insc_92,0.5909090909090909,0.21138636363636362,0.5143333333333332,0.1718409090909091
209,sc_1994_insc_618,0.6022954545454544,0.14775,0.5625227272727272,0.08694886363636364
209,sc_1996_insc_433,0.49774999999999997,0.20525000000000002,0.44664583333333335,0.15412689393939394
209,sc_2008_insc_1046,0.54775,0.05,0.4358125,0.04831250000000001
209,sc_2017_insc_1006,0.44775,0.1400576923076923,0.44775,0.08015109890109891
209,sc_2018_insc_1029,0.5127499999999999,0.19060714285714286,0.45036904761904756,0.10936428571428572
209,sc_2020_insc_199,0.39999999999999997,0.11441666666666667,0.3994375,0.06497916666666667
210,in_abs_train_3424,0.39999999999999997,0.05,0.398875,0.045062500000000005
210,sc_1962_insc_106,0.45454545454545453,0.10229545454545455,0.42501515151515146,0.07502272727272728
210,sc_1966_insc_43,0.6263214285714285,0.2862115384615384,0.5900750915750915,0.20170604395604394
210,sc_1970_insc_211,0.48499999999999993,0.13941666666666666,0.4258942307692307,0.08220512820512821
210,sc_1990_insc_184,0.45454545454545453,0.1590909090909091,0.4246401515151515,0.13069318181818182
210,sc_1990_insc_226,0.55775,0.20229545454545453,0.5200151515151514,0.12110909090909092
210,sc_1998_insc_180,0.6144166666666666,0.11441666666666667,0.5019833333333332,0.09775
210,sc_2009_insc_111,0.39775,0.04775000000000001,0.39775,0.04775000000000001
210,sc_2011_insc_692,0.6237240259740259,0.13307692307692306,0.5125476523476522,0.11125874125874124
210,sc_2012_insc_102,0.44775,0.2,0.41025,0.08637500000000001
210,sc_2016_insc_976,0.39999999999999997,0.05,0.3985,0.046200000000000005
210,sc_2022_insc_514,0.47274999999999995,0.04775000000000001,0.4170625,0.04775000000000001
211,in_abs_train_852,0.54775,0.21917857142857144,0.49774999999999997,0.10248571428571429
211,sc_1969_insc_57,0.6400576923076923,0.24775,0.5671206293706292,0.21591666666666667
211,sc_1976_insc_317,0.39999999999999997,0.11,0.3982,0.0866818181818182
211,sc_1981_insc_142,0.6144166666666666,0.21666666666666667,0.5019166666666666,0.13054166666666667
211,sc_2004_insc_27,0.47274999999999995,0.12275,0.43524999999999997,0.10673611111111113
211,sc_2008_insc_244,0.49774999999999997,0.14775,0.44887499999999997,0.06516666666666666
211,sc_2008_insc_987,0.45999999999999996,0.22275,0.45999999999999996,0.16592857142857143
211,sc_2015_insc_39,0.47274999999999995,0.12275,0.42274999999999996,0.0632
211,sc_2017_insc_475,0.54775,0.17275,0.5068333333333332,0.1308923076923077
211,sc_2019_insc_1391,0.5499999999999999,0.04775000000000001,0.49849999999999994,0.04775000000000001
211,sc_2019_insc_81,0.54,0.2335714285714286,0.5175833333333334,0.18536428571428573
211,sc_2024_insc_2,0.39999999999999997,0.05,0.39924999999999994,0.04820000000000001
212,in_abs_train_6160,0.75,0.20229545454545453,0.5837995337995339,0.16765
212,in_abs_train_6448,0.5610833333333333,0.15608333333333332,0.4913212121212121,0.12278535353535354
212,sc_1959_insc_32,0.5522954545454545,0.175,0.5057843822843822,0.1459181818181818
212,sc_1960_insc_21,0.6477499999999999,0.16999999999999998,0.5106071428571427,0.16999999999999998
212,sc_1962_insc_69,0.6827499999999999,0.3541602564102564,0.631840909090909,0.16314871794871794
212,sc_1987_insc_286,0.66775,0.26441666666666663,0.49444886363636364,0.11747916666666666
212,sc_1996_insc_162,0.48571428571428565,0.04775000000000001,0.4278214285714285,0.04775000000000001
212,sc_2002_insc_308,0.39999999999999997,0.12275,0.39840625,0.08525
212,sc_2007_insc_805,0.49168939393939387,0.04775000000000001,0.41653787878787873,0.04775000000000001
212,sc_2007_insc_914,0.54775,0.05,0.4477499999999999,0.0491
212,sc_2022_insc_50,0.39999999999999997,0.05,0.398125,0.05
212,sc_2022_insc_887,0.39775,0.05,0.39775,0.04850000000000001
213,in_abs_train_1572,0.39775,0.05,0.39775,0.049249999999999995
213,in_abs_train_4237,0.39999999999999997,0.05,0.3985,0.04820000000000001
213,in_abs_train_4276,0.5575,0.20525000000000002,0.4804478021978022,0.15025
213,in_abs_train_4770,0.52,0.15775,0.44709999999999994,0.10738888888888888
213,in_abs_train_6597,0.45775,0.10229545454545454,0.42774999999999996,0.05759090909090909
213,sc_1965_insc_226,0.6777499999999999,0.29275,0.6399877622377621,0.22565
213,sc_1977_insc_81,0.54775,0.25229545454545454,0.44888636363636364,0.19823701298701296
213,sc_1986_insc_17,0.39999999999999997,0.22275,0.3983125,0.14566666666666667
213,sc_2010_insc_154,0.49774999999999997,0.15,0.46706249999999994,0.10724107142857142
213,sc_2013_insc_340,0.42275,0.07775000000000001,0.414525641025641,0.06881538461538464
213,sc_2016_insc_398,0.49999999999999994,0.05,0.44318749999999996,0.04831250000000001
213,sc_2024_insc_429,0.48941666666666667,0.16775,0.4541782106782106,0.14928846153846154
214,in_abs_train_3940,0.45969331983805667,0.16203571428571428,0.43268348756506647,0.1188992673992674
214,in_abs_train_5619,0.5177499999999999,0.04775000000000001,0.4580714285714285,0.04775000000000001
214,sc_1953_insc_61,0.5777499999999999,0.22275,0.5175821678321677,0.19719444444444445
214,sc_1963_insc_192,0.6727499999999998,0.24275,0.6300869755244755,0.1728111888111888
214,sc_1996_insc_1413,0.56,0.20775,0.5059166666666667,0.12265000000000001
214,sc_2006_insc_679,0.54775,0.25775,0.47275,0.09941666666666665
214,sc_2007_insc_789,0.59775,0.29774999999999996,0.5219519230769231,0.16516666666666666
214,sc_2010_insc_535,0.6300576923076923,0.11285714285714285,0.49847963800904976,0.08030357142857143
214,sc_2011_insc_238,0.39999999999999997,0.05,0.39865,0.04850000000000001
214,sc_2018_insc_617,0.43775,0.05,0.408875,0.04831250000000001
214,sc_2020_insc_536,0.5722954545454544,0.20229545454545453,0.44213051948051946,0.15858158508158507
215,in_abs_train_3543,0.5685833333333333,0.24333333333333335,0.5045113636363636,0.14881250000000001
215,in_abs_train_930,0.5906071428571428,0.125,0.49195238095238086,0.10625
215,sc_1969_insc_146,0.6090909090909091,0.125,0.5242671328671328,0.07350000000000001
215,sc_1978_insc_182,0.39999999999999997,0.1325,0.3994375,0.06893750000000001
215,sc_1983_insc_53,0.47274999999999995,0.05,0.41762499999999997,0.049437499999999995
215,sc_1984_insc_236,0.7713863636363635,0.35299475524475527,0.6347505708577136,0.35299475524475527
215,sc_1985_insc_160,0.4749999999999999,0.12275,0.41319999999999996,0.08766666666666667
215,sc_2002_insc_492,0.625,0.16999999999999998,0.5098655303030303,0.1233125
215,sc_2003_insc_658,0.49774999999999997,0.1590909090909091,0.4575706293706293,0.10304545454545455
215,sc_2010_insc_893,0.46441666666666664,0.05,0.4115333333333333,0.049249999999999995
215,sc_2013_insc_518,0.44775,0.1568409090909091,0.423875,0.11365530303030302
216,in_abs_train_1487,0.6191785714285715,0.16917857142857143,0.5088593406593407,0.11844413919413921
216,in_abs_train_4865,0.59775,0.14775,0.47387499999999994,0.09417857142857143
216,sc_1979_insc_201,0.5209642857142857,0.24060714285714285,0.4697738095238095,0.14120238095238097
216,sc_1980_insc_215,0.49774999999999997,0.05,0.4291090909090909,0.049249999999999995
216,sc_1994_insc_156,0.5818181818181819,0.21441666666666667,0.539784090909091,0.15961868686868688
216,sc_1995_insc_686,0.39775,0.27,0.39775,0.16683333333333336
216,sc_2001_insc_43,0.45775,0.25229545454545454,0.4269488636363636,0.10960064935064937
216,sc_2003_insc_136,0.6763214285714285,0.2857142857142857,0.6031071428571428,0.261375
216,sc_2005_insc_71,0.54775,0.19775,0.4235,0.12275000000000001
216,sc_2007_insc_39,0.5499999999999999,0.19775,0.5485,0.07865000000000001
216,sc_2007_insc_424,0.39999999999999997,0.13571428571428573,0.398875,0.0881607142857143
216,sc_2011_insc_149,0.39999999999999997,0.11,0.3985,0.0721
217,in_abs_train_1955,0.45229545454545456,0.10229545454545455,0.4500227272727273,0.07539772727272728
217,in_abs_train_6713,0.39999999999999997,0.05,0.3985,0.0491
217,sc_1964_insc_255,0.6277499999999998,0.135,0.5243612887112887,0.11285897435897436
217,sc_1968_insc_116,0.5423076923076923,0.22999999999999998,0.4792692307692307,0.14265
217,sc_1979_insc_145,0.45999999999999996,0.32775,0.41924999999999996,0.22574999999999998
217,sc_1990_insc_230,0.49774999999999997,0.2,0.4310833333333333,0.1082
217,sc_1994_insc_296,0.47274999999999995,0.34774999999999995,0.4657222222222222,0.17753333333333332
217,sc_1997_insc_334,0.47274999999999995,0.19775,0.41364999999999996,0.09775
217,sc_1999_insc_247,0.5022954545454544,0.11441666666666667,0.42444886363636364,0.06497916666666667
217,sc_2006_insc_612,0.575,0.2,0.5019374999999999,0.103875
217,sc_2008_insc_176,0.75,0.2857142857142857,0.5858125,0.1953035714285714
217,sc_2022_insc_674,0.54775,0.04775000000000001,0.4608125,0.04756250000000001
218,in_abs_train_1229,0.42275,0.05,0.4068333333333333,0.047200000000000006
218,in_abs_train_1347,0.39775,0.19775,0.39775,0.0782
218,in_abs_train_4066,0.4822954545454545,0.29108333333333336,0.4822954545454545,0.2462741425241425
218,in_abs_train_4165,0.55775,0.26775,0.47865,0.14108333333333334
218,in_abs_train_792,0.5808269230769231,0.21999999999999997,0.5171089743589743,0.13371538461538462
218,sc_1973_insc_131,0.6253970588235293,0.13082692307692306,0.6253970588235293,0.08922234907949192
218,sc_1973_insc_97,0.47917857142857145,0.13974358974358975,0.42656822344322337,0.1052852564102564
218,sc_1979_insc_237,0.5910833333333333,0.3010833333333333,0.5471944444444444,0.1770590909090909
218,sc_1995_insc_98,0.39999999999999997,0.10229545454545455,0.398875,0.0568409090909091
218,sc_1999_insc_308,0.45775,0.10775000000000001,0.41773124999999994,0.10502272727272727
218,sc_2004_insc_545,0.47274999999999995,0.12275,0.41355,0.07425
219,in_abs_train_4482,0.46833823529411767,0.12275,0.44702941176470584,0.07115882352941176
219,in_abs_train_6267,0.6177499999999999,0.2833333333333333,0.5385,0.2136761904761905
219,sc_1972_insc_309,0.39775,0.05,0.39775,0.0491
219,sc_1978_insc_108,0.39775,0.16785714285714284,0.39775,0.08864142857142857
219,sc_1981_insc_45,0.516797619047619,0.16249999999999998,0.46919612054612053,0.10786111111111112
219,sc_1990_insc_317,0.39999999999999997,0.14775,0.3982,0.08183333333333333
219,sc_1995_insc_271,0.4834642857142857,0.1657142857142857,0.44060714285714286,0.08085912698412699
219,sc_1997_insc_204,0.54775,0.25229545454545454,0.54775,0.13508441558441558
219,sc_1999_insc_95,0.5610833333333333,0.28775,0.4698499417249417,0.24138636363636362
219,sc_2003_insc_490,0.4834642857142857,0.05,0.41278571428571426,0.048875
219,sc_2008_insc_158,0.39775,0.27774999999999994,0.39775,0.1313067646639075
219,sc_2013_insc_594,0.5857142857142857,0.2334642857142857,0.5357142857142857,0.17788690476190475
220,sc_1953_insc_45,0.5107370129870129,0.22142857142857142,0.4678798701298701,0.125245670995671
220,sc_1966_insc_176,0.5833333333333334,0.14775,0.5045,0.1437348484848485
220,sc_1972_insc_267,0.49168939393939387,0.14166666666666666,0.4519633838383838,0.09470833333333334
220,sc_1988_insc_71,0.5644166666666666,0.12275,0.4669833333333333,0.09572222222222222
220,sc_1996_insc_1029,0.39775,0.15,0.39775,0.0882
220,sc_1996_insc_254,0.4834642857142857,0.2357142857142857,0.4390535714285714,0.1387232142857143
220,sc_1996_insc_812,0.54775,0.24775,0.517280769230769,0.23183333333333334
220,sc_2003_insc_11,0.65,0.2661538461538462,0.537253663003663,0.2531057692307692
220,sc_2006_insc_275,0.45952380952380945,0.10666666666666666,0.4491730207872623,0.10434803921568626
220,sc_2017_insc_1038,0.5499999999999999,0.15,0.48183333333333334,0.11511416666666667
220,sc_2017_insc_704,0.46441666666666664,0.10775000000000001,0.4110833333333333,0.06775000000000002
220,sc_2020_insc_675,0.54775,0.10775000000000001,0.43525,0.062625
221,in_abs_train_1060,0.39775,0.12275,0.39775,0.07275000000000001
221,in_abs_train_3855,0.49774999999999997,0.04775000000000001,0.4291090909090909,0.04775000000000001
221,in_abs_train_6533,0.55775,0.12307692307692307,0.49965476190476193,0.08449615384615385
221,sc_1969_insc_170,0.57,0.33525,0.5417259615384614,0.22304464285714284
221,sc_1970_insc_8,0.5327499999999998,0.125,0.47664583333333327,0.11595833333333333
221,sc_1979_insc_245,0.6583333333333333,0.3060833333333333,0.5416994047619047,0.19069886363636362
221,sc_1987_insc_342,0.5250227272727271,0.15275,0.44232121212121206,0.10195
221,sc_1989_insc_372,0.54775,0.19775,0.512602564102564,0.13767142857142858
221,sc_2006_insc_924,0.514,0.2234078947368421,0.4695875540300025,0.14474656750572082
221,sc_2012_insc_277,0.52,0.2023076923076923,0.46926923076923077,0.08666153846153847
221,sc_2020_insc_181,0.54775,0.04775000000000001,0.44819999999999993,0.04683333333333334
221,sc_2021_insc_790,0.5122954545454546,0.16229545454545455,0.43888636363636363,0.14479545454545456
222,in_abs_train_1031,0.45999999999999996,0.19775,0.428875,0.11444886363636364
222,in_abs_train_1381,0.4834642857142857,0.10775000000000001,0.42278571428571426,0.10775000000000001
222,sc_1968_insc_16,0.54275,0.18917857142857145,0.4943833078686019,0.10945238095238097
222,sc_1986_insc_225,0.39999999999999997,0.05,0.3984999999999999,0.05
222,sc_1986_insc_250,0.54775,0.14775,0.44775000000000004,0.067105
222,sc_1994_insc_264,0.39999999999999997,0.14775,0.398875,0.06516666666666666
222,sc_1995_insc_600,0.7177499999999999,0.04775000000000001,0.5185,0.04775000000000001
222,sc_1996_insc_1362,0.5691785714285714,0.12275,0.4513214285714286,0.11525
222,sc_2006_insc_416,0.49774999999999997,0.19775,0.4319833333333333,0.12033472222222223
222,sc_2006_insc_613,0.46441666666666664,0.10454545454545452,0.4368666666666666,0.08486363636363636
222,sc_2017_insc_270,0.54775,0.04775000000000001,0.4677499999999999,0.04775000000000001
222,sc_2023_insc_211,0.4834642857142857,0.2620357142857143,0.44060714285714286,0.168125
223,in_abs_train_281,0.5327499999999998,0.18275,0.45312499999999994,0.141375
223,in_abs_train_6274,0.6212121212121211,0.3772954545454545,0.5609671717171717,0.23368484848484847
223,in_abs_train_6648,0.4749999999999999,0.14775,0.41693749999999996,0.073875
223,sc_1952_insc_38,0.47274999999999995,0.08775,0.4172916666666666,0.06887499999999999
223,sc_1958_insc_105,0.6077499999999999,0.10229545454545454,0.45110909090909085,0.06593181818181819
223,sc_1980_insc_39,0.49999999999999994,0.16346428571428573,0.423875,0.09489285714285715
223,sc_1997_insc_189,0.49999999999999994,0.14775,0.4318333333333333,0.1282
223,sc_2008_insc_314,0.39775,0.19275,0.39775,0.0772
223,sc_2010_insc_417,0.39999999999999997,0.04775000000000001,0.398875,0.04775000000000001
223,sc_2012_insc_500,0.5050576923076923,0.1550576923076923,0.4576608829766724,0.10890384615384616
223,sc_2016_insc_327,0.39999999999999997,0.1,0.39865,0.09721794871794871
223,sc_2022_insc_214,0.4874935897435897,0.10775000000000001,0.45848659673659675,0.06775000000000002
224,in_abs_train_1713,0.4666666666666666,0.21108333333333332,0.4214722222222222,0.15198787878787878
224,in_abs_train_2042,0.54775,0.13229545454545452,0.47569999999999996,0.10577272727272728
224,in_abs_train_4089,0.39775,0.04775000000000001,0.39775,0.04775000000000001
224,in_abs_train_85,0.39775,0.04775000000000001,0.39775,0.047703125000000006
224,in_abs_train_95,0.49774999999999997,0.21441666666666667,0.4233125,0.14054166666666668
224,sc_1983_insc_131,0.39775,0.05,0.39775,0.04725000000000001
224,sc_1985_insc_98,0.39999999999999997,0.05,0.39757,0.04850000000000001
224,sc_1997_insc_647,0.6177499999999999,0.13727272727272727,0.4821090909090908,0.0775909090909091
224,sc_2011_insc_722,0.39999999999999997,0.09060714285714286,0.398875,0.05235119047619049
224,sc_2013_insc_512,0.39999999999999997,0.04775000000000001,0.39585714285714285,0.04775000000000001
224,sc_2017_insc_395,0.5499999999999999,0.14775,0.4714722222222221,0.11582142857142856
224,sc_2024_insc_224,0.39999999999999997,0.04775000000000001,0.3982,0.04775000000000001
225,in_abs_train_3400,0.45999999999999996,0.14775,0.41850000000000004,0.06775
225,in_abs_train_4559,0.5028571428571429,0.1900576923076923,0.4828179945054945,0.09638942307692308
225,sc_1964_insc_215,0.6164999999999999,0.1665,0.5396684981684982,0.14150000000000001
225,sc_1975_insc_291,0.7110833333333332,0.3913863636363636,0.6565808080808081,0.3682045454545454
225,sc_1992_insc_276,0.39999999999999997,0.04775000000000001,0.39954999999999996,0.045250000000000005
225,sc_1996_insc_490,0.6944166666666666,0.27774999999999994,0.6257257575757575,0.20572222222222217
225,sc_1996_insc_769,0.48775,0.21108333333333332,0.45275,0.13110416666666666
225,sc_2002_insc_21,0.39999999999999997,0.05,0.3987142857142857,0.05
225,sc_2003_insc_491,0.39775,0.14992499999999997,0.39775,0.10188214285714284
225,sc_2010_insc_709,0.39775,0.12275,0.39775,0.0845625
225,sc_2017_insc_1279,0.47274999999999995,0.125,0.45399999999999996,0.06706250000000001
225,sc_2022_insc_394,0.44775,0.09060714285714286,0.41025,0.058464285714285726
226,in_abs_train_3965,0.47274999999999995,0.12275,0.42274999999999996,0.08943333333333334
226,sc_1962_insc_327,0.6522954545454543,0.1568409090909091,0.5655530303030303,0.1291577797202797
226,sc_1964_insc_266,0.39775,0.04775000000000001,0.3975325,0.04775000000000001
226,sc_1980_insc_171,0.7577499999999999,0.43775,0.6271,0.32405555555555554
226,sc_1983_insc_73,0.425,0.27307692307692305,0.4220892857142857,0.19049679487179486
226,sc_1998_insc_157,0.682814935064935,0.2505909090909091,0.564481331168831,0.20694545454545454
226,sc_2007_insc_665,0.6237240259740258,0.27372402597402595,0.6223549783549782,0.17458361638361636
226,sc_2009_insc_45,0.6977499999999999,0.04775000000000001,0.5245833333333333,0.04775000000000001
226,sc_2009_insc_731,0.39775,0.12275,0.39775,0.06365
226,sc_2011_insc_420,0.6406071428571428,0.25,0.5379285714285714,0.16000793650793652
226,sc_2014_insc_216,0.6310833333333332,0.11666666666666667,0.49686666666666657,0.09294444444444444
226,sc_2022_insc_548,0.54775,0.19775,0.45219999999999994,0.1485
227,in_abs_train_5200,0.5334642857142856,0.18020178571428574,0.5110535714285713,0.14716651785714285
227,in_abs_train_5410,0.543903846153846,0.1980125,0.4646497668997669,0.11748326923076921
227,in_abs_train_5526,0.4666666666666666,0.12275,0.4257666666666666,0.0916818181818182
227,sc_1959_insc_45,0.6856287878787877,0.36774999999999997,0.5990321969696968,0.2706931818181818
227,sc_1976_insc_146,0.43999999999999995,0.08525,0.4302230392156862,0.067625
227,sc_1980_insc_223,0.39775,0.04775000000000001,0.3970625,0.046256250000000006
227,sc_1986_insc_113,0.49774999999999997,0.2,0.423875,0.0856875
227,sc_1988_insc_50,0.5644166666666666,0.04775000000000001,0.46283333333333326,0.04775000000000001
227,sc_2000_insc_166,0.5522954545454545,0.19060714285714286,0.4491090909090908,0.12664935064935065
227,sc_2001_insc_36,0.39999999999999997,0.05,0.39865,0.04850000000000001
227,sc_2002_insc_205,0.6077499999999999,0.15684090909090906,0.46812499999999996,0.10342045454545454
227,sc_2019_insc_1026,0.69775,0.37619047619047613,0.5721547619047619,0.25407835497835496
228,in_abs_train_3093,0.4749999999999999,0.18258333333333332,0.4697083333333333,0.1330138888888889
228,in_abs_train_6517,0.39775,0.05,0.39775,0.04831250000000001
228,sc_1954_insc_26,0.5341817841079459,0.09219444444444444,0.4600613820074089,0.08634722222222221
228,sc_1974_insc_13,0.5189038461538461,0.05,0.48529739010989004,0.04943750000000001
228,sc_1988_insc_135,0.5636363636363636,0.21138636363636362,0.48827651515151516,0.1295681818181818
228,sc_1993_insc_238,0.5330441176470588,0.16679761904761906,0.4679755417956656,0.10698141186299082
228,sc_2005_insc_22,0.39999999999999997,0.14775,0.3994375,0.0983125
228,sc_2006_insc_952,0.573076923076923,0.28749358974358974,0.45694230769230765,0.16948205128205127
228,sc_2007_insc_1077,0.39775,0.05,0.39775,0.049249999999999995
228,sc_2015_insc_555,0.5714285714285715,0.27307692307692305,0.5182061896436896,0.1698956043956044
228,sc_2017_insc_208,0.45775,0.19775,0.45775000000000005,0.09065000000000001
228,sc_2019_insc_448,0.5077499999999999,0.16454545454545455,0.4800227272727272,0.14085227272727271
229,in_abs_train_5017,0.5666893939393939,0.21441666666666667,0.46346401515151514,0.1326875
229,in_abs_train_5103,0.51025,0.16560714285714284,0.47027083333333336,0.13965178571428571
229,sc_1961_insc_218,0.39999999999999997,0.05,0.3985,0.04515000000000001
229,sc_1973_insc_119,0.5644166666666667,0.21108333333333332,0.49161868686868687,0.12260000000000001
229,sc_1984_insc_17,0.7777499999999997,0.4072727272727272,0.659118648018648,0.3617178932178932
229,sc_1986_insc_177,0.5777499999999999,0.23441666666666666,0.5179972027972027,0.22708585858585859
229,sc_1990_insc_183,0.47274999999999995,0.05,0.41364999999999996,0.04850000000000001
229,sc_1995_insc_316,0.7,0.30882840909090903,0.6146666666666666,0.2544142045454545
229,sc_2006_insc_133,0.5291785714285714,0.24082692307692308,0.4745892857142857,0.15128595669036846
229,sc_2011_insc_322,0.5522954545454545,0.10229545454545455,0.48744696969696966,0.08970804195804197
229,sc_2019_insc_1286,0.39775,0.09285714285714286,0.39775,0.05451530612244898
229,sc_2024_insc_177,0.5918874999999999,0.309090909090909,0.5357958333333332,0.21146818181818183
230,in_abs_train_1415,0.4834642857142857,0.13346428571428573,0.4197410714285714,0.08770357142857144
230,sc_1954_insc_105,0.39775,0.11441666666666667,0.39775,0.0756904761904762
230,sc_1961_insc_276,0.621111344537815,0.2628782051282051,0.5646076276664512,0.17578801982331393
230,sc_1961_insc_316,0.55775,0.16775,0.46275,0.11220833333333333
230,sc_1998_insc_87,0.6000000000000001,0.12275,0.5051249999999999,0.08429166666666665
230,sc_1999_insc_126,0.49999999999999994,0.14775,0.41819999999999996,0.08108333333333334
230,sc_2003_insc_20,0.54775,0.05,0.43525,0.048875
230,sc_2003_insc_584,0.54775,0.19775,0.54775,0.12331249999999999
230,sc_2005_insc_459,0.39999999999999997,0.05,0.3983125,0.04831250000000001
230,sc_2016_insc_518,0.49999999999999994,0.23307692307692307,0.43512393162393165,0.17791346153846155
230,sc_2019_insc_573,0.39775,0.05,0.3965,0.04887500000000001
230,sc_2024_insc_44,0.69,0.32999999999999996,0.6119,0.2753859649122807
231,sc_1960_insc_179,0.54775,0.19775,0.4979134615384615,0.11308522727272728
231,sc_1969_insc_270,0.45999999999999996,0.14441666666666667,0.41850000000000004,0.10410454545454546
231,sc_1972_insc_93,0.48571428571428565,0.19775,0.4278214285714285,0.0932
231,sc_1975_insc_53,0.5852499999999999,0.24775,0.5009380952380952,0.14611904761904762
231,sc_1976_insc_117,0.39999999999999997,0.04775000000000001,0.39924999999999994,0.04775000000000001
231,sc_1995_insc_24,0.5727499999999999,0.2857142857142857,0.48465476190476187,0.1605285714285714
231,sc_2000_insc_9,0.5691785714285714,0.19775,0.5054553571428572,0.12542857142857144
231,sc_2007_insc_554,0.5077499999999999,0.14390384615384616,0.45331249999999995,0.09791346153846153
231,sc_2009_insc_765,0.4406071428571428,0.09390384615384616,0.4090267857142857,0.05985096153846155
231,sc_2011_insc_548,0.39775,0.27275,0.39775,0.13608333333333333
231,sc_2017_insc_871,0.48571428571428565,0.13571428571428573,0.4422946428571429,0.07030357142857144
231,sc_2018_insc_453,0.6022727272727273,0.07727272727272727,0.49579220779220773,0.07727272727272727
232,in_abs_train_1316,0.61,0.19166666666666665,0.5009958333333333,0.14367575757575757
232,in_abs_train_3759,0.60775,0.12275,0.48358333333333337,0.1008125
232,in_abs_train_404,0.39999999999999997,0.05,0.3985,0.04820000000000001
232,in_abs_train_5269,0.5818409090909089,0.2712121212121212,0.5186009615384615,0.2315151515151515
232,sc_1955_insc_25,0.39999999999999997,0.05,0.39831249999999996,0.04700000000000001
232,sc_1962_insc_124,0.43999999999999995,0.05,0.4283125,0.04831250000000001
232,sc_1967_insc_73,0.47274999999999995,0.04775000000000001,0.4302142857142857,0.04775000000000001
232,sc_1979_insc_31,0.39999999999999997,0.1,0.398875,0.08012187500000001
232,sc_1993_insc_1,0.39775,0.12275,0.39775,0.060250000000000005
232,sc_2003_insc_742,0.39999999999999997,0.10775000000000001,0.3985,0.07775000000000001
232,sc_2008_insc_338,0.48571428571428565,0.09390384615384616,0.4298273809523809,0.07082692307692308
232,sc_2013_insc_618,0.39775,0.12775,0.39775,0.08319805194805197
233,sc_1980_insc_117,0.568861111111111,0.20108333333333334,0.5266886200716845,0.12911596880131362
233,sc_1992_insc_259,0.5394166666666665,0.12275,0.5170625,0.11485416666666667
233,sc_1994_insc_538,0.6227499999999999,0.19775,0.5227499999999999,0.12745
233,sc_1997_insc_297,0.45775,0.25229545454545454,0.45593181818181816,0.14756818181818182
233,sc_2001_insc_566,0.4834642857142857,0.2875,0.4735436507936508,0.19424523809523808
233,sc_2007_insc_470,0.5310833333333334,0.39774999999999994,0.5273888888888889,0.3010833333333333
233,sc_2009_insc_114,0.47274999999999995,0.04775000000000001,0.4409285714285714,0.04775000000000001
233,sc_2014_insc_209,0.47274999999999995,0.125,0.4235,0.1232
233,sc_2016_insc_271,0.39999999999999997,0.35,0.397515625,0.1619375
233,sc_2020_insc_671,0.5927499999999999,0.18108333333333335,0.49392727272727266,0.14748989898989898
233,sc_2022_insc_447,0.45999999999999996,0.11666666666666667,0.428875,0.0687020202020202
233,sc_2022_insc_965,0.49774999999999997,0.25825420168067226,0.4787216599190283,0.18367802733901806
234,in_abs_train_336,0.5653970588235293,0.164525,0.46567768261150605,0.11447083333333334
234,sc_1981_insc_167,0.7552499999999999,0.27774999999999994,0.6087777777777776,0.20531666666666668
234,sc_1993_insc_173,0.4666666666666666,0.11441666666666667,0.46221666666666666,0.11037626262626261
234,sc_1995_insc_560,0.6708333333333333,0.3033333333333333,0.5966527777777777,0.28142857142857136
234,sc_1995_insc_597,0.49774999999999997,0.14775,0.42275,0.1170625
234,sc_1996_insc_1333,0.45999999999999996,0.12275,0.428875,0.07025
234,sc_1996_insc_924,0.623076923076923,0.3083560606060606,0.5437467948717948,0.1873526334776335
234,sc_2005_insc_289,0.54775,0.05,0.4507738095238095,0.05
234,sc_2007_insc_674,0.46441666666666664,0.04775000000000001,0.4115333333333333,0.04775000000000001
234,sc_2008_insc_1422,0.39999999999999997,0.15,0.3983125,0.0733125
234,sc_2009_insc_739,0.45775,0.11,0.41274999999999995,0.063875
234,sc_2011_insc_378,0.49774999999999997,0.08108333333333334,0.41775,0.05886111111111112
235,sc_1952_insc_56,0.39999999999999997,0.05,0.398875,0.047625
235,sc_1969_insc_273,0.45775,0.18333333333333335,0.413875,0.08220833333333334
235,sc_1970_insc_243,0.49039705882352935,0.20775,0.4778357554210494,0.1669574592074592
235,sc_1990_insc_308,0.44775,0.05,0.40675,0.04850000000000001
235,sc_1995_insc_547,0.39999999999999997,0.04775000000000001,0.39999999999999997,0.04775000000000001
235,sc_1995_insc_86,0.5499999999999999,0.19775,0.49887499999999996,0.17275000000000001
235,sc_2003_insc_313,0.5499999999999999,0.05,0.4508125,0.05
235,sc_2006_insc_995,0.4466804812834224,0.0960875959079284,0.4374774526411354,0.09581585677749362
235,sc_2007_insc_444,0.6441785714285713,0.18333333333333335,0.4806428571428571,0.10181666666666667
235,sc_2011_insc_275,0.39999999999999997,0.05,0.39924999999999994,0.04820000000000001
235,sc_2020_insc_171,0.45775,0.11441666666666667,0.41721590909090905,0.08108333333333334
235,sc_2024_insc_239,0.5397727272727273,0.17752272727272722,0.4899640909090909,0.1429227804359383
236,in_abs_train_2668,0.6291785714285714,0.3745454545454545,0.5658448773448773,0.26689848484848483
236,in_abs_train_2981,0.39999999999999997,0.04775000000000001,0.398875,0.04775000000000001
236,in_abs_train_3118,0.45229545454545456,0.25,0.42512412587412585,0.13253986013986013
236,in_abs_train_3674,0.6114999999999999,0.31775,0.5261892107892108,0.27627777777777773
236,in_abs_train_6938,0.44999999999999996,0.1,0.4290817307692308,0.07443749999999999
236,in_abs_train_758,0.6394166666666665,0.38108333333333333,0.5551363636363635,0.3124848484848485
236,sc_2000_insc_282,0.48571428571428565,0.04775000000000001,0.42689642857142857,0.04775000000000001
236,sc_2008_insc_1075,0.39999999999999997,0.2,0.3985,0.09365000000000001
236,sc_2009_insc_426,0.55775,0.18941666666666668,0.51525,0.09395833333333332
236,sc_2012_insc_100,0.52245,0.125,0.45931666666666665,0.06365000000000001
236,sc_2015_insc_109,0.39775,0.11,0.39775,0.06720833333333333
236,sc_2015_insc_387,0.4666666666666666,0.04775000000000001,0.4356757575757576,0.04775000000000001
237,sc_1989_insc_342,0.49774999999999997,0.1400576923076923,0.43065,0.09390384615384616
237,sc_1997_insc_425,0.5083333333333333,0.21775,0.4834640151515151,0.17007386363636362
237,sc_1999_insc_286,0.39999999999999997,0.05,0.3985,0.04820000000000001
237,sc_1999_insc_435,0.4799999999999999,0.12775,0.43887499999999996,0.09928846153846155
237,sc_2006_insc_721,0.4666666666666666,0.20999999999999996,0.44539583333333327,0.10126136363636362
237,sc_2011_insc_242,0.54775,0.18108333333333335,0.4949722222222222,0.12275
237,sc_2017_insc_357,0.58,0.4022954545454545,0.5394565268065268,0.2683484848484848
237,sc_2021_insc_758,0.4937499999999999,0.06539705882352942,0.4365113636363636,0.05272426470588236
237,sc_2022_insc_49,0.5093571428571428,0.12142857142857143,0.47140695970695967,0.10136080586080587
237,sc_2022_insc_666,0.5449999999999999,0.19775,0.5449999999999999,0.1391938775510204
237,sc_2023_insc_958,0.39999999999999997,0.05,0.398875,0.04806875000000001
238,in_abs_train_5237,0.5406071428571428,0.22454545454545455,0.5029697802197802,0.15238240925740926
238,in_abs_train_6352,0.39775,0.04775000000000001,0.39775,0.04775000000000001
238,sc_1970_insc_56,0.4250227272727272,0.07502272727272727,0.4045681818181818,0.05456818181818183
238,sc_1974_insc_88,0.55775,0.2239404761904762,0.5243928571428571,0.14470337301587302
238,sc_1985_insc_191,0.45229545454545456,0.1568409090909091,0.40910909090909087,0.14411363636363636
238,sc_2003_insc_416,0.4522954545454545,0.05,0.4119488636363636,0.048875
238,sc_2007_insc_605,0.658974358974359,0.33621153846153845,0.6163440170940171,0.30983791208791206
238,sc_2008_insc_333,0.39999999999999997,0.2,0.3983125,0.08581250000000001
238,sc_2009_insc_879,0.39775,0.19775,0.39775,0.07229166666666667
238,sc_2015_insc_90,0.39775,0.19775,0.39775,0.12191666666666666
238,sc_2019_insc_660,0.39999999999999997,0.24166666666666664,0.39999999999999997,0.12109523809523812
238,sc_2022_insc_1077,0.44775,0.2461538461538461,0.44775,0.15695604395604396
239,in_abs_train_4918,0.6432045454545453,0.37499999999999994,0.5920624999999999,0.2635659965034965
239,sc_1989_insc_130,0.7749999999999999,0.34775,0.6613749999999999,0.24970833333333334
239,sc_1992_insc_105,0.51025,0.3072738095238095,0.49099999999999994,0.19317380952380953
239,sc_1996_insc_42,0.6977499999999999,0.4261538461538461,0.6402171717171716,0.2972141025641025
239,sc_1996_insc_927,0.6077499999999999,0.20999999999999996,0.42903571428571424,0.20999999999999996
239,sc_1999_insc_149,0.54775,0.13346428571428573,0.47275,0.10667857142857143
239,sc_2010_insc_558,0.47274999999999995,0.05,0.4217361111111111,0.05
239,sc_2014_11_268_277_en,0.46441666666666664,0.19775,0.46441666666666664,0.08053571428571428
239,sc_2016_insc_579,0.6666666666666667,0.35,0.6524978632478632,0.25585151515151516
239,sc_2018_insc_138,0.39999999999999997,0.05,0.3985,0.047650000000000005
239,sc_2023_insc_511,0.49393939393939384,0.14168939393939395,0.4458446969696969,0.07911383061383061
240,in_abs_train_922,0.47274999999999995,0.16775,0.430703125,0.1233125
240,in_abs_train_959,0.45775,0.05,0.41775,0.0491
240,sc_1973_insc_236,0.5613863636363635,0.26593181818181816,0.49740034965034957,0.17502272727272725
240,sc_1994_insc_92,0.5940909090909091,0.17826948051948052,0.5362642714428428,0.17826948051948052
240,sc_1996_insc_637,0.5310833333333334,0.24774999999999994,0.4639833333333333,0.16740811965811964
240,sc_2001_insc_558,0.44775,0.1330441176470588,0.4403970588235294,0.08697303921568628
240,sc_2003_insc_239,0.6334642857142856,0.13346428571428573,0.5066785714285713,0.06917857142857144
240,sc_2011_insc_655,0.39999999999999997,0.10775000000000001,0.39909999999999995,0.08388461538461539
240,sc_2013_insc_363,0.5961538461538461,0.2461538461538461,0.5337371794871795,0.22115384615384612
240,sc_2018_insc_718,0.5522954545454545,0.2102941176470588,0.48862067099567086,0.1670090718105424
240,sc_2021_insc_38,0.5714285714285715,0.13346428571428573,0.4838392857142857,0.13346428571428573
240,sc_2023_insc_246,0.5961538461538461,0.24005769230769228,0.4638846153846154,0.11369450549450548
241,sc_1965_insc_90,0.39775,0.1590909090909091,0.39775,0.08908479020979021
241,sc_1970_insc_33,0.47274999999999995,0.2,0.43637499999999996,0.14673611111111112
241,sc_1980_insc_124,0.49774999999999997,0.14775,0.4325833333333333,0.08320000000000001
241,sc_1986_insc_87,0.59775,0.15,0.4651666666666667,0.098875
241,sc_1996_insc_563,0.39999999999999997,0.05,0.3982,0.04850000000000001
241,sc_1996_insc_699,0.5798928571428571,0.21265384615384614,0.5043208791208791,0.17317948717948717
241,sc_1999_insc_527,0.5613863636363635,0.1590909090909091,0.5075909090909091,0.12227727272727273
241,sc_2001_insc_247,0.49005769230769225,0.2318409090909091,0.4661621503496503,0.17330681818181817
241,sc_2006_insc_822,0.46441666666666664,0.11666666666666667,0.4207222222222222,0.11554166666666667
241,sc_2009_insc_479,0.7727499999999998,0.27275,0.6044166666666665,0.23525000000000001
241,sc_2014_insc_140,0.65,0.24615384615384617,0.548875,0.18705311355311358
241,sc_2014_insc_408,0.6022954545454544,0.05,0.4905075757575757,0.048875
242,in_abs_train_5626,0.6077499999999999,0.26,0.46686666666666665,0.17480555555555555
242,sc_1964_insc_138,0.6977499999999999,0.2,0.5474624999999999,0.12531666666666666
242,sc_1975_insc_281,0.5650576923076922,0.1,0.4634317111459968,0.1
242,sc_1979_insc_118,0.39775,0.14525,0.39775,0.07475000000000001
242,sc_1990_insc_162,0.39999999999999997,0.04775000000000001,0.398125,0.04775000000000001
242,sc_2000_insc_24,0.6022954545454544,0.26994251336898395,0.529698951048951,0.215147504456328
242,sc_2003_insc_553,0.4776223776223776,0.14775,0.4733654678654678,0.12372902097902098
242,sc_2009_insc_1002,0.46441666666666664,0.05,0.4110833333333333,0.04850000000000001
242,sc_2009_insc_60,0.39999999999999997,0.04775000000000001,0.3982,0.04775000000000001
242,sc_2009_insc_865,0.4461538461538461,0.12775,0.42112774725274726,0.09388636363636363
242,sc_2010_insc_423,0.39999999999999997,0.05,0.3951666666666666,0.048875
242,sc_2024_insc_451,0.4461538461538461,0.2165,0.42130128205128203,0.12306666666666666
243,in_abs_train_2703,0.54775,0.2,0.47775,0.09925
243,in_abs_train_6013,0.47274999999999995,0.12275,0.4165,0.067625
243,sc_1958_insc_52,0.39775,0.11441666666666667,0.39775,0.057069444444444443
243,sc_1972_insc_61,0.48941666666666667,0.14393939393939392,0.44691666666666663,0.1327180944055944
243,sc_1987_insc_59,0.54775,0.19775,0.4603428571428571,0.1235
243,sc_2000_insc_254,0.4191785714285714,0.05,0.40293571428571423,0.04850000000000001
243,sc_2005_insc_236,0.6227499999999998,0.29060714285714284,0.5675089285714284,0.19342857142857145
243,sc_2006_insc_118,0.49999999999999994,0.05,0.4526071428571428,0.05
243,sc_2007_insc_1295,0.45999999999999996,0.10775000000000001,0.4323571428571428,0.10775000000000001
243,sc_2007_insc_144,0.6077499999999999,0.15,0.4801309523809523,0.15
243,sc_2008_insc_274,0.39775,0.19775,0.39775,0.09850000000000002
243,sc_2009_insc_609,0.39775,0.2545454545454545,0.39775,0.08334090909090908
244,sc_1961_insc_359,0.5406071428571428,0.2563966165413534,0.5334642857142857,0.12046702797546449
244,sc_1974_insc_135,0.39999999999999997,0.14775,0.39999999999999997,0.06235714285714287
244,sc_1981_insc_93,0.5666666666666668,0.24108333333333334,0.5631464646464647,0.20398333333333332
244,sc_1989_insc_190,0.6602499999999999,0.31560714285714286,0.5707261904761904,0.22084523809523807
244,sc_1991_insc_21,0.4545454545454545,0.2461538461538461,0.4492246503496503,0.14732692307692308
244,sc_1997_insc_350,0.4910833333333333,0.16025,0.4721111111111111,0.13627575757575755
244,sc_2007_insc_53,0.54775,0.18346428571428572,0.5012559523809523,0.09667857142857143
244,sc_2011_insc_406,0.4428571428571428,0.09285714285714286,0.4147214285714285,0.06428571428571428
244,sc_2011_insc_472,0.54775,0.27499999999999997,0.46456666666666663,0.21249999999999997
244,sc_2012_insc_98,0.39775,0.05,0.39775,0.04850000000000001
244,sc_2017_insc_987,0.47641666666666665,0.13638636363636364,0.44769927536231885,0.0984416996047431
244,sc_2023_insc_9,0.39999999999999997,0.05,0.3982,0.04925000000000001
245,in_abs_train_1884,0.39999999999999997,0.05,0.3982,0.04850000000000001
245,sc_1951_insc_23,0.5549615384615384,0.1400576923076923,0.4963557692307692,0.0997819147227042
245,sc_1979_insc_244,0.4834642857142857,0.09285714285714286,0.45603571428571427,0.08945238095238095
245,sc_1985_insc_58,0.45229545454545456,0.14775,0.42558522727272724,0.07275000000000001
245,sc_1986_insc_11,0.45775,0.30274999999999996,0.43593181818181814,0.19192727272727272
245,sc_1996_insc_855,0.47274999999999995,0.05,0.42274999999999996,0.04865000000000001
245,sc_2001_insc_451,0.6022954545454544,0.09390384615384614,0.5133677156177155,0.05698076923076924
245,sc_2007_insc_1154,0.42,0.15775,0.41,0.08505015082956259
245,sc_2009_insc_416,0.42275,0.05,0.405125,0.04831250000000001
245,sc_2011_insc_330,0.668297619047619,0.28775,0.613871753246753,0.23861553030303032
245,sc_2021_insc_209,0.5884642857142856,0.07307692307692307,0.49531493506493496,0.05464423076923077
245,sc_2024_insc_313,0.46441666666666664,0.11666666666666667,0.4207222222222222,0.07353333333333335
246,in_abs_train_1196,0.5906071428571428,0.2,0.5336428571428571,0.15601785714285715
246,in_abs_train_367,0.4749999999999999,0.04775000000000001,0.42424999999999996,0.046250000000000006
246,in_abs_train_4085,0.7477499999999999,0.3244166666666667,0.6780416666666667,0.18655934343434344
246,sc_1959_1_1191_1210_en,0.6677499999999998,0.27,0.6087058284852401,0.23958928571428573
246,sc_1959_insc_9,0.5341136363636363,0.20108333333333334,0.4754560023310022,0.15554166666666666
246,sc_1979_insc_56,0.52,0.13571428571428573,0.43850000000000006,0.09671904761904762
246,sc_1984_insc_222,0.39999999999999997,0.075,0.39924999999999994,0.053200000000000004
246,sc_1989_insc_368,0.5378205128205127,0.26121153846153844,0.477715934065934,0.16847863247863248
246,sc_1993_insc_50,0.39999999999999997,0.04775000000000001,0.3985,0.047125
246,sc_1996_insc_1480,0.39999999999999997,0.11441666666666667,0.3968333333333333,0.061983333333333335
246,sc_2010_insc_127,0.55275,0.14775,0.47702291666666663,0.13774999999999998
246,sc_2016_insc_1083,0.39775,0.04775000000000001,0.39775,0.04691666666666667
247,in_abs_train_2128,0.5877499999999999,0.309090909090909,0.50626993006993,0.23800291375291371
247,in_abs_train_2570,0.49774999999999997,0.19775,0.42275,0.08637500000000001
247,in_abs_train_2914,0.6227499999999999,0.2,0.5363749999999999,0.1056875
247,sc_1990_insc_173,0.5850227272727272,0.19166666666666665,0.5039431818181818,0.11622916666666666
247,sc_1995_insc_645,0.7214285714285714,0.34775,0.6889761904761903,0.19865
247,sc_1996_insc_1083,0.5714285714285715,0.2642857142857143,0.533340909090909,0.2179357142857143
247,sc_1996_insc_147,0.4834642857142857,0.14775,0.4263214285714286,0.06820000000000001
247,sc_1996_insc_148,0.39999999999999997,0.12275,0.39864999999999995,0.07275000000000001
247,sc_1996_insc_658,0.39775,0.05,0.39667500000000006,0.048650000000000006
247,sc_1998_insc_211,0.42774999999999996,0.11666666666666667,0.40525,0.0920625
247,sc_2016_insc_1000,0.5227499999999999,0.16775,0.5037613636363636,0.078875
247,sc_2023_insc_473,0.585,0.24393939393939396,0.5291082459207459,0.22348164335664333
248,sc_1965_insc_232,0.5691785714285714,0.36917857142857147,0.49646130952380946,0.21491964285714288
248,sc_1971_insc_106,0.5584642857142856,0.28346428571428567,0.48078571428571426,0.16616964285714284
248,sc_1980_insc_73,0.5777499999999999,0.23333333333333334,0.5251306818181818,0.18345833333333333
248,sc_1991_insc_131,0.39775,0.04775000000000001,0.39775,0.041754166666666676
248,sc_1991_insc_207,0.6857142857142857,0.22275,0.5518380952380952,0.18735281385281385
248,sc_2000_insc_412,0.48941666666666667,0.18833333333333332,0.4735,0.14786666666666665
248,sc_2005_insc_172,0.39775,0.12275,0.39775,0.07650735294117647
248,sc_2009_insc_27,0.49774999999999997,0.05,0.4147916666666666,0.048875
248,sc_2010_insc_335,0.54775,0.19775,0.44820000000000004,0.09850000000000002
248,sc_2018_insc_973,0.39775,0.04775000000000001,0.39775,0.04775000000000001
248,sc_2019_insc_182,0.39775,0.16775,0.39775,0.07775000000000001
248,sc_2022_insc_885,0.5272954545454545,0.04775000000000001,0.4236590909090909,0.04775000000000001
249,in_abs_train_3407,0.6386363636363637,0.22275,0.6318181818181818,0.18157738095238096
249,in_abs_train_5447,0.5916893939393938,0.28502272727272726,0.5146252913752913,0.17381818181818182
249,in_abs_train_6163,0.42999999999999994,0.07502272727272728,0.42119999999999996,0.06592424242424243
249,sc_1972_insc_71,0.49999999999999994,0.1,0.471951923076923,0.073875
249,sc_1984_insc_56,0.6060833333333332,0.25608333333333333,0.5800519619269618,0.24191666666666667
249,sc_1985_insc_135,0.39775,0.09775,0.39775,0.06360119047619049
249,sc_1999_insc_518,0.5753723776223776,0.3211538461538461,0.4772373251748251,0.16950437062937063
249,sc_2003_insc_636,0.6320357142857141,0.29363636363636364,0.5663863636363635,0.23871266233766233
249,sc_2009_insc_1047,0.5107370129870129,0.16679761904761906,0.4853905122655122,0.14060714285714287
249,sc_2019_insc_294,0.625,0.27275,0.52425,0.13441666666666668
249,sc_2021_insc_883,0.6136363636363636,0.12919796380090498,0.5360162974280621,0.12919796380090498
249,sc_2022_insc_1196,0.47274999999999995,0.13346428571428573,0.43524999999999997,0.11203571428571428
250,in_abs_train_250,0.47274999999999995,0.12275,0.4170625,0.0665
250,in_abs_train_6388,0.5685833333333333,0.16057051282051282,0.4789583333333333,0.10416025641025642
250,sc_1976_insc_312,0.7589285714285714,0.45275,0.629751700680272,0.45275
250,sc_1995_insc_530,0.49168939393939387,0.15,0.4699772727272727,0.13516666666666666
250,sc_1997_insc_571,0.45454545454545453,0.1590909090909091,0.4313681818181818,0.08561363636363638
250,sc_1998_insc_269,0.5727499999999999,0.197,0.47275,0.1266
250,sc_2005_insc_604,0.5266666666666666,0.3235075757575757,0.5074318181818182,0.22211212121212123
250,sc_2008_insc_838,0.6477499999999999,0.11,0.5133125,0.07325000000000001
250,sc_2009_insc_381,0.39999999999999997,0.125,0.39909999999999995,0.07350000000000001
250,sc_2012_insc_314,0.5061538461538462,0.14275,0.45471909978566327,0.14275
250,sc_2012_insc_558,0.43775,0.16196071428571426,0.41712878787878777,0.10132309523809521
250,sc_2022_insc_117,0.54775,0.19775,0.42274999999999996,0.14775
251,in_abs_train_1236,0.39999999999999997,0.15,0.3982,0.08258333333333333
251,in_abs_train_4211,0.54775,0.25775,0.4504681818181818,0.1785
251,sc_1960_insc_271,0.4250227272727272,0.17502272727272727,0.41453321678321675,0.07820454545454547
251,sc_1974_insc_19,0.5068409090909091,0.14390384615384616,0.46490909090909094,0.0771456043956044
251,sc_1978_insc_173,0.4310833333333333,0.23525000000000001,0.4199722222222222,0.12365
251,sc_2007_insc_69,0.46441666666666664,0.05,0.4299791666666667,0.04831250000000001
251,sc_2008_insc_1070,0.5227499999999999,0.18346428571428572,0.49222142857142853,0.12782142857142856
251,sc_2009_insc_213,0.6077499999999999,0.04775000000000001,0.48774999999999996,0.04775000000000001
251,sc_2009_insc_385,0.47274999999999995,0.05,0.4235,0.04820000000000001
251,sc_2013_insc_640,0.4749999999999999,0.19775,0.43749999999999994,0.130625
251,sc_2015_insc_639,0.6227499999999999,0.35,0.57275,0.24364999999999998
252,in_abs_train_2025,0.49999999999999994,0.10229545454545455,0.43637499999999996,0.08638636363636365
252,in_abs_train_3841,0.39775,0.19571428571428573,0.39775,0.08649404761904762
252,in_abs_train_4680,0.4333333333333333,0.10775000000000001,0.40422916666666664,0.0685
252,sc_1976_insc_178,0.4666666666666666,0.05,0.4322083333333333,0.04812500000000001
252,sc_1979_insc_189,0.7175,0.3166666666666666,0.5771666666666667,0.26220833333333327
252,sc_1995_insc_879,0.5177499999999999,0.10775000000000001,0.47191666666666665,0.09081250000000002
252,sc_2000_insc_238,0.5547619047619048,0.17082692307692307,0.49453174603174604,0.12391776556776557
252,sc_2007_insc_265,0.595,0.26441666666666663,0.496375,0.19306349206349205
252,sc_2016_insc_282,0.5939038461538461,0.05,0.4683398601398602,0.049249999999999995
252,sc_2021_insc_387,0.46994251336898396,0.19775,0.4225641711229946,0.10680151515151515
252,sc_2022_insc_279,0.509090909090909,0.1414034090909091,0.4901337412587412,0.12189630681818181
253,in_abs_train_165,0.39999999999999997,0.04775000000000001,0.39865,0.04775000000000001
253,sc_1963_insc_6,0.46025,0.09275000000000001,0.434617334787941,0.08725000000000002
253,sc_1965_insc_72,0.46775,0.16875,0.44275,0.07536309523809524
253,sc_1992_insc_241,0.43524999999999997,0.17358333333333334,0.41236666666666666,0.11341666666666668
253,sc_1995_insc_254,0.6144166666666666,0.30416666666666664,0.5548333333333333,0.16822222222222225
253,sc_1999_insc_171,0.6144166666666666,0.19775,0.4929444444444444,0.0777425
253,sc_2002_insc_56,0.6477499999999999,0.29774999999999996,0.586852564102564,0.24666153846153843
253,sc_2004_insc_502,0.4808269230769231,0.04775000000000001,0.4231010989010989,0.04775000000000001
253,sc_2007_insc_371,0.49774999999999997,0.14775,0.4263214285714286,0.14775
253,sc_2009_insc_741,0.54775,0.04775000000000001,0.46849999999999997,0.04608333333333334
253,sc_2023_insc_300,0.39775,0.05,0.39775,0.048071428571428584
254,in_abs_train_1817,0.6399999999999999,0.28775,0.6049166666666665,0.17278219696969696
254,in_abs_train_6861,0.6077499999999999,0.24775,0.4760090909090908,0.14091666666666666
254,sc_1956_insc_50,0.5727499999999999,0.19775,0.5074791666666666,0.136375
254,sc_1978_insc_189,0.5022954545454545,0.10229545454545455,0.4325984848484849,0.07955909090909093
254,sc_1987_insc_322,0.49774999999999997,0.15416666666666667,0.45429734848484843,0.12807954545454545
254,sc_1989_insc_3,0.4749999999999999,0.10229545454545455,0.45001818181818176,0.06668181818181819
254,sc_1992_insc_214,0.54775,0.04775000000000001,0.44729166666666664,0.04775000000000001
254,sc_1999_insc_451,0.39999999999999997,0.14775,0.3985,0.09132142857142858
254,sc_2006_insc_400,0.540826923076923,0.175,0.4954423076923076,0.12333186813186811
254,sc_2010_insc_772,0.4461538461538461,0.09775,0.43491373626373625,0.05858333333333334
254,sc_2014_insc_295,0.4749999999999999,0.16999999999999998,0.44272,0.10999999999999999
254,sc_2023_insc_593,0.39999999999999997,0.05,0.39758333333333334,0.04865000000000001
255,sc_1962_insc_296,0.4406071428571428,0.05,0.4052678571428571,0.048875
255,sc_1969_insc_10,0.5450227272727273,0.12307692307692308,0.47889510489510484,0.09521809440559441
255,sc_1974_insc_261,0.5810833333333333,0.1763214285714286,0.520104761904762,0.13560714285714287
255,sc_1997_insc_100,0.5095238095238095,0.11666666666666667,0.46111011904761906,0.08164583333333333
255,sc_2008_insc_255,0.5027499999999999,0.15608333333333332,0.49843787878787865,0.14758333333333334
255,sc_2008_insc_850,0.45775,0.04775000000000001,0.41924999999999996,0.046112500000000015
255,sc_2009_insc_331,0.39999999999999997,0.05,0.398875,0.04850000000000001
255,sc_2009_insc_467,0.54775,0.04775000000000001,0.4268422077922077,0.04775000000000001
255,sc_2015_insc_835,0.49999999999999994,0.125,0.4332,0.06833333333333334
255,sc_2018_insc_883,0.5249999999999999,0.09775,0.46762499999999996,0.07275000000000001
255,sc_2022_insc_207,0.49999999999999994,0.05,0.4233125,0.049437499999999995
255,sc_2023_insc_183,0.49774999999999997,0.16904761904761906,0.46275,0.08318217893217894
256,in_abs_train_1976,0.39999999999999997,0.08333333333333334,0.398875,0.07498611111111111
256,sc_1978_insc_109,0.6000000000000001,0.2,0.5250090909090909,0.14425
256,sc_1987_insc_153,0.46441666666666664,0.16775,0.4108958333333333,0.10997222222222224
256,sc_1989_insc_285,0.5499999999999999,0.22275,0.46859722222222217,0.173875
256,sc_1990_insc_85,0.4749999999999999,0.11,0.43318749999999995,0.0933125
256,sc_1994_insc_199,0.6077499999999999,0.119525,0.50825,0.098555
256,sc_1998_insc_138,0.5244879679144384,0.33999999999999997,0.5244879679144384,0.1964219352076495
256,sc_2003_insc_152,0.46441666666666664,0.11441666666666667,0.42441666666666666,0.08997222222222223
256,sc_2006_insc_97,0.49775,0.15615384615384614,0.4560157894736842,0.11817032967032969
256,sc_2010_insc_167,0.6477499999999999,0.12275,0.5060833333333333,0.0632
256,sc_2018_insc_183,0.46441666666666664,0.11666666666666667,0.4207222222222222,0.06153333333333334
256,sc_2024_insc_295,0.47274999999999995,0.18941666666666668,0.42274999999999996,0.11598333333333335
257,in_abs_train_5749,0.5977499999999999,0.16560714285714284,0.46691666666666665,0.13743253968253968
257,sc_1960_insc_237,0.49774999999999997,0.14775,0.4649791666666666,0.08941666666666667
257,sc_1983_insc_124,0.71,0.285,0.71,0.1984081632653061
257,sc_1987_insc_360,0.44775,0.05,0.41441666666666666,0.048650000000000006
257,sc_1990_insc_126,0.39999999999999997,0.04775000000000001,0.39766666666666667,0.04775000000000001
257,sc_1991_insc_48,0.46441666666666664,0.04775000000000001,0.4079166666666666,0.04775000000000001
257,sc_1999_insc_203,0.48487394957983193,0.14333823529411766,0.45498935574229693,0.11319951617010442
257,sc_2009_insc_346,0.6334642857142856,0.19775,0.5268571428571428,0.08525
257,sc_2011_insc_695,0.39999999999999997,0.04775000000000001,0.39871428571428563,0.04775000000000001
257,sc_2015_insc_312,0.43524999999999997,0.08775,0.40570000000000006,0.061083333333333344
257,sc_2020_insc_191,0.39999999999999997,0.04775000000000001,0.398125,0.04775000000000001
257,sc_2020_insc_97,0.5606060606060607,0.2750227272727272,0.4827853535353535,0.1451090909090909
258,in_abs_train_6238,0.49774999999999997,0.16249999999999998,0.43875000000000003,0.0971111111111111
258,sc_1965_insc_59,0.7539999999999999,0.40774999999999995,0.6502732600732599,0.21280494505494504
258,sc_1966_insc_165,0.582814935064935,0.27454545454545454,0.5257249833499833,0.25870129870129865
258,sc_1969_insc_239,0.5635394736842104,0.18227380952380953,0.531822932330827,0.1762234753550543
258,sc_1969_insc_43,0.5122954545454546,0.13727272727272727,0.5089943181818182,0.1135965909090909
258,sc_1987_insc_217,0.5691785714285714,0.17096428571428574,0.4896285714285714,0.14746428571428574
258,sc_1989_insc_48,0.5060833333333332,0.25608333333333333,0.46962499999999996,0.20429166666666665
258,sc_1995_insc_751,0.47274999999999995,0.10069117647058823,0.44302941176470584,0.0796827731092437
258,sc_2009_insc_829,0.39775,0.05,0.39775,0.04850000000000001
258,sc_2010_insc_526,0.4834642857142857,0.05,0.4399464285714285,0.048875
258,sc_2012_insc_579,0.65,0.22774999999999998,0.5106740196078431,0.16775
258,sc_2018_insc_594,0.49774999999999997,0.10229545454545454,0.4492651515151515,0.05910909090909091
259,in_abs_train_2467,0.44999999999999996,0.11,0.40833333333333327,0.08
259,in_abs_train_3490,0.4975,0.20729545454545453,0.48766666666666664,0.1853363636363636
259,in_abs_train_5043,0.5499999999999999,0.05,0.4401999999999999,0.05000000000000001
259,sc_1995_insc_297,0.42999999999999994,0.14168939393939395,0.4161653846153846,0.08981313131313133
259,sc_1995_insc_863,0.45999999999999996,0.26441666666666663,0.458875,0.15034722222222222
259,sc_2000_insc_344,0.6602499999999998,0.34775,0.5046517857142857,0.1834642857142857
259,sc_2003_insc_18,0.39999999999999997,0.10775000000000001,0.3985,0.07265
259,sc_2008_insc_573,0.44775,0.05,0.41675000000000006,0.04850000000000001
259,sc_2009_insc_133,0.54775,0.05,0.431375,0.04831250000000001
259,sc_2012_insc_311,0.5499999999999999,0.19775,0.44864999999999994,0.13775
259,sc_2012_insc_430,0.5156071428571428,0.15060714285714286,0.448345238095238,0.12060714285714286
259,sc_2017_insc_1272,0.5499999999999999,0.1,0.4282,0.08183333333333334
260,sc_1954_insc_93,0.39999999999999997,0.14775,0.3985,0.06820000000000001
260,sc_1964_insc_176,0.5369166666666667,0.20108333333333334,0.4588454944178628,0.16506479113384484
260,sc_1968_insc_244,0.5636363636363636,0.2890087412587412,0.46212878787878786,0.19677709790209788
260,sc_1974_insc_24,0.47274999999999995,0.17275,0.46349999999999997,0.11775
260,sc_1993_insc_163,0.66775,0.2658333333333333,0.584459595959596,0.21469999999999997
260,sc_1996_insc_33,0.6077499999999999,0.425,0.48887499999999995,0.24512499999999998
260,sc_2002_insc_297,0.45775,0.04275,0.40474999999999994,0.04275
260,sc_2006_insc_645,0.4737240259740259,0.1908269230769231,0.43096753246753244,0.10740524475524475
260,sc_2007_insc_560,0.39775,0.04775000000000001,0.39775,0.041675000000000004
260,sc_2011_insc_314,0.49999999999999994,0.125,0.4646160714285714,0.08637500000000001
260,sc_2022_insc_1003,0.47274999999999995,0.04775000000000001,0.41274999999999995,0.04775000000000001
260,sc_2022_insc_996,0.49999999999999994,0.22499999999999998,0.48615476190476187,0.10079285714285716
261,in_abs_train_4815,0.45999999999999996,0.125,0.41443749999999996,0.0858125
261,in_abs_train_5562,0.6950227272727273,0.34727272727272723,0.6837104895104895,0.2700151515151515
261,in_abs_train_6365,0.5461538461538461,0.2090909090909091,0.5246717032967032,0.18187643606393608
261,sc_1962_insc_110,0.5610833333333333,0.3144166666666667,0.4808125,0.200219696969697
261,sc_1963_insc_95,0.48274999999999996,0.07502272727272728,0.44360096153846157,0.05513068181818183
261,sc_1964_insc_159,0.66775,0.34775,0.5991818181818181,0.34775
261,sc_1982_insc_3,0.8077499999999997,0.34333333333333327,0.7171,0.2657222222222222
261,sc_1995_insc_494,0.39999999999999997,0.05,0.3985,0.04820000000000001
261,sc_1997_insc_365,0.5060833333333332,0.16560714285714284,0.48461111111111105,0.10822142857142855
261,sc_1998_insc_282,0.6279947552447552,0.33479020979020974,0.5765056943056941,0.23482942057942058
261,sc_2007_insc_1141,0.54775,0.19775,0.43525,0.08525
261,sc_2008_insc_832,0.49774999999999997,0.125,0.42274999999999996,0.0869375
262,in_abs_train_2131,0.39775,0.10775000000000001,0.3965,0.06331250000000001
262,in_abs_train_4804,0.5131346153846154,0.12775,0.47327106227106225,0.0998923076923077
262,sc_1975_insc_219,0.6077499999999999,0.15,0.5033124999999999,0.10740340909090908
262,sc_1984_insc_241,0.7537939560439558,0.27275,0.6055927197802197,0.19005769230769232
262,sc_1994_insc_527,0.6227499999999999,0.26775,0.5827499999999999,0.19683333333333333
262,sc_2007_insc_271,0.49999999999999994,0.05,0.47331249999999997,0.047625
262,sc_2008_insc_902,0.49005769230769225,0.15775,0.49005769230769225,0.10871428571428574
262,sc_2009_insc_1033,0.4834642857142857,0.05,0.41917857142857146,0.04831250000000001
262,sc_2009_insc_1044,0.44775,0.20999999999999996,0.41698076923076915,0.1561497668997669
262,sc_2013_insc_22,0.39999999999999997,0.04775000000000001,0.3982,0.04775000000000001
262,sc_2019_insc_203,0.39999999999999997,0.05,0.39999999999999997,0.04850000000000001
262,sc_2022_insc_955,0.46441666666666664,0.11,0.4110833333333333,0.0685
263,in_abs_train_6608,0.46441666666666664,0.04775000000000001,0.43775,0.04775000000000001
263,sc_1970_insc_96,0.6709642857142856,0.23525000000000001,0.5471285714285713,0.1645714285714286
263,sc_1978_insc_49,0.720826923076923,0.3909090909090908,0.6628685897435896,0.3299064685314685
263,sc_1984_insc_146,0.6583333333333333,0.28275,0.6341666666666667,0.2229172494172494
263,sc_1984_insc_228,0.39999999999999997,0.09390384615384614,0.3985,0.06606153846153848
263,sc_1987_insc_303,0.4191785714285714,0.09390384615384614,0.40366964285714285,0.07138942307692307
263,sc_2001_insc_223,0.8077499999999999,0.3833333333333333,0.6506607142857143,0.23265476190476192
263,sc_2003_insc_7,0.45775,0.10229545454545455,0.4394488636363636,0.08865909090909092
263,sc_2014_insc_749,0.4749999999999999,0.04775000000000001,0.42387499999999995,0.04775000000000001
263,sc_2017_insc_1015,0.45775,0.05,0.45775,0.048071428571428584
263,sc_2020_insc_468,0.5710576923076923,0.1276470588235294,0.4888156108597285,0.09613602941176472
263,sc_2022_insc_178,0.39999999999999997,0.04775000000000001,0.3987142857142857,0.04775000000000001
264,in_abs_train_2140,0.7406071428571427,0.4435833333333333,0.6256309523809523,0.31378869047619046
264,in_abs_train_6088,0.39999999999999997,0.11,0.39745,0.06065
264,sc_1965_insc_60,0.6045454545454545,0.30684090909090905,0.47808522727272723,0.2147840909090909
264,sc_1971_insc_297,0.5777499999999999,0.34775,0.5303611111111111,0.24946428571428575
264,sc_1974_insc_65,0.39999999999999997,0.08525,0.3983125,0.0576875
264,sc_1980_insc_36,0.39775,0.05,0.39775,0.04732142857142858
264,sc_1984_insc_169,0.5714285714285715,0.04775000000000001,0.4985,0.04775000000000001
264,sc_1988_insc_368,0.5249999999999999,0.21060714285714285,0.4566115384615384,0.18108333333333335
264,sc_2012_insc_380,0.39999999999999997,0.1076,0.3983125,0.07691136363636364
264,sc_2012_insc_387,0.46441666666666664,0.13749358974358974,0.4290555555555555,0.08276410256410256
264,sc_2015_insc_442,0.5214285714285714,0.14807692307692308,0.45827060439560435,0.10416346153846154
264,sc_2020_insc_395,0.39999999999999997,0.05,0.39924999999999994,0.04515
265,sc_1958_insc_83,0.39999999999999997,0.125,0.39924999999999994,0.0641
265,sc_1968_insc_62,0.43775,0.08775,0.41433270676691725,0.08775
265,sc_1971_insc_200,0.55775,0.16999999999999998,0.4530975,0.1085
265,sc_1971_insc_284,0.4977499999999999,0.13974358974358975,0.4684999999999999,0.12472014652014654
265,sc_1983_insc_179,0.4666666666666666,0.16249999999999998,0.4149791666666667,0.0965267857142857
265,sc_1996_insc_23,0.39999999999999997,0.13346428571428573,0.39999999999999997,0.06974107142857144
265,sc_2008_insc_1448,0.4653970588235294,0.20496153846153847,0.42976512605042017,0.13312606837606836
265,sc_2012_insc_448,0.5499999999999999,0.25775,0.44020000000000004,0.11775000000000001
265,sc_2014_insc_294,0.4428571428571428,0.09285714285714286,0.4417321428571428,0.06278571428571429
265,sc_2022_insc_296,0.44775,0.09775,0.41554166666666664,0.073875
265,sc_2023_insc_798,0.45775,0.20229545454545453,0.4541136363636364,0.12219545454545452
266,in_abs_train_698,0.5390909090909091,0.26,0.4548636363636363,0.1888166666666667
266,sc_1975_insc_43,0.6022954545454544,0.27372402597402595,0.5011477272727272,0.16950324675324677
266,sc_1995_insc_374,0.49774999999999997,0.10775000000000001,0.43775,0.06331250000000001
266,sc_1996_insc_51,0.47274999999999995,0.14775,0.41762499999999997,0.0983125
266,sc_1999_insc_179,0.6357142857142857,0.2,0.5390535714285714,0.12866964285714286
266,sc_2000_insc_359,0.44275,0.36917857142857147,0.42025,0.16889880952380953
266,sc_2006_insc_729,0.5394166666666665,0.17441666666666666,0.4487291666666667,0.14483333333333331
266,sc_2008_insc_1058,0.6434642857142856,0.2785714285714285,0.47541666666666665,0.18191071428571426
266,sc_2008_insc_906,0.46441666666666664,0.11441666666666667,0.42941666666666667,0.07747916666666667
266,sc_2014_insc_827,0.5310833333333334,0.16775,0.4884166666666666,0.12663888888888888
266,sc_2016_insc_291,0.39999999999999997,0.05,0.398875,0.04831250000000001
266,sc_2022_insc_468,0.4653970588235294,0.09775,0.4315735294117647,0.07041666666666667
267,in_abs_train_2232,0.43999999999999995,0.10666666666666666,0.43887499999999996,0.07165277777777777
267,in_abs_train_5257,0.7075,0.4656071428571428,0.5642348484848485,0.32126190476190475
267,in_abs_train_535,0.39999999999999997,0.05,0.3985,0.04865000000000001
267,sc_1960_insc_39,0.6427499999999999,0.21108333333333332,0.5387291666666667,0.17233333333333334
267,sc_1995_insc_864,0.49774999999999997,0.19775,0.4310833333333333,0.10220000000000003
267,sc_1995_insc_883,0.5394166666666665,0.17441666666666666,0.4849722222222222,0.10053333333333332
267,sc_2004_insc_377,0.5156071428571428,0.16249999999999998,0.470801948051948,0.161
267,sc_2007_insc_247,0.65,0.28346428571428567,0.580125,0.15810714285714284
267,sc_2008_insc_1428,0.54775,0.19775,0.42274999999999996,0.12275000000000001
267,sc_2008_insc_802,0.5,0.13502272727272727,0.4428644212929927,0.13502272727272727
267,sc_2009_insc_218,0.39999999999999997,0.05,0.39865,0.049249999999999995
267,sc_2024_insc_251,0.5499999999999999,0.26666666666666666,0.4985,0.17188333333333333
268,in_abs_train_1394,0.4795681818181818,0.10454545454545455,0.44320454545454546,0.06786818181818181
268,in_abs_train_166,0.5607142857142857,0.175,0.4964940476190476,0.17307692307692307
268,in_abs_train_2943,0.46649999999999997,0.12142857142857143,0.428,0.10361517857142857
268,sc_1990_insc_82,0.47917857142857145,0.13307692307692306,0.43310714285714286,0.11464423076923078
268,sc_2002_insc_66,0.6227499999999999,0.26441666666666663,0.45698333333333335,0.14572222222222223
268,sc_2003_insc_581,0.4834642857142857,0.05,0.42391428571428574,0.04850000000000001
268,sc_2010_insc_160,0.5928571428571429,0.10775000000000001,0.5127857142857143,0.07175000000000001
268,sc_2012_insc_9,0.49774999999999997,0.13346428571428573,0.4465333333333333,0.10132142857142858
268,sc_2013_insc_418,0.5209642857142857,0.16025,0.47655357142857135,0.11036607142857144
268,sc_2013_insc_487,0.566724358974359,0.17155090497737555,0.5164546864899806,0.1288182503770739
268,sc_2019_insc_1020,0.39999999999999997,0.09390384615384614,0.39831249999999996,0.05985096153846154
268,sc_2019_insc_1102,0.5499999999999999,0.19775,0.44820000000000004,0.09775
269,in_abs_train_2451,0.4406071428571428,0.09060714285714286,0.40632142857142856,0.06353571428571429
269,in_abs_train_4660,0.45775,0.11,0.41775,0.1091
269,sc_1958_insc_24,0.54775,0.05,0.4666615384615385,0.049249999999999995
269,sc_1973_insc_4,0.5569096638655461,0.19454144385026736,0.5389106644634137,0.14578714667685255
269,sc_1976_insc_342,0.5852499999999999,0.13941666666666666,0.48100000000000004,0.0997090909090909
269,sc_1989_insc_69,0.65,0.31775,0.5509583333333333,0.235125
269,sc_1991_insc_123,0.5272954545454545,0.25229545454545454,0.47729545454545447,0.13060804195804196
269,sc_2003_insc_653,0.4799999999999999,0.04775000000000001,0.4297088235294117,0.04775000000000001
269,sc_2005_insc_400,0.5177499999999999,0.125,0.49608333333333327,0.09198333333333333
269,sc_2006_insc_663,0.49774999999999997,0.04775000000000001,0.44820000000000004,0.04775000000000001
269,sc_2021_insc_308,0.6144166666666666,0.25775,0.5550833333333333,0.1899722222222222
269,sc_2022_insc_623,0.47274999999999995,0.11441666666666667,0.431790625,0.06441666666666668
270,in_abs_train_3667,0.49774999999999997,0.15,0.46849999999999997,0.0762
270,in_abs_train_6170,0.39775,0.125,0.39775,0.06455000000000001
270,sc_1961_insc_254,0.4214285714285714,0.17275,0.4107142857142857,0.11953504828504828
270,sc_1967_insc_161,0.5072738095238095,0.21608333333333335,0.47521996753246754,0.15944345238095237
270,sc_1978_insc_103,0.5650576923076922,0.2150576923076923,0.4814038461538461,0.173757326007326
270,sc_1990_insc_70,0.5644166666666666,0.12275,0.47627777777777774,0.08941666666666667
270,sc_1995_insc_522,0.5249038461538462,0.2084642857142857,0.45189932126696836,0.11358380736910148
270,sc_1996_insc_875,0.48571428571428565,0.05,0.41316071428571427,0.048875
270,sc_2008_insc_1208,0.54775,0.0665,0.43975,0.05400000000000001
270,sc_2009_insc_451,0.47274999999999995,0.04775000000000001,0.41024999999999995,0.04775000000000001
270,sc_2020_insc_262,0.45229545454545456,0.10229545454545455,0.4195681818181818,0.08486363636363636
271,in_abs_train_4968,0.54775,0.05,0.4271999999999999,0.04850000000000001
271,sc_1963_insc_214,0.5189038461538461,0.16775,0.49451442307692306,0.14556524725274728
271,sc_1995_insc_507,0.49999999999999994,0.14775,0.4325833333333333,0.08320000000000001
271,sc_2001_insc_294,0.39775,0.11775,0.39775,0.07101923076923078
271,sc_2004_insc_531,0.6115509049773755,0.27774999999999994,0.5119895092652446,0.18650631598793363
271,sc_2004_insc_612,0.45775,0.16775,0.42774999999999996,0.09100000000000001
271,sc_2013_insc_661,0.39999999999999997,0.05,0.3985,0.04820000000000001
271,sc_2013_insc_775,0.5880952380952381,0.19775,0.4958988095238095,0.10872916666666668
271,sc_2015_insc_427,0.5810833333333333,0.31666666666666665,0.5374166666666667,0.22738095238095238
271,sc_2019_insc_279,0.4749999999999999,0.12275,0.43637499999999996,0.0665
271,sc_2020_insc_289,0.4874935897435897,0.10775000000000001,0.47072266214177977,0.08216176470588235
271,sc_2023_insc_202,0.49774999999999997,0.14775,0.44887499999999997,0.12729166666666666
272,in_abs_train_1948,0.634090909090909,0.2795681818181818,0.5159090909090909,0.20192045454545454
272,in_abs_train_4274,0.5900576923076922,0.24285714285714283,0.4939038461538461,0.1436639194139194
272,sc_1996_insc_1193,0.44775,0.09775,0.4095625,0.060812500000000005
272,sc_1996_insc_1198,0.39999999999999997,0.28346428571428567,0.39865,0.12632142857142856
272,sc_2003_insc_696,0.6077499999999999,0.11,0.4821999999999999,0.10743181818181818
272,sc_2005_insc_571,0.39999999999999997,0.2939393939393939,0.398875,0.14823989898989898
272,sc_2008_insc_1087,0.5499999999999999,0.11,0.4290999999999999,0.08925
272,sc_2008_insc_170,0.39999999999999997,0.04775000000000001,0.398875,0.04775000000000001
272,sc_2009_insc_577,0.4944166666666666,0.19775,0.4460833333333333,0.11062878787878787
272,sc_2010_insc_74,0.5644166666666666,0.13346428571428573,0.4637777777777778,0.1239404761904762
272,sc_2018_insc_305,0.6227499999999998,0.13571428571428573,0.5090999999999999,0.12782142857142856
272,sc_2022_insc_486,0.57,0.12502272727272726,0.51671993006993,0.09425757575757576
273,in_abs_train_5469,0.4605705128205128,0.216724358974359,0.45223717948717945,0.1335949489107384
273,in_abs_train_5902,0.47274999999999995,0.05,0.42274999999999996,0.04820000000000001
273,sc_1962_insc_317,0.5153970588235294,0.15221428571428572,0.48253035444947207,0.11481629767291532
273,sc_1976_insc_180,0.516797619047619,0.155,0.4835294538794538,0.14611868686868687
273,sc_1991_insc_166,0.5299178321678321,0.12597402597402596,0.4828643356643356,0.08366558441558442
273,sc_1997_insc_699,0.39999999999999997,0.04775000000000001,0.3988749999999999,0.04775000000000001
273,sc_1997_insc_813,0.6477499999999999,0.15275,0.5564130036630035,0.15080555555555555
273,sc_2000_insc_120,0.48571428571428565,0.16775,0.4857142857142856,0.07220000000000001
273,sc_2000_insc_20,0.7659318181818181,0.45229545454545445,0.7464797979797978,0.379248951048951
273,sc_2009_insc_810,0.39999999999999997,0.05,0.398875,0.04850000000000001
273,sc_2012_insc_539,0.39999999999999997,0.05,0.39909999999999995,0.04850000000000001
273,sc_2014_insc_145,0.49999999999999994,0.26666666666666666,0.4680416666666667,0.18031439393939394
274,in_abs_train_1018,0.39999999999999997,0.05,0.398875,0.048875
274,in_abs_train_1032,0.49774999999999997,0.26666666666666666,0.4533055555555556,0.13319999999999999
274,in_abs_train_2041,0.39999999999999997,0.125,0.39999999999999997,0.059107142857142865
274,in_abs_train_3082,0.51025,0.24060714285714285,0.46302777777777776,0.15048809523809523
274,in_abs_train_3983,0.5068409090909091,0.13082692307692306,0.45235151515151506,0.11862412587412587
274,in_abs_train_4255,0.39999999999999997,0.05,0.3983125,0.04831250000000001
274,in_abs_train_755,0.39775,0.05,0.39775,0.04804166666666667
274,sc_1973_insc_135,0.5522954545454545,0.05,0.4333484848484848,0.048875
274,sc_1980_insc_91,0.5156071428571428,0.05,0.4329780219780219,0.040125
274,sc_1995_insc_442,0.5727499999999999,0.44775,0.5179880952380952,0.23565
274,sc_2001_insc_120,0.5499999999999999,0.05,0.4582,0.04850000000000001
274,sc_2023_insc_813,0.5495454545454544,0.10229545454545455,0.48548636363636366,0.08486363636363636
275,in_abs_train_1459,0.4666666666666666,0.15684090909090906,0.4666666666666666,0.11992171717171718
275,in_abs_train_4146,0.39775,0.22275,0.39775,0.11671428571428573
275,in_abs_train_6831,0.54775,0.19775,0.42675,0.11775000000000001
275,sc_1962_insc_297,0.46441666666666664,0.16775,0.439611111111111,0.10775000000000001
275,sc_1975_insc_230,0.4749999999999999,0.12275,0.41319999999999996,0.0735
275,sc_1978_insc_233,0.6299999999999999,0.16999999999999998,0.4751666666666667,0.1060090909090909
275,sc_2006_insc_417,0.39999999999999997,0.13571428571428573,0.3985,0.06534285714285716
275,sc_2013_insc_845,0.5727499999999999,0.27275,0.5039999999999999,0.09618055555555556
275,sc_2015_insc_431,0.5334642857142856,0.16346428571428573,0.5014761904761905,0.09217619047619048
275,sc_2018_insc_834,0.47274999999999995,0.12275,0.43524999999999997,0.1045625
275,sc_2022_insc_626,0.39775,0.13571428571428573,0.39775,0.06278571428571429
275,sc_2024_insc_246,0.5122954545454544,0.22337662337662334,0.5022954545454545,0.1780887445887446
276,in_abs_train_2706,0.39999999999999997,0.125,0.39865,0.07425
276,in_abs_train_6460,0.5727499999999999,0.22275,0.49566666666666664,0.129
276,sc_1963_insc_186,0.39999999999999997,0.10454545454545455,0.398875,0.07558522727272728
276,sc_1963_insc_213,0.43749999999999994,0.15416666666666667,0.4239640151515151,0.10039583333333335
276,sc_1972_insc_97,0.7060833333333332,0.2897435897435897,0.5565519813519814,0.24733877233877233
276,sc_1979_insc_85,0.39999999999999997,0.04775000000000001,0.39764999999999995,0.04775000000000001
276,sc_1994_insc_495,0.4834642857142857,0.2,0.46124285714285707,0.10000000000000002
276,sc_2002_insc_334,0.47274999999999995,0.05,0.41364999999999996,0.04850000000000001
276,sc_2007_insc_449,0.39999999999999997,0.21917857142857144,0.398875,0.10423214285714287
276,sc_2009_insc_1080,0.46441666666666664,0.20229545454545453,0.4199722222222222,0.1086590909090909
276,sc_2012_insc_237,0.45999999999999996,0.1568409090909091,0.4400113636363636,0.11649431818181818
276,sc_2024_insc_169,0.47274999999999995,0.125,0.44849999999999995,0.0632
277,in_abs_train_2840,0.6568409090909091,0.1590909090909091,0.534455710955711,0.13069318181818182
277,sc_1967_insc_15,0.5727499999999999,0.18275,0.5727499999999999,0.13640584415584414
277,sc_1975_insc_95,0.54775,0.12275,0.47275,0.06062500000000001
277,sc_1985_insc_6,0.6039684873949579,0.13571428571428573,0.5192756302521008,0.10896693940734188
277,sc_2004_insc_239,0.54775,0.04775000000000001,0.43524999999999997,0.04775000000000001
277,sc_2005_insc_449,0.5830769230769232,0.13974358974358975,0.461301282051282,0.1064102564102564
277,sc_2006_insc_1022,0.625,0.14775,0.5113749999999999,0.10645625
277,sc_2007_insc_106,0.6089038461538461,0.18491876550868486,0.507032967032967,0.13506086605575143
277,sc_2009_insc_1103,0.49999999999999994,0.19775,0.4619488636363636,0.11194886363636364
277,sc_2012_insc_192,0.5596933198380565,0.23775,0.5313876156737998,0.1183125
277,sc_2014_insc_400,0.45999999999999996,0.29774999999999996,0.428875,0.14105555555555555
277,sc_2022_insc_1195,0.4749999999999999,0.04775000000000001,0.41364999999999996,0.04775000000000001
278,in_abs_train_2146,0.45775,0.11,0.42807386363636357,0.09057386363636363
278,in_abs_train_4049,0.46441666666666664,0.05,0.4199722222222222,0.04119250000000001
278,sc_1962_insc_347,0.6166666666666667,0.18333333333333335,0.5186944444444445,0.15486666666666665
278,sc_1970_insc_122,0.6260833333333333,0.24916666666666665,0.5168909313725489,0.18761790505675954
278,sc_1996_insc_786,0.39999999999999997,0.05,0.3985,0.05
278,sc_2002_insc_130,0.5644166666666666,0.15002272727272728,0.5644166666666666,0.08685947385947386
278,sc_2009_insc_175,0.5406071428571428,0.14775,0.45846428571428566,0.1101875
278,sc_2011_insc_190,0.49999999999999994,0.05,0.4333333333333333,0.04820000000000001
278,sc_2012_insc_364,0.6126538461538461,0.3062115384615385,0.5116909502262442,0.16199908424908424
278,sc_2020_insc_344,0.475,0.10525,0.4375,0.05770833333333334
278,sc_2021_insc_676,0.5327499999999998,0.11,0.4962,0.08850000000000001
278,sc_2024_insc_125,0.6022954545454544,0.10775000000000001,0.5159204545454545,0.07751136363636364
279,in_abs_train_5261,0.57,0.21917857142857142,0.5680446428571428,0.18002380952380953
279,in_abs_train_5396,0.39999999999999997,0.04775000000000001,0.3983125,0.04775000000000001
279,in_abs_train_5796,0.4749999999999999,0.05,0.4282,0.04850000000000001
279,sc_1965_insc_195,0.5833333333333334,0.16249999999999998,0.5052767857142857,0.10408333333333333
279,sc_1996_insc_150,0.5499999999999999,0.19775,0.4886499999999999,0.09850000000000002
279,sc_1996_insc_285,0.6357142857142857,0.19775,0.5976517857142857,0.13435714285714284
279,sc_1997_insc_80,0.5212121212121212,0.10454545454545455,0.4854988636363636,0.10454545454545455
279,sc_1998_insc_462,0.5077499999999999,0.15775,0.45728571428571424,0.15775
279,sc_2008_insc_378,0.5503723776223775,0.15032840909090908,0.516711938061938,0.10756692890442891
279,sc_2011_insc_373,0.5610833333333333,0.14666666666666667,0.49277146464646465,0.14220833333333333
279,sc_2019_insc_357,0.4808269230769231,0.37274999999999997,0.434525641025641,0.18588897768897766
279,sc_2024_insc_148,0.39775,0.257,0.39775,0.09971428571428571
280,in_abs_train_1099,0.4666666666666666,0.11441666666666667,0.4659166666666666,0.0882
280,in_abs_train_4808,0.6644166666666667,0.3060833333333333,0.5112916666666666,0.2542291666666667
280,in_abs_train_5042,0.54775,0.04775000000000001,0.4627857142857143,0.04775000000000001
280,in_abs_train_6970,0.54775,0.10454545454545455,0.44831249999999995,0.08807386363636364
280,sc_1963_insc_109,0.6833333333333333,0.18108333333333335,0.6698717948717948,0.15325126262626262
280,sc_1969_insc_189,0.47274999999999995,0.10775000000000001,0.44675000000000004,0.0685
280,sc_1999_insc_189,0.6398395721925133,0.15,0.5363348930481283,0.073875
280,sc_2001_insc_280,0.39775,0.19775,0.39775,0.0782
280,sc_2011_insc_544,0.4776223776223776,0.1755909090909091,0.433898951048951,0.12445454545454547
280,sc_2015_insc_861,0.5583333333333333,0.18333333333333335,0.523340909090909,0.13471060606060606
280,sc_2015_insc_912,0.5962115384615384,0.22999999999999998,0.5428493589743589,0.16499999999999998
280,sc_2023_insc_625,0.47274999999999995,0.12275,0.42274999999999996,0.08034285714285713
281,in_abs_train_2383,0.5592884615384615,0.26958041958041956,0.5027383449883449,0.18345074925074925
281,sc_1962_insc_182,0.5903970588235293,0.21441666666666667,0.4924244909502262,0.1358125
281,sc_1973_insc_18,0.49005769230769225,0.14775,0.4618525641025641,0.1182
281,sc_1982_insc_19,0.4545454545454545,0.10229545454545454,0.4100090909090908,0.06501515151515151
281,sc_1996_insc_302,0.4666666666666666,0.1590909090909091,0.42917803030303026,0.0892215909090909
281,sc_1999_insc_79,0.55775,0.15775,0.4662234848484848,0.11638636363636365
281,sc_2004_insc_314,0.5177499999999999,0.05,0.4607222222222222,0.04820000000000001
281,sc_2004_insc_473,0.39775,0.10775000000000001,0.39775,0.07110909090909093
281,sc_2008_insc_1183,0.39775,0.1568409090909091,0.39775,0.08320454545454546
281,sc_2008_insc_1363,0.46441666666666664,0.11441666666666667,0.4432045454545454,0.07147222222222221
281,sc_2011_insc_27,0.45999999999999996,0.10775000000000001,0.45849999999999996,0.07065909090909092
281,sc_2023_insc_54,0.49774999999999997,0.26,0.47775,0.1272083333333333
282,sc_1960_insc_195,0.45454545454545453,0.10229545454545455,0.4255852272727273,0.07558522727272729
282,sc_1960_insc_52,0.4753723776223776,0.12956818181818183,0.42362412587412585,0.07339935064935066
282,sc_1960_insc_7,0.47274999999999995,0.05,0.4122,0.049249999999999995
282,sc_1984_insc_121,0.5852499999999999,0.27499999999999997,0.47614999999999996,0.1377857142857143
282,sc_1995_insc_636,0.49999999999999994,0.195,0.43016666666666664,0.07720000000000002
282,sc_1997_insc_281,0.7191785714285713,0.36917857142857147,0.6322410714285714,0.24292261904761905
282,sc_2000_insc_309,0.6090909090909091,0.1568409090909091,0.4880852272727273,0.12372402597402597
282,sc_2003_insc_396,0.4923076923076922,0.05,0.4633804945054945,0.04887500000000001
282,sc_2008_insc_113,0.45999999999999996,0.11,0.43668181818181817,0.0960090909090909
282,sc_2009_insc_290,0.39999999999999997,0.05,0.3985,0.04820000000000001
282,sc_2017_insc_884,0.39999999999999997,0.05,0.39831249999999996,0.04831250000000001
282,sc_2018_insc_780,0.4461538461538461,0.26121153846153844,0.4461538461538461,0.17005549450549445
283,in_abs_train_1556,0.4749999999999999,0.14775,0.44999999999999996,0.09720454545454546
283,in_abs_train_4267,0.59375,0.29060714285714284,0.5001617647058824,0.15757142857142858
283,in_abs_train_5511,0.39999999999999997,0.15,0.398875,0.07907738095238097
283,in_abs_train_6132,0.591797619047619,0.2,0.5271160714285714,0.13277083333333334
283,in_abs_train_7066,0.39999999999999997,0.05,0.39865,0.04850000000000001
283,sc_1962_insc_383,0.39999999999999997,0.04775000000000001,0.3985,0.04775000000000001
283,sc_1967_insc_102,0.5677499999999999,0.22499999999999998,0.4850909090909091,0.18637499999999999
283,sc_1984_insc_96,0.39999999999999997,0.05,0.39854999999999996,0.04850000000000001
283,sc_1986_insc_237,0.48502272727272727,0.29500000000000004,0.44138636363636363,0.14575849150849154
283,sc_2004_insc_229,0.5499999999999999,0.09285714285714286,0.45651870748299317,0.09285714285714286
283,sc_2004_insc_292,0.7659318181818181,0.30684090909090905,0.6783736888111888,0.23928277972027967
283,sc_2012_insc_315,0.45775,0.2,0.42774999999999996,0.10925
284,in_abs_train_2115,0.5244166666666666,0.11666666666666667,0.47376666666666667,0.11112626262626261
284,in_abs_train_3546,0.6360833333333332,0.36560714285714274,0.6022708333333333,0.31423511904761897
284,in_abs_train_4543,0.47274999999999995,0.10775000000000001,0.42691666666666667,0.07775000000000001
284,in_abs_train_477,0.49774999999999997,0.14775,0.45243749999999994,0.10247916666666668
284,in_abs_train_5620,0.66875,0.3408269230769231,0.6445511877828053,0.20314423076923077
284,in_abs_train_7055,0.6977499999999999,0.35,0.5612,0.23924999999999996
284,sc_1993_insc_8,0.5266666666666666,0.27275,0.4749791666666666,0.1693352272727273
284,sc_2008_insc_1313,0.5006071428571428,0.15060714285714286,0.46234285714285706,0.14203571428571427
284,sc_2008_insc_21,0.6477499999999999,0.15191666666666667,0.4823166666666666,0.09247222222222223
284,sc_2011_insc_751,0.45775,0.05,0.4069642857142857,0.05
284,sc_2013_insc_703,0.5406071428571428,0.09060714285714286,0.42982738095238093,0.09060714285714286
284,sc_2019_insc_624,0.6077499999999999,0.27275,0.5402499999999999,0.1965
285,in_abs_train_4657,0.7239404761904761,0.43108333333333326,0.6576309523809523,0.31763095238095235
285,in_abs_train_559,0.6291785714285714,0.2753723776223776,0.6014512987012987,0.17312574925074928
285,sc_1954_insc_54,0.5001309523809523,0.2557142857142857,0.4611984126984126,0.14522142857142856
285,sc_1963_insc_145,0.52,0.10775000000000001,0.43490909090909086,0.08850000000000001
285,sc_1996_insc_1044,0.6115509049773755,0.16428571428571426,0.49918843772326743,0.15583669108669107
285,sc_1996_insc_89,0.47082692307692303,0.1276223776223776,0.42868269230769224,0.08559717365967365
285,sc_2009_insc_562,0.42082692307692304,0.21775,0.40964423076923073,0.0958125
285,sc_2015_insc_509,0.39999999999999997,0.14775,0.3983125,0.08941666666666667
285,sc_2017_insc_1039,0.5499999999999999,0.14775,0.49016666666666664,0.09887499999999999
285,sc_2019_insc_1303,0.43749999999999994,0.18525000000000003,0.411,0.10451578947368423
285,sc_2019_insc_916,0.4666666666666666,0.10454545454545452,0.42917803030303026,0.07614772727272727
286,in_abs_train_5399,0.6454545454545455,0.05,0.5088758741258741,0.05
286,in_abs_train_6047,0.4749999999999999,0.12275,0.41762499999999997,0.067625
286,sc_1970_insc_254,0.54775,0.04775000000000001,0.4477499999999999,0.04775000000000001
286,sc_1988_insc_154,0.39999999999999997,0.05,0.3985,0.04820000000000001
286,sc_1993_insc_2,0.47274999999999995,0.12275,0.411,0.12275
286,sc_1996_insc_1181,0.49999999999999994,0.04775000000000001,0.4659166666666666,0.04775000000000001
286,sc_2002_insc_369,0.5250227272727271,0.12275,0.4605593073593074,0.07275
286,sc_2015_insc_274,0.4666666666666666,0.13346428571428573,0.46220833333333333,0.08778571428571429
286,sc_2017_insc_305,0.39775,0.10775000000000001,0.39775,0.06775000000000002
286,sc_2018_insc_220,0.520826923076923,0.23281493506493506,0.49678846153846146,0.16948576423576422
286,sc_2019_insc_451,0.45999999999999996,0.10775000000000001,0.42943749999999997,0.06275
286,sc_2024_insc_425,0.4428571428571428,0.125,0.405642857142857,0.08637500000000001
287,in_abs_train_1001,0.6418409090909089,0.32775000000000004,0.5516195804195804,0.25418181818181823
287,in_abs_train_6107,0.5406071428571428,0.36060714285714285,0.4827767857142857,0.17155357142857142
287,in_abs_train_6873,0.47274999999999995,0.10775000000000001,0.4498333333333333,0.07751136363636363
287,sc_1951_insc_20,0.39999999999999997,0.05,0.3985,0.048650000000000006
287,sc_1970_insc_120,0.5083333333333333,0.15,0.4353166666666667,0.08258333333333334
287,sc_1980_insc_107,0.5068409090909091,0.16917857142857143,0.44054759358288764,0.11564285714285716
287,sc_1990_insc_294,0.4461538461538461,0.09390384615384614,0.4219519230769231,0.06388461538461539
287,sc_1996_insc_262,0.39999999999999997,0.19775,0.3983125,0.08637500000000001
287,sc_2000_insc_265,0.4766666666666666,0.1577047511312217,0.4248055555555555,0.09076237879767293
287,sc_2016_insc_5,0.39999999999999997,0.05,0.39832500000000004,0.048875
287,sc_2019_insc_1023,0.39999999999999997,0.04775000000000001,0.398875,0.042343750000000006
287,sc_2023_insc_949,0.43524999999999997,0.15285714285714286,0.4076875,0.11929056237879768
288,in_abs_train_2498,0.49005769230769225,0.1400576923076923,0.4632653846153845,0.10518589743589744
288,in_abs_train_3466,0.4834642857142857,0.3214285714285714,0.4834642857142857,0.16360246598639458
288,in_abs_train_3876,0.39775,0.21441666666666667,0.39775,0.13738888888888887
288,in_abs_train_661,0.45775,0.15,0.41275,0.0733125
288,sc_1957_insc_51,0.5644166666666666,0.21441666666666667,0.5009640151515151,0.11441666666666667
288,sc_1966_insc_159,0.54775,0.05,0.4725929487179486,0.048875
288,sc_1989_insc_321,0.4834642857142857,0.10775000000000001,0.4806428571428571,0.06967142857142858
288,sc_2003_insc_218,0.5135394736842105,0.23775,0.46134653422772615,0.17608333333333331
288,sc_2005_insc_267,0.5613863636363635,0.15684090909090906,0.48492727272727265,0.10411363636363635
288,sc_2017_insc_5,0.39999999999999997,0.04775000000000001,0.39831249999999996,0.04775000000000001
288,sc_2019_insc_1250,0.4749999999999999,0.12275,0.43637499999999996,0.08150000000000002
288,sc_2022_insc_413,0.5666666666666667,0.10775000000000001,0.4799791666666667,0.09138636363636364
289,in_abs_train_3218,0.45775,0.16775,0.4133125,0.10751136363636363
289,in_abs_train_4214,0.47274999999999995,0.05,0.42474999999999996,0.05000000000000001
289,in_abs_train_6386,0.625,0.26441666666666663,0.5237291666666666,0.21081249999999996
289,in_abs_train_985,0.39775,0.04775000000000001,0.39775,0.04775000000000001
289,sc_1977_insc_157,0.48571428571428565,0.22142857142857142,0.48571428571428565,0.1708418367346939
289,sc_1983_insc_123,0.39999999999999997,0.05,0.398875,0.04812500000000001
289,sc_1990_insc_83,0.4522954545454545,0.04775000000000001,0.4159318181818182,0.04775000000000001
289,sc_2002_insc_464,0.6022954545454544,0.2545454545454545,0.5414157925407924,0.17614772727272726
289,sc_2006_insc_165,0.39999999999999997,0.05,0.39924999999999994,0.043050000000000005
289,sc_2011_insc_742,0.39999999999999997,0.14775,0.39924999999999994,0.06775
289,sc_2023_insc_647,0.5041666666666667,0.3533333333333333,0.45787121212121207,0.18708928571428568
289,sc_2024_insc_354,0.7191785714285713,0.29774999999999996,0.5572214285714285,0.23897619047619045
290,in_abs_train_18,0.5428571428571429,0.2334642857142857,0.5280089285714287,0.2057857142857143
290,in_abs_train_2113,0.4910833333333333,0.28502272727272726,0.4699207459207459,0.12807954545454545
290,in_abs_train_287,0.6045454545454545,0.1568409090909091,0.5515171328671329,0.12047727272727272
290,sc_1957_insc_85,0.39999999999999997,0.125,0.398875,0.07387500000000001
290,sc_1969_insc_255,0.5177499999999999,0.19527386363636362,0.46632142857142855,0.13725477272727274
290,sc_1970_insc_112,0.5027499999999999,0.22275,0.4335,0.11031666666666666
290,sc_1985_insc_248,0.5664999999999999,0.22142857142857142,0.48798611111111106,0.19124313186813185
290,sc_1993_insc_350,0.7344166666666666,0.3401742424242424,0.6569488636363636,0.25437310606060604
290,sc_1993_insc_77,0.54775,0.11666666666666667,0.4707222222222222,0.08776666666666667
290,sc_1997_insc_765,0.39775,0.05,0.39775,0.04839285714285715
290,sc_2009_insc_650,0.46441666666666664,0.26666666666666666,0.4422518939393939,0.1519375
290,sc_2013_insc_325,0.54775,0.21441666666666667,0.5115333333333332,0.15405555555555558
291,in_abs_train_3693,0.7477499999999998,0.37775,0.708861111111111,0.2967
291,in_abs_train_7049,0.49774999999999997,0.08108333333333334,0.46419999999999995,0.07072222222222223
291,in_abs_train_995,0.54775,0.309090909090909,0.46593181818181817,0.12273636363636364
291,sc_1994_insc_559,0.5499999999999999,0.18333333333333335,0.436375,0.09831250000000001
291,sc_1994_insc_598,0.49774999999999997,0.15,0.47980128205128203,0.11615
291,sc_1995_insc_890,0.39775,0.05,0.39775,0.048781250000000005
291,sc_1997_insc_185,0.39999999999999997,0.08775,0.398875,0.06129166666666668
291,sc_2002_insc_226,0.5177499999999999,0.19775,0.44138636363636363,0.10025000000000002
291,sc_2004_insc_261,0.46441666666666664,0.12275,0.4207222222222222,0.05970000000000001
291,sc_2006_insc_430,0.39775,0.05,0.39775,0.04831250000000001
291,sc_2006_insc_581,0.39999999999999997,0.05,0.397625,0.048875
291,sc_2007_insc_526,0.47274999999999995,0.05,0.4170625,0.0466
292,in_abs_train_3105,0.5156071428571428,0.1595238095238095,0.4902767857142857,0.11626163419913418
292,in_abs_train_3214,0.6852499999999999,0.33525,0.5833666666666666,0.23917460317460315
292,in_abs_train_873,0.6477499999999999,0.23502272727272727,0.586371212121212,0.16080629370629368
292,in_abs_train_9,0.4772954545454545,0.25775,0.4416818181818181,0.1353657692307692
292,sc_1973_insc_175,0.6083333333333333,0.18108333333333335,0.5342916666666667,0.14554166666666668
292,sc_1981_insc_83,0.6850227272727273,0.13941666666666666,0.5721136363636364,0.11238888888888889
292,sc_1997_insc_72,0.5125,0.2583333333333333,0.4825833333333333,0.15231666666666666
292,sc_2004_insc_82,0.4749999999999999,0.12275,0.42424999999999996,0.09275
292,sc_2006_insc_15,0.575,0.21138636363636362,0.5321287878787878,0.1330160839160839
292,sc_2007_insc_539,0.6227499999999999,0.04775000000000001,0.5063749999999999,0.04775000000000001
292,sc_2008_insc_107,0.54775,0.19775,0.4235,0.12275000000000001
292,sc_2012_insc_198,0.5156071428571428,0.16785714285714284,0.4953035714285714,0.09419327731092436
293,sc_1961_insc_278,0.44775,0.09775,0.42096428571428574,0.06025000000000001
293,sc_1985_insc_189,0.46441666666666664,0.05,0.4110833333333333,0.04578333333333334
293,sc_1996_insc_465,0.5499999999999999,0.05,0.4290999999999999,0.04925000000000001
293,sc_2000_insc_500,0.6875,0.28346428571428567,0.5909166666666666,0.23615
293,sc_2002_insc_106,0.39775,0.05,0.39775,0.048875
293,sc_2003_insc_133,0.39999999999999997,0.04775000000000001,0.39954999999999996,0.04516666666666667
293,sc_2010_insc_344,0.45229545454545456,0.14775,0.41668181818181815,0.08666153846153847
293,sc_2013_insc_557,0.45229545454545456,0.15454545454545454,0.43348732517482513,0.11572945804195804
293,sc_2017_insc_628,0.48571428571428565,0.13571428571428573,0.4312428571428571,0.13064285714285714
293,sc_2017_insc_852,0.4834642857142857,0.16775,0.44060714285714286,0.12173214285714287
293,sc_2019_insc_102,0.49774999999999997,0.29774999999999996,0.46909999999999996,0.2310833333333333
293,sc_2024_insc_197,0.41775,0.05,0.408875,0.04516666666666667
294,in_abs_train_2141,0.5499999999999999,0.05,0.436375,0.049437499999999995
294,in_abs_train_4878,0.59775,0.25229545454545454,0.49774999999999997,0.16955909090909088
294,in_abs_train_5314,0.5277499999999999,0.23108333333333334,0.48375,0.12794444444444444
294,in_abs_train_5643,0.46090789473684207,0.11090789473684212,0.41683157894736844,0.10038157894736843
294,in_abs_train_5889,0.39775,0.04775000000000001,0.39775,0.044833333333333336
294,sc_1961_insc_137,0.6894166666666666,0.45275,0.48949999999999994,0.2824494047619047
294,sc_2006_insc_514,0.47274999999999995,0.10229545454545454,0.4221111111111111,0.07502272727272727
294,sc_2009_insc_1156,0.4428571428571428,0.04775000000000001,0.4090267857142857,0.04775000000000001
294,sc_2011_insc_832,0.47274999999999995,0.10775000000000001,0.43524999999999997,0.06775000000000002
294,sc_2014_insc_849,0.54775,0.07,0.4421885026737968,0.06894187675070029
294,sc_2014_insc_854,0.54775,0.2,0.5235,0.1291
294,sc_2019_insc_327,0.49774999999999997,0.125,0.44149999999999995,0.12331249999999999
295,in_abs_train_3333,0.6334642857142856,0.27275,0.614267857142857,0.18763095238095237
295,sc_1968_insc_334,0.47274999999999995,0.05,0.43963461538461535,0.0491
295,sc_1980_insc_118,0.5377500000000001,0.10775000000000001,0.45325,0.09686904761904762
295,sc_1990_insc_232,0.575,0.16,0.4645499999999999,0.08516666666666667
295,sc_1995_insc_799,0.4834642857142857,0.28346428571428567,0.47707142857142854,0.16222142857142857
295,sc_1996_insc_678,0.4874935897435897,0.24441666666666664,0.4401217948717948,0.1090625
295,sc_2007_insc_1187,0.5156071428571428,0.3060833333333333,0.4738968253968254,0.1980047619047619
295,sc_2008_insc_957,0.7810833333333332,0.4699999999999999,0.7577499999999999,0.32001515151515153
295,sc_2010_insc_84,0.52,0.19924999999999998,0.4222,0.09899999999999999
295,sc_2016_insc_493,0.4522954545454545,0.10229545454545454,0.40749090909090907,0.05302272727272727
295,sc_2017_insc_369,0.6022954545454544,0.10775000000000001,0.4513068181818181,0.07775000000000001
295,sc_2021_insc_4,0.49390384615384614,0.09775,0.45736538461538456,0.07178846153846155
296,in_abs_train_5009,0.39999999999999997,0.05,0.3985,0.048650000000000006
296,in_abs_train_672,0.39775,0.13346428571428573,0.39775,0.09012135354141658
296,in_abs_train_826,0.39775,0.24775,0.39775,0.13820000000000002
296,sc_1956_insc_24,0.4749999999999999,0.15,0.4265333333333333,0.08258333333333333
296,sc_1970_insc_117,0.5499999999999999,0.19775,0.5306875,0.1383125
296,sc_1980_insc_7,0.54775,0.04775000000000001,0.4809181818181818,0.04775000000000001
296,sc_1991_insc_201,0.5691785714285714,0.4034642857142857,0.5033392857142857,0.25763095238095235
296,sc_2015_insc_584,0.39999999999999997,0.19775,0.39924999999999994,0.09865000000000002
296,sc_2021_insc_341,0.6166666666666667,0.26441666666666663,0.47072222222222226,0.21108333333333335
296,sc_2021_insc_793,0.45999999999999996,0.12275,0.4319345238095238,0.11252272727272727
296,sc_2022_insc_1034,0.39999999999999997,0.05,0.39909999999999995,0.049249999999999995
296,sc_2022_insc_1286,0.49999999999999994,0.2,0.4382,0.09925
297,in_abs_train_140,0.39999999999999997,0.04775000000000001,0.3982,0.04775000000000001
297,in_abs_train_2211,0.48499999999999993,0.15833333333333333,0.48499999999999993,0.11563328338328338
297,in_abs_train_5243,0.4944166666666666,0.25499999999999995,0.47805303030303026,0.1356988636363636
297,in_abs_train_6207,0.45775,0.20229545454545453,0.43593181818181814,0.16278986013986013
297,sc_1967_insc_110,0.49774999999999997,0.05,0.4318333333333333,0.04820000000000001
297,sc_1971_insc_169,0.49274999999999997,0.16775,0.44608333333333333,0.11057142857142858
297,sc_1979_insc_227,0.5685833333333333,0.16785714285714284,0.4945095238095238,0.12528571428571428
297,sc_1998_insc_82,0.4834642857142857,0.19775,0.42707142857142855,0.09534285714285715
297,sc_2003_insc_549,0.5768125,0.10229545454545454,0.515015625,0.06138636363636364
297,sc_2006_insc_116,0.49999999999999994,0.21441666666666667,0.423875,0.08997916666666667
297,sc_2012_insc_162,0.6519166666666666,0.31024999999999997,0.5789375,0.214625
297,sc_2017_insc_726,0.46441666666666664,0.05,0.4521944444444444,0.048875
298,in_abs_train_3391,0.49774999999999997,0.04775000000000001,0.41775,0.04775000000000001
298,sc_1960_insc_240,0.45229545454545456,0.05,0.4119488636363636,0.048875
298,sc_1964_insc_73,0.59775,0.17775,0.5419534632034632,0.17775
298,sc_1970_insc_5,0.39999999999999997,0.05,0.3985,0.048650000000000006
298,sc_1985_insc_225,0.6253723776223775,0.3363636363636363,0.6253723776223775,0.23430044955044954
298,sc_1987_insc_263,0.7749999999999998,0.4999999999999999,0.7124636363636362,0.41424999999999995
298,sc_2002_insc_190,0.4795454545454545,0.09775,0.43007902097902095,0.07360897435897436
298,sc_2007_insc_111,0.39775,0.11666666666666667,0.39775,0.08147222222222222
298,sc_2009_insc_1249,0.46441666666666664,0.04775000000000001,0.42584523809523805,0.04775000000000001
298,sc_2013_insc_738,0.39775,0.09775,0.39775,0.06788076923076923
298,sc_2019_insc_932,0.5333333333333333,0.12275,0.44369444444444445,0.0782
298,sc_2021_insc_527,0.6827499999999999,0.25229545454545454,0.5876631493506493,0.22966287878787878
299,in_abs_train_2753,0.5777499999999999,0.21666666666666667,0.4766761904761904,0.1885
299,in_abs_train_3017,0.39999999999999997,0.05,0.39729166666666665,0.046375
299,in_abs_train_4693,0.55775,0.1590909090909091,0.5244166666666666,0.11246818181818181
299,sc_1984_insc_227,0.4834642857142857,0.04775000000000001,0.41031632653061223,0.04775000000000001
299,sc_1994_insc_25,0.6477499999999999,0.25132142857142853,0.5669807692307691,0.22920535714285717
299,sc_1997_insc_645,0.52,0.13346428571428573,0.46782142857142855,0.0813982142857143
299,sc_2005_insc_329,0.5834642857142857,0.12275,0.48816829004329,0.116375
299,sc_2008_insc_560,0.54775,0.19775,0.49774999999999997,0.10775000000000001
299,sc_2017_insc_417,0.5936363636363636,0.25775,0.5639545454545454,0.21975000000000003
299,sc_2019_insc_445,0.47274999999999995,0.04775000000000001,0.4235,0.04775000000000001
299,sc_2022_insc_943,0.39999999999999997,0.19775,0.398875,0.09774999999999999
300,in_abs_train_4556,0.39999999999999997,0.05,0.39865,0.04925000000000001
300,in_abs_train_5318,0.46441666666666664,0.2860833333333333,0.46441666666666664,0.14533333333333334
300,in_abs_train_5906,0.47274999999999995,0.11,0.43726923076923074,0.0944375
300,sc_1963_insc_23,0.49999999999999994,0.2407894736842105,0.44872896062271067,0.22735902255639096
300,sc_1983_insc_198,0.5984642857142856,0.16313461538461538,0.4962655677655677,0.11265
300,sc_1985_insc_222,0.39999999999999997,0.2886363636363636,0.398875,0.16251136363636362
300,sc_1996_insc_561,0.7999999999999999,0.19775,0.523125,0.12387500000000001
300,sc_2006_insc_23,0.39999999999999997,0.05,0.39831249999999996,0.048875
300,sc_2008_insc_516,0.5727499999999999,0.05,0.4863749999999999,0.04850000000000001
300,sc_2012_insc_181,0.5734642857142856,0.13346428571428573,0.4667928571428571,0.08893253968253968
300,sc_2012_insc_427,0.39999999999999997,0.04775000000000001,0.3983125,0.04775000000000001
300,sc_2021_insc_60,0.45775,0.10775000000000001,0.41775,0.07220000000000001
301,in_abs_train_6194,0.4666666666666666,0.11441666666666667,0.4391,0.08997222222222223
301,in_abs_train_6273,0.5499999999999999,0.19775,0.5090555555555555,0.12410000000000002
301,sc_1970_insc_252,0.5664999999999999,0.13999999999999999,0.46299999999999997,0.1375833333333333
301,sc_1976_insc_176,0.39999999999999997,0.11441666666666667,0.3983125,0.06441666666666668
301,sc_1987_insc_196,0.59775,0.19775,0.5235,0.1395590909090909
301,sc_1996_insc_1461,0.56775,0.36774999999999997,0.56275,0.29433333333333334
301,sc_1999_insc_331,0.6291785714285714,0.3519480519480519,0.5753214285714285,0.2659747474747475
301,sc_2008_insc_426,0.39999999999999997,0.05,0.3985,0.048650000000000006
301,sc_2010_insc_370,0.54775,0.19775,0.54775,0.14632142857142857
301,sc_2015_insc_412,0.39999999999999997,0.11441666666666667,0.3985,0.061083333333333344
301,sc_2016_insc_1064,0.4923076923076922,0.16560714285714284,0.4700288461538461,0.09739285714285713
301,sc_2016_insc_478,0.5333333333333333,0.10775000000000001,0.4472083333333333,0.09275000000000001
302,in_abs_train_1029,0.6077499999999999,0.20999999999999996,0.4900075757575757,0.12999999999999998
302,in_abs_train_1863,0.6091136363636364,0.26025,0.5261515151515151,0.16465804195804196
302,in_abs_train_3453,0.39999999999999997,0.04775000000000001,0.3985,0.04775000000000001
302,in_abs_train_4601,0.47082692307692303,0.1265,0.44646794871794865,0.06823571428571429
302,in_abs_train_5567,0.4678571428571428,0.24846153846153846,0.4678571428571428,0.16708608058608057
302,in_abs_train_5753,0.5691785714285714,0.27499999999999997,0.5487023809523809,0.2235
302,sc_1966_insc_162,0.6083333333333333,0.38749999999999996,0.5110018939393939,0.23899166666666666
302,sc_1970_insc_183,0.6292499999999999,0.27108333333333334,0.5904867424242424,0.2370625
302,sc_1972_insc_245,0.54775,0.2545454545454545,0.49849999999999994,0.14566639610389612
302,sc_1990_insc_71,0.47274999999999995,0.05,0.4495625,0.04831250000000001
302,sc_2004_insc_393,0.5053690476190476,0.1280530303030303,0.45023412698412696,0.09048001097256045
302,sc_2013_insc_477,0.39999999999999997,0.14775,0.3983125,0.088875
303,sc_1958_insc_1,0.6152499999999999,0.21108333333333332,0.5065,0.149375
303,sc_1961_insc_158,0.45775,0.25775,0.45775,0.10729220779220776
303,sc_1966_insc_97,0.45999999999999996,0.05,0.458875,0.04831250000000001
303,sc_1972_insc_6,0.54775,0.17275,0.4441458333333333,0.13241666666666665
303,sc_1976_insc_42,0.59775,0.14775,0.5170625,0.11821703296703298
303,sc_1988_insc_370,0.39999999999999997,0.14775,0.39831249999999996,0.073875
303,sc_1995_insc_613,0.39775,0.05,0.39775,0.04850000000000001
303,sc_1995_insc_726,0.5380097402597402,0.08,0.47786850649350643,0.05581250000000001
303,sc_2006_insc_103,0.44775,0.09775,0.4064583333333333,0.07275000000000001
303,sc_2008_insc_237,0.5156071428571428,0.29,0.4809074675324675,0.19706249999999997
303,sc_2024_insc_407,0.4120357142857143,0.2714285714285714,0.4120357142857143,0.10377534860097885
304,in_abs_train_1841,0.5407142857142857,0.1763214285714286,0.5187238095238096,0.1668409090909091
304,in_abs_train_2338,0.39999999999999997,0.05,0.398875,0.04831250000000001
304,sc_1957_insc_5,0.39999999999999997,0.10775000000000001,0.398875,0.06775000000000002
304,sc_1964_insc_28,0.5810833333333333,0.28941666666666666,0.4717916666666666,0.18116666666666664
304,sc_1975_insc_218,0.7110833333333332,0.26441666666666663,0.5833484848484848,0.15355454545454544
304,sc_1982_insc_13,0.52,0.10775000000000001,0.45865,0.08441666666666668
304,sc_1988_insc_87,0.47082692307692303,0.2,0.4221089743589743,0.10865
304,sc_1995_insc_198,0.7477499999999999,0.3156071428571428,0.6094107142857144,0.27185714285714285
304,sc_1996_insc_512,0.4666666666666666,0.11441666666666667,0.44369444444444445,0.07733333333333334
304,sc_2014_insc_222,0.49774999999999997,0.24775,0.43597596153846147,0.18485096153846153
304,sc_2016_insc_857,0.5598901098901099,0.33917857142857144,0.48457623626373625,0.1746037087912088
304,sc_2022_insc_1261,0.39775,0.04775000000000001,0.39775,0.04775000000000001
305,sc_1952_insc_60,0.54775,0.125,0.4937613636363636,0.086375
305,sc_1955_insc_56,0.49774999999999997,0.13454545454545452,0.46762499999999996,0.08584469696969697
305,sc_1984_insc_77,0.39999999999999997,0.19775,0.398875,0.13183333333333333
305,sc_1989_insc_129,0.47274999999999995,0.04775000000000001,0.41762499999999997,0.046962500000000004
305,sc_2000_insc_432,0.39999999999999997,0.10229545454545454,0.3983125,0.06194886363636364
305,sc_2003_insc_97,0.49005769230769225,0.1,0.44518589743589737,0.08666153846153847
305,sc_2005_insc_222,0.6000000000000001,0.10229545454545455,0.4771115384615385,0.08486363636363636
305,sc_2007_insc_945,0.39999999999999997,0.05,0.39864999999999995,0.04850000000000001
305,sc_2009_insc_1000,0.5349999999999999,0.12275,0.4754166666666666,0.06706250000000001
305,sc_2015_insc_116,0.6077499999999999,0.11441666666666667,0.45219999999999994,0.07072222222222223
305,sc_2020_insc_399,0.39775,0.19060714285714286,0.39775,0.08276530612244899
305,sc_2024_insc_99,0.49999999999999994,0.28346428571428567,0.4318333333333333,0.09534285714285715
306,in_abs_train_4569,0.54775,0.09775,0.444625,0.061375000000000006
306,in_abs_train_5076,0.606840909090909,0.25684090909090906,0.5323863636363636,0.21236363636363634
306,in_abs_train_5284,0.46441666666666664,0.11441666666666667,0.44072222222222224,0.06153333333333334
306,in_abs_train_6472,0.5691785714285714,0.13346428571428573,0.4470357142857142,0.07632142857142858
306,sc_1960_insc_129,0.572,0.27275,0.5598749999999999,0.20229166666666665
306,sc_1965_insc_177,0.631840909090909,0.3300227272727272,0.6047954545454544,0.2038650932400932
306,sc_1992_insc_110,0.54775,0.14775,0.4235,0.09887499999999999
306,sc_1994_insc_348,0.48181818181818176,0.05,0.4193295454545454,0.048875
306,sc_1996_insc_276,0.39775,0.05,0.39775,0.04850000000000001
306,sc_1996_insc_620,0.39775,0.27275,0.39775,0.1391527777777778
306,sc_2008_insc_1493,0.543903846153846,0.17275,0.49198076923076917,0.12111904761904761
306,sc_2020_insc_59,0.47775,0.11,0.42351923076923076,0.06331250000000001
307,in_abs_train_3584,0.5678571428571428,0.2400576923076923,0.49756493506493504,0.18338698801198802
307,in_abs_train_397,0.39775,0.05,0.397525,0.04850000000000001
307,sc_1959_insc_106,0.45775,0.11,0.45775,0.07871590909090909
307,sc_1986_insc_9,0.46441666666666664,0.11441666666666667,0.4430530303030303,0.08108333333333334
307,sc_2005_insc_385,0.39999999999999997,0.11,0.3983125,0.077625
307,sc_2006_insc_764,0.54775,0.05,0.44775,0.04850000000000001
307,sc_2006_insc_772,0.58,0.24275,0.5422259615384615,0.14513942307692307
307,sc_2007_insc_720,0.44390384615384615,0.04775000000000001,0.40595054945054937,0.04775000000000001
307,sc_2014_insc_327,0.5006071428571428,0.05,0.41526785714285713,0.048875
307,sc_2015_insc_357,0.5189038461538461,0.18846153846153846,0.4756346153846154,0.12682527472527472
307,sc_2017_insc_590,0.625,0.12275,0.5098541666666667,0.10400000000000001
307,sc_2019_insc_771,0.7022954545454544,0.45229545454545456,0.5799751748251748,0.36580194805194804
308,sc_1963_insc_48,0.54775,0.16775,0.44775000000000004,0.07175000000000001
308,sc_1967_insc_5,0.6852499999999999,0.19775,0.5557214285714285,0.17354365079365078
308,sc_1973_insc_17,0.48307692307692307,0.13502272727272727,0.43388461538461537,0.1027944055944056
308,sc_1978_insc_231,0.39999999999999997,0.10775000000000001,0.398875,0.05812500000000001
308,sc_1989_insc_172,0.4749999999999999,0.125,0.4170625,0.06706250000000001
308,sc_1991_insc_59,0.4999999999999999,0.07502272727272728,0.43258333333333326,0.06288531468531469
308,sc_1992_insc_16,0.7719999999999999,0.42275,0.7202916666666666,0.3340697601010101
308,sc_2009_insc_833,0.5177499999999999,0.09775,0.4534101809954751,0.07835897435897436
308,sc_2015_insc_831,0.5428571428571429,0.16775,0.4826499999999999,0.13489932126696833
308,sc_2016_insc_1006,0.6144166666666666,0.26775,0.5053143939393939,0.19206249999999997
308,sc_2019_insc_1305,0.39999999999999997,0.05,0.3970625,0.04831250000000001
308,sc_2024_insc_145,0.6115509049773755,0.26390384615384616,0.47962550947504506,0.20817032967032967
309,in_abs_train_3749,0.620826923076923,0.19775,0.5195448717948717,0.14884725274725277
309,sc_1970_insc_240,0.6260833333333333,0.18333333333333335,0.5569166666666667,0.13360119047619048
309,sc_1971_insc_195,0.6477499999999999,0.25775,0.502,0.19872916666666665
309,sc_1992_insc_153,0.5499999999999999,0.10229545454545455,0.4630852272727272,0.09922159090909091
309,sc_1994_insc_198,0.54775,0.19775,0.47235096153846157,0.09791346153846155
309,sc_1995_insc_744,0.39775,0.05,0.39775,0.04831250000000001
309,sc_2006_insc_226,0.39775,0.04775000000000001,0.39775,0.04775000000000001
309,sc_2018_insc_697,0.39775,0.19775,0.39775,0.10233928571428572
309,sc_2020_insc_660,0.5834642857142857,0.29774999999999996,0.5834642857142857,0.26830357142857136
309,sc_2021_insc_525,0.39775,0.05,0.39775,0.048875
309,sc_2021_insc_659,0.47948717948717945,0.08775,0.45144197371256195,0.07811119711042312
309,sc_2021_insc_85,0.54775,0.19775,0.4477499999999999,0.0782
310,in_abs_train_4587,0.509090909090909,0.10229545454545455,0.454991341991342,0.10229545454545455
310,in_abs_train_5087,0.5272727272727272,0.125,0.46425909090909084,0.1153997668997669
310,sc_1961_insc_115,0.7010833333333333,0.3510833333333333,0.5979482323232324,0.27175378787878784
310,sc_1962_insc_156,0.4749999999999999,0.04775000000000001,0.42387499999999995,0.04775000000000001
310,sc_1962_insc_6,0.6934642857142855,0.45775,0.6395357142857141,0.3038214285714286
310,sc_1965_insc_278,0.5068409090909091,0.1568409090909091,0.4951090909090909,0.1174469696969697
310,sc_1989_insc_215,0.629090909090909,0.22954545454545455,0.6019214119214119,0.18281577540106952
310,sc_2009_insc_300,0.5666666666666667,0.26666666666666666,0.45664583333333336,0.13845833333333335
310,sc_2010_insc_548,0.46441666666666664,0.11666666666666667,0.4199722222222222,0.07531666666666667
310,sc_2012_insc_502,0.39775,0.17729545454545453,0.39775,0.1124469696969697
310,sc_2016_insc_1007,0.52,0.22083333333333333,0.5183988095238095,0.15929924242424243
310,sc_2021_insc_882,0.4749999999999999,0.05,0.41364999999999996,0.04850000000000001
311,in_abs_train_2888,0.49168939393939387,0.14775,0.43890404040404035,0.1371532634032634
311,in_abs_train_6546,0.595,0.16775,0.48009090909090896,0.12041346153846154
311,in_abs_train_893,0.645,0.29500000000000004,0.5989545454545454,0.1940010989010989
311,sc_1958_insc_11,0.49999999999999994,0.309090909090909,0.47727272727272724,0.14942878787878788
311,sc_1965_insc_7,0.49999999999999994,0.16775,0.45668385780885773,0.13275
311,sc_1976_insc_121,0.6357142857142857,0.26666666666666666,0.5722410714285713,0.2316780303030303
311,sc_1991_insc_216,0.6035714285714285,0.2535714285714285,0.5317714285714287,0.20207142857142854
311,sc_1991_insc_99,0.575,0.21441666666666667,0.48793571428571425,0.14775000000000002
311,sc_1999_insc_480,0.39775,0.11775,0.39775,0.08315366146458583
311,sc_2001_insc_567,0.5049999999999999,0.14168939393939395,0.4473166666666666,0.07981313131313132
311,sc_2007_insc_320,0.4749999999999999,0.19775,0.43637499999999996,0.11081250000000001
311,sc_2024_insc_301,0.5137362637362637,0.11265384615384616,0.47557246919746915,0.1028804945054945
312,in_abs_train_4059,0.49999999999999994,0.18621153846153846,0.45683333333333337,0.14198076923076924
312,in_abs_train_5211,0.49999999999999994,0.22499999999999998,0.47331249999999997,0.15985416666666669
312,sc_1965_insc_141,0.536840909090909,0.13562878787878788,0.48562121212121206,0.13168939393939394
312,sc_1968_insc_245,0.42999999999999994,0.14775,0.4149999999999999,0.09854166666666668
312,sc_1981_insc_143,0.5068409090909091,0.25,0.5068409090909091,0.14644155844155846
312,sc_1991_insc_334,0.57175,0.24888636363636363,0.4964913890457368,0.17407905138339924
312,sc_1993_insc_202,0.5584642857142856,0.13346428571428573,0.4513214285714286,0.06534285714285715
312,sc_2004_insc_347,0.39775,0.125,0.3970625,0.067625
312,sc_2011_insc_271,0.6827499999999999,0.4022954545454545,0.569,0.28111553030303027
312,sc_2016_insc_300,0.4749999999999999,0.10775000000000001,0.4449999999999999,0.05975000000000001
312,sc_2017_insc_963,0.6821678321678322,0.334090909090909,0.6256726398601398,0.2705633741258741
312,sc_2021_insc_532,0.44775,0.175,0.43525,0.1045625
313,in_abs_train_4395,0.4749999999999999,0.16890384615384613,0.4286009615384615,0.09110096153846153
313,sc_1951_insc_56,0.39999999999999997,0.19775,0.39999999999999997,0.15544444444444447
313,sc_1962_insc_191,0.7599999999999999,0.24108333333333334,0.6265643939393939,0.20396969696969697
313,sc_1963_insc_146,0.49774999999999997,0.05,0.4191,0.04850000000000001
313,sc_1995_insc_739,0.5263214285714286,0.16249999999999998,0.46747619047619043,0.11828219696969697
313,sc_1996_insc_696,0.606840909090909,0.309090909090909,0.5250227272727273,0.20759090909090908
313,sc_1999_insc_397,0.4749999999999999,0.19775,0.4472222222222222,0.1374595238095238
313,sc_2001_insc_608,0.54775,0.2,0.520028846153846,0.11671895424836602
313,sc_2014_insc_248,0.44390384615384615,0.09390384615384614,0.4274203296703296,0.07311886446886447
313,sc_2023_insc_655,0.44390384615384615,0.10454545454545455,0.44390384615384615,0.08592126623376621
314,in_abs_train_2106,0.6227499999999999,0.27275,0.5182908163265306,0.27275
314,sc_1972_insc_26,0.543076923076923,0.16999999999999998,0.5315384615384615,0.10304545454545455
314,sc_1989_insc_52,0.6060833333333332,0.13346428571428573,0.4630347985347985,0.13346428571428573
314,sc_1994_insc_468,0.5766666666666667,0.17363636363636364,0.5200021978021978,0.11161694577352473
314,sc_2003_insc_158,0.49999999999999994,0.04775000000000001,0.44849999999999995,0.04775000000000001
314,sc_2003_insc_99,0.56,0.3550227272727272,0.49081250000000004,0.2400681818181818
314,sc_2004_insc_35,0.39999999999999997,0.05,0.398875,0.04850000000000001
314,sc_2008_insc_1485,0.39775,0.15,0.39775,0.12331249999999999
314,sc_2011_insc_181,0.6177499999999999,0.22774999999999998,0.5310833333333332,0.15619999999999998
314,sc_2013_insc_133,0.6302447552447552,0.2778409090909091,0.6289973776223775,0.21180231533172708
314,sc_2013_insc_190,0.5310833333333334,0.125,0.43397222222222215,0.08637500000000001
314,sc_2021_insc_462,0.6000000000000001,0.24775,0.5410999999999999,0.2151666666666667
315,in_abs_train_2521,0.39999999999999997,0.05,0.39954999999999996,0.04850000000000001
315,in_abs_train_2964,0.54775,0.14775,0.44775000000000004,0.10375000000000001
315,in_abs_train_6189,0.5156071428571428,0.31024999999999997,0.47417261904761904,0.18629166666666666
315,in_abs_train_6473,0.39775,0.12275,0.39775,0.06762499999999999
315,sc_1951_insc_59,0.39775,0.125,0.39775,0.07743333333333333
315,sc_1956_insc_38,0.5068409090909091,0.1590909090909091,0.45342045454545454,0.10342045454545455
315,sc_1990_insc_58,0.39999999999999997,0.2,0.3985,0.1182
315,sc_2000_insc_240,0.5416666666666666,0.19166666666666665,0.4697083333333333,0.13627777777777778
315,sc_2004_insc_41,0.6077499999999999,0.27499999999999997,0.5027499999999999,0.20675
315,sc_2011_insc_589,0.6227499999999999,0.12275,0.5227624999999999,0.07698333333333333
315,sc_2013_insc_369,0.5818409090909089,0.15684090909090906,0.4434177489177489,0.15684090909090906
315,sc_2020_insc_14,0.45999999999999996,0.09311634615384615,0.43850000000000006,0.06793317307692308
316,in_abs_train_2272,0.39775,0.11441666666666667,0.39775,0.06497916666666667
316,in_abs_train_2548,0.54775,0.12275,0.472375,0.07062500000000001
316,in_abs_train_4763,0.48775,0.1451525974025974,0.46275,0.1395084145021645
316,sc_1957_insc_94,0.6727499999999997,0.26441666666666663,0.5209760416666666,0.1545625
316,sc_1978_insc_251,0.5394166666666665,0.11666666666666667,0.46762499999999996,0.113875
316,sc_2000_insc_112,0.5833333333333334,0.25608333333333333,0.520245670995671,0.15231666666666666
316,sc_2001_insc_233,0.7666666666666666,0.41024999999999995,0.6723484848484849,0.2928233766233766
316,sc_2001_insc_71,0.5499999999999999,0.19775,0.4702832167832167,0.12275000000000001
316,sc_2003_insc_692,0.47274999999999995,0.04775000000000001,0.42274999999999996,0.04775000000000001
316,sc_2005_insc_25,0.49774999999999997,0.11441666666666667,0.44775000000000004,0.06153333333333334
316,sc_2008_insc_526,0.61,0.31775,0.5364583333333333,0.26275
316,sc_2022_insc_80,0.6045454545454545,0.05,0.48334242424242424,0.04850000000000001
317,in_abs_train_1239,0.52,0.16999999999999998,0.4883125,0.093875
317,in_abs_train_6169,0.49774999999999997,0.31775,0.4325833333333333,0.12265
317,sc_1964_insc_229,0.39999999999999997,0.14775,0.3983125,0.07275000000000001
317,sc_1966_insc_188,0.5272954545454545,0.11441666666666667,0.45365909090909085,0.09072222222222222
317,sc_1975_insc_141,0.425,0.19775,0.40758333333333335,0.11448659673659671
317,sc_1988_insc_15,0.4406071428571428,0.08108333333333334,0.4213789682539682,0.06441666666666668
317,sc_1988_insc_269,0.49999999999999994,0.12275,0.423875,0.08525
317,sc_1997_insc_579,0.42774999999999996,0.14166666666666666,0.40465,0.07905555555555556
317,sc_2011_insc_39,0.4945454545454545,0.20847402597402595,0.47509375624375616,0.12655551311433663
317,sc_2014_insc_366,0.42082692307692304,0.05,0.40234615384615374,0.048875
317,sc_2014_insc_906,0.5499999999999999,0.19775,0.5113749999999999,0.1733125
317,sc_2019_insc_720,0.39999999999999997,0.05,0.39909999999999995,0.049249999999999995
318,sc_1957_insc_89,0.46775,0.16615384615384615,0.44946945701357466,0.13424931318681319
318,sc_1975_insc_98,0.5499999999999999,0.14775,0.43442857142857133,0.14775
318,sc_1994_insc_8,0.5894166666666665,0.24166666666666664,0.5435238095238093,0.19209469696969697
318,sc_1995_insc_103,0.4834642857142857,0.1400576923076923,0.4294523809523809,0.09502884615384616
318,sc_1996_insc_379,0.53775,0.33621153846153845,0.4634978991596638,0.14223717948717948
318,sc_1997_insc_153,0.49774999999999997,0.20999999999999996,0.46206249999999993,0.15069886363636364
318,sc_1999_insc_238,0.49774999999999997,0.05,0.4651666666666667,0.048650000000000006
318,sc_2011_insc_482,0.49999999999999994,0.05,0.4358125,0.04887500000000001
318,sc_2012_insc_617,0.4666666666666666,0.11441666666666667,0.46531666666666666,0.08413888888888889
318,sc_2019_insc_1060,0.4776223776223775,0.13307692307692306,0.42462606643356643,0.08463461538461538
318,sc_2022_insc_70,0.5172738095238095,0.2044166666666667,0.47985321760283056,0.13490686274509806
318,sc_2023_insc_411,0.39999999999999997,0.05,0.3985,0.047200000000000006
319,sc_1968_insc_26,0.6750227272727272,0.3045833333333333,0.6131098484848484,0.19662500000000002
319,sc_1975_insc_47,0.5897435897435896,0.15275,0.55216993006993,0.1085
319,sc_1994_insc_336,0.7749999999999999,0.40774999999999995,0.6408571428571428,0.40774999999999995
319,sc_2001_insc_458,0.47372402597402596,0.14740259740259742,0.47372402597402596,0.11148440844869419
319,sc_2004_insc_283,0.5939038461538461,0.2939038461538461,0.5499203296703296,0.2042910256410256
319,sc_2005_insc_613,0.6439393939393939,0.3000227272727273,0.5225078088578089,0.2901977466977467
319,sc_2009_insc_719,0.39999999999999997,0.26,0.39999999999999997,0.12222077922077922
319,sc_2013_insc_553,0.46441666666666664,0.11441666666666667,0.4310833333333333,0.07034722222222223
319,sc_2013_insc_690,0.41764705882352937,0.05,0.40217941176470584,0.04850000000000001
319,sc_2018_insc_104,0.6077499999999999,0.24775,0.5550031818181818,0.13108333333333333
319,sc_2020_insc_368,0.5610833333333333,0.14775,0.5010039821289821,0.14608333333333334
319,sc_2022_insc_888,0.48727272727272725,0.135,0.4818195554445554,0.10658630952380953
320,in_abs_train_5164,0.39775,0.05,0.39775,0.04812500000000001
320,sc_1986_insc_149,0.47274999999999995,0.16560714285714284,0.42956249999999996,0.10346428571428572
320,sc_1986_insc_279,0.4461538461538461,0.12775,0.44322870879120874,0.10020192307692308
320,sc_1995_insc_20,0.65,0.2208269230769231,0.5688165792540791,0.1505103021978022
320,sc_2002_insc_272,0.49005769230769225,0.18621153846153846,0.473757326007326,0.14358461538461537
320,sc_2007_insc_102,0.4522954545454545,0.11,0.4500151515151514,0.08465
320,sc_2007_insc_1104,0.39775,0.12275,0.39775,0.06137500000000001
320,sc_2009_insc_567,0.5906071428571428,0.23108333333333334,0.5009607142857142,0.12188809523809525
320,sc_2010_insc_767,0.45775,0.11441666666666667,0.43516666666666665,0.08598333333333333
320,sc_2018_insc_258,0.46441666666666664,0.04775000000000001,0.4149791666666667,0.04775000000000001
320,sc_2020_insc_666,0.39775,0.0875,0.39775,0.05768750000000001
320,sc_2022_insc_817,0.39999999999999997,0.27275,0.398875,0.1295625
321,in_abs_train_3679,0.47274999999999995,0.12275,0.43524999999999997,0.05666666666666667
321,in_abs_train_6971,0.5434642857142857,0.19346428571428576,0.43736904761904755,0.14203571428571432
321,sc_1955_insc_17,0.5333333333333333,0.18333333333333335,0.448875,0.08095833333333334
321,sc_1967_insc_296,0.5499999999999999,0.05,0.47264999999999996,0.049249999999999995
321,sc_1969_insc_19,0.39775,0.125,0.39775,0.07062500000000001
321,sc_1975_insc_261,0.5100576923076923,0.20496153846153847,0.49991224951519064,0.1696771978021978
321,sc_1986_insc_118,0.7083560606060605,0.28502272727272726,0.6303560606060605,0.2300151515151515
321,sc_2000_insc_290,0.45775,0.14775,0.42774999999999996,0.09410208333333335
321,sc_2001_insc_129,0.5906071428571428,0.2611538461538461,0.49258516483516485,0.16578846153846152
321,sc_2009_insc_303,0.52,0.2,0.48,0.13865
321,sc_2017_insc_1262,0.5068409090909091,0.1568409090909091,0.4890087412587412,0.1089715909090909
321,sc_2020_insc_163,0.5272954545454545,0.24275,0.43013636363636365,0.12569886363636362
322,sc_1972_insc_33,0.49417857142857136,0.13142857142857142,0.4374963639301874,0.10112774725274726
322,sc_1979_insc_149,0.54775,0.1,0.47275,0.06554166666666666
322,sc_1990_insc_185,0.5177499999999999,0.2810833333333333,0.4741136363636364,0.14153333333333334
322,sc_1993_insc_369,0.4966666666666666,0.24775,0.46127777777777773,0.1398653846153846
322,sc_1995_insc_384,0.39775,0.13346428571428573,0.39775,0.0974857142857143
322,sc_2002_insc_134,0.7102499999999998,0.32632142857142854,0.657125,0.262625
322,sc_2004_insc_493,0.5852499999999999,0.21441666666666667,0.51525,0.12905555555555556
322,sc_2007_insc_80,0.48571428571428565,0.05,0.41095918367346934,0.05
322,sc_2007_insc_878,0.39999999999999997,0.11,0.398875,0.09796590909090909
322,sc_2011_insc_144,0.5336466165413533,0.19390384615384615,0.5003138294454083,0.1082470695970696
322,sc_2011_insc_91,0.54775,0.13275,0.486375,0.08166346153846155
322,sc_2015_insc_490,0.39775,0.05,0.39775,0.04820000000000001
323,in_abs_train_2287,0.551948051948052,0.35684090909090904,0.551948051948052,0.18515648637077206
323,sc_1959_insc_42,0.47774999999999995,0.12275000000000003,0.41696568627450975,0.10525000000000001
323,sc_1961_insc_152,0.7954545454545454,0.39775,0.7954545454545454,0.27163311688311687
323,sc_1966_insc_193,0.5450227272727273,0.20999999999999996,0.5450227272727273,0.15043414918414919
323,sc_1966_insc_44,0.44775,0.05,0.4064583333333333,0.048875
323,sc_1987_insc_1,0.5645624999999999,0.23941666666666667,0.5214573863636364,0.19858333333333333
323,sc_1988_insc_275,0.6083333333333333,0.3,0.5762777777777778,0.16986666666666667
323,sc_2005_insc_500,0.66775,0.18275,0.5625227272727272,0.14275
323,sc_2010_insc_547,0.7277499999999999,0.18108333333333335,0.6166818181818181,0.15668484848484848
323,sc_2011_insc_56,0.4834642857142857,0.11666666666666667,0.43584523809523806,0.0983125
323,sc_2012_insc_516,0.6334642857142856,0.28346428571428567,0.5468244047619047,0.19501190476190472
323,sc_2023_insc_237,0.5906071428571428,0.18775,0.4938495695970696,0.14001923076923076
324,in_abs_train_4561,0.54775,0.19775,0.44275000000000003,0.09925
324,sc_1953_insc_72,0.39999999999999997,0.05,0.3985,0.04820000000000001
324,sc_1965_insc_269,0.47274999999999995,0.14775,0.43524999999999997,0.08389166666666666
324,sc_1984_insc_174,0.6022954545454544,0.26,0.4509181818181817,0.1725833333333333
324,sc_1993_insc_20,0.6789999999999998,0.26275,0.6383749999999999,0.1925126050420168
324,sc_1996_insc_31,0.5810833333333333,0.23108333333333334,0.49752380952380953,0.23108333333333334
324,sc_1999_insc_55,0.39999999999999997,0.05,0.3983125,0.047825000000000006
324,sc_2003_insc_306,0.5441785714285713,0.09775,0.4715829670329669,0.08044230769230769
324,sc_2011_insc_325,0.5077499999999999,0.16454545454545455,0.4692651515151514,0.1080090909090909
324,sc_2020_insc_527,0.44999999999999996,0.1,0.40865,0.08183333333333334
324,sc_2022_insc_378,0.4834642857142857,0.09285714285714286,0.43957142857142856,0.07030357142857144
324,sc_2022_insc_671,0.5227499999999999,0.09775,0.4420624999999999,0.06025000000000001
325,in_abs_train_4293,0.4666666666666666,0.11441666666666667,0.4149791666666667,0.07977083333333333
325,sc_1961_insc_65,0.5177499999999999,0.13774999999999998,0.4564375,0.1206875
325,sc_1973_insc_15,0.5834642857142857,0.3334642857142857,0.47193452380952383,0.23346428571428574
325,sc_1987_insc_318,0.47274999999999995,0.12275,0.41319999999999996,0.07275000000000001
325,sc_1995_insc_517,0.5177499999999999,0.11441666666666667,0.5077499999999999,0.10192569444444444
325,sc_1997_insc_246,0.5633333333333334,0.24393939393939396,0.5275113636363636,0.1887020202020202
325,sc_1997_insc_575,0.5939038461538461,0.25229545454545454,0.482798951048951,0.15409848484848485
325,sc_1998_insc_184,0.5177499999999999,0.29060714285714284,0.4682261904761904,0.21813841421736155
325,sc_2001_insc_242,0.6210833333333332,0.24108333333333334,0.5340378787878788,0.20225189393939394
325,sc_2001_insc_482,0.55775,0.10454545454545455,0.47150126262626263,0.10342045454545455
325,sc_2002_insc_162,0.625,0.15275,0.49410454545454535,0.1299722222222222
325,sc_2008_insc_1370,0.65,0.19775,0.5358125,0.10724107142857144
326,in_abs_train_1344,0.59,0.28502272727272726,0.5435090909090908,0.1968409090909091
326,sc_1970_insc_238,0.5776470588235294,0.23142857142857143,0.47214844142785317,0.13958928571428572
326,sc_1978_insc_119,0.39999999999999997,0.05,0.3985,0.048650000000000006
326,sc_1984_insc_93,0.39999999999999997,0.12275,0.398875,0.0665
326,sc_1997_insc_707,0.5685833333333333,0.15608333333333332,0.4610833333333333,0.11302777777777778
326,sc_1998_insc_294,0.47372402597402596,0.20229545454545453,0.4494220779220779,0.15666265597147946
326,sc_1998_insc_3,0.63525,0.28346428571428567,0.5085571428571429,0.1796547619047619
326,sc_2003_insc_422,0.49774999999999997,0.04775000000000001,0.41479166666666667,0.04775000000000001
326,sc_2005_insc_558,0.5499999999999999,0.2,0.42955,0.09850000000000002
326,sc_2008_insc_724,0.44888636363636364,0.10025,0.4188719367588932,0.07433333333333335
326,sc_2009_insc_459,0.4749999999999999,0.15,0.4749999999999999,0.06332142857142857
326,sc_2021_insc_844,0.5209642857142857,0.21999999999999997,0.4599662698412698,0.15530357142857143
327,sc_1970_insc_202,0.45775,0.125,0.4184999999999999,0.060127500000000014
327,sc_1997_insc_629,0.45999999999999996,0.25229545454545454,0.43668181818181817,0.08865909090909091
327,sc_2004_insc_379,0.39999999999999997,0.05,0.39864999999999995,0.04850000000000001
327,sc_2005_insc_298,0.39999999999999997,0.04775000000000001,0.39831249999999996,0.04775000000000001
327,sc_2006_insc_622,0.54775,0.05,0.46441666666666664,0.048875
327,sc_2007_insc_535,0.5049999999999999,0.25416666666666665,0.4669999999999999,0.17911580086580087
327,sc_2010_insc_743,0.39999999999999997,0.05,0.39819062499999996,0.04887500000000001
327,sc_2013_insc_59,0.47274999999999995,0.11441666666666667,0.46794444444444444,0.061083333333333344
327,sc_2018_insc_1090,0.49999999999999994,0.04775000000000001,0.4453035714285714,0.04775000000000001
327,sc_2018_insc_750,0.39999999999999997,0.04775000000000001,0.3983125,0.04327187500000001
327,sc_2018_insc_974,0.5177499999999999,0.11,0.4433125,0.06443750000000001
327,sc_2022_insc_583,0.47274999999999995,0.2,0.4235,0.07865000000000001
328,in_abs_train_2166,0.4406071428571428,0.14441666666666667,0.41727380952380955,0.09739646464646463
328,in_abs_train_5223,0.6191785714285714,0.36774999999999997,0.6191785714285714,0.26344637505351787
328,sc_1983_insc_40,0.5613863636363635,0.35002272727272715,0.5028510101010101,0.21589480519480517
328,sc_1987_insc_275,0.6277499999999998,0.2810833333333333,0.5385833333333333,0.19110416666666669
328,sc_1994_insc_180,0.5334642857142856,0.16679761904761906,0.4606645021645021,0.10727380952380954
328,sc_1995_insc_720,0.6360716783216783,0.20524475524475522,0.6100901598401597,0.17897920829170827
328,sc_1996_insc_621,0.4461538461538461,0.1400576923076923,0.4138846153846154,0.07679230769230769
328,sc_1997_insc_724,0.6077499999999999,0.31775,0.5027499999999999,0.16743939393939392
328,sc_2004_insc_207,0.7083333333333333,0.33562878787878786,0.5563184523809523,0.20431344696969697
328,sc_2007_insc_355,0.5499999999999999,0.29,0.4808125,0.2258125
328,sc_2011_insc_416,0.39999999999999997,0.04775000000000001,0.39831249999999996,0.046962500000000004
328,sc_2019_insc_921,0.526840909090909,0.07,0.45442472170686454,0.07
329,in_abs_train_4067,0.4749999999999999,0.125,0.4145499999999999,0.07425
329,in_abs_train_6340,0.45775,0.2810833333333333,0.41850000000000004,0.13441666666666668
329,sc_1968_insc_115,0.6144166666666666,0.21441666666666667,0.5066458333333334,0.13774999999999998
329,sc_1971_insc_137,0.49774999999999997,0.19775,0.4310833333333333,0.09153333333333333
329,sc_1996_insc_440,0.39999999999999997,0.05,0.398875,0.04766666666666667
329,sc_2009_insc_465,0.39999999999999997,0.04775000000000001,0.3983125,0.04775000000000001
329,sc_2012_insc_413,0.509090909090909,0.14775,0.44949870129870134,0.09775
329,sc_2016_insc_452,0.49774999999999997,0.19775,0.44887499999999997,0.10645833333333332
329,sc_2017_insc_833,0.5209642857142857,0.3691785714285714,0.4888214285714285,0.1541
329,sc_2019_insc_130,0.49774999999999997,0.20999999999999996,0.49774999999999997,0.12350238095238095
329,sc_2023_insc_150,0.6013863636363636,0.2445454545454545,0.5744599567099566,0.14438226773226773
330,in_abs_train_1635,0.6077499999999999,0.2461538461538461,0.5240181818181817,0.1972179487179487
330,in_abs_train_3673,0.636840909090909,0.1318181818181818,0.5986378205128204,0.10853409090909091
330,sc_1960_insc_66,0.5310833333333334,0.15684090909090906,0.5013166666666666,0.12229545454545454
330,sc_1963_insc_263,0.5450227272727273,0.28684090909090904,0.52786655011655,0.17244720279720277
330,sc_1999_insc_210,0.55775,0.2,0.5322954545454546,0.09016666666666667
330,sc_2003_insc_631,0.46441666666666664,0.26666666666666666,0.4322083333333333,0.1720138888888889
330,sc_2008_insc_1390,0.6477499999999999,0.26441666666666663,0.555125,0.16497916666666665
330,sc_2010_insc_197,0.39775,0.27499999999999997,0.39775,0.13248611111111108
330,sc_2010_insc_300,0.39999999999999997,0.12275,0.398875,0.06206250000000001
330,sc_2012_insc_152,0.49774999999999997,0.2,0.41819999999999996,0.09850000000000002
330,sc_2015_insc_870,0.53275,0.21071428571428574,0.46774999999999994,0.16314285714285717
330,sc_2018_insc_117,0.39775,0.13346428571428573,0.39775,0.058842857142857155
331,in_abs_train_2671,0.52,0.11,0.4904642857142857,0.11
331,in_abs_train_726,0.43775,0.12775,0.42974999999999997,0.10025
331,sc_1963_insc_56,0.52,0.11666666666666667,0.47778327020202016,0.08220833333333334
331,sc_1966_insc_256,0.5850227272727272,0.20954545454545453,0.5059242424242424,0.12756363636363638
331,sc_1983_insc_169,0.4406071428571428,0.28346428571428567,0.4379285714285714,0.2022440476190476
331,sc_1988_insc_9,0.61,0.15,0.5794374999999999,0.13485096153846154
331,sc_1989_insc_283,0.39999999999999997,0.20775,0.398875,0.07554166666666667
331,sc_1994_insc_549,0.45999999999999996,0.2,0.4275113636363636,0.08581250000000001
331,sc_1995_insc_331,0.47274999999999995,0.15,0.42349999999999993,0.096375
331,sc_1996_insc_1040,0.5927499999999999,0.22229545454545455,0.5052499999999999,0.16614772727272728
331,sc_2000_insc_520,0.39775,0.27775,0.39775,0.15028200371057515
331,sc_2016_insc_978,0.5499999999999999,0.05,0.4909285714285714,0.05
332,in_abs_train_2748,0.39999999999999997,0.04775000000000001,0.39999999999999997,0.04664285714285715
332,in_abs_train_3256,0.45999999999999996,0.09060714285714286,0.43934285714285715,0.07632142857142858
332,in_abs_train_3886,0.39775,0.05,0.39608333333333334,0.047200000000000006
332,in_abs_train_6252,0.6583560606060604,0.31249999999999994,0.6166893939393938,0.25022619047619044
332,sc_1996_insc_1063,0.49774999999999997,0.05,0.41775,0.04850000000000001
332,sc_2005_insc_371,0.5443850267379678,0.23363636363636364,0.5062694511370981,0.18030954045954045
332,sc_2007_insc_821,0.44775,0.10229545454545455,0.41025,0.06138636363636364
332,sc_2009_insc_319,0.5636363636363636,0.1400576923076923,0.4806931818181818,0.07082692307692308
332,sc_2011_insc_628,0.49999999999999994,0.10454545454545455,0.440275641025641,0.06947447552447553
332,sc_2018_insc_233,0.39999999999999997,0.05,0.3985,0.048650000000000006
332,sc_2019_insc_341,0.54775,0.05,0.47275,0.048875
332,sc_2019_insc_584,0.45775,0.05,0.42065,0.04850000000000001
333,in_abs_train_1263,0.49774999999999997,0.14858333333333332,0.4182,0.08850396825396827
333,in_abs_train_2739,0.6164999999999999,0.21775,0.5596941391941391,0.1675860051712993
333,in_abs_train_7108,0.6667976190476189,0.34775,0.6045309523809523,0.21298809523809525
333,sc_1971_insc_125,0.49999999999999994,0.21775,0.4398252262443439,0.16581249999999997
333,sc_1972_insc_64,0.39999999999999997,0.05,0.3985,0.04820000000000001
333,sc_1994_insc_141,0.63525,0.18346428571428572,0.6014761904761904,0.12334523809523809
333,sc_1996_insc_259,0.49999999999999994,0.15,0.43809999999999993,0.11040476190476191
333,sc_2010_insc_562,0.6444166666666665,0.20108333333333334,0.5335075757575757,0.16020454545454546
333,sc_2011_insc_299,0.49774999999999997,0.04775000000000001,0.4318333333333333,0.04775000000000001
333,sc_2015_insc_296,0.39999999999999997,0.07082692307692308,0.39831249999999996,0.05408173076923077
333,sc_2015_insc_668,0.39775,0.05,0.39775,0.04804166666666667
333,sc_2023_insc_482,0.45229545454545456,0.10454545454545455,0.4178898601398601,0.06743181818181819
334,in_abs_train_4852,0.47274999999999995,0.10775000000000001,0.4464307692307692,0.08668181818181818
334,in_abs_train_6371,0.6022954545454544,0.2,0.5261477272727272,0.12464015151515151
334,in_abs_train_6985,0.716840909090909,0.4159318181818181,0.6387281385281385,0.3669224941724942
334,sc_1963_insc_82,0.6644166666666665,0.3885833333333333,0.5880148809523809,0.3015175189393939
334,sc_1967_insc_239,0.5833333333333334,0.22560714285714287,0.5274095238095238,0.13457142857142856
334,sc_1987_insc_259,0.39775,0.05,0.39775,0.04850000000000001
334,sc_1987_insc_295,0.5391785714285713,0.17502272727272725,0.5112605727605727,0.13038897768897767
334,sc_1991_insc_104,0.5175,0.18325420168067227,0.472438550420168,0.1100794817927171
334,sc_1994_insc_174,0.54775,0.27826948051948047,0.5006171328671328,0.1657244422244422
334,sc_2008_insc_74,0.39999999999999997,0.12275,0.398875,0.067625
334,sc_2013_insc_453,0.6077499999999999,0.2,0.5127499999999999,0.13865
334,sc_2022_insc_1070,0.39775,0.05,0.39775,0.04850000000000001
335,in_abs_train_5267,0.5499999999999999,0.2,0.48674999999999996,0.161375
335,sc_1964_insc_135,0.54775,0.26666666666666666,0.48183333333333334,0.12767142857142857
335,sc_1990_insc_330,0.6128782051282051,0.17339102564102563,0.5552401223647353,0.14530086996336994
335,sc_1995_insc_4,0.67,0.22502272727272726,0.5684681818181818,0.18473376623376625
335,sc_2004_insc_707,0.59775,0.1194875,0.5310972222222222,0.08361875
335,sc_2006_insc_544,0.54775,0.25229545454545454,0.5000151515151515,0.14047727272727273
335,sc_2008_insc_564,0.54775,0.19775,0.44849999999999995,0.07775000000000001
335,sc_2009_insc_563,0.5499999999999999,0.05,0.45841666666666664,0.048875
335,sc_2010_insc_474,0.6545454545454544,0.2,0.4960744755244755,0.1445746753246753
335,sc_2014_insc_575,0.4191785714285714,0.11775,0.4189642857142857,0.08964630467571644
335,sc_2019_insc_1359,0.65,0.27499999999999997,0.4806875,0.22235416666666666
335,sc_2022_insc_743,0.8477499999999999,0.3209642857142857,0.5974522005772006,0.3188809523809524
336,in_abs_train_2164,0.5617609890109889,0.26307692307692304,0.5080650183150183,0.15310139860139857
336,in_abs_train_2180,0.620826923076923,0.3714285714285714,0.5176358984153101,0.2095892857142857
336,in_abs_train_5254,0.66775,0.10229545454545455,0.5464772727272726,0.08161363636363637
336,in_abs_train_6510,0.5644166666666666,0.18108333333333335,0.49980555555555545,0.1257757575757576
336,sc_1969_insc_237,0.54775,0.21060714285714285,0.49582692307692305,0.15498813686313687
336,sc_1970_insc_110,0.47274999999999995,0.14775,0.41762499999999997,0.1026875
336,sc_1978_insc_157,0.39999999999999997,0.19775,0.3985,0.07820000000000002
336,sc_1996_insc_739,0.45229545454545456,0.16917857142857143,0.4159318181818182,0.0922305194805195
336,sc_1997_insc_518,0.7083560606060605,0.2916666666666667,0.5620681818181817,0.13172756410256412
336,sc_2000_insc_38,0.44775,0.1,0.43525,0.08325
336,sc_2004_insc_180,0.45775,0.11666666666666667,0.41924999999999996,0.08776666666666667
336,sc_2015_insc_426,0.44999999999999996,0.14775,0.41743076923076916,0.11203571428571428
337,in_abs_train_1154,0.45454545454545453,0.09775,0.41251136363636365,0.059562500000000004
337,in_abs_train_1986,0.46441666666666664,0.20775,0.4310833333333333,0.1419166666666667
337,in_abs_train_3475,0.7727499999999998,0.33275,0.6699722222222221,0.2800357142857143
337,sc_1954_insc_107,0.45454545454545453,0.1590909090909091,0.45342045454545454,0.08523863636363636
337,sc_1960_insc_154,0.6000000000000001,0.2076470588235294,0.5088166666666666,0.12604901960784315
337,sc_1989_insc_336,0.49774999999999997,0.11441666666666667,0.4394166666666667,0.08108333333333334
337,sc_1995_insc_56,0.5499999999999999,0.27275,0.5068333333333332,0.13608333333333333
337,sc_1996_insc_190,0.39775,0.26,0.39775,0.17979166666666666
337,sc_1998_insc_286,0.5333333333333333,0.05,0.4391,0.04850000000000001
337,sc_2007_insc_442,0.39999999999999997,0.14775,0.3985,0.09887499999999999
337,sc_2013_insc_311,0.49999999999999994,0.05,0.42766666666666664,0.048875
337,sc_2023_insc_221,0.6358452380952381,0.13974358974358975,0.5358023365523364,0.1259320512820513
338,in_abs_train_1268,0.45775,0.15909090909090906,0.4240267857142857,0.09227272727272726
338,in_abs_train_2485,0.5522954545454545,0.1590909090909091,0.4625984848484848,0.11215454545454547
338,in_abs_train_4342,0.47274999999999995,0.2583333333333333,0.43637499999999996,0.17881944444444445
338,in_abs_train_4484,0.46441666666666664,0.11666666666666667,0.4621944444444444,0.07531666666666667
338,in_abs_train_552,0.5177499999999999,0.16775,0.43375,0.08850000000000001
338,in_abs_train_5712,0.5163863636363636,0.16138636363636363,0.4492040575747669,0.1280530303030303
338,sc_1969_insc_174,0.39999999999999997,0.05,0.3988749999999999,0.045125
338,sc_1979_insc_123,0.51,0.21999999999999997,0.47751442307692304,0.1583125
338,sc_2007_insc_724,0.5823653846153846,0.1400576923076923,0.5382719780219779,0.1386098901098901
338,sc_2010_insc_894,0.543903846153846,0.15,0.4638807692307692,0.12333333333333334
338,sc_2017_insc_620,0.39999999999999997,0.04775000000000001,0.3985,0.04775000000000001
338,sc_2020_insc_188,0.47184999999999994,0.12275,0.416275,0.06706250000000001
339,sc_1978_insc_72,0.44775,0.10229545454545455,0.41081249999999997,0.08572564935064936
339,sc_1985_insc_133,0.46441666666666664,0.12275,0.4207222222222222,0.06409999999999999
339,sc_1985_insc_180,0.750826923076923,0.2808269230769231,0.5701101398601397,0.21307149100899098
339,sc_2001_insc_180,0.6066785714285714,0.17096428571428574,0.4813482142857143,0.09730357142857143
339,sc_2001_insc_484,0.5173076923076922,0.13454545454545455,0.44183828671328673,0.11102272727272727
339,sc_2005_insc_73,0.5263214285714285,0.09285714285714286,0.47465,0.07095238095238095
339,sc_2007_insc_964,0.44999999999999996,0.09775,0.44788076923076925,0.09483699633699634
339,sc_2008_insc_953,0.39775,0.20775,0.39775,0.11498809523809524
339,sc_2009_insc_43,0.49774999999999997,0.19775,0.43013068181818176,0.11081250000000001
339,sc_2014_insc_788,0.504892857142857,0.09285714285714286,0.4403576799140708,0.09285714285714286
339,sc_2021_insc_365,0.44775,0.10229545454545455,0.41193749999999996,0.07558522727272729
339,sc_2021_insc_877,0.54775,0.11441666666666667,0.4433095238095238,0.11441666666666667
340,in_abs_train_1272,0.5732954545454546,0.12537237762237763,0.4701972027972028,0.10636546786546787
340,in_abs_train_3223,0.48502272727272727,0.20608333333333334,0.45021753246753243,0.1254878787878788
340,in_abs_train_3961,0.4732954545454545,0.1265,0.44215844155844153,0.08780952380952382
340,sc_1970_insc_155,0.509090909090909,0.04775000000000001,0.4585544455544456,0.04775000000000001
340,sc_1978_insc_83,0.7052447552447553,0.2795681818181818,0.6383680069930069,0.22883712121212121
340,sc_1986_insc_239,0.6372727272727273,0.22502272727272726,0.5338246753246754,0.13888531468531468
340,sc_2008_insc_1383,0.39999999999999997,0.24,0.39999999999999997,0.12397303921568627
340,sc_2009_insc_1115,0.47274999999999995,0.2,0.42424999999999996,0.09365000000000001
340,sc_2009_insc_512,0.45775,0.1357142857142857,0.41019999999999995,0.09707142857142857
340,sc_2010_insc_176,0.49774999999999997,0.10775000000000001,0.44486666666666663,0.06775000000000002
340,sc_2012_insc_113,0.49999999999999994,0.04775000000000001,0.4340984848484848,0.04775000000000001
340,sc_2021_insc_222,0.39999999999999997,0.125,0.39924999999999994,0.07671648351648352
341,sc_1962_insc_91,0.6144166666666666,0.125,0.49647222222222215,0.0941
341,sc_1966_insc_52,0.5610833333333333,0.22774999999999998,0.5004378787878787,0.1587853535353535
341,sc_1972_insc_312,0.4749999999999999,0.13346428571428573,0.4487291666666666,0.10572023809523809
341,sc_1985_insc_136,0.39775,0.05,0.39775,0.04820000000000001
341,sc_1998_insc_310,0.5399038461538461,0.1665,0.5218106191194426,0.12281666666666669
341,sc_2001_insc_35,0.39999999999999997,0.04775000000000001,0.39831249999999996,0.04775000000000001
341,sc_2006_insc_57,0.47274999999999995,0.20500000000000002,0.45492857142857135,0.11855
341,sc_2011_insc_517,0.5910833333333333,0.25608333333333333,0.5131,0.20941666666666667
341,sc_2016_insc_1142,0.45229545454545456,0.10229545454545455,0.4125113636363636,0.06251136363636364
341,sc_2017_insc_986,0.5353970588235294,0.2864999999999999,0.5231313725490195,0.20438235294117643
341,sc_2019_insc_1052,0.54775,0.25684090909090906,0.5244108391608391,0.20626704545454544
341,sc_2023_insc_975,0.39999999999999997,0.05,0.39999999999999997,0.04839285714285715
342,in_abs_train_1660,0.49774999999999997,0.09775,0.46909999999999996,0.06516666666666666
342,in_abs_train_4039,0.39999999999999997,0.19775,0.3994375,0.08637500000000001
342,in_abs_train_483,0.4834642857142857,0.24060714285714285,0.4554404761904762,0.1209357142857143
342,sc_1961_insc_43,0.45775,0.11,0.41275,0.0644375
342,sc_1962_insc_394,0.5177499999999999,0.1590909090909091,0.49410454545454535,0.1401590909090909
342,sc_1983_insc_41,0.6077499999999999,0.15,0.46849999999999997,0.0891
342,sc_1984_insc_28,0.5777499999999999,0.16999999999999998,0.4906249999999999,0.1634204545454545
342,sc_1989_insc_268,0.5191785714285714,0.125,0.4648503163503164,0.08900909090909091
342,sc_1996_insc_1426,0.39775,0.19775,0.39775,0.08525
342,sc_1999_insc_357,0.49999999999999994,0.12275,0.46864999999999996,0.07275000000000001
342,sc_2008_insc_449,0.6083333333333333,0.04775000000000001,0.4841603535353535,0.04775000000000001
342,sc_2017_4_69_77_en,0.59775,0.05,0.4314583333333333,0.048875
343,sc_1959_insc_124,0.5499999999999999,0.19727272727272727,0.49352146464646457,0.16751136363636365
343,sc_1961_insc_1,0.5906071428571428,0.20299475524475524,0.5289035939060939,0.15788881118881118
343,sc_1961_insc_67,0.39999999999999997,0.04775000000000001,0.3983125,0.04775000000000001
343,sc_1963_insc_8,0.49774999999999997,0.16775,0.49774999999999997,0.08363095238095239
343,sc_1988_insc_361,0.45999999999999996,0.11,0.42808124999999997,0.078875
343,sc_1992_insc_101,0.7739038461538461,0.28275,0.6683804945054945,0.20558337495837498
343,sc_2010_insc_309,0.54775,0.1590909090909091,0.47387499999999994,0.06705681818181818
343,sc_2010_insc_608,0.515,0.18775,0.46262499999999995,0.14081249999999998
343,sc_2011_insc_531,0.47274999999999995,0.04775000000000001,0.4087857142857142,0.04775000000000001
343,sc_2017_insc_670,0.6510833333333332,0.28307692307692306,0.518750233100233,0.2158892773892774
343,sc_2019_insc_1319,0.7106060606060606,0.2897435897435897,0.5844810606060605,0.1822900641025641
343,sc_2023_insc_212,0.47274999999999995,0.19775,0.44497222222222216,0.11789242424242423
344,in_abs_train_4548,0.39999999999999997,0.05,0.39865,0.04850000000000001
344,sc_1961_insc_71,0.5583560606060606,0.26666666666666666,0.5006464646464647,0.1861
344,sc_1973_insc_54,0.47274999999999995,0.22275,0.4235,0.15275
344,sc_2002_insc_118,0.6810833333333333,0.11441666666666667,0.5059472789115647,0.11441666666666667
344,sc_2009_insc_1049,0.39775,0.14775,0.39667499999999994,0.06820000000000001
344,sc_2010_insc_302,0.5666666666666667,0.21071428571428574,0.5374333333333333,0.12782142857142859
344,sc_2010_insc_325,0.5545454545454546,0.10229545454545455,0.46392550505050506,0.07502272727272728
344,sc_2014_insc_386,0.44775,0.14775,0.40675,0.08183333333333333
344,sc_2021_insc_324,0.39999999999999997,0.04775000000000001,0.3985,0.04775000000000001
344,sc_2021_insc_729,0.39775,0.05,0.39775,0.04850000000000001
344,sc_2024_insc_162,0.39999999999999997,0.15,0.3985,0.098875
345,in_abs_train_2772,0.5450227272727273,0.10775000000000001,0.4495681818181818,0.0739375
345,in_abs_train_5910,0.5191785714285714,0.07307692307692307,0.4350498168498168,0.07033516483516483
345,sc_1962_insc_92,0.6624999999999999,0.26025,0.5548352272727272,0.19310416666666663
345,sc_1970_insc_6,0.7666666666666666,0.22535,0.6121762265512265,0.21155000000000002
345,sc_1984_insc_49,0.39775,0.05,0.39775,0.0491
345,sc_1990_insc_202,0.5753723776223776,0.13275,0.4942565559440559,0.11469805194805194
345,sc_2007_insc_323,0.48571428571428565,0.13346428571428573,0.43849107142857136,0.13078571428571428
345,sc_2009_insc_318,0.49999999999999994,0.19775,0.4325833333333333,0.0922
345,sc_2014_insc_109,0.575,0.22762237762237764,0.5014601898101898,0.16691491841491843
345,sc_2019_insc_1283,0.5522954545454545,0.15,0.46182727272727264,0.09849999999999999
345,sc_2020_insc_87,0.4910833333333333,0.15285714285714286,0.4244305555555555,0.10142857142857142
346,in_abs_train_2202,0.5545454545454546,0.09390384615384616,0.4470590909090909,0.06388461538461539
346,sc_1963_insc_169,0.45999999999999996,0.05,0.4115499999999999,0.049249999999999995
346,sc_1968_insc_125,0.39999999999999997,0.19775,0.398875,0.0858125
346,sc_1987_insc_40,0.52,0.19775,0.43850000000000006,0.1205378787878788
346,sc_1999_insc_531,0.52,0.20775,0.46936363636363637,0.20775
346,sc_2006_insc_610,0.46441666666666664,0.10775000000000001,0.4149791666666667,0.08928846153846154
346,sc_2010_insc_141,0.4834642857142857,0.13346428571428573,0.41771294642857143,0.10991964285714287
346,sc_2013_insc_444,0.5006071428571428,0.11,0.41832142857142857,0.08353571428571428
346,sc_2013_insc_763,0.39999999999999997,0.10229545454545455,0.398875,0.05796590909090909
346,sc_2015_insc_706,0.49774999999999997,0.09060714285714286,0.44331249999999994,0.059026785714285726
346,sc_2019_insc_758,0.45775,0.10229545454545454,0.42175,0.06593181818181819
346,sc_2023_insc_524,0.5644166666666667,0.23525000000000001,0.5020056818181817,0.16533901515151517
347,in_abs_train_5077,0.6227499999999999,0.27275,0.5456666666666666,0.1045625
347,sc_1968_insc_51,0.39775,0.2,0.39775,0.08410714285714285
347,sc_1976_insc_218,0.39999999999999997,0.05,0.3983125,0.048875
347,sc_1981_insc_130,0.5637362637362637,0.16346428571428573,0.47954744152905915,0.13116895604395604
347,sc_1993_insc_48,0.4749999999999999,0.12275,0.4657222222222222,0.0632
347,sc_1997_insc_654,0.6656071428571426,0.22250000000000003,0.5716261904761905,0.14175000000000001
347,sc_1998_insc_264,0.39999999999999997,0.16679761904761906,0.3983125,0.09626190476190477
347,sc_2001_insc_276,0.46441666666666664,0.11441666666666667,0.45890404040404037,0.07441666666666667
347,sc_2002_insc_2,0.45229545454545456,0.18640384615384614,0.4255852272727273,0.11024868881118881
347,sc_2008_insc_897,0.5499999999999999,0.04775000000000001,0.49248571428571414,0.04775000000000001
347,sc_2009_insc_442,0.629917832167832,0.3363636363636363,0.5535742757242756,0.24730194805194805
347,sc_2022_insc_47,0.39999999999999997,0.15,0.3985,0.07722142857142857
348,in_abs_train_131,0.6439393939393939,0.28727272727272724,0.5039185606060606,0.18917803030303026
348,in_abs_train_3119,0.54775,0.14775,0.4810833333333333,0.06775
348,in_abs_train_6299,0.5137362637362637,0.09390384615384614,0.4671492257742257,0.06723164335664336
348,in_abs_train_815,0.6400576923076923,0.27810714285714283,0.5758949175824175,0.1784842032967033
348,sc_1991_insc_344,0.575,0.125,0.4474333333333333,0.09647222222222222
348,sc_1993_insc_177,0.543903846153846,0.18846153846153846,0.5340817307692307,0.1409210164835165
348,sc_1996_insc_225,0.39999999999999997,0.05,0.3982,0.049249999999999995
348,sc_2003_insc_63,0.39999999999999997,0.15,0.3983125,0.07262500000000001
348,sc_2008_insc_830,0.39999999999999997,0.06775,0.39865,0.054416666666666676
348,sc_2009_insc_922,0.4522954545454545,0.1334642857142857,0.4119488636363636,0.09974107142857143
348,sc_2016_insc_333,0.39999999999999997,0.05,0.39865,0.04850000000000001
348,sc_2019_insc_302,0.49774999999999997,0.04775000000000001,0.44262499999999994,0.04775000000000001
349,sc_1962_insc_288,0.6022954545454544,0.30684090909090905,0.5189469696969696,0.1613772727272727
349,sc_1964_insc_236,0.5939393939393939,0.17775,0.5323389776889776,0.1356540404040404
349,sc_1968_insc_177,0.39999999999999997,0.05,0.398875,0.04831250000000001
349,sc_1968_insc_25,0.4666666666666666,0.11,0.4425694444444444,0.078875
349,sc_1979_insc_276,0.5209642857142857,0.15608333333333332,0.46013095238095236,0.12906313131313132
349,sc_1988_insc_181,0.46441666666666664,0.26441666666666663,0.46441666666666664,0.19378571428571428
349,sc_2000_insc_409,0.49999999999999994,0.12275,0.4126785714285714,0.12275
349,sc_2008_insc_735,0.4966666666666666,0.15191666666666667,0.43776666666666664,0.08775
349,sc_2009_insc_985,0.39999999999999997,0.14775,0.39999999999999997,0.08410714285714287
349,sc_2010_insc_21,0.6810833333333333,0.26666666666666666,0.5977499999999999,0.2041
349,sc_2013_insc_350,0.4666666666666666,0.30275,0.4214722222222222,0.12214871794871796
349,sc_2015_insc_7,0.475,0.04775000000000001,0.42032336956521743,0.04775000000000001
350,in_abs_train_1545,0.5875,0.2,0.5407196969696969,0.13072222222222224
350,in_abs_train_2720,0.59775,0.04775000000000001,0.5169642857142857,0.04775000000000001
350,in_abs_train_3106,0.47274999999999995,0.125,0.41762499999999997,0.101375
350,sc_1954_insc_90,0.5777499999999999,0.11390384615384616,0.49294230769230757,0.10305128205128206
350,sc_1961_insc_46,0.6560833333333332,0.24168939393939395,0.5603658147408146,0.23959149184149187
350,sc_1969_insc_159,0.46441666666666664,0.05,0.41441666666666666,0.04352500000000001
350,sc_1973_insc_69,0.6212121212121211,0.26441666666666663,0.4972590909090909,0.18830555555555553
350,sc_1987_insc_292,0.4834642857142857,0.05,0.43257878151260504,0.048875
350,sc_1992_insc_18,0.5644166666666666,0.2334642857142857,0.4894166666666666,0.15724107142857144
350,sc_1994_insc_165,0.4834642857142857,0.11,0.4364077380952381,0.063875
350,sc_2007_insc_282,0.54775,0.2,0.5020714285714285,0.12748571428571429
350,sc_2008_insc_911,0.45999999999999996,0.05,0.428875,0.04831250000000001
351,in_abs_train_618,0.39775,0.05,0.39775,0.047890625000000006
351,in_abs_train_6917,0.39999999999999997,0.19775,0.39924999999999994,0.12865
351,sc_1972_insc_173,0.7083333333333333,0.24774999999999994,0.6200045454545454,0.16390404040404039
351,sc_1986_insc_28,0.57525,0.25505769230769226,0.5677019230769231,0.19387136393018745
351,sc_1993_insc_219,0.5153970588235294,0.11875000000000001,0.46689705882352933,0.08513417366946781
351,sc_2008_insc_1411,0.49774999999999997,0.05,0.44819999999999993,0.04850000000000001
351,sc_2012_insc_242,0.49005769230769225,0.3823653846153846,0.49005769230769225,0.23621153846153847
351,sc_2019_insc_1007,0.44775,0.19775,0.42274999999999996,0.14775000000000002
351,sc_2019_insc_38,0.39775,0.19775,0.39775,0.11516666666666668
351,sc_2020_insc_273,0.49999999999999994,0.14775,0.447514423076923,0.10001136363636363
351,sc_2020_insc_305,0.39775,0.11,0.39775,0.07751136363636364
351,sc_2023_insc_678,0.47274999999999995,0.12275,0.4639583333333333,0.11525
352,in_abs_train_2011,0.66775,0.18275,0.5395625,0.1308125
352,in_abs_train_7058,0.39775,0.13502272727272727,0.39775,0.06360018552875696
352,sc_1967_insc_133,0.39999999999999997,0.05,0.3982,0.04850000000000001
352,sc_1968_insc_295,0.4749999999999999,0.17014134615384613,0.43637499999999996,0.09731522435897434
352,sc_1971_insc_204,0.5691785714285714,0.12229545454545454,0.44122142857142854,0.08029079254079254
352,sc_1978_insc_255,0.4522954545454545,0.10454545454545452,0.4086590909090909,0.06668181818181819
352,sc_1996_insc_726,0.46441666666666664,0.13346428571428573,0.42941666666666667,0.07030357142857144
352,sc_2003_insc_485,0.46441666666666664,0.18941666666666668,0.4310833333333333,0.131246875
352,sc_2004_insc_395,0.48274999999999996,0.13502272727272727,0.42758333333333326,0.07665454545454545
352,sc_2006_insc_918,0.44775,0.15,0.42274999999999996,0.09349999999999999
352,sc_2017_insc_865,0.49999999999999994,0.12275,0.4483125,0.0665
352,sc_2021_insc_379,0.39775,0.125,0.39775,0.06874464285714287
353,in_abs_train_2638,0.39999999999999997,0.04775000000000001,0.39818749999999997,0.04775000000000001
353,in_abs_train_6210,0.39775,0.05,0.3968333333333333,0.0491
353,sc_1961_insc_50,0.47274999999999995,0.07082692307692308,0.4141,0.04952564102564103
353,sc_1979_insc_24,0.5394166666666665,0.18333333333333335,0.4894166666666666,0.1273166666666667
353,sc_1985_insc_85,0.49774999999999997,0.125,0.44470833333333326,0.08637500000000001
353,sc_1995_insc_855,0.39775,0.04775000000000001,0.39775,0.04775000000000001
353,sc_1997_insc_679,0.5664999999999999,0.1665,0.5154583333333332,0.12620079185520364
353,sc_2008_insc_612,0.6436363636363637,0.2542857142857143,0.6198842747326202,0.19494642857142858
353,sc_2009_insc_320,0.5499999999999999,0.10454545454545455,0.43749999999999994,0.07557386363636363
353,sc_2009_insc_477,0.7166666666666667,0.27275,0.6138878787878788,0.23183333333333334
353,sc_2010_insc_121,0.49774999999999997,0.14711249999999998,0.42387499999999995,0.09134062500000001
353,sc_2013_insc_203,0.39999999999999997,0.05,0.3982,0.04850000000000001
354,in_abs_train_2429,0.54775,0.2,0.45191666666666663,0.131375
354,sc_1962_insc_32,0.6350227272727272,0.22774999999999998,0.509340909090909,0.12221666666666667
354,sc_1973_insc_147,0.48244999999999993,0.07275000000000001,0.4443738636363636,0.059919642857142866
354,sc_1973_insc_16,0.5349999999999999,0.04775000000000001,0.4391255411255411,0.04775000000000001
354,sc_1976_insc_307,0.53,0.31138636363636363,0.46965454545454544,0.2101590909090909
354,sc_1982_insc_2,0.45775,0.04775000000000001,0.43593181818181814,0.04775000000000001
354,sc_1986_insc_4,0.45229545454545456,0.10229545454545455,0.4200181818181818,0.06593181818181819
354,sc_1987_insc_348,0.5457142857142857,0.1732142857142857,0.5092916666666666,0.14048214285714286
354,sc_2006_insc_338,0.39999999999999997,0.16999999999999998,0.398875,0.0944375
354,sc_2007_insc_1135,0.5607142857142857,0.13346428571428573,0.4378035714285714,0.06917857142857144
354,sc_2015_insc_378,0.5499999999999999,0.19775,0.47350000000000003,0.19775
354,sc_2015_insc_624,0.4784642857142857,0.13571428571428573,0.4179285714285714,0.1137232142857143
355,sc_1960_insc_30,0.54775,0.26441666666666663,0.4707222222222222,0.16453333333333334
355,sc_1975_insc_215,0.39999999999999997,0.04775000000000001,0.39865,0.04775000000000001
355,sc_1981_insc_84,0.54775,0.12729545454545454,0.48281643356643356,0.07268051948051948
355,sc_1984_insc_242,0.520826923076923,0.16441666666666666,0.49016758241758235,0.13522267316017317
355,sc_1994_insc_120,0.6427499999999999,0.1930769230769231,0.5534423701298701,0.1664567307692308
355,sc_1994_insc_283,0.39775,0.09775,0.39775,0.05910000000000001
355,sc_2005_insc_351,0.4191785714285714,0.14775,0.40366964285714285,0.07964423076923077
355,sc_2006_insc_204,0.4522954545454545,0.04775000000000001,0.40759090909090906,0.04775000000000001
355,sc_2007_insc_318,0.7477499999999998,0.2583333333333333,0.646185606060606,0.1803143939393939
355,sc_2010_insc_149,0.39775,0.15,0.39775,0.15
355,sc_2021_insc_862,0.5499999999999999,0.19775,0.4711020833333333,0.12275000000000001
355,sc_2022_insc_379,0.5177499999999999,0.15684090909090906,0.45997916666666666,0.10668939393939394
356,in_abs_train_2484,0.49774999999999997,0.26,0.47775,0.18278535353535355
356,in_abs_train_918,0.39999999999999997,0.1400576923076923,0.398875,0.07055128205128204
356,sc_1969_insc_92,0.39775,0.09390384615384614,0.39775,0.06773580586080587
356,sc_1971_insc_118,0.4834642857142857,0.12275,0.4462428571428571,0.08600000000000001
356,sc_1973_insc_28,0.4749999999999999,0.125,0.43749999999999994,0.061000000000000006
356,sc_1996_insc_1483,0.6377499999999998,0.35,0.5763358585858585,0.24713729603729603
356,sc_1996_insc_584,0.45775,0.185,0.42774999999999996,0.112625
356,sc_1999_insc_32,0.6750227272727272,0.3324412878787879,0.6092651515151514,0.3029477813852814
356,sc_2003_insc_510,0.39999999999999997,0.20229545454545453,0.398125,0.12502272727272726
356,sc_2007_insc_1074,0.39775,0.05,0.39775,0.04820000000000001
356,sc_2008_insc_898,0.49774999999999997,0.2,0.44775,0.08637500000000001
356,sc_2022_insc_473,0.6790686813186813,0.33525,0.5915730769230769,0.22424786324786325
357,in_abs_train_3778,0.6310833333333332,0.3191785714285714,0.6048492063492062,0.2191785714285714
357,sc_1962_insc_74,0.6477499999999998,0.13390384615384615,0.4659280303030302,0.10445192307692308
357,sc_1983_insc_38,0.46649999999999997,0.13275,0.432125,0.1080012092074592
357,sc_1988_insc_11,0.5850227272727272,0.328728409090909,0.5296597147950088,0.23049280303030298
357,sc_1989_insc_53,0.5165,0.07502272727272728,0.4279114100185528,0.07502272727272728
357,sc_1991_insc_263,0.47274999999999995,0.12275,0.41525,0.0665
357,sc_1996_insc_138,0.6334642857142856,0.28346428571428567,0.5625982142857142,0.20991964285714285
357,sc_2008_insc_655,0.5644166666666666,0.20999999999999996,0.5127499999999999,0.1383125
357,sc_2011_insc_530,0.6077499999999999,0.14775,0.5308124999999999,0.073875
357,sc_2014_insc_190,0.6144166666666666,0.3333333333333333,0.5310833333333332,0.1875848484848485
357,sc_2015_insc_552,0.54775,0.20454545454545453,0.44775000000000004,0.15015986013986013
357,sc_2023_insc_135,0.7110833333333332,0.15002272727272728,0.5749833333333333,0.0918409090909091
358,in_abs_train_1866,0.6810833333333333,0.33108333333333334,0.5966458333333333,0.30948106060606057
358,sc_1961_insc_294,0.39775,0.11666666666666667,0.39775,0.05823809523809524
358,sc_1976_insc_267,0.5266666666666666,0.14108333333333334,0.49156730769230766,0.11220833333333334
358,sc_1987_insc_188,0.46502272727272725,0.17853947368421053,0.4325113636363636,0.14480354071453141
358,sc_1993_insc_359,0.39999999999999997,0.18108333333333335,0.39865,0.09294444444444445
358,sc_1999_insc_350,0.5027499999999999,0.15002272727272728,0.4899722222222222,0.12055454545454547
358,sc_2000_insc_54,0.39999999999999997,0.05,0.3985,0.048650000000000006
358,sc_2001_insc_12,0.5209642857142857,0.16560714285714284,0.4809841269841269,0.16292857142857142
358,sc_2004_insc_462,0.44999999999999996,0.19213502673796792,0.41634926470588235,0.08384625668449198
358,sc_2011_insc_538,0.39999999999999997,0.14775,0.39999999999999997,0.11062500000000001
358,sc_2016_insc_164,0.4330441176470588,0.05,0.40657352941176467,0.047712500000000005
359,in_abs_train_2672,0.5177499999999999,0.24108333333333334,0.4605416666666666,0.17340928030303032
359,sc_1969_insc_307,0.6397435897435897,0.24166666666666664,0.5657706043956043,0.1645625
359,sc_1975_insc_135,0.7834642857142855,0.43571428571428567,0.6842632962275819,0.43571428571428567
359,sc_1989_insc_251,0.5496980519480519,0.14515259740259742,0.5097629870129871,0.1240577922077922
359,sc_1993_insc_313,0.7834642857142855,0.33441666666666664,0.7067367965367964,0.26425757575757575
359,sc_2004_insc_217,0.5813863636363634,0.17991783216783216,0.52528991008991,0.15339435564435563
359,sc_2008_insc_825,0.48941666666666667,0.14441666666666667,0.44016666666666665,0.09723030303030303
359,sc_2009_insc_1207,0.39999999999999997,0.04775000000000001,0.39729166666666665,0.04775000000000001
359,sc_2010_insc_671,0.44775,0.09775,0.41775,0.06516666666666666
359,sc_2017_insc_1258,0.5545454545454546,0.04775000000000001,0.4753901515151515,0.04775000000000001
359,sc_2018_insc_904,0.48571428571428565,0.2565,0.4538571428571428,0.13676648351648352
359,sc_2019_insc_304,0.39999999999999997,0.2,0.398875,0.09766666666666668
360,in_abs_train_2643,0.5522954545454545,0.09775,0.4609962121212121,0.07275000000000001
360,sc_1973_insc_153,0.46533241758241756,0.15446428571428572,0.45676272624434383,0.1260327380952381
360,sc_1975_insc_244,0.5906071428571428,0.24285714285714283,0.5096547619047619,0.13372142857142857
360,sc_1983_insc_64,0.485,0.19285714285714284,0.4752707336523126,0.11615392857142856
360,sc_1984_insc_167,0.6299999999999999,0.2872727272727273,0.5778585164835164,0.24218668831168833
360,sc_1991_insc_159,0.5961538461538461,0.19285714285714284,0.47254349816849817,0.14285714285714285
360,sc_2008_insc_108,0.44999999999999996,0.09775,0.41864999999999997,0.08183333333333333
360,sc_2010_insc_313,0.5691785714285714,0.2735394736842105,0.5206215728715727,0.143808993637941
360,sc_2012_insc_514,0.39775,0.05,0.39775,0.04850000000000001
360,sc_2013_insc_773,0.4666666666666666,0.26441666666666663,0.4479833333333333,0.17627777777777778
360,sc_2018_insc_518,0.509090909090909,0.1795454545454545,0.46863641505553266,0.12864772727272727
360,sc_2021_insc_794,0.44999999999999996,0.14775,0.41516666666666663,0.07775000000000001
361,in_abs_train_235,0.49774999999999997,0.14775,0.42619999999999997,0.08258333333333333
361,in_abs_train_2839,0.6633333333333332,0.22275,0.5946111111111111,0.13431666666666667
361,in_abs_train_6911,0.7644166666666665,0.340025,0.6233181818181817,0.32612395833333335
361,sc_1961_insc_57,0.6177499999999999,0.2722727272727273,0.5751629781982722,0.2231760739260739
361,sc_1989_insc_100,0.6357142857142858,0.3209642857142857,0.5638880952380952,0.20405952380952383
361,sc_1997_insc_233,0.6022954545454544,0.19390384615384615,0.4988825757575757,0.11707692307692308
361,sc_2009_insc_1196,0.45229545454545456,0.04775000000000001,0.4187898601398602,0.04775000000000001
361,sc_2010_insc_742,0.54775,0.11441666666666667,0.4811155303030303,0.10949469696969698
361,sc_2013_insc_384,0.5623076923076923,0.15687019230769228,0.5244302197802198,0.12759104090354087
361,sc_2013_insc_469,0.5177499999999999,0.15,0.4783125,0.0744375
361,sc_2014_insc_479,0.5928571428571429,0.19060714285714286,0.5060178571428571,0.09340178571428571
361,sc_2015_insc_995,0.44775,0.09775,0.4477499999999999,0.08600219780219781
362,in_abs_train_3684,0.5068409090909091,0.1568409090909091,0.48744696969696966,0.11273636363636363
362,in_abs_train_4398,0.54775,0.19775,0.45247916666666665,0.10247916666666668
362,in_abs_train_569,0.5039038461538461,0.09390384615384614,0.48198076923076916,0.05985096153846154
362,sc_1960_insc_138,0.5357142857142857,0.1785714285714286,0.4667321428571428,0.157109126984127
362,sc_1967_insc_272,0.55775,0.16775,0.46524999999999994,0.1083125
362,sc_1979_insc_173,0.49774999999999997,0.05,0.46441666666666664,0.048650000000000006
362,sc_2008_insc_63,0.5499999999999999,0.10454545454545455,0.44849999999999995,0.060009090909090915
362,sc_2009_insc_210,0.5061538461538462,0.19969805194805193,0.4547179487179487,0.11754070929070928
362,sc_2012_insc_447,0.45229545454545456,0.2545454545454545,0.4522954545454546,0.15153030303030302
362,sc_2015_insc_589,0.543903846153846,0.34732142857142856,0.468102564102564,0.19834656720987992
362,sc_2021_insc_2,0.39999999999999997,0.04775000000000001,0.3983125,0.04775000000000001
362,sc_2022_insc_1108,0.6045454545454545,0.14775,0.4594810606060606,0.12502272727272729
363,in_abs_train_1355,0.44390384615384615,0.09390384615384614,0.4131346153846154,0.057880769230769236
363,in_abs_train_4033,0.44775,0.21390384615384614,0.4108125,0.09041346153846154
363,in_abs_train_578,0.45775,0.04775000000000001,0.40887499999999993,0.04775000000000001
363,sc_1964_insc_214,0.5394166666666665,0.19775,0.5023333333333332,0.10247916666666666
363,sc_1964_insc_74,0.6656071428571427,0.22619047619047616,0.5767190476190475,0.17746825396825394
363,sc_1975_insc_255,0.5691785714285714,0.22142857142857142,0.4807857142857143,0.10783630952380953
363,sc_1996_insc_85,0.6000000000000001,0.2159642857142857,0.4744488636363636,0.12843993506493506
363,sc_2006_insc_711,0.4710833333333333,0.11858333333333335,0.4379583333333333,0.0945296052631579
363,sc_2007_insc_394,0.49774999999999997,0.11441666666666667,0.4582,0.09140404040404042
363,sc_2008_insc_664,0.45454545454545453,0.10229545454545455,0.40910909090909087,0.06593181818181819
363,sc_2009_insc_1118,0.39775,0.04775000000000001,0.39775,0.04775000000000001
363,sc_2018_insc_1129,0.5277499999999999,0.20608333333333334,0.4959357142857142,0.1604423076923077
364,in_abs_train_4541,0.6562115384615383,0.26005769230769227,0.5832307692307691,0.21066895604395605
364,in_abs_train_4681,0.39999999999999997,0.14775,0.398875,0.06554166666666666
364,in_abs_train_642,0.39999999999999997,0.05,0.39887500000000004,0.048875
364,sc_1972_insc_68,0.45775,0.125,0.41275,0.09929166666666667
364,sc_2000_insc_331,0.39999999999999997,0.10775000000000001,0.3983125,0.07831250000000001
364,sc_2004_insc_212,0.4666666666666666,0.04775000000000001,0.4210972222222222,0.04775000000000001
364,sc_2008_insc_543,0.47274999999999995,0.15,0.43524999999999997,0.06479166666666668
364,sc_2012_insc_352,0.47274999999999995,0.12275,0.4221111111111111,0.08525
364,sc_2012_insc_465,0.46441666666666664,0.11666666666666667,0.4310833333333333,0.06998611111111112
364,sc_2017_insc_1268,0.44390384615384615,0.11265384615384616,0.41288461538461535,0.06253076923076922
364,sc_2018_insc_1031,0.54775,0.19775,0.48183333333333334,0.1282
364,sc_2023_insc_972,0.39999999999999997,0.05,0.3985,0.048875
365,in_abs_train_4272,0.4834642857142857,0.11441666666666667,0.45504421768707487,0.11441666666666667
365,in_abs_train_472,0.5644166666666666,0.15,0.43198333333333333,0.11516666666666665
365,in_abs_train_6165,0.5977499999999999,0.27274999999999994,0.5572738095238094,0.24899999999999994
365,in_abs_train_6987,0.47274999999999995,0.14108333333333334,0.43349999999999994,0.08141666666666668
365,sc_1961_insc_257,0.531840909090909,0.3282694805194805,0.5193043456543456,0.25261255411255407
365,sc_1989_insc_116,0.59775,0.10454545454545455,0.48577272727272724,0.09623106060606061
365,sc_1996_insc_1092,0.47274999999999995,0.13346428571428573,0.45025,0.0869702380952381
365,sc_1999_insc_358,0.45775,0.16,0.41275,0.0758125
365,sc_2008_insc_272,0.6477499999999999,0.05,0.48183333333333334,0.04820000000000001
365,sc_2014_insc_308,0.4638009049773755,0.09775,0.4114026809954751,0.06441666666666668
365,sc_2015_insc_220,0.581840909090909,0.23363636363636364,0.4933890692640692,0.14069318181818183
365,sc_2023_insc_172,0.39999999999999997,0.05,0.3985,0.04955
366,in_abs_train_4082,0.4830441176470588,0.11265384615384616,0.4556421568627451,0.09657759784075574
366,in_abs_train_4920,0.6810833333333333,0.39774999999999994,0.6294166666666665,0.3170138888888888
366,in_abs_train_6269,0.6370357142857141,0.3181911764705882,0.5753526604973973,0.2357473262032085
366,sc_1953_insc_52,0.5627499999999999,0.22775,0.49711111111111106,0.21251136363636364
366,sc_1971_insc_154,0.4461538461538461,0.20299475524475524,0.42232692307692304,0.1581336163836164
366,sc_1976_insc_235,0.5777499999999999,0.22275,0.537625,0.11081250000000001
366,sc_1979_insc_136,0.45775,0.11,0.42774999999999996,0.08
366,sc_1992_insc_92,0.51025,0.15608333333333332,0.45137499999999997,0.09935984848484848
366,sc_1994_insc_82,0.49005769230769225,0.04775000000000001,0.42476648351648344,0.04775000000000001
366,sc_2012_insc_259,0.46764705882352936,0.19039705882352942,0.4463514090656505,0.14151470588235293
366,sc_2014_insc_578,0.5177499999999999,0.10454545454545452,0.45501818181818177,0.08243181818181818
366,sc_2020_insc_493,0.39999999999999997,0.05,0.39831249999999996,0.04831250000000001
367,in_abs_train_2217,0.39775,0.14775,0.39775,0.07047077922077923
367,in_abs_train_2318,0.4749999999999999,0.16025,0.43637499999999996,0.09225000000000001
367,in_abs_train_2375,0.49775,0.30774999999999997,0.4708269230769231,0.19566579254079253
367,sc_1961_insc_112,0.39775,0.10775000000000001,0.39775,0.068125
367,sc_1995_insc_369,0.39999999999999997,0.16775,0.3985,0.07075000000000001
367,sc_1997_insc_412,0.6977499999999999,0.36917857142857147,0.5726499999999999,0.32989285714285715
367,sc_2006_insc_502,0.46441666666666664,0.11441666666666667,0.420361111111111,0.08108333333333334
367,sc_2008_insc_432,0.39775,0.10775000000000001,0.39775,0.07212912087912089
367,sc_2009_insc_893,0.49774999999999997,0.1,0.43183333333333335,0.07387500000000001
367,sc_2011_insc_557,0.5215509049773756,0.17857142857142855,0.5138523755656108,0.1376025641025641
367,sc_2011_insc_667,0.5529947552447552,0.20684090909090908,0.5061066433566432,0.17540151515151514
367,sc_2013_insc_478,0.46441666666666664,0.11441666666666667,0.46131666666666665,0.08890404040404039
368,in_abs_train_3080,0.39999999999999997,0.05,0.39999999999999997,0.04850000000000001
368,in_abs_train_6420,0.6190909090909092,0.23502272727272727,0.5285125874125874,0.22032386363636366
368,sc_1987_insc_194,0.39999999999999997,0.04775000000000001,0.3985,0.04775000000000001
368,sc_1990_insc_251,0.39775,0.11441666666666667,0.39775,0.07716591741591741
368,sc_1996_insc_752,0.47274999999999995,0.12275,0.47122916666666664,0.0665
368,sc_1998_insc_290,0.49774999999999997,0.2857142857142857,0.4608452380952381,0.16673214285714286
368,sc_2002_insc_16,0.4214285714285714,0.11666666666666667,0.40958928571428566,0.09183333333333332
368,sc_2004_insc_396,0.39775,0.05,0.39775,0.04865000000000001
368,sc_2012_insc_194,0.45775,0.10229545454545454,0.4359318181818182,0.05955909090909091
368,sc_2013_insc_576,0.39999999999999997,0.13346428571428573,0.3985,0.06534285714285716
368,sc_2020_insc_365,0.39999999999999997,0.10775000000000001,0.3982,0.1020357142857143
368,sc_2022_insc_667,0.5177499999999999,0.10775000000000001,0.4566590909090909,0.06775000000000002
369,sc_1959_insc_84,0.49582692307692305,0.289010989010989,0.45938959276018093,0.1519798534798535
369,sc_1978_insc_128,0.39999999999999997,0.14775,0.398125,0.09775
369,sc_1979_insc_200,0.6077499999999999,0.30275,0.5574791666666665,0.17742261904761905
369,sc_1993_insc_13,0.7890087412587411,0.22502272727272726,0.6364202256077255,0.1705909090909091
369,sc_2006_insc_313,0.4721860902255639,0.16441666666666666,0.44621282372598164,0.07424122807017544
369,sc_2007_insc_649,0.4680849282296651,0.21917857142857142,0.44445592565329406,0.1267005910755911
369,sc_2013_insc_161,0.45999999999999996,0.12,0.4283125,0.065125
369,sc_2014_insc_37,0.39775,0.22275,0.3965,0.1270625
369,sc_2021_insc_208,0.39999999999999997,0.11441666666666667,0.39943749999999995,0.06554166666666666
369,sc_2021_insc_304,0.4120357142857143,0.08333333333333334,0.4018839285714286,0.06546936274509804
369,sc_2022_insc_1011,0.39999999999999997,0.05,0.398125,0.05
369,sc_s_1996_6_1_56_en,0.4461538461538461,0.14775,0.41041346153846153,0.09735096153846154
370,in_abs_train_3803,0.6391785714285714,0.1950227272727273,0.5463928571428571,0.12670843274372687
370,in_abs_train_4158,0.5499999999999999,0.28346428571428567,0.4825833333333333,0.15534285714285714
370,in_abs_train_6187,0.45999999999999996,0.125,0.4133125,0.067625
370,sc_1984_insc_212,0.4666666666666666,0.18108333333333335,0.46554166666666663,0.07963888888888888
370,sc_1993_insc_273,0.39999999999999997,0.04775000000000001,0.3985,0.04775000000000001
370,sc_2004_insc_93,0.4739038461538461,0.12390384615384614,0.4468525641025641,0.09546373626373625
370,sc_2007_insc_188,0.6709642857142856,0.2857142857142857,0.5372379406307978,0.2857142857142857
370,sc_2008_insc_1040,0.54775,0.28346428571428567,0.5382261904761904,0.19105714285714287
370,sc_2008_insc_704,0.6227499999999999,0.26666666666666666,0.47331249999999997,0.13997916666666665
370,sc_2009_insc_184,0.65,0.28346428571428567,0.5651666666666667,0.09579285714285715
370,sc_2011_insc_24,0.5177499999999999,0.16775,0.4931346153846154,0.11865909090909091
370,sc_2023_insc_756,0.6144166666666666,0.11666666666666667,0.46864999999999996,0.09294444444444444
371,in_abs_train_3368,0.39999999999999997,0.11441666666666667,0.3982,0.09294444444444444
371,in_abs_train_77,0.4749999999999999,0.12275,0.45683333333333337,0.08525
371,sc_1968_insc_83,0.39775,0.10229545454545455,0.39775,0.07000909090909091
371,sc_1983_insc_157,0.49168939393939387,0.13941666666666666,0.4458446969696969,0.08417424242424243
371,sc_1990_insc_55,0.39999999999999997,0.04775000000000001,0.39924999999999994,0.04775000000000001
371,sc_1996_insc_680,0.54775,0.16775,0.5026488095238095,0.108875
371,sc_2008_insc_1032,0.48584523809523805,0.27826948051948047,0.47531576756576754,0.18662987012987015
371,sc_2009_insc_253,0.5906071428571428,0.09775,0.46600219780219776,0.08183333333333333
371,sc_2009_insc_982,0.5272954545454545,0.14775,0.46668181818181814,0.08856818181818182
371,sc_2012_insc_323,0.45775,0.04775000000000001,0.4181249999999999,0.04775000000000001
371,sc_2016_insc_463,0.39999999999999997,0.06775,0.3982,0.05997222222222223
371,sc_2023_insc_463,0.5499999999999999,0.14775,0.4916666666666666,0.0928888888888889
372,in_abs_train_5052,0.5564102564102564,0.14441666666666667,0.4827211538461538,0.11595833333333333
372,in_abs_train_877,0.5666666666666667,0.18333333333333335,0.4915208333333333,0.14554166666666668
372,sc_1958_insc_27,0.6227499999999999,0.26666666666666666,0.5022916666666667,0.15833333333333333
372,sc_1984_insc_195,0.39999999999999997,0.04775000000000001,0.398875,0.04775000000000001
372,sc_1986_insc_131,0.61,0.2545454545454545,0.5828143939393938,0.18227272727272725
372,sc_1994_insc_590,0.44999999999999996,0.1568409090909091,0.41864999999999997,0.13637878787878788
372,sc_1995_insc_908,0.5177499999999999,0.11666666666666667,0.4433125,0.08220833333333334
372,sc_1996_insc_193,0.5239038461538461,0.19615384615384612,0.4572179487179487,0.12078186813186811
372,sc_2004_insc_14,0.39775,0.12275,0.39775,0.081
372,sc_2015_insc_884,0.45775,0.2,0.4133125,0.12944886363636363
372,sc_2017_insc_283,0.5499999999999999,0.2,0.5464521978021978,0.16335256410256407
372,sc_2017_insc_798,0.52,0.15,0.4797410714285714,0.0983125
373,in_abs_train_1248,0.39999999999999997,0.05,0.39909999999999995,0.04850000000000001
373,in_abs_train_2952,0.6572738095238094,0.24666666666666665,0.6191547619047617,0.17750396825396822
373,in_abs_train_779,0.39775,0.05,0.39775,0.04839285714285715
373,sc_1952_insc_35,0.6568409090909091,0.2840909090909091,0.5555685314685315,0.15035722610722613
373,sc_1981_insc_136,0.49774999999999997,0.19775,0.47275,0.07929166666666666
373,sc_1993_insc_72,0.5714285714285715,0.05,0.4677678571428571,0.048875
373,sc_1995_insc_533,0.45999999999999996,0.19775,0.443875,0.10658173076923078
373,sc_2005_insc_147,0.5285714285714286,0.24775,0.511,0.1598404761904762
373,sc_2010_insc_303,0.5394166666666665,0.09775,0.4631666666666666,0.060812500000000005
373,sc_2012_insc_240,0.6334642857142856,0.28346428571428567,0.5186761904761904,0.23897619047619045
373,sc_2014_insc_341,0.39999999999999997,0.05,0.3982,0.04683333333333334
373,sc_2024_insc_252,0.4638009049773755,0.1557142857142857,0.42394095022624434,0.0903704481792717
374,sc_1958_insc_102,0.6075402097902097,0.1818409090909091,0.48106758241758235,0.18075940725940728
374,sc_1963_insc_201,0.6260833333333333,0.21275,0.5588971861471861,0.21275
374,sc_1966_insc_257,0.5499999999999999,0.13571428571428573,0.5205333333333333,0.10282142857142858
374,sc_1989_insc_366,0.8,0.35,0.7822083333333333,0.32572601010101004
374,sc_1995_insc_722,0.6000000000000001,0.23562878787878788,0.5091,0.2005707070707071
374,sc_1996_insc_740,0.49999999999999994,0.26775,0.4487328431372548,0.16775
374,sc_1999_insc_175,0.39999999999999997,0.04775000000000001,0.3968333333333333,0.04775000000000001
374,sc_2000_insc_458,0.5777499999999999,0.164,0.43893571428571426,0.12237412587412587
374,sc_2006_insc_689,0.54775,0.25775,0.48024999999999995,0.13025
374,sc_2007_insc_866,0.49774999999999997,0.08108333333333334,0.4409993734335839,0.08108333333333334
374,sc_2009_insc_960,0.6000000000000001,0.19775,0.4604134615384616,0.09775
374,sc_2010_insc_329,0.44999999999999996,0.05,0.42285897435897435,0.048875
375,in_abs_train_2005,0.5321678321678321,0.2068181818181818,0.5092226107226107,0.10228181818181818
375,in_abs_train_2536,0.45304347826086955,0.11502272727272728,0.41720823798627,0.09533373205741627
375,in_abs_train_3952,0.39775,0.09285714285714286,0.39775,0.07707142857142858
375,sc_1964_insc_168,0.5272954545454545,0.25684090909090906,0.48986363636363633,0.17277342657342656
375,sc_1965_insc_55,0.54775,0.14775,0.479,0.0733125
375,sc_1975_insc_314,0.39999999999999997,0.04775000000000001,0.39909999999999995,0.04756250000000001
375,sc_1995_insc_17,0.535,0.18275,0.46168181818181814,0.1191125
375,sc_1995_insc_455,0.5827499999999999,0.2795681818181818,0.51525,0.19149912587412588
375,sc_1996_insc_624,0.46441666666666664,0.26441666666666663,0.4407222222222222,0.14486666666666664
375,sc_2001_insc_450,0.6884615384615383,0.3846153846153846,0.6458617216117215,0.3615384615384615
375,sc_2007_insc_627,0.4749999999999999,0.26441666666666663,0.47331249999999997,0.1640863095238095
375,sc_2014_insc_620,0.49999999999999994,0.20229545454545453,0.4484873251748252,0.1267215909090909
376,in_abs_train_4284,0.5145454545454545,0.10454545454545455,0.45715804195804194,0.08409848484848485
376,in_abs_train_4976,0.39775,0.29774999999999996,0.39775,0.18781913265306122
376,in_abs_train_7132,0.49774999999999997,0.23229545454545455,0.48751136363636355,0.17138636363636361
376,sc_1964_insc_127,0.44775,0.090175,0.41025,0.05890937500000001
376,sc_1966_insc_141,0.39775,0.05,0.39775,0.047291666666666676
376,sc_1995_insc_652,0.5060833333333332,0.22502272727272726,0.5060833333333332,0.1434930426716141
376,sc_1999_insc_437,0.39999999999999997,0.11441666666666667,0.398875,0.06997222222222223
376,sc_2005_insc_115,0.5522954545454545,0.10775000000000001,0.4519053030303031,0.07775000000000001
376,sc_2008_insc_349,0.6560833333333332,0.18,0.5135183982683981,0.18
376,sc_2009_insc_888,0.5499999999999999,0.16999999999999998,0.5086499999999999,0.13294444444444445
376,sc_2020_insc_513,0.6595,0.27275,0.5829722222222222,0.1891
376,sc_2021_insc_202,0.47274999999999995,0.12275,0.4170625,0.10247916666666668
377,in_abs_train_274,0.6399999999999999,0.28624999999999995,0.5740698529411765,0.2117720588235294
377,in_abs_train_3097,0.5545454545454546,0.10229545454545455,0.4538015151515151,0.08334848484848485
377,sc_1954_insc_84,0.7000000000000001,0.24775,0.6276666666666667,0.1807712121212121
377,sc_1967_insc_172,0.5845454545454546,0.2308269230769231,0.4992769036519036,0.20178846153846153
377,sc_1967_insc_297,0.5801184210526316,0.25775,0.4890095029239765,0.18731153250773994
377,sc_1969_insc_122,0.49774999999999997,0.2545454545454545,0.4675113636363636,0.1803465909090909
377,sc_1981_insc_19,0.6799999999999999,0.3000227272727273,0.646727564102564,0.25040151515151515
377,sc_1991_insc_96,0.4749999999999999,0.12275,0.43581249999999994,0.10025
377,sc_2011_insc_198,0.5833333333333334,0.18108333333333335,0.5034378787878787,0.15469444444444447
377,sc_2011_insc_821,0.5077499999999999,0.10229545454545454,0.43761363636363626,0.10229545454545454
377,sc_2015_insc_973,0.5310833333333334,0.26775,0.49774999999999997,0.17886666666666665
377,sc_2018_insc_385,0.5416666666666666,0.21666666666666667,0.4457222222222222,0.09653333333333333
378,in_abs_train_1037,0.49774999999999997,0.15,0.43694886363636365,0.08751136363636365
378,in_abs_train_5165,0.4749999999999999,0.21917857142857144,0.4749999999999999,0.14224628942486084
378,sc_1962_insc_336,0.5777499999999999,0.23333333333333334,0.48626993006993,0.18575793650793648
378,sc_1975_insc_158,0.59775,0.42,0.5738749999999999,0.24160714285714283
378,sc_1979_insc_113,0.46441666666666664,0.3,0.46441666666666664,0.1648538961038961
378,sc_1990_insc_24,0.48499999999999993,0.1874261133603239,0.4488749999999999,0.1484768411413148
378,sc_1994_insc_486,0.6334642857142856,0.36917857142857147,0.5048928571428571,0.19436428571428574
378,sc_2005_insc_181,0.6077499999999999,0.33108333333333334,0.5410833333333332,0.20359393939393938
378,sc_2009_insc_1021,0.49774999999999997,0.12275,0.4518333333333333,0.0782
378,sc_2017_insc_812,0.39775,0.05,0.39775,0.04820000000000001
378,sc_2019_insc_1364,0.39999999999999997,0.04775000000000001,0.39831249999999996,0.04337500000000001
378,sc_2019_insc_616,0.46441666666666664,0.04775000000000001,0.4115333333333333,0.04775000000000001
379,sc_1970_insc_188,0.39999999999999997,0.04775000000000001,0.3991,0.04683333333333334
379,sc_1996_insc_1264,0.5691785714285714,0.27499999999999997,0.5074857142857142,0.2364722222222222
379,sc_1996_insc_1346,0.5499999999999999,0.04775000000000001,0.4282,0.04775000000000001
379,sc_1996_insc_443,0.39999999999999997,0.04775000000000001,0.39909999999999995,0.04775000000000001
379,sc_2004_insc_288,0.46155090497737555,0.11282051282051281,0.42176689291101055,0.0692676282051282
379,sc_2005_insc_254,0.39999999999999997,0.05,0.398875,0.048875
379,sc_2007_insc_1158,0.39999999999999997,0.05,0.39729166666666665,0.048875
379,sc_2009_insc_641,0.45229545454545456,0.1,0.4295590909090909,0.07940238095238096
379,sc_2010_insc_376,0.39999999999999997,0.18941666666666668,0.3985,0.08744242424242424
379,sc_2014_insc_2,0.7151184210526315,0.25775,0.5468753518153672,0.15387499999999998
379,sc_2024_insc_23,0.45775,0.10229545454545455,0.41019999999999995,0.06593181818181819
380,in_abs_train_1439,0.7,0.35,0.6306428571428572,0.2541
380,in_abs_train_7026,0.49999999999999994,0.04775000000000001,0.43655555555555553,0.04775000000000001
380,sc_1960_insc_79,0.46441666666666664,0.14441666666666667,0.4621944444444444,0.1256762121212121
380,sc_1967_insc_138,0.47274999999999995,0.26,0.43316666666666664,0.1151875
380,sc_1975_insc_332,0.45229545454545456,0.05,0.40865909090909086,0.04850000000000001
380,sc_1991_insc_121,0.39999999999999997,0.04775000000000001,0.3985,0.0476825
380,sc_2002_insc_386,0.4749999999999999,0.05,0.4274333333333333,0.04850000000000001
380,sc_2002_insc_70,0.54775,0.10454545454545455,0.4646266233766233,0.10454545454545455
380,sc_2006_insc_571,0.5906071428571428,0.19775,0.492360119047619,0.12986011904761907
380,sc_2006_insc_845,0.39999999999999997,0.05,0.39924999999999994,0.0491
380,sc_2013_insc_506,0.46649999999999997,0.14150000000000001,0.45025,0.12252556561085973
380,sc_2017_insc_586,0.4749999999999999,0.12275,0.43599999999999994,0.11525
381,in_abs_train_2497,0.4749999999999999,0.10525,0.4312613636363636,0.062453125
381,in_abs_train_6954,0.5177499999999999,0.11441666666666667,0.4883124999999999,0.07941666666666668
381,sc_1959_insc_29,0.526840909090909,0.26121153846153844,0.526840909090909,0.1710804909376338
381,sc_1964_insc_104,0.7050227272727272,0.22910795454545455,0.521678946053946,0.1431903409090909
381,sc_1971_insc_165,0.5877499999999999,0.33108333333333334,0.5309242424242423,0.2451
381,sc_1977_insc_221,0.4845454545454545,0.12275,0.4260744755244755,0.10001515151515152
381,sc_1978_insc_167,0.5499999999999999,0.04775000000000001,0.4198214285714285,0.04775000000000001
381,sc_1983_insc_83,0.5606060606060607,0.1295681818181818,0.4930759518259518,0.10229545454545455
381,sc_2007_insc_1040,0.42774999999999996,0.07775000000000001,0.42135751748251743,0.06763636363636363
381,sc_2007_insc_797,0.39999999999999997,0.05,0.3985,0.048650000000000006
381,sc_2017_insc_1021,0.39775,0.05,0.39775,0.04831250000000001
381,sc_2023_insc_996,0.39999999999999997,0.05,0.398875,0.048875
382,sc_1967_insc_291,0.6977499999999999,0.19775,0.5863712121212121,0.173875
382,sc_1972_insc_300,0.6227499999999999,0.12275,0.510792857142857,0.09497222222222224
382,sc_1973_insc_111,0.4666666666666666,0.11441666666666667,0.4429444444444444,0.0882
382,sc_1996_insc_16,0.6452499999999999,0.11917857142857144,0.5181792504880739,0.10111134453781513
382,sc_2001_insc_470,0.6144166666666666,0.05,0.5269166666666667,0.04831250000000001
382,sc_2001_insc_497,0.39775,0.09775,0.39775,0.06397619047619048
382,sc_2003_insc_724,0.5691785714285714,0.14775,0.5274464285714285,0.07945238095238095
382,sc_2010_insc_35,0.4666666666666666,0.11441666666666667,0.43981313131313127,0.11441666666666667
382,sc_2013_insc_326,0.54775,0.26441666666666663,0.5227499999999999,0.19534722222222223
382,sc_2014_insc_377,0.5211538461538461,0.20999999999999996,0.507451923076923,0.11285897435897435
382,sc_2021_insc_477,0.5739404761904762,0.16560714285714284,0.4814801587301587,0.10667857142857143
382,sc_2022_insc_694,0.54775,0.15,0.4586499999999999,0.08333333333333333
383,in_abs_train_3096,0.39775,0.12275,0.39775,0.06365000000000001
383,in_abs_train_6087,0.6644166666666665,0.27499999999999997,0.5188809523809523,0.1676306818181818
383,sc_1975_insc_257,0.39775,0.1276223776223776,0.39775,0.09775064221492792
383,sc_1977_insc_225,0.6227499999999999,0.27499999999999997,0.45812499999999995,0.161375
383,sc_1984_insc_237,0.54775,0.14775,0.5033055555555556,0.0922
383,sc_1988_insc_47,0.6610833333333331,0.3083560606060606,0.534589015151515,0.24396401515151514
383,sc_2002_insc_241,0.5529947552447552,0.32082692307692307,0.5157676282051282,0.21346678321678322
383,sc_2010_insc_462,0.45775,0.04775000000000001,0.408125,0.04775000000000001
383,sc_2012_insc_139,0.39775,0.05,0.39775,0.048650000000000006
383,sc_2012_insc_480,0.39775,0.05,0.39775,0.048650000000000006
383,sc_2015_insc_533,0.6227499999999999,0.27441666666666664,0.5640136363636363,0.22870238095238093
383,sc_2022_insc_136,0.39999999999999997,0.09775,0.39999999999999997,0.056178571428571425
384,in_abs_train_1453,0.5362115384615384,0.27275,0.46132051282051273,0.16134230769230767
384,in_abs_train_4701,0.5227499999999999,0.16766634615384612,0.4636499999999999,0.08847211538461537
384,in_abs_train_6870,0.48727272727272725,0.19166666666666665,0.47696969696969693,0.10925378787878788
384,sc_1953_insc_81,0.6071678321678322,0.2318409090909091,0.5497722902097901,0.16204195804195803
384,sc_1987_insc_232,0.5600227272727273,0.15608333333333332,0.49426544289044283,0.14400000000000002
384,sc_1988_insc_170,0.5272954545454545,0.14775,0.4574218360071301,0.13441666666666666
384,sc_2003_insc_634,0.47775,0.05,0.4414415584415584,0.05
384,sc_2005_insc_37,0.4808269230769231,0.27999999999999997,0.43690329670329664,0.1725833333333333
384,sc_2006_insc_973,0.6277499999999998,0.33787878787878783,0.5717478632478631,0.251230303030303
384,sc_2007_insc_703,0.54775,0.05,0.44849999999999995,0.04865000000000001
384,sc_2011_insc_448,0.6039038461538461,0.2808269230769231,0.5814679487179486,0.21836538461538463
384,sc_2014_insc_716,0.49774999999999997,0.15,0.4360021978021978,0.10683333333333334
385,in_abs_train_5658,0.4749999999999999,0.15002272727272728,0.4712291666666666,0.13224675324675325
385,sc_1972_insc_44,0.65,0.27499999999999997,0.5717916666666666,0.13106249999999997
385,sc_1989_insc_287,0.5177499999999999,0.27,0.4749791666666666,0.22747916666666668
385,sc_2004_insc_64,0.6200227272727272,0.27774999999999994,0.5384964826839826,0.22258360389610388
385,sc_2007_insc_735,0.6654423076923076,0.23461538461538456,0.5515384615384615,0.14999999999999997
385,sc_2009_insc_1182,0.6664999999999999,0.27,0.5536377262443438,0.1501875
385,sc_2009_insc_754,0.49542499999999995,0.13346428571428573,0.45962976190476185,0.06534285714285715
385,sc_2011_insc_669,0.46441666666666664,0.19775,0.4483125,0.14802916666666666
385,sc_2012_insc_24,0.4545454545454545,0.18108333333333335,0.4261477272727272,0.14072222222222225
385,sc_2012_insc_589,0.6295681818181817,0.13727272727272727,0.48251704545454543,0.11182954545454546
385,sc_2015_insc_340,0.46441666666666664,0.05,0.4421944444444444,0.04820000000000001
385,sc_2017_insc_602,0.54775,0.26441666666666663,0.4831999999999999,0.1699722222222222
386,in_abs_train_2970,0.5714285714285715,0.36917857142857147,0.5054553571428572,0.21494642857142857
386,in_abs_train_3664,0.5499999999999999,0.3,0.5151666666666667,0.20000909090909094
386,sc_1969_insc_172,0.49999999999999994,0.14666666666666667,0.44887499999999997,0.09720833333333334
386,sc_1971_insc_151,0.5499999999999999,0.25684090909090906,0.47387499999999994,0.18501515151515155
386,sc_1986_insc_111,0.49774999999999997,0.10454545454545455,0.4282,0.08281643356643358
386,sc_1993_insc_28,0.692110902255639,0.1501309523809524,0.4907310463659148,0.12141474089635856
386,sc_2000_insc_188,0.39775,0.14775,0.39775,0.07275000000000001
386,sc_2003_insc_467,0.39775,0.04775000000000001,0.39775,0.04775000000000001
386,sc_2013_insc_391,0.5545454545454546,0.19775,0.4796898601398601,0.17945238095238095
386,sc_2014_insc_141,0.5272954545454545,0.12275,0.46168181818181814,0.06275
386,sc_2020_insc_333,0.4799999999999999,0.09390384615384614,0.44680128205128206,0.07544230769230768
386,sc_2021_insc_884,0.4272727272727272,0.19775,0.42501515151515146,0.0871010989010989
387,in_abs_train_1535,0.39775,0.10775000000000001,0.39775,0.06475649350649351
387,in_abs_train_1642,0.45775,0.10775000000000001,0.43849999999999995,0.0765875
387,in_abs_train_2184,0.39999999999999997,0.185,0.398875,0.0986923076923077
387,sc_1981_insc_121,0.39775,0.05,0.39775,0.049249999999999995
387,sc_1985_insc_31,0.5691785714285714,0.13346428571428573,0.48055476190476193,0.12989285714285714
387,sc_1999_insc_123,0.4930441176470588,0.09683257918552035,0.4441972455648926,0.07213416289592761
387,sc_2006_insc_643,0.49774999999999997,0.14775,0.42275,0.0733125
387,sc_2011_insc_236,0.54775,0.04775000000000001,0.4702,0.04775000000000001
387,sc_2013_insc_29,0.44390384615384615,0.25229545454545454,0.4098509615384615,0.17444886363636364
387,sc_2019_insc_379,0.39775,0.2,0.39775,0.1082
387,sc_2020_insc_528,0.39999999999999997,0.04775000000000001,0.3970625,0.04775000000000001
387,sc_2021_insc_813,0.4522954545454545,0.05,0.41668181818181815,0.04820000000000001
388,in_abs_train_2954,0.45454545454545453,0.144675,0.45228030303030303,0.11167136363636365
388,in_abs_train_6880,0.6496980519480519,0.25424350649350647,0.5682012987012985,0.15571536796536797
388,sc_1989_insc_362,0.44999999999999996,0.19775,0.4307958333333333,0.09910909090909091
388,sc_1994_insc_300,0.39999999999999997,0.25775,0.39909999999999995,0.1185
388,sc_1996_insc_785,0.54775,0.2,0.5310833333333332,0.18534285714285714
388,sc_1998_insc_53,0.45454545454545453,0.10229545454545455,0.40910909090909087,0.0824469696969697
388,sc_1999_insc_312,0.49774999999999997,0.1930769230769231,0.4593057142857143,0.10408516483516485
388,sc_1999_insc_536,0.6334642857142856,0.2357142857142857,0.5697410714285713,0.18166964285714285
388,sc_2009_insc_168,0.6166666666666667,0.19775,0.49294444444444446,0.13199242424242424
388,sc_2019_insc_674,0.49005769230769225,0.19060714285714286,0.4446538461538461,0.11219314802844213
388,sc_2022_insc_740,0.49774999999999997,0.1,0.44864999999999994,0.06591666666666668
388,sc_2023_insc_90,0.5068409090909091,0.1795454545454545,0.4642215909090909,0.1210340909090909
389,in_abs_train_1689,0.6,0.21666666666666667,0.5563750000000001,0.18497916666666667
389,sc_1967_insc_36,0.6177499999999999,0.22919796380090499,0.568875,0.16063329562594267
389,sc_1969_insc_338,0.54775,0.19775,0.4519166666666667,0.11858333333333335
389,sc_1977_insc_22,0.5253324175824177,0.16890384615384613,0.4861556776556777,0.11933021978021978
389,sc_1985_insc_78,0.6357142857142857,0.36917857142857147,0.5456428571428571,0.14632142857142855
389,sc_1995_insc_708,0.49999999999999994,0.15,0.46554166666666663,0.0913125
389,sc_1996_insc_497,0.39999999999999997,0.05,0.39909999999999995,0.04850000000000001
389,sc_1999_insc_337,0.625,0.11441666666666667,0.5387777777777777,0.11441666666666667
389,sc_2006_insc_725,0.4749999999999999,0.04775000000000001,0.41762499999999997,0.04775000000000001
389,sc_2009_insc_92,0.65,0.39999999999999997,0.6458660714285714,0.3083660714285714
389,sc_2011_insc_368,0.39999999999999997,0.06666666666666667,0.39999999999999997,0.0488202380952381
389,sc_2023_insc_408,0.65,0.3214285714285714,0.4833660714285714,0.16673214285714283
390,in_abs_train_6149,0.65,0.32307692307692304,0.5444444444444444,0.1972513986013986
390,in_abs_train_6361,0.5177499999999999,0.26025,0.458875,0.164625
390,sc_1957_insc_36,0.49774999999999997,0.1423076923076923,0.4477499999999999,0.10666153846153845
390,sc_1958_insc_42,0.61,0.19775,0.49630681818181804,0.15275
390,sc_1963_insc_121,0.525,0.24775,0.4795972527472527,0.1626025641025641
390,sc_1965_insc_282,0.49774999999999997,0.14775,0.48997916666666663,0.073875
390,sc_1969_insc_236,0.6077499999999999,0.37775,0.5977499999999999,0.16019999999999998
390,sc_1987_insc_351,0.45775,0.11,0.4331090909090909,0.10668181818181817
390,sc_2009_insc_145,0.39999999999999997,0.05,0.3982,0.04850000000000001
390,sc_2022_insc_1126,0.39999999999999997,0.13346428571428573,0.3982,0.10282142857142856
390,sc_2022_insc_914,0.45775,0.10775000000000001,0.4133125,0.06275
390,sc_2023_insc_313,0.49999999999999994,0.19775,0.4483125,0.1358125
391,in_abs_train_1359,0.5769166666666665,0.23108333333333334,0.5007559523809524,0.11962500000000001
391,in_abs_train_2591,0.5263214285714285,0.13571428571428573,0.46727380952380954,0.1064857142857143
391,in_abs_train_4699,0.45229545454545456,0.23409090909090907,0.429698951048951,0.12653030303030302
391,in_abs_train_839,0.44999999999999996,0.04775000000000001,0.42826190476190473,0.04775000000000001
391,sc_1954_insc_29,0.6857142857142857,0.529892857142857,0.6167321428571428,0.3527182539682539
391,sc_1980_insc_101,0.39775,0.09775,0.39775,0.07201993006993007
391,sc_1983_insc_147,0.4666666666666666,0.19775,0.4316458333333333,0.16970833333333335
391,sc_1987_insc_252,0.6222954545454544,0.3813863636363636,0.5471704545454544,0.2516022727272727
391,sc_1996_insc_454,0.4834642857142857,0.19275,0.44060714285714286,0.08395833333333334
391,sc_2006_insc_31,0.5209642857142857,0.18346428571428572,0.4938482142857143,0.1520654761904762
391,sc_2012_insc_291,0.54775,0.19775,0.45941666666666664,0.12387500000000001
391,sc_2016_insc_397,0.5027499999999999,0.07275000000000001,0.44581249999999994,0.05400000000000001
392,in_abs_train_1149,0.49774999999999997,0.19775,0.4233125,0.08581250000000001
392,in_abs_train_3054,0.47274999999999995,0.12275,0.42774999999999996,0.07275
392,sc_1987_insc_133,0.7191785714285713,0.4548928571428571,0.6382261904761904,0.2685785714285714
392,sc_1991_insc_32,0.6833333333333333,0.26441666666666663,0.5036805555555556,0.24179761904761904
392,sc_1997_insc_356,0.54275,0.15060714285714286,0.5110833333333332,0.11003051948051948
392,sc_1999_insc_287,0.4834642857142857,0.05,0.45489285714285715,0.04910000000000001
392,sc_2005_insc_161,0.47274999999999995,0.05,0.411,0.048875
392,sc_2005_insc_214,0.39999999999999997,0.05,0.398875,0.047625
392,sc_2009_insc_362,0.47274999999999995,0.12275,0.4489523809523809,0.12275
392,sc_2011_insc_108,0.45999999999999996,0.1253723776223776,0.4318807692307692,0.09180594405594406
392,sc_2011_insc_257,0.7894166666666665,0.3834642857142857,0.6956666666666665,0.3079285714285714
392,sc_2020_insc_673,0.44390384615384615,0.12117657342657343,0.4131346153846154,0.0725660839160839
393,in_abs_train_1297,0.5077499999999999,0.20775,0.4768333333333333,0.15798076923076923
393,in_abs_train_1825,0.5545454545454546,0.22083333333333333,0.4700909090909091,0.167625
393,sc_1963_insc_141,0.675590909090909,0.31775,0.6428272727272726,0.30176515151515154
393,sc_1971_insc_75,0.6214285714285716,0.11615384615384615,0.480202380952381,0.0737521978021978
393,sc_1982_insc_70,0.6689621212121211,0.25775,0.5146691919191918,0.14994339549339547
393,sc_1997_insc_336,0.6977499999999999,0.27632142857142855,0.6130119047619047,0.2359940476190476
393,sc_1999_insc_90,0.575,0.27275,0.48600476190476183,0.22350000000000003
393,sc_2001_insc_306,0.5177499999999999,0.24108333333333334,0.43375,0.17112626262626263
393,sc_2003_insc_127,0.5923076923076923,0.3,0.5391394230769231,0.1929553571428571
393,sc_2012_insc_179,0.39775,0.05,0.39608333333333334,0.04820000000000001
393,sc_2013_insc_55,0.39999999999999997,0.05,0.39831249999999996,0.04831250000000001
393,sc_2023_insc_336,0.5499999999999999,0.34775,0.48836607142857136,0.142625
394,sc_1973_insc_207,0.6237240259740258,0.30684090909090905,0.5509543623043622,0.22242607392607391
394,sc_1984_insc_188,0.5886363636363635,0.2873603896103896,0.5602386363636362,0.1882812604062604
394,sc_1987_insc_362,0.39999999999999997,0.05,0.39924999999999994,0.04820000000000001
394,sc_1991_insc_256,0.48703571428571424,0.12015384615384615,0.470846009253904,0.09782784320942216
394,sc_1994_insc_399,0.39999999999999997,0.11,0.3985,0.05920000000000001
394,sc_1996_insc_107,0.5522954545454545,0.34775,0.49926515151515144,0.16165454545454544
394,sc_1996_insc_1174,0.6394166666666665,0.2916666666666667,0.5906666666666665,0.1917916666666667
394,sc_2000_insc_393,0.43749999999999994,0.28275,0.43749999999999994,0.15018027210884352
394,sc_2010_insc_468,0.45229545454545456,0.10229545454545455,0.41138636363636366,0.06251136363636364
394,sc_2011_insc_835,0.543903846153846,0.25608333333333333,0.515912393162393,0.16408333333333333
394,sc_2017_insc_1051,0.6166666666666667,0.14775,0.5053166666666666,0.08108333333333334
394,sc_2022_insc_563,0.4992537593984962,0.15060714285714286,0.4723621098200045,0.12132142857142858
395,in_abs_train_1764,0.52,0.19727272727272727,0.4845590909090909,0.1290909090909091
395,sc_1956_insc_67,0.509090909090909,0.22774999999999998,0.4429272727272727,0.1388611111111111
395,sc_1999_insc_230,0.39999999999999997,0.19775,0.398875,0.11933333333333333
395,sc_2004_insc_20,0.5263214285714285,0.30508166969147,0.4937048872180451,0.15660560519335473
395,sc_2007_insc_1091,0.54775,0.04775000000000001,0.4282,0.04775000000000001
395,sc_2009_insc_554,0.5249999999999999,0.05,0.4742499999999999,0.04820000000000001
395,sc_2014_insc_359,0.7029947552447552,0.23525000000000001,0.5776451048951049,0.17729761904761906
395,sc_2019_insc_1207,0.39775,0.05,0.3970625,0.04831250000000001
395,sc_2019_insc_828,0.45999999999999996,0.16775,0.41850000000000004,0.09575000000000002
395,sc_2019_insc_944,0.6384615384615384,0.309090909090909,0.5275311188811189,0.23301623376623373
395,sc_2021_insc_179,0.40886111111111106,0.08857142857142858,0.4061581811029009,0.0681607142857143
395,sc_2022_insc_190,0.45775,0.10775000000000001,0.41387499999999994,0.07587500000000001
396,in_abs_train_1577,0.39999999999999997,0.05,0.3985,0.04820000000000001
396,in_abs_train_902,0.6144166666666666,0.27499999999999997,0.5262777777777777,0.12498333333333334
396,sc_1964_insc_35,0.6620856643356642,0.34229545454545457,0.5754487512487513,0.2533484848484848
396,sc_1990_insc_105,0.618181818181818,0.22275,0.5174976689976689,0.2015
396,sc_2000_insc_275,0.6334642857142856,0.34775,0.49677142857142853,0.20132142857142857
396,sc_2002_insc_169,0.5933333333333334,0.24775,0.5688227272727273,0.21339141414141413
396,sc_2003_insc_95,0.5165,0.19775,0.4206944444444444,0.182125
396,sc_2006_insc_209,0.39775,0.05,0.39775,0.04831250000000001
396,sc_2007_insc_1255,0.39999999999999997,0.1568409090909091,0.3983125,0.10740909090909093
396,sc_2013_insc_726,0.39999999999999997,0.04775000000000001,0.39865,0.04775000000000001
396,sc_2019_insc_469,0.39999999999999997,0.05,0.39831249999999996,0.04831250000000001
396,sc_2019_insc_705,0.43524999999999997,0.1875,0.4235,0.0907
397,in_abs_train_3320,0.54775,0.14775,0.47275,0.09775
397,sc_1953_insc_42,0.4894166666666666,0.15111134453781513,0.44135515873015874,0.09943067226890757
397,sc_1970_insc_99,0.54775,0.05,0.43525,0.048875
397,sc_1994_insc_160,0.5050576923076923,0.15897435897435896,0.4673538461538461,0.1002094017094017
397,sc_2001_insc_8,0.6363863636363636,0.1818409090909091,0.5679696969696969,0.14206818181818182
397,sc_2004_insc_700,0.49774999999999997,0.21441666666666667,0.4310833333333333,0.08098333333333332
397,sc_2007_insc_571,0.5310833333333334,0.04775000000000001,0.4483125,0.04650000000000001
397,sc_2010_insc_545,0.44999999999999996,0.09775,0.44791346153846157,0.05587500000000001
397,sc_2013_insc_712,0.49166666666666664,0.21917857142857142,0.4649444444444444,0.11477231102231103
397,sc_2014_insc_1003,0.47274999999999995,0.05,0.41319999999999996,0.04850000000000001
397,sc_2018_insc_148,0.5750227272727272,0.2916893939393939,0.44263068181818177,0.18998484848484845
397,sc_2023_insc_289,0.4834642857142857,0.11666666666666667,0.4516964285714285,0.08220833333333334
398,in_abs_train_6439,0.5875,0.21441666666666667,0.5457666666666666,0.19096031746031747
398,in_abs_train_6908,0.6227499999999999,0.3333333333333333,0.5447083333333333,0.3200871212121212
398,sc_1960_insc_219,0.5406071428571428,0.21608333333333335,0.47825595238095236,0.16809657738095238
398,sc_1962_insc_381,0.7060833333333332,0.2916893939393939,0.5998060606060606,0.21391161616161614
398,sc_1966_insc_196,0.527601809954751,0.27919796380090495,0.4898778280542986,0.22961830693815985
398,sc_1984_insc_158,0.7890087412587411,0.3386590909090909,0.6467884615384614,0.23240340909090906
398,sc_1986_insc_258,0.39775,0.07502272727272728,0.39775,0.05365454545454547
398,sc_1990_insc_384,0.46441666666666664,0.11666666666666667,0.4310833333333333,0.08054166666666668
398,sc_1992_insc_130,0.6333333333333333,0.04775000000000001,0.49444242424242424,0.04775000000000001
398,sc_1996_insc_1372,0.4834642857142857,0.04775000000000001,0.4263214285714286,0.04775000000000001
398,sc_2010_insc_351,0.6519166666666666,0.35846428571428574,0.5449722222222221,0.18734285714285712
398,sc_2016_insc_1215,0.5939038461538461,0.29005769230769224,0.5613205128205127,0.16267307692307692
399,in_abs_train_1062,0.5644166666666666,0.19775,0.4671944444444444,0.17275000000000001
399,in_abs_train_1674,0.44775,0.14775,0.44344597069597075,0.09887499999999999
399,in_abs_train_3743,0.5310833333333334,0.21917857142857144,0.5051666666666667,0.1464857142857143
399,in_abs_train_3783,0.5873076923076923,0.29774999999999996,0.5395103021978022,0.18081776556776555
399,sc_1963_insc_246,0.44999999999999996,0.125,0.423875,0.10137499999999999
399,sc_1994_insc_217,0.6030769230769231,0.32775,0.570551282051282,0.18048205128205128
399,sc_1996_insc_1127,0.49774999999999997,0.19775,0.43016666666666664,0.10775000000000001
399,sc_1997_insc_528,0.49999999999999994,0.14775,0.47331249999999997,0.09417857142857144
399,sc_2008_insc_266,0.39999999999999997,0.04775000000000001,0.3980446428571428,0.04775000000000001
399,sc_2019_insc_1367,0.39775,0.2,0.39775,0.098125
399,sc_2020_insc_309,0.606840909090909,0.19775,0.5400642045454545,0.173875
399,sc_2023_insc_209,0.5187584033613445,0.24060714285714285,0.4892888655462184,0.1577667606516291
400,in_abs_train_5082,0.606840909090909,0.26,0.49114772727272726,0.178875
400,in_abs_train_645,0.5127499999999999,0.15,0.4677767857142857,0.10387500000000001
400,sc_1966_insc_62,0.45229545454545456,0.1590909090909091,0.42292482517482516,0.0892215909090909
400,sc_1969_insc_314,0.39999999999999997,0.04775000000000001,0.3980714285714285,0.04775000000000001
400,sc_1996_insc_713,0.7214285714285714,0.36917857142857147,0.5262559523809524,0.2834642857142857
400,sc_2000_insc_353,0.5310833333333334,0.11666666666666667,0.4644166666666667,0.061983333333333335
400,sc_2002_insc_220,0.5644166666666666,0.05,0.4409285714285714,0.05
400,sc_2005_insc_320,0.39775,0.19775,0.39775,0.18183333333333332
400,sc_2008_insc_985,0.5177499999999999,0.18108333333333335,0.48147222222222213,0.12598333333333334
400,sc_2013_insc_392,0.39775,0.1308269230769231,0.39775,0.0955889110889111
400,sc_2018_insc_924,0.54775,0.04775000000000001,0.43371428571428566,0.04775000000000001
400,sc_2024_insc_430,0.56,0.21666666666666667,0.5026269841269841,0.1526
401,in_abs_train_1619,0.6227499999999999,0.2545454545454545,0.5457222222222221,0.1854590909090909
401,in_abs_train_1683,0.6834642857142856,0.19775,0.5540595238095237,0.1683214285714286
401,sc_1960_insc_217,0.6374935897435896,0.17275,0.4915751956376956,0.13028174603174603
401,sc_1981_insc_133,0.6227499999999999,0.24775,0.5047708333333333,0.1774791666666667
401,sc_2001_insc_2,0.55775,0.11666666666666667,0.43516666666666665,0.10208333333333333
401,sc_2002_insc_230,0.6394166666666665,0.13941666666666666,0.5279017094017093,0.1384551282051282
401,sc_2005_insc_34,0.5499999999999999,0.19775,0.43831351495726484,0.12275000000000001
401,sc_2011_insc_226,0.46441666666666664,0.21441666666666667,0.44069345238095237,0.11935416666666668
401,sc_2013_insc_766,0.6144166666666666,0.27275,0.5297499999999999,0.14572222222222223
401,sc_2014_insc_73,0.39775,0.05,0.39775,0.04831250000000001
401,sc_2014_insc_786,0.39999999999999997,0.10229545454545455,0.3985,0.06910909090909093
401,sc_2017_insc_784,0.39775,0.04775000000000001,0.39775,0.04775000000000001
402,in_abs_train_524,0.5810833333333333,0.31024999999999997,0.4807222222222222,0.12425
402,sc_1967_insc_148,0.44390384615384615,0.15,0.4109601809954751,0.11516666666666668
402,sc_1972_insc_234,0.39775,0.05,0.39775,0.04820000000000001
402,sc_1975_insc_278,0.56,0.10775000000000001,0.43804166666666666,0.078875
402,sc_1976_insc_290,0.43775,0.09060714285714286,0.42977608695652164,0.08786904761904762
402,sc_1977_insc_53,0.39999999999999997,0.12275,0.3983125,0.08069886363636364
402,sc_1986_insc_165,0.54775,0.14775,0.4639375,0.1045625
402,sc_1987_insc_225,0.6041666666666666,0.15,0.53697601010101,0.14114772727272726
402,sc_1996_insc_156,0.5777499999999999,0.22774999999999998,0.44812499999999994,0.19887499999999997
402,sc_1996_insc_235,0.5352499999999999,0.08775,0.42524999999999996,0.07441666666666667
402,sc_1996_insc_719,0.6400576923076923,0.24005769230769228,0.5064038461538461,0.12059134615384615
402,sc_2023_insc_394,0.6022954545454544,0.235,0.5787244755244754,0.16702777777777778
403,in_abs_train_3206,0.45999999999999996,0.05,0.41850000000000004,0.04820000000000001
403,in_abs_train_3245,0.6427499999999999,0.3353970588235294,0.5214408508158508,0.3086076203208556
403,sc_1962_insc_15,0.39775,0.05,0.39775,0.04812500000000001
403,sc_1966_insc_175,0.39775,0.05,0.39775,0.04831250000000001
403,sc_1967_insc_163,0.5177499999999999,0.16999999999999998,0.4392499999999999,0.1242
403,sc_1978_insc_23,0.39999999999999997,0.12275,0.398875,0.06175
403,sc_1983_insc_143,0.6977499999999999,0.34775,0.5649791666666666,0.1720625
403,sc_1987_insc_142,0.5961538461538461,0.2,0.5229134615384615,0.14557379807692306
403,sc_1996_insc_1292,0.49774999999999997,0.04775000000000001,0.4332,0.04775000000000001
403,sc_2011_insc_342,0.43999999999999995,0.14775,0.4125833333333333,0.09425
403,sc_2014_insc_559,0.54775,0.22142857142857142,0.463875,0.13994642857142855
403,sc_2021_insc_837,0.39775,0.11,0.39775,0.07220000000000001
404,in_abs_train_1318,0.39999999999999997,0.05,0.39943749999999995,0.04831250000000001
404,in_abs_train_6104,0.7833333333333332,0.24999999999999994,0.6062992424242423,0.2453035714285714
404,in_abs_train_649,0.7159318181818181,0.42060714285714285,0.7159318181818181,0.3759038342609771
404,sc_1951_insc_58,0.47274999999999995,0.05,0.47274999999999995,0.048071428571428584
404,sc_1960_insc_170,0.5584642857142856,0.2785714285714285,0.4999196428571428,0.1601517857142857
404,sc_1979_insc_224,0.39775,0.19775,0.39775,0.07275000000000001
404,sc_1990_insc_387,0.49166666666666664,0.05,0.42860984848484845,0.04831250000000001
404,sc_2005_insc_445,0.45999999999999996,0.10775000000000001,0.42694886363636364,0.06331250000000001
404,sc_2010_insc_97,0.45775,0.11,0.45441666666666664,0.08355909090909092
404,sc_2013_insc_679,0.5068409090909091,0.10775000000000001,0.4444681818181818,0.06775000000000002
404,sc_2020_insc_98,0.45999999999999996,0.04775000000000001,0.4231,0.04775000000000001
404,sc_2023_insc_223,0.5100576923076923,0.14775,0.42370879120879124,0.14775
405,in_abs_train_3913,0.45775,0.11666666666666667,0.4133125,0.06554166666666668
405,in_abs_train_4252,0.39775,0.04775000000000001,0.39775,0.04775000000000001
405,in_abs_train_4979,0.44775,0.09775,0.41774999999999995,0.06441666666666668
405,sc_1965_insc_109,0.65,0.2791785714285714,0.5210407925407925,0.19679761904761903
405,sc_1969_insc_121,0.5458269230769229,0.24372402597402598,0.4660101898101897,0.16686255411255413
405,sc_1998_insc_213,0.52,0.16775,0.43850000000000006,0.07175000000000001
405,sc_1998_insc_378,0.4753723776223776,0.05,0.4192296453546453,0.048875
405,sc_2006_insc_250,0.47274999999999995,0.05,0.4170625,0.04831250000000001
405,sc_2011_insc_81,0.45454545454545453,0.15,0.45379545454545456,0.11273636363636363
405,sc_2014_insc_811,0.49499999999999994,0.05,0.422625,0.05
405,sc_2023_insc_33,0.39775,0.05,0.39775,0.04850000000000001
405,sc_2024_insc_380,0.39999999999999997,0.12275,0.398875,0.06659375000000001
406,in_abs_train_3397,0.6527499999999999,0.36060714285714285,0.5987108516483516,0.24051279970029965
406,in_abs_train_3491,0.5610833333333333,0.28108333333333324,0.4954444444444444,0.21649999999999997
406,in_abs_train_4327,0.49774999999999997,0.2,0.4233125,0.15360096153846156
406,sc_1956_insc_71,0.6077499999999999,0.25775,0.5684999999999999,0.2126590909090909
406,sc_1961_insc_343,0.5846153846153846,0.09615384615384615,0.486728021978022,0.09615384615384615
406,sc_1961_insc_56,0.7227499999999998,0.34727272727272723,0.624151515151515,0.2595930944055944
406,sc_1981_insc_123,0.4992537593984962,0.16346428571428573,0.47889661654135335,0.1290852725705667
406,sc_1985_insc_138,0.6144166666666666,0.14775,0.5151666666666667,0.10865
406,sc_1994_insc_467,0.49774999999999997,0.10454545454545455,0.42275,0.08922159090909092
406,sc_1995_insc_453,0.7375,0.34775,0.6546289682539683,0.30274999999999996
406,sc_1996_insc_738,0.49999999999999994,0.16775,0.44887499999999997,0.128875
406,sc_2014_insc_228,0.54775,0.17909090909090908,0.48559815513433935,0.08058522727272727
407,in_abs_train_5503,0.4461538461538461,0.05,0.41041346153846153,0.048875
407,sc_1960_insc_262,0.46441666666666664,0.19775,0.4149791666666667,0.11025
407,sc_1963_insc_122,0.5750227272727272,0.21108333333333332,0.5012853535353535,0.17741666666666664
407,sc_1970_insc_239,0.5750227272727272,0.23108333333333334,0.5363863636363636,0.17337809829059828
407,sc_1989_insc_397,0.48181818181818176,0.12956818181818183,0.43336818181818176,0.07577272727272728
407,sc_1991_insc_54,0.39999999999999997,0.05,0.39924999999999994,0.04820000000000001
407,sc_1998_insc_363,0.4666666666666666,0.10454545454545452,0.4305416666666666,0.06194886363636364
407,sc_2000_insc_480,0.45229545454545456,0.05,0.4250227272727273,0.04831250000000001
407,sc_2004_insc_581,0.39775,0.12275,0.39775,0.06706250000000001
407,sc_2009_insc_333,0.5499999999999999,0.19775,0.47304166666666664,0.19775
407,sc_2010_insc_873,0.595,0.185,0.4835,0.08370000000000001
407,sc_2011_insc_734,0.605,0.195,0.5285,0.14410109890109893
408,in_abs_train_3277,0.49774999999999997,0.04775000000000001,0.4405416666666666,0.04775000000000001
408,in_abs_train_5585,0.6399999999999999,0.3401742424242424,0.6067499999999999,0.21564567099567097
408,in_abs_train_5818,0.39999999999999997,0.11666666666666667,0.3985,0.07576666666666666
408,in_abs_train_6838,0.5906071428571428,0.09775,0.5165071428571428,0.08941666666666666
408,sc_1958_insc_28,0.5291785714285714,0.21917857142857142,0.5056428571428572,0.15612362637362637
408,sc_1967_insc_273,0.54775,0.2,0.43637499999999996,0.08581250000000001
408,sc_1996_insc_279,0.4834642857142857,0.05,0.43203571428571425,0.04850000000000001
408,sc_1996_insc_315,0.39999999999999997,0.15,0.398875,0.0744375
408,sc_2007_insc_328,0.7290686813186812,0.35299475524475527,0.63860989010989,0.270237962037962
408,sc_2007_insc_576,0.39999999999999997,0.04775000000000001,0.3985,0.04775000000000001
408,sc_2014_insc_448,0.6906071428571428,0.19285714285714284,0.5227063492063492,0.1464285714285714
409,in_abs_train_3517,0.4749999999999999,0.27275,0.4170625,0.129
409,in_abs_train_4916,0.4834642857142857,0.13571428571428573,0.4203035714285714,0.06974107142857144
409,in_abs_train_5403,0.48941666666666667,0.16057051282051282,0.47060256410256407,0.11375815850815851
409,in_abs_train_6944,0.6227499999999999,0.27275,0.5108124999999999,0.138875
409,sc_1960_insc_159,0.49774999999999997,0.125,0.4233125,0.09706250000000001
409,sc_1963_insc_2,0.39775,0.05,0.39775,0.04871428571428572
409,sc_1993_insc_379,0.5334642857142856,0.2239404761904762,0.4423928571428571,0.16152678571428572
409,sc_2004_insc_471,0.39999999999999997,0.10775000000000001,0.398875,0.07428846153846154
409,sc_2009_insc_590,0.54775,0.13346428571428573,0.5108124999999999,0.06974107142857143
409,sc_2014_insc_510,0.39999999999999997,0.29774999999999996,0.398875,0.10429166666666667
409,sc_2018_insc_142,0.39999999999999997,0.19775,0.398875,0.123125
409,sc_2020_insc_509,0.39775,0.05,0.39775,0.04910000000000001
410,in_abs_train_2344,0.5983333333333334,0.18166666666666664,0.5042883986928105,0.14353186274509802
410,in_abs_train_278,0.44775,0.14775,0.42608333333333337,0.08346428571428571
410,in_abs_train_3162,0.5499999999999999,0.05,0.436,0.048875
410,in_abs_train_326,0.39775,0.12275,0.39675000000000005,0.0735
410,sc_1966_insc_121,0.6114862637362637,0.22999999999999998,0.5247134865134865,0.142266983016983
410,sc_1995_insc_782,0.39999999999999997,0.04775000000000001,0.398125,0.04775000000000001
410,sc_1996_insc_703,0.49774999999999997,0.16775,0.4533055555555556,0.09175000000000001
410,sc_2007_insc_1133,0.591797619047619,0.27,0.4712619047619047,0.11069318181818183
410,sc_2010_insc_518,0.573076923076923,0.22499999999999998,0.4780817307692308,0.1283125
410,sc_2011_insc_204,0.39775,0.04775000000000001,0.39775,0.04775000000000001
410,sc_2019_insc_813,0.6022954545454544,0.19775,0.49221590909090907,0.12275000000000001
410,sc_2024_insc_438,0.39775,0.19775,0.39775,0.07865
411,in_abs_train_4123,0.6709642857142856,0.13571428571428573,0.5367244897959184,0.13571428571428573
411,in_abs_train_4228,0.48502272727272727,0.24775,0.4771499125874126,0.14603977272727273
411,sc_1968_insc_19,0.6191785714285715,0.12372402597402599,0.5259642857142857,0.10000243506493507
411,sc_1968_insc_268,0.6777499999999999,0.12275,0.5205764595311808,0.0845
411,sc_1981_insc_32,0.39775,0.04775000000000001,0.39775,0.04775000000000001
411,sc_1992_insc_197,0.4749999999999999,0.27275,0.4492,0.14775
411,sc_2001_insc_145,0.45229545454545456,0.15,0.44839935064935066,0.10077727272727273
411,sc_2007_insc_464,0.5727499999999999,0.27275,0.48638257575757565,0.2685833333333333
411,sc_2010_insc_183,0.6276223776223776,0.27954545454545454,0.5504156468531468,0.20124082167832166
411,sc_2010_insc_771,0.39999999999999997,0.23409090909090902,0.3985,0.09559895104895103
411,sc_2024_insc_280,0.39775,0.19775,0.39775,0.08378571428571427
412,in_abs_train_263,0.6166666666666667,0.3760833333333333,0.5649791666666666,0.26554761904761903
412,in_abs_train_5790,0.39999999999999997,0.19775,0.3985,0.07865000000000001
412,sc_1953_insc_79,0.6477499999999999,0.19775,0.5061923076923077,0.12275000000000001
412,sc_1958_insc_69,0.6349999999999999,0.19142857142857145,0.5384374999999999,0.0973060064935065
412,sc_1958_insc_78,0.533724025974026,0.24411363636363637,0.4928011988011989,0.1915
412,sc_1961_insc_226,0.5852499999999999,0.23108333333333334,0.5167916666666666,0.16554761904761905
412,sc_1990_insc_237,0.39999999999999997,0.05,0.39924999999999994,0.04820000000000001
412,sc_1996_insc_372,0.6562115384615385,0.11,0.5420449525964232,0.10307692307692307
412,sc_2003_insc_312,0.39999999999999997,0.13983957219251336,0.3982,0.07919652406417112
412,sc_2003_insc_460,0.47274999999999995,0.1,0.42456249999999995,0.060812500000000005
412,sc_2007_insc_100,0.39775,0.31775,0.39775,0.17910714285714285
412,sc_2007_insc_906,0.39999999999999997,0.2,0.39924999999999994,0.07865000000000001
413,in_abs_train_3339,0.48502272727272727,0.07727272727272727,0.4318199300699301,0.0575909090909091
413,in_abs_train_5245,0.4749999999999999,0.14775,0.4286499999999999,0.08183333333333333
413,in_abs_train_529,0.5772727272727273,0.32991783216783216,0.5145454545454545,0.2675335664335664
413,sc_1988_insc_295,0.39999999999999997,0.04775000000000001,0.39729166666666665,0.04775000000000001
413,sc_1993_insc_76,0.39999999999999997,0.05,0.398875,0.043937500000000004
413,sc_1995_insc_215,0.4666666666666666,0.11666666666666667,0.46086666666666665,0.11516666666666668
413,sc_1999_insc_309,0.45775,0.10775000000000001,0.43850000000000006,0.060650000000000016
413,sc_2000_insc_137,0.49774999999999997,0.12775,0.4710833333333333,0.09570000000000001
413,sc_2006_insc_583,0.39999999999999997,0.12275,0.3983125,0.067625
413,sc_2012_insc_289,0.570826923076923,0.07275000000000001,0.4787110805860806,0.07025
413,sc_2016_insc_435,0.6133333333333333,0.2906071428571428,0.5340643939393939,0.19263095238095235
413,sc_2017_insc_982,0.7083560606060605,0.37775,0.6648131313131311,0.2631610606060606
414,sc_1960_insc_146,0.704892857142857,0.24775,0.5483214285714285,0.1889761904761905
414,sc_1974_insc_132,0.54775,0.12275,0.4602499999999999,0.08637500000000001
414,sc_1979_insc_202,0.5827499999999999,0.3028571428571428,0.5294445554445554,0.19915834165834168
414,sc_1982_insc_42,0.5984493006993007,0.07082692307692308,0.4819050116550116,0.06041346153846154
414,sc_1987_insc_92,0.6377499999999998,0.23775000000000002,0.5094488636363635,0.183875
414,sc_1995_insc_160,0.6144166666666666,0.21666666666666667,0.5197196969696969,0.16497916666666668
414,sc_1995_insc_637,0.39999999999999997,0.1971125,0.398875,0.06860208333333334
414,sc_2000_insc_417,0.6416893939393938,0.20251190476190475,0.5489530303030303,0.14049134199134197
414,sc_2008_insc_1357,0.39775,0.19775,0.39775,0.12590277777777778
414,sc_2008_insc_734,0.39999999999999997,0.10775000000000001,0.3985,0.06580909090909091
414,sc_2019_insc_892,0.45775,0.05,0.41766666666666663,0.048875
414,sc_2024_insc_200,0.39999999999999997,0.05,0.398875,0.04887500000000001
415,in_abs_train_334,0.4749999999999999,0.14775,0.41818749999999993,0.072625
415,in_abs_train_5260,0.6077499999999999,0.26,0.5094166666666665,0.185
415,sc_1960_insc_149,0.5299178321678321,0.13979545454545456,0.4670640859140859,0.09628880841380842
415,sc_1979_insc_154,0.49774999999999997,0.14775,0.44831249999999995,0.0983125
415,sc_1998_insc_439,0.39775,0.05,0.39775,0.048875
415,sc_2008_insc_1328,0.570826923076923,0.075,0.5149756383322559,0.06201923076923076
415,sc_2010_insc_279,0.5125,0.44775,0.4746517857142857,0.20608333333333334
415,sc_2010_insc_504,0.5327499999999998,0.10775000000000001,0.44900909090909086,0.08775000000000001
415,sc_2017_insc_771,0.4214285714285714,0.04775000000000001,0.40177551020408153,0.04775000000000001
415,sc_2022_insc_368,0.39775,0.04775000000000001,0.39775,0.043583333333333335
415,sc_2023_insc_858,0.54775,0.19775,0.54775,0.07839285714285715
415,sc_2024_insc_422,0.46441666666666664,0.11441666666666667,0.41441666666666666,0.06497916666666667
416,in_abs_train_3049,0.5499999999999999,0.11441666666666667,0.46819999999999995,0.06967222222222223
416,in_abs_train_3573,0.5384615384615384,0.1568409090909091,0.46246066433566435,0.10229545454545455
416,in_abs_train_3605,0.54775,0.11441666666666667,0.46997222222222224,0.07353333333333334
416,in_abs_train_731,0.5028571428571429,0.2860833333333333,0.44111904761904763,0.1605681818181818
416,sc_1970_insc_169,0.6477499999999999,0.26775,0.5244285714285714,0.26775
416,sc_1991_insc_127,0.6291785714285715,0.18775000000000003,0.5133972527472527,0.12775
416,sc_1996_insc_142,0.39999999999999997,0.19775,0.398125,0.12387500000000001
416,sc_2001_insc_299,0.4749999999999999,0.05,0.425,0.048650000000000006
416,sc_2005_insc_342,0.6560833333333332,0.2399178321678322,0.6103758533133532,0.21030550699300699
416,sc_2010_insc_330,0.45275,0.11,0.41608333333333336,0.06065
416,sc_2011_insc_338,0.49774999999999997,0.15390384615384617,0.41819999999999996,0.13313461538461538
416,sc_2019_insc_1226,0.65,0.24775,0.5433717948717948,0.15892972027972027
417,sc_1980_insc_25,0.45454545454545453,0.05,0.4174318181818182,0.048650000000000006
417,sc_1988_insc_176,0.61,0.12275,0.5504333333333332,0.11572222222222223
417,sc_1996_insc_168,0.54775,0.19775,0.51025,0.14775
417,sc_2000_insc_206,0.54775,0.28346428571428567,0.47810714285714284,0.12810714285714286
417,sc_2005_insc_159,0.39999999999999997,0.05,0.39831249999999996,0.04831250000000001
417,sc_2006_insc_433,0.39775,0.04775000000000001,0.39775,0.04775000000000001
417,sc_2006_insc_456,0.5727499999999999,0.12275,0.5086499999999999,0.09775
417,sc_2010_insc_3,0.66775,0.19775,0.5260833333333333,0.12387500000000001
417,sc_2017_insc_1293,0.4428571428571428,0.20775,0.42391428571428563,0.17020238095238094
417,sc_2017_insc_998,0.606840909090909,0.16890384615384613,0.5636590909090908,0.12533986013986015
417,sc_2022_insc_54,0.5499999999999999,0.15,0.4886499999999999,0.08258333333333333
418,sc_1972_insc_275,0.61,0.25229545454545454,0.5425249999999999,0.17944886363636364
418,sc_1980_insc_166,0.5263214285714285,0.13571428571428573,0.46802380952380945,0.12136428571428573
418,sc_1980_insc_234,0.49060714285714285,0.10775000000000001,0.4429880952380952,0.08220000000000001
418,sc_1994_insc_43,0.49774999999999997,0.13941666666666666,0.4604166666666666,0.08749786324786324
418,sc_1996_insc_293,0.54775,0.22275,0.4694166666666666,0.1520277777777778
418,sc_1999_insc_82,0.9477499999999999,0.49142857142857144,0.8037559523809522,0.46780357142857143
418,sc_2001_insc_103,0.47274999999999995,0.27499999999999997,0.4235,0.161375
418,sc_2008_insc_1299,0.5189038461538461,0.23380769230769233,0.488647909933204,0.138241452991453
418,sc_2012_insc_107,0.49774999999999997,0.12275,0.4318333333333333,0.07865
418,sc_2013_insc_581,0.5499999999999999,0.04775000000000001,0.4405416666666666,0.04775000000000001
418,sc_2018_insc_1061,0.39999999999999997,0.1,0.39762499999999995,0.06081250000000001
419,in_abs_train_3852,0.6863863636363635,0.2409090909090909,0.5681439393939394,0.1661923076923077
419,sc_1961_insc_349,0.6200576923076921,0.31208566433566426,0.5258854895104894,0.18727870775058272
419,sc_1966_insc_76,0.47919796380090496,0.21155090497737555,0.45733190045248867,0.12398491704374058
419,sc_1979_insc_254,0.39999999999999997,0.02125,0.39799999999999996,0.02125
419,sc_1980_insc_152,0.525,0.2944166666666666,0.525,0.1650595238095238
419,sc_1985_insc_28,0.8477499999999999,0.31775,0.7260572552447552,0.293875
419,sc_1993_insc_22,0.4966666666666666,0.11666666666666667,0.44139267676767674,0.08220833333333334
419,sc_2000_insc_585,0.6022954545454544,0.14775,0.4912564935064934,0.07236538461538462
419,sc_2009_insc_260,0.39999999999999997,0.125,0.39943749999999995,0.06706250000000001
419,sc_2010_insc_241,0.6045454545454545,0.10454545454545455,0.4718272727272727,0.06743181818181819
419,sc_2023_insc_1055,0.39999999999999997,0.05,0.3982,0.03875
419,sc_2023_insc_939,0.49005769230769225,0.19615384615384612,0.4444663461538461,0.12256595816464237
420,in_abs_train_3888,0.43775,0.2,0.4083125,0.1608125
420,in_abs_train_4498,0.4923076923076922,0.1778409090909091,0.44745104895104887,0.08161818181818183
420,sc_1960_insc_38,0.5150576923076922,0.13275,0.4989038461538461,0.06998397435897437
420,sc_1961_insc_173,0.45775,0.10775000000000001,0.43775000000000003,0.06020000000000001
420,sc_1978_insc_55,0.49999999999999994,0.25608333333333333,0.49999999999999994,0.14441666666666667
420,sc_1985_insc_165,0.6950227272727273,0.30684090909090905,0.6770568181818182,0.19631060606060602
420,sc_1997_insc_767,0.39999999999999997,0.05,0.39924999999999994,0.048875
420,sc_2004_insc_410,0.675,0.25,0.49091666666666667,0.14365
420,sc_2004_insc_447,0.6237240259740259,0.3114862637362637,0.5487240259740259,0.15753596403596404
420,sc_2015_insc_201,0.5177499999999999,0.16999999999999998,0.44522426470588233,0.082515625
420,sc_2022_insc_276,0.5282694805194805,0.10354545454545454,0.4609423701298701,0.07484360047846891
420,sc_2023_insc_969,0.4834642857142857,0.13571428571428573,0.44116964285714283,0.07030357142857144
421,sc_1974_insc_272,0.54775,0.14775,0.43524999999999997,0.0733125
421,sc_1989_insc_146,0.5777499999999999,0.35775,0.5638749999999999,0.229531746031746
421,sc_1992_insc_249,0.5178571428571428,0.1813966165413534,0.4696811821219715,0.11415664160401003
421,sc_2000_insc_426,0.39999999999999997,0.05,0.39924999999999994,0.048875
421,sc_2006_insc_951,0.45229545454545456,0.17729545454545453,0.4348636363636364,0.11729545454545454
421,sc_2008_insc_1018,0.5499999999999999,0.04775000000000001,0.4400595238095238,0.04775000000000001
421,sc_2008_insc_589,0.6000000000000001,0.15,0.47387500000000005,0.12030357142857144
421,sc_2015_insc_77,0.46441666666666664,0.16775,0.4310833333333333,0.08593181818181818
421,sc_2017_insc_1243,0.39775,0.10935714285714287,0.39775,0.05687244897959185
421,sc_2019_insc_459,0.49774999999999997,0.05,0.423875,0.04943750000000001
421,sc_2021_insc_500,0.54775,0.19775,0.5073653846153846,0.1583269230769231
421,sc_2021_insc_816,0.45229545454545456,0.14775,0.4351631493506493,0.0733125
422,in_abs_train_3024,0.6263214285714285,0.25229545454545454,0.5315917207792207,0.16308522727272726
422,in_abs_train_450,0.6410833333333332,0.20108333333333334,0.5174150641025641,0.13914583333333336
422,in_abs_train_6537,0.4545454545454545,0.11441666666666667,0.4119488636363636,0.06610416666666667
422,sc_1954_insc_62,0.4795681818181818,0.1484493006993007,0.4780530303030302,0.12463379953379954
422,sc_1962_insc_292,0.6810833333333333,0.26,0.5693166666666667,0.20924999999999996
422,sc_1985_insc_141,0.6636363636363636,0.25684090909090906,0.5713604728604728,0.20684090909090908
422,sc_1996_insc_1523,0.47274999999999995,0.22275,0.4235,0.13898333333333332
422,sc_2001_insc_385,0.7299999999999999,0.27499999999999997,0.6084999999999999,0.22653333333333334
422,sc_2004_insc_175,0.49774999999999997,0.05,0.42443749999999997,0.04943750000000001
422,sc_2005_insc_591,0.5552447552447553,0.1295681818181818,0.49502797202797205,0.1295681818181818
422,sc_2006_insc_464,0.4749999999999999,0.10775000000000001,0.43637499999999996,0.06331250000000001
422,sc_2011_insc_291,0.39999999999999997,0.05,0.39999999999999997,0.048071428571428584
423,in_abs_train_911,0.5499999999999999,0.12082692307692308,0.4565817307692307,0.07137637362637363
423,sc_1962_insc_81,0.48941666666666667,0.23749358974358975,0.42122916666666665,0.1015176282051282
423,sc_1986_insc_233,0.39999999999999997,0.05,0.39924999999999994,0.04820000000000001
423,sc_1994_insc_540,0.39775,0.15,0.39775,0.10819999999999999
423,sc_2000_insc_47,0.6333333333333334,0.2830441176470588,0.5568807692307692,0.1820147058823529
423,sc_2004_insc_11,0.39999999999999997,0.05,0.39999999999999997,0.047650000000000005
423,sc_2004_insc_621,0.5727499999999999,0.27,0.5208775252525252,0.18614772727272727
423,sc_2004_insc_653,0.39775,0.24775,0.39775,0.15910909090909092
423,sc_2004_insc_96,0.7166666666666667,0.36060606060606054,0.6475032634032634,0.3086165501165501
423,sc_2010_insc_371,0.39999999999999997,0.05,0.3983125,0.04831250000000001
423,sc_2018_insc_638,0.6166666666666667,0.25775,0.5029444444444444,0.18608333333333332
423,sc_2024_insc_292,0.45999999999999996,0.17275,0.41850000000000004,0.08365909090909092
424,sc_1961_insc_283,0.39999999999999997,0.05,0.39924999999999994,0.047650000000000005
424,sc_1971_insc_182,0.4666666666666666,0.11441666666666667,0.43164583333333334,0.06497916666666667
424,sc_1994_insc_481,0.5333333333333333,0.22358333333333333,0.4502083333333333,0.13033333333333336
424,sc_1995_insc_183,0.5272954545454545,0.05,0.4489157925407925,0.05
424,sc_1996_insc_967,0.5499999999999999,0.27275,0.4369375,0.23247916666666665
424,sc_1998_insc_155,0.8357142857142856,0.4441785714285715,0.6858035714285714,0.40250892857142856
424,sc_1999_insc_154,0.4666666666666666,0.14775,0.4324593073593073,0.10433333333333333
424,sc_2003_insc_191,0.39999999999999997,0.11,0.3952,0.08850000000000001
424,sc_2006_insc_485,0.5634842657342657,0.13502272727272727,0.4604335664335664,0.10581818181818183
424,sc_2007_insc_172,0.54775,0.25775,0.49524999999999997,0.22202491258741258
424,sc_2010_insc_346,0.46441666666666664,0.10229545454545454,0.4299722222222222,0.07502272727272727
424,sc_2015_insc_1034,0.39999999999999997,0.04775000000000001,0.3983928571428571,0.04775000000000001
425,in_abs_train_3009,0.5906071428571428,0.3133333333333333,0.47396839826839815,0.2022222222222222
425,in_abs_train_4352,0.53775,0.23775,0.53775,0.14358163265306123
425,in_abs_train_4724,0.5572954545454544,0.18512237762237763,0.5067537878787878,0.11129195804195804
425,sc_1974_insc_95,0.5145454545454545,0.1795454545454545,0.45251136363636363,0.1420965909090909
425,sc_1983_insc_62,0.4753723776223776,0.13,0.44039976689976684,0.10600219780219781
425,sc_1985_insc_166,0.6610833333333331,0.3810833333333333,0.6272083333333333,0.26368434343434344
425,sc_1991_insc_223,0.5676470588235294,0.16875,0.5173545751633987,0.12413582202111613
425,sc_1996_insc_657,0.45999999999999996,0.18941666666666668,0.40887499999999993,0.11858333333333335
425,sc_1998_insc_77,0.5499999999999999,0.19775,0.5318333333333333,0.09820000000000001
425,sc_2007_insc_801,0.44390384615384615,0.09615384615384615,0.4061923076923077,0.07195192307692308
425,sc_2016_insc_256,0.47274999999999995,0.14775,0.41319999999999996,0.08183333333333333
425,sc_2020_insc_149,0.65,0.29774999999999996,0.5151666666666667,0.22666153846153847
426,sc_1959_insc_107,0.39999999999999997,0.23409090909090907,0.3985,0.12651713286713287
426,sc_1962_insc_143,0.45999999999999996,0.10775000000000001,0.4351,0.06775000000000002
426,sc_1966_insc_21,0.6377499999999998,0.13562878787878788,0.554321212121212,0.08854292929292928
426,sc_1971_insc_233,0.39775,0.09390384615384614,0.39775,0.07102747252747253
426,sc_1977_insc_4,0.49774999999999997,0.2239404761904762,0.46450568181818175,0.13780898268398267
426,sc_1977_insc_68,0.46441666666666664,0.11441666666666667,0.42733333333333334,0.09225189393939394
426,sc_1996_insc_616,0.49774999999999997,0.17275,0.48637499999999995,0.14094444444444446
426,sc_2005_insc_141,0.43524999999999997,0.22083333333333333,0.43524999999999997,0.16388095238095238
426,sc_2005_insc_156,0.5433382352941175,0.08525,0.4540845588235293,0.0576875
426,sc_2008_insc_1310,0.45999999999999996,0.14775,0.45501136363636363,0.10275000000000001
426,sc_2016_insc_1174,0.44999999999999996,0.19775,0.4318333333333333,0.12150000000000001
426,sc_2018_insc_653,0.54775,0.04775000000000001,0.47350000000000003,0.04775000000000001
427,sc_1996_insc_1125,0.39999999999999997,0.1464285714285714,0.3983125,0.07354464285714285
427,sc_1997_insc_345,0.65,0.13346428571428573,0.49820000000000003,0.07632142857142858
427,sc_2001_insc_577,0.6334642857142856,0.12275,0.5053428571428571,0.07350000000000001
427,sc_2002_insc_300,0.4834642857142857,0.2,0.4263214285714286,0.0791
427,sc_2003_insc_420,0.42774999999999996,0.05,0.40775,0.04820000000000001
427,sc_2003_insc_649,0.6227499999999999,0.12275,0.5155416666666667,0.08637500000000001
427,sc_2005_insc_490,0.54775,0.05,0.43524999999999997,0.048875
427,sc_2006_insc_290,0.4944166666666666,0.16249999999999998,0.44688419913419913,0.16249999999999998
427,sc_2012_insc_223,0.6144166666666666,0.04775000000000001,0.5085576923076923,0.04775000000000001
427,sc_2012_insc_35,0.45775,0.05,0.41850000000000004,0.048650000000000006
427,sc_2014_insc_22,0.49774999999999997,0.31499999999999995,0.47275,0.21555128205128204
427,sc_2019_insc_1058,0.44775,0.05,0.42274999999999996,0.047291666666666676
428,in_abs_train_3351,0.39775,0.19775,0.39775,0.073875
428,in_abs_train_3835,0.55775,0.18216783216783217,0.530826923076923,0.12281031468531467
428,in_abs_train_5540,0.47274999999999995,0.19775,0.4170625,0.0858125
428,sc_1969_insc_118,0.5613863636363635,0.20229545454545453,0.5022954545454545,0.16169545454545453
428,sc_1978_insc_3,0.5499999999999999,0.22275,0.478,0.19685714285714287
428,sc_1979_insc_246,0.6644166666666667,0.24108333333333334,0.5612777777777778,0.18922142857142857
428,sc_1995_insc_656,0.47274999999999995,0.12275,0.4358125,0.067625
428,sc_1998_insc_348,0.49774999999999997,0.28346428571428567,0.4906071428571428,0.1486547619047619
428,sc_2004_insc_445,0.39999999999999997,0.19775,0.3985,0.07865000000000001
428,sc_2007_insc_587,0.39999999999999997,0.05,0.3985,0.048650000000000006
428,sc_2011_insc_62,0.46441666666666664,0.11666666666666667,0.4310833333333333,0.09203219696969697
428,sc_2013_insc_261,0.4666666666666666,0.21666666666666667,0.44887499999999997,0.15295625000000002
429,in_abs_train_5176,0.6477499999999999,0.1568409090909091,0.5132600524475524,0.14809965034965034
429,sc_1961_insc_180,0.44390384615384615,0.09595000000000001,0.4205652472527472,0.08343942307692308
429,sc_1979_insc_16,0.5463214285714284,0.09285714285714286,0.47385714285714275,0.06979285714285714
429,sc_1996_insc_1376,0.39999999999999997,0.05,0.3971666666666666,0.048875
429,sc_1996_insc_1416,0.39999999999999997,0.19775,0.3985,0.1572
429,sc_1997_insc_782,0.39999999999999997,0.12275,0.3985,0.08775000000000001
429,sc_2001_insc_480,0.5263214285714285,0.19775,0.5263214285714285,0.11840109890109889
429,sc_2006_insc_1001,0.49774999999999997,0.05,0.4810833333333333,0.04820000000000001
429,sc_2006_insc_161,0.5272954545454545,0.05,0.44888636363636364,0.048087500000000005
429,sc_2009_insc_616,0.5334642857142856,0.19775,0.4999821428571428,0.13670535714285714
429,sc_2019_insc_666,0.4666666666666666,0.10775000000000001,0.46187626262626263,0.07155909090909092
429,sc_2023_insc_99,0.46155090497737555,0.2,0.44616348847231196,0.1106877867746289
430,sc_1962_insc_149,0.5060833333333332,0.10775000000000001,0.4481468253968253,0.08141666666666666
430,sc_1971_insc_268,0.5833333333333334,0.08108333333333334,0.48014682539682546,0.08054166666666668
430,sc_1988_insc_317,0.6727499999999997,0.32275000000000004,0.5801666666666666,0.20615
430,sc_1990_insc_43,0.39999999999999997,0.05,0.398875,0.04850000000000001
430,sc_1994_insc_441,0.5596547619047617,0.32163663967611333,0.5298928571428569,0.25686289725066813
430,sc_1996_insc_37,0.39999999999999997,0.09775,0.3983125,0.060250000000000005
430,sc_2002_insc_500,0.6776018099547512,0.32005769230769227,0.5877674315880197,0.2046263736263736
430,sc_2007_insc_38,0.39999999999999997,0.19775,0.398875,0.07312500000000001
430,sc_2008_insc_60,0.49774999999999997,0.14966249999999998,0.4191,0.11505416666666667
430,sc_2008_insc_900,0.5310833333333334,0.17666666666666664,0.4933125,0.14575
430,sc_2010_insc_91,0.5691785714285714,0.2814285714285714,0.5627857142857143,0.19474285714285713
430,sc_2022_insc_1253,0.4461538461538461,0.1400576923076923,0.4146346153846154,0.10390641025641026
431,in_abs_train_1585,0.5027499999999999,0.21474358974358976,0.47441666666666665,0.13204871794871795
431,in_abs_train_4375,0.5177499999999999,0.25608333333333333,0.48849999999999993,0.11775
431,in_abs_train_6281,0.7191785714285713,0.37142857142857144,0.6453035714285714,0.29254761904761906
431,in_abs_train_6834,0.5716666666666667,0.04775000000000001,0.46998989898989896,0.04775000000000001
431,sc_1953_insc_60,0.47274999999999995,0.05,0.42274999999999996,0.045599999999999995
431,sc_1979_insc_160,0.8399999999999999,0.3999999999999999,0.6450156249999999,0.34583143939393934
431,sc_1982_insc_43,0.4191785714285714,0.13082692307692306,0.4084642857142857,0.08329945054945055
431,sc_1990_insc_96,0.5310833333333334,0.15684090909090906,0.46275,0.09486022727272726
431,sc_2008_insc_421,0.47274999999999995,0.12275,0.42274999999999996,0.0641
431,sc_2014_insc_590,0.6494166666666665,0.19775,0.5757899271351283,0.18025
431,sc_2016_insc_342,0.6077499999999999,0.2833382352941176,0.5147876552795031,0.2268418640183346
431,sc_2023_insc_946,0.5499999999999999,0.19775,0.4886499999999999,0.09775
432,in_abs_train_3513,0.4666666666666666,0.05,0.4149791666666666,0.048875
432,in_abs_train_6767,0.6444166666666665,0.2528782051282051,0.5387457264957264,0.21031410256410255
432,sc_1960_insc_142,0.44775,0.09615384615384615,0.42274999999999996,0.05644230769230769
432,sc_1967_insc_227,0.5644166666666666,0.23640384615384613,0.4985914918414918,0.1180206043956044
432,sc_1967_insc_277,0.44775,0.10229545454545454,0.414525641025641,0.07502272727272727
432,sc_1996_insc_597,0.54775,0.07775000000000001,0.4413681318681318,0.07775000000000001
432,sc_1999_insc_306,0.6191785714285715,0.37499999999999994,0.5451038961038961,0.26573412004662
432,sc_2001_insc_562,0.59775,0.31138636363636363,0.5517463251034679,0.31138636363636363
432,sc_2004_insc_486,0.5727499999999999,0.11666666666666667,0.4501666666666666,0.07333333333333333
432,sc_2009_insc_104,0.6466666666666666,0.3,0.5001306818181818,0.247
432,sc_2012_insc_267,0.5923076923076923,0.26313461538461536,0.5297266483516482,0.2257980769230769
432,sc_2014_insc_603,0.625,0.21858333333333335,0.5703958333333333,0.16220833333333334
433,in_abs_train_6141,0.5349999999999999,0.16999999999999998,0.4699999999999999,0.10865
433,sc_1952_insc_31,0.39999999999999997,0.05,0.39924999999999994,0.048650000000000006
433,sc_1957_insc_3,0.39999999999999997,0.12275,0.3968333333333333,0.07775000000000001
433,sc_1978_insc_177,0.5049999999999999,0.11666666666666667,0.43363095238095234,0.11666666666666667
433,sc_2002_insc_449,0.39999999999999997,0.04775000000000001,0.3982,0.04775000000000001
433,sc_2004_insc_301,0.39775,0.04775000000000001,0.39656875,0.044577083333333344
433,sc_2007_insc_693,0.6144166666666666,0.11441666666666667,0.5019166666666667,0.0983125
433,sc_2011_insc_737,0.47441666666666665,0.04775000000000001,0.4405547619047619,0.04191666666666668
433,sc_2012_insc_489,0.4749999999999999,0.04775000000000001,0.43637499999999996,0.04775000000000001
433,sc_2015_insc_295,0.4933333333333333,0.21275,0.4761111111111111,0.13465
433,sc_2018_insc_1138,0.48571428571428565,0.31775,0.41624285714285714,0.18774999999999997
433,sc_2018_insc_126,0.6177499999999999,0.3107142857142857,0.5295029761904761,0.2146512335703512
434,in_abs_train_4322,0.5522954545454544,0.2000227272727273,0.4980350066600066,0.13888636363636364
434,in_abs_train_5496,0.5323076923076923,0.24060714285714285,0.4929533236371471,0.17989285714285713
434,sc_1966_insc_115,0.39999999999999997,0.05,0.3985,0.048650000000000006
434,sc_1975_insc_301,0.4545454545454545,0.18108333333333335,0.4261477272727272,0.13164583333333335
434,sc_1987_insc_278,0.6560833333333332,0.31571428571428567,0.5998055555555556,0.21024285714285712
434,sc_1989_insc_162,0.5177499999999999,0.14775,0.4622,0.08183333333333333
434,sc_1997_insc_574,0.5000227272727271,0.19775,0.41629545454545447,0.12275000000000001
434,sc_2008_insc_1296,0.4749999999999999,0.10775000000000001,0.4405909090909091,0.10775000000000001
434,sc_2008_insc_136,0.54775,0.2,0.47331249999999997,0.08637500000000001
434,sc_2014_insc_343,0.39999999999999997,0.05,0.3982,0.04850000000000001
434,sc_2019_insc_127,0.45229545454545456,0.19775,0.40510909090909086,0.09775
434,sc_2019_insc_1302,0.5177499999999999,0.05,0.42726538461538455,0.04850000000000001
435,in_abs_train_4753,0.6077499999999999,0.29524999999999996,0.5063232323232323,0.2048333333333333
435,in_abs_train_643,0.5499999999999999,0.27275,0.5082,0.17425000000000002
435,in_abs_train_6942,0.58,0.19775,0.45924999999999994,0.12001818181818183
435,sc_1950_insc_16,0.7477499999999999,0.14775,0.5348928571428571,0.09536904761904762
435,sc_1972_insc_296,0.625,0.13571428571428573,0.4955,0.12923214285714285
435,sc_1978_insc_246,0.606840909090909,0.17729545454545453,0.5484924242424242,0.12637727272727273
435,sc_1990_insc_323,0.5327499999999998,0.27499999999999997,0.44349999999999995,0.17776428571428574
435,sc_1993_insc_308,0.47274999999999995,0.04775000000000001,0.4087857142857142,0.04775000000000001
435,sc_2000_insc_185,0.45999999999999996,0.16775,0.4433125,0.1383125
435,sc_2006_insc_890,0.39999999999999997,0.2,0.3983125,0.1233125
435,sc_2015_insc_947,0.49774999999999997,0.10454545454545455,0.4405416666666666,0.07614772727272728
435,sc_2019_insc_829,0.39999999999999997,0.04775000000000001,0.398125,0.04775000000000001
436,sc_1965_insc_183,0.45775,0.10775000000000001,0.41775,0.05975000000000001
436,sc_1982_insc_86,0.39775,0.12275,0.39775,0.07425
436,sc_1994_insc_159,0.54775,0.26441666666666663,0.47054166666666664,0.12804166666666666
436,sc_1995_insc_808,0.47274999999999995,0.3094632867132867,0.46252272727272725,0.17840305527805525
436,sc_2001_insc_4,0.46441666666666664,0.11666666666666667,0.4299722222222222,0.08220833333333334
436,sc_2006_insc_841,0.48571428571428565,0.11441666666666667,0.4329357142857143,0.06997222222222223
436,sc_2007_insc_1180,0.39775,0.05,0.39775,0.048567500000000006
436,sc_2013_insc_211,0.4691785714285714,0.09775,0.4264304029304029,0.07275000000000001
436,sc_2014_insc_753,0.6077499999999999,0.11666666666666667,0.4719166666666666,0.11220833333333334
436,sc_2021_insc_406,0.39999999999999997,0.05,0.3985,0.04765000000000001
436,sc_2022_insc_1026,0.4749999999999999,0.12275,0.4492499999999999,0.08898333333333333
436,sc_2023_insc_442,0.39999999999999997,0.19775,0.398875,0.12275
437,in_abs_train_1831,0.7227499999999999,0.42275,0.6948928571428571,0.2965535714285714
437,in_abs_train_3336,0.61,0.16775,0.5794488636363635,0.11944886363636364
437,sc_1967_insc_264,0.39999999999999997,0.05,0.39924999999999994,0.045025
437,sc_1973_insc_74,0.45775,0.16999999999999998,0.45502272727272725,0.11577272727272726
437,sc_1978_insc_51,0.49774999999999997,0.04775000000000001,0.42275,0.04775000000000001
437,sc_2000_insc_203,0.39775,0.19775,0.39775,0.08581250000000001
437,sc_2003_insc_278,0.5777499999999999,0.23304411764705882,0.4951,0.16903851540616247
437,sc_2009_insc_542,0.39999999999999997,0.04775000000000001,0.3983125,0.04775000000000001
437,sc_2010_insc_823,0.6264999999999998,0.2791785714285714,0.48384777722277716,0.20833608058608055
437,sc_2014_insc_727,0.5777499999999999,0.37999999999999995,0.5284017857142856,0.3009910714285714
437,sc_2017_insc_725,0.49774999999999997,0.1400576923076923,0.49774999999999997,0.07335052447552447
437,sc_2019_insc_716,0.39999999999999997,0.05,0.3983125,0.04831250000000001
438,in_abs_train_1074,0.5499999999999999,0.05,0.4457440476190477,0.048875
438,sc_1963_insc_45,0.39999999999999997,0.12275,0.39999999999999997,0.0695
438,sc_1966_insc_133,0.39999999999999997,0.05,0.398875,0.049624999999999996
438,sc_1976_insc_97,0.44775,0.05,0.41516666666666663,0.048875
438,sc_1991_insc_31,0.45775,0.04775000000000001,0.4265,0.04775000000000001
438,sc_2001_insc_198,0.5977499999999999,0.11441666666666667,0.4833769841269841,0.11108333333333334
438,sc_2002_insc_154,0.6060833333333332,0.16775,0.49706249999999996,0.13608333333333333
438,sc_2005_insc_189,0.4749999999999999,0.125,0.4290999999999999,0.07425
438,sc_2007_insc_1219,0.5482954545454545,0.1908269230769231,0.476198951048951,0.16858916083916084
438,sc_2015_insc_239,0.48274999999999996,0.07275000000000001,0.4258125,0.059562500000000004
438,sc_2016_insc_1013,0.44775,0.17275,0.42274999999999996,0.10870192307692307
438,sc_2019_insc_659,0.54775,0.12275,0.4849761904761904,0.12275
439,sc_1967_insc_261,0.4522954545454545,0.09775,0.41668181818181815,0.06820000000000001
439,sc_1971_insc_346,0.5499999999999999,0.04775000000000001,0.4596700799200799,0.04775000000000001
439,sc_1992_insc_83,0.39775,0.05,0.39775,0.04832142857142858
439,sc_1996_insc_1458,0.47274999999999995,0.125,0.4431999999999999,0.07425
439,sc_1996_insc_308,0.39999999999999997,0.05,0.3983125,0.04887500000000001
439,sc_1997_insc_247,0.54775,0.13346428571428573,0.43525,0.08792857142857144
439,sc_1999_insc_62,0.49774999999999997,0.14775,0.44887499999999997,0.062625
439,sc_2000_insc_35,0.52,0.16999999999999998,0.456375,0.13563636363636364
439,sc_2005_insc_124,0.5077499999999999,0.15285714285714286,0.4311,0.11611904761904762
439,sc_2008_insc_1322,0.5394166666666665,0.18333333333333335,0.4649722222222222,0.13731666666666667
439,sc_2009_insc_802,0.6022954545454544,0.16999999999999998,0.5000227272727272,0.0896111111111111
439,sc_2016_insc_453,0.39999999999999997,0.05,0.398875,0.047625
440,in_abs_train_4169,0.48571428571428565,0.16999999999999998,0.4637232142857142,0.12173214285714287
440,in_abs_train_4502,0.5310833333333334,0.37775,0.4483125,0.17247916666666666
440,sc_1954_insc_113,0.5669807692307691,0.1637362637362637,0.5127087912087911,0.14218131868131867
440,sc_1960_insc_246,0.6622954545454544,0.30774999999999997,0.5724424242424242,0.21830555555555553
440,sc_1975_insc_216,0.5362115384615384,0.24060714285714285,0.4711474358974358,0.11845058379120879
440,sc_1986_insc_140,0.55775,0.19775,0.46600757575757573,0.19137500000000002
440,sc_1991_insc_297,0.54775,0.04775000000000001,0.4546648351648352,0.04775000000000001
440,sc_1994_insc_97,0.39999999999999997,0.11441666666666667,0.3985,0.09644242424242425
440,sc_1995_insc_784,0.7096381118881119,0.27275,0.6258094405594404,0.23660834478021975
440,sc_2008_insc_904,0.54775,0.04775000000000001,0.4286499999999999,0.04775000000000001
440,sc_2012_insc_30,0.54775,0.25775,0.4509640151515151,0.1707935606060606
440,sc_2013_insc_158,0.45454545454545453,0.05,0.4075909090909091,0.048875
441,in_abs_train_2611,0.47274999999999995,0.05,0.41024999999999995,0.05
441,sc_1966_insc_203,0.39999999999999997,0.08775,0.39924999999999994,0.0571
441,sc_1970_insc_160,0.5900576923076922,0.24230769230769228,0.5411739926739926,0.1821445054945055
441,sc_1986_insc_21,0.4461538461538461,0.09390384615384614,0.41922596153846153,0.06985096153846154
441,sc_1998_insc_422,0.45771249999999997,0.14775,0.4433225649350649,0.14775
441,sc_1999_insc_349,0.5272954545454545,0.15275,0.44934696969696963,0.11683333333333334
441,sc_2001_insc_169,0.4834642857142857,0.13346428571428573,0.4834642857142857,0.11408700396825398
441,sc_2007_insc_34,0.575,0.18525000000000003,0.5354134615384615,0.1264375
441,sc_2007_insc_859,0.45775,0.2,0.45775,0.09935714285714285
441,sc_2008_insc_389,0.6527499999999999,0.30275,0.5672499999999999,0.18275
441,sc_2023_insc_193,0.7277499999999998,0.24168939393939393,0.6169142857142856,0.18214646464646464
442,in_abs_train_3519,0.6810833333333333,0.31999999999999995,0.5852641666666667,0.18647222222222223
442,sc_1960_insc_245,0.45775,0.26,0.45775,0.203875
442,sc_1969_insc_87,0.6073076923076923,0.26016483516483513,0.566951923076923,0.1726929945054945
442,sc_1980_insc_69,0.6782694805194804,0.3006993006993007,0.5733077755577755,0.22185823176823177
442,sc_1991_insc_281,0.5499999999999999,0.19775,0.42865000000000003,0.13108333333333333
442,sc_1993_insc_141,0.6834642857142856,0.28775,0.5524857142857142,0.17707142857142857
442,sc_2008_insc_58,0.5644166666666666,0.11666666666666667,0.4992499999999999,0.08686666666666668
442,sc_2012_insc_87,0.54775,0.19775,0.475780303030303,0.12275000000000001
442,sc_2014_insc_241,0.39999999999999997,0.125,0.39865,0.09849999999999999
442,sc_2015_insc_66,0.39999999999999997,0.05,0.39831249999999996,0.04831250000000001
442,sc_2019_insc_662,0.39999999999999997,0.05,0.39865,0.04850000000000001
442,sc_2021_insc_8,0.39999999999999997,0.04775000000000001,0.3985,0.04775000000000001
443,in_abs_train_1179,0.39775,0.14775,0.39775,0.06865
443,in_abs_train_5170,0.4834642857142857,0.13571428571428573,0.44889682539682535,0.12923214285714285
443,sc_1950_insc_10,0.46441666666666664,0.05,0.4199722222222222,0.048650000000000006
443,sc_1950_insc_21,0.5727499999999999,0.175,0.5233125,0.13485096153846154
443,sc_1961_insc_209,0.5644166666666666,0.11441666666666667,0.44576666666666664,0.06997222222222223
443,sc_1973_insc_35,0.4191785714285714,0.06875,0.40564285714285714,0.052400000000000016
443,sc_1996_insc_790,0.7110833333333332,0.4299999999999999,0.7059166666666666,0.3025893939393939
443,sc_2002_insc_564,0.39999999999999997,0.04775000000000001,0.39831249999999996,0.04775000000000001
443,sc_2004_insc_686,0.54775,0.19775,0.49646794871794864,0.11320000000000001
443,sc_2013_insc_15,0.6900576923076923,0.34775,0.5735,0.3104134615384615
443,sc_2013_insc_303,0.4749999999999999,0.12275,0.44243333333333335,0.09775
443,sc_2021_insc_228,0.45775,0.05,0.41387499999999994,0.04831250000000001
444,in_abs_train_4926,0.5499999999999999,0.20999999999999996,0.4437020202020201,0.18342045454545453
444,sc_1965_insc_174,0.49999999999999994,0.10454545454545455,0.44091818181818176,0.10228030303030304
444,sc_1978_insc_225,0.44999999999999996,0.24775,0.44530357142857135,0.09775
444,sc_1988_insc_20,0.39999999999999997,0.05,0.398125,0.05
444,sc_1994_insc_101,0.5333333333333333,0.18108333333333335,0.4791,0.09369444444444446
444,sc_1995_insc_584,0.47274999999999995,0.16785714285714284,0.47274999999999995,0.10476785714285715
444,sc_2008_insc_159,0.5814285714285715,0.07502272727272728,0.4586696428571429,0.055036931818181825
444,sc_2009_insc_1039,0.4666666666666666,0.12275,0.4429444444444444,0.07608333333333334
444,sc_2010_insc_708,0.45229545454545456,0.07082692307692308,0.4166603535353535,0.05928846153846154
444,sc_2013_insc_829,0.49774999999999997,0.07307692307692308,0.42198333333333327,0.0681221322537112
444,sc_2015_insc_243,0.39999999999999997,0.10229545454545455,0.398125,0.07502272727272728
444,sc_2020_insc_349,0.39775,0.05,0.39775,0.048875
445,in_abs_train_1656,0.5244166666666666,0.34775,0.4514722222222222,0.18561363636363637
445,in_abs_train_3355,0.5424242424242424,0.24275,0.5021348484848485,0.13497222222222224
445,in_abs_train_6464,0.39775,0.1,0.39775,0.05998611111111111
445,in_abs_train_6887,0.39999999999999997,0.05,0.3983125,0.048875
445,sc_1973_insc_155,0.39775,0.05,0.39775,0.048875
445,sc_1985_insc_213,0.625,0.29774999999999996,0.5409166666666666,0.18819999999999998
445,sc_1997_insc_351,0.59775,0.39775,0.59775,0.27632142857142855
445,sc_1997_insc_68,0.47274999999999995,0.125,0.43637499999999996,0.08461111111111112
445,sc_2006_insc_441,0.49999999999999994,0.14775,0.4590267857142857,0.08346428571428571
445,sc_2011_insc_553,0.5083333333333333,0.12905,0.45242892156862746,0.10899289215686275
445,sc_2013_insc_551,0.65,0.24060714285714285,0.5284166666666666,0.18472142857142856
445,sc_2024_insc_159,0.49999999999999994,0.05,0.44887499999999997,0.048875
446,in_abs_train_1350,0.54775,0.19275,0.4833166666666667,0.1496346153846154
446,in_abs_train_4838,0.6166666666666667,0.2425,0.5723424242424241,0.16166666666666665
446,in_abs_train_5407,0.5852499999999999,0.15833333333333333,0.4974595238095237,0.1113968253968254
446,in_abs_train_5975,0.7277499999999998,0.26441666666666663,0.5323060606060606,0.19369444444444442
446,sc_1975_insc_296,0.45999999999999996,0.11,0.4328636363636363,0.11
446,sc_1978_insc_95,0.39999999999999997,0.05,0.39831249999999996,0.04887500000000001
446,sc_1997_insc_200,0.4522954545454545,0.13346428571428573,0.40910909090909087,0.09707142857142859
446,sc_1997_insc_666,0.595,0.2078970588235294,0.5283766645119585,0.1817050346454371
446,sc_2006_insc_1020,0.4749999999999999,0.05,0.41762499999999997,0.048187499999999994
446,sc_2009_insc_1306,0.39775,0.05,0.39775,0.04839285714285715
446,sc_2013_insc_455,0.49999999999999994,0.05,0.44887499999999997,0.04804166666666667
446,sc_2015_insc_988,0.6522954545454543,0.25,0.5691025432900432,0.18902651515151517
447,in_abs_train_1124,0.45775,0.11,0.41064999999999996,0.0685
447,in_abs_train_3752,0.58,0.14775,0.48108522727272723,0.11275
447,sc_1976_insc_284,0.54775,0.09775,0.4698214285714286,0.09775
447,sc_2004_insc_488,0.39775,0.05,0.39775,0.047984375
447,sc_2004_insc_663,0.44999999999999996,0.11390384615384616,0.44538076923076925,0.07055128205128207
447,sc_2008_insc_1371,0.45229545454545456,0.10525,0.4250227272727273,0.07411655011655012
447,sc_2009_11_280_286_en,0.49999999999999994,0.05,0.4484999999999999,0.048875
447,sc_2010_insc_597,0.47917857142857145,0.12229545454545454,0.47425881716322893,0.08502272727272728
447,sc_2011_insc_221,0.6126538461538461,0.1953875,0.4781599408994367,0.1953875
447,sc_2019_insc_64,0.5499999999999999,0.04775000000000001,0.42424999999999996,0.03793125000000001
447,sc_2020_insc_453,0.48979545454545453,0.11729545454545456,0.4466136363636364,0.09913203463203464
447,sc_2020_insc_474,0.39999999999999997,0.25229545454545454,0.39999999999999997,0.11150883838383839
448,in_abs_train_4756,0.39999999999999997,0.05,0.398125,0.048875
448,sc_1962_insc_183,0.5977499999999999,0.27774999999999994,0.5733560606060605,0.19027331002331
448,sc_1975_insc_188,0.54775,0.05,0.48475,0.05000000000000001
448,sc_1989_insc_11,0.45454545454545453,0.10454545454545455,0.4348636363636364,0.08955909090909092
448,sc_1997_insc_219,0.6000000000000001,0.2334642857142857,0.447625,0.11616964285714285
448,sc_2003_insc_380,0.6333333333333333,0.26,0.5486691287878788,0.1619680944055944
448,sc_2006_insc_320,0.49999999999999994,0.05,0.4510138888888888,0.048875
448,sc_2007_insc_149,0.39999999999999997,0.04775000000000001,0.39871428571428563,0.04775000000000001
448,sc_2009_insc_674,0.54775,0.12275,0.47364999999999996,0.09647222222222222
448,sc_2009_insc_762,0.44999999999999996,0.09775,0.42752738970588233,0.08445192307692308
448,sc_2010_insc_582,0.45999999999999996,0.16999999999999998,0.428875,0.12577272727272726
448,sc_2017_insc_339,0.7148928571428571,0.3464285714285714,0.5710833333333333,0.20836428571428572
449,in_abs_train_2721,0.39999999999999997,0.05,0.39865,0.04850000000000001
449,sc_1974_insc_41,0.4834642857142857,0.13027678571428572,0.4528214285714285,0.06470535714285715
449,sc_1979_insc_30,0.4606071428571428,0.17285714285714288,0.4340869963369964,0.13496098901098902
449,sc_1980_insc_211,0.54775,0.125,0.47275,0.061375000000000006
449,sc_1984_insc_153,0.6134642857142857,0.26025,0.5613184523809523,0.1764404761904762
449,sc_1987_insc_356,0.5874935897435896,0.266797619047619,0.5332200854700854,0.16791861471861472
449,sc_1994_insc_520,0.48571428571428565,0.13346428571428573,0.4540535714285714,0.06974107142857144
449,sc_1995_insc_298,0.7113863636363635,0.309090909090909,0.6763727272727272,0.2591060606060606
449,sc_2003_insc_275,0.48571428571428565,0.08775,0.42857142857142855,0.06280882352941178
449,sc_2007_insc_426,0.45454545454545453,0.13727272727272727,0.4376861888111888,0.1283275890775891
449,sc_2007_insc_764,0.39999999999999997,0.05,0.3982,0.04850000000000001
449,sc_2016_insc_323,0.49774999999999997,0.11666666666666667,0.47627777777777774,0.08470000000000001
450,in_abs_train_4571,0.4666666666666666,0.11441666666666667,0.46277083333333324,0.06429166666666666
450,sc_1959_insc_54,0.44999999999999996,0.1,0.4064583333333333,0.07500000000000001
450,sc_1969_insc_282,0.39999999999999997,0.10775000000000001,0.39924999999999994,0.06065
450,sc_1986_insc_224,0.39775,0.14775,0.39775,0.06820000000000001
450,sc_1986_insc_75,0.39775,0.12229545454545454,0.39775,0.0665064935064935
450,sc_1988_insc_179,0.5928571428571429,0.24060714285714285,0.5778928571428571,0.24060714285714285
450,sc_2004_insc_363,0.59775,0.19775,0.49887499999999996,0.09836382575757575
450,sc_2005_insc_55,0.5906071428571428,0.28346428571428567,0.49058095238095234,0.14210714285714285
450,sc_2009_insc_409,0.54775,0.11441666666666667,0.4805357142857143,0.11441666666666667
450,sc_2015_insc_235,0.49774999999999997,0.19775,0.42443749999999997,0.08581250000000001
450,sc_2020_insc_292,0.46441666666666664,0.11441666666666667,0.42983333333333335,0.0930530303030303
450,sc_2020_insc_680,0.49999999999999994,0.09390384615384616,0.4347499999999999,0.09390384615384616
451,in_abs_train_379,0.5177499999999999,0.125,0.47101018981018977,0.11425
451,in_abs_train_4708,0.6418409090909089,0.18275,0.4991136363636362,0.14915454545454548
451,in_abs_train_5351,0.4834642857142857,0.19775,0.4685595238095238,0.15132142857142858
451,in_abs_train_6099,0.4666666666666666,0.11441666666666667,0.4207222222222222,0.06153333333333334
451,in_abs_train_6127,0.5650576923076922,0.1568409090909091,0.4554075924075924,0.1568409090909091
451,sc_1962_insc_261,0.48615384615384616,0.16875840336134454,0.44676682089839986,0.14168847854931446
451,sc_1962_insc_95,0.506840909090909,0.16,0.4792651515151515,0.11500757575757575
451,sc_1969_insc_157,0.49774999999999997,0.13346428571428573,0.48086309523809523,0.13346428571428573
451,sc_1976_insc_137,0.5613863636363635,0.19775,0.511685606060606,0.17729545454545453
451,sc_1983_insc_145,0.4897954545454545,0.21833333333333332,0.4710508658008658,0.14348333333333335
451,sc_2007_insc_289,0.39775,0.04775000000000001,0.39775,0.04775000000000001
451,sc_2013_insc_607,0.39775,0.04775000000000001,0.39775,0.04775000000000001
452,in_abs_train_1424,0.7310833333333332,0.23525000000000001,0.5973166666666666,0.20754365079365078
452,in_abs_train_511,0.39999999999999997,0.05,0.39887500000000004,0.048875
452,sc_1964_insc_195,0.39999999999999997,0.05,0.398125,0.048875
452,sc_1965_insc_302,0.46615384615384614,0.21775,0.4402852564102564,0.13275557040998218
452,sc_1971_insc_97,0.5666666666666668,0.07775000000000001,0.46933443223443216,0.0585
452,sc_1974_insc_114,0.45454545454545453,0.18667045454545453,0.45304545454545453,0.11935227272727274
452,sc_1988_insc_144,0.5510833333333333,0.21138636363636362,0.49811119711042307,0.11129534845958995
452,sc_2007_insc_1243,0.49774999999999997,0.14275,0.4332,0.08091666666666665
452,sc_2007_insc_788,0.570826923076923,0.06775,0.4896442307692307,0.061659375
452,sc_2008_insc_128,0.39775,0.05,0.39775,0.04910000000000001
452,sc_2017_insc_1077,0.5499999999999999,0.26666666666666666,0.4702708333333333,0.10304166666666667
452,sc_2024_insc_164,0.39775,0.12275,0.39775,0.06220000000000001
453,in_abs_train_2584,0.54775,0.28346428571428567,0.47775000000000006,0.17867619047619043
453,in_abs_train_957,0.46441666666666664,0.24441666666666664,0.46441666666666664,0.11143537414965986
453,sc_2000_insc_90,0.54775,0.19775,0.47909999999999997,0.09775
453,sc_2002_insc_74,0.39775,0.05,0.39775,0.04820000000000001
453,sc_2007_insc_452,0.6399999999999999,0.18650000000000003,0.5139624125874125,0.14776273726273725
453,sc_2008_insc_879,0.39999999999999997,0.17307692307692307,0.398875,0.06938782051282051
453,sc_2008_insc_9,0.5499999999999999,0.12275,0.4290999999999999,0.07275
453,sc_2009_insc_711,0.39999999999999997,0.11,0.3983125,0.06331250000000001
453,sc_2017_insc_851,0.39999999999999997,0.04775000000000001,0.3982,0.04775000000000001
453,sc_2022_insc_10,0.5777499999999999,0.1357142857142857,0.4711230769230769,0.10784065934065934
453,sc_2022_insc_390,0.39999999999999997,0.05,0.398875,0.04766666666666667
453,sc_2023_insc_95,0.44999999999999996,0.09615384615384615,0.414525641025641,0.0945054945054945
454,in_abs_train_1799,0.618181818181818,0.26593181818181816,0.59925,0.18732587412587415
454,in_abs_train_3079,0.5499999999999999,0.3,0.42910000000000004,0.18258333333333335
454,in_abs_train_4546,0.4565,0.10400000000000001,0.42647142857142856,0.06650000000000002
454,in_abs_train_592,0.45775,0.09285714285714286,0.41437499999999994,0.08905357142857143
454,sc_1996_insc_1033,0.39775,0.15,0.39775,0.06865000000000002
454,sc_2001_insc_393,0.41441666666666666,0.1176470588235294,0.4012777777777778,0.0826985294117647
454,sc_2005_insc_410,0.5425824175824175,0.14166666666666666,0.44702060439560437,0.11269693786605552
454,sc_2007_insc_425,0.45775,0.11441666666666667,0.41850000000000004,0.08686666666666668
454,sc_2009_insc_327,0.4666666666666666,0.05,0.4117883333333333,0.04925000000000001
454,sc_2013_insc_842,0.5627499999999999,0.13979545454545456,0.4804568645640074,0.13979545454545456
454,sc_2023_insc_564,0.5250227272727271,0.22954545454545455,0.4738806818181817,0.1647840909090909
454,sc_2023_insc_948,0.39775,0.05,0.39775,0.048650000000000006
455,in_abs_train_545,0.39775,0.05,0.39775,0.048650000000000006
455,in_abs_train_6028,0.5560833333333332,0.19775,0.4752676767676767,0.16041346153846153
455,sc_1965_insc_200,0.47274999999999995,0.12275,0.44386111111111104,0.08525
455,sc_1969_insc_331,0.630826923076923,0.15608333333333332,0.5451317016317015,0.11939568764568764
455,sc_1975_insc_242,0.6977499999999999,0.24774999999999994,0.5821944444444443,0.1515595238095238
455,sc_1978_insc_141,0.5691785714285714,0.24775,0.4845892857142857,0.1606287878787879
455,sc_1994_insc_78,0.423076923076923,0.17307692307692307,0.4159759615384615,0.08645673076923077
455,sc_2011_insc_157,0.43749999999999994,0.175,0.4203166666666666,0.10335654761904763
455,sc_2011_insc_443,0.4250227272727272,0.08108333333333334,0.4159318181818181,0.06532121212121213
455,sc_2013_insc_235,0.73,0.37775,0.6934204545454544,0.22831249999999997
455,sc_2017_insc_877,0.46155090497737555,0.11265384615384616,0.4480823576546003,0.11007371794871795
455,sc_2018_insc_1091,0.5727499999999999,0.19775,0.4920624999999999,0.15247916666666667
456,in_abs_train_2589,0.6785714285714286,0.26441666666666663,0.5421071428571428,0.12648333333333334
456,sc_1965_insc_108,0.39999999999999997,0.2,0.39999999999999997,0.11624999999999999
456,sc_1968_insc_30,0.45229545454545456,0.17932894736842103,0.42997653000594177,0.14261478424321672
456,sc_1974_insc_81,0.5644166666666666,0.19775,0.4566458333333333,0.10247916666666666
456,sc_1988_insc_201,0.49774999999999997,0.14775,0.4290773809523809,0.09887499999999999
456,sc_1995_insc_704,0.39999999999999997,0.04775000000000001,0.3982,0.04775000000000001
456,sc_1997_insc_821,0.5049999999999999,0.21499999999999997,0.487590909090909,0.12414999999999998
456,sc_2000_insc_84,0.54775,0.125,0.45774999999999993,0.0875
456,sc_2006_insc_452,0.6285714285714286,0.2889264705882353,0.48935119047619047,0.15476046380090497
456,sc_2008_insc_1138,0.39999999999999997,0.07502272727272728,0.39764999999999995,0.0568409090909091
456,sc_2008_insc_411,0.54775,0.14775,0.49319999999999997,0.11441666666666667
456,sc_2013_insc_429,0.6000000000000001,0.19775,0.4978807692307693,0.12202941176470589
457,in_abs_train_3147,0.640826923076923,0.32775,0.5847692307692307,0.19214991258741257
457,in_abs_train_3260,0.49699999999999994,0.10454545454545455,0.42368749999999994,0.07501136363636364
457,in_abs_train_6075,0.5939038461538461,0.29230769230769227,0.5060048076923076,0.19145741758241758
457,sc_1963_insc_152,0.66775,0.20999999999999996,0.4635590909090908,0.16258333333333333
457,sc_1996_insc_96,0.4834642857142857,0.13346428571428573,0.44060714285714286,0.09060714285714287
457,sc_2014_insc_681,0.54775,0.10454545454545455,0.54775,0.05586363636363638
457,sc_2015_insc_959,0.49774999999999997,0.14775,0.42275,0.07275000000000001
457,sc_2017_insc_325,0.39999999999999997,0.05,0.3985,0.04820000000000001
457,sc_2021_insc_780,0.39775,0.10229545454545454,0.39775,0.06668181818181818
457,sc_2022_insc_192,0.39775,0.05,0.39775,0.048875
457,sc_2022_insc_506,0.5134642857142856,0.15,0.4685650793650794,0.13570833333333332
457,sc_2023_insc_923,0.45999999999999996,0.11,0.4342,0.10463461538461538
458,sc_1971_insc_261,0.39775,0.19775,0.39775,0.08525
458,sc_1974_insc_256,0.5607142857142857,0.14775,0.5250436507936508,0.10198333333333334
458,sc_1976_insc_197,0.44775,0.14775,0.42666153846153837,0.12775
458,sc_1988_insc_351,0.5049999999999999,0.24441666666666664,0.475090909090909,0.12253333333333334
458,sc_2003_insc_529,0.49774999999999997,0.09775,0.44775,0.0545625
458,sc_2007_insc_393,0.39775,0.145,0.39775,0.06433333333333334
458,sc_2007_insc_830,0.5333333333333333,0.34774999999999995,0.5322083333333334,0.1991388888888889
458,sc_2008_insc_1326,0.6,0.15,0.48054166666666664,0.1047405303030303
458,sc_2013_insc_634,0.5499999999999999,0.26,0.4874318181818181,0.13755
458,sc_2019_insc_793,0.3996625,0.05,0.39838749999999995,0.0481
458,sc_2023_insc_198,0.39999999999999997,0.31999999999999995,0.3985,0.12664999999999998
458,sc_2023_insc_372,0.5177499999999999,0.18275,0.48558522727272724,0.14150000000000001
459,sc_1968_insc_234,0.4834642857142857,0.13346428571428573,0.4263214285714286,0.0824857142857143
459,sc_1970_insc_204,0.48502272727272727,0.14775,0.44265909090909095,0.10258333333333332
459,sc_1978_insc_180,0.47274999999999995,0.16560714285714284,0.42274999999999996,0.10177142857142858
459,sc_1979_insc_230,0.65,0.24775,0.580551282051282,0.14820000000000003
459,sc_1990_insc_250,0.5808269230769231,0.24307692307692308,0.5154835164835164,0.21967788461538462
459,sc_1991_insc_129,0.39775,0.05,0.39775,0.048875
459,sc_1991_insc_243,0.6253723776223775,0.2814285714285714,0.5621123251748252,0.1626517857142857
459,sc_1995_insc_526,0.49999999999999994,0.05,0.41665,0.04850000000000001
459,sc_2001_insc_121,0.6477499999999999,0.37499999999999994,0.5947083333333333,0.2926249999999999
459,sc_2006_insc_129,0.39775,0.19775,0.39775,0.10775000000000001
459,sc_2012_insc_189,0.6338744019138755,0.21534090909090908,0.49377572071890946,0.16436363636363635
459,sc_2019_insc_6,0.5939038461538461,0.25229545454545454,0.4979248251748251,0.13638636363636364
460,in_abs_train_6408,0.7352499999999998,0.2597902097902098,0.6416835664335663,0.2509209124209124
460,sc_1959_insc_89,0.8477499999999999,0.54775,0.66375,0.33441666666666664
460,sc_1962_insc_97,0.6110833333333332,0.19775,0.5165700757575757,0.13470833333333332
460,sc_1981_insc_120,0.6416893939393938,0.29666666666666663,0.5222575757575757,0.1835530303030303
460,sc_1996_insc_1451,0.39775,0.11441666666666667,0.39775,0.06497916666666667
460,sc_1997_insc_546,0.6691785714285714,0.19285714285714284,0.5334816849816849,0.17030357142857142
460,sc_1998_insc_128,0.6227499999999999,0.125,0.48912619047619044,0.09849999999999999
460,sc_2007_insc_1266,0.39775,0.04775000000000001,0.39775,0.04650000000000001
460,sc_2008_insc_695,0.73,0.2822954545454545,0.5366818181818181,0.17203113636363637
460,sc_2022_insc_1006,0.39775,0.19775,0.39775,0.09065
460,sc_2022_insc_290,0.54775,0.2,0.49608333333333327,0.1291
460,sc_2022_insc_989,0.44775,0.05,0.4196360294117647,0.048875
461,in_abs_train_1136,0.47274999999999995,0.19775,0.4235,0.12153333333333334
461,in_abs_train_1658,0.6127499999999999,0.2656071428571428,0.5415036630036629,0.19346128871128873
461,in_abs_train_3230,0.4808269230769231,0.13727272727272727,0.4600018315018315,0.09581473526473526
461,in_abs_train_83,0.39775,0.05,0.39775,0.048650000000000006
461,sc_1957_insc_29,0.6022954545454544,0.1568409090909091,0.45948863636363635,0.12919318181818182
461,sc_1965_insc_184,0.6305194805194806,0.19969805194805196,0.5472658341658342,0.17319955044955046
461,sc_1976_insc_301,0.66775,0.24775,0.6044166666666667,0.1615333333333333
461,sc_1994_insc_327,0.48571428571428565,0.05,0.42086607142857135,0.0475
461,sc_2003_insc_701,0.5177499999999999,0.10775000000000001,0.4784999999999999,0.05975000000000001
461,sc_2004_insc_146,0.39999999999999997,0.14775,0.3983125,0.0733125
461,sc_2006_insc_624,0.6249999999999999,0.2,0.4693333333333332,0.148875
461,sc_2024_insc_8,0.39999999999999997,0.07142857142857142,0.3983125,0.05423214285714287
462,in_abs_train_3653,0.6834642857142856,0.3209642857142857,0.5979619047619046,0.2673928571428571
462,in_abs_train_7131,0.7144166666666666,0.32666666666666666,0.6314077380952381,0.25804166666666667
462,sc_1953_insc_76,0.6295681818181817,0.2914285714285714,0.5087670454545454,0.17548782467532464
462,sc_1965_insc_225,0.6500227272727273,0.2,0.5104223484848485,0.13887499999999997
462,sc_2003_insc_345,0.45229545454545456,0.04775000000000001,0.4095590909090909,0.04775000000000001
462,sc_2006_insc_618,0.47274999999999995,0.05,0.41092857142857137,0.05
462,sc_2007_insc_6,0.54775,0.17275,0.47860096153846154,0.0920625
462,sc_2008_insc_1369,0.630826923076923,0.29582692307692304,0.630826923076923,0.14373734598734594
462,sc_2015_insc_696,0.5522954545454545,0.10775000000000001,0.4530340909090908,0.08593181818181818
462,sc_2016_insc_449,0.5068409090909091,0.25229545454545454,0.4745176767676768,0.16228636363636362
462,sc_2017_insc_1238,0.6142857142857143,0.2430357142857143,0.4842142857142857,0.14556428571428573
462,sc_2022_insc_31,0.575,0.20846428571428574,0.48952777777777773,0.11935714285714287
463,sc_1979_insc_51,0.54775,0.05,0.42865000000000003,0.049249999999999995
463,sc_1982_insc_18,0.6477499999999999,0.24775,0.5760467032967033,0.2179423076923077
463,sc_1985_insc_148,0.47274999999999995,0.14775,0.42274999999999996,0.06820000000000001
463,sc_1991_insc_111,0.39999999999999997,0.04775000000000001,0.39887500000000004,0.045250000000000005
463,sc_1992_insc_183,0.59775,0.25,0.5191785714285714,0.19706250000000003
463,sc_1996_insc_1195,0.5727499999999999,0.28346428571428567,0.5068333333333332,0.14034285714285716
463,sc_1996_insc_589,0.6227499999999999,0.27275,0.5957222222222222,0.14698333333333333
463,sc_1999_insc_23,0.65,0.28346428571428567,0.5667321428571428,0.22213293650793653
463,sc_2007_insc_115,0.5394166666666665,0.195,0.44497222222222216,0.08577142857142858
463,sc_2013_insc_155,0.4749999999999999,0.12275,0.45220000000000005,0.09775
463,sc_2017_insc_52,0.48571428571428565,0.13346428571428573,0.4203035714285714,0.06974107142857144
464,in_abs_train_6362,0.654892857142857,0.27499999999999997,0.587745238095238,0.1735
464,in_abs_train_949,0.39999999999999997,0.1590909090909091,0.398875,0.08948106060606059
464,sc_1972_insc_249,0.45775,0.107,0.4283125,0.063125
464,sc_1984_insc_88,0.39775,0.14775,0.39775,0.07150000000000001
464,sc_1987_insc_366,0.4749999999999999,0.11441666666666667,0.4337104166666666,0.07941666666666668
464,sc_1995_insc_683,0.625,0.11666666666666667,0.517625,0.06610416666666667
464,sc_1996_insc_907,0.45454545454545453,0.20229545454545453,0.4204681818181818,0.1000151515151515
464,sc_1997_insc_59,0.54775,0.27275,0.47632142857142856,0.16862857142857143
464,sc_2007_insc_1189,0.625,0.34775,0.5270714285714285,0.15962857142857143
464,sc_2008_insc_1461,0.39775,0.05,0.39775,0.04871428571428572
464,sc_2009_insc_239,0.45999999999999996,0.14775,0.41924999999999996,0.0784225
464,sc_2013_insc_368,0.39775,0.04775000000000001,0.39775,0.04775000000000001
465,in_abs_train_738,0.7589285714285714,0.266797619047619,0.5926031746031746,0.22155952380952382
465,sc_1959_insc_125,0.45229545454545456,0.10229545454545455,0.4119488636363636,0.07502272727272728
465,sc_1973_insc_198,0.5691785714285714,0.14775,0.44661401098901093,0.10928846153846153
465,sc_1986_insc_101,0.4310833333333333,0.2519166666666667,0.4310833333333333,0.17361703772418058
465,sc_1994_insc_335,0.69775,0.2753723776223776,0.5201461038961038,0.2753723776223776
465,sc_1999_insc_495,0.5499999999999999,0.34775,0.51425,0.16441666666666666
465,sc_2000_insc_572,0.47274999999999995,0.12275,0.4451363636363636,0.11150000000000002
465,sc_2008_insc_197,0.7571428571428571,0.3144166666666666,0.6466150793650793,0.2822083333333333
465,sc_2018_insc_43,0.7214285714285714,0.36917857142857147,0.5124183673469387,0.36917857142857147
465,sc_2021_insc_104,0.4191785714285714,0.05,0.4024857142857143,0.042666666666666665
465,sc_2023_insc_50,0.5068409090909091,0.1568409090909091,0.4536590909090909,0.07558522727272728
465,sc_2024_insc_278,0.46441666666666664,0.2,0.4230833333333333,0.13183333333333333
466,in_abs_train_2632,0.6477499999999999,0.04775000000000001,0.4650595238095237,0.04775000000000001
466,in_abs_train_4056,0.6678571428571428,0.29774999999999996,0.5223095238095238,0.23387499999999997
466,sc_1956_insc_59,0.4310833333333333,0.11441666666666667,0.4199722222222222,0.10013095238095238
466,sc_1959_insc_71,0.606840909090909,0.23502272727272727,0.5482746212121211,0.18299071969696973
466,sc_1996_insc_494,0.39775,0.05,0.39712499999999995,0.049249999999999995
466,sc_1997_insc_227,0.5644166666666667,0.3685833333333333,0.4885208333333333,0.22762500000000002
466,sc_2000_insc_479,0.4406071428571428,0.13346428571428573,0.42611904761904756,0.11303571428571428
466,sc_2009_insc_665,0.39775,0.24775,0.39775,0.21425000000000002
466,sc_2013_insc_741,0.4808269230769231,0.14775,0.42972447552447546,0.08775
466,sc_2015_insc_424,0.56,0.20775,0.51,0.07554166666666666
466,sc_2018_insc_283,0.39999999999999997,0.05,0.39865,0.047425
466,sc_2019_insc_841,0.45999999999999996,0.27499999999999997,0.458875,0.19088257575757575
467,in_abs_train_5862,0.39999999999999997,0.05,0.398875,0.048875
467,in_abs_train_837,0.39999999999999997,0.20454545454545453,0.39999999999999997,0.12500649350649348
467,sc_1968_insc_138,0.39775,0.19166666666666665,0.39775,0.16036868686868685
467,sc_1984_insc_37,0.6013863636363636,0.2549178321678322,0.5146908369408368,0.159629020979021
467,sc_1987_insc_175,0.39999999999999997,0.14775,0.398875,0.07150000000000001
467,sc_1993_insc_288,0.5327499999999998,0.26,0.4756988636363636,0.15414687500000002
467,sc_1995_insc_759,0.39775,0.05,0.39775,0.048875
467,sc_1996_insc_19,0.6144166666666666,0.11666666666666667,0.49427380952380945,0.11666666666666667
467,sc_1999_insc_67,0.44775,0.2,0.41516666666666663,0.07955000000000001
467,sc_2002_insc_536,0.5341136363636363,0.305,0.4938863636363636,0.23343793706293708
467,sc_2013_insc_597,0.54775,0.19775,0.46593181818181817,0.13775
467,sc_2013_insc_724,0.675826923076923,0.18941666666666668,0.5381346153846154,0.14084568764568764
468,in_abs_train_1493,0.45775,0.16999999999999998,0.41850000000000004,0.10865
468,in_abs_train_3217,0.6279947552447552,0.1968409090909091,0.5404169402026544,0.1968409090909091
468,in_abs_train_4459,0.39999999999999997,0.15,0.398875,0.09849999999999999
468,in_abs_train_4985,0.39775,0.05,0.39775,0.04850000000000001
468,in_abs_train_5953,0.5238009049773755,0.20419796380090496,0.46721103451502055,0.14655750377073903
468,sc_1964_insc_247,0.5178571428571428,0.18571428571428572,0.4919523809523809,0.1255095238095238
468,sc_1971_insc_269,0.519047619047619,0.15275,0.4703035714285714,0.12001704545454545
468,sc_1992_insc_86,0.39775,0.10229545454545455,0.39775,0.055965909090909094
468,sc_1993_insc_3,0.47274999999999995,0.19775,0.40942857142857136,0.19775
468,sc_2013_insc_367,0.39775,0.07275000000000001,0.39691666666666664,0.05775000000000001
468,sc_2017_insc_287,0.54775,0.19775,0.43349999999999994,0.153875
468,sc_2023_insc_26,0.46441666666666664,0.18108333333333335,0.4310833333333333,0.10844097222222222
469,in_abs_train_955,0.5238009049773755,0.17380090497737558,0.45273919054801404,0.07476018099547511
469,sc_1959_insc_60,0.5084642857142857,0.27199999999999996,0.4811626984126984,0.17842857142857144
469,sc_1965_insc_306,0.5333333333333333,0.16249999999999998,0.44887499999999997,0.1295
469,sc_1974_insc_243,0.7363863636363636,0.175,0.5879715909090908,0.12682386363636364
469,sc_1975_insc_38,0.6166666666666667,0.14775,0.47198333333333337,0.12148737373737373
469,sc_1986_insc_142,0.54775,0.04775000000000001,0.433125,0.04775000000000001
469,sc_1996_insc_551,0.39775,0.05,0.3968333333333333,0.04765000000000001
469,sc_2001_insc_516,0.47274999999999995,0.09775,0.42274999999999996,0.06820000000000001
469,sc_2002_insc_129,0.4710454545454545,0.17729545454545453,0.4535993506493506,0.10901818181818182
469,sc_2007_insc_936,0.5499999999999999,0.19775,0.42804545454545456,0.12275000000000001
469,sc_2010_insc_413,0.39999999999999997,0.2,0.3985,0.09365
469,sc_2023_insc_11,0.47274999999999995,0.12275,0.4685833333333333,0.11832702020202022
470,in_abs_train_5918,0.54775,0.2946375,0.5092321428571428,0.22789151785714284
470,in_abs_train_655,0.47274999999999995,0.04775000000000001,0.41319999999999996,0.04775000000000001
470,sc_1953_insc_15,0.47274999999999995,0.12275,0.4117499999999999,0.08525
470,sc_1960_insc_241,0.47372402597402596,0.12537237762237763,0.45878952297702297,0.10956874375624376
470,sc_1972_insc_121,0.49060714285714285,0.2708269230769231,0.4215267857142857,0.17970673076923077
470,sc_1985_insc_229,0.46441666666666664,0.11441666666666667,0.4466458333333333,0.08164583333333333
470,sc_2001_insc_270,0.39999999999999997,0.05,0.398875,0.04812500000000001
470,sc_2002_insc_270,0.48775,0.12775,0.44849999999999995,0.06375
470,sc_2002_insc_406,0.5351648351648352,0.08525,0.4565801551389786,0.07251648351648352
470,sc_2006_insc_262,0.39775,0.07307692307692308,0.39775,0.05959152122387417
470,sc_2021_insc_272,0.56875,0.3352941176470588,0.55325,0.21944103093329095
470,sc_2023_insc_403,0.54775,0.19775,0.5113749999999999,0.1595625
471,in_abs_train_5025,0.5178571428571428,0.25608333333333333,0.4813928571428571,0.15905952380952382
471,in_abs_train_5130,0.6318181818181818,0.32275000000000004,0.5662992424242423,0.2441539502164502
471,sc_1959_insc_16,0.4776223776223776,0.27372402597402595,0.44401698301698295,0.15198576423576424
471,sc_1966_insc_99,0.46441666666666664,0.11666666666666667,0.4383270202020202,0.08220833333333334
471,sc_1985_insc_50,0.45775,0.12275,0.43228632352941176,0.09001190476190478
471,sc_1996_insc_157,0.39775,0.04775000000000001,0.39525,0.04775000000000001
471,sc_2004_insc_9,0.39999999999999997,0.25,0.3982,0.147875
471,sc_2007_insc_1065,0.46441666666666664,0.29774999999999996,0.4621944444444444,0.20031666666666664
471,sc_2008_insc_714,0.39999999999999997,0.05,0.398875,0.042516666666666675
471,sc_2018_insc_111,0.6227499999999999,0.05,0.4735,0.04820000000000001
471,sc_2021_insc_719,0.49774999999999997,0.20775,0.44887499999999997,0.11016666666666665
471,sc_2023_insc_22,0.604892857142857,0.22632142857142856,0.5013214285714285,0.12950776397515526
472,sc_1964_insc_122,0.5499999999999999,0.1325,0.4886499999999999,0.07600000000000001
472,sc_1968_insc_157,0.47274999999999995,0.04775000000000001,0.4394166666666666,0.04775000000000001
472,sc_1970_insc_201,0.45999999999999996,0.2250227272727273,0.41850000000000004,0.15310454545454547
472,sc_1974_insc_15,0.5500576923076923,0.20005769230769233,0.5200576923076923,0.1446730769230769
472,sc_1976_insc_246,0.47597402597402594,0.13082692307692306,0.4729588744588744,0.07359615384615384
472,sc_1993_insc_80,0.54775,0.19775,0.4415333333333334,0.14775000000000002
472,sc_1995_insc_649,0.39775,0.05,0.39775,0.048650000000000006
472,sc_1996_insc_406,0.5334642857142856,0.19775,0.4747678571428571,0.101375
472,sc_2005_insc_530,0.4749999999999999,0.06917857142857144,0.4242857142857142,0.05489285714285715
472,sc_2006_insc_893,0.4749999999999999,0.04775000000000001,0.4113749999999999,0.04775000000000001
472,sc_2010_insc_456,0.49774999999999997,0.05,0.4337234848484848,0.048875
472,sc_2014_insc_262,0.39999999999999997,0.05,0.3985,0.04820000000000001
473,in_abs_train_2078,0.5333333333333333,0.11666666666666667,0.48031666666666667,0.1104040404040404
473,in_abs_train_2537,0.5844632867132866,0.2713863636363636,0.5145332167832167,0.1727898601398601
473,in_abs_train_4178,0.5499999999999999,0.2,0.4586499999999999,0.09850000000000002
473,sc_1975_insc_68,0.44390384615384615,0.14775,0.44082692307692306,0.08145833333333334
473,sc_1978_insc_54,0.69775,0.13346428571428573,0.45399999999999996,0.09173214285714287
473,sc_1991_insc_210,0.5394166666666665,0.11441666666666667,0.5394166666666665,0.07632142857142858
473,sc_1998_insc_413,0.5177499999999999,0.29774999999999996,0.5006071428571428,0.2116904761904762
473,sc_2002_insc_407,0.39999999999999997,0.04775000000000001,0.39865,0.046687500000000014
473,sc_2008_insc_541,0.4522954545454545,0.10775000000000001,0.42558522727272724,0.07694886363636363
473,sc_2013_insc_719,0.39999999999999997,0.05,0.3983125,0.04831250000000001
473,sc_2018_insc_21,0.45775,0.10775000000000001,0.41924999999999996,0.07200909090909091
473,sc_2023_insc_334,0.4795681818181817,0.11752272727272726,0.4795681818181817,0.06983566433566434
474,in_abs_train_4001,0.5850227272727272,0.13502272727272727,0.5475681818181818,0.10453321678321677
474,in_abs_train_4132,0.4753723776223776,0.2772954545454545,0.46319122544122543,0.16364772727272725
474,in_abs_train_675,0.8477499999999999,0.29774999999999996,0.6769166666666666,0.21516666666666664
474,sc_1954_insc_71,0.7577499999999998,0.40775,0.7034204545454544,0.31876704545454543
474,sc_2003_insc_4,0.5461538461538461,0.25,0.5461538461538461,0.1327091836734694
474,sc_2008_insc_937,0.49774999999999997,0.14775,0.4336590909090908,0.10608333333333335
474,sc_2009_insc_948,0.4749999999999999,0.12537237762237763,0.43081249999999993,0.09462368881118881
474,sc_2010_insc_647,0.5272954545454545,0.04775000000000001,0.45110909090909085,0.04775000000000001
474,sc_2010_insc_745,0.6249999999999999,0.12275,0.5734999999999999,0.10653333333333334
474,sc_2023_insc_137,0.6772727272727272,0.39775,0.5694636363636363,0.27066666666666667
474,sc_2023_insc_362,0.4808269230769231,0.22999999999999998,0.46333516483516485,0.15040979020979023
474,sc_2023_insc_736,0.5894166666666666,0.29230769230769227,0.5012222222222221,0.22254095022624432
475,in_abs_train_3520,0.39999999999999997,0.19775,0.398875,0.123875
475,in_abs_train_4901,0.6122954545454544,0.32394047619047617,0.5190611888111887,0.24212148268398268
475,in_abs_train_5094,0.44775,0.10454545454545455,0.41591666666666666,0.08001818181818184
475,in_abs_train_619,0.47372402597402596,0.25229545454545454,0.43573701298701295,0.1714621212121212
475,sc_1996_insc_648,0.45775,0.10775000000000001,0.41924999999999996,0.059750000000000004
475,sc_1997_insc_562,0.54775,0.24775,0.4970892857142857,0.1233125
475,sc_2003_insc_338,0.45775,0.11,0.4211090909090909,0.0685
475,sc_2010_insc_345,0.6227499999999999,0.04775000000000001,0.51025,0.03887500000000001
475,sc_2010_insc_494,0.6144166666666666,0.26441666666666663,0.4935833333333333,0.21497916666666667
475,sc_2013_insc_782,0.6833333333333333,0.20229545454545453,0.49647222222222215,0.12502272727272726
475,sc_2016_insc_922,0.4605705128205128,0.19258241758241756,0.41944017094017094,0.11370879120879121
475,sc_2020_insc_452,0.4352941176470588,0.08304411764705882,0.4165220588235294,0.05713602941176471
476,in_abs_train_2223,0.4933333333333333,0.23775000000000002,0.4678958333333333,0.17033333333333334
476,in_abs_train_4946,0.5875,0.15608333333333332,0.5323404761904762,0.09572222222222222
476,sc_1953_insc_75,0.39999999999999997,0.04775000000000001,0.3983125,0.04775000000000001
476,sc_1974_insc_257,0.5310833333333334,0.18108333333333335,0.5020833333333333,0.11369444444444445
476,sc_1986_insc_106,0.39999999999999997,0.125,0.39924999999999994,0.07865000000000001
476,sc_1989_insc_394,0.6077499999999999,0.26666666666666666,0.5049791666666665,0.17804166666666665
476,sc_1992_insc_314,0.5177499999999999,0.10775000000000001,0.4648509615384615,0.0758125
476,sc_1998_insc_38,0.5227499999999999,0.11441666666666667,0.4614166666666666,0.1089040404040404
476,sc_2008_insc_500,0.47274999999999995,0.2,0.47274999999999995,0.160625
476,sc_2009_insc_573,0.45999999999999996,0.175,0.4575113636363636,0.07575
476,sc_2012_insc_120,0.44775,0.26775,0.4441785714285714,0.1372936507936508
476,sc_2017_insc_761,0.39999999999999997,0.19502272727272726,0.39924999999999994,0.11715454545454547
477,in_abs_train_1481,0.46441666666666664,0.26666666666666666,0.4149791666666667,0.10304166666666667
477,sc_1959_1_1211_1218_en,0.6477499999999999,0.13571428571428573,0.5045624999999999,0.08905357142857144
477,sc_1973_insc_208,0.5068409090909091,0.25775,0.4542215909090909,0.1608125
477,sc_1982_insc_72,0.39999999999999997,0.05,0.398875,0.048875
477,sc_1986_insc_35,0.5644166666666666,0.26666666666666666,0.49198333333333333,0.21516666666666664
477,sc_2010_insc_151,0.47274999999999995,0.05,0.40942857142857136,0.05
477,sc_2010_insc_372,0.39999999999999997,0.2,0.39999999999999997,0.12046428571428572
477,sc_2017_insc_151,0.4656916666666666,0.05,0.42039722222222214,0.04910000000000001
477,sc_2018_insc_700,0.6227499999999999,0.27499999999999997,0.49206249999999996,0.1858125
477,sc_2021_insc_315,0.49774999999999997,0.1,0.4318333333333333,0.06865000000000002
477,sc_2021_insc_703,0.4923076923076922,0.11792697368421053,0.4761730769230768,0.10778026653171388
477,sc_2022_insc_624,0.39775,0.05,0.39775,0.04831250000000001
478,in_abs_train_1550,0.44775,0.09285714285714286,0.44775,0.05314285714285715
478,in_abs_train_2038,0.5333333333333333,0.33108333333333334,0.5322083333333334,0.16011111111111112
478,in_abs_train_2959,0.5449999999999999,0.2605705128205128,0.46869444444444436,0.21916025641025638
478,sc_1972_insc_163,0.6477499999999999,0.15608333333333332,0.5068333333333334,0.11531666666666666
478,sc_1976_insc_98,0.7177499999999998,0.35496153846153844,0.6113659673659673,0.27441794871794867
478,sc_2001_insc_527,0.54775,0.10775000000000001,0.46719999999999995,0.08591666666666668
478,sc_2006_insc_966,0.39775,0.05,0.39775,0.0491
478,sc_2007_insc_860,0.46441666666666664,0.05,0.44775,0.04831250000000001
478,sc_2009_insc_58,0.54275,0.19775,0.435125,0.08637500000000001
478,sc_2009_insc_794,0.626840909090909,0.17775,0.5264114219114218,0.17775
478,sc_2010_insc_116,0.39999999999999997,0.05,0.3985,0.048650000000000006
478,sc_2013_insc_637,0.5177499999999999,0.28411363636363635,0.47520454545454544,0.19046212121212122
479,sc_1961_insc_27,0.54775,0.25229545454545454,0.48561363636363636,0.15955909090909093
479,sc_1964_insc_175,0.54775,0.19775,0.4358125,0.13012500000000002
479,sc_1985_insc_126,0.5727499999999999,0.05,0.46081249999999996,0.048875
479,sc_1994_insc_608,0.39999999999999997,0.11441666666666667,0.398875,0.06372916666666667
479,sc_1996_insc_257,0.49774999999999997,0.05,0.41819999999999996,0.04925000000000001
479,sc_2011_insc_309,0.39999999999999997,0.05,0.398875,0.04850000000000001
479,sc_2011_insc_814,0.39999999999999997,0.04775000000000001,0.39849375000000004,0.04775000000000001
479,sc_2018_insc_1212,0.4165,0.13974358974358975,0.4165,0.06981030873888017
479,sc_2018_insc_200,0.4834642857142857,0.14775,0.4328035714285714,0.0858125
479,sc_2019_insc_943,0.46441666666666664,0.17502272727272727,0.45948106060606053,0.10092803030303031
479,sc_2024_insc_339,0.6144166666666666,0.2,0.5269166666666666,0.11081250000000001
480,in_abs_train_2617,0.45229545454545456,0.1568409090909091,0.43281643356643357,0.11078636363636366
480,in_abs_train_6414,0.39999999999999997,0.04775000000000001,0.398125,0.04775000000000001
480,sc_1965_insc_27,0.53775,0.12372402597402599,0.4669192807192807,0.10609165834165835
480,sc_1971_insc_93,0.4191785714285714,0.11666666666666667,0.4029357142857143,0.08750543900543901
480,sc_1995_insc_676,0.39999999999999997,0.05,0.3985,0.0491
480,sc_1996_insc_374,0.6977499999999999,0.3422954545454545,0.5866499999999999,0.24411363636363634
480,sc_2002_insc_440,0.5510833333333333,0.2652941176470588,0.5066340579710145,0.20464349376114077
480,sc_2004_insc_242,0.42774999999999996,0.05,0.40775,0.049550000000000004
480,sc_2006_insc_499,0.520826923076923,0.12775,0.4513868131868131,0.0900018315018315
480,sc_2016_insc_618,0.601111344537815,0.3523653846153846,0.5220475436328378,0.22490418353576247
480,sc_2022_insc_896,0.47082692307692303,0.1,0.4592884615384615,0.07268452380952381
481,in_abs_train_3477,0.39999999999999997,0.04775000000000001,0.39943749999999995,0.046962500000000004
481,sc_1971_insc_242,0.39775,0.05,0.39775,0.04910000000000001
481,sc_1975_insc_183,0.49774999999999997,0.19775,0.4191,0.09775
481,sc_1987_insc_110,0.49774999999999997,0.05,0.4334642857142857,0.045812500000000006
481,sc_1996_insc_94,0.5499999999999999,0.19775,0.44909999999999994,0.09775
481,sc_1997_insc_470,0.54775,0.19775,0.4582,0.09775
481,sc_1999_insc_259,0.39999999999999997,0.05,0.39818749999999997,0.04831250000000001
481,sc_2004_insc_568,0.5633333333333334,0.2521671826625387,0.5623598484848484,0.17734011499336577
481,sc_2007_insc_909,0.39775,0.05,0.39775,0.04460714285714286
481,sc_2008_insc_1115,0.47274999999999995,0.2334642857142857,0.4695625,0.11974107142857143
481,sc_2010_insc_617,0.5310833333333334,0.18108333333333335,0.46655555555555556,0.14775
481,sc_2014_insc_725,0.39275,0.10775000000000001,0.39275,0.06378571428571429
482,in_abs_train_1922,0.653903846153846,0.3639038461538462,0.6018525641025639,0.25750114885114883
482,in_abs_train_2376,0.45775,0.05,0.41877142857142857,0.04850000000000001
482,in_abs_train_3322,0.45999999999999996,0.05,0.4583125,0.048875
482,sc_1975_insc_260,0.45999999999999996,0.05,0.44600909090909086,0.04850000000000001
482,sc_1990_insc_113,0.6006071428571428,0.17502272727272727,0.5066821789321789,0.12155454545454544
482,sc_1990_insc_339,0.53775,0.26775,0.5046071428571428,0.1639404761904762
482,sc_1992_insc_53,0.5227499999999999,0.12275,0.4786499999999999,0.08941666666666666
482,sc_1996_insc_802,0.7033333333333334,0.30227272727272725,0.6498904761904762,0.1825909090909091
482,sc_1997_insc_402,0.5499999999999999,0.2,0.49924999999999997,0.07865000000000001
482,sc_2008_insc_77,0.61875,0.11917857142857144,0.5193317307692308,0.1165412087912088
482,sc_2010_insc_82,0.6590909090909092,0.1768409090909091,0.5748443831168831,0.154427807486631
482,sc_2022_insc_1000,0.5234642857142856,0.1599547511312217,0.5132899159663865,0.128053953889248
483,in_abs_train_288,0.630826923076923,0.2753723776223776,0.5522754745254744,0.16252024364524364
483,in_abs_train_4895,0.530826923076923,0.21999999999999997,0.4758818681318681,0.1788846153846154
483,sc_1960_insc_84,0.5977499999999999,0.2064102564102564,0.5963749999999999,0.1440485347985348
483,sc_1962_insc_219,0.5177499999999999,0.04775000000000001,0.42624999999999996,0.04775000000000001
483,sc_1963_insc_251,0.39999999999999997,0.14775,0.3985,0.06820000000000001
483,sc_2003_insc_513,0.39775,0.175,0.39772500000000005,0.0901
483,sc_2005_insc_540,0.47917857142857145,0.13142857142857142,0.4400013736263736,0.09440696803196802
483,sc_2010_insc_549,0.39999999999999997,0.04775000000000001,0.397625,0.04775000000000001
483,sc_2010_insc_769,0.5653970588235293,0.34396848739495794,0.5325934604611074,0.3258366192630898
483,sc_2013_insc_777,0.49999999999999994,0.25229545454545454,0.44849999999999995,0.12878986013986013
483,sc_2018_insc_211,0.54775,0.05,0.51025,0.04831250000000001
483,sc_2021_insc_552,0.45999999999999996,0.2,0.43850000000000006,0.10155909090909092
484,in_abs_train_2955,0.39999999999999997,0.10775000000000001,0.3982,0.06925
484,in_abs_train_5271,0.4749999999999999,0.145,0.423875,0.096375
484,in_abs_train_6033,0.54775,0.12275000000000003,0.461375,0.067625
484,sc_1960_insc_83,0.6890909090909091,0.33411363636363633,0.5827433566433566,0.2366818181818182
484,sc_1967_insc_144,0.46441666666666664,0.09390384615384616,0.41441666666666666,0.05985096153846155
484,sc_1984_insc_194,0.5039038461538461,0.20005769230769233,0.4586730769230769,0.13465384615384615
484,sc_1994_insc_152,0.6416666666666666,0.2810833333333333,0.57065,0.21633055555555555
484,sc_2007_insc_679,0.39999999999999997,0.19775,0.398875,0.08525
484,sc_2021_insc_569,0.39775,0.12275,0.39775,0.05683214285714285
484,sc_2021_insc_853,0.39999999999999997,0.04775000000000001,0.3985,0.04775000000000001
484,sc_2022_insc_872,0.45775,0.04775000000000001,0.41443506493506493,0.04775000000000001
484,sc_2023_insc_758,0.5449999999999999,0.05,0.44683333333333336,0.048650000000000006
485,in_abs_train_3157,0.65,0.32775,0.5743511904761905,0.3155416666666666
485,sc_1960_insc_267,0.39775,0.11666666666666667,0.39775,0.0798878787878788
485,sc_1961_insc_272,0.48571428571428565,0.13346428571428573,0.4422946428571428,0.09173214285714286
485,sc_1968_insc_311,0.39999999999999997,0.05,0.39795625,0.04943750000000001
485,sc_1973_insc_21,0.5727499999999999,0.19775,0.49149999999999994,0.16025
485,sc_1983_insc_51,0.5499999999999999,0.2,0.44925,0.0756
485,sc_1995_insc_174,0.58,0.31024999999999997,0.58,0.1274761904761905
485,sc_1998_insc_135,0.39775,0.10353947368421053,0.39775,0.05780659038901602
485,sc_1999_insc_209,0.54775,0.1763214285714286,0.5048928571428571,0.12343809523809524
485,sc_2001_insc_600,0.42275,0.11666666666666667,0.404,0.06299479166666667
485,sc_2009_insc_97,0.5691785714285714,0.04775000000000001,0.4846285714285714,0.04775000000000001
485,sc_2018_insc_435,0.44775,0.25684090909090906,0.4178807692307692,0.13562878787878788
486,in_abs_train_2446,0.7477499999999998,0.39774999999999994,0.6269166666666666,0.2566458333333333
486,sc_1962_insc_132,0.46441666666666664,0.04775000000000001,0.41744047619047614,0.04775000000000001
486,sc_1967_insc_269,0.6727499999999998,0.22999999999999998,0.5371999999999999,0.22304545454545455
486,sc_1972_insc_36,0.42275,0.2753723776223776,0.42275,0.17410364635364634
486,sc_1988_insc_212,0.4406071428571428,0.2173076923076923,0.4406071428571428,0.14576320465249035
486,sc_1989_insc_323,0.39999999999999997,0.05,0.3985,0.047650000000000005
486,sc_1996_insc_945,0.49274999999999997,0.05,0.4220625,0.049437499999999995
486,sc_2015_insc_111,0.6334642857142856,0.14775,0.5270714285714285,0.08775000000000001
486,sc_2016_insc_1131,0.4571428571428571,0.10785714285714286,0.424108436853002,0.07780357142857143
486,sc_2022_insc_51,0.5006071428571428,0.09775,0.4495071428571428,0.06516666666666666
486,sc_2023_insc_457,0.49774999999999997,0.19775,0.42274999999999996,0.08525
486,sc_2024_insc_255,0.54775,0.19775,0.436375,0.08637500000000001
487,in_abs_train_1540,0.5739404761904762,0.23775,0.514495115995116,0.14994029304029305
487,in_abs_train_2516,0.39999999999999997,0.05,0.398875,0.04812500000000001
487,in_abs_train_3294,0.6253723776223775,0.2208269230769231,0.6253723776223775,0.12919512630226918
487,sc_1968_insc_101,0.45999999999999996,0.11,0.44419999999999993,0.1085
487,sc_1994_insc_301,0.6656071428571427,0.47274999999999995,0.548345238095238,0.2623888888888889
487,sc_1994_insc_9,0.5027499999999999,0.21441666666666667,0.44184090909090906,0.1275852813852814
487,sc_1996_insc_1049,0.39999999999999997,0.14775,0.39924999999999994,0.09887499999999999
487,sc_1996_insc_1175,0.39775,0.04775000000000001,0.39775,0.045750000000000006
487,sc_2007_insc_664,0.5644166666666667,0.15,0.48719999999999997,0.14722222222222223
487,sc_2008_insc_1279,0.4710833333333333,0.2733333333333333,0.4412777777777777,0.15008245614035087
487,sc_2009_insc_455,0.49774999999999997,0.13346428571428573,0.4310833333333333,0.06489285714285715
487,sc_2018_insc_1181,0.39775,0.05,0.39775,0.04871428571428572
488,in_abs_train_2311,0.54775,0.26441666666666663,0.4684999999999999,0.15608333333333332
488,in_abs_train_2596,0.5772727272727273,0.22999999999999998,0.5772727272727273,0.16420346320346318
488,in_abs_train_2608,0.454,0.18025,0.4311985294117647,0.0896985294117647
488,in_abs_train_2816,0.39999999999999997,0.11441666666666667,0.3985,0.06008333333333334
488,in_abs_train_3303,0.66775,0.16775,0.5884999999999999,0.1375681818181818
488,sc_1996_insc_1457,0.4753723776223776,0.23671328671328667,0.4571905594405594,0.16031888111888112
488,sc_1997_insc_763,0.4910833333333333,0.12932894736842104,0.4550515873015873,0.09020388471177945
488,sc_2002_insc_281,0.5125,0.15971078431372548,0.492625,0.09179248366013071
488,sc_2005_insc_219,0.49999999999999994,0.2,0.473875,0.111375
488,sc_2005_insc_597,0.5083333333333333,0.08108333333333334,0.44221401515151515,0.06289583333333335
488,sc_2008_insc_1384,0.42275,0.04775000000000001,0.4049395604395604,0.04775000000000001
488,sc_2017_insc_1232,0.54775,0.19775,0.48719999999999997,0.09775
489,in_abs_train_1177,0.563903846153846,0.21775,0.4957829670329669,0.1814679487179487
489,in_abs_train_3347,0.39999999999999997,0.11441666666666667,0.398875,0.10668939393939393
489,in_abs_train_4686,0.54775,0.05,0.43349999999999994,0.048875
489,sc_1965_insc_268,0.39999999999999997,0.05,0.398125,0.048875
489,sc_1971_insc_259,0.5327499999999998,0.125,0.46274999999999994,0.0606
489,sc_1972_insc_137,0.540826923076923,0.10229545454545455,0.4947847152847152,0.10229545454545455
489,sc_1989_insc_142,0.6006071428571428,0.18333333333333335,0.541110119047619,0.15542803030303032
489,sc_1992_insc_107,0.45229545454545456,0.05,0.43680139860139855,0.04850000000000001
489,sc_1996_insc_1028,0.45999999999999996,0.17583333333333334,0.42849999999999994,0.14291666666666666
489,sc_1999_insc_161,0.6144166666666666,0.22275,0.5378333333333333,0.22275
489,sc_2010_insc_347,0.44775,0.24775,0.41774999999999995,0.13108333333333333
489,sc_2018_insc_1209,0.39775,0.05,0.397140625,0.04831250000000001
490,in_abs_train_2757,0.503653409090909,0.22499999999999998,0.48387926136363635,0.1523715034965035
490,in_abs_train_4194,0.5349999999999999,0.1568409090909091,0.4723977272727272,0.10114772727272728
490,in_abs_train_6021,0.54775,0.15,0.49293571428571425,0.1104047619047619
490,in_abs_train_6235,0.5020357142857143,0.10667857142857143,0.4432513268465281,0.08658928571428572
490,sc_1958_insc_121,0.5000227272727271,0.21941666666666668,0.5000227272727271,0.18597943722943724
490,sc_1986_insc_62,0.59775,0.09459999999999999,0.5405510204081633,0.09459999999999999
490,sc_1997_insc_604,0.47774999999999995,0.09285714285714286,0.42902678571428565,0.07427678571428571
490,sc_1998_insc_179,0.39775,0.3,0.39775,0.15361904761904763
490,sc_2007_insc_1161,0.529328947368421,0.20885167464114834,0.47276766917293234,0.11689354066985647
490,sc_2007_insc_59,0.5310833333333334,0.11666666666666667,0.4644166666666667,0.09912575757575758
490,sc_2008_insc_823,0.5691785714285714,0.12275,0.4740785714285714,0.07275000000000001
490,sc_2023_insc_1032,0.39999999999999997,0.05,0.39764999999999995,0.042666666666666665
491,in_abs_train_1519,0.39999999999999997,0.05,0.3985,0.048650000000000006
491,in_abs_train_2334,0.54775,0.04775000000000001,0.46479166666666655,0.04775000000000001
491,in_abs_train_2908,0.52,0.11,0.44706250000000003,0.062625
491,sc_1960_insc_244,0.5461538461538461,0.08640384615384614,0.471951923076923,0.06275444219523167
491,sc_1987_insc_244,0.4666666666666666,0.15,0.4429444444444444,0.07802583333333332
491,sc_1991_insc_298,0.5727499999999999,0.04775000000000001,0.4369166666666666,0.04775000000000001
491,sc_1996_insc_427,0.54775,0.05,0.43703571428571425,0.048875
491,sc_2002_insc_353,0.46441666666666664,0.12275,0.42441666666666666,0.09647222222222222
491,sc_2004_insc_328,0.44390384615384615,0.09390384615384614,0.4235021978021978,0.06388461538461539
491,sc_2009_insc_354,0.509090909090909,0.1568409090909091,0.48228636363636357,0.15381060606060606
491,sc_2015_insc_620,0.4910833333333333,0.13749358974358974,0.4407222222222222,0.08381993006993008
491,sc_2019_insc_1051,0.6077499999999999,0.19775,0.5006499999999999,0.14191666666666666
492,in_abs_train_1279,0.39999999999999997,0.14775,0.3983125,0.08775000000000001
492,in_abs_train_5383,0.42082692307692304,0.13229545454545455,0.4061923076923077,0.10811298701298702
492,sc_1966_insc_78,0.509090909090909,0.10229545454545455,0.45304545454545453,0.07833986013986013
492,sc_1971_insc_117,0.66775,0.10775000000000001,0.5186499999999999,0.0866818181818182
492,sc_1973_insc_251,0.6737556561085972,0.3141527149321267,0.5972167953821204,0.24307013574660633
492,sc_1993_insc_90,0.39775,0.11,0.39775,0.0644375
492,sc_1998_insc_223,0.49999999999999994,0.04775000000000001,0.41864999999999997,0.04775000000000001
492,sc_2007_insc_497,0.4635394736842105,0.21441666666666667,0.43030183413078155,0.1485
492,sc_2009_insc_1157,0.5613863636363635,0.19775,0.49989267676767674,0.17729545454545453
492,sc_2010_insc_308,0.5039038461538461,0.15390384615384614,0.46156424825174824,0.09465045248868778
492,sc_2024_insc_158,0.4897954545454545,0.21108333333333332,0.4409318181818181,0.1493426406926407
493,in_abs_train_215,0.4565,0.10539705882352941,0.4175833333333333,0.08949019607843137
493,in_abs_train_6951,0.66775,0.2,0.54175,0.1585
493,sc_1966_insc_17,0.570826923076923,0.2944166666666666,0.5337467948717948,0.15378156565656564
493,sc_1972_insc_217,0.49774999999999997,0.05,0.43589991258741256,0.04775863970588236
493,sc_1975_insc_2,0.5449999999999999,0.2,0.44683333333333336,0.1391
493,sc_1988_insc_340,0.7477499999999999,0.24615384615384617,0.6144166666666666,0.2230769230769231
493,sc_1999_insc_366,0.5552499999999999,0.24275,0.5443571428571428,0.15974999999999998
493,sc_2003_insc_586,0.49774999999999997,0.05,0.4314583333333333,0.048875
493,sc_2010_insc_862,0.7084642857142857,0.09060714285714286,0.5778639455782313,0.09060714285714286
493,sc_2012_insc_88,0.45775,0.11,0.41775,0.07265
493,sc_2019_insc_179,0.5457142857142857,0.09775,0.5320624999999999,0.060812500000000005
493,sc_2019_insc_847,0.54775,0.05,0.4397499999999999,0.04850000000000001
494,sc_1954_insc_20,0.6102499999999998,0.33525,0.5644166666666666,0.18781666666666666
494,sc_1963_insc_66,0.5083333333333333,0.15833333333333333,0.4666565656565656,0.15554166666666666
494,sc_1972_insc_295,0.39999999999999997,0.22499999999999998,0.39924999999999994,0.1696772727272727
494,sc_1993_insc_152,0.6,0.41666666666666663,0.5505119047619047,0.25456249999999997
494,sc_1996_insc_112,0.39775,0.05,0.39775,0.04820000000000001
494,sc_1996_insc_557,0.49999999999999994,0.04775000000000001,0.41764999999999997,0.04775000000000001
494,sc_1996_insc_815,0.6237240259740259,0.2675824175824176,0.5560722402597402,0.15646297452547453
494,sc_2000_insc_583,0.39999999999999997,0.05,0.39831249999999996,0.04831250000000001
494,sc_2001_insc_228,0.47274999999999995,0.11441666666666667,0.44649155011655006,0.11108333333333334
494,sc_2010_insc_600,0.4732954545454545,0.10454545454545455,0.4318805194805194,0.06743181818181819
494,sc_2015_insc_226,0.6374935897435896,0.1712121212121212,0.5283935897435896,0.12021717171717172
494,sc_2017_insc_21,0.5153970588235294,0.21764705882352942,0.4821045751633986,0.18133092691622105
495,in_abs_train_2837,0.56,0.21844251336898393,0.5045930944055944,0.15176589954163483
495,in_abs_train_6858,0.5691785714285714,0.24775,0.5289761904761905,0.16489285714285712
495,sc_1975_insc_335,0.5102767857142856,0.21012237762237762,0.49146750645188136,0.1217757867132867
495,sc_1977_insc_123,0.48499999999999993,0.23275,0.4823095238095238,0.1706510989010989
495,sc_1992_insc_274,0.39999999999999997,0.05,0.3985,0.048650000000000006
495,sc_2001_insc_532,0.59775,0.2357142857142857,0.5187380952380952,0.21069285714285715
495,sc_2005_insc_308,0.5177499999999999,0.16999999999999998,0.4583125,0.108875
495,sc_2007_insc_858,0.5714285714285715,0.19775,0.46752142857142853,0.12707142857142859
495,sc_2012_insc_39,0.7215056561085971,0.22371153846153846,0.6307959276018098,0.16139334195216548
495,sc_2013_insc_732,0.4977499999999999,0.15275,0.4535833333333333,0.09877142857142858
495,sc_2019_insc_872,0.59775,0.20999999999999996,0.5000151515151515,0.18065
495,sc_2021_insc_66,0.39999999999999997,0.05,0.3982,0.04850000000000001
496,in_abs_train_3340,0.6875,0.3428571428571428,0.6764485294117646,0.3044418767507003
496,in_abs_train_703,0.6753518099547511,0.26155090497737554,0.5574057853910794,0.1243366515837104
496,in_abs_train_892,0.4834642857142857,0.13571428571428573,0.44060714285714286,0.10724107142857144
496,sc_1962_insc_244,0.45999999999999996,0.04775000000000001,0.4294374999999999,0.04775000000000001
496,sc_1962_insc_258,0.4669807692307692,0.12142857142857143,0.44211263736263734,0.06878681318681319
496,sc_1978_insc_131,0.55875,0.2254827935222672,0.4866889140271493,0.17761978262965106
496,sc_2008_insc_263,0.39999999999999997,0.16775,0.3985,0.09920000000000001
496,sc_2009_insc_241,0.5714285714285715,0.22142857142857142,0.4667321428571429,0.17744642857142856
496,sc_2009_insc_487,0.54775,0.075,0.436625,0.061375
496,sc_2014_insc_234,0.39999999999999997,0.2,0.398875,0.12331250000000002
496,sc_2015_insc_45,0.54775,0.2,0.44775000000000004,0.11909999999999998
496,sc_2021_insc_18,0.45775,0.10229545454545455,0.4344166666666666,0.07001818181818183
497,in_abs_train_264,0.39999999999999997,0.05,0.3983125,0.04943750000000001
497,in_abs_train_821,0.6159318181818181,0.27,0.5250113636363636,0.18285795454545453
497,sc_1958_insc_70,0.4666666666666666,0.1196375,0.42804166666666665,0.115721875
497,sc_1980_insc_238,0.6950227272727273,0.26666666666666666,0.5567712121212122,0.21008333333333332
497,sc_1995_insc_272,0.39775,0.05,0.39775,0.047625
497,sc_1997_insc_610,0.6977499999999999,0.34775,0.6072410714285713,0.24747916666666667
497,sc_2003_insc_602,0.49774999999999997,0.19775,0.43775000000000003,0.14474107142857146
497,sc_2006_insc_595,0.4750227272727272,0.22372402597402596,0.4511350649350649,0.1135508658008658
497,sc_2010_insc_612,0.4461538461538461,0.16999999999999998,0.4146346153846154,0.08484285714285714
497,sc_2011_insc_224,0.39999999999999997,0.04775000000000001,0.39864999999999995,0.04608333333333334
497,sc_2015_insc_524,0.55775,0.18275,0.4940181818181818,0.15016666666666667
497,sc_2021_insc_342,0.634090909090909,0.18411363636363637,0.5258272727272726,0.14419522144522146
498,in_abs_train_6171,0.59775,0.2969166666666666,0.5543666666666666,0.2513611111111111
498,sc_1959_insc_52,0.6022954545454544,0.25229545454545454,0.47728409090909085,0.14002272727272727
498,sc_1961_insc_212,0.39999999999999997,0.125,0.3985,0.06365000000000001
498,sc_1966_insc_134,0.4333333333333333,0.13775,0.4322083333333333,0.09630681818181819
498,sc_1976_insc_327,0.543903846153846,0.17991783216783216,0.4862167832167832,0.11806774475524474
498,sc_1992_insc_327,0.5691785714285714,0.26917857142857143,0.5480595238095237,0.2255521978021978
498,sc_1992_insc_353,0.425,0.1358452380952381,0.42241849816849814,0.08428058608058608
498,sc_1999_insc_140,0.39775,0.18108333333333335,0.39775,0.06711904761904762
498,sc_2012_insc_330,0.5928571428571429,0.10454545454545452,0.48025750915750914,0.08977272727272725
498,sc_2013_insc_786,0.6077499999999999,0.2791785714285714,0.5083999125874126,0.17765746753246753
498,sc_2017_insc_873,0.39775,0.19775,0.39775,0.07312500000000001
498,sc_2023_insc_416,0.5906071428571428,0.2563966165413534,0.5022086466165414,0.1712799787931367
499,in_abs_train_1503,0.49999999999999994,0.14775,0.473875,0.07275000000000001
499,in_abs_train_5054,0.39999999999999997,0.05,0.3982,0.043416666666666666
499,in_abs_train_5892,0.39999999999999997,0.04775000000000001,0.3983125,0.04775000000000001
499,in_abs_train_6426,0.42774999999999996,0.14775,0.4160833333333333,0.08592916666666665
499,sc_1961_insc_352,0.5777499999999999,0.14666666666666667,0.5049791666666666,0.10974479166666667
499,sc_1963_insc_26,0.39775,0.19775,0.39775,0.085625
499,sc_1988_insc_36,0.39775,0.05,0.39775,0.04812500000000001
499,sc_1992_insc_257,0.39775,0.15608333333333332,0.39525,0.08359722222222223
499,sc_2006_insc_105,0.56875,0.07142857142857142,0.48082467532467527,0.06723483709273184
499,sc_2006_insc_468,0.6022954545454544,0.19775,0.45471590909090903,0.12275000000000001
499,sc_2012_insc_212,0.5777499999999999,0.16775,0.4826249999999999,0.1083125
499,sc_2022_insc_1054,0.39775,0.04775000000000001,0.39775,0.04775000000000001
500,in_abs_train_2501,0.39999999999999997,0.05,0.398875,0.04831250000000001
500,in_abs_train_4017,0.5576470588235295,0.10917857142857143,0.4761921568627451,0.10665756302521008
500,sc_1959_insc_166,0.5191785714285714,0.19775,0.485737012987013,0.11829166666666667
500,sc_1965_insc_292,0.5610833333333333,0.13974358974358975,0.48921666666666663,0.12713675213675213
500,sc_1972_insc_286,0.39775,0.09285714285714286,0.39775,0.06517142857142857
500,sc_1977_insc_79,0.54775,0.24775,0.4462257575757576,0.18108333333333335
500,sc_1986_insc_44,0.6527499999999999,0.18,0.5073328932971789,0.18
500,sc_1990_insc_315,0.5810833333333333,0.22999999999999998,0.4929444444444444,0.16353333333333334
500,sc_2007_insc_1235,0.5177499999999999,0.11,0.44275,0.06331250000000001
500,sc_2011_insc_785,0.5830769230769232,0.1930769230769231,0.5215384615384615,0.12528321678321677
500,sc_2013_insc_216,0.39999999999999997,0.12275,0.3985,0.0632
500,sc_2023_insc_159,0.4666666666666666,0.125,0.43865,0.09572222222222222
501,in_abs_train_2475,0.595,0.11441666666666667,0.502215909090909,0.08220833333333333
501,in_abs_train_2700,0.5191785714285714,0.18621153846153846,0.46541483516483517,0.15696634615384614
501,sc_1972_insc_114,0.44487179487179485,0.12691666666666668,0.4100929487179487,0.09102866541353384
501,sc_1982_insc_92,0.39999999999999997,0.16560714285714284,0.398875,0.09333928571428571
501,sc_1984_insc_84,0.5105705128205128,0.19005769230769232,0.45441135531135524,0.14850414781297133
501,sc_2004_insc_524,0.5349999999999999,0.10775000000000001,0.4748977272727272,0.09194886363636363
501,sc_2015_insc_359,0.49774999999999997,0.05,0.42387499999999995,0.04831250000000001
501,sc_2015_insc_430,0.47274999999999995,0.27275,0.4337291666666666,0.12066666666666667
501,sc_2023_insc_17,0.6661538461538462,0.34337662337662334,0.5297861027861027,0.23437450049950048
501,sc_2023_insc_630,0.49999999999999994,0.11666666666666667,0.44262499999999994,0.08110416666666667
501,sc_2024_insc_259,0.47274999999999995,0.19775,0.4435,0.10175000000000001
502,in_abs_train_6808,0.39775,0.07535714285714284,0.39775,0.05083928571428571
502,sc_1960_insc_2,0.5390909090909091,0.25775,0.46842045454545456,0.14482702020202018
502,sc_1961_insc_170,0.65,0.27275,0.5426577380952381,0.2165
502,sc_1979_insc_40,0.54775,0.21441666666666667,0.5227499999999999,0.09653333333333333
502,sc_1991_insc_346,0.39775,0.05,0.39775,0.047721875000000004
502,sc_1996_insc_1218,0.4834642857142857,0.13346428571428573,0.4792321428571428,0.10132142857142856
502,sc_2003_insc_468,0.4330441176470588,0.08304411764705882,0.40657352941176467,0.06546936274509804
502,sc_2007_insc_666,0.5458269230769229,0.22729545454545455,0.5111364468864469,0.15996623376623378
502,sc_2008_insc_1057,0.39999999999999997,0.05,0.398875,0.04831250000000001
502,sc_2010_insc_142,0.54775,0.27999999999999997,0.44331249999999994,0.19596401515151515
502,sc_2018_insc_744,0.54775,0.09775,0.4582,0.06516666666666666
502,sc_2022_insc_196,0.5558269230769229,0.26775,0.5242884615384615,0.23158173076923072
503,in_abs_train_1755,0.4944166666666666,0.1433333333333333,0.46907793595293584,0.09554166666666666
503,in_abs_train_6219,0.6213863636363636,0.1568409090909091,0.5452386363636363,0.15244715909090908
503,sc_1957_insc_114,0.6232954545454545,0.06917857142857144,0.45114631202131195,0.06846428571428573
503,sc_1964_insc_137,0.6394166666666665,0.2922222222222222,0.6394166666666665,0.16264978872674293
503,sc_1987_insc_371,0.4749999999999999,0.125,0.4286499999999999,0.11925000000000001
503,sc_1988_insc_99,0.5191785714285714,0.3282694805194805,0.47344805194805195,0.20949438061938064
503,sc_1996_insc_401,0.49740259740259735,0.20775,0.47012987012987006,0.13360119047619048
503,sc_2006_insc_46,0.45775,0.11,0.42774999999999996,0.05154166666666667
503,sc_2008_insc_1359,0.54775,0.19775,0.44820000000000004,0.09775
503,sc_2012_insc_253,0.5068409090909091,0.19775,0.483581585081585,0.08775000000000001
503,sc_2018_insc_900,0.4834642857142857,0.26441666666666663,0.4735436507936508,0.1710833333333333
503,sc_2023_insc_865,0.5230769230769231,0.17991783216783216,0.4607960372960373,0.17633391608391608
504,sc_1960_insc_258,0.6633333333333332,0.26775,0.5696545454545453,0.21386111111111109
504,sc_1964_insc_101,0.45775,0.06917857142857144,0.4102,0.05489285714285715
504,sc_1967_insc_255,0.7244166666666666,0.3894166666666666,0.6955416666666666,0.30425757575757567
504,sc_1985_insc_231,0.7386590909090909,0.40774999999999995,0.6666235431235431,0.32865909090909085
504,sc_1989_insc_314,0.5114862637362636,0.14417857142857143,0.4368983516483516,0.08339560439560441
504,sc_1994_insc_404,0.6144166666666666,0.125,0.5476249999999999,0.123875
504,sc_1997_insc_46,0.6530441176470587,0.31775,0.6280445877651759,0.3028939393939394
504,sc_1999_insc_104,0.45775,0.16229545454545455,0.42698125,0.12058522727272727
504,sc_2008_insc_669,0.4749999999999999,0.125,0.44647222222222216,0.0941
504,sc_2020_insc_173,0.49774999999999997,0.11666666666666667,0.4682261904761904,0.11516666666666668
504,sc_2022_insc_1173,0.46764705882352936,0.156724358974359,0.4530667182662539,0.1099571392659628
504,sc_2023_insc_330,0.5377500000000001,0.13571428571428573,0.4440267857142857,0.07030357142857144
505,in_abs_train_1199,0.39775,0.15,0.39775,0.06267857142857144
505,sc_1967_insc_170,0.5327499999999998,0.19229545454545455,0.4809055944055944,0.11252272727272727
505,sc_1981_insc_7,0.54775,0.1785714285714286,0.5093571428571428,0.12298214285714287
505,sc_1996_insc_933,0.46649999999999997,0.12104545454545454,0.4403484848484848,0.08557727272727272
505,sc_2004_insc_81,0.5310833333333334,0.18108333333333335,0.473875,0.12941666666666668
505,sc_2007_insc_126,0.5209642857142857,0.0875,0.42911607142857144,0.06602083333333333
505,sc_2008_insc_652,0.49774999999999997,0.05,0.4233125,0.048875
505,sc_2011_insc_788,0.5068409090909091,0.1590909090909091,0.46593181818181817,0.13939641608391606
505,sc_2013_insc_51,0.39999999999999997,0.11441666666666667,0.3985,0.08220833333333333
505,sc_2013_insc_80,0.4834642857142857,0.28346428571428567,0.4390535714285714,0.14953571428571427
505,sc_2015_insc_250,0.39999999999999997,0.05,0.3982,0.04850000000000001
505,sc_2020_insc_551,0.54775,0.20999999999999996,0.45081249999999995,0.1519375
506,in_abs_train_4113,0.7352499999999998,0.49775,0.5868333333333332,0.379
506,in_abs_train_4486,0.48571428571428565,0.1501309523809524,0.45738571428571423,0.09993253968253969
506,sc_1964_insc_93,0.4944166666666666,0.14441666666666667,0.46275,0.08911507936507938
506,sc_1972_insc_265,0.4461538461538461,0.1,0.41388461538461535,0.09695192307692307
506,sc_1975_insc_265,0.8181818181818181,0.35979020979020976,0.6274568348318348,0.33001573426573416
506,sc_1985_insc_206,0.5122954545454546,0.11,0.44554924242424243,0.08
506,sc_1995_insc_778,0.6634642857142856,0.24060714285714285,0.6020357142857142,0.11814285714285716
506,sc_1996_insc_1105,0.7191785714285713,0.36917857142857147,0.678702380952381,0.2824857142857143
506,sc_2003_insc_344,0.44775,0.14060714285714285,0.4210490196078431,0.0755805194805195
506,sc_2003_insc_582,0.4666666666666666,0.12275,0.4436944444444444,0.10182916666666668
506,sc_2007_insc_672,0.5506911764705882,0.12,0.4746406289788643,0.0822625
506,sc_2009_insc_1259,0.4834642857142857,0.22142857142857142,0.44929365079365075,0.12662857142857142
507,in_abs_train_2071,0.6077499999999999,0.13775,0.5318030303030302,0.13611875
507,in_abs_train_3361,0.5818409090909089,0.25608333333333333,0.5231287878787878,0.18729166666666666
507,in_abs_train_4310,0.45454545454545453,0.1400576923076923,0.42891018981018975,0.13026748251748252
507,in_abs_train_4628,0.4461538461538461,0.09615384615384615,0.4329278846153846,0.08021295248868779
507,in_abs_train_6484,0.7191785714285713,0.3726375,0.6353690476190476,0.320605521978022
507,sc_1970_insc_30,0.509090909090909,0.18411363636363634,0.46247945804195806,0.15753896103896103
507,sc_1993_insc_381,0.49774999999999997,0.15,0.43735714285714283,0.15
507,sc_1997_insc_394,0.4834642857142857,0.12275,0.44367619047619045,0.07275
507,sc_2001_insc_364,0.4749999999999999,0.05,0.411,0.048875
507,sc_2007_insc_1249,0.4749999999999999,0.09615384615384615,0.41319999999999996,0.06463461538461539
507,sc_2008_insc_1084,0.6977499999999999,0.13571428571428573,0.54475,0.10282142857142856
507,sc_2019_insc_1268,0.4428571428571428,0.09060714285714286,0.4314231092436974,0.0620357142857143
508,in_abs_train_1867,0.5327499999999998,0.05,0.4572916666666666,0.048875
508,in_abs_train_2811,0.45775,0.11,0.4102,0.0685
508,in_abs_train_5709,0.54775,0.28346428571428567,0.47956249999999995,0.1506607142857143
508,sc_1969_insc_65,0.5605042016806723,0.26039705882352937,0.5076132703081233,0.1666894902697921
508,sc_1969_insc_91,0.46203571428571427,0.19775,0.4398190476190476,0.10400000000000002
508,sc_1971_insc_187,0.5830769230769232,0.235,0.4961650641025641,0.17078627622377623
508,sc_1989_insc_165,0.39775,0.15390384615384614,0.39775,0.09945192307692306
508,sc_1995_insc_235,0.49774999999999997,0.05,0.44775,0.04850000000000001
508,sc_2006_insc_541,0.5177499999999999,0.10775000000000001,0.44575,0.06775000000000002
508,sc_2008_insc_685,0.6334642857142856,0.13346428571428573,0.5024857142857142,0.10132142857142858
508,sc_2017_insc_4,0.47274999999999995,0.19775,0.4170625,0.0858125
508,sc_2020_insc_279,0.47274999999999995,0.05,0.4338486111111111,0.048875
509,in_abs_train_7076,0.49060714285714285,0.13346428571428573,0.4539142857142857,0.10727380952380954
509,sc_1955_insc_34,0.54775,0.2,0.46479166666666666,0.125
509,sc_1984_insc_148,0.47917857142857145,0.12775,0.44122802197802197,0.09013571428571429
509,sc_1988_insc_308,0.46441666666666664,0.26441666666666663,0.4621944444444444,0.15732575757575756
509,sc_1992_insc_210,0.5068409090909091,0.12956818181818183,0.4744740259740259,0.10137272727272728
509,sc_2001_insc_323,0.5177499999999999,0.1,0.45799999999999996,0.09563942307692308
509,sc_2006_insc_113,0.46441666666666664,0.11441666666666667,0.46441666666666664,0.08585714285714285
509,sc_2007_insc_935,0.49999999999999994,0.19775,0.471951923076923,0.07425
509,sc_2009_insc_555,0.4333333333333333,0.15002272727272728,0.424633658008658,0.11263068181818181
509,sc_2010_insc_679,0.45775,0.11666666666666667,0.4453970588235294,0.07911111111111112
509,sc_2019_insc_1141,0.49999999999999994,0.04775000000000001,0.45694230769230765,0.04775000000000001
509,sc_2020_insc_324,0.39999999999999997,0.14775,0.3983125,0.0733125
510,in_abs_train_2822,0.5499999999999999,0.197,0.4700090909090909,0.11750000000000001
510,in_abs_train_403,0.606840909090909,0.1845454545454545,0.5943409090909091,0.14137878787878788
510,in_abs_train_6479,0.6022954545454544,0.25229545454545454,0.5284204545454545,0.17463257575757574
510,sc_1994_insc_49,0.39999999999999997,0.05,0.398875,0.04850000000000001
510,sc_1995_insc_16,0.39775,0.15,0.39775,0.08258333333333334
510,sc_2008_insc_579,0.5977499999999999,0.24999999999999994,0.505195707070707,0.21554166666666663
510,sc_2008_insc_707,0.5177499999999999,0.10775000000000001,0.45865,0.08593181818181818
510,sc_2011_insc_625,0.46441666666666664,0.18941666666666668,0.44535416666666666,0.09983333333333334
510,sc_2016_insc_46,0.48571428571428565,0.15,0.45780357142857137,0.1119375
510,sc_2017_insc_807,0.5272954545454545,0.1568409090909091,0.46400874125874125,0.10792727272727273
510,sc_2019_insc_28,0.39999999999999997,0.13346428571428573,0.3983125,0.06917857142857144
511,in_abs_train_3791,0.49774999999999997,0.12275,0.4233125,0.0670625
511,in_abs_train_6434,0.47274999999999995,0.05,0.44849999999999995,0.048650000000000006
511,sc_1969_insc_162,0.54775,0.15,0.44775000000000004,0.08865
511,sc_1973_insc_66,0.46441666666666664,0.19166666666666665,0.4322083333333333,0.1409145299145299
511,sc_1992_insc_254,0.6177499999999999,0.22954545454545455,0.5816818181818181,0.1737244755244755
511,sc_1996_insc_1051,0.4749999999999999,0.19775,0.4235,0.10775000000000001
511,sc_2005_insc_589,0.595,0.10775000000000001,0.526375,0.06759090909090909
511,sc_2008_insc_129,0.5499999999999999,0.19775,0.47443749999999996,0.12866964285714289
511,sc_2009_insc_508,0.606840909090909,0.25229545454545454,0.504560606060606,0.15183636363636363
511,sc_2014_insc_481,0.39775,0.14775,0.3973333333333333,0.10775000000000001
511,sc_2017_insc_605,0.4795454545454545,0.21227272727272722,0.45852272727272725,0.12536868686868685
511,sc_2022_insc_9,0.65,0.25775,0.47865,0.20502272727272727
512,sc_1987_insc_221,0.49774999999999997,0.14775,0.4318333333333333,0.08864999999999999
512,sc_1990_insc_174,0.46441666666666664,0.2833333333333333,0.4119833333333333,0.1262777777777778
512,sc_1996_insc_151,0.42,0.12954545454545455,0.4194523809523809,0.0928986924839866
512,sc_2000_insc_271,0.4749999999999999,0.12275,0.4235,0.0891090909090909
512,sc_2003_insc_263,0.605,0.16775,0.48000909090909083,0.12775
512,sc_2007_insc_972,0.5352499999999999,0.14441666666666667,0.49611147186147175,0.12219444444444444
512,sc_2009_insc_204,0.5499999999999999,0.14775,0.436365625,0.0733125
512,sc_2012_insc_568,0.51025,0.19775,0.494,0.13720833333333335
512,sc_2013_insc_342,0.7577499999999999,0.34274999999999994,0.6410833333333332,0.2609204545454545
512,sc_2021_insc_864,0.49774999999999997,0.15,0.4314583333333333,0.1
512,sc_2022_insc_561,0.39999999999999997,0.13024999999999998,0.3982,0.076
513,in_abs_train_333,0.39999999999999997,0.04775000000000001,0.3983928571428571,0.04775000000000001
513,in_abs_train_4813,0.5564102564102564,0.10775000000000001,0.49038205128205126,0.06775000000000002
513,sc_1971_insc_273,0.49229545454545454,0.1276223776223776,0.4535719696969697,0.12433391608391607
513,sc_1987_insc_270,0.5327499999999998,0.185,0.5170357142857142,0.17469285714285715
513,sc_1992_insc_200,0.55775,0.20229545454545453,0.5395625,0.16388636363636364
513,sc_1995_insc_814,0.49774999999999997,0.2,0.43775,0.13258333333333333
513,sc_1996_insc_1069,0.5529947552447552,0.15615384615384614,0.48746028971028965,0.0856201923076923
513,sc_1996_insc_846,0.39999999999999997,0.15,0.39909999999999995,0.12905555555555556
513,sc_1998_insc_200,0.6782694805194805,0.33446328671328673,0.5206306193806193,0.3022316433566434
513,sc_2009_insc_394,0.39775,0.04775000000000001,0.39775,0.04775000000000001
513,sc_2013_insc_197,0.4776223776223776,0.17991783216783216,0.45959256007150734,0.13295998445998447
513,sc_2017_insc_35,0.49999999999999994,0.12275,0.43365,0.07100000000000001
514,in_abs_train_1753,0.5810833333333333,0.2375,0.5030530303030303,0.1035
514,in_abs_train_2081,0.49999999999999994,0.14775,0.44206249999999997,0.0725625
514,in_abs_train_6457,0.39999999999999997,0.05,0.3982,0.04850000000000001
514,sc_1984_insc_157,0.44775,0.09060714285714286,0.42691666666666667,0.0899857142857143
514,sc_1987_insc_333,0.65775,0.30774999999999997,0.5418928571428571,0.2558452380952381
514,sc_1992_insc_287,0.5666666666666667,0.18941666666666668,0.5540555555555555,0.10986666666666664
514,sc_1993_insc_209,0.5923076923076923,0.09390384615384614,0.47667788461538463,0.07112774725274726
514,sc_2007_insc_1145,0.5522954545454545,0.10775000000000001,0.47672447552447555,0.08775000000000001
514,sc_2007_insc_417,0.5499999999999999,0.04775000000000001,0.4553166666666667,0.04775000000000001
514,sc_2007_insc_551,0.39775,0.05,0.39775,0.048650000000000006
514,sc_2008_insc_866,0.49774999999999997,0.2,0.4310833333333333,0.079025
514,sc_2020_insc_596,0.4749999999999999,0.08525,0.4749999999999999,0.058077639751552786
515,in_abs_train_1314,0.5496980519480519,0.19969805194805196,0.49872402597402593,0.13450649350649352
515,in_abs_train_2007,0.5977499999999999,0.3041602564102564,0.5647083333333333,0.21450407925407927
515,sc_1965_insc_148,0.5545454545454546,0.20454545454545453,0.4737234848484848,0.12614772727272727
515,sc_1976_insc_186,0.6636590909090908,0.27991783216783217,0.6193295454545453,0.2405270979020979
515,sc_1988_insc_81,0.44775,0.09775,0.41180769230769226,0.09775
515,sc_1994_insc_321,0.8602499999999998,0.3060833333333333,0.6844999999999999,0.26818429487179485
515,sc_2000_insc_321,0.5673076923076923,0.1,0.5023090659340659,0.08581250000000001
515,sc_2001_insc_26,0.5499999999999999,0.19775,0.4492499999999999,0.1282
515,sc_2004_insc_278,0.6227499999999999,0.32275000000000004,0.5484999999999999,0.20441666666666664
515,sc_2005_insc_532,0.46963749999999993,0.05,0.43369375,0.04887500000000001
515,sc_2010_insc_876,0.5352499999999999,0.32755769230769227,0.4919595588235294,0.1652386877828054
515,sc_2011_insc_199,0.49774999999999997,0.15,0.47387499999999994,0.08990064102564103
516,sc_1957_insc_16,0.520826923076923,0.17082692307692307,0.44401538461538453,0.10491025641025642
516,sc_1959_insc_50,0.49807692307692303,0.17727272727272725,0.45340069930069926,0.13103321678321678
516,sc_1995_insc_459,0.39775,0.20775,0.39775,0.11015000000000001
516,sc_1997_insc_434,0.5333333333333333,0.11441666666666667,0.4636805555555556,0.08108333333333334
516,sc_2001_insc_87,0.39775,0.12275,0.39775,0.098125
516,sc_2005_insc_280,0.4749999999999999,0.04775000000000001,0.411375,0.04775000000000001
516,sc_2006_insc_749,0.54775,0.05,0.456375,0.048875
516,sc_2007_insc_802,0.6227499999999999,0.19275,0.5320625,0.10066666666666667
516,sc_2011_insc_336,0.4924868421052631,0.11441666666666667,0.469328947368421,0.10177485380116959
516,sc_2013_insc_101,0.45775,0.11,0.41331249999999997,0.0933125
516,sc_2021_insc_425,0.4749999999999999,0.09285714285714286,0.4395459183673469,0.09285714285714286
516,sc_2022_insc_663,0.5666666666666667,0.21441666666666667,0.47223737373737373,0.1232
517,in_abs_train_2866,0.49999999999999994,0.11666666666666667,0.442625,0.08220833333333333
517,in_abs_train_5491,0.39999999999999997,0.35,0.398875,0.1999107142857143
517,in_abs_train_688,0.6477499999999999,0.3191785714285714,0.5362108724608724,0.3184642857142857
517,sc_1982_insc_11,0.55775,0.25775,0.4851666666666667,0.12753333333333333
517,sc_1996_insc_552,0.47274999999999995,0.15684090909090906,0.4326249999999999,0.07502272727272727
517,sc_1997_insc_648,0.49999999999999994,0.34775,0.49849999999999994,0.16534285714285715
517,sc_2002_insc_328,0.52,0.31775,0.5161477272727273,0.1608125
517,sc_2003_insc_723,0.39775,0.10229545454545454,0.39775,0.06456363636363636
517,sc_2004_insc_556,0.4461538461538461,0.19775,0.4146346153846154,0.09955
517,sc_2010_insc_78,0.39999999999999997,0.07775000000000001,0.39924999999999994,0.06275000000000001
517,sc_2019_insc_143,0.6439393939393939,0.36060606060606054,0.5750874125874126,0.24236553030303026
518,in_abs_train_4695,0.5613863636363635,0.1568409090909091,0.507965909090909,0.11593181818181819
518,sc_1972_insc_73,0.4749999999999999,0.17441666666666666,0.4701722222222222,0.10799242424242425
518,sc_2002_insc_506,0.59775,0.1568409090909091,0.5147840909090909,0.10098295454545456
518,sc_2002_insc_510,0.49005769230769225,0.19390384615384615,0.46003846153846145,0.12226593406593407
518,sc_2009_insc_205,0.39999999999999997,0.11666666666666667,0.398875,0.05998611111111112
518,sc_2010_insc_234,0.49774999999999997,0.04775000000000001,0.43409999999999993,0.04775000000000001
518,sc_2010_insc_385,0.39999999999999997,0.14775,0.398875,0.08941666666666666
518,sc_2011_insc_248,0.49774999999999997,0.33108333333333334,0.447665625,0.15608333333333335
518,sc_2013_insc_20,0.58,0.26,0.5292499999999999,0.21421666666666667
518,sc_2017_insc_1244,0.49774999999999997,0.27275,0.44887499999999997,0.1295625
518,sc_2019_insc_1034,0.5384615384615384,0.24775,0.48196634615384615,0.16821703296703297
518,sc_2020_insc_608,0.6451525974025972,0.34659090909090906,0.5429761650114592,0.25010154173312066
519,in_abs_train_3977,0.5664999999999999,0.32632142857142854,0.5000813492063492,0.28114285714285714
519,in_abs_train_6993,0.5384615384615384,0.20164835164835165,0.4817046703296703,0.11526304945054945
519,sc_1960_insc_97,0.6732142857142857,0.17275,0.5173511904761904,0.17025
519,sc_1971_insc_176,0.49999999999999994,0.14775,0.4325833333333333,0.0876
519,sc_1981_insc_5,0.5068409090909091,0.05,0.4428219696969697,0.05
519,sc_1996_insc_748,0.4666666666666666,0.25775,0.4590790598290598,0.15353333333333335
519,sc_1996_insc_950,0.4834642857142857,0.05,0.4112806122448979,0.05
519,sc_1999_insc_38,0.49999999999999994,0.19346428571428576,0.4604047619047618,0.13603571428571432
519,sc_2009_insc_48,0.7077499999999999,0.35775,0.5002,0.24108333333333332
519,sc_2016_insc_62,0.5522954545454545,0.10775000000000001,0.4822954545454546,0.10486363636363638
519,sc_2019_insc_398,0.49774999999999997,0.04775000000000001,0.4182,0.04775000000000001
519,sc_2019_insc_45,0.49999999999999994,0.11441666666666667,0.4325833333333333,0.061083333333333344
520,sc_1959_insc_8,0.5913863636363635,0.31638636363636363,0.5567846736596734,0.22087937062937063
520,sc_1962_insc_34,0.4310833333333333,0.07502272727272728,0.4198728632478632,0.07501136363636364
520,sc_1985_insc_161,0.5227499999999999,0.2743409090909091,0.5227499999999999,0.15609090909090909
520,sc_1986_insc_32,0.6572738095238094,0.1901742424242424,0.5605510204081632,0.1901742424242424
520,sc_1988_insc_39,0.5872727272727273,0.13727272727272727,0.5356136363636365,0.08744454545454546
520,sc_1998_insc_393,0.6334642857142856,0.13346428571428573,0.49173214285714284,0.1250654761904762
520,sc_2003_insc_77,0.7477499999999999,0.2,0.5492499999999999,0.17589230769230768
520,sc_2006_insc_957,0.5522954545454545,0.10229545454545455,0.4363825757575757,0.10002272727272728
520,sc_2008_insc_292,0.55775,0.20775,0.4710833333333333,0.1011090909090909
520,sc_2009_insc_59,0.6357142857142857,0.21917857142857144,0.5556428571428571,0.1579357142857143
520,sc_2011_insc_285,0.45454545454545453,0.1,0.4174318181818182,0.06788076923076924
520,sc_2021_insc_846,0.39999999999999997,0.19775,0.3983125,0.11081250000000001
521,in_abs_train_4319,0.5617609890109889,0.1908269230769231,0.4727403013653014,0.1308269230769231
521,sc_1964_insc_129,0.6334642857142856,0.04775000000000001,0.5392091836734693,0.04775000000000001
521,sc_1971_insc_9,0.39999999999999997,0.05,0.398875,0.048875
521,sc_1972_insc_194,0.48571428571428565,0.19775,0.4417321428571428,0.1008452380952381
521,sc_1976_insc_270,0.543076923076923,0.1930769230769231,0.5187619463869464,0.16195192307692308
521,sc_1977_insc_141,0.45229545454545456,0.2,0.4250227272727273,0.07387500000000001
521,sc_1981_insc_94,0.61,0.04775000000000001,0.47395238095238096,0.04775000000000001
521,sc_2006_insc_589,0.6166666666666667,0.2,0.47147222222222224,0.1082
521,sc_2009_insc_566,0.39999999999999997,0.05,0.3982,0.04925000000000001
521,sc_2012_insc_438,0.47372402597402596,0.12537237762237763,0.4576487776928953,0.09150624375624376
521,sc_2018_insc_102,0.39999999999999997,0.14775,0.398875,0.0983125
521,sc_2021_insc_225,0.49774999999999997,0.11441666666666667,0.4344166666666666,0.08108333333333334
522,in_abs_train_3656,0.47274999999999995,0.13346428571428573,0.430342857142857,0.11632142857142858
522,in_abs_train_4730,0.5900576923076922,0.19615384615384612,0.45602307692307686,0.14337179487179486
522,sc_1956_insc_44,0.6886590909090908,0.21363636363636362,0.5523276515151515,0.15398863636363636
522,sc_1961_insc_22,0.46441666666666664,0.26666666666666666,0.46441666666666664,0.13410714285714284
522,sc_1971_insc_202,0.5750227272727272,0.2083560606060606,0.5009853146853146,0.13625038850038848
522,sc_1990_insc_386,0.39999999999999997,0.05,0.39999999999999997,0.04839285714285715
522,sc_1991_insc_7,0.58,0.24108333333333334,0.5072083333333333,0.20528219696969696
522,sc_1993_insc_101,0.39999999999999997,0.11666666666666667,0.3985,0.08686666666666668
522,sc_1999_insc_468,0.39999999999999997,0.125,0.3985,0.0791
522,sc_2006_insc_833,0.45229545454545456,0.10229545454545455,0.4159318181818182,0.06910909090909093
522,sc_2007_insc_1203,0.39775,0.05,0.39775,0.04850000000000001
522,sc_2022_insc_850,0.581840909090909,0.2532694805194805,0.5088603896103895,0.2532694805194805
523,sc_1975_insc_1,0.6906071428571428,0.16679761904761906,0.6136785714285714,0.16679761904761906
523,sc_1976_insc_166,0.4749999999999999,0.14775,0.47387499999999994,0.07945238095238095
523,sc_1976_insc_69,0.4749999999999999,0.28502272727272726,0.43637499999999996,0.1560631313131313
523,sc_1985_insc_241,0.6060833333333332,0.16775,0.5019166666666666,0.14108333333333334
523,sc_2006_insc_813,0.7356287878787877,0.4358452380952381,0.6052247474747473,0.2617422410922411
523,sc_2008_insc_717,0.49774999999999997,0.04775000000000001,0.46706249999999994,0.04775000000000001
523,sc_2010_insc_61,0.45999999999999996,0.11,0.41064999999999996,0.08850000000000001
523,sc_2011_insc_543,0.6144166666666666,0.15,0.5048666666666667,0.08183333333333334
523,sc_2015_insc_880,0.625,0.22499999999999998,0.45456250000000004,0.14262499999999997
523,sc_2017_insc_1046,0.7199999999999999,0.30672435897435896,0.5908470695970695,0.2872371794871795
523,sc_2017_insc_1292,0.46441666666666664,0.04775000000000001,0.4096111111111111,0.03881250000000001
523,sc_2021_insc_521,0.6177499999999999,0.17991783216783216,0.5417326839826839,0.15604693541752365
524,in_abs_train_2715,0.4749999999999999,0.12275,0.4358125,0.06525
524,sc_1962_insc_42,0.4330441176470588,0.05,0.40769852941176465,0.048875
524,sc_1985_insc_216,0.6727499999999998,0.2583333333333333,0.5640333333333333,0.24213247863247864
524,sc_1988_insc_46,0.54775,0.09775,0.44887499999999997,0.07275000000000001
524,sc_1997_insc_652,0.75,0.3,0.6947410714285713,0.22887500000000002
524,sc_2000_insc_285,0.5295454545454544,0.17729545454545453,0.4710340909090909,0.14254951298701296
524,sc_2003_insc_142,0.39999999999999997,0.04775000000000001,0.3982,0.046000000000000006
524,sc_2005_insc_284,0.39775,0.12275,0.39775,0.08791666666666667
524,sc_2011_insc_568,0.6000227272727272,0.23525000000000001,0.5005216450216449,0.21319464285714287
524,sc_2015_insc_614,0.7272371794871794,0.19775,0.5464679487179487,0.12244487179487178
524,sc_2019_insc_308,0.39999999999999997,0.05,0.398875,0.04887500000000001
524,sc_2023_insc_533,0.59775,0.24775,0.5810833333333333,0.208935
525,sc_1957_insc_74,0.4272727272727272,0.1308269230769231,0.4068371212121211,0.12928846153846155
525,sc_1965_insc_164,0.5977499999999999,0.18333333333333335,0.5293166666666667,0.11571666666666668
525,sc_1983_insc_66,0.54775,0.19775,0.45399999999999996,0.13789583333333333
525,sc_1984_insc_67,0.4749999999999999,0.28346428571428567,0.4749999999999999,0.09366836734693876
525,sc_1991_insc_141,0.5263214285714286,0.11775,0.42436428571428575,0.07108333333333333
525,sc_1995_insc_168,0.49774999999999997,0.19775,0.4233125,0.1045625
525,sc_1995_insc_849,0.51025,0.2810833333333333,0.4510357142857142,0.17282121212121213
525,sc_1999_insc_338,0.5177499999999999,0.11,0.44331249999999994,0.06964423076923076
525,sc_2009_insc_1237,0.5107370129870129,0.4710833333333333,0.4289188311688311,0.26263455988455986
525,sc_2009_insc_52,0.49999999999999994,0.09775,0.44849999999999995,0.05775000000000001
525,sc_2012_insc_374,0.5263214285714285,0.2534642857142857,0.4779571428571428,0.1715595238095238
525,sc_2016_insc_1063,0.4749999999999999,0.05,0.43637499999999996,0.048875
526,in_abs_train_1365,0.45999999999999996,0.11,0.44665,0.10743181818181818
526,in_abs_train_1490,0.39999999999999997,0.05,0.39831249999999996,0.049437499999999995
526,in_abs_train_6367,0.6857142857142857,0.30238095238095236,0.618583170995671,0.1750654761904762
526,sc_1965_insc_171,0.5068409090909091,0.09775,0.4453901515151515,0.073875
526,sc_1976_insc_229,0.5282694805194805,0.15275,0.49957234432234426,0.11275
526,sc_2004_insc_200,0.54775,0.19775,0.44849999999999995,0.10775000000000001
526,sc_2007_insc_324,0.39999999999999997,0.12275,0.398875,0.07211111111111111
526,sc_2007_insc_370,0.5900576923076922,0.16785714285714284,0.5060048076923076,0.12310645604395604
526,sc_2008_insc_161,0.7727499999999998,0.37775,0.6894857142857143,0.3211547619047619
526,sc_2009_insc_398,0.54775,0.125,0.45775,0.07350000000000001
526,sc_2023_insc_590,0.45999999999999996,0.29774999999999996,0.45999999999999996,0.1724188311688312
526,sc_2023_insc_835,0.4461538461538461,0.05,0.4061923076923077,0.048875
527,in_abs_train_810,0.5114862637362636,0.18660714285714286,0.4569252747252747,0.16465750915750912
527,sc_1959_insc_5,0.6810833333333333,0.11666666666666667,0.5933214285714286,0.11666666666666667
527,sc_1978_insc_76,0.49774999999999997,0.14775,0.46762499999999996,0.09775
527,sc_1993_insc_23,0.52,0.16229545454545455,0.46849999999999997,0.1350227272727273
527,sc_1995_insc_710,0.625,0.04775000000000001,0.47804166666666664,0.04775000000000001
527,sc_2003_insc_440,0.5327499999999998,0.15,0.49081249999999993,0.0864375
527,sc_2008_insc_1193,0.54775,0.26441666666666663,0.4722410714285714,0.1536155303030303
527,sc_2008_insc_1421,0.4666666666666666,0.1358452380952381,0.43183333333333335,0.12179761904761906
527,sc_2014_insc_477,0.49774999999999997,0.1334642857142857,0.44775,0.10218344155844156
527,sc_2017_insc_276,0.39775,0.19775,0.39775,0.13145833333333334
527,sc_2018_insc_437,0.39775,0.09060714285714286,0.39775,0.062035714285714284
528,in_abs_train_4524,0.6159318181818181,0.26593181818181816,0.5988863636363635,0.22047727272727272
528,sc_1985_insc_67,0.49774999999999997,0.14775,0.42275,0.09474107142857144
528,sc_1992_insc_212,0.46441666666666664,0.11666666666666667,0.41480104166666665,0.09720833333333334
528,sc_1996_insc_460,0.49999999999999994,0.05,0.45219999999999994,0.04850000000000001
528,sc_1996_insc_650,0.5644166666666666,0.2856060606060606,0.5149833333333333,0.192511544011544
528,sc_1998_insc_71,0.4749999999999999,0.12275,0.43342045454545447,0.08525
528,sc_2008_insc_1016,0.5177499999999999,0.11,0.47275,0.09251136363636364
528,sc_2008_insc_91,0.5177499999999999,0.21917857142857144,0.4948928571428571,0.1682
528,sc_2014_insc_851,0.6519166666666666,0.1732142857142857,0.5230333333333332,0.1217936507936508
528,sc_2022_insc_492,0.6653970588235293,0.2,0.4821794117647058,0.16516666666666668
528,sc_2022_insc_741,0.54775,0.19775,0.4358125,0.08581250000000001
528,sc_2023_insc_569,0.39999999999999997,0.05,0.3985,0.0491
529,in_abs_train_1339,0.49999999999999994,0.2,0.44206249999999997,0.1845625
529,in_abs_train_1435,0.5327499999999998,0.18275,0.5200119047619047,0.16167821067821067
529,sc_1976_insc_340,0.54775,0.24774999999999994,0.51025,0.14627777777777776
529,sc_1985_insc_164,0.6310833333333332,0.25608333333333333,0.5733125,0.2006666666666667
529,sc_1997_insc_322,0.55775,0.26441666666666663,0.5019488636363636,0.14352380952380953
529,sc_2002_insc_185,0.49999999999999994,0.25229545454545454,0.47387499999999994,0.08259090909090909
529,sc_2007_insc_1318,0.39999999999999997,0.2,0.3982,0.09925
529,sc_2008_insc_242,0.6272954545454544,0.25229545454545454,0.47937987012987004,0.14777272727272728
529,sc_2014_insc_326,0.44999999999999996,0.11441666666666667,0.423875,0.10090277777777779
529,sc_2015_insc_605,0.39999999999999997,0.14775,0.39802,0.08258333333333333
529,sc_2019_insc_1241,0.5295454545454544,0.26775,0.5136477272727272,0.15588257575757572
529,sc_2019_insc_590,0.5499999999999999,0.16346428571428573,0.48943787878787876,0.14040476190476192
530,in_abs_train_1612,0.45775,0.21441666666666667,0.428875,0.10461111111111111
530,in_abs_train_4542,0.5499999999999999,0.2,0.5234999999999999,0.19887500000000002
530,sc_1959_insc_94,0.625,0.2857142857142857,0.5742499999999999,0.21962857142857142
530,sc_1980_insc_130,0.39999999999999997,0.05,0.3983125,0.048875
530,sc_1990_insc_60,0.5189038461538461,0.24230769230769228,0.48877884615384615,0.22174587912087912
530,sc_1999_insc_537,0.39775,0.11441666666666667,0.39775,0.05727380952380954
530,sc_2011_insc_42,0.6141785714285714,0.26582692307692307,0.5523777472527472,0.20634446803196804
530,sc_2014_insc_274,0.44390384615384615,0.09390384615384614,0.4069807692307692,0.06313461538461539
530,sc_2015_insc_583,0.6077499999999999,0.27499999999999997,0.5718333333333332,0.2014424242424242
530,sc_2016_insc_340,0.4772954545454545,0.17082692307692307,0.4343097902097902,0.11869017094017094
530,sc_2022_insc_360,0.39999999999999997,0.05,0.3982,0.04850000000000001
530,sc_2023_insc_264,0.4461538461538461,0.09390384615384614,0.40581730769230767,0.07082692307692308
531,in_abs_train_2412,0.44390384615384615,0.185,0.4069807692307692,0.1135
531,in_abs_train_2418,0.44775,0.05,0.40720833333333334,0.048875
531,in_abs_train_4921,0.45775,0.07775000000000001,0.40775,0.06275000000000001
531,sc_1996_insc_1220,0.7066785714285714,0.40774999999999995,0.6351309523809523,0.35774999999999996
531,sc_2005_insc_607,0.46265384615384614,0.1330441176470588,0.4375512820512821,0.08900882352941177
531,sc_2006_insc_412,0.45999999999999996,0.27,0.43388461538461537,0.17309999999999998
531,sc_2007_insc_25,0.39775,0.19775,0.39775,0.07675000000000001
531,sc_2008_insc_268,0.6377499999999998,0.19775,0.47774999999999995,0.1124857142857143
531,sc_2010_insc_741,0.5691785714285714,0.14775,0.5022142857142857,0.09150000000000001
531,sc_2011_insc_813,0.54775,0.28346428571428567,0.44775000000000004,0.17624285714285715
531,sc_2014_insc_243,0.39999999999999997,0.10775000000000001,0.398875,0.0585
531,sc_2016_insc_218,0.606840909090909,0.25684090909090906,0.5054727272727273,0.21289393939393939
532,in_abs_train_495,0.4834642857142857,0.2,0.4191785714285714,0.13280357142857144
532,sc_1961_insc_347,0.47274999999999995,0.24775,0.42424999999999996,0.10956818181818181
532,sc_1973_insc_99,0.5727499999999999,0.21999999999999997,0.5577857142857142,0.1558642857142857
532,sc_1978_insc_100,0.5499999999999999,0.15,0.44849999999999995,0.06955
532,sc_1981_insc_53,0.5327499999999998,0.11,0.46444886363636356,0.10685823863636364
532,sc_1990_insc_324,0.6363863636363636,0.3351625874125874,0.5896472902097902,0.2584903846153846
532,sc_1995_insc_456,0.45775,0.04775000000000001,0.41064999999999996,0.04775000000000001
532,sc_2002_insc_503,0.45454545454545453,0.11560714285714285,0.4238448051948051,0.0879022644022644
532,sc_2012_insc_19,0.5156071428571428,0.04775000000000001,0.4227678571428571,0.04775000000000001
532,sc_2013_insc_665,0.44775,0.10229545454545455,0.4166499999999999,0.08411363636363638
532,sc_2020_insc_215,0.54775,0.18775,0.4618333333333333,0.07665000000000001
532,sc_2022_insc_932,0.45229545454545456,0.16025,0.451530303030303,0.08911791443850267
533,in_abs_train_1513,0.54775,0.05,0.44016666666666665,0.048875
533,in_abs_train_3956,0.39999999999999997,0.04775000000000001,0.398875,0.04775000000000001
533,in_abs_train_4411,0.54775,0.24775,0.47323701298701293,0.12388636363636364
533,in_abs_train_5708,0.39999999999999997,0.04775000000000001,0.3983125,0.045875000000000006
533,sc_1986_insc_121,0.6227499999999999,0.10578947368421052,0.5588809523809523,0.09551973684210527
533,sc_1995_insc_314,0.7691785714285714,0.2714285714285714,0.6445595238095239,0.1864399350649351
533,sc_1996_insc_1288,0.47441666666666665,0.15,0.41826904761904765,0.07675
533,sc_1996_insc_383,0.48229545454545447,0.10775000000000001,0.4587727272727272,0.06721250000000001
533,sc_1998_insc_219,0.6144166666666666,0.04775000000000001,0.46332702020202016,0.04775000000000001
533,sc_1999_insc_428,0.45999999999999996,0.19775,0.45308522727272726,0.10191666666666667
533,sc_2010_insc_38,0.6227499999999999,0.2,0.5516499999999999,0.1385
533,sc_2012_insc_269,0.6260833333333332,0.13275,0.5288127913752914,0.12817450196861963
534,in_abs_train_2771,0.49999999999999994,0.15,0.4926249999999999,0.1408125
534,sc_1954_insc_94,0.5644166666666666,0.15684090909090906,0.5097196969696969,0.13562878787878785
534,sc_1955_insc_51,0.6045454545454545,0.25229545454545454,0.6030454545454544,0.2500181818181818
534,sc_1959_insc_3,0.5249999999999999,0.24775,0.45277678571428565,0.1233125
534,sc_1983_insc_28,0.606840909090909,0.32775,0.5781969696969697,0.2443772727272727
534,sc_1999_insc_83,0.543903846153846,0.18775,0.5061382783882783,0.14763244990303814
534,sc_2003_insc_390,0.5499999999999999,0.12275,0.5072083333333333,0.0946111111111111
534,sc_2007_insc_316,0.5333333333333333,0.21666666666666667,0.5312613636363637,0.18720833333333334
534,sc_2008_insc_687,0.5777499999999999,0.185,0.5157499999999999,0.13077348484848486
534,sc_2008_insc_966,0.54775,0.05,0.42387499999999995,0.05
534,sc_2009_insc_1303,0.5499999999999999,0.19775,0.48183333333333334,0.11621153846153846
534,sc_2018_insc_734,0.39999999999999997,0.05,0.3982,0.04850000000000001
535,in_abs_train_237,0.39775,0.13775,0.39775,0.06767045454545455
535,in_abs_train_2455,0.6291785714285714,0.19775,0.5566964285714284,0.13346428571428573
535,in_abs_train_389,0.44390384615384615,0.05,0.42461153846153843,0.04850000000000001
535,in_abs_train_705,0.55775,0.19775,0.4518333333333333,0.15153333333333335
535,sc_1957_insc_82,0.5156071428571428,0.125,0.4667714285714285,0.08778571428571429
535,sc_1996_insc_495,0.45999999999999996,0.04775000000000001,0.4102,0.04608333333333334
535,sc_2006_insc_273,0.39999999999999997,0.15,0.398875,0.0983125
535,sc_2008_insc_1408,0.44775,0.04775000000000001,0.42432579185520364,0.04775000000000001
535,sc_2008_insc_171,0.564010989010989,0.14775,0.48074835164835167,0.12980128205128205
535,sc_2009_insc_680,0.713090909090909,0.3468409090909091,0.6134545454545454,0.3351586452762923
535,sc_2011_insc_298,0.6227499999999999,0.27275,0.5065,0.1195625
535,sc_2019_insc_976,0.46090789473684207,0.08529411764705883,0.43076864035087714,0.06546936274509804
536,in_abs_train_3659,0.5177499999999999,0.12275,0.47319999999999995,0.07350000000000001
536,in_abs_train_4048,0.6636590909090908,0.18060714285714288,0.5206609848484848,0.147424512987013
536,in_abs_train_5282,0.49999999999999994,0.19775,0.44887499999999997,0.12756041666666665
536,in_abs_train_5404,0.39999999999999997,0.17729545454545453,0.39999999999999997,0.06657792207792208
536,sc_1956_insc_43,0.5253723776223775,0.1755909090909091,0.48148469585969583,0.11167045454545456
536,sc_1971_insc_10,0.5449999999999999,0.11698076923076922,0.4789683173968888,0.11698076923076922
536,sc_2000_insc_336,0.39775,0.16999999999999998,0.39649999999999996,0.09194886363636363
536,sc_2007_insc_848,0.39775,0.1,0.39775,0.05765
536,sc_2008_insc_963,0.5610833333333333,0.14666666666666667,0.49191666666666667,0.11477039627039627
536,sc_2014_insc_148,0.39999999999999997,0.05,0.39887500000000004,0.048875
536,sc_2017_insc_320,0.4545454545454545,0.04775000000000001,0.4100090909090908,0.04775000000000001
536,sc_2019_insc_1176,0.5499999999999999,0.26666666666666666,0.523875,0.15664583333333332
537,in_abs_train_1732,0.5191785714285714,0.16313461538461538,0.4790791208791208,0.09621153846153846
537,sc_1976_insc_14,0.49774999999999997,0.14775,0.4822083333333333,0.09358333333333334
537,sc_1981_insc_41,0.5939038461538461,0.2,0.5201274114774115,0.1138846153846154
537,sc_1986_insc_50,0.5310833333333334,0.15608333333333332,0.45408173076923075,0.12448351648351648
537,sc_1987_insc_129,0.59775,0.1,0.58525,0.07760096153846155
537,sc_1988_insc_131,0.5334642857142856,0.185,0.4429880952380952,0.13853095238095242
537,sc_1993_insc_67,0.47274999999999995,0.125,0.4170625,0.082625
537,sc_1996_insc_1065,0.6334642857142856,0.27499999999999997,0.4794595238095238,0.1877857142857143
537,sc_1996_insc_759,0.39999999999999997,0.05,0.398875,0.047625
537,sc_1998_insc_283,0.49774999999999997,0.19775,0.42236538461538464,0.1485
537,sc_2000_insc_603,0.46441666666666664,0.04775000000000001,0.4161666666666667,0.04775000000000001
537,sc_2009_insc_432,0.54775,0.05,0.457215909090909,0.048875
538,in_abs_train_1291,0.5810833333333333,0.19775,0.5330530303030303,0.11147215909090909
538,in_abs_train_4536,0.39999999999999997,0.11,0.398125,0.078875
538,sc_1967_insc_134,0.54275,0.29417857142857146,0.5032261904761904,0.16578296703296705
538,sc_1969_insc_208,0.39775,0.125,0.39775,0.059107142857142865
538,sc_1977_insc_241,0.45999999999999996,0.10775000000000001,0.41443749999999996,0.06331250000000001
538,sc_1984_insc_42,0.49774999999999997,0.11539705882352941,0.46261192765567766,0.08157352941176471
538,sc_1992_insc_190,0.45353947368421055,0.13941666666666666,0.4324283625730994,0.09575000000000002
538,sc_1997_insc_330,0.5691785714285714,0.25775,0.4944857142857142,0.12936111111111112
538,sc_2003_insc_183,0.5666666666666667,0.03025,0.4742619047619047,0.03025
538,sc_2004_insc_5,0.5664999999999999,0.25,0.5176794117647059,0.16141666666666665
538,sc_2014_insc_967,0.4666666666666666,0.11666666666666667,0.4333333333333333,0.08145833333333334
538,sc_2018_insc_237,0.44775,0.14775,0.4119499999999999,0.1126025641025641
539,in_abs_train_170,0.5827499999999999,0.2115384615384615,0.5237023809523809,0.12649670329670332
539,sc_1968_insc_297,0.44999999999999996,0.05,0.41193749999999996,0.048
539,sc_1972_insc_182,0.39775,0.08108333333333334,0.39775,0.05330555555555556
539,sc_1977_insc_40,0.39775,0.10229545454545455,0.39775,0.07362412587412588
539,sc_1983_insc_91,0.39775,0.18941666666666668,0.39775,0.08231597222222223
539,sc_1996_insc_856,0.56,0.25608333333333333,0.5381875,0.1398333333333333
539,sc_2002_insc_364,0.6077499999999999,0.10775000000000001,0.5147916666666666,0.07775000000000001
539,sc_2005_insc_384,0.46441666666666664,0.2,0.4214722222222222,0.09198333333333333
539,sc_2005_insc_395,0.45775,0.32502272727272724,0.45775,0.16355844155844154
539,sc_2006_insc_562,0.5177499999999999,0.10775000000000001,0.4583125,0.07485096153846155
539,sc_2022_insc_1224,0.6785714285714286,0.29298809523809516,0.6138769841269841,0.2152484593837535
539,sc_2022_insc_782,0.39999999999999997,0.14775,0.396375,0.08183333333333333
540,in_abs_train_6847,0.7144166666666666,0.28502272727272726,0.5989880952380953,0.18231313131313132
540,in_abs_train_6876,0.5068409090909091,0.05,0.43501818181818186,0.05000000000000001
540,in_abs_train_7,0.5068409090909091,0.16775,0.4602462121212121,0.16775
540,sc_1953_insc_34,0.6159318181818181,0.10229545454545455,0.4435795454545454,0.07502272727272728
540,sc_1995_insc_214,0.6310833333333332,0.27275,0.5191458333333332,0.1608125
540,sc_1996_insc_305,0.5928571428571429,0.4291785714285714,0.5547142857142857,0.37528968253968253
540,sc_2009_insc_533,0.4834642857142857,0.05,0.44675793650793644,0.048875
540,sc_2011_insc_235,0.39999999999999997,0.27275,0.398875,0.1238968253968254
540,sc_2013_insc_49,0.6077499999999999,0.14441666666666667,0.5319999999999999,0.09777083333333333
540,sc_2019_insc_987,0.42082692307692304,0.14393939393939392,0.4044048076923077,0.09115151515151515
540,sc_2022_insc_733,0.39775,0.2,0.39775,0.07312500000000001
540,sc_2023_insc_820,0.49774999999999997,0.05,0.42387499999999995,0.04831250000000001
541,in_abs_train_1132,0.51,0.22275,0.4679679487179487,0.1582
541,in_abs_train_1614,0.6030769230769231,0.1950227272727273,0.4657153846153846,0.13501515151515153
541,in_abs_train_5704,0.5772371794871795,0.24333333333333335,0.48055128205128206,0.09277121212121213
541,in_abs_train_6212,0.39775,0.05,0.39775,0.04812500000000001
541,in_abs_train_80,0.39999999999999997,0.19775,0.3985,0.12275000000000001
541,sc_1961_insc_24,0.54775,0.05,0.4559999999999999,0.048875
541,sc_1983_insc_80,0.42275,0.075,0.42065109890109886,0.07360897435897436
541,sc_1996_insc_1287,0.69275,0.31775,0.4968333333333333,0.22556818181818183
541,sc_1999_insc_458,0.44775,0.1,0.411375,0.061937500000000006
541,sc_2004_insc_636,0.39775,0.10775000000000001,0.39775,0.07630681818181818
541,sc_2008_insc_26,0.39775,0.05,0.39775,0.04820000000000001
541,sc_2018_insc_1204,0.5499999999999999,0.19039705882352942,0.5499999999999999,0.1536261889371133
542,in_abs_train_6613,0.5499999999999999,0.19775,0.43637499999999996,0.08504375
542,sc_1972_insc_60,0.39999999999999997,0.16775,0.3985,0.0922
542,sc_2000_insc_389,0.49999999999999994,0.19775,0.4822083333333333,0.08461111111111112
542,sc_2000_insc_589,0.6249999999999999,0.27275,0.5108125,0.20724107142857146
542,sc_2004_insc_437,0.6977499999999999,0.34775,0.5783124999999999,0.28525
542,sc_2007_insc_1138,0.6227499999999999,0.38749999999999996,0.5531720238095238,0.38125
542,sc_2008_insc_1415,0.39775,0.04775000000000001,0.39775,0.046675
542,sc_2010_insc_113,0.39999999999999997,0.14775,0.3985,0.08320000000000001
542,sc_2015_insc_836,0.61,0.11,0.5062,0.08850000000000001
542,sc_2016_insc_332,0.6625,0.37999999999999995,0.5334204545454545,0.21387499999999998
542,sc_2017_insc_1236,0.44775,0.09775,0.423875,0.07166849816849817
542,sc_2024_insc_258,0.45775,0.25229545454545454,0.42774999999999996,0.09804924242424241
543,in_abs_train_1499,0.39999999999999997,0.13571428571428573,0.3985,0.08868571428571428
543,in_abs_train_2213,0.49774999999999997,0.05,0.41479166666666667,0.05
543,in_abs_train_2875,0.39999999999999997,0.05,0.39724791666666665,0.048875
543,in_abs_train_2937,0.6367609890109889,0.27632142857142855,0.5316675824175824,0.19802106227106225
543,sc_1963_insc_46,0.6510833333333332,0.30846428571428575,0.6172301587301586,0.2353642857142857
543,sc_1966_insc_114,0.5266666666666666,0.11441666666666667,0.4502166666666666,0.07072222222222223
543,sc_1972_insc_171,0.39775,0.12539705882352942,0.39775,0.09231965286114445
543,sc_1979_insc_187,0.6222954545454544,0.2945454545454545,0.5424534632034631,0.16294895104895105
543,sc_1990_insc_115,0.5906071428571428,0.23525000000000001,0.5081761904761903,0.17990756302521008
543,sc_1997_insc_155,0.49774999999999997,0.05,0.49774999999999997,0.045577083333333344
543,sc_2017_insc_245,0.5068409090909091,0.3,0.47047727272727274,0.16976666666666668
543,sc_2022_insc_201,0.54775,0.22275,0.4358125,0.0920625
544,in_abs_train_149,0.39999999999999997,0.05,0.3983125,0.047625
544,sc_1980_insc_122,0.39999999999999997,0.06775,0.3985,0.05205
544,sc_1986_insc_14,0.5001309523809523,0.13337770897832818,0.4318769841269841,0.09295486510393632
544,sc_1992_insc_100,0.54775,0.2,0.4810833333333333,0.09865
544,sc_1994_insc_324,0.7077499999999999,0.4327499999999999,0.5845138888888889,0.3830416666666666
544,sc_1996_insc_964,0.636840909090909,0.20909090909090905,0.515621212121212,0.1389181818181818
544,sc_1997_insc_709,0.48571428571428565,0.13346428571428573,0.42615476190476187,0.09748571428571429
544,sc_2002_insc_412,0.6022954545454544,0.20454545454545453,0.5272840909090909,0.17864772727272726
544,sc_2003_insc_358,0.5666666666666667,0.11441666666666667,0.4333333333333333,0.06997222222222223
544,sc_2010_insc_522,0.41441666666666666,0.10229545454545455,0.40153333333333335,0.06668181818181819
544,sc_2012_insc_52,0.54275,0.13307692307692306,0.49942206910736325,0.13177747252747252
544,sc_2022_insc_615,0.5499999999999999,0.12275,0.508875,0.07286111111111113
545,in_abs_train_2960,0.6477499999999999,0.14168939393939395,0.4702,0.11731099456099457
545,in_abs_train_3883,0.44390384615384615,0.09775,0.431326923076923,0.08388942307692308
545,sc_1970_insc_81,0.45229545454545456,0.2545454545454545,0.41138636363636366,0.15808522727272728
545,sc_1975_insc_90,0.45999999999999996,0.04775000000000001,0.4419232692307692,0.04775000000000001
545,sc_1981_insc_12,0.6333333333333333,0.19775,0.5053166666666666,0.12350000000000001
545,sc_1990_insc_161,0.49774999999999997,0.135,0.4622,0.1300554292929293
545,sc_1994_insc_377,0.45999999999999996,0.10775000000000001,0.42887499999999995,0.0914375
545,sc_1994_insc_453,0.49774999999999997,0.12275,0.4310833333333333,0.07775000000000001
545,sc_1997_insc_477,0.6625,0.3285714285714285,0.5970238095238095,0.2112690476190476
545,sc_1998_insc_187,0.59775,0.04775000000000001,0.4786499999999999,0.04775000000000001
545,sc_1999_insc_374,0.6477499999999999,0.1950227272727273,0.5126545454545454,0.0968409090909091
545,sc_2002_insc_576,0.6610833333333331,0.33525,0.5480277777777777,0.2723666666666667
546,in_abs_train_6403,0.44775,0.15,0.42980128205128204,0.09679230769230768
546,sc_1965_insc_147,0.39999999999999997,0.05,0.3983125,0.048875
546,sc_1966_insc_80,0.49774999999999997,0.05,0.44831249999999995,0.046375000000000006
546,sc_1986_insc_109,0.5310833333333334,0.2944166666666666,0.5144166666666666,0.2300873015873016
546,sc_1993_insc_116,0.4944166666666666,0.21390384615384614,0.479384761072261,0.18384203296703294
546,sc_1994_insc_228,0.6144166666666666,0.25,0.5810833333333333,0.2104280303030303
546,sc_1995_insc_178,0.39999999999999997,0.04775000000000001,0.3982,0.04775000000000001
546,sc_1995_insc_779,0.5441785714285713,0.16917857142857143,0.502620879120879,0.0729357142857143
546,sc_1996_insc_131,0.5299178321678321,0.35835606060606057,0.5132922494172494,0.25842515817515815
546,sc_2006_insc_949,0.48571428571428565,0.28346428571428567,0.4842142857142857,0.14722142857142856
546,sc_2018_insc_873,0.49774999999999997,0.15,0.4525833333333333,0.1202
546,sc_2023_insc_885,0.54775,0.19775,0.44864999999999994,0.11278571428571431
547,sc_1969_insc_318,0.570826923076923,0.1590909090909091,0.5260661338661338,0.12122727272727274
547,sc_1969_insc_67,0.5600227272727272,0.20775,0.512179020979021,0.17679836829836829
547,sc_1973_insc_113,0.5039038461538461,0.22775,0.4636035769785769,0.1565
547,sc_1981_insc_73,0.54775,0.05,0.44849999999999995,0.048650000000000006
547,sc_1989_insc_94,0.46874999999999994,0.3165,0.46874999999999994,0.17375
547,sc_1997_insc_481,0.49999999999999994,0.15,0.42443749999999997,0.09887499999999999
547,sc_1999_insc_66,0.5959642857142856,0.19775,0.5458532212885153,0.1840501253132832
547,sc_2001_insc_22,0.54775,0.19775,0.44775000000000004,0.07775000000000001
547,sc_2008_insc_529,0.39999999999999997,0.2,0.398875,0.07387500000000001
547,sc_2011_insc_74,0.45775,0.10775000000000001,0.43775000000000003,0.06065
547,sc_2014_insc_430,0.39999999999999997,0.04775000000000001,0.398875,0.04775000000000001
547,sc_2023_insc_613,0.4515454545454545,0.05,0.4094090909090909,0.04850000000000001
548,in_abs_train_2470,0.54775,0.19775,0.42774999999999996,0.09849999999999999
548,in_abs_train_2902,0.39999999999999997,0.05,0.3980714285714285,0.05
548,sc_1975_insc_148,0.39775,0.05,0.39775,0.04850000000000001
548,sc_1998_insc_175,0.5613863636363635,0.16999999999999998,0.5153772727272726,0.10041666666666665
548,sc_1998_insc_491,0.6106911764705881,0.23775,0.5406779971988795,0.16318137254901963
548,sc_2009_insc_1314,0.6077499999999999,0.19775,0.46419999999999995,0.09775
548,sc_2009_insc_935,0.39999999999999997,0.04775000000000001,0.3985,0.04775000000000001
548,sc_2016_insc_1086,0.5499999999999999,0.04775000000000001,0.4235,0.045250000000000005
548,sc_2017_insc_596,0.39999999999999997,0.10454545454545455,0.3970625,0.06751136363636365
548,sc_2021_insc_851,0.39775,0.16890384615384613,0.39775,0.09483245920745921
548,sc_2022_insc_616,0.39999999999999997,0.05,0.3985,0.0491
549,in_abs_train_1187,0.5310833333333334,0.18108333333333335,0.4611090909090909,0.15441666666666667
549,in_abs_train_3122,0.48571428571428565,0.28346428571428567,0.4563928571428571,0.22677142857142854
549,sc_1987_insc_89,0.47274999999999995,0.26441666666666663,0.45349999999999996,0.1462348484848485
549,sc_1997_insc_141,0.45229545454545456,0.20229545454545453,0.4395681818181818,0.13486363636363638
549,sc_1997_insc_640,0.39999999999999997,0.12275,0.398875,0.060625000000000005
549,sc_2006_insc_620,0.5852499999999999,0.1568409090909091,0.5390833333333332,0.11308522727272728
549,sc_2007_insc_913,0.54775,0.05,0.42865000000000003,0.04850000000000001
549,sc_2009_insc_757,0.47274999999999995,0.19775,0.4322083333333333,0.13275
549,sc_2010_insc_500,0.54775,0.2,0.4554482323232323,0.12387500000000001
549,sc_2019_insc_798,0.5499999999999999,0.15,0.46516666666666656,0.136375
549,sc_2020_insc_587,0.39775,0.05,0.39775,0.048875
549,sc_2023_insc_1027,0.39775,0.11,0.39775,0.0715625
550,in_abs_train_1582,0.39775,0.10229545454545455,0.39775,0.06194886363636364
550,in_abs_train_4320,0.5189038461538461,0.09615384615384615,0.4305521978021978,0.0757457264957265
550,sc_1952_insc_21,0.4666666666666666,0.04775000000000001,0.45379761904761906,0.04775000000000001
550,sc_1971_insc_23,0.5310833333333334,0.15833333333333333,0.45236666666666664,0.1307222222222222
550,sc_1978_insc_11,0.5499999999999999,0.2,0.44849999999999995,0.09865
550,sc_1981_insc_60,0.5977499999999999,0.2856060606060606,0.5374166666666665,0.14964646464646464
550,sc_1989_insc_189,0.7013863636363635,0.27469805194805197,0.5742867965367965,0.17376902215431628
550,sc_1997_insc_41,0.39999999999999997,0.05,0.3985,0.04775750000000001
550,sc_2002_insc_305,0.49999999999999994,0.05,0.4363825757575757,0.048875
550,sc_2004_insc_127,0.39775,0.05,0.39775,0.0481
550,sc_2008_insc_611,0.39999999999999997,0.26441666666666663,0.39999999999999997,0.1233095238095238
550,sc_2009_insc_933,0.54775,0.14775,0.44016666666666665,0.09775
551,in_abs_train_818,0.39999999999999997,0.05,0.39831249999999996,0.04831250000000001
551,sc_1967_insc_96,0.5310833333333334,0.11666666666666667,0.48164583333333333,0.098875
551,sc_1981_insc_31,0.5615509049773755,0.2626538461538461,0.486606631113984,0.1460656108597285
551,sc_1983_insc_121,0.6560833333333332,0.2461538461538461,0.5744569597069596,0.1626025641025641
551,sc_1991_insc_4,0.44390384615384615,0.1,0.43236538461538465,0.061937500000000006
551,sc_1997_insc_635,0.5666666666666667,0.11441666666666667,0.4770277777777778,0.06153333333333334
551,sc_2000_insc_27,0.45775,0.05,0.41065000000000007,0.04850000000000001
551,sc_2007_insc_949,0.39999999999999997,0.14775,0.39924999999999994,0.06775
551,sc_2009_insc_113,0.6334642857142856,0.22499999999999998,0.5579801587301586,0.20416666666666666
551,sc_2009_insc_191,0.45775,0.11,0.42774999999999996,0.07784090909090909
551,sc_2010_insc_51,0.6678571428571427,0.34025,0.5539672619047619,0.222
551,sc_2019_insc_61,0.66775,0.39775,0.5777499999999999,0.14265
552,in_abs_train_1594,0.49774999999999997,0.10229545454545455,0.4318333333333333,0.05910909090909091
552,in_abs_train_1761,0.4966666666666666,0.21108333333333332,0.4908446969696969,0.13558226495726491
552,in_abs_train_4479,0.520826923076923,0.21917857142857142,0.47187019230769234,0.14954876373626372
552,sc_1967_insc_94,0.45775,0.11,0.41064999999999996,0.08516666666666667
552,sc_1968_insc_178,0.49999999999999994,0.05,0.45683333333333326,0.0491
552,sc_1973_insc_126,0.47274999999999995,0.125,0.4235,0.0932
552,sc_2011_insc_787,0.4461538461538461,0.2461538461538461,0.4225144230769231,0.19464038461538458
552,sc_2017_insc_343,0.47274999999999995,0.05,0.41657467532467524,0.05
552,sc_2019_insc_648,0.42774999999999996,0.16025,0.41274999999999995,0.1104520202020202
552,sc_2021_insc_774,0.5522954545454545,0.22219251336898393,0.47280002228164,0.15366502125325654
552,sc_2023_insc_227,0.54775,0.19775,0.42275,0.19775
552,sc_2023_insc_485,0.39999999999999997,0.04775000000000001,0.39999999999999997,0.04775000000000001
553,in_abs_train_268,0.5285714285714286,0.32619047619047614,0.46699702380952374,0.14604761904761904
553,sc_1961_insc_319,0.5750227272727272,0.155,0.4782540792540792,0.11110984848484849
553,sc_1968_insc_147,0.54775,0.21441666666666667,0.5015333333333333,0.1773134920634921
553,sc_1978_insc_223,0.5394166666666665,0.125,0.4389833333333333,0.07350000000000001
553,sc_1987_insc_11,0.5499999999999999,0.11441666666666667,0.47387499999999994,0.08794444444444445
553,sc_1988_insc_52,0.49774999999999997,0.1768409090909091,0.43694886363636365,0.10672159090909092
553,sc_1997_insc_134,0.54775,0.19775,0.4479625,0.12387500000000001
553,sc_1998_insc_454,0.59775,0.28346428571428567,0.5842142857142857,0.18489285714285714
553,sc_1999_insc_511,0.39775,0.11441666666666667,0.39775,0.05680952380952381
553,sc_2016_insc_578,0.49774999999999997,0.19775,0.4318333333333333,0.07775000000000001
553,sc_2018_insc_313,0.39999999999999997,0.05,0.39831249999999996,0.049437499999999995
553,sc_2023_insc_659,0.47597402597402594,0.06539705882352942,0.4305135872530831,0.06539705882352942
554,in_abs_train_2026,0.48499999999999993,0.135,0.4283333333333333,0.0661
554,in_abs_train_447,0.5610833333333333,0.27502272727272725,0.5033257575757576,0.1839040404040404
554,sc_1970_insc_229,0.5810833333333333,0.29108333333333336,0.4718184523809523,0.1487291666666667
554,sc_1971_insc_56,0.45775,0.11,0.408125,0.08
554,sc_1977_insc_243,0.39775,0.05,0.39608333333333334,0.04820000000000001
554,sc_1995_insc_914,0.39999999999999997,0.05,0.3994375,0.048875
554,sc_1996_insc_303,0.6334642857142856,0.2857142857142857,0.5197410714285714,0.1328035714285714
554,sc_2010_insc_590,0.5041666666666667,0.07775000000000001,0.4329416666666666,0.055812500000000015
554,sc_2012_insc_109,0.54775,0.20229545454545453,0.5060833333333333,0.16047727272727272
554,sc_2013_insc_100,0.39999999999999997,0.19775,0.398875,0.08637500000000001
554,sc_2017_insc_904,0.5327499999999998,0.17082692307692307,0.5135833333333333,0.0949015567765568
554,sc_2018_insc_253,0.39999999999999997,0.04775000000000001,0.3985,0.04775000000000001
555,in_abs_train_3604,0.49999999999999994,0.309090909090909,0.48637499999999995,0.15797348484848484
555,sc_1951_insc_25,0.5272954545454545,0.10229545454545455,0.4707324675324675,0.08411363636363638
555,sc_1967_insc_124,0.48307692307692307,0.12372402597402599,0.45732067932067927,0.12372402597402599
555,sc_1977_insc_183,0.39999999999999997,0.05,0.3983125,0.04831250000000001
555,sc_1992_insc_209,0.48727272727272725,0.18275,0.4326969696969697,0.18275
555,sc_2007_insc_844,0.39775,0.2,0.39775,0.1490357142857143
555,sc_2008_insc_470,0.39999999999999997,0.05,0.3983125,0.047625
555,sc_2009_insc_317,0.6357142857142857,0.2,0.5756607142857142,0.10780357142857144
555,sc_2014_insc_242,0.48571428571428565,0.13346428571428573,0.46722142857142857,0.07707142857142858
555,sc_2014_insc_426,0.47917857142857145,0.21275,0.45573701298701297,0.14748732517482516
555,sc_2019_insc_1000,0.45999999999999996,0.10454545454545452,0.4275113636363636,0.061817613636363636
555,sc_2022_insc_1202,0.5834642857142857,0.16346428571428573,0.4822410714285714,0.10224107142857143
556,in_abs_train_1766,0.4666666666666666,0.18333333333333335,0.42948333333333333,0.1573888888888889
556,in_abs_train_2575,0.5156071428571428,0.19775,0.4496468253968254,0.1333666666666667
556,in_abs_train_494,0.5727499999999999,0.12954545454545452,0.4734873251748251,0.10135445804195803
556,in_abs_train_6570,0.6477499999999999,0.22142857142857142,0.59775,0.1942936507936508
556,sc_1972_insc_115,0.43775,0.23632142857142854,0.41774999999999995,0.1347142857142857
556,sc_1975_insc_125,0.4461538461538461,0.2,0.4425192307692307,0.12756153846153845
556,sc_1999_insc_61,0.5333333333333333,0.12275,0.48220833333333335,0.09816666666666667
556,sc_2007_insc_1047,0.49774999999999997,0.05,0.42274999999999996,0.048875
556,sc_2009_insc_400,0.4749999999999999,0.22275,0.43637499999999996,0.11165277777777778
556,sc_2020_insc_586,0.5227499999999999,0.15,0.48637499999999995,0.098875
556,sc_2023_insc_503,0.5777499999999999,0.37229545454545454,0.4530833333333333,0.19450324675324673
556,sc_2023_insc_762,0.47372402597402596,0.12454545454545454,0.44733441558441556,0.12005594405594405
557,in_abs_train_515,0.47274999999999995,0.10775000000000001,0.42519999999999997,0.06775000000000002
557,sc_1964_insc_186,0.52,0.16775,0.49380151515151516,0.12925
557,sc_1967_insc_17,0.45999999999999996,0.11,0.43452999999999997,0.0685
557,sc_1972_insc_42,0.48941666666666667,0.13974358974358975,0.48763095238095233,0.1379571123321123
557,sc_1987_insc_247,0.46441666666666664,0.26775,0.4583560606060606,0.1603901515151515
557,sc_1992_insc_81,0.5499999999999999,0.12275,0.45909999999999995,0.0735
557,sc_1996_insc_479,0.5327499999999998,0.04775000000000001,0.44425,0.04775000000000001
557,sc_1996_insc_925,0.7374999999999999,0.15,0.5660714285714286,0.08714285714285713
557,sc_2004_insc_298,0.39999999999999997,0.04775000000000001,0.3985,0.04775000000000001
557,sc_2009_insc_753,0.5272954545454545,0.20229545454545453,0.4824090909090909,0.09944886363636363
557,sc_2019_insc_1174,0.4330441176470588,0.04775000000000001,0.4071360294117647,0.04775000000000001
557,sc_2024_insc_397,0.5499999999999999,0.2,0.47664285714285703,0.2
558,sc_1960_insc_64,0.46441666666666664,0.11,0.4119833333333333,0.1085
558,sc_1967_insc_225,0.5077499999999999,0.18025,0.5077499999999999,0.13871510632224918
558,sc_1968_insc_135,0.5691785714285714,0.2386363636363636,0.43248571428571425,0.17306709956709954
558,sc_1987_insc_274,0.5668409090909091,0.2168409090909091,0.5084300699300699,0.15010454545454546
558,sc_1998_insc_379,0.49774999999999997,0.12275,0.45608333333333334,0.0632
558,sc_2001_insc_557,0.39999999999999997,0.04775000000000001,0.3983125,0.04775000000000001
558,sc_2002_insc_178,0.5852499999999999,0.09775,0.5123333333333333,0.08971428571428572
558,sc_2006_insc_258,0.39999999999999997,0.125,0.39924999999999994,0.0641
558,sc_2007_insc_256,0.39999999999999997,0.04775000000000001,0.39809999999999995,0.046937500000000014
558,sc_2008_insc_1468,0.4191785714285714,0.12775,0.41032142857142856,0.08733333333333333
558,sc_2022_insc_611,0.39775,0.11441666666666667,0.39775,0.061083333333333344
558,sc_2023_insc_335,0.5664999999999999,0.26775,0.485025641025641,0.12298333333333333
559,in_abs_train_1983,0.6268409090909091,0.10454545454545455,0.5387670454545455,0.07371022727272727
559,in_abs_train_4836,0.4689621212121212,0.1318181818181818,0.42975189393939395,0.0923934190809191
559,in_abs_train_5649,0.59775,0.2862115384615384,0.509451923076923,0.15544230769230769
559,sc_1963_insc_149,0.39999999999999997,0.05,0.398875,0.04831250000000001
559,sc_1971_insc_135,0.6032694805194805,0.12229545454545454,0.4821718281718282,0.10406118881118881
559,sc_1975_insc_102,0.46441666666666664,0.11441666666666667,0.4421944444444444,0.08220833333333333
559,sc_1976_insc_4,0.49999999999999994,0.24775,0.4325833333333333,0.09820000000000001
559,sc_1995_insc_159,0.6528571428571428,0.2945454545454545,0.607749567099567,0.23164538239538235
559,sc_1995_insc_181,0.49005769230769225,0.09615384615384615,0.4414423076923077,0.06288461538461539
559,sc_1997_insc_667,0.54775,0.19775,0.4627857142857142,0.1082
559,sc_2016_insc_621,0.5818409090909089,0.18275,0.5256136363636362,0.1375590909090909
559,sc_2020_insc_103,0.44999999999999996,0.1,0.42331250000000004,0.060812500000000005
560,in_abs_train_105,0.39999999999999997,0.09775,0.3982,0.06516666666666666
560,in_abs_train_3618,0.45775,0.08525,0.42887499999999995,0.05825000000000001
560,in_abs_train_5068,0.48571428571428565,0.11441666666666667,0.44502619047619046,0.07072222222222223
560,in_abs_train_5279,0.39775,0.05,0.39775,0.04820000000000001
560,sc_1964_insc_218,0.5177499999999999,0.11390384615384616,0.4510490196078431,0.0869032967032967
560,sc_1965_insc_73,0.49168939393939387,0.1875,0.45017424242424237,0.11229242424242422
560,sc_1981_insc_25,0.5310833333333334,0.16229545454545455,0.4895939393939394,0.1200151515151515
560,sc_1991_insc_254,0.5875,0.29774999999999996,0.4966071428571429,0.29774999999999996
560,sc_1996_insc_833,0.55975,0.17096428571428574,0.49099771241830065,0.14236369910282953
560,sc_2009_insc_1291,0.49999999999999994,0.04775000000000001,0.4332,0.04775000000000001
560,sc_2014_insc_436,0.54775,0.05,0.42774999999999996,0.04850000000000001
560,sc_2019_insc_408,0.44775,0.09775,0.4151666666666667,0.06248571428571429
561,in_abs_train_3302,0.6083333333333333,0.25275,0.6083333333333333,0.16722108843537414
561,in_abs_train_4190,0.49774999999999997,0.16775,0.4906071428571428,0.13776785714285714
561,sc_1954_insc_115,0.5830441176470588,0.14775,0.44702941176470584,0.09775
561,sc_1986_insc_70,0.46441666666666664,0.11666666666666667,0.4119833333333333,0.09294444444444444
561,sc_1991_insc_1,0.47274999999999995,0.14775,0.4235,0.0651
561,sc_1991_insc_173,0.509090909090909,0.16999999999999998,0.43636363636363634,0.11910909090909091
561,sc_1997_insc_75,0.39999999999999997,0.05,0.39943749999999995,0.048875
561,sc_1999_insc_266,0.39999999999999997,0.05,0.39817,0.04850000000000001
561,sc_2004_insc_634,0.4666666666666666,0.11441666666666667,0.4333333333333333,0.07947222222222222
561,sc_2007_insc_443,0.39999999999999997,0.04775000000000001,0.398875,0.04393750000000001
561,sc_2009_insc_1213,0.47917857142857145,0.11775,0.432172619047619,0.08275
562,sc_1958_insc_115,0.49,0.14060714285714285,0.4510646008403361,0.09167857142857143
562,sc_1971_insc_149,0.45775,0.14525,0.43608333333333327,0.09477083333333333
562,sc_1972_insc_261,0.6727499999999998,0.24168939393939393,0.6151666666666665,0.19844242424242425
562,sc_1992_insc_14,0.6427499999999999,0.1950227272727273,0.5373783716283715,0.15251154401154401
562,sc_1992_insc_160,0.48181818181818176,0.16917857142857143,0.45195941558441555,0.11665665584415585
562,sc_1992_insc_165,0.606724358974359,0.2572738095238095,0.4929606227106227,0.203574657798342
562,sc_1995_insc_519,0.5613863636363635,0.2886363636363636,0.5356931818181818,0.16569318181818182
562,sc_2001_insc_18,0.4834642857142857,0.21917857142857144,0.45489285714285715,0.1352714285714286
562,sc_2002_insc_276,0.6022954545454544,0.1795454545454545,0.4489446386946386,0.11364772727272726
562,sc_2007_insc_979,0.570826923076923,0.2208269230769231,0.4724389776889777,0.12437412587412588
562,sc_2008_insc_965,0.6345454545454545,0.25229545454545454,0.5393549783549783,0.15002272727272728
562,sc_2014_insc_717,0.44775,0.05,0.41435119047619046,0.05
563,in_abs_train_4419,0.45454545454545453,0.10229545454545455,0.4100090909090909,0.06593181818181819
563,in_abs_train_4676,0.39999999999999997,0.14775,0.39865,0.08183333333333333
563,in_abs_train_5806,0.49999999999999994,0.15,0.45872916666666663,0.11081250000000001
563,sc_1965_insc_45,0.49999999999999994,0.2,0.46030357142857137,0.1195625
563,sc_1968_insc_44,0.5344166666666667,0.14441666666666667,0.47119999999999995,0.1308545751633987
563,sc_1976_insc_325,0.49774999999999997,0.19775,0.44887499999999997,0.111
563,sc_1996_insc_328,0.6045454545454545,0.2545454545454545,0.5380852272727272,0.25342045454545453
563,sc_1996_insc_638,0.54775,0.19775,0.4286499999999999,0.09850000000000002
563,sc_1996_insc_912,0.4666666666666666,0.18333333333333335,0.4214722222222222,0.10443702380952383
563,sc_2007_insc_799,0.4984642857142857,0.18060714285714285,0.4555178571428571,0.1370625
563,sc_2007_insc_87,0.5499999999999999,0.17729545454545453,0.4662992424242424,0.11252272727272727
564,in_abs_train_321,0.6144166666666666,0.19775,0.4899722222222222,0.09775000000000002
564,in_abs_train_3504,0.6060833333333333,0.42275,0.5873333333333333,0.2815
564,in_abs_train_5255,0.49774999999999997,0.19775,0.4604047619047618,0.07820000000000002
564,sc_1975_insc_206,0.5077499999999999,0.2150576923076923,0.5077499999999999,0.1332087912087912
564,sc_1984_insc_145,0.5227499999999999,0.17275,0.44181249999999994,0.123625
564,sc_1992_insc_346,0.49774999999999997,0.25775,0.4533055555555556,0.11355909090909092
564,sc_1995_insc_162,0.39999999999999997,0.05,0.3983125,0.04831250000000001
564,sc_1999_insc_499,0.49999999999999994,0.05,0.4619488636363636,0.04831250000000001
564,sc_2008_insc_477,0.5416666666666666,0.18941666666666668,0.4457222222222222,0.10398333333333334
564,sc_2009_insc_50,0.39775,0.125,0.39775,0.08637500000000001
564,sc_2013_insc_446,0.4749999999999999,0.26441666666666663,0.4492499999999999,0.13698333333333335
564,sc_2014_insc_382,0.616797619047619,0.16333333333333333,0.5334351933755958,0.1400811403508772
565,in_abs_train_2238,0.48571428571428565,0.09285714285714286,0.45909999999999995,0.09210714285714287
565,in_abs_train_4612,0.5349999999999999,0.15684090909090906,0.4712613636363636,0.10502272727272727
565,in_abs_train_4797,0.5725,0.21941666666666668,0.4931306818181818,0.16471401515151518
565,sc_1967_insc_1,0.39775,0.15,0.39775,0.08410000000000001
565,sc_1992_insc_12,0.5444166666666667,0.20539705882352943,0.4766388888888889,0.1277294117647059
565,sc_1996_insc_1232,0.39999999999999997,0.125,0.3982,0.075
565,sc_2002_insc_469,0.4749999999999999,0.28346428571428567,0.4472222222222222,0.1391261904761905
565,sc_2003_insc_22,0.6144166666666666,0.3999999999999999,0.5960833333333333,0.24276388888888886
565,sc_2008_insc_453,0.49999999999999994,0.18333333333333335,0.45353535353535346,0.12510000000000002
565,sc_2008_insc_71,0.5499999999999999,0.24775,0.4890999999999999,0.1985
565,sc_2012_insc_297,0.5310833333333334,0.2566785714285714,0.5275119047619048,0.147125
565,sc_2024_insc_18,0.45999999999999996,0.10775000000000001,0.413875,0.068
566,in_abs_train_4351,0.49,0.19275,0.44010454545454547,0.14527564102564103
566,in_abs_train_6263,0.7944166666666665,0.46666666666666656,0.6785833333333332,0.3728880952380952
566,in_abs_train_6523,0.39999999999999997,0.13727272727272727,0.3985,0.07486363636363635
566,sc_1954_insc_123,0.39999999999999997,0.04775000000000001,0.3972,0.04775000000000001
566,sc_1982_insc_71,0.39775,0.05,0.39775,0.04850000000000001
566,sc_1988_insc_369,0.54775,0.14108333333333334,0.48901818181818174,0.1385429292929293
566,sc_1991_insc_264,0.75,0.34775,0.6250982142857143,0.2851517857142857
566,sc_1996_insc_505,0.4666666666666666,0.11441666666666667,0.41554166666666664,0.08108333333333334
566,sc_1997_insc_578,0.47274999999999995,0.04775000000000001,0.411,0.04775000000000001
566,sc_1999_insc_393,0.39999999999999997,0.05,0.3983125,0.048875
566,sc_1999_insc_422,0.46441666666666664,0.09775,0.4199722222222222,0.05865
566,sc_2008_insc_320,0.6763214285714285,0.3714285714285714,0.5667321428571428,0.2184017857142857
567,in_abs_train_512,0.4966666666666666,0.32775,0.4966666666666666,0.20336038961038963
567,in_abs_train_5328,0.6869807692307691,0.23698076923076924,0.5563388278388278,0.1985840659340659
567,in_abs_train_6415,0.39775,0.24621153846153845,0.39775,0.1286378205128205
567,sc_1974_insc_179,0.6227499999999999,0.27499999999999997,0.54775,0.13322222222222221
567,sc_1975_insc_327,0.5702499999999999,0.23632142857142854,0.5060833333333333,0.17117857142857143
567,sc_1984_insc_224,0.69275,0.28775,0.6274424242424242,0.24441666666666664
567,sc_1992_insc_121,0.5584615384615385,0.21775,0.5096442307692307,0.15305906593406596
567,sc_1996_insc_993,0.45229545454545456,0.10775000000000001,0.40910909090909087,0.0859318181818182
567,sc_2007_insc_604,0.4666666666666666,0.11441666666666667,0.4207222222222222,0.061083333333333344
567,sc_2009_insc_401,0.44775,0.05,0.41137499999999994,0.049437499999999995
567,sc_2015_insc_801,0.6177499999999999,0.26441666666666663,0.49175757575757567,0.1872083333333333
567,sc_2022_insc_505,0.5272954545454545,0.12275,0.4341090909090909,0.09497222222222222
568,in_abs_train_5581,0.7164999999999998,0.31775,0.5977499999999999,0.26095168067226887
568,sc_1963_insc_90,0.6666666666666666,0.28775,0.5285487179487178,0.24369444444444444
568,sc_1966_insc_51,0.49774999999999997,0.05,0.42274999999999996,0.048875
568,sc_1972_insc_297,0.39999999999999997,0.19775,0.3985,0.13374999999999998
568,sc_1987_insc_334,0.45775,0.16775,0.40975,0.10775000000000001
568,sc_1992_insc_139,0.656840909090909,0.26775,0.5542102272727272,0.1476306818181818
568,sc_1995_insc_306,0.6334642857142856,0.19775,0.44489285714285715,0.09850000000000002
568,sc_1996_insc_735,0.6810833333333333,0.31775,0.5679444444444445,0.15331666666666668
568,sc_2001_insc_81,0.6477499999999999,0.3779220779220779,0.562859557109557,0.23327088107970462
568,sc_2011_insc_676,0.39999999999999997,0.04775000000000001,0.3985,0.044700000000000004
568,sc_2016_insc_920,0.47274999999999995,0.12275,0.4158125,0.08316666666666667
568,sc_2020_insc_648,0.45775,0.04775000000000001,0.408125,0.04775000000000001
569,in_abs_train_4518,0.509090909090909,0.21138636363636362,0.4645545454545455,0.16942832167832167
569,in_abs_train_6277,0.5822738095238094,0.13775,0.5154638528138528,0.13408663558663558
569,sc_1960_insc_70,0.5636363636363636,0.29184090909090904,0.557965909090909,0.12076194638694637
569,sc_1961_insc_91,0.47274999999999995,0.05,0.423875,0.05
569,sc_1988_insc_114,0.6334642857142856,0.26441666666666663,0.555642857142857,0.14036904761904762
569,sc_1988_insc_353,0.49774999999999997,0.31775,0.4518333333333333,0.16265
569,sc_1989_insc_5,0.49999999999999994,0.2810833333333333,0.48573659673659664,0.21416452991452992
569,sc_2004_insc_697,0.46533241758241756,0.16890384615384613,0.4499478021978021,0.1388645765998707
569,sc_2008_insc_1019,0.5414999999999999,0.11650000000000002,0.44239999999999996,0.07141666666666668
569,sc_2010_insc_203,0.48571428571428565,0.12275,0.4203035714285714,0.0670625
569,sc_2016_insc_1205,0.49774999999999997,0.19775,0.4310833333333333,0.0791
569,sc_2018_insc_680,0.605,0.33411363636363633,0.5169810606060605,0.25993587662337664
570,in_abs_train_5012,0.39999999999999997,0.04775000000000001,0.3982,0.04775000000000001
570,in_abs_train_6553,0.6977499999999999,0.26666666666666666,0.5279833333333334,0.21591666666666667
570,sc_1968_insc_171,0.39999999999999997,0.19775,0.39893749999999994,0.0782
570,sc_1982_insc_6,0.570826923076923,0.28346428571428567,0.5229379807692307,0.19659199134199135
570,sc_1988_insc_65,0.7522954545454543,0.4045454545454545,0.597590909090909,0.32121212121212117
570,sc_1997_insc_45,0.39775,0.05,0.39775,0.04850000000000001
570,sc_2010_insc_43,0.5745454545454545,0.16775,0.49697810424869243,0.16029901960784312
570,sc_2013_insc_308,0.39999999999999997,0.05,0.3983125,0.04831250000000001
570,sc_2015_insc_54,0.39999999999999997,0.04775000000000001,0.3983125,0.04337500000000001
570,sc_2015_insc_797,0.4563966165413534,0.11490384615384615,0.42072192199248115,0.09501442307692307
570,sc_2022_insc_1305,0.6568409090909091,0.39775,0.6197121212121212,0.2313772727272727
570,sc_2022_insc_336,0.54775,0.10454545454545455,0.44849999999999995,0.07001818181818184
571,in_abs_train_5964,0.47274999999999995,0.28346428571428567,0.43524999999999997,0.14417857142857143
571,sc_1956_insc_11,0.6590909090909092,0.25229545454545454,0.5219762237762238,0.15229545454545454
571,sc_1986_insc_193,0.5827499999999999,0.2805194805194805,0.49834848484848476,0.17603961038961038
571,sc_1994_insc_498,0.49005769230769225,0.3072115384615384,0.4705705128205128,0.16912527472527472
571,sc_1996_insc_100,0.7151515151515151,0.29024999999999995,0.6319753787878788,0.2574034090909091
571,sc_2000_insc_549,0.6144166666666666,0.28346428571428567,0.5455277777777777,0.23822619047619048
571,sc_2002_insc_256,0.49774999999999997,0.14775,0.45001515151515153,0.09001818181818182
571,sc_2002_insc_405,0.6691785714285714,0.27846428571428566,0.5667714285714285,0.15322619047619046
571,sc_2006_insc_579,0.7759740259740259,0.35256410256410253,0.6433352688977688,0.2666778846153846
571,sc_2009_insc_996,0.54775,0.26441666666666663,0.5207222222222222,0.13441666666666663
571,sc_2014_insc_219,0.5499999999999999,0.19775,0.5159166666666666,0.173875
571,sc_2022_insc_147,0.6397954545454544,0.14515259740259742,0.4925060939060938,0.13239935064935063
572,sc_1958_insc_110,0.5282694805194805,0.23671328671328667,0.5019639527139527,0.17273291708291708
572,sc_1979_insc_133,0.47774999999999995,0.12275000000000003,0.4283125,0.06706250000000001
572,sc_1990_insc_241,0.6127499999999999,0.1800576923076923,0.5206380952380952,0.15390384615384617
572,sc_1991_insc_128,0.39999999999999997,0.04775000000000001,0.3994375,0.04775000000000001
572,sc_1995_insc_336,0.5810833333333333,0.19346428571428576,0.5442103174603173,0.19317207792207794
572,sc_1996_insc_458,0.55775,0.19775,0.5025833333333333,0.11019999999999999
572,sc_1996_insc_675,0.47274999999999995,0.05,0.41062499999999996,0.048875
572,sc_2009_insc_1254,0.39999999999999997,0.14775,0.3983125,0.073875
572,sc_2013_insc_631,0.5352499999999999,0.19775,0.5352499999999999,0.10279591836734693
572,sc_2015_insc_402,0.54775,0.05,0.46025,0.04831250000000001
572,sc_2015_insc_915,0.46441666666666664,0.10775000000000001,0.4580416666666666,0.10634886363636364
572,sc_2023_insc_616,0.43524999999999997,0.10079347826086957,0.4084078947368421,0.06543115942028986
573,in_abs_train_1056,0.5433333333333332,0.10287692307692309,0.47814285714285715,0.07531346153846155
573,sc_1961_insc_139,0.4722954545454546,0.12142857142857143,0.4294090909090909,0.09961698301698302
573,sc_1969_insc_322,0.6399999999999999,0.18275,0.56155,0.13349999999999998
573,sc_1995_insc_647,0.54775,0.04775000000000001,0.42865000000000003,0.04775000000000001
573,sc_1997_insc_589,0.54775,0.2,0.42865000000000003,0.09925
573,sc_1999_insc_379,0.44390384615384615,0.26,0.4138846153846154,0.10398333333333334
573,sc_2000_insc_172,0.5006071428571428,0.08775,0.45911607142857136,0.067125
573,sc_2007_insc_163,0.47274999999999995,0.3156071428571428,0.47274999999999995,0.11960513296227582
573,sc_2008_insc_166,0.5068409090909091,0.10454545454545455,0.42046818181818174,0.10379545454545454
573,sc_2014_insc_490,0.4666666666666666,0.11441666666666667,0.4124333333333333,0.06897222222222223
573,sc_2015_insc_423,0.54775,0.19775,0.4491090909090909,0.14775000000000002
573,sc_2018_insc_438,0.45775,0.12954545454545452,0.42527447552447556,0.07576515151515151
574,in_abs_train_2151,0.4749999999999999,0.15,0.42424999999999996,0.06910000000000001
574,sc_1960_insc_87,0.45775,0.05,0.41019999999999995,0.0482125
574,sc_1961_insc_89,0.56,0.16999999999999998,0.50178986013986,0.16668181818181815
574,sc_1968_insc_72,0.6105705128205127,0.38915271493212666,0.5560120703342065,0.2969984983197057
574,sc_1974_insc_144,0.6691785714285714,0.18051948051948052,0.5653528471528471,0.14352164502164502
574,sc_1992_insc_271,0.46441666666666664,0.10775000000000001,0.41441666666666666,0.07221448863636364
574,sc_1999_insc_418,0.39775,0.05,0.39775,0.048875
574,sc_2004_insc_523,0.6166666666666667,0.14775,0.4623888888888889,0.136375
574,sc_2006_insc_901,0.45999999999999996,0.10775000000000001,0.41683333333333333,0.08375000000000002
574,sc_2009_insc_75,0.4834642857142857,0.13346428571428573,0.44713293650793656,0.1239404761904762
574,sc_2012_insc_204,0.45025,0.0960875959079284,0.41567391304347817,0.0730437979539642
574,sc_2017_insc_1270,0.5750227272727272,0.15608333333333332,0.4729924242424242,0.11997222222222222
575,in_abs_train_1161,0.39999999999999997,0.05,0.39999999999999997,0.044750000000000005
575,in_abs_train_3285,0.5562115384615384,0.26621153846153844,0.49333748114630466,0.16516813186813187
575,in_abs_train_6098,0.4749999999999999,0.13571428571428573,0.45512499999999995,0.1244702380952381
575,sc_1965_insc_85,0.45999999999999996,0.11441666666666667,0.42720833333333325,0.11108333333333334
575,sc_1966_insc_5,0.54775,0.2,0.4717916666666666,0.13892708333333334
575,sc_1988_insc_48,0.4772954545454546,0.12729545454545454,0.46839843391902214,0.12486363636363636
575,sc_1993_insc_188,0.5650576923076922,0.2,0.5450288461538461,0.0727125
575,sc_2003_insc_71,0.49999999999999994,0.15,0.4332,0.08183333333333334
575,sc_2011_insc_261,0.49774999999999997,0.19775,0.44887499999999997,0.10683333333333334
575,sc_2014_insc_215,0.6045454545454545,0.19775,0.5136477272727272,0.09944886363636365
575,sc_2018_insc_447,0.39775,0.05,0.39775,0.04839285714285715
575,sc_2020_insc_559,0.39999999999999997,0.04775000000000001,0.39999999999999997,0.04775000000000001
576,in_abs_train_3408,0.39999999999999997,0.04775000000000001,0.3985,0.04775000000000001
576,in_abs_train_923,0.49774999999999997,0.10454545454545455,0.41775,0.08409848484848485
576,sc_1954_insc_68,0.6212121212121212,0.22454545454545455,0.5182929626396012,0.22454545454545455
576,sc_1990_insc_107,0.46441666666666664,0.21441666666666667,0.4149791666666667,0.13316666666666666
576,sc_1994_insc_258,0.5077047511312216,0.25770475113122165,0.5037230122818358,0.14336321913380737
576,sc_1995_insc_78,0.5019166666666666,0.15191666666666667,0.48676515151515143,0.13375
576,sc_1999_insc_409,0.42275,0.21363636363636357,0.42275,0.14274182959897244
576,sc_2002_insc_109,0.46441666666666664,0.16560714285714284,0.4299722222222222,0.08767142857142857
576,sc_2006_insc_842,0.39999999999999997,0.05,0.3988749999999999,0.048875
576,sc_2014_insc_70,0.47058823529411764,0.14304411764705882,0.43495261437908495,0.1265220588235294
576,sc_2018_insc_1193,0.45229545454545456,0.19775,0.4095590909090909,0.14775000000000002
576,sc_2023_insc_319,0.4406071428571428,0.12275,0.41840178571428566,0.08762500000000001
577,in_abs_train_2233,0.5633333333333334,0.3,0.5001249999999999,0.22880520833333332
577,sc_1968_insc_216,0.5068409090909091,0.10229545454545455,0.4522954545454545,0.07464015151515152
577,sc_1974_insc_43,0.39775,0.10229545454545455,0.39775,0.05559409090909091
577,sc_1976_insc_26,0.5305194805194804,0.13082692307692306,0.45085468103325244,0.13082692307692306
577,sc_1989_insc_292,0.5394166666666665,0.21441666666666667,0.46819999999999995,0.18108333333333335
577,sc_1990_insc_276,0.39775,0.14775,0.39775,0.06516666666666668
577,sc_2000_insc_11,0.5227499999999999,0.26775,0.47834848484848475,0.1699388111888112
577,sc_2002_insc_259,0.69275,0.20835606060606063,0.6702189935064936,0.18747750582750583
577,sc_2004_insc_172,0.6477499999999999,0.18346428571428572,0.4773428571428571,0.13373809523809524
577,sc_2009_insc_182,0.6022954545454544,0.19775,0.4416818181818181,0.12387500000000001
577,sc_2022_insc_1301,0.39999999999999997,0.05,0.3983125,0.047625
577,sc_2023_insc_836,0.39999999999999997,0.05,0.39909999999999995,0.05000000000000001
578,in_abs_train_3062,0.6416893939393938,0.30275,0.5093469696969696,0.23405555555555557
578,sc_1990_insc_222,0.6334642857142856,0.11666666666666667,0.5659603174603174,0.061983333333333335
578,sc_1992_insc_213,0.5333333333333333,0.27199999999999996,0.4648833333333333,0.14824999999999997
578,sc_1995_insc_884,0.6022727272727273,0.15,0.5629630147630148,0.1360333333333333
578,sc_1999_insc_380,0.49999999999999994,0.13571428571428573,0.44887499999999997,0.07648809523809524
578,sc_2002_insc_115,0.39999999999999997,0.09615384615384615,0.3985,0.07195192307692308
578,sc_2002_insc_403,0.5263214285714286,0.1732142857142857,0.4539142857142857,0.1468095238095238
578,sc_2012_insc_273,0.49775,0.20525000000000002,0.4633125,0.137125
578,sc_2014_insc_832,0.39775,0.19390384615384615,0.39775,0.10420879120879122
578,sc_2015_insc_338,0.5144166666666666,0.16999999999999998,0.45017653508771927,0.08225986842105264
578,sc_2022_insc_1312,0.39999999999999997,0.05,0.398875,0.048875
578,sc_2023_insc_772,0.4772954545454545,0.18216783216783217,0.4605426573426573,0.11508341658341659
579,in_abs_train_5008,0.39775,0.05,0.39763000000000004,0.04850000000000001
579,in_abs_train_5107,0.5499999999999999,0.05,0.4290999999999999,0.04925000000000001
579,in_abs_train_5809,0.6144166666666666,0.21441666666666667,0.5072083333333333,0.09406944444444444
579,in_abs_train_6196,0.4749999999999999,0.27275,0.41762499999999997,0.19185416666666663
579,sc_1964_insc_130,0.6732142857142857,0.11441666666666667,0.4984006132756133,0.08108333333333334
579,sc_1985_insc_125,0.5499999999999999,0.25775,0.5113749999999999,0.1735952380952381
579,sc_1988_insc_352,0.55775,0.19775,0.4583630952380952,0.12387500000000001
579,sc_1996_insc_514,0.39999999999999997,0.05,0.398875,0.04812500000000001
579,sc_2004_insc_21,0.39775,0.05,0.39775,0.04925000000000001
579,sc_2006_insc_759,0.5691785714285714,0.12275,0.5199732142857142,0.11914583333333333
579,sc_2012_insc_463,0.4333333333333333,0.12620137299771167,0.4333333333333333,0.09655186574317683
579,sc_2015_insc_414,0.39999999999999997,0.17991783216783216,0.3985,0.09399375624375625
580,in_abs_train_359,0.65,0.29774999999999996,0.5812467948717948,0.22274999999999998
580,in_abs_train_7024,0.47274999999999995,0.04775000000000001,0.41274999999999995,0.04775000000000001
580,sc_1953_insc_12,0.39999999999999997,0.19615384615384612,0.3985,0.08711153846153845
580,sc_1963_insc_218,0.7322954545454544,0.37775,0.6375081585081583,0.19055303030303028
580,sc_1999_insc_465,0.6144166666666666,0.25775,0.48308333333333325,0.18294444444444444
580,sc_2002_insc_429,0.5310833333333334,0.33108333333333334,0.4600181818181818,0.1873888888888889
580,sc_2005_insc_364,0.39999999999999997,0.18108333333333335,0.39999999999999997,0.09441666666666668
580,sc_2008_insc_786,0.39999999999999997,0.05,0.3985,0.0491
580,sc_2013_insc_103,0.5714285714285715,0.07307692307692307,0.4808608058608059,0.060815384615384625
580,sc_2017_insc_1026,0.39999999999999997,0.05,0.3982,0.04925000000000001
580,sc_2019_insc_280,0.584090909090909,0.25775,0.4968352272727273,0.190125
580,sc_2023_insc_344,0.45775,0.05,0.42055909090909094,0.04850000000000001
581,in_abs_train_787,0.54775,0.2,0.49774999999999997,0.07865000000000001
581,sc_1958_insc_96,0.45775,0.11,0.41775,0.074
581,sc_1963_insc_140,0.45775,0.10454545454545452,0.4102,0.06743181818181819
581,sc_1964_insc_283,0.5068409090909091,0.125,0.4522954545454545,0.0632
581,sc_1972_insc_109,0.5327499999999998,0.18275,0.4609318181818181,0.1232
581,sc_1986_insc_23,0.66775,0.33108333333333334,0.5880416666666666,0.24941666666666668
581,sc_1993_insc_225,0.39775,0.05,0.39775,0.049249999999999995
581,sc_1995_insc_6,0.39999999999999997,0.05,0.3985,0.04820000000000001
581,sc_2002_insc_25,0.5122954545454546,0.05,0.4424681818181818,0.049249999999999995
581,sc_2004_insc_619,0.4666666666666666,0.12275,0.4316458333333333,0.08316666666666667
581,sc_2009_insc_355,0.39999999999999997,0.05,0.39924999999999994,0.048650000000000006
581,sc_2022_insc_1327,0.54775,0.2,0.47274999999999995,0.111375
582,in_abs_train_2368,0.47274999999999995,0.12275,0.4306988636363636,0.08150000000000002
582,in_abs_train_5625,0.49774999999999997,0.04775000000000001,0.4415,0.046906250000000003
582,sc_1975_insc_184,0.4749999999999999,0.125,0.4492499999999999,0.10576666666666665
582,sc_1990_insc_288,0.72,0.3391785714285715,0.6725327380952382,0.21813392857142858
582,sc_1992_insc_184,0.43749999999999994,0.07727272727272727,0.4263833333333332,0.06175757575757576
582,sc_2001_insc_204,0.49999999999999994,0.22502272727272726,0.48738888888888887,0.13222575757575758
582,sc_2003_insc_414,0.5926470588235294,0.17275,0.5220367647058823,0.1220625
582,sc_2014_insc_867,0.61,0.19775,0.48924999999999996,0.0782
582,sc_2016_insc_1053,0.5327499999999998,0.11,0.46126136363636355,0.09060416666666667
582,sc_2018_insc_9,0.6227499999999999,0.26441666666666663,0.5435833333333333,0.15999368686868684
582,sc_2019_insc_261,0.55775,0.11,0.42975,0.0685
582,sc_2021_insc_654,0.6281512605042017,0.2511113445378151,0.52753076625387,0.1917671568627451
583,in_abs_train_1180,0.7599999999999999,0.42138636363636356,0.6414305069930069,0.3544488636363636
583,in_abs_train_3990,0.39775,0.05,0.39775,0.049249999999999995
583,in_abs_train_6745,0.54775,0.04775000000000001,0.4358125,0.04775000000000001
583,sc_1966_insc_152,0.5310833333333334,0.21917857142857144,0.4750654761904761,0.13346428571428573
583,sc_1967_insc_242,0.5750227272727272,0.2272727272727273,0.4494994588744588,0.2261477272727273
583,sc_1983_insc_2,0.47274999999999995,0.11441666666666667,0.4332222222222222,0.08220833333333333
583,sc_1995_insc_606,0.5833333333333334,0.16679761904761906,0.4452708333333333,0.07863690476190477
583,sc_2008_insc_230,0.5727499999999999,0.04775000000000001,0.5203469387755101,0.04775000000000001
583,sc_2010_insc_320,0.39999999999999997,0.04775000000000001,0.39806874999999997,0.04775000000000001
583,sc_2012_insc_541,0.47274999999999995,0.12275,0.42274999999999996,0.08637500000000001
583,sc_2021_insc_347,0.39999999999999997,0.05,0.39999999999999997,0.048071428571428584
583,sc_2023_insc_447,0.39999999999999997,0.05,0.39999999999999997,0.04850000000000001
584,in_abs_train_374,0.6477499999999999,0.2534642857142857,0.5333571428571429,0.1469394902697921
584,sc_1962_1_140_151_en,0.39775,0.05,0.39775,0.048650000000000006
584,sc_1964_insc_30,0.39775,0.04775000000000001,0.39775,0.04775000000000001
584,sc_1995_insc_48,0.6077499999999999,0.35775,0.5523642857142856,0.2285
584,sc_1997_insc_221,0.39999999999999997,0.19775,0.39943749999999995,0.11081250000000001
584,sc_1998_insc_192,0.39999999999999997,0.05,0.398875,0.04831250000000001
584,sc_2003_insc_625,0.45775,0.11441666666666667,0.41850000000000004,0.07244242424242424
584,sc_2007_insc_84,0.39999999999999997,0.05,0.3993571428571428,0.05
584,sc_2009_insc_310,0.4834642857142857,0.2334642857142857,0.41579285714285713,0.13822619047619047
584,sc_2010_insc_112,0.54775,0.135,0.523875,0.07683333333333335
584,sc_2011_insc_841,0.655,0.23333333333333334,0.5052708333333333,0.2045625
585,sc_1954_insc_12,0.49999999999999994,0.15,0.4492575757575757,0.07420000000000002
585,sc_1972_insc_161,0.54775,0.19775,0.45775,0.14775000000000002
585,sc_1976_insc_336,0.6077499999999999,0.15909090909090906,0.46464999999999995,0.12783585858585858
585,sc_1981_insc_54,0.49,0.23108333333333334,0.43925,0.13353333333333334
585,sc_1981_insc_63,0.5499999999999999,0.2,0.4545625,0.15780357142857143
585,sc_1996_insc_125,0.5906071428571428,0.29524999999999996,0.5220357142857143,0.1967712121212121
585,sc_2000_insc_167,0.4966666666666666,0.15191666666666667,0.4469484126984127,0.10609871794871792
585,sc_2005_insc_309,0.44775,0.1763214285714286,0.41081249999999997,0.08045535714285715
585,sc_2010_insc_605,0.4666666666666666,0.11666666666666667,0.4466458333333333,0.08220833333333334
585,sc_2013_insc_74,0.44775,0.24775,0.4233125,0.0983125
585,sc_2019_insc_1029,0.47274999999999995,0.12275,0.4427499999999999,0.09849999999999999
585,sc_2023_insc_275,0.45999999999999996,0.10775000000000001,0.41924999999999996,0.05975000000000001
586,in_abs_train_3182,0.6310833333333332,0.21441666666666667,0.5815333333333331,0.15961111111111112
586,in_abs_train_3600,0.509090909090909,0.10229545454545455,0.48940909090909085,0.07676128871128872
586,in_abs_train_3671,0.54775,0.05,0.43581249999999994,0.048875
586,sc_1952_insc_47,0.39775,0.05,0.3976,0.05000000000000001
586,sc_1979_insc_67,0.39999999999999997,0.10229545454545455,0.39924999999999994,0.05865909090909092
586,sc_1992_insc_347,0.45999999999999996,0.16775,0.45999999999999996,0.10521428571428573
586,sc_1994_insc_32,0.46441666666666664,0.125,0.46220833333333333,0.09433333333333332
586,sc_1997_insc_207,0.6906071428571428,0.29774999999999996,0.5939404761904762,0.21748571428571428
586,sc_2007_insc_691,0.39775,0.05,0.3965,0.04831250000000001
586,sc_2009_insc_1168,0.39999999999999997,0.19775,0.3983125,0.0858125
586,sc_2014_insc_955,0.55275,0.12775,0.4658860294117647,0.07775
586,sc_2016_insc_581,0.6144166666666666,0.2,0.45934523809523803,0.2
587,sc_1959_insc_80,0.39999999999999997,0.04775000000000001,0.3985,0.04775000000000001
587,sc_1974_insc_188,0.4461538461538461,0.14775,0.4138846153846154,0.06820000000000001
587,sc_1986_insc_228,0.39999999999999997,0.05,0.39924999999999994,0.04820000000000001
587,sc_1989_insc_99,0.575,0.11441666666666667,0.461375,0.09151762820512821
587,sc_1992_insc_70,0.54775,0.12275,0.454,0.06706250000000001
587,sc_1994_insc_473,0.6358452380952381,0.26155090497737554,0.5445393217893217,0.22099589528118938
587,sc_2010_insc_768,0.58,0.1818409090909091,0.4875772144522144,0.11479545454545456
587,sc_2016_insc_998,0.39999999999999997,0.05,0.398875,0.049625
587,sc_2021_insc_395,0.43524999999999997,0.05,0.4165,0.048875
587,sc_2022_insc_641,0.5499999999999999,0.14775,0.5015333333333334,0.08183333333333333
587,sc_2023_insc_109,0.49999999999999994,0.3,0.4191,0.13258333333333333
587,sc_2023_insc_818,0.39999999999999997,0.10229545454545455,0.3985,0.08137727272727273
588,in_abs_train_2464,0.5233910256410256,0.22846153846153844,0.4680737179487179,0.16371776018099546
588,in_abs_train_2499,0.5153846153846153,0.1276223776223776,0.4725665334665335,0.10163927738927737
588,in_abs_train_884,0.5327499999999998,0.16775,0.4721090909090909,0.15275
588,in_abs_train_896,0.48775,0.26229545454545455,0.4436545454545454,0.18733116883116882
588,sc_1959_insc_41,0.6810833333333333,0.26666666666666666,0.5427499999999998,0.19849999999999998
588,sc_1968_insc_160,0.6144166666666666,0.19775,0.5295624999999999,0.10400000000000001
588,sc_1988_insc_326,0.39775,0.125,0.39775,0.06365000000000001
588,sc_2008_insc_1067,0.4749999999999999,0.04775000000000001,0.4221111111111111,0.04775000000000001
588,sc_2009_insc_1225,0.5921678321678322,0.23909090909090913,0.5222364135864137,0.18412770562770564
588,sc_2015_insc_273,0.4406071428571428,0.04775000000000001,0.40419387755102043,0.04775000000000001
588,sc_2015_insc_954,0.5499999999999999,0.11666666666666667,0.4742499999999999,0.08333333333333334
589,in_abs_train_3935,0.66775,0.16775,0.5751742424242423,0.10775000000000001
589,in_abs_train_5224,0.48571428571428565,0.13346428571428573,0.43359693877551014,0.13346428571428573
589,in_abs_train_5311,0.47274999999999995,0.04775000000000001,0.41274999999999995,0.04775000000000001
589,in_abs_train_6755,0.49390384615384614,0.14390384615384613,0.45197016483516483,0.09668589743589744
589,sc_1997_insc_727,0.61,0.23787878787878786,0.5177928571428572,0.19445959595959597
589,sc_1998_insc_143,0.44775,0.11,0.42237499999999994,0.06925
589,sc_1999_insc_373,0.5877499999999999,0.21533241758241758,0.5390735294117647,0.14461813186813188
589,sc_2006_insc_79,0.39999999999999997,0.11441666666666667,0.39805,0.07147222222222221
589,sc_2007_insc_352,0.6077499999999999,0.22275,0.46747916666666667,0.09150000000000001
589,sc_2010_insc_81,0.45775,0.19775,0.4405852272727273,0.09735096153846154
589,sc_2012_insc_130,0.5939038461538461,0.1568409090909091,0.46235096153846145,0.10342045454545455
590,in_abs_train_2064,0.5777499999999999,0.19775,0.4970357142857142,0.13865
590,in_abs_train_3165,0.39775,0.16775,0.39775,0.08775000000000001
590,in_abs_train_522,0.6022954545454544,0.25775,0.5300227272727271,0.14592424242424243
590,sc_1981_insc_190,0.39775,0.16249999999999998,0.39775,0.08568984962406015
590,sc_1996_insc_811,0.5499999999999999,0.26666666666666666,0.48887499999999995,0.14304166666666668
590,sc_1997_insc_164,0.6090909090909091,0.33108333333333334,0.5806931818181817,0.17413510101010102
590,sc_2005_insc_80,0.39775,0.05,0.39775,0.048071428571428584
590,sc_2008_insc_1332,0.600826923076923,0.28275,0.4568525641025641,0.18167234848484848
590,sc_2014_insc_1013,0.6644166666666667,0.16583333333333333,0.5754593073593073,0.14922474747474748
590,sc_2017_insc_1282,0.49774999999999997,0.11441666666666667,0.4383125,0.07861553030303031
590,sc_2023_insc_1017,0.39775,0.10229545454545455,0.39775,0.06668181818181819
590,sc_2023_insc_404,0.5977499999999999,0.18108333333333335,0.49274999999999997,0.13164583333333335
591,sc_1972_insc_236,0.61375,0.11,0.4935653846153846,0.09000000000000001
591,sc_1976_insc_215,0.39999999999999997,0.05,0.3983125,0.04818750000000001
591,sc_1978_insc_266,0.39999999999999997,0.10775000000000001,0.3985,0.06065
591,sc_1995_insc_426,0.44999999999999996,0.1676470588235294,0.4210625,0.09134926470588234
591,sc_2001_insc_441,0.5272954545454545,0.20775,0.49319696969696963,0.11656818181818182
591,sc_2003_insc_601,0.39775,0.05,0.39775,0.049437499999999995
591,sc_2004_insc_38,0.6427499999999999,0.21227272727272728,0.5164653679653679,0.17251136363636366
591,sc_2004_insc_675,0.4749999999999999,0.12275,0.4463749999999999,0.08420833333333333
591,sc_2006_insc_654,0.47274999999999995,0.12275,0.4170625,0.06706250000000001
591,sc_2010_insc_50,0.6416893939393938,0.37274999999999997,0.581840909090909,0.2664727272727273
591,sc_2015_insc_472,0.46441666666666664,0.11666666666666667,0.4238666666666666,0.06905555555555556
591,sc_2021_insc_750,0.47274999999999995,0.12275,0.43512499999999993,0.06706250000000001
592,sc_1954_insc_82,0.54775,0.22775,0.5058153846153844,0.1285
592,sc_1962_insc_12,0.5727499999999999,0.10454545454545455,0.47437012987012983,0.10454545454545455
592,sc_1962_insc_145,0.6363863636363635,0.37775,0.6363863636363635,0.21464610389610386
592,sc_1962_insc_185,0.5458333333333334,0.16153846153846152,0.48764588388309615,0.14374679487179487
592,sc_1973_insc_127,0.5187499999999999,0.26775,0.4405,0.17116964285714284
592,sc_1997_insc_572,0.47274999999999995,0.19775,0.43524999999999997,0.11062500000000001
592,sc_2007_insc_1290,0.47917857142857145,0.135,0.43846428571428575,0.08302131202131202
592,sc_2008_insc_1039,0.5499999999999999,0.27275,0.45954999999999996,0.12275000000000001
592,sc_2008_insc_1500,0.4977499999999999,0.2080769230769231,0.464225974025974,0.19130885780885784
592,sc_2014_insc_522,0.5000227272727271,0.15608333333333332,0.4873964646464646,0.09086666666666668
592,sc_2022_insc_1208,0.39775,0.05,0.39775,0.049249999999999995
593,sc_1955_insc_37,0.6322954545454544,0.47774999999999995,0.6165227272727273,0.30495909090909085
593,sc_1968_insc_98,0.59775,0.11441666666666667,0.4782,0.07072222222222223
593,sc_1971_insc_194,0.47274999999999995,0.15,0.4192,0.10833333333333334
593,sc_1978_insc_172,0.4776223776223776,0.23638636363636362,0.43768618881118876,0.1333081918081918
593,sc_1992_insc_176,0.54775,0.26441666666666663,0.44849999999999995,0.19022575757575755
593,sc_2001_insc_185,0.39775,0.05,0.39775,0.04812500000000001
593,sc_2011_insc_704,0.46441666666666664,0.11666666666666667,0.42941666666666667,0.08277083333333334
593,sc_2015_insc_167,0.43524999999999997,0.05,0.40712499999999996,0.048875
593,sc_2015_insc_78,0.54275,0.16999999999999998,0.4745396015748956,0.15619230769230769
593,sc_2016_insc_217,0.49774999999999997,0.14775,0.47274999999999995,0.12331249999999999
593,sc_2017_insc_664,0.39999999999999997,0.05,0.39999999999999997,0.048650000000000006
593,sc_2020_insc_112,0.54775,0.14775,0.4358125,0.07275000000000001
594,in_abs_train_2049,0.45999999999999996,0.125,0.428875,0.081375
594,sc_1965_insc_58,0.39999999999999997,0.12275,0.3983125,0.07483333333333334
594,sc_1969_insc_278,0.5499999999999999,0.21666666666666667,0.4733125,0.08997916666666668
594,sc_1973_insc_237,0.44999999999999996,0.10229545454545455,0.4137153846153846,0.06343181818181819
594,sc_1983_insc_33,0.54775,0.14775,0.4483125,0.0983125
594,sc_1990_insc_92,0.49774999999999997,0.26,0.45624285714285706,0.18040476190476187
594,sc_1992_insc_45,0.44775,0.15,0.4160625,0.07387500000000001
594,sc_1996_insc_605,0.46441666666666664,0.11441666666666667,0.46037626262626263,0.08641666666666667
594,sc_2004_insc_676,0.49999999999999994,0.12219251336898396,0.41479166666666667,0.11336898395721925
594,sc_2013_insc_99,0.39775,0.05,0.39775,0.04804166666666668
594,sc_2019_insc_108,0.43524999999999997,0.08529411764705883,0.4165,0.06651470588235293
594,sc_2021_insc_173,0.39999999999999997,0.05,0.39831249999999996,0.04831250000000001
595,in_abs_train_3044,0.5922932330827068,0.2009012605042017,0.5143834586466166,0.14249057938965062
595,sc_1959_insc_114,0.45999999999999996,0.20775,0.4221775,0.10183333333333333
595,sc_1973_insc_187,0.5610833333333333,0.14775,0.49665454545454546,0.09925757575757577
595,sc_1976_insc_204,0.4605705128205128,0.11155090497737558,0.43786259129157734,0.08359782090974043
595,sc_1996_insc_312,0.39999999999999997,0.14775,0.3985,0.06820000000000001
595,sc_2000_insc_34,0.39775,0.1568409090909091,0.39775,0.10532575757575757
595,sc_2004_insc_712,0.49774999999999997,0.14775,0.4318333333333333,0.09775
595,sc_2009_insc_1316,0.4834642857142857,0.13571428571428573,0.43173214285714284,0.06353571428571429
595,sc_2010_insc_15,0.45229545454545456,0.10229545454545455,0.41668181818181815,0.059109090909090924
595,sc_2013_insc_747,0.55775,0.22275,0.4918666666666667,0.10608333333333335
595,sc_2016_insc_250,0.5810833333333333,0.19775,0.5179444444444444,0.14486666666666667
595,sc_2019_insc_1368,0.66775,0.25229545454545454,0.5569381818181818,0.1609318181818182
596,in_abs_train_2929,0.6214285714285714,0.36999999999999994,0.5397698412698412,0.2269357142857143
596,in_abs_train_6114,0.620826923076923,0.27307692307692305,0.5544697802197801,0.20889162087912086
596,sc_1960_insc_152,0.6330769230769231,0.285,0.5926861888111887,0.19642207792207791
596,sc_1964_insc_96,0.4749999999999999,0.05,0.4457222222222222,0.04820000000000001
596,sc_1994_insc_346,0.4749999999999999,0.125,0.42424999999999996,0.07295788461538462
596,sc_2003_insc_733,0.55775,0.20775,0.4775909090909091,0.20775
596,sc_2004_insc_480,0.5644166666666666,0.27499999999999997,0.51025,0.18956250000000002
596,sc_2006_insc_442,0.6357142857142857,0.13346428571428573,0.4945535714285714,0.09173214285714287
596,sc_2009_insc_469,0.55775,0.21366666666666667,0.48019999999999996,0.10455555555555555
596,sc_2013_insc_599,0.5177499999999999,0.26666666666666666,0.49481313131313126,0.18295780885780885
596,sc_2014_insc_580,0.7116155462184873,0.3825714285714285,0.5869115737203972,0.3412878151260504
596,sc_2022_insc_1231,0.5772727272727273,0.23229545454545455,0.5178924242424243,0.17834848484848487
597,in_abs_train_2373,0.47274999999999995,0.18108333333333335,0.45039583333333333,0.13281493506493508
597,in_abs_train_572,0.44775,0.05,0.423875,0.046375
597,in_abs_train_6338,0.7060833333333332,0.27774999999999994,0.581786616161616,0.2547954545454545
597,in_abs_train_897,0.66775,0.25775,0.5297499999999999,0.13775
597,sc_1971_insc_222,0.66775,0.16775,0.5156499999999999,0.10775000000000001
597,sc_1986_insc_267,0.6333333333333333,0.15,0.5655416666666666,0.10369444444444444
597,sc_1996_insc_1234,0.54775,0.05,0.47275,0.048650000000000006
597,sc_1998_insc_347,0.5685833333333333,0.18525000000000003,0.48783333333333334,0.1076875
597,sc_2008_insc_1252,0.5833333333333334,0.2572738095238095,0.5021111111111111,0.1971352813852814
597,sc_2011_insc_496,0.55775,0.14775,0.47889242424242423,0.12702777777777777
597,sc_2017_insc_653,0.5227499999999999,0.22691666666666666,0.46024999999999994,0.10320238095238095
597,sc_2020_insc_576,0.49774999999999997,0.15,0.44887499999999997,0.06516666666666666
598,in_abs_train_4904,0.7136363636363635,0.42999999999999994,0.6594090909090907,0.32392272727272725
598,sc_1963_insc_250,0.48502272727272727,0.14108333333333334,0.4801975524475524,0.11693434343434345
598,sc_1994_insc_227,0.5939038461538461,0.1484493006993007,0.517474358974359,0.13576311188811188
598,sc_1996_insc_1268,0.39999999999999997,0.04775000000000001,0.3985,0.04775000000000001
598,sc_2002_insc_89,0.6112115384615383,0.16890384615384613,0.4871730769230769,0.13252884615384614
598,sc_2004_insc_479,0.45775,0.11441666666666667,0.41924999999999996,0.061983333333333335
598,sc_2006_insc_382,0.7144166666666666,0.3522954545454545,0.6285833333333333,0.2655530303030303
598,sc_2006_insc_791,0.39775,0.10275000000000001,0.39775,0.05433333333333334
598,sc_2010_insc_487,0.39775,0.16775,0.39775,0.09795202020202019
598,sc_2016_insc_50,0.46441666666666664,0.12275,0.43622575757575754,0.11794444444444445
598,sc_2021_insc_215,0.606840909090909,0.05,0.5219848484848484,0.048875
598,sc_2022_insc_1120,0.7169807692307691,0.2713863636363636,0.5780870795870795,0.21153785332314742
599,in_abs_train_4746,0.5156071428571428,0.12275,0.44534285714285715,0.10111904761904762
599,in_abs_train_4749,0.6250227272727271,0.28333333333333327,0.5855590909090909,0.23409848484848483
599,sc_1963_insc_101,0.6022142857142857,0.14150000000000001,0.49336607142857136,0.10975105042016808
599,sc_1975_insc_20,0.46441666666666664,0.2,0.4207222222222222,0.0991
599,sc_1980_insc_95,0.39999999999999997,0.185,0.3985,0.0911
599,sc_1985_insc_142,0.5911765734265734,0.15002272727272728,0.519833479020979,0.13694318181818183
599,sc_1995_insc_381,0.39999999999999997,0.11,0.3970625,0.07831250000000001
599,sc_1996_insc_347,0.49774999999999997,0.12275,0.41516666666666663,0.08525
599,sc_2006_insc_870,0.47274999999999995,0.21441666666666667,0.42274999999999996,0.12774999999999997
599,sc_2007_insc_76,0.7249999999999999,0.2,0.5911923076923076,0.09365000000000001
599,sc_2015_insc_877,0.42082692307692304,0.12892857142857142,0.4118807692307692,0.08875183150183148
599,sc_2022_insc_288,0.6030769230769231,0.33999999999999997,0.5028153846153847,0.19230952380952382
600,in_abs_train_3763,0.49005769230769225,0.09775,0.43850961538461536,0.07275000000000001
600,sc_1962_insc_103,0.39999999999999997,0.10454545454545455,0.3985,0.06878986013986013
600,sc_1967_insc_143,0.39775,0.11,0.39775,0.0585
600,sc_1967_insc_20,0.45775,0.16775,0.4433125,0.09275000000000001
600,sc_1976_insc_131,0.4772954545454545,0.10775000000000001,0.4250151515151515,0.07110909090909091
600,sc_1990_insc_44,0.49774999999999997,0.10775000000000001,0.4394166666666666,0.07371648351648352
600,sc_1997_insc_541,0.595,0.16999999999999998,0.47365,0.08850000000000001
600,sc_1999_insc_459,0.45775,0.14775,0.4359166666666667,0.08489285714285716
600,sc_2007_insc_1041,0.39999999999999997,0.05,0.3985,0.04820000000000001
600,sc_2013_insc_772,0.5277499999999999,0.08108333333333334,0.46786868686868677,0.07691666666666667
600,sc_2022_insc_845,0.5499999999999999,0.11666666666666667,0.5233125000000001,0.08220833333333334
600,sc_2024_insc_49,0.39775,0.04775000000000001,0.39775,0.04775000000000001
601,in_abs_train_1820,0.5363636363636364,0.1890909090909091,0.5363636363636364,0.11686363636363636
601,in_abs_train_5558,0.5450227272727273,0.3844166666666667,0.529784090909091,0.22843308080808078
601,in_abs_train_5855,0.568903846153846,0.3173076923076923,0.49014109419991775,0.2518356643356643
601,in_abs_train_6468,0.47274999999999995,0.0875,0.4165,0.06518750000000001
601,sc_1974_insc_231,0.39775,0.05,0.39775,0.04515000000000001
601,sc_1986_insc_117,0.516797619047619,0.05,0.4280744047619047,0.04831250000000001
601,sc_1988_insc_253,0.5857142857142857,0.05,0.4822410714285714,0.04831250000000001
601,sc_1988_insc_357,0.5906071428571428,0.27275,0.4934380952380952,0.14775000000000002
601,sc_1995_insc_587,0.39999999999999997,0.12275,0.3982,0.09572222222222222
601,sc_1997_insc_86,0.5499999999999999,0.19775,0.47387499999999994,0.13302380952380952
601,sc_2010_insc_524,0.61,0.31999999999999995,0.5866818181818182,0.22865000000000002
601,sc_2023_insc_179,0.39775,0.05,0.39775,0.04943750000000001
602,in_abs_train_5178,0.7237115384615384,0.2528970588235294,0.643687104072398,0.22389334195216548
602,in_abs_train_5812,0.5249999999999999,0.26275,0.5229134615384614,0.1920897435897436
602,in_abs_train_6905,0.49774999999999997,0.19775,0.4318333333333333,0.1232
602,sc_1972_insc_158,0.39999999999999997,0.04775000000000001,0.3983125,0.04775000000000001
602,sc_1989_insc_158,0.39775,0.19775,0.39775,0.14926515151515152
602,sc_1990_insc_45,0.39775,0.05,0.39775,0.048650000000000006
602,sc_1996_insc_436,0.49774999999999997,0.15,0.4318333333333333,0.1182
602,sc_2003_insc_462,0.39775,0.07275000000000001,0.39525,0.05212291666666668
602,sc_2006_insc_159,0.61,0.19775,0.48831250000000004,0.09944886363636364
602,sc_2007_insc_279,0.39775,0.12275,0.39775,0.10886111111111112
602,sc_2009_insc_384,0.49999999999999994,0.2944166666666666,0.4498833333333333,0.1701742424242424
602,sc_2023_insc_943,0.39775,0.12275,0.39775,0.0665
603,in_abs_train_2293,0.49774999999999997,0.12275,0.44887499999999997,0.08137299465240642
603,in_abs_train_353,0.39775,0.1423076923076923,0.39775,0.08845266875981163
603,in_abs_train_5520,0.47274999999999995,0.125,0.41319999999999996,0.07350000000000001
603,sc_1953_insc_78,0.5227499999999999,0.1590909090909091,0.4719017482517483,0.12879545454545455
603,sc_1971_insc_73,0.5873076923076923,0.18785714285714283,0.5084803113553114,0.11780357142857142
603,sc_1973_insc_151,0.6423076923076924,0.15,0.5607884615384616,0.09379285714285715
603,sc_1995_insc_451,0.5083333333333333,0.15833333333333333,0.46243787878787873,0.12905555555555556
603,sc_2001_insc_540,0.5177499999999999,0.10775000000000001,0.4710833333333333,0.08310909090909092
603,sc_2002_insc_554,0.4834642857142857,0.13346428571428573,0.4153428571428571,0.0985436507936508
603,sc_2014_insc_76,0.47274999999999995,0.125,0.43524999999999997,0.06706250000000001
603,sc_2016_insc_70,0.49774999999999997,0.25775,0.49774999999999997,0.09064285714285715
603,sc_2022_insc_768,0.5227499999999999,0.20229545454545453,0.4419807692307692,0.11593181818181819
604,in_abs_train_1139,0.5384615384615384,0.20729545454545453,0.473234965034965,0.13804545454545455
604,in_abs_train_2228,0.4944166666666666,0.08,0.45256363636363633,0.0683409090909091
604,sc_1972_insc_142,0.544340909090909,0.1968409090909091,0.5182974025974025,0.1558618881118881
604,sc_1973_insc_115,0.47142857142857136,0.04775000000000001,0.4219345238095238,0.04775000000000001
604,sc_1988_insc_70,0.570826923076923,0.24582692307692308,0.5032706043956043,0.16758416583416585
604,sc_1999_insc_234,0.5856287878787878,0.1712121212121212,0.5105211247086245,0.12911850649350648
604,sc_2003_insc_423,0.5499999999999999,0.19775,0.436375,0.08525
604,sc_2004_insc_532,0.6261538461538462,0.2543409090909091,0.5083963298606156,0.2543409090909091
604,sc_2008_insc_298,0.48571428571428565,0.16775,0.45715194805194803,0.12183333333333334
604,sc_2015_insc_52,0.45138636363636364,0.09060714285714286,0.4310965909090909,0.08721428571428572
604,sc_2023_insc_293,0.5666666666666667,0.41441666666666666,0.5353611111111111,0.19043809523809524
605,in_abs_train_110,0.5499999999999999,0.20999999999999996,0.436375,0.1170625
605,in_abs_train_4356,0.5352499999999999,0.28775,0.48429166666666656,0.13159722222222223
605,in_abs_train_4380,0.54775,0.19775,0.44849999999999995,0.1282
605,in_abs_train_542,0.45229545454545456,0.19775,0.43001818181818174,0.13411363636363635
605,sc_1986_insc_19,0.45229545454545456,0.07775000000000001,0.4119488636363636,0.06331250000000001
605,sc_1989_insc_226,0.4749999999999999,0.20846428571428574,0.43749999999999994,0.1214978354978355
605,sc_1996_insc_1106,0.59775,0.04775000000000001,0.5006071428571428,0.04775000000000001
605,sc_2008_insc_271,0.54775,0.19775,0.47274999999999995,0.1420625
605,sc_2010_insc_763,0.39999999999999997,0.2064285714285714,0.39831249999999996,0.13333928571428572
605,sc_2013_insc_558,0.7,0.05,0.5257857142857142,0.05
605,sc_2017_insc_1019,0.39999999999999997,0.05,0.39865,0.04850000000000001
605,sc_2018_insc_968,0.5327499999999998,0.14775,0.4624196428571428,0.11081250000000001
606,in_abs_train_2922,0.45229545454545456,0.10454545454545455,0.41138636363636366,0.07444886363636365
606,in_abs_train_3052,0.4749999999999999,0.05,0.42364999999999997,0.04850000000000001
606,in_abs_train_3979,0.54775,0.2,0.4613749999999999,0.1733125
606,sc_1967_insc_205,0.5341136363636363,0.1883269230769231,0.4569226398601398,0.1302805944055944
606,sc_1991_insc_49,0.66775,0.36917857142857147,0.56075,0.2710274725274725
606,sc_1997_insc_705,0.39999999999999997,0.05,0.39999999999999997,0.04812500000000001
606,sc_2004_insc_88,0.45775,0.10775000000000001,0.41775,0.08246818181818182
606,sc_2009_insc_391,0.44775,0.04775000000000001,0.4164307692307692,0.04683333333333334
606,sc_2011_insc_617,0.5499999999999999,0.15,0.5499999999999999,0.09807142857142857
606,sc_2011_insc_733,0.54775,0.2,0.48637499999999995,0.123875
606,sc_2015_insc_213,0.5499999999999999,0.2,0.461375,0.1483125
606,sc_2022_insc_1160,0.49999999999999994,0.05,0.4582,0.04925000000000001
607,in_abs_train_1758,0.48571428571428565,0.11666666666666667,0.4353035714285714,0.1
607,in_abs_train_3326,0.5694166666666666,0.23979545454545453,0.4973964646464646,0.1628257575757576
607,in_abs_train_3663,0.56,0.185,0.4975833333333333,0.10415
607,sc_1961_insc_327,0.6272371794871794,0.2721860902255639,0.5736365635997989,0.24379157452454664
607,sc_1974_insc_108,0.73,0.3,0.638875,0.21764918414918413
607,sc_1989_insc_49,0.6560833333333332,0.30275,0.5753958333333333,0.17525
607,sc_2005_insc_190,0.4944166666666666,0.16774999999999998,0.47952316084328467,0.1386388888888889
607,sc_2006_insc_208,0.56,0.27499999999999997,0.4740555555555556,0.1779975
607,sc_2009_insc_181,0.5946,0.2,0.5141166666666667,0.16865
607,sc_2011_insc_563,0.4808269230769231,0.2776223776223776,0.4570577339327339,0.22632255244755245
607,sc_2018_insc_341,0.5987059523809524,0.10560714285714287,0.5149984753550543,0.07271265664160402
607,sc_2018_insc_782,0.5134642857142856,0.2656071428571428,0.48558073593073586,0.1493982142857143
608,in_abs_train_3237,0.39999999999999997,0.2,0.398875,0.07350000000000001
608,in_abs_train_5353,0.6357142857142857,0.2857142857142857,0.5842142857142857,0.2293642857142857
608,sc_1960_insc_173,0.47274999999999995,0.10229545454545455,0.43524999999999997,0.06251136363636364
608,sc_1967_insc_55,0.6060833333333332,0.14393939393939392,0.507986111111111,0.14393939393939392
608,sc_1989_insc_391,0.39999999999999997,0.05,0.3975375,0.049249999999999995
608,sc_2003_insc_64,0.49999999999999994,0.22275,0.4555555555555555,0.09775000000000002
608,sc_2004_insc_415,0.46441666666666664,0.04775000000000001,0.4110833333333333,0.04775000000000001
608,sc_2005_insc_348,0.5272954545454545,0.1958269230769231,0.4926800699300699,0.13563811188811187
608,sc_2008_insc_1385,0.49999999999999994,0.12275,0.4494375,0.0670625
608,sc_2008_insc_812,0.39999999999999997,0.05,0.39865,0.04850000000000001
608,sc_2011_insc_436,0.7144166666666666,0.23787878787878786,0.5830313852813852,0.19316404428904427
608,sc_2013_insc_482,0.5345442583732057,0.13611250000000003,0.48099618364092045,0.09237821898496242
609,in_abs_train_3290,0.39999999999999997,0.05,0.39924999999999994,0.04820000000000001
609,sc_1954_insc_38,0.39775,0.19775,0.3970625,0.08581250000000001
609,sc_1992_insc_179,0.5499999999999999,0.14775,0.5340999999999999,0.08183333333333333
609,sc_1994_insc_12,0.39999999999999997,0.04775000000000001,0.398125,0.04653125000000001
609,sc_1996_insc_338,0.7045454545454545,0.23789583333333333,0.5545530303030303,0.1873316142191142
609,sc_1999_insc_406,0.54775,0.15,0.54775,0.10553571428571429
609,sc_2002_insc_30,0.6227499999999999,0.3060833333333333,0.5605473484848484,0.2498333333333333
609,sc_2007_insc_466,0.6477499999999999,0.26666666666666666,0.5640773809523809,0.25283333333333335
609,sc_2009_insc_66,0.5834642857142857,0.19775,0.48759821428571426,0.13280357142857144
609,sc_2010_insc_435,0.39775,0.24775,0.39775,0.10953679653679657
609,sc_2012_insc_249,0.59775,0.09775,0.48183333333333334,0.07090789473684211
609,sc_2020_insc_649,0.5272954545454545,0.20229545454545453,0.47263636363636363,0.1886590909090909
610,in_abs_train_2828,0.5727499999999999,0.23108333333333334,0.46441666666666664,0.1423666666666667
610,in_abs_train_5634,0.6060833333333332,0.22250000000000003,0.5217969696969696,0.19508333333333336
610,sc_1963_insc_255,0.4847434782608695,0.12138636363636363,0.445293280632411,0.06989466403162056
610,sc_1969_insc_312,0.39999999999999997,0.04775000000000001,0.398125,0.04775000000000001
610,sc_1995_insc_660,0.5006071428571428,0.16025,0.46617261904761903,0.11980600649350649
610,sc_1996_insc_968,0.5499999999999999,0.19775,0.47343437499999996,0.08525
610,sc_1997_insc_514,0.49999999999999994,0.04775000000000001,0.4133214285714285,0.04775000000000001
610,sc_2008_insc_275,0.56,0.04775000000000001,0.4707436868686869,0.04775000000000001
610,sc_2009_insc_707,0.55775,0.2058269230769231,0.49608333333333327,0.14063356643356642
610,sc_2009_insc_849,0.46441666666666664,0.05,0.4119833333333333,0.04850000000000001
610,sc_2018_insc_150,0.39775,0.18333333333333335,0.39775,0.10760714285714287
610,sc_2022_insc_784,0.46441666666666664,0.10775000000000001,0.42441666666666666,0.08668181818181818
611,in_abs_train_2883,0.5947196969696968,0.3144166666666667,0.5470569985569985,0.22519999999999998
611,sc_1973_insc_238,0.54775,0.2,0.4401666666666666,0.173875
611,sc_1980_insc_219,0.5619047619047619,0.10825420168067228,0.47935317460317456,0.09925210084033614
611,sc_1985_insc_54,0.45229545454545456,0.10454545454545455,0.45229545454545456,0.0795616883116883
611,sc_1994_insc_146,0.7323653846153845,0.38863636363636356,0.6572818181818181,0.3471013986013986
611,sc_1995_insc_590,0.39999999999999997,0.12275,0.3983125,0.06762499999999999
611,sc_1996_insc_390,0.5406071428571428,0.23525000000000001,0.5072301587301588,0.1557
611,sc_1998_insc_488,0.54775,0.19775,0.4869488636363636,0.09831250000000001
611,sc_2004_insc_152,0.39999999999999997,0.04775000000000001,0.3983928571428571,0.04775000000000001
611,sc_2008_insc_304,0.45229545454545456,0.10229545454545455,0.4304772727272727,0.08411363636363638
611,sc_2008_insc_841,0.39775,0.19775,0.39775,0.09170454545454546
611,sc_2009_insc_286,0.5344166666666667,0.22441666666666668,0.47069122807017544,0.1385687134502924
612,in_abs_train_4281,0.39775,0.05,0.39775,0.04820000000000001
612,in_abs_train_5295,0.7110833333333332,0.36666666666666664,0.6100681818181817,0.23081249999999998
612,sc_1970_insc_172,0.39999999999999997,0.04775000000000001,0.398875,0.04775000000000001
612,sc_1978_insc_232,0.39775,0.12372402597402596,0.39775,0.07934415584415584
612,sc_1980_insc_156,0.49774999999999997,0.14775,0.46819696969696967,0.08465909090909092
612,sc_1980_insc_57,0.62,0.2000227272727273,0.5307651515151515,0.1203469696969697
612,sc_1989_insc_207,0.6464285714285714,0.2862115384615384,0.5792321428571428,0.18278205128205127
612,sc_1992_insc_67,0.39999999999999997,0.05,0.3985,0.05
612,sc_1997_insc_301,0.625,0.13571428571428573,0.5499999999999999,0.10028571428571427
612,sc_2011_insc_776,0.509090909090909,0.25229545454545454,0.4778579545454545,0.15479545454545454
612,sc_2019_insc_1147,0.4214285714285714,0.21999358974358973,0.4194523809523809,0.11830780885780885
612,sc_2021_insc_752,0.54775,0.19775,0.43525,0.12331249999999999
613,in_abs_train_1553,0.43524999999999997,0.3083333333333333,0.43524999999999997,0.12395562770562771
613,in_abs_train_3037,0.39999999999999997,0.12275,0.398875,0.061375000000000006
613,sc_1961_insc_114,0.6610833333333331,0.3110833333333333,0.5842575757575758,0.16975
613,sc_1976_insc_339,0.509090909090909,0.1568409090909091,0.4972818181818181,0.1568409090909091
613,sc_1978_insc_217,0.4191785714285714,0.12597402597402596,0.4092321428571428,0.10513124375624375
613,sc_1996_insc_105,0.4666666666666666,0.05,0.41073611111111114,0.048875
613,sc_2000_insc_325,0.6177499999999999,0.28525,0.5405752262443437,0.15928676470588235
613,sc_2007_insc_1173,0.45999999999999996,0.20775,0.4455590909090909,0.14108333333333334
613,sc_2007_insc_181,0.66,0.34333333333333327,0.600459090909091,0.26393975468975467
613,sc_2009_insc_813,0.45775,0.14775,0.41274999999999995,0.0733125
613,sc_2010_insc_375,0.45775,0.08985,0.41109999999999997,0.06253333333333333
613,sc_2022_insc_358,0.46441666666666664,0.11441666666666667,0.41511111111111104,0.11108333333333334
614,in_abs_train_1363,0.45454545454545453,0.11,0.42740806116080715,0.09030263157894737
614,in_abs_train_5183,0.54775,0.24775,0.46997222222222224,0.1647
614,sc_1961_insc_37,0.48502272727272727,0.10229545454545455,0.4672897727272727,0.06771809440559441
614,sc_1971_insc_90,0.4666666666666666,0.05,0.4149791666666667,0.04943750000000001
614,sc_1989_insc_113,0.4749999999999999,0.04775000000000001,0.4282,0.04775000000000001
614,sc_1996_insc_38,0.5177499999999999,0.20775,0.45292482517482513,0.0883125
614,sc_1998_insc_469,0.47454545454545455,0.16775,0.4351998834498834,0.1433560606060606
614,sc_2003_insc_170,0.5810833333333333,0.17775,0.5128484848484848,0.17775
614,sc_2010_insc_809,0.5450227272727273,0.21999999999999997,0.49554734848484844,0.13158173076923077
614,sc_2013_insc_122,0.4808269230769231,0.13307692307692306,0.44705885780885785,0.10112774725274726
614,sc_2015_insc_865,0.7108749999999999,0.31999999999999995,0.5356431818181818,0.18319696969696966
614,sc_2016_insc_503,0.7092884615384614,0.3137362637362637,0.618447802197802,0.3093145604395604
615,sc_1960_insc_85,0.4749999999999999,0.15,0.44309999999999994,0.13183333333333333
615,sc_1964_insc_163,0.6394166666666665,0.35846428571428574,0.5679880952380951,0.24279285714285717
615,sc_1970_insc_118,0.6607370129870129,0.22275,0.5554610389610389,0.13537637362637361
615,sc_1989_insc_353,0.5344166666666667,0.22578947368421054,0.49641593567251463,0.13496578947368423
615,sc_1991_insc_19,0.6410833333333332,0.22083333333333333,0.47961111111111104,0.13655
615,sc_1996_insc_71,0.39999999999999997,0.13346428571428573,0.39865,0.07632142857142858
615,sc_2010_insc_452,0.42082692307692304,0.07082692307692308,0.41692420814479636,0.06883516483516484
615,sc_2015_insc_539,0.5522954545454545,0.20229545454545453,0.49955454545454536,0.16062878787878787
615,sc_2015_insc_832,0.6350227272727272,0.2808269230769231,0.5802180944055944,0.24803334165834165
615,sc_2019_insc_1324,0.4977499999999999,0.2857142857142857,0.4310833333333333,0.18686300366300365
615,sc_2020_insc_533,0.46441666666666664,0.04775000000000001,0.4242619047619048,0.04775000000000001
615,sc_2021_insc_332,0.489010989010989,0.09060714285714286,0.42817032967032964,0.05632142857142858
616,in_abs_train_162,0.5457142857142857,0.3691785714285714,0.43979285714285715,0.23064285714285715
616,in_abs_train_1760,0.5341136363636363,0.07502272727272728,0.4694166666666666,0.06138636363636364
616,sc_1971_insc_347,0.6875,0.28108333333333324,0.5800833333333334,0.1390333333333333
616,sc_1996_insc_349,0.7,0.41917857142857146,0.6233124999999999,0.2387886904761905
616,sc_1997_insc_169,0.53275,0.12275,0.4969166666666667,0.0665
616,sc_2001_insc_310,0.4749999999999999,0.05,0.43599999999999994,0.048875
616,sc_2002_insc_183,0.5545454545454546,0.24390384615384614,0.4630738636363636,0.11098732517482518
616,sc_2004_insc_722,0.6733910256410256,0.37371153846153843,0.623375763125763,0.24607146089204907
616,sc_2006_insc_533,0.49775,0.13,0.4342,0.09258333333333335
616,sc_2008_insc_859,0.45775,0.10775000000000001,0.41019999999999995,0.0685
616,sc_2018_insc_187,0.5685833333333333,0.24108333333333334,0.4796426282051282,0.12013068181818182
616,sc_2023_insc_60,0.5272727272727272,0.08108333333333334,0.45516993006993,0.06861294261294261
617,in_abs_train_2072,0.7244166666666666,0.2363214285714286,0.5471376004947432,0.2363214285714286
617,in_abs_train_2714,0.45999999999999996,0.14775,0.40850000000000003,0.09775
617,in_abs_train_2849,0.6177499999999999,0.24275,0.47874999999999995,0.19691666666666666
617,in_abs_train_4882,0.47274999999999995,0.12275,0.43637499999999996,0.06137499999999999
617,sc_1975_insc_35,0.49005769230769225,0.2208269230769231,0.4633677156177156,0.13582037962037966
617,sc_1983_insc_163,0.5604395604395604,0.2653970588235294,0.5399134884723119,0.19476791443850267
617,sc_1991_insc_325,0.5864862637362637,0.23505769230769233,0.5341373626373626,0.1623173076923077
617,sc_2000_insc_72,0.6950227272727273,0.25275,0.602426073926074,0.15429590409590407
617,sc_2008_insc_808,0.39999999999999997,0.05,0.3987142857142857,0.05
617,sc_2012_insc_520,0.4522954545454545,0.10229545454545454,0.41307386363636356,0.05757386363636364
617,sc_2015_insc_874,0.45229545454545456,0.04775000000000001,0.40721590909090905,0.04775000000000001
617,sc_2019_insc_59,0.5691785714285714,0.36917857142857147,0.49298809523809517,0.1715595238095238
618,in_abs_train_1917,0.4856287878787878,0.25999999999999995,0.46391161616161614,0.14541147186147185
618,in_abs_train_2066,0.48502272727272727,0.125,0.4151306818181818,0.086375
618,in_abs_train_2598,0.5041666666666667,0.22999999999999998,0.46762499999999996,0.1532556818181818
618,sc_1969_insc_199,0.63,0.27275,0.5603958333333333,0.13289583333333332
618,sc_1989_insc_74,0.47274999999999995,0.05,0.41364999999999996,0.04850000000000001
618,sc_2001_insc_333,0.4818181818181817,0.12275,0.438729458041958,0.08646241258741258
618,sc_2007_insc_532,0.54775,0.04775000000000001,0.4626785714285714,0.04775000000000001
618,sc_2008_insc_626,0.7477499999999999,0.3610833333333333,0.625176282051282,0.2960833333333333
618,sc_2008_insc_741,0.5272954545454545,0.10229545454545455,0.44205681818181813,0.10114772727272728
618,sc_2008_insc_973,0.45775,0.15684090909090906,0.43375,0.11061363636363634
618,sc_2016_insc_946,0.39775,0.04775000000000001,0.39775,0.04775000000000001
618,sc_2019_insc_516,0.49774999999999997,0.20775,0.42975,0.15516666666666665
619,in_abs_train_1719,0.39999999999999997,0.12082692307692308,0.39999999999999997,0.07422773279352228
619,in_abs_train_5765,0.54775,0.19775,0.54775,0.08378571428571428
619,sc_1959_1_1236_1248_en,0.45454545454545453,0.10454545454545455,0.45153030303030306,0.09182727272727273
619,sc_1964_insc_151,0.5068409090909091,0.1868409090909091,0.4562941919191919,0.15819318181818182
619,sc_1965_insc_212,0.54775,0.19775,0.4717884615384615,0.09678846153846155
619,sc_1993_insc_37,0.6310833333333332,0.11441666666666667,0.5422,0.06905555555555555
619,sc_1998_insc_320,0.5122954545454546,0.23729545454545453,0.47348630536130526,0.19252272727272726
619,sc_1998_insc_35,0.5727499999999999,0.27499999999999997,0.514892857142857,0.19925
619,sc_2003_insc_301,0.39999999999999997,0.125,0.3983125,0.08068750000000001
619,sc_2005_insc_241,0.46441666666666664,0.05,0.42441666666666666,0.049249999999999995
619,sc_2006_insc_386,0.6022954545454544,0.10229545454545455,0.4761477272727272,0.07322564935064936
619,sc_2020_insc_428,0.6213863636363636,0.1908269230769231,0.5395681818181818,0.16306468531468532
620,in_abs_train_5691,0.39999999999999997,0.04775000000000001,0.3982,0.04775000000000001
620,in_abs_train_6600,0.4522954545454545,0.19775,0.4522954545454545,0.09713095238095239
620,sc_1989_insc_137,0.59775,0.10229545454545455,0.439525641025641,0.10114772727272728
620,sc_1989_insc_307,0.4735394736842105,0.10775000000000001,0.44936900154798753,0.08481140350877193
620,sc_1993_insc_389,0.5499999999999999,0.19775,0.44849999999999995,0.13065
620,sc_1994_insc_36,0.6714285714285715,0.24775,0.5027081043956043,0.19474107142857142
620,sc_2002_insc_277,0.54775,0.2,0.4786499999999999,0.11516666666666668
620,sc_2007_insc_1247,0.5727499999999999,0.22999999999999998,0.513602380952381,0.1668333333333333
620,sc_2009_insc_1238,0.44775,0.10229545454545455,0.4108125,0.06194886363636365
620,sc_2013_insc_230,0.6000000000000001,0.3153970588235294,0.536862012987013,0.18088487819370172
620,sc_2013_insc_528,0.46441666666666664,0.1590909090909091,0.43290151515151515,0.13712878787878788
620,sc_2014_insc_582,0.5394166666666665,0.28809523809523807,0.49653333333333316,0.15158730158730158
621,in_abs_train_1808,0.39775,0.04775000000000001,0.39775,0.04775000000000001
621,in_abs_train_5831,0.6177499999999999,0.27,0.6177499999999999,0.2365789835164835
621,sc_1962_insc_386,0.6310833333333332,0.18571428571428572,0.5312777777777777,0.16785714285714287
621,sc_1964_insc_41,0.45999999999999996,0.16775,0.4433125,0.1233125
621,sc_1976_insc_61,0.39775,0.2,0.39775,0.09962500000000002
621,sc_1987_insc_168,0.45999999999999996,0.16775,0.42694886363636364,0.07831250000000001
621,sc_1990_insc_65,0.5858452380952379,0.1253723776223776,0.48534352314352314,0.08964976689976689
621,sc_2003_insc_107,0.6677499999999998,0.3352941176470588,0.5641602564102564,0.1998135369532428
621,sc_2008_insc_302,0.39999999999999997,0.05,0.39909999999999995,0.04850000000000001
621,sc_2014_insc_1026,0.44999999999999996,0.10229545454545455,0.42291346153846154,0.08864772727272727
621,sc_2016_insc_497,0.45229545454545456,0.1795454545454545,0.4119488636363636,0.09626136363636363
621,sc_2024_insc_241,0.4944166666666666,0.19275,0.43970512820512825,0.12174350649350649
622,in_abs_train_4710,0.44775,0.10454545454545455,0.4310833333333333,0.06878986013986015
622,in_abs_train_637,0.5122954545454546,0.10454545454545455,0.45215804195804193,0.08486363636363636
622,sc_1967_insc_218,0.46441666666666664,0.04775000000000001,0.4099861111111111,0.04775000000000001
622,sc_1988_insc_61,0.6350227272727272,0.36774999999999997,0.5737670454545454,0.27589423076923075
622,sc_1995_insc_176,0.4834642857142857,0.04775000000000001,0.41278571428571426,0.04775000000000001
622,sc_1996_insc_1369,0.6499178321678322,0.2399178321678322,0.5496796389884625,0.18433641358641356
622,sc_2004_insc_478,0.5310833333333334,0.18108333333333335,0.4706931818181818,0.09414583333333335
622,sc_2007_insc_823,0.6394166666666665,0.2250227272727273,0.5310833333333332,0.15764918414918414
622,sc_2009_insc_873,0.5499999999999999,0.1334642857142857,0.4859358974358974,0.08203571428571428
622,sc_2010_insc_861,0.39775,0.10229545454545455,0.39775,0.06856818181818183
622,sc_2016_insc_617,0.5499999999999999,0.04775000000000001,0.436375,0.04698125000000001
622,sc_2018_insc_1219,0.54775,0.2,0.4477499999999999,0.10865
623,sc_1960_insc_249,0.6666666666666666,0.2810833333333333,0.6072083333333333,0.22286868686868688
623,sc_1963_insc_249,0.4749999999999999,0.19275,0.43637499999999996,0.100625
623,sc_1966_insc_106,0.49149999999999994,0.1919642857142857,0.4499180672268907,0.1331311974789916
623,sc_1968_insc_130,0.39999999999999997,0.2,0.3985,0.0932
623,sc_1987_insc_364,0.516797619047619,0.14775,0.46200952380952376,0.10330555555555555
623,sc_1992_insc_272,0.5083333333333333,0.16560714285714284,0.5054444444444444,0.1305547619047619
623,sc_2008_insc_1355,0.48,0.06917857142857144,0.42985875888817066,0.05846428571428572
623,sc_2009_insc_227,0.54775,0.19775,0.45512499999999995,0.08525
623,sc_2009_insc_324,0.61,0.18333333333333335,0.44599999999999995,0.11554166666666668
623,sc_2010_insc_117,0.6227499999999999,0.14775,0.45653333333333335,0.10608333333333335
623,sc_2018_insc_822,0.39775,0.06203571428571429,0.396375,0.05163095238095239
623,sc_2019_insc_329,0.5000227272727271,0.15275,0.5000227272727271,0.06339285714285715
624,in_abs_train_308,0.5906071428571428,0.18775,0.505455357142857,0.0926875
624,in_abs_train_3193,0.5677499999999999,0.20274999999999999,0.49993911862990803,0.18358333333333332
624,in_abs_train_4668,0.6639038461538461,0.14525,0.5023072066822066,0.1265
624,sc_1951_insc_17,0.39999999999999997,0.05,0.39865,0.04850000000000001
624,sc_1966_insc_239,0.6144166666666666,0.26,0.5216458333333333,0.141375
624,sc_1979_insc_234,0.5244879679144384,0.2921350267379679,0.5244879679144384,0.18515426170468188
624,sc_1999_insc_116,0.47274999999999995,0.19775,0.4631666666666666,0.14275
624,sc_2001_insc_404,0.6377499999999998,0.30499999999999994,0.5139999999999999,0.1731875
624,sc_2010_insc_145,0.6077499999999999,0.2,0.5392499999999999,0.13765000000000002
624,sc_2011_insc_403,0.39775,0.13346428571428573,0.39525,0.07669642857142858
624,sc_2013_insc_315,0.39999999999999997,0.04775000000000001,0.3983928571428571,0.04775000000000001
624,sc_2019_insc_158,0.39999999999999997,0.10229545454545455,0.39909999999999995,0.06593181818181819
625,in_abs_train_3496,0.39775,0.04775000000000001,0.39775,0.04775000000000001
625,sc_1976_insc_241,0.6334642857142856,0.13346428571428573,0.5053428571428571,0.07632142857142858
625,sc_1979_insc_270,0.39775,0.1400576923076923,0.39775,0.06289153846153847
625,sc_1985_insc_210,0.5177499999999999,0.14775,0.4585096153846154,0.14173214285714286
625,sc_1995_insc_366,0.5034642857142857,0.10875,0.4517321428571428,0.07470089285714286
625,sc_1997_insc_675,0.7083560606060605,0.34274999999999994,0.6562613636363637,0.2726306818181818
625,sc_2001_insc_390,0.39999999999999997,0.05,0.3985,0.048650000000000006
625,sc_2006_insc_141,0.5177499999999999,0.11441666666666667,0.4462,0.06997222222222223
625,sc_2006_insc_205,0.4749999999999999,0.05,0.4141,0.04850000000000001
625,sc_2010_insc_278,0.44999999999999996,0.09308333333333334,0.43778333333333325,0.07594709595959596
625,sc_2014_insc_521,0.5499999999999999,0.05,0.4321999999999999,0.049249999999999995
625,sc_2022_insc_158,0.488095238095238,0.23584523809523808,0.4470749084249084,0.1688907203907204
626,in_abs_train_2899,0.5068409090909091,0.1568409090909091,0.4522954545454545,0.11229545454545456
626,in_abs_train_3077,0.7727499999999998,0.27499999999999997,0.5605,0.19925
626,in_abs_train_427,0.4250227272727272,0.1950227272727273,0.4250227272727272,0.11844605394605394
626,in_abs_train_6651,0.54775,0.23525000000000001,0.4358125,0.1420625
626,sc_1959_insc_35,0.529892857142857,0.2334642857142857,0.46827983248635413,0.14467792207792207
626,sc_1990_insc_247,0.49774999999999997,0.2753723776223776,0.48590559440559433,0.14962368881118882
626,sc_1996_insc_268,0.575,0.14775,0.44864999999999994,0.11040476190476191
626,sc_1997_insc_293,0.6310833333333332,0.3527499999999999,0.48464999999999997,0.21886111111111106
626,sc_2014_insc_548,0.39775,0.05,0.39775,0.04812500000000001
626,sc_2018_insc_573,0.5333333333333333,0.21441666666666667,0.4659583333333333,0.12220833333333334
626,sc_2023_insc_592,0.49999999999999994,0.05,0.41554166666666664,0.048875
627,in_abs_train_4120,0.686840909090909,0.17991783216783216,0.6138062937062936,0.17419172494172494
627,in_abs_train_6471,0.4545454545454545,0.21666666666666667,0.42668181818181816,0.12198333333333333
627,sc_1972_insc_107,0.44775,0.1568409090909091,0.42274999999999996,0.0894810606060606
627,sc_1983_insc_7,0.5810833333333333,0.26441666666666663,0.4824333333333334,0.17702777777777778
627,sc_1998_insc_189,0.5428571428571429,0.2785714285714285,0.49173214285714284,0.17683333333333331
627,sc_2000_insc_474,0.49774999999999997,0.3410833333333333,0.49774999999999997,0.21055429292929292
627,sc_2006_insc_698,0.4545454545454545,0.10775000000000001,0.4119488636363636,0.07775000000000001
627,sc_2010_insc_756,0.45775,0.11666666666666667,0.41775,0.06243333333333334
627,sc_2015_insc_446,0.45454545454545453,0.24390384615384614,0.45153030303030306,0.14152622377622376
627,sc_2016_insc_190,0.48571428571428565,0.05,0.41579285714285713,0.04850000000000001
627,sc_2020_insc_589,0.49999999999999994,0.06775,0.45582466063348415,0.05775000000000001
627,sc_2022_insc_426,0.54775,0.05,0.4810833333333333,0.048650000000000006
628,in_abs_train_2020,0.49005769230769225,0.15,0.43445192307692304,0.09944886363636364
628,in_abs_train_2550,0.39775,0.1,0.39775,0.05910000000000001
628,in_abs_train_6085,0.5606060606060607,0.16775,0.5198924242424242,0.08850000000000001
628,sc_1967_insc_9,0.45229545454545456,0.1590909090909091,0.43411363636363637,0.12519545454545455
628,sc_1969_insc_60,0.58,0.24108333333333334,0.5083409090909091,0.17417668997668997
628,sc_1977_insc_72,0.6590909090909092,0.2,0.4435194805194805,0.2
628,sc_1979_insc_21,0.39999999999999997,0.10775000000000001,0.39999999999999997,0.06378571428571429
628,sc_1987_insc_373,0.39999999999999997,0.04775000000000001,0.3982,0.04775000000000001
628,sc_1995_insc_481,0.4657142857142857,0.11666666666666667,0.4647410714285714,0.098875
628,sc_2002_insc_294,0.39775,0.10775000000000001,0.39775,0.05812500000000001
628,sc_2013_insc_69,0.44775,0.42275,0.44775,0.2856190476190476
628,sc_2022_insc_513,0.39999999999999997,0.05,0.398875,0.047020833333333345
629,in_abs_train_2476,0.39999999999999997,0.05,0.39999999999999997,0.048650000000000006
629,in_abs_train_2562,0.39999999999999997,0.08775,0.3994375,0.05775
629,in_abs_train_6630,0.54775,0.34775,0.54775,0.22460204081632654
629,sc_1961_insc_339,0.47274999999999995,0.18,0.4343380952380952,0.11203535353535354
629,sc_1961_insc_68,0.47372402597402596,0.19275,0.47372402597402596,0.14216265876980164
629,sc_1966_insc_75,0.5340909090909091,0.135,0.471530303030303,0.09726538461538463
629,sc_1990_insc_269,0.49999999999999994,0.21441666666666667,0.45733333333333326,0.14072222222222222
629,sc_1996_insc_188,0.44999999999999996,0.2,0.40954999999999997,0.09925
629,sc_2001_insc_597,0.6288585972850677,0.30385859728506787,0.5829592760180994,0.22978710407239822
629,sc_2005_insc_157,0.5295454545454544,0.16204545454545452,0.48183522727272726,0.09563636363636363
629,sc_2011_insc_381,0.39775,0.05,0.3965,0.048875
629,sc_2011_insc_634,0.47274999999999995,0.12275,0.4235,0.0632
630,in_abs_train_1088,0.6777499999999999,0.2488863636363636,0.6333541666666666,0.20633636363636362
630,in_abs_train_4613,0.5691785714285714,0.15,0.5120357142857143,0.10293571428571428
630,sc_1972_insc_218,0.5177499999999999,0.14775,0.4588749999999999,0.06479166666666668
630,sc_1975_insc_115,0.47274999999999995,0.11666666666666667,0.4509583333333333,0.06497916666666667
630,sc_1997_insc_289,0.55775,0.17775,0.4720625,0.1108125
630,sc_2007_insc_108,0.54775,0.05,0.4286499999999999,0.049249999999999995
630,sc_2007_insc_1169,0.54775,0.15,0.48342857142857126,0.15
630,sc_2009_insc_1058,0.4749999999999999,0.19775,0.45081249999999995,0.1195625
630,sc_2011_insc_479,0.5499999999999999,0.05,0.5415714285714285,0.05
630,sc_2013_insc_761,0.54775,0.22275,0.4905530303030303,0.1717973484848485
630,sc_2014_insc_239,0.4933333333333333,0.16999999999999998,0.46849999999999997,0.09065000000000001
630,sc_2019_insc_124,0.4749999999999999,0.05,0.41364999999999996,0.04850000000000001
631,in_abs_train_1982,0.5227499999999999,0.17275,0.49243076923076917,0.1485
631,sc_1971_insc_279,0.5134642857142856,0.3060833333333333,0.5134642857142856,0.2101905594405594
631,sc_1972_insc_184,0.5177499999999999,0.05,0.43479166666666663,0.048875
631,sc_1975_insc_58,0.39999999999999997,0.04775000000000001,0.398875,0.04775000000000001
631,sc_1977_insc_166,0.5499999999999999,0.29456249999999995,0.4886499999999999,0.18077083333333333
631,sc_1986_insc_257,0.45999999999999996,0.12275,0.4559166666666667,0.11298333333333332
631,sc_1990_insc_398,0.6060833333333332,0.16775,0.5298666666666666,0.08775000000000001
631,sc_1998_insc_198,0.47274999999999995,0.16775,0.4465,0.11366964285714286
631,sc_2003_insc_159,0.5852499999999999,0.125,0.5032619047619047,0.10026764705882354
631,sc_2017_insc_829,0.39775,0.05,0.39775,0.04674062500000001
631,sc_2018_insc_1049,0.5834642857142857,0.125,0.4826269841269841,0.08637500000000001
631,sc_2023_insc_222,0.39775,0.04775000000000001,0.39775,0.047712500000000005
632,in_abs_train_1284,0.509090909090909,0.25229545454545454,0.451530303030303,0.17682470862470864
632,in_abs_train_3868,0.39999999999999997,0.2,0.39943749999999995,0.12387500000000001
632,in_abs_train_65,0.39775,0.10229545454545455,0.3968333333333333,0.05865909090909092
632,in_abs_train_6765,0.5365509049773755,0.20825420168067227,0.4985124511342998,0.20825420168067227
632,sc_1984_insc_57,0.558076923076923,0.23454545454545456,0.45931585081585075,0.15478409090909093
632,sc_1993_insc_59,0.5499999999999999,0.05,0.49924999999999997,0.048650000000000006
632,sc_1996_insc_320,0.47142857142857136,0.25229545454545454,0.46298701298701295,0.1341060606060606
632,sc_1996_insc_667,0.6830441176470587,0.26649999999999996,0.5235676470588235,0.20609803921568626
632,sc_2001_insc_365,0.39775,0.12275,0.39775,0.05683333333333334
632,sc_2004_insc_422,0.55775,0.25229545454545454,0.544,0.1454715909090909
632,sc_2004_insc_435,0.6477499999999999,0.27275,0.50865,0.15578333333333333
632,sc_2023_insc_40,0.4545454545454545,0.18941666666666668,0.4531969696969697,0.14768484848484847
633,in_abs_train_2250,0.45775,0.23727272727272725,0.4184999999999999,0.15356363636363637
633,sc_1965_insc_52,0.52,0.36138636363636356,0.52,0.27794155844155843
633,sc_1970_insc_218,0.6299999999999999,0.2808269230769231,0.5611377372627372,0.17022596153846153
633,sc_1975_insc_318,0.4834642857142857,0.13571428571428573,0.4500436507936508,0.09883571428571429
633,sc_1988_insc_268,0.45775,0.19775,0.4283125,0.08525
633,sc_1990_insc_49,0.4666666666666666,0.19502272727272726,0.4207222222222222,0.12889696969696968
633,sc_1999_insc_552,0.8227499999999999,0.32275000000000004,0.6995892857142858,0.30387499999999995
633,sc_2007_insc_450,0.6291785714285714,0.27275,0.5842518315018315,0.17765109890109892
633,sc_2009_insc_537,0.47274999999999995,0.12275,0.47274999999999995,0.058785714285714295
633,sc_2013_insc_488,0.4461538461538461,0.1334642857142857,0.44292788461538457,0.1028179945054945
633,sc_2018_insc_377,0.4749999999999999,0.09775,0.427202380952381,0.09775
633,sc_2022_insc_1255,0.45229545454545456,0.22275,0.41138636363636366,0.09150000000000001
634,in_abs_train_2895,0.39775,0.12275,0.3965,0.0670625
634,sc_1992_insc_88,0.6795454545454546,0.30275,0.5011477272727273,0.1865
634,sc_1993_insc_153,0.5727499999999999,0.2583333333333333,0.5572083333333333,0.19880303030303026
634,sc_2007_insc_376,0.39999999999999997,0.05,0.3983125,0.04831250000000001
634,sc_2008_insc_50,0.46441666666666664,0.125,0.4199722222222222,0.06365000000000001
634,sc_2009_insc_738,0.6022954545454544,0.05,0.48221590909090906,0.048875
634,sc_2012_insc_393,0.4191785714285714,0.06775,0.40489285714285717,0.05265000000000001
634,sc_2020_insc_35,0.39775,0.04775000000000001,0.39775,0.04775000000000001
634,sc_2022_insc_106,0.39775,0.14775,0.39649999999999996,0.0920625
634,sc_2022_insc_711,0.6334642857142856,0.14775,0.5280752551020408,0.14775
634,sc_2023_insc_276,0.6244166666666665,0.32275000000000004,0.5652499999999998,0.15401785714285712
634,sc_2023_insc_973,0.45775,0.15684090909090906,0.41275,0.07377272727272727
635,in_abs_train_5056,0.39775,0.11441666666666667,0.39775,0.06441666666666668
635,in_abs_train_6979,0.46441666666666664,0.15,0.4115333333333333,0.11516666666666668
635,in_abs_train_7012,0.5644166666666666,0.14775,0.4787916666666666,0.10775
635,sc_1957_insc_2,0.6112115384615383,0.2634615384615384,0.5663076923076922,0.1869131868131868
635,sc_1962_insc_45,0.54775,0.2,0.4587989510489511,0.16925
635,sc_1968_insc_207,0.6166666666666667,0.26666666666666666,0.5327708333333333,0.19887500000000002
635,sc_1970_insc_51,0.5310833333333334,0.18108333333333335,0.49441666666666667,0.10294444444444445
635,sc_1974_insc_23,0.5727499999999999,0.11332692307692308,0.4845471056721056,0.08250274725274725
635,sc_1994_insc_52,0.54775,0.19775,0.4358125,0.08525
635,sc_2004_insc_185,0.45999999999999996,0.2,0.428875,0.10205681818181818
635,sc_2020_insc_285,0.39775,0.08024999999999999,0.39775,0.05425
635,sc_2021_insc_642,0.39999999999999997,0.04775000000000001,0.39865,0.04775000000000001
636,in_abs_train_1823,0.5834642857142855,0.2709642857142857,0.5522142857142855,0.17540674603174602
636,sc_1987_insc_49,0.5727499999999999,0.125,0.4401666666666666,0.08637500000000001
636,sc_1995_insc_107,0.45775,0.11,0.42774999999999996,0.076375
636,sc_1995_insc_770,0.6,0.17775,0.5888749999999999,0.16009108946608944
636,sc_1995_insc_903,0.6100000000000001,0.17353947368421055,0.528875,0.13071491228070178
636,sc_1996_insc_395,0.5691785714285714,0.2357142857142857,0.45564285714285707,0.13767142857142858
636,sc_1996_insc_746,0.39775,0.11441666666666667,0.39775,0.06441666666666668
636,sc_2009_insc_786,0.39999999999999997,0.04775000000000001,0.398125,0.04775000000000001
636,sc_2012_insc_67,0.47274999999999995,0.18941666666666668,0.46774999999999994,0.11653333333333334
636,sc_2019_insc_1178,0.46441666666666664,0.05,0.4310833333333333,0.04887500000000001
636,sc_2023_insc_932,0.41775,0.12372402597402599,0.4071617647058824,0.0673060064935065
637,in_abs_train_4152,0.4250227272727272,0.10217391304347827,0.4082793887147335,0.07499234189723321
637,in_abs_train_5687,0.39775,0.17729545454545453,0.39775,0.09377272727272727
637,sc_1954_insc_25,0.39775,0.05,0.39775,0.04850000000000001
637,sc_1960_insc_17,0.4749999999999999,0.04775000000000001,0.41364999999999996,0.04775000000000001
637,sc_1969_insc_56,0.6840909090909091,0.22727272727272724,0.5868779137529138,0.2232256493506493
637,sc_1974_insc_218,0.54775,0.04775000000000001,0.47275,0.04712750000000001
637,sc_1979_insc_122,0.5677499999999999,0.19775,0.529611111111111,0.12275000000000001
637,sc_1989_insc_253,0.39999999999999997,0.04775000000000001,0.3985,0.04775000000000001
637,sc_2007_insc_516,0.54775,0.21666666666666667,0.5018333333333334,0.11243333333333336
637,sc_2017_insc_974,0.39999999999999997,0.11,0.398875,0.068125
637,sc_2019_insc_434,0.39775,0.08529411764705883,0.39775,0.05272058823529413
637,sc_2024_insc_102,0.39775,0.04775000000000001,0.39775,0.04775000000000001
638,in_abs_train_2851,0.5499999999999999,0.07727272727272727,0.4492499999999999,0.053654545454545455
638,in_abs_train_3443,0.4666666666666666,0.05,0.41808333333333325,0.05
638,in_abs_train_6133,0.4944166666666666,0.10775000000000001,0.425845238095238,0.10775000000000001
638,sc_1969_insc_149,0.39999999999999997,0.1,0.39943749999999995,0.0719375
638,sc_1971_insc_247,0.47274999999999995,0.27499999999999997,0.43526875,0.176375
638,sc_1993_insc_222,0.61,0.22142857142857142,0.47909999999999997,0.21305952380952378
638,sc_1996_insc_795,0.6857142857142857,0.2566785714285714,0.562842857142857,0.20623809523809525
638,sc_1997_insc_295,0.59775,0.195,0.49774999999999997,0.10825
638,sc_2001_insc_514,0.5810833333333333,0.29999999999999993,0.5060833333333333,0.24175757575757573
638,sc_2003_insc_181,0.47274999999999995,0.14775,0.44432585227272725,0.08525
638,sc_2008_insc_194,0.4808269230769231,0.16999999999999998,0.4327180944055944,0.12243741258741257
638,sc_2009_insc_228,0.49999999999999994,0.19775,0.423875,0.1483125
639,in_abs_train_1608,0.47597402597402594,0.20037237762237764,0.4472641108891109,0.1295817932067932
639,in_abs_train_5945,0.59775,0.1,0.4483125,0.06137500000000001
639,sc_1973_insc_213,0.57,0.10775000000000001,0.46758333333333324,0.078875
639,sc_1975_insc_317,0.4406071428571428,0.0875,0.4191785714285714,0.06631250000000001
639,sc_1993_insc_155,0.45229545454545456,0.17115384615384613,0.44450324675324676,0.10954205794205793
639,sc_1995_insc_593,0.8233333333333334,0.4744166666666666,0.6529891774891775,0.4744166666666666
639,sc_2003_insc_340,0.5290909090909091,0.2500227272727273,0.46159796453546453,0.20748513986013986
639,sc_2004_insc_436,0.6406071428571428,0.21917857142857144,0.5263214285714285,0.1344732142857143
639,sc_2007_insc_383,0.6908269230769231,0.35275,0.5818108391608391,0.3063863636363637
639,sc_2008_insc_810,0.6022954545454544,0.16775,0.4751742424242423,0.108875
639,sc_2012_insc_300,0.53275,0.11666666666666667,0.47872916666666665,0.08164583333333335
639,sc_2020_insc_550,0.51025,0.14166666666666666,0.4595357142857142,0.08070000000000001
640,in_abs_train_3510,0.4749999999999999,0.125,0.41933333333333334,0.08637500000000001
640,in_abs_train_5465,0.49393939393939384,0.18411363636363637,0.4472917748917749,0.12943831168831169
640,in_abs_train_5508,0.55775,0.31775,0.5077499999999999,0.1728219696969697
640,in_abs_train_5993,0.5084642857142857,0.24582692307692308,0.5084642857142857,0.17526923076923076
640,sc_1971_insc_156,0.425,0.075,0.416375,0.07283173076923077
640,sc_1978_insc_243,0.6045454545454545,0.14775,0.4712200299700299,0.14775
640,sc_1990_insc_167,0.59775,0.15,0.49060714285714285,0.12086607142857142
640,sc_1997_insc_802,0.6416893939393938,0.27999999999999997,0.6025111815268065,0.24116964285714282
640,sc_2002_insc_125,0.5636363636363636,0.2863863636363636,0.5182,0.21895454545454543
640,sc_2004_insc_71,0.39999999999999997,0.04775000000000001,0.39924999999999994,0.04775000000000001
640,sc_2009_insc_1185,0.4944166666666666,0.13275,0.4528259518259518,0.106375
640,sc_2015_insc_529,0.39999999999999997,0.19775,0.398875,0.09888257575757577
641,in_abs_train_2427,0.55275,0.1572738095238095,0.4650999999999999,0.1261190476190476
641,in_abs_train_3975,0.6050227272727272,0.10775000000000001,0.5290340909090908,0.10775000000000001
641,in_abs_train_5206,0.55775,0.22275,0.5010833333333333,0.12531666666666666
641,sc_1954_insc_33,0.39999999999999997,0.10775000000000001,0.3970625,0.05712500000000001
641,sc_1976_insc_194,0.5295454545454544,0.20454545454545453,0.4992613636363636,0.1806931818181818
641,sc_1993_insc_15,0.39999999999999997,0.05,0.3985,0.04820000000000001
641,sc_1995_insc_502,0.5499999999999999,0.04775000000000001,0.4405416666666666,0.04775000000000001
641,sc_1995_insc_825,0.519047619047619,0.22597402597402594,0.48948809523809517,0.1524134532134532
641,sc_2002_insc_501,0.6849999999999998,0.2545454545454545,0.5860365151515151,0.16255594405594406
641,sc_2007_insc_969,0.5499999999999999,0.05,0.523875,0.048875
641,sc_2007_insc_976,0.5499999999999999,0.04775000000000001,0.42865000000000003,0.04775000000000001
641,sc_2014_insc_528,0.49774999999999997,0.12275,0.4233125,0.0670625
642,in_abs_train_2647,0.575,0.12275,0.48068749999999993,0.06571250000000001
642,in_abs_train_597,0.59775,0.10229545454545455,0.4619488636363636,0.06251136363636364
642,sc_1976_insc_221,0.45229545454545456,0.1568409090909091,0.4250227272727273,0.07668181818181818
642,sc_1983_insc_19,0.42774999999999996,0.19775,0.42774999999999996,0.11987074829931973
642,sc_1985_insc_17,0.5977499999999999,0.24774999999999994,0.5088611111111111,0.21441666666666664
642,sc_1991_insc_156,0.4461538461538461,0.17729545454545453,0.4340528846153846,0.1330882867132867
642,sc_1996_insc_387,0.6299999999999999,0.1868409090909091,0.5417827797202797,0.12104545454545455
642,sc_2005_insc_96,0.39775,0.11666666666666667,0.3965375,0.05792833333333334
642,sc_2009_insc_679,0.39999999999999997,0.05,0.398875,0.04887500000000001
642,sc_2012_insc_444,0.39775,0.05,0.39775,0.04850000000000001
642,sc_2013_insc_542,0.46441666666666664,0.2590909090909091,0.4310833333333333,0.13540530303030304
642,sc_2022_insc_427,0.4522954545454545,0.04775000000000001,0.4072159090909091,0.04775000000000001
643,in_abs_train_2155,0.6560833333333332,0.31024999999999997,0.49858333333333327,0.1815
643,in_abs_train_5239,0.5668409090909091,0.2886363636363636,0.5404228896103895,0.2620625
643,sc_1980_insc_182,0.46441666666666664,0.11666666666666667,0.4350833333333333,0.11516666666666668
643,sc_1983_insc_132,0.53875,0.11578947368421053,0.46106249999999993,0.0939617914979757
643,sc_1990_insc_369,0.49999999999999994,0.1590909090909091,0.49999999999999994,0.1310536963036963
643,sc_1994_insc_320,0.45999999999999996,0.10775000000000001,0.43370610119047615,0.08102083333333335
643,sc_2006_insc_256,0.39999999999999997,0.05,0.398875,0.04831250000000001
643,sc_2010_insc_257,0.39775,0.05,0.39775,0.04820000000000001
643,sc_2015_insc_1033,0.5335394736842104,0.17525000000000002,0.4862631578947368,0.09422142857142858
643,sc_2019_insc_1227,0.5176470588235293,0.14775,0.468592156862745,0.13568363499245853
643,sc_2019_insc_283,0.49774999999999997,0.15,0.49774999999999997,0.09420918367346941
643,sc_2020_insc_565,0.7060833333333332,0.21108333333333332,0.5816565656565656,0.1964621212121212
644,in_abs_train_2971,0.6134642857142857,0.1732142857142857,0.5442321428571428,0.14500595238095237
644,in_abs_train_960,0.49999999999999994,0.2857142857142857,0.44999999999999996,0.12455357142857143
644,sc_1954_insc_73,0.4461538461538461,0.1400576923076923,0.42251442307692305,0.08292788461538463
644,sc_1965_insc_213,0.4749999999999999,0.05,0.43637499999999996,0.04850000000000001
644,sc_1967_insc_86,0.39999999999999997,0.05,0.39831249999999996,0.04831250000000001
644,sc_1991_insc_46,0.39999999999999997,0.19775,0.39999999999999997,0.10001818181818183
644,sc_1994_insc_64,0.61,0.18333333333333335,0.5085000000000001,0.09976666666666667
644,sc_1996_insc_1087,0.6334642857142856,0.21917857142857144,0.5343571428571428,0.16560714285714287
644,sc_2000_insc_365,0.65,0.37775,0.5751666666666666,0.22465000000000002
644,sc_2013_insc_447,0.6272954545454544,0.19775,0.49263636363636365,0.09888636363636363
644,sc_2014_insc_12,0.6372727272727273,0.22275,0.44700454545454543,0.13441666666666666
644,sc_2022_insc_439,0.5310833333333334,0.11666666666666667,0.49108333333333337,0.09294444444444445
645,in_abs_train_1008,0.4834642857142857,0.11090789473684212,0.4263214285714286,0.06683157894736844
645,in_abs_train_2918,0.39999999999999997,0.04775000000000001,0.3982,0.04775000000000001
645,in_abs_train_3932,0.5644166666666666,0.19775,0.47441666666666665,0.14775000000000002
645,in_abs_train_6535,0.5834642857142857,0.21917857142857144,0.5501309523809524,0.16677142857142857
645,sc_1969_insc_21,0.39999999999999997,0.04775000000000001,0.39909999999999995,0.04683333333333334
645,sc_1972_insc_13,0.6120357142857141,0.25138636363636363,0.5661699134199134,0.20389830169830167
645,sc_1980_insc_80,0.7208333333333333,0.3,0.6022108225108224,0.2587453102453103
645,sc_2001_insc_62,0.59775,0.24775,0.54775,0.12824404761904765
645,sc_2003_insc_299,0.54775,0.2,0.4358125,0.1233125
645,sc_2017_insc_1111,0.54775,0.20775,0.50275,0.11941666666666667
645,sc_2021_insc_887,0.39999999999999997,0.04775000000000001,0.39909999999999995,0.04775000000000001
646,in_abs_train_1530,0.7227499999999998,0.3610833333333333,0.6313358585858585,0.22177575757575757
646,in_abs_train_417,0.5927499999999999,0.12275,0.4647095588235294,0.0858125
646,sc_1993_insc_70,0.7000000000000001,0.32275,0.6751028571428572,0.29254761904761906
646,sc_1996_insc_1378,0.59775,0.16249999999999998,0.4783648989898989,0.12125
646,sc_1996_insc_62,0.6144166666666666,0.19775,0.5207222222222222,0.10867619047619048
646,sc_1998_insc_104,0.39999999999999997,0.05,0.39764999999999995,0.04850000000000001
646,sc_2007_insc_62,0.5277499999999999,0.11441666666666667,0.43137499999999995,0.08054166666666666
646,sc_2009_insc_1155,0.543903846153846,0.19005769230769232,0.496951923076923,0.11286858974358975
646,sc_2009_insc_193,0.45999999999999996,0.15684090909090906,0.45281643356643353,0.11538636363636363
646,sc_2009_insc_639,0.49774999999999997,0.13346428571428573,0.4461190476190475,0.09060714285714287
646,sc_2018_insc_870,0.5560833333333333,0.31666666666666665,0.5271944444444444,0.23776666666666663
646,sc_2023_insc_234,0.46441666666666664,0.20775,0.4444166666666667,0.088875
647,in_abs_train_2452,0.425,0.14775,0.4151666666666667,0.11326993006993007
647,in_abs_train_4975,0.39999999999999997,0.12275,0.3985,0.07732142857142857
647,sc_1993_insc_355,0.6568409090909091,0.24775,0.6315495337995337,0.19046818181818181
647,sc_1997_insc_677,0.6166666666666667,0.34774999999999995,0.5774791666666667,0.2091458333333333
647,sc_2006_insc_576,0.5777499999999999,0.11,0.4800181818181818,0.08668181818181818
647,sc_2006_insc_685,0.5536363636363636,0.10500000000000001,0.4857424887419082,0.0833555194805195
647,sc_2008_insc_1060,0.4834642857142857,0.04775000000000001,0.42534285714285713,0.04775000000000001
647,sc_2008_insc_1244,0.5522954545454545,0.19775,0.4891090909090908,0.09775
647,sc_2008_insc_801,0.4923076923076922,0.09390384615384614,0.42926923076923074,0.06582219780219781
647,sc_2008_insc_933,0.39775,0.05,0.39775,0.04687500000000001
647,sc_2014_insc_471,0.46441666666666664,0.05,0.4207222222222222,0.0491
647,sc_2014_insc_885,0.45775,0.04775000000000001,0.42751136363636366,0.04775000000000001
648,in_abs_train_5152,0.6334642857142856,0.2,0.5263214285714285,0.16820000000000002
648,sc_1965_insc_1,0.626840909090909,0.18108333333333335,0.49633585858585855,0.11308333333333334
648,sc_1967_insc_34,0.6191785714285715,0.2714285714285714,0.5845892857142857,0.1952678571428572
648,sc_1994_insc_51,0.74275,0.43275,0.6511547619047618,0.33414285714285713
648,sc_1996_insc_313,0.6691785714285714,0.1875,0.5585575396825397,0.13905357142857144
648,sc_1996_insc_756,0.4834642857142857,0.05,0.4263214285714286,0.048650000000000006
648,sc_2007_insc_1004,0.42456249999999995,0.2208269230769231,0.42207211538461537,0.10428769563769565
648,sc_2007_insc_40,0.49774999999999997,0.11441666666666667,0.4382,0.07072222222222223
648,sc_2007_insc_917,0.5349999999999999,0.19615384615384612,0.4819374999999999,0.11541346153846153
648,sc_2014_insc_350,0.6153970588235294,0.3165,0.5287610294117646,0.18106250000000002
648,sc_2014_insc_89,0.49774999999999997,0.11666666666666667,0.4568409090909091,0.08220833333333334
648,sc_2019_insc_665,0.4666666666666666,0.2,0.4382,0.16577777777777777
649,in_abs_train_4382,0.5644166666666667,0.15,0.47408333333333336,0.12179166666666667
649,in_abs_train_4597,0.6127499999999999,0.14275,0.5280494505494505,0.14275
649,sc_1952_insc_76,0.4834642857142857,0.11441666666666667,0.4530744047619047,0.09775
649,sc_1956_insc_37,0.5068409090909091,0.25684090909090906,0.4522954545454545,0.1475422494172494
649,sc_1975_insc_17,0.65775,0.25,0.5569285714285714,0.2439739819004525
649,sc_1994_insc_396,0.39999999999999997,0.05,0.3970625,0.04831250000000001
649,sc_1994_insc_552,0.49774999999999997,0.08304411764705882,0.4653970588235294,0.05438235294117647
649,sc_1997_insc_120,0.49774999999999997,0.15,0.44775,0.09849999999999999
649,sc_2000_insc_269,0.5727499999999999,0.14775,0.48540476190476184,0.11320000000000001
649,sc_2006_insc_751,0.4666666666666666,0.11666666666666667,0.44931666666666664,0.07072222222222223
649,sc_2011_insc_685,0.47274999999999995,0.15,0.42424999999999996,0.08575535714285716
649,sc_2023_insc_129,0.45775,0.17441666666666666,0.42774999999999996,0.11145833333333333
650,in_abs_train_5437,0.48941666666666667,0.04775000000000001,0.42895833333333333,0.04775000000000001
650,sc_1968_insc_20,0.4428571428571428,0.09060714285714286,0.42436428571428564,0.07707142857142858
650,sc_1985_insc_76,0.6390686813186813,0.3028571428571428,0.6053681318681319,0.18231978021978024
650,sc_1995_insc_172,0.49774999999999997,0.12275,0.4310833333333333,0.0632
650,sc_1995_insc_753,0.5125,0.2375,0.4407,0.15822222222222224
650,sc_1996_insc_932,0.39775,0.05,0.39775,0.047
650,sc_2008_insc_878,0.39999999999999997,0.05,0.39924999999999994,0.048650000000000006
650,sc_2011_insc_95,0.47274999999999995,0.20775,0.47274999999999995,0.13232738095238097
650,sc_2012_insc_292,0.39775,0.29774999999999996,0.39775,0.1282
650,sc_2012_insc_343,0.39999999999999997,0.2,0.39831249999999996,0.0875
650,sc_2014_insc_750,0.47274999999999995,0.05,0.41274999999999995,0.04850000000000001
651,in_abs_train_1600,0.6144166666666666,0.11441666666666667,0.5280416666666666,0.10668939393939393
651,in_abs_train_2520,0.6166666666666667,0.26441666666666663,0.5074791666666667,0.15441666666666667
651,in_abs_train_3179,0.47274999999999995,0.18941666666666668,0.4222214285714285,0.09572222222222222
651,sc_1993_insc_98,0.5000227272727271,0.14108333333333334,0.46092424242424235,0.07841666666666666
651,sc_1996_insc_129,0.5777499999999999,0.16025,0.5435,0.1187
651,sc_2008_insc_1249,0.5499999999999999,0.19775,0.46081249999999996,0.130125
651,sc_2008_insc_1452,0.45229545454545456,0.10229545454545455,0.4086590909090909,0.06668181818181819
651,sc_2008_insc_776,0.6477499999999999,0.15,0.54775,0.1081
651,sc_2008_insc_821,0.4749999999999999,0.11441666666666667,0.44711111111111107,0.08108333333333334
651,sc_2009_insc_6,0.47274999999999995,0.14775,0.41274999999999995,0.08183333333333333
651,sc_2014_insc_768,0.49999999999999994,0.05,0.4318333333333333,0.0491
651,sc_2018_insc_330,0.39999999999999997,0.05,0.39909999999999995,0.049249999999999995
652,in_abs_train_5602,0.39999999999999997,0.05,0.398875,0.04831250000000001
652,sc_1958_insc_18,0.6166666666666667,0.12275,0.49153333333333327,0.0719375
652,sc_1964_insc_274,0.4834642857142857,0.18333333333333335,0.4282261904761905,0.11591666666666667
652,sc_1983_insc_92,0.5966666666666666,0.27999999999999997,0.5805416666666666,0.18653354978354977
652,sc_1995_insc_553,0.39999999999999997,0.05,0.3982,0.04850000000000001
652,sc_1995_insc_713,0.49774999999999997,0.05,0.4661696428571428,0.04831250000000001
652,sc_1997_insc_274,0.5499999999999999,0.04775000000000001,0.47387499999999994,0.04775000000000001
652,sc_1997_insc_302,0.54775,0.19775,0.54775,0.14483333333333334
652,sc_2003_insc_737,0.39999999999999997,0.10229545454545455,0.39865,0.06593181818181819
652,sc_2006_insc_344,0.5019166666666666,0.07775000000000001,0.46179006410256407,0.054562500000000014
652,sc_2008_insc_315,0.39999999999999997,0.04775000000000001,0.3982,0.04775000000000001
652,sc_2022_insc_153,0.6590909090909092,0.2545454545454545,0.5197121212121213,0.16446818181818182
653,in_abs_train_202,0.5939038461538461,0.25424350649350647,0.5242246503496503,0.15841433566433566
653,in_abs_train_3296,0.45775,0.05,0.4263863636363636,0.04943750000000001
653,in_abs_train_4510,0.49774999999999997,0.04775000000000001,0.42339285714285707,0.04775000000000001
653,sc_1993_insc_146,0.45775,0.05,0.41775,0.048650000000000006
653,sc_1995_insc_299,0.6875,0.3443409090909091,0.600125,0.29824548368298365
653,sc_2001_insc_3,0.5399999999999999,0.09,0.453875,0.0683125
653,sc_2003_insc_276,0.39999999999999997,0.04775000000000001,0.3982,0.04775000000000001
653,sc_2006_insc_564,0.54775,0.19775,0.49016666666666664,0.1082
653,sc_2008_insc_554,0.6174999999999999,0.23399999999999999,0.48823882575757577,0.1895
653,sc_2011_insc_612,0.4666666666666666,0.12275,0.4149791666666667,0.06762499999999999
653,sc_2012_insc_156,0.54775,0.04775000000000001,0.4358125,0.04775000000000001
653,sc_2015_insc_804,0.6022954545454544,0.19775,0.45001136363636357,0.111375
654,in_abs_train_1616,0.5345454545454544,0.20750000000000002,0.5109090909090909,0.17840025252525252
654,in_abs_train_4789,0.5906071428571428,0.16785714285714284,0.5906071428571428,0.10630426716141002
654,in_abs_train_5412,0.39999999999999997,0.05,0.39831249999999996,0.04831250000000001
654,sc_1960_insc_145,0.39999999999999997,0.05,0.398875,0.048875
654,sc_1961_insc_87,0.4461538461538461,0.05,0.4138846153846154,0.04820000000000001
654,sc_2008_insc_1230,0.49999999999999994,0.14775,0.4318333333333333,0.06820000000000001
654,sc_2009_insc_713,0.4545454545454545,0.19775,0.4100090909090908,0.18108333333333335
654,sc_2010_insc_719,0.39999999999999997,0.05,0.39924999999999994,0.048650000000000006
654,sc_2014_insc_255,0.5666666666666667,0.19775,0.5111984126984127,0.07820000000000002
654,sc_2016_insc_952,0.5944166666666665,0.19060714285714286,0.5183212121212121,0.13020238095238096
654,sc_2017_insc_216,0.4666666666666666,0.05,0.4119833333333333,0.049249999999999995
654,sc_2017_insc_881,0.44999999999999996,0.09775,0.4354134615384615,0.07152678571428572
655,in_abs_train_1055,0.5310833333333334,0.15608333333333332,0.46441666666666664,0.10977083333333333
655,in_abs_train_2948,0.5177499999999999,0.15615384615384614,0.45065247252747254,0.12502884615384613
655,sc_1965_insc_170,0.39999999999999997,0.05,0.39831249999999996,0.04831250000000001
655,sc_1970_insc_136,0.59775,0.2,0.49887499999999996,0.07229166666666667
655,sc_1993_insc_170,0.6427499999999998,0.24775,0.5677499999999999,0.2347252747252747
655,sc_1996_insc_773,0.39999999999999997,0.04775000000000001,0.3985,0.04775000000000001
655,sc_1997_insc_697,0.6857142857142857,0.2,0.5803857142857143,0.1913571428571429
655,sc_1999_insc_556,0.5602499999999998,0.16679761904761906,0.5043823529411764,0.09436428571428572
655,sc_2005_insc_568,0.46441666666666664,0.2858452380952381,0.4516746031746031,0.19665238095238097
655,sc_2008_insc_947,0.49774999999999997,0.3333333333333333,0.49774999999999997,0.10576666666666668
655,sc_2009_insc_380,0.5522954545454545,0.15,0.4759318181818181,0.13333333333333333
655,sc_2018_insc_959,0.5499999999999999,0.20999999999999996,0.47387499999999994,0.08516666666666667
656,in_abs_train_4635,0.49999999999999994,0.14775,0.4336499999999999,0.10433333333333333
656,sc_1956_insc_21,0.45775,0.1568409090909091,0.43388461538461537,0.08910804195804196
656,sc_1970_insc_158,0.45454545454545453,0.1590909090909091,0.4356136363636363,0.11092727272727274
656,sc_1973_insc_211,0.49005769230769225,0.15,0.49005769230769225,0.10313660714285715
656,sc_1989_insc_38,0.5660833333333332,0.14093939393939392,0.5056499999999999,0.09956313131313131
656,sc_1997_insc_740,0.39999999999999997,0.05,0.3980874999999999,0.048875
656,sc_2000_insc_197,0.61,0.19390384615384615,0.5400113636363636,0.09848732517482518
656,sc_2003_insc_580,0.49774999999999997,0.26441666666666663,0.49774999999999997,0.12746428571428572
656,sc_2010_insc_467,0.39999999999999997,0.05,0.39865,0.04850000000000001
656,sc_2013_insc_127,0.39999999999999997,0.05,0.39924999999999994,0.0476
656,sc_2018_insc_585,0.52,0.05,0.4544375,0.048875
656,sc_2021_insc_397,0.6477499999999999,0.31999999999999995,0.5347916666666666,0.295
657,in_abs_train_4533,0.5772954545454545,0.25684090909090906,0.4945568181818181,0.22599675324675322
657,in_abs_train_5883,0.49774999999999997,0.04775000000000001,0.4318333333333333,0.04775000000000001
657,sc_1960_insc_58,0.4749999999999999,0.10775000000000001,0.43637499999999996,0.06408333333333334
657,sc_1967_insc_176,0.5895999999999999,0.22999999999999998,0.5217352272727273,0.15387499999999998
657,sc_1979_insc_261,0.616797619047619,0.29774999999999996,0.5725515873015873,0.24767857142857141
657,sc_1981_insc_89,0.39999999999999997,0.05,0.3982,0.04850000000000001
657,sc_1996_insc_568,0.45775,0.21441666666666667,0.41775,0.12276666666666666
657,sc_1996_insc_979,0.6227499999999999,0.19775,0.51025,0.0735
657,sc_2007_insc_837,0.5310833333333334,0.1657142857142857,0.514532738095238,0.1582529761904762
657,sc_2010_insc_271,0.5177499999999999,0.12108333333333332,0.4360833333333333,0.07115570175438596
657,sc_2015_insc_261,0.5039038461538461,0.1400576923076923,0.4361236263736263,0.10928846153846154
657,sc_2019_insc_1234,0.6272954545454544,0.14775,0.48894085081585076,0.09775
658,in_abs_train_1777,0.45229545454545456,0.10454545454545455,0.43703246753246755,0.10454545454545455
658,sc_1974_insc_94,0.4749999999999999,0.05,0.411375,0.048875
658,sc_1990_insc_385,0.6000000000000001,0.21441666666666667,0.5004345238095239,0.15608333333333335
658,sc_1994_insc_204,0.6894166666666666,0.3633333333333333,0.6367579365079363,0.2757880952380952
658,sc_2000_insc_212,0.5272954545454545,0.17729545454545453,0.5272954545454545,0.11216233766233767
658,sc_2001_insc_572,0.5039038461538461,0.15390384615384614,0.4735192307692307,0.13252362637362639
658,sc_2007_insc_1073,0.39999999999999997,0.12275,0.3983125,0.08206250000000001
658,sc_2008_insc_53,0.5499999999999999,0.14775,0.4440999999999999,0.08183333333333333
658,sc_2008_insc_946,0.6077499999999999,0.04775000000000001,0.48402380952380947,0.04775000000000001
658,sc_2013_insc_689,0.4191785714285714,0.07307692307692308,0.4172878151260504,0.0654294871794872
658,sc_2018_insc_539,0.45775,0.10775000000000001,0.43019999999999997,0.06775000000000002
658,sc_2018_insc_557,0.49774999999999997,0.15,0.41864999999999997,0.11591666666666667
659,in_abs_train_1176,0.39775,0.19775,0.39775,0.0782
659,in_abs_train_1441,0.7191785714285713,0.3048928571428572,0.6259142857142856,0.2624325396825397
659,in_abs_train_188,0.49525,0.1433333333333333,0.4597056277056278,0.1433333333333333
659,sc_1972_insc_248,0.4913863636363636,0.25138636363636363,0.4633882575757575,0.13692694805194805
659,sc_1997_insc_111,0.47274999999999995,0.05,0.4141,0.05000000000000001
659,sc_1999_insc_240,0.44999999999999996,0.1,0.43220833333333336,0.098875
659,sc_2007_insc_428,0.49774999999999997,0.14775,0.44775,0.0733125
659,sc_2008_insc_1315,0.6656071428571427,0.2785714285714285,0.5544820512820513,0.21754761904761902
659,sc_2014_insc_671,0.4428571428571428,0.05,0.41974107142857137,0.0416875
659,sc_2021_insc_800,0.6334642857142856,0.19775,0.5263214285714285,0.10865
659,sc_2023_insc_213,0.6476977272727273,0.15275,0.5223714646464647,0.1052
660,in_abs_train_2847,0.5310833333333334,0.18333333333333335,0.4651666666666667,0.1557666666666667
660,in_abs_train_4102,0.63025,0.34024999999999994,0.5725151515151515,0.23090779220779217
660,sc_1976_insc_140,0.47274999999999995,0.125,0.466375,0.061000000000000006
660,sc_1985_insc_26,0.7190476190476189,0.31785714285714284,0.6308595238095238,0.2468690476190476
660,sc_1988_insc_183,0.5900576923076922,0.25775,0.48292972027972025,0.19183333333333333
660,sc_2003_insc_100,0.4428571428571428,0.12275,0.4090267857142857,0.08769419642857143
660,sc_2003_insc_464,0.4666666666666666,0.10775000000000001,0.4299861111111111,0.10502272727272727
660,sc_2013_insc_353,0.5272954545454545,0.125,0.48243181818181813,0.0632
660,sc_2014_insc_354,0.5875,0.305,0.555125,0.13489267676767677
660,sc_2014_insc_83,0.39999999999999997,0.05,0.39865,0.04850000000000001
660,sc_2017_insc_1278,0.44999999999999996,0.25775,0.4082,0.1718333333333333
661,sc_1960_insc_155,0.48775,0.07502272727272728,0.4399583333333333,0.06251136363636364
661,sc_1961_insc_261,0.5099999999999999,0.11,0.4679833333333333,0.08850000000000001
661,sc_1966_insc_82,0.39999999999999997,0.05,0.39729166666666665,0.048875
661,sc_1970_insc_256,0.6856287878787877,0.2519166666666667,0.5166060606060605,0.17983333333333335
661,sc_1996_insc_1405,0.39775,0.05,0.39775,0.05000000000000001
661,sc_1998_insc_209,0.6077499999999999,0.26666666666666666,0.49974999999999986,0.16516666666666666
661,sc_1998_insc_400,0.5691785714285714,0.19775,0.5214004329004328,0.17122142857142858
661,sc_2003_insc_384,0.663076923076923,0.31775,0.5561923076923078,0.13820000000000002
661,sc_2004_insc_511,0.46441666666666664,0.04775000000000001,0.4219033333333333,0.04775000000000001
661,sc_2008_insc_1122,0.5165,0.3144166666666667,0.4981836349924585,0.21050505279034692
661,sc_2008_insc_193,0.54775,0.05,0.43979166666666664,0.048875
661,sc_2017_insc_1203,0.39775,0.15060714285714286,0.39775,0.09133673469387756
662,in_abs_train_1140,0.49999999999999994,0.14775,0.4233125,0.07275000000000001
662,sc_1965_insc_276,0.6000000000000001,0.15,0.5073888888888889,0.11398333333333333
662,sc_1984_insc_12,0.45775,0.10775000000000001,0.4258125,0.10775000000000001
662,sc_1990_insc_157,0.65,0.2334642857142857,0.44865000000000005,0.14373809523809525
662,sc_1991_insc_260,0.48571428571428565,0.2857142857142857,0.44116964285714283,0.20640714285714284
662,sc_2002_insc_345,0.4749999999999999,0.12275,0.42425,0.092
662,sc_2002_insc_393,0.45229545454545456,0.19775,0.4163068181818182,0.15275
662,sc_2006_insc_265,0.54775,0.2,0.4477499999999999,0.12425000000000001
662,sc_2009_insc_861,0.6432045454545453,0.2295681818181818,0.6091022727272726,0.15246270396270398
662,sc_2011_insc_203,0.39999999999999997,0.05,0.3983125,0.04831250000000001
662,sc_2022_insc_952,0.4522954545454545,0.05,0.40810909090909087,0.04850000000000001
662,sc_2023_insc_472,0.431578947368421,0.06666666666666667,0.4212485380116959,0.05551274509803922
663,in_abs_train_4733,0.656840909090909,0.29774999999999996,0.5302515151515151,0.2796111111111111
663,in_abs_train_4769,0.473076923076923,0.12307692307692307,0.4699137362637362,0.12177747252747252
663,in_abs_train_6458,0.59775,0.19775,0.4782,0.16668181818181818
663,in_abs_train_6820,0.49774999999999997,0.14775,0.49774999999999997,0.12275
663,sc_1973_insc_108,0.5576401098901098,0.14775,0.45574313186813187,0.09137500000000001
663,sc_1976_insc_106,0.6544642857142857,0.30672435897435896,0.5886065323565324,0.23834699418228827
663,sc_1980_insc_213,0.55775,0.10775000000000001,0.46775,0.09194886363636365
663,sc_1983_insc_153,0.4749999999999999,0.12275,0.4282,0.07425
663,sc_1987_insc_170,0.5691785714285714,0.1785714285714286,0.46917857142857144,0.13342678571428573
663,sc_1989_insc_41,0.6177499999999999,0.34502272727272726,0.6177499999999999,0.30556493506493504
663,sc_2008_insc_894,0.4666666666666666,0.05,0.43865,0.04925000000000001
663,sc_2024_insc_332,0.4124345588235294,0.07007692307692306,0.4026448529411765,0.056865384615384616
664,in_abs_train_3901,0.54275,0.25775,0.5023333333333333,0.17971401515151514
664,sc_1953_insc_44,0.52,0.13502272727272727,0.47153479853479846,0.13502272727272727
664,sc_1958_insc_55,0.5777499999999999,0.37999999999999995,0.5130454545454545,0.25465
664,sc_1996_insc_341,0.5272954545454545,0.09390384615384614,0.46039772727272715,0.07082692307692308
664,sc_1996_insc_936,0.4944166666666666,0.25775,0.4392361111111111,0.22775
664,sc_1996_insc_953,0.39999999999999997,0.19775,0.3985,0.18275000000000002
664,sc_2003_insc_619,0.39775,0.05,0.39775,0.04410750000000001
664,sc_2007_insc_615,0.6777499999999999,0.27,0.5877499999999999,0.21155681818181818
664,sc_2009_insc_704,0.5857142857142857,0.42275,0.5229494047619047,0.3065535714285714
664,sc_2012_insc_85,0.39999999999999997,0.04775000000000001,0.39935714285714285,0.04775000000000001
664,sc_2019_insc_353,0.5873076923076923,0.12,0.4900502136752136,0.083875
664,sc_2020_insc_501,0.5772727272727273,0.39775,0.5605882867132866,0.22198278388278384
665,in_abs_train_1738,0.6177499999999999,0.26,0.4903753571428571,0.1385
665,in_abs_train_309,0.6400576923076923,0.24005769230769228,0.5270824175824175,0.24005769230769228
665,sc_1963_insc_54,0.49999999999999994,0.10229545454545455,0.4505738636363636,0.07292482517482518
665,sc_1968_insc_68,0.515,0.10775000000000001,0.46019999999999994,0.08775000000000001
665,sc_1995_insc_382,0.5677499999999999,0.14390384615384613,0.47556297134238307,0.09695192307692307
665,sc_1996_insc_744,0.54775,0.05,0.43524999999999997,0.04831250000000001
665,sc_1996_insc_840,0.5006071428571428,0.13562878787878788,0.4664523809523809,0.09168939393939395
665,sc_2002_insc_237,0.45775,0.125,0.4338863636363636,0.06706250000000001
665,sc_2011_insc_527,0.54775,0.05,0.45512499999999995,0.04762500000000001
665,sc_2015_insc_800,0.39999999999999997,0.2,0.398875,0.148875
665,sc_2016_insc_438,0.5499999999999999,0.19775,0.4782,0.19775
665,sc_2017_insc_1076,0.4795454545454545,0.12597402597402596,0.4410181818181818,0.10457467532467533
666,in_abs_train_2386,0.45229545454545456,0.10454545454545455,0.42614772727272726,0.08486363636363636
666,sc_1960_insc_48,0.7,0.34775,0.5036499999999999,0.17275
666,sc_1967_insc_271,0.6395681818181818,0.23562878787878788,0.5918936341436342,0.18752272727272729
666,sc_1970_insc_70,0.49774999999999997,0.14775,0.44775,0.07645833333333334
666,sc_1971_insc_329,0.5416666666666666,0.24774999999999994,0.4858124999999999,0.1920625
666,sc_2004_insc_32,0.6622954545454544,0.319047619047619,0.5725227272727271,0.2515171633921634
666,sc_2008_insc_867,0.5666666666666667,0.125,0.44110416666666663,0.10568749999999999
666,sc_2011_insc_163,0.4666666666666666,0.07502272727272728,0.4124333333333333,0.0575909090909091
666,sc_2021_insc_375,0.47274999999999995,0.05,0.4358125,0.048875
666,sc_2022_insc_637,0.39999999999999997,0.19775,0.39831249999999996,0.08637500000000001
666,sc_2024_insc_149,0.52,0.27,0.50755,0.19516666666666668
666,sc_2024_insc_324,0.49774999999999997,0.05,0.4310833333333333,0.04820000000000001
667,in_abs_train_4869,0.509090909090909,0.26005769230769227,0.47036101398601393,0.12866215034965034
667,in_abs_train_5144,0.54775,0.2,0.44775000000000004,0.1391
667,in_abs_train_5456,0.4333333333333333,0.28941666666666666,0.4333333333333333,0.18431277056277054
667,sc_1961_insc_64,0.39999999999999997,0.11441666666666667,0.39943749999999995,0.06497916666666667
667,sc_1973_insc_118,0.39999999999999997,0.05,0.39758333333333334,0.047650000000000005
667,sc_1992_insc_97,0.39775,0.21666666666666667,0.39775,0.11148809523809523
667,sc_1994_insc_183,0.45775,0.12275,0.43985096153846154,0.1140176282051282
667,sc_2012_insc_207,0.4834642857142857,0.05,0.42707142857142855,0.047650000000000005
667,sc_2012_insc_476,0.6077499999999999,0.31346153846153846,0.5320624999999999,0.23655856643356643
667,sc_2019_insc_1271,0.49774999999999997,0.05,0.4182,0.049249999999999995
667,sc_2021_insc_681,0.4461538461538461,0.04775000000000001,0.4049862637362637,0.04775000000000001
667,sc_2022_insc_137,0.5227499999999999,0.05,0.4483125,0.04831250000000001
668,in_abs_train_1097,0.6310833333333332,0.1433333333333333,0.4810833333333333,0.11970833333333332
668,in_abs_train_1696,0.5272954545454545,0.2863863636363636,0.5000227272727272,0.1614475524475524
668,in_abs_train_2552,0.39775,0.04775000000000001,0.39775,0.04775000000000001
668,in_abs_train_3911,0.4165,0.1653970588235294,0.40926315789473683,0.0811421568627451
668,sc_1978_insc_118,0.39999999999999997,0.05,0.3981,0.04850000000000001
668,sc_2002_insc_311,0.39999999999999997,0.05,0.398875,0.04766666666666667
668,sc_2003_insc_434,0.5349999999999999,0.16775,0.4745333333333333,0.10463461538461538
668,sc_2007_insc_346,0.49684502262443436,0.22926260504201681,0.45036500754147807,0.13672878591996238
668,sc_2013_insc_362,0.4153970588235294,0.0665,0.4050627450980392,0.05400000000000001
668,sc_2017_insc_899,0.44775,0.10229545454545455,0.44775,0.07056418581418582
668,sc_2020_insc_82,0.53,0.12729545454545454,0.44306387362637356,0.0929616008991009
668,sc_2023_insc_525,0.46775,0.12454545454545454,0.42593571428571425,0.08968364968364968
669,in_abs_train_2686,0.5177499999999999,0.23184090909090904,0.4433125,0.12940016233766233
669,in_abs_train_3842,0.520826923076923,0.16917857142857143,0.4719388736263736,0.13587156593406594
669,in_abs_train_4736,0.6397954545454544,0.28775,0.5791818181818181,0.17275000000000001
669,in_abs_train_4929,0.606840909090909,0.23333333333333334,0.5709204545454545,0.12595833333333337
669,in_abs_train_5545,0.39775,0.05,0.39775,0.04839285714285715
669,in_abs_train_6348,0.6944166666666666,0.28524999999999995,0.5738184523809523,0.26944345238095235
669,sc_1959_insc_14,0.5263214285714285,0.21275,0.5081607142857143,0.1315194805194805
669,sc_1971_insc_55,0.54775,0.05,0.436375,0.04818750000000001
669,sc_1972_insc_201,0.39999999999999997,0.05,0.3985,0.047720000000000005
669,sc_1992_insc_113,0.6908269230769231,0.32275000000000004,0.6260192307692307,0.25337937062937066
669,sc_2004_insc_380,0.39775,0.04775000000000001,0.3974017857142857,0.04775000000000001
669,sc_2018_insc_130,0.5499999999999999,0.05,0.4481249999999999,0.048875
670,in_abs_train_4436,0.6178571428571428,0.12275,0.5129505952380952,0.08259090909090909
670,in_abs_train_5801,0.6410833333333332,0.28502272727272726,0.5733560606060606,0.21715746753246754
670,in_abs_train_6540,0.5177499999999999,0.24775,0.4588749999999999,0.13108333333333333
670,sc_1953_insc_66,0.5244166666666666,0.12275,0.4449791666666666,0.067625
670,sc_1971_insc_192,0.6477499999999999,0.37775,0.5768333333333332,0.19665
670,sc_1972_insc_144,0.46441666666666664,0.11666666666666667,0.4407222222222222,0.07486666666666666
670,sc_1973_insc_247,0.5285714285714286,0.24571428571428572,0.47226785714285713,0.15884821428571427
670,sc_1979_insc_39,0.47274999999999995,0.18275,0.41062499999999996,0.113875
670,sc_1996_insc_891,0.5666666666666668,0.21441666666666667,0.5503611111111112,0.1636125
670,sc_2000_insc_587,0.46265384615384614,0.1403970588235294,0.42494017094017095,0.08514063983488132
670,sc_2003_insc_28,0.39775,0.2,0.39775,0.07387500000000001
670,sc_2003_insc_80,0.5810833333333333,0.1580441176470588,0.4551238235294117,0.08526470588235295
671,in_abs_train_1626,0.6362115384615383,0.20454545454545453,0.553903846153846,0.1697121212121212
671,in_abs_train_3982,0.6810833333333333,0.14775,0.5549861111111111,0.13108333333333333
671,in_abs_train_5381,0.7177499999999998,0.11380090497737558,0.5106615384615383,0.07690982546864901
671,sc_1970_insc_37,0.6977499999999999,0.34999999999999987,0.6098666666666667,0.32183333333333325
671,sc_1984_insc_124,0.45999999999999996,0.10775000000000001,0.41443749999999996,0.09057386363636363
671,sc_1994_insc_419,0.39775,0.12275,0.39775,0.06365
671,sc_1998_insc_151,0.45775,0.11,0.42694886363636364,0.09171022727272726
671,sc_2010_insc_457,0.5691785714285714,0.10229545454545455,0.4874336496836496,0.05890909090909091
671,sc_2013_insc_217,0.6135394736842105,0.11353947368421052,0.4837149122807017,0.08064473684210527
671,sc_2014_insc_456,0.39999999999999997,0.04775000000000001,0.3994375,0.04775000000000001
671,sc_2018_insc_371,0.6144166666666666,0.3,0.5224595238095238,0.2131388888888889
671,sc_2021_insc_442,0.45775,0.10275000000000001,0.40560714285714283,0.10275000000000001
672,in_abs_train_3173,0.45229545454545456,0.17729545454545453,0.4250227272727273,0.06925757575757577
672,sc_1954_insc_7,0.5650576923076922,0.12275,0.4613423076923076,0.09016666666666667
672,sc_1969_insc_200,0.48499999999999993,0.04775000000000001,0.4579878787878787,0.04775000000000001
672,sc_1979_insc_144,0.54775,0.05,0.46774999999999994,0.048650000000000006
672,sc_1982_insc_68,0.74275,0.31775,0.7202500000000001,0.17941666666666667
672,sc_1990_insc_8,0.49774999999999997,0.14775,0.42443749999999997,0.0733125
672,sc_2006_insc_65,0.49774999999999997,0.2,0.47256249999999994,0.08502500000000002
672,sc_2010_insc_852,0.6227499999999999,0.19775,0.492625,0.08525
672,sc_2013_insc_503,0.6477499999999999,0.11,0.4782,0.0685
672,sc_2016_insc_510,0.5068409090909091,0.1650576923076923,0.4318352272727273,0.11741215034965036
672,sc_2022_insc_799,0.5691785714285714,0.04775000000000001,0.49530751391465666,0.04775000000000001
672,sc_2023_insc_708,0.49999999999999994,0.2,0.4325833333333333,0.10515
673,in_abs_train_3700,0.581840909090909,0.25684090909090906,0.544340909090909,0.21540809190809188
673,in_abs_train_4475,0.44575,0.13175,0.42975,0.09616538461538462
673,sc_1951_insc_26,0.4944166666666666,0.1272371794871795,0.4362348484848484,0.07651762820512822
673,sc_1963_insc_241,0.5644166666666666,0.11441666666666667,0.4786369047619047,0.06497916666666667
673,sc_1964_insc_150,0.4272727272727272,0.12727272727272726,0.4125113636363636,0.10509090909090908
673,sc_1971_insc_188,0.4545454545454545,0.11,0.43409848484848484,0.10555909090909092
673,sc_1984_insc_215,0.39999999999999997,0.13346428571428573,0.39924999999999994,0.07989285714285715
673,sc_1997_insc_440,0.39999999999999997,0.05,0.3985,0.04820000000000001
673,sc_1997_insc_809,0.4406071428571428,0.09390384615384614,0.4120357142857143,0.0660021978021978
673,sc_2001_insc_485,0.45775,0.14775,0.45668181818181813,0.0986590909090909
673,sc_2008_insc_1426,0.49774999999999997,0.05,0.45608333333333334,0.04820000000000001
673,sc_2019_insc_585,0.55775,0.125,0.4897499999999999,0.09350000000000001
674,in_abs_train_6368,0.6,0.3334642857142857,0.5429444444444443,0.2192
674,in_abs_train_762,0.6635394736842104,0.24524999999999994,0.5988937969924811,0.17510851648351647
674,sc_1960_insc_208,0.6310833333333332,0.11441666666666667,0.5391904761904761,0.11441666666666667
674,sc_1964_insc_231,0.6377499999999999,0.22524999999999998,0.5047467948717949,0.14337069838056682
674,sc_1995_insc_671,0.6857342657342658,0.2736363636363636,0.5928706293706294,0.22595292207792206
674,sc_1997_insc_173,0.56,0.24775,0.5051666666666667,0.2044642857142857
674,sc_1997_insc_538,0.5499999999999999,0.18108333333333335,0.4717916666666666,0.10307440476190477
674,sc_1998_insc_145,0.5177499999999999,0.18060714285714285,0.47233592132505176,0.17530357142857142
674,sc_2004_insc_277,0.39999999999999997,0.04775000000000001,0.3983125,0.04650000000000001
674,sc_2005_insc_567,0.6177499999999999,0.22275,0.5487291666666666,0.17377272727272727
674,sc_2020_insc_211,0.54775,0.10775000000000001,0.4508125,0.063875
674,sc_2023_insc_88,0.5327499999999998,0.23562878787878788,0.4802499999999999,0.1606897546897547
675,in_abs_train_4765,0.5449999999999999,0.20608333333333334,0.5232575757575758,0.16116515151515148
675,sc_1960_insc_234,0.48274999999999996,0.2872727272727273,0.44560714285714287,0.1519431818181818
675,sc_1974_insc_106,0.5077499999999999,0.10775000000000001,0.4408125,0.08077060439560439
675,sc_1974_insc_246,0.681840909090909,0.3613863636363636,0.5702587412587412,0.33252272727272725
675,sc_1974_insc_69,0.49005769230769225,0.13571428571428573,0.44821153846153844,0.09448809523809525
675,sc_1985_insc_200,0.48941666666666667,0.07307692307692308,0.43748571428571426,0.06463461538461539
675,sc_1988_insc_32,0.49774999999999997,0.25,0.4810833333333333,0.1677770202020202
675,sc_1992_insc_357,0.49774999999999997,0.04775000000000001,0.44564999999999994,0.0466625
675,sc_1996_insc_1190,0.39999999999999997,0.26525,0.3983125,0.12199999999999998
675,sc_2006_insc_272,0.5191785714285714,0.1308269230769231,0.4493084415584415,0.10281643356643355
675,sc_2014_insc_845,0.5068409090909091,0.18636363636363634,0.4560625874125874,0.11008916083916083
675,sc_2018_insc_328,0.5499999999999999,0.12275,0.4286499999999999,0.07350000000000001
676,in_abs_train_1286,0.5277499999999999,0.14441666666666667,0.5037348484848484,0.11078086496836498
676,in_abs_train_3988,0.45775,0.4072727272727272,0.42774999999999996,0.134178946053946
676,in_abs_train_6351,0.606840909090909,0.12229545454545454,0.5397954545454545,0.07194886363636364
676,sc_1969_insc_238,0.39999999999999997,0.04775000000000001,0.3985,0.04775000000000001
676,sc_1995_insc_317,0.56,0.16999999999999998,0.4979080086580086,0.11320000000000001
676,sc_1996_insc_1036,0.5513214285714284,0.24024999999999996,0.5074106726606725,0.17959343434343433
676,sc_1996_insc_248,0.5714285714285715,0.36917857142857147,0.4599196428571429,0.15066071428571431
676,sc_1999_insc_3,0.43749999999999994,0.2,0.4076875,0.08637500000000001
676,sc_2009_insc_934,0.46441666666666664,0.31775,0.43577575757575754,0.23294444444444443
676,sc_2010_insc_352,0.46441666666666664,0.04775000000000001,0.41945202020202016,0.04775000000000001
676,sc_2011_insc_651,0.6105705128205127,0.2605705128205128,0.5331960030165911,0.1774551282051282
676,sc_2021_insc_856,0.5810833333333333,0.26290151515151516,0.503875,0.25199242424242424
677,in_abs_train_588,0.5928571428571429,0.21994251336898393,0.5232303196803196,0.19627629233511587
677,in_abs_train_6653,0.5310833333333334,0.11441666666666667,0.46554166666666663,0.06497916666666667
677,in_abs_train_7034,0.39999999999999997,0.14775,0.398875,0.06479166666666668
677,sc_1970_insc_185,0.5499999999999999,0.05,0.42955,0.04850000000000001
677,sc_1976_insc_195,0.5850227272727272,0.25275,0.5456287878787878,0.14065454545454545
677,sc_1996_insc_1217,0.39999999999999997,0.05,0.39909999999999995,0.04850000000000001
677,sc_1997_insc_757,0.49774999999999997,0.09775,0.4318333333333333,0.05775000000000001
677,sc_2001_insc_24,0.6527499999999999,0.35,0.5807222222222221,0.2153428571428571
677,sc_2001_insc_380,0.45229545454545456,0.26,0.42614772727272726,0.12706439393939392
677,sc_2003_insc_287,0.49774999999999997,0.05,0.4336499999999999,0.049249999999999995
677,sc_2008_insc_1146,0.6227499999999999,0.12275,0.5082202380952381,0.08429166666666667
677,sc_2019_insc_100,0.6477499999999999,0.3000227272727273,0.5194686147186147,0.2020429292929293
678,sc_1968_insc_117,0.39775,0.05,0.39775,0.04871428571428572
678,sc_1969_insc_329,0.44390384615384615,0.04775000000000001,0.4124839743589744,0.04775000000000001
678,sc_1994_insc_328,0.61,0.2201525974025974,0.5601499999999999,0.17203896103896107
678,sc_1994_insc_592,0.5644166666666666,0.28346428571428567,0.5014333333333333,0.17989285714285716
678,sc_1995_insc_870,0.47082692307692303,0.18409090909090908,0.4342884615384615,0.1340887445887446
678,sc_2005_insc_260,0.5906071428571428,0.13974358974358975,0.47228681318681315,0.07841452991452992
678,sc_2010_insc_342,0.45775,0.14775,0.45775,0.08378571428571428
678,sc_2015_insc_264,0.5874935897435896,0.13749358974358974,0.4687543706293706,0.10624679487179486
678,sc_2017_insc_841,0.39999999999999997,0.04775000000000001,0.39865,0.04775000000000001
678,sc_2020_insc_69,0.44390384615384615,0.24390384615384614,0.43154120879120883,0.10832692307692307
678,sc_2021_insc_834,0.6416666666666666,0.2,0.5674078088578087,0.18056313131313131
678,sc_2023_insc_578,0.46441666666666664,0.15,0.4322083333333333,0.07627777777777779
679,in_abs_train_908,0.5349999999999999,0.11666666666666667,0.45765,0.07147222222222223
679,sc_1968_insc_12,0.6041666666666666,0.14441666666666667,0.4532,0.10219444444444443
679,sc_1969_insc_263,0.5227499999999999,0.15,0.4397142857142857,0.08887500000000001
679,sc_1984_insc_29,0.49774999999999997,0.27,0.49518589743589736,0.2050236263736264
679,sc_1991_insc_278,0.39999999999999997,0.11666666666666667,0.398875,0.06497916666666667
679,sc_1991_insc_44,0.59775,0.2545454545454545,0.4892215909090909,0.15535795454545454
679,sc_2000_insc_404,0.6034642857142857,0.16560714285714284,0.47957142857142854,0.13305714285714285
679,sc_2007_insc_822,0.49774999999999997,0.16999999999999998,0.4906071428571428,0.13056349206349205
679,sc_2011_insc_427,0.39775,0.10775000000000001,0.39775,0.06020000000000001
679,sc_2014_insc_850,0.49774999999999997,0.1,0.4382,0.06516666666666668
679,sc_2017_insc_117,0.5644166666666666,0.15684090909090906,0.4530530303030303,0.07502272727272727
679,sc_2022_insc_1059,0.49774999999999997,0.14775,0.4315333333333333,0.08183333333333333
680,in_abs_train_2491,0.7323653846153845,0.2862115384615384,0.6617164835164834,0.21954487179487178
680,sc_1984_insc_72,0.59775,0.10775000000000001,0.4783124999999999,0.07694886363636363
680,sc_1995_insc_440,0.39999999999999997,0.04775000000000001,0.3985,0.04775000000000001
680,sc_1996_insc_114,0.494525,0.28346428571428567,0.4659258928571428,0.1506607142857143
680,sc_1998_insc_257,0.5394166666666665,0.18217028985507247,0.48268511632341715,0.11257518115942029
680,sc_2000_insc_314,0.6227499999999999,0.2753723776223776,0.47599589528118935,0.17029079254079252
680,sc_2001_insc_607,0.6227499999999999,0.27275,0.5837291666666666,0.1415
680,sc_2002_insc_425,0.5545454545454546,0.25229545454545454,0.4696542207792208,0.18206984577922078
680,sc_2009_insc_1139,0.39999999999999997,0.04775000000000001,0.3982,0.04775000000000001
680,sc_2009_insc_484,0.47274999999999995,0.04775000000000001,0.4282,0.04775000000000001
680,sc_2017_insc_909,0.6810833333333333,0.32991783216783216,0.6144166666666666,0.17474912587412586
680,sc_2019_insc_941,0.49774999999999997,0.09390384615384614,0.423875,0.07056524725274725
681,sc_1964_insc_206,0.46615384615384614,0.11775,0.44935030165912515,0.0879
681,sc_1966_insc_143,0.39999999999999997,0.05,0.39999999999999997,0.048071428571428584
681,sc_1971_insc_255,0.47274999999999995,0.12275,0.4170625,0.06706250000000001
681,sc_1987_insc_108,0.5664999999999999,0.16775,0.4668333333333333,0.09513235294117649
681,sc_1994_insc_116,0.6477499999999999,0.21666666666666667,0.5815333333333333,0.16111111111111112
681,sc_1996_insc_122,0.6416893939393938,0.35835606060606057,0.5956443278943279,0.20139568764568763
681,sc_2006_insc_34,0.49774999999999997,0.19775,0.42275,0.08456250000000001
681,sc_2006_insc_932,0.54775,0.25,0.47387499999999994,0.13220833333333332
681,sc_2007_insc_1153,0.48571428571428565,0.15,0.4329357142857142,0.08183333333333334
681,sc_2008_insc_822,0.5727499999999999,0.07775000000000001,0.45364466089466077,0.06387500000000002
681,sc_2010_insc_86,0.5057142857142857,0.14775,0.49163095238095234,0.12242429271708684
681,sc_2014_insc_998,0.7113863636363635,0.33216783216783213,0.5856634365634366,0.18606243756243757
682,in_abs_train_332,0.5810833333333333,0.21108333333333332,0.5064801587301587,0.1492
682,in_abs_train_4661,0.4834642857142857,0.19775,0.45459523809523805,0.15497916666666667
682,sc_1961_insc_31,0.625,0.245,0.5548055555555556,0.15220000000000003
682,sc_1965_insc_251,0.749090909090909,0.41775,0.6338806818181817,0.3222897727272727
682,sc_1976_insc_114,0.39999999999999997,0.05,0.398875,0.04850000000000001
682,sc_1984_insc_110,0.5310833333333334,0.10229545454545455,0.46895303030303026,0.08334848484848485
682,sc_1985_insc_113,0.39999999999999997,0.11,0.3985,0.07310000000000001
682,sc_1996_insc_777,0.45454545454545453,0.16229545454545455,0.43409848484848484,0.1227479020979021
682,sc_1997_insc_681,0.49774999999999997,0.21909090909090911,0.44775000000000004,0.13743893606393606
682,sc_2004_insc_728,0.4545454545454545,0.19142857142857145,0.43686201298701294,0.15425091575091576
682,sc_2007_insc_400,0.6126538461538461,0.07307692307692308,0.47597409733124013,0.07307692307692308
682,sc_2015_insc_179,0.5993506493506494,0.3406071428571428,0.4914392413142414,0.21292857142857138
683,in_abs_train_1858,0.5753723776223776,0.2250227272727273,0.5129170551670551,0.13692727272727273
683,in_abs_train_6586,0.5644166666666666,0.11666666666666667,0.4901999999999999,0.09294444444444444
683,sc_1961_insc_39,0.5569096638655461,0.1302941176470588,0.49089271708683474,0.12333957219251339
683,sc_1968_insc_310,0.5172932330827068,0.23376623376623373,0.48007518796992477,0.15257810245310244
683,sc_1969_insc_250,0.39999999999999997,0.2,0.3983125,0.148875
683,sc_2000_insc_293,0.4917293233082706,0.09586466165413535,0.46825156641604004,0.08684492481203007
683,sc_2003_insc_84,0.47274999999999995,0.19775,0.43637499999999996,0.14445208333333334
683,sc_2006_insc_429,0.39999999999999997,0.14775,0.39865,0.08183333333333333
683,sc_2007_insc_227,0.54775,0.26441666666666663,0.4655333333333333,0.14294444444444446
683,sc_2013_insc_659,0.5750227272727272,0.15002272727272728,0.5146003787878788,0.10769318181818183
683,sc_2015_insc_855,0.49774999999999997,0.09775,0.4564521978021977,0.08055128205128205
683,sc_2021_insc_270,0.39775,0.05,0.39775,0.04820000000000001
684,sc_1964_insc_254,0.5850227272727272,0.21002272727272725,0.5129193861693861,0.17154982517482514
684,sc_1964_insc_46,0.5177499999999999,0.19374999999999998,0.4934642857142857,0.11359593837535013
684,sc_1995_insc_424,0.54775,0.27275,0.47275,0.14508333333333334
684,sc_2001_insc_345,0.56,0.14775,0.4725833333333333,0.0945590909090909
684,sc_2006_insc_811,0.5499999999999999,0.2334642857142857,0.4932,0.1723095238095238
684,sc_2007_insc_395,0.61,0.25275,0.5169297202797203,0.21078030303030304
684,sc_2009_insc_1035,0.4834642857142857,0.15615384615384614,0.45692594537815123,0.10627953296703296
684,sc_2009_insc_1134,0.4749999999999999,0.11,0.4235,0.06005750000000001
684,sc_2013_insc_500,0.39999999999999997,0.05,0.39831249999999996,0.04831250000000001
684,sc_2016_insc_173,0.44775,0.09615384615384615,0.44775,0.06333516483516484
684,sc_2023_insc_433,0.4545454545454545,0.23275,0.4386477272727273,0.11763965201465203
684,sc_2024_insc_383,0.47274999999999995,0.22275,0.47274999999999995,0.16949999999999998
685,in_abs_train_6543,0.6590909090909092,0.12142857142857143,0.5286454545454545,0.09818364968364968
685,sc_1950_insc_32,0.4666666666666666,0.2,0.4666666666666666,0.1052142857142857
685,sc_1952_insc_2,0.6534642857142856,0.21155090497737555,0.4898481018981019,0.12936726998491704
685,sc_1966_insc_234,0.49168939393939387,0.15227272727272728,0.4458446969696969,0.07425757575757577
685,sc_1979_insc_217,0.39775,0.05,0.39775,0.04820000000000001
685,sc_1997_insc_655,0.7133333333333333,0.4110833333333333,0.6230416666666666,0.2866458333333333
685,sc_2006_insc_695,0.5545454545454546,0.17275,0.5034204545454546,0.0996401515151515
685,sc_2007_insc_388,0.39999999999999997,0.05,0.3985,0.05
685,sc_2008_insc_1132,0.54775,0.05,0.4608125,0.048875
685,sc_2009_insc_1131,0.39999999999999997,0.05,0.39831249999999996,0.04831250000000001
685,sc_2023_insc_89,0.39999999999999997,0.05,0.39865,0.04925000000000001
686,in_abs_train_1049,0.45191666666666663,0.17890384615384616,0.43637179487179484,0.12675298965740142
686,in_abs_train_1787,0.39775,0.14775,0.39775,0.0920625
686,in_abs_train_4244,0.46441666666666664,0.05,0.4322083333333333,0.04887500000000001
686,sc_1960_insc_136,0.7050227272727272,0.3550227272727272,0.686840909090909,0.268290909090909
686,sc_1971_insc_223,0.54775,0.12275,0.4431999999999999,0.07350000000000001
686,sc_1985_insc_240,0.656840909090909,0.2,0.49130681818181815,0.2
686,sc_1995_insc_372,0.48274999999999996,0.14168939393939395,0.45335606060606054,0.1064378787878788
686,sc_1996_insc_935,0.39999999999999997,0.04775000000000001,0.3985,0.04775000000000001
686,sc_2004_insc_73,0.45999999999999996,0.12275,0.4133125,0.0815
686,sc_2008_insc_262,0.43524999999999997,0.15833333333333333,0.411,0.11231666666666666
686,sc_2010_insc_202,0.39999999999999997,0.1590909090909091,0.39924999999999994,0.07091818181818181
686,sc_2013_insc_755,0.5227499999999999,0.1400576923076923,0.47956249999999995,0.09292788461538462
687,in_abs_train_4248,0.5772727272727273,0.14775,0.44319318181818185,0.07275000000000001
687,in_abs_train_4817,0.5815789473684211,0.20846428571428574,0.47592387218045107,0.12810714285714286
687,in_abs_train_5610,0.43524999999999997,0.15,0.4276742424242424,0.08501363636363637
687,sc_1959_1_1162_1167_en,0.65,0.22499999999999998,0.5401666666666666,0.136375
687,sc_1963_insc_257,0.7052499999999999,0.36666666666666664,0.5856845238095237,0.3200288461538461
687,sc_1965_insc_299,0.6394166666666665,0.2939393939393939,0.5219431818181818,0.14688636363636362
687,sc_1982_insc_24,0.581840909090909,0.15,0.5181931818181817,0.09091666666666669
687,sc_2000_insc_14,0.39775,0.05,0.39775,0.049437499999999995
687,sc_2008_insc_489,0.49999999999999994,0.21441666666666667,0.46262499999999995,0.13388095238095238
687,sc_2008_insc_770,0.54775,0.2,0.4369375,0.18581250000000002
687,sc_2012_insc_44,0.49774999999999997,0.1590909090909091,0.4295590909090909,0.08561363636363638
687,sc_2020_insc_124,0.39999999999999997,0.1946,0.398875,0.10871111111111113
688,in_abs_train_3588,0.5677499999999999,0.24275,0.5406212121212121,0.20465454545454548
688,in_abs_train_5759,0.4333333333333333,0.22499999999999998,0.4254832459207459,0.10626136363636364
688,sc_1950_insc_31,0.6177499999999999,0.21285714285714286,0.5690192932067931,0.15190665584415583
688,sc_1968_insc_340,0.39775,0.125,0.39775,0.059428571428571435
688,sc_1970_insc_78,0.6933333333333332,0.21858333333333335,0.5976249999999999,0.20651767676767677
688,sc_1972_insc_289,0.6394166666666665,0.11,0.5082653846153845,0.06924999999999999
688,sc_1993_insc_265,0.47274999999999995,0.12275,0.4320625,0.0681875
688,sc_1995_insc_368,0.425,0.22307692307692306,0.4170010989010988,0.12166849816849817
688,sc_1996_insc_801,0.6519166666666666,0.37619047619047613,0.5298055555555555,0.21357619047619045
688,sc_2001_insc_257,0.6263214285714285,0.2857142857142857,0.5081339285714286,0.16434821428571428
688,sc_2006_insc_788,0.45775,0.10775000000000001,0.41775,0.07155909090909092
688,sc_2019_insc_1397,0.49775,0.14775,0.4266500000000001,0.09516666666666666
689,in_abs_train_115,0.5644166666666666,0.10775000000000001,0.4738749999999999,0.078875
689,in_abs_train_4530,0.49774999999999997,0.306690909090909,0.45001515151515153,0.15890881118881114
689,in_abs_train_6253,0.6177499999999999,0.11666666666666667,0.5162777777777777,0.10183333333333336
689,sc_1984_insc_166,0.49774999999999997,0.10454545454545455,0.4318333333333333,0.07000909090909091
689,sc_1994_insc_13,0.6000000000000001,0.3434642857142857,0.5141746031746032,0.2842321428571428
689,sc_2007_insc_406,0.45999999999999996,0.10775000000000001,0.4231,0.06775000000000002
689,sc_2009_insc_1022,0.4749999999999999,0.19775,0.42865000000000003,0.13108333333333333
689,sc_2015_insc_597,0.5522954545454545,0.05,0.4742651515151515,0.048875
689,sc_2016_insc_524,0.39999999999999997,0.07307692307692307,0.398875,0.05613782051282051
689,sc_2019_insc_1259,0.54775,0.11441666666666667,0.43562499999999993,0.08108333333333334
689,sc_2019_insc_364,0.5177499999999999,0.10775000000000001,0.48101818181818173,0.10486363636363638
689,sc_2019_insc_671,0.4852499999999999,0.13638636363636364,0.43037171717171707,0.07729545454545456
690,in_abs_train_4368,0.4749999999999999,0.11441666666666667,0.4749999999999999,0.05791666666666667
690,in_abs_train_5198,0.5759012605042017,0.2009012605042017,0.5029396008403362,0.15059138655462184
690,sc_1954_insc_40,0.5965262237762237,0.22229545454545455,0.534186013986014,0.21199242424242426
690,sc_1962_insc_21,0.4776223776223776,0.125,0.462340959040959,0.12102747252747252
690,sc_1978_insc_61,0.5610833333333333,0.21108333333333332,0.47673324592074584,0.17721401515151516
690,sc_1993_insc_6,0.39999999999999997,0.05,0.39924999999999994,0.048650000000000006
690,sc_2007_insc_200,0.47274999999999995,0.19775,0.41818749999999993,0.10724107142857145
690,sc_2009_insc_244,0.5310833333333334,0.05,0.4366388888888888,0.048875
690,sc_2009_insc_342,0.4749999999999999,0.19775,0.44849999999999995,0.10570000000000002
690,sc_2019_insc_929,0.6583333333333333,0.23108333333333334,0.4888880952380951,0.13386111111111113
690,sc_2020_insc_354,0.6677499999999998,0.25229545454545454,0.5904517482517482,0.1646497668997669
690,sc_2021_insc_98,0.59775,0.09775,0.498125,0.07275000000000001
691,in_abs_train_3164,0.39999999999999997,0.14775,0.398125,0.09775
691,in_abs_train_4642,0.39775,0.125,0.39775,0.07211111111111111
691,sc_1962_insc_202,0.45775,0.12775,0.4147916666666666,0.10775
691,sc_1970_insc_223,0.6333333333333333,0.20750000000000002,0.5374791666666666,0.1367348484848485
691,sc_1980_insc_78,0.5295454545454544,0.29774999999999996,0.5096704545454545,0.1699090909090909
691,sc_1981_insc_28,0.6227499999999998,0.23024999999999993,0.509236111111111,0.14012499999999997
691,sc_1998_insc_232,0.4666666666666666,0.11441666666666667,0.4119833333333333,0.07072222222222223
691,sc_2004_insc_430,0.46441666666666664,0.11441666666666667,0.4110833333333333,0.06997222222222223
691,sc_2018_insc_165,0.5189038461538461,0.22499999999999998,0.45145219780219775,0.14038461538461536
691,sc_2019_insc_123,0.62,0.25775,0.5202125,0.17944886363636364
691,sc_2020_insc_261,0.45229545454545456,0.10229545454545455,0.41668181818181815,0.05865909090909092
691,sc_2023_insc_550,0.45775,0.05,0.4133125,0.043731250000000006
692,in_abs_train_4079,0.65,0.4466510989010989,0.6168351648351648,0.36310964035964033
692,in_abs_train_4435,0.5472727272727272,0.11441666666666667,0.47189696969696965,0.08247222222222222
692,in_abs_train_6335,0.54775,0.04775000000000001,0.4443112244897959,0.04775000000000001
692,in_abs_train_6879,0.5083333333333333,0.16560714285714284,0.5072083333333333,0.15804563492063492
692,sc_1974_insc_32,0.54275,0.21999999999999997,0.48560202297702293,0.17910102397602395
692,sc_1981_insc_146,0.7691785714285714,0.31024999999999997,0.6750615884115883,0.21512738095238096
692,sc_1992_insc_144,0.51025,0.2916893939393939,0.5060833333333332,0.24133207070707072
692,sc_1996_insc_1201,0.39999999999999997,0.05,0.39999999999999997,0.04903571428571429
692,sc_2009_insc_821,0.39999999999999997,0.05,0.398875,0.04831250000000001
692,sc_2013_insc_405,0.65,0.16890384615384613,0.5530999999999999,0.12221794871794871
692,sc_2014_insc_962,0.47774999999999995,0.13,0.4183125,0.08887500000000001
692,sc_2021_insc_183,0.49807692307692303,0.14275,0.4620844322344322,0.08710897435897436
693,in_abs_train_3208,0.5777499999999999,0.26441666666666663,0.4849791666666666,0.21024999999999996
693,in_abs_train_7047,0.5677499999999999,0.18108333333333335,0.5064333333333333,0.1262777777777778
693,sc_1961_insc_224,0.5285714285714286,0.08525,0.4560677759740259,0.08316666666666667
693,sc_1967_insc_139,0.4749999999999999,0.12275,0.4541666666666666,0.0858125
693,sc_1972_insc_287,0.39999999999999997,0.2818181818181818,0.39999999999999997,0.11092272727272727
693,sc_1976_insc_8,0.46533241758241756,0.09060714285714286,0.4292879120879121,0.07542857142857144
693,sc_1994_insc_151,0.59775,0.25684090909090906,0.49944886363636365,0.21479545454545454
693,sc_1994_insc_65,0.54775,0.309090909090909,0.4625625,0.15672159090909088
693,sc_1997_insc_788,0.6077499999999999,0.11,0.44475649350649343,0.11
693,sc_1998_insc_425,0.5282694805194805,0.17082692307692307,0.47073746253746257,0.14407109557109557
693,sc_2008_insc_1241,0.45999999999999996,0.16775,0.4444681818181818,0.1085
693,sc_2018_insc_784,0.5753970588235293,0.07,0.5095287759840778,0.062479166666666676
694,in_abs_train_2191,0.5499999999999999,0.24060714285714285,0.5003214285714285,0.20034285714285716
694,in_abs_train_6646,0.6144166666666666,0.26441666666666663,0.6144166666666666,0.23682916666666662
694,sc_1967_insc_140,0.54775,0.19775,0.47956249999999995,0.148875
694,sc_1988_insc_192,0.49774999999999997,0.19775,0.4233125,0.08637500000000001
694,sc_1988_insc_236,0.39999999999999997,0.05,0.39865,0.04850000000000001
694,sc_1995_insc_911,0.39999999999999997,0.04775000000000001,0.3982,0.04775000000000001
694,sc_2005_insc_603,0.39775,0.04775000000000001,0.39775,0.04775000000000001
694,sc_2006_insc_459,0.6810833333333333,0.37142857142857144,0.5947083333333333,0.28042261904761906
694,sc_2008_insc_905,0.45775,0.11441666666666667,0.42774999999999996,0.07034722222222223
694,sc_2011_insc_620,0.40975,0.09390384615384614,0.404875,0.0561923076923077
694,sc_2017_insc_209,0.5499999999999999,0.19775,0.548875,0.11479166666666668
694,sc_2022_insc_253,0.44775,0.04775000000000001,0.4060833333333333,0.04775000000000001
695,in_abs_train_1830,0.5125,0.09060714285714286,0.4522214285714285,0.0863968253968254
695,in_abs_train_4034,0.6129870129870131,0.24285714285714283,0.482745670995671,0.14767142857142856
695,sc_1958_insc_100,0.5122954545454546,0.22229545454545455,0.4925227272727273,0.12395606060606061
695,sc_1965_insc_136,0.642639423076923,0.27826948051948047,0.5629309149184148,0.22762012987012983
695,sc_1977_insc_91,0.5661538461538461,0.2968409090909091,0.5114744422244422,0.16174545454545455
695,sc_1985_insc_183,0.5923076923076923,0.16353947368421054,0.5394923076923076,0.09409649122807018
695,sc_1992_insc_28,0.5272954545454545,0.16454545454545455,0.5195568181818181,0.14978409090909092
695,sc_1996_insc_1244,0.39775,0.05,0.3975625,0.048875
695,sc_2011_insc_172,0.4749999999999999,0.05,0.44849999999999995,0.05
695,sc_2012_insc_86,0.49005769230769225,0.1400576923076923,0.42926923076923074,0.07589230769230769
695,sc_2021_insc_145,0.44390384615384615,0.14775,0.40803846153846157,0.12082692307692308
695,sc_2024_insc_242,0.45454545454545453,0.05,0.4152832167832168,0.048875
696,in_abs_train_1380,0.4749999999999999,0.16025,0.44518749999999996,0.1045625
696,in_abs_train_2472,0.47274999999999995,0.05,0.41319999999999996,0.04850000000000001
696,in_abs_train_591,0.49774999999999997,0.1795454545454545,0.4510833333333333,0.10653659090909091
696,sc_1967_insc_24,0.5777499999999999,0.15909090909090906,0.5027499999999999,0.11229971590909091
696,sc_1972_insc_55,0.45775,0.17441666666666666,0.41775,0.14865
696,sc_1985_insc_187,0.5329148351648351,0.12875,0.46424755799755796,0.1250892857142857
696,sc_1986_insc_126,0.5867132867132867,0.18621153846153846,0.47966958041958047,0.14005314685314688
696,sc_1997_insc_521,0.39775,0.12275,0.39775,0.06365000000000001
696,sc_2005_insc_378,0.5189621212121212,0.21941666666666668,0.5076489898989899,0.1355123543123543
696,sc_2010_insc_379,0.5145454545454545,0.10775000000000001,0.4691090909090908,0.06775000000000002
696,sc_2012_insc_313,0.39775,0.19775,0.39775,0.09775
696,sc_2012_insc_50,0.530826923076923,0.19775,0.530826923076923,0.15332546025403168
697,in_abs_train_109,0.39999999999999997,0.11,0.3985,0.06065
697,sc_1954_insc_2,0.52,0.07,0.4483791208791209,0.07
697,sc_1958_insc_120,0.4749999999999999,0.12275,0.43637499999999996,0.06706250000000001
697,sc_1959_insc_65,0.39999999999999997,0.05,0.39943749999999995,0.04831250000000001
697,sc_1963_insc_221,0.44775,0.1,0.41137499999999994,0.0744375
697,sc_1969_insc_212,0.49774999999999997,0.14775,0.45191666666666663,0.10806524725274726
697,sc_1998_insc_280,0.39999999999999997,0.10454545454545452,0.3985,0.060009090909090915
697,sc_2001_insc_316,0.5499999999999999,0.10775000000000001,0.48637499999999995,0.07485096153846155
697,sc_2003_insc_134,0.44775,0.09285714285714286,0.42274999999999996,0.07030357142857144
697,sc_2014_insc_195,0.49774999999999997,0.04775000000000001,0.41267857142857134,0.04775000000000001
697,sc_2023_insc_232,0.6334642857142856,0.04775000000000001,0.44492857142857134,0.04775000000000001
698,in_abs_train_2119,0.6050227272727272,0.19727272727272727,0.5387244755244754,0.14592424242424243
698,in_abs_train_2882,0.48775,0.13275,0.4504681818181817,0.10335606060606062
698,in_abs_train_356,0.543903846153846,0.05,0.4602879120879121,0.04850000000000001
698,sc_1974_insc_87,0.49774999999999997,0.14775,0.41479166666666667,0.09775
698,sc_1977_insc_139,0.39999999999999997,0.05,0.39831249999999996,0.04831250000000001
698,sc_1981_insc_159,0.5499999999999999,0.28346428571428567,0.4572410714285714,0.16560714285714284
698,sc_1994_insc_212,0.4834642857142857,0.27275,0.4834642857142857,0.1400969387755102
698,sc_1998_insc_242,0.5830441176470588,0.2375,0.45240686274509806,0.12129179566563467
698,sc_2004_insc_586,0.39999999999999997,0.11,0.398875,0.0644375
698,sc_2010_insc_657,0.5499999999999999,0.05,0.44812499999999994,0.05
698,sc_2010_insc_99,0.6,0.25684090909090906,0.519464085914086,0.20189141414141412
698,sc_2013_insc_1,0.39999999999999997,0.04775000000000001,0.398125,0.04775000000000001
699,sc_1957_insc_86,0.5349999999999999,0.2334642857142857,0.432625,0.1114077380952381
699,sc_1960_insc_55,0.6908269230769231,0.195,0.6122677045177045,0.14055909090909088
699,sc_1976_insc_134,0.673940476190476,0.2572738095238095,0.583265873015873,0.18358961038961036
699,sc_1986_insc_178,0.581840909090909,0.25775,0.5506726398601398,0.19285795454545457
699,sc_1988_insc_92,0.47274999999999995,0.19775,0.435625,0.16025
699,sc_1991_insc_152,0.39999999999999997,0.15,0.3982,0.08333333333333333
699,sc_1997_insc_160,0.5644166666666666,0.125,0.49179761904761904,0.125
699,sc_2002_insc_58,0.47274999999999995,0.1049125,0.4165,0.063165625
699,sc_2002_insc_98,0.49999999999999994,0.05,0.4233125,0.04844375
699,sc_2004_insc_134,0.4834642857142857,0.2857142857142857,0.4417321428571428,0.1819345238095238
699,sc_2017_insc_766,0.49999999999999994,0.049249999999999995,0.44849999999999995,0.0485
699,sc_2019_insc_1148,0.66775,0.25775,0.5802499999999999,0.2433125
700,in_abs_train_2774,0.6317977272727273,0.29502272727272727,0.5728795454545454,0.20365454545454545
700,in_abs_train_3776,0.5777499999999999,0.17441666666666666,0.5214722222222222,0.12544309523809524
700,in_abs_train_6321,0.46203571428571427,0.17346428571428574,0.4415631868131868,0.10698571428571428
700,sc_1955_insc_77,0.49774999999999997,0.2939393939393939,0.4551045454545454,0.19620202020202018
700,sc_1969_insc_287,0.5499999999999999,0.3913863636363636,0.5114877622377622,0.27995303030303026
700,sc_1971_insc_300,0.45999999999999996,0.125,0.44509999999999994,0.09091666666666669
700,sc_1994_insc_167,0.6077499999999999,0.25775,0.6077499999999999,0.22627215909090906
700,sc_2001_insc_205,0.39999999999999997,0.05,0.3980714285714285,0.05
700,sc_2009_insc_40,0.4834642857142857,0.13346428571428573,0.4739404761904762,0.115343253968254
700,sc_2009_insc_500,0.54775,0.19775,0.4983125,0.08637500000000001
700,sc_2010_insc_432,0.509090909090909,0.10229545454545455,0.47591363636363637,0.08334848484848485
700,sc_2013_insc_676,0.39775,0.09775,0.39775,0.05865
701,in_abs_train_461,0.5483382352941175,0.20846428571428574,0.4644803921568627,0.17096428571428574
701,in_abs_train_6864,0.4974025974025973,0.19727272727272727,0.4709675324675324,0.11708506493506494
701,in_abs_train_901,0.5906071428571428,0.28346428571428567,0.49432142857142847,0.2046904761904762
701,sc_1970_insc_208,0.6277499999999998,0.22916666666666663,0.5243214285714285,0.1582222222222222
701,sc_1995_insc_728,0.5272954545454545,0.10775000000000001,0.4387992424242424,0.10502272727272727
701,sc_1999_insc_139,0.39999999999999997,0.05,0.3982,0.04850000000000001
701,sc_2001_insc_52,0.6667976190476189,0.2939393939393939,0.5822738095238095,0.1523131313131313
701,sc_2007_insc_650,0.39999999999999997,0.05,0.39766666666666667,0.05
701,sc_2008_insc_469,0.6239404761904761,0.2357142857142857,0.5344324874686717,0.15589880952380952
701,sc_2010_insc_659,0.47274999999999995,0.10775000000000001,0.42858333333333326,0.07775000000000001
701,sc_2016_insc_370,0.5727499999999999,0.14775,0.45758712121212114,0.136375
701,sc_2022_insc_1002,0.46441666666666664,0.125,0.4310833333333333,0.073875
702,in_abs_train_3870,0.625,0.25775,0.48262499999999997,0.18637499999999999
702,in_abs_train_6223,0.6810833333333333,0.3110833333333333,0.6294424242424241,0.2558769841269841
702,sc_1962_insc_153,0.5189621212121212,0.16666666666666666,0.49879951298701297,0.13902651515151512
702,sc_1979_insc_68,0.6263214285714285,0.31785714285714284,0.5818839285714285,0.20658035714285714
702,sc_1983_insc_6,0.45229545454545456,0.10775000000000001,0.4113863636363636,0.09002272727272728
702,sc_1986_insc_84,0.6583333333333333,0.294090909090909,0.5819431818181817,0.21198674242424242
702,sc_1996_insc_1146,0.39775,0.05,0.39769374999999996,0.04887500000000001
702,sc_2002_insc_437,0.6022954545454544,0.19024999999999997,0.4938863636363635,0.12201136363636363
702,sc_2006_insc_537,0.54775,0.13346428571428573,0.49004166666666665,0.09060714285714287
702,sc_2010_insc_103,0.39999999999999997,0.10229545454545455,0.398875,0.06570779220779221
702,sc_2013_insc_183,0.39999999999999997,0.04775000000000001,0.39954999999999996,0.04775000000000001
702,sc_2021_insc_622,0.39999999999999997,0.04775000000000001,0.3983125,0.04650000000000001
703,in_abs_train_2915,0.6644166666666667,0.34775,0.6644166666666667,0.14965476190476193
703,in_abs_train_3167,0.6077499999999999,0.19775,0.5010833333333333,0.11775000000000002
703,sc_1966_insc_135,0.45775,0.11,0.4133125,0.06331250000000001
703,sc_1997_insc_791,0.49774999999999997,0.17115384615384613,0.44206249999999997,0.09222596153846152
703,sc_1999_insc_33,0.54775,0.2357142857142857,0.4926249999999999,0.13224107142857144
703,sc_2001_insc_509,0.40928846153846155,0.04775000000000001,0.4000480769230769,0.04775000000000001
703,sc_2003_insc_168,0.6477499999999999,0.04775000000000001,0.4981999999999999,0.04775000000000001
703,sc_2009_insc_1143,0.39999999999999997,0.10775000000000001,0.39575,0.063875
703,sc_2011_insc_552,0.6022954545454544,0.10454545454545455,0.47558522727272723,0.06251136363636364
703,sc_2013_insc_696,0.5310833333333334,0.05,0.44887499999999997,0.04831250000000001
703,sc_2023_insc_325,0.6089285714285715,0.0875,0.49062662337662327,0.08637500000000001
703,sc_2024_insc_184,0.39999999999999997,0.04775000000000001,0.3985,0.04775000000000001
704,in_abs_train_1871,0.48749999999999993,0.18775,0.44766666666666666,0.12000219780219781
704,sc_1963_insc_133,0.39999999999999997,0.19775,0.398875,0.08525
704,sc_1963_insc_226,0.5529947552447552,0.2713863636363636,0.5482295204795204,0.21694609557109554
704,sc_1968_insc_283,0.48571428571428565,0.2857142857142857,0.4599196428571428,0.24116964285714285
704,sc_1994_insc_269,0.39999999999999997,0.04775000000000001,0.3985,0.046250000000000006
704,sc_1996_insc_180,0.44775,0.1,0.41025,0.060812500000000005
704,sc_1996_insc_27,0.48571428571428565,0.21333333333333332,0.4278214285714285,0.1410532634032634
704,sc_1997_insc_719,0.6775576923076922,0.281447963800905,0.58471336996337,0.22481561085972848
704,sc_2003_insc_59,0.39999999999999997,0.25775,0.39999999999999997,0.12157792207792209
704,sc_2010_insc_665,0.39999999999999997,0.12275,0.3985,0.0632
704,sc_2011_insc_112,0.39775,0.05,0.39775,0.048650000000000006
704,sc_2019_insc_1415,0.47274999999999995,0.12275,0.4235,0.08525
705,sc_1959_insc_102,0.5852499999999999,0.17115384615384613,0.5035208333333333,0.1033301282051282
705,sc_1970_insc_214,0.6568409090909091,0.331840909090909,0.5786590909090908,0.2204636363636363
705,sc_1971_insc_227,0.44390384615384615,0.09775,0.4119519230769231,0.056083333333333346
705,sc_1982_insc_8,0.5310833333333334,0.12275,0.4429444444444444,0.07653333333333333
705,sc_1993_insc_185,0.4638009049773755,0.06917857142857144,0.41448959276018105,0.06189285714285714
705,sc_1993_insc_235,0.6777499999999999,0.43775,0.6259166666666666,0.3182863636363636
705,sc_1996_insc_787,0.49774999999999997,0.13571428571428573,0.4507928571428571,0.10564285714285716
705,sc_2000_insc_74,0.47274999999999995,0.04775000000000001,0.4282,0.04191666666666668
705,sc_2003_insc_113,0.6400576923076923,0.2,0.5208269230769231,0.12387500000000001
705,sc_2004_insc_106,0.5715595238095237,0.28900874125874115,0.4974844322344322,0.2425983852748558
705,sc_2010_insc_601,0.525590909090909,0.12104545454545454,0.44929265734265733,0.120677807486631
705,sc_2015_insc_944,0.54775,0.19775,0.49774999999999997,0.10865000000000002
706,in_abs_train_2210,0.49999999999999994,0.04775000000000001,0.4136428571428571,0.04775000000000001
706,in_abs_train_2530,0.42275,0.13275,0.4068333333333333,0.062150000000000004
706,in_abs_train_6814,0.39999999999999997,0.18525000000000003,0.3983125,0.09340178571428573
706,sc_1964_insc_182,0.5327499999999998,0.1908269230769231,0.4936731601731601,0.18476543456543454
706,sc_1996_insc_437,0.45775,0.16775,0.428875,0.1041923076923077
706,sc_1999_insc_35,0.39999999999999997,0.10229545454545455,0.3983125,0.06138636363636364
706,sc_2010_insc_265,0.39999999999999997,0.05,0.398875,0.049437499999999995
706,sc_2012_insc_144,0.488095238095238,0.16346428571428573,0.4508373015873015,0.10013073593073593
706,sc_2016_insc_870,0.49774999999999997,0.16775,0.49774999999999997,0.09060714285714287
706,sc_2018_insc_1154,0.5144166666666666,0.1791666666666667,0.47207139171458046,0.13439444444444446
706,sc_2022_insc_1302,0.39999999999999997,0.05,0.39864999999999995,0.04850000000000001
706,sc_2023_insc_844,0.45454545454545453,0.17991783216783216,0.42743181818181814,0.12028881118881118
707,in_abs_train_2010,0.42082692307692304,0.2208269230769231,0.40928846153846155,0.14646565934065933
707,in_abs_train_3773,0.6334642857142856,0.1763214285714286,0.5053469387755102,0.1763214285714286
707,sc_1962_insc_88,0.49417857142857136,0.07502272727272727,0.4229821428571428,0.05456818181818182
707,sc_1967_insc_159,0.48571428571428565,0.13346428571428573,0.44412619047619045,0.10489285714285716
707,sc_1968_insc_261,0.49999999999999994,0.05,0.4233125,0.04831250000000001
707,sc_1977_insc_165,0.4739038461538461,0.13441666666666666,0.4262219973009446,0.08791520467836257
707,sc_1984_insc_202,0.5775576923076923,0.1357142857142857,0.4549358974358974,0.12363259534583064
707,sc_1988_insc_86,0.625,0.30684090909090905,0.5528214285714285,0.2354681818181818
707,sc_1996_insc_1319,0.5499999999999999,0.04775000000000001,0.44999999999999996,0.0442
707,sc_2007_insc_160,0.5499999999999999,0.2,0.47387499999999994,0.148125
707,sc_2007_insc_351,0.6310833333333332,0.34775,0.47483333333333333,0.19831250000000003
707,sc_2018_insc_1008,0.6327499999999998,0.2914285714285714,0.49985664335664326,0.18306955544455544
708,in_abs_train_2292,0.6810833333333333,0.34775,0.5805992063492063,0.24608333333333335
708,in_abs_train_4329,0.39999999999999997,0.19775,0.39999999999999997,0.07014285714285715
708,in_abs_train_50,0.5499999999999999,0.20775,0.47331249999999997,0.10275000000000001
708,sc_1961_insc_97,0.4666666666666666,0.028262500000000003,0.40759523809523807,0.028262500000000003
708,sc_1979_insc_214,0.6372727272727273,0.22619047619047616,0.6033484848484848,0.1642879120879121
708,sc_1987_insc_44,0.49999999999999994,0.1,0.44887499999999997,0.098875
708,sc_1988_insc_328,0.6227499999999999,0.19775,0.5108124999999999,0.084
708,sc_2003_insc_172,0.6027499999999999,0.2,0.5144599567099566,0.11531666666666666
708,sc_2007_insc_1258,0.39999999999999997,0.05,0.3985,0.04820000000000001
708,sc_2009_insc_1083,0.59525,0.29524999999999996,0.5235039682539683,0.24138986013986014
708,sc_2010_insc_711,0.39999999999999997,0.05,0.3981,0.04850000000000001
708,sc_2016_insc_844,0.5230769230769231,0.19775,0.48020673076923076,0.14638942307692307
709,sc_1952_insc_40,0.49999999999999994,0.31775,0.4325833333333333,0.16355909090909088
709,sc_1978_insc_218,0.47274999999999995,0.05,0.4170625,0.04831250000000001
709,sc_1989_insc_224,0.6022954545454544,0.18275,0.4672159090909091,0.14525
709,sc_1994_insc_6,0.4799999999999999,0.04775000000000001,0.4183125,0.04775000000000001
709,sc_1995_insc_25,0.47274999999999995,0.12275,0.4235,0.06409999999999999
709,sc_2000_insc_318,0.6144166666666666,0.19775,0.5275180555555555,0.1082
709,sc_2007_insc_568,0.5028571428571429,0.10775000000000001,0.4395892857142857,0.0758125
709,sc_2009_insc_921,0.42774999999999996,0.07775000000000001,0.42525,0.05917045454545455
709,sc_2015_insc_933,0.44775,0.10229545454545455,0.40774999999999995,0.08334848484848485
709,sc_2018_insc_319,0.6763214285714285,0.28525,0.5290018037518036,0.1815
709,sc_2022_insc_303,0.39775,0.05,0.39775,0.04831250000000001
709,sc_2023_insc_545,0.4522954545454545,0.11,0.409109090909091,0.0685
710,in_abs_train_398,0.39999999999999997,0.13346428571428573,0.3985,0.0970357142857143
710,in_abs_train_7119,0.39999999999999997,0.05,0.39999999999999997,0.04955
710,sc_1953_insc_23,0.6341136363636363,0.18216783216783217,0.5335397727272727,0.11600786713286715
710,sc_1961_insc_265,0.6714285714285715,0.19775,0.5042321428571428,0.15243482142857143
710,sc_1969_insc_257,0.5060833333333332,0.11441666666666667,0.4712291666666666,0.09775
710,sc_1970_insc_22,0.6077499999999999,0.10775000000000001,0.5398131313131312,0.10275000000000001
710,sc_1994_insc_341,0.5499999999999999,0.05,0.5186499999999999,0.04925000000000001
710,sc_1995_insc_734,0.7177499999999999,0.40775,0.67575,0.267025
710,sc_1996_insc_1086,0.4749999999999999,0.12275,0.4545624999999999,0.067625
710,sc_2008_insc_397,0.5122954545454546,0.09390384615384614,0.4315681818181818,0.06313461538461539
710,sc_2014_insc_672,0.56,0.12275,0.47831250000000003,0.09837500000000002
710,sc_2024_insc_439,0.606840909090909,0.17826948051948052,0.5489677822177821,0.144762987012987
711,sc_1958_insc_32,0.6022954545454544,0.30684090909090905,0.5612272727272726,0.11092727272727272
711,sc_1962_insc_179,0.4666666666666666,0.11666666666666667,0.4255541125541126,0.11666666666666667
711,sc_1969_insc_321,0.39999999999999997,0.05,0.3985,0.04820000000000001
711,sc_1979_insc_105,0.4666666666666666,0.21441666666666667,0.4477708333333333,0.08941666666666667
711,sc_1988_insc_130,0.4749999999999999,0.12275,0.43485416666666665,0.0670625
711,sc_1992_insc_292,0.5572738095238096,0.2403970588235294,0.5177125350140056,0.1442542016806723
711,sc_1997_insc_56,0.5083333333333333,0.15191666666666667,0.47916666666666663,0.10540277777777779
711,sc_2002_insc_267,0.515,0.16560714285714284,0.4576249084249084,0.10700140056022407
711,sc_2005_insc_123,0.5249999999999999,0.04775000000000001,0.46365,0.04775000000000001
711,sc_2012_insc_260,0.45775,0.04775000000000001,0.42175,0.04775000000000001
711,sc_2021_insc_665,0.6282694805194805,0.21917857142857142,0.5079165001665001,0.17186201298701298
712,in_abs_train_11,0.48524999999999996,0.15687280701754386,0.4495186403508772,0.09772807017543861
712,in_abs_train_2182,0.7000000000000001,0.3048928571428572,0.618202380952381,0.3048928571428572
712,in_abs_train_5197,0.57,0.37274999999999997,0.5323690476190476,0.28525
712,sc_1996_insc_897,0.5349999999999999,0.18346428571428572,0.4858880952380952,0.16135714285714287
712,sc_1996_insc_910,0.5077499999999999,0.04775000000000001,0.4433296703296703,0.04775000000000001
712,sc_1997_insc_103,0.6022954545454544,0.29582692307692304,0.5250227272727271,0.16243659673659674
712,sc_2002_insc_282,0.6088076923076922,0.29632142857142857,0.5820343406593406,0.19082967032967035
712,sc_2013_insc_87,0.6227499999999999,0.2,0.5269166666666666,0.161375
712,sc_2015_insc_909,0.47274999999999995,0.19775,0.4210833333333333,0.11274999999999999
712,sc_2017_insc_121,0.4923076923076922,0.10650000000000001,0.4345323886639676,0.07200076923076923
712,sc_2018_insc_915,0.39775,0.05,0.39608333333333334,0.048650000000000006
712,sc_2021_insc_687,0.45229545454545456,0.15,0.4159318181818182,0.08000909090909092
713,in_abs_train_3281,0.5344166666666667,0.28411363636363635,0.5285833333333333,0.1879576673326673
713,in_abs_train_5886,0.5333333333333333,0.16775,0.5266666666666666,0.10034722222222221
713,sc_1966_insc_14,0.39999999999999997,0.10775000000000001,0.3983125,0.076375
713,sc_1992_insc_73,0.412,0.07175000000000001,0.4076442307692308,0.06575
713,sc_1997_insc_253,0.59775,0.25229545454545454,0.49775,0.1270429292929293
713,sc_1998_insc_309,0.39999999999999997,0.04775000000000001,0.398875,0.04775000000000001
713,sc_2003_insc_604,0.49774999999999997,0.19775,0.44775,0.13630937499999998
713,sc_2005_insc_469,0.54775,0.05,0.4282,0.04850000000000001
713,sc_2008_insc_345,0.6778409090909091,0.34213502673796786,0.6471201298701298,0.2736144678850561
713,sc_2010_insc_795,0.5564102564102564,0.16679761904761906,0.48285897435897435,0.12729157509157513
713,sc_2012_insc_245,0.39999999999999997,0.05,0.3985,0.04820000000000001
713,sc_2013_insc_720,0.52,0.11,0.45849999999999996,0.0731
714,in_abs_train_2171,0.44775,0.20454545454545453,0.42274999999999996,0.12582727272727273
714,in_abs_train_3299,0.4910833333333333,0.13787878787878788,0.44068429487179483,0.11113884032634033
714,in_abs_train_5495,0.531840909090909,0.1318181818181818,0.46187121212121207,0.1270568181818182
714,sc_1960_insc_184,0.4191785714285714,0.10229545454545455,0.4191785714285714,0.06012462537462537
714,sc_1981_insc_3,0.5894166666666665,0.12729545454545454,0.5367554390054389,0.09602447552447552
714,sc_1984_insc_91,0.39999999999999997,0.11441666666666667,0.398875,0.07034722222222223
714,sc_1985_insc_99,0.4749999999999999,0.12275,0.4235,0.09319999999999999
714,sc_1991_insc_68,0.49774999999999997,0.21666666666666667,0.4382,0.19294444444444445
714,sc_2007_insc_110,0.4666666666666666,0.05,0.4149791666666667,0.04831250000000001
714,sc_2019_insc_1225,0.49774999999999997,0.2590909090909091,0.44887499999999997,0.12880681818181816
714,sc_2019_insc_632,0.39999999999999997,0.14775,0.39909999999999995,0.08258333333333333
714,sc_2023_insc_729,0.39775,0.04775000000000001,0.39775,0.04307142857142858
715,in_abs_train_1292,0.44390384615384615,0.09390384615384614,0.44390384615384615,0.06817307692307692
715,in_abs_train_2430,0.6433333333333333,0.2,0.512977564102564,0.11737500000000001
715,sc_1952_insc_69,0.47274999999999995,0.11441666666666667,0.43372916666666667,0.060041666666666674
715,sc_1960_insc_215,0.6785714285714286,0.15608333333333332,0.5929553571428572,0.12304761904761904
715,sc_1962_insc_65,0.6527499999999999,0.36060606060606054,0.5690555555555555,0.27958484848484844
715,sc_1966_insc_40,0.45775,0.05,0.4077499999999999,0.048875
715,sc_1970_insc_69,0.39999999999999997,0.05,0.398875,0.04831250000000001
715,sc_1982_insc_87,0.4666666666666666,0.12275,0.4429444444444444,0.0752
715,sc_1994_insc_429,0.5777499999999999,0.25275,0.535993495475113,0.19829195804195804
715,sc_2007_insc_1316,0.4428571428571428,0.16560714285714284,0.4428571428571428,0.09195238095238097
715,sc_2008_insc_1394,0.5416666666666666,0.17441666666666666,0.47798333333333326,0.12997222222222224
715,sc_2011_insc_156,0.59775,0.04775000000000001,0.5313642857142857,0.04775000000000001
716,in_abs_train_6760,0.44775,0.1,0.4209642857142857,0.08402678571428572
716,in_abs_train_6769,0.5177499999999999,0.13346428571428573,0.4283125,0.09116964285714288
716,sc_1975_insc_33,0.6146557692307693,0.19024999999999997,0.5705903988868274,0.19024999999999997
716,sc_1980_insc_22,0.6827499999999999,0.15275,0.5390710955710956,0.15275
716,sc_1994_insc_280,0.5650576923076922,0.26,0.528892191142191,0.253875
716,sc_1995_insc_568,0.6022954545454544,0.3048928571428572,0.5477821969696969,0.24241964285714288
716,sc_1996_insc_158,0.49999999999999994,0.25,0.45683333333333326,0.14820000000000003
716,sc_2001_insc_372,0.45999999999999996,0.36593181818181814,0.4563636363636363,0.21038181818181814
716,sc_2005_insc_562,0.5244166666666666,0.12275,0.4502,0.07350000000000001
716,sc_2017_insc_326,0.39775,0.10229545454545454,0.39775,0.057215909090909095
716,sc_2019_insc_1387,0.6187584033613445,0.16525,0.5513425985778927,0.12792857142857145
717,in_abs_train_291,0.5568409090909089,0.18409090909090908,0.48987718531468527,0.1439361888111888
717,in_abs_train_5927,0.39999999999999997,0.10454545454545455,0.3983125,0.09848732517482518
717,sc_1957_insc_14,0.4749999999999999,0.10775000000000001,0.44349999999999995,0.06988076923076923
717,sc_1960_insc_80,0.39775,0.19775,0.39775,0.11137499999999999
717,sc_1981_insc_30,0.5666893939393939,0.2519166666666667,0.500969696969697,0.17820634920634917
717,sc_1996_insc_3,0.39999999999999997,0.04775000000000001,0.39865,0.04775000000000001
717,sc_2007_insc_327,0.39999999999999997,0.05,0.39865,0.04850000000000001
717,sc_2007_insc_904,0.6214285714285716,0.30684090909090905,0.5423060064935066,0.19869128787878787
717,sc_2013_insc_564,0.39775,0.05,0.39775,0.046700000000000005
717,sc_2014_insc_254,0.47274999999999995,0.12275,0.43524999999999997,0.0820625
717,sc_2019_insc_654,0.49999999999999994,0.27499999999999997,0.4833333333333332,0.1882
717,sc_2021_insc_97,0.39999999999999997,0.12275,0.398875,0.0665
718,in_abs_train_1271,0.49999999999999994,0.14108333333333334,0.44887499999999997,0.07655555555555556
718,in_abs_train_5957,0.51025,0.26249999999999996,0.46471428571428564,0.143875
718,in_abs_train_6290,0.5100576923076923,0.11923076923076922,0.4532220856628751,0.11502884615384615
718,sc_1964_insc_224,0.47274999999999995,0.12275,0.46691666666666665,0.104
718,sc_1989_insc_363,0.7106060606060606,0.4352499999999999,0.678239898989899,0.3266545454545454
718,sc_1990_insc_305,0.6676470588235294,0.3330441176470588,0.5416726803038723,0.2748553921568627
718,sc_1993_insc_390,0.59775,0.10775000000000001,0.48441666666666666,0.0715590909090909
718,sc_1996_insc_233,0.7250227272727271,0.27499999999999997,0.6033246753246753,0.27499999999999997
718,sc_2008_insc_1261,0.4522954545454545,0.12328939393939393,0.4250227272727273,0.06488156565656567
718,sc_2013_insc_291,0.6144166666666666,0.26441666666666663,0.5727499999999999,0.18774999999999997
718,sc_2014_insc_793,0.39999999999999997,0.125,0.39999999999999997,0.0632
718,sc_2023_insc_623,0.39999999999999997,0.19775,0.398875,0.111375
719,in_abs_train_1071,0.6334642857142855,0.22229545454545455,0.5278463536463536,0.1862348484848485
719,in_abs_train_2582,0.55775,0.15,0.55775,0.08442857142857142
719,in_abs_train_5073,0.5666666666666668,0.21583333333333332,0.4940138888888889,0.15054166666666666
719,in_abs_train_833,0.4272727272727272,0.2500227272727273,0.4125113636363636,0.17098630536130535
719,sc_1968_insc_230,0.6238655462184874,0.2712184873949579,0.4944075630252101,0.17353436532507738
719,sc_1975_insc_8,0.53775,0.17060714285714285,0.4853508403361344,0.15183333333333335
719,sc_1995_insc_662,0.49390384615384614,0.1,0.47892032967032966,0.08633642857142858
719,sc_2006_insc_1021,0.5357142857142857,0.10775000000000001,0.46795535714285713,0.063875
719,sc_2006_insc_395,0.5377500000000001,0.08525000000000002,0.4965,0.06650000000000002
719,sc_2009_insc_1001,0.48571428571428565,0.14775,0.4843642857142857,0.13187698412698415
719,sc_2010_insc_614,0.46441666666666664,0.145,0.4310833333333333,0.07767948717948718
719,sc_2016_insc_280,0.45999999999999996,0.11,0.4392499999999999,0.08165000000000001
720,in_abs_train_1744,0.49774999999999997,0.14775,0.43637499999999996,0.10945192307692307
720,in_abs_train_413,0.45775,0.18275,0.4133125,0.11444886363636364
720,in_abs_train_4998,0.39999999999999997,0.05,0.39924999999999994,0.048650000000000006
720,sc_1972_insc_48,0.39999999999999997,0.15684090909090906,0.3983125,0.0886590909090909
720,sc_1996_insc_92,0.39999999999999997,0.14775,0.39999999999999997,0.0733125
720,sc_2002_insc_343,0.47274999999999995,0.12275,0.42455909090909094,0.09275
720,sc_2002_insc_467,0.39999999999999997,0.04775000000000001,0.3983125,0.04775000000000001
720,sc_2007_insc_841,0.44775,0.11,0.4108125,0.07475000000000001
720,sc_2011_insc_140,0.5522954545454545,0.20454545454545453,0.4492651515151515,0.11228636363636364
720,sc_2017_insc_769,0.4795454545454545,0.2,0.4193238636363636,0.08637500000000001
720,sc_2022_insc_224,0.5068409090909091,0.10775000000000001,0.44502272727272724,0.07775000000000001
721,in_abs_train_4923,0.5777499999999999,0.18108333333333335,0.5266458333333333,0.14610416666666667
721,in_abs_train_6610,0.65,0.2545454545454545,0.5894488636363635,0.1750113636363636
721,in_abs_train_788,0.606840909090909,0.20229545454545453,0.4697121212121212,0.1795681818181818
721,sc_1965_insc_125,0.7899999999999999,0.369525,0.6953214285714285,0.34733833333333336
721,sc_1969_insc_152,0.5285714285714286,0.3906071428571428,0.5163571428571428,0.2342714285714286
721,sc_2001_insc_216,0.54275,0.359090909090909,0.54275,0.252076245183388
721,sc_2001_insc_271,0.45775,0.2545454545454545,0.42694886363636364,0.10432386363636363
721,sc_2014_insc_688,0.5310833333333334,0.05,0.45153333333333334,0.04850000000000001
721,sc_2016_insc_994,0.575,0.12275,0.49471590909090907,0.11025
721,sc_2017_insc_1045,0.66775,0.12275,0.5407857142857142,0.12275
721,sc_2018_insc_1096,0.39999999999999997,0.15,0.39954999999999996,0.08183333333333334
722,in_abs_train_2814,0.47274999999999995,0.12275,0.43429166666666663,0.08316666666666668
722,in_abs_train_3724,0.5041268115942029,0.15608333333333332,0.46219824590628655,0.14206818181818182
722,in_abs_train_376,0.52,0.20775,0.4279659090909091,0.158875
722,sc_1954_insc_72,0.4728571428571428,0.1109078947368421,0.42278571428571426,0.05833157894736842
722,sc_1984_insc_160,0.6022954545454544,0.30684090909090905,0.5545681818181818,0.17463636363636362
722,sc_1988_insc_84,0.49582692307692305,0.12275,0.4641318681318681,0.11858333333333333
722,sc_2002_insc_18,0.5068409090909091,0.1568409090909091,0.48013068181818186,0.1246236888111888
722,sc_2004_insc_313,0.47597402597402594,0.13502272727272727,0.4541025432900433,0.0808999125874126
722,sc_2004_insc_597,0.54775,0.2,0.44849999999999995,0.1282
722,sc_2008_insc_728,0.39775,0.05,0.39775,0.04820000000000001
722,sc_2011_insc_834,0.39775,0.26666666666666666,0.39775,0.09990476190476191
722,sc_2013_insc_35,0.39775,0.2,0.39775,0.08193750000000001
723,in_abs_train_2110,0.5333333333333333,0.10454545454545452,0.48665277777777777,0.07727272727272727
723,in_abs_train_2165,0.43775,0.14775,0.43775,0.10453021978021979
723,sc_1977_insc_9,0.7,0.3499999999999999,0.6294523809523809,0.29887499999999995
723,sc_1980_insc_106,0.39775,0.10775000000000001,0.39775,0.05812500000000001
723,sc_1980_insc_3,0.4461538461538461,0.05,0.4146346153846154,0.048650000000000006
723,sc_1983_insc_138,0.4638009049773755,0.1665,0.43515158371040724,0.10992941176470587
723,sc_1988_insc_271,0.6444166666666665,0.25,0.510969696969697,0.14692708333333335
723,sc_1997_insc_488,0.39775,0.09775,0.39775,0.05775
723,sc_2004_insc_197,0.54775,0.14775,0.4735,0.0982
723,sc_2012_insc_324,0.5327499999999998,0.11441666666666667,0.42505,0.07147222222222223
723,sc_2021_insc_666,0.45999999999999996,0.21775,0.41924999999999996,0.1092
723,sc_2023_insc_970,0.49774999999999997,0.29774999999999996,0.49774999999999997,0.1693333333333333
724,in_abs_train_1151,0.5834642857142857,0.19060714285714286,0.4926488095238095,0.11917857142857144
724,in_abs_train_2583,0.39999999999999997,0.10775000000000001,0.3985,0.06725
724,in_abs_train_4312,0.45999999999999996,0.10775000000000001,0.41850000000000004,0.08265909090909092
724,sc_1976_insc_323,0.6977499999999999,0.12275,0.5589722222222221,0.1082
724,sc_1990_insc_213,0.55275,0.25071428571428567,0.5068157975065869,0.20110902255639096
724,sc_1992_insc_31,0.535,0.10775000000000001,0.42519999999999997,0.08850000000000001
724,sc_1995_insc_5,0.49774999999999997,0.19775,0.4582,0.09850000000000002
724,sc_1995_insc_514,0.49999999999999994,0.22499999999999998,0.4818333333333333,0.16153333333333333
724,sc_1997_insc_551,0.6000000000000001,0.11441666666666667,0.4780738636363636,0.06497916666666667
724,sc_1997_insc_756,0.45775,0.16275,0.41331249999999997,0.077625
724,sc_2016_insc_1208,0.47650000000000003,0.07082692307692308,0.41856249999999995,0.05408173076923077
724,sc_2019_insc_819,0.5600227272727272,0.08,0.4401704545454545,0.063875
725,in_abs_train_5988,0.39999999999999997,0.05,0.39924999999999994,0.04820000000000001
725,in_abs_train_6687,0.5177499999999999,0.33411363636363633,0.4734650349650349,0.20362902097902097
725,sc_1961_insc_165,0.46441666666666664,0.11441666666666667,0.4621944444444444,0.09777575757575757
725,sc_1964_insc_160,0.5906071428571428,0.27275,0.5136139455782313,0.27275
725,sc_1968_insc_306,0.573076923076923,0.23502272727272727,0.48795023726273723,0.14069455544455545
725,sc_1972_insc_111,0.54775,0.28346428571428567,0.5324722222222221,0.1865595238095238
725,sc_1974_insc_61,0.39775,0.04775000000000001,0.394625,0.04775000000000001
725,sc_1990_insc_72,0.39999999999999997,0.05,0.39769374999999996,0.04812500000000001
725,sc_1991_insc_42,0.39999999999999997,0.15,0.39999999999999997,0.11657142857142858
725,sc_1997_insc_349,0.39775,0.19775,0.39775,0.07820000000000002
725,sc_2022_insc_33,0.4749999999999999,0.05,0.4181875,0.04831250000000001
726,in_abs_train_28,0.49999999999999994,0.04775000000000001,0.4143333333333333,0.04775000000000001
726,in_abs_train_3696,0.47274999999999995,0.12275,0.42774999999999996,0.0735
726,sc_1956_insc_81,0.6363214285714285,0.27779048582995947,0.5461295364299565,0.27779048582995947
726,sc_1962_insc_285,0.48853947368421047,0.21275,0.4370405701754385,0.13926973684210525
726,sc_1964_insc_47,0.39775,0.12275,0.39775,0.06706250000000001
726,sc_1993_insc_358,0.5666666666666667,0.11666666666666667,0.4530416666666666,0.09777083333333333
726,sc_1997_insc_52,0.39775,0.05,0.3975625,0.04831250000000001
726,sc_2003_insc_627,0.5834642857142857,0.15,0.5278214285714286,0.10428571428571429
726,sc_2008_insc_430,0.7156987179487179,0.20385859728506786,0.562119130762673,0.18078167420814478
726,sc_2010_insc_326,0.6044166666666666,0.29005769230769224,0.48611858974358974,0.13170467032967031
726,sc_2010_insc_836,0.39999999999999997,0.05,0.3985,0.048875
726,sc_2022_insc_345,0.52,0.10229545454545454,0.45809999999999995,0.07614772727272727
727,in_abs_train_2999,0.6252225274725274,0.33794230769230765,0.5620618131868131,0.2695762362637362
727,sc_1977_insc_130,0.47917857142857145,0.4214285714285714,0.47917857142857145,0.2721836734693877
727,sc_1979_insc_120,0.45775,0.10775000000000001,0.425125,0.07428846153846154
727,sc_1987_insc_47,0.55775,0.12275,0.4851363636363636,0.080125
727,sc_1991_insc_280,0.5250227272727271,0.11666666666666667,0.45128535353535354,0.08638205128205129
727,sc_1993_insc_292,0.52,0.19775,0.49561363636363637,0.14556153846153844
727,sc_1997_insc_339,0.39999999999999997,0.15,0.39999999999999997,0.06954999999999999
727,sc_2003_insc_493,0.5156071428571428,0.1334642857142857,0.45029120879120876,0.08127953296703297
727,sc_2007_insc_264,0.39775,0.05,0.39775,0.04925000000000001
727,sc_2009_insc_337,0.49774999999999997,0.25775,0.4422,0.15108333333333332
727,sc_2009_insc_339,0.5006071428571428,0.14108333333333334,0.4630187074829932,0.14108333333333334
727,sc_2016_insc_1189,0.54775,0.2,0.4282,0.09925
728,in_abs_train_1568,0.49774999999999997,0.18108333333333335,0.47775,0.12109722222222223
728,in_abs_train_3016,0.61,0.26,0.5397410714285714,0.20581249999999995
728,sc_1964_insc_82,0.509090909090909,0.10454545454545455,0.47455454545454545,0.08486363636363636
728,sc_1986_insc_125,0.6333333333333333,0.16999999999999998,0.527235119047619,0.14554166666666665
728,sc_1995_insc_252,0.49774999999999997,0.12275,0.4318333333333333,0.06275
728,sc_2005_insc_622,0.5211538461538461,0.15,0.4729679487179487,0.11288076923076922
728,sc_2007_insc_521,0.4666666666666666,0.05,0.42917803030303026,0.04887500000000001
728,sc_2008_insc_35,0.65,0.13346428571428573,0.47116326530612246,0.13346428571428573
728,sc_2011_insc_647,0.4749999999999999,0.21071428571428574,0.4492499999999999,0.11124285714285716
728,sc_2012_insc_127,0.45447045454545454,0.10454545454545455,0.4166568181818182,0.07001818181818183
728,sc_2012_insc_423,0.6924615384615384,0.3539999999999999,0.5578395604395603,0.18614285714285714
728,sc_2017_insc_212,0.5499999999999999,0.15,0.4591,0.11349999999999999
729,sc_1969_insc_24,0.4977499999999999,0.12537237762237763,0.43637499999999996,0.07876273726273728
729,sc_1971_insc_231,0.6519166666666666,0.27499999999999997,0.5743541666666665,0.25304166666666666
729,sc_1972_insc_78,0.54775,0.2,0.4878958333333333,0.1420625
729,sc_1975_insc_304,0.5499999999999999,0.19775,0.44849999999999995,0.19775
729,sc_1992_insc_27,0.575,0.12275,0.49091666666666667,0.07670000000000002
729,sc_1994_insc_63,0.6222727272727273,0.18,0.5170820707070707,0.145
729,sc_1999_insc_227,0.6166666666666667,0.13571428571428573,0.4346111111111111,0.12923214285714285
729,sc_2000_insc_306,0.39775,0.11,0.39775,0.09465000000000001
729,sc_2008_insc_1504,0.39775,0.1275,0.39775,0.05978571428571429
729,sc_2017_insc_165,0.4250227272727272,0.2421678321678321,0.4238863636363636,0.1582202797202797
729,sc_2019_insc_649,0.5177499999999999,0.13346428571428573,0.46632142857142855,0.09686321428571429
730,in_abs_train_1622,0.44775,0.10775000000000001,0.4108125,0.06331250000000001
730,in_abs_train_3306,0.39999999999999997,0.19775,0.3985,0.0972925
730,in_abs_train_4614,0.5177499999999999,0.13346428571428573,0.4642916666666666,0.10724107142857142
730,in_abs_train_4617,0.4930441176470588,0.09285714285714286,0.455631749622926,0.08373773448773449
730,sc_1986_insc_103,0.5834642857142857,0.09775,0.5255446428571429,0.07075000000000001
730,sc_1994_insc_121,0.49774999999999997,0.15,0.46441666666666664,0.10579285714285716
730,sc_1994_insc_494,0.4429653110047847,0.17870238095238095,0.4260717703349282,0.08692293233082707
730,sc_1995_insc_554,0.39775,0.05,0.39775,0.04831250000000001
730,sc_1997_insc_744,0.39775,0.05,0.39775,0.0491
730,sc_1998_insc_408,0.6227499999999999,0.125,0.48854999999999993,0.09849999999999999
730,sc_2017_insc_160,0.47274999999999995,0.05,0.44423611111111105,0.048875
730,sc_2023_insc_1079,0.509090909090909,0.1590909090909091,0.49638181818181815,0.12197727272727273
731,in_abs_train_296,0.6759318181818181,0.3633333333333333,0.5573384740259739,0.2644055735930736
731,in_abs_train_5132,0.56,0.26441666666666663,0.4686155303030303,0.16611553030303028
731,sc_1964_insc_48,0.5277499999999999,0.22999999999999998,0.4775113636363636,0.17133333333333334
731,sc_1973_insc_249,0.5049999999999999,0.12275,0.44387499999999996,0.07444318181818183
731,sc_1974_insc_77,0.6300576923076923,0.2669807692307692,0.5113475274725274,0.1419114010989011
731,sc_1979_insc_183,0.39999999999999997,0.05,0.39766666666666667,0.048875
731,sc_1993_insc_388,0.629090909090909,0.2873603896103896,0.5671742424242424,0.1912328052190776
731,sc_1994_insc_205,0.39775,0.05,0.39775,0.04812500000000001
731,sc_2006_insc_896,0.45775,0.05,0.41275,0.04887500000000001
731,sc_2007_insc_290,0.5153970588235294,0.32755769230769227,0.45604901960784305,0.13692171945701356
731,sc_2009_insc_248,0.5563863636363635,0.195,0.506153409090909,0.12376136363636364
732,in_abs_train_1604,0.39775,0.05,0.39775,0.04831250000000001
732,in_abs_train_6526,0.5457142857142857,0.1444078947368421,0.4823673469387755,0.1444078947368421
732,in_abs_train_6823,0.39775,0.2,0.39775,0.1252
732,sc_1959_insc_19,0.42999999999999994,0.125,0.41850000000000004,0.06936428571428573
732,sc_1963_insc_42,0.39775,0.05,0.39775,0.04850000000000001
732,sc_1966_insc_64,0.6034642857142857,0.2208269230769231,0.5296547619047619,0.13843626373626375
732,sc_1987_insc_163,0.5362115384615384,0.12775,0.5081057692307691,0.08416025641025641
732,sc_2000_insc_88,0.59,0.23108333333333334,0.48629230769230763,0.21057051282051284
732,sc_2001_insc_89,0.49774999999999997,0.17275,0.4773016983016983,0.111375
732,sc_2005_insc_577,0.6477499999999999,0.22142857142857142,0.5989761904761904,0.17193571428571425
732,sc_2009_insc_461,0.39999999999999997,0.05,0.3982,0.04850000000000001
732,sc_2013_insc_79,0.45229545454545456,0.10229545454545455,0.4309272727272727,0.08411363636363638
733,in_abs_train_1899,0.54775,0.2,0.4286499999999999,0.09850000000000002
733,in_abs_train_2053,0.6477499999999999,0.34775,0.6060833333333333,0.24454999999999996
733,in_abs_train_4694,0.5244166666666666,0.22775,0.5094166666666666,0.1403472222222222
733,sc_1956_insc_2,0.7110833333333332,0.24108333333333334,0.6074103535353536,0.21191666666666667
733,sc_1990_insc_334,0.6656071428571427,0.1763214285714286,0.6037023809523809,0.1763214285714286
733,sc_1991_insc_3,0.43775,0.09,0.427125,0.06887499999999999
733,sc_1999_insc_407,0.49262179487179486,0.11079347826086958,0.4323654718297575,0.11079347826086958
733,sc_2003_insc_682,0.39999999999999997,0.05,0.39909999999999995,0.04850000000000001
733,sc_2007_insc_667,0.5177499999999999,0.16775,0.4283125,0.07831250000000001
733,sc_2009_insc_729,0.39999999999999997,0.05,0.3982,0.048412500000000004
733,sc_2015_insc_971,0.4522954545454545,0.05,0.4159318181818182,0.04820000000000001
733,sc_2019_insc_187,0.43524999999999997,0.0875,0.41025,0.07025882352941178
734,in_abs_train_53,0.6022954545454544,0.19775,0.5095681818181818,0.09850000000000002
734,in_abs_train_5841,0.49774999999999997,0.05,0.43365,0.04850000000000001
734,in_abs_train_6587,0.6166666666666667,0.13275,0.5223541666666667,0.11733333333333335
734,sc_1952_insc_64,0.5177499999999999,0.18275,0.44372447552447547,0.15986363636363635
734,sc_1964_insc_17,0.45775,0.10775000000000001,0.42774999999999996,0.06923611111111112
734,sc_1978_insc_74,0.5000227272727271,0.15,0.479820707070707,0.11554166666666667
734,sc_1993_insc_175,0.39999999999999997,0.05,0.3985,0.048650000000000006
734,sc_1996_insc_101,0.45775,0.10775000000000001,0.44555303030303023,0.07775000000000001
734,sc_1996_insc_1327,0.47274999999999995,0.04775000000000001,0.42371428571428565,0.04775000000000001
734,sc_2008_insc_374,0.473076923076923,0.12537237762237763,0.4354134615384615,0.0880696386946387
734,sc_2013_insc_762,0.5499999999999999,0.11441666666666667,0.5055357142857142,0.11441666666666667
734,sc_2017_insc_115,0.44993295454545457,0.1568409090909091,0.4325609848484849,0.08671103896103896
735,in_abs_train_2149,0.6334642857142856,0.13346428571428573,0.4705204081632653,0.13346428571428573
735,in_abs_train_5180,0.39999999999999997,0.05,0.3968333333333333,0.04820000000000001
735,sc_1959_insc_99,0.39999999999999997,0.04775000000000001,0.39909999999999995,0.04775000000000001
735,sc_1961_insc_148,0.54775,0.2150576923076923,0.5068333333333332,0.16292527472527474
735,sc_1974_insc_131,0.44775,0.09390384615384616,0.42274999999999996,0.06371016483516484
735,sc_1974_insc_220,0.5214285714285714,0.24307692307692308,0.4783152472527472,0.17619711538461538
735,sc_1974_insc_4,0.4915951923076922,0.1580441176470588,0.49082644230769223,0.1016850355526826
735,sc_1996_insc_405,0.39999999999999997,0.05,0.3985675,0.04850000000000001
735,sc_2000_insc_510,0.39999999999999997,0.18108333333333335,0.39924999999999994,0.12553333333333333
735,sc_2008_insc_1441,0.49999999999999994,0.26441666666666663,0.4818333333333333,0.18186666666666665
735,sc_2018_insc_1132,0.39775,0.05,0.39775,0.04812500000000001
735,sc_2023_insc_518,0.45775,0.15979545454545452,0.45308522727272726,0.11342045454545455
736,in_abs_train_2817,0.6060833333333333,0.325,0.5489833333333334,0.24799494949494952
736,in_abs_train_5971,0.7,0.34775,0.6507666666666666,0.28802777777777777
736,in_abs_train_6910,0.606840909090909,0.2318409090909091,0.5062310606060606,0.18979545454545454
736,sc_1965_insc_287,0.5882694805194806,0.23695533216783218,0.5575551948051948,0.16530607517482518
736,sc_1972_insc_175,0.39775,0.04775000000000001,0.39775,0.04775000000000001
736,sc_1986_insc_29,0.6120163461538461,0.26160714285714287,0.4684175480769231,0.11275274725274727
736,sc_2001_insc_536,0.39999999999999997,0.05,0.39999999999999997,0.048875
736,sc_2011_insc_10,0.5499999999999999,0.05,0.47331249999999997,0.04831250000000001
736,sc_2016_insc_1008,0.6045454545454545,0.10229545454545455,0.467025974025974,0.10229545454545455
736,sc_2017_insc_1253,0.6166666666666667,0.2901742424242424,0.5248888888888888,0.2096848484848485
736,sc_2020_insc_275,0.4428571428571428,0.12275,0.4278214285714285,0.07177142857142857
736,sc_2024_insc_414,0.46155090497737555,0.12919796380090498,0.41926272624434385,0.08577545248868779
737,in_abs_train_1345,0.581840909090909,0.2318181818181818,0.5197121212121211,0.15968962703962702
737,in_abs_train_1868,0.45775,0.16775,0.41775,0.09964999999999999
737,sc_1965_insc_208,0.5927499999999999,0.31275,0.5227499999999999,0.1590181818181818
737,sc_1971_insc_250,0.47274999999999995,0.125,0.4170625,0.06325
737,sc_1996_insc_223,0.5810833333333333,0.15608333333333332,0.5258055555555555,0.10375000000000001
737,sc_2002_insc_520,0.45775,0.10775000000000001,0.4133125,0.07831250000000001
737,sc_2010_insc_135,0.45999999999999996,0.11441666666666667,0.428875,0.08852904040404042
737,sc_2010_insc_503,0.39999999999999997,0.04775000000000001,0.39924999999999994,0.04775000000000001
737,sc_2012_insc_137,0.46441666666666664,0.11666666666666667,0.44361553030303025,0.08110416666666667
737,sc_2014_insc_368,0.4772954545454546,0.17826948051948055,0.4653636363636364,0.14978896103896105
737,sc_2017_insc_640,0.5499999999999999,0.04775000000000001,0.48865,0.04775000000000001
737,sc_2023_insc_1018,0.6357142857142857,0.1400576923076923,0.48780357142857145,0.07138942307692307
738,in_abs_train_2201,0.39999999999999997,0.135,0.39999999999999997,0.07240384615384617
738,in_abs_train_2587,0.6602499999999999,0.30191666666666667,0.6155416666666667,0.28006845238095235
738,in_abs_train_6063,0.5627499999999999,0.13307692307692306,0.5034554195804195,0.11695192307692306
738,sc_1967_insc_41,0.5727499999999999,0.23666666666666664,0.5133125,0.1657202380952381
738,sc_1989_insc_12,0.39999999999999997,0.05,0.397625,0.048875
738,sc_1997_insc_819,0.44775,0.16,0.42275,0.10818750000000002
738,sc_2000_insc_485,0.49999999999999994,0.05,0.4191,0.04850000000000001
738,sc_2006_insc_944,0.39775,0.12275,0.39775,0.08569166666666667
738,sc_2009_insc_524,0.575,0.2,0.47766666666666663,0.175
738,sc_2016_insc_561,0.6025119047619047,0.23108333333333334,0.5716488095238095,0.14852083333333332
738,sc_2021_insc_448,0.39775,0.04775000000000001,0.39775,0.04703571428571429
738,sc_2023_insc_57,0.44775,0.10229545454545455,0.430271645021645,0.07502272727272728
739,in_abs_train_3028,0.62,0.20775,0.5900000000000001,0.13152272727272726
739,sc_2005_insc_249,0.39999999999999997,0.19775,0.39999999999999997,0.12446428571428572
739,sc_2006_insc_371,0.39999999999999997,0.05,0.398875,0.04766666666666667
739,sc_2006_insc_809,0.49168939393939387,0.21108333333333332,0.4437348484848485,0.1488341856060606
739,sc_2008_insc_1209,0.39775,0.0875,0.39525,0.05512500000000001
739,sc_2009_insc_594,0.45999999999999996,0.26441666666666663,0.41999999999999993,0.1562348484848485
739,sc_2009_insc_901,0.39999999999999997,0.27275,0.3985,0.0932
739,sc_2010_insc_566,0.45999999999999996,0.11,0.45849999999999996,0.10755909090909091
739,sc_2010_insc_96,0.49999999999999994,0.16005769230769232,0.458875,0.107378663003663
739,sc_2015_insc_465,0.503653409090909,0.05,0.4330511363636364,0.045450000000000004
739,sc_2022_insc_720,0.45454545454545453,0.10229545454545455,0.41668181818181815,0.07502272727272728
739,sc_2023_insc_634,0.45229545454545456,0.10229545454545455,0.45114772727272723,0.07387412587412588
740,in_abs_train_4495,0.39999999999999997,0.14393939393939392,0.398125,0.1291780303030303
740,sc_1956_insc_40,0.5644166666666666,0.13749358974358974,0.49627777777777776,0.09281538461538463
740,sc_1962_insc_287,0.4461538461538461,0.14775,0.4146346153846154,0.0958923076923077
740,sc_1970_insc_222,0.5913863636363635,0.27727272727272717,0.5333772727272728,0.2464797979797979
740,sc_1991_insc_120,0.49999999999999994,0.2,0.4666666666666666,0.12865000000000001
740,sc_1996_insc_20,0.52,0.10775000000000001,0.4433125,0.09138636363636364
740,sc_2008_insc_1144,0.570826923076923,0.44230769230769224,0.5177180944055944,0.28236858974358975
740,sc_2010_insc_75,0.679917832167832,0.30390384615384614,0.5369819763569762,0.20582692307692307
740,sc_2022_insc_620,0.52,0.24775,0.4984910714285714,0.16137500000000002
740,sc_2024_insc_330,0.39999999999999997,0.14775,0.398875,0.0733125
741,in_abs_train_1937,0.5499999999999999,0.19775,0.471375,0.11483333333333334
741,in_abs_train_2979,0.5583560606060606,0.3110833333333333,0.49032595182595173,0.22541346153846153
741,in_abs_train_4616,0.61,0.16775,0.5404681818181818,0.1285
741,in_abs_train_5446,0.45999999999999996,0.11,0.40924999999999995,0.08
741,sc_1972_insc_41,0.4749999999999999,0.125,0.4291634615384615,0.0858125
741,sc_1996_insc_1298,0.47274999999999995,0.05,0.45519999999999994,0.049249999999999995
741,sc_1996_insc_742,0.39999999999999997,0.05,0.3991,0.04850000000000001
741,sc_2003_insc_572,0.6065909090909092,0.24285714285714283,0.5669686313686313,0.21442149517149514
741,sc_2006_insc_820,0.625,0.125,0.5494374999999999,0.1045625
741,sc_2007_insc_705,0.45454545454545453,0.1590909090909091,0.4418363636363636,0.08486363636363636
741,sc_2013_insc_181,0.47274999999999995,0.17142857142857143,0.42364999999999997,0.1515252100840336
741,sc_2018_insc_406,0.5277499999999999,0.2908269230769231,0.48774999999999996,0.14143706293706293
742,in_abs_train_1810,0.6464285714285715,0.26441666666666663,0.5312913961038961,0.17914880952380952
742,in_abs_train_485,0.39999999999999997,0.05,0.39865,0.04850000000000001
742,sc_1969_insc_23,0.44775,0.1,0.41775,0.08183333333333334
742,sc_1972_insc_276,0.5068409090909091,0.24275,0.4970568181818181,0.1282436868686869
742,sc_1978_insc_166,0.5156071428571428,0.15,0.477688492063492,0.14500000000000002
742,sc_1990_insc_129,0.73775,0.37775,0.6409285714285714,0.37775
742,sc_1994_insc_86,0.47274999999999995,0.10775000000000001,0.44275,0.07175000000000001
742,sc_2004_insc_701,0.39999999999999997,0.05,0.39999999999999997,0.048071428571428584
742,sc_2004_insc_75,0.45775,0.10775000000000001,0.4281249999999999,0.10502272727272727
742,sc_2008_insc_1192,0.6227499999999999,0.2,0.5759910714285713,0.16974107142857142
742,sc_2009_insc_1154,0.7691785714285712,0.18108333333333335,0.6195393217893216,0.1282
742,sc_2013_insc_725,0.45999999999999996,0.125,0.45999999999999996,0.06927380952380953
743,in_abs_train_4513,0.4461538461538461,0.23525000000000001,0.41384711538461544,0.15563461538461537
743,sc_1980_insc_167,0.4874935897435897,0.1358452380952381,0.44262179487179487,0.06964087301587302
743,sc_1995_insc_449,0.39999999999999997,0.04775000000000001,0.398875,0.04775000000000001
743,sc_1997_insc_656,0.6625,0.18,0.51715,0.09333333333333332
743,sc_2000_insc_308,0.39775,0.1,0.39775,0.060812500000000005
743,sc_2001_insc_168,0.46441666666666664,0.04775000000000001,0.41441666666666666,0.04775000000000001
743,sc_2004_insc_322,0.501111344537815,0.09390384615384614,0.4364615653953889,0.07082692307692308
743,sc_2006_insc_555,0.48571428571428565,0.05,0.4333857142857142,0.04850000000000001
743,sc_2009_insc_220,0.48274999999999996,0.16775,0.45275,0.10207216394716395
743,sc_2011_insc_308,0.45775,0.05,0.413875,0.04831250000000001
743,sc_2018_insc_629,0.44390384615384615,0.09615384615384615,0.4109759615384615,0.06757692307692308
743,sc_2020_insc_441,0.39775,0.14775,0.39775,0.11560714285714287
744,in_abs_train_1887,0.5499999999999999,0.25,0.5146346153846153,0.1282
744,in_abs_train_2325,0.5708333333333334,0.28346428571428567,0.5343690476190476,0.1542261904761905
744,in_abs_train_5339,0.5727499999999999,0.3060833333333333,0.5105416666666666,0.2310833333333333
744,in_abs_train_6784,0.6334642857142856,0.05,0.4453428571428571,0.049249999999999995
744,sc_1958_insc_113,0.5349999999999999,0.18411363636363634,0.5095590909090908,0.1313863636363636
744,sc_1960_insc_211,0.45775,0.15432894736842107,0.41850000000000004,0.09351578947368422
744,sc_1962_insc_123,0.43524999999999997,0.08525,0.4040714285714286,0.08525
744,sc_1996_insc_1007,0.6227499999999999,0.30846428571428575,0.5554444444444444,0.18810238095238094
744,sc_2009_insc_1304,0.49774999999999997,0.2334642857142857,0.44812499999999994,0.14060714285714285
744,sc_2014_insc_100,0.4406071428571428,0.09275,0.4090267857142857,0.060125
744,sc_2014_insc_511,0.48571428571428565,0.05,0.4466734693877551,0.05
744,sc_2018_insc_417,0.47274999999999995,0.10229545454545455,0.4409318181818182,0.05865909090909092
745,in_abs_train_299,0.7386590909090909,0.4432045454545454,0.6939583333333332,0.36024999999999996
745,in_abs_train_3023,0.6000000000000001,0.2706071428571428,0.5100853174603174,0.25673214285714285
745,in_abs_train_4305,0.46615384615384614,0.24390384615384614,0.4319519230769231,0.11481410256410257
745,in_abs_train_4427,0.6500000000000001,0.30191666666666667,0.6500000000000001,0.23451190476190478
745,in_abs_train_4978,0.47275,0.10775000000000001,0.44801272624434385,0.0769375
745,in_abs_train_6490,0.5499999999999999,0.27499999999999997,0.5328035714285714,0.23616437728937725
745,sc_1962_insc_136,0.6613863636363635,0.2295681818181818,0.5178996212121212,0.1719062937062937
745,sc_1979_insc_218,0.5745454545454545,0.1433333333333333,0.4695362762237762,0.11804166666666666
745,sc_1983_insc_129,0.4834642857142857,0.15,0.4834642857142857,0.0881326530612245
745,sc_2000_insc_333,0.39999999999999997,0.11441666666666667,0.398875,0.07109722222222221
745,sc_2000_insc_501,0.39999999999999997,0.04775000000000001,0.3981,0.04775000000000001
745,sc_2012_insc_80,0.46441666666666664,0.125,0.4430530303030303,0.08997916666666668
746,in_abs_train_1407,0.5107370129870129,0.2858452380952381,0.5107370129870129,0.19522959183673474
746,sc_1960_insc_135,0.47875,0.11050420168067226,0.43716666666666665,0.06816771708683474
746,sc_1967_insc_196,0.4428571428571428,0.12775,0.4278214285714285,0.08167142857142858
746,sc_1967_insc_204,0.6577499999999998,0.3166666666666666,0.5825984848484848,0.2653424242424242
746,sc_1973_insc_200,0.6384615384615384,0.2862115384615384,0.5935048076923076,0.2573653846153846
746,sc_1998_insc_359,0.5666666666666667,0.19775,0.4920039731682146,0.10405555555555555
746,sc_2002_insc_140,0.5125,0.16025,0.4377083333333333,0.10400000000000001
746,sc_2007_insc_427,0.47274999999999995,0.12275,0.44175,0.12274999999999998
746,sc_2008_insc_88,0.48571428571428565,0.13571428571428573,0.4842142857142857,0.13007857142857143
746,sc_2009_insc_1014,0.5522954545454545,0.20775,0.5409204545454545,0.14574368686868686
746,sc_2009_insc_217,0.39775,0.05,0.39775,0.04820000000000001
746,sc_2021_insc_278,0.59775,0.24775,0.5144166666666666,0.12811153846153847
747,in_abs_train_1312,0.6090909090909091,0.27,0.5297518939393939,0.1736155303030303
747,in_abs_train_3756,0.7357142857142857,0.39775,0.6309404761904761,0.32275
747,in_abs_train_5145,0.39999999999999997,0.04775000000000001,0.39865,0.04775000000000001
747,in_abs_train_6885,0.39775,0.05,0.39775,0.049437499999999995
747,sc_1962_insc_84,0.39999999999999997,0.24596428571428575,0.39865,0.14882142857142858
747,sc_1963_insc_17,0.39775,0.10229545454545454,0.39775,0.061948863636363635
747,sc_1976_insc_76,0.46441666666666664,0.04775000000000001,0.416797619047619,0.04775000000000001
747,sc_1986_insc_130,0.5613863636363635,0.09775,0.48505551948051945,0.09775
747,sc_1995_insc_740,0.5285833333333333,0.11666666666666667,0.46379166666666666,0.08054166666666668
747,sc_1999_insc_96,0.5823076923076923,0.31499999999999995,0.5336652097902098,0.1694197018259518
747,sc_2003_insc_156,0.5630434782608695,0.16563235294117645,0.4518707871554418,0.10030882352941177
747,sc_2014_insc_989,0.39999999999999997,0.04775000000000001,0.39909999999999995,0.04775000000000001
748,in_abs_train_2800,0.5644166666666667,0.1950227272727273,0.4876306818181818,0.14831818181818182
748,sc_1951_insc_35,0.47274999999999995,0.05,0.4158125,0.048875
748,sc_1955_insc_82,0.39999999999999997,0.10775000000000001,0.398125,0.07775000000000001
748,sc_1962_insc_388,0.54775,0.19775,0.4358125,0.0858125
748,sc_1974_insc_240,0.54775,0.19775,0.4290999999999999,0.12275000000000001
748,sc_1981_insc_194,0.5473214285714285,0.1653970588235294,0.49026190476190473,0.1091731092436975
748,sc_1992_insc_50,0.5644166666666666,0.18333333333333335,0.5171190476190476,0.18333333333333335
748,sc_1995_insc_670,0.5875,0.08525,0.44115000000000004,0.060250000000000005
748,sc_1997_insc_516,0.6400576923076923,0.25684090909090906,0.5104797202797202,0.18637878787878784
748,sc_1999_insc_219,0.39999999999999997,0.05,0.39865,0.04850000000000001
748,sc_2006_insc_376,0.39775,0.05,0.39775,0.04820000000000001
748,sc_2007_insc_514,0.48571428571428565,0.13346428571428573,0.45142857142857135,0.10057142857142858
749,in_abs_train_4787,0.66775,0.33108333333333334,0.5433055555555556,0.1600681818181818
749,in_abs_train_6294,0.39999999999999997,0.05,0.3985,0.0481
749,sc_1950_insc_11,0.66775,0.24775,0.5985075757575756,0.22275
749,sc_1959_insc_73,0.39775,0.125,0.39775,0.06455
749,sc_1963_insc_240,0.5723076923076923,0.1673076923076923,0.4832163461538461,0.10571634615384615
749,sc_1987_insc_273,0.47082692307692303,0.12454545454545454,0.44658173076923074,0.06670511363636364
749,sc_1994_insc_193,0.5156071428571428,0.18333333333333335,0.47370220057720047,0.15839880952380953
749,sc_1995_insc_67,0.39999999999999997,0.14775,0.3982,0.08183333333333333
749,sc_1997_insc_758,0.423076923076923,0.052500000000000005,0.41556387362637365,0.045125000000000005
749,sc_2008_insc_504,0.6561085972850679,0.21155090497737555,0.49136999030381373,0.13902545248868778
749,sc_2017_insc_1235,0.575,0.21108333333333332,0.5151666666666667,0.10736666666666668
749,sc_2023_insc_184,0.6022954545454544,0.14775,0.5125227272727272,0.08297348484848485
750,in_abs_train_1189,0.39999999999999997,0.05,0.3988749999999999,0.048875
750,in_abs_train_2043,0.5327499999999998,0.20775,0.4788846153846153,0.1432
750,sc_1966_insc_55,0.5394166666666665,0.05,0.4394333333333333,0.04850000000000001
750,sc_1981_insc_139,0.39999999999999997,0.125,0.39762499999999995,0.10625
750,sc_1992_insc_282,0.49999999999999994,0.19775,0.4833333333333333,0.11441666666666667
750,sc_1994_insc_35,0.6213214285714284,0.2588076923076923,0.5675288461538461,0.17915384615384614
750,sc_1997_insc_12,0.39999999999999997,0.05,0.3983125,0.04943750000000001
750,sc_1998_insc_457,0.39999999999999997,0.125,0.398875,0.0735
750,sc_2009_insc_1247,0.39999999999999997,0.13346428571428573,0.39766666666666667,0.12060714285714287
750,sc_2013_insc_600,0.6711266233766232,0.25754020979020975,0.489625541125541,0.17999941724941723
750,sc_2023_insc_1024,0.45775,0.10775000000000001,0.43174999999999997,0.08850000000000001
751,in_abs_train_2167,0.5867132867132867,0.21999999999999997,0.529755228105228,0.15721794871794872
751,in_abs_train_3562,0.55775,0.18275,0.4680530303030303,0.0815
751,in_abs_train_3780,0.5499999999999999,0.04775000000000001,0.45764999999999995,0.04775000000000001
751,in_abs_train_3912,0.45775,0.06595357142857144,0.413875,0.05230089285714287
751,sc_1996_insc_1165,0.39999999999999997,0.13346428571428573,0.398125,0.09060714285714287
751,sc_2003_insc_119,0.7406071428571427,0.245,0.5652767857142856,0.16316562499999998
751,sc_2004_insc_717,0.5564102564102564,0.21763942307692308,0.4867900641025641,0.16539718094405595
751,sc_2009_insc_1094,0.49774999999999997,0.19775,0.43524999999999997,0.1345137987012987
751,sc_2009_insc_1234,0.47274999999999995,0.29774999999999996,0.43524999999999997,0.13581249999999997
751,sc_2009_insc_292,0.6022954545454544,0.05,0.4638863636363636,0.04831250000000001
751,sc_2017_insc_131,0.45999999999999996,0.12275,0.4211090909090909,0.07425
752,in_abs_train_5584,0.6400576923076923,0.30684090909090905,0.5550343822843823,0.17319545454545454
752,sc_1963_insc_77,0.45454545454545453,0.10229545454545455,0.42727272727272725,0.06630681818181818
752,sc_1965_insc_241,0.47274999999999995,0.12275,0.44388636363636363,0.1008125
752,sc_1973_insc_180,0.39999999999999997,0.04775000000000001,0.39909999999999995,0.04775000000000001
752,sc_1999_insc_224,0.60775,0.15,0.50465,0.13020238095238093
752,sc_2009_insc_718,0.54775,0.19775,0.47331249999999997,0.19775
752,sc_2015_insc_270,0.4666666666666666,0.14775,0.43054166666666666,0.08554166666666667
752,sc_2017_insc_806,0.39775,0.10775000000000001,0.39775,0.05975000000000001
752,sc_2019_insc_191,0.39999999999999997,0.04775000000000001,0.39943749999999995,0.04650000000000001
752,sc_2020_insc_306,0.39775,0.09775,0.39775,0.05553571428571429
752,sc_2020_insc_38,0.39999999999999997,0.05,0.3983125,0.048875
752,sc_2022_insc_16,0.54775,0.13571428571428573,0.4979821428571428,0.10348214285714286
753,in_abs_train_1141,0.39775,0.14108333333333334,0.39775,0.06204761904761906
753,sc_1972_insc_102,0.6910833333333332,0.3183333333333333,0.6149722222222221,0.2184333333333333
753,sc_1976_insc_28,0.44999999999999996,0.04775000000000001,0.413619391025641,0.04775000000000001
753,sc_1983_insc_126,0.5154400584795321,0.15432894736842107,0.4356745196324144,0.08402631578947369
753,sc_1987_insc_363,0.65,0.14775,0.5068333333333332,0.09775
753,sc_1988_insc_290,0.45203571428571426,0.14775,0.4462745341614907,0.11251190476190476
753,sc_1988_insc_355,0.39999999999999997,0.21917857142857144,0.3985,0.11703571428571431
753,sc_1999_insc_517,0.49774999999999997,0.22775,0.49298809523809517,0.17775000000000002
753,sc_2013_insc_334,0.39999999999999997,0.05,0.3983125,0.04831250000000001
753,sc_2020_insc_547,0.543903846153846,0.24390384615384614,0.45582692307692296,0.11962163461538461
753,sc_2020_insc_582,0.44775,0.09775,0.4310833333333333,0.09698076923076923
753,sc_2022_insc_552,0.5299178321678321,0.17991783216783216,0.4853124375624375,0.11276543456543457
754,in_abs_train_3010,0.6050227272727272,0.23727272727272725,0.5197644716394716,0.15801136363636362
754,sc_1981_insc_35,0.6139038461538461,0.24390384615384614,0.5382788461538461,0.20851167582417582
754,sc_1991_insc_316,0.39999999999999997,0.19775,0.3983125,0.09888636363636365
754,sc_1992_insc_264,0.6677499999999998,0.27275,0.5994166666666666,0.185625
754,sc_1994_insc_105,0.6144166666666666,0.15,0.45247916666666665,0.10929166666666668
754,sc_1996_insc_734,0.6022954545454544,0.10454545454545455,0.5005852272727273,0.0892215909090909
754,sc_2000_insc_560,0.56,0.04775000000000001,0.4558125,0.041125
754,sc_2006_insc_162,0.44775,0.10229545454545455,0.40774999999999995,0.08096753246753248
754,sc_2007_insc_911,0.5285714285714286,0.09060714285714286,0.4449357142857143,0.0620357142857143
754,sc_2008_insc_1397,0.5060833333333332,0.15608333333333332,0.4700732323232322,0.1455530303030303
754,sc_2017_insc_1228,0.49774999999999997,0.19775,0.423875,0.0858125
754,sc_2023_insc_430,0.47274999999999995,0.10525,0.41274999999999995,0.08584848484848484
755,in_abs_train_796,0.44953571428571426,0.2091277089783282,0.44953571428571426,0.15483845643520566
755,sc_1960_insc_163,0.5810833333333333,0.18676098901098903,0.4840263305322129,0.14518589743589747
755,sc_1984_insc_184,0.39775,0.2,0.39775,0.082553125
755,sc_1985_insc_152,0.7277499999999998,0.2610833333333333,0.6177666666666666,0.20663888888888884
755,sc_1997_insc_733,0.4749999999999999,0.12275,0.44076666666666664,0.07183333333333335
755,sc_1998_insc_103,0.46441666666666664,0.11,0.4149791666666667,0.06331250000000001
755,sc_2003_insc_590,0.45775,0.10775000000000001,0.428875,0.06479166666666666
755,sc_2006_insc_913,0.39775,0.15,0.39775,0.06554166666666668
755,sc_2009_insc_272,0.39775,0.05,0.39775,0.04820000000000001
755,sc_2010_insc_46,0.6810833333333333,0.33108333333333334,0.5403579545454545,0.23167857142857143
755,sc_2010_insc_815,0.4605705128205128,0.10969331983805668,0.4245818968613086,0.10705499325236167
755,sc_2021_insc_781,0.4749999999999999,0.08775,0.44518749999999996,0.058875
756,in_abs_train_3454,0.39775,0.05,0.39775,0.04839285714285715
756,in_abs_train_5645,0.39775,0.14775,0.39608333333333334,0.06720000000000001
756,in_abs_train_6658,0.7577499999999999,0.35,0.6237727272727271,0.2494810606060606
756,sc_1986_insc_175,0.7620357142857141,0.46025,0.6757857142857142,0.4170625
756,sc_1987_insc_249,0.47142857142857136,0.07502272727272728,0.43139285714285713,0.07291993006993007
756,sc_1988_insc_75,0.5977499999999999,0.24775,0.48255954545454544,0.2304423076923077
756,sc_1996_insc_385,0.5499999999999999,0.125,0.4281999999999999,0.07350000000000001
756,sc_2008_insc_581,0.49774999999999997,0.1,0.4644166666666667,0.06833076923076924
756,sc_2018_insc_1102,0.49774999999999997,0.04775000000000001,0.45108333333333334,0.04775000000000001
756,sc_2019_insc_727,0.42275,0.13502272727272727,0.41025,0.10837558275058277
756,sc_2020_insc_643,0.46441666666666664,0.05,0.4119833333333333,0.04683333333333334
756,sc_2024_insc_391,0.5068409090909091,0.1590909090909091,0.45078030303030303,0.10865804195804193
757,in_abs_train_4417,0.39999999999999997,0.09615384615384615,0.3985,0.057880769230769236
757,sc_1965_insc_196,0.5732954545454546,0.3052447552447552,0.5574429590017825,0.23777737262737259
757,sc_1981_insc_189,0.41079347826086954,0.17175,0.4037886473429952,0.09199107142857144
757,sc_1986_insc_27,0.46441666666666664,0.21441666666666667,0.4110833333333333,0.12552777777777777
757,sc_1995_insc_130,0.5327499999999998,0.22999999999999998,0.4920624999999999,0.16643750000000002
757,sc_2003_insc_51,0.44390384615384615,0.13,0.4135096153846154,0.12887500000000002
757,sc_2004_insc_10,0.6077499999999999,0.245,0.5197714285714286,0.15925
757,sc_2004_insc_351,0.6500227272727273,0.22499999999999998,0.5761420454545455,0.217625
757,sc_2007_insc_779,0.47274999999999995,0.05,0.4427499999999999,0.04850000000000001
757,sc_2009_insc_1141,0.39775,0.2,0.39775,0.10865
757,sc_2013_insc_490,0.5019166666666666,0.14168939393939395,0.47131818181818175,0.11763636363636365
757,sc_2017_insc_457,0.6149038461538462,0.22372402597402596,0.4661009615384616,0.10328196803196804
758,in_abs_train_2801,0.7727499999999998,0.3351648351648351,0.6187736263736263,0.24311758241758238
758,sc_1972_insc_49,0.39999999999999997,0.11441666666666667,0.39865,0.07072222222222223
758,sc_1974_insc_160,0.49393939393939384,0.11441666666666667,0.49281439393939386,0.08745095182595182
758,sc_1975_insc_200,0.46441666666666664,0.21808492822966508,0.46441666666666664,0.12063249031670085
758,sc_1990_insc_103,0.39775,0.07275000000000001,0.39775,0.05512500000000001
758,sc_1994_insc_46,0.5362115384615384,0.22096153846153843,0.47487550607287443,0.18319276556776554
758,sc_2014_insc_598,0.5777499999999999,0.28525,0.5022738095238094,0.14998214285714287
758,sc_2015_insc_830,0.45229545454545456,0.09775,0.4295590909090909,0.07980128205128206
758,sc_2016_insc_455,0.5522954545454545,0.09775,0.48092727272727265,0.06516666666666666
758,sc_2020_insc_516,0.54775,0.2,0.5377499999999998,0.1901
758,sc_2021_insc_380,0.4749999999999999,0.11,0.43722142857142854,0.09782142857142857
758,sc_2022_insc_946,0.42774999999999996,0.135,0.42751136363636355,0.1044314713064713
759,sc_1961_insc_331,0.5392857142857143,0.12082692307692308,0.4492053571428571,0.08173351648351648
759,sc_1987_insc_233,0.7310833333333333,0.26441666666666663,0.5884873251748252,0.1822900641025641
759,sc_1990_insc_124,0.49999999999999994,0.19775,0.41819999999999996,0.11485681818181818
759,sc_1996_insc_542,0.49999999999999994,0.13571428571428573,0.49293571428571425,0.13421428571428573
759,sc_2007_insc_169,0.54775,0.05,0.430625,0.048875
759,sc_2010_insc_179,0.39999999999999997,0.05,0.39758333333333334,0.047650000000000005
759,sc_2013_insc_166,0.39775,0.05,0.39775,0.04831250000000001
759,sc_2013_insc_699,0.39999999999999997,0.2,0.3985,0.09288333333333335
759,sc_2014_insc_57,0.39775,0.04775000000000001,0.39775,0.03987500000000001
759,sc_2015_insc_827,0.54775,0.3333333333333333,0.4706666666666667,0.19081249999999997
759,sc_2020_insc_388,0.45999999999999996,0.04775000000000001,0.4256582167832168,0.04775000000000001
759,sc_2021_insc_786,0.54775,0.04775000000000001,0.44275000000000003,0.04775000000000001
760,in_abs_train_3772,0.5333333333333333,0.26441666666666663,0.48294444444444445,0.11775
760,in_abs_train_4639,0.6144166666666666,0.27275,0.48701388888888886,0.236375
760,in_abs_train_4767,0.5394166666666665,0.18275,0.46858333333333324,0.11267424242424241
760,sc_1963_insc_198,0.7410833333333332,0.33411363636363633,0.7410833333333332,0.29133207070707073
760,sc_1966_insc_189,0.5577499999999999,0.14775,0.5267884615384615,0.12200721153846152
760,sc_1967_insc_37,0.49774999999999997,0.20775,0.4792692307692307,0.12200909090909091
760,sc_1970_insc_171,0.52,0.19775,0.4553414772727273,0.1736477272727273
760,sc_1975_insc_45,0.5177499999999999,0.21917857142857144,0.46632142857142855,0.14208285714285718
760,sc_1995_insc_653,0.6868409090909089,0.22832167832167827,0.6168604312354312,0.22803583916083914
760,sc_2012_insc_608,0.39775,0.27499999999999997,0.39775,0.17934523809523806
760,sc_2015_insc_837,0.5499999999999999,0.2,0.49924999999999997,0.10865
760,sc_2023_insc_742,0.39999999999999997,0.1423076923076923,0.398875,0.07926923076923076
761,sc_1966_insc_153,0.56,0.15,0.5040984848484849,0.06865
761,sc_1984_insc_192,0.6928571428571428,0.42390384615384613,0.6246904761904761,0.30780139860139855
761,sc_1992_insc_124,0.7110833333333332,0.3610833333333333,0.5983471861471861,0.3282222222222222
761,sc_1994_insc_501,0.45775,0.11,0.43593181818181814,0.10292727272727273
761,sc_1995_insc_93,0.45999999999999996,0.18108333333333335,0.4231,0.15886111111111112
761,sc_1998_insc_249,0.39775,0.10775000000000001,0.39775,0.08904870129870131
761,sc_2003_insc_679,0.55775,0.05,0.45275,0.04831250000000001
761,sc_2006_insc_315,0.49774999999999997,0.05,0.41819999999999996,0.04925000000000001
761,sc_2007_insc_1286,0.45229545454545456,0.10229545454545455,0.45229545454545456,0.08430694305694306
761,sc_2016_insc_142,0.39999999999999997,0.125,0.3985,0.0632
761,sc_2019_insc_462,0.5666666666666667,0.25775,0.4743166666666666,0.13775
762,in_abs_train_1428,0.5444166666666667,0.17490384615384613,0.49251190476190476,0.11313217338217336
762,in_abs_train_2778,0.5127499999999999,0.12775,0.4300999999999999,0.08858333333333335
762,in_abs_train_5,0.39999999999999997,0.05,0.39765,0.049249999999999995
762,in_abs_train_7039,0.7191785714285713,0.2334642857142857,0.5000982142857142,0.1578035714285714
762,sc_1967_insc_226,0.45999999999999996,0.09390384615384614,0.4318807692307692,0.06388461538461539
762,sc_1988_insc_319,0.6357142857142857,0.28346428571428567,0.5172946428571428,0.1441785714285714
762,sc_1997_insc_539,0.51,0.29108333333333336,0.43526388888888884,0.19084523809523812
762,sc_2000_insc_295,0.5122954545454546,0.2318409090909091,0.45156118881118884,0.1596818181818182
762,sc_2008_insc_407,0.39775,0.36917857142857147,0.39775,0.21461403061224488
762,sc_2013_insc_683,0.44999999999999996,0.09775,0.4195499999999999,0.06516666666666666
762,sc_2016_insc_1187,0.49999999999999994,0.10775000000000001,0.49999999999999994,0.056964285714285724
762,sc_2022_insc_491,0.39999999999999997,0.09615384615384615,0.398875,0.05985096153846155
763,in_abs_train_4937,0.4666666666666666,0.11666666666666667,0.4611262626262626,0.11136666666666666
763,sc_1979_insc_225,0.59775,0.16917857142857143,0.4973509615384616,0.11616964285714285
763,sc_1984_insc_152,0.6365384615384616,0.18525000000000003,0.4740402014652014,0.15955555555555556
763,sc_1987_insc_336,0.39999999999999997,0.05,0.39831249999999996,0.04831250000000001
763,sc_1992_insc_290,0.5927499999999999,0.20775,0.5281999999999999,0.1760833333333333
763,sc_1993_insc_16,0.39775,0.05,0.39775,0.04807142857142858
763,sc_2007_insc_919,0.4834642857142857,0.13346428571428573,0.4413571428571428,0.12923214285714285
763,sc_2008_insc_250,0.49774999999999997,0.20775,0.4362551136363636,0.1333125
763,sc_2008_insc_977,0.49999999999999994,0.19775,0.45791346153846146,0.09979166666666667
763,sc_2010_insc_2,0.39775,0.24615384615384617,0.39608333333333334,0.13378076923076923
763,sc_2011_insc_344,0.6227499999999999,0.125,0.48566666666666664,0.08429166666666668
763,sc_2020_insc_401,0.48,0.21917857142857142,0.47,0.1505425824175824
764,in_abs_train_3915,0.4406071428571428,0.09615384615384615,0.41432142857142856,0.06388461538461539
764,sc_1961_insc_251,0.39999999999999997,0.11666666666666667,0.398875,0.08147222222222222
764,sc_1964_insc_259,0.6227499999999999,0.05,0.48599999999999993,0.05
764,sc_1966_insc_265,0.4749999999999999,0.29582692307692304,0.4460274725274725,0.1751664835164835
764,sc_1967_insc_169,0.5791785714285714,0.19829545454545455,0.5245605423987777,0.15651406926406927
764,sc_1997_insc_389,0.5461538461538461,0.08265384615384613,0.45905288461538457,0.056475961538461544
764,sc_2001_insc_569,0.5333333333333333,0.25684090909090906,0.5030416666666666,0.1693421717171717
764,sc_2008_insc_220,0.51025,0.18346428571428572,0.4591428571428571,0.1320922619047619
764,sc_2009_insc_964,0.5606060606060607,0.20835606060606063,0.4720181818181818,0.1394671717171717
764,sc_2012_insc_350,0.4749999999999999,0.125,0.4545625,0.1056875
764,sc_2014_insc_342,0.39999999999999997,0.12275,0.3983125,0.0665
764,sc_2016_insc_17,0.5499999999999999,0.19775,0.5348666666666666,0.14775000000000002
765,in_abs_train_1327,0.5177499999999999,0.11441666666666667,0.4710833333333333,0.08108333333333334
765,in_abs_train_2746,0.46441666666666664,0.12275,0.4149791666666667,0.1045625
765,in_abs_train_3479,0.6444166666666665,0.36441666666666667,0.5803762626262625,0.30765454545454546
765,in_abs_train_37,0.5799178321678321,0.23775,0.5365884630075806,0.18609659090909092
765,sc_1970_insc_251,0.54775,0.19775,0.47275,0.07275000000000001
765,sc_1974_insc_47,0.39775,0.09775,0.39775,0.0620357142857143
765,sc_1988_insc_171,0.5068409090909091,0.1590909090909091,0.4522954545454545,0.11176136363636363
765,sc_1994_insc_270,0.6406071428571428,0.2785714285714285,0.5351071428571428,0.21011904761904762
765,sc_2008_insc_1171,0.39999999999999997,0.05,0.398875,0.04812500000000001
765,sc_2015_insc_970,0.39999999999999997,0.2,0.398875,0.09054166666666667
765,sc_2022_insc_509,0.39775,0.09775,0.39775,0.05865
765,sc_2023_insc_1047,0.39775,0.04775000000000001,0.39775,0.04775000000000001
766,in_abs_train_2625,0.4461538461538461,0.09775,0.43491373626373625,0.09593589743589744
766,in_abs_train_348,0.55775,0.11,0.5020625,0.078875
766,in_abs_train_5638,0.69275,0.31775,0.6014679487179486,0.20032121212121212
766,sc_1962_insc_319,0.48229545454545447,0.13275,0.4541136363636363,0.0978853146853147
766,sc_1976_insc_39,0.6089285714285715,0.08525,0.4996700396825397,0.082625
766,sc_1991_insc_247,0.6763214285714285,0.2334642857142857,0.5631785714285713,0.1834206349206349
766,sc_2005_insc_625,0.5959642857142856,0.24179761904761907,0.5339078540507111,0.24179761904761907
766,sc_2005_insc_77,0.5527499999999999,0.20417857142857143,0.5352499999999999,0.14693344155844154
766,sc_2008_insc_1454,0.39999999999999997,0.14775,0.398875,0.09433333333333334
766,sc_2014_insc_667,0.5677499999999999,0.1726303827751196,0.5480682503770739,0.12376431184914156
766,sc_2018_insc_986,0.49999999999999994,0.05,0.41864999999999997,0.04850000000000001
766,sc_2019_insc_447,0.54775,0.05,0.4282,0.049249999999999995
767,in_abs_train_3591,0.49774999999999997,0.05,0.4325833333333333,0.04820000000000001
767,in_abs_train_3711,0.49999999999999994,0.05,0.4483125,0.049437499999999995
767,in_abs_train_5327,0.39775,0.10775000000000001,0.39775,0.0668096590909091
767,sc_1965_insc_101,0.531840909090909,0.13974358974358975,0.4721792207792208,0.11802491952491952
767,sc_1970_insc_43,0.45229545454545456,0.10229545454545455,0.43411363636363637,0.05865909090909092
767,sc_1972_insc_180,0.6045454545454545,0.11,0.5177898601398601,0.10925
767,sc_1989_insc_104,0.5522954545454545,0.10775000000000001,0.5012063636363636,0.10561363636363637
767,sc_2006_insc_1,0.4691785714285714,0.2676470588235294,0.4691785714285714,0.193068496629421
767,sc_2006_insc_60,0.58,0.36138636363636356,0.45925,0.2345681818181818
767,sc_2008_insc_555,0.6077499999999999,0.16775,0.5064099999999999,0.10925
767,sc_2014_4_887_906_en,0.39999999999999997,0.12275,0.39943749999999995,0.06693750000000001
767,sc_2024_insc_16,0.5834642857142857,0.28346428571428567,0.5063482142857143,0.20307440476190475
768,in_abs_train_1805,0.5772727272727273,0.2250227272727273,0.4892102272727272,0.11584469696969699
768,sc_1968_insc_94,0.4428571428571428,0.09775,0.4203035714285714,0.08108333333333334
768,sc_1973_insc_244,0.5644166666666667,0.2239404761904762,0.4833484848484848,0.15862619047619048
768,sc_1976_insc_297,0.6906071428571428,0.25,0.5685571428571429,0.19175
768,sc_1996_insc_525,0.39775,0.05,0.39775,0.049249999999999995
768,sc_2003_insc_186,0.49774999999999997,0.11441666666666667,0.4505277777777778,0.08108333333333334
768,sc_2008_insc_1065,0.47917857142857145,0.23275,0.4772754745254745,0.13264631202131202
768,sc_2008_insc_284,0.45775,0.16775,0.4222,0.14775000000000002
768,sc_2009_insc_5,0.44999999999999996,0.1,0.421375,0.061375000000000006
768,sc_2011_insc_613,0.6334642857142856,0.2857142857142857,0.5393955357142857,0.12923214285714285
768,sc_2013_insc_213,0.5177499999999999,0.33108333333333334,0.4718926136363636,0.1877852564102564
768,sc_2015_insc_483,0.44390384615384615,0.29005769230769224,0.42082692307692304,0.1356620879120879
769,sc_1953_insc_10,0.54775,0.19775,0.461375,0.08525
769,sc_1971_insc_119,0.509090909090909,0.1590909090909091,0.4528579545454545,0.1153465909090909
769,sc_1989_insc_149,0.54775,0.31999999999999995,0.47387499999999994,0.18312499999999998
769,sc_1997_insc_460,0.39775,0.04775000000000001,0.39775,0.04775000000000001
769,sc_1998_insc_414,0.6334642857142856,0.2334642857142857,0.5380561224489795,0.2334642857142857
769,sc_2004_insc_66,0.4749999999999999,0.14775,0.45512499999999995,0.073875
769,sc_2006_insc_166,0.5499999999999999,0.2,0.47387499999999994,0.1244375
769,sc_2009_insc_1161,0.39775,0.10775000000000001,0.39775,0.06275000000000001
769,sc_2017_insc_875,0.47274999999999995,0.04775000000000001,0.42956249999999996,0.04775000000000001
769,sc_2018_insc_206,0.4749999999999999,0.27499999999999997,0.41364999999999996,0.19925
769,sc_2018_insc_302,0.6357142857142857,0.27275,0.5528214285714285,0.18198333333333333
769,sc_2022_insc_662,0.4666666666666666,0.11,0.44222222222222224,0.07265
770,in_abs_train_2949,0.4749999999999999,0.34775,0.47387499999999994,0.15562500000000004
770,in_abs_train_6369,0.39999999999999997,0.05,0.39943749999999995,0.04887500000000001
770,sc_1966_insc_215,0.5134642857142856,0.13082692307692306,0.5017321428571428,0.12809798534798533
770,sc_1969_insc_248,0.39775,0.05,0.39613750000000003,0.04925000000000001
770,sc_1970_insc_97,0.65,0.20775,0.5492499999999999,0.0902
770,sc_1974_insc_221,0.54775,0.05,0.46039772727272726,0.048875
770,sc_1987_insc_326,0.6230769230769231,0.30684090909090905,0.5768723776223776,0.24291018981018983
770,sc_1989_insc_325,0.45775,0.13346428571428573,0.4184999999999999,0.11079285714285717
770,sc_1998_insc_154,0.6166666666666667,0.27499999999999997,0.5538015151515151,0.17174999999999999
770,sc_2002_insc_146,0.6227499999999999,0.19775,0.4545156249999999,0.08525
770,sc_2004_insc_444,0.5144166666666666,0.09285714285714286,0.45469444444444446,0.07030357142857144
771,in_abs_train_2264,0.5644166666666667,0.21333333333333332,0.519152380952381,0.12973015873015872
771,in_abs_train_2926,0.4522954545454545,0.16999999999999998,0.4250227272727273,0.13493181818181818
771,in_abs_train_4392,0.5487240259740259,0.22372402597402596,0.49610064935064935,0.12712743506493507
771,in_abs_train_638,0.4753723776223776,0.12537237762237763,0.45899708624708624,0.11934147102897104
771,sc_1958_insc_49,0.509090909090909,0.18333333333333335,0.4845545454545454,0.13005808080808082
771,sc_1972_insc_58,0.6334642857142856,0.27275,0.5770095238095237,0.17072222222222222
771,sc_1994_insc_581,0.5499999999999999,0.23333333333333334,0.5152708333333332,0.1556875
771,sc_2001_insc_240,0.44999999999999996,0.05,0.40758333333333324,0.048875
771,sc_2005_insc_464,0.5777499999999999,0.22372402597402596,0.4877499999999999,0.13449945887445888
771,sc_2007_insc_147,0.53,0.13571428571428573,0.4242,0.07782142857142858
771,sc_2007_insc_398,0.49774999999999997,0.05,0.4191,0.04850000000000001
771,sc_2015_insc_452,0.39999999999999997,0.12275,0.398875,0.078475
772,sc_1973_insc_252,0.46441666666666664,0.20775,0.46441666666666664,0.13770052566481136
772,sc_1983_insc_37,0.67,0.22774999999999998,0.548875,0.1644375
772,sc_1990_insc_344,0.5068409090909091,0.21138636363636362,0.4527454545454545,0.10304545454545454
772,sc_1994_insc_367,0.39999999999999997,0.12275,0.39999999999999997,0.06706250000000001
772,sc_1996_insc_287,0.47274999999999995,0.125,0.41706249999999995,0.06706250000000001
772,sc_1997_insc_90,0.39775,0.125,0.39775,0.08387500000000002
772,sc_2002_insc_143,0.6287499999999999,0.2759740259740259,0.5344318181818181,0.18200626824156235
772,sc_2007_insc_1159,0.54775,0.28346428571428567,0.54775,0.20861726190476185
772,sc_2009_insc_335,0.39775,0.13346428571428573,0.396375,0.06278571428571429
772,sc_2011_insc_328,0.39999999999999997,0.05,0.398875,0.04759375000000001
772,sc_2020_insc_311,0.49999999999999994,0.19775,0.4233125,0.08581250000000001
772,sc_2022_insc_1230,0.51025,0.20108333333333334,0.46997222222222224,0.1336469696969697
773,in_abs_train_7103,0.39999999999999997,0.10775000000000001,0.39999999999999997,0.0585
773,sc_1959_insc_126,0.39775,0.2545454545454545,0.39775,0.1871503246753247
773,sc_1979_insc_61,0.4666666666666666,0.11441666666666667,0.43054166666666666,0.0780530303030303
773,sc_1993_insc_158,0.5900576923076922,0.09390384615384614,0.512353846153846,0.08814932126696833
773,sc_2003_insc_686,0.45999999999999996,0.25775,0.4462,0.11775000000000001
773,sc_2007_insc_954,0.7477499999999998,0.18108333333333335,0.5965595238095237,0.12700952380952382
773,sc_2016_insc_1075,0.560907894736842,0.21519934210526315,0.48175751879699236,0.17883157894736842
773,sc_2018_insc_591,0.39775,0.05,0.39775,0.04850000000000001
773,sc_2021_insc_147,0.39775,0.04775000000000001,0.39775,0.04775000000000001
773,sc_2021_insc_637,0.49774999999999997,0.10454545454545455,0.4492651515151515,0.10114772727272728
773,sc_2022_insc_534,0.44775,0.05,0.42274999999999996,0.04850000000000001
773,sc_2022_insc_99,0.6077499999999999,0.20775,0.5097916666666665,0.12775
774,in_abs_train_4432,0.39999999999999997,0.05,0.39887500000000004,0.048875
774,sc_1962_insc_108,0.5666666666666667,0.125,0.4598541666666666,0.06706250000000001
774,sc_1974_insc_35,0.49999999999999994,0.09390384615384616,0.448517857142857,0.09082692307692308
774,sc_1976_insc_75,0.6376470588235295,0.3366666666666666,0.5645625188536953,0.27549346405228753
774,sc_1985_insc_201,0.49774999999999997,0.2614862637362637,0.45775,0.13588003663003662
774,sc_1991_insc_248,0.654892857142857,0.23775,0.5384537815126049,0.12434369747899161
774,sc_1995_insc_697,0.6500227272727273,0.14168939393939395,0.5129878787878787,0.07906313131313132
774,sc_1998_insc_330,0.5177499999999999,0.32082692307692307,0.4610851648351648,0.24612774725274725
774,sc_2006_insc_67,0.45229545454545456,0.10229545454545455,0.4068409090909091,0.07502272727272728
774,sc_2011_insc_723,0.4834642857142857,0.13346428571428573,0.42707142857142855,0.0824857142857143
774,sc_2015_insc_591,0.39775,0.16229545454545455,0.39775,0.0875909090909091
774,sc_2020_insc_488,0.39999999999999997,0.09775,0.398875,0.06377564102564102
775,in_abs_train_4138,0.44132894736842104,0.060793478260869574,0.41202448512585815,0.0602644927536232
775,in_abs_train_6605,0.4944166666666666,0.24666666666666665,0.4789583333333333,0.1983333333333333
775,sc_1957_insc_52,0.656840909090909,0.24775,0.5893041958041957,0.16917857142857143
775,sc_1961_insc_240,0.5313966165413533,0.2334642857142857,0.5019295112781954,0.15952131530749952
775,sc_1975_insc_89,0.5722954545454544,0.3010833333333333,0.4918863636363636,0.20441666666666664
775,sc_2003_insc_268,0.6878571428571428,0.2,0.5511190476190476,0.13865000000000002
775,sc_2005_insc_513,0.59775,0.22275,0.5602499999999999,0.1457440476190476
775,sc_2006_insc_969,0.5763214285714284,0.2,0.4746331168831168,0.09850000000000002
775,sc_2009_insc_1117,0.6077499999999999,0.16775,0.5269488636363635,0.1083125
775,sc_2010_insc_764,0.5522954545454545,0.14775,0.5004772727272726,0.10001515151515152
775,sc_2022_insc_1273,0.45775,0.04775000000000001,0.4077499999999999,0.04775000000000001
775,sc_2023_insc_928,0.49999999999999994,0.19775,0.47331249999999997,0.14319886363636364
776,in_abs_train_3849,0.45775,0.25775,0.41850000000000004,0.18157062937062934
776,sc_1957_insc_8,0.725,0.34775,0.6012777777777777,0.31548809523809523
776,sc_1971_insc_220,0.48502272727272727,0.18108333333333335,0.4580530303030303,0.10393813131313133
776,sc_1984_insc_74,0.6374935897435896,0.3,0.5048379953379952,0.3
776,sc_2000_insc_380,0.49774999999999997,0.14775,0.41819999999999996,0.10330555555555555
776,sc_2006_insc_130,0.5394166666666665,0.22275,0.46191666666666664,0.18858333333333333
776,sc_2008_insc_1321,0.49999999999999994,0.19775,0.49999999999999994,0.06917857142857144
776,sc_2013_insc_843,0.54775,0.05,0.44016666666666665,0.048875
776,sc_2016_insc_405,0.6227499999999999,0.11441666666666667,0.5141090909090908,0.11441666666666667
776,sc_2016_insc_466,0.5068409090909091,0.1568409090909091,0.48940909090909085,0.09228636363636364
776,sc_2020_insc_690,0.5177499999999999,0.18184090909090905,0.4930454545454545,0.09846818181818182
777,sc_1951_insc_52,0.45229545454545456,0.05,0.4075909090909091,0.048875
777,sc_1959_insc_98,0.5777499999999999,0.27649999999999997,0.4673857142857142,0.17399999999999996
777,sc_1963_insc_238,0.44775,0.14775,0.423875,0.10114772727272726
777,sc_1965_insc_156,0.5341136363636363,0.1868409090909091,0.5341136363636363,0.12403896103896103
777,sc_1975_insc_6,0.45775,0.13275,0.4184999999999999,0.098285
777,sc_1981_insc_132,0.6022954545454544,0.25229545454545454,0.4961731601731601,0.15114772727272727
777,sc_1988_insc_138,0.39999999999999997,0.04775000000000001,0.3980714285714285,0.04775000000000001
777,sc_2000_insc_386,0.47917857142857145,0.04775000000000001,0.41629258241758244,0.045250000000000005
777,sc_2009_insc_1101,0.5644166666666666,0.20999999999999996,0.47804545454545444,0.16220833333333332
777,sc_2011_insc_232,0.4874935897435897,0.15275,0.48477865761689287,0.14084561272061272
777,sc_2011_insc_681,0.54775,0.14775,0.53525,0.0733125
778,in_abs_train_3014,0.58,0.20454545454545453,0.48064999999999997,0.10001515151515152
778,in_abs_train_4586,0.4749999999999999,0.1795454545454545,0.4235,0.1059181818181818
778,sc_1969_insc_240,0.49774999999999997,0.09775,0.4238825757575757,0.073875
778,sc_1976_insc_234,0.5753723776223776,0.23562878787878788,0.5753723776223776,0.10984988820703105
778,sc_1986_insc_198,0.4165,0.11775,0.40475,0.08798571428571429
778,sc_1992_insc_238,0.5060833333333332,0.27275,0.44781666666666664,0.19854365079365077
778,sc_1993_insc_283,0.5691785714285714,0.19775,0.48780753968253965,0.12275000000000001
778,sc_2002_insc_52,0.45999999999999996,0.05,0.4283125,0.04831250000000001
778,sc_2008_insc_493,0.39775,0.05,0.39775,0.047650000000000005
778,sc_2013_insc_437,0.5673076923076923,0.19390384615384615,0.5200288461538461,0.1000018315018315
778,sc_2013_insc_641,0.6022954545454544,0.14775,0.4986590909090909,0.08183333333333333
779,in_abs_train_5987,0.54775,0.11666666666666667,0.4825833333333333,0.08220833333333334
779,in_abs_train_7030,0.6133333333333333,0.13502272727272727,0.5440770202020201,0.13138636363636363
779,sc_1958_insc_123,0.5019166666666666,0.2620357142857143,0.4838212121212121,0.1861230158730159
779,sc_1959_insc_69,0.5230769230769231,0.10229545454545455,0.4432805944055944,0.07558522727272728
779,sc_1963_insc_124,0.39999999999999997,0.04775000000000001,0.3983125,0.04775000000000001
779,sc_1990_insc_150,0.39775,0.05,0.39775,0.045892857142857145
779,sc_1995_insc_260,0.7234642857142856,0.29774999999999996,0.64825,0.24135714285714285
779,sc_1998_insc_130,0.4461538461538461,0.05,0.41121410256410257,0.04850000000000001
779,sc_1998_insc_62,0.39999999999999997,0.04775000000000001,0.39865,0.04775000000000001
779,sc_2012_insc_133,0.49774999999999997,0.14775,0.4375113636363636,0.12275
779,sc_2012_insc_91,0.39999999999999997,0.05,0.3983125,0.04831250000000001
779,sc_2017_insc_389,0.44999999999999996,0.14775,0.44999999999999996,0.06235714285714287
780,in_abs_train_1005,0.6227499999999999,0.32729545454545456,0.5510972222222222,0.27502272727272725
780,in_abs_train_5485,0.45775,0.12275,0.4272,0.07275
780,in_abs_train_920,0.5019166666666666,0.2,0.4645946969696969,0.11683333333333334
780,sc_1985_insc_163,0.6477499999999999,0.2857142857142857,0.6179357142857141,0.22786507936507935
780,sc_1987_insc_43,0.5584642857142856,0.14775,0.5036696428571428,0.0915
780,sc_1987_insc_99,0.45775,0.10454545454545452,0.4222,0.06668181818181819
780,sc_2000_insc_446,0.39999999999999997,0.12275,0.398875,0.0808173076923077
780,sc_2003_insc_178,0.5227499999999999,0.1195625,0.4462310606060606,0.11092897727272727
780,sc_2009_insc_871,0.39999999999999997,0.15,0.3985,0.06820000000000001
780,sc_2016_insc_30,0.45229545454545456,0.2,0.4095590909090909,0.11591666666666667
780,sc_2023_insc_305,0.45775,0.05,0.42774999999999996,0.048875
780,sc_2023_insc_955,0.5499999999999999,0.05,0.44849999999999995,0.04820000000000001
781,in_abs_train_1882,0.39775,0.16775,0.39775,0.08220000000000001
781,in_abs_train_3945,0.6,0.18333333333333335,0.5081388888888889,0.09931666666666668
781,sc_1961_insc_48,0.6227499999999999,0.27499999999999997,0.5894166666666666,0.23365
781,sc_1964_insc_290,0.46441666666666664,0.05,0.4115333333333333,0.049249999999999995
781,sc_1992_insc_343,0.5290909090909091,0.12917857142857142,0.5116609224109224,0.11027947052947054
781,sc_1995_insc_281,0.39775,0.10454545454545455,0.39775,0.06429870129870131
781,sc_1997_insc_235,0.44775,0.24775,0.4319498834498834,0.16401153846153843
781,sc_1997_insc_795,0.39999999999999997,0.14775,0.39865,0.08183333333333333
781,sc_2000_insc_400,0.4666666666666666,0.04775000000000001,0.42486666666666667,0.04775000000000001
781,sc_2001_insc_537,0.39999999999999997,0.05,0.3988749999999999,0.048875
781,sc_2007_insc_266,0.47082692307692303,0.16999999999999998,0.44491025641025644,0.12801263736263735
781,sc_2009_insc_571,0.45999999999999996,0.11666666666666667,0.41999999999999993,0.060983333333333334
782,in_abs_train_2794,0.6328671328671328,0.2943409090909091,0.5768239885114884,0.19263068181818183
782,in_abs_train_4728,0.49774999999999997,0.09060714285714286,0.42788076923076923,0.0620357142857143
782,in_abs_train_493,0.39999999999999997,0.11441666666666667,0.398875,0.05886111111111112
782,in_abs_train_6743,0.39775,0.16560714285714284,0.397525,0.11788690476190473
782,sc_1953_insc_46,0.5394166666666665,0.125,0.47153333333333325,0.09572222222222222
782,sc_2001_insc_578,0.66775,0.26775,0.5702499999999999,0.175125
782,sc_2002_insc_433,0.39999999999999997,0.125,0.39999999999999997,0.08677142857142858
782,sc_2010_insc_396,0.39999999999999997,0.22774999999999998,0.39924999999999994,0.08420000000000001
782,sc_2013_insc_649,0.5295454545454544,0.25684090909090906,0.49204545454545445,0.1666780303030303
782,sc_2015_insc_132,0.44775,0.05,0.41312499999999996,0.048875
782,sc_2017_insc_585,0.5423076923076923,0.2706071428571428,0.5064757326007325,0.21060714285714283
782,sc_2023_insc_156,0.39999999999999997,0.05,0.39924999999999994,0.04290000000000001
783,in_abs_train_249,0.39775,0.08479545454545453,0.39775,0.05175757575757576
783,sc_1967_insc_113,0.54775,0.2,0.45407738095238087,0.16673214285714288
783,sc_1979_insc_171,0.6144166666666666,0.26666666666666666,0.51025,0.1920625
783,sc_1982_insc_61,0.39999999999999997,0.05,0.3982,0.04850000000000001
783,sc_1994_insc_343,0.4749999999999999,0.125,0.4235,0.07865
783,sc_1996_insc_466,0.39999999999999997,0.04775000000000001,0.3983125,0.04775000000000001
783,sc_1999_insc_433,0.5877499999999999,0.14229545454545456,0.4986775224775225,0.08640800865800867
783,sc_2004_insc_484,0.47274999999999995,0.05,0.45155909090909085,0.04850000000000001
783,sc_2007_insc_307,0.5244166666666666,0.09285714285714286,0.46220833333333333,0.06064285714285716
783,sc_2007_insc_541,0.44775,0.19775,0.4318333333333333,0.08865
783,sc_2009_insc_1036,0.7,0.19775,0.6280416666666666,0.1570625
783,sc_2023_insc_24,0.39999999999999997,0.19775,0.3983125,0.085625
784,sc_1973_insc_240,0.48035178571428566,0.11441666666666667,0.46881711309523805,0.08164583333333333
784,sc_1977_insc_211,0.39999999999999997,0.2,0.398875,0.08637500000000001
784,sc_1990_insc_38,0.4944166666666666,0.1394166666666667,0.43952380952380954,0.1394166666666667
784,sc_2001_insc_102,0.39999999999999997,0.04775000000000001,0.3983125,0.04775000000000001
784,sc_2005_insc_194,0.6334642857142856,0.11441666666666667,0.47390773809523806,0.0736780303030303
784,sc_2005_insc_461,0.5666893939393939,0.21941666666666668,0.5666893939393939,0.1453624000999001
784,sc_2009_insc_72,0.7214285714285714,0.31999999999999995,0.6345892857142856,0.21093849206349202
784,sc_2011_insc_391,0.49774999999999997,0.12275,0.4310833333333333,0.06275
784,sc_2014_insc_877,0.49005769230769225,0.1,0.4334903846153846,0.073875
784,sc_2017_insc_427,0.66775,0.04775000000000001,0.5180714285714285,0.04775000000000001
784,sc_2020_insc_541,0.6350227272727272,0.15,0.5321160839160839,0.13715800865800865
784,sc_2021_insc_446,0.6299615384615382,0.20496153846153847,0.5361208791208791,0.16820673076923076
785,in_abs_train_6815,0.47274999999999995,0.125,0.4305357142857142,0.125
785,sc_1962_insc_377,0.5688076923076922,0.21148626373626375,0.5196043956043955,0.1424870054945055
785,sc_1978_insc_176,0.6777499999999999,0.37775,0.6391090909090907,0.24593181818181817
785,sc_1984_insc_100,0.6120357142857142,0.28108333333333324,0.5890297619047619,0.24387499999999998
785,sc_1994_insc_106,0.49774999999999997,0.20229545454545453,0.49134446803196796,0.13717263986013983
785,sc_1996_insc_1295,0.43524999999999997,0.31785714285714284,0.40614999999999996,0.26278571428571423
785,sc_1996_insc_793,0.39999999999999997,0.09775,0.3985,0.06709999999999999
785,sc_2000_insc_358,0.5310833333333334,0.14775,0.4716458333333333,0.072
785,sc_2002_insc_219,0.6400576923076923,0.1400576923076923,0.5884093406593406,0.11645741758241757
785,sc_2008_insc_1214,0.46115384615384614,0.15584716599190282,0.4414128671036565,0.15328072585309427
785,sc_2011_insc_106,0.39775,0.25775,0.39775,0.13178061224489795
785,sc_2017_insc_1294,0.47274999999999995,0.14775,0.41818749999999993,0.111375
786,sc_1965_insc_249,0.6950227272727273,0.14168939393939395,0.5701090909090909,0.13786655011655014
786,sc_1985_insc_93,0.4749999999999999,0.125,0.46914583333333326,0.1045625
786,sc_1989_insc_223,0.5666666666666668,0.22275,0.5666666666666668,0.1231904761904762
786,sc_1991_insc_60,0.5177499999999999,0.20775,0.45755909090909086,0.1374469696969697
786,sc_2001_insc_56,0.45775,0.10229545454545454,0.4383125,0.061948863636363635
786,sc_2001_insc_584,0.4666666666666666,0.05,0.4207222222222222,0.048875
786,sc_2002_insc_460,0.5737240259740259,0.2165,0.5019229437229437,0.152241341991342
786,sc_2008_insc_1480,0.5499999999999999,0.05,0.44085714285714284,0.05
786,sc_2008_insc_509,0.4749999999999999,0.27275,0.41762499999999997,0.105125
786,sc_2010_insc_723,0.39999999999999997,0.12275,0.39924999999999994,0.0632
786,sc_2011_insc_545,0.49774999999999997,0.14775,0.41775,0.08183333333333333
786,sc_2019_insc_186,0.44775,0.09775,0.41441666666666666,0.06820000000000001
787,in_abs_train_4504,0.6227499999999999,0.3,0.5770714285714286,0.23838333333333334
787,sc_1952_insc_59,0.39775,0.24275,0.39775,0.13458333333333333
787,sc_1960_insc_200,0.44999999999999996,0.09775,0.44999999999999996,0.05683333333333334
787,sc_1969_insc_66,0.5830441176470588,0.3468409090909091,0.5260899923605805,0.2596847319347319
787,sc_1982_insc_17,0.6200576923076921,0.2386590909090909,0.5587845279720279,0.2207367424242424
787,sc_1985_insc_41,0.54775,0.19615384615384612,0.46698076923076925,0.09796794871794871
787,sc_1988_insc_129,0.6977499999999999,0.28346428571428567,0.6133541666666666,0.19236904761904763
787,sc_1999_insc_305,0.45229545454545456,0.2714285714285714,0.4250227272727273,0.15559706959706962
787,sc_2007_insc_607,0.46265384615384614,0.24230769230769228,0.43131443994601887,0.13091923076923076
787,sc_2019_insc_866,0.5928571428571429,0.25357142857142856,0.5117558035714285,0.1831011904761905
787,sc_2024_insc_290,0.44775,0.16774999999999998,0.43183333333333335,0.11923296703296701
788,in_abs_train_3843,0.39999999999999997,0.04775000000000001,0.39865,0.04775000000000001
788,in_abs_train_4684,0.5593571428571428,0.16148626373626374,0.45407142857142857,0.12198687423687425
788,in_abs_train_6202,0.4722954545454546,0.17502272727272725,0.46201005244755244,0.13778496503496504
788,in_abs_train_939,0.5599999999999999,0.05,0.49142662337662335,0.05
788,sc_1962_insc_107,0.6144166666666666,0.2810833333333333,0.5394166666666667,0.24739646464646461
788,sc_1983_insc_196,0.6227499999999999,0.2534642857142857,0.5390735294117647,0.13034294871794871
788,sc_1985_insc_71,0.5722954545454544,0.04775000000000001,0.46306818181818177,0.04775000000000001
788,sc_2003_insc_689,0.4774601449275362,0.14108333333333334,0.44416238471673253,0.07775329380764164
788,sc_2005_insc_507,0.5499999999999999,0.2,0.5499999999999999,0.08442857142857142
788,sc_2008_insc_29,0.6164999999999999,0.15672435897435896,0.5247192307692308,0.08995713926596278
788,sc_2011_insc_141,0.5068409090909091,0.2886363636363636,0.45304545454545453,0.19001363636363636
788,sc_2017_11_251_252_en,0.5714285714285715,0.13346428571428573,0.49212896825396824,0.13346428571428573
789,in_abs_train_3619,0.4250227272727272,0.28454545454545455,0.4250227272727272,0.1741971361971362
789,sc_1957_insc_73,0.5352499999999999,0.18525000000000003,0.479297619047619,0.12742261904761906
789,sc_1961_insc_189,0.45775,0.09775,0.41274999999999995,0.060250000000000005
789,sc_1962_insc_169,0.6349999999999999,0.27372402597402595,0.5218924242424241,0.15298920523920523
789,sc_1968_insc_110,0.39999999999999997,0.04775000000000001,0.39865,0.04775000000000001
789,sc_1972_insc_216,0.44390384615384615,0.09390384615384614,0.4069807692307692,0.06313461538461539
789,sc_1975_insc_15,0.44775,0.05,0.4267714285714286,0.04850000000000001
789,sc_1978_insc_82,0.49999999999999994,0.05,0.42308749999999995,0.04831250000000001
789,sc_1996_insc_210,0.6377499999999998,0.14775,0.5177499999999999,0.08534285714285714
789,sc_1997_insc_117,0.4834642857142857,0.13571428571428573,0.41917857142857146,0.09173214285714287
789,sc_2006_insc_41,0.5272954545454545,0.10454545454545452,0.4493741258741258,0.0650090909090909
789,sc_2014_insc_971,0.4406071428571428,0.09390384615384614,0.4090267857142857,0.05985096153846155
790,in_abs_train_4872,0.39999999999999997,0.05,0.3983125,0.04831250000000001
790,sc_1959_insc_24,0.5939038461538461,0.05,0.44735096153846154,0.04831250000000001
790,sc_1963_insc_132,0.5852499999999999,0.3249999999999999,0.54775,0.1773472222222222
790,sc_1968_insc_74,0.48571428571428565,0.20846428571428574,0.46048214285714284,0.14291964285714287
790,sc_1988_insc_248,0.54775,0.05,0.4201428571428571,0.05
790,sc_1993_insc_239,0.54275,0.155,0.47263636363636363,0.10069886363636364
790,sc_1995_insc_49,0.6477499999999999,0.2,0.5170625,0.1045625
790,sc_1996_insc_6,0.54775,0.05,0.46025,0.048875
790,sc_1998_insc_275,0.59775,0.25229545454545454,0.5100090909090909,0.179030303030303
790,sc_2007_insc_682,0.49774999999999997,0.05,0.41516666666666663,0.048875
790,sc_2010_insc_397,0.39775,0.11,0.39775,0.063875
790,sc_2020_insc_412,0.5461538461538461,0.19285714285714284,0.43541346153846155,0.10958928571428572
791,in_abs_train_2028,0.769047619047619,0.43108333333333326,0.6233149350649351,0.39710037878787874
791,sc_1962_insc_187,0.49417857142857136,0.1958269230769231,0.4623095238095238,0.11511538461538462
791,sc_1972_insc_222,0.5850576923076922,0.26917857142857143,0.5222543956043956,0.17566208791208793
791,sc_1978_insc_14,0.5727499999999999,0.28346428571428567,0.48524999999999996,0.1860461309523809
791,sc_1981_insc_174,0.6222954545454544,0.27372402597402595,0.5536626559714795,0.24033961038961035
791,sc_1996_insc_975,0.5691785714285714,0.12275,0.4690785714285714,0.07350000000000001
791,sc_1997_insc_113,0.5607142857142857,0.30774999999999997,0.5465803571428571,0.20715178571428572
791,sc_1997_insc_367,0.49774999999999997,0.14775,0.41719999999999996,0.10683333333333332
791,sc_1997_insc_422,0.39999999999999997,0.04775000000000001,0.398125,0.04775000000000001
791,sc_1997_insc_822,0.485,0.2776223776223776,0.47383333333333333,0.1397244755244755
791,sc_2002_insc_280,0.7106071428571428,0.3255909090909091,0.6422319139194138,0.25188343531468527
791,sc_2013_insc_110,0.6022954545454544,0.09775,0.47014895104895105,0.08108333333333334
792,in_abs_train_4564,0.5727499999999999,0.09060714285714286,0.4895327380952381,0.06849107142857144
792,in_abs_train_497,0.6200227272727272,0.23502272727272727,0.5551090909090908,0.20936655011655012
792,sc_1958_insc_88,0.6263214285714285,0.24168939393939395,0.5663571428571428,0.17639264069264068
792,sc_1971_insc_11,0.5177499999999999,0.21333333333333332,0.48774999999999996,0.13998611111111112
792,sc_1980_insc_48,0.54775,0.14775,0.4745499999999999,0.10608333333333332
792,sc_2000_insc_364,0.45229545454545456,0.10454545454545455,0.4159318181818182,0.07046818181818182
792,sc_2006_insc_293,0.45229545454545456,0.10229545454545455,0.45229545454545456,0.06365584415584416
792,sc_2007_insc_1215,0.46441666666666664,0.11666666666666667,0.4207222222222222,0.07443333333333332
792,sc_2007_insc_921,0.5906071428571428,0.24775,0.5753392857142856,0.22652083333333334
792,sc_2016_insc_115,0.47274999999999995,0.27499999999999997,0.43456249999999996,0.12443749999999999
792,sc_2016_insc_523,0.5406071428571428,0.15416666666666667,0.4711190476190476,0.11788787878787879
792,sc_2022_insc_804,0.46441666666666664,0.11666666666666667,0.46441666666666664,0.08109722222222222
793,in_abs_train_1108,0.6022954545454544,0.2545454545454545,0.4841136363636363,0.14183636363636362
793,in_abs_train_1354,0.49774999999999997,0.20454545454545453,0.45108333333333334,0.09290909090909091
793,sc_1967_insc_188,0.5727499999999999,0.34060714285714283,0.5706666666666667,0.17693831168831167
793,sc_1967_insc_213,0.45775,0.11666666666666667,0.42174999999999996,0.10738888888888891
793,sc_1981_insc_50,0.5727499999999999,0.20251190476190475,0.5727499999999999,0.1154335188620903
793,sc_1987_insc_283,0.575,0.22499999999999998,0.4469833333333334,0.10758333333333332
793,sc_2003_insc_41,0.45275,0.20864661654135336,0.45275,0.16710767991407088
793,sc_2003_insc_66,0.7363863636363636,0.37999999999999995,0.7235897227772227,0.35191695804195805
793,sc_2005_insc_20,0.5068409090909091,0.25775,0.4822954545454545,0.15145833333333333
793,sc_2008_insc_133,0.44999999999999996,0.12275,0.40865,0.07425
793,sc_2010_insc_19,0.45999999999999996,0.16274999999999998,0.423875,0.0770625
793,sc_2011_insc_476,0.45229545454545456,0.1795454545454545,0.4500227272727273,0.13425378787878786
794,in_abs_train_791,0.44999999999999996,0.14775,0.4382,0.09525
794,sc_1969_insc_336,0.48941666666666667,0.15275,0.4458387723387723,0.12749025974025974
794,sc_1972_insc_146,0.52,0.12275,0.41887499999999994,0.08525
794,sc_1977_insc_38,0.6510833333333332,0.10775000000000001,0.5029444444444444,0.09620000000000001
794,sc_1997_insc_314,0.4666666666666666,0.24775,0.41554166666666664,0.123875
794,sc_1997_insc_547,0.49005769230769225,0.11490384615384615,0.4373653846153846,0.08668406593406593
794,sc_1997_insc_708,0.6444166666666665,0.3633333333333333,0.589972222222222,0.30043787878787875
794,sc_2003_insc_231,0.51,0.18650000000000003,0.44072222222222224,0.1375
794,sc_2007_insc_1021,0.5499999999999999,0.05,0.43637499999999996,0.048875
794,sc_2011_insc_177,0.4522954545454545,0.10775000000000001,0.41668181818181815,0.08310909090909091
794,sc_2018_insc_359,0.4522954545454545,0.05,0.42444886363636364,0.04830312500000001
794,sc_2023_insc_164,0.47274999999999995,0.10775000000000001,0.4389833333333333,0.08775000000000001
795,in_abs_train_5368,0.6022954545454544,0.10229545454545455,0.4955646853146853,0.07210064935064936
795,sc_1968_insc_258,0.49417857142857136,0.125,0.4515274725274725,0.11282582417582418
795,sc_1987_insc_131,0.47274999999999995,0.07082692307692308,0.43524999999999997,0.051596153846153854
795,sc_1991_insc_77,0.44999999999999996,0.1,0.4470892857142857,0.09791346153846153
795,sc_1996_insc_222,0.5522954545454545,0.18409090909090908,0.45683522727272724,0.12794536713286714
795,sc_1996_insc_528,0.49774999999999997,0.14775,0.4703035714285714,0.09775
795,sc_2003_insc_334,0.49005769230769225,0.09615384615384615,0.45762179487179483,0.056380769230769234
795,sc_2008_insc_562,0.4510875,0.15390384615384614,0.42318533653846147,0.07485096153846155
795,sc_2008_insc_936,0.39775,0.05,0.39775,0.047625
795,sc_2012_insc_14,0.47274999999999995,0.19775,0.4477499999999999,0.0897
795,sc_2014_insc_765,0.39999999999999997,0.04775000000000001,0.398875,0.04775000000000001
795,sc_2016_insc_12,0.54775,0.20249999999999999,0.4231249999999999,0.155125
796,in_abs_train_3865,0.556840909090909,0.21775,0.5048636363636363,0.14665
796,in_abs_train_47,0.48274999999999996,0.12615384615384617,0.43072447552447546,0.09799542124542125
796,sc_1955_insc_21,0.645,0.15191666666666667,0.5473666666666667,0.13238675213675213
796,sc_1996_insc_178,0.49999999999999994,0.2,0.4405416666666666,0.11914583333333334
796,sc_2001_insc_31,0.6357142857142857,0.31999999999999995,0.5741261904761904,0.21707142857142855
796,sc_2008_insc_1323,0.5666666666666668,0.11441666666666667,0.481375,0.0733125
796,sc_2009_insc_1177,0.44775,0.09775,0.41137499999999994,0.060812500000000005
796,sc_2009_insc_386,0.39775,0.10775000000000001,0.39775,0.05775000000000002
796,sc_2009_insc_540,0.54775,0.2,0.509,0.12387500000000001
796,sc_2013_insc_13,0.5939038461538461,0.2545454545454545,0.5020978365384614,0.11308522727272727
796,sc_2013_insc_281,0.45999999999999996,0.10229545454545455,0.41109999999999997,0.06593181818181819
796,sc_2018_insc_683,0.5499999999999999,0.05,0.47664999999999996,0.0474625
797,in_abs_train_6588,0.54775,0.2,0.446,0.15720833333333334
797,in_abs_train_7081,0.5750227272727272,0.2441785714285714,0.4836545454545454,0.1832261904761905
797,sc_1955_insc_1,0.39999999999999997,0.05,0.3983125,0.04831250000000001
797,sc_1976_insc_287,0.45775,0.11,0.44025,0.09307386363636364
797,sc_1989_insc_205,0.45775,0.11,0.4269488636363636,0.0933125
797,sc_1991_insc_309,0.5499999999999999,0.19775,0.48808333333333326,0.1295
797,sc_2007_insc_222,0.7083560606060605,0.14775,0.5575170454545454,0.11414583333333334
797,sc_2010_insc_56,0.39775,0.26441666666666663,0.39775,0.10191666666666667
797,sc_2018_insc_693,0.5727499999999999,0.22275,0.4394166666666666,0.21025
797,sc_2022_insc_423,0.5691785714285714,0.24774999999999994,0.4938154761904761,0.1466458333333333
797,sc_2023_insc_743,0.39775,0.04775000000000001,0.39703571428571427,0.04775000000000001
798,in_abs_train_1058,0.5827499999999999,0.21917857142857142,0.5047413419913419,0.1325510989010989
798,in_abs_train_2487,0.7822954545454545,0.45138636363636353,0.6842534965034964,0.30846590909090904
798,sc_1962_insc_195,0.42082692307692304,0.14775,0.4109807692307692,0.09108333333333334
798,sc_1968_insc_100,0.45999999999999996,0.05,0.41721590909090905,0.048875
798,sc_1970_insc_135,0.5125,0.23333333333333334,0.47283333333333327,0.13497916666666665
798,sc_1972_insc_308,0.5769166666666665,0.25973684210526315,0.5192896825396824,0.17206511733880153
798,sc_1983_insc_31,0.7144166666666666,0.2939393939393939,0.6416458333333332,0.22221401515151512
798,sc_1989_insc_107,0.47274999999999995,0.05,0.43524999999999997,0.04791875000000001
798,sc_2016_insc_128,0.39999999999999997,0.05,0.3991,0.04850000000000001
798,sc_2016_insc_270,0.43775,0.04775000000000001,0.41553571428571423,0.04775000000000001
798,sc_2018_insc_354,0.4310833333333333,0.07502272727272728,0.42776388888888883,0.07501136363636364
798,sc_2021_insc_444,0.5529947552447552,0.22607167832167835,0.4830646853146853,0.17186088911088912
799,in_abs_train_4370,0.5660833333333332,0.24333333333333335,0.5213184523809523,0.19530357142857147
799,in_abs_train_5216,0.67275,0.33108333333333334,0.6415,0.235646645021645
799,sc_1972_insc_155,0.4749999999999999,0.12275,0.4358125,0.0665
799,sc_1974_insc_149,0.44999999999999996,0.1,0.423875,0.07350000000000001
799,sc_1985_insc_61,0.4330441176470588,0.12775,0.40951470588235295,0.08775000000000001
799,sc_1995_insc_398,0.39775,0.11,0.39775,0.06617857142857143
799,sc_2001_insc_419,0.6389038461538461,0.2591136363636363,0.5300498168498169,0.17638636363636362
799,sc_2001_insc_483,0.39999999999999997,0.07307692307692307,0.3982,0.05694230769230769
799,sc_2014_insc_191,0.39775,0.04775000000000001,0.3965,0.04775000000000001
799,sc_2015_insc_581,0.45999999999999996,0.10775000000000001,0.41850000000000004,0.06065
799,sc_2017_insc_102,0.46155090497737555,0.1276223776223776,0.4332686786252962,0.09522084165834165
799,sc_2019_insc_393,0.5727499999999999,0.19775,0.5051249999999999,0.12082692307692308
800,sc_1970_insc_152,0.5266666666666666,0.23562878787878788,0.4784640151515151,0.1471060606060606
800,sc_1981_insc_179,0.5810833333333333,0.16025,0.5430416666666666,0.1540138888888889
800,sc_1994_insc_16,0.5545454545454546,0.25684090909090906,0.47046818181818184,0.13562878787878788
800,sc_1997_insc_29,0.6333333333333333,0.18108333333333335,0.6030416666666666,0.11441666666666667
800,sc_1998_insc_445,0.45775,0.185,0.45775,0.13510625
800,sc_2001_insc_357,0.5499999999999999,0.2,0.44849999999999995,0.13865
800,sc_2001_insc_474,0.39999999999999997,0.05,0.3985,0.04820000000000001
800,sc_2007_insc_1170,0.53275,0.2546,0.49858333333333327,0.10776666666666666
800,sc_2008_insc_1465,0.52,0.10775000000000001,0.4724333333333333,0.0685
800,sc_2008_insc_1490,0.46441666666666664,0.05,0.46441666666666664,0.048650000000000006
800,sc_2017_insc_1071,0.5664999999999999,0.22597402597402594,0.48502410089910086,0.21867182817182815
801,in_abs_train_3569,0.54775,0.2208269230769231,0.4720461538461539,0.2064679487179487
801,in_abs_train_4345,0.39999999999999997,0.05,0.39924999999999994,0.049550000000000004
801,in_abs_train_5299,0.47274999999999995,0.12275,0.43429166666666663,0.06706250000000001
801,in_abs_train_5640,0.49525,0.14525,0.4772765151515151,0.1120625
801,sc_1984_insc_61,0.45775,0.125,0.41275,0.0839375
801,sc_1986_insc_58,0.5607142857142857,0.06764705882352942,0.457834925549167,0.06026470588235295
801,sc_1994_insc_440,0.54775,0.19775,0.45667857142857143,0.0858125
801,sc_2004_insc_489,0.5068409090909091,0.19775,0.5068409090909091,0.12316808191808191
801,sc_2004_insc_709,0.5499999999999999,0.05,0.44864999999999994,0.04850000000000001
801,sc_2005_insc_232,0.45775,0.11,0.41924999999999996,0.0611
801,sc_2007_insc_591,0.47454545454545455,0.12537237762237763,0.47337878787878784,0.06817447552447553
801,sc_2010_insc_186,0.4974025974025973,0.11785714285714285,0.42625194805194805,0.07186904761904762
802,in_abs_train_1563,0.4333333333333333,0.08108333333333334,0.42555,0.08072222222222224
802,in_abs_train_6934,0.7,0.22275,0.6137291666666667,0.184
802,sc_1988_insc_315,0.4666666666666666,0.11666666666666667,0.4636011904761905,0.11666666666666667
802,sc_1992_insc_182,0.44775,0.04775000000000001,0.41137499999999994,0.04775000000000001
802,sc_2006_insc_436,0.39999999999999997,0.05,0.3985,0.048650000000000006
802,sc_2009_insc_1201,0.39775,0.05,0.39775,0.048875
802,sc_2010_insc_631,0.543903846153846,0.12113269230769229,0.471951923076923,0.06550608974358975
802,sc_2010_insc_90,0.53,0.14807692307692305,0.4838807692307692,0.10444230769230768
802,sc_2019_insc_936,0.4522954545454545,0.12275,0.4250227272727273,0.069
802,sc_2021_insc_277,0.6590909090909092,0.36138636363636356,0.5772857142857142,0.36138636363636356
802,sc_2021_insc_404,0.54775,0.05,0.4691785714285714,0.05
802,sc_2023_insc_773,0.49774999999999997,0.15,0.41479166666666667,0.098875
803,in_abs_train_1752,0.48274999999999996,0.12275,0.46608333333333335,0.0877115832696715
803,sc_1962_insc_125,0.5333333333333333,0.24774999999999994,0.5322083333333334,0.2007727272727272
803,sc_1963_insc_125,0.54775,0.04775000000000001,0.4222916666666667,0.04775000000000001
803,sc_1965_insc_240,0.49774999999999997,0.1,0.46025,0.07291346153846154
803,sc_1966_insc_33,0.4333333333333333,0.15227272727272728,0.4127739583333333,0.0986098484848485
803,sc_1972_insc_301,0.6119416666666666,0.26441666666666663,0.49350833333333327,0.1998924242424242
803,sc_1980_insc_8,0.65,0.19775,0.4828035714285714,0.08525
803,sc_1994_insc_387,0.39775,0.04775000000000001,0.39775,0.04775000000000001
803,sc_1995_insc_412,0.5761904761904763,0.18346428571428572,0.49889682539682534,0.08374285714285715
803,sc_1997_insc_486,0.39999999999999997,0.15,0.39999999999999997,0.06820000000000001
803,sc_2007_insc_1320,0.7144166666666666,0.3083333333333333,0.5712045454545454,0.26592424242424234
803,sc_2020_insc_186,0.54775,0.12275,0.4873333333333333,0.08525
804,sc_1952_insc_8,0.39999999999999997,0.05,0.3985,0.048650000000000006
804,sc_1962_insc_315,0.5349999999999999,0.11441666666666667,0.47072023809523805,0.07997916666666667
804,sc_1974_insc_180,0.4165,0.15775,0.40399999999999997,0.08923186813186813
804,sc_1981_insc_9,0.47274999999999995,0.19775,0.41319999999999996,0.13108333333333336
804,sc_1985_insc_242,0.54775,0.27275,0.48012499999999997,0.13774999999999998
804,sc_1997_insc_7,0.5644166666666666,0.15,0.4315333333333333,0.08183333333333334
804,sc_1998_insc_161,0.6045454545454545,0.24775,0.4753977272727272,0.14775
804,sc_1999_insc_150,0.4834642857142857,0.30714285714285716,0.42989285714285713,0.22604761904761905
804,sc_2005_insc_326,0.45775,0.2,0.42774999999999996,0.1428465909090909
804,sc_2012_insc_598,0.39999999999999997,0.05,0.398125,0.05
804,sc_2019_insc_394,0.49999999999999994,0.125,0.4129999999999999,0.125
804,sc_2020_insc_44,0.39775,0.05,0.39775,0.04943750000000001
805,in_abs_train_2869,0.4666666666666666,0.21941666666666668,0.4322083333333333,0.09179166666666667
805,in_abs_train_3476,0.58,0.22275,0.5147840909090909,0.14991964285714285
805,in_abs_train_3829,0.39999999999999997,0.25775,0.39924999999999994,0.08975000000000001
805,in_abs_train_6349,0.5644166666666666,0.27275,0.48486666666666667,0.14572222222222223
805,sc_1954_insc_47,0.4522954545454545,0.14,0.40910909090909087,0.09591666666666666
805,sc_1973_insc_199,0.5028571428571429,0.16025,0.49282864357864353,0.14703333333333332
805,sc_1979_insc_166,0.5027499999999999,0.27275,0.45774999999999993,0.15367619047619047
805,sc_1979_insc_47,0.39999999999999997,0.05,0.39924999999999994,0.049550000000000004
805,sc_1996_insc_794,0.509090909090909,0.1590909090909091,0.4435719696969696,0.13181818181818183
805,sc_2003_insc_336,0.5900576923076922,0.3384615384615384,0.4948653846153846,0.2811682692307692
805,sc_2005_insc_418,0.54775,0.04775000000000001,0.4488749999999999,0.04775000000000001
805,sc_2010_insc_207,0.54775,0.19775,0.47275,0.1483125
806,in_abs_train_3994,0.65,0.266797619047619,0.5679206349206348,0.21888095238095237
806,in_abs_train_5528,0.48307692307692307,0.25229545454545454,0.4457862762237762,0.185282196969697
806,sc_1960_insc_123,0.45775,0.07727272727272727,0.4218371212121212,0.07404982517482517
806,sc_1967_insc_283,0.39999999999999997,0.2,0.3983125,0.08637500000000001
806,sc_1981_insc_126,0.49774999999999997,0.2,0.43524999999999997,0.1233125
806,sc_1992_insc_248,0.6349999999999999,0.14775,0.5595545454545453,0.08108333333333334
806,sc_1996_insc_167,0.6027499999999999,0.19775,0.5048153846153846,0.16516666666666668
806,sc_2004_insc_419,0.4666666666666666,0.18108333333333335,0.4666666666666666,0.12203571428571429
806,sc_2009_insc_1202,0.5714285714285715,0.21917857142857144,0.48571428571428577,0.10385714285714287
806,sc_2012_insc_278,0.5272954545454545,0.12275,0.4361090909090909,0.09093181818181818
806,sc_2020_insc_694,0.5211538461538461,0.15615384615384614,0.49462980769230763,0.13864217032967033
806,sc_2022_insc_165,0.39775,0.08529411764705883,0.39775,0.05660882352941177
807,in_abs_train_2068,0.55775,0.14775,0.4300574999999999,0.08108333333333334
807,sc_1962_insc_385,0.39999999999999997,0.08525,0.3988749999999999,0.0665
807,sc_1966_insc_122,0.44775,0.19775,0.4461190476190476,0.11743076923076923
807,sc_1996_insc_560,0.622,0.34775,0.5674999999999999,0.17177142857142857
807,sc_1996_insc_622,0.45775,0.10775000000000001,0.4525984848484848,0.05975000000000001
807,sc_1997_insc_255,0.5487240259740259,0.07275000000000001,0.464607683982684,0.07178846153846155
807,sc_2001_insc_447,0.45775,0.14775,0.428875,0.08627777777777779
807,sc_2007_insc_707,0.59775,0.25,0.48525,0.148875
807,sc_2008_insc_1446,0.49774999999999997,0.1572738095238095,0.4956931818181817,0.14902678571428568
807,sc_2021_insc_108,0.4834642857142857,0.20999999999999996,0.4406071428571428,0.13681428571428572
807,sc_2023_insc_1076,0.5517941176470588,0.10727380952380952,0.45557352941176465,0.09822619047619047
807,sc_2023_insc_963,0.44775,0.09390384615384616,0.41516666666666663,0.05698076923076924
808,in_abs_train_2001,0.47082692307692303,0.12229545454545454,0.43936928071928066,0.09153030303030303
808,in_abs_train_2404,0.5321678321678321,0.30781493506493507,0.4867792832167832,0.20095417082917083
808,in_abs_train_3227,0.5875,0.24275,0.5570032738095239,0.18792857142857144
808,sc_1965_insc_42,0.39999999999999997,0.05,0.39999999999999997,0.04839285714285715
808,sc_1995_insc_40,0.39999999999999997,0.04775000000000001,0.3982,0.04775000000000001
808,sc_1996_insc_1418,0.5266666666666666,0.19775,0.5169702380952381,0.1487617243867244
808,sc_2006_insc_187,0.54775,0.05,0.46775,0.04850000000000001
808,sc_2007_insc_476,0.4666666666666666,0.22774999999999998,0.43643333333333334,0.10849999999999999
808,sc_2008_insc_924,0.41874999999999996,0.16775,0.4035625,0.09810714285714286
808,sc_2014_insc_402,0.7852499999999999,0.319047619047619,0.5574142857142858,0.1706349206349206
808,sc_2016_insc_1026,0.46874999999999994,0.13774999999999998,0.44345673076923076,0.10209926470588235
808,sc_2016_insc_560,0.39775,0.05,0.39775,0.04820000000000001
809,in_abs_train_1335,0.7477499999999998,0.3333333333333333,0.5344166666666667,0.27627777777777773
809,in_abs_train_1457,0.5916666666666666,0.22775,0.5360844322344323,0.17529901960784314
809,sc_1985_insc_110,0.49774999999999997,0.14775,0.4441785714285714,0.09206249999999999
809,sc_1990_insc_238,0.47274999999999995,0.04775000000000001,0.426468031968032,0.04775000000000001
809,sc_1993_insc_296,0.39999999999999997,0.07632142857142857,0.398875,0.05545535714285715
809,sc_1997_insc_444,0.39999999999999997,0.04775000000000001,0.3982,0.04183333333333334
809,sc_1997_insc_608,0.5227499999999999,0.13502272727272727,0.4592575757575757,0.08592447552447552
809,sc_1999_insc_565,0.66775,0.34502272727272726,0.5764999999999999,0.21059517045454546
809,sc_2006_insc_455,0.54775,0.05,0.47275,0.04820000000000001
809,sc_2007_insc_79,0.39999999999999997,0.04775000000000001,0.3985,0.04775000000000001
809,sc_2016_insc_859,0.5499999999999999,0.19775,0.44064999999999993,0.09775
809,sc_2017_insc_43,0.39999999999999997,0.13571428571428573,0.3983125,0.06974107142857144
810,in_abs_train_1601,0.39999999999999997,0.28346428571428567,0.39831249999999996,0.10724107142857142
810,in_abs_train_4689,0.54775,0.21917857142857144,0.4816785714285714,0.15545535714285716
810,in_abs_train_4974,0.49774999999999997,0.05,0.41479166666666667,0.048875
810,sc_1958_insc_59,0.5661538461538461,0.10525,0.5008452197802197,0.07316666666666667
810,sc_1959_insc_90,0.54775,0.19275,0.48789583333333325,0.1663863636363636
810,sc_1978_insc_169,0.6477499999999999,0.29,0.49944157925407917,0.16569345238095234
810,sc_1988_insc_211,0.48584523809523805,0.17502272727272727,0.4203363095238095,0.08866079545454546
810,sc_1996_insc_1250,0.7,0.35,0.5920624999999999,0.2608125
810,sc_2003_insc_740,0.39999999999999997,0.19775,0.3985,0.09534285714285715
810,sc_2006_insc_347,0.46441666666666664,0.12275,0.4310833333333333,0.11180303030303029
810,sc_2009_insc_855,0.4749999999999999,0.2,0.47387499999999994,0.15028571428571427
810,sc_2010_insc_280,0.5906071428571428,0.14441666666666667,0.48778571428571427,0.08253333333333335
811,in_abs_train_1321,0.5310833333333334,0.04775000000000001,0.4751666666666667,0.04775000000000001
811,in_abs_train_2829,0.6295681818181817,0.10229545454545455,0.5205492424242425,0.08656118881118882
811,in_abs_train_3144,0.47274999999999995,0.26441666666666663,0.4457222222222222,0.13077575757575757
811,sc_1969_insc_171,0.39999999999999997,0.2,0.398875,0.07387500000000001
811,sc_1970_insc_246,0.5664999999999999,0.21775,0.5150131578947367,0.14636988795518208
811,sc_1993_insc_298,0.39999999999999997,0.05,0.3985,0.048875
811,sc_1995_insc_397,0.6177499999999999,0.17729545454545453,0.5195892857142856,0.10213257575757577
811,sc_2000_insc_581,0.5499999999999999,0.2,0.4997083333333333,0.1758125
811,sc_2002_insc_258,0.48571428571428565,0.13346428571428573,0.43079285714285714,0.1250436507936508
811,sc_2011_insc_609,0.39999999999999997,0.04775000000000001,0.3980714285714285,0.04775000000000001
811,sc_2018_insc_882,0.7185833333333332,0.18525000000000003,0.5460833333333334,0.15266666666666667
811,sc_2019_insc_95,0.453328947368421,0.20835606060606063,0.42702631578947364,0.15286205461205463
812,in_abs_train_3926,0.46441666666666664,0.04775000000000001,0.4199722222222222,0.0442
812,in_abs_train_5037,0.47274999999999995,0.125,0.45653333333333335,0.09572222222222222
812,sc_1971_insc_325,0.49774999999999997,0.04775000000000001,0.4182,0.04775000000000001
812,sc_1979_insc_135,0.47274999999999995,0.14775,0.4165,0.0733125
812,sc_1992_insc_286,0.5333333333333333,0.11441666666666667,0.4939393939393939,0.05886111111111112
812,sc_1996_insc_422,0.39999999999999997,0.04775000000000001,0.39943749999999995,0.04775000000000001
812,sc_1996_insc_462,0.39999999999999997,0.05,0.398875,0.04818750000000001
812,sc_1999_insc_539,0.54775,0.21441666666666667,0.47804166666666664,0.13372916666666668
812,sc_2000_insc_442,0.4250227272727272,0.16025,0.4250227272727272,0.11322142857142858
812,sc_2005_insc_468,0.39999999999999997,0.12275,0.3970625,0.067625
812,sc_2008_insc_1041,0.4834642857142857,0.13346428571428573,0.4148928571428572,0.1192936507936508
812,sc_2015_insc_967,0.6777499999999999,0.16775,0.5444166666666667,0.1295681818181818
813,in_abs_train_2282,0.49999999999999994,0.21363636363636362,0.4966858974358974,0.13227727272727272
813,in_abs_train_2631,0.5584642857142856,0.19775,0.47945535714285714,0.14370955882352943
813,in_abs_train_6205,0.45775,0.05,0.44194886363636354,0.04831250000000001
813,sc_1958_insc_31,0.39999999999999997,0.11,0.3983125,0.0644375
813,sc_1995_insc_443,0.5644166666666666,0.147675,0.4709027777777777,0.13217083333333335
813,sc_2009_insc_28,0.39999999999999997,0.05,0.3985,0.0491
813,sc_2011_insc_431,0.6416666666666666,0.23525000000000001,0.5507320967860828,0.18122916666666666
813,sc_2012_insc_344,0.49999999999999994,0.15,0.4318333333333333,0.06865
813,sc_2013_insc_504,0.5394166666666665,0.11441666666666667,0.4672083333333332,0.08220833333333333
813,sc_2018_insc_60,0.39999999999999997,0.05,0.398875,0.048875
813,sc_2018_insc_809,0.39999999999999997,0.25,0.398875,0.13277083333333334
813,sc_2022_insc_787,0.4834642857142857,0.22275,0.4741261904761904,0.15683333333333335
814,in_abs_train_1114,0.67275,0.34775,0.5863571428571429,0.21591428571428573
814,in_abs_train_1748,0.6568409090909091,0.35299475524475527,0.5366118881118881,0.14815004995004993
814,in_abs_train_6480,0.54775,0.12275,0.51025,0.061
814,sc_1983_insc_180,0.39775,0.15,0.39775,0.09474107142857142
814,sc_1987_insc_159,0.4666666666666666,0.25608333333333333,0.44887499999999997,0.11595833333333333
814,sc_1994_insc_465,0.5777499999999999,0.23333333333333334,0.49229166666666657,0.19583333333333333
814,sc_2004_insc_40,0.5068409090909091,0.2318409090909091,0.4772954545454545,0.12767045454545453
814,sc_2009_insc_779,0.39999999999999997,0.14275,0.3985,0.06765
814,sc_2010_insc_848,0.6144166666666666,0.20229545454545453,0.4816780303030303,0.13335606060606062
814,sc_2015_insc_429,0.39775,0.13571428571428573,0.39775,0.06278571428571429
814,sc_2021_insc_184,0.42999999999999994,0.1,0.4183409090909091,0.07146538461538463
814,sc_2022_insc_125,0.39775,0.19775,0.39775,0.14417857142857143
815,in_abs_train_6619,0.39999999999999997,0.04775000000000001,0.39865,0.04775000000000001
815,sc_1971_insc_25,0.6519166666666666,0.2916893939393939,0.5375075757575757,0.19315454545454547
815,sc_1975_insc_303,0.39999999999999997,0.14024999999999999,0.3983125,0.07087500000000001
815,sc_1984_insc_51,0.5177499999999999,0.10775000000000001,0.45465909090909085,0.0866818181818182
815,sc_1997_insc_199,0.4772954545454545,0.18216783216783217,0.47633391608391606,0.10056876456876457
815,sc_2000_insc_204,0.47274999999999995,0.18108333333333335,0.4170625,0.12589583333333335
815,sc_2004_insc_150,0.49078947368421044,0.3253518099547511,0.4555856817760842,0.15326387631975866
815,sc_2004_insc_269,0.5852499999999999,0.12275,0.463375,0.0764375
815,sc_2011_insc_452,0.49515259740259737,0.13676098901098901,0.4665104617604617,0.09893271728271728
815,sc_2019_insc_1103,0.6568409090909091,0.29230769230769227,0.5829659090909091,0.17535431235431234
815,sc_2022_insc_963,0.615826923076923,0.31775,0.5067884615384615,0.21788626651126652
815,sc_2023_insc_607,0.39999999999999997,0.14775,0.3982,0.08183333333333333
816,in_abs_train_701,0.546590909090909,0.21775,0.5158723776223777,0.15791483516483515
816,sc_1962_insc_221,0.49525,0.15615384615384614,0.42144910714285716,0.12502884615384613
816,sc_1967_insc_282,0.4666666666666666,0.18941666666666668,0.444280303030303,0.18941666666666668
816,sc_1975_insc_307,0.54775,0.04775000000000001,0.4608125,0.04775000000000001
816,sc_1996_insc_464,0.39999999999999997,0.05,0.39909999999999995,0.04850000000000001
816,sc_1997_insc_114,0.39999999999999997,0.05,0.39999999999999997,0.04903571428571429
816,sc_2004_insc_36,0.5227499999999999,0.46025,0.4823333333333333,0.213140625
816,sc_2005_insc_519,0.5310833333333334,0.18275,0.45568484848484847,0.13275
816,sc_2008_insc_40,0.6077499999999999,0.04775000000000001,0.4982261904761905,0.04775000000000001
816,sc_2012_insc_583,0.39775,0.26666666666666666,0.39775,0.13322222222222221
816,sc_2017_insc_699,0.4772954545454545,0.2058269230769231,0.4772954545454545,0.12310639360639362
816,sc_2018_insc_338,0.39999999999999997,0.05,0.3982,0.04850000000000001
817,in_abs_train_1086,0.49774999999999997,0.15,0.46649999999999997,0.123875
817,in_abs_train_1473,0.39775,0.09615384615384615,0.39775,0.057880769230769236
817,in_abs_train_827,0.39999999999999997,0.10775000000000001,0.3985,0.07220000000000001
817,sc_1959_insc_34,0.7537939560439559,0.3691785714285714,0.7080508241758241,0.28167109279609276
817,sc_1966_insc_128,0.39775,0.26775,0.39775,0.20770745920745917
817,sc_1970_insc_114,0.679917832167832,0.12917857142857142,0.5408536463536463,0.12917857142857142
817,sc_1971_insc_193,0.46441666666666664,0.2,0.4299791666666667,0.1233125
817,sc_1984_insc_182,0.39999999999999997,0.05,0.3970625,0.04887500000000001
817,sc_1992_insc_128,0.6083333333333333,0.2810833333333333,0.5353611111111111,0.1832
817,sc_2000_insc_279,0.5927499999999999,0.15608333333333332,0.53275,0.11443055555555555
817,sc_2005_insc_47,0.54775,0.2,0.42274999999999996,0.12387500000000001
817,sc_2012_insc_566,0.5282694805194805,0.12372402597402599,0.4537967449217449,0.0964512987012987
818,in_abs_train_26,0.5852499999999999,0.23108333333333334,0.5068541666666666,0.18804734848484847
818,in_abs_train_695,0.5776223776223777,0.331840909090909,0.5552349317349315,0.25521798201798196
818,sc_1961_insc_203,0.6177499999999999,0.28025,0.5502821969696969,0.2144644886363636
818,sc_1978_insc_29,0.49999999999999994,0.17729545454545453,0.4318333333333333,0.09365909090909091
818,sc_1985_insc_69,0.54775,0.05,0.45865909090909096,0.04850000000000001
818,sc_1987_insc_76,0.44775,0.25229545454545454,0.42274999999999996,0.12653030303030302
818,sc_1996_insc_1423,0.39999999999999997,0.05,0.3985,0.04820000000000001
818,sc_1998_insc_470,0.5177499999999999,0.11441666666666667,0.45868055555555554,0.11108333333333334
818,sc_2008_insc_157,0.39775,0.12275,0.39775,0.07425
818,sc_2009_insc_245,0.7,0.20775,0.5483125,0.17127272727272727
818,sc_2009_insc_816,0.49774999999999997,0.09390384615384614,0.44796794871794865,0.05698076923076924
818,sc_2022_insc_326,0.44775,0.09775,0.4310833333333333,0.05820000000000001
819,in_abs_train_5807,0.54775,0.20684090909090908,0.44775,0.14035795454545455
819,sc_1962_insc_171,0.47274999999999995,0.13346428571428573,0.4165,0.06755357142857144
819,sc_1962_insc_294,0.44775,0.09775,0.40865,0.06441666666666668
819,sc_1963_insc_128,0.5272954545454545,0.12275,0.4500075757575757,0.08525
819,sc_1963_insc_137,0.45775,0.15416666666666667,0.43593181818181814,0.061310833333333335
819,sc_2008_insc_122,0.49774999999999997,0.14775,0.49774999999999997,0.08444727891156463
819,sc_2013_insc_473,0.39999999999999997,0.19775,0.3985,0.07775000000000001
819,sc_2013_insc_563,0.46441666666666664,0.04775000000000001,0.4092361111111111,0.045250000000000005
819,sc_2018_insc_215,0.4834642857142857,0.12275,0.4204829931972789,0.12275
819,sc_2019_insc_1399,0.4428571428571428,0.04775000000000001,0.40564285714285714,0.04775000000000001
819,sc_2022_insc_529,0.54775,0.19775,0.47331249999999997,0.12275
819,sc_2023_insc_582,0.44999999999999996,0.04775000000000001,0.4226845238095238,0.04775000000000001
820,in_abs_train_2588,0.39775,0.05,0.39775,0.04887500000000001
820,in_abs_train_5590,0.47274999999999995,0.12275,0.411,0.08637500000000001
820,in_abs_train_979,0.4406071428571428,0.3060833333333333,0.43584523809523806,0.18590277777777775
820,sc_1986_insc_192,0.7727499999999998,0.2,0.556251948051948,0.14850000000000002
820,sc_1996_insc_351,0.39999999999999997,0.16999999999999998,0.398875,0.13812500000000003
820,sc_1997_insc_181,0.5810833333333333,0.15275,0.5318541666666666,0.1333125
820,sc_1998_insc_420,0.5906071428571428,0.25775,0.4906071428571428,0.1782214285714286
820,sc_2010_insc_607,0.4461538461538461,0.30060714285714285,0.43723296703296705,0.1916461038961039
820,sc_2013_insc_109,0.5644166666666666,0.26441666666666663,0.47486666666666666,0.1896540404040404
820,sc_2013_insc_419,0.47274999999999995,0.14775,0.44849999999999995,0.09308333333333334
820,sc_2014_insc_581,0.5209642857142857,0.14775,0.47658630952380954,0.0733125
820,sc_2018_insc_783,0.4749999999999999,0.125,0.4735,0.07865
821,in_abs_train_1245,0.573076923076923,0.19872402597402597,0.5293782051282051,0.14714590409590408
821,in_abs_train_657,0.5277499999999999,0.12775,0.4814496336996337,0.09941666666666667
821,sc_1975_insc_268,0.6120357142857142,0.27275,0.47896726190476185,0.18997916666666664
821,sc_1985_insc_215,0.49999999999999994,0.3,0.48409848484848483,0.19091818181818182
821,sc_1989_insc_83,0.44775,0.3714285714285714,0.41441666666666666,0.16548571428571424
821,sc_1999_insc_381,0.6691785714285714,0.21441666666666667,0.5675039682539682,0.1552
821,sc_2004_insc_518,0.55775,0.17729545454545453,0.48114772727272725,0.09433522727272728
821,sc_2007_insc_267,0.4749999999999999,0.125,0.42424999999999996,0.06365000000000001
821,sc_2013_insc_132,0.4749999999999999,0.19346428571428576,0.44849999999999995,0.10389285714285716
821,sc_2015_insc_416,0.45775,0.21390384615384614,0.41775,0.09111153846153845
821,sc_2018_insc_1188,0.39775,0.04775000000000001,0.39775,0.04775000000000001
821,sc_2022_insc_38,0.59775,0.3144166666666666,0.508907738095238,0.15399999999999997
822,in_abs_train_3807,0.4776223776223776,0.13275,0.4580245587745588,0.09027447552447554
822,sc_1961_insc_99,0.7681818181818182,0.10454545454545455,0.545844696969697,0.10342045454545455
822,sc_1964_insc_92,0.55275,0.20846428571428574,0.5236950549450549,0.17989285714285716
822,sc_1975_insc_329,0.6237240259740259,0.36060606060606054,0.6220660173160173,0.27549049284049276
822,sc_1978_insc_79,0.47274999999999995,0.20846428571428574,0.4315,0.16952976190476193
822,sc_1998_insc_300,0.4749999999999999,0.14775,0.4282,0.08108333333333334
822,sc_2001_insc_510,0.6344166666666665,0.28749358974358974,0.5660833333333333,0.2266834554334554
822,sc_2003_insc_243,0.39999999999999997,0.05,0.3985,0.047200000000000006
822,sc_2003_insc_542,0.4961538461538461,0.09775,0.46132051282051284,0.08568296703296703
822,sc_2007_insc_1314,0.4799999999999999,0.09615384615384615,0.43887499999999996,0.07926923076923077
822,sc_2007_insc_239,0.39999999999999997,0.04775000000000001,0.3985,0.04775000000000001
822,sc_2010_insc_792,0.4522954545454545,0.15,0.41138636363636366,0.08637500000000001
823,in_abs_train_121,0.4522954545454545,0.16999999999999998,0.4261477272727272,0.14668181818181816
823,in_abs_train_160,0.45999999999999996,0.11,0.4444681818181818,0.10925
823,in_abs_train_4851,0.6327499999999998,0.135,0.5578712359069501,0.135
823,in_abs_train_5974,0.54775,0.36,0.5006607142857142,0.23506249999999998
823,sc_1953_insc_39,0.5644166666666666,0.18333333333333335,0.4873888888888888,0.08910000000000001
823,sc_1961_insc_291,0.5177499999999999,0.2052941176470588,0.48774999999999996,0.12276470588235296
823,sc_1968_insc_315,0.5327499999999998,0.19390384615384618,0.48334230769230757,0.16388461538461538
823,sc_1968_insc_57,0.54775,0.22275,0.4609181818181818,0.15986363636363635
823,sc_1988_insc_117,0.39775,0.19775,0.39775,0.0782
823,sc_1988_insc_313,0.49999999999999994,0.14775,0.48793571428571425,0.10965476190476191
823,sc_2010_insc_765,0.5458269230769229,0.14060714285714285,0.4696501831501831,0.09132142857142858
823,sc_2012_insc_347,0.4923076923076922,0.2857142857142857,0.4923076923076922,0.18411459968602825
824,in_abs_train_1780,0.56,0.11,0.49001515151515146,0.056900000000000006
824,in_abs_train_5530,0.43775,0.19060714285714286,0.4110833333333333,0.1063390756302521
824,sc_1972_insc_284,0.5927499999999999,0.2505909090909091,0.5217215909090909,0.19665297202797205
824,sc_1989_insc_176,0.39999999999999997,0.05,0.3983125,0.048875
824,sc_2005_insc_442,0.46441666666666664,0.09615384615384615,0.4207222222222222,0.057880769230769236
824,sc_2006_insc_977,0.39775,0.05,0.39775,0.048875
824,sc_2007_insc_1083,0.47774999999999995,0.26121153846153844,0.4555767149517149,0.19846291208791206
824,sc_2007_insc_47,0.47274999999999995,0.27275,0.45591833333333326,0.17275
824,sc_2008_insc_1382,0.45229545454545456,0.09775,0.4095590909090909,0.06516666666666666
824,sc_2009_insc_823,0.39775,0.04775000000000001,0.39775,0.04775000000000001
824,sc_2010_insc_424,0.5310833333333334,0.18333333333333335,0.4495590909090909,0.11591666666666667
824,sc_2019_insc_511,0.45353947368421055,0.06578947368421054,0.42374796365914785,0.06493150154798763
825,in_abs_train_1770,0.39999999999999997,0.10229545454545455,0.3985,0.05865909090909092
825,sc_1962_insc_135,0.46874999999999994,0.11650000000000002,0.4474333333333333,0.07641666666666667
825,sc_1990_insc_169,0.43524999999999997,0.10328947368421051,0.43524999999999997,0.05885789473684211
825,sc_1996_insc_1221,0.7084642857142857,0.3334642857142857,0.5908630952380952,0.28435714285714286
825,sc_1999_insc_420,0.39775,0.05,0.39775,0.04850000000000001
825,sc_2003_insc_592,0.51025,0.04775000000000001,0.42115,0.04775000000000001
825,sc_2005_insc_274,0.39999999999999997,0.21917857142857144,0.39999999999999997,0.10929365079365079
825,sc_2007_insc_365,0.4910833333333333,0.1715909090909091,0.48240367965367964,0.14043560606060607
825,sc_2009_insc_363,0.47274999999999995,0.125,0.42274999999999996,0.09243333333333334
825,sc_2014_insc_604,0.54775,0.19775,0.4358125,0.08581250000000001
825,sc_2017_insc_836,0.6444166666666665,0.2,0.5035590909090908,0.17905555555555555
825,sc_2019_insc_36,0.48775,0.24441666666666664,0.48775,0.12748717948717947
826,in_abs_train_1588,0.49005769230769225,0.29005769230769224,0.4639038461538461,0.1420723443223443
826,in_abs_train_3190,0.49774999999999997,0.07727272727272727,0.43653787878787875,0.0575909090909091
826,sc_1963_insc_136,0.5227499999999999,0.1795454545454545,0.46763636363636363,0.11161850649350649
826,sc_1966_insc_8,0.54775,0.19775,0.54775,0.07383125
826,sc_1984_insc_83,0.49168939393939387,0.13941666666666666,0.4341569264069264,0.08739646464646465
826,sc_1996_insc_1014,0.47274999999999995,0.15229545454545454,0.45808522727272727,0.11574242424242424
826,sc_1997_insc_17,0.39999999999999997,0.12275,0.39762499999999995,0.0858125
826,sc_2001_insc_313,0.39999999999999997,0.05,0.398875,0.04450000000000001
826,sc_2003_insc_439,0.543903846153846,0.09060714285714286,0.42990064102564096,0.06917857142857144
826,sc_2005_insc_557,0.5352499999999999,0.18058823529411766,0.4797588235294117,0.13369607843137254
826,sc_2008_insc_648,0.39999999999999997,0.11441666666666667,0.396375,0.059611111111111115
826,sc_2014_insc_605,0.5156071428571428,0.075,0.4484601370851371,0.06210178571428572
827,in_abs_train_3183,0.4191785714285714,0.19775,0.40958928571428566,0.09402039627039627
827,in_abs_train_5521,0.47082692307692303,0.04775000000000001,0.445476923076923,0.04775000000000001
827,in_abs_train_5894,0.5966666666666666,0.21441666666666667,0.506375,0.13670833333333335
827,in_abs_train_6373,0.59775,0.2,0.5169807692307693,0.16438461538461538
827,in_abs_train_6888,0.5808269230769231,0.13275,0.5056518997668997,0.09349999999999999
827,sc_1975_insc_241,0.5230769230769231,0.20775,0.45952564102564103,0.11836083333333332
827,sc_1996_insc_1344,0.54775,0.20999999999999996,0.5227499999999999,0.09425757575757575
827,sc_2010_insc_62,0.39775,0.04775000000000001,0.39775,0.04775000000000001
827,sc_2011_insc_550,0.61,0.22999999999999998,0.5580769230769231,0.1865128205128205
827,sc_2013_insc_237,0.48571428571428565,0.125,0.45282142857142854,0.10698333333333335
827,sc_2018_insc_344,0.44999999999999996,0.3357142857142857,0.44887499999999997,0.22346031746031747
827,sc_2021_insc_246,0.45775,0.04775000000000001,0.4215590909090909,0.04775000000000001
828,in_abs_train_3135,0.6500227272727273,0.18333333333333335,0.574182683982684,0.14798737373737372
828,sc_1988_insc_343,0.5275576923076922,0.18890384615384614,0.47954700854700844,0.14083979518933082
828,sc_1993_insc_82,0.5068409090909091,0.30684090909090905,0.46502272727272725,0.19558522727272726
828,sc_1995_insc_867,0.48502272727272727,0.30684090909090905,0.44577272727272726,0.1798924242424242
828,sc_1997_insc_11,0.49999999999999994,0.14525,0.4720353535353535,0.10521993006993006
828,sc_1997_insc_324,0.5727499999999999,0.38108333333333333,0.49727083333333333,0.25069345238095236
828,sc_1999_insc_216,0.6677499999999998,0.11,0.4850999999999999,0.0685
828,sc_2000_insc_438,0.4749999999999999,0.125,0.41762499999999997,0.08581250000000001
828,sc_2011_insc_598,0.39999999999999997,0.05,0.3982,0.04850000000000001
828,sc_2014_insc_1038,0.5691785714285714,0.26,0.4620357142857143,0.1618482142857143
828,sc_2017_insc_617,0.49999999999999994,0.04775000000000001,0.41554166666666664,0.04775000000000001
829,in_abs_train_7059,0.39999999999999997,0.12275000000000003,0.3985,0.09937647058823532
829,sc_1971_insc_70,0.39999999999999997,0.09390384615384614,0.3985,0.06255219780219781
829,sc_1984_insc_33,0.5499999999999999,0.25229545454545454,0.5125113636363636,0.1767215909090909
829,sc_1995_insc_61,0.45454545454545453,0.1568409090909091,0.4309272727272727,0.10229545454545454
829,sc_1995_insc_757,0.7464285714285713,0.36917857142857147,0.5925071428571428,0.21750396825396826
829,sc_1996_insc_108,0.5499999999999999,0.2,0.4619375,0.08581250000000001
829,sc_2001_insc_274,0.45775,0.04775000000000001,0.4119625,0.04775000000000001
829,sc_2009_insc_634,0.4666666666666666,0.05,0.4163517316017316,0.05
829,sc_2015_insc_1028,0.47274999999999995,0.15275,0.43334090909090905,0.09708333333333334
829,sc_2018_insc_939,0.5000227272727271,0.17082692307692307,0.4459280303030302,0.16291346153846153
829,sc_2022_insc_633,0.39775,0.04775000000000001,0.39775,0.04775000000000001
829,sc_2023_insc_863,0.54775,0.22275,0.49849999999999994,0.16153333333333336
830,in_abs_train_1477,0.5499999999999999,0.10454545454545455,0.46182727272727264,0.06705681818181819
830,in_abs_train_1800,0.6656071428571427,0.15608333333333332,0.5583234126984127,0.1166780303030303
830,sc_1964_insc_106,0.39999999999999997,0.05,0.39865,0.04850000000000001
830,sc_1997_insc_564,0.46441666666666664,0.05,0.4322083333333333,0.04812500000000001
830,sc_1998_insc_148,0.55775,0.2,0.43775,0.1244375
830,sc_2005_insc_403,0.39775,0.19775,0.39775,0.0858125
830,sc_2007_insc_593,0.4975,0.2629083333333333,0.447625,0.14509583333333334
830,sc_2008_insc_499,0.5088076923076922,0.31875,0.49565764382676136,0.199875
830,sc_2010_insc_576,0.5827499999999999,0.13502272727272727,0.5047993418346359,0.1106504329004329
830,sc_2012_insc_110,0.47274999999999995,0.04775000000000001,0.42519999999999997,0.04775000000000001
830,sc_2012_insc_134,0.5839743589743589,0.19132142857142856,0.48610474905211737,0.13382142857142856
830,sc_2019_insc_1002,0.49582692307692305,0.37502272727272723,0.46308226495726496,0.2837234848484848
831,in_abs_train_1923,0.619340909090909,0.38525,0.5238887987012987,0.25605357142857144
831,sc_1963_insc_203,0.5022727272727272,0.2795681818181818,0.467590909090909,0.13353011988011987
831,sc_1969_insc_158,0.49774999999999997,0.10775000000000001,0.47775,0.07831250000000001
831,sc_1989_insc_364,0.4666666666666666,0.18333333333333335,0.4651666666666667,0.13931666666666667
831,sc_1995_insc_308,0.5450227272727273,0.14775,0.5163863636363637,0.09683712121212122
831,sc_2001_insc_382,0.7433333333333333,0.5266666666666666,0.704026515151515,0.4354602272727272
831,sc_2002_insc_438,0.5548928571428571,0.20274999999999999,0.4977499999999999,0.1602625313283208
831,sc_2003_insc_471,0.39775,0.14775,0.3975625,0.09054166666666666
831,sc_2006_insc_350,0.48571428571428565,0.12275,0.4153428571428571,0.07275000000000001
831,sc_2008_insc_1327,0.5049999999999999,0.16025,0.46141287878787873,0.09465178571428573
831,sc_2012_insc_228,0.5333333333333333,0.11666666666666667,0.5322083333333334,0.10165277777777777
831,sc_2024_insc_196,0.44999999999999996,0.10454545454545455,0.41081249999999997,0.08768618881118882
832,in_abs_train_2614,0.39775,0.05,0.39775,0.04831250000000001
832,sc_1975_insc_114,0.44775,0.3282694805194805,0.44775,0.23708273868988153
832,sc_1984_insc_229,0.5122954545454544,0.1,0.4699318181818182,0.0811923076923077
832,sc_2001_insc_526,0.45917857142857144,0.09060714285714286,0.41479464285714285,0.05902678571428572
832,sc_2008_insc_112,0.49999999999999994,0.14775,0.46864999999999996,0.10608333333333335
832,sc_2008_insc_875,0.6227499999999999,0.26,0.5670624999999999,0.17220833333333335
832,sc_2010_insc_369,0.62,0.26,0.5358125,0.168875
832,sc_2010_insc_511,0.39999999999999997,0.05,0.3983125,0.04831250000000001
832,sc_2011_insc_658,0.5068409090909091,0.31775,0.4570858585858586,0.19346818181818182
832,sc_2013_insc_539,0.39999999999999997,0.04775000000000001,0.3985,0.04775000000000001
832,sc_2018_insc_1158,0.39999999999999997,0.25229545454545454,0.3985,0.15114772727272727
832,sc_2023_insc_890,0.46441666666666664,0.13749358974358974,0.4276645299145299,0.09704981684981684
833,in_abs_train_422,0.606840909090909,0.23409090909090907,0.526530303030303,0.19638181818181816
833,in_abs_train_626,0.6022954545454544,0.11441666666666667,0.43955909090909084,0.08997222222222223
833,in_abs_train_6406,0.39999999999999997,0.12275,0.398875,0.061000000000000006
833,sc_1958_insc_51,0.5188311688311689,0.1484493006993007,0.5188311688311689,0.12695717496788925
833,sc_1989_insc_177,0.66775,0.28346428571428567,0.5088863636363636,0.15143993506493506
833,sc_2006_insc_387,0.4749999999999999,0.26025,0.44849999999999995,0.12736666666666666
833,sc_2006_insc_545,0.6439393939393939,0.14168939393939395,0.5541721056721056,0.09020454545454547
833,sc_2007_insc_978,0.44775,0.09390384615384614,0.41025,0.05985096153846155
833,sc_2011_insc_809,0.39999999999999997,0.19775,0.39875,0.08637500000000001
833,sc_2023_insc_1022,0.44775,0.04775000000000001,0.4090999999999999,0.04775000000000001
833,sc_2023_insc_1078,0.5449999999999999,0.1950227272727273,0.48012499999999997,0.16285795454545454
833,sc_2023_insc_572,0.5461538461538461,0.2461538461538461,0.483542735042735,0.17666153846153848
834,in_abs_train_3287,0.4545454545454545,0.05,0.4174318181818181,0.04910000000000001
834,in_abs_train_4464,0.6394166666666665,0.23108333333333334,0.5401666666666666,0.14849025974025973
834,in_abs_train_6396,0.49774999999999997,0.04775000000000001,0.41774999999999995,0.04775000000000001
834,in_abs_train_982,0.44775,0.25,0.44582692307692307,0.14039976689976688
834,sc_1960_insc_147,0.4874935897435897,0.13307692307692306,0.46472191697191695,0.09656153846153845
834,sc_1997_insc_91,0.6377499999999998,0.14775,0.4976285714285714,0.13465476190476192
834,sc_1998_insc_255,0.5533333333333333,0.18941666666666668,0.47331666666666666,0.16294444444444445
834,sc_2008_insc_111,0.600826923076923,0.22999999999999998,0.490729020979021,0.17619230769230768
834,sc_2009_insc_440,0.5499999999999999,0.1973375,0.47331249999999997,0.111271875
834,sc_2020_insc_132,0.4749999999999999,0.04775000000000001,0.4140999999999999,0.04608333333333334
834,sc_2021_insc_164,0.49774999999999997,0.13571428571428573,0.4604047619047618,0.10007857142857143
