reward_call_index,case_id,reference_outcome,correct_generations,reward_std,outcome_variants,generated_allowed,generated_dismissed,valid_generations,p_allowed_sampled,y_allowed,call_bin
1,in_abs_train_3287,dismissed,5.0,0.18106830486527925,2,3,5,8,0.375,0,0
1,in_abs_train_4573,allowed,5.0,0.22130629246048025,3,5,2,7,0.7142857142857143,1,0
1,in_abs_train_6396,allowed,4.0,0.203100960115899,2,4,4,8,0.5,1,0
1,sc_1961_insc_309,dismissed,4.0,0.19905227244401896,2,4,4,8,0.5,0,0
1,sc_1990_insc_76,allowed,5.0,0.1812235664222115,2,5,3,8,0.625,1,0
1,sc_1997_insc_577,dismissed,5.0,0.2030010219889257,2,3,5,8,0.375,0,0
1,sc_1997_insc_91,dismissed,6.0,0.20056350553424865,2,2,6,8,0.25,0,0
1,sc_2008_insc_111,allowed,5.0,0.16084370643035928,2,5,3,8,0.625,1,0
1,sc_2009_insc_440,dismissed,6.0,0.1686400582254443,2,2,6,8,0.25,0,0
1,sc_2020_insc_132,allowed,5.0,0.15895568444615477,2,5,3,8,0.625,1,0
1,sc_2021_insc_164,allowed,4.0,0.20223736787636756,2,4,4,8,0.5,1,0
1,sc_2022_insc_904,dismissed,7.0,0.10859602708301205,2,1,7,8,0.125,0,0
2,in_abs_train_1208,dismissed,2.0,0.15846656948969814,2,6,2,8,0.75,0,0
2,in_abs_train_1818,dismissed,3.0,0.1733290818804747,2,5,3,8,0.625,0,0
2,sc_1968_insc_335,allowed,3.0,0.18516354277882227,3,3,4,7,0.42857142857142855,1,0
2,sc_1968_insc_338,dismissed,2.0,0.2169760923275836,2,6,2,8,0.75,0,0
2,sc_1996_insc_1245,dismissed,3.0,0.17470255333811566,2,5,3,8,0.625,0,0
2,sc_1999_insc_25,dismissed,6.0,0.15863669462734897,2,2,6,8,0.25,0,0
2,sc_2001_insc_191,allowed,4.0,0.19363557008715157,2,4,4,8,0.5,1,0
2,sc_2003_insc_425,allowed,3.0,0.1825598207975754,2,3,5,8,0.375,1,0
2,sc_2006_insc_448,allowed,6.0,0.16527603736411914,2,6,2,8,0.75,1,0
2,sc_2012_insc_97,dismissed,4.0,0.17804824319820928,3,2,4,6,0.3333333333333333,0,0
2,sc_2016_insc_1162,allowed,5.0,0.18083541254016433,2,5,3,8,0.625,1,0
2,sc_2021_insc_126,allowed,2.0,0.19903420200006258,2,2,6,8,0.25,1,0
3,in_abs_train_103,dismissed,4.0,0.20292321547039013,2,4,4,8,0.5,0,0
3,in_abs_train_6142,allowed,3.0,0.2238675796221397,2,3,5,8,0.375,1,0
3,in_abs_train_6494,dismissed,5.0,0.18005739464722204,2,3,5,8,0.375,0,0
3,sc_1970_insc_231,dismissed,4.0,0.2187549995941527,3,3,4,7,0.42857142857142855,0,0
3,sc_1980_insc_110,allowed,4.0,0.15663009216589788,2,4,4,8,0.5,1,0
3,sc_1990_insc_203,allowed,6.0,0.16364287377570977,2,6,2,8,0.75,1,0
3,sc_2001_insc_193,allowed,2.0,0.21421464162738282,2,2,6,8,0.25,1,0
3,sc_2003_insc_321,allowed,5.0,0.20657867750569028,2,5,3,8,0.625,1,0
3,sc_2004_insc_608,dismissed,6.0,0.16441984156460054,2,2,6,8,0.25,0,0
3,sc_2007_insc_600,allowed,4.0,0.1891959461161515,3,4,3,7,0.5714285714285714,1,0
3,sc_2009_insc_23,dismissed,3.0,0.18158840023034037,2,5,3,8,0.625,0,0
3,sc_2018_insc_459,dismissed,5.0,0.19039430647864478,2,3,5,8,0.375,0,0
4,in_abs_train_2407,allowed,6.0,0.16150110224634912,2,6,2,8,0.75,1,0
4,sc_1983_insc_190,dismissed,3.0,0.18182756499732688,2,5,3,8,0.625,0,0
4,sc_1988_insc_161,dismissed,4.0,0.18721333006279642,2,4,4,8,0.5,0,0
4,sc_1997_insc_826,allowed,2.0,0.15734270047372018,2,2,6,8,0.25,1,0
4,sc_1998_insc_444,dismissed,6.0,0.19830071069948438,2,2,6,8,0.25,0,0
4,sc_2011_insc_107,allowed,3.0,0.1498063692642614,2,3,5,8,0.375,1,0
4,sc_2012_insc_436,dismissed,3.0,0.19611529706318395,2,5,3,8,0.625,0,0
4,sc_2013_insc_510,dismissed,5.0,0.2129239468965709,2,3,5,8,0.375,0,0
4,sc_2018_insc_1018,allowed,3.0,0.1806788167479203,2,3,5,8,0.375,1,0
4,sc_2021_insc_762,allowed,2.0,0.15212971417550583,2,2,6,8,0.25,1,0
4,sc_2022_insc_1017,allowed,5.0,0.18098987491411936,2,5,3,8,0.625,1,0
4,sc_2023_insc_331,dismissed,5.0,0.2071255572337828,2,3,5,8,0.375,0,0
5,in_abs_train_7067,allowed,4.0,0.20173747261941605,2,4,4,8,0.5,1,0
5,sc_1962_insc_245,dismissed,6.0,0.17087925304736032,2,2,6,8,0.25,0,0
5,sc_1972_insc_19,dismissed,3.0,0.15478076493367118,2,5,3,8,0.625,0,0
5,sc_1984_insc_108,dismissed,4.0,0.20384162226408944,2,4,4,8,0.5,0,0
5,sc_1984_insc_221,dismissed,6.0,0.15861421867278402,2,2,6,8,0.25,0,0
5,sc_1987_insc_226,dismissed,7.0,0.11048543456039805,2,1,7,8,0.125,0,0
5,sc_1990_insc_47,allowed,4.0,0.16873822544203065,2,4,4,8,0.5,1,0
5,sc_2005_insc_4,dismissed,4.0,0.19547487678818762,2,4,4,8,0.5,0,0
5,sc_2008_insc_673,allowed,5.0,0.1805551180931819,2,5,3,8,0.625,1,0
5,sc_2021_insc_580,allowed,2.0,0.1609474491376877,2,2,6,8,0.25,1,0
5,sc_2023_insc_760,allowed,4.0,0.18757192668033087,2,4,4,8,0.5,1,0
5,sc_2024_insc_84,allowed,5.0,0.19333260339558428,3,5,2,7,0.7142857142857143,1,0
6,in_abs_train_1462,allowed,7.0,0.1507409435684651,2,7,1,8,0.875,1,0
6,in_abs_train_2221,dismissed,4.0,0.1626153680821955,2,4,4,8,0.5,0,0
6,in_abs_train_337,dismissed,4.0,0.2069349688892777,2,4,4,8,0.5,0,0
6,in_abs_train_4514,dismissed,6.0,0.15134652643717897,2,2,6,8,0.25,0,0
6,in_abs_train_6435,dismissed,5.0,0.20217325411037768,2,3,5,8,0.375,0,0
6,sc_2003_insc_216,dismissed,3.0,0.1935062262518038,2,5,3,8,0.625,0,0
6,sc_2009_insc_372,dismissed,4.0,0.1842119284905684,2,4,4,8,0.5,0,0
6,sc_2013_insc_365,allowed,3.0,0.18130039939677067,2,3,5,8,0.375,1,0
6,sc_2019_insc_1039,allowed,3.0,0.18985156634287317,2,3,5,8,0.375,1,0
6,sc_2019_insc_1300,allowed,4.0,0.22055674504062256,2,4,4,8,0.5,1,0
6,sc_2019_insc_647,allowed,5.0,0.18161039293341272,2,5,3,8,0.625,1,0
6,sc_2022_insc_765,allowed,4.0,0.18931662514242276,2,4,4,8,0.5,1,0
7,in_abs_train_3457,allowed,5.0,0.1920042753197736,2,5,3,8,0.625,1,0
7,in_abs_train_3657,dismissed,1.0,0.15794395308141415,2,7,1,8,0.875,0,0
7,in_abs_train_6545,dismissed,8.0,0.1181287007696203,1,0,8,8,0.0,0,0
7,sc_1970_insc_123,allowed,4.0,0.19633028468726554,2,4,4,8,0.5,1,0
7,sc_1971_insc_312,dismissed,2.0,0.1616743171361134,2,6,2,8,0.75,0,0
7,sc_1976_insc_77,dismissed,4.0,0.20493070758845186,2,4,4,8,0.5,0,0
7,sc_1986_insc_201,dismissed,7.0,0.13467419894917887,2,1,7,8,0.125,0,0
7,sc_1989_insc_151,dismissed,0.0,0.0015722907537366359,1,8,0,8,1.0,0,0
7,sc_1996_insc_1109,allowed,1.0,0.12876566738930947,2,1,7,8,0.125,1,0
7,sc_2006_insc_728,allowed,4.0,0.2192365958858813,2,4,4,8,0.5,1,0
7,sc_2007_insc_862,allowed,6.0,0.16236866945759137,2,6,2,8,0.75,1,0
7,sc_2021_insc_586,allowed,7.0,0.15706591060066932,2,7,1,8,0.875,1,0
8,in_abs_train_3373,dismissed,6.0,0.1885951090573397,2,2,6,8,0.25,0,0
8,sc_1968_insc_174,allowed,5.0,0.17494889458673402,2,5,3,8,0.625,1,0
8,sc_1980_insc_159,dismissed,3.0,0.2188977464451389,3,4,3,7,0.5714285714285714,0,0
8,sc_1993_insc_263,dismissed,4.0,0.1578304604348331,2,4,4,8,0.5,0,0
8,sc_1996_insc_1260,dismissed,4.0,0.18708286933869703,2,4,4,8,0.5,0,0
8,sc_1996_insc_1444,allowed,7.0,0.1318419822893252,2,7,1,8,0.875,1,0
8,sc_1997_insc_292,allowed,4.0,0.18272793664351772,2,4,4,8,0.5,1,0
8,sc_2001_insc_414,dismissed,6.0,0.16271584565914723,2,2,6,8,0.25,0,0
8,sc_2007_insc_922,dismissed,6.0,0.16708695073865837,2,2,6,8,0.25,0,0
8,sc_2007_insc_929,allowed,5.0,0.15634044525147217,2,5,3,8,0.625,1,0
8,sc_2009_insc_142,allowed,3.0,0.2164516905526779,2,3,5,8,0.375,1,0
8,sc_2016_insc_244,allowed,5.0,0.17419774170342356,3,5,1,6,0.8333333333333334,1,0
9,in_abs_train_3905,dismissed,4.0,0.22054782700354153,2,4,4,8,0.5,0,0
9,in_abs_train_4044,dismissed,6.0,0.1719365019833942,2,2,6,8,0.25,0,0
9,in_abs_train_6501,allowed,5.0,0.23610384827920292,2,5,3,8,0.625,1,0
9,sc_1964_insc_5,dismissed,2.0,0.1825818813903513,2,6,2,8,0.75,0,0
9,sc_1988_insc_266,allowed,3.0,0.19001466603677294,2,3,5,8,0.375,1,0
9,sc_1996_insc_604,dismissed,5.0,0.19820314065927702,2,3,5,8,0.375,0,0
9,sc_1997_insc_191,dismissed,6.0,0.1805329782892865,2,2,6,8,0.25,0,0
9,sc_1999_insc_98,allowed,6.0,0.25910860627014454,2,6,2,8,0.75,1,0
9,sc_2006_insc_857,dismissed,2.0,0.16027651944210236,2,6,2,8,0.75,0,0
9,sc_2011_insc_131,allowed,3.0,0.17294745279584614,2,3,5,8,0.375,1,0
9,sc_2015_insc_764,allowed,4.0,0.21499956786428656,2,4,4,8,0.5,1,0
9,sc_2016_insc_305,allowed,6.0,0.16219396663408905,2,6,2,8,0.75,1,0
10,in_abs_train_2824,dismissed,2.0,0.19747045186807047,3,5,2,7,0.7142857142857143,0,0
10,in_abs_train_6217,allowed,5.0,0.181142209327368,2,5,3,8,0.625,1,0
10,in_abs_train_6877,allowed,4.0,0.1895542674605349,2,4,4,8,0.5,1,0
10,sc_1954_insc_39,dismissed,3.0,0.19754083457491745,2,5,3,8,0.625,0,0
10,sc_1992_insc_244,allowed,6.0,0.16167431713611338,2,6,2,8,0.75,1,0
10,sc_2000_insc_96,allowed,4.0,0.1893708440516983,2,4,4,8,0.5,1,0
10,sc_2004_insc_131,dismissed,4.0,0.20033760280345184,2,4,4,8,0.5,0,0
10,sc_2008_insc_710,dismissed,4.0,0.16846237061284633,2,4,4,8,0.5,0,0
10,sc_2011_insc_616,dismissed,4.0,0.22819964679680366,2,4,4,8,0.5,0,0
10,sc_2013_insc_788,allowed,6.0,0.1993123830082019,2,6,2,8,0.75,1,0
10,sc_2017_insc_1073,dismissed,3.0,0.16016068939840208,2,5,3,8,0.625,0,0
10,sc_2019_insc_805,allowed,6.0,0.18989054558866986,2,6,2,8,0.75,1,0
11,in_abs_train_5070,dismissed,2.0,0.13831758883382275,2,6,2,8,0.75,0,0
11,sc_1959_1_1384_1403_en,dismissed,4.0,0.21866760093724744,2,4,4,8,0.5,0,0
11,sc_1987_insc_70,dismissed,3.0,0.175306968584044,2,5,3,8,0.625,0,0
11,sc_1990_insc_360,allowed,1.0,0.12283446180277564,3,1,6,7,0.14285714285714285,1,0
11,sc_1993_insc_45,dismissed,5.0,0.1754333116577759,2,3,5,8,0.375,0,0
11,sc_2007_insc_1117,dismissed,4.0,0.19394316613392443,2,4,4,8,0.5,0,0
11,sc_2011_insc_407,allowed,4.0,0.21855497515948205,2,4,4,8,0.5,1,0
11,sc_2012_insc_136,allowed,6.0,0.1618490223226131,2,6,2,8,0.75,1,0
11,sc_2012_insc_31,allowed,4.0,0.22729877967337578,2,4,4,8,0.5,1,0
11,sc_2013_insc_173,allowed,5.0,0.19124875116305612,2,5,3,8,0.625,1,0
11,sc_2015_insc_531,dismissed,3.0,0.1801877493061057,3,4,3,7,0.5714285714285714,0,0
11,sc_2021_insc_554,allowed,4.0,0.23641501391354133,2,4,4,8,0.5,1,0
12,sc_1965_insc_113,dismissed,4.0,0.23615974794703407,2,4,4,8,0.5,0,0
12,sc_1971_insc_287,dismissed,5.0,0.14906473996960226,2,3,5,8,0.375,0,0
12,sc_1971_insc_320,allowed,4.0,0.1560308574360284,2,4,4,8,0.5,1,0
12,sc_1978_insc_159,dismissed,4.0,0.19591866148492543,3,3,4,7,0.42857142857142855,0,0
12,sc_1990_insc_223,dismissed,5.0,0.2121968916188986,2,3,5,8,0.375,0,0
12,sc_1992_insc_325,allowed,3.0,0.20966037997838644,2,3,5,8,0.375,1,0
12,sc_1997_insc_61,allowed,3.0,0.1930358779322168,2,3,5,8,0.375,1,0
12,sc_2003_insc_94,allowed,3.0,0.192723003946078,2,3,5,8,0.375,1,0
12,sc_2010_insc_517,dismissed,4.0,0.16787393960413952,2,4,4,8,0.5,0,0
12,sc_2014_insc_11,allowed,6.0,0.1619445986641937,2,6,2,8,0.75,1,0
12,sc_2022_insc_181,allowed,2.0,0.17879749306627793,2,2,6,8,0.25,1,0
12,sc_2023_insc_879,dismissed,4.0,0.19588547837347245,2,4,4,8,0.5,0,0
13,in_abs_train_3124,dismissed,4.0,0.1996571139970796,2,4,4,8,0.5,0,0
13,in_abs_train_5301,allowed,5.0,0.16082253374387334,2,5,3,8,0.625,1,0
13,sc_1966_insc_85,allowed,5.0,0.2202836688230926,2,5,3,8,0.625,1,0
13,sc_1967_insc_136,dismissed,5.0,0.20310401483869694,2,3,5,8,0.375,0,0
13,sc_1970_insc_242,dismissed,3.0,0.19217679066549467,2,5,3,8,0.625,0,0
13,sc_1979_insc_20,dismissed,3.0,0.19440536497879804,2,5,3,8,0.625,0,0
13,sc_1987_insc_165,allowed,8.0,0.03959859981290821,1,8,0,8,1.0,1,0
13,sc_1988_insc_207,dismissed,4.0,0.19759729001665666,2,4,4,8,0.5,0,0
13,sc_1993_insc_371,allowed,6.0,0.21982209771452543,2,6,2,8,0.75,1,0
13,sc_2002_insc_43,allowed,4.0,0.2000014704187018,2,4,4,8,0.5,1,0
13,sc_2011_insc_426,dismissed,3.0,0.20716826100553037,2,5,3,8,0.625,0,0
13,sc_2013_insc_310,allowed,7.0,0.12293842372011166,2,7,1,8,0.875,1,0
14,sc_1970_insc_85,dismissed,3.0,0.18091091125882927,2,5,3,8,0.625,0,0
14,sc_1974_insc_143,dismissed,4.0,0.21279552717087022,2,4,4,8,0.5,0,0
14,sc_1976_insc_225,dismissed,3.0,0.18114220932736796,2,5,3,8,0.625,0,0
14,sc_1986_insc_67,allowed,4.0,0.1996344293757793,2,4,4,8,0.5,1,0
14,sc_1990_insc_225,allowed,5.0,0.1876438148857589,3,5,2,7,0.7142857142857143,1,0
14,sc_1992_insc_162,dismissed,3.0,0.21145228850144895,2,5,3,8,0.625,0,0
14,sc_1994_insc_422,dismissed,3.0,0.18083541254016436,2,5,3,8,0.625,0,0
14,sc_1997_insc_560,allowed,4.0,0.18678365242306402,2,4,4,8,0.5,1,0
14,sc_2008_insc_1265,allowed,0.0,0.026706285007927176,1,0,8,8,0.0,1,0
14,sc_2013_insc_21,dismissed,2.0,0.20098960973624536,2,6,2,8,0.75,0,0
14,sc_2016_insc_347,allowed,6.0,0.13171622862225765,2,6,2,8,0.75,1,0
14,sc_2018_insc_513,allowed,3.0,0.20009153876145933,2,3,5,8,0.375,1,0
15,in_abs_train_3048,allowed,3.0,0.15316750503358825,2,3,5,8,0.375,1,0
15,in_abs_train_424,dismissed,4.0,0.19923064697592197,2,4,4,8,0.5,0,0
15,sc_1966_insc_53,dismissed,4.0,0.18870630242695952,2,4,4,8,0.5,0,0
15,sc_1978_insc_25,allowed,1.0,0.14183172882436296,2,1,7,8,0.125,1,0
15,sc_1997_insc_271,allowed,3.0,0.16633311721065383,2,3,5,8,0.375,1,0
15,sc_1997_insc_770,dismissed,3.0,0.21136367184330665,2,5,3,8,0.625,0,0
15,sc_1998_insc_207,dismissed,3.0,0.1784037606013979,2,5,3,8,0.625,0,0
15,sc_1998_insc_91,dismissed,4.0,0.23055256445618694,2,4,4,8,0.5,0,0
15,sc_2000_insc_449,allowed,3.0,0.1549890763479404,2,3,5,8,0.375,1,0
15,sc_2004_insc_499,dismissed,4.0,0.22585977577002267,2,4,4,8,0.5,0,0
15,sc_2010_insc_633,allowed,6.0,0.16648476978819585,3,6,1,7,0.8571428571428571,1,0
15,sc_2014_insc_80,allowed,4.0,0.21722232320226165,2,4,4,8,0.5,1,0
16,in_abs_train_1369,dismissed,4.0,0.20335968350123995,2,4,4,8,0.5,0,0
16,in_abs_train_1749,dismissed,2.0,0.15317624640595473,2,6,2,8,0.75,0,0
16,in_abs_train_3265,allowed,4.0,0.20640419560727372,2,4,4,8,0.5,1,0
16,sc_1967_insc_210,dismissed,3.0,0.246920370817609,2,5,3,8,0.625,0,0
16,sc_1971_insc_337,dismissed,4.0,0.1698042415149484,2,4,4,8,0.5,0,0
16,sc_2001_insc_550,allowed,6.0,0.19347388344448213,2,6,2,8,0.75,1,0
16,sc_2001_insc_561,allowed,3.0,0.1791773270455332,2,3,5,8,0.375,1,0
16,sc_2008_insc_883,allowed,6.0,0.14433599289243837,2,6,2,8,0.75,1,0
16,sc_2010_insc_620,dismissed,1.0,0.12435476324957216,2,7,1,8,0.875,0,0
16,sc_2012_insc_390,allowed,2.0,0.16342103717656756,2,2,6,8,0.25,1,0
16,sc_2023_insc_1023,dismissed,5.0,0.22781888953414597,2,3,5,8,0.375,0,0
16,sc_2024_insc_165,allowed,4.0,0.16021614515910326,2,4,4,8,0.5,1,0
17,sc_1968_insc_137,allowed,2.0,0.17186409085505958,2,2,6,8,0.25,1,0
17,sc_1985_insc_250,dismissed,5.0,0.19632843026671334,2,3,5,8,0.375,0,0
17,sc_1989_insc_170,dismissed,5.0,0.18735332752032932,2,3,5,8,0.375,0,0
17,sc_1996_insc_215,allowed,3.0,0.1816885550242109,2,3,5,8,0.375,1,0
17,sc_2007_insc_1053,allowed,6.0,0.16219396663408905,2,6,2,8,0.75,1,0
17,sc_2007_insc_168,allowed,3.0,0.14797784699764666,2,3,5,8,0.375,1,0
17,sc_2007_insc_230,dismissed,4.0,0.21848342686002523,2,4,4,8,0.5,0,0
17,sc_2009_insc_427,dismissed,4.0,0.2070304655345995,2,4,4,8,0.5,0,0
17,sc_2015_insc_738,allowed,4.0,0.2030640622878828,2,4,4,8,0.5,1,0
17,sc_2019_insc_297,dismissed,7.0,0.1104265334604498,2,1,7,8,0.125,0,0
17,sc_2021_insc_585,allowed,3.0,0.16797353107813484,2,3,5,8,0.375,1,0
17,sc_2023_insc_697,dismissed,4.0,0.1875081902973079,3,3,4,7,0.42857142857142855,0,0
18,in_abs_train_94,dismissed,0.0,0.07175317602447141,1,8,0,8,1.0,0,0
18,sc_1966_insc_109,dismissed,2.0,0.15502039833690043,2,6,2,8,0.75,0,0
18,sc_1967_insc_299,allowed,4.0,0.18572030250121352,2,4,4,8,0.5,1,0
18,sc_1968_insc_220,dismissed,4.0,0.1877189433216434,2,4,4,8,0.5,0,0
18,sc_1980_insc_52,allowed,5.0,0.19138399337585194,2,5,3,8,0.625,1,0
18,sc_1982_insc_104,allowed,4.0,0.18011507978036073,2,4,4,8,0.5,1,0
18,sc_2005_insc_108,allowed,5.0,0.21710992894091616,3,5,2,7,0.7142857142857143,1,0
18,sc_2007_insc_840,dismissed,5.0,0.2018901426163627,2,3,5,8,0.375,0,0
18,sc_2009_insc_1031,allowed,5.0,0.19446818218908862,2,5,3,8,0.625,1,0
18,sc_2009_insc_1089,allowed,6.0,0.1609769698479524,2,6,2,8,0.75,1,0
18,sc_2013_insc_89,dismissed,5.0,0.24146428378055107,2,3,5,8,0.375,0,0
18,sc_2020_insc_249,dismissed,4.0,0.17439489453843374,2,4,4,8,0.5,0,0
19,in_abs_train_2039,dismissed,5.0,0.22387938198630847,2,3,5,8,0.375,0,0
19,in_abs_train_4981,dismissed,3.0,0.16715254622744294,2,5,3,8,0.625,0,0
19,in_abs_train_623,dismissed,2.0,0.15404695480831251,2,6,2,8,0.75,0,0
19,in_abs_train_6643,dismissed,4.0,0.18106282133068094,2,4,4,8,0.5,0,0
19,sc_1970_insc_62,dismissed,5.0,0.21604276861919575,2,3,5,8,0.375,0,0
19,sc_1972_insc_269,dismissed,6.0,0.1692837293622329,2,2,6,8,0.25,0,0
19,sc_1973_insc_61,allowed,5.0,0.18420307847883793,2,5,3,8,0.625,1,0
19,sc_2001_insc_119,allowed,3.0,0.16615923609920522,2,3,5,8,0.375,1,0
19,sc_2003_insc_633,allowed,4.0,0.16956213375178816,2,4,4,8,0.5,1,0
19,sc_2007_insc_511,allowed,4.0,0.1795709668706418,2,4,4,8,0.5,1,0
19,sc_2015_insc_136,allowed,4.0,0.20501571150593728,2,4,4,8,0.5,1,0
19,sc_2016_insc_124,allowed,5.0,0.17283438280155464,2,5,3,8,0.625,1,0
20,sc_1989_insc_322,allowed,2.0,0.1568518987176547,2,2,6,8,0.25,1,0
20,sc_1990_insc_281,dismissed,4.0,0.15372426331128566,2,4,4,8,0.5,0,0
20,sc_1995_insc_65,dismissed,4.0,0.1816392043462962,3,3,4,7,0.42857142857142855,0,0
20,sc_1998_insc_415,dismissed,3.0,0.17294695037571245,3,4,3,7,0.5714285714285714,0,0
20,sc_1998_insc_429,dismissed,3.0,0.21092270601938712,3,4,3,7,0.5714285714285714,0,0
20,sc_2002_insc_504,allowed,5.0,0.17115022556331863,2,5,3,8,0.625,1,0
20,sc_2007_insc_1213,dismissed,4.0,0.1408623638772047,2,4,4,8,0.5,0,0
20,sc_2008_insc_540,allowed,1.0,0.12352058460608326,2,1,7,8,0.125,1,0
20,sc_2010_insc_33,dismissed,4.0,0.1567898293351319,2,4,4,8,0.5,0,0
20,sc_2017_insc_606,allowed,3.0,0.1838330739843626,2,3,5,8,0.375,1,0
20,sc_2017_insc_683,allowed,2.0,0.1713223745655707,2,2,6,8,0.25,1,0
20,sc_2023_insc_369,allowed,2.0,0.1747348465346616,2,2,6,8,0.25,1,0
21,in_abs_train_224,allowed,5.0,0.18641791168123953,2,5,3,8,0.625,1,0
21,sc_1966_insc_217,allowed,3.0,0.23442706554709972,2,3,5,8,0.375,1,0
21,sc_1976_insc_15,dismissed,3.0,0.18083849530431448,2,5,3,8,0.625,0,0
21,sc_1993_insc_26,allowed,4.0,0.187085768623454,2,4,4,8,0.5,1,0
21,sc_1994_insc_26,dismissed,2.0,0.20145091734269732,2,6,2,8,0.75,0,0
21,sc_2000_insc_101,allowed,3.0,0.18180507240343616,2,3,5,8,0.375,1,0
21,sc_2008_insc_444,dismissed,3.0,0.2142810700554927,2,5,3,8,0.625,0,0
21,sc_2008_insc_49,dismissed,2.0,0.13728789556927903,2,6,2,8,0.75,0,0
21,sc_2009_insc_33,allowed,7.0,0.1413525702176754,2,7,1,8,0.875,1,0
21,sc_2010_insc_6,dismissed,5.0,0.1849579831112505,2,3,5,8,0.375,0,0
21,sc_2018_insc_218,dismissed,1.0,0.1177399609847838,2,7,1,8,0.875,0,0
21,sc_2020_insc_581,allowed,6.0,0.17175306818556133,2,6,2,8,0.75,1,0
22,in_abs_train_113,allowed,5.0,0.16043167214914714,2,5,3,8,0.625,1,0
22,sc_1972_insc_29,allowed,6.0,0.10474550365392436,2,6,2,8,0.75,1,0
22,sc_1974_insc_251,dismissed,7.0,0.1367483861541797,2,1,7,8,0.125,0,0
22,sc_1977_insc_35,dismissed,6.0,0.20830456115849502,2,2,6,8,0.25,0,0
22,sc_1983_insc_57,allowed,5.0,0.1809838162407662,2,5,3,8,0.625,1,0
22,sc_1990_insc_261,dismissed,5.0,0.2022447461571092,2,3,5,8,0.375,0,0
22,sc_2001_insc_37,allowed,6.0,0.19540520497638347,2,6,2,8,0.75,1,0
22,sc_2006_insc_486,dismissed,3.0,0.23114481421870728,2,5,3,8,0.625,0,0
22,sc_2009_insc_531,allowed,2.0,0.19280242394114072,2,2,6,8,0.25,1,0
22,sc_2015_insc_193,dismissed,3.0,0.21953976000988615,2,5,3,8,0.625,0,0
22,sc_2018_insc_239,allowed,5.0,0.20268898656024073,2,5,3,8,0.625,1,0
22,sc_2022_insc_586,dismissed,2.0,0.16888956497499324,3,5,2,7,0.7142857142857143,0,0
23,in_abs_train_673,dismissed,5.0,0.1852120732523518,2,3,5,8,0.375,0,0
23,sc_1969_insc_107,dismissed,3.0,0.18091091125882927,2,5,3,8,0.625,0,0
23,sc_1973_insc_253,allowed,6.0,0.19199777153833622,2,6,2,8,0.75,1,0
23,sc_1978_insc_196,dismissed,5.0,0.16959040730536618,2,3,5,8,0.375,0,0
23,sc_2001_insc_259,allowed,6.0,0.15475746579671026,2,6,2,8,0.75,1,0
23,sc_2004_insc_4,dismissed,4.0,0.23051158353951842,2,4,4,8,0.5,0,0
23,sc_2004_insc_507,dismissed,5.0,0.1795233153299075,2,3,5,8,0.375,0,0
23,sc_2005_insc_112,allowed,6.0,0.14641616018829925,2,6,2,8,0.75,1,0
23,sc_2007_insc_1085,dismissed,3.0,0.18197654872459332,2,5,3,8,0.625,0,0
23,sc_2010_insc_231,allowed,4.0,0.20691981873162504,2,4,4,8,0.5,1,0
23,sc_2012_insc_457,allowed,3.0,0.21143881577255963,2,3,5,8,0.375,1,0
23,sc_2022_insc_1260,allowed,1.0,0.12403280174847695,2,1,7,8,0.125,1,0
24,in_abs_train_428,dismissed,2.0,0.18108604653589408,2,6,2,8,0.75,0,0
24,in_abs_train_6567,allowed,3.0,0.20349974436425322,2,3,5,8,0.375,1,0
24,sc_1959_insc_64,allowed,4.0,0.1923926155723907,2,4,4,8,0.5,1,0
24,sc_1996_insc_164,dismissed,2.0,0.1823605601108106,2,6,2,8,0.75,0,0
24,sc_1999_insc_169,allowed,3.0,0.18083541254016433,2,3,5,8,0.375,1,0
24,sc_2000_insc_424,dismissed,5.0,0.1967291568074055,2,3,5,8,0.375,0,0
24,sc_2009_insc_1240,dismissed,1.0,0.1122492340720452,2,7,1,8,0.875,0,0
24,sc_2011_insc_682,dismissed,2.0,0.1972372463605739,3,1,2,3,0.3333333333333333,0,0
24,sc_2012_insc_283,allowed,4.0,0.20600632791945286,3,4,3,7,0.5714285714285714,1,0
24,sc_2014_insc_60,dismissed,4.0,0.18708286933869706,2,4,4,8,0.5,0,0
24,sc_2015_insc_21,allowed,3.0,0.19409982443635018,2,3,5,8,0.375,1,0
24,sc_2021_insc_675,allowed,3.0,0.18680673688828522,2,3,5,8,0.375,1,0
25,in_abs_train_420,allowed,5.0,0.22064276031307123,2,5,3,8,0.625,1,0
25,in_abs_train_5435,dismissed,4.0,0.16633751751774162,2,4,4,8,0.5,0,0
25,sc_1967_insc_66,dismissed,5.0,0.19103196637625694,2,3,5,8,0.375,0,0
25,sc_1976_insc_80,allowed,6.0,0.18470688626749485,2,6,2,8,0.75,1,0
25,sc_1994_insc_140,allowed,2.0,0.1579124665699776,2,2,6,8,0.25,1,0
25,sc_1994_insc_497,allowed,3.0,0.18191985823825987,2,3,5,8,0.375,1,0
25,sc_1995_insc_897,dismissed,5.0,0.19683681066996134,2,3,5,8,0.375,0,0
25,sc_2000_insc_507,dismissed,7.0,0.1451008594895398,2,1,7,8,0.125,0,0
25,sc_2006_insc_233,dismissed,6.0,0.13522596462194866,2,2,6,8,0.25,0,0
25,sc_2012_insc_141,allowed,4.0,0.20384016411182665,2,4,4,8,0.5,1,0
25,sc_2019_insc_871,dismissed,3.0,0.1832258046257384,2,5,3,8,0.625,0,0
25,sc_2024_insc_186,allowed,4.0,0.2032441012543916,2,4,4,8,0.5,1,0
26,in_abs_train_6445,dismissed,4.0,0.18612032578319554,2,4,4,8,0.5,0,0
26,in_abs_train_687,dismissed,4.0,0.20067345320552132,2,4,4,8,0.5,0,0
26,sc_1959_1_1287_1309_en,dismissed,5.0,0.18469387732603715,3,1,5,6,0.16666666666666666,0,0
26,sc_1968_insc_191,allowed,5.0,0.18239997258771723,2,5,3,8,0.625,1,0
26,sc_1992_insc_151,allowed,6.0,0.21349062932898216,2,6,2,8,0.75,1,0
26,sc_2002_insc_295,allowed,5.0,0.19247412030521177,2,5,3,8,0.625,1,0
26,sc_2005_insc_44,allowed,3.0,0.1479363750354116,2,3,5,8,0.375,1,0
26,sc_2008_insc_725,dismissed,5.0,0.1443875329191744,2,3,5,8,0.375,0,0
26,sc_2009_insc_862,allowed,6.0,0.20870934638832364,2,6,2,8,0.75,1,0
26,sc_2013_insc_361,allowed,4.0,0.19360104462494793,2,4,4,8,0.5,1,0
26,sc_2018_insc_1100,dismissed,4.0,0.1860289584050434,3,3,4,7,0.42857142857142855,0,0
26,sc_2020_insc_208,dismissed,3.0,0.18020014225810493,2,5,3,8,0.625,0,0
27,in_abs_train_1667,allowed,6.0,0.18817818210585216,2,6,2,8,0.75,1,0
27,sc_1953_insc_57,allowed,3.0,0.16933620404390787,2,3,5,8,0.375,1,0
27,sc_1964_insc_110,dismissed,6.0,0.17240323558009907,2,2,6,8,0.25,0,0
27,sc_1970_insc_180,dismissed,2.0,0.20323745788046618,2,6,2,8,0.75,0,0
27,sc_1974_insc_126,dismissed,2.0,0.20243554695172197,3,5,2,7,0.7142857142857143,0,0
27,sc_1981_insc_96,dismissed,4.0,0.16831946400902575,2,4,4,8,0.5,0,0
27,sc_2005_insc_605,allowed,4.0,0.20688211152151853,2,4,4,8,0.5,1,0
27,sc_2006_insc_747,dismissed,5.0,0.1841896833434223,2,3,5,8,0.375,0,0
27,sc_2008_insc_1464,dismissed,5.0,0.20577731549281267,2,3,5,8,0.375,0,0
27,sc_2010_insc_333,allowed,6.0,0.16184902232261308,2,6,2,8,0.75,1,0
27,sc_2012_insc_124,allowed,5.0,0.1808379241521387,2,5,3,8,0.625,1,0
27,sc_2019_insc_615,allowed,2.0,0.18768232801731757,2,2,6,8,0.25,1,0
28,in_abs_train_168,allowed,3.0,0.19924694248985853,2,3,5,8,0.375,1,0
28,in_abs_train_2651,allowed,6.0,0.1672147063622908,2,6,2,8,0.75,1,0
28,in_abs_train_6924,dismissed,3.0,0.21756436940187365,2,5,3,8,0.625,0,0
28,sc_1960_insc_126,dismissed,6.0,0.1537363651881544,2,2,6,8,0.25,0,0
28,sc_1965_insc_260,dismissed,3.0,0.19229126802900873,2,5,3,8,0.625,0,0
28,sc_1968_insc_241,dismissed,4.0,0.19285916169578254,2,4,4,8,0.5,0,0
28,sc_1978_insc_57,allowed,4.0,0.16968492585311568,2,4,4,8,0.5,1,0
28,sc_1996_insc_1296,allowed,5.0,0.17965497376419692,2,5,3,8,0.625,1,0
28,sc_2007_insc_685,allowed,5.0,0.1995881374309971,2,5,3,8,0.625,1,0
28,sc_2016_insc_1201,dismissed,5.0,0.17683471606673176,2,3,5,8,0.375,0,0
28,sc_2022_insc_597,dismissed,5.0,0.1880469893340249,2,3,5,8,0.375,0,0
28,sc_2023_insc_249,allowed,7.0,0.12294819157881096,2,7,1,8,0.875,1,0
29,in_abs_train_973,dismissed,3.0,0.19246295631652743,2,5,3,8,0.625,0,0
29,sc_1957_insc_79,dismissed,4.0,0.22043642115995604,2,4,4,8,0.5,0,0
29,sc_1986_insc_82,allowed,5.0,0.18416216015790543,2,5,3,8,0.625,1,0
29,sc_1998_insc_254,allowed,5.0,0.20248474442221764,2,5,3,8,0.625,1,0
29,sc_1999_insc_65,allowed,6.0,0.16166665707842387,2,6,2,8,0.75,1,0
29,sc_2004_insc_311,dismissed,2.0,0.2023291256502591,2,6,2,8,0.75,0,0
29,sc_2006_insc_897,dismissed,4.0,0.20678991830478582,2,4,4,8,0.5,0,0
29,sc_2011_insc_607,allowed,4.0,0.1881290334693903,2,4,4,8,0.5,1,0
29,sc_2017_insc_1263,allowed,4.0,0.16735891834657662,2,4,4,8,0.5,1,0
29,sc_2018_insc_589,dismissed,3.0,0.18124815706235542,2,5,3,8,0.625,0,0
29,sc_2020_insc_146,dismissed,3.0,0.1708888495014481,2,5,3,8,0.625,0,0
29,sc_2022_insc_610,allowed,3.0,0.2010424062409293,2,3,5,8,0.375,1,0
30,in_abs_train_5478,allowed,5.0,0.1603605976423723,2,5,3,8,0.625,1,0
30,sc_1953_insc_25,dismissed,5.0,0.16800846570096958,2,3,5,8,0.375,0,0
30,sc_1957_insc_1,dismissed,4.0,0.1949562577088129,2,4,4,8,0.5,0,0
30,sc_1961_insc_182,allowed,5.0,0.18890452085238157,2,5,3,8,0.625,1,0
30,sc_1962_insc_210,allowed,4.0,0.1997437189187421,2,4,4,8,0.5,1,0
30,sc_1992_insc_329,allowed,6.0,0.1580401319162717,2,6,2,8,0.75,1,0
30,sc_1993_insc_340,dismissed,3.0,0.24495657515224498,2,5,3,8,0.625,0,0
30,sc_2009_insc_1170,dismissed,3.0,0.17458824052858585,2,5,3,8,0.625,0,0
30,sc_2011_insc_413,allowed,5.0,0.18083541254016433,2,5,3,8,0.625,1,0
30,sc_2012_insc_147,dismissed,5.0,0.19624727404748718,2,3,5,8,0.375,0,0
30,sc_2021_insc_744,allowed,7.0,0.10901070093475393,2,7,1,8,0.875,1,0
30,sc_2022_insc_1264,dismissed,7.0,0.13136918291889013,2,1,7,8,0.125,0,0
31,in_abs_train_4260,dismissed,2.0,0.1473736768821186,2,6,2,8,0.75,0,0
31,in_abs_train_5326,dismissed,5.0,0.18513803249303193,2,3,5,8,0.375,0,0
31,in_abs_train_753,dismissed,5.0,0.18841520892237365,2,3,5,8,0.375,0,0
31,sc_1971_insc_218,allowed,5.0,0.18036722213702958,2,5,3,8,0.625,1,0
31,sc_1983_insc_125,allowed,3.0,0.23315554409748698,2,3,5,8,0.375,1,0
31,sc_1988_insc_210,dismissed,4.0,0.19651650309096988,2,4,4,8,0.5,0,0
31,sc_2007_insc_72,allowed,4.0,0.16853219458743104,3,4,3,7,0.5714285714285714,1,0
31,sc_2010_insc_428,allowed,5.0,0.19545897715993832,2,5,3,8,0.625,1,0
31,sc_2014_insc_986,allowed,3.0,0.17282688884408892,2,3,5,8,0.375,1,0
31,sc_2020_insc_21,dismissed,6.0,0.1764508815485594,2,2,6,8,0.25,0,0
31,sc_2021_insc_74,allowed,4.0,0.18011507978036073,2,4,4,8,0.5,1,0
31,sc_2021_insc_823,dismissed,8.0,0.02162768249722473,1,0,8,8,0.0,0,0
32,in_abs_train_1508,allowed,5.0,0.1805708021752528,2,5,3,8,0.625,1,0
32,in_abs_train_2319,allowed,4.0,0.1890100208786487,2,4,4,8,0.5,1,0
32,in_abs_train_3241,allowed,4.0,0.21296880781305028,2,4,4,8,0.5,1,0
32,in_abs_train_3411,allowed,4.0,0.18708286933869706,2,4,4,8,0.5,1,0
32,sc_1964_insc_70,dismissed,2.0,0.16409900576257186,2,6,2,8,0.75,0,0
32,sc_1976_insc_32,dismissed,2.0,0.15930477523183428,2,6,2,8,0.75,0,0
32,sc_1978_insc_13,dismissed,4.0,0.14989845266281498,2,4,4,8,0.5,0,0
32,sc_1992_insc_318,allowed,5.0,0.1976969763654663,2,5,3,8,0.625,1,0
32,sc_1995_insc_581,allowed,4.0,0.22269700249118113,2,4,4,8,0.5,1,0
32,sc_1995_insc_737,dismissed,4.0,0.2168434848619225,2,4,4,8,0.5,0,0
32,sc_2007_insc_1220,dismissed,5.0,0.16128050306730463,2,3,5,8,0.375,0,0
32,sc_2010_insc_250,dismissed,5.0,0.19031803451224127,2,3,5,8,0.375,0,0
33,in_abs_train_3390,allowed,5.0,0.21660316758604295,2,5,3,8,0.625,1,0
33,in_abs_train_5606,allowed,4.0,0.1873849855578082,2,4,4,8,0.5,1,0
33,sc_1963_insc_153,dismissed,3.0,0.17602908565373263,2,5,3,8,0.625,0,0
33,sc_1981_insc_196,dismissed,4.0,0.19620314001532527,2,4,4,8,0.5,0,0
33,sc_1987_insc_118,dismissed,4.0,0.20329589531793468,2,4,4,8,0.5,0,0
33,sc_1993_insc_392,allowed,2.0,0.17995133752467227,2,2,6,8,0.25,1,0
33,sc_1995_insc_487,dismissed,4.0,0.19216998674914623,2,4,4,8,0.5,0,0
33,sc_1997_insc_325,dismissed,5.0,0.16708035797713236,2,3,5,8,0.375,0,0
33,sc_2002_insc_44,allowed,4.0,0.19422766154624074,2,4,4,8,0.5,1,0
33,sc_2020_insc_342,allowed,7.0,0.12408960885902456,2,7,1,8,0.875,1,0
33,sc_2022_insc_572,allowed,4.0,0.1892329097224471,2,4,4,8,0.5,1,0
33,sc_s_1997_2_260_266_en,dismissed,5.0,0.2237771131853038,2,3,5,8,0.375,0,0
34,in_abs_train_3529,dismissed,5.0,0.19119645609013933,2,3,5,8,0.375,0,0
34,in_abs_train_670,dismissed,5.0,0.178387891691225,2,3,5,8,0.375,0,0
34,sc_1968_insc_113,dismissed,3.0,0.17036340725908278,2,5,3,8,0.625,0,0
34,sc_1984_insc_193,dismissed,5.0,0.18524671774178797,2,3,5,8,0.375,0,0
34,sc_1993_insc_42,dismissed,4.0,0.18488119547430681,2,4,4,8,0.5,0,0
34,sc_1995_insc_419,dismissed,3.0,0.16960442820943655,2,5,3,8,0.625,0,0
34,sc_1995_insc_619,allowed,5.0,0.16555498912230693,2,5,3,8,0.625,1,0
34,sc_1996_insc_234,allowed,4.0,0.24524004841228714,3,4,3,7,0.5714285714285714,1,0
34,sc_1998_insc_355,allowed,4.0,0.1867855883808644,2,4,4,8,0.5,1,0
34,sc_2011_insc_840,allowed,4.0,0.21644566768251963,2,4,4,8,0.5,1,0
34,sc_2019_insc_1285,allowed,5.0,0.16138394565725447,2,5,3,8,0.625,1,0
34,sc_2021_insc_129,allowed,3.0,0.16389327576116697,2,3,5,8,0.375,1,0
35,in_abs_train_1607,dismissed,4.0,0.18041211290504008,2,4,4,8,0.5,0,0
35,in_abs_train_3481,dismissed,1.0,0.19529972101051685,2,7,1,8,0.875,0,0
35,in_abs_train_4002,allowed,2.0,0.21141022353256073,2,2,6,8,0.25,1,0
35,in_abs_train_5549,allowed,4.0,0.19914374920881434,2,4,4,8,0.5,1,0
35,sc_1961_insc_58,dismissed,5.0,0.1742418323412448,2,3,5,8,0.375,0,0
35,sc_1989_insc_164,dismissed,5.0,0.20783744316872788,2,3,5,8,0.375,0,0
35,sc_2004_insc_416,allowed,4.0,0.22087419982703888,2,4,4,8,0.5,1,0
35,sc_2006_insc_830,dismissed,6.0,0.1647096755072064,2,2,6,8,0.25,0,0
35,sc_2008_insc_1481,allowed,5.0,0.14720023534530877,2,5,3,8,0.625,1,0
35,sc_2016_insc_197,dismissed,4.0,0.18926886717480146,2,4,4,8,0.5,0,0
35,sc_2019_insc_274,allowed,5.0,0.19427110797248556,2,5,3,8,0.625,1,0
35,sc_2019_insc_99,allowed,3.0,0.17322870302713247,2,3,5,8,0.375,1,0
36,in_abs_train_3197,dismissed,2.0,0.2095807219168319,2,6,2,8,0.75,0,0
36,in_abs_train_3503,allowed,5.0,0.1754844255372846,2,5,3,8,0.625,1,0
36,sc_1967_insc_229,dismissed,7.0,0.14123798659539985,2,1,7,8,0.125,0,0
36,sc_1974_insc_171,dismissed,4.0,0.1839162634578185,2,4,4,8,0.5,0,0
36,sc_1994_insc_117,allowed,4.0,0.1828753147360133,2,4,4,8,0.5,1,0
36,sc_2005_insc_293,allowed,1.0,0.1762395321361597,2,1,7,8,0.125,1,0
36,sc_2007_insc_1209,dismissed,3.0,0.17440770942576722,2,5,3,8,0.625,0,0
36,sc_2007_insc_237,dismissed,5.0,0.19870585031845134,2,3,5,8,0.375,0,0
36,sc_2013_insc_832,allowed,2.0,0.20317648096094829,2,2,6,8,0.25,1,0
36,sc_2018_insc_714,allowed,5.0,0.17283417686425745,2,5,3,8,0.625,1,0
36,sc_2020_insc_375,dismissed,2.0,0.16927238918698886,2,6,2,8,0.75,0,0
36,sc_2024_insc_452,allowed,4.0,0.2097151776025482,2,4,4,8,0.5,1,0
37,in_abs_train_3012,allowed,5.0,0.18833925153667194,2,5,3,8,0.625,1,0
37,in_abs_train_3451,dismissed,4.0,0.18641834434181323,2,4,4,8,0.5,0,0
37,in_abs_train_4517,dismissed,1.0,0.17309368659036442,2,7,1,8,0.875,0,0
37,in_abs_train_5215,allowed,6.0,0.15431738731194777,2,6,2,8,0.75,1,0
37,sc_1999_insc_9,dismissed,6.0,0.17458677012891588,2,2,6,8,0.25,0,0
37,sc_2003_insc_54,allowed,3.0,0.2119302668238582,2,3,5,8,0.375,1,0
37,sc_2005_insc_104,allowed,3.0,0.18498270419661042,2,3,5,8,0.375,1,0
37,sc_2005_insc_270,dismissed,2.0,0.1580380280182018,2,6,2,8,0.75,0,0
37,sc_2006_insc_251,dismissed,4.0,0.20854264950923104,2,4,4,8,0.5,0,0
37,sc_2009_insc_552,allowed,2.0,0.17403461247949167,2,2,6,8,0.25,1,0
37,sc_2011_insc_127,dismissed,4.0,0.1989929843921679,2,4,4,8,0.5,0,0
37,sc_2020_insc_29,allowed,7.0,0.13026000035581495,2,7,1,8,0.875,1,0
38,in_abs_train_4471,allowed,3.0,0.21211244711473343,2,3,5,8,0.375,1,0
38,sc_1968_insc_195,dismissed,5.0,0.22645691705637824,2,3,5,8,0.375,0,0
38,sc_1986_insc_227,allowed,5.0,0.18579140435590577,2,5,3,8,0.625,1,0
38,sc_1989_insc_219,allowed,2.0,0.2051563261771037,2,2,6,8,0.25,1,0
38,sc_1996_insc_952,allowed,4.0,0.2036246381758431,2,4,4,8,0.5,1,0
38,sc_1997_insc_746,allowed,3.0,0.1912994771075607,2,3,5,8,0.375,1,0
38,sc_2010_insc_625,dismissed,1.0,0.1407291177925563,2,7,1,8,0.875,0,0
38,sc_2013_insc_223,dismissed,5.0,0.1495289778693092,2,3,5,8,0.375,0,0
38,sc_2014_insc_579,allowed,4.0,0.22644420433866574,2,4,4,8,0.5,1,0
38,sc_2018_insc_864,dismissed,2.0,0.15915115974756683,2,6,2,8,0.75,0,0
38,sc_2019_insc_383,dismissed,2.0,0.15342360462248678,2,6,2,8,0.75,0,0
38,sc_2022_insc_1128,dismissed,3.0,0.2161673563369107,2,5,3,8,0.625,0,0
39,in_abs_train_1828,dismissed,4.0,0.19231094322458242,2,4,4,8,0.5,0,0
39,in_abs_train_1833,dismissed,4.0,0.20376160120450848,2,4,4,8,0.5,0,0
39,in_abs_train_6020,dismissed,1.0,0.13591830588160111,2,7,1,8,0.875,0,0
39,in_abs_train_6692,allowed,3.0,0.158320990736641,2,3,5,8,0.375,1,0
39,sc_1961_insc_320,allowed,5.0,0.15380594433255085,2,5,3,8,0.625,1,0
39,sc_1964_insc_221,dismissed,3.0,0.23288961029014377,2,5,3,8,0.625,0,0
39,sc_1968_insc_266,allowed,3.0,0.18051286557563895,2,3,5,8,0.375,1,0
39,sc_1994_insc_221,allowed,5.0,0.18743350655945984,2,5,3,8,0.625,1,0
39,sc_2000_insc_472,allowed,3.0,0.1901637188197505,2,3,5,8,0.375,1,0
39,sc_2002_insc_525,dismissed,6.0,0.173097452051758,2,2,6,8,0.25,0,0
39,sc_2002_insc_544,dismissed,5.0,0.17545002651910757,2,3,5,8,0.375,0,0
39,sc_2007_insc_1267,allowed,5.0,0.18137670140483864,2,5,3,8,0.625,1,0
40,in_abs_train_2222,dismissed,2.0,0.16690897988560963,2,6,2,8,0.75,0,0
40,in_abs_train_3007,dismissed,6.0,0.14670393968250253,2,2,6,8,0.25,0,0
40,in_abs_train_322,allowed,6.0,0.14913182289068055,2,6,2,8,0.75,1,0
40,in_abs_train_5767,allowed,2.0,0.15150159595795062,2,2,6,8,0.25,1,0
40,in_abs_train_6052,allowed,2.0,0.16415039118773805,2,2,6,8,0.25,1,0
40,sc_1989_insc_4,allowed,4.0,0.179319447594828,2,4,4,8,0.5,1,0
40,sc_1997_insc_318,dismissed,4.0,0.18678558838086443,2,4,4,8,0.5,0,0
40,sc_1999_insc_413,dismissed,6.0,0.1735235265532968,2,2,6,8,0.25,0,0
40,sc_2002_insc_204,allowed,5.0,0.23582207786002243,2,5,3,8,0.625,1,0
40,sc_2004_insc_120,dismissed,6.0,0.16915129533729772,2,2,6,8,0.25,0,0
40,sc_2012_insc_165,dismissed,3.0,0.16630440839015662,2,5,3,8,0.625,0,0
40,sc_2019_insc_797,allowed,5.0,0.18098987491411936,2,5,3,8,0.625,1,0
41,in_abs_train_153,allowed,6.0,0.1856329115393525,2,6,2,8,0.75,1,0
41,in_abs_train_2435,dismissed,4.0,0.1887631304933457,2,4,4,8,0.5,0,0
41,in_abs_train_3139,dismissed,6.0,0.1729303436902165,2,2,6,8,0.25,0,0
41,in_abs_train_4969,allowed,3.0,0.19695714192721822,2,3,5,8,0.375,1,0
41,sc_1990_insc_295,allowed,4.0,0.19486068868817985,2,4,4,8,0.5,1,0
41,sc_2003_insc_499,allowed,3.0,0.21405401312686076,2,3,5,8,0.375,1,0
41,sc_2004_insc_57,dismissed,2.0,0.16695622216041853,2,6,2,8,0.75,0,0
41,sc_2011_insc_419,dismissed,2.0,0.18050525978354148,3,5,2,7,0.7142857142857143,0,0
41,sc_2012_insc_491,allowed,3.0,0.1728753419629791,2,3,5,8,0.375,1,0
41,sc_2019_insc_1269,dismissed,3.0,0.18485693922447996,2,5,3,8,0.625,0,0
41,sc_2020_insc_162,dismissed,2.0,0.16211162820723257,2,6,2,8,0.75,0,0
41,sc_2023_insc_600,allowed,3.0,0.18130039939677067,2,3,5,8,0.375,1,0
42,in_abs_train_3055,dismissed,3.0,0.17765886107472192,2,5,3,8,0.625,0,0
42,in_abs_train_537,allowed,4.0,0.1767343016871856,2,4,4,8,0.5,1,0
42,in_abs_train_928,allowed,5.0,0.1277748884680236,2,5,3,8,0.625,1,0
42,sc_1959_insc_113,allowed,4.0,0.20629437365756292,3,4,3,7,0.5714285714285714,1,0
42,sc_1960_insc_229,dismissed,2.0,0.19973165646880017,2,6,2,8,0.75,0,0
42,sc_1996_insc_1242,dismissed,4.0,0.20817824673984214,2,4,4,8,0.5,0,0
42,sc_2007_insc_1044,allowed,3.0,0.1754850897970293,2,3,5,8,0.375,1,0
42,sc_2009_insc_1190,allowed,5.0,0.231792793025768,2,5,3,8,0.625,1,0
42,sc_2011_insc_124,dismissed,5.0,0.190670126391667,2,3,5,8,0.375,0,0
42,sc_2011_insc_501,dismissed,3.0,0.19022980535196377,2,5,3,8,0.625,0,0
42,sc_2013_insc_609,allowed,4.0,0.19316588423660155,2,4,4,8,0.5,1,0
42,sc_2019_insc_558,dismissed,5.0,0.23107991787998505,2,3,5,8,0.375,0,0
43,in_abs_train_1384,dismissed,2.0,0.1569404664064061,2,6,2,8,0.75,0,0
43,in_abs_train_2136,dismissed,4.0,0.23465496936139088,2,4,4,8,0.5,0,0
43,in_abs_train_2241,allowed,3.0,0.2357280482467732,2,3,5,8,0.375,1,0
43,in_abs_train_2252,allowed,4.0,0.19640689596207583,2,4,4,8,0.5,1,0
43,in_abs_train_3575,dismissed,5.0,0.18236168902291713,2,3,5,8,0.375,0,0
43,in_abs_train_5522,dismissed,4.0,0.19917902650182392,2,4,4,8,0.5,0,0
43,sc_1965_insc_110,allowed,2.0,0.17271379801686662,2,2,6,8,0.25,1,0
43,sc_1995_insc_829,dismissed,7.0,0.11486369702281037,2,1,7,8,0.125,0,0
43,sc_1996_insc_1335,allowed,6.0,0.15391964121703555,2,6,2,8,0.75,1,0
43,sc_1997_insc_711,dismissed,2.0,0.21273620977179344,2,6,2,8,0.75,0,0
43,sc_1999_insc_444,allowed,6.0,0.1618467880821241,2,6,2,8,0.75,1,0
43,sc_2001_insc_591,allowed,7.0,0.1458610310969826,2,7,1,8,0.875,1,0
44,in_abs_train_295,allowed,3.0,0.17823018510883212,2,3,5,8,0.375,1,0
44,in_abs_train_3856,dismissed,5.0,0.15961814480623424,2,3,5,8,0.375,0,0
44,sc_1967_insc_107,dismissed,5.0,0.17974838254289163,2,3,5,8,0.375,0,0
44,sc_1971_insc_283,dismissed,2.0,0.1681190326261075,2,6,2,8,0.75,0,0
44,sc_1976_insc_60,dismissed,4.0,0.15705427450053333,2,4,4,8,0.5,0,0
44,sc_1984_insc_118,allowed,7.0,0.12329414596229386,2,7,1,8,0.875,1,0
44,sc_1996_insc_416,dismissed,5.0,0.1785400615308188,3,2,5,7,0.2857142857142857,0,0
44,sc_1997_insc_240,dismissed,1.0,0.11306802145827906,3,6,1,7,0.8571428571428571,0,0
44,sc_2004_insc_368,allowed,6.0,0.16621279279537807,2,6,2,8,0.75,1,0
44,sc_2006_insc_495,allowed,5.0,0.18546744167405407,2,5,3,8,0.625,1,0
44,sc_2022_insc_899,allowed,3.0,0.21614694009107568,2,3,5,8,0.375,1,0
44,sc_2023_insc_786,allowed,5.0,0.17320460392676798,2,5,3,8,0.625,1,0
45,in_abs_train_671,dismissed,2.0,0.13841088589975514,2,6,2,8,0.75,0,0
45,in_abs_train_6844,dismissed,4.0,0.16005637608913215,2,4,4,8,0.5,0,0
45,sc_1970_insc_19,dismissed,5.0,0.16509766383232205,2,3,5,8,0.375,0,0
45,sc_1972_insc_197,allowed,5.0,0.1635404310148735,2,5,3,8,0.625,1,0
45,sc_1972_insc_213,allowed,4.0,0.19101232897755202,2,4,4,8,0.5,1,0
45,sc_1978_insc_171,dismissed,6.0,0.15881903708938752,2,2,6,8,0.25,0,0
45,sc_1984_insc_39,dismissed,6.0,0.1867052523667662,2,2,6,8,0.25,0,0
45,sc_2003_insc_24,dismissed,3.0,0.1749571599349395,2,5,3,8,0.625,0,0
45,sc_2012_insc_41,allowed,6.0,0.1625426283372633,2,6,2,8,0.75,1,0
45,sc_2015_insc_153,allowed,4.0,0.2102587417654351,3,4,3,7,0.5714285714285714,1,0
45,sc_2019_insc_1214,allowed,5.0,0.16978847134007657,2,5,3,8,0.625,1,0
45,sc_2022_insc_129,allowed,2.0,0.17764248652374237,2,2,6,8,0.25,1,0
46,in_abs_train_3311,allowed,2.0,0.18686240330588422,2,2,6,8,0.25,1,0
46,in_abs_train_6542,dismissed,5.0,0.1367864497893784,3,2,5,7,0.2857142857142857,0,0
46,in_abs_train_6726,dismissed,5.0,0.18225405005669942,2,3,5,8,0.375,0,0
46,sc_1968_insc_284,dismissed,3.0,0.1955719976121326,2,5,3,8,0.625,0,0
46,sc_1986_insc_129,allowed,3.0,0.19685832569852207,2,3,5,8,0.375,1,0
46,sc_2004_insc_138,allowed,5.0,0.2147364230889928,2,5,3,8,0.625,1,0
46,sc_2009_insc_1102,dismissed,4.0,0.18034165601428348,2,4,4,8,0.5,0,0
46,sc_2009_insc_480,allowed,5.0,0.2396346898890356,2,5,3,8,0.625,1,0
46,sc_2013_insc_206,allowed,5.0,0.1837598393867076,2,5,3,8,0.625,1,0
46,sc_2015_insc_1006,allowed,5.0,0.19656314586539356,2,5,3,8,0.625,1,0
46,sc_2015_insc_770,dismissed,4.0,0.16999699877302757,2,4,4,8,0.5,0,0
46,sc_2019_insc_696,dismissed,5.0,0.18233632276157782,2,3,5,8,0.375,0,0
47,in_abs_train_2784,dismissed,3.0,0.19199925221696182,2,5,3,8,0.625,0,0
47,sc_1962_insc_72,dismissed,6.0,0.17857936714383763,2,2,6,8,0.25,0,0
47,sc_1971_insc_294,allowed,4.0,0.19378103915255748,2,4,4,8,0.5,1,0
47,sc_1973_insc_134,dismissed,5.0,0.19736633416432356,2,3,5,8,0.375,0,0
47,sc_1995_insc_138,allowed,3.0,0.18106830486527925,2,3,5,8,0.375,1,0
47,sc_1996_insc_1475,dismissed,5.0,0.23240293645988722,2,3,5,8,0.375,0,0
47,sc_1997_insc_529,allowed,2.0,0.15567082658610124,2,2,6,8,0.25,1,0
47,sc_2003_insc_296,allowed,3.0,0.1862392931029013,2,3,5,8,0.375,1,0
47,sc_2008_insc_1030,dismissed,4.0,0.1818097904523756,2,4,4,8,0.5,0,0
47,sc_2009_insc_246,allowed,5.0,0.14915119590895481,2,5,3,8,0.625,1,0
47,sc_2009_insc_69,dismissed,3.0,0.19025148741319853,2,5,3,8,0.625,0,0
47,sc_2014_insc_322,allowed,3.0,0.19082775853271075,2,3,5,8,0.375,1,0
48,sc_1954_insc_109,allowed,4.0,0.218702516104857,2,4,4,8,0.5,1,0
48,sc_1955_insc_64,dismissed,7.0,0.14211274308108945,2,1,7,8,0.125,0,0
48,sc_1962_insc_323,dismissed,4.0,0.20526451898511577,2,4,4,8,0.5,0,0
48,sc_1968_insc_175,dismissed,5.0,0.17784378278143775,2,3,5,8,0.375,0,0
48,sc_1971_insc_338,allowed,4.0,0.17898839933977365,2,4,4,8,0.5,1,0
48,sc_1989_insc_93,allowed,6.0,0.15756012020958904,2,6,2,8,0.75,1,0
48,sc_1995_insc_669,allowed,4.0,0.1864269653050683,2,4,4,8,0.5,1,0
48,sc_1996_insc_886,dismissed,4.0,0.19051400481260505,2,4,4,8,0.5,0,0
48,sc_2001_insc_186,dismissed,5.0,0.18629617117068492,2,3,5,8,0.375,0,0
48,sc_2007_insc_689,allowed,6.0,0.15816842289154937,2,6,2,8,0.75,1,0
48,sc_2014_insc_460,dismissed,2.0,0.17962090554115143,2,6,2,8,0.75,0,0
48,sc_2018_insc_1076,allowed,1.0,0.12363487796925371,2,1,7,8,0.125,1,0
49,in_abs_train_3357,allowed,4.0,0.18389611478367177,2,4,4,8,0.5,1,0
49,in_abs_train_3794,allowed,3.0,0.20630955481406116,3,3,4,7,0.42857142857142855,1,0
49,sc_1960_insc_78,dismissed,6.0,0.16871819407610555,2,2,6,8,0.25,0,0
49,sc_1988_insc_217,allowed,4.0,0.21411313921366096,2,4,4,8,0.5,1,0
49,sc_1994_insc_401,dismissed,3.0,0.18367603327573875,2,5,3,8,0.625,0,0
49,sc_1998_insc_486,allowed,5.0,0.2043296627034255,2,5,3,8,0.625,1,0
49,sc_1999_insc_87,dismissed,1.0,0.13965647728021513,3,6,1,7,0.8571428571428571,0,0
49,sc_2003_insc_607,dismissed,4.0,0.22002275653408476,2,4,4,8,0.5,0,0
49,sc_2010_insc_14,allowed,6.0,0.10860128720845501,2,6,2,8,0.75,1,0
49,sc_2011_insc_358,dismissed,5.0,0.17155397617388943,2,3,5,8,0.375,0,0
49,sc_2018_insc_262,dismissed,6.0,0.21304025276153626,2,2,6,8,0.25,0,0
49,sc_2023_insc_527,allowed,3.0,0.1806788167479203,2,3,5,8,0.375,1,0
50,in_abs_train_1147,dismissed,6.0,0.16236866945759137,2,2,6,8,0.25,0,0
50,in_abs_train_2121,dismissed,4.0,0.2011712773049373,2,4,4,8,0.5,0,0
50,sc_1965_insc_296,dismissed,2.0,0.21720989505002147,2,6,2,8,0.75,0,0
50,sc_1994_insc_368,allowed,3.0,0.23126505466715908,2,3,5,8,0.375,1,0
50,sc_2002_insc_11,allowed,5.0,0.26974691802009726,2,5,3,8,0.625,1,0
50,sc_2002_insc_476,allowed,1.0,0.18663376513353128,2,1,7,8,0.125,1,0
50,sc_2003_insc_171,dismissed,3.0,0.18183997361910442,2,5,3,8,0.625,0,0
50,sc_2006_insc_219,dismissed,6.0,0.12642756254641851,2,2,6,8,0.25,0,0
50,sc_2010_insc_42,dismissed,3.0,0.244746919622542,2,5,3,8,0.625,0,0
50,sc_2021_insc_141,allowed,3.0,0.222554211806791,2,3,5,8,0.375,1,0
50,sc_2022_insc_1103,allowed,3.0,0.1877546247290406,2,3,5,8,0.375,1,0
50,sc_2024_insc_151,allowed,3.0,0.17842117294580578,2,3,5,8,0.375,1,0
51,in_abs_train_4203,allowed,4.0,0.22271169753536615,2,4,4,8,0.5,1,0
51,in_abs_train_4972,allowed,6.0,0.17302253930382264,2,6,2,8,0.75,1,0
51,in_abs_train_5184,dismissed,7.0,0.1184347318749264,2,1,7,8,0.125,0,0
51,sc_1974_insc_48,allowed,6.0,0.16041182388093797,2,6,2,8,0.75,1,0
51,sc_1996_insc_1428,allowed,2.0,0.15909902576697318,2,2,6,8,0.25,1,0
51,sc_2001_insc_256,dismissed,3.0,0.19888540118729867,2,5,3,8,0.625,0,0
51,sc_2002_insc_120,allowed,4.0,0.2337793184121767,2,4,4,8,0.5,1,0
51,sc_2006_insc_96,dismissed,5.0,0.21277349604299614,2,3,5,8,0.375,0,0
51,sc_2010_insc_229,dismissed,3.0,0.21167954005659456,2,5,3,8,0.625,0,0
51,sc_2010_insc_886,allowed,5.0,0.21346423044288107,2,5,3,8,0.625,1,0
51,sc_2012_insc_282,dismissed,3.0,0.18501410451894057,2,5,3,8,0.625,0,0
51,sc_2020_insc_157,dismissed,4.0,0.16282857605144865,2,4,4,8,0.5,0,0
52,sc_1970_insc_59,allowed,2.0,0.17588365866085615,2,2,6,8,0.25,1,0
52,sc_1987_insc_5,dismissed,8.0,0.08718598083761425,1,0,8,8,0.0,0,0
52,sc_1993_insc_86,dismissed,3.0,0.1818247128156021,2,5,3,8,0.625,0,0
52,sc_1997_insc_437,dismissed,4.0,0.21585185154362668,2,4,4,8,0.5,0,0
52,sc_1998_insc_360,allowed,4.0,0.21225499590412691,3,4,3,7,0.5714285714285714,1,0
52,sc_1999_insc_267,dismissed,3.0,0.17035675937880682,2,5,3,8,0.625,0,0
52,sc_2000_insc_183,dismissed,4.0,0.1905856180941889,2,4,4,8,0.5,0,0
52,sc_2004_insc_346,dismissed,4.0,0.19780764176154714,2,4,4,8,0.5,0,0
52,sc_2009_insc_377,allowed,2.0,0.18118790089723877,2,2,6,8,0.25,1,0
52,sc_2009_insc_82,allowed,6.0,0.1728560475356383,2,6,2,8,0.75,1,0
52,sc_2015_insc_253,allowed,3.0,0.19598008179485343,2,3,5,8,0.375,1,0
52,sc_2016_insc_566,allowed,4.0,0.1847666568995854,2,4,4,8,0.5,1,0
53,sc_1993_insc_227,dismissed,2.0,0.16040301043930275,2,6,2,8,0.75,0,0
53,sc_1995_insc_496,dismissed,3.0,0.1693238094756822,2,5,3,8,0.625,0,0
53,sc_1996_insc_641,dismissed,4.0,0.26023212889970665,2,4,4,8,0.5,0,0
53,sc_1996_insc_877,dismissed,4.0,0.20810247178945507,2,4,4,8,0.5,0,0
53,sc_1999_insc_335,allowed,4.0,0.19015003865995123,2,4,4,8,0.5,1,0
53,sc_2007_insc_1294,dismissed,2.0,0.1620185174601965,2,6,2,8,0.75,0,0
53,sc_2007_insc_637,allowed,4.0,0.2071711222249099,2,4,4,8,0.5,1,0
53,sc_2011_insc_191,allowed,5.0,0.2136580623624916,2,5,3,8,0.625,1,0
53,sc_2014_insc_416,allowed,2.0,0.19105043453660173,2,2,6,8,0.25,1,0
53,sc_2018_insc_1071,allowed,4.0,0.214416517499458,2,4,4,8,0.5,1,0
53,sc_2020_insc_625,dismissed,6.0,0.1557444185212789,2,2,6,8,0.25,0,0
53,sc_2022_insc_29,allowed,5.0,0.19844049618214213,3,5,2,7,0.7142857142857143,1,0
54,sc_1964_insc_111,dismissed,4.0,0.18648347063862944,2,4,4,8,0.5,0,0
54,sc_1966_insc_258,dismissed,6.0,0.14103683503112305,2,2,6,8,0.25,0,0
54,sc_1969_insc_75,allowed,4.0,0.18921633204483168,3,4,3,7,0.5714285714285714,1,0
54,sc_1987_insc_79,dismissed,6.0,0.1749120558595821,2,2,6,8,0.25,0,0
54,sc_1991_insc_249,dismissed,2.0,0.1621311956685505,2,6,2,8,0.75,0,0
54,sc_1995_insc_466,allowed,0.0,0.07391492251848025,1,0,8,8,0.0,1,0
54,sc_2006_insc_366,dismissed,3.0,0.19435531882445908,2,5,3,8,0.625,0,0
54,sc_2009_insc_1256,dismissed,4.0,0.1750392648272919,2,4,4,8,0.5,0,0
54,sc_2009_insc_621,allowed,7.0,0.12397513791655393,2,7,1,8,0.875,1,0
54,sc_2009_insc_637,allowed,5.0,0.19744917971829756,2,5,3,8,0.625,1,0
54,sc_2018_insc_682,allowed,2.0,0.2235860960643938,2,2,6,8,0.25,1,0
54,sc_2022_insc_252,allowed,3.0,0.17674038577664528,2,3,5,8,0.375,1,0
55,in_abs_train_4604,allowed,4.0,0.20154851388045664,2,4,4,8,0.5,1,0
55,in_abs_train_6218,allowed,3.0,0.207407714520712,2,3,5,8,0.375,1,0
55,sc_1963_insc_209,allowed,2.0,0.11147773341881245,2,2,6,8,0.25,1,0
55,sc_1972_insc_176,dismissed,5.0,0.18340837280065483,2,3,5,8,0.375,0,0
55,sc_1978_insc_10,dismissed,6.0,0.17008359872590756,2,2,6,8,0.25,0,0
55,sc_1996_insc_1279,dismissed,3.0,0.21267219378192692,2,5,3,8,0.625,0,0
55,sc_1996_insc_1462,allowed,3.0,0.16810064031055164,2,3,5,8,0.375,1,0
55,sc_1997_insc_790,dismissed,3.0,0.17607791047021074,2,5,3,8,0.625,0,0
55,sc_2002_insc_349,dismissed,3.0,0.19362050684171564,2,5,3,8,0.625,0,0
55,sc_2011_insc_483,allowed,4.0,0.23183131755715553,2,4,4,8,0.5,1,0
55,sc_2013_insc_41,dismissed,4.0,0.18708286933869706,2,4,4,8,0.5,0,0
55,sc_2020_insc_265,allowed,5.0,0.15167025659481556,2,5,3,8,0.625,1,0
56,in_abs_train_4175,dismissed,6.0,0.16682713378679653,2,2,6,8,0.25,0,0
56,in_abs_train_732,allowed,4.0,0.21132225033456561,2,4,4,8,0.5,1,0
56,sc_1971_insc_138,dismissed,4.0,0.17197155711245934,2,4,4,8,0.5,0,0
56,sc_1985_insc_217,allowed,2.0,0.19687653627518514,2,2,6,8,0.25,1,0
56,sc_1987_insc_193,dismissed,2.0,0.21767818326413976,2,6,2,8,0.75,0,0
56,sc_1998_insc_325,allowed,3.0,0.178516164422918,2,3,5,8,0.375,1,0
56,sc_2000_insc_415,dismissed,3.0,0.19570305130513851,2,5,3,8,0.625,0,0
56,sc_2006_insc_634,allowed,4.0,0.1671552507049683,2,4,4,8,0.5,1,0
56,sc_2009_insc_1277,dismissed,5.0,0.18859216628312067,2,3,5,8,0.375,0,0
56,sc_2009_insc_374,allowed,6.0,0.16873713942763824,2,6,2,8,0.75,1,0
56,sc_2015_insc_906,allowed,4.0,0.17155139016049478,2,4,4,8,0.5,1,0
56,sc_2018_insc_799,dismissed,4.0,0.2140420590066988,2,4,4,8,0.5,0,0
57,in_abs_train_3775,dismissed,4.0,0.20748782342901592,2,4,4,8,0.5,0,0
57,in_abs_train_6213,allowed,6.0,0.18235465448244914,2,6,2,8,0.75,1,0
57,sc_1953_insc_84,allowed,3.0,0.1818648267819374,2,3,5,8,0.375,1,0
57,sc_1955_insc_10,allowed,2.0,0.14803435886506122,2,2,6,8,0.25,1,0
57,sc_1960_insc_54,dismissed,5.0,0.20624508415207793,2,3,5,8,0.375,0,0
57,sc_1971_insc_239,dismissed,3.0,0.16898512862976775,2,5,3,8,0.625,0,0
57,sc_1973_insc_128,dismissed,4.0,0.20294628676696697,2,4,4,8,0.5,0,0
57,sc_1979_insc_229,dismissed,5.0,0.17799335500125607,3,2,5,7,0.2857142857142857,0,0
57,sc_2006_insc_916,allowed,3.0,0.16767032442274404,3,3,4,7,0.42857142857142855,1,0
57,sc_2009_insc_928,dismissed,3.0,0.23836049940913326,2,5,3,8,0.625,0,0
57,sc_2014_insc_433,allowed,4.0,0.21391177010191512,2,4,4,8,0.5,1,0
57,sc_2022_insc_1094,allowed,3.0,0.1742233147223905,2,3,5,8,0.375,1,0
58,in_abs_train_5041,allowed,3.0,0.215884204969602,2,3,5,8,0.375,1,0
58,in_abs_train_6356,dismissed,5.0,0.20024685379640084,3,2,5,7,0.2857142857142857,0,0
58,sc_1960_insc_20,dismissed,4.0,0.17978985438859288,2,4,4,8,0.5,0,0
58,sc_1978_insc_89,dismissed,4.0,0.18221794845677503,2,4,4,8,0.5,0,0
58,sc_1993_insc_196,dismissed,3.0,0.184602393068957,2,5,3,8,0.625,0,0
58,sc_1996_insc_836,allowed,4.0,0.2788616711429756,2,4,4,8,0.5,1,0
58,sc_1999_insc_248,allowed,4.0,0.17138619767524318,2,4,4,8,0.5,1,0
58,sc_2005_insc_559,dismissed,5.0,0.16140151765331592,2,3,5,8,0.375,0,0
58,sc_2008_insc_64,allowed,5.0,0.21042075196411322,2,5,3,8,0.625,1,0
58,sc_2008_insc_672,dismissed,2.0,0.1884943766029452,2,6,2,8,0.75,0,0
58,sc_2009_insc_198,allowed,6.0,0.12546683807029307,2,6,2,8,0.75,1,0
58,sc_2023_insc_648,allowed,2.0,0.16184678808212413,2,2,6,8,0.25,1,0
59,in_abs_train_3348,dismissed,6.0,0.17632113281194056,2,2,6,8,0.25,0,0
59,in_abs_train_3709,allowed,3.0,0.1608778929143822,2,3,5,8,0.375,1,0
59,in_abs_train_4931,dismissed,5.0,0.181142209327368,2,3,5,8,0.375,0,0
59,in_abs_train_937,allowed,4.0,0.1840421503413887,2,4,4,8,0.5,1,0
59,sc_1971_insc_190,dismissed,3.0,0.18492526089186367,2,5,3,8,0.625,0,0
59,sc_1972_insc_159,dismissed,6.0,0.17459560098676188,3,1,6,7,0.14285714285714285,0,0
59,sc_1996_insc_275,dismissed,4.0,0.18242863129613626,2,4,4,8,0.5,0,0
59,sc_2003_insc_657,allowed,4.0,0.18631636949664596,2,4,4,8,0.5,1,0
59,sc_2005_insc_626,dismissed,5.0,0.18098987491411933,2,3,5,8,0.375,0,0
59,sc_2008_insc_281,allowed,3.0,0.1926431597629724,2,3,5,8,0.375,1,0
59,sc_2009_insc_685,allowed,3.0,0.1806788167479203,2,3,5,8,0.375,1,0
59,sc_2014_insc_482,allowed,4.0,0.23253739995430595,2,4,4,8,0.5,1,0
60,in_abs_train_4509,allowed,5.0,0.19126963026410365,2,5,3,8,0.625,1,0
60,sc_1961_insc_159,dismissed,1.0,0.12045975450480188,2,7,1,8,0.875,0,0
60,sc_1966_insc_86,dismissed,3.0,0.24101520510923824,2,5,3,8,0.625,0,0
60,sc_1971_insc_196,dismissed,5.0,0.20920061945685126,2,3,5,8,0.375,0,0
60,sc_1974_insc_141,allowed,2.0,0.17067518231173168,2,2,6,8,0.25,1,0
60,sc_1989_insc_201,allowed,4.0,0.19261414845711633,2,4,4,8,0.5,1,0
60,sc_1989_insc_21,dismissed,1.0,0.10427680784225149,2,7,1,8,0.875,0,0
60,sc_1990_insc_293,dismissed,2.0,0.14839293880004628,2,6,2,8,0.75,0,0
60,sc_2000_insc_580,allowed,6.0,0.19055585982668102,2,6,2,8,0.75,1,0
60,sc_2007_insc_1223,allowed,2.0,0.15888919884075955,2,2,6,8,0.25,1,0
60,sc_2010_insc_544,dismissed,3.0,0.18114220932736796,2,5,3,8,0.625,0,0
60,sc_2019_insc_309,allowed,5.0,0.15260984716639536,2,5,3,8,0.625,1,0
61,in_abs_train_6492,dismissed,4.0,0.17817408921236486,2,4,4,8,0.5,0,0
61,in_abs_train_6577,dismissed,5.0,0.1661057644996103,2,3,5,8,0.375,0,0
61,sc_1985_insc_53,allowed,5.0,0.18161039293341272,2,5,3,8,0.625,1,0
61,sc_1994_insc_423,allowed,7.0,0.13302361228022494,2,7,1,8,0.875,1,0
61,sc_2007_insc_920,dismissed,5.0,0.16472135666529253,2,3,5,8,0.375,0,0
61,sc_2012_insc_72,allowed,2.0,0.14950626737143793,2,2,6,8,0.25,1,0
61,sc_2014_insc_1018,dismissed,3.0,0.18195425553827385,2,5,3,8,0.625,0,0
61,sc_2015_insc_1035,allowed,4.0,0.19452629891455195,2,4,4,8,0.5,1,0
61,sc_2015_insc_742,dismissed,5.0,0.19463598565426676,2,3,5,8,0.375,0,0
61,sc_2018_insc_917,allowed,1.0,0.13971624212333317,3,1,5,6,0.16666666666666666,1,0
61,sc_2019_insc_1010,dismissed,4.0,0.18879340375493664,2,4,4,8,0.5,0,0
61,sc_2019_insc_121,allowed,4.0,0.1870532303857178,2,4,4,8,0.5,1,0
62,in_abs_train_1075,allowed,5.0,0.191375594690528,2,5,3,8,0.625,1,0
62,in_abs_train_1571,dismissed,4.0,0.19499607613813155,2,4,4,8,0.5,0,0
62,in_abs_train_5873,dismissed,4.0,0.19562840189163253,2,4,4,8,0.5,0,0
62,in_abs_train_6895,dismissed,5.0,0.18083541254016436,2,3,5,8,0.375,0,0
62,sc_1976_insc_171,allowed,5.0,0.17713458093174173,3,5,2,7,0.7142857142857143,1,0
62,sc_1992_insc_1,dismissed,3.0,0.17794265337070567,2,5,3,8,0.625,0,0
62,sc_1996_insc_1076,allowed,6.0,0.18077615400583907,2,6,2,8,0.75,1,0
62,sc_2007_insc_1300,allowed,5.0,0.1860286470725203,3,5,2,7,0.7142857142857143,1,0
62,sc_2007_insc_334,allowed,4.0,0.17274830731029295,2,4,4,8,0.5,1,0
62,sc_2008_insc_682,dismissed,6.0,0.20569934308636703,2,2,6,8,0.25,0,0
62,sc_2017_insc_1225,dismissed,4.0,0.23814801632298221,2,4,4,8,0.5,0,0
62,sc_2023_insc_388,allowed,3.0,0.2002372347317653,2,3,5,8,0.375,1,0
63,in_abs_train_6424,allowed,4.0,0.22000815477986915,2,4,4,8,0.5,1,0
63,sc_1971_insc_246,allowed,5.0,0.18935864497976168,2,5,3,8,0.625,1,0
63,sc_1976_insc_206,allowed,3.0,0.17023078577589507,2,3,5,8,0.375,1,0
63,sc_1984_insc_230,dismissed,3.0,0.1758914992695955,2,5,3,8,0.625,0,0
63,sc_1985_insc_173,dismissed,3.0,0.1936588841051635,2,5,3,8,0.625,0,0
63,sc_1992_insc_208,dismissed,6.0,0.13961393721005666,2,2,6,8,0.25,0,0
63,sc_1996_insc_1440,allowed,5.0,0.1888854730750237,2,5,3,8,0.625,1,0
63,sc_2000_insc_457,allowed,5.0,0.15812194869597387,2,5,3,8,0.625,1,0
63,sc_2009_insc_496,dismissed,6.0,0.16201851746019652,2,2,6,8,0.25,0,0
63,sc_2013_insc_608,dismissed,4.0,0.19577664856600596,2,4,4,8,0.5,0,0
63,sc_2019_insc_92,dismissed,4.0,0.18738498555780822,2,4,4,8,0.5,0,0
63,sc_2021_insc_343,allowed,4.0,0.16667516985111475,2,4,4,8,0.5,1,0
64,in_abs_train_119,dismissed,4.0,0.18555418344442642,3,3,4,7,0.42857142857142855,0,0
64,in_abs_train_2087,dismissed,3.0,0.1535214234542084,2,5,3,8,0.625,0,0
64,in_abs_train_465,dismissed,6.0,0.17381106005721927,2,2,6,8,0.25,0,0
64,in_abs_train_6714,allowed,4.0,0.1855423035980528,2,4,4,8,0.5,1,0
64,sc_1987_insc_231,dismissed,3.0,0.21847200703326466,2,5,3,8,0.625,0,0
64,sc_1997_insc_775,allowed,4.0,0.1970056576050269,2,4,4,8,0.5,1,0
64,sc_2001_insc_478,allowed,6.0,0.16271584565914723,2,6,2,8,0.75,1,0
64,sc_2001_insc_86,allowed,4.0,0.1997342265547403,2,4,4,8,0.5,1,0
64,sc_2005_insc_110,allowed,4.0,0.20213761505843925,2,4,4,8,0.5,1,0
64,sc_2009_insc_454,dismissed,7.0,0.1525761482892582,2,1,7,8,0.125,0,0
64,sc_2013_insc_227,dismissed,3.0,0.17320690751959056,2,5,3,8,0.625,0,0
64,sc_2020_insc_709,allowed,4.0,0.18795660771552716,3,4,3,7,0.5714285714285714,1,0
65,in_abs_train_1089,dismissed,3.0,0.2134504664632093,2,5,3,8,0.625,0,0
65,sc_1961_insc_95,allowed,4.0,0.18112302202410066,2,4,4,8,0.5,1,0
65,sc_1979_insc_43,allowed,6.0,0.1745557166075684,2,6,2,8,0.75,1,0
65,sc_1995_insc_607,dismissed,2.0,0.1739203767177601,2,6,2,8,0.75,0,0
65,sc_2001_insc_235,allowed,2.0,0.17648715572991272,2,2,6,8,0.25,1,0
65,sc_2002_insc_29,dismissed,4.0,0.1719401507550022,2,4,4,8,0.5,0,0
65,sc_2008_insc_30,dismissed,5.0,0.1820753866632484,2,3,5,8,0.375,0,0
65,sc_2015_insc_321,dismissed,4.0,0.18139465628668633,2,4,4,8,0.5,0,0
65,sc_2018_insc_372,allowed,5.0,0.1899716224889062,2,5,3,8,0.625,1,0
65,sc_2019_insc_444,allowed,5.0,0.18137670140483864,2,5,3,8,0.625,1,0
65,sc_2019_insc_728,allowed,4.0,0.1854140245695754,2,4,4,8,0.5,1,0
65,sc_2022_insc_766,dismissed,1.0,0.13464497289241215,2,7,1,8,0.875,0,0
66,in_abs_train_1207,dismissed,3.0,0.1632125950730402,2,5,3,8,0.625,0,0
66,in_abs_train_3799,allowed,3.0,0.17028969211632108,2,3,5,8,0.375,1,0
66,in_abs_train_5050,allowed,2.0,0.1796433786164289,2,2,6,8,0.25,1,0
66,sc_1962_insc_366,dismissed,4.0,0.16329369367503993,2,4,4,8,0.5,0,0
66,sc_1964_insc_249,dismissed,7.0,0.10736674318359794,2,1,7,8,0.125,0,0
66,sc_1969_insc_304,allowed,2.0,0.16189633208000676,2,2,6,8,0.25,1,0
66,sc_1978_insc_165,allowed,3.0,0.15198163831549635,2,3,5,8,0.375,1,0
66,sc_1986_insc_13,dismissed,4.0,0.2030640622878828,2,4,4,8,0.5,0,0
66,sc_1994_insc_410,allowed,5.0,0.17337143833388566,2,5,3,8,0.625,1,0
66,sc_2006_insc_454,dismissed,4.0,0.1812794466396458,2,4,4,8,0.5,0,0
66,sc_2008_insc_1025,dismissed,3.0,0.1951063298140049,2,5,3,8,0.625,0,0
66,sc_2021_insc_650,allowed,4.0,0.19726064962097456,2,4,4,8,0.5,1,0
67,sc_1962_insc_138,allowed,5.0,0.21500792915196007,2,5,3,8,0.625,1,0
67,sc_1964_insc_8,dismissed,4.0,0.18738691530303203,2,4,4,8,0.5,0,0
67,sc_1965_insc_93,allowed,3.0,0.19204728770353854,2,3,5,8,0.375,1,0
67,sc_1966_insc_254,dismissed,6.0,0.16172591470041436,2,2,6,8,0.25,0,0
67,sc_1988_insc_243,dismissed,7.0,0.13810974843256707,2,1,7,8,0.125,0,0
67,sc_2000_insc_274,allowed,2.0,0.1631477200926466,3,2,5,7,0.2857142857142857,1,0
67,sc_2001_insc_513,dismissed,3.0,0.17695099749987556,2,5,3,8,0.625,0,0
67,sc_2004_insc_337,allowed,3.0,0.16245937679045447,2,3,5,8,0.375,1,0
67,sc_2004_insc_662,dismissed,2.0,0.16496986524933305,2,6,2,8,0.75,0,0
67,sc_2011_insc_69,allowed,4.0,0.22539564658415412,2,4,4,8,0.5,1,0
67,sc_2015_insc_275,allowed,6.0,0.218664001297534,2,6,2,8,0.75,1,0
67,sc_2022_insc_665,dismissed,5.0,0.17260392753545814,2,3,5,8,0.375,0,0
68,in_abs_train_1701,allowed,5.0,0.16214575230786601,2,5,3,8,0.625,1,0
68,in_abs_train_831,dismissed,2.0,0.18468700025288035,2,6,2,8,0.75,0,0
68,sc_1964_insc_34,dismissed,7.0,0.10866664521214475,2,1,7,8,0.125,0,0
68,sc_1965_insc_188,dismissed,2.0,0.22183124372920152,2,6,2,8,0.75,0,0
68,sc_1967_insc_276,dismissed,5.0,0.14927071391182542,2,3,5,8,0.375,0,0
68,sc_1975_insc_74,dismissed,5.0,0.1933223099905979,2,3,5,8,0.375,0,0
68,sc_1981_insc_156,allowed,5.0,0.19938412117763482,2,5,3,8,0.625,1,0
68,sc_2002_insc_296,allowed,4.0,0.17094579360218373,2,4,4,8,0.5,1,0
68,sc_2008_insc_471,allowed,5.0,0.22594952496532117,2,5,3,8,0.625,1,0
68,sc_2011_insc_402,dismissed,3.0,0.14675671937072368,3,4,3,7,0.5714285714285714,0,0
68,sc_2012_insc_126,allowed,3.0,0.19301546823112986,2,3,5,8,0.375,1,0
68,sc_2018_insc_241,allowed,4.0,0.1921745431137878,3,4,2,6,0.6666666666666666,1,0
69,in_abs_train_4973,dismissed,1.0,0.1713470866184165,3,5,1,6,0.8333333333333334,0,0
69,sc_1959_insc_111,dismissed,5.0,0.2019599002122247,2,3,5,8,0.375,0,0
69,sc_1968_insc_255,dismissed,5.0,0.17314744174356508,2,3,5,8,0.375,0,0
69,sc_1974_insc_186,allowed,1.0,0.1107700004774609,2,1,7,8,0.125,1,0
69,sc_1988_insc_168,allowed,7.0,0.1664569801821641,2,7,1,8,0.875,1,0
69,sc_1991_insc_79,dismissed,6.0,0.16978847134007655,2,2,6,8,0.25,0,0
69,sc_1991_insc_80,allowed,6.0,0.19319519736710403,2,6,2,8,0.75,1,0
69,sc_1995_insc_195,dismissed,4.0,0.26147694346593103,2,4,4,8,0.5,0,0
69,sc_1997_insc_102,allowed,2.0,0.14603470318476727,3,2,5,7,0.2857142857142857,1,0
69,sc_2003_insc_333,dismissed,5.0,0.1480359177244088,2,3,5,8,0.375,0,0
69,sc_2022_insc_1144,allowed,4.0,0.18678365242306405,2,4,4,8,0.5,1,0
69,sc_2022_insc_123,allowed,6.0,0.18770436667085771,2,6,2,8,0.75,1,0
70,in_abs_train_3439,allowed,3.0,0.16287224237405215,3,3,4,7,0.42857142857142855,1,0
70,in_abs_train_4306,allowed,6.0,0.15153451006747068,2,6,2,8,0.75,1,0
70,in_abs_train_733,dismissed,3.0,0.21173358613080331,2,5,3,8,0.625,0,0
70,sc_1952_insc_58,allowed,2.0,0.1585499386643598,2,2,6,8,0.25,1,0
70,sc_1962_insc_85,dismissed,5.0,0.1617135009678117,2,3,5,8,0.375,0,0
70,sc_1973_insc_75,allowed,5.0,0.15121207625951993,2,5,3,8,0.625,1,0
70,sc_1978_insc_21,allowed,4.0,0.23711468162892588,2,4,4,8,0.5,1,0
70,sc_2000_insc_594,dismissed,3.0,0.16977509655949938,2,5,3,8,0.625,0,0
70,sc_2006_insc_707,dismissed,3.0,0.17173126320426513,2,5,3,8,0.625,0,0
70,sc_2007_insc_504,dismissed,5.0,0.18161039293341272,2,3,5,8,0.375,0,0
70,sc_2010_insc_847,dismissed,4.0,0.17525904297027622,2,4,4,8,0.5,0,0
70,sc_2022_insc_124,allowed,2.0,0.18419956847611155,2,2,6,8,0.25,1,0
71,in_abs_train_1742,dismissed,3.0,0.16285971632782906,2,5,3,8,0.625,0,0
71,in_abs_train_3537,dismissed,4.0,0.1636255145989701,2,4,4,8,0.5,0,0
71,in_abs_train_513,allowed,4.0,0.18622137801057753,2,4,4,8,0.5,1,0
71,in_abs_train_653,allowed,4.0,0.18744232207614722,2,4,4,8,0.5,1,0
71,sc_1964_insc_165,allowed,6.0,0.13663585663775407,2,6,2,8,0.75,1,0
71,sc_1984_insc_147,dismissed,3.0,0.21670336615686167,2,5,3,8,0.625,0,0
71,sc_2001_insc_75,allowed,1.0,0.1360223275987141,2,1,7,8,0.125,1,0
71,sc_2007_insc_490,dismissed,4.0,0.15557383258404298,2,4,4,8,0.5,0,0
71,sc_2009_insc_305,dismissed,5.0,0.21976077281242237,2,3,5,8,0.375,0,0
71,sc_2012_insc_594,allowed,5.0,0.21682369150530467,2,5,3,8,0.625,1,0
71,sc_2017_insc_1226,allowed,2.0,0.1624129437135916,2,2,6,8,0.25,1,0
71,sc_2019_insc_1204,dismissed,4.0,0.18806025523276917,2,4,4,8,0.5,0,0
72,in_abs_train_2758,dismissed,2.0,0.17586841064705283,2,6,2,8,0.75,0,0
72,in_abs_train_3469,dismissed,4.0,0.18618231931841894,2,4,4,8,0.5,0,0
72,sc_1966_insc_243,allowed,2.0,0.16202298117418845,2,2,6,8,0.25,1,0
72,sc_1967_insc_132,dismissed,4.0,0.21521347459585427,2,4,4,8,0.5,0,0
72,sc_1976_insc_84,dismissed,3.0,0.1813003993967707,2,5,3,8,0.625,0,0
72,sc_1996_insc_382,dismissed,6.0,0.18001893773627073,2,2,6,8,0.25,0,0
72,sc_2006_insc_715,allowed,6.0,0.19455117985337758,2,6,2,8,0.75,1,0
72,sc_2007_insc_291,dismissed,4.0,0.23084732537329045,2,4,4,8,0.5,0,0
72,sc_2008_insc_986,allowed,5.0,0.15711605220330366,2,5,3,8,0.625,1,0
72,sc_2014_insc_304,allowed,7.0,0.1469969047782606,2,7,1,8,0.875,1,0
72,sc_2020_insc_394,allowed,2.0,0.18170771244358228,2,2,6,8,0.25,1,0
72,sc_2024_insc_343,allowed,5.0,0.21418597716120447,2,5,3,8,0.625,1,0
73,in_abs_train_2463,dismissed,6.0,0.17476886965027214,2,2,6,8,0.25,0,0
73,in_abs_train_324,dismissed,6.0,0.22714748984494,2,2,6,8,0.25,0,0
73,sc_1965_insc_265,allowed,5.0,0.23430883210023706,2,5,3,8,0.625,1,0
73,sc_1973_insc_93,allowed,3.0,0.17722434779770305,2,3,5,8,0.375,1,0
73,sc_1986_insc_134,allowed,4.0,0.18255235146396484,2,4,4,8,0.5,1,0
73,sc_1994_insc_325,dismissed,4.0,0.16934330884330798,2,4,4,8,0.5,0,0
73,sc_2000_insc_574,dismissed,3.0,0.19352659102303957,2,5,3,8,0.625,0,0
73,sc_2006_insc_548,allowed,3.0,0.16005828416168913,2,3,5,8,0.375,1,0
73,sc_2008_insc_145,dismissed,2.0,0.17544405037969735,2,6,2,8,0.75,0,0
73,sc_2009_insc_1282,dismissed,6.0,0.14039137780965627,2,2,6,8,0.25,0,0
73,sc_2016_insc_76,allowed,3.0,0.18536630221221398,3,3,4,7,0.42857142857142855,1,0
73,sc_2022_insc_386,allowed,5.0,0.19833254830988398,2,5,3,8,0.625,1,0
74,sc_1967_insc_259,allowed,3.0,0.18091091125882927,2,3,5,8,0.375,1,0
74,sc_1981_insc_6,dismissed,4.0,0.17707370527047284,2,4,4,8,0.5,0,0
74,sc_1984_insc_45,dismissed,3.0,0.1834628825111878,2,5,3,8,0.625,0,0
74,sc_1990_insc_89,allowed,3.0,0.1523357801348621,2,3,5,8,0.375,1,0
74,sc_1991_insc_45,dismissed,2.0,0.17845002340330937,2,6,2,8,0.75,0,0
74,sc_1996_insc_962,dismissed,3.0,0.18535292232031897,2,5,3,8,0.625,0,0
74,sc_1997_insc_24,dismissed,6.0,0.1369963277050327,2,2,6,8,0.25,0,0
74,sc_2006_insc_420,allowed,4.0,0.18380531704914999,2,4,4,8,0.5,1,0
74,sc_2010_insc_438,dismissed,2.0,0.15946792109118013,2,6,2,8,0.75,0,0
74,sc_2014_insc_494,allowed,6.0,0.15300434302602772,2,6,2,8,0.75,1,0
74,sc_2020_insc_84,allowed,2.0,0.14009858366870706,2,2,6,8,0.25,1,0
74,sc_2021_insc_497,allowed,5.0,0.15646125995931245,2,5,3,8,0.625,1,0
75,sc_1962_insc_161,dismissed,2.0,0.16056804800564317,2,6,2,8,0.75,0,0
75,sc_1992_insc_93,allowed,5.0,0.20121201037369127,2,5,3,8,0.625,1,0
75,sc_1995_insc_521,dismissed,3.0,0.18904778934386712,2,5,3,8,0.625,0,0
75,sc_1996_insc_82,dismissed,4.0,0.1881548411085223,2,4,4,8,0.5,0,0
75,sc_2002_insc_468,allowed,1.0,0.13046628503415064,2,1,7,8,0.125,1,0
75,sc_2007_insc_453,dismissed,3.0,0.18866987111426187,2,5,3,8,0.625,0,0
75,sc_2008_insc_527,allowed,1.0,0.12248213294952484,2,1,7,8,0.125,1,0
75,sc_2009_insc_361,allowed,4.0,0.1992266633582391,2,4,4,8,0.5,1,0
75,sc_2017_insc_220,dismissed,7.0,0.1358414162801026,2,1,7,8,0.125,0,0
75,sc_2018_insc_1060,allowed,4.0,0.18648347063862947,2,4,4,8,0.5,1,0
75,sc_2019_insc_1004,allowed,2.0,0.14638170744513662,2,2,6,8,0.25,1,0
75,sc_2021_insc_855,dismissed,2.0,0.1620185174601965,2,6,2,8,0.75,0,0
76,in_abs_train_1464,dismissed,4.0,0.1639586907104201,2,4,4,8,0.5,0,0
76,in_abs_train_5028,allowed,5.0,0.1874074057082209,2,5,3,8,0.625,1,0
76,in_abs_train_5099,allowed,3.0,0.18106830486527925,2,3,5,8,0.375,1,0
76,sc_1953_insc_47,allowed,5.0,0.18909292110626455,3,5,2,7,0.7142857142857143,1,0
76,sc_1965_insc_182,dismissed,1.0,0.12022874545937648,2,7,1,8,0.875,0,0
76,sc_1974_insc_86,dismissed,4.0,0.20853612974669097,2,4,4,8,0.5,0,0
76,sc_1986_insc_179,dismissed,5.0,0.19017640805703492,2,3,5,8,0.375,0,0
76,sc_1993_insc_157,allowed,4.0,0.17089621208828018,2,4,4,8,0.5,1,0
76,sc_1994_insc_389,allowed,3.0,0.2122318014385513,2,3,5,8,0.375,1,0
76,sc_1994_insc_403,dismissed,3.0,0.14204762903490276,2,5,3,8,0.625,0,0
76,sc_1996_insc_889,dismissed,2.0,0.17704306845153436,2,6,2,8,0.75,0,0
76,sc_2007_insc_1119,allowed,3.0,0.1747000589072004,2,3,5,8,0.375,1,0
77,in_abs_train_5589,dismissed,5.0,0.19650576928200122,2,3,5,8,0.375,0,0
77,sc_1965_insc_12,allowed,4.0,0.19862270465606752,2,4,4,8,0.5,1,0
77,sc_1967_insc_300,dismissed,3.0,0.18047531364063893,2,5,3,8,0.625,0,0
77,sc_1991_insc_279,allowed,2.0,0.20759521569459313,2,2,6,8,0.25,1,0
77,sc_1992_insc_7,dismissed,6.0,0.13298972419353092,2,2,6,8,0.25,0,0
77,sc_1996_insc_221,dismissed,3.0,0.19586533901327643,2,5,3,8,0.625,0,0
77,sc_2003_insc_538,allowed,4.0,0.20864040910739223,2,4,4,8,0.5,1,0
77,sc_2008_insc_1259,dismissed,0.0,0.07787486035638458,1,8,0,8,1.0,0,0
77,sc_2009_insc_529,allowed,3.0,0.18921167858043142,2,3,5,8,0.375,1,0
77,sc_2011_insc_60,dismissed,5.0,0.19685974518185756,3,2,5,7,0.2857142857142857,0,0
77,sc_2012_insc_272,allowed,7.0,0.07472750431262673,2,7,1,8,0.875,1,0
77,sc_2017_insc_702,allowed,6.0,0.17242895937674166,2,6,2,8,0.75,1,0
78,in_abs_train_1212,dismissed,5.0,0.14623256877835292,2,3,5,8,0.375,0,0
78,in_abs_train_4551,allowed,3.0,0.1842954743098455,2,3,5,8,0.375,1,0
78,sc_1962_insc_238,allowed,3.0,0.17444306799817555,2,3,5,8,0.375,1,0
78,sc_1973_insc_145,dismissed,1.0,0.1328389196411525,2,7,1,8,0.875,0,0
78,sc_1982_insc_79,allowed,2.0,0.18781077500259963,2,2,6,8,0.25,1,0
78,sc_1990_insc_310,dismissed,2.0,0.19077974398317477,3,5,2,7,0.7142857142857143,0,0
78,sc_1991_insc_257,dismissed,5.0,0.24487902182839721,2,3,5,8,0.375,0,0
78,sc_1996_insc_913,allowed,6.0,0.17817831908752854,2,6,2,8,0.75,1,0
78,sc_2007_insc_187,allowed,3.0,0.2188385501046485,2,3,5,8,0.375,1,0
78,sc_2011_insc_90,allowed,5.0,0.18075538114396483,2,5,3,8,0.625,1,0
78,sc_2018_insc_716,dismissed,3.0,0.23658933797664522,2,5,3,8,0.625,0,0
78,sc_2021_insc_167,dismissed,3.0,0.15095454028461297,2,5,3,8,0.625,0,0
79,in_abs_train_1353,dismissed,4.0,0.17243703348237285,2,4,4,8,0.5,0,0
79,sc_1969_insc_222,dismissed,5.0,0.16467606718858221,2,3,5,8,0.375,0,0
79,sc_1970_insc_16,allowed,3.0,0.19643057831766994,2,3,5,8,0.375,1,0
79,sc_1989_insc_376,dismissed,5.0,0.17829304416665917,2,3,5,8,0.375,0,0
79,sc_1994_insc_119,dismissed,5.0,0.18297824533344428,2,3,5,8,0.375,0,0
79,sc_1995_insc_203,allowed,5.0,0.15030093324964514,2,5,3,8,0.625,1,0
79,sc_2000_insc_114,allowed,4.0,0.1993348733690907,2,4,4,8,0.5,1,0
79,sc_2000_insc_30,dismissed,5.0,0.17779728255086066,3,2,5,7,0.2857142857142857,0,0
79,sc_2007_insc_1089,allowed,3.0,0.19769754793643673,2,3,5,8,0.375,1,0
79,sc_2008_insc_1005,allowed,3.0,0.17543782532725247,2,3,5,8,0.375,1,0
79,sc_2013_insc_688,dismissed,5.0,0.1598810410793818,2,3,5,8,0.375,0,0
79,sc_2014_insc_18,allowed,5.0,0.19266800253645877,2,5,3,8,0.625,1,0
80,in_abs_train_5338,dismissed,3.0,0.21527567649581342,2,5,3,8,0.625,0,0
80,sc_1970_insc_140,dismissed,4.0,0.20351921238210713,2,4,4,8,0.5,0,0
80,sc_1973_insc_182,dismissed,4.0,0.194633888013755,2,4,4,8,0.5,0,0
80,sc_1983_insc_177,allowed,3.0,0.18397913010040023,2,3,5,8,0.375,1,0
80,sc_1993_insc_386,allowed,5.0,0.16651640922867245,2,5,3,8,0.625,1,0
80,sc_1995_insc_640,allowed,5.0,0.17567980615907972,2,5,3,8,0.625,1,0
80,sc_1995_insc_673,allowed,4.0,0.18751679945574207,2,4,4,8,0.5,1,0
80,sc_1996_insc_590,dismissed,7.0,0.1475288069630083,2,1,7,8,0.125,0,0
80,sc_2004_insc_463,dismissed,3.0,0.1996412507193833,2,5,3,8,0.625,0,0
80,sc_2006_insc_316,dismissed,4.0,0.20795265885304612,2,4,4,8,0.5,0,0
80,sc_2013_insc_3,allowed,3.0,0.18303209860778683,2,3,5,8,0.375,1,0
80,sc_2013_insc_396,allowed,5.0,0.19421673908567053,2,5,3,8,0.625,1,0
81,in_abs_train_1727,allowed,7.0,0.12501097003248254,2,7,1,8,0.875,1,0
81,sc_1953_insc_19,dismissed,5.0,0.18146789550279763,2,3,5,8,0.375,0,0
81,sc_1970_insc_221,dismissed,3.0,0.1757363811782946,2,5,3,8,0.625,0,0
81,sc_1996_insc_1269,dismissed,3.0,0.19054106627288173,2,5,3,8,0.625,0,0
81,sc_1997_insc_3,allowed,4.0,0.19911234938740346,2,4,4,8,0.5,1,0
81,sc_2001_insc_182,dismissed,2.0,0.15988258418583998,2,6,2,8,0.75,0,0
81,sc_2004_insc_650,dismissed,6.0,0.15257316745932567,2,2,6,8,0.25,0,0
81,sc_2009_insc_1104,allowed,3.0,0.18221570015761146,2,3,5,8,0.375,1,0
81,sc_2014_insc_752,allowed,6.0,0.1614988631925934,2,6,2,8,0.75,1,0
81,sc_2016_insc_1114,allowed,3.0,0.1896689197183947,2,3,5,8,0.375,1,0
81,sc_2022_insc_195,allowed,4.0,0.19825627129335113,2,4,4,8,0.5,1,0
81,sc_2023_insc_641,dismissed,3.0,0.1635625119411535,2,5,3,8,0.625,0,0
82,in_abs_train_1704,dismissed,4.0,0.18768613380169713,2,4,4,8,0.5,0,0
82,in_abs_train_302,dismissed,5.0,0.1711362206746009,2,3,5,8,0.375,0,0
82,in_abs_train_5401,allowed,5.0,0.1864849296559903,2,5,3,8,0.625,1,0
82,in_abs_train_6656,dismissed,2.0,0.2054324507392872,2,6,2,8,0.75,0,0
82,sc_1963_insc_65,dismissed,3.0,0.169144061255085,2,5,3,8,0.625,0,0
82,sc_1970_insc_141,dismissed,2.0,0.17215481613183348,2,6,2,8,0.75,0,0
82,sc_1988_insc_260,allowed,5.0,0.21346013116642332,2,5,3,8,0.625,1,0
82,sc_1998_insc_312,allowed,5.0,0.1980502010814212,2,5,3,8,0.625,1,0
82,sc_2006_insc_299,dismissed,6.0,0.17986964215687662,2,2,6,8,0.25,0,0
82,sc_2023_insc_25,allowed,2.0,0.16977129855830786,2,2,6,8,0.25,1,0
82,sc_2023_insc_733,allowed,5.0,0.18039125743775467,2,5,3,8,0.625,1,0
82,sc_2023_insc_843,allowed,5.0,0.18098987491411936,2,5,3,8,0.625,1,0
83,in_abs_train_3721,allowed,6.0,0.1718505339729432,2,6,2,8,0.75,1,0
83,in_abs_train_720,dismissed,5.0,0.1859152120098584,2,3,5,8,0.375,0,0
83,sc_1961_insc_16,dismissed,5.0,0.1672311675282366,2,3,5,8,0.375,0,0
83,sc_1962_insc_354,allowed,3.0,0.19884010377924657,2,3,5,8,0.375,1,0
83,sc_1965_insc_16,allowed,4.0,0.23080928599186,3,4,3,7,0.5714285714285714,1,0
83,sc_1975_insc_201,allowed,6.0,0.1871567304188429,2,6,2,8,0.75,1,0
83,sc_1975_insc_85,dismissed,4.0,0.17061680499476134,2,4,4,8,0.5,0,0
83,sc_1982_insc_83,dismissed,2.0,0.18079158469965984,2,6,2,8,0.75,0,0
83,sc_2002_insc_303,allowed,6.0,0.1811648044845592,2,6,2,8,0.75,1,0
83,sc_2006_insc_990,dismissed,5.0,0.17978823153764958,2,3,5,8,0.375,0,0
83,sc_2016_insc_27,dismissed,4.0,0.19336309238584182,2,4,4,8,0.5,0,0
83,sc_2022_insc_1323,allowed,2.0,0.21484950782327789,2,2,6,8,0.25,1,0
84,in_abs_train_2511,dismissed,2.0,0.18511414390481548,3,4,2,6,0.6666666666666666,0,0
84,sc_1991_insc_292,allowed,2.0,0.21328892201621447,2,2,6,8,0.25,1,0
84,sc_1993_insc_97,dismissed,1.0,0.11866592888681834,3,6,1,7,0.8571428571428571,0,0
84,sc_1994_insc_537,dismissed,4.0,0.2237597713853052,2,4,4,8,0.5,0,0
84,sc_2001_insc_378,allowed,4.0,0.2166549238650822,2,4,4,8,0.5,1,0
84,sc_2007_insc_1111,allowed,3.0,0.16543291421945894,2,3,5,8,0.375,1,0
84,sc_2007_insc_434,dismissed,4.0,0.19157009965935523,2,4,4,8,0.5,0,0
84,sc_2011_insc_369,dismissed,4.0,0.2001672072886178,2,4,4,8,0.5,0,0
84,sc_2015_insc_268,dismissed,2.0,0.18585773584350426,2,6,2,8,0.75,0,0
84,sc_2017_insc_975,allowed,7.0,0.12159326915278704,2,7,1,8,0.875,1,0
84,sc_2019_insc_1326,allowed,2.0,0.15121894089140925,3,2,5,7,0.2857142857142857,1,0
84,sc_2022_insc_184,allowed,2.0,0.16535743988668508,2,2,6,8,0.25,1,0
85,in_abs_train_5544,dismissed,4.0,0.20301787559843096,2,4,4,8,0.5,0,0
85,sc_1959_insc_122,allowed,5.0,0.21376458343630367,2,5,3,8,0.625,1,0
85,sc_1984_insc_131,allowed,6.0,0.19740591736296187,2,6,2,8,0.75,1,0
85,sc_1994_insc_4,allowed,2.0,0.1955797699880318,2,2,6,8,0.25,1,0
85,sc_1997_insc_97,dismissed,5.0,0.19568381545227573,2,3,5,8,0.375,0,0
85,sc_2007_insc_1022,allowed,4.0,0.18307735635669362,2,4,4,8,0.5,1,0
85,sc_2008_insc_1429,allowed,2.0,0.19365427358716208,2,2,6,8,0.25,1,0
85,sc_2010_insc_585,dismissed,4.0,0.26918728336752035,2,4,4,8,0.5,0,0
85,sc_2016_insc_891,dismissed,4.0,0.18648347063862947,2,4,4,8,0.5,0,0
85,sc_2017_insc_173,dismissed,4.0,0.17493201914038045,2,4,4,8,0.5,0,0
85,sc_2023_insc_174,dismissed,5.0,0.1889817951188653,2,3,5,8,0.375,0,0
85,sc_2023_insc_979,allowed,5.0,0.18098987491411936,2,5,3,8,0.625,1,0
86,in_abs_train_1232,allowed,5.0,0.2105909426800898,2,5,3,8,0.625,1,0
86,sc_1961_insc_191,dismissed,4.0,0.21926947960484422,2,4,4,8,0.5,0,0
86,sc_1976_insc_35,allowed,2.0,0.17487130026243647,2,2,6,8,0.25,1,0
86,sc_1996_insc_1194,allowed,2.0,0.23642576267438944,2,2,6,8,0.25,1,0
86,sc_1996_insc_185,allowed,4.0,0.1743948945384337,2,4,4,8,0.5,1,0
86,sc_1996_insc_526,dismissed,3.0,0.18091091125882927,2,5,3,8,0.625,0,0
86,sc_2000_insc_354,dismissed,5.0,0.19837111290960138,2,3,5,8,0.375,0,0
86,sc_2001_insc_51,dismissed,3.0,0.1727086254131271,2,5,3,8,0.625,0,0
86,sc_2002_insc_245,allowed,6.0,0.1927154368060154,2,6,2,8,0.75,1,0
86,sc_2008_insc_385,dismissed,5.0,0.19633962018905737,2,3,5,8,0.375,0,0
86,sc_2014_insc_813,dismissed,6.0,0.174953296413817,2,2,6,8,0.25,0,0
86,sc_2017_insc_76,allowed,2.0,0.13705260575428868,2,2,6,8,0.25,1,0
87,in_abs_train_2023,allowed,3.0,0.18218713091116742,2,3,5,8,0.375,1,0
87,in_abs_train_534,dismissed,5.0,0.20495987132156648,2,3,5,8,0.375,0,0
87,sc_1968_insc_263,allowed,4.0,0.23027820068963417,3,4,2,6,0.6666666666666666,1,0
87,sc_1976_insc_202,dismissed,4.0,0.2011082612356878,2,4,4,8,0.5,0,0
87,sc_1991_insc_202,dismissed,6.0,0.1732941056342241,2,2,6,8,0.25,0,0
87,sc_1993_insc_232,allowed,2.0,0.16844225573454683,2,2,6,8,0.25,1,0
87,sc_1996_insc_587,allowed,6.0,0.18126590755316185,2,6,2,8,0.75,1,0
87,sc_1999_insc_324,dismissed,5.0,0.18173273154356567,2,3,5,8,0.375,0,0
87,sc_2000_insc_391,allowed,2.0,0.1591784723950171,2,2,6,8,0.25,1,0
87,sc_2008_insc_144,allowed,3.0,0.16417132965900544,2,3,5,8,0.375,1,0
87,sc_2011_insc_71,dismissed,2.0,0.16773925831303918,2,6,2,8,0.75,0,0
87,sc_2023_insc_20,dismissed,5.0,0.2088269078815207,2,3,5,8,0.375,0,0
88,in_abs_train_4331,allowed,7.0,0.13198302133876524,2,7,1,8,0.875,1,0
88,in_abs_train_6452,allowed,5.0,0.2149202870008204,2,5,3,8,0.625,1,0
88,in_abs_train_975,dismissed,4.0,0.21600509574513285,2,4,4,8,0.5,0,0
88,sc_1966_insc_30,allowed,3.0,0.1730233230304516,2,3,5,8,0.375,1,0
88,sc_1977_insc_240,dismissed,2.0,0.1355874083847759,2,6,2,8,0.75,0,0
88,sc_2002_insc_12,allowed,6.0,0.16808149478419354,2,6,2,8,0.75,1,0
88,sc_2002_insc_363,dismissed,5.0,0.16054322649498762,2,3,5,8,0.375,0,0
88,sc_2004_insc_475,dismissed,3.0,0.15917989231694316,2,5,3,8,0.625,0,0
88,sc_2008_insc_1237,allowed,4.0,0.18708077406295798,2,4,4,8,0.5,1,0
88,sc_2011_insc_605,dismissed,5.0,0.18968813203583784,2,3,5,8,0.375,0,0
88,sc_2015_insc_256,allowed,4.0,0.17932380750058796,3,4,1,5,0.8,1,0
88,sc_2018_insc_394,dismissed,2.0,0.16036787702204547,2,6,2,8,0.75,0,0
89,in_abs_train_2074,dismissed,3.0,0.2094633396815632,2,5,3,8,0.625,0,0
89,in_abs_train_3738,allowed,1.0,0.1172370982342234,2,1,7,8,0.125,1,0
89,in_abs_train_5518,allowed,4.0,0.187085768623454,2,4,4,8,0.5,1,0
89,in_abs_train_6124,allowed,5.0,0.19121433407598512,2,5,3,8,0.625,1,0
89,in_abs_train_6857,allowed,4.0,0.19622932701475584,2,4,4,8,0.5,1,0
89,sc_1994_insc_126,dismissed,6.0,0.11755083019090688,2,2,6,8,0.25,0,0
89,sc_1995_insc_270,allowed,4.0,0.19486220080416622,2,4,4,8,0.5,1,0
89,sc_2005_insc_537,dismissed,5.0,0.21040340138632518,2,3,5,8,0.375,0,0
89,sc_2007_insc_1150,dismissed,3.0,0.1896225873243553,2,5,3,8,0.625,0,0
89,sc_2009_insc_1008,dismissed,5.0,0.1756604843945985,2,3,5,8,0.375,0,0
89,sc_2012_insc_270,dismissed,3.0,0.2028991106612911,2,5,3,8,0.625,0,0
89,sc_2020_insc_152,allowed,4.0,0.1842217189721978,2,4,4,8,0.5,1,0
90,in_abs_train_2310,allowed,4.0,0.16740617745175335,2,4,4,8,0.5,1,0
90,in_abs_train_236,allowed,4.0,0.1928401077313495,2,4,4,8,0.5,1,0
90,sc_1995_insc_149,dismissed,6.0,0.24086214952309606,2,2,6,8,0.25,0,0
90,sc_1997_insc_714,allowed,3.0,0.17974842820563644,3,3,4,7,0.42857142857142855,1,0
90,sc_2000_insc_490,dismissed,5.0,0.18122356642221155,2,3,5,8,0.375,0,0
90,sc_2004_insc_204,allowed,5.0,0.17571422226801162,2,5,3,8,0.625,1,0
90,sc_2006_insc_125,dismissed,4.0,0.251114171035893,2,4,4,8,0.5,0,0
90,sc_2006_insc_475,allowed,2.0,0.16330722430126146,2,2,6,8,0.25,1,0
90,sc_2012_insc_381,dismissed,3.0,0.18098729422156365,2,5,3,8,0.625,0,0
90,sc_2013_insc_321,dismissed,5.0,0.17688924802455733,3,2,5,7,0.2857142857142857,0,0
90,sc_2018_insc_266,allowed,3.0,0.17705367253626758,2,3,5,8,0.375,1,0
90,sc_2023_insc_1049,dismissed,4.0,0.21718922944386718,2,4,4,8,0.5,0,0
91,in_abs_train_1156,dismissed,4.0,0.1793508888311011,2,4,4,8,0.5,0,0
91,in_abs_train_3318,allowed,4.0,0.19071652044496543,2,4,4,8,0.5,1,0
91,in_abs_train_3474,dismissed,5.0,0.1951643574393203,3,2,5,7,0.2857142857142857,0,0
91,in_abs_train_7070,dismissed,4.0,0.1732679592115733,2,4,4,8,0.5,0,0
91,sc_1971_insc_173,allowed,5.0,0.2062804955809997,2,5,3,8,0.625,1,0
91,sc_1974_insc_278,dismissed,4.0,0.18917188967773732,2,4,4,8,0.5,0,0
91,sc_1979_insc_157,allowed,4.0,0.19994192763513965,2,4,4,8,0.5,1,0
91,sc_2003_insc_43,dismissed,3.0,0.18425747080390567,2,5,3,8,0.625,0,0
91,sc_2012_insc_318,allowed,3.0,0.22231226700278453,3,3,4,7,0.42857142857142855,1,0
91,sc_2014_insc_515,dismissed,3.0,0.18722349453196813,2,5,3,8,0.625,0,0
91,sc_2015_insc_108,allowed,4.0,0.20999408414758763,2,4,4,8,0.5,1,0
91,sc_2022_insc_310,allowed,4.0,0.17286430793637844,2,4,4,8,0.5,1,0
92,in_abs_train_6950,dismissed,3.0,0.19414061025021956,2,5,3,8,0.625,0,0
92,sc_1980_insc_41,allowed,5.0,0.19535222945128444,2,5,3,8,0.625,1,0
92,sc_1980_insc_58,allowed,3.0,0.14190351912320937,2,3,5,8,0.375,1,0
92,sc_1987_insc_330,dismissed,3.0,0.1919375285572211,2,5,3,8,0.625,0,0
92,sc_1992_insc_281,allowed,5.0,0.21483860369532073,2,5,3,8,0.625,1,0
92,sc_1996_insc_1403,allowed,3.0,0.21630190551802922,2,3,5,8,0.375,1,0
92,sc_1998_insc_398,allowed,4.0,0.1760519911032777,2,4,4,8,0.5,1,0
92,sc_2004_insc_551,dismissed,5.0,0.18098987491411936,2,3,5,8,0.375,0,0
92,sc_2011_insc_66,dismissed,4.0,0.23777055783075576,2,4,4,8,0.5,0,0
92,sc_2014_insc_156,dismissed,2.0,0.14266923549394675,2,6,2,8,0.75,0,0
92,sc_2014_insc_307,dismissed,5.0,0.20252980104789517,2,3,5,8,0.375,0,0
92,sc_2016_insc_852,allowed,6.0,0.2310432210465109,2,6,2,8,0.75,1,0
93,in_abs_train_275,allowed,4.0,0.19400646096895313,2,4,4,8,0.5,1,0
93,in_abs_train_2934,dismissed,4.0,0.19397805249896852,2,4,4,8,0.5,0,0
93,in_abs_train_378,dismissed,6.0,0.15322524935798384,2,2,6,8,0.25,0,0
93,in_abs_train_4941,dismissed,3.0,0.2221078308584154,2,5,3,8,0.625,0,0
93,in_abs_train_6688,allowed,4.0,0.19495384577926894,2,4,4,8,0.5,1,0
93,sc_1970_insc_102,dismissed,3.0,0.18525986539193107,2,5,3,8,0.625,0,0
93,sc_1974_insc_92,allowed,6.0,0.16708528919752033,2,6,2,8,0.75,1,0
93,sc_1994_insc_100,allowed,5.0,0.17229253390002186,2,5,3,8,0.625,1,0
93,sc_2006_insc_9,dismissed,6.0,0.17698585587141874,2,2,6,8,0.25,0,0
93,sc_2007_insc_811,allowed,1.0,0.14271707753209986,2,1,7,8,0.125,1,0
93,sc_2015_insc_448,allowed,1.0,0.09069890707787315,2,1,7,8,0.125,1,0
93,sc_2020_insc_269,dismissed,3.0,0.16686687807149336,2,5,3,8,0.625,0,0
94,in_abs_train_2623,dismissed,1.0,0.14780955805324308,2,7,1,8,0.875,0,0
94,in_abs_train_2792,allowed,2.0,0.155054458833281,2,2,6,8,0.25,1,0
94,in_abs_train_3746,allowed,5.0,0.23637860125222906,2,5,3,8,0.625,1,0
94,in_abs_train_5591,dismissed,4.0,0.17180879311949868,2,4,4,8,0.5,0,0
94,sc_1979_insc_35,dismissed,4.0,0.19868367956256025,2,4,4,8,0.5,0,0
94,sc_1980_insc_183,dismissed,5.0,0.1854238504944988,2,3,5,8,0.375,0,0
94,sc_1990_insc_217,dismissed,6.0,0.15839208017305956,2,2,6,8,0.25,0,0
94,sc_2002_insc_64,allowed,3.0,0.17511210376192893,2,3,5,8,0.375,1,0
94,sc_2014_insc_1008,dismissed,3.0,0.19356394564964402,2,5,3,8,0.625,0,0
94,sc_2019_insc_278,allowed,4.0,0.1649927274368622,2,4,4,8,0.5,1,0
94,sc_2020_insc_123,allowed,4.0,0.20207518303397445,2,4,4,8,0.5,1,0
94,sc_2023_insc_680,allowed,3.0,0.18130039939677067,2,3,5,8,0.375,1,0
95,in_abs_train_5079,dismissed,4.0,0.22844053206480455,2,4,4,8,0.5,0,0
95,in_abs_train_581,allowed,4.0,0.2011347607060642,2,4,4,8,0.5,1,0
95,sc_1963_insc_76,allowed,4.0,0.2306836131473742,2,4,4,8,0.5,1,0
95,sc_1965_insc_155,allowed,1.0,0.18928947148451075,3,1,6,7,0.14285714285714285,1,0
95,sc_1980_insc_163,allowed,6.0,0.1733305383800284,2,6,2,8,0.75,1,0
95,sc_1991_insc_213,dismissed,1.0,0.1751282594814516,3,6,1,7,0.8571428571428571,0,0
95,sc_1996_insc_504,dismissed,5.0,0.17335609254199452,2,3,5,8,0.375,0,0
95,sc_1999_insc_160,dismissed,3.0,0.16081626726737835,2,5,3,8,0.625,0,0
95,sc_2003_insc_52,allowed,5.0,0.18027764047094091,2,5,3,8,0.625,1,0
95,sc_2010_insc_629,dismissed,4.0,0.1776433115577512,3,3,4,7,0.42857142857142855,0,0
95,sc_2014_insc_1002,allowed,2.0,0.18691267238529946,2,2,6,8,0.25,1,0
95,sc_2021_insc_65,dismissed,5.0,0.16269087347635697,2,3,5,8,0.375,0,0
96,in_abs_train_1640,dismissed,2.0,0.16150110224634914,2,6,2,8,0.75,0,0
96,in_abs_train_6307,allowed,3.0,0.18168855502421088,2,3,5,8,0.375,1,0
96,sc_1975_insc_264,dismissed,2.0,0.1606095205622571,2,6,2,8,0.75,0,0
96,sc_1987_insc_321,allowed,2.0,0.15556495184028896,2,2,6,8,0.25,1,0
96,sc_1994_insc_532,allowed,2.0,0.1834180618823036,2,2,6,8,0.25,1,0
96,sc_2002_insc_347,dismissed,2.0,0.19789198769292782,2,6,2,8,0.75,0,0
96,sc_2004_insc_98,dismissed,5.0,0.12892699159123786,2,3,5,8,0.375,0,0
96,sc_2006_insc_753,allowed,5.0,0.175417916167363,2,5,3,8,0.625,1,0
96,sc_2007_insc_107,dismissed,3.0,0.17502711089849726,2,5,3,8,0.625,0,0
96,sc_2007_insc_195,allowed,4.0,0.2125278736971089,2,4,4,8,0.5,1,0
96,sc_2007_insc_23,dismissed,5.0,0.22607765184267642,2,3,5,8,0.375,0,0
96,sc_2022_insc_603,allowed,3.0,0.19396958498897102,2,3,5,8,0.375,1,0
97,in_abs_train_7042,dismissed,1.0,0.15862571434367523,3,6,1,7,0.8571428571428571,0,0
97,sc_1965_insc_237,dismissed,6.0,0.20011560680392781,2,2,6,8,0.25,0,0
97,sc_1969_insc_68,dismissed,8.0,0.026264554781381788,1,0,8,8,0.0,0,0
97,sc_1989_insc_295,allowed,5.0,0.1877097211876894,2,5,3,8,0.625,1,0
97,sc_1993_insc_224,allowed,5.0,0.1843842195223655,2,5,3,8,0.625,1,0
97,sc_1996_insc_146,dismissed,2.0,0.2160129641814223,2,6,2,8,0.75,0,0
97,sc_1998_insc_333,allowed,4.0,0.19297647143314053,2,4,4,8,0.5,1,0
97,sc_2004_insc_279,allowed,4.0,0.1535790393555223,2,4,4,8,0.5,1,0
97,sc_2007_insc_30,dismissed,3.0,0.18457705400747673,2,5,3,8,0.625,0,0
97,sc_2014_insc_4,allowed,5.0,0.21873286974784292,2,5,3,8,0.625,1,0
97,sc_2019_insc_658,dismissed,4.0,0.18073860120153,2,4,4,8,0.5,0,0
97,sc_2023_insc_942,allowed,2.0,0.17788712858602676,2,2,6,8,0.25,1,0
98,in_abs_train_4828,dismissed,6.0,0.12628213721587164,2,2,6,8,0.25,0,0
98,in_abs_train_6221,allowed,5.0,0.17179202542609479,2,5,3,8,0.625,1,0
98,sc_1965_insc_21,dismissed,6.0,0.17401998266026622,2,2,6,8,0.25,0,0
98,sc_1975_insc_328,dismissed,5.0,0.1852151599041586,2,3,5,8,0.375,0,0
98,sc_1983_insc_151,allowed,6.0,0.19379305333226282,2,6,2,8,0.75,1,0
98,sc_1990_insc_191,dismissed,5.0,0.17423666204072252,2,3,5,8,0.375,0,0
98,sc_1992_insc_256,allowed,5.0,0.1789458953891053,2,5,3,8,0.625,1,0
98,sc_1998_insc_426,allowed,2.0,0.18641090355775616,2,2,6,8,0.25,1,0
98,sc_2004_insc_359,allowed,3.0,0.17884941551744293,2,3,5,8,0.375,1,0
98,sc_2010_insc_168,dismissed,4.0,0.17444456779074458,2,4,4,8,0.5,0,0
98,sc_2014_insc_523,allowed,1.0,0.13040946608373957,2,1,7,8,0.125,1,0
98,sc_2016_insc_1010,dismissed,4.0,0.19680818692518834,2,4,4,8,0.5,0,0
99,in_abs_train_1448,dismissed,2.0,0.19428753489475392,2,6,2,8,0.75,0,0
99,sc_1960_insc_177,allowed,2.0,0.17005169479975432,2,2,6,8,0.25,1,0
99,sc_1961_insc_337,allowed,3.0,0.2127528176312724,2,3,5,8,0.375,1,0
99,sc_1968_insc_170,dismissed,4.0,0.19002791207392405,2,4,4,8,0.5,0,0
99,sc_1988_insc_148,allowed,4.0,0.20144589819798675,2,4,4,8,0.5,1,0
99,sc_1999_insc_398,dismissed,5.0,0.18098987491411933,2,3,5,8,0.375,0,0
99,sc_2005_insc_279,allowed,3.0,0.21324194661180154,2,3,5,8,0.375,1,0
99,sc_2008_insc_1200,allowed,4.0,0.1760966024455246,2,4,4,8,0.5,1,0
99,sc_2008_insc_3,dismissed,2.0,0.15442927400477818,2,6,2,8,0.75,0,0
99,sc_2008_insc_56,allowed,5.0,0.18794580038917752,2,5,3,8,0.625,1,0
99,sc_2013_insc_422,dismissed,6.0,0.1896824532300905,2,2,6,8,0.25,0,0
99,sc_2017_insc_1096,dismissed,3.0,0.17868241884621364,3,4,3,7,0.5714285714285714,0,0
100,in_abs_train_1214,dismissed,4.0,0.17455536167346117,2,4,4,8,0.5,0,100
100,in_abs_train_582,dismissed,2.0,0.16381551382719922,2,6,2,8,0.75,0,100
100,sc_1962_insc_378,dismissed,2.0,0.1691789580303797,2,6,2,8,0.75,0,100
100,sc_1965_insc_127,dismissed,5.0,0.22054517916597052,2,3,5,8,0.375,0,100
100,sc_1970_insc_147,allowed,3.0,0.16861713905571202,2,3,5,8,0.375,1,100
100,sc_1993_insc_245,dismissed,3.0,0.1772392913919387,2,5,3,8,0.625,0,100
100,sc_1996_insc_1302,allowed,2.0,0.15312698978299025,2,2,6,8,0.25,1,100
100,sc_1998_insc_381,allowed,5.0,0.1815884008544541,2,5,3,8,0.625,1,100
100,sc_2003_insc_599,allowed,2.0,0.14079211684866239,2,2,6,8,0.25,1,100
100,sc_2005_insc_485,allowed,4.0,0.209966026163418,2,4,4,8,0.5,1,100
100,sc_2007_insc_1062,dismissed,5.0,0.1777423866914859,2,3,5,8,0.375,0,100
100,sc_2019_insc_855,allowed,0.0,0.0573857039927345,1,0,8,8,0.0,1,100
101,in_abs_train_3089,allowed,7.0,0.15565036960057035,2,7,1,8,0.875,1,100
101,in_abs_train_5285,allowed,2.0,0.17072021806787516,2,2,6,8,0.25,1,100
101,sc_1975_insc_165,dismissed,3.0,0.17727067597572901,2,5,3,8,0.625,0,100
101,sc_1989_insc_360,allowed,4.0,0.18457428255185757,2,4,4,8,0.5,1,100
101,sc_1995_insc_227,dismissed,4.0,0.16071614008114748,2,4,4,8,0.5,0,100
101,sc_1996_insc_951,dismissed,0.0,0.07438608294448375,1,8,0,8,1.0,0,100
101,sc_2002_insc_320,allowed,7.0,0.11495799034420681,2,7,1,8,0.875,1,100
101,sc_2002_insc_326,dismissed,4.0,0.19365316299265267,2,4,4,8,0.5,0,100
101,sc_2006_insc_615,allowed,5.0,0.20775767361262995,2,5,3,8,0.625,1,100
101,sc_2007_insc_1078,allowed,5.0,0.1965142802021063,2,5,3,8,0.625,1,100
101,sc_2008_insc_599,dismissed,5.0,0.18812475637077422,2,3,5,8,0.375,0,100
101,sc_2020_insc_525,dismissed,6.0,0.1616329029390365,2,2,6,8,0.25,0,100
102,in_abs_train_3507,allowed,4.0,0.1989859735819347,2,4,4,8,0.5,1,100
102,sc_1961_insc_153,dismissed,4.0,0.19606489222776655,2,4,4,8,0.5,0,100
102,sc_1966_insc_138,dismissed,4.0,0.17702882639518985,2,4,4,8,0.5,0,100
102,sc_1971_insc_316,allowed,5.0,0.17455063788993563,2,5,3,8,0.625,1,100
102,sc_1971_insc_33,dismissed,3.0,0.1915374784796809,2,5,3,8,0.625,0,100
102,sc_1976_insc_228,dismissed,2.0,0.17650238114751313,2,6,2,8,0.75,0,100
102,sc_1984_insc_190,dismissed,4.0,0.2133862865224128,2,4,4,8,0.5,0,100
102,sc_1988_insc_228,allowed,4.0,0.20982030055803455,2,4,4,8,0.5,1,100
102,sc_1997_insc_523,allowed,7.0,0.14531050113832594,2,7,1,8,0.875,1,100
102,sc_2000_insc_127,allowed,5.0,0.17848632765951117,2,5,3,8,0.625,1,100
102,sc_2000_insc_427,allowed,7.0,0.12385983131144657,2,7,1,8,0.875,1,100
102,sc_2004_insc_94,dismissed,3.0,0.15186315111529416,3,4,3,7,0.5714285714285714,0,100
103,in_abs_train_2541,dismissed,4.0,0.249927520998341,2,4,4,8,0.5,0,100
103,sc_1962_insc_194,dismissed,3.0,0.20241571426978808,2,5,3,8,0.625,0,100
103,sc_1970_insc_146,dismissed,5.0,0.211707819921966,2,3,5,8,0.375,0,100
103,sc_1987_insc_358,allowed,4.0,0.18800590974279047,2,4,4,8,0.5,1,100
103,sc_1990_insc_53,dismissed,3.0,0.1699926862922553,2,5,3,8,0.625,0,100
103,sc_1999_insc_136,allowed,7.0,0.12119550812829735,2,7,1,8,0.875,1,100
103,sc_1999_insc_263,dismissed,4.0,0.1942866682013872,2,4,4,8,0.5,0,100
103,sc_2003_insc_214,dismissed,5.0,0.20019507088084013,2,3,5,8,0.375,0,100
103,sc_2011_insc_77,allowed,4.0,0.18708286933869703,2,4,4,8,0.5,1,100
103,sc_2020_insc_232,allowed,3.0,0.1808354125401643,2,3,5,8,0.375,1,100
103,sc_2022_insc_1201,allowed,4.0,0.18872916157438793,2,4,4,8,0.5,1,100
103,sc_2022_insc_538,allowed,2.0,0.1616743171361134,2,2,6,8,0.25,1,100
104,in_abs_train_2834,dismissed,5.0,0.1612745413218448,2,3,5,8,0.375,0,100
104,in_abs_train_6800,dismissed,5.0,0.22467782244878173,2,3,5,8,0.375,0,100
104,in_abs_train_7062,allowed,3.0,0.17643742084167938,2,3,5,8,0.375,1,100
104,sc_1970_insc_173,dismissed,6.0,0.17875000924374018,2,2,6,8,0.25,0,100
104,sc_1972_insc_208,dismissed,3.0,0.18149463437737615,2,5,3,8,0.625,0,100
104,sc_1974_insc_18,dismissed,6.0,0.14253200076183623,2,2,6,8,0.25,0,100
104,sc_2001_3_415_423_en,allowed,4.0,0.20471777331917282,2,4,4,8,0.5,1,100
104,sc_2005_insc_584,allowed,3.0,0.1913928665509711,2,3,5,8,0.375,1,100
104,sc_2009_insc_817,allowed,5.0,0.13124289096393538,2,5,3,8,0.625,1,100
104,sc_2010_insc_624,dismissed,3.0,0.19444906654853397,2,5,3,8,0.625,0,100
104,sc_2021_insc_418,allowed,1.0,0.174706935731977,2,1,7,8,0.125,1,100
104,sc_2023_insc_669,allowed,4.0,0.18708286933869706,2,4,4,8,0.5,1,100
105,in_abs_train_3284,dismissed,3.0,0.1730233230304516,2,5,3,8,0.625,0,100
105,in_abs_train_3433,dismissed,5.0,0.2153755792045486,2,3,5,8,0.375,0,100
105,in_abs_train_3580,dismissed,4.0,0.1867855883808644,2,4,4,8,0.5,0,100
105,sc_1959_insc_75,dismissed,4.0,0.1823264146043815,2,4,4,8,0.5,0,100
105,sc_1968_insc_211,allowed,4.0,0.17070557359718183,3,4,3,7,0.5714285714285714,1,100
105,sc_1971_insc_16,allowed,3.0,0.17239082187471227,2,3,5,8,0.375,1,100
105,sc_1988_insc_342,allowed,3.0,0.19188727857409263,2,3,5,8,0.375,1,100
105,sc_2004_insc_333,dismissed,4.0,0.20365108189002845,2,4,4,8,0.5,0,100
105,sc_2006_insc_357,allowed,7.0,0.13884172884850882,2,7,1,8,0.875,1,100
105,sc_2007_insc_343,dismissed,4.0,0.20322228988755847,2,4,4,8,0.5,0,100
105,sc_2021_insc_524,allowed,4.0,0.20896303813879205,2,4,4,8,0.5,1,100
105,sc_2023_insc_167,allowed,7.0,0.09709627442871588,2,7,1,8,0.875,1,100
106,in_abs_train_5980,dismissed,5.0,0.19918856599069273,2,3,5,8,0.375,0,100
106,sc_1971_insc_28,dismissed,6.0,0.16819819503341882,2,2,6,8,0.25,0,100
106,sc_1986_insc_150,allowed,3.0,0.16305870614386012,3,3,4,7,0.42857142857142855,1,100
106,sc_1996_insc_1030,dismissed,5.0,0.182495968848173,2,3,5,8,0.375,0,100
106,sc_1999_insc_564,dismissed,4.0,0.2081007117959955,2,4,4,8,0.5,0,100
106,sc_1999_insc_572,allowed,6.0,0.16338910474091345,2,6,2,8,0.75,1,100
106,sc_2002_insc_288,allowed,6.0,0.1734574127473075,2,6,2,8,0.75,1,100
106,sc_2010_insc_140,allowed,5.0,0.17362716834014655,2,5,3,8,0.625,1,100
106,sc_2013_insc_565,dismissed,4.0,0.2475668273514539,2,4,4,8,0.5,0,100
106,sc_2015_insc_406,allowed,2.0,0.15294723646688468,2,2,6,8,0.25,1,100
106,sc_2020_insc_542,dismissed,3.0,0.18568799666142358,2,5,3,8,0.625,0,100
106,sc_2022_insc_661,allowed,1.0,0.12374368670764581,2,1,7,8,0.125,1,100
107,in_abs_train_3564,dismissed,5.0,0.1613517639850009,2,3,5,8,0.375,0,100
107,sc_1954_insc_51,allowed,4.0,0.20497999684638218,2,4,4,8,0.5,1,100
107,sc_1967_insc_185,allowed,2.0,0.17152055986195106,2,2,6,8,0.25,1,100
107,sc_1979_insc_205,allowed,5.0,0.18100285930925233,2,5,3,8,0.625,1,100
107,sc_1985_insc_156,dismissed,4.0,0.18740335306784514,2,4,4,8,0.5,0,100
107,sc_1994_insc_464,dismissed,3.0,0.25761058187530383,2,5,3,8,0.625,0,100
107,sc_2007_insc_839,dismissed,4.0,0.17336630809334325,2,4,4,8,0.5,0,100
107,sc_2008_insc_1311,allowed,3.0,0.1579853481442396,2,3,5,8,0.375,1,100
107,sc_2011_insc_377,dismissed,4.0,0.20480612565824988,2,4,4,8,0.5,0,100
107,sc_2015_insc_10,dismissed,4.0,0.19977601017407326,2,4,4,8,0.5,0,100
107,sc_2017_insc_691,allowed,4.0,0.20342568861550026,2,4,4,8,0.5,1,100
107,sc_2020_insc_298,allowed,4.0,0.1805636657922538,2,4,4,8,0.5,1,100
108,in_abs_train_1257,dismissed,5.0,0.21466726681896056,2,3,5,8,0.375,0,100
108,sc_1962_insc_225,allowed,5.0,0.13589318772398407,2,5,3,8,0.625,1,100
108,sc_1975_insc_282,dismissed,5.0,0.20908048973349147,2,3,5,8,0.375,0,100
108,sc_1988_insc_205,allowed,6.0,0.16271584565914723,2,6,2,8,0.75,1,100
108,sc_1997_insc_811,dismissed,6.0,0.14448249708627584,2,2,6,8,0.25,0,100
108,sc_1999_insc_42,dismissed,4.0,0.2335579138182709,2,4,4,8,0.5,0,100
108,sc_2006_insc_119,allowed,6.0,0.1629187324798997,2,6,2,8,0.75,1,100
108,sc_2007_insc_459,allowed,3.0,0.18114220932736796,2,3,5,8,0.375,1,100
108,sc_2007_insc_850,allowed,5.0,0.17408934701355896,2,5,3,8,0.625,1,100
108,sc_2014_insc_363,dismissed,6.0,0.19679870436526384,2,2,6,8,0.25,0,100
108,sc_2015_insc_191,dismissed,4.0,0.21491441202074774,2,4,4,8,0.5,0,100
108,sc_2018_insc_757,allowed,5.0,0.20161193335093316,2,5,3,8,0.625,1,100
109,in_abs_train_6409,allowed,3.0,0.20303439833583953,2,3,5,8,0.375,1,100
109,sc_1962_insc_265,allowed,4.0,0.18708673504172182,2,4,4,8,0.5,1,100
109,sc_1966_insc_212,dismissed,3.0,0.15386896781534526,2,5,3,8,0.625,0,100
109,sc_1996_insc_997,dismissed,6.0,0.17133197633322642,2,2,6,8,0.25,0,100
109,sc_1998_insc_111,allowed,4.0,0.2709608365658284,2,4,4,8,0.5,1,100
109,sc_2000_insc_59,allowed,3.0,0.1988928923748888,2,3,5,8,0.375,1,100
109,sc_2001_insc_415,allowed,3.0,0.18145645876785818,2,3,5,8,0.375,1,100
109,sc_2006_insc_295,dismissed,5.0,0.19234104891241352,2,3,5,8,0.375,0,100
109,sc_2009_insc_1229,dismissed,2.0,0.1632243553925988,2,6,2,8,0.75,0,100
109,sc_2012_insc_485,dismissed,5.0,0.1813767014048387,2,3,5,8,0.375,0,100
109,sc_2013_insc_215,allowed,2.0,0.20538552266555235,2,2,6,8,0.25,1,100
109,sc_2023_insc_63,dismissed,5.0,0.1919119491957101,2,3,5,8,0.375,0,100
110,in_abs_train_5604,dismissed,2.0,0.19288854283071646,2,6,2,8,0.75,0,100
110,sc_1990_insc_30,allowed,4.0,0.15433618775327332,2,4,4,8,0.5,1,100
110,sc_2003_insc_734,dismissed,5.0,0.19174530865931802,2,3,5,8,0.375,0,100
110,sc_2006_insc_642,allowed,4.0,0.18154500622631922,2,4,4,8,0.5,1,100
110,sc_2009_insc_1100,allowed,3.0,0.18119892137411542,2,3,5,8,0.375,1,100
110,sc_2009_insc_276,dismissed,4.0,0.19225095674874812,2,4,4,8,0.5,0,100
110,sc_2013_insc_667,dismissed,4.0,0.1991661523703262,2,4,4,8,0.5,0,100
110,sc_2015_insc_305,allowed,5.0,0.18554809998262278,2,5,3,8,0.625,1,100
110,sc_2015_insc_63,dismissed,4.0,0.1867855883808644,2,4,4,8,0.5,0,100
110,sc_2019_insc_197,allowed,5.0,0.20557110127294503,2,5,3,8,0.625,1,100
110,sc_2021_insc_13,dismissed,5.0,0.18098987491411936,2,3,5,8,0.375,0,100
110,sc_2022_insc_1268,allowed,3.0,0.1839970514868738,2,3,5,8,0.375,1,100
111,in_abs_train_1485,dismissed,1.0,0.1069480732738282,2,7,1,8,0.875,0,100
111,in_abs_train_4339,allowed,4.0,0.20919680200251972,2,4,4,8,0.5,1,100
111,in_abs_train_5514,allowed,4.0,0.18738498555780822,2,4,4,8,0.5,1,100
111,sc_1961_insc_171,dismissed,5.0,0.2212223144018596,2,3,5,8,0.375,0,100
111,sc_1962_insc_19,allowed,4.0,0.23226780020490947,2,4,4,8,0.5,1,100
111,sc_1962_insc_192,dismissed,3.0,0.195410756130557,2,5,3,8,0.625,0,100
111,sc_1998_insc_199,dismissed,5.0,0.1610757252287805,2,3,5,8,0.375,0,100
111,sc_2006_insc_987,dismissed,3.0,0.2101601654426663,2,5,3,8,0.625,0,100
111,sc_2009_insc_313,allowed,3.0,0.1953108999124609,2,3,5,8,0.375,1,100
111,sc_2011_insc_55,allowed,3.0,0.19641250096598808,2,3,5,8,0.375,1,100
111,sc_2014_insc_1012,allowed,6.0,0.16184902232261308,2,6,2,8,0.75,1,100
111,sc_2021_insc_344,dismissed,3.0,0.2000626478249594,2,5,3,8,0.625,0,100
112,in_abs_train_2125,allowed,6.0,0.17043698700284945,2,6,2,8,0.75,1,100
112,in_abs_train_4037,allowed,4.0,0.17306767036851714,2,4,4,8,0.5,1,100
112,sc_1952_insc_6,dismissed,4.0,0.2128281939377312,2,4,4,8,0.5,0,100
112,sc_1970_insc_166,allowed,4.0,0.18254643550129013,2,4,4,8,0.5,1,100
112,sc_1996_insc_127,dismissed,2.0,0.1804021258466715,2,6,2,8,0.75,0,100
112,sc_1996_insc_834,dismissed,5.0,0.2075200378655094,2,3,5,8,0.375,0,100
112,sc_1998_insc_15,allowed,5.0,0.1635750394369071,2,5,3,8,0.625,1,100
112,sc_2006_insc_88,dismissed,2.0,0.16658630817759382,2,6,2,8,0.75,0,100
112,sc_2007_insc_1109,allowed,5.0,0.18834816880538136,2,5,3,8,0.625,1,100
112,sc_2014_insc_687,dismissed,2.0,0.17260057705983747,2,6,2,8,0.75,0,100
112,sc_2017_insc_1264,dismissed,3.0,0.19136031419830793,2,5,3,8,0.625,0,100
112,sc_2021_insc_540,allowed,3.0,0.1948129180962791,2,3,5,8,0.375,1,100
113,in_abs_train_5905,dismissed,5.0,0.18837798011672474,2,3,5,8,0.375,0,100
113,in_abs_train_768,dismissed,7.0,0.12764063796435876,2,1,7,8,0.125,0,100
113,in_abs_train_834,dismissed,5.0,0.23742901785693282,2,3,5,8,0.375,0,100
113,sc_1966_insc_23,allowed,1.0,0.12420324644940416,2,1,7,8,0.125,1,100
113,sc_1967_insc_203,dismissed,5.0,0.20369209831894983,2,3,5,8,0.375,0,100
113,sc_1981_insc_64,allowed,3.0,0.20434455993397,2,3,5,8,0.375,1,100
113,sc_1997_insc_631,allowed,4.0,0.20521440100887556,2,4,4,8,0.5,1,100
113,sc_2007_insc_1312,dismissed,4.0,0.18708286933869706,2,4,4,8,0.5,0,100
113,sc_2007_insc_621,allowed,5.0,0.1808073371565514,2,5,3,8,0.625,1,100
113,sc_2008_insc_440,allowed,3.0,0.20906843304018313,2,3,5,8,0.375,1,100
113,sc_2011_insc_619,allowed,2.0,0.17929450362059807,2,2,6,8,0.25,1,100
113,sc_2017_insc_116,dismissed,7.0,0.122116878310035,2,1,7,8,0.125,0,100
114,in_abs_train_5816,dismissed,5.0,0.1791517103391991,2,3,5,8,0.375,0,100
114,sc_1977_insc_208,dismissed,3.0,0.1622866299657598,2,5,3,8,0.625,0,100
114,sc_1988_insc_30,allowed,4.0,0.15654318911339388,2,4,4,8,0.5,1,100
114,sc_1996_insc_930,dismissed,7.0,0.12639896439262366,2,1,7,8,0.125,0,100
114,sc_2003_insc_374,allowed,3.0,0.1804942689462715,2,3,5,8,0.375,1,100
114,sc_2004_insc_400,dismissed,4.0,0.19843944923831794,2,4,4,8,0.5,0,100
114,sc_2006_insc_730,allowed,3.0,0.17872065193639883,2,3,5,8,0.375,1,100
114,sc_2006_insc_818,allowed,3.0,0.21198365576737277,2,3,5,8,0.375,1,100
114,sc_2008_insc_774,dismissed,5.0,0.2089702045849503,2,3,5,8,0.375,0,100
114,sc_2009_insc_1010,allowed,2.0,0.18775309267593085,2,2,6,8,0.25,1,100
114,sc_2009_insc_1066,allowed,4.0,0.17979810557614678,2,4,4,8,0.5,1,100
114,sc_2023_insc_1084,dismissed,3.0,0.16010353444278308,2,5,3,8,0.625,0,100
115,in_abs_train_1178,dismissed,1.0,0.14718070768373728,2,7,1,8,0.875,0,100
115,in_abs_train_125,dismissed,5.0,0.16808747430498613,2,3,5,8,0.375,0,100
115,in_abs_train_2132,allowed,5.0,0.17676365366776506,2,5,3,8,0.625,1,100
115,sc_1979_insc_110,allowed,2.0,0.198722238718682,2,2,6,8,0.25,1,100
115,sc_1988_insc_334,allowed,5.0,0.1427236126261179,2,5,3,8,0.625,1,100
115,sc_2001_insc_548,dismissed,5.0,0.2030596276654843,2,3,5,8,0.375,0,100
115,sc_2004_insc_128,dismissed,4.0,0.19497071380356443,2,4,4,8,0.5,0,100
115,sc_2004_insc_552,allowed,3.0,0.1776480915030387,2,3,5,8,0.375,1,100
115,sc_2004_insc_607,allowed,4.0,0.18396735032908193,2,4,4,8,0.5,1,100
115,sc_2006_insc_457,dismissed,6.0,0.16708695073865837,2,2,6,8,0.25,0,100
115,sc_2010_insc_882,dismissed,3.0,0.1906916306364589,3,4,3,7,0.5714285714285714,0,100
115,sc_2020_insc_347,allowed,5.0,0.20336297964008893,2,5,3,8,0.625,1,100
116,in_abs_train_1470,dismissed,5.0,0.180651349530171,2,3,5,8,0.375,0,100
116,in_abs_train_218,dismissed,4.0,0.17460018873877287,2,4,4,8,0.5,0,100
116,in_abs_train_2574,allowed,5.0,0.19017689112731084,3,5,2,7,0.7142857142857143,1,100
116,in_abs_train_4966,allowed,4.0,0.1870188929730714,2,4,4,8,0.5,1,100
116,sc_1965_insc_143,dismissed,6.0,0.17610249533456365,2,2,6,8,0.25,0,100
116,sc_1972_insc_238,dismissed,3.0,0.1752122915157903,2,5,3,8,0.625,0,100
116,sc_2001_insc_260,allowed,4.0,0.20234289605910924,2,4,4,8,0.5,1,100
116,sc_2008_insc_591,allowed,3.0,0.15722626123590874,2,3,5,8,0.375,1,100
116,sc_2010_insc_16,allowed,2.0,0.17192439874528737,2,2,6,8,0.25,1,100
116,sc_2011_insc_846,dismissed,3.0,0.18865671867861647,2,5,3,8,0.625,0,100
116,sc_2018_insc_1184,dismissed,3.0,0.19489606891513084,2,5,3,8,0.625,0,100
116,sc_2019_insc_541,allowed,4.0,0.17736970821664316,2,4,4,8,0.5,1,100
117,in_abs_train_3499,dismissed,3.0,0.20110251037094398,2,5,3,8,0.625,0,100
117,sc_1952_insc_67,allowed,4.0,0.22742085132453937,2,4,4,8,0.5,1,100
117,sc_1967_insc_120,allowed,5.0,0.23242473580172138,2,5,3,8,0.625,1,100
117,sc_1970_insc_77,dismissed,3.0,0.2579971991331495,2,5,3,8,0.625,0,100
117,sc_1981_insc_140,allowed,3.0,0.15386872208749247,2,3,5,8,0.375,1,100
117,sc_1995_insc_222,allowed,4.0,0.20217696954364398,2,4,4,8,0.5,1,100
117,sc_1996_insc_799,allowed,7.0,0.13093405051051607,2,7,1,8,0.875,1,100
117,sc_2005_insc_38,dismissed,4.0,0.18767392165150582,2,4,4,8,0.5,0,100
117,sc_2009_insc_963,dismissed,4.0,0.19662260929034733,2,4,4,8,0.5,0,100
117,sc_2013_insc_438,dismissed,4.0,0.18708286933869706,2,4,4,8,0.5,0,100
117,sc_2016_insc_884,allowed,5.0,0.19299480430960966,2,5,3,8,0.625,1,100
117,sc_2018_insc_1161,dismissed,4.0,0.19728779277869762,2,4,4,8,0.5,0,100
118,in_abs_train_1447,dismissed,1.0,0.09572443763163241,2,7,1,8,0.875,0,100
118,in_abs_train_3317,allowed,5.0,0.18053692263708235,2,5,3,8,0.625,1,100
118,in_abs_train_3985,dismissed,5.0,0.18960563773826455,3,2,5,7,0.2857142857142857,0,100
118,in_abs_train_4077,dismissed,4.0,0.18123460525754218,2,4,4,8,0.5,0,100
118,in_abs_train_6292,allowed,4.0,0.17809311118064056,2,4,4,8,0.5,1,100
118,sc_1962_insc_229,dismissed,4.0,0.1799881936473065,2,4,4,8,0.5,0,100
118,sc_1972_insc_243,allowed,4.0,0.20067345320552132,2,4,4,8,0.5,1,100
118,sc_1972_insc_256,allowed,5.0,0.23008115056405778,2,5,3,8,0.625,1,100
118,sc_1990_insc_61,dismissed,4.0,0.16988879854811556,3,3,4,7,0.42857142857142855,0,100
118,sc_1993_insc_85,dismissed,4.0,0.18678558838086443,2,4,4,8,0.5,0,100
118,sc_1995_insc_244,allowed,3.0,0.17445135617025984,2,3,5,8,0.375,1,100
118,sc_2009_insc_410,allowed,5.0,0.21448050261471585,2,5,3,8,0.625,1,100
119,in_abs_train_3275,dismissed,3.0,0.21161098531794767,2,5,3,8,0.625,0,100
119,in_abs_train_449,dismissed,1.0,0.12352058460608326,2,7,1,8,0.875,0,100
119,in_abs_train_4844,dismissed,4.0,0.2535800061426494,2,4,4,8,0.5,0,100
119,sc_1966_insc_191,dismissed,7.0,0.12182064394876523,2,1,7,8,0.125,0,100
119,sc_1967_insc_262,dismissed,3.0,0.2028257596546173,2,5,3,8,0.625,0,100
119,sc_1970_insc_108,allowed,4.0,0.18156317014668494,2,4,4,8,0.5,1,100
119,sc_2006_insc_445,allowed,4.0,0.21127169954062874,2,4,4,8,0.5,1,100
119,sc_2007_insc_1127,allowed,3.0,0.16807527809628298,2,3,5,8,0.375,1,100
119,sc_2009_insc_1178,allowed,1.0,0.13017914289550334,2,1,7,8,0.125,1,100
119,sc_2010_insc_27,allowed,2.0,0.15979576742534693,2,2,6,8,0.25,1,100
119,sc_2011_insc_379,allowed,3.0,0.18489695680204538,2,3,5,8,0.375,1,100
119,sc_2013_insc_629,dismissed,5.0,0.21583597037191116,2,3,5,8,0.375,0,100
120,in_abs_train_1163,dismissed,5.0,0.2091743060497468,2,3,5,8,0.375,0,100
120,in_abs_train_279,dismissed,1.0,0.12376515868520177,2,7,1,8,0.875,0,100
120,sc_1954_insc_9,allowed,5.0,0.20922736342981502,2,5,3,8,0.625,1,100
120,sc_1983_insc_88,dismissed,4.0,0.2178442221603442,2,4,4,8,0.5,0,100
120,sc_1992_insc_352,allowed,1.0,0.12408960885902458,2,1,7,8,0.125,1,100
120,sc_1995_insc_408,dismissed,3.0,0.1889480763767709,2,5,3,8,0.625,0,100
120,sc_1995_insc_464,allowed,6.0,0.16475787892203933,2,6,2,8,0.75,1,100
120,sc_2006_insc_883,dismissed,3.0,0.16846285248305454,2,5,3,8,0.625,0,100
120,sc_2007_insc_676,allowed,3.0,0.15757444031654189,2,3,5,8,0.375,1,100
120,sc_2008_insc_538,dismissed,4.0,0.18648444017818597,2,4,4,8,0.5,0,100
120,sc_2014_insc_264,allowed,2.0,0.1718019227763265,2,2,6,8,0.25,1,100
120,sc_2022_insc_810,allowed,5.0,0.17354716139172036,2,5,3,8,0.625,1,100
121,in_abs_train_5787,dismissed,5.0,0.20549472823732812,2,3,5,8,0.375,0,100
121,sc_1961_insc_293,dismissed,2.0,0.16219619609221947,2,6,2,8,0.75,0,100
121,sc_1976_insc_265,allowed,5.0,0.17885975339334606,2,5,3,8,0.625,1,100
121,sc_1978_insc_22,dismissed,6.0,0.18982146624877233,2,2,6,8,0.25,0,100
121,sc_1983_insc_178,allowed,6.0,0.18044020762231933,2,6,2,8,0.75,1,100
121,sc_2006_insc_483,dismissed,3.0,0.19874404520566796,2,5,3,8,0.625,0,100
121,sc_2008_insc_1038,dismissed,4.0,0.19483193020340817,2,4,4,8,0.5,0,100
121,sc_2012_insc_368,allowed,3.0,0.1945351946674064,2,3,5,8,0.375,1,100
121,sc_2015_insc_484,allowed,1.0,0.16673764411279687,2,1,7,8,0.125,1,100
121,sc_2019_insc_415,allowed,4.0,0.21463573533763794,2,4,4,8,0.5,1,100
121,sc_2021_insc_297,dismissed,3.0,0.20550386314165034,2,5,3,8,0.625,0,100
121,sc_2023_insc_197,allowed,3.0,0.18490975087137604,2,3,5,8,0.375,1,100
122,in_abs_train_4623,dismissed,3.0,0.18567302469183372,2,5,3,8,0.625,0,100
122,in_abs_train_5417,dismissed,5.0,0.1809412045311746,2,3,5,8,0.375,0,100
122,in_abs_train_5600,dismissed,3.0,0.2282658609859172,2,5,3,8,0.625,0,100
122,in_abs_train_7104,dismissed,6.0,0.19710197774809018,2,2,6,8,0.25,0,100
122,sc_1972_insc_215,allowed,2.0,0.16959991218902484,2,2,6,8,0.25,1,100
122,sc_2002_insc_325,allowed,4.0,0.1735497926135349,2,4,4,8,0.5,1,100
122,sc_2004_insc_699,allowed,0.0,0.06010228446751658,2,0,7,7,0.0,1,100
122,sc_2008_insc_457,dismissed,3.0,0.18139684937805756,3,4,3,7,0.5714285714285714,0,100
122,sc_2009_insc_733,allowed,6.0,0.16739746616693027,2,6,2,8,0.75,1,100
122,sc_2010_insc_483,dismissed,5.0,0.16224350292406603,2,3,5,8,0.375,0,100
122,sc_2011_insc_215,allowed,3.0,0.18083541254016433,2,3,5,8,0.375,1,100
122,sc_2023_insc_796,allowed,6.0,0.16986604884434495,2,6,2,8,0.75,1,100
123,in_abs_train_3774,allowed,4.0,0.23627737280237962,2,4,4,8,0.5,1,100
123,in_abs_train_6506,allowed,3.0,0.1952072486248259,2,3,5,8,0.375,1,100
123,sc_1957_insc_112,dismissed,6.0,0.16963890561587694,2,2,6,8,0.25,0,100
123,sc_1996_insc_731,allowed,4.0,0.15728203774177138,2,4,4,8,0.5,1,100
123,sc_2000_insc_63,dismissed,5.0,0.177586032973156,2,3,5,8,0.375,0,100
123,sc_2003_insc_745,allowed,6.0,0.18407519126195027,2,6,2,8,0.75,1,100
123,sc_2004_insc_624,allowed,4.0,0.2297571818834938,2,4,4,8,0.5,1,100
123,sc_2006_insc_312,allowed,5.0,0.11527803637138713,2,5,3,8,0.625,1,100
123,sc_2007_insc_206,dismissed,4.0,0.2092728597270342,2,4,4,8,0.5,0,100
123,sc_2014_insc_65,dismissed,5.0,0.18098987491411936,2,3,5,8,0.375,0,100
123,sc_2018_insc_727,dismissed,6.0,0.20327597960390836,2,2,6,8,0.25,0,100
123,sc_2022_insc_103,dismissed,3.0,0.18097668740456208,2,5,3,8,0.625,0,100
124,in_abs_train_12,allowed,3.0,0.16314982745198833,2,3,5,8,0.375,1,100
124,in_abs_train_3458,allowed,6.0,0.16200907903868256,2,6,2,8,0.75,1,100
124,in_abs_train_4073,allowed,2.0,0.16242283882332734,2,2,6,8,0.25,1,100
124,sc_1966_insc_26,allowed,4.0,0.2218337869912011,2,4,4,8,0.5,1,100
124,sc_1969_insc_117,dismissed,6.0,0.14565996868752792,2,2,6,8,0.25,0,100
124,sc_1969_insc_204,dismissed,3.0,0.18556801929267253,3,3,3,6,0.5,0,100
124,sc_1990_insc_114,dismissed,5.0,0.15272925724883085,2,3,5,8,0.375,0,100
124,sc_2000_insc_416,allowed,2.0,0.16465328384544145,2,2,6,8,0.25,1,100
124,sc_2003_insc_376,dismissed,2.0,0.18373602971848754,2,6,2,8,0.75,0,100
124,sc_2013_insc_835,dismissed,4.0,0.18708673504172185,2,4,4,8,0.5,0,100
124,sc_2021_insc_590,dismissed,5.0,0.18318267043857597,2,3,5,8,0.375,0,100
124,sc_2023_insc_200,allowed,3.0,0.18617510663040446,3,3,3,6,0.5,1,100
125,in_abs_train_3712,dismissed,3.0,0.21815690630587523,2,5,3,8,0.625,0,100
125,in_abs_train_3833,dismissed,4.0,0.19598446318405296,2,4,4,8,0.5,0,100
125,in_abs_train_6203,allowed,4.0,0.20800630731765937,2,4,4,8,0.5,1,100
125,sc_1959_insc_85,allowed,7.0,0.13256071708128722,2,7,1,8,0.875,1,100
125,sc_1967_insc_254,dismissed,3.0,0.18137545510623626,2,5,3,8,0.625,0,100
125,sc_1989_insc_255,dismissed,4.0,0.17572337985786773,2,4,4,8,0.5,0,100
125,sc_1993_insc_24,allowed,5.0,0.18145645876785824,2,5,3,8,0.625,1,100
125,sc_2002_insc_233,allowed,4.0,0.18898815985087533,2,4,4,8,0.5,1,100
125,sc_2007_insc_1273,dismissed,2.0,0.13387499166333172,2,6,2,8,0.75,0,100
125,sc_2011_insc_249,allowed,5.0,0.180119008277464,2,5,3,8,0.625,1,100
125,sc_2017_insc_756,allowed,5.0,0.19737045649796292,2,5,3,8,0.625,1,100
125,sc_2017_insc_840,dismissed,3.0,0.1681381102164017,3,4,3,7,0.5714285714285714,0,100
126,in_abs_train_3854,dismissed,5.0,0.21308634517754707,2,3,5,8,0.375,0,100
126,sc_1963_insc_91,dismissed,5.0,0.20216985598660064,2,3,5,8,0.375,0,100
126,sc_1995_insc_555,allowed,5.0,0.19463339795167295,2,5,3,8,0.625,1,100
126,sc_1996_insc_1270,allowed,4.0,0.18738691530303203,2,4,4,8,0.5,1,100
126,sc_2000_insc_15,dismissed,3.0,0.18688314370839426,2,5,3,8,0.625,0,100
126,sc_2000_insc_299,allowed,2.0,0.1575768519983639,2,2,6,8,0.25,1,100
126,sc_2014_insc_161,dismissed,5.0,0.18783304284151425,2,3,5,8,0.375,0,100
126,sc_2014_insc_394,allowed,5.0,0.157013686234077,2,5,3,8,0.625,1,100
126,sc_2014_insc_446,allowed,4.0,0.21915484625961948,2,4,4,8,0.5,1,100
126,sc_2014_insc_594,dismissed,3.0,0.1535642925275408,2,5,3,8,0.625,0,100
126,sc_2018_insc_219,allowed,6.0,0.12482091170588733,2,6,2,8,0.75,1,100
126,sc_2020_insc_205,dismissed,4.0,0.18761396236226124,2,4,4,8,0.5,0,100
127,in_abs_train_3662,allowed,5.0,0.2085599645295412,2,5,3,8,0.625,1,100
127,in_abs_train_4090,dismissed,5.0,0.1354675730494359,2,3,5,8,0.375,0,100
127,in_abs_train_4311,dismissed,2.0,0.15511530273233667,2,6,2,8,0.75,0,100
127,sc_1966_insc_187,dismissed,1.0,0.09859892769332763,2,7,1,8,0.875,0,100
127,sc_1981_insc_119,allowed,5.0,0.19168150172866513,2,5,3,8,0.625,1,100
127,sc_1990_insc_340,allowed,2.0,0.20837215038850343,2,2,6,8,0.25,1,100
127,sc_1994_insc_605,dismissed,5.0,0.2070980527289938,2,3,5,8,0.375,0,100
127,sc_2000_insc_173,dismissed,5.0,0.19659371792312602,2,3,5,8,0.375,0,100
127,sc_2002_insc_477,dismissed,3.0,0.19522944186464009,3,4,3,7,0.5714285714285714,0,100
127,sc_2004_insc_557,allowed,4.0,0.1701049498608226,2,4,4,8,0.5,1,100
127,sc_2022_insc_225,allowed,5.0,0.18239238465206736,2,5,3,8,0.625,1,100
127,sc_2023_insc_458,allowed,4.0,0.22999279759717722,2,4,4,8,0.5,1,100
128,in_abs_train_2863,dismissed,4.0,0.20403547124133203,2,4,4,8,0.5,0,100
128,in_abs_train_3341,allowed,6.0,0.14265326560664368,2,6,2,8,0.75,1,100
128,in_abs_train_3748,allowed,1.0,0.1286965277462273,2,1,7,8,0.125,1,100
128,in_abs_train_4429,allowed,4.0,0.1693540177964104,2,4,4,8,0.5,1,100
128,sc_1972_insc_85,dismissed,5.0,0.1601270875593295,2,3,5,8,0.375,0,100
128,sc_1996_insc_1176,dismissed,3.0,0.1914386674443205,2,5,3,8,0.625,0,100
128,sc_2008_insc_388,allowed,6.0,0.17958617472086938,2,6,2,8,0.75,1,100
128,sc_2012_insc_210,dismissed,2.0,0.17056054839746165,2,6,2,8,0.75,0,100
128,sc_2014_insc_539,dismissed,3.0,0.16885986392814997,2,5,3,8,0.625,0,100
128,sc_2019_insc_354,allowed,5.0,0.1936695929622303,2,5,3,8,0.625,1,100
128,sc_2019_insc_684,dismissed,7.0,0.15498715512383998,2,1,7,8,0.125,0,100
128,sc_2024_insc_296,allowed,4.0,0.20250929211484875,2,4,4,8,0.5,1,100
129,in_abs_train_1446,allowed,5.0,0.1582269871220436,2,5,3,8,0.625,1,100
129,in_abs_train_2143,dismissed,5.0,0.18208793176008903,2,3,5,8,0.375,0,100
129,in_abs_train_4060,allowed,5.0,0.17970364829019864,2,5,3,8,0.625,1,100
129,sc_1960_insc_137,dismissed,4.0,0.17395068716779613,3,3,4,7,0.42857142857142855,0,100
129,sc_1966_insc_59,allowed,5.0,0.18308831148852459,2,5,3,8,0.625,1,100
129,sc_1968_insc_226,allowed,6.0,0.17959254162985244,2,6,2,8,0.75,1,100
129,sc_1976_insc_237,dismissed,4.0,0.22486999646090897,2,4,4,8,0.5,0,100
129,sc_1988_insc_187,dismissed,1.0,0.13425061518880063,2,7,1,8,0.875,0,100
129,sc_2002_insc_575,allowed,6.0,0.18089069990604822,2,6,2,8,0.75,1,100
129,sc_2003_insc_432,dismissed,1.0,0.11347042585872702,2,7,1,8,0.875,0,100
129,sc_2006_insc_861,dismissed,7.0,0.15384423650934365,2,1,7,8,0.125,0,100
129,sc_2007_insc_595,allowed,2.0,0.17046245956159373,2,2,6,8,0.25,1,100
130,in_abs_train_2088,dismissed,3.0,0.16849386262325813,2,5,3,8,0.625,0,100
130,in_abs_train_2394,allowed,4.0,0.18519169926783685,2,4,4,8,0.5,1,100
130,in_abs_train_3592,dismissed,6.0,0.15498501824607433,2,2,6,8,0.25,0,100
130,in_abs_train_5235,allowed,4.0,0.19547565613870474,2,4,4,8,0.5,1,100
130,in_abs_train_904,dismissed,4.0,0.18069297984581806,2,4,4,8,0.5,0,100
130,sc_1962_insc_119,dismissed,2.0,0.16789247091119322,2,6,2,8,0.75,0,100
130,sc_1977_insc_37,allowed,4.0,0.18708576862345402,2,4,4,8,0.5,1,100
130,sc_1987_insc_151,dismissed,2.0,0.14211856452951027,2,6,2,8,0.75,0,100
130,sc_1987_insc_323,allowed,5.0,0.20322376359813393,2,5,3,8,0.625,1,100
130,sc_2009_insc_787,allowed,5.0,0.19536466835669114,2,5,3,8,0.625,1,100
130,sc_2013_insc_505,allowed,4.0,0.20290912979793968,2,4,4,8,0.5,1,100
130,sc_2024_insc_86,dismissed,5.0,0.16928066366424052,2,3,5,8,0.375,0,100
131,in_abs_train_340,dismissed,5.0,0.18660990719816783,2,3,5,8,0.375,0,100
131,in_abs_train_3533,dismissed,4.0,0.17633646183872842,2,4,4,8,0.5,0,100
131,sc_1974_insc_148,dismissed,5.0,0.18137670140483864,2,3,5,8,0.375,0,100
131,sc_1975_insc_302,allowed,5.0,0.19722932854739778,2,5,3,8,0.625,1,100
131,sc_1988_insc_98,dismissed,4.0,0.18708673504172182,2,4,4,8,0.5,0,100
131,sc_1990_insc_66,allowed,5.0,0.2006367415026877,2,5,3,8,0.625,1,100
131,sc_1994_insc_604,dismissed,5.0,0.1804820306647095,2,3,5,8,0.375,0,100
131,sc_1999_insc_311,allowed,4.0,0.2030554634631929,2,4,4,8,0.5,1,100
131,sc_2007_insc_213,allowed,3.0,0.18106830486527925,2,3,5,8,0.375,1,100
131,sc_2008_insc_1338,dismissed,5.0,0.23819539747042404,2,3,5,8,0.375,0,100
131,sc_2009_insc_115,allowed,6.0,0.1473410152500199,2,6,2,8,0.75,1,100
131,sc_2021_insc_673,allowed,3.0,0.18358601781433703,2,3,5,8,0.375,1,100
132,in_abs_train_4967,allowed,5.0,0.18060171933507643,2,5,3,8,0.625,1,100
132,in_abs_train_5281,allowed,2.0,0.16254040363091263,2,2,6,8,0.25,1,100
132,sc_1959_1_1219_1235_en,dismissed,5.0,0.18268243083480765,2,3,5,8,0.375,0,100
132,sc_1961_insc_332,allowed,2.0,0.21102153127382137,2,2,6,8,0.25,1,100
132,sc_1974_insc_275,allowed,5.0,0.18083541254016436,2,5,3,8,0.625,1,100
132,sc_1982_insc_50,dismissed,3.0,0.1856868897680879,2,5,3,8,0.625,0,100
132,sc_1992_insc_246,dismissed,6.0,0.16901409913972734,2,2,6,8,0.25,0,100
132,sc_2005_insc_95,dismissed,3.0,0.17515524702940846,2,5,3,8,0.625,0,100
132,sc_2007_insc_1075,dismissed,4.0,0.19643316918320372,2,4,4,8,0.5,0,100
132,sc_2008_insc_874,allowed,5.0,0.19350530631336332,2,5,3,8,0.625,1,100
132,sc_2011_insc_243,allowed,5.0,0.16361746498093602,2,5,3,8,0.625,1,100
132,sc_2012_insc_578,dismissed,4.0,0.18768613380169716,2,4,4,8,0.5,0,100
133,in_abs_train_2564,allowed,4.0,0.2180854497504525,2,4,4,8,0.5,1,100
133,in_abs_train_728,allowed,5.0,0.21397458719890577,2,5,3,8,0.625,1,100
133,sc_1968_insc_131,dismissed,2.0,0.192551152797552,2,6,2,8,0.75,0,100
133,sc_1977_insc_114,allowed,3.0,0.21360105519133515,2,3,5,8,0.375,1,100
133,sc_1991_insc_237,dismissed,2.0,0.17666028423724925,2,6,2,8,0.75,0,100
133,sc_1994_insc_23,allowed,3.0,0.17530878617716994,2,3,5,8,0.375,1,100
133,sc_2003_insc_327,dismissed,4.0,0.22094467752534502,2,4,4,8,0.5,0,100
133,sc_2007_insc_1026,dismissed,5.0,0.18494012954214928,3,2,5,7,0.2857142857142857,0,100
133,sc_2009_insc_748,allowed,4.0,0.20297233430913175,2,4,4,8,0.5,1,100
133,sc_2013_insc_295,dismissed,7.0,0.12766870841025554,2,1,7,8,0.125,0,100
133,sc_2015_insc_169,allowed,4.0,0.18250760150994755,2,4,4,8,0.5,1,100
133,sc_2015_insc_651,dismissed,1.0,0.1194604094408239,2,7,1,8,0.875,0,100
134,in_abs_train_196,allowed,5.0,0.18502545272140775,2,5,3,8,0.625,1,100
134,in_abs_train_2085,allowed,4.0,0.16639576877422754,2,4,4,8,0.5,1,100
134,in_abs_train_3152,allowed,3.0,0.17504743085973937,2,3,5,8,0.375,1,100
134,in_abs_train_3464,dismissed,7.0,0.17465078723357239,2,1,7,8,0.125,0,100
134,in_abs_train_3522,dismissed,7.0,0.14847391746237149,2,1,7,8,0.125,0,100
134,sc_1962_insc_100,allowed,2.0,0.15852974244486936,2,2,6,8,0.25,1,100
134,sc_1963_insc_217,dismissed,4.0,0.1744120704323528,2,4,4,8,0.5,0,100
134,sc_1996_insc_1213,allowed,2.0,0.16236866945759137,2,2,6,8,0.25,1,100
134,sc_2007_insc_1270,dismissed,3.0,0.17792229415656854,2,5,3,8,0.625,0,100
134,sc_2007_insc_958,allowed,5.0,0.17612500316840712,2,5,3,8,0.625,1,100
134,sc_2015_insc_1041,dismissed,5.0,0.16856982079572286,2,3,5,8,0.375,0,100
134,sc_2022_insc_926,dismissed,4.0,0.19469720032790758,2,4,4,8,0.5,0,100
135,sc_1958_insc_13,allowed,5.0,0.1890468041276409,2,5,3,8,0.625,1,100
135,sc_1963_insc_25,dismissed,6.0,0.1940461959500972,2,2,6,8,0.25,0,100
135,sc_1971_insc_7,dismissed,5.0,0.16411725106829653,2,3,5,8,0.375,0,100
135,sc_1976_insc_103,dismissed,3.0,0.1893948334601806,2,5,3,8,0.625,0,100
135,sc_1988_insc_164,allowed,4.0,0.20416980925666936,2,4,4,8,0.5,1,100
135,sc_1991_insc_217,allowed,4.0,0.19034345007372694,2,4,4,8,0.5,1,100
135,sc_1996_insc_1117,dismissed,5.0,0.15859940050728388,2,3,5,8,0.375,0,100
135,sc_1997_insc_465,dismissed,4.0,0.1623815712375618,2,4,4,8,0.5,0,100
135,sc_1999_insc_323,allowed,5.0,0.23925183228702668,2,5,3,8,0.625,1,100
135,sc_2000_insc_470,dismissed,7.0,0.12420324644940414,2,1,7,8,0.125,0,100
135,sc_2001_insc_564,allowed,4.0,0.20131732334801414,2,4,4,8,0.5,1,100
135,sc_2015_insc_991,allowed,4.0,0.20395790590450857,2,4,4,8,0.5,1,100
136,in_abs_train_1730,dismissed,4.0,0.22070605322543352,2,4,4,8,0.5,0,100
136,in_abs_train_2027,allowed,6.0,0.15527169448145675,2,6,2,8,0.75,1,100
136,in_abs_train_4318,allowed,5.0,0.16541857406215385,2,5,3,8,0.625,1,100
136,in_abs_train_4555,allowed,5.0,0.19305896447686893,2,5,3,8,0.625,1,100
136,sc_1964_insc_89,dismissed,4.0,0.18678365242306405,2,4,4,8,0.5,0,100
136,sc_1969_insc_124,dismissed,6.0,0.1625426283372633,2,2,6,8,0.25,0,100
136,sc_1976_insc_193,allowed,5.0,0.21006271148858496,2,5,3,8,0.625,1,100
136,sc_1978_insc_200,dismissed,5.0,0.23247094303109134,2,3,5,8,0.375,0,100
136,sc_1980_insc_26,allowed,4.0,0.1299870014105806,2,4,4,8,0.5,1,100
136,sc_2002_insc_287,dismissed,4.0,0.21171796698683426,2,4,4,8,0.5,0,100
136,sc_2017_insc_230,allowed,2.0,0.16150110224634912,2,2,6,8,0.25,1,100
136,sc_2019_insc_328,dismissed,3.0,0.1892881843673065,2,5,3,8,0.625,0,100
137,in_abs_train_1633,dismissed,4.0,0.19754976486499365,2,4,4,8,0.5,0,100
137,sc_1958_insc_23,dismissed,4.0,0.18806431448823183,2,4,4,8,0.5,0,100
137,sc_1972_insc_15,allowed,6.0,0.15933303139010127,2,6,2,8,0.75,1,100
137,sc_1991_insc_22,dismissed,6.0,0.16844672275274253,2,2,6,8,0.25,0,100
137,sc_1994_insc_476,allowed,5.0,0.18851632886835026,2,5,3,8,0.625,1,100
137,sc_2001_insc_151,dismissed,5.0,0.18379485604102974,2,3,5,8,0.375,0,100
137,sc_2003_insc_46,dismissed,6.0,0.17671160741992656,3,1,6,7,0.14285714285714285,0,100
137,sc_2007_insc_215,allowed,5.0,0.19343131753460865,2,5,3,8,0.625,1,100
137,sc_2009_insc_315,allowed,1.0,0.12283852187061328,2,1,7,8,0.125,1,100
137,sc_2019_insc_1349,allowed,4.0,0.17069615126095522,2,4,4,8,0.5,1,100
137,sc_2020_insc_449,dismissed,8.0,0.03105561567383511,1,0,8,8,0.0,0,100
137,sc_2023_insc_889,allowed,4.0,0.21273982388018234,2,4,4,8,0.5,1,100
138,in_abs_train_6231,allowed,4.0,0.21192676651399972,2,4,4,8,0.5,1,100
138,sc_1960_insc_112,dismissed,5.0,0.17092529900625056,2,3,5,8,0.375,0,100
138,sc_1967_insc_181,allowed,3.0,0.19736365309465911,2,3,5,8,0.375,1,100
138,sc_1973_insc_20,dismissed,6.0,0.15674487716671143,2,2,6,8,0.25,0,100
138,sc_1984_insc_109,allowed,2.0,0.19759905231909705,2,2,6,8,0.25,1,100
138,sc_2002_insc_275,allowed,5.0,0.22590182557170044,2,5,3,8,0.625,1,100
138,sc_2009_insc_614,allowed,7.0,0.14049492970501623,2,7,1,8,0.875,1,100
138,sc_2010_insc_267,dismissed,4.0,0.21794498618970412,2,4,4,8,0.5,0,100
138,sc_2010_insc_630,dismissed,5.0,0.2094765057815413,2,3,5,8,0.375,0,100
138,sc_2014_insc_302,allowed,5.0,0.18133007775384172,2,5,3,8,0.625,1,100
138,sc_2018_insc_1001,dismissed,4.0,0.25766404414528765,2,4,4,8,0.5,0,100
138,sc_2021_insc_743,dismissed,3.0,0.1963309248944519,2,5,3,8,0.625,0,100
139,in_abs_train_2953,allowed,3.0,0.18130039939677067,2,3,5,8,0.375,1,100
139,in_abs_train_6673,dismissed,5.0,0.23608991890761782,2,3,5,8,0.375,0,100
139,sc_1967_insc_105,allowed,3.0,0.19216557147417448,2,3,5,8,0.375,1,100
139,sc_1970_insc_191,dismissed,5.0,0.19564335272025427,2,3,5,8,0.375,0,100
139,sc_1983_insc_49,dismissed,3.0,0.17851085303925443,2,5,3,8,0.625,0,100
139,sc_1988_insc_196,dismissed,3.0,0.19935458079494578,2,5,3,8,0.625,0,100
139,sc_1995_insc_265,dismissed,4.0,0.17473734476063685,2,4,4,8,0.5,0,100
139,sc_1996_insc_1101,dismissed,2.0,0.16184678808212413,2,6,2,8,0.75,0,100
139,sc_1997_insc_462,allowed,7.0,0.12331481258516937,2,7,1,8,0.875,1,100
139,sc_2000_insc_123,allowed,4.0,0.18648444017818597,2,4,4,8,0.5,1,100
139,sc_2003_insc_320,allowed,3.0,0.1847752505528496,2,3,5,8,0.375,1,100
139,sc_2011_insc_188,allowed,3.0,0.1815064317069403,2,3,5,8,0.375,1,100
140,in_abs_train_2545,allowed,4.0,0.19289504629183346,2,4,4,8,0.5,1,100
140,in_abs_train_4405,dismissed,2.0,0.14888990597812782,2,6,2,8,0.75,0,100
140,in_abs_train_5844,dismissed,4.0,0.19794470446765103,2,4,4,8,0.5,0,100
140,sc_1968_insc_34,allowed,2.0,0.20969382436596226,2,2,6,8,0.25,1,100
140,sc_1972_insc_257,dismissed,2.0,0.18712371468687308,2,6,2,8,0.75,0,100
140,sc_1975_insc_18,dismissed,5.0,0.1952642440386872,2,3,5,8,0.375,0,100
140,sc_1996_insc_1108,allowed,2.0,0.14576032008236778,2,2,6,8,0.25,1,100
140,sc_2000_insc_102,allowed,3.0,0.17616449293608677,2,3,5,8,0.375,1,100
140,sc_2003_insc_433,allowed,4.0,0.21251390710794835,2,4,4,8,0.5,1,100
140,sc_2004_insc_503,dismissed,5.0,0.18810111072417157,2,3,5,8,0.375,0,100
140,sc_2015_insc_393,allowed,7.0,0.1345790837844947,2,7,1,8,0.875,1,100
140,sc_2019_insc_579,dismissed,4.0,0.18073860120153,2,4,4,8,0.5,0,100
141,in_abs_train_3207,allowed,7.0,0.1156410040670691,2,7,1,8,0.875,1,100
141,sc_1960_insc_77,dismissed,6.0,0.16071364232467222,2,2,6,8,0.25,0,100
141,sc_1969_insc_190,dismissed,1.0,0.18710558218270396,3,6,1,7,0.8571428571428571,0,100
141,sc_1983_insc_48,dismissed,4.0,0.18648347063862944,2,4,4,8,0.5,0,100
141,sc_1984_insc_97,allowed,4.0,0.18678365242306405,2,4,4,8,0.5,1,100
141,sc_2001_insc_64,dismissed,5.0,0.18098180111612364,2,3,5,8,0.375,0,100
141,sc_2005_insc_596,allowed,6.0,0.1810572826023116,2,6,2,8,0.75,1,100
141,sc_2007_insc_1108,dismissed,3.0,0.19050382595415385,2,5,3,8,0.625,0,100
141,sc_2017_insc_857,allowed,5.0,0.16753202985335583,2,5,3,8,0.625,1,100
141,sc_2018_insc_440,dismissed,6.0,0.21891571349025604,2,2,6,8,0.25,0,100
141,sc_2019_3_200_233_en,allowed,5.0,0.20503239073375698,3,5,2,7,0.7142857142857143,1,100
141,sc_2021_insc_843,allowed,2.0,0.20411577940223588,3,2,4,6,0.3333333333333333,1,100
142,in_abs_train_1227,dismissed,7.0,0.1418949506441546,2,1,7,8,0.125,0,100
142,in_abs_train_2666,dismissed,3.0,0.18130039939677067,2,5,3,8,0.625,0,100
142,in_abs_train_4526,dismissed,4.0,0.16916279518475566,2,4,4,8,0.5,0,100
142,sc_1974_insc_105,dismissed,4.0,0.20443859718585758,2,4,4,8,0.5,0,100
142,sc_1987_insc_81,dismissed,3.0,0.20403658325843788,2,5,3,8,0.625,0,100
142,sc_1991_insc_255,allowed,3.0,0.18476936738004976,2,3,5,8,0.375,1,100
142,sc_1996_insc_549,allowed,1.0,0.13958361229538577,2,1,7,8,0.125,1,100
142,sc_2002_insc_105,allowed,4.0,0.15655366905228307,2,4,4,8,0.5,1,100
142,sc_2006_insc_349,allowed,2.0,0.16551761288433056,2,2,6,8,0.25,1,100
142,sc_2007_insc_5,allowed,5.0,0.16904853081787985,2,5,3,8,0.625,1,100
142,sc_2009_insc_1169,allowed,4.0,0.16717171912727724,2,4,4,8,0.5,1,100
142,sc_2017_insc_701,dismissed,7.0,0.13799106957028925,2,0,7,7,0.0,0,100
143,in_abs_train_2777,dismissed,4.0,0.19910365258703247,2,4,4,8,0.5,0,100
143,in_abs_train_5961,dismissed,1.0,0.1612267083811483,2,7,1,8,0.875,0,100
143,sc_1968_insc_21,dismissed,5.0,0.16062397512179982,2,3,5,8,0.375,0,100
143,sc_1975_insc_300,allowed,4.0,0.19379080192024625,2,4,4,8,0.5,1,100
143,sc_2002_insc_494,dismissed,4.0,0.16478836750764767,2,4,4,8,0.5,0,100
143,sc_2007_insc_619,allowed,5.0,0.21832482894699448,2,5,3,8,0.625,1,100
143,sc_2008_insc_1157,dismissed,3.0,0.16918814972830049,2,5,3,8,0.625,0,100
143,sc_2014_insc_311,allowed,4.0,0.20344031844657257,2,4,4,8,0.5,1,100
143,sc_2015_insc_611,allowed,2.0,0.16034040041456188,2,2,6,8,0.25,1,100
143,sc_2016_insc_373,allowed,3.0,0.18130039939677067,2,3,5,8,0.375,1,100
143,sc_2019_insc_723,dismissed,5.0,0.1883676117140554,2,3,5,8,0.375,0,100
143,sc_2022_insc_837,allowed,3.0,0.22137840486304264,2,3,5,8,0.375,1,100
144,in_abs_train_5321,dismissed,3.0,0.25946184682401896,2,5,3,8,0.625,0,100
144,in_abs_train_6684,allowed,1.0,0.14224290369221815,2,1,7,8,0.125,1,100
144,sc_1959_insc_109,dismissed,4.0,0.1653384380812364,2,4,4,8,0.5,0,100
144,sc_1961_insc_9,dismissed,1.0,0.13611188937257254,2,7,1,8,0.875,0,100
144,sc_1977_insc_127,allowed,5.0,0.18852002921495883,2,5,3,8,0.625,1,100
144,sc_1983_insc_87,allowed,5.0,0.20887309096664491,2,5,3,8,0.625,1,100
144,sc_1991_insc_18,dismissed,3.0,0.19283871965954064,2,5,3,8,0.625,0,100
144,sc_1996_insc_431,allowed,6.0,0.1334170421754925,2,6,2,8,0.75,1,100
144,sc_1996_insc_653,dismissed,3.0,0.181142209327368,2,5,3,8,0.625,0,100
144,sc_2006_insc_477,allowed,2.0,0.1622444674998387,2,2,6,8,0.25,1,100
144,sc_2011_insc_492,dismissed,3.0,0.17912463498180692,2,5,3,8,0.625,0,100
144,sc_2023_insc_445,allowed,3.0,0.18904664519060002,2,3,5,8,0.375,1,100
145,in_abs_train_1779,dismissed,5.0,0.1667628201058103,2,3,5,8,0.375,0,100
145,in_abs_train_3652,dismissed,3.0,0.17048015210331913,2,5,3,8,0.625,0,100
145,in_abs_train_3908,allowed,2.0,0.21674363110068715,2,2,6,8,0.25,1,100
145,in_abs_train_3925,allowed,6.0,0.2579451768994998,2,6,2,8,0.75,1,100
145,in_abs_train_4560,allowed,3.0,0.18247993822432282,2,3,5,8,0.375,1,100
145,in_abs_train_4723,dismissed,3.0,0.19770778865023622,2,5,3,8,0.625,0,100
145,in_abs_train_6724,dismissed,4.0,0.19180642957704944,2,4,4,8,0.5,0,100
145,sc_1958_insc_103,allowed,3.0,0.18415937687576442,2,3,5,8,0.375,1,100
145,sc_1981_insc_129,allowed,5.0,0.20496452835889992,2,5,3,8,0.625,1,100
145,sc_2001_insc_598,allowed,5.0,0.16184678808212413,2,5,3,8,0.625,1,100
145,sc_2012_insc_342,dismissed,3.0,0.19955368819184421,2,5,3,8,0.625,0,100
145,sc_2019_insc_1220,dismissed,4.0,0.17304138323678528,2,4,4,8,0.5,0,100
146,in_abs_train_1366,dismissed,3.0,0.253476105936285,2,5,3,8,0.625,0,100
146,in_abs_train_1475,dismissed,2.0,0.18193963457685713,2,6,2,8,0.75,0,100
146,in_abs_train_2607,allowed,5.0,0.18520136178130508,2,5,3,8,0.625,1,100
146,sc_1969_insc_73,dismissed,6.0,0.16462955143334934,2,2,6,8,0.25,0,100
146,sc_1970_insc_36,dismissed,3.0,0.2170946246510712,2,5,3,8,0.625,0,100
146,sc_1989_insc_97,dismissed,6.0,0.14210479429727355,2,2,6,8,0.25,0,100
146,sc_2008_insc_463,allowed,4.0,0.15589464949468734,2,4,4,8,0.5,1,100
146,sc_2008_insc_968,allowed,3.0,0.18153169919465856,2,3,5,8,0.375,1,100
146,sc_2010_insc_394,allowed,4.0,0.1802984220473715,2,4,4,8,0.5,1,100
146,sc_2019_insc_661,dismissed,5.0,0.18938863628939184,2,3,5,8,0.375,0,100
146,sc_2019_insc_920,allowed,7.0,0.12725541767064616,2,7,1,8,0.875,1,100
146,sc_2024_insc_431,allowed,7.0,0.12941410056328162,2,7,1,8,0.875,1,100
147,in_abs_train_329,allowed,4.0,0.2026506023195455,2,4,4,8,0.5,1,100
147,in_abs_train_812,allowed,2.0,0.10262595851472232,2,2,6,8,0.25,1,100
147,sc_1969_insc_116,dismissed,2.0,0.14970416444555334,3,5,2,7,0.7142857142857143,0,100
147,sc_1986_insc_154,dismissed,5.0,0.18900451376937644,2,3,5,8,0.375,0,100
147,sc_1990_insc_351,dismissed,4.0,0.17034954360043128,2,4,4,8,0.5,0,100
147,sc_1995_insc_854,allowed,3.0,0.19573375602845805,2,3,5,8,0.375,1,100
147,sc_1997_insc_691,allowed,5.0,0.18841495511901382,2,5,3,8,0.625,1,100
147,sc_2003_insc_554,allowed,5.0,0.2449920879692843,2,5,3,8,0.625,1,100
147,sc_2009_insc_110,allowed,3.0,0.19049726983240445,2,3,5,8,0.375,1,100
147,sc_2010_insc_734,dismissed,2.0,0.16219619609221947,2,6,2,8,0.75,0,100
147,sc_2018_insc_61,dismissed,4.0,0.1809403499667569,2,4,4,8,0.5,0,100
147,sc_2020_insc_290,dismissed,5.0,0.21965952680039297,2,3,5,8,0.375,0,100
148,in_abs_train_6303,dismissed,4.0,0.1769849639245016,2,4,4,8,0.5,0,100
148,sc_1964_insc_105,allowed,5.0,0.1945520240842167,2,5,3,8,0.625,1,100
148,sc_1965_insc_247,dismissed,5.0,0.21718996169593194,2,3,5,8,0.375,0,100
148,sc_1970_insc_176,dismissed,5.0,0.19912541086328997,2,3,5,8,0.375,0,100
148,sc_1988_insc_12,dismissed,3.0,0.1838307355980008,2,5,3,8,0.625,0,100
148,sc_1991_insc_347,allowed,2.0,0.15797042840354647,2,2,6,8,0.25,1,100
148,sc_1995_insc_225,allowed,4.0,0.187085768623454,2,4,4,8,0.5,1,100
148,sc_1997_insc_752,allowed,5.0,0.2002045510536995,2,5,3,8,0.625,1,100
148,sc_2005_insc_143,allowed,3.0,0.24026902472243777,2,3,5,8,0.375,1,100
148,sc_2008_insc_1284,dismissed,5.0,0.1658960527485807,2,3,5,8,0.375,0,100
148,sc_2012_insc_546,allowed,4.0,0.20283669139499147,2,4,4,8,0.5,1,100
148,sc_2018_insc_326,dismissed,7.0,0.1555605890267557,2,1,7,8,0.125,0,100
149,in_abs_train_212,allowed,5.0,0.1813681768525278,2,5,3,8,0.625,1,100
149,in_abs_train_2142,dismissed,3.0,0.18360141891277884,3,4,3,7,0.5714285714285714,0,100
149,sc_1956_insc_26,dismissed,4.0,0.20246350561558193,2,4,4,8,0.5,0,100
149,sc_1964_insc_10,dismissed,2.0,0.16641197217872858,2,6,2,8,0.75,0,100
149,sc_1965_insc_235,dismissed,5.0,0.20103558250107767,2,3,5,8,0.375,0,100
149,sc_1998_insc_258,dismissed,3.0,0.18314169987050274,2,5,3,8,0.625,0,100
149,sc_2000_insc_215,allowed,1.0,0.1290030587745297,2,1,7,8,0.125,1,100
149,sc_2005_insc_511,allowed,5.0,0.21175240583634258,2,5,3,8,0.625,1,100
149,sc_2006_insc_283,allowed,5.0,0.18137670140483864,2,5,3,8,0.625,1,100
149,sc_2008_insc_1388,allowed,2.0,0.18301616721189518,2,2,6,8,0.25,1,100
149,sc_2015_insc_950,dismissed,2.0,0.15148806883224894,2,6,2,8,0.75,0,100
149,sc_2023_insc_784,allowed,5.0,0.15945193446976774,2,5,3,8,0.625,1,100
150,in_abs_train_1325,dismissed,6.0,0.19161994137486446,2,2,6,8,0.25,0,100
150,in_abs_train_3589,dismissed,5.0,0.22456691069365217,2,3,5,8,0.375,0,100
150,in_abs_train_5452,dismissed,2.0,0.13886116557514355,2,6,2,8,0.75,0,100
150,in_abs_train_6797,allowed,5.0,0.17134908644227773,2,5,3,8,0.625,1,100
150,sc_1961_insc_300,dismissed,5.0,0.1561479151464717,2,3,5,8,0.375,0,100
150,sc_1979_insc_45,allowed,3.0,0.19114857236259858,2,3,5,8,0.375,1,100
150,sc_1989_insc_55,dismissed,5.0,0.18268522584235275,3,2,5,7,0.2857142857142857,0,100
150,sc_1991_insc_205,allowed,4.0,0.16630050292779958,2,4,4,8,0.5,1,100
150,sc_1998_insc_16,allowed,6.0,0.1812792340955955,2,6,2,8,0.75,1,100
150,sc_2010_insc_707,allowed,5.0,0.15367497330878183,2,5,3,8,0.625,1,100
150,sc_2014_insc_315,dismissed,6.0,0.14358433690885491,2,2,6,8,0.25,0,100
150,sc_2019_insc_1396,allowed,4.0,0.17674491051472213,2,4,4,8,0.5,1,100
151,in_abs_train_1804,allowed,3.0,0.21506327501460426,2,3,5,8,0.375,1,100
151,in_abs_train_4373,dismissed,1.0,0.115567495018145,2,7,1,8,0.875,0,100
151,sc_1964_insc_285,dismissed,5.0,0.19555186733076532,2,3,5,8,0.375,0,100
151,sc_1971_insc_304,allowed,2.0,0.1797679084000349,2,2,6,8,0.25,1,100
151,sc_1972_insc_125,dismissed,2.0,0.17513050406277822,2,6,2,8,0.75,0,100
151,sc_1985_insc_132,allowed,4.0,0.1874360439658471,2,4,4,8,0.5,1,100
151,sc_1988_insc_159,dismissed,4.0,0.1862082253542631,2,4,4,8,0.5,0,100
151,sc_1994_insc_351,allowed,5.0,0.1620185174601965,2,5,3,8,0.625,1,100
151,sc_1998_insc_371,allowed,5.0,0.20326895162096711,2,5,3,8,0.625,1,100
151,sc_2017_insc_69,dismissed,4.0,0.1951900959416717,2,4,4,8,0.5,0,100
151,sc_2019_insc_1344,dismissed,4.0,0.18980995841235515,3,3,4,7,0.42857142857142855,0,100
151,sc_2022_insc_119,allowed,4.0,0.2612705268972942,2,4,4,8,0.5,1,100
152,in_abs_train_4028,dismissed,7.0,0.11758284437261492,2,1,7,8,0.125,0,100
152,in_abs_train_6977,allowed,5.0,0.16970941029692313,2,5,3,8,0.625,1,100
152,sc_1962_insc_273,allowed,3.0,0.17496672834223573,2,3,5,8,0.375,1,100
152,sc_1962_insc_43,allowed,3.0,0.18360723012821994,2,3,5,8,0.375,1,100
152,sc_1969_insc_249,dismissed,3.0,0.18389858416412638,2,5,3,8,0.625,0,100
152,sc_1975_insc_79,dismissed,3.0,0.17881485456665897,2,5,3,8,0.625,0,100
152,sc_1995_insc_564,dismissed,4.0,0.1948244954447026,2,4,4,8,0.5,0,100
152,sc_1996_insc_804,dismissed,1.0,0.1370744062804682,2,7,1,8,0.875,0,100
152,sc_2000_insc_575,allowed,5.0,0.19430086911180636,2,5,3,8,0.625,1,100
152,sc_2008_insc_472,dismissed,5.0,0.19156079258201233,2,3,5,8,0.375,0,100
152,sc_2018_insc_231,allowed,5.0,0.20326839810129527,3,5,2,7,0.7142857142857143,1,100
152,sc_2018_insc_457,allowed,6.0,0.16728878381434495,2,6,2,8,0.75,1,100
153,in_abs_train_112,allowed,3.0,0.18091091125882927,2,3,5,8,0.375,1,100
153,in_abs_train_1718,dismissed,5.0,0.19505944894970415,2,3,5,8,0.375,0,100
153,in_abs_train_6559,allowed,3.0,0.17943427655849542,2,3,5,8,0.375,1,100
153,sc_1958_insc_45,dismissed,5.0,0.19693073190754876,2,3,5,8,0.375,0,100
153,sc_1987_insc_377,dismissed,3.0,0.1574481365779363,3,4,3,7,0.5714285714285714,0,100
153,sc_1993_insc_38,dismissed,5.0,0.1795994846345817,2,3,5,8,0.375,0,100
153,sc_1994_insc_556,allowed,6.0,0.16314086002733702,2,6,2,8,0.75,1,100
153,sc_1996_insc_1,allowed,3.0,0.15816688191606412,2,3,5,8,0.375,1,100
153,sc_2000_insc_157,allowed,7.0,0.13285000520861326,2,7,1,8,0.875,1,100
153,sc_2004_insc_221,dismissed,4.0,0.16620728834077284,2,4,4,8,0.5,0,100
153,sc_2005_insc_24,allowed,5.0,0.17545491678871283,3,5,2,7,0.7142857142857143,1,100
153,sc_2014_insc_1042,dismissed,3.0,0.22282730093402756,2,5,3,8,0.625,0,100
154,in_abs_train_1246,dismissed,3.0,0.1813003993967707,2,5,3,8,0.625,0,100
154,in_abs_train_2664,allowed,7.0,0.13661993929328176,2,7,1,8,0.875,1,100
154,in_abs_train_7002,allowed,3.0,0.19524952570595644,2,3,5,8,0.375,1,100
154,sc_1963_insc_5,dismissed,6.0,0.19117933418622907,2,2,6,8,0.25,0,100
154,sc_1984_insc_60,allowed,4.0,0.19862810727588376,2,4,4,8,0.5,1,100
154,sc_2006_insc_904,dismissed,6.0,0.16150110224634914,2,2,6,8,0.25,0,100
154,sc_2009_insc_870,dismissed,5.0,0.16357676347946432,2,3,5,8,0.375,0,100
154,sc_2010_insc_636,dismissed,4.0,0.192568143283819,2,4,4,8,0.5,0,100
154,sc_2013_insc_799,allowed,4.0,0.21122112298200443,2,4,4,8,0.5,1,100
154,sc_2017_insc_1119,allowed,4.0,0.2282242355105596,3,4,3,7,0.5714285714285714,1,100
154,sc_2023_insc_199,dismissed,2.0,0.19570161952300894,2,6,2,8,0.75,0,100
154,sc_2023_insc_373,allowed,5.0,0.19494974859959086,2,5,3,8,0.625,1,100
155,in_abs_train_1294,dismissed,2.0,0.1438634572278895,2,6,2,8,0.75,0,100
155,in_abs_train_2956,dismissed,6.0,0.1749133726816949,2,2,6,8,0.25,0,100
155,in_abs_train_3380,dismissed,4.0,0.15872869074217721,2,4,4,8,0.5,0,100
155,in_abs_train_6498,dismissed,5.0,0.16192480618219945,2,3,5,8,0.375,0,100
155,sc_1987_insc_177,allowed,3.0,0.18434413199871938,2,3,5,8,0.375,1,100
155,sc_2000_insc_177,allowed,4.0,0.17874940733387013,2,4,4,8,0.5,1,100
155,sc_2007_insc_590,allowed,4.0,0.18927813217730785,2,4,4,8,0.5,1,100
155,sc_2009_insc_186,allowed,4.0,0.19090606556119571,2,4,4,8,0.5,1,100
155,sc_2009_insc_510,allowed,5.0,0.19012975121381445,2,5,3,8,0.625,1,100
155,sc_2010_insc_502,dismissed,5.0,0.18974340500788656,2,3,5,8,0.375,0,100
155,sc_2012_insc_230,allowed,5.0,0.18075538114396483,2,5,3,8,0.625,1,100
155,sc_2019_insc_4,dismissed,5.0,0.19445436482630055,2,3,5,8,0.375,0,100
156,in_abs_train_355,allowed,7.0,0.12825369817284796,2,7,1,8,0.875,1,100
156,in_abs_train_6486,allowed,2.0,0.16732779586739696,3,2,5,7,0.2857142857142857,1,100
156,in_abs_train_6785,dismissed,2.0,0.17133621363740048,2,6,2,8,0.75,0,100
156,sc_1957_insc_26,dismissed,5.0,0.1692825982567681,2,3,5,8,0.375,0,100
156,sc_1967_insc_130,dismissed,5.0,0.20182275154523469,2,3,5,8,0.375,0,100
156,sc_1972_insc_214,dismissed,4.0,0.20906225309615997,2,4,4,8,0.5,0,100
156,sc_1997_insc_16,allowed,4.0,0.1979810160442404,3,4,3,7,0.5714285714285714,1,100
156,sc_2003_insc_316,allowed,4.0,0.20829355025259808,2,4,4,8,0.5,1,100
156,sc_2004_insc_578,allowed,2.0,0.19574687092738688,2,2,6,8,0.25,1,100
156,sc_2015_insc_470,dismissed,3.0,0.22269293820516317,2,5,3,8,0.625,0,100
156,sc_2023_insc_586,dismissed,2.0,0.15928226293506217,2,6,2,8,0.75,0,100
156,sc_2024_insc_77,allowed,2.0,0.15864021401325118,2,2,6,8,0.25,1,100
157,in_abs_train_1979,dismissed,6.0,0.2080539417845958,3,1,6,7,0.14285714285714285,0,100
157,in_abs_train_2242,allowed,4.0,0.19684129372587095,2,4,4,8,0.5,1,100
157,in_abs_train_4515,dismissed,2.0,0.1765640509361756,3,5,2,7,0.7142857142857143,0,100
157,in_abs_train_5388,allowed,3.0,0.18130039939677067,2,3,5,8,0.375,1,100
157,sc_1958_insc_58,allowed,4.0,0.2087542142800699,3,4,3,7,0.5714285714285714,1,100
157,sc_1963_insc_73,dismissed,3.0,0.1534333737094766,3,4,3,7,0.5714285714285714,0,100
157,sc_2008_insc_647,dismissed,4.0,0.18738898265419485,2,4,4,8,0.5,0,100
157,sc_2010_insc_493,dismissed,6.0,0.1625426283372633,2,2,6,8,0.25,0,100
157,sc_2011_insc_561,allowed,3.0,0.17880111344631736,2,3,5,8,0.375,1,100
157,sc_2014_insc_300,dismissed,4.0,0.2057089307407628,2,4,4,8,0.5,0,100
157,sc_2019_insc_284,allowed,4.0,0.17330593432225713,2,4,4,8,0.5,1,100
157,sc_2023_insc_395,allowed,3.0,0.20874029373960815,2,3,5,8,0.375,1,100
158,in_abs_train_629,dismissed,2.0,0.1573628476311913,2,6,2,8,0.75,0,100
158,in_abs_train_7079,dismissed,3.0,0.16382051371634052,2,5,3,8,0.625,0,100
158,sc_1952_insc_74,allowed,5.0,0.19777391932924995,3,5,2,7,0.7142857142857143,1,100
158,sc_1973_insc_96,allowed,4.0,0.22172850820645737,2,4,4,8,0.5,1,100
158,sc_1992_insc_174,allowed,5.0,0.20206648647253986,2,5,3,8,0.625,1,100
158,sc_1995_insc_58,allowed,3.0,0.15905803988396508,2,3,5,8,0.375,1,100
158,sc_2000_insc_61,dismissed,5.0,0.18239128060593088,2,3,5,8,0.375,0,100
158,sc_2009_insc_672,allowed,3.0,0.1889348858368579,2,3,5,8,0.375,1,100
158,sc_2011_insc_600,dismissed,5.0,0.16390687706829263,2,3,5,8,0.375,0,100
158,sc_2018_insc_28,dismissed,5.0,0.20553976089275114,2,3,5,8,0.375,0,100
158,sc_2018_insc_575,dismissed,5.0,0.20308451519626008,2,3,5,8,0.375,0,100
158,sc_2019_insc_25,allowed,5.0,0.21980434060083326,2,5,3,8,0.625,1,100
159,in_abs_train_2505,allowed,4.0,0.19104135444228523,2,4,4,8,0.5,1,100
159,in_abs_train_5668,dismissed,5.0,0.1896933968840997,2,3,5,8,0.375,0,100
159,in_abs_train_6101,dismissed,4.0,0.15481897274160056,2,4,4,8,0.5,0,100
159,sc_1998_insc_405,dismissed,6.0,0.1886932711920598,2,2,6,8,0.25,0,100
159,sc_2000_insc_233,dismissed,3.0,0.1939275111814759,2,5,3,8,0.625,0,100
159,sc_2010_insc_87,allowed,7.0,0.1258573056438464,2,7,1,8,0.875,1,100
159,sc_2013_insc_312,dismissed,4.0,0.18156442862265568,2,4,4,8,0.5,0,100
159,sc_2014_insc_213,allowed,3.0,0.24327125603175714,2,3,5,8,0.375,1,100
159,sc_2018_insc_649,allowed,3.0,0.18964015285261845,2,3,5,8,0.375,1,100
159,sc_2021_insc_396,allowed,4.0,0.2101152213667539,2,4,4,8,0.5,1,100
159,sc_2023_insc_956,dismissed,5.0,0.18162333296722918,2,3,5,8,0.375,0,100
159,sc_2024_insc_129,allowed,4.0,0.21071880359025372,2,4,4,8,0.5,1,100
160,sc_1951_insc_57,dismissed,4.0,0.18669092749227023,2,4,4,8,0.5,0,100
160,sc_1966_insc_183,dismissed,3.0,0.2276620986092992,2,5,3,8,0.625,0,100
160,sc_1984_insc_89,dismissed,5.0,0.18956015337953055,2,3,5,8,0.375,0,100
160,sc_2006_insc_47,dismissed,4.0,0.262625946495805,2,4,4,8,0.5,0,100
160,sc_2008_insc_1103,allowed,3.0,0.2057344581591826,2,3,5,8,0.375,1,100
160,sc_2008_insc_1425,allowed,4.0,0.1716977824697154,2,4,4,8,0.5,1,100
160,sc_2011_insc_6,dismissed,4.0,0.21151931546880462,2,4,4,8,0.5,0,100
160,sc_2013_insc_668,allowed,4.0,0.18778295365185768,2,4,4,8,0.5,1,100
160,sc_2015_insc_626,allowed,4.0,0.2208701701987777,2,4,4,8,0.5,1,100
160,sc_2016_insc_848,allowed,5.0,0.2117514697605308,3,5,2,7,0.7142857142857143,1,100
160,sc_2018_insc_950,dismissed,3.0,0.2284013150450008,2,5,3,8,0.625,0,100
160,sc_2020_insc_482,allowed,6.0,0.1446338307009974,2,6,2,8,0.75,1,100
161,in_abs_train_178,dismissed,6.0,0.1775716876111488,2,2,6,8,0.25,0,100
161,in_abs_train_6264,allowed,3.0,0.18054874133140503,2,3,5,8,0.375,1,100
161,sc_1955_insc_66,dismissed,2.0,0.17717425197985956,3,5,2,7,0.7142857142857143,0,100
161,sc_1964_insc_239,dismissed,4.0,0.1522589701328711,2,4,4,8,0.5,0,100
161,sc_1966_insc_204,dismissed,6.0,0.16315373937690866,2,2,6,8,0.25,0,100
161,sc_1978_insc_151,allowed,4.0,0.1944242793519409,2,4,4,8,0.5,1,100
161,sc_1987_insc_223,allowed,3.0,0.17722650223062414,2,3,5,8,0.375,1,100
161,sc_2000_insc_60,allowed,3.0,0.18592731147889446,2,3,5,8,0.375,1,100
161,sc_2002_insc_138,dismissed,3.0,0.20451220001593337,2,5,3,8,0.625,0,100
161,sc_2003_insc_162,allowed,4.0,0.18275888015145422,2,4,4,8,0.5,1,100
161,sc_2015_insc_237,allowed,5.0,0.23415855349442855,3,5,2,7,0.7142857142857143,1,100
161,sc_2016_insc_325,dismissed,3.0,0.1650925470975079,2,5,3,8,0.625,0,100
162,sc_1974_insc_200,dismissed,3.0,0.18106830486527925,2,5,3,8,0.625,0,100
162,sc_1974_insc_259,dismissed,3.0,0.1947867556231524,2,5,3,8,0.625,0,100
162,sc_1980_insc_141,dismissed,5.0,0.2572390624759926,2,3,5,8,0.375,0,100
162,sc_1993_insc_44,dismissed,4.0,0.18431034593253476,3,3,4,7,0.42857142857142855,0,100
162,sc_1994_insc_484,allowed,5.0,0.1842404169828108,3,5,2,7,0.7142857142857143,1,100
162,sc_1996_insc_455,allowed,5.0,0.17548666511160796,2,5,3,8,0.625,1,100
162,sc_2001_insc_302,dismissed,3.0,0.18578836922963143,2,5,3,8,0.625,0,100
162,sc_2003_insc_348,allowed,4.0,0.18678365242306402,2,4,4,8,0.5,1,100
162,sc_2004_insc_533,allowed,2.0,0.14776554486753668,2,2,6,8,0.25,1,100
162,sc_2008_insc_732,dismissed,4.0,0.21663750836824391,2,4,4,8,0.5,0,100
162,sc_2014_1_773_782_en,allowed,4.0,0.18708673504172182,2,4,4,8,0.5,1,100
162,sc_2016_insc_937,allowed,2.0,0.20183211088625524,2,2,6,8,0.25,1,100
163,in_abs_train_5322,allowed,3.0,0.18703384949441282,2,3,5,8,0.375,1,100
163,in_abs_train_5344,dismissed,6.0,0.1726516414220099,2,2,6,8,0.25,0,100
163,in_abs_train_6091,allowed,4.0,0.18853888288503393,2,4,4,8,0.5,1,100
163,in_abs_train_6855,allowed,2.0,0.16584193810141637,2,2,6,8,0.25,1,100
163,in_abs_train_835,dismissed,6.0,0.17496867066502425,2,2,6,8,0.25,0,100
163,sc_1995_insc_189,allowed,3.0,0.1820603804864121,2,3,5,8,0.375,1,100
163,sc_2007_insc_1225,dismissed,5.0,0.1822799649305413,2,3,5,8,0.375,0,100
163,sc_2010_insc_393,dismissed,5.0,0.18083541254016433,2,3,5,8,0.375,0,100
163,sc_2011_insc_202,dismissed,6.0,0.14913598124485467,2,2,6,8,0.25,0,100
163,sc_2012_insc_209,allowed,1.0,0.13074355386512473,2,1,7,8,0.125,1,100
163,sc_2014_insc_738,allowed,6.0,0.22923340972017198,2,6,2,8,0.75,1,100
163,sc_2020_insc_617,dismissed,5.0,0.19668391236684452,2,3,5,8,0.375,0,100
164,in_abs_train_1372,allowed,2.0,0.1475096552730035,2,2,6,8,0.25,1,100
164,in_abs_train_1437,dismissed,2.0,0.1547778037277494,2,6,2,8,0.75,0,100
164,in_abs_train_2086,dismissed,6.0,0.1645557908949202,2,2,6,8,0.25,0,100
164,in_abs_train_3438,dismissed,4.0,0.1781934490927402,2,4,4,8,0.5,0,100
164,sc_1964_insc_241,allowed,6.0,0.23220337012419442,2,6,2,8,0.75,1,100
164,sc_1969_insc_229,dismissed,3.0,0.20717668481483945,2,5,3,8,0.625,0,100
164,sc_1978_insc_130,dismissed,3.0,0.1836354578557411,2,5,3,8,0.625,0,100
164,sc_1996_insc_796,allowed,4.0,0.24339488784395497,2,4,4,8,0.5,1,100
164,sc_1997_insc_499,allowed,4.0,0.19869242202819049,2,4,4,8,0.5,1,100
164,sc_2013_insc_814,allowed,2.0,0.1897877048098463,2,2,6,8,0.25,1,100
164,sc_2019_insc_170,dismissed,2.0,0.1612683305711686,2,6,2,8,0.75,0,100
164,sc_2019_insc_395,allowed,6.0,0.1616514106694667,2,6,2,8,0.75,1,100
165,in_abs_train_5090,allowed,2.0,0.20367418841986598,2,2,6,8,0.25,1,100
165,in_abs_train_627,dismissed,6.0,0.15863559338337418,2,2,6,8,0.25,0,100
165,sc_1962_insc_368,dismissed,4.0,0.17978985438859282,2,4,4,8,0.5,0,100
165,sc_1967_insc_183,allowed,4.0,0.21758299169305798,2,4,4,8,0.5,1,100
165,sc_1973_insc_222,dismissed,6.0,0.17334603283090813,2,2,6,8,0.25,0,100
165,sc_1981_insc_207,dismissed,4.0,0.18956931626622187,3,3,4,7,0.42857142857142855,0,100
165,sc_1988_insc_363,dismissed,6.0,0.15435306259205747,2,2,6,8,0.25,0,100
165,sc_2005_insc_228,allowed,6.0,0.16353138351049665,2,6,2,8,0.75,1,100
165,sc_2008_insc_852,allowed,5.0,0.189937232072516,2,5,3,8,0.625,1,100
165,sc_2010_insc_137,dismissed,6.0,0.1432446666526347,2,2,6,8,0.25,0,100
165,sc_2014_insc_611,allowed,5.0,0.20326271705075954,2,5,3,8,0.625,1,100
165,sc_2019_insc_1106,allowed,5.0,0.2193418589536076,2,5,3,8,0.625,1,100
166,in_abs_train_313,dismissed,4.0,0.1731673411421993,2,4,4,8,0.5,0,100
166,sc_1966_insc_127,dismissed,4.0,0.19119310784481663,2,4,4,8,0.5,0,100
166,sc_1972_insc_47,allowed,5.0,0.18458123271211727,2,5,3,8,0.625,1,100
166,sc_1986_insc_1,dismissed,6.0,0.18051891004800752,2,2,6,8,0.25,0,100
166,sc_1986_insc_78,dismissed,4.0,0.18109313232123456,2,4,4,8,0.5,0,100
166,sc_1996_insc_733,dismissed,5.0,0.1626833272199617,2,3,5,8,0.375,0,100
166,sc_1997_insc_344,dismissed,5.0,0.20653652176171788,2,3,5,8,0.375,0,100
166,sc_1998_insc_108,allowed,2.0,0.16825619203266878,2,2,6,8,0.25,1,100
166,sc_2009_insc_740,allowed,4.0,0.18278557576029145,2,4,4,8,0.5,1,100
166,sc_2018_insc_1117,allowed,3.0,0.187963864011702,3,3,4,7,0.42857142857142855,1,100
166,sc_2021_insc_327,allowed,4.0,0.18678558838086443,2,4,4,8,0.5,1,100
166,sc_2023_insc_651,allowed,6.0,0.16069652219008,2,6,2,8,0.75,1,100
167,sc_1963_insc_260,allowed,5.0,0.18108855265313456,2,5,3,8,0.625,1,100
167,sc_1974_insc_174,allowed,3.0,0.1791526489120463,2,3,5,8,0.375,1,100
167,sc_1974_insc_50,allowed,2.0,0.15791378625341387,2,2,6,8,0.25,1,100
167,sc_1978_insc_164,dismissed,4.0,0.20155764488739314,2,4,4,8,0.5,0,100
167,sc_2002_insc_459,allowed,4.0,0.20156751245264795,2,4,4,8,0.5,1,100
167,sc_2003_insc_583,dismissed,3.0,0.1813003993967707,2,5,3,8,0.625,0,100
167,sc_2007_insc_820,dismissed,6.0,0.19105713606424496,2,2,6,8,0.25,0,100
167,sc_2008_insc_1158,dismissed,3.0,0.20313660725974883,2,5,3,8,0.625,0,100
167,sc_2011_insc_268,allowed,3.0,0.1816666253472744,2,3,5,8,0.375,1,100
167,sc_2011_insc_415,allowed,3.0,0.24773769786237368,2,3,5,8,0.375,1,100
167,sc_2015_insc_324,dismissed,3.0,0.19549065012941574,2,5,3,8,0.625,0,100
167,sc_2021_insc_154,dismissed,3.0,0.20520685318912882,3,4,3,7,0.5714285714285714,0,100
168,in_abs_train_1226,dismissed,4.0,0.2013199734148398,2,4,4,8,0.5,0,100
168,sc_1950_insc_36,allowed,3.0,0.17689265822823225,2,3,5,8,0.375,1,100
168,sc_1959_insc_74,dismissed,5.0,0.19380651272564864,2,3,5,8,0.375,0,100
168,sc_1964_insc_67,dismissed,3.0,0.1733009742574214,2,5,3,8,0.625,0,100
168,sc_1971_insc_162,allowed,3.0,0.2087417428507075,2,3,5,8,0.375,1,100
168,sc_1997_insc_706,dismissed,7.0,0.15877326365895314,2,1,7,8,0.125,0,100
168,sc_2004_insc_549,dismissed,6.0,0.2036899285875899,2,2,6,8,0.25,0,100
168,sc_2015_insc_371,allowed,4.0,0.1839443122567887,2,4,4,8,0.5,1,100
168,sc_2017_insc_981,dismissed,6.0,0.17390291568096625,2,2,6,8,0.25,0,100
168,sc_2018_insc_593,allowed,6.0,0.15012666003631958,2,6,2,8,0.75,1,100
168,sc_2020_insc_317,allowed,5.0,0.18247948759479005,2,5,3,8,0.625,1,100
168,sc_2021_insc_473,allowed,5.0,0.17133735715061424,2,5,3,8,0.625,1,100
169,in_abs_train_1220,dismissed,5.0,0.18662022954655239,2,3,5,8,0.375,0,100
169,in_abs_train_2603,allowed,4.0,0.16828284213001973,2,4,4,8,0.5,1,100
169,in_abs_train_5870,dismissed,5.0,0.21202282529817548,2,3,5,8,0.375,0,100
169,sc_1996_insc_93,dismissed,5.0,0.1812235664222115,2,3,5,8,0.375,0,100
169,sc_2001_insc_603,allowed,3.0,0.17302358427187234,2,3,5,8,0.375,1,100
169,sc_2005_insc_10,allowed,4.0,0.2371225736941912,2,4,4,8,0.5,1,100
169,sc_2006_insc_64,dismissed,2.0,0.17365594961185815,2,6,2,8,0.75,0,100
169,sc_2007_insc_507,dismissed,3.0,0.1852990865487386,2,5,3,8,0.625,0,100
169,sc_2010_insc_52,dismissed,4.0,0.1986722623488418,2,4,4,8,0.5,0,100
169,sc_2016_insc_878,allowed,3.0,0.19922510319001321,2,3,5,8,0.375,1,100
169,sc_2019_insc_1099,allowed,3.0,0.17598655272796107,2,3,5,8,0.375,1,100
169,sc_2021_insc_261,allowed,4.0,0.19967382450790674,2,4,4,8,0.5,1,100
170,in_abs_train_1854,dismissed,4.0,0.19889753901641344,2,4,4,8,0.5,0,100
170,in_abs_train_2015,allowed,4.0,0.16548739604274382,2,4,4,8,0.5,1,100
170,in_abs_train_2414,dismissed,3.0,0.16966569019271815,2,5,3,8,0.625,0,100
170,in_abs_train_4425,dismissed,3.0,0.200321649835601,2,5,3,8,0.625,0,100
170,sc_1980_insc_102,dismissed,4.0,0.20236408183375498,2,4,4,8,0.5,0,100
170,sc_1992_insc_95,allowed,6.0,0.16934819569138776,2,6,2,8,0.75,1,100
170,sc_1994_insc_83,allowed,4.0,0.17687167462800335,2,4,4,8,0.5,1,100
170,sc_1996_insc_1385,allowed,3.0,0.16413876628698743,2,3,5,8,0.375,1,100
170,sc_1997_insc_410,allowed,2.0,0.16092094054890074,2,2,6,8,0.25,1,100
170,sc_1999_insc_304,dismissed,2.0,0.1431914299920838,2,6,2,8,0.75,0,100
170,sc_2008_insc_1365,dismissed,3.0,0.1727036293824928,2,5,3,8,0.625,0,100
170,sc_2023_insc_62,allowed,1.0,0.13354288285409124,2,1,7,8,0.125,1,100
171,in_abs_train_669,allowed,5.0,0.18864213894457685,2,5,3,8,0.625,1,100
171,sc_1953_insc_77,dismissed,4.0,0.17862238762963872,2,4,4,8,0.5,0,100
171,sc_1968_insc_45,allowed,5.0,0.20331677673837753,2,5,3,8,0.625,1,100
171,sc_1979_insc_231,allowed,4.0,0.22034951818669285,2,4,4,8,0.5,1,100
171,sc_1996_insc_87,allowed,4.0,0.17687167462800335,2,4,4,8,0.5,1,100
171,sc_2006_insc_242,dismissed,6.0,0.1657346166907893,2,2,6,8,0.25,0,100
171,sc_2006_insc_947,dismissed,2.0,0.17736970821664316,2,6,2,8,0.75,0,100
171,sc_2008_insc_368,allowed,3.0,0.1843456648229912,2,3,5,8,0.375,1,100
171,sc_2009_insc_356,dismissed,6.0,0.17449038258237573,2,2,6,8,0.25,0,100
171,sc_2011_insc_766,allowed,5.0,0.19241432669794223,2,5,3,8,0.625,1,100
171,sc_2012_insc_401,dismissed,6.0,0.1732050807568877,2,2,6,8,0.25,0,100
171,sc_2022_insc_981,dismissed,2.0,0.1511733187658146,2,6,2,8,0.75,0,100
172,in_abs_train_1077,allowed,5.0,0.18401826296906182,2,5,3,8,0.625,1,100
172,in_abs_train_1653,dismissed,5.0,0.21417598338674385,2,3,5,8,0.375,0,100
172,in_abs_train_4029,allowed,3.0,0.18158961887327063,2,3,5,8,0.375,1,100
172,sc_1990_insc_255,dismissed,6.0,0.14297814057167604,2,2,6,8,0.25,0,100
172,sc_1996_insc_1456,allowed,1.0,0.12476234103715524,2,1,7,8,0.125,1,100
172,sc_1998_insc_389,dismissed,5.0,0.21491208491164804,2,3,5,8,0.375,0,100
172,sc_1998_insc_6,dismissed,4.0,0.18283051694030886,2,4,4,8,0.5,0,100
172,sc_2008_insc_536,allowed,7.0,0.09716098872586745,2,7,1,8,0.875,1,100
172,sc_2014_insc_988,allowed,1.0,0.10602868343665087,3,1,5,6,0.16666666666666666,1,100
172,sc_2017_insc_316,dismissed,2.0,0.184288348281979,3,5,2,7,0.7142857142857143,0,100
172,sc_2019_insc_214,allowed,4.0,0.18738498555780822,2,4,4,8,0.5,1,100
172,sc_2021_insc_812,dismissed,2.0,0.16046672635245035,2,6,2,8,0.75,0,100
173,in_abs_train_1373,dismissed,3.0,0.19827654596246047,2,5,3,8,0.625,0,100
173,in_abs_train_6550,allowed,5.0,0.19121852857305133,2,5,3,8,0.625,1,100
173,sc_1962_insc_301,dismissed,3.0,0.20781799804757042,3,4,3,7,0.5714285714285714,0,100
173,sc_1971_insc_352,dismissed,3.0,0.20572172605592381,2,5,3,8,0.625,0,100
173,sc_1981_insc_165,dismissed,5.0,0.20927801860616826,2,3,5,8,0.375,0,100
173,sc_1989_insc_66,allowed,4.0,0.18732586325080347,2,4,4,8,0.5,1,100
173,sc_1995_insc_101,dismissed,4.0,0.21526231630560894,2,4,4,8,0.5,0,100
173,sc_2002_insc_523,allowed,1.0,0.142205526916852,2,1,7,8,0.125,1,100
173,sc_2003_insc_709,allowed,2.0,0.16150110224634914,2,2,6,8,0.25,1,100
173,sc_2009_insc_875,dismissed,3.0,0.20171948304354748,2,5,3,8,0.625,0,100
173,sc_2021_insc_419,allowed,3.0,0.2147610629519968,2,3,5,8,0.375,1,100
173,sc_2022_insc_13,allowed,4.0,0.1855309419474393,2,4,4,8,0.5,1,100
174,sc_1961_insc_143,allowed,3.0,0.17497452620718412,2,3,5,8,0.375,1,100
174,sc_1974_insc_244,dismissed,5.0,0.20236429524398722,2,3,5,8,0.375,0,100
174,sc_1978_insc_245,dismissed,4.0,0.19360304211076024,2,4,4,8,0.5,0,100
174,sc_1992_insc_137,dismissed,3.0,0.20386895659539156,2,5,3,8,0.625,0,100
174,sc_2003_insc_675,allowed,6.0,0.20024632152854716,2,6,2,8,0.75,1,100
174,sc_2006_insc_6,allowed,6.0,0.13337849134417898,2,6,2,8,0.75,1,100
174,sc_2008_insc_1013,dismissed,3.0,0.2410750054114424,2,5,3,8,0.625,0,100
174,sc_2008_insc_1220,dismissed,0.0,0.05641425382151649,1,8,0,8,1.0,0,100
174,sc_2011_insc_516,dismissed,5.0,0.1905993835247113,2,3,5,8,0.375,0,100
174,sc_2015_insc_492,allowed,5.0,0.21358591237318464,2,5,3,8,0.625,1,100
174,sc_2021_insc_269,allowed,2.0,0.16898478932879796,2,2,6,8,0.25,1,100
174,sc_2023_insc_487,allowed,4.0,0.18578579328652436,2,4,4,8,0.5,1,100
175,in_abs_train_3910,allowed,5.0,0.18329528723853789,2,5,3,8,0.625,1,100
175,in_abs_train_4774,dismissed,2.0,0.18274669409154543,2,6,2,8,0.75,0,100
175,sc_1974_insc_193,dismissed,3.0,0.19407916506257164,3,4,3,7,0.5714285714285714,0,100
175,sc_1981_insc_208,allowed,4.0,0.1660618276794667,2,4,4,8,0.5,1,100
175,sc_1993_insc_377,dismissed,7.0,0.12352058460608324,2,1,7,8,0.125,0,100
175,sc_1996_insc_1045,allowed,4.0,0.17572632104365132,2,4,4,8,0.5,1,100
175,sc_2001_insc_384,dismissed,6.0,0.23055404577577887,2,2,6,8,0.25,0,100
175,sc_2002_insc_116,allowed,5.0,0.252611656611138,2,5,3,8,0.625,1,100
175,sc_2005_insc_217,allowed,5.0,0.1868288464267305,2,5,3,8,0.625,1,100
175,sc_2013_insc_266,allowed,0.0,0.08058610634417254,1,0,8,8,0.0,1,100
175,sc_2020_insc_6,dismissed,7.0,0.15040388043114306,2,1,7,8,0.125,0,100
175,sc_2023_insc_512,dismissed,5.0,0.18993935406466722,2,3,5,8,0.375,0,100
176,in_abs_train_4078,dismissed,3.0,0.23995747778686397,2,5,3,8,0.625,0,100
176,in_abs_train_4812,allowed,5.0,0.18712461584792797,2,5,3,8,0.625,1,100
176,sc_1954_insc_42,allowed,2.0,0.17437494239630386,2,2,6,8,0.25,1,100
176,sc_1968_insc_60,allowed,2.0,0.13691274072930984,2,2,6,8,0.25,1,100
176,sc_1982_insc_47,dismissed,4.0,0.2088827141486143,2,4,4,8,0.5,0,100
176,sc_1992_insc_129,allowed,6.0,0.1741423082619089,2,6,2,8,0.75,1,100
176,sc_1996_insc_1505,allowed,5.0,0.2011066111925077,2,5,3,8,0.625,1,100
176,sc_2000_insc_339,dismissed,4.0,0.1851098871404059,2,4,4,8,0.5,0,100
176,sc_2006_insc_796,allowed,4.0,0.16973923800523885,2,4,4,8,0.5,1,100
176,sc_2013_insc_274,dismissed,4.0,0.17836813606775653,2,4,4,8,0.5,0,100
176,sc_2018_insc_1027,dismissed,3.0,0.19188727857409263,2,5,3,8,0.625,0,100
176,sc_2020_insc_397,dismissed,4.0,0.19415616126035543,2,4,4,8,0.5,0,100
177,in_abs_train_2573,dismissed,3.0,0.14379166709787364,3,4,3,7,0.5714285714285714,0,100
177,in_abs_train_4250,dismissed,2.0,0.14418426411380458,2,6,2,8,0.75,0,100
177,in_abs_train_546,dismissed,6.0,0.12313832021998361,2,2,6,8,0.25,0,100
177,in_abs_train_6891,allowed,6.0,0.208080879806456,2,6,2,8,0.75,1,100
177,sc_1975_insc_27,allowed,6.0,0.18286415479022355,2,6,2,8,0.75,1,100
177,sc_1992_insc_57,allowed,3.0,0.18932159362450576,3,3,4,7,0.42857142857142855,1,100
177,sc_1996_insc_457,dismissed,3.0,0.19479712278940886,2,5,3,8,0.625,0,100
177,sc_1999_insc_532,allowed,5.0,0.21598183408279928,2,5,3,8,0.625,1,100
177,sc_2004_insc_144,allowed,5.0,0.1810909770371945,2,5,3,8,0.625,1,100
177,sc_2011_insc_830,dismissed,2.0,0.16020198983758574,2,6,2,8,0.75,0,100
177,sc_2019_insc_317,allowed,6.0,0.16920578328832112,2,6,2,8,0.75,1,100
177,sc_2023_insc_510,dismissed,4.0,0.22723487719560345,2,4,4,8,0.5,0,100
178,in_abs_train_2559,allowed,6.0,0.17034218407032614,2,6,2,8,0.75,1,100
178,in_abs_train_5441,allowed,3.0,0.22251285604690527,2,3,5,8,0.375,1,100
178,sc_1989_insc_254,allowed,2.0,0.16862706227739813,2,2,6,8,0.25,1,100
178,sc_1995_insc_402,dismissed,4.0,0.20538873927771945,2,4,4,8,0.5,0,100
178,sc_1997_insc_316,allowed,3.0,0.18191985823825987,2,3,5,8,0.375,1,100
178,sc_2001_insc_468,dismissed,6.0,0.16528227230853595,2,2,6,8,0.25,0,100
178,sc_2005_insc_393,dismissed,2.0,0.15782367324293073,2,6,2,8,0.75,0,100
178,sc_2006_insc_835,allowed,5.0,0.2004768585715171,2,5,3,8,0.625,1,100
178,sc_2007_insc_49,dismissed,4.0,0.19519065485076745,2,4,4,8,0.5,0,100
178,sc_2007_insc_851,dismissed,1.0,0.13189168734433923,2,7,1,8,0.875,0,100
178,sc_2008_insc_1361,allowed,6.0,0.16184902232261308,2,6,2,8,0.75,1,100
178,sc_2013_insc_126,dismissed,5.0,0.1845416757863676,2,3,5,8,0.375,0,100
179,in_abs_train_1528,dismissed,4.0,0.21356534951365264,2,4,4,8,0.5,0,100
179,in_abs_train_177,dismissed,5.0,0.19299918689639564,2,3,5,8,0.375,0,100
179,in_abs_train_3766,dismissed,5.0,0.20387529771534668,2,3,5,8,0.375,0,100
179,in_abs_train_4795,allowed,1.0,0.1382415493643392,2,1,7,8,0.125,1,100
179,sc_1961_insc_44,dismissed,4.0,0.18245595114203006,2,4,4,8,0.5,0,100
179,sc_1966_insc_95,dismissed,5.0,0.21548949417132676,2,3,5,8,0.375,0,100
179,sc_1969_insc_79,allowed,5.0,0.19393591719382627,2,5,3,8,0.625,1,100
179,sc_1986_insc_194,allowed,5.0,0.1709233702192394,2,5,3,8,0.625,1,100
179,sc_1988_insc_312,allowed,3.0,0.18787383862866971,2,3,5,8,0.375,1,100
179,sc_2007_insc_1182,allowed,4.0,0.14352252652628744,3,4,3,7,0.5714285714285714,1,100
179,sc_2014_insc_544,dismissed,4.0,0.23691676754261687,2,4,4,8,0.5,0,100
179,sc_2023_insc_612,allowed,6.0,0.13726725566997638,2,6,2,8,0.75,1,100
180,in_abs_train_2345,dismissed,5.0,0.19666531713902313,2,3,5,8,0.375,0,100
180,in_abs_train_4840,dismissed,4.0,0.21661360464477103,2,4,4,8,0.5,0,100
180,in_abs_train_5370,allowed,2.0,0.14116736969219348,3,2,5,7,0.2857142857142857,1,100
180,in_abs_train_6449,allowed,1.0,0.13682382469477958,2,1,7,8,0.125,1,100
180,sc_1986_insc_167,allowed,3.0,0.18123724129201038,2,3,5,8,0.375,1,100
180,sc_1987_insc_316,dismissed,5.0,0.17412711624103883,2,3,5,8,0.375,0,100
180,sc_1991_insc_140,allowed,4.0,0.19296469894154789,2,4,4,8,0.5,1,100
180,sc_1996_insc_920,allowed,2.0,0.17703615197790207,2,2,6,8,0.25,1,100
180,sc_2013_insc_809,dismissed,4.0,0.2249092994114879,2,4,4,8,0.5,0,100
180,sc_2014_insc_97,dismissed,5.0,0.1916696480072656,2,3,5,8,0.375,0,100
180,sc_2015_insc_227,dismissed,4.0,0.17402588259365329,2,4,4,8,0.5,0,100
180,sc_2019_insc_1128,allowed,6.0,0.17017308183805666,2,6,2,8,0.75,1,100
181,in_abs_train_2000,allowed,6.0,0.17436595314188882,2,6,2,8,0.75,1,100
181,in_abs_train_4240,dismissed,4.0,0.201782690798676,2,4,4,8,0.5,0,100
181,in_abs_train_5827,allowed,3.0,0.2535919299573315,2,3,5,8,0.375,1,100
181,sc_1961_insc_110,allowed,5.0,0.1516946280860757,2,5,3,8,0.625,1,100
181,sc_1963_insc_3,dismissed,4.0,0.23653834863925152,2,4,4,8,0.5,0,100
181,sc_1968_insc_122,allowed,3.0,0.1926605932327739,2,3,5,8,0.375,1,100
181,sc_1984_insc_31,allowed,2.0,0.17190199331876801,2,2,6,8,0.25,1,100
181,sc_1999_insc_19,dismissed,3.0,0.1759415897722067,2,5,3,8,0.625,0,100
181,sc_2008_insc_1059,dismissed,2.0,0.1653251820392965,2,6,2,8,0.75,0,100
181,sc_2008_insc_127,dismissed,4.0,0.18570306354769753,2,4,4,8,0.5,0,100
181,sc_2009_insc_420,allowed,6.0,0.1573679009518777,2,6,2,8,0.75,1,100
181,sc_2013_insc_753,dismissed,5.0,0.18214622939805417,2,3,5,8,0.375,0,100
182,in_abs_train_5320,allowed,5.0,0.2023505069886691,2,5,3,8,0.625,1,100
182,sc_1959_insc_157,dismissed,4.0,0.21929113524042174,2,4,4,8,0.5,0,100
182,sc_1971_insc_343,allowed,2.0,0.15892848851860988,2,2,6,8,0.25,1,100
182,sc_1973_insc_256,dismissed,6.0,0.1977410742630937,2,2,6,8,0.25,0,100
182,sc_1981_insc_71,dismissed,3.0,0.15874747031741585,2,5,3,8,0.625,0,100
182,sc_1995_insc_472,allowed,3.0,0.2073423017340447,2,3,5,8,0.375,1,100
182,sc_2009_insc_897,dismissed,7.0,0.1295913065989835,2,1,7,8,0.125,0,100
182,sc_2014_insc_247,dismissed,2.0,0.15733688483347674,2,6,2,8,0.75,0,100
182,sc_2018_insc_759,allowed,2.0,0.17319836182268827,2,2,6,8,0.25,1,100
182,sc_2019_insc_1202,allowed,4.0,0.188143373338404,2,4,4,8,0.5,1,100
182,sc_2020_insc_639,allowed,4.0,0.19606489222776655,2,4,4,8,0.5,1,100
182,sc_2022_insc_648,dismissed,7.0,0.1237436867076458,2,1,7,8,0.125,0,100
183,in_abs_train_1510,allowed,3.0,0.18455206223120052,3,3,4,7,0.42857142857142855,1,100
183,in_abs_train_2650,dismissed,3.0,0.19312063892989337,2,5,3,8,0.625,0,100
183,in_abs_train_4477,allowed,3.0,0.1996584319711204,2,3,5,8,0.375,1,100
183,sc_1975_insc_22,dismissed,4.0,0.19722932495454068,2,4,4,8,0.5,0,100
183,sc_1977_insc_46,dismissed,3.0,0.20890426992842046,3,4,3,7,0.5714285714285714,0,100
183,sc_1988_insc_310,allowed,4.0,0.19646249869340748,2,4,4,8,0.5,1,100
183,sc_1996_insc_725,dismissed,4.0,0.19286053951706378,2,4,4,8,0.5,0,100
183,sc_1997_insc_248,allowed,3.0,0.18221570015761146,2,3,5,8,0.375,1,100
183,sc_2007_insc_1190,dismissed,4.0,0.17839254656415118,2,4,4,8,0.5,0,100
183,sc_2008_insc_1375,dismissed,3.0,0.25353256870243934,2,5,3,8,0.625,0,100
183,sc_2014_insc_855,allowed,3.0,0.187820488004599,2,3,5,8,0.375,1,100
183,sc_2018_insc_874,allowed,6.0,0.12961202469351776,2,6,2,8,0.75,1,100
184,in_abs_train_3787,dismissed,2.0,0.1679125233484725,2,6,2,8,0.75,0,100
184,sc_1960_insc_47,allowed,6.0,0.18731811695138645,2,6,2,8,0.75,1,100
184,sc_1965_insc_23,allowed,4.0,0.2351095524765409,2,4,4,8,0.5,1,100
184,sc_1979_insc_84,dismissed,4.0,0.19151467446572934,2,4,4,8,0.5,0,100
184,sc_1995_insc_717,allowed,3.0,0.1619335837272964,2,3,5,8,0.375,1,100
184,sc_1998_insc_208,dismissed,3.0,0.21570271903611885,2,5,3,8,0.625,0,100
184,sc_2008_insc_1283,dismissed,3.0,0.19286333695410182,2,5,3,8,0.625,0,100
184,sc_2008_insc_775,dismissed,5.0,0.20464692754927238,2,3,5,8,0.375,0,100
184,sc_2009_insc_1145,allowed,3.0,0.18158704390764974,2,3,5,8,0.375,1,100
184,sc_2010_insc_696,dismissed,4.0,0.1990928506241318,2,4,4,8,0.5,0,100
184,sc_2016_insc_384,allowed,2.0,0.17023564980136693,2,2,6,8,0.25,1,100
184,sc_2022_insc_490,allowed,5.0,0.2063218307268213,2,5,3,8,0.625,1,100
185,in_abs_train_234,dismissed,5.0,0.1556248124771782,2,3,5,8,0.375,0,100
185,in_abs_train_4278,dismissed,4.0,0.14804150667435365,2,4,4,8,0.5,0,100
185,in_abs_train_6866,allowed,5.0,0.19242854657174513,2,5,3,8,0.625,1,100
185,sc_1959_insc_105,dismissed,6.0,0.15121297879268544,2,2,6,8,0.25,0,100
185,sc_1966_insc_177,dismissed,3.0,0.21032181240155767,3,4,3,7,0.5714285714285714,0,100
185,sc_1976_insc_253,allowed,2.0,0.18929012124249905,3,2,5,7,0.2857142857142857,1,100
185,sc_1996_insc_1490,allowed,3.0,0.22015822232463372,2,3,5,8,0.375,1,100
185,sc_2007_insc_193,allowed,6.0,0.16199521619131382,2,6,2,8,0.75,1,100
185,sc_2009_insc_799,dismissed,4.0,0.20710767905757693,2,4,4,8,0.5,0,100
185,sc_2010_insc_8,allowed,4.0,0.20520338826529044,2,4,4,8,0.5,1,100
185,sc_2013_insc_178,allowed,5.0,0.16170416308182348,2,5,3,8,0.625,1,100
185,sc_2021_insc_35,dismissed,3.0,0.18114220932736796,2,5,3,8,0.625,0,100
186,in_abs_train_342,dismissed,7.0,0.14518043117395998,2,1,7,8,0.125,0,100
186,in_abs_train_3801,dismissed,6.0,0.16606897009604163,2,2,6,8,0.25,0,100
186,in_abs_train_5331,dismissed,4.0,0.22206365127463998,2,4,4,8,0.5,0,100
186,in_abs_train_5674,allowed,6.0,0.18007564272080231,2,6,2,8,0.75,1,100
186,in_abs_train_6495,allowed,5.0,0.18075538114396483,2,5,3,8,0.625,1,100
186,sc_1962_insc_224,dismissed,3.0,0.181293694370793,2,5,3,8,0.625,0,100
186,sc_1989_insc_374,dismissed,4.0,0.20012677508266696,2,4,4,8,0.5,0,100
186,sc_2000_insc_174,allowed,6.0,0.15734388407207847,2,6,2,8,0.75,1,100
186,sc_2009_insc_259,dismissed,5.0,0.16806423326368214,2,3,5,8,0.375,0,100
186,sc_2011_insc_763,allowed,3.0,0.18153169919465853,2,3,5,8,0.375,1,100
186,sc_2014_insc_151,allowed,5.0,0.19614436175397662,3,5,2,7,0.7142857142857143,1,100
186,sc_2024_insc_374,allowed,4.0,0.18617730861398102,2,4,4,8,0.5,1,100
187,in_abs_train_1795,allowed,3.0,0.18089837304230047,2,3,5,8,0.375,1,100
187,in_abs_train_3195,dismissed,5.0,0.2158863585346524,2,3,5,8,0.375,0,100
187,sc_1961_insc_341,dismissed,3.0,0.18588589171679387,3,4,3,7,0.5714285714285714,0,100
187,sc_1970_insc_244,dismissed,2.0,0.1565155774710209,2,6,2,8,0.75,0,100
187,sc_1974_insc_170,allowed,3.0,0.1872660095241597,2,3,5,8,0.375,1,100
187,sc_1975_insc_322,dismissed,5.0,0.17637018445385177,2,3,5,8,0.375,0,100
187,sc_1981_insc_58,allowed,4.0,0.21735605321560125,2,4,4,8,0.5,1,100
187,sc_1988_insc_281,allowed,3.0,0.20818082792654677,3,3,4,7,0.42857142857142855,1,100
187,sc_1990_insc_194,dismissed,2.0,0.16477593857473327,2,6,2,8,0.75,0,100
187,sc_1996_insc_482,allowed,2.0,0.22146712138257044,2,2,6,8,0.25,1,100
187,sc_2002_insc_188,dismissed,3.0,0.18090718863327945,2,5,3,8,0.625,0,100
187,sc_2003_insc_62,allowed,5.0,0.2361779368551238,2,5,3,8,0.625,1,100
188,in_abs_train_1157,dismissed,2.0,0.19782170511330147,2,6,2,8,0.75,0,100
188,sc_1974_insc_168,dismissed,4.0,0.21524521782156464,2,4,4,8,0.5,0,100
188,sc_1975_insc_30,dismissed,4.0,0.18527943824962131,2,4,4,8,0.5,0,100
188,sc_1992_insc_38,dismissed,5.0,0.18075538114396483,2,3,5,8,0.375,0,100
188,sc_1995_insc_873,allowed,4.0,0.1826728933134214,2,4,4,8,0.5,1,100
188,sc_1996_insc_173,allowed,3.0,0.18139090625972534,2,3,5,8,0.375,1,100
188,sc_1996_insc_201,dismissed,5.0,0.22747070483058346,2,3,5,8,0.375,0,100
188,sc_1997_insc_321,allowed,4.0,0.19053546492151305,2,4,4,8,0.5,1,100
188,sc_1998_insc_134,dismissed,5.0,0.18259243758765858,2,3,5,8,0.375,0,100
188,sc_2000_insc_571,allowed,2.0,0.15850408101674235,3,2,5,7,0.2857142857142857,1,100
188,sc_2009_insc_750,allowed,6.0,0.17025953758175677,2,6,2,8,0.75,1,100
188,sc_2024_insc_225,allowed,3.0,0.1806788167479203,2,3,5,8,0.375,1,100
189,in_abs_train_3406,dismissed,5.0,0.17495128447194405,2,3,5,8,0.375,0,100
189,sc_1961_insc_136,allowed,2.0,0.174602072567108,2,2,6,8,0.25,1,100
189,sc_1980_insc_50,dismissed,6.0,0.17109733810653763,2,2,6,8,0.25,0,100
189,sc_1989_insc_102,dismissed,2.0,0.2151884555894336,2,6,2,8,0.75,0,100
189,sc_1989_insc_115,dismissed,2.0,0.17510372324077905,2,6,2,8,0.75,0,100
189,sc_1989_insc_148,allowed,6.0,0.23452526512523733,2,6,2,8,0.75,1,100
189,sc_1997_insc_360,allowed,4.0,0.18672616206149123,2,4,4,8,0.5,1,100
189,sc_2006_insc_372,allowed,7.0,0.1642602872403604,2,7,1,8,0.875,1,100
189,sc_2008_insc_487,allowed,4.0,0.1417074096699151,2,4,4,8,0.5,1,100
189,sc_2011_insc_370,allowed,3.0,0.20458001615727942,2,3,5,8,0.375,1,100
189,sc_2018_insc_205,dismissed,2.0,0.14381001620286912,2,6,2,8,0.75,0,100
189,sc_2018_insc_464,dismissed,5.0,0.20801634354008475,2,3,5,8,0.375,0,100
190,in_abs_train_6258,dismissed,4.0,0.1873849855578082,2,4,4,8,0.5,0,100
190,sc_1988_insc_49,dismissed,5.0,0.16655708748911632,2,3,5,8,0.375,0,100
190,sc_1994_insc_612,dismissed,5.0,0.1708872274060843,2,3,5,8,0.375,0,100
190,sc_2006_insc_745,allowed,1.0,0.1271125155323824,2,1,7,8,0.125,1,100
190,sc_2007_insc_488,dismissed,1.0,0.16838078656935382,3,6,1,7,0.8571428571428571,0,100
190,sc_2011_insc_690,allowed,3.0,0.18130039939677067,2,3,5,8,0.375,1,100
190,sc_2012_insc_26,dismissed,5.0,0.18691479499367777,3,1,5,6,0.16666666666666666,0,100
190,sc_2014_insc_445,allowed,3.0,0.16961979618624845,2,3,5,8,0.375,1,100
190,sc_2014_insc_902,allowed,4.0,0.2038053995169954,3,4,3,7,0.5714285714285714,1,100
190,sc_2017_insc_1126,allowed,3.0,0.21321260505738662,2,3,5,8,0.375,1,100
190,sc_2019_insc_104,dismissed,5.0,0.20478434937332626,2,3,5,8,0.375,0,100
190,sc_2022_insc_229,allowed,4.0,0.20260894060356763,2,4,4,8,0.5,1,100
191,in_abs_train_5440,dismissed,3.0,0.1645367438867598,2,5,3,8,0.625,0,100
191,sc_1962_insc_267,dismissed,5.0,0.15805768195073164,2,3,5,8,0.375,0,100
191,sc_1968_insc_22,allowed,4.0,0.1873869153030321,2,4,4,8,0.5,1,100
191,sc_1974_insc_142,dismissed,5.0,0.14963855635235665,2,3,5,8,0.375,0,100
191,sc_1988_insc_297,allowed,6.0,0.12507147510095404,2,6,2,8,0.75,1,100
191,sc_1996_insc_1390,allowed,5.0,0.2099027025673695,2,5,3,8,0.625,1,100
191,sc_1996_insc_805,dismissed,4.0,0.17718623640804887,2,4,4,8,0.5,0,100
191,sc_1997_insc_22,dismissed,2.0,0.16185203144792235,2,6,2,8,0.75,0,100
191,sc_2000_insc_201,allowed,1.0,0.15511038142787834,2,1,7,8,0.125,1,100
191,sc_2002_insc_187,allowed,5.0,0.17713023066505618,2,5,3,8,0.625,1,100
191,sc_2006_insc_697,allowed,3.0,0.212997266586844,2,3,5,8,0.375,1,100
191,sc_2009_insc_328,dismissed,2.0,0.1718672527859364,2,6,2,8,0.75,0,100
192,in_abs_train_463,allowed,5.0,0.19596202173710506,2,5,3,8,0.625,1,100
192,sc_1971_insc_1,dismissed,5.0,0.2049126139605164,2,3,5,8,0.375,0,100
192,sc_1971_insc_244,allowed,7.0,0.14457578030223459,2,7,1,8,0.875,1,100
192,sc_1997_insc_602,dismissed,3.0,0.22074388996155053,2,5,3,8,0.625,0,100
192,sc_1997_insc_823,dismissed,3.0,0.19857759116113455,2,5,3,8,0.625,0,100
192,sc_1999_insc_146,allowed,6.0,0.1608087668896264,2,6,2,8,0.75,1,100
192,sc_2006_insc_471,dismissed,7.0,0.19278176545447193,2,1,7,8,0.125,0,100
192,sc_2008_insc_245,dismissed,4.0,0.1879936956557693,2,4,4,8,0.5,0,100
192,sc_2009_insc_3,allowed,5.0,0.21990972306584025,2,5,3,8,0.625,1,100
192,sc_2009_insc_375,dismissed,1.0,0.1225950706954279,2,7,1,8,0.875,0,100
192,sc_2013_insc_538,allowed,3.0,0.18576116632580406,2,3,5,8,0.375,1,100
192,sc_2024_insc_21,allowed,4.0,0.1581116665750597,2,4,4,8,0.5,1,100
193,in_abs_train_2215,dismissed,3.0,0.17414335932849773,2,5,3,8,0.625,0,100
193,in_abs_train_3902,dismissed,3.0,0.1701012270836314,2,5,3,8,0.625,0,100
193,in_abs_train_5000,dismissed,4.0,0.19023800198581137,2,4,4,8,0.5,0,100
193,sc_1958_insc_29,allowed,5.0,0.20388605835953674,2,5,3,8,0.625,1,100
193,sc_1995_insc_322,dismissed,3.0,0.175089865629021,2,5,3,8,0.625,0,100
193,sc_2003_insc_236,dismissed,4.0,0.2532035649867943,2,4,4,8,0.5,0,100
193,sc_2008_insc_1149,allowed,5.0,0.20824843508244112,2,5,3,8,0.625,1,100
193,sc_2009_insc_774,allowed,3.0,0.19274230708066015,2,3,5,8,0.375,1,100
193,sc_2011_insc_311,allowed,3.0,0.18569500089972057,2,3,5,8,0.375,1,100
193,sc_2016_insc_941,allowed,4.0,0.23924111397993217,2,4,4,8,0.5,1,100
193,sc_2020_insc_57,dismissed,3.0,0.19537396350353176,2,5,3,8,0.625,0,100
193,sc_2021_insc_900,allowed,5.0,0.22128446978246263,2,5,3,8,0.625,1,100
194,in_abs_train_4721,allowed,5.0,0.18122356642221152,2,5,3,8,0.625,1,100
194,in_abs_train_6657,allowed,7.0,0.14540197176399342,2,7,1,8,0.875,1,100
194,sc_1963_insc_197,dismissed,4.0,0.19313232766356547,2,4,4,8,0.5,0,100
194,sc_1968_insc_9,allowed,5.0,0.17152272275558006,2,5,3,8,0.625,1,100
194,sc_1983_insc_63,allowed,6.0,0.1796600064115382,2,6,2,8,0.75,1,100
194,sc_1987_insc_372,dismissed,3.0,0.18748237328319148,3,4,3,7,0.5714285714285714,0,100
194,sc_1993_insc_342,dismissed,3.0,0.18118702626414748,2,5,3,8,0.625,0,100
194,sc_1996_insc_1205,dismissed,4.0,0.19419964664998277,2,4,4,8,0.5,0,100
194,sc_1996_insc_288,allowed,3.0,0.17150127077597332,2,3,5,8,0.375,1,100
194,sc_2004_insc_498,dismissed,4.0,0.19933826009947045,2,4,4,8,0.5,0,100
194,sc_2014_insc_770,allowed,3.0,0.20055104611598085,2,3,5,8,0.375,1,100
194,sc_2018_insc_1053,dismissed,6.0,0.18342436926720346,2,2,6,8,0.25,0,100
195,in_abs_train_5116,dismissed,4.0,0.17678656563872658,2,4,4,8,0.5,0,100
195,in_abs_train_5884,dismissed,5.0,0.21862231378478886,2,3,5,8,0.375,0,100
195,sc_1968_insc_344,dismissed,4.0,0.2035436790601598,2,4,4,8,0.5,0,100
195,sc_1971_insc_288,dismissed,3.0,0.18083541254016433,2,5,3,8,0.625,0,100
195,sc_1979_insc_207,dismissed,5.0,0.21635787977990803,2,3,5,8,0.375,0,100
195,sc_1996_insc_747,allowed,5.0,0.22106722144920002,2,5,3,8,0.625,1,100
195,sc_2003_insc_264,allowed,3.0,0.1863086317109328,2,3,5,8,0.375,1,100
195,sc_2003_insc_623,allowed,3.0,0.1872318081950821,3,3,4,7,0.42857142857142855,1,100
195,sc_2006_insc_1013,allowed,6.0,0.13675190975422818,2,6,2,8,0.75,1,100
195,sc_2007_insc_1038,allowed,1.0,0.13655792476713324,2,1,7,8,0.125,1,100
195,sc_2008_insc_1225,allowed,1.0,0.12197439268944878,2,1,7,8,0.125,1,100
195,sc_2017_insc_838,dismissed,5.0,0.21379698326134747,2,3,5,8,0.375,0,100
196,sc_1967_insc_29,dismissed,4.0,0.2082047155492949,2,4,4,8,0.5,0,100
196,sc_1975_insc_28,allowed,8.0,0.0010415476122441086,1,8,0,8,1.0,1,100
196,sc_1975_insc_50,allowed,2.0,0.1445053587300409,2,2,6,8,0.25,1,100
196,sc_1990_insc_342,dismissed,5.0,0.18122356642221152,2,3,5,8,0.375,0,100
196,sc_1996_insc_1148,dismissed,4.0,0.17115217593918342,2,4,4,8,0.5,0,100
196,sc_2001_insc_533,dismissed,3.0,0.166034745498632,2,5,3,8,0.625,0,100
196,sc_2005_insc_443,allowed,4.0,0.190256921830885,2,4,4,8,0.5,1,100
196,sc_2005_insc_52,allowed,5.0,0.24861325782519292,2,5,3,8,0.625,1,100
196,sc_2008_insc_768,dismissed,5.0,0.2035024131131057,2,3,5,8,0.375,0,100
196,sc_2009_insc_974,dismissed,5.0,0.18336078779549947,2,3,5,8,0.375,0,100
196,sc_2010_insc_58,allowed,4.0,0.19303258830765033,2,4,4,8,0.5,1,100
196,sc_2023_insc_366,allowed,4.0,0.19459314515517073,2,4,4,8,0.5,1,100
197,sc_1966_insc_263,dismissed,4.0,0.17777730969702585,2,4,4,8,0.5,0,100
197,sc_1969_insc_177,dismissed,6.0,0.19117851397672597,2,2,6,8,0.25,0,100
197,sc_1969_insc_197,dismissed,3.0,0.18682140110764817,2,5,3,8,0.625,0,100
197,sc_1981_insc_16,allowed,3.0,0.19701585805516963,2,3,5,8,0.375,1,100
197,sc_1988_insc_156,allowed,5.0,0.20623441138780935,2,5,3,8,0.625,1,100
197,sc_1991_insc_24,dismissed,4.0,0.20948813939933794,2,4,4,8,0.5,0,100
197,sc_1994_insc_449,allowed,4.0,0.1734032962911139,2,4,4,8,0.5,1,100
197,sc_1997_insc_557,dismissed,3.0,0.19122547570184772,2,5,3,8,0.625,0,100
197,sc_2008_insc_609,dismissed,5.0,0.19385001738733848,2,3,5,8,0.375,0,100
197,sc_2010_insc_263,allowed,2.0,0.16254040363091263,2,2,6,8,0.25,1,100
197,sc_2015_insc_962,allowed,4.0,0.16269505029978965,2,4,4,8,0.5,1,100
197,sc_2023_insc_599,allowed,4.0,0.1867855883808644,2,4,4,8,0.5,1,100
198,in_abs_train_5459,dismissed,5.0,0.18245076390632076,3,2,5,7,0.2857142857142857,0,100
198,in_abs_train_5603,allowed,4.0,0.18887285204886228,2,4,4,8,0.5,1,100
198,sc_1960_insc_71,dismissed,3.0,0.17420394195556294,2,5,3,8,0.625,0,100
198,sc_1965_insc_40,dismissed,4.0,0.19539456418817208,2,4,4,8,0.5,0,100
198,sc_1966_insc_251,dismissed,3.0,0.19547654676321863,2,5,3,8,0.625,0,100
198,sc_1974_insc_264,dismissed,3.0,0.185982896194869,2,5,3,8,0.625,0,100
198,sc_1984_insc_119,allowed,6.0,0.20995657354038108,2,6,2,8,0.75,1,100
198,sc_1991_insc_259,allowed,5.0,0.18059735917037997,2,5,3,8,0.625,1,100
198,sc_1993_insc_63,allowed,4.0,0.21137083956978667,2,4,4,8,0.5,1,100
198,sc_2013_insc_675,allowed,5.0,0.19892134548622734,2,5,3,8,0.625,1,100
198,sc_2021_insc_430,allowed,3.0,0.1927896948261345,2,3,5,8,0.375,1,100
198,sc_2023_insc_519,dismissed,5.0,0.20703061325410516,2,3,5,8,0.375,0,100
199,sc_1954_insc_14,allowed,8.0,0.03194497032212803,1,8,0,8,1.0,1,100
199,sc_1986_insc_53,dismissed,4.0,0.17763103815010967,2,4,4,8,0.5,0,100
199,sc_1994_insc_524,dismissed,3.0,0.21246877682560505,2,5,3,8,0.625,0,100
199,sc_1998_insc_458,dismissed,3.0,0.1910506694944327,3,4,3,7,0.5714285714285714,0,100
199,sc_2005_insc_349,dismissed,2.0,0.15866521568901878,2,6,2,8,0.75,0,100
199,sc_2009_insc_225,allowed,4.0,0.1495486017511173,2,4,4,8,0.5,1,100
199,sc_2010_insc_312,dismissed,5.0,0.18827557452916113,2,3,5,8,0.375,0,100
199,sc_2018_insc_352,allowed,4.0,0.18623963587565895,2,4,4,8,0.5,1,100
199,sc_2018_insc_795,dismissed,4.0,0.15654529519497862,2,4,4,8,0.5,0,100
199,sc_2019_insc_314,allowed,3.0,0.20487136989614968,2,3,5,8,0.375,1,100
199,sc_2021_insc_363,allowed,5.0,0.17154293246464986,2,5,3,8,0.625,1,100
199,sc_2023_insc_306,allowed,5.0,0.23663606441987445,2,5,3,8,0.625,1,100
200,in_abs_train_1593,dismissed,4.0,0.18678365242306402,2,4,4,8,0.5,0,200
200,in_abs_train_1984,dismissed,5.0,0.16327511028176445,2,3,5,8,0.375,0,200
200,in_abs_train_5864,allowed,2.0,0.16897783372625036,2,2,6,8,0.25,1,200
200,sc_1962_insc_254,allowed,5.0,0.20490916209085447,2,5,3,8,0.625,1,200
200,sc_1963_insc_233,dismissed,4.0,0.21118276404444847,3,3,4,7,0.42857142857142855,0,200
200,sc_1974_insc_125,allowed,5.0,0.22608267794767692,2,5,3,8,0.625,1,200
200,sc_2004_insc_280,dismissed,5.0,0.15619322936924518,2,3,5,8,0.375,0,200
200,sc_2005_insc_57,dismissed,5.0,0.2193895553889605,2,3,5,8,0.375,0,200
200,sc_2011_insc_467,allowed,4.0,0.19278672821678003,2,4,4,8,0.5,1,200
200,sc_2013_insc_383,dismissed,6.0,0.18679869354284112,2,2,6,8,0.25,0,200
200,sc_2018_insc_458,allowed,4.0,0.17885075554197838,2,4,4,8,0.5,1,200
200,sc_2022_insc_135,allowed,3.0,0.1806788167479203,2,3,5,8,0.375,1,200
201,in_abs_train_3441,allowed,6.0,0.18872327914724701,3,6,1,7,0.8571428571428571,1,200
201,in_abs_train_3887,dismissed,1.0,0.11045581455753647,3,6,1,7,0.8571428571428571,0,200
201,in_abs_train_5001,allowed,6.0,0.1587657766794271,2,6,2,8,0.75,1,200
201,in_abs_train_6803,allowed,4.0,0.16641406196692995,2,4,4,8,0.5,1,200
201,sc_1962_insc_122,allowed,4.0,0.17581331087652882,2,4,4,8,0.5,1,200
201,sc_1994_insc_318,dismissed,6.0,0.19115513865987688,2,2,6,8,0.25,0,200
201,sc_1995_insc_573,dismissed,3.0,0.1806017193350764,2,5,3,8,0.625,0,200
201,sc_2002_insc_518,dismissed,6.0,0.17290454633368418,2,2,6,8,0.25,0,200
201,sc_2006_insc_319,allowed,5.0,0.16803765334415244,2,5,3,8,0.625,1,200
201,sc_2009_insc_174,dismissed,4.0,0.20278341614161322,2,4,4,8,0.5,0,200
201,sc_2017_insc_375,dismissed,3.0,0.19714653893107023,2,5,3,8,0.625,0,200
201,sc_2023_insc_901,allowed,4.0,0.19553757993010012,2,4,4,8,0.5,1,200
202,in_abs_train_1769,dismissed,4.0,0.20596945861427762,2,4,4,8,0.5,0,200
202,in_abs_train_5615,allowed,3.0,0.210998174198543,2,3,5,8,0.375,1,200
202,sc_1961_insc_214,dismissed,6.0,0.19098732317640169,2,2,6,8,0.25,0,200
202,sc_1964_insc_45,allowed,1.0,0.1294855673663731,2,1,7,8,0.125,1,200
202,sc_1975_insc_287,dismissed,4.0,0.19810127449200607,2,4,4,8,0.5,0,200
202,sc_1996_insc_1515,allowed,2.0,0.17153044365011302,2,2,6,8,0.25,1,200
202,sc_2006_insc_863,allowed,3.0,0.16279152078984774,2,3,5,8,0.375,1,200
202,sc_2008_insc_1294,dismissed,4.0,0.20491689607880215,2,4,4,8,0.5,0,200
202,sc_2008_insc_201,allowed,3.0,0.18510645800093198,3,3,4,7,0.42857142857142855,1,200
202,sc_2009_insc_848,dismissed,6.0,0.1769998377585616,2,2,6,8,0.25,0,200
202,sc_2015_insc_982,allowed,3.0,0.18727763782174048,2,3,5,8,0.375,1,200
202,sc_2024_insc_333,dismissed,3.0,0.18083541254016433,2,5,3,8,0.625,0,200
203,in_abs_train_5551,dismissed,2.0,0.16322501075344492,2,6,2,8,0.75,0,200
203,sc_1956_insc_28,dismissed,7.0,0.1149773054636595,2,1,7,8,0.125,0,200
203,sc_1987_insc_272,allowed,3.0,0.14447883612491555,2,3,5,8,0.375,1,200
203,sc_1996_insc_1142,dismissed,4.0,0.178959718521165,2,4,4,8,0.5,0,200
203,sc_1996_insc_878,allowed,4.0,0.17698496392450158,2,4,4,8,0.5,1,200
203,sc_1998_insc_326,dismissed,4.0,0.20005894579371306,2,4,4,8,0.5,0,200
203,sc_2000_insc_260,allowed,5.0,0.18817933365510395,2,5,3,8,0.625,1,200
203,sc_2000_insc_362,dismissed,3.0,0.18245982399197816,2,5,3,8,0.625,0,200
203,sc_2002_insc_206,allowed,4.0,0.19422954968809455,2,4,4,8,0.5,1,200
203,sc_2009_insc_651,allowed,5.0,0.18137670140483864,2,5,3,8,0.625,1,200
203,sc_2017_insc_854,allowed,2.0,0.182774151956766,3,2,5,7,0.2857142857142857,1,200
203,sc_2023_insc_997,dismissed,7.0,0.15605894033070594,2,1,7,8,0.125,0,200
204,sc_1966_insc_157,dismissed,4.0,0.1767343016871856,2,4,4,8,0.5,0,200
204,sc_1994_insc_176,allowed,3.0,0.1748474207293727,2,3,5,8,0.375,1,200
204,sc_1994_insc_225,dismissed,4.0,0.1950153234666508,2,4,4,8,0.5,0,200
204,sc_1995_insc_19,allowed,5.0,0.17478613207084168,2,5,3,8,0.625,1,200
204,sc_1996_insc_1299,dismissed,6.0,0.18283105675048755,2,2,6,8,0.25,0,200
204,sc_2003_insc_514,dismissed,4.0,0.18677629914642316,2,4,4,8,0.5,0,200
204,sc_2008_insc_225,allowed,6.0,0.16177763873456444,2,6,2,8,0.75,1,200
204,sc_2009_insc_1048,allowed,3.0,0.16209897976567106,2,3,5,8,0.375,1,200
204,sc_2010_insc_368,dismissed,3.0,0.14935918931720019,2,5,3,8,0.625,0,200
204,sc_2011_insc_408,dismissed,3.0,0.1995148787991635,2,5,3,8,0.625,0,200
204,sc_2011_insc_460,allowed,3.0,0.16540971226197043,3,3,4,7,0.42857142857142855,1,200
204,sc_2014_insc_217,allowed,5.0,0.1877197737879048,2,5,3,8,0.625,1,200
205,in_abs_train_1591,dismissed,5.0,0.18649577923483662,2,3,5,8,0.375,0,200
205,in_abs_train_1630,dismissed,3.0,0.20053717465242382,2,5,3,8,0.625,0,200
205,in_abs_train_4365,allowed,4.0,0.18237092576849914,2,4,4,8,0.5,1,200
205,sc_1990_insc_177,allowed,3.0,0.181918076851279,2,3,5,8,0.375,1,200
205,sc_1997_insc_429,allowed,4.0,0.21051498999336068,3,4,3,7,0.5714285714285714,1,200
205,sc_2000_insc_533,dismissed,2.0,0.18024838045047736,2,6,2,8,0.75,0,200
205,sc_2000_insc_8,dismissed,6.0,0.20791018455397955,2,2,6,8,0.25,0,200
205,sc_2010_insc_211,dismissed,4.0,0.20288657710564012,2,4,4,8,0.5,0,200
205,sc_2018_insc_1124,allowed,4.0,0.21864723861818408,2,4,4,8,0.5,1,200
205,sc_2020_insc_92,dismissed,5.0,0.19915835911491023,2,3,5,8,0.375,0,200
205,sc_2023_insc_166,allowed,0.0,0.055133221379811234,2,0,6,6,0.0,1,200
205,sc_2024_insc_127,allowed,2.0,0.18281336843505572,2,2,6,8,0.25,1,200
206,in_abs_train_5306,dismissed,6.0,0.14197274541708096,2,2,6,8,0.25,0,200
206,sc_1955_insc_31,dismissed,6.0,0.15768293458381769,2,2,6,8,0.25,0,200
206,sc_1961_insc_161,allowed,5.0,0.16593497440863778,2,5,3,8,0.625,1,200
206,sc_1962_insc_340,allowed,4.0,0.14661940145809,2,4,4,8,0.5,1,200
206,sc_1987_insc_86,dismissed,4.0,0.17917803713326502,2,4,4,8,0.5,0,200
206,sc_1988_insc_139,dismissed,0.0,0.03480197487725578,1,8,0,8,1.0,0,200
206,sc_1996_insc_299,dismissed,3.0,0.15749526976734543,2,5,3,8,0.625,0,200
206,sc_1999_insc_516,allowed,5.0,0.1850491783558296,2,5,3,8,0.625,1,200
206,sc_2004_insc_320,allowed,2.0,0.15726357588914167,2,2,6,8,0.25,1,200
206,sc_2004_insc_324,allowed,4.0,0.18085494498432558,2,4,4,8,0.5,1,200
206,sc_2009_insc_1224,dismissed,7.0,0.10686086440037428,2,1,7,8,0.125,0,200
206,sc_2011_insc_581,allowed,5.0,0.20332178654519187,2,5,3,8,0.625,1,200
207,in_abs_train_3762,allowed,3.0,0.20762609109618504,2,3,5,8,0.375,1,200
207,in_abs_train_401,dismissed,2.0,0.14507043669679973,2,6,2,8,0.75,0,200
207,sc_1959_1_1440_1504_en,dismissed,4.0,0.19481984985798173,2,4,4,8,0.5,0,200
207,sc_1964_insc_256,allowed,3.0,0.18884192631329846,2,3,5,8,0.375,1,200
207,sc_1996_insc_1189,allowed,3.0,0.17675780127762394,2,3,5,8,0.375,1,200
207,sc_1996_insc_1484,allowed,5.0,0.18184328699950877,2,5,3,8,0.625,1,200
207,sc_1997_insc_74,dismissed,5.0,0.17958835618873353,2,3,5,8,0.375,0,200
207,sc_2008_insc_1407,allowed,6.0,0.19188132334266517,2,6,2,8,0.75,1,200
207,sc_2008_insc_996,dismissed,3.0,0.21074818631654763,3,3,3,6,0.5,0,200
207,sc_2010_insc_887,dismissed,6.0,0.14196544279005419,2,2,6,8,0.25,0,200
207,sc_2011_insc_778,dismissed,5.0,0.18345552205215454,3,2,5,7,0.2857142857142857,0,200
207,sc_2022_insc_974,allowed,5.0,0.19054952252817187,2,5,3,8,0.625,1,200
208,in_abs_train_1028,dismissed,4.0,0.227481120171589,2,4,4,8,0.5,0,200
208,in_abs_train_4357,allowed,6.0,0.17564575106112149,2,6,2,8,0.75,1,200
208,in_abs_train_6204,allowed,5.0,0.20908439611431276,3,5,2,7,0.7142857142857143,1,200
208,sc_1960_insc_204,dismissed,4.0,0.15940461110746737,2,4,4,8,0.5,0,200
208,sc_1964_insc_86,dismissed,2.0,0.21333015074304193,3,5,2,7,0.7142857142857143,0,200
208,sc_1974_insc_201,allowed,3.0,0.17882424978248296,2,3,5,8,0.375,1,200
208,sc_1996_insc_90,allowed,6.0,0.17327067909287236,2,6,2,8,0.75,1,200
208,sc_1997_insc_380,dismissed,4.0,0.187085768623454,2,4,4,8,0.5,0,200
208,sc_2003_insc_375,allowed,2.0,0.16283950454687407,3,2,5,7,0.2857142857142857,1,200
208,sc_2008_insc_1433,allowed,2.0,0.15151402627954538,2,2,6,8,0.25,1,200
208,sc_2009_insc_138,dismissed,4.0,0.20083117575970316,2,4,4,8,0.5,0,200
208,sc_2009_insc_494,dismissed,4.0,0.23086156324500745,2,4,4,8,0.5,0,200
209,in_abs_train_1692,dismissed,5.0,0.1859143805564286,2,3,5,8,0.375,0,200
209,in_abs_train_297,dismissed,3.0,0.17429011556042553,2,5,3,8,0.625,0,200
209,sc_1950_insc_3,allowed,2.0,0.18334311723828772,2,2,6,8,0.25,1,200
209,sc_1983_insc_114,dismissed,7.0,0.13726824090634798,2,1,7,8,0.125,0,200
209,sc_1984_insc_177,allowed,5.0,0.16133584178429178,2,5,3,8,0.625,1,200
209,sc_1993_insc_92,allowed,6.0,0.1721118996870132,2,6,2,8,0.75,1,200
209,sc_1994_insc_618,dismissed,4.0,0.25670939626143574,2,4,4,8,0.5,0,200
209,sc_1996_insc_433,allowed,4.0,0.16399973698597978,2,4,4,8,0.5,1,200
209,sc_2008_insc_1046,allowed,4.0,0.21281324601295715,2,4,4,8,0.5,1,200
209,sc_2017_insc_1006,dismissed,1.0,0.13493641342031107,3,6,1,7,0.8571428571428571,0,200
209,sc_2018_insc_1029,allowed,3.0,0.18363547754046883,2,3,5,8,0.375,1,200
209,sc_2020_insc_199,dismissed,4.0,0.1800756509897023,2,4,4,8,0.5,0,200
210,in_abs_train_3424,dismissed,4.0,0.18923310631806928,3,3,4,7,0.42857142857142855,0,200
210,sc_1962_insc_106,dismissed,6.0,0.16462091114008778,2,2,6,8,0.25,0,200
210,sc_1966_insc_43,dismissed,3.0,0.2094144554861155,2,5,3,8,0.625,0,200
210,sc_1970_insc_211,dismissed,4.0,0.18744348482204087,2,4,4,8,0.5,0,200
210,sc_1990_insc_184,allowed,6.0,0.1391723197525322,2,6,2,8,0.75,1,200
210,sc_1990_insc_226,allowed,3.0,0.2132576848188536,2,3,5,8,0.375,1,200
210,sc_1998_insc_180,allowed,5.0,0.22244000774062833,2,5,3,8,0.625,1,200
210,sc_2009_insc_111,allowed,6.0,0.1620185174601965,2,6,2,8,0.75,1,200
210,sc_2011_insc_692,allowed,5.0,0.21473597384292445,2,5,3,8,0.625,1,200
210,sc_2012_insc_102,dismissed,4.0,0.1808245375850776,2,4,4,8,0.5,0,200
210,sc_2016_insc_976,dismissed,3.0,0.18235075844959586,2,5,3,8,0.625,0,200
210,sc_2022_insc_514,allowed,4.0,0.1988975390164134,2,4,4,8,0.5,1,200
211,in_abs_train_852,allowed,3.0,0.21789620880708319,2,3,5,8,0.375,1,200
211,sc_1969_insc_57,dismissed,5.0,0.19636346431950372,2,3,5,8,0.375,0,200
211,sc_1976_insc_317,dismissed,5.0,0.16224495049018678,2,3,5,8,0.375,0,200
211,sc_1981_insc_142,allowed,4.0,0.21483233010774658,2,4,4,8,0.5,1,200
211,sc_2004_insc_27,dismissed,2.0,0.15539944011193596,2,6,2,8,0.75,0,200
211,sc_2008_insc_244,dismissed,2.0,0.18276282139409142,2,6,2,8,0.75,0,200
211,sc_2008_insc_987,dismissed,1.0,0.11034691642400213,2,7,1,8,0.875,0,200
211,sc_2015_insc_39,allowed,3.0,0.1892011135906144,2,3,5,8,0.375,1,200
211,sc_2017_insc_475,allowed,3.0,0.19817644377868385,2,3,5,8,0.375,1,200
211,sc_2019_insc_1391,allowed,6.0,0.21380735446057172,2,6,2,8,0.75,1,200
211,sc_2019_insc_81,dismissed,3.0,0.1752993576597426,2,5,3,8,0.625,0,200
211,sc_2024_insc_2,allowed,3.0,0.1816885550242109,2,3,5,8,0.375,1,200
212,in_abs_train_6160,dismissed,3.0,0.22968249748491143,2,5,3,8,0.625,0,200
212,in_abs_train_6448,allowed,5.0,0.19749082653368905,2,5,3,8,0.625,1,200
212,sc_1959_insc_32,dismissed,3.0,0.18929347206447444,2,5,3,8,0.625,0,200
212,sc_1960_insc_21,allowed,7.0,0.14246636290202588,2,7,1,8,0.875,1,200
212,sc_1962_insc_69,dismissed,3.0,0.258766235052242,2,5,3,8,0.625,0,200
212,sc_1987_insc_286,dismissed,4.0,0.22611824587337112,2,4,4,8,0.5,0,200
212,sc_1996_insc_162,dismissed,3.0,0.19852373046092614,2,5,3,8,0.625,0,200
212,sc_2002_insc_308,dismissed,6.0,0.14634626882498758,2,2,6,8,0.25,0,200
212,sc_2007_insc_805,allowed,5.0,0.19348980202956392,2,5,3,8,0.625,1,200
212,sc_2007_insc_914,allowed,3.0,0.2114522885014489,2,3,5,8,0.375,1,200
212,sc_2022_insc_50,allowed,6.0,0.16115243102971083,2,6,2,8,0.75,1,200
212,sc_2022_insc_887,allowed,5.0,0.18075538114396483,2,5,3,8,0.625,1,200
213,in_abs_train_1572,dismissed,2.0,0.1613271410165426,2,6,2,8,0.75,0,200
213,in_abs_train_4237,allowed,3.0,0.18130039939677067,2,3,5,8,0.375,1,200
213,in_abs_train_4276,allowed,4.0,0.1833876405278723,3,4,3,7,0.5714285714285714,1,200
213,in_abs_train_4770,dismissed,5.0,0.18225140167553833,2,3,5,8,0.375,0,200
213,in_abs_train_6597,dismissed,2.0,0.173094070021033,2,6,2,8,0.75,0,200
213,sc_1965_insc_226,dismissed,3.0,0.22911525760154713,2,5,3,8,0.625,0,200
213,sc_1977_insc_81,dismissed,4.0,0.15627443307028402,2,4,4,8,0.5,0,200
213,sc_1986_insc_17,allowed,4.0,0.13919789667765864,2,4,4,8,0.5,1,200
213,sc_2010_insc_154,dismissed,4.0,0.19706374739082347,2,4,4,8,0.5,0,200
213,sc_2013_insc_340,allowed,3.0,0.17928086915629154,2,3,5,8,0.375,1,200
213,sc_2016_insc_398,allowed,4.0,0.21381759582811297,2,4,4,8,0.5,1,200
213,sc_2024_insc_429,allowed,6.0,0.14476110071188794,2,6,2,8,0.75,1,200
214,in_abs_train_3940,allowed,3.0,0.16710611147704893,2,3,5,8,0.375,1,200
214,in_abs_train_5619,dismissed,7.0,0.15199744109100746,2,1,7,8,0.125,0,200
214,sc_1953_insc_61,dismissed,5.0,0.17052736736778668,2,3,5,8,0.375,0,200
214,sc_1963_insc_192,dismissed,4.0,0.24872057568267683,2,4,4,8,0.5,0,200
214,sc_1996_insc_1413,dismissed,3.0,0.21290847295761356,2,5,3,8,0.625,0,200
214,sc_1996_insc_901,dismissed,0.0,0.07074615082916424,1,8,0,8,1.0,0,200
214,sc_2006_insc_679,allowed,2.0,0.19213090775376487,2,2,6,8,0.25,1,200
214,sc_2007_insc_789,allowed,2.0,0.18921807488843784,2,2,6,8,0.25,1,200
214,sc_2010_insc_535,dismissed,6.0,0.20690616576494986,2,2,6,8,0.25,0,200
214,sc_2011_insc_238,allowed,5.0,0.18122356642221152,2,5,3,8,0.625,1,200
214,sc_2018_insc_617,allowed,4.0,0.19314298633303476,2,4,4,8,0.5,1,200
214,sc_2020_insc_536,allowed,5.0,0.1598778448047785,2,5,3,8,0.625,1,200
215,in_abs_train_3543,dismissed,4.0,0.20218892385516832,2,4,4,8,0.5,0,200
215,in_abs_train_930,allowed,6.0,0.1945513150677898,2,6,2,8,0.75,1,200
215,sc_1969_insc_146,dismissed,5.0,0.23844605449388953,2,3,5,8,0.375,0,200
215,sc_1978_insc_182,allowed,4.0,0.17882602029826164,3,4,3,7,0.5714285714285714,1,200
215,sc_1983_insc_53,allowed,4.0,0.1982721541170476,2,4,4,8,0.5,1,200
215,sc_1984_insc_236,allowed,7.0,0.1309219279909444,2,7,1,8,0.875,1,200
215,sc_1985_insc_160,dismissed,5.0,0.1718986412312292,3,2,5,7,0.2857142857142857,0,200
215,sc_1989_insc_28,allowed,8.0,0.026414598743606046,1,8,0,8,1.0,1,200
215,sc_2002_insc_492,dismissed,4.0,0.21398779416573097,2,4,4,8,0.5,0,200
215,sc_2003_insc_658,allowed,5.0,0.18829986350400363,2,5,3,8,0.625,1,200
215,sc_2010_insc_893,dismissed,5.0,0.18882919571340084,2,3,5,8,0.375,0,200
215,sc_2013_insc_518,dismissed,2.0,0.14796339807836692,2,6,2,8,0.75,0,200
216,in_abs_train_1487,dismissed,5.0,0.21089840584983735,2,3,5,8,0.375,0,200
216,in_abs_train_4865,dismissed,4.0,0.21525510049895755,2,4,4,8,0.5,0,200
216,sc_1979_insc_201,dismissed,3.0,0.17875019396692543,2,5,3,8,0.625,0,200
216,sc_1980_insc_215,allowed,5.0,0.19950507439755724,2,5,3,8,0.625,1,200
216,sc_1994_insc_156,dismissed,2.0,0.17945135242165747,2,6,2,8,0.75,0,200
216,sc_1995_insc_686,allowed,2.0,0.12282324335052733,2,2,6,8,0.25,1,200
216,sc_2001_insc_43,allowed,4.0,0.1824293676038208,2,4,4,8,0.5,1,200
216,sc_2003_insc_136,dismissed,4.0,0.18640968387980567,2,4,4,8,0.5,0,200
216,sc_2005_insc_71,allowed,6.0,0.15374263919662254,2,6,2,8,0.75,1,200
216,sc_2007_insc_39,allowed,3.0,0.24832657564111585,2,3,5,8,0.375,1,200
216,sc_2007_insc_424,dismissed,2.0,0.14849471749004736,2,6,2,8,0.75,0,200
216,sc_2011_insc_149,allowed,3.0,0.1708406734776169,2,3,5,8,0.375,1,200
217,in_abs_train_1955,dismissed,2.0,0.17520211508452602,2,6,2,8,0.75,0,200
217,in_abs_train_6713,allowed,3.0,0.18083541254016433,2,3,5,8,0.375,1,200
217,sc_1964_insc_255,dismissed,5.0,0.22087427230888088,2,3,5,8,0.375,0,200
217,sc_1968_insc_116,dismissed,3.0,0.18603064117104962,2,5,3,8,0.625,0,200
217,sc_1979_insc_145,dismissed,3.0,0.11562105205615207,2,5,3,8,0.625,0,200
217,sc_1990_insc_230,dismissed,3.0,0.18108849639550745,2,5,3,8,0.625,0,200
217,sc_1994_insc_296,dismissed,3.0,0.17661048494598824,2,5,3,8,0.625,0,200
217,sc_1997_insc_334,allowed,5.0,0.1717484014273703,2,5,3,8,0.625,1,200
217,sc_1999_insc_247,allowed,4.0,0.19631700078318232,2,4,4,8,0.5,1,200
217,sc_2006_insc_612,allowed,4.0,0.22540285116320063,2,4,4,8,0.5,1,200
217,sc_2008_insc_176,allowed,4.0,0.2345507351370196,2,4,4,8,0.5,1,200
217,sc_2022_insc_674,allowed,4.0,0.22633700970960474,2,4,4,8,0.5,1,200
218,in_abs_train_1229,dismissed,3.0,0.1862856269856281,2,5,3,8,0.625,0,200
218,in_abs_train_1347,dismissed,3.0,0.172928321107537,2,5,3,8,0.625,0,200
218,in_abs_train_4066,allowed,1.0,0.09877053711957379,2,1,7,8,0.125,1,200
218,in_abs_train_4165,dismissed,5.0,0.1879784728366522,2,3,5,8,0.375,0,200
218,in_abs_train_792,dismissed,3.0,0.20582516722956448,2,5,3,8,0.625,0,200
218,sc_1973_insc_131,allowed,1.0,0.19193080022930575,2,1,7,8,0.125,1,200
218,sc_1973_insc_97,allowed,6.0,0.15164012136388647,2,6,2,8,0.75,1,200
218,sc_1979_insc_237,allowed,3.0,0.20086052526565804,3,3,4,7,0.42857142857142855,1,200
218,sc_1995_insc_98,allowed,2.0,0.15944674395680455,2,2,6,8,0.25,1,200
218,sc_1999_insc_308,dismissed,6.0,0.14698223804710103,2,2,6,8,0.25,0,200
218,sc_2004_insc_545,dismissed,5.0,0.17880010536510157,2,3,5,8,0.375,0,200
218,sc_2019_insc_895,allowed,0.0,0.03212632654330326,1,0,8,8,0.0,1,200
219,in_abs_train_4482,dismissed,3.0,0.19629685542521302,2,5,3,8,0.625,0,200
219,in_abs_train_6267,allowed,3.0,0.17756177843658982,2,3,5,8,0.375,1,200
219,sc_1972_insc_309,allowed,3.0,0.18044592272142287,2,3,5,8,0.375,1,200
219,sc_1978_insc_108,dismissed,3.0,0.16561523086321966,2,5,3,8,0.625,0,200
219,sc_1981_insc_45,allowed,5.0,0.19309023249099502,2,5,3,8,0.625,1,200
219,sc_1990_insc_317,allowed,5.0,0.16655708748911632,2,5,3,8,0.625,1,200
219,sc_1995_insc_271,allowed,2.0,0.17256077053301447,2,2,6,8,0.25,1,200
219,sc_1997_insc_204,dismissed,1.0,0.16621169163767407,2,7,1,8,0.875,0,200
219,sc_1999_insc_95,dismissed,6.0,0.1251577627534261,2,2,6,8,0.25,0,200
219,sc_2003_insc_490,allowed,6.0,0.17098440645648216,2,6,2,8,0.75,1,200
219,sc_2008_insc_158,dismissed,1.0,0.11764342985145383,2,7,1,8,0.875,0,200
219,sc_2013_insc_594,dismissed,2.0,0.17347670626256134,2,6,2,8,0.75,0,200
220,sc_1953_insc_45,allowed,2.0,0.1664125901512014,2,2,6,8,0.25,1,200
220,sc_1966_insc_176,allowed,4.0,0.19682612516421671,2,4,4,8,0.5,1,200
220,sc_1972_insc_267,dismissed,6.0,0.17065347154959482,2,2,6,8,0.25,0,200
220,sc_1988_insc_71,dismissed,5.0,0.20037729014970257,2,3,5,8,0.375,0,200
220,sc_1996_insc_1029,allowed,3.0,0.16558933915283142,2,3,5,8,0.375,1,200
220,sc_1996_insc_254,allowed,4.0,0.17096105301009126,2,4,4,8,0.5,1,200
220,sc_1996_insc_812,allowed,5.0,0.15104944173350313,2,5,3,8,0.625,1,200
220,sc_2003_insc_11,dismissed,6.0,0.15177057226757054,2,2,6,8,0.25,0,200
220,sc_2006_insc_275,allowed,5.0,0.17904028373410313,2,5,3,8,0.625,1,200
220,sc_2017_insc_1038,dismissed,3.0,0.19663804064816123,2,5,3,8,0.625,0,200
220,sc_2017_insc_704,dismissed,5.0,0.18006998198672208,2,3,5,8,0.375,0,200
220,sc_2020_insc_675,dismissed,4.0,0.20609423772009872,2,4,4,8,0.5,0,200
221,in_abs_train_1060,dismissed,5.0,0.16978847134007657,2,3,5,8,0.375,0,200
221,in_abs_train_3855,dismissed,5.0,0.20035644260540195,2,3,5,8,0.375,0,200
221,in_abs_train_6533,allowed,3.0,0.22160958391050373,2,3,5,8,0.375,1,200
221,sc_1969_insc_170,dismissed,4.0,0.1909168119032281,2,4,4,8,0.5,0,200
221,sc_1970_insc_8,allowed,4.0,0.19449245067111356,2,4,4,8,0.5,1,200
221,sc_1979_insc_245,dismissed,4.0,0.20208458470962237,2,4,4,8,0.5,0,200
221,sc_1987_insc_342,dismissed,5.0,0.18137528174454717,2,3,5,8,0.375,0,200
221,sc_1989_insc_372,allowed,3.0,0.20089383433593458,2,3,5,8,0.375,1,200
221,sc_2006_insc_924,allowed,5.0,0.1756418802575814,2,5,3,8,0.625,1,200
221,sc_2012_insc_277,dismissed,3.0,0.2071979813137228,2,5,3,8,0.625,0,200
221,sc_2020_insc_181,allowed,5.0,0.21442201171321673,2,5,3,8,0.625,1,200
221,sc_2021_insc_790,allowed,4.0,0.16248149472327258,2,4,4,8,0.5,1,200
222,in_abs_train_1031,dismissed,4.0,0.17439199212741124,2,4,4,8,0.5,0,200
222,in_abs_train_1381,dismissed,6.0,0.1493163438331996,2,2,6,8,0.25,0,200
222,sc_1968_insc_16,dismissed,5.0,0.20477251616902511,2,3,5,8,0.375,0,200
222,sc_1986_insc_225,allowed,6.0,0.16132714101654264,2,6,2,8,0.75,1,200
222,sc_1986_insc_250,dismissed,3.0,0.20522016941633162,2,5,3,8,0.625,0,200
222,sc_1994_insc_264,allowed,2.0,0.15821978031816555,2,2,6,8,0.25,1,200
222,sc_1995_insc_600,allowed,6.0,0.23994347362600688,2,6,2,8,0.75,1,200
222,sc_1996_insc_1362,allowed,6.0,0.16602361062726675,2,6,2,8,0.75,1,200
222,sc_2006_insc_416,dismissed,5.0,0.1698715073448943,2,3,5,8,0.375,0,200
222,sc_2006_insc_613,dismissed,5.0,0.18486908402849733,2,3,5,8,0.375,0,200
222,sc_2017_insc_270,allowed,6.0,0.2051480301775142,2,6,2,8,0.75,1,200
222,sc_2023_insc_211,allowed,2.0,0.14330354544153875,2,2,6,8,0.25,1,200
223,in_abs_train_281,allowed,6.0,0.15206323578883693,2,6,2,8,0.75,1,200
223,in_abs_train_6274,dismissed,3.0,0.18676330430572938,2,5,3,8,0.625,0,200
223,in_abs_train_6648,allowed,4.0,0.18791862493700373,2,4,4,8,0.5,1,200
223,sc_1952_insc_38,dismissed,6.0,0.16384774890558787,2,2,6,8,0.25,0,200
223,sc_1958_insc_105,dismissed,5.0,0.21145943504800982,2,3,5,8,0.375,0,200
223,sc_1980_insc_39,dismissed,4.0,0.1818261720245201,2,4,4,8,0.5,0,200
223,sc_1997_insc_189,dismissed,3.0,0.16365309291739208,2,5,3,8,0.625,0,200
223,sc_2008_insc_314,allowed,3.0,0.17293851805420826,2,3,5,8,0.375,1,200
223,sc_2010_insc_417,dismissed,2.0,0.16254040363091263,2,6,2,8,0.75,0,200
223,sc_2012_insc_500,allowed,6.0,0.16512123122458783,2,6,2,8,0.75,1,200
223,sc_2016_insc_327,allowed,5.0,0.15601739099554862,2,5,3,8,0.625,1,200
223,sc_2022_insc_214,allowed,5.0,0.20491670935471162,2,5,3,8,0.625,1,200
224,in_abs_train_1713,dismissed,3.0,0.14323932904629905,2,5,3,8,0.625,0,200
224,in_abs_train_2042,dismissed,5.0,0.19638892371147748,2,3,5,8,0.375,0,200
224,in_abs_train_4089,dismissed,3.0,0.181142209327368,2,5,3,8,0.625,0,200
224,in_abs_train_85,dismissed,4.0,0.18710793514581694,2,4,4,8,0.5,0,200
224,in_abs_train_95,allowed,4.0,0.15792857686899187,2,4,4,8,0.5,1,200
224,sc_1983_insc_131,dismissed,2.0,0.1622636743082074,3,5,2,7,0.7142857142857143,0,200
224,sc_1985_insc_98,allowed,5.0,0.1806680834678017,2,5,3,8,0.625,1,200
224,sc_1997_insc_647,dismissed,5.0,0.222274709426665,2,3,5,8,0.375,0,200
224,sc_2011_insc_722,allowed,2.0,0.1613079036994727,3,2,5,7,0.2857142857142857,1,200
224,sc_2013_insc_512,allowed,7.0,0.12324851038653568,2,7,1,8,0.875,1,200
224,sc_2017_insc_395,allowed,3.0,0.1890438714094173,2,3,5,8,0.375,1,200
224,sc_2024_insc_224,allowed,5.0,0.18137670140483864,2,5,3,8,0.625,1,200
225,in_abs_train_3400,dismissed,3.0,0.1856480174521898,2,5,3,8,0.625,0,200
225,in_abs_train_4559,dismissed,4.0,0.21199783192646343,2,4,4,8,0.5,0,200
225,sc_1964_insc_215,dismissed,6.0,0.19359693431012398,2,2,6,8,0.25,0,200
225,sc_1975_insc_291,dismissed,6.0,0.1426300614452743,2,2,6,8,0.25,0,200
225,sc_1992_insc_276,dismissed,5.0,0.18338385532226423,3,2,5,7,0.2857142857142857,0,200
225,sc_1996_insc_490,allowed,5.0,0.2287868816790254,2,5,3,8,0.625,1,200
225,sc_1996_insc_769,allowed,4.0,0.17840276484117668,2,4,4,8,0.5,1,200
225,sc_2002_insc_21,dismissed,7.0,0.12329414596229389,2,1,7,8,0.125,0,200
225,sc_2003_insc_491,allowed,1.0,0.11461330088100281,2,1,7,8,0.125,1,200
225,sc_2010_insc_709,allowed,4.0,0.1697044667260874,2,4,4,8,0.5,1,200
225,sc_2017_insc_1279,allowed,4.0,0.20980796651342862,2,4,4,8,0.5,1,200
225,sc_2022_insc_394,allowed,4.0,0.18926886717480146,2,4,4,8,0.5,1,200
226,in_abs_train_3965,allowed,3.0,0.17632341675633154,2,3,5,8,0.375,1,200
226,sc_1962_insc_327,dismissed,4.0,0.23836273786146345,2,4,4,8,0.5,0,200
226,sc_1964_insc_266,allowed,5.0,0.18103001569361707,2,5,3,8,0.625,1,200
226,sc_1980_insc_171,dismissed,5.0,0.18400035045687813,2,3,5,8,0.375,0,200
226,sc_1983_insc_73,allowed,2.0,0.12724407266370458,2,2,6,8,0.25,1,200
226,sc_1998_insc_157,dismissed,4.0,0.20755977007595022,2,4,4,8,0.5,0,200
226,sc_2007_insc_665,allowed,3.0,0.23753366469069698,2,3,5,8,0.375,1,200
226,sc_2009_insc_45,dismissed,7.0,0.1935771592090872,2,1,7,8,0.125,0,200
226,sc_2009_insc_731,allowed,3.0,0.1747094910129384,2,3,5,8,0.375,1,200
226,sc_2011_insc_420,dismissed,2.0,0.19511053853269344,2,6,2,8,0.75,0,200
226,sc_2014_insc_216,dismissed,5.0,0.22357723333531299,2,3,5,8,0.375,0,200
226,sc_2022_insc_548,allowed,5.0,0.17302873161497112,2,5,3,8,0.625,1,200
227,in_abs_train_5200,dismissed,4.0,0.19666111695192934,2,4,4,8,0.5,0,200
227,in_abs_train_5410,dismissed,3.0,0.18898919611068385,2,5,3,8,0.625,0,200
227,in_abs_train_5526,dismissed,5.0,0.1763391414796734,2,3,5,8,0.375,0,200
227,sc_1959_insc_45,dismissed,4.0,0.19070700963906353,2,4,4,8,0.5,0,200
227,sc_1976_insc_146,dismissed,6.0,0.16860057856202135,2,2,6,8,0.25,0,200
227,sc_1980_insc_223,allowed,4.0,0.18752247386146814,2,4,4,8,0.5,1,200
227,sc_1986_insc_113,dismissed,4.0,0.19028448802760717,2,4,4,8,0.5,0,200
227,sc_1988_insc_50,allowed,7.0,0.1556402160757914,2,7,1,8,0.875,1,200
227,sc_2000_insc_166,allowed,5.0,0.17826326503135484,3,5,2,7,0.7142857142857143,1,200
227,sc_2001_insc_36,allowed,5.0,0.18122356642221152,2,5,3,8,0.625,1,200
227,sc_2002_insc_205,allowed,6.0,0.18735406392728937,2,6,2,8,0.75,1,200
227,sc_2019_insc_1026,allowed,3.0,0.18830112552782846,2,3,5,8,0.375,1,200
228,in_abs_train_3093,dismissed,2.0,0.16240979028420274,2,6,2,8,0.75,0,200
228,in_abs_train_6517,dismissed,4.0,0.18678365242306405,2,4,4,8,0.5,0,200
228,sc_1954_insc_26,dismissed,6.0,0.18028676693416928,3,1,6,7,0.14285714285714285,0,200
228,sc_1974_insc_13,allowed,4.0,0.23484912717171497,2,4,4,8,0.5,1,200
228,sc_1988_insc_135,allowed,6.0,0.17606653954828966,2,6,2,8,0.75,1,200
228,sc_1993_insc_238,dismissed,5.0,0.19268303718983473,2,3,5,8,0.375,0,200
228,sc_2005_insc_22,dismissed,4.0,0.16316517704461325,2,4,4,8,0.5,0,200
228,sc_2006_insc_952,allowed,3.0,0.17250426991016587,2,3,5,8,0.375,1,200
228,sc_2007_insc_1077,dismissed,5.0,0.18036722213702958,2,3,5,8,0.375,0,200
228,sc_2015_insc_555,allowed,4.0,0.19944702456421462,2,4,4,8,0.5,1,200
228,sc_2017_insc_208,allowed,3.0,0.196344301728949,2,3,5,8,0.375,1,200
228,sc_2019_insc_448,allowed,2.0,0.15973111581384256,2,2,6,8,0.25,1,200
229,in_abs_train_5017,allowed,4.0,0.19018429086632221,2,4,4,8,0.5,1,200
229,in_abs_train_5103,dismissed,4.0,0.18097327906423302,2,4,4,8,0.5,0,200
229,sc_1961_insc_218,dismissed,3.0,0.18295691030072003,3,4,3,7,0.5714285714285714,0,200
229,sc_1973_insc_119,dismissed,3.0,0.20043459111912634,2,5,3,8,0.625,0,200
229,sc_1984_insc_17,dismissed,5.0,0.16913800767268702,2,3,5,8,0.375,0,200
229,sc_1986_insc_177,dismissed,5.0,0.1541627171794965,2,3,5,8,0.375,0,200
229,sc_1990_insc_183,allowed,5.0,0.19062928859344475,2,5,3,8,0.625,1,200
229,sc_1995_insc_316,allowed,6.0,0.17653738954136416,2,6,2,8,0.75,1,200
229,sc_2006_insc_133,allowed,2.0,0.16075992880652873,2,2,6,8,0.25,1,200
229,sc_2011_insc_322,dismissed,3.0,0.2088041643627122,2,5,3,8,0.625,0,200
229,sc_2019_insc_1286,allowed,1.0,0.1223596160412213,2,1,7,8,0.125,1,200
229,sc_2024_insc_177,allowed,3.0,0.18624005912138641,2,3,5,8,0.375,1,200
230,in_abs_train_1415,allowed,4.0,0.1822545893968977,2,4,4,8,0.5,1,200
230,sc_1954_insc_105,dismissed,1.0,0.11819252132945758,2,7,1,8,0.875,0,200
230,sc_1961_insc_276,allowed,3.0,0.2074809290430778,2,3,5,8,0.375,1,200
230,sc_1961_insc_316,dismissed,4.0,0.19691855716199502,2,4,4,8,0.5,0,200
230,sc_1998_insc_87,allowed,4.0,0.23020017600285633,2,4,4,8,0.5,1,200
230,sc_1999_insc_126,dismissed,5.0,0.180523071215486,2,3,5,8,0.375,0,200
230,sc_2003_insc_20,dismissed,4.0,0.21228395530178776,2,4,4,8,0.5,0,200
230,sc_2003_insc_584,dismissed,4.0,0.2337461014762752,2,4,4,8,0.5,0,200
230,sc_2005_insc_459,allowed,4.0,0.187085768623454,2,4,4,8,0.5,1,200
230,sc_2016_insc_518,allowed,6.0,0.1291504506512371,2,6,2,8,0.75,1,200
230,sc_2019_insc_573,allowed,4.0,0.1858225319837644,2,4,4,8,0.5,1,200
230,sc_2024_insc_44,dismissed,5.0,0.1852652857274314,2,3,5,8,0.375,0,200
231,sc_1960_insc_179,allowed,4.0,0.21305727635901867,2,4,4,8,0.5,1,200
231,sc_1969_insc_270,dismissed,3.0,0.1682336522604137,2,5,3,8,0.625,0,200
231,sc_1972_insc_93,dismissed,3.0,0.18248895033994103,2,5,3,8,0.625,0,200
231,sc_1975_insc_53,allowed,5.0,0.1962496966421471,2,5,3,8,0.625,1,200
231,sc_1976_insc_117,allowed,3.0,0.18191985823825987,2,3,5,8,0.375,1,200
231,sc_1995_insc_24,dismissed,3.0,0.19589864365302465,2,5,3,8,0.625,0,200
231,sc_2000_insc_9,dismissed,4.0,0.2089409981804989,2,4,4,8,0.5,0,200
231,sc_2007_insc_554,dismissed,4.0,0.19599141584331362,2,4,4,8,0.5,0,200
231,sc_2009_insc_765,dismissed,4.0,0.18774228267251192,2,4,4,8,0.5,0,200
231,sc_2011_insc_548,allowed,3.0,0.14913357573899452,2,3,5,8,0.375,1,200
231,sc_2017_insc_871,allowed,4.0,0.2035423546527181,2,4,4,8,0.5,1,200
231,sc_2018_insc_453,allowed,7.0,0.1653403937005698,2,7,1,8,0.875,1,200
232,in_abs_train_1316,dismissed,3.0,0.19957323041181063,2,5,3,8,0.625,0,200
232,in_abs_train_3759,allowed,4.0,0.21680402668562956,2,4,4,8,0.5,1,200
232,in_abs_train_404,dismissed,3.0,0.1813003993967707,2,5,3,8,0.625,0,200
232,in_abs_train_5269,dismissed,4.0,0.16316841060406312,2,4,4,8,0.5,0,200
232,sc_1955_insc_25,dismissed,4.0,0.18779742778837138,3,3,4,7,0.42857142857142855,0,200
232,sc_1962_insc_124,dismissed,4.0,0.2035585537908652,2,4,4,8,0.5,0,200
232,sc_1967_insc_73,dismissed,7.0,0.14015125359385325,2,1,7,8,0.125,0,200
232,sc_1979_insc_31,allowed,4.0,0.1711744802770047,3,4,3,7,0.5714285714285714,1,200
232,sc_1993_insc_1,allowed,2.0,0.15836074324149907,2,2,6,8,0.25,1,200
232,sc_2003_insc_742,allowed,6.0,0.1493450433201106,2,6,2,8,0.75,1,200
232,sc_2008_insc_338,allowed,6.0,0.16953135918854928,2,6,2,8,0.75,1,200
232,sc_2013_insc_618,allowed,1.0,0.11563845457632368,2,1,7,8,0.125,1,200
233,sc_1980_insc_117,dismissed,4.0,0.2166551933513678,3,3,4,7,0.42857142857142855,0,200
233,sc_1992_insc_259,dismissed,4.0,0.21616411038617767,2,4,4,8,0.5,0,200
233,sc_1994_insc_538,dismissed,3.0,0.21626974517618366,3,4,3,7,0.5714285714285714,0,200
233,sc_1997_insc_297,dismissed,3.0,0.16686426696311626,2,5,3,8,0.625,0,200
233,sc_2001_insc_566,allowed,3.0,0.15484723864036082,2,3,5,8,0.375,1,200
233,sc_2007_insc_470,allowed,3.0,0.13255587274731206,2,3,5,8,0.375,1,200
233,sc_2009_insc_114,allowed,7.0,0.14378558177642747,2,7,1,8,0.875,1,200
233,sc_2014_insc_209,allowed,3.0,0.15708623371075064,2,3,5,8,0.375,1,200
233,sc_2016_insc_271,allowed,4.0,0.15738676462855933,2,4,4,8,0.5,1,200
233,sc_2020_insc_671,allowed,5.0,0.18610373541037287,2,5,3,8,0.625,1,200
233,sc_2022_insc_447,dismissed,2.0,0.16971414936700957,2,6,2,8,0.75,0,200
233,sc_2022_insc_965,dismissed,2.0,0.14450902416059722,2,6,2,8,0.75,0,200
234,in_abs_train_336,dismissed,6.0,0.17086587360315694,2,2,6,8,0.25,0,200
234,sc_1981_insc_167,dismissed,3.0,0.22418388559067248,2,5,3,8,0.625,0,200
234,sc_1993_insc_173,allowed,5.0,0.18216033503224052,2,5,3,8,0.625,1,200
234,sc_1995_insc_560,dismissed,6.0,0.15470098990057826,2,2,6,8,0.25,0,200
234,sc_1995_insc_597,allowed,4.0,0.16936978444790138,2,4,4,8,0.5,1,200
234,sc_1996_insc_1333,dismissed,2.0,0.1694709697801198,2,6,2,8,0.75,0,200
234,sc_1996_insc_924,dismissed,2.0,0.17963592017238317,2,6,2,8,0.75,0,200
234,sc_2005_insc_289,allowed,7.0,0.1559835565554094,2,7,1,8,0.875,1,200
234,sc_2007_insc_674,allowed,5.0,0.18959880333271725,2,5,3,8,0.625,1,200
234,sc_2008_insc_1422,allowed,4.0,0.17691607927812228,2,4,4,8,0.5,1,200
234,sc_2009_insc_739,allowed,4.0,0.18859161992820056,2,4,4,8,0.5,1,200
234,sc_2011_insc_378,dismissed,5.0,0.18907408055179833,2,3,5,8,0.375,0,200
235,sc_1952_insc_56,dismissed,4.0,0.1877662871002901,2,4,4,8,0.5,0,200
235,sc_1969_insc_273,dismissed,4.0,0.18369773849175206,2,4,4,8,0.5,0,200
235,sc_1970_insc_243,dismissed,5.0,0.16253494316375366,2,3,5,8,0.375,0,200
235,sc_1990_insc_308,allowed,5.0,0.18622820761769682,2,5,3,8,0.625,1,200
235,sc_1995_insc_547,dismissed,2.0,0.1630600650724406,2,6,2,8,0.75,0,200
235,sc_1995_insc_86,allowed,4.0,0.18126346009134245,2,4,4,8,0.5,1,200
235,sc_2003_insc_313,allowed,4.0,0.21935583198717493,2,4,4,8,0.5,1,200
235,sc_2006_insc_995,dismissed,6.0,0.1586738302924029,2,2,6,8,0.25,0,200
235,sc_2007_insc_444,allowed,3.0,0.2174930906730246,3,3,4,7,0.42857142857142855,1,200
235,sc_2011_insc_275,allowed,3.0,0.18168855502421088,2,3,5,8,0.375,1,200
235,sc_2020_insc_171,dismissed,6.0,0.15856797747406667,2,2,6,8,0.25,0,200
235,sc_2024_insc_239,allowed,5.0,0.1832209320560321,3,5,1,6,0.8333333333333334,1,200
236,in_abs_train_2668,dismissed,3.0,0.1739264090885285,2,5,3,8,0.625,0,200
236,in_abs_train_2981,dismissed,4.0,0.18768613380169716,2,4,4,8,0.5,0,200
236,in_abs_train_3118,allowed,3.0,0.1632653185098181,2,3,5,8,0.375,1,200
236,in_abs_train_3674,dismissed,5.0,0.14330021643618263,2,3,5,8,0.375,0,200
236,in_abs_train_6938,dismissed,4.0,0.1911514938387556,2,4,4,8,0.5,0,200
236,in_abs_train_758,allowed,4.0,0.1403716885293276,2,4,4,8,0.5,1,200
236,sc_2000_insc_282,allowed,3.0,0.19810692462854004,2,3,5,8,0.375,1,200
236,sc_2008_insc_1075,dismissed,3.0,0.16584407680860958,2,5,3,8,0.625,0,200
236,sc_2009_insc_426,dismissed,2.0,0.2022355903469421,2,6,2,8,0.75,0,200
236,sc_2012_insc_100,allowed,3.0,0.20908730575664183,2,3,5,8,0.375,1,200
236,sc_2015_insc_109,allowed,2.0,0.15491938787986295,2,2,6,8,0.25,1,200
236,sc_2015_insc_387,allowed,5.0,0.20253816401204616,2,5,3,8,0.625,1,200
237,sc_1989_insc_132,allowed,0.0,0.08448003571820373,2,0,7,7,0.0,1,200
237,sc_1989_insc_342,allowed,5.0,0.17942353236871394,2,5,3,8,0.625,1,200
237,sc_1997_insc_425,dismissed,4.0,0.17061320600478053,2,4,4,8,0.5,0,200
237,sc_1999_insc_286,allowed,3.0,0.18130039939677067,2,3,5,8,0.375,1,200
237,sc_1999_insc_435,allowed,4.0,0.1832751335920813,2,4,4,8,0.5,1,200
237,sc_2006_insc_721,dismissed,4.0,0.19224888560856251,2,4,4,8,0.5,0,200
237,sc_2011_insc_242,dismissed,3.0,0.19774271804464136,2,5,3,8,0.625,0,200
237,sc_2017_insc_357,dismissed,5.0,0.15671788960598806,2,3,5,8,0.375,0,200
237,sc_2021_insc_758,allowed,4.0,0.20744692797086248,2,4,4,8,0.5,1,200
237,sc_2022_insc_49,dismissed,5.0,0.19283326157697336,2,3,5,8,0.375,0,200
237,sc_2022_insc_666,dismissed,1.0,0.15920638038760393,2,7,1,8,0.875,0,200
237,sc_2023_insc_958,allowed,4.0,0.18752342017422594,2,4,4,8,0.5,1,200
238,in_abs_train_5237,dismissed,2.0,0.1684615474478606,2,6,2,8,0.75,0,200
238,in_abs_train_6352,dismissed,5.0,0.18114220932736796,2,3,5,8,0.375,0,200
238,sc_1970_insc_56,dismissed,4.0,0.1875083626627809,2,4,4,8,0.5,0,200
238,sc_1974_insc_88,allowed,5.0,0.2030204677044311,2,5,3,8,0.625,1,200
238,sc_1985_insc_191,allowed,5.0,0.13858749561200986,2,5,3,8,0.625,1,200
238,sc_2003_insc_416,allowed,4.0,0.19487144539376558,2,4,4,8,0.5,1,200
238,sc_2007_insc_605,dismissed,6.0,0.14443044383546313,2,2,6,8,0.25,0,200
238,sc_2008_insc_333,allowed,4.0,0.17431553645616332,2,4,4,8,0.5,1,200
238,sc_2009_insc_879,allowed,2.0,0.1593742191857624,2,2,6,8,0.25,1,200
238,sc_2015_insc_90,allowed,2.0,0.14498614465822982,2,2,6,8,0.25,1,200
238,sc_2019_insc_660,dismissed,1.0,0.11598173946311068,2,7,1,8,0.875,0,200
238,sc_2022_insc_1077,dismissed,1.0,0.11485448658776262,2,7,1,8,0.875,0,200
239,in_abs_train_4918,dismissed,4.0,0.18819941107832258,2,4,4,8,0.5,0,200
239,in_abs_train_4954,dismissed,0.0,0.04082932056227167,1,8,0,8,1.0,0,200
239,sc_1989_insc_130,allowed,2.0,0.20546206636332096,2,2,6,8,0.25,1,200
239,sc_1992_insc_105,dismissed,3.0,0.1733139985148559,2,5,3,8,0.625,0,200
239,sc_1996_insc_42,allowed,3.0,0.19580829401633573,2,3,5,8,0.375,1,200
239,sc_1996_insc_927,allowed,7.0,0.10640102187177124,2,7,1,8,0.875,1,200
239,sc_1999_insc_149,allowed,4.0,0.20141400656562175,2,4,4,8,0.5,1,200
239,sc_2010_insc_558,dismissed,6.0,0.1748076944379801,2,2,6,8,0.25,0,200
239,sc_2014_11_268_277_en,dismissed,1.0,0.14616762196299649,2,7,1,8,0.875,0,200
239,sc_2016_insc_579,allowed,3.0,0.21215115075988042,3,3,4,7,0.42857142857142855,1,200
239,sc_2018_insc_138,dismissed,3.0,0.18158840023034037,2,5,3,8,0.625,0,200
239,sc_2023_insc_511,allowed,2.0,0.17495839366326307,2,2,6,8,0.25,1,200
240,in_abs_train_922,dismissed,4.0,0.17042942230812508,2,4,4,8,0.5,0,200
240,in_abs_train_959,allowed,3.0,0.19169315778366067,2,3,5,8,0.375,1,200
240,sc_1973_insc_236,dismissed,5.0,0.17944969952186698,2,3,5,8,0.375,0,200
240,sc_1994_insc_92,allowed,7.0,0.13171544499565768,2,7,1,8,0.875,1,200
240,sc_1996_insc_637,allowed,5.0,0.16194028207507974,2,5,3,8,0.625,1,200
240,sc_2001_insc_558,allowed,2.0,0.1689724164387388,3,2,5,7,0.2857142857142857,1,200
240,sc_2003_insc_239,dismissed,4.0,0.24390343343145074,2,4,4,8,0.5,0,200
240,sc_2011_insc_655,dismissed,5.0,0.16402667949133612,2,3,5,8,0.375,0,200
240,sc_2013_insc_363,dismissed,6.0,0.1530138015083239,2,2,6,8,0.25,0,200
240,sc_2018_insc_718,dismissed,6.0,0.1579958420822512,2,2,6,8,0.25,0,200
240,sc_2021_insc_38,allowed,6.0,0.16870420924727342,2,6,2,8,0.75,1,200
240,sc_2023_insc_246,allowed,3.0,0.19918710340363263,2,3,5,8,0.375,1,200
241,sc_1965_insc_90,dismissed,2.0,0.14864245053790448,2,6,2,8,0.75,0,200
241,sc_1970_insc_33,dismissed,2.0,0.13974073747593238,2,6,2,8,0.75,0,200
241,sc_1980_insc_124,dismissed,3.0,0.18692833985533444,2,5,3,8,0.625,0,200
241,sc_1986_insc_87,allowed,6.0,0.1850374449315211,2,6,2,8,0.75,1,200
241,sc_1996_insc_563,dismissed,5.0,0.18098987491411936,2,3,5,8,0.375,0,200
241,sc_1996_insc_699,allowed,5.0,0.18112797271792583,2,5,3,8,0.625,1,200
241,sc_1999_insc_527,dismissed,3.0,0.2046215094670768,2,5,3,8,0.625,0,200
241,sc_2001_insc_247,allowed,4.0,0.16072170052494011,2,4,4,8,0.5,1,200
241,sc_2006_insc_822,allowed,6.0,0.14414177763067773,2,6,2,8,0.75,1,200
241,sc_2009_insc_479,allowed,6.0,0.18899050429660666,2,6,2,8,0.75,1,200
241,sc_2014_insc_140,dismissed,2.0,0.18637537008787122,2,6,2,8,0.75,0,200
241,sc_2014_insc_408,allowed,6.0,0.21703330554748584,2,6,2,8,0.75,1,200
242,in_abs_train_5626,dismissed,5.0,0.17505055073463774,2,3,5,8,0.375,0,200
242,sc_1964_insc_138,dismissed,3.0,0.2330920337284953,2,5,3,8,0.625,0,200
242,sc_1975_insc_281,allowed,7.0,0.13967481458029607,2,7,1,8,0.875,1,200
242,sc_1979_insc_118,dismissed,3.0,0.1702453586529076,2,5,3,8,0.625,0,200
242,sc_1990_insc_162,allowed,6.0,0.16219396663408905,2,6,2,8,0.75,1,200
242,sc_2000_insc_24,dismissed,5.0,0.1761151687798259,2,3,5,8,0.375,0,200
242,sc_2003_insc_553,allowed,3.0,0.18252873617210552,2,3,5,8,0.375,1,200
242,sc_2009_insc_1002,dismissed,5.0,0.18900451376937644,2,3,5,8,0.375,0,200
242,sc_2009_insc_60,allowed,5.0,0.18137670140483864,2,5,3,8,0.625,1,200
242,sc_2009_insc_865,allowed,4.0,0.17717074375879813,2,4,4,8,0.5,1,200
242,sc_2010_insc_423,dismissed,6.0,0.16042777288393678,2,2,6,8,0.25,0,200
242,sc_2024_insc_451,allowed,3.0,0.16010647764465463,2,3,5,8,0.375,1,200
243,in_abs_train_2703,allowed,5.0,0.20549421046762917,2,5,3,8,0.625,1,200
243,in_abs_train_6013,allowed,4.0,0.189624193660589,2,4,4,8,0.5,1,200
243,sc_1958_insc_52,dismissed,2.0,0.15958019975476231,3,5,2,7,0.7142857142857143,0,200
243,sc_1972_insc_61,dismissed,4.0,0.17037303419430289,2,4,4,8,0.5,0,200
243,sc_1987_insc_59,dismissed,5.0,0.18524959204284583,2,3,5,8,0.375,0,200
243,sc_2000_insc_254,allowed,5.0,0.1835695633764331,2,5,3,8,0.625,1,200
243,sc_2005_insc_236,dismissed,4.0,0.21155611279767517,2,4,4,8,0.5,0,200
243,sc_2006_insc_118,allowed,7.0,0.14985638586302744,2,7,1,8,0.875,1,200
243,sc_2007_insc_1295,dismissed,7.0,0.11861706374927683,2,1,7,8,0.125,0,200
243,sc_2007_insc_144,dismissed,7.0,0.13078584926533737,2,1,7,8,0.125,0,200
243,sc_2008_insc_274,allowed,5.0,0.1615486126250282,2,5,3,8,0.625,1,200
243,sc_2009_insc_609,allowed,2.0,0.16189012381885018,2,2,6,8,0.25,1,200
244,sc_1961_insc_359,allowed,2.0,0.20075001702312906,2,2,6,8,0.25,1,200
244,sc_1974_insc_135,dismissed,1.0,0.1243634326997174,2,7,1,8,0.875,0,200
244,sc_1981_insc_93,allowed,3.0,0.18790254641085363,2,3,5,8,0.375,1,200
244,sc_1989_insc_190,dismissed,5.0,0.19782467620749913,2,3,5,8,0.375,0,200
244,sc_1991_insc_21,dismissed,2.0,0.15603908823515578,2,6,2,8,0.75,0,200
244,sc_1997_insc_350,dismissed,3.0,0.17507813686119883,2,5,3,8,0.625,0,200
244,sc_2007_insc_53,allowed,4.0,0.2218863037152159,2,4,4,8,0.5,1,200
244,sc_2011_insc_406,allowed,5.0,0.18263548421333986,2,5,3,8,0.625,1,200
244,sc_2011_insc_472,dismissed,6.0,0.1372115103459931,2,2,6,8,0.25,0,200
244,sc_2012_insc_98,allowed,5.0,0.18075538114396486,2,5,3,8,0.625,1,200
244,sc_2017_insc_987,allowed,4.0,0.18961843826253152,2,4,4,8,0.5,1,200
244,sc_2023_insc_9,dismissed,5.0,0.1806017193350764,2,3,5,8,0.375,0,200
245,in_abs_train_1884,dismissed,5.0,0.18098987491411936,2,3,5,8,0.375,0,200
245,sc_1951_insc_23,dismissed,2.0,0.18859544930009395,2,6,2,8,0.75,0,200
245,sc_1979_insc_244,dismissed,5.0,0.19186822365077116,2,3,5,8,0.375,0,200
245,sc_1985_insc_58,allowed,4.0,0.1924806748826776,2,4,4,8,0.5,1,200
245,sc_1986_insc_11,dismissed,3.0,0.14244982465382314,2,5,3,8,0.625,0,200
245,sc_1996_insc_855,allowed,3.0,0.19499591341871755,2,3,5,8,0.375,1,200
245,sc_2001_insc_451,allowed,3.0,0.2405360934047672,2,3,5,8,0.375,1,200
245,sc_2007_insc_1154,dismissed,2.0,0.1554013703215245,2,6,2,8,0.75,0,200
245,sc_2009_insc_416,allowed,4.0,0.19088204274124748,2,4,4,8,0.5,1,200
245,sc_2011_insc_330,dismissed,4.0,0.2040786263483645,2,4,4,8,0.5,0,200
245,sc_2021_insc_209,allowed,4.0,0.24151782852318712,2,4,4,8,0.5,1,200
245,sc_2024_insc_313,allowed,3.0,0.1827975762121796,2,3,5,8,0.375,1,200
246,in_abs_train_1196,dismissed,4.0,0.20964493162934253,2,4,4,8,0.5,0,200
246,in_abs_train_367,dismissed,3.0,0.19705632806020573,3,4,3,7,0.5714285714285714,0,200
246,in_abs_train_4085,allowed,2.0,0.23927786711348334,2,2,6,8,0.25,1,200
246,sc_1959_1_1191_1210_en,dismissed,6.0,0.18241879541123154,2,2,6,8,0.25,0,200
246,sc_1959_insc_9,dismissed,6.0,0.15687127674337584,2,2,6,8,0.25,0,200
246,sc_1979_insc_56,dismissed,3.0,0.18382422584482874,2,5,3,8,0.625,0,200
246,sc_1984_insc_222,allowed,3.0,0.1793359993689021,2,3,5,8,0.375,1,200
246,sc_1989_insc_368,allowed,5.0,0.17028327492050124,2,5,3,8,0.625,1,200
246,sc_1993_insc_50,allowed,6.0,0.16265832602970473,2,6,2,8,0.75,1,200
246,sc_1996_insc_1480,dismissed,3.0,0.17472535669678127,2,5,3,8,0.625,0,200
246,sc_2010_insc_127,allowed,6.0,0.1635429863677038,2,6,2,8,0.75,1,200
246,sc_2016_insc_1083,allowed,2.0,0.16241343848339643,2,2,6,8,0.25,1,200
247,in_abs_train_2128,dismissed,5.0,0.15561650317171685,2,3,5,8,0.375,0,200
247,in_abs_train_2570,dismissed,4.0,0.18911026403737508,2,4,4,8,0.5,0,200
247,in_abs_train_2914,dismissed,4.0,0.24008233102342796,2,4,4,8,0.5,0,200
247,sc_1990_insc_173,allowed,4.0,0.21528175871297522,2,4,4,8,0.5,1,200
247,sc_1995_insc_645,allowed,3.0,0.2709369681690988,2,3,5,8,0.375,1,200
247,sc_1996_insc_1083,dismissed,3.0,0.16896496454742457,2,5,3,8,0.625,0,200
247,sc_1996_insc_147,allowed,3.0,0.19021887944737317,2,3,5,8,0.375,1,200
247,sc_1996_insc_148,allowed,5.0,0.17025247795553516,2,5,3,8,0.625,1,200
247,sc_1996_insc_658,allowed,3.0,0.18012520840550056,2,3,5,8,0.375,1,200
247,sc_1998_insc_211,dismissed,4.0,0.16804189432700387,2,4,4,8,0.5,0,200
247,sc_2016_insc_1000,dismissed,4.0,0.2314038077798585,2,4,4,8,0.5,0,200
247,sc_2023_insc_473,allowed,4.0,0.17049306664563602,3,4,2,6,0.6666666666666666,1,200
248,sc_1965_insc_232,dismissed,4.0,0.1737318326503836,2,4,4,8,0.5,0,200
248,sc_1971_insc_106,dismissed,4.0,0.18600107755563836,2,4,4,8,0.5,0,200
248,sc_1980_insc_73,allowed,4.0,0.1928195445957964,2,4,4,8,0.5,1,200
248,sc_1991_insc_131,allowed,5.0,0.18432895192978027,3,5,2,7,0.7142857142857143,1,200
248,sc_1991_insc_207,dismissed,5.0,0.20139263856563006,2,3,5,8,0.375,0,200
248,sc_2000_insc_412,dismissed,3.0,0.16957186254641515,2,5,3,8,0.625,0,200
248,sc_2005_insc_172,dismissed,2.0,0.1514066926784733,2,6,2,8,0.75,0,200
248,sc_2009_insc_27,dismissed,6.0,0.17283666680671997,2,2,6,8,0.25,0,200
248,sc_2010_insc_335,allowed,5.0,0.19431246697375998,2,5,3,8,0.625,1,200
248,sc_2018_insc_973,allowed,5.0,0.181142209327368,2,5,3,8,0.625,1,200
248,sc_2019_insc_182,allowed,2.0,0.1540871738427866,2,2,6,8,0.25,1,200
248,sc_2022_insc_885,allowed,5.0,0.19941967717511752,2,5,3,8,0.625,1,200
249,in_abs_train_3407,dismissed,2.0,0.21015692683363216,2,6,2,8,0.75,0,200
249,in_abs_train_5447,allowed,4.0,0.19185667202027398,2,4,4,8,0.5,1,200
249,in_abs_train_6163,allowed,5.0,0.18434250914368824,2,5,3,8,0.625,1,200
249,sc_1972_insc_71,allowed,4.0,0.21608287741337254,2,4,4,8,0.5,1,200
249,sc_1984_insc_56,allowed,6.0,0.15775804990963174,2,6,2,8,0.75,1,200
249,sc_1985_insc_135,allowed,2.0,0.15607243430944337,2,2,6,8,0.25,1,200
249,sc_1999_insc_518,dismissed,4.0,0.18593655609627716,2,4,4,8,0.5,0,200
249,sc_2003_insc_636,dismissed,4.0,0.18431232473186043,2,4,4,8,0.5,0,200
249,sc_2009_insc_1047,dismissed,6.0,0.16180344667005983,2,2,6,8,0.25,0,200
249,sc_2019_insc_294,dismissed,3.0,0.21929901286519915,2,5,3,8,0.625,0,200
249,sc_2021_insc_883,dismissed,7.0,0.15745686847421259,2,1,7,8,0.125,0,200
249,sc_2022_insc_1196,allowed,2.0,0.15332725605377404,2,2,6,8,0.25,1,200
250,in_abs_train_250,allowed,4.0,0.1905424792111422,2,4,4,8,0.5,1,200
250,in_abs_train_6388,dismissed,6.0,0.18761497658005885,2,2,6,8,0.25,0,200
250,sc_1976_insc_312,allowed,7.0,0.12398074420119197,2,7,1,8,0.875,1,200
250,sc_1995_insc_530,dismissed,5.0,0.17611536352200638,2,3,5,8,0.375,0,200
250,sc_1997_insc_571,allowed,5.0,0.18353111566611952,2,5,3,8,0.625,1,200
250,sc_1998_insc_269,dismissed,3.0,0.19387997656411035,2,5,3,8,0.625,0,200
250,sc_2005_insc_604,allowed,3.0,0.16288312147851677,3,3,4,7,0.42857142857142855,1,200
250,sc_2008_insc_838,allowed,4.0,0.25188622139129746,2,4,4,8,0.5,1,200
250,sc_2009_insc_381,allowed,5.0,0.1701945315555954,2,5,3,8,0.625,1,200
250,sc_2012_insc_314,dismissed,7.0,0.11574806197464516,2,1,7,8,0.125,0,200
250,sc_2012_insc_558,dismissed,3.0,0.166611515665442,2,5,3,8,0.625,0,200
250,sc_2022_insc_117,dismissed,6.0,0.1399936223037117,2,2,6,8,0.25,0,200
251,in_abs_train_1236,dismissed,5.0,0.16630441845667926,2,3,5,8,0.375,0,200
251,in_abs_train_4211,allowed,5.0,0.15334854189294925,2,5,3,8,0.625,1,200
251,sc_1960_insc_271,dismissed,3.0,0.1791693515598906,2,5,3,8,0.625,0,200
251,sc_1974_insc_19,allowed,4.0,0.2105533667029451,2,4,4,8,0.5,1,200
251,sc_1978_insc_173,allowed,3.0,0.164906760271777,2,3,5,8,0.375,1,200
251,sc_1998_insc_373,allowed,8.0,0.03675263815725035,1,8,0,8,1.0,1,200
251,sc_2007_insc_69,dismissed,4.0,0.20536981137597407,2,4,4,8,0.5,0,200
251,sc_2008_insc_1070,allowed,5.0,0.19264717784383795,2,5,3,8,0.625,1,200
251,sc_2009_insc_213,dismissed,4.0,0.2453568829277059,2,4,4,8,0.5,0,200
251,sc_2009_insc_385,dismissed,3.0,0.1955719976121326,2,5,3,8,0.625,0,200
251,sc_2013_insc_640,dismissed,2.0,0.15511809657138192,2,6,2,8,0.75,0,200
251,sc_2015_insc_639,allowed,3.0,0.17932466317110027,2,3,5,8,0.375,1,200
252,in_abs_train_2025,dismissed,4.0,0.19048088989215847,2,4,4,8,0.5,0,200
252,in_abs_train_3841,dismissed,2.0,0.1535193563088368,2,6,2,8,0.75,0,200
252,in_abs_train_4680,allowed,5.0,0.1751402288357373,2,5,3,8,0.625,1,200
252,sc_1976_insc_178,allowed,2.0,0.1787492188350119,2,2,6,8,0.25,1,200
252,sc_1979_insc_189,dismissed,6.0,0.17173599176659374,2,2,6,8,0.25,0,200
252,sc_1984_insc_140,allowed,8.0,0.0507187905372638,1,8,0,8,1.0,1,200
252,sc_1995_insc_879,allowed,4.0,0.20561232079642902,2,4,4,8,0.5,1,200
252,sc_2000_insc_238,dismissed,3.0,0.19619728646284934,3,4,3,7,0.5714285714285714,0,200
252,sc_2007_insc_265,allowed,2.0,0.1578796660855781,3,2,4,6,0.3333333333333333,1,200
252,sc_2016_insc_282,dismissed,5.0,0.22890188400081934,2,3,5,8,0.375,0,200
252,sc_2021_insc_387,dismissed,3.0,0.17125624051905303,2,5,3,8,0.625,0,200
252,sc_2022_insc_279,allowed,4.0,0.1980774266335622,3,4,2,6,0.6666666666666666,1,200
253,in_abs_train_165,dismissed,5.0,0.18161039293341272,2,3,5,8,0.375,0,200
253,sc_1963_insc_6,dismissed,6.0,0.16172714057734913,2,2,6,8,0.25,0,200
253,sc_1965_insc_72,dismissed,2.0,0.17509045812603757,2,6,2,8,0.75,0,200
253,sc_1992_insc_241,dismissed,5.0,0.15886978943474334,3,2,5,7,0.2857142857142857,0,200
253,sc_1995_insc_254,allowed,2.0,0.19557073579248174,2,2,6,8,0.25,1,200
253,sc_1999_insc_171,dismissed,3.0,0.22858149008355197,2,5,3,8,0.625,0,200
253,sc_2002_insc_56,dismissed,3.0,0.1802931981612218,2,5,3,8,0.625,0,200
253,sc_2004_insc_502,allowed,5.0,0.19592945859075844,2,5,3,8,0.625,1,200
253,sc_2007_insc_371,allowed,7.0,0.10500850305706538,2,7,1,8,0.875,1,200
253,sc_2009_insc_741,allowed,5.0,0.2243604775443495,2,5,3,8,0.625,1,200
253,sc_2011_insc_36,allowed,0.0,0.022074725973060556,1,0,8,8,0.0,1,200
253,sc_2023_insc_300,allowed,1.0,0.12363255158937712,2,1,7,8,0.125,1,200
254,in_abs_train_1817,dismissed,4.0,0.24065191555060914,2,4,4,8,0.5,0,200
254,in_abs_train_6861,dismissed,5.0,0.19074234985591604,2,3,5,8,0.375,0,200
254,sc_1956_insc_50,dismissed,4.0,0.20585238699887573,2,4,4,8,0.5,0,200
254,sc_1978_insc_189,allowed,3.0,0.18683712054839907,2,3,5,8,0.375,1,200
254,sc_1987_insc_322,dismissed,4.0,0.17852905147218362,2,4,4,8,0.5,0,200
254,sc_1989_insc_3,allowed,5.0,0.20046851511752126,2,5,3,8,0.625,1,200
254,sc_1992_insc_214,allowed,6.0,0.19630665412908738,2,6,2,8,0.75,1,200
254,sc_1999_insc_451,allowed,3.0,0.16252264804889974,2,3,5,8,0.375,1,200
254,sc_2006_insc_400,allowed,3.0,0.19930413279329154,2,3,5,8,0.375,1,200
254,sc_2010_insc_772,allowed,5.0,0.19629877545224944,3,5,2,7,0.7142857142857143,1,200
254,sc_2014_insc_295,dismissed,5.0,0.1778920981140775,2,3,5,8,0.375,0,200
254,sc_2023_insc_593,dismissed,3.0,0.18059752015383346,2,5,3,8,0.625,0,200
255,sc_1962_insc_296,dismissed,6.0,0.1656282508344811,2,2,6,8,0.25,0,200
255,sc_1969_insc_10,allowed,4.0,0.21056549963009544,2,4,4,8,0.5,1,200
255,sc_1974_insc_261,allowed,5.0,0.20411645526410785,2,5,3,8,0.625,1,200
255,sc_1997_insc_100,allowed,4.0,0.206705221366683,2,4,4,8,0.5,1,200
255,sc_2008_insc_255,dismissed,5.0,0.18166316845268365,2,3,5,8,0.375,0,200
255,sc_2008_insc_850,dismissed,3.0,0.1939456354973213,2,5,3,8,0.625,0,200
255,sc_2009_insc_331,allowed,2.0,0.16219619609221947,2,2,6,8,0.25,1,200
255,sc_2009_insc_467,dismissed,7.0,0.14407970759750083,2,1,7,8,0.125,0,200
255,sc_2015_insc_835,allowed,5.0,0.1943588819683834,2,5,3,8,0.625,1,200
255,sc_2018_insc_883,dismissed,4.0,0.2149817579470407,2,4,4,8,0.5,0,200
255,sc_2022_insc_207,allowed,4.0,0.2026291915932013,2,4,4,8,0.5,1,200
255,sc_2023_insc_183,dismissed,2.0,0.1806332475436276,2,6,2,8,0.75,0,200
256,in_abs_train_1976,dismissed,2.0,0.15037102921963202,2,6,2,8,0.75,0,200
256,sc_1978_insc_109,dismissed,5.0,0.20437945047217912,2,3,5,8,0.375,0,200
256,sc_1987_insc_153,allowed,5.0,0.16063085188582846,2,5,3,8,0.625,1,200
256,sc_1989_insc_285,dismissed,6.0,0.14469545193102581,2,2,6,8,0.25,0,200
256,sc_1990_insc_85,allowed,4.0,0.18463313044289437,2,4,4,8,0.5,1,200
256,sc_1994_insc_199,allowed,3.0,0.2180742288179728,2,3,5,8,0.375,1,200
256,sc_1998_insc_138,allowed,1.0,0.1591539937586283,3,1,6,7,0.14285714285714285,1,200
256,sc_2003_insc_152,dismissed,5.0,0.1763738588772103,2,3,5,8,0.375,0,200
256,sc_2006_insc_97,dismissed,5.0,0.18236587734360432,2,3,5,8,0.375,0,200
256,sc_2010_insc_167,dismissed,3.0,0.24057262185030232,2,5,3,8,0.625,0,200
256,sc_2018_insc_183,allowed,3.0,0.18844179741210482,2,3,5,8,0.375,1,200
256,sc_2024_insc_295,allowed,3.0,0.16490862519194807,2,3,5,8,0.375,1,200
257,in_abs_train_5749,allowed,5.0,0.18389869358081057,2,5,3,8,0.625,1,200
257,sc_1960_insc_237,dismissed,4.0,0.2056226941179147,2,4,4,8,0.5,0,200
257,sc_1983_insc_124,allowed,1.0,0.1879422810875939,2,1,7,8,0.125,1,200
257,sc_1987_insc_360,dismissed,3.0,0.1899323540293829,2,5,3,8,0.625,0,200
257,sc_1990_insc_126,dismissed,6.0,0.1619854904216512,2,2,6,8,0.25,0,200
257,sc_1991_insc_48,allowed,7.0,0.12941410056328165,2,7,1,8,0.875,1,200
257,sc_1999_insc_203,dismissed,5.0,0.17883658750627854,2,3,5,8,0.375,0,200
257,sc_2009_insc_346,allowed,4.0,0.2458708380904974,2,4,4,8,0.5,1,200
257,sc_2011_insc_695,allowed,7.0,0.12408960885902456,2,7,1,8,0.875,1,200
257,sc_2015_insc_312,dismissed,5.0,0.17921980904843401,2,3,5,8,0.375,0,200
257,sc_2020_insc_191,allowed,6.0,0.16219396663408905,2,6,2,8,0.75,1,200
257,sc_2020_insc_97,dismissed,3.0,0.1906057918040168,2,5,3,8,0.625,0,200
258,in_abs_train_6238,dismissed,5.0,0.1817066848534652,2,3,5,8,0.375,0,200
258,sc_1965_insc_59,dismissed,5.0,0.26102119897375575,2,3,5,8,0.375,0,200
258,sc_1966_insc_165,dismissed,6.0,0.1304146833674483,2,2,6,8,0.25,0,200
258,sc_1969_insc_239,dismissed,5.0,0.18537088388430184,2,3,5,8,0.375,0,200
258,sc_1969_insc_43,allowed,4.0,0.21219446644047413,3,4,3,7,0.5714285714285714,1,200
258,sc_1987_insc_217,dismissed,5.0,0.18335290678018956,2,3,5,8,0.375,0,200
258,sc_1989_insc_48,allowed,4.0,0.14730123815469018,2,4,4,8,0.5,1,200
258,sc_1995_insc_751,allowed,5.0,0.189882192527559,2,5,3,8,0.625,1,200
258,sc_2009_insc_829,allowed,5.0,0.18075538114396483,2,5,3,8,0.625,1,200
258,sc_2010_insc_526,allowed,6.0,0.18480053268447705,2,6,2,8,0.75,1,200
258,sc_2012_insc_579,allowed,6.0,0.17568643205199821,2,6,2,8,0.75,1,200
258,sc_2018_insc_594,dismissed,3.0,0.20450800989785686,2,5,3,8,0.625,0,200
259,in_abs_train_2467,allowed,6.0,0.15380298157986774,2,6,2,8,0.75,1,200
259,in_abs_train_3490,allowed,3.0,0.15762272010547038,2,3,5,8,0.375,1,200
259,in_abs_train_5043,dismissed,5.0,0.20813804656662707,2,3,5,8,0.375,0,200
259,sc_1995_insc_297,allowed,5.0,0.17120675717999267,2,5,3,8,0.625,1,200
259,sc_1995_insc_863,dismissed,2.0,0.16227112544985292,2,6,2,8,0.75,0,200
259,sc_2000_insc_344,dismissed,4.0,0.20354236181449986,2,4,4,8,0.5,0,200
259,sc_2003_insc_18,dismissed,3.0,0.17037673264499972,2,5,3,8,0.625,0,200
259,sc_2008_insc_573,allowed,5.0,0.1917917368201769,2,5,3,8,0.625,1,200
259,sc_2009_insc_133,allowed,4.0,0.21104336629081033,2,4,4,8,0.5,1,200
259,sc_2012_insc_311,dismissed,5.0,0.17487397247732434,2,3,5,8,0.375,0,200
259,sc_2012_insc_430,dismissed,6.0,0.15765983490500696,2,2,6,8,0.25,0,200
259,sc_2017_insc_1272,allowed,5.0,0.18717165297814578,2,5,3,8,0.625,1,200
260,sc_1954_insc_93,allowed,3.0,0.17422331472239053,2,3,5,8,0.375,1,200
260,sc_1964_insc_176,allowed,4.0,0.16378132662411474,2,4,4,8,0.5,1,200
260,sc_1968_insc_244,dismissed,6.0,0.14013173280467237,2,2,6,8,0.25,0,200
260,sc_1974_insc_24,dismissed,3.0,0.18215931692085208,2,5,3,8,0.625,0,200
260,sc_1993_insc_163,allowed,3.0,0.19839060533169847,3,3,4,7,0.42857142857142855,1,200
260,sc_1996_insc_33,dismissed,4.0,0.17591322942210535,2,4,4,8,0.5,0,200
260,sc_2002_insc_297,allowed,7.0,0.1299729367434401,2,7,1,8,0.875,1,200
260,sc_2006_insc_645,dismissed,3.0,0.17377944420888253,2,5,3,8,0.625,0,200
260,sc_2007_insc_560,allowed,4.0,0.19045177632971255,3,4,3,7,0.5714285714285714,1,200
260,sc_2011_insc_314,dismissed,4.0,0.20622499268618816,2,4,4,8,0.5,0,200
260,sc_2022_insc_1003,dismissed,5.0,0.19059938352471129,2,3,5,8,0.375,0,200
260,sc_2022_insc_996,allowed,3.0,0.208229966679447,2,3,5,8,0.375,1,200
261,in_abs_train_4815,allowed,4.0,0.17910795826619683,2,4,4,8,0.5,1,200
261,in_abs_train_5562,allowed,5.0,0.21850474980867726,2,5,3,8,0.625,1,200
261,in_abs_train_6365,dismissed,4.0,0.18464664434783823,2,4,4,8,0.5,0,200
261,sc_1962_insc_110,dismissed,4.0,0.16318700016479457,2,4,4,8,0.5,0,200
261,sc_1963_insc_95,dismissed,4.0,0.20941089901192264,2,4,4,8,0.5,0,200
261,sc_1964_insc_159,dismissed,6.0,0.1273362960159351,2,2,6,8,0.25,0,200
261,sc_1982_insc_3,allowed,5.0,0.24629707671834022,2,5,3,8,0.625,1,200
261,sc_1995_insc_494,allowed,3.0,0.18130039939677067,2,3,5,8,0.375,1,200
261,sc_1997_insc_365,dismissed,3.0,0.1996167097214768,2,5,3,8,0.625,0,200
261,sc_1998_insc_282,dismissed,5.0,0.1851539837605203,2,3,5,8,0.375,0,200
261,sc_2007_insc_1141,allowed,4.0,0.19955307206712847,2,4,4,8,0.5,1,200
261,sc_2008_insc_832,allowed,4.0,0.1847150768026646,2,4,4,8,0.5,1,200
262,in_abs_train_2131,dismissed,4.0,0.1791578981104577,2,4,4,8,0.5,0,200
262,in_abs_train_4804,allowed,3.0,0.19674860853114604,2,3,5,8,0.375,1,200
262,sc_1975_insc_219,dismissed,4.0,0.22126566899004632,2,4,4,8,0.5,0,200
262,sc_1984_insc_241,dismissed,4.0,0.2389530717234874,2,4,4,8,0.5,0,200
262,sc_1994_insc_527,allowed,5.0,0.20535228604505126,2,5,3,8,0.625,1,200
262,sc_2007_insc_271,dismissed,4.0,0.22992189813297778,2,4,4,8,0.5,0,200
262,sc_2008_insc_902,dismissed,1.0,0.1414812572668498,2,7,1,8,0.875,0,200
262,sc_2009_insc_1033,allowed,4.0,0.20021320308623758,2,4,4,8,0.5,1,200
262,sc_2009_insc_1044,allowed,5.0,0.1398364936827305,2,5,3,8,0.625,1,200
262,sc_2013_insc_22,dismissed,5.0,0.18137670140483864,2,3,5,8,0.375,0,200
262,sc_2019_insc_203,allowed,2.0,0.16271584565914723,2,2,6,8,0.25,1,200
262,sc_2022_insc_955,allowed,5.0,0.1797598372338528,2,5,3,8,0.625,1,200
263,in_abs_train_6608,allowed,5.0,0.20372279251589934,2,5,3,8,0.625,1,200
263,sc_1970_insc_96,dismissed,5.0,0.21218251600543453,2,3,5,8,0.375,0,200
263,sc_1978_insc_49,allowed,6.0,0.16247213608785763,2,6,2,8,0.75,1,200
263,sc_1984_insc_146,dismissed,2.0,0.19550254419143362,2,6,2,8,0.75,0,200
263,sc_1984_insc_228,allowed,3.0,0.17312422270348649,2,3,5,8,0.375,1,200
263,sc_1987_insc_303,dismissed,4.0,0.1785555114313489,2,4,4,8,0.5,0,200
263,sc_2001_insc_223,allowed,4.0,0.24926355489471946,2,4,4,8,0.5,1,200
263,sc_2003_insc_7,allowed,4.0,0.18924225685465218,2,4,4,8,0.5,1,200
263,sc_2014_insc_749,dismissed,6.0,0.17716522441233049,2,2,6,8,0.25,0,200
263,sc_2017_insc_1015,dismissed,1.0,0.14484538785867007,2,7,1,8,0.875,0,200
263,sc_2020_insc_468,dismissed,4.0,0.2167127083230575,2,4,4,8,0.5,0,200
263,sc_2022_insc_178,allowed,7.0,0.12408960885902459,2,7,1,8,0.875,1,200
264,in_abs_train_2140,dismissed,4.0,0.19264458513404065,2,4,4,8,0.5,0,200
264,in_abs_train_6088,allowed,3.0,0.17556113709230425,2,3,5,8,0.375,1,200
264,sc_1965_insc_60,dismissed,4.0,0.16922304196980784,2,4,4,8,0.5,0,200
264,sc_1971_insc_297,dismissed,3.0,0.1644621896417304,2,5,3,8,0.625,0,200
264,sc_1974_insc_65,allowed,4.0,0.1824714752659009,2,4,4,8,0.5,1,200
264,sc_1980_insc_36,allowed,1.0,0.12393272944856588,3,1,6,7,0.14285714285714285,1,200
264,sc_1984_insc_169,dismissed,6.0,0.2205633827558015,2,2,6,8,0.25,0,200
264,sc_1988_insc_368,allowed,5.0,0.14678190856302736,2,5,3,8,0.625,1,200
264,sc_2012_insc_380,allowed,4.0,0.17320812560416995,2,4,4,8,0.5,1,200
264,sc_2012_insc_387,allowed,3.0,0.18373014833737192,2,3,5,8,0.375,1,200
264,sc_2015_insc_442,dismissed,4.0,0.19332937464803243,2,4,4,8,0.5,0,200
264,sc_2020_insc_395,dismissed,3.0,0.18337557819560224,3,4,3,7,0.5714285714285714,0,200
265,in_abs_train_970,dismissed,8.0,0.04026828278203929,1,0,8,8,0.0,0,200
265,sc_1958_insc_83,dismissed,3.0,0.1753587362634909,2,5,3,8,0.625,0,200
265,sc_1968_insc_62,dismissed,7.0,0.11656271648879554,2,1,7,8,0.125,0,200
265,sc_1971_insc_200,dismissed,5.0,0.18808004926159907,2,3,5,8,0.375,0,200
265,sc_1971_insc_284,allowed,3.0,0.18074579241941655,2,3,5,8,0.375,1,200
265,sc_1983_insc_179,allowed,4.0,0.17455241372977023,2,4,4,8,0.5,1,200
265,sc_1996_insc_23,allowed,4.0,0.17870945781491251,2,4,4,8,0.5,1,200
265,sc_2008_insc_1448,dismissed,5.0,0.15927886617438883,2,3,5,8,0.375,0,200
265,sc_2012_insc_448,dismissed,5.0,0.1859805307350745,2,3,5,8,0.375,0,200
265,sc_2014_insc_294,allowed,2.0,0.17652033362822567,2,2,6,8,0.25,1,200
265,sc_2022_insc_296,allowed,6.0,0.16007146841333092,2,6,2,8,0.75,1,200
265,sc_2023_insc_798,allowed,3.0,0.17773030386942545,2,3,5,8,0.375,1,200
266,in_abs_train_698,dismissed,3.0,0.1480271068346043,2,5,3,8,0.625,0,200
266,sc_1975_insc_43,dismissed,2.0,0.18299250666696104,2,6,2,8,0.75,0,200
266,sc_1995_insc_374,allowed,4.0,0.20362541929712155,2,4,4,8,0.5,1,200
266,sc_1996_insc_51,allowed,4.0,0.17637411726517987,2,4,4,8,0.5,1,200
266,sc_1999_insc_179,dismissed,4.0,0.2279887810183342,2,4,4,8,0.5,0,200
266,sc_2000_insc_359,allowed,2.0,0.15126799333674928,2,2,6,8,0.25,1,200
266,sc_2006_insc_729,dismissed,4.0,0.16948137474049635,2,4,4,8,0.5,0,200
266,sc_2008_insc_1058,allowed,6.0,0.16580386437667127,2,6,2,8,0.75,1,200
266,sc_2008_insc_906,allowed,4.0,0.19100955648773923,2,4,4,8,0.5,1,200
266,sc_2014_insc_827,dismissed,5.0,0.18992061833787624,2,3,5,8,0.375,0,200
266,sc_2016_insc_291,dismissed,4.0,0.18738691530303203,2,4,4,8,0.5,0,200
266,sc_2022_insc_468,allowed,2.0,0.16870211061381568,2,2,6,8,0.25,1,200
267,in_abs_train_2232,dismissed,2.0,0.17150344181839483,2,6,2,8,0.75,0,200
267,in_abs_train_5257,dismissed,4.0,0.1734470753549848,2,4,4,8,0.5,0,200
267,in_abs_train_535,allowed,3.0,0.18106830486527925,2,3,5,8,0.375,1,200
267,sc_1960_insc_39,dismissed,4.0,0.20203448814447889,2,4,4,8,0.5,0,200
267,sc_1995_insc_864,allowed,3.0,0.18187738400499387,2,3,5,8,0.375,1,200
267,sc_1995_insc_883,dismissed,3.0,0.20455623153577854,2,5,3,8,0.625,0,200
267,sc_2004_insc_377,dismissed,5.0,0.1646028104438125,2,3,5,8,0.375,0,200
267,sc_2007_insc_247,allowed,4.0,0.2389027217873527,2,4,4,8,0.5,1,200
267,sc_2008_insc_1428,allowed,6.0,0.15352989471574768,2,6,2,8,0.75,1,200
267,sc_2008_insc_802,dismissed,7.0,0.11600795743976111,2,1,7,8,0.125,0,200
267,sc_2009_insc_218,allowed,5.0,0.1808354125401643,2,5,3,8,0.625,1,200
267,sc_2024_insc_251,allowed,3.0,0.18546167692046459,2,3,5,8,0.375,1,200
268,in_abs_train_1394,dismissed,3.0,0.19713522713844325,3,4,3,7,0.5714285714285714,0,200
268,in_abs_train_166,dismissed,6.0,0.15480195315192669,2,2,6,8,0.25,0,200
268,in_abs_train_2943,dismissed,4.0,0.17518600288422204,2,4,4,8,0.5,0,200
268,sc_1990_insc_82,dismissed,4.0,0.17259521126149044,2,4,4,8,0.5,0,200
268,sc_2002_insc_66,allowed,5.0,0.18630696336480362,2,5,3,8,0.625,1,200
268,sc_2003_insc_581,dismissed,5.0,0.19640484712946243,2,3,5,8,0.375,0,200
268,sc_2010_insc_160,allowed,3.0,0.23600789647860318,2,3,5,8,0.375,1,200
268,sc_2012_insc_9,allowed,5.0,0.183608198839215,2,5,3,8,0.625,1,200
268,sc_2013_insc_418,allowed,4.0,0.20017911388946869,2,4,4,8,0.5,1,200
268,sc_2013_insc_487,dismissed,5.0,0.20580686210372548,2,3,5,8,0.375,0,200
268,sc_2019_insc_1020,allowed,4.0,0.1815275381881983,2,4,4,8,0.5,1,200
268,sc_2019_insc_1102,allowed,5.0,0.19483786471521827,2,5,3,8,0.625,1,200
269,in_abs_train_2451,allowed,5.0,0.17843967256646381,2,5,3,8,0.625,1,200
269,in_abs_train_4660,dismissed,3.0,0.160813830778459,2,5,3,8,0.625,0,200
269,sc_1958_insc_24,dismissed,5.0,0.22181745478145,2,3,5,8,0.375,0,200
269,sc_1973_insc_4,dismissed,4.0,0.21295666017556517,2,4,4,8,0.5,0,200
269,sc_1976_insc_342,allowed,3.0,0.20458451867636804,3,3,4,7,0.42857142857142855,1,200
269,sc_1989_insc_69,dismissed,4.0,0.19376280807639737,2,4,4,8,0.5,0,200
269,sc_1991_insc_123,dismissed,3.0,0.1904361916333016,2,5,3,8,0.625,0,200
269,sc_2003_insc_653,allowed,5.0,0.19936953686864,2,5,3,8,0.625,1,200
269,sc_2005_insc_400,dismissed,3.0,0.2116119480734968,2,5,3,8,0.625,0,200
269,sc_2006_insc_663,allowed,5.0,0.21017150469064202,2,5,3,8,0.625,1,200
269,sc_2021_insc_308,allowed,5.0,0.19863372609619226,2,5,3,8,0.625,1,200
269,sc_2022_insc_623,allowed,4.0,0.19909484142022948,2,4,4,8,0.5,1,200
270,in_abs_train_3667,dismissed,3.0,0.20630338053805267,2,5,3,8,0.625,0,200
270,in_abs_train_6170,allowed,3.0,0.17433065872481687,2,3,5,8,0.375,1,200
270,sc_1961_insc_254,allowed,2.0,0.1378746224316492,2,2,6,8,0.25,1,200
270,sc_1967_insc_161,dismissed,4.0,0.1743343203586372,2,4,4,8,0.5,0,200
270,sc_1978_insc_103,dismissed,2.0,0.15559314076689373,2,6,2,8,0.75,0,200
270,sc_1990_insc_70,allowed,3.0,0.2070804298804793,2,3,5,8,0.375,1,200
270,sc_1995_insc_522,dismissed,3.0,0.18641864973119446,2,5,3,8,0.625,0,200
270,sc_1996_insc_875,dismissed,6.0,0.1712898769302363,2,2,6,8,0.25,0,200
270,sc_2008_insc_1208,allowed,5.0,0.20581549198510646,2,5,3,8,0.625,1,200
270,sc_2009_insc_451,dismissed,6.0,0.16978847134007655,2,2,6,8,0.25,0,200
270,sc_2014_insc_50,allowed,0.0,0.0007954951288348648,1,0,8,8,0.0,1,200
270,sc_2020_insc_262,allowed,5.0,0.17543591892646163,2,5,3,8,0.625,1,200
271,in_abs_train_4968,allowed,5.0,0.20251899161383782,2,5,3,8,0.625,1,200
271,sc_1963_insc_214,dismissed,4.0,0.18809511225300832,2,4,4,8,0.5,0,200
271,sc_1995_insc_507,dismissed,3.0,0.1872290154892436,2,5,3,8,0.625,0,200
271,sc_2001_insc_294,allowed,4.0,0.1759759346780088,2,4,4,8,0.5,1,200
271,sc_2004_insc_531,dismissed,4.0,0.19645844115029804,2,4,4,8,0.5,0,200
271,sc_2004_insc_612,allowed,2.0,0.16241485406645714,2,2,6,8,0.25,1,200
271,sc_2013_insc_661,allowed,3.0,0.18130039939677067,2,3,5,8,0.375,1,200
271,sc_2013_insc_775,allowed,4.0,0.21843216888621678,2,4,4,8,0.5,1,200
271,sc_2015_insc_427,dismissed,4.0,0.17907599034337437,2,4,4,8,0.5,0,200
271,sc_2019_insc_279,dismissed,4.0,0.20123328457645512,2,4,4,8,0.5,0,200
271,sc_2020_insc_289,dismissed,4.0,0.2087979046260239,3,3,4,7,0.42857142857142855,0,200
271,sc_2023_insc_202,allowed,2.0,0.15487672228951274,2,2,6,8,0.25,1,200
272,in_abs_train_1948,dismissed,4.0,0.18308124343755772,3,3,4,7,0.42857142857142855,0,200
272,in_abs_train_4274,dismissed,2.0,0.1795156485721257,2,6,2,8,0.75,0,200
272,sc_1996_insc_1193,allowed,4.0,0.18785446256914648,2,4,4,8,0.5,1,200
272,sc_1996_insc_1198,dismissed,5.0,0.15861104114294497,2,3,5,8,0.375,0,200
272,sc_2003_insc_696,allowed,5.0,0.20652985233418444,2,5,3,8,0.625,1,200
272,sc_2005_insc_571,dismissed,2.0,0.14672514720927995,2,6,2,8,0.75,0,200
272,sc_2008_insc_1087,allowed,5.0,0.18416539235445792,2,5,3,8,0.625,1,200
272,sc_2008_insc_170,dismissed,4.0,0.18768613380169713,2,4,4,8,0.5,0,200
272,sc_2009_insc_577,allowed,2.0,0.16473263929919538,2,2,6,8,0.25,1,200
272,sc_2010_insc_74,allowed,6.0,0.1707892984975713,2,6,2,8,0.75,1,200
272,sc_2018_insc_305,allowed,5.0,0.20330029916119305,2,5,3,8,0.625,1,200
272,sc_2022_insc_486,dismissed,5.0,0.2212695550380933,2,3,5,8,0.375,0,200
273,in_abs_train_5469,allowed,2.0,0.15259623707117267,2,2,6,8,0.25,1,200
273,in_abs_train_5902,allowed,3.0,0.1952264224606539,2,3,5,8,0.375,1,200
273,sc_1962_insc_317,dismissed,4.0,0.20033075748079485,2,4,4,8,0.5,0,200
273,sc_1976_insc_180,allowed,5.0,0.17674727536108334,2,5,3,8,0.625,1,200
273,sc_1991_insc_166,dismissed,5.0,0.2097895948548568,2,3,5,8,0.375,0,200
273,sc_1997_insc_699,dismissed,6.0,0.1625426283372633,2,2,6,8,0.25,0,200
273,sc_1997_insc_813,allowed,5.0,0.21727235702556286,2,5,3,8,0.625,1,200
273,sc_2000_insc_120,allowed,3.0,0.21779083048990155,2,3,5,8,0.375,1,200
273,sc_2000_insc_20,dismissed,3.0,0.19725992776235332,2,5,3,8,0.625,0,200
273,sc_2009_insc_810,dismissed,2.0,0.1621961960922195,2,6,2,8,0.75,0,200
273,sc_2012_insc_539,allowed,5.0,0.18145645876785818,2,5,3,8,0.625,1,200
273,sc_2014_insc_145,dismissed,4.0,0.15998848473131452,2,4,4,8,0.5,0,200
274,in_abs_train_1018,allowed,4.0,0.18708673504172182,2,4,4,8,0.5,1,200
274,in_abs_train_1032,dismissed,3.0,0.1785824163782205,2,5,3,8,0.625,0,200
274,in_abs_train_2041,allowed,1.0,0.1234918618993055,2,1,7,8,0.125,1,200
274,in_abs_train_3082,allowed,3.0,0.16919008081655382,2,3,5,8,0.375,1,200
274,in_abs_train_3983,allowed,5.0,0.1762802408443228,2,5,3,8,0.625,1,200
274,in_abs_train_4255,dismissed,4.0,0.187085768623454,2,4,4,8,0.5,0,200
274,in_abs_train_755,dismissed,2.0,0.16190100797687632,2,6,2,8,0.75,0,200
274,sc_1973_insc_135,dismissed,6.0,0.18554877620895718,2,2,6,8,0.25,0,200
274,sc_1980_insc_91,dismissed,6.0,0.18613247515552742,3,1,6,7,0.14285714285714285,0,200
274,sc_1995_insc_442,allowed,3.0,0.1761801696229384,2,3,5,8,0.375,1,200
274,sc_2001_insc_120,dismissed,5.0,0.2210813824784245,2,3,5,8,0.375,0,200
274,sc_2023_insc_813,allowed,5.0,0.21017665569561936,2,5,3,8,0.625,1,200
275,in_abs_train_1459,allowed,2.0,0.16328772919624782,2,2,6,8,0.25,1,200
275,in_abs_train_4146,dismissed,1.0,0.11403382467339616,2,7,1,8,0.875,0,200
275,in_abs_train_6831,dismissed,5.0,0.17268752746755375,2,3,5,8,0.375,0,200
275,sc_1962_insc_297,dismissed,6.0,0.15931915376983555,2,2,6,8,0.25,0,200
275,sc_1975_insc_230,allowed,5.0,0.1791976537434094,2,5,3,8,0.625,1,200
275,sc_1978_insc_233,dismissed,3.0,0.2081122356492249,2,5,3,8,0.625,0,200
275,sc_2006_insc_417,allowed,3.0,0.17497212059266434,2,3,5,8,0.375,1,200
275,sc_2013_insc_845,allowed,2.0,0.20615397686578676,2,2,6,8,0.25,1,200
275,sc_2015_insc_431,allowed,3.0,0.21573772236348254,2,3,5,8,0.375,1,200
275,sc_2018_insc_834,dismissed,4.0,0.18059539117181256,2,4,4,8,0.5,0,200
275,sc_2022_insc_626,allowed,2.0,0.15797285069315692,2,2,6,8,0.25,1,200
275,sc_2024_insc_246,dismissed,2.0,0.15734516961024228,2,6,2,8,0.75,0,200
276,in_abs_train_2706,dismissed,5.0,0.16953223460872735,2,3,5,8,0.375,0,200
276,in_abs_train_6460,dismissed,4.0,0.20435486952459117,2,4,4,8,0.5,0,200
276,sc_1963_insc_186,dismissed,4.0,0.1740850972367089,2,4,4,8,0.5,0,200
276,sc_1963_insc_213,allowed,4.0,0.17786460824577768,2,4,4,8,0.5,1,200
276,sc_1972_insc_97,dismissed,5.0,0.1781273543876605,2,3,5,8,0.375,0,200
276,sc_1979_insc_85,allowed,5.0,0.1811042887202209,2,5,3,8,0.625,1,200
276,sc_1994_insc_495,allowed,5.0,0.19448601315062344,2,5,3,8,0.625,1,200
276,sc_2002_insc_334,dismissed,5.0,0.19062928859344475,2,3,5,8,0.375,0,200
276,sc_2007_insc_449,allowed,2.0,0.1480625532648289,2,2,6,8,0.25,1,200
276,sc_2009_insc_1080,allowed,3.0,0.16956453552166253,2,3,5,8,0.375,1,200
276,sc_2012_insc_237,dismissed,4.0,0.17482098426780188,2,4,4,8,0.5,0,200
276,sc_2024_insc_169,allowed,3.0,0.20236374384120434,2,3,5,8,0.375,1,200
277,in_abs_train_2840,allowed,6.0,0.19889860034695356,2,6,2,8,0.75,1,200
277,sc_1967_insc_15,dismissed,1.0,0.1621472739576247,3,6,1,7,0.8571428571428571,0,200
277,sc_1975_insc_95,allowed,2.0,0.1966345385253349,2,2,6,8,0.25,1,200
277,sc_1985_insc_6,dismissed,5.0,0.21730126863381313,2,3,5,8,0.375,0,200
277,sc_2004_insc_239,allowed,6.0,0.18705303869682066,2,6,2,8,0.75,1,200
277,sc_2005_insc_449,allowed,6.0,0.17569703328671432,2,6,2,8,0.75,1,200
277,sc_2006_insc_1022,dismissed,4.0,0.22737090487064615,3,3,4,7,0.42857142857142855,0,200
277,sc_2007_insc_106,allowed,5.0,0.20633179366203347,3,5,2,7,0.7142857142857143,1,200
277,sc_2009_insc_1103,dismissed,4.0,0.1940778877098931,2,4,4,8,0.5,0,200
277,sc_2012_insc_192,dismissed,4.0,0.22806421410292574,2,4,4,8,0.5,0,200
277,sc_2014_insc_400,dismissed,2.0,0.1674118486204956,2,6,2,8,0.75,0,200
277,sc_2022_insc_1195,allowed,5.0,0.19113900840936232,2,5,3,8,0.625,1,200
278,in_abs_train_2146,dismissed,4.0,0.182537869770991,2,4,4,8,0.5,0,200
278,in_abs_train_4049,allowed,3.0,0.1972637919406425,3,3,3,6,0.5,1,200
278,sc_1962_insc_347,allowed,3.0,0.19569243126337263,2,3,5,8,0.375,1,200
278,sc_1970_insc_122,allowed,4.0,0.18879314814215983,3,4,3,7,0.5714285714285714,1,200
278,sc_1996_insc_786,dismissed,6.0,0.16132714101654264,2,2,6,8,0.25,0,200
278,sc_2002_insc_130,allowed,1.0,0.17343619403097116,2,1,7,8,0.125,1,200
278,sc_2009_insc_175,allowed,4.0,0.19102888753726355,2,4,4,8,0.5,1,200
278,sc_2011_insc_190,dismissed,3.0,0.20170173347225917,2,5,3,8,0.625,0,200
278,sc_2012_insc_364,dismissed,5.0,0.20664061665487363,2,3,5,8,0.375,0,200
278,sc_2020_insc_344,allowed,2.0,0.17804147477784896,3,2,5,7,0.2857142857142857,1,200
278,sc_2021_insc_676,dismissed,5.0,0.21313898676349996,2,3,5,8,0.375,0,200
278,sc_2024_insc_125,dismissed,4.0,0.2403018937661118,2,4,4,8,0.5,0,200
279,in_abs_train_5261,dismissed,4.0,0.21312347373433105,2,4,4,8,0.5,0,200
279,in_abs_train_5396,allowed,4.0,0.18738498555780822,2,4,4,8,0.5,1,200
279,in_abs_train_5796,allowed,5.0,0.19902713158547716,2,5,3,8,0.625,1,200
279,sc_1965_insc_195,dismissed,4.0,0.22153391571352277,2,4,4,8,0.5,0,200
279,sc_1996_insc_150,allowed,5.0,0.2163764468260615,2,5,3,8,0.625,1,200
279,sc_1996_insc_285,dismissed,4.0,0.25581670394932593,2,4,4,8,0.5,0,200
279,sc_1997_insc_80,dismissed,7.0,0.1371942110342246,2,1,7,8,0.125,0,200
279,sc_1998_insc_462,allowed,7.0,0.11403954025280631,2,7,1,8,0.875,1,200
279,sc_2008_insc_378,dismissed,5.0,0.21548127117864202,3,2,5,7,0.2857142857142857,0,200
279,sc_2011_insc_373,dismissed,6.0,0.16886757333985697,2,2,6,8,0.25,0,200
279,sc_2019_insc_357,allowed,3.0,0.1665566558583118,2,3,5,8,0.375,1,200
279,sc_2024_insc_148,allowed,1.0,0.13369250683538167,2,1,7,8,0.125,1,200
280,in_abs_train_1099,allowed,3.0,0.19736361795795185,2,3,5,8,0.375,1,200
280,in_abs_train_4808,dismissed,4.0,0.15895668920387943,2,4,4,8,0.5,0,200
280,in_abs_train_5042,dismissed,6.0,0.20204203221263697,2,2,6,8,0.25,0,200
280,in_abs_train_6970,dismissed,4.0,0.1986667489167414,2,4,4,8,0.5,0,200
280,sc_1963_insc_109,dismissed,2.0,0.24073412379009873,2,6,2,8,0.75,0,200
280,sc_1969_insc_189,allowed,5.0,0.1980062651200353,2,5,3,8,0.625,1,200
280,sc_1999_insc_189,allowed,4.0,0.25975337231301376,2,4,4,8,0.5,1,200
280,sc_2001_insc_280,allowed,3.0,0.172928321107537,2,3,5,8,0.375,1,200
280,sc_2011_insc_544,allowed,5.0,0.16594278264161266,2,5,3,8,0.625,1,200
280,sc_2015_insc_861,allowed,3.0,0.20777013105351677,2,3,5,8,0.375,1,200
280,sc_2015_insc_912,dismissed,6.0,0.18048901400240408,2,2,6,8,0.25,0,200
280,sc_2023_insc_625,dismissed,3.0,0.18038248603262597,2,5,3,8,0.625,0,200
281,in_abs_train_2383,dismissed,3.0,0.17189697790221026,2,5,3,8,0.625,0,200
281,sc_1962_insc_182,allowed,4.0,0.2026718739688199,2,4,4,8,0.5,1,200
281,sc_1973_insc_18,allowed,3.0,0.17949905607087746,2,3,5,8,0.375,1,200
281,sc_1982_insc_19,allowed,5.0,0.18037142987587126,2,5,3,8,0.625,1,200
281,sc_1996_insc_302,allowed,4.0,0.18647561552980924,2,4,4,8,0.5,1,200
281,sc_1999_insc_79,dismissed,6.0,0.17276740645219119,2,2,6,8,0.25,0,200
281,sc_2004_insc_314,allowed,3.0,0.2158155294642545,2,3,5,8,0.375,1,200
281,sc_2004_insc_473,dismissed,3.0,0.17067254152661485,2,5,3,8,0.625,0,200
281,sc_2008_insc_1183,dismissed,1.0,0.11742690961919872,2,7,1,8,0.875,0,200
281,sc_2008_insc_1363,dismissed,5.0,0.1947927908944823,2,3,5,8,0.375,0,200
281,sc_2011_insc_27,allowed,3.0,0.20212903218472425,2,3,5,8,0.375,1,200
281,sc_2023_insc_54,dismissed,2.0,0.17573015725720745,2,6,2,8,0.75,0,200
282,sc_1960_insc_195,allowed,4.0,0.1893439828811726,2,4,4,8,0.5,1,200
282,sc_1960_insc_52,dismissed,3.0,0.18457998156400132,2,5,3,8,0.625,0,200
282,sc_1960_insc_7,dismissed,5.0,0.1895910042273329,2,3,5,8,0.375,0,200
282,sc_1984_insc_121,allowed,5.0,0.1959821652294162,2,5,3,8,0.625,1,200
282,sc_1995_insc_636,allowed,3.0,0.19208307122180235,2,3,5,8,0.375,1,200
282,sc_1997_insc_281,allowed,4.0,0.22097325943000143,2,4,4,8,0.5,1,200
282,sc_2000_insc_309,allowed,4.0,0.2097964039970454,2,4,4,8,0.5,1,200
282,sc_2003_insc_396,allowed,4.0,0.22343371777279544,2,4,4,8,0.5,1,200
282,sc_2008_insc_113,dismissed,3.0,0.1783245357575022,2,5,3,8,0.625,0,200
282,sc_2009_insc_290,dismissed,3.0,0.1813003993967707,2,5,3,8,0.625,0,200
282,sc_2017_insc_884,dismissed,4.0,0.187085768623454,2,4,4,8,0.5,0,200
282,sc_2018_insc_780,dismissed,1.0,0.11236496033376855,2,7,1,8,0.875,0,200
283,in_abs_train_1556,allowed,3.0,0.18625490510307563,2,3,5,8,0.375,1,200
283,in_abs_train_4267,allowed,4.0,0.2003842023010619,2,4,4,8,0.5,1,200
283,in_abs_train_5511,allowed,2.0,0.15367957363306556,2,2,6,8,0.25,1,200
283,in_abs_train_6132,dismissed,4.0,0.21682877716824542,2,4,4,8,0.5,0,200
283,in_abs_train_7066,dismissed,5.0,0.18122356642221152,2,3,5,8,0.375,0,200
283,sc_1962_insc_383,allowed,3.0,0.18153169919465856,2,3,5,8,0.375,1,200
283,sc_1967_insc_102,dismissed,6.0,0.14576659325913754,2,2,6,8,0.25,0,200
283,sc_1984_insc_96,allowed,5.0,0.1811859954724899,2,5,3,8,0.625,1,200
283,sc_1986_insc_237,allowed,2.0,0.15465645948628487,2,2,6,8,0.25,1,200
283,sc_2004_insc_229,dismissed,7.0,0.14273715034856868,2,1,7,8,0.125,0,200
283,sc_2004_insc_292,dismissed,4.0,0.2487351227694767,2,4,4,8,0.5,0,200
283,sc_2012_insc_315,dismissed,2.0,0.1606082745600078,2,6,2,8,0.75,0,200
284,in_abs_train_2115,dismissed,5.0,0.1945135073514819,2,3,5,8,0.375,0,200
284,in_abs_train_3546,allowed,4.0,0.15963490911822412,2,4,4,8,0.5,1,200
284,in_abs_train_4543,allowed,6.0,0.16411242154316624,2,6,2,8,0.75,1,200
284,in_abs_train_477,dismissed,4.0,0.19033756562720053,2,4,4,8,0.5,0,200
284,in_abs_train_5620,allowed,4.0,0.24562447335790616,2,4,4,8,0.5,1,200
284,in_abs_train_7055,allowed,5.0,0.19627096964855933,2,5,3,8,0.625,1,200
284,sc_1993_insc_8,dismissed,4.0,0.18118414687785736,2,4,4,8,0.5,0,200
284,sc_2008_insc_1313,dismissed,5.0,0.1689734363962091,2,3,5,8,0.375,0,200
284,sc_2008_insc_21,dismissed,5.0,0.21700448938374153,2,3,5,8,0.375,0,200
284,sc_2011_insc_751,allowed,7.0,0.12790139460174557,2,7,1,8,0.875,1,200
284,sc_2013_insc_703,dismissed,6.0,0.16426665920714786,2,2,6,8,0.25,0,200
284,sc_2019_insc_624,allowed,4.0,0.19552927256186328,2,4,4,8,0.5,1,200
285,in_abs_train_4657,dismissed,4.0,0.19799574784464705,2,4,4,8,0.5,0,200
285,in_abs_train_559,allowed,2.0,0.21447690022180524,2,2,6,8,0.25,1,200
285,sc_1954_insc_54,dismissed,3.0,0.1723374243204543,2,5,3,8,0.625,0,200
285,sc_1963_insc_145,allowed,5.0,0.18458601081375203,2,5,3,8,0.625,1,200
285,sc_1996_insc_1044,dismissed,5.0,0.1843713595247942,2,3,5,8,0.375,0,200
285,sc_1996_insc_89,dismissed,4.0,0.1853642189116293,2,4,4,8,0.5,0,200
285,sc_2008_insc_1458,dismissed,0.0,0.03455338455098967,1,8,0,8,1.0,0,200
285,sc_2009_insc_562,allowed,4.0,0.17627597511797607,2,4,4,8,0.5,1,200
285,sc_2015_insc_509,dismissed,4.0,0.1683266673450292,2,4,4,8,0.5,0,200
285,sc_2017_insc_1039,allowed,6.0,0.19323611285807835,2,6,2,8,0.75,1,200
285,sc_2019_insc_1303,allowed,3.0,0.16394557877467317,2,3,5,8,0.375,1,200
285,sc_2019_insc_916,allowed,4.0,0.1912440290489044,2,4,4,8,0.5,1,200
286,in_abs_train_5399,allowed,7.0,0.1862192852510831,2,7,1,8,0.875,1,200
286,in_abs_train_6047,dismissed,4.0,0.19028085445317028,2,4,4,8,0.5,0,200
286,sc_1970_insc_254,allowed,3.0,0.21213203435596423,2,3,5,8,0.375,1,200
286,sc_1988_insc_154,dismissed,3.0,0.1813003993967707,2,5,3,8,0.625,0,200
286,sc_1993_insc_2,allowed,6.0,0.13586434607988324,2,6,2,8,0.75,1,200
286,sc_1996_insc_1181,allowed,3.0,0.21856311404587134,2,3,5,8,0.375,1,200
286,sc_2002_insc_369,allowed,5.0,0.2061180076206195,2,5,3,8,0.625,1,200
286,sc_2015_insc_274,dismissed,2.0,0.1771422403523088,2,6,2,8,0.75,0,200
286,sc_2017_insc_305,allowed,5.0,0.17179202542609479,2,5,3,8,0.625,1,200
286,sc_2018_insc_220,dismissed,2.0,0.15931439660304728,2,6,2,8,0.75,0,200
286,sc_2019_insc_451,dismissed,4.0,0.1983353012982596,2,4,4,8,0.5,0,200
286,sc_2024_insc_425,dismissed,6.0,0.15002269439290894,2,2,6,8,0.25,0,200
287,in_abs_train_1001,dismissed,5.0,0.1647076897086278,3,2,5,7,0.2857142857142857,0,200
287,in_abs_train_6107,dismissed,4.0,0.1876773223103541,2,4,4,8,0.5,0,200
287,in_abs_train_6873,dismissed,4.0,0.2014067913566591,2,4,4,8,0.5,0,200
287,sc_1951_insc_20,dismissed,3.0,0.18106830486527925,2,5,3,8,0.625,0,200
287,sc_1970_insc_120,dismissed,5.0,0.18945373121118853,2,3,5,8,0.375,0,200
287,sc_1980_insc_107,dismissed,5.0,0.17577545229528338,2,3,5,8,0.375,0,200
287,sc_1990_insc_294,allowed,2.0,0.16741662597339022,2,2,6,8,0.25,1,200
287,sc_1996_insc_262,allowed,4.0,0.17368130386572989,2,4,4,8,0.5,1,200
287,sc_2000_insc_265,allowed,3.0,0.17800882672506368,2,3,5,8,0.375,1,200
287,sc_2016_insc_5,allowed,6.0,0.16176911622521065,2,6,2,8,0.75,1,200
287,sc_2019_insc_1023,allowed,4.0,0.19070727659421421,3,4,3,7,0.5714285714285714,1,200
287,sc_2023_insc_949,allowed,4.0,0.1576582957892231,2,4,4,8,0.5,1,200
288,in_abs_train_2498,allowed,5.0,0.18816194418375617,2,5,3,8,0.625,1,200
288,in_abs_train_3466,dismissed,1.0,0.15052469280612865,2,7,1,8,0.875,0,200
288,in_abs_train_3876,allowed,2.0,0.13699761576826974,2,2,6,8,0.25,1,200
288,in_abs_train_661,dismissed,4.0,0.18554049603696454,2,4,4,8,0.5,0,200
288,sc_1957_insc_51,allowed,4.0,0.2154742235808487,2,4,4,8,0.5,1,200
288,sc_1966_insc_159,allowed,6.0,0.20269624060450317,2,6,2,8,0.75,1,200
288,sc_1989_insc_321,allowed,3.0,0.21379985225008324,2,3,5,8,0.375,1,200
288,sc_2003_insc_218,dismissed,6.0,0.14193019030481294,2,2,6,8,0.25,0,200
288,sc_2005_insc_267,dismissed,5.0,0.20576111621181345,2,3,5,8,0.375,0,200
288,sc_2017_insc_5,dismissed,4.0,0.18738498555780822,2,4,4,8,0.5,0,200
288,sc_2019_insc_1250,dismissed,4.0,0.19352790265784117,2,4,4,8,0.5,0,200
288,sc_2022_insc_413,allowed,4.0,0.21766740936406564,2,4,4,8,0.5,1,200
289,in_abs_train_3218,allowed,4.0,0.1677072579994662,2,4,4,8,0.5,1,200
289,in_abs_train_4214,allowed,5.0,0.19599578336845483,2,5,3,8,0.625,1,200
289,in_abs_train_6386,dismissed,4.0,0.18886637981547474,2,4,4,8,0.5,0,200
289,in_abs_train_985,dismissed,3.0,0.181142209327368,2,5,3,8,0.625,0,200
289,sc_1977_insc_157,allowed,1.0,0.1191689455628121,2,1,7,8,0.125,1,200
289,sc_1983_insc_123,allowed,2.0,0.16236866945759137,2,2,6,8,0.25,1,200
289,sc_1990_insc_83,dismissed,3.0,0.19129425431919583,2,5,3,8,0.625,0,200
289,sc_2002_insc_464,dismissed,6.0,0.18517626295209877,2,2,6,8,0.25,0,200
289,sc_2006_insc_165,allowed,3.0,0.18458626515999038,3,3,4,7,0.42857142857142855,1,200
289,sc_2011_insc_742,allowed,3.0,0.17486784550870735,2,3,5,8,0.375,1,200
289,sc_2023_insc_647,dismissed,4.0,0.16496650328032075,2,4,4,8,0.5,0,200
289,sc_2024_insc_354,dismissed,5.0,0.19067904678786435,2,3,5,8,0.375,0,200
290,in_abs_train_18,allowed,4.0,0.17523519538526736,2,4,4,8,0.5,1,200
290,in_abs_train_2113,allowed,4.0,0.19632570969654436,2,4,4,8,0.5,1,200
290,in_abs_train_287,dismissed,5.0,0.2302095564040444,2,3,5,8,0.375,0,200
290,sc_1957_insc_85,allowed,2.0,0.15412662929274373,2,2,6,8,0.25,1,200
290,sc_1969_insc_255,allowed,3.0,0.17919769806488764,3,3,4,7,0.42857142857142855,1,200
290,sc_1970_insc_112,allowed,3.0,0.17942693409178945,2,3,5,8,0.375,1,200
290,sc_1985_insc_248,dismissed,6.0,0.14256788486873612,2,2,6,8,0.25,0,200
290,sc_1993_insc_350,dismissed,4.0,0.2253537403503197,2,4,4,8,0.5,0,200
290,sc_1993_insc_77,dismissed,3.0,0.2040028448681187,2,5,3,8,0.625,0,200
290,sc_1997_insc_765,dismissed,1.0,0.12352058460608326,2,7,1,8,0.875,0,200
290,sc_2009_insc_650,allowed,4.0,0.1641630377642653,2,4,4,8,0.5,1,200
290,sc_2013_insc_325,dismissed,5.0,0.18855784526745298,2,3,5,8,0.375,0,200
291,in_abs_train_3693,dismissed,3.0,0.22403725436687089,3,4,3,7,0.5714285714285714,0,200
291,in_abs_train_7049,dismissed,5.0,0.2068378071635411,2,3,5,8,0.375,0,200
291,in_abs_train_995,dismissed,3.0,0.19955756975820552,2,5,3,8,0.625,0,200
291,sc_1994_insc_559,dismissed,4.0,0.19212759503209698,2,4,4,8,0.5,0,200
291,sc_1994_insc_598,dismissed,3.0,0.1904171142758164,2,5,3,8,0.625,0,200
291,sc_1995_insc_890,allowed,4.0,0.18653329889320605,2,4,4,8,0.5,1,200
291,sc_1997_insc_185,dismissed,2.0,0.15722065647181532,2,6,2,8,0.75,0,200
291,sc_2002_insc_226,allowed,4.0,0.1918264523975598,2,4,4,8,0.5,1,200
291,sc_2004_insc_261,allowed,3.0,0.1898841177523891,3,3,4,7,0.42857142857142855,1,200
291,sc_2006_insc_430,allowed,4.0,0.18678365242306402,2,4,4,8,0.5,1,200
291,sc_2006_insc_581,allowed,4.0,0.18643009030579952,2,4,4,8,0.5,1,200
291,sc_2007_insc_526,allowed,4.0,0.19952436109318294,2,4,4,8,0.5,1,200
292,in_abs_train_3105,dismissed,4.0,0.2034116798888773,2,4,4,8,0.5,0,200
292,in_abs_train_3214,dismissed,5.0,0.19585844914207842,2,3,5,8,0.375,0,200
292,in_abs_train_873,dismissed,3.0,0.22671184282260395,2,5,3,8,0.625,0,200
292,in_abs_train_9,dismissed,3.0,0.16932044826397666,2,5,3,8,0.625,0,200
292,sc_1973_insc_175,allowed,4.0,0.21248629274184863,2,4,4,8,0.5,1,200
292,sc_1981_insc_83,allowed,5.0,0.24619674557177001,2,5,3,8,0.625,1,200
292,sc_1997_insc_72,dismissed,3.0,0.18432246157554927,2,5,3,8,0.625,0,200
292,sc_2004_insc_82,allowed,3.0,0.17593174153225286,2,3,5,8,0.375,1,200
292,sc_2006_insc_15,dismissed,3.0,0.21281822482965765,2,5,3,8,0.625,0,200
292,sc_2007_insc_539,allowed,6.0,0.21826071555677884,2,6,2,8,0.75,1,200
292,sc_2008_insc_107,allowed,6.0,0.15374263919662254,2,6,2,8,0.75,1,200
292,sc_2012_insc_198,allowed,2.0,0.18997045173461435,2,2,6,8,0.25,1,200
293,sc_1961_insc_278,dismissed,4.0,0.19430672155336345,2,4,4,8,0.5,0,200
293,sc_1985_insc_189,dismissed,5.0,0.19042175219842258,2,3,5,8,0.375,0,200
293,sc_1996_insc_465,dismissed,5.0,0.20312407966824472,2,3,5,8,0.375,0,200
293,sc_2000_insc_500,allowed,3.0,0.19404301669660054,2,3,5,8,0.375,1,200
293,sc_2002_insc_106,allowed,6.0,0.1614988631925934,2,6,2,8,0.75,1,200
293,sc_2003_insc_133,dismissed,5.0,0.18341726129530836,2,3,5,8,0.375,0,200
293,sc_2010_insc_344,dismissed,3.0,0.17609772378243627,2,5,3,8,0.625,0,200
293,sc_2013_insc_557,allowed,4.0,0.1724508169516924,2,4,4,8,0.5,1,200
293,sc_2017_insc_628,allowed,5.0,0.1592944870376344,2,5,3,8,0.625,1,200
293,sc_2017_insc_852,allowed,4.0,0.17659710279750432,2,4,4,8,0.5,1,200
293,sc_2019_insc_102,allowed,5.0,0.13127132054723256,2,5,3,8,0.625,1,200
293,sc_2024_insc_197,dismissed,2.0,0.16854979857067254,2,6,2,8,0.75,0,200
294,in_abs_train_2141,dismissed,4.0,0.21269112990689437,2,4,4,8,0.5,0,200
294,in_abs_train_4878,dismissed,3.0,0.19105593098555715,2,5,3,8,0.625,0,200
294,in_abs_train_5314,dismissed,5.0,0.19215812477143554,2,3,5,8,0.375,0,200
294,in_abs_train_5643,dismissed,5.0,0.16540076806008622,2,3,5,8,0.375,0,200
294,in_abs_train_5889,dismissed,2.0,0.16348021669302987,3,5,2,7,0.7142857142857143,0,200
294,sc_1961_insc_137,allowed,4.0,0.1652620608928434,2,4,4,8,0.5,1,200
294,sc_2006_insc_514,allowed,6.0,0.16419148648371948,2,6,2,8,0.75,1,200
294,sc_2009_insc_1156,allowed,4.0,0.19367418241714346,2,4,4,8,0.5,1,200
294,sc_2011_insc_832,allowed,2.0,0.17328625161852856,2,2,6,8,0.25,1,200
294,sc_2014_insc_849,dismissed,5.0,0.1989714738906315,2,3,5,8,0.375,0,200
294,sc_2014_insc_854,allowed,3.0,0.21321962185234533,2,3,5,8,0.375,1,200
294,sc_2019_insc_327,allowed,4.0,0.17339431412143494,2,4,4,8,0.5,1,200
295,in_abs_train_3333,dismissed,4.0,0.23666939935237102,2,4,4,8,0.5,0,200
295,sc_1968_insc_334,allowed,3.0,0.20307845693765444,2,3,5,8,0.375,1,200
295,sc_1980_insc_118,dismissed,5.0,0.19034762104301356,2,3,5,8,0.375,0,200
295,sc_1990_insc_232,allowed,5.0,0.2054067583696519,2,5,3,8,0.625,1,200
295,sc_1995_insc_799,dismissed,3.0,0.17086979344238193,2,5,3,8,0.625,0,200
295,sc_1996_insc_678,allowed,2.0,0.16899877126959598,2,2,6,8,0.25,1,200
295,sc_2007_insc_1187,allowed,3.0,0.15925206903949235,2,3,5,8,0.375,1,200
295,sc_2008_insc_957,dismissed,2.0,0.22490847092323504,2,6,2,8,0.75,0,200
295,sc_2010_insc_84,allowed,5.0,0.17844281797179254,2,5,3,8,0.625,1,200
295,sc_2016_insc_493,dismissed,6.0,0.16722248692773806,3,1,6,7,0.14285714285714285,0,200
295,sc_2017_insc_369,allowed,6.0,0.18615339857411578,2,6,2,8,0.75,1,200
295,sc_2021_insc_4,dismissed,4.0,0.2091012193873615,2,4,4,8,0.5,0,200
296,in_abs_train_5009,allowed,3.0,0.18106830486527925,2,3,5,8,0.375,1,200
296,in_abs_train_672,allowed,1.0,0.111168896246574,2,1,7,8,0.125,1,200
296,in_abs_train_826,dismissed,3.0,0.14812431057705744,2,5,3,8,0.625,0,200
296,sc_1956_insc_24,dismissed,5.0,0.18318809689563903,2,3,5,8,0.375,0,200
296,sc_1970_insc_117,dismissed,4.0,0.21278451541406856,2,4,4,8,0.5,0,200
296,sc_1980_insc_7,dismissed,5.0,0.22643567069486042,2,3,5,8,0.375,0,200
296,sc_1991_insc_201,dismissed,2.0,0.14279046777916685,2,6,2,8,0.75,0,200
296,sc_2015_insc_584,allowed,3.0,0.16450580753969057,2,3,5,8,0.375,1,200
296,sc_2021_insc_341,allowed,3.0,0.15208239684969335,2,3,5,8,0.375,1,200
296,sc_2021_insc_793,dismissed,6.0,0.14973564565142608,2,2,6,8,0.25,0,200
296,sc_2022_insc_1034,allowed,5.0,0.18106830486527925,2,5,3,8,0.625,1,200
296,sc_2022_insc_1286,allowed,5.0,0.18628539632490937,2,5,3,8,0.625,1,200
297,in_abs_train_140,allowed,5.0,0.18137670140483864,2,5,3,8,0.625,1,200
297,in_abs_train_2211,dismissed,1.0,0.13565495039704906,2,7,1,8,0.875,0,200
297,in_abs_train_5243,allowed,4.0,0.19193594685747642,2,4,4,8,0.5,1,200
297,in_abs_train_6207,allowed,3.0,0.14726124002315452,2,3,5,8,0.375,1,200
297,sc_1967_insc_110,dismissed,3.0,0.2008824616357962,2,5,3,8,0.625,0,200
297,sc_1971_insc_169,dismissed,3.0,0.1779178328933881,2,5,3,8,0.625,0,200
297,sc_1979_insc_227,allowed,5.0,0.19875597477842796,2,5,3,8,0.625,1,200
297,sc_1998_insc_82,dismissed,3.0,0.18112015480725838,2,5,3,8,0.625,0,200
297,sc_2003_insc_549,dismissed,4.0,0.24557480389864386,2,4,4,8,0.5,0,200
297,sc_2006_insc_116,dismissed,4.0,0.18949276192096756,2,4,4,8,0.5,0,200
297,sc_2012_insc_162,allowed,4.0,0.20927915746439718,2,4,4,8,0.5,1,200
297,sc_2017_insc_726,allowed,6.0,0.1880710296073783,2,6,2,8,0.75,1,200
298,in_abs_train_3391,dismissed,5.0,0.19445436482630055,2,3,5,8,0.375,0,200
298,sc_1960_insc_240,dismissed,4.0,0.1948714453937656,2,4,4,8,0.5,0,200
298,sc_1964_insc_73,dismissed,7.0,0.1352119819892523,2,1,7,8,0.125,0,200
298,sc_1970_insc_5,allowed,3.0,0.18106830486527925,2,3,5,8,0.375,1,200
298,sc_1985_insc_225,dismissed,1.0,0.16454485768320087,2,7,1,8,0.875,0,200
298,sc_1987_insc_263,dismissed,5.0,0.16545395581186154,2,3,5,8,0.375,0,200
298,sc_2002_insc_190,allowed,5.0,0.1862783052610835,2,5,3,8,0.625,1,200
298,sc_2007_insc_111,dismissed,2.0,0.1494291319528775,2,6,2,8,0.75,0,200
298,sc_2009_insc_1249,allowed,7.0,0.1353508081610201,2,7,1,8,0.875,1,200
298,sc_2013_insc_738,allowed,3.0,0.17190007920462952,2,3,5,8,0.375,1,200
298,sc_2019_insc_932,allowed,3.0,0.1960861257845603,2,3,5,8,0.375,1,200
298,sc_2021_insc_527,allowed,4.0,0.20232743431185518,3,4,3,7,0.5714285714285714,1,200
299,in_abs_train_2753,allowed,5.0,0.15843250445846907,2,5,3,8,0.625,1,200
299,in_abs_train_3017,dismissed,6.0,0.16246707083942533,2,2,6,8,0.25,0,200
299,in_abs_train_4232,allowed,8.0,0.031113487543874878,1,8,0,8,1.0,1,200
299,in_abs_train_4693,dismissed,3.0,0.21831881208826065,2,5,3,8,0.625,0,200
299,sc_1984_insc_227,dismissed,7.0,0.13162129757666616,2,1,7,8,0.125,0,200
299,sc_1994_insc_25,allowed,4.0,0.18734036456279,2,4,4,8,0.5,1,200
299,sc_1997_insc_645,dismissed,3.0,0.2059737248672159,2,5,3,8,0.625,0,200
299,sc_2005_insc_329,allowed,6.0,0.17674898222202154,2,6,2,8,0.75,1,200
299,sc_2008_insc_560,dismissed,3.0,0.21619683491802424,2,5,3,8,0.625,0,200
299,sc_2017_insc_417,allowed,3.0,0.18358315535948383,2,3,5,8,0.375,1,200
299,sc_2019_insc_445,dismissed,3.0,0.19580182845618604,2,5,3,8,0.625,0,200
299,sc_2022_insc_943,allowed,2.0,0.15400228648001116,2,2,6,8,0.25,1,200
300,in_abs_train_4556,allowed,5.0,0.1808354125401643,2,5,3,8,0.625,1,300
300,in_abs_train_5318,dismissed,1.0,0.13649462122011918,2,7,1,8,0.875,0,300
300,in_abs_train_5906,allowed,4.0,0.1856317222335604,2,4,4,8,0.5,1,300
300,sc_1963_insc_23,dismissed,6.0,0.10614884368806245,3,1,6,7,0.14285714285714285,0,300
300,sc_1983_insc_198,dismissed,3.0,0.20645201716356917,2,5,3,8,0.625,0,300
300,sc_1985_insc_222,dismissed,2.0,0.1342882111068087,2,6,2,8,0.75,0,300
300,sc_1996_insc_561,allowed,6.0,0.2507154316721877,2,6,2,8,0.75,1,300
300,sc_2006_insc_23,dismissed,4.0,0.1867855883808644,2,4,4,8,0.5,0,300
300,sc_2008_insc_516,dismissed,2.0,0.207890700914653,2,6,2,8,0.75,0,300
300,sc_2012_insc_181,allowed,5.0,0.2036236940106741,2,5,3,8,0.625,1,300
300,sc_2012_insc_427,allowed,4.0,0.18738498555780822,2,4,4,8,0.5,1,300
300,sc_2021_insc_60,allowed,3.0,0.1814623355990753,2,3,5,8,0.375,1,300
301,in_abs_train_6194,dismissed,5.0,0.1837466576604562,2,3,5,8,0.375,0,300
301,in_abs_train_6273,dismissed,3.0,0.20413109019482303,2,5,3,8,0.625,0,300
301,sc_1970_insc_252,allowed,5.0,0.17555348378668778,2,5,3,8,0.625,1,300
301,sc_1976_insc_176,dismissed,4.0,0.1798054445556782,2,4,4,8,0.5,0,300
301,sc_1987_insc_196,allowed,3.0,0.21101270473842137,2,3,5,8,0.375,1,300
301,sc_1996_insc_1461,allowed,2.0,0.13100782078617618,2,2,6,8,0.25,1,300
301,sc_1999_insc_331,allowed,5.0,0.16818689127707603,2,5,3,8,0.625,1,300
301,sc_2008_insc_426,dismissed,3.0,0.18106830486527925,2,5,3,8,0.625,0,300
301,sc_2010_insc_370,dismissed,3.0,0.21477622431408053,2,5,3,8,0.625,0,300
301,sc_2015_insc_412,allowed,3.0,0.17607940318276413,2,3,5,8,0.375,1,300
301,sc_2016_insc_1064,allowed,2.0,0.17719355476903237,2,2,6,8,0.25,1,300
301,sc_2016_insc_478,dismissed,4.0,0.19510246976990697,2,4,4,8,0.5,0,300
302,in_abs_train_1029,dismissed,6.0,0.18410801618044995,2,2,6,8,0.25,0,300
302,in_abs_train_1863,allowed,3.0,0.20079846755015512,2,3,5,8,0.375,1,300
302,in_abs_train_3453,dismissed,3.0,0.18153169919465853,2,5,3,8,0.625,0,300
302,in_abs_train_4601,dismissed,3.0,0.1978660243481778,2,5,3,8,0.625,0,300
302,in_abs_train_5567,dismissed,1.0,0.12186589088124379,2,7,1,8,0.875,0,300
302,in_abs_train_5753,allowed,5.0,0.17029571124786463,2,5,3,8,0.625,1,300
302,sc_1966_insc_162,allowed,4.0,0.17143748858620156,2,4,4,8,0.5,1,300
302,sc_1970_insc_183,allowed,4.0,0.19286593649481568,2,4,4,8,0.5,1,300
302,sc_1972_insc_245,dismissed,3.0,0.20353200171901695,2,5,3,8,0.625,0,300
302,sc_1990_insc_71,dismissed,4.0,0.21570940894440108,2,4,4,8,0.5,0,300
302,sc_2004_insc_393,allowed,3.0,0.18959994082214932,2,3,5,8,0.375,1,300
302,sc_2013_insc_477,allowed,4.0,0.1683329999849363,2,4,4,8,0.5,1,300
303,in_abs_train_2790,dismissed,8.0,0.055884464837445115,1,0,8,8,0.0,0,300
303,sc_1958_insc_1,allowed,2.0,0.17831681853604683,2,2,6,8,0.25,1,300
303,sc_1961_insc_158,dismissed,1.0,0.15519345762079317,2,7,1,8,0.875,0,300
303,sc_1966_insc_97,dismissed,4.0,0.219457770811705,2,4,4,8,0.5,0,300
303,sc_1972_insc_6,allowed,4.0,0.17680672198613978,2,4,4,8,0.5,1,300
303,sc_1976_insc_42,dismissed,4.0,0.22012440974856748,2,4,4,8,0.5,0,300
303,sc_1988_insc_370,allowed,4.0,0.1763937325528562,2,4,4,8,0.5,1,300
303,sc_1995_insc_613,allowed,2.0,0.1616743171361134,2,2,6,8,0.25,1,300
303,sc_1995_insc_726,dismissed,4.0,0.2293809705130592,2,4,4,8,0.5,0,300
303,sc_2006_insc_103,allowed,6.0,0.15599538898290732,2,6,2,8,0.75,1,300
303,sc_2008_insc_237,dismissed,4.0,0.16626773258925845,2,4,4,8,0.5,0,300
303,sc_2024_insc_407,allowed,1.0,0.13016449598463234,2,1,7,8,0.125,1,300
304,in_abs_train_1841,allowed,5.0,0.1828933985246194,2,5,3,8,0.625,1,300
304,in_abs_train_2338,dismissed,4.0,0.18738691530303203,2,4,4,8,0.5,0,300
304,sc_1957_insc_5,allowed,2.0,0.15550295343428597,2,2,6,8,0.25,1,300
304,sc_1964_insc_28,allowed,4.0,0.17884216322008098,2,4,4,8,0.5,1,300
304,sc_1975_insc_218,allowed,3.0,0.23640016069505873,2,3,5,8,0.375,1,300
304,sc_1982_insc_13,dismissed,5.0,0.19966672007909292,2,3,5,8,0.375,0,300
304,sc_1988_insc_87,dismissed,3.0,0.17550222787658556,2,5,3,8,0.625,0,300
304,sc_1995_insc_198,dismissed,4.0,0.19254179315166434,2,4,4,8,0.5,0,300
304,sc_1996_insc_512,allowed,6.0,0.17325197123182834,3,6,1,7,0.8571428571428571,1,300
304,sc_2014_insc_222,dismissed,4.0,0.14382128281493162,2,4,4,8,0.5,0,300
304,sc_2016_insc_857,dismissed,4.0,0.18695368908826387,2,4,4,8,0.5,0,300
304,sc_2022_insc_1261,allowed,2.0,0.1620185174601965,2,2,6,8,0.25,1,300
305,sc_1952_insc_60,allowed,4.0,0.22115861128594289,2,4,4,8,0.5,1,300
305,sc_1955_insc_56,dismissed,4.0,0.2075226270203714,2,4,4,8,0.5,0,300
305,sc_1984_insc_77,dismissed,2.0,0.13604594401866074,2,6,2,8,0.75,0,300
305,sc_1989_insc_129,dismissed,4.0,0.19958667368464256,2,4,4,8,0.5,0,300
305,sc_2000_insc_432,dismissed,4.0,0.18065698626633814,2,4,4,8,0.5,0,300
305,sc_2003_insc_97,allowed,3.0,0.18792174010308296,2,3,5,8,0.375,1,300
305,sc_2005_insc_222,dismissed,5.0,0.2133733505745569,2,3,5,8,0.375,0,300
305,sc_2007_insc_945,allowed,5.0,0.18122356642221152,2,5,3,8,0.625,1,300
305,sc_2009_insc_1000,dismissed,4.0,0.2228270221953264,2,4,4,8,0.5,0,300
305,sc_2015_insc_116,allowed,5.0,0.21006030289698857,2,5,3,8,0.625,1,300
305,sc_2020_insc_399,allowed,1.0,0.12168117698686251,2,1,7,8,0.125,1,300
305,sc_2024_insc_99,allowed,3.0,0.1940211253094016,2,3,5,8,0.375,1,300
306,in_abs_train_4569,allowed,4.0,0.21066082251538168,2,4,4,8,0.5,1,300
306,in_abs_train_5076,allowed,5.0,0.17394569319773212,3,5,2,7,0.7142857142857143,1,300
306,in_abs_train_5284,dismissed,3.0,0.19852120328761333,2,5,3,8,0.625,0,300
306,in_abs_train_6472,allowed,5.0,0.20193522093684027,2,5,3,8,0.625,1,300
306,sc_1960_insc_129,dismissed,2.0,0.17225877284315178,2,6,2,8,0.75,0,300
306,sc_1965_insc_177,dismissed,2.0,0.2026350574949687,2,6,2,8,0.75,0,300
306,sc_1992_insc_110,dismissed,6.0,0.16097087899346443,2,2,6,8,0.25,0,300
306,sc_1994_insc_348,dismissed,4.0,0.1998885466460831,2,4,4,8,0.5,0,300
306,sc_1996_insc_276,allowed,5.0,0.18075538114396483,2,5,3,8,0.625,1,300
306,sc_1996_insc_620,allowed,2.0,0.1407843387409346,2,2,6,8,0.25,1,300
306,sc_2008_insc_1493,dismissed,5.0,0.19620830451757315,2,3,5,8,0.375,0,300
306,sc_2020_insc_59,allowed,4.0,0.19518504261299652,2,4,4,8,0.5,1,300
307,in_abs_train_3584,allowed,2.0,0.15618068994933587,3,2,5,7,0.2857142857142857,1,300
307,in_abs_train_397,dismissed,2.0,0.1615702090589634,2,6,2,8,0.75,0,300
307,sc_1959_insc_106,dismissed,2.0,0.1775761050563905,2,6,2,8,0.75,0,300
307,sc_1986_insc_9,dismissed,4.0,0.19614089699957254,2,4,4,8,0.5,0,300
307,sc_2005_insc_385,allowed,4.0,0.17303893231933176,2,4,4,8,0.5,1,300
307,sc_2006_insc_764,dismissed,5.0,0.21343430895962212,2,3,5,8,0.375,0,300
307,sc_2006_insc_772,allowed,4.0,0.21782534595361952,2,4,4,8,0.5,1,300
307,sc_2007_insc_720,dismissed,7.0,0.1275897030994819,2,1,7,8,0.125,0,300
307,sc_2014_insc_327,allowed,6.0,0.1732510656827371,2,6,2,8,0.75,1,300
307,sc_2015_insc_357,allowed,3.0,0.18688309975978482,2,3,5,8,0.375,1,300
307,sc_2017_insc_590,allowed,4.0,0.22770805695317167,2,4,4,8,0.5,1,300
307,sc_2019_insc_771,dismissed,5.0,0.14328890350200363,2,3,5,8,0.375,0,300
308,sc_1963_insc_48,dismissed,3.0,0.20410081542498268,2,5,3,8,0.625,0,300
308,sc_1967_insc_5,allowed,5.0,0.20755310721486406,2,5,3,8,0.625,1,300
308,sc_1973_insc_17,allowed,3.0,0.17443931928711895,2,3,5,8,0.375,1,300
308,sc_1978_insc_231,dismissed,2.0,0.1590721281817959,2,6,2,8,0.75,0,300
308,sc_1989_insc_172,dismissed,4.0,0.19046984903878392,2,4,4,8,0.5,0,300
308,sc_1991_insc_59,dismissed,3.0,0.19411236719427147,2,5,3,8,0.625,0,300
308,sc_1992_insc_16,allowed,2.0,0.190540041036005,3,2,3,5,0.4,1,300
308,sc_2009_insc_833,allowed,5.0,0.19677438452688495,2,5,3,8,0.625,1,300
308,sc_2015_insc_831,dismissed,5.0,0.18439002498104043,2,3,5,8,0.375,0,300
308,sc_2016_insc_1006,dismissed,4.0,0.1815666267303519,2,4,4,8,0.5,0,300
308,sc_2019_insc_1305,allowed,4.0,0.1864269653050683,2,4,4,8,0.5,1,300
308,sc_2024_insc_145,allowed,5.0,0.1572086931683363,2,5,3,8,0.625,1,300
309,in_abs_train_3749,dismissed,3.0,0.19982041552295104,2,5,3,8,0.625,0,300
309,sc_1970_insc_240,dismissed,2.0,0.20164471479339588,2,6,2,8,0.75,0,300
309,sc_1971_insc_195,dismissed,4.0,0.176508273208121,2,4,4,8,0.5,0,300
309,sc_1992_insc_153,allowed,4.0,0.20103766407693072,2,4,4,8,0.5,1,300
309,sc_1994_insc_198,allowed,4.0,0.20976633677425907,2,4,4,8,0.5,1,300
309,sc_1995_insc_744,allowed,4.0,0.18678365242306402,2,4,4,8,0.5,1,300
309,sc_2006_insc_226,allowed,6.0,0.16201851746019652,2,6,2,8,0.75,1,300
309,sc_2018_insc_697,allowed,4.0,0.16440493539006742,2,4,4,8,0.5,1,300
309,sc_2020_insc_660,dismissed,2.0,0.14814361966414172,3,5,2,7,0.7142857142857143,0,300
309,sc_2021_insc_525,dismissed,4.0,0.18648347063862947,2,4,4,8,0.5,0,300
309,sc_2021_insc_659,allowed,5.0,0.1948090431906817,2,5,3,8,0.625,1,300
309,sc_2021_insc_85,dismissed,3.0,0.20316515262483234,2,5,3,8,0.625,0,300
310,in_abs_train_4587,allowed,7.0,0.13126401906836166,2,7,1,8,0.875,1,300
310,in_abs_train_5087,dismissed,5.0,0.1863296603736789,2,3,5,8,0.375,0,300
310,sc_1961_insc_115,dismissed,6.0,0.16326515418926732,2,2,6,8,0.25,0,300
310,sc_1962_insc_156,allowed,6.0,0.17716522441233046,2,6,2,8,0.75,1,300
310,sc_1962_insc_6,dismissed,4.0,0.2091657035586606,2,4,4,8,0.5,0,300
310,sc_1965_insc_278,dismissed,5.0,0.1966136755594239,2,3,5,8,0.375,0,300
310,sc_1989_insc_215,dismissed,3.0,0.22169875247941392,2,5,3,8,0.625,0,300
310,sc_2009_insc_300,dismissed,4.0,0.1878500485733446,2,4,4,8,0.5,0,300
310,sc_2010_insc_548,allowed,3.0,0.18169395136956462,2,3,5,8,0.375,1,300
310,sc_2012_insc_502,allowed,2.0,0.1398453248272285,3,2,5,7,0.2857142857142857,1,300
310,sc_2016_insc_1007,allowed,2.0,0.16882507020842122,2,2,6,8,0.25,1,300
310,sc_2021_insc_882,allowed,5.0,0.19075570753022605,2,5,3,8,0.625,1,300
311,in_abs_train_2888,dismissed,3.0,0.1585292100900036,2,5,3,8,0.625,0,300
311,in_abs_train_6546,dismissed,6.0,0.18043060773815808,2,2,6,8,0.25,0,300
311,in_abs_train_893,allowed,3.0,0.21893223042277876,2,3,5,8,0.375,1,300
311,sc_1958_insc_11,allowed,2.0,0.17784984622579342,3,2,5,7,0.2857142857142857,1,300
311,sc_1965_insc_7,dismissed,6.0,0.15628345262271176,2,2,6,8,0.25,0,300
311,sc_1976_insc_121,dismissed,4.0,0.19147926642654783,2,4,4,8,0.5,0,300
311,sc_1991_insc_216,dismissed,5.0,0.178210478825235,2,3,5,8,0.375,0,300
311,sc_1991_insc_99,allowed,5.0,0.18847323174516614,2,5,3,8,0.625,1,300
311,sc_1999_insc_480,allowed,1.0,0.11519389568254862,2,1,7,8,0.125,1,300
311,sc_2001_insc_567,dismissed,5.0,0.1965743566644534,2,3,5,8,0.375,0,300
311,sc_2007_insc_320,allowed,4.0,0.18304839024051223,2,4,4,8,0.5,1,300
311,sc_2024_insc_301,allowed,6.0,0.17499083051432085,3,6,1,7,0.8571428571428571,1,300
312,in_abs_train_4059,dismissed,6.0,0.15100899259399056,2,2,6,8,0.25,0,300
312,in_abs_train_5211,allowed,4.0,0.17869152945344863,2,4,4,8,0.5,1,300
312,sc_1965_insc_141,allowed,6.0,0.16860145605256419,2,6,2,8,0.75,1,300
312,sc_1968_insc_245,dismissed,2.0,0.15159776324351393,3,5,2,7,0.7142857142857143,0,300
312,sc_1981_insc_143,dismissed,1.0,0.14341481554502264,2,7,1,8,0.875,0,300
312,sc_1991_insc_334,dismissed,4.0,0.18143694826707918,2,4,4,8,0.5,0,300
312,sc_1993_insc_202,allowed,3.0,0.20783246306381142,2,3,5,8,0.375,1,300
312,sc_2004_insc_347,allowed,4.0,0.1778668712378125,2,4,4,8,0.5,1,300
312,sc_2011_insc_271,dismissed,4.0,0.20314326019347598,2,4,4,8,0.5,0,300
312,sc_2016_insc_300,dismissed,3.0,0.20153444572206505,2,5,3,8,0.625,0,300
312,sc_2017_insc_963,allowed,4.0,0.19887158853363013,3,4,3,7,0.5714285714285714,1,300
312,sc_2021_insc_532,allowed,4.0,0.18081773269056645,2,4,4,8,0.5,1,300
313,in_abs_train_4395,dismissed,4.0,0.18584525289914705,2,4,4,8,0.5,0,300
313,sc_1951_insc_56,allowed,2.0,0.12343346964487155,2,2,6,8,0.25,1,300
313,sc_1962_insc_191,dismissed,4.0,0.23897081104859189,2,4,4,8,0.5,0,300
313,sc_1963_insc_146,dismissed,5.0,0.19466459249547302,2,3,5,8,0.375,0,300
313,sc_1992_insc_302,dismissed,0.0,0.05829191077745501,1,8,0,8,1.0,0,300
313,sc_1995_insc_739,dismissed,4.0,0.19289612195160943,2,4,4,8,0.5,0,300
313,sc_1996_insc_696,allowed,5.0,0.17678238793112241,2,5,3,8,0.625,1,300
313,sc_1997_insc_668,allowed,8.0,0.08684881271405655,1,8,0,8,1.0,1,300
313,sc_1999_insc_397,allowed,3.0,0.1639453505457267,2,3,5,8,0.375,1,300
313,sc_2001_insc_608,allowed,2.0,0.19789223174884665,2,2,6,8,0.25,1,300
313,sc_2014_insc_248,dismissed,3.0,0.18460925691669408,2,5,3,8,0.625,0,300
313,sc_2023_insc_655,allowed,1.0,0.12874527283048712,2,1,7,8,0.125,1,300
314,in_abs_train_2106,dismissed,7.0,0.11107869053955627,2,1,7,8,0.125,0,300
314,sc_1972_insc_26,dismissed,2.0,0.2025187073960266,2,6,2,8,0.75,0,300
314,sc_1989_insc_52,allowed,7.0,0.13410075888773343,2,7,1,8,0.875,1,300
314,sc_1994_insc_468,dismissed,5.0,0.21576259000715522,2,3,5,8,0.375,0,300
314,sc_2003_insc_158,allowed,6.0,0.18932496392257867,2,6,2,8,0.75,1,300
314,sc_2003_insc_99,allowed,4.0,0.15173555227535296,2,4,4,8,0.5,1,300
314,sc_2004_insc_35,dismissed,2.0,0.16219619609221947,2,6,2,8,0.75,0,300
314,sc_2008_insc_1485,dismissed,4.0,0.15035585393492334,2,4,4,8,0.5,0,300
314,sc_2011_insc_181,allowed,3.0,0.20228782700735387,2,3,5,8,0.375,1,300
314,sc_2013_insc_133,allowed,2.0,0.1966005674937559,3,2,5,7,0.2857142857142857,1,300
314,sc_2013_insc_190,dismissed,6.0,0.1690763800671962,2,2,6,8,0.25,0,300
314,sc_2021_insc_462,allowed,5.0,0.173614978369626,2,5,3,8,0.625,1,300
315,in_abs_train_2521,allowed,5.0,0.1816885550242109,2,5,3,8,0.625,1,300
315,in_abs_train_2964,dismissed,3.0,0.188072934180941,2,5,3,8,0.625,0,300
315,in_abs_train_6189,allowed,4.0,0.18288035101977368,2,4,4,8,0.5,1,300
315,in_abs_train_6473,dismissed,4.0,0.17809311118064056,2,4,4,8,0.5,0,300
315,sc_1951_insc_59,dismissed,3.0,0.16847925627989632,2,5,3,8,0.625,0,300
315,sc_1956_insc_38,allowed,4.0,0.1916680187913226,2,4,4,8,0.5,1,300
315,sc_1990_insc_58,dismissed,3.0,0.1538471383038557,2,5,3,8,0.625,0,300
315,sc_2000_insc_240,allowed,2.0,0.16218440622335983,2,2,6,8,0.25,1,300
315,sc_2004_insc_41,dismissed,2.0,0.1639972778519727,2,6,2,8,0.75,0,300
315,sc_2011_insc_589,allowed,3.0,0.2403246941808571,2,3,5,8,0.375,1,300
315,sc_2013_insc_369,dismissed,7.0,0.11954981666043192,2,1,7,8,0.125,0,300
315,sc_2020_insc_14,allowed,6.0,0.17401346180938376,2,6,2,8,0.75,1,300
316,in_abs_train_2272,dismissed,4.0,0.17917867588489728,2,4,4,8,0.5,0,300
316,in_abs_train_2548,allowed,2.0,0.19256087859242255,2,2,6,8,0.25,1,300
316,in_abs_train_4763,allowed,4.0,0.17319034892036284,2,4,4,8,0.5,1,300
316,sc_1957_insc_94,dismissed,4.0,0.2162908446028526,2,4,4,8,0.5,0,300
316,sc_1978_insc_251,dismissed,4.0,0.19612634614144434,2,4,4,8,0.5,0,300
316,sc_2000_insc_112,allowed,3.0,0.20773418110021366,2,3,5,8,0.375,1,300
316,sc_2001_insc_233,allowed,3.0,0.22148189359141093,2,3,5,8,0.375,1,300
316,sc_2001_insc_71,dismissed,6.0,0.1718099783297822,2,2,6,8,0.25,0,300
316,sc_2003_insc_692,allowed,3.0,0.19545619713889859,2,3,5,8,0.375,1,300
316,sc_2005_insc_25,dismissed,3.0,0.20290068597236322,2,5,3,8,0.625,0,300
316,sc_2008_insc_526,dismissed,6.0,0.15034932167052073,2,2,6,8,0.25,0,300
316,sc_2022_insc_80,allowed,5.0,0.23541205974951307,2,5,3,8,0.625,1,300
317,in_abs_train_1239,dismissed,4.0,0.21782717336309795,2,4,4,8,0.5,0,300
317,in_abs_train_6169,allowed,3.0,0.18568026474099422,2,3,5,8,0.375,1,300
317,sc_1964_insc_229,dismissed,4.0,0.17707370527047284,2,4,4,8,0.5,0,300
317,sc_1966_insc_188,dismissed,5.0,0.1934253303072236,2,3,5,8,0.375,0,300
317,sc_1975_insc_141,allowed,3.0,0.15974997360266888,2,3,5,8,0.375,1,300
317,sc_1988_insc_15,dismissed,6.0,0.16617664149887895,2,2,6,8,0.25,0,300
317,sc_1988_insc_269,allowed,4.0,0.186198374916186,2,4,4,8,0.5,1,300
317,sc_1997_insc_579,dismissed,5.0,0.17126600804278908,2,3,5,8,0.375,0,300
317,sc_2011_insc_39,allowed,5.0,0.1848111408534939,3,5,1,6,0.8333333333333334,1,300
317,sc_2014_insc_366,dismissed,6.0,0.16380791789236832,2,2,6,8,0.25,0,300
317,sc_2014_insc_906,allowed,4.0,0.18803736983737337,2,4,4,8,0.5,1,300
317,sc_2019_insc_720,allowed,5.0,0.18106830486527925,2,5,3,8,0.625,1,300
318,sc_1957_insc_89,dismissed,4.0,0.17201697960345552,2,4,4,8,0.5,0,300
318,sc_1975_insc_98,allowed,7.0,0.11691541031721547,2,7,1,8,0.875,1,300
318,sc_1994_insc_8,allowed,4.0,0.19418856506794815,2,4,4,8,0.5,1,300
318,sc_1995_insc_103,dismissed,6.0,0.15952638068438918,2,2,6,8,0.25,0,300
318,sc_1996_insc_379,dismissed,5.0,0.1936865279651507,2,3,5,8,0.375,0,300
318,sc_1997_insc_153,allowed,4.0,0.17273886698527163,2,4,4,8,0.5,1,300
318,sc_1999_insc_238,dismissed,3.0,0.21767033303582867,2,5,3,8,0.625,0,300
318,sc_2011_insc_482,allowed,4.0,0.20928666846747376,2,4,4,8,0.5,1,300
318,sc_2012_insc_617,allowed,5.0,0.1981035984385082,3,5,2,7,0.7142857142857143,1,300
318,sc_2019_insc_1060,dismissed,5.0,0.17987094763997782,2,3,5,8,0.375,0,300
318,sc_2022_insc_70,allowed,6.0,0.1654305440423699,2,6,2,8,0.75,1,300
318,sc_2023_insc_411,dismissed,3.0,0.1818275649973269,2,5,3,8,0.625,0,300
319,sc_1968_insc_26,allowed,4.0,0.2347518702259407,3,4,3,7,0.5714285714285714,1,300
319,sc_1975_insc_47,dismissed,5.0,0.23308542332366078,2,3,5,8,0.375,0,300
319,sc_1994_insc_336,dismissed,7.0,0.11758432416223887,2,1,7,8,0.125,0,300
319,sc_2001_insc_458,allowed,1.0,0.1308504524364274,3,1,6,7,0.14285714285714285,1,300
319,sc_2004_insc_283,allowed,3.0,0.19084543962993625,2,3,5,8,0.375,1,300
319,sc_2005_insc_613,allowed,5.0,0.13102999279498664,2,5,3,8,0.625,1,300
319,sc_2009_insc_719,dismissed,1.0,0.1310067282220012,2,7,1,8,0.875,0,300
319,sc_2013_insc_553,dismissed,2.0,0.17039792909854107,2,6,2,8,0.75,0,300
319,sc_2013_insc_690,allowed,5.0,0.18316594499099073,2,5,3,8,0.625,1,300
319,sc_2018_insc_104,dismissed,5.0,0.2309525650573692,2,3,5,8,0.375,0,300
319,sc_2020_insc_368,dismissed,6.0,0.17108479708078275,2,2,6,8,0.25,0,300
319,sc_2022_insc_888,allowed,4.0,0.20230393971034072,2,4,4,8,0.5,1,300
320,in_abs_train_5164,dismissed,2.0,0.16184678808212413,2,6,2,8,0.75,0,300
320,sc_1986_insc_149,allowed,4.0,0.18097394926480437,2,4,4,8,0.5,1,300
320,sc_1986_insc_279,dismissed,4.0,0.1837763059449548,2,4,4,8,0.5,0,300
320,sc_1995_insc_20,dismissed,4.0,0.23625636706925518,2,4,4,8,0.5,0,300
320,sc_2002_insc_272,allowed,3.0,0.1730200095052757,2,3,5,8,0.375,1,300
320,sc_2007_insc_102,dismissed,3.0,0.19070520708432726,2,5,3,8,0.625,0,300
320,sc_2007_insc_1104,dismissed,2.0,0.15777404941764933,2,6,2,8,0.75,0,300
320,sc_2009_insc_567,dismissed,3.0,0.20589159881304134,3,4,3,7,0.5714285714285714,0,300
320,sc_2010_insc_767,allowed,3.0,0.18327869011155642,2,3,5,8,0.375,1,300
320,sc_2018_insc_258,allowed,4.0,0.19747573156854423,2,4,4,8,0.5,1,300
320,sc_2020_insc_666,allowed,4.0,0.1822361320169521,2,4,4,8,0.5,1,300
320,sc_2022_insc_817,allowed,4.0,0.15987514310839124,2,4,4,8,0.5,1,300
321,in_abs_train_3679,allowed,2.0,0.17858400134310543,3,2,5,7,0.2857142857142857,1,300
321,in_abs_train_6971,allowed,6.0,0.14728663844006273,2,6,2,8,0.75,1,300
321,sc_1955_insc_17,dismissed,4.0,0.20612214170628854,2,4,4,8,0.5,0,300
321,sc_1967_insc_296,allowed,5.0,0.22670075461466185,2,5,3,8,0.625,1,300
321,sc_1969_insc_19,allowed,2.0,0.15443173118959164,2,2,6,8,0.25,1,300
321,sc_1975_insc_261,dismissed,2.0,0.1543771677368331,2,6,2,8,0.75,0,300
321,sc_1986_insc_118,dismissed,5.0,0.21813687989581032,2,3,5,8,0.375,0,300
321,sc_2000_insc_290,dismissed,2.0,0.1631692229926687,3,5,2,7,0.7142857142857143,0,300
321,sc_2001_insc_129,dismissed,5.0,0.1882334282108767,2,3,5,8,0.375,0,300
321,sc_2009_insc_303,dismissed,3.0,0.18066770688891803,2,5,3,8,0.625,0,300
321,sc_2017_insc_1262,allowed,4.0,0.20739082229819164,3,4,3,7,0.5714285714285714,1,300
321,sc_2020_insc_163,allowed,4.0,0.17667465001108046,2,4,4,8,0.5,1,300
322,sc_1972_insc_33,allowed,6.0,0.15982382335653308,2,6,2,8,0.75,1,300
322,sc_1979_insc_149,dismissed,2.0,0.19395097583354845,2,6,2,8,0.75,0,300
322,sc_1990_insc_185,dismissed,3.0,0.18741152123069246,2,5,3,8,0.625,0,300
322,sc_1993_insc_369,allowed,3.0,0.17988621697687115,2,3,5,8,0.375,1,300
322,sc_1995_insc_384,allowed,3.0,0.15916778481708763,2,3,5,8,0.375,1,300
322,sc_2002_insc_134,allowed,4.0,0.2199480772944818,2,4,4,8,0.5,1,300
322,sc_2004_insc_493,dismissed,5.0,0.21377561313867738,2,3,5,8,0.375,0,300
322,sc_2007_insc_80,dismissed,7.0,0.13122039996641885,2,1,7,8,0.125,0,300
322,sc_2007_insc_878,allowed,2.0,0.14072390480969407,2,2,6,8,0.25,1,300
322,sc_2011_insc_144,dismissed,3.0,0.20771978789031367,2,5,3,8,0.625,0,300
322,sc_2011_insc_91,allowed,4.0,0.2225045218798346,2,4,4,8,0.5,1,300
322,sc_2015_insc_490,dismissed,3.0,0.18091091125882927,2,5,3,8,0.625,0,300
323,in_abs_train_2287,allowed,1.0,0.16710148297087077,2,1,7,8,0.125,1,300
323,sc_1959_insc_42,dismissed,6.0,0.1472571719091977,2,2,6,8,0.25,0,300
323,sc_1961_insc_152,allowed,1.0,0.19928609984720735,2,1,7,8,0.125,1,300
323,sc_1966_insc_193,dismissed,1.0,0.14876856085733073,2,7,1,8,0.875,0,300
323,sc_1966_insc_44,dismissed,6.0,0.1664122865269955,2,2,6,8,0.25,0,300
323,sc_1987_insc_1,dismissed,6.0,0.1571665437697384,2,2,6,8,0.25,0,300
323,sc_1988_insc_275,allowed,3.0,0.2268193496179528,2,3,5,8,0.375,1,300
323,sc_2005_insc_500,dismissed,4.0,0.2314762884983124,2,4,4,8,0.5,0,300
323,sc_2010_insc_547,allowed,3.0,0.2513495799737446,2,3,5,8,0.375,1,300
323,sc_2011_insc_56,allowed,4.0,0.18410215461542523,2,4,4,8,0.5,1,300
323,sc_2012_insc_516,dismissed,4.0,0.20164743525606127,3,3,4,7,0.42857142857142855,0,300
323,sc_2023_insc_237,allowed,5.0,0.19470814439212328,2,5,3,8,0.625,1,300
324,in_abs_train_4561,allowed,5.0,0.19040889975823833,2,5,3,8,0.625,1,300
324,sc_1953_insc_72,dismissed,3.0,0.18130039939677067,2,5,3,8,0.625,0,300
324,sc_1965_insc_269,dismissed,2.0,0.16775241947903888,2,6,2,8,0.75,0,300
324,sc_1984_insc_174,allowed,5.0,0.16907405194456468,2,5,3,8,0.625,1,300
324,sc_1993_insc_20,allowed,2.0,0.2127016631295583,2,2,6,8,0.25,1,300
324,sc_1996_insc_31,dismissed,7.0,0.10489905330329999,2,1,7,8,0.125,0,300
324,sc_1999_insc_55,allowed,4.0,0.1873482680111714,2,4,4,8,0.5,1,300
324,sc_2003_insc_306,dismissed,5.0,0.20623326081851728,2,3,5,8,0.375,0,300
324,sc_2011_insc_325,dismissed,3.0,0.19029905371847797,2,5,3,8,0.625,0,300
324,sc_2020_insc_527,allowed,5.0,0.17077689798075313,2,5,3,8,0.625,1,300
324,sc_2022_insc_378,dismissed,6.0,0.17412932452891586,2,2,6,8,0.25,0,300
324,sc_2022_insc_671,allowed,4.0,0.2082965750309948,2,4,4,8,0.5,1,300
325,in_abs_train_4293,dismissed,4.0,0.18249863013184509,3,3,4,7,0.42857142857142855,0,300
325,sc_1961_insc_65,dismissed,4.0,0.18314366677166705,2,4,4,8,0.5,0,300
325,sc_1973_insc_15,allowed,6.0,0.13585886020811488,2,6,2,8,0.75,1,300
325,sc_1987_insc_318,dismissed,5.0,0.17948763574109655,2,3,5,8,0.375,0,300
325,sc_1995_insc_517,allowed,2.0,0.18928262813365107,2,2,6,8,0.25,1,300
325,sc_1997_insc_246,dismissed,2.0,0.16425556203233418,2,6,2,8,0.75,0,300
325,sc_1997_insc_575,allowed,5.0,0.18227004490931714,2,5,3,8,0.625,1,300
325,sc_1998_insc_184,allowed,3.0,0.1430083714460343,2,3,5,8,0.375,1,300
325,sc_2001_insc_242,dismissed,4.0,0.18702054868284487,2,4,4,8,0.5,0,300
325,sc_2001_insc_482,allowed,6.0,0.18067605239150838,2,6,2,8,0.75,1,300
325,sc_2002_insc_162,dismissed,5.0,0.19734181785109098,2,3,5,8,0.375,0,300
325,sc_2008_insc_1370,allowed,4.0,0.24361188001970407,2,4,4,8,0.5,1,300
326,in_abs_train_1344,allowed,5.0,0.19440299506181813,2,5,3,8,0.625,1,300
326,sc_1970_insc_238,dismissed,6.0,0.1687258282949497,2,2,6,8,0.25,0,300
326,sc_1978_insc_119,dismissed,3.0,0.18106830486527925,2,5,3,8,0.625,0,300
326,sc_1984_insc_93,dismissed,4.0,0.17935204556960033,2,4,4,8,0.5,0,300
326,sc_1997_insc_707,dismissed,5.0,0.1898390805079271,2,3,5,8,0.375,0,300
326,sc_1998_insc_294,allowed,5.0,0.15898851420427904,2,5,3,8,0.625,1,300
326,sc_1998_insc_3,allowed,5.0,0.19033496390062948,2,5,3,8,0.625,1,300
326,sc_2003_insc_422,allowed,6.0,0.17334603283090813,2,6,2,8,0.75,1,300
326,sc_2005_insc_558,dismissed,5.0,0.18480930990289884,2,3,5,8,0.375,0,300
326,sc_2008_insc_724,allowed,5.0,0.17927423997680206,2,5,3,8,0.625,1,300
326,sc_2009_insc_459,dismissed,1.0,0.14979381290269822,2,7,1,8,0.875,0,300
326,sc_2021_insc_844,allowed,6.0,0.14983713485142017,2,6,2,8,0.75,1,300
327,sc_1970_insc_202,allowed,3.0,0.1884667568424464,3,3,4,7,0.42857142857142855,1,300
327,sc_1997_insc_629,allowed,3.0,0.19378704960058968,2,3,5,8,0.375,1,300
327,sc_2004_insc_379,allowed,5.0,0.1812235664222115,2,5,3,8,0.625,1,300
327,sc_2005_insc_298,dismissed,4.0,0.18738498555780822,2,4,4,8,0.5,0,300
327,sc_2006_insc_622,dismissed,6.0,0.2026073541492439,2,2,6,8,0.25,0,300
327,sc_2007_insc_535,dismissed,4.0,0.16449142453975732,2,4,4,8,0.5,0,300
327,sc_2010_insc_743,dismissed,4.0,0.18672072262108025,2,4,4,8,0.5,0,300
327,sc_2013_insc_59,dismissed,3.0,0.2117858280885826,2,5,3,8,0.625,0,300
327,sc_2018_insc_1090,allowed,4.0,0.21542628154571167,2,4,4,8,0.5,1,300
327,sc_2018_insc_750,allowed,4.0,0.1898691771111169,3,4,3,7,0.5714285714285714,1,300
327,sc_2018_insc_974,dismissed,4.0,0.20696277270493424,2,4,4,8,0.5,0,300
327,sc_2022_insc_583,allowed,3.0,0.1870942484752003,2,3,5,8,0.375,1,300
328,in_abs_train_2166,dismissed,5.0,0.1676190014754312,2,3,5,8,0.375,0,300
328,in_abs_train_5223,dismissed,1.0,0.14884928479034004,2,7,1,8,0.875,0,300
328,sc_1983_insc_40,dismissed,3.0,0.17120034554640348,2,5,3,8,0.625,0,300
328,sc_1987_insc_275,allowed,4.0,0.19596114591756547,2,4,4,8,0.5,1,300
328,sc_1994_insc_180,allowed,6.0,0.17656955858644366,2,6,2,8,0.75,1,300
328,sc_1995_insc_720,allowed,4.0,0.23289040123185886,2,4,4,8,0.5,1,300
328,sc_1996_insc_621,allowed,3.0,0.1777113617228121,2,3,5,8,0.375,1,300
328,sc_1997_insc_724,allowed,2.0,0.17779161934685328,2,2,6,8,0.25,1,300
328,sc_2004_insc_207,allowed,4.0,0.20907389100287654,3,4,3,7,0.5714285714285714,1,300
328,sc_2007_insc_355,dismissed,4.0,0.14557403307988295,2,4,4,8,0.5,0,300
328,sc_2011_insc_416,dismissed,4.0,0.18780874913059828,2,4,4,8,0.5,0,300
328,sc_2019_insc_921,dismissed,7.0,0.1433844869512113,2,1,7,8,0.125,0,300
329,in_abs_train_4067,allowed,5.0,0.1795112784956501,2,5,3,8,0.625,1,300
329,in_abs_train_5467,dismissed,8.0,0.027444993688675333,1,0,8,8,0.0,0,300
329,in_abs_train_6340,allowed,3.0,0.16593598125780934,2,3,5,8,0.375,1,300
329,sc_1968_insc_115,dismissed,4.0,0.21596814569597328,2,4,4,8,0.5,0,300
329,sc_1971_insc_137,dismissed,3.0,0.18535984382111698,2,5,3,8,0.625,0,300
329,sc_1996_insc_440,dismissed,2.0,0.16259439222780278,2,6,2,8,0.75,0,300
329,sc_2009_insc_465,dismissed,4.0,0.1873849855578082,2,4,4,8,0.5,0,300
329,sc_2012_insc_413,allowed,5.0,0.18643555111413068,2,5,3,8,0.625,1,300
329,sc_2016_insc_452,dismissed,2.0,0.17026296625682116,2,6,2,8,0.75,0,300
329,sc_2017_insc_833,allowed,3.0,0.20052552215499167,2,3,5,8,0.375,1,300
329,sc_2019_insc_130,allowed,1.0,0.15044183129427333,2,1,7,8,0.125,1,300
329,sc_2023_insc_150,allowed,3.0,0.23079520684127194,2,3,5,8,0.375,1,300
330,in_abs_train_1635,dismissed,5.0,0.18496889993192975,2,3,5,8,0.375,0,300
330,in_abs_train_3673,dismissed,6.0,0.23310315591053843,2,2,6,8,0.25,0,300
330,sc_1960_insc_66,allowed,5.0,0.19869281208740303,2,5,3,8,0.625,1,300
330,sc_1963_insc_263,dismissed,3.0,0.1951794165003083,2,5,3,8,0.625,0,300
330,sc_1999_insc_210,dismissed,2.0,0.21277175856794717,2,6,2,8,0.75,0,300
330,sc_2003_insc_631,dismissed,2.0,0.14139425314145043,2,6,2,8,0.75,0,300
330,sc_2008_insc_1390,allowed,4.0,0.2233547472742863,2,4,4,8,0.5,1,300
330,sc_2010_insc_197,dismissed,2.0,0.13822899060705765,2,6,2,8,0.75,0,300
330,sc_2010_insc_300,allowed,4.0,0.18205613525483993,2,4,4,8,0.5,1,300
330,sc_2012_insc_152,allowed,5.0,0.17525801133104954,2,5,3,8,0.625,1,300
330,sc_2015_insc_870,allowed,3.0,0.16501964603587693,2,3,5,8,0.375,1,300
330,sc_2018_insc_117,allowed,3.0,0.1784879309252292,3,3,4,7,0.42857142857142855,1,300
331,in_abs_train_2671,allowed,7.0,0.13714310418969564,2,7,1,8,0.875,1,300
331,in_abs_train_726,dismissed,5.0,0.17154204763597425,2,3,5,8,0.375,0,300
331,sc_1963_insc_56,dismissed,6.0,0.18602840064167922,2,2,6,8,0.25,0,300
331,sc_1966_insc_256,allowed,3.0,0.20409932977667822,2,3,5,8,0.375,1,300
331,sc_1983_insc_169,allowed,2.0,0.11772118926887803,2,2,6,8,0.25,1,300
331,sc_1988_insc_9,dismissed,4.0,0.23943150146262251,2,4,4,8,0.5,0,300
331,sc_1989_insc_283,dismissed,2.0,0.15937383052792217,2,6,2,8,0.75,0,300
331,sc_1994_insc_549,dismissed,4.0,0.19056819186143287,2,4,4,8,0.5,0,300
331,sc_1995_insc_331,allowed,6.0,0.15745710512821307,2,6,2,8,0.75,1,300
331,sc_1996_insc_1040,dismissed,6.0,0.17209970598837157,2,2,6,8,0.25,0,300
331,sc_2000_insc_520,allowed,1.0,0.1089791728871913,2,1,7,8,0.125,1,300
331,sc_2016_insc_978,allowed,7.0,0.1679796304615533,2,7,1,8,0.875,1,300
332,in_abs_train_2748,allowed,1.0,0.12494432688773253,2,1,7,8,0.125,1,300
332,in_abs_train_3256,dismissed,5.0,0.18929162624335172,2,3,5,8,0.375,0,300
332,in_abs_train_3886,allowed,3.0,0.18058216558338677,2,3,5,8,0.375,1,300
332,in_abs_train_6252,dismissed,2.0,0.185881599591858,2,6,2,8,0.75,0,300
332,sc_1996_insc_1063,dismissed,5.0,0.1940733678231361,2,3,5,8,0.375,0,300
332,sc_2005_insc_371,allowed,3.0,0.17366726512019512,2,3,5,8,0.375,1,300
332,sc_2007_insc_821,dismissed,4.0,0.18804181849198054,2,4,4,8,0.5,0,300
332,sc_2009_insc_319,dismissed,4.0,0.2260667528794638,2,4,4,8,0.5,0,300
332,sc_2011_insc_628,dismissed,3.0,0.19474199844100576,2,5,3,8,0.625,0,300
332,sc_2018_insc_233,allowed,3.0,0.18106830486527925,2,3,5,8,0.375,1,300
332,sc_2019_insc_341,allowed,4.0,0.23047934327954733,2,4,4,8,0.5,1,300
332,sc_2019_insc_584,allowed,5.0,0.19397928541378548,2,5,3,8,0.625,1,300
333,in_abs_train_1263,allowed,5.0,0.17621798575659062,3,5,2,7,0.7142857142857143,1,300
333,in_abs_train_2739,dismissed,3.0,0.2105937462662004,2,5,3,8,0.625,0,300
333,in_abs_train_7108,dismissed,5.0,0.21953967830775808,2,3,5,8,0.375,0,300
333,sc_1971_insc_125,dismissed,4.0,0.15189398608286675,2,4,4,8,0.5,0,300
333,sc_1972_insc_64,allowed,3.0,0.18130039939677067,2,3,5,8,0.375,1,300
333,sc_1994_insc_141,allowed,3.0,0.25476321328399887,2,3,5,8,0.375,1,300
333,sc_1996_insc_259,allowed,5.0,0.17715914383654588,2,5,3,8,0.625,1,300
333,sc_2010_insc_562,allowed,3.0,0.2056437475230326,2,3,5,8,0.375,1,300
333,sc_2011_insc_299,allowed,3.0,0.20111121823064543,2,3,5,8,0.375,1,300
333,sc_2015_insc_296,dismissed,4.0,0.18414694655006067,2,4,4,8,0.5,0,300
333,sc_2015_insc_668,dismissed,2.0,0.1618910809717888,2,6,2,8,0.75,0,300
333,sc_2023_insc_482,dismissed,5.0,0.18339459876755684,2,3,5,8,0.375,0,300
334,in_abs_train_4852,dismissed,5.0,0.18825346339067073,2,3,5,8,0.375,0,300
334,in_abs_train_6371,allowed,2.0,0.19929080308857872,2,2,6,8,0.25,1,300
334,in_abs_train_6985,dismissed,5.0,0.15416196863952425,2,3,5,8,0.375,0,300
334,sc_1963_insc_82,dismissed,4.0,0.1686125975976767,3,3,4,7,0.42857142857142855,0,300
334,sc_1967_insc_239,allowed,5.0,0.20937625118685863,2,5,3,8,0.625,1,300
334,sc_1987_insc_259,allowed,5.0,0.18075538114396483,2,5,3,8,0.625,1,300
334,sc_1987_insc_295,dismissed,3.0,0.20119686149143645,3,4,3,7,0.5714285714285714,0,300
334,sc_1991_insc_104,dismissed,4.0,0.19988278463418332,2,4,4,8,0.5,0,300
334,sc_1994_insc_174,allowed,5.0,0.18440687578254153,2,5,3,8,0.625,1,300
334,sc_2008_insc_74,allowed,4.0,0.17869097427042666,2,4,4,8,0.5,1,300
334,sc_2013_insc_453,allowed,3.0,0.20802776042428292,2,3,5,8,0.375,1,300
334,sc_2022_insc_1070,dismissed,2.0,0.16167431713611338,2,6,2,8,0.75,0,300
335,in_abs_train_5267,allowed,6.0,0.15426964667078408,2,6,2,8,0.75,1,300
335,sc_1964_insc_135,dismissed,3.0,0.200904913571202,2,5,3,8,0.625,0,300
335,sc_1990_insc_330,dismissed,6.0,0.19867767541291317,3,1,6,7,0.14285714285714285,0,300
335,sc_1995_insc_4,allowed,5.0,0.21645522954996918,2,5,3,8,0.625,1,300
335,sc_2004_insc_707,dismissed,6.0,0.2131532595300881,2,2,6,8,0.25,0,300
335,sc_2006_insc_544,dismissed,3.0,0.19785467157779327,2,5,3,8,0.625,0,300
335,sc_2008_insc_564,dismissed,3.0,0.2037181367504411,2,5,3,8,0.625,0,300
335,sc_2009_insc_563,allowed,6.0,0.19981390616825012,2,6,2,8,0.75,1,300
335,sc_2010_insc_474,dismissed,5.0,0.19738867806477575,2,3,5,8,0.375,0,300
335,sc_2014_insc_575,allowed,2.0,0.15461804179632102,2,2,6,8,0.25,1,300
335,sc_2019_insc_1359,allowed,4.0,0.16470149013647267,2,4,4,8,0.5,1,300
335,sc_2022_insc_743,allowed,6.0,0.19983942302396462,2,6,2,8,0.75,1,300
336,in_abs_train_2164,dismissed,3.0,0.19585709596502912,2,5,3,8,0.625,0,300
336,in_abs_train_2180,allowed,6.0,0.17755365270945514,2,6,2,8,0.75,1,300
336,in_abs_train_5254,allowed,5.0,0.2502026020105177,3,5,2,7,0.7142857142857143,1,300
336,in_abs_train_6510,allowed,3.0,0.19735210478676404,2,3,5,8,0.375,1,300
336,sc_1969_insc_237,allowed,2.0,0.16625290988584754,2,2,6,8,0.25,1,300
336,sc_1970_insc_110,dismissed,4.0,0.17218557977928514,3,3,4,7,0.42857142857142855,0,300
336,sc_1978_insc_157,dismissed,3.0,0.1733009742574214,2,5,3,8,0.625,0,300
336,sc_1996_insc_739,dismissed,3.0,0.17308135321047433,2,5,3,8,0.625,0,300
336,sc_1997_insc_518,allowed,4.0,0.2558971688723038,2,4,4,8,0.5,1,300
336,sc_2000_insc_38,dismissed,4.0,0.18928634770783503,2,4,4,8,0.5,0,300
336,sc_2004_insc_180,dismissed,3.0,0.17456805216393267,2,5,3,8,0.625,0,300
336,sc_2015_insc_426,allowed,5.0,0.16023926924584533,2,5,3,8,0.625,1,300
337,in_abs_train_1154,dismissed,4.0,0.1902918500209634,2,4,4,8,0.5,0,300
337,in_abs_train_1986,dismissed,4.0,0.1642098686205581,2,4,4,8,0.5,0,300
337,in_abs_train_3475,dismissed,3.0,0.21139002490748104,2,5,3,8,0.625,0,300
337,sc_1954_insc_107,dismissed,2.0,0.1769643509114378,2,6,2,8,0.75,0,300
337,sc_1960_insc_154,dismissed,5.0,0.20639418476841034,2,3,5,8,0.375,0,300
337,sc_1989_insc_336,allowed,4.0,0.19594095320493143,2,4,4,8,0.5,1,300
337,sc_1995_insc_56,allowed,3.0,0.20680987711619928,2,3,5,8,0.375,1,300
337,sc_1996_insc_190,dismissed,2.0,0.12392325083782416,2,6,2,8,0.75,0,300
337,sc_1998_insc_286,allowed,5.0,0.20714292761356215,2,5,3,8,0.625,1,300
337,sc_2007_insc_442,allowed,6.0,0.14114176874309237,2,6,2,8,0.75,1,300
337,sc_2013_insc_311,allowed,6.0,0.179659322324822,2,6,2,8,0.75,1,300
337,sc_2023_insc_221,allowed,3.0,0.21731123265702165,2,3,5,8,0.375,1,300
338,in_abs_train_1268,dismissed,4.0,0.18179548148310198,2,4,4,8,0.5,0,300
338,in_abs_train_2485,allowed,3.0,0.1893851164151603,3,3,4,7,0.42857142857142855,1,300
338,in_abs_train_4342,allowed,2.0,0.1283070319368523,3,2,5,7,0.2857142857142857,1,300
338,in_abs_train_4484,dismissed,3.0,0.2021557270918431,2,5,3,8,0.625,0,300
338,in_abs_train_552,dismissed,5.0,0.18686848113331317,2,3,5,8,0.375,0,300
338,in_abs_train_5712,allowed,6.0,0.15262606171243975,2,6,2,8,0.75,1,300
338,sc_1969_insc_174,allowed,6.0,0.1637784735331757,3,6,1,7,0.8571428571428571,1,300
338,sc_1979_insc_123,dismissed,4.0,0.17533234020682173,2,4,4,8,0.5,0,300
338,sc_2007_insc_724,dismissed,5.0,0.2078415223753946,2,3,5,8,0.375,0,300
338,sc_2010_insc_894,dismissed,5.0,0.1809064035420207,2,3,5,8,0.375,0,300
338,sc_2017_insc_620,allowed,3.0,0.18153169919465853,2,3,5,8,0.375,1,300
338,sc_2020_insc_188,allowed,4.0,0.1897950096015247,2,4,4,8,0.5,1,300
339,sc_1978_insc_72,dismissed,4.0,0.17524021649327137,2,4,4,8,0.5,0,300
339,sc_1985_insc_133,allowed,3.0,0.18732374784830808,2,3,5,8,0.375,1,300
339,sc_1985_insc_180,dismissed,4.0,0.21196714117523108,2,4,4,8,0.5,0,300
339,sc_2001_insc_180,dismissed,4.0,0.2193654598379936,2,4,4,8,0.5,0,300
339,sc_2001_insc_484,allowed,4.0,0.18269736915575627,2,4,4,8,0.5,1,300
339,sc_2005_insc_73,dismissed,5.0,0.21131629321699805,2,3,5,8,0.375,0,300
339,sc_2007_insc_964,allowed,5.0,0.18273820724172893,2,5,3,8,0.625,1,300
339,sc_2008_insc_953,dismissed,1.0,0.11234702120930119,2,7,1,8,0.875,0,300
339,sc_2009_insc_43,allowed,4.0,0.18028967932080464,2,4,4,8,0.5,1,300
339,sc_2014_insc_788,allowed,7.0,0.1273547778751899,2,7,1,8,0.875,1,300
339,sc_2021_insc_365,dismissed,4.0,0.18159296156374652,2,4,4,8,0.5,0,300
339,sc_2021_insc_877,allowed,7.0,0.12932186480739405,2,7,1,8,0.875,1,300
340,in_abs_train_1272,dismissed,5.0,0.19561631480509947,2,3,5,8,0.375,0,300
340,in_abs_train_3223,allowed,3.0,0.17548966294746574,2,3,5,8,0.375,1,300
340,in_abs_train_3961,allowed,5.0,0.18543219641071307,2,5,3,8,0.625,1,300
340,sc_1970_insc_155,dismissed,7.0,0.1467350219488211,2,1,7,8,0.125,0,300
340,sc_1978_insc_83,dismissed,4.0,0.22713334838046395,2,4,4,8,0.5,0,300
340,sc_1986_insc_239,allowed,3.0,0.21396495247033825,2,3,5,8,0.375,1,300
340,sc_2008_insc_1383,dismissed,2.0,0.1443196590394504,2,6,2,8,0.75,0,300
340,sc_2009_insc_1115,dismissed,3.0,0.18010815203252578,2,5,3,8,0.625,0,300
340,sc_2009_insc_512,allowed,5.0,0.1650596309222945,2,5,3,8,0.625,1,300
340,sc_2010_insc_176,allowed,5.0,0.19887213696272046,2,5,3,8,0.625,1,300
340,sc_2012_insc_113,allowed,6.0,0.18230138753526953,2,6,2,8,0.75,1,300
340,sc_2021_insc_222,dismissed,3.0,0.16961944366445453,2,5,3,8,0.625,0,300
341,sc_1962_insc_91,allowed,3.0,0.21834893363704913,2,3,5,8,0.375,1,300
341,sc_1966_insc_52,dismissed,5.0,0.1850182654313472,3,2,5,7,0.2857142857142857,0,300
341,sc_1972_insc_312,dismissed,4.0,0.1864129707199476,2,4,4,8,0.5,0,300
341,sc_1985_insc_136,allowed,3.0,0.18091091125882927,2,3,5,8,0.375,1,300
341,sc_1998_insc_310,allowed,3.0,0.20767679539172992,2,3,5,8,0.375,1,300
341,sc_2001_insc_35,dismissed,4.0,0.18738498555780822,2,4,4,8,0.5,0,300
341,sc_2006_insc_57,allowed,3.0,0.18211257845318468,2,3,5,8,0.375,1,300
341,sc_2011_insc_517,dismissed,5.0,0.1632755664215493,2,3,5,8,0.375,0,300
341,sc_2016_insc_1142,dismissed,4.0,0.18869002561718623,2,4,4,8,0.5,0,300
341,sc_2017_insc_986,allowed,5.0,0.16995984812679796,2,5,3,8,0.625,1,300
341,sc_2019_insc_1052,dismissed,4.0,0.17263271324358093,2,4,4,8,0.5,0,300
341,sc_2023_insc_975,allowed,1.0,0.12431605297299989,2,1,7,8,0.125,1,300
342,in_abs_train_1660,dismissed,5.0,0.21014370083350106,2,3,5,8,0.375,0,300
342,in_abs_train_4039,dismissed,4.0,0.17425868176261075,2,4,4,8,0.5,0,300
342,in_abs_train_483,allowed,3.0,0.18234775290180624,2,3,5,8,0.375,1,300
342,sc_1961_insc_43,dismissed,4.0,0.18826823273021168,2,4,4,8,0.5,0,300
342,sc_1962_insc_394,dismissed,5.0,0.18500402090464269,2,3,5,8,0.375,0,300
342,sc_1983_insc_41,dismissed,3.0,0.2107470131969337,2,5,3,8,0.625,0,300
342,sc_1984_insc_28,allowed,6.0,0.1609908033912631,2,6,2,8,0.75,1,300
342,sc_1989_insc_268,allowed,3.0,0.198620275970714,2,3,5,8,0.375,1,300
342,sc_1996_insc_1426,allowed,4.0,0.1741048534648015,2,4,4,8,0.5,1,300
342,sc_1999_insc_357,allowed,5.0,0.20858197900174813,2,5,3,8,0.625,1,300
342,sc_2008_insc_449,dismissed,6.0,0.20849458218342495,2,2,6,8,0.25,0,300
342,sc_2017_4_69_77_en,allowed,6.0,0.19001695178137584,2,6,2,8,0.75,1,300
343,sc_1959_insc_124,dismissed,6.0,0.1617238063739479,2,2,6,8,0.25,0,300
343,sc_1961_insc_1,dismissed,5.0,0.20140736181182475,2,3,5,8,0.375,0,300
343,sc_1961_insc_67,allowed,4.0,0.1873849855578082,2,4,4,8,0.5,1,300
343,sc_1963_insc_8,dismissed,1.0,0.1528305469834805,2,7,1,8,0.875,0,300
343,sc_1988_insc_361,allowed,6.0,0.16491502654201246,2,6,2,8,0.75,1,300
343,sc_1992_insc_101,allowed,2.0,0.23055624508705266,2,2,6,8,0.25,1,300
343,sc_2010_insc_309,dismissed,2.0,0.19615481659143338,2,6,2,8,0.75,0,300
343,sc_2010_insc_608,dismissed,4.0,0.17777862626130603,2,4,4,8,0.5,0,300
343,sc_2011_insc_531,allowed,7.0,0.13029142729583446,2,7,1,8,0.875,1,300
343,sc_2017_insc_670,allowed,5.0,0.17792504061414885,2,5,3,8,0.625,1,300
343,sc_2019_insc_1319,dismissed,4.0,0.23466425467573243,2,4,4,8,0.5,0,300
343,sc_2023_insc_212,allowed,3.0,0.17544628850460003,2,3,5,8,0.375,1,300
344,in_abs_train_4548,allowed,5.0,0.18122356642221155,2,5,3,8,0.625,1,300
344,sc_1961_insc_71,dismissed,3.0,0.17468434209016698,2,5,3,8,0.625,0,300
344,sc_1973_insc_54,allowed,3.0,0.1507546752117966,2,3,5,8,0.375,1,300
344,sc_1996_insc_360,allowed,8.0,0.024365721168386444,1,8,0,8,1.0,1,300
344,sc_2002_insc_118,allowed,7.0,0.15690135211989778,2,7,1,8,0.875,1,300
344,sc_2009_insc_1049,allowed,3.0,0.1732981150655363,2,3,5,8,0.375,1,300
344,sc_2010_insc_302,dismissed,5.0,0.21836950001802807,2,3,5,8,0.375,0,300
344,sc_2010_insc_325,dismissed,6.0,0.18561141462096317,2,2,6,8,0.25,0,300
344,sc_2014_insc_386,allowed,5.0,0.17179113863206097,2,5,3,8,0.625,1,300
344,sc_2021_insc_324,dismissed,6.0,0.16236866945759137,2,2,6,8,0.25,0,300
344,sc_2021_insc_729,dismissed,5.0,0.18075538114396483,2,3,5,8,0.375,0,300
344,sc_2024_insc_162,dismissed,6.0,0.14136931986189322,2,2,6,8,0.25,0,300
345,in_abs_train_2400,dismissed,8.0,0.06802571493093681,1,0,8,8,0.0,0,300
345,in_abs_train_2772,allowed,4.0,0.20688333511977325,3,4,3,7,0.5714285714285714,1,300
345,in_abs_train_5910,allowed,5.0,0.19222060399031943,2,5,3,8,0.625,1,300
345,sc_1962_insc_92,dismissed,4.0,0.20482494789727862,2,4,4,8,0.5,0,300
345,sc_1970_insc_6,allowed,6.0,0.20499626161031712,2,6,2,8,0.75,1,300
345,sc_1984_insc_49,dismissed,3.0,0.18044592272142287,2,5,3,8,0.625,0,300
345,sc_1990_insc_202,dismissed,4.0,0.2079403300387246,2,4,4,8,0.5,0,300
345,sc_2007_insc_323,dismissed,4.0,0.1674065396078125,2,4,4,8,0.5,0,300
345,sc_2009_insc_318,dismissed,3.0,0.1860626304644679,2,5,3,8,0.625,0,300
345,sc_2014_insc_109,allowed,5.0,0.18421327814292496,2,5,3,8,0.625,1,300
345,sc_2019_insc_1283,allowed,5.0,0.196760437001617,2,5,3,8,0.625,1,300
345,sc_2020_insc_87,allowed,6.0,0.15576557701784374,2,6,2,8,0.75,1,300
346,in_abs_train_2202,allowed,5.0,0.20458528782424595,2,5,3,8,0.625,1,300
346,sc_1963_insc_169,dismissed,5.0,0.18862523075816615,2,3,5,8,0.375,0,300
346,sc_1968_insc_125,allowed,4.0,0.17432783860445236,2,4,4,8,0.5,1,300
346,sc_1987_insc_40,dismissed,3.0,0.17434963299946482,3,4,3,7,0.5714285714285714,0,300
346,sc_1999_insc_531,dismissed,7.0,0.09988370853074777,2,1,7,8,0.125,0,300
346,sc_2006_insc_610,dismissed,4.0,0.17640837499920142,2,4,4,8,0.5,0,300
346,sc_2010_insc_141,allowed,4.0,0.16921867911806093,2,4,4,8,0.5,1,300
346,sc_2013_insc_444,dismissed,5.0,0.17755655152802663,2,3,5,8,0.375,0,300
346,sc_2013_insc_763,allowed,2.0,0.15887787266906891,2,2,6,8,0.25,1,300
346,sc_2015_insc_706,dismissed,4.0,0.20762791268890368,2,4,4,8,0.5,0,300
346,sc_2019_insc_758,allowed,5.0,0.18658234711520194,2,5,3,8,0.625,1,300
346,sc_2023_insc_524,allowed,4.0,0.186568421992337,2,4,4,8,0.5,1,300
347,in_abs_train_5077,allowed,4.0,0.2537341907558612,2,4,4,8,0.5,1,300
347,sc_1968_insc_51,dismissed,1.0,0.12536096097156516,2,7,1,8,0.875,0,300
347,sc_1976_insc_218,dismissed,4.0,0.18678558838086443,2,4,4,8,0.5,0,300
347,sc_1981_insc_130,dismissed,4.0,0.19404636680936133,2,4,4,8,0.5,0,300
347,sc_1993_insc_48,allowed,3.0,0.20989219998627712,2,3,5,8,0.375,1,300
347,sc_1997_insc_654,allowed,5.0,0.23646107916148026,2,5,3,8,0.625,1,300
347,sc_1998_insc_264,allowed,4.0,0.16598478287772983,2,4,4,8,0.5,1,300
347,sc_2001_insc_276,dismissed,3.0,0.2009231766737241,2,5,3,8,0.625,0,300
347,sc_2002_insc_2,allowed,4.0,0.17383572545079606,3,4,3,7,0.5714285714285714,1,300
347,sc_2008_insc_897,allowed,5.0,0.23743298228722584,2,5,3,8,0.625,1,300
347,sc_2009_insc_442,dismissed,5.0,0.17290632516445045,2,3,5,8,0.375,0,300
347,sc_2022_insc_47,dismissed,3.0,0.16966132653219254,2,5,3,8,0.625,0,300
348,in_abs_train_131,allowed,4.0,0.18845447105683855,2,4,4,8,0.5,1,300
348,in_abs_train_3119,dismissed,3.0,0.22038926600773587,2,5,3,8,0.625,0,300
348,in_abs_train_6299,dismissed,4.0,0.2155885515236595,2,4,4,8,0.5,0,300
348,in_abs_train_815,dismissed,4.0,0.22602169639576686,2,4,4,8,0.5,0,300
348,sc_1991_insc_344,dismissed,5.0,0.19201047547842898,2,3,5,8,0.375,0,300
348,sc_1993_insc_177,allowed,4.0,0.2133335970478925,2,4,4,8,0.5,1,300
348,sc_1996_insc_225,allowed,5.0,0.1806017193350764,2,5,3,8,0.625,1,300
348,sc_2003_insc_63,allowed,4.0,0.17733586160870002,2,4,4,8,0.5,1,300
348,sc_2008_insc_830,dismissed,5.0,0.17826699227763473,2,3,5,8,0.375,0,300
348,sc_2009_insc_922,dismissed,4.0,0.1695080969284733,2,4,4,8,0.5,0,300
348,sc_2016_insc_333,allowed,5.0,0.18122356642221152,2,5,3,8,0.625,1,300
348,sc_2019_insc_302,allowed,4.0,0.21373217344210416,2,4,4,8,0.5,1,300
349,sc_1962_insc_288,allowed,3.0,0.20874639920117638,2,3,5,8,0.375,1,300
349,sc_1964_insc_236,allowed,5.0,0.2096210308508114,3,5,2,7,0.7142857142857143,1,300
349,sc_1968_insc_177,dismissed,4.0,0.18738691530303203,2,4,4,8,0.5,0,300
349,sc_1968_insc_25,dismissed,6.0,0.1717049584547182,2,2,6,8,0.25,0,300
349,sc_1979_insc_276,dismissed,5.0,0.17715467955931555,2,3,5,8,0.375,0,300
349,sc_1988_insc_181,allowed,1.0,0.1002579405229173,2,1,7,8,0.125,1,300
349,sc_2000_insc_409,allowed,7.0,0.10853001148464486,2,7,1,8,0.875,1,300
349,sc_2008_insc_735,dismissed,5.0,0.18648752265540658,3,2,5,7,0.2857142857142857,0,300
349,sc_2009_insc_985,dismissed,1.0,0.11931919507145528,2,7,1,8,0.875,0,300
349,sc_2010_insc_21,allowed,3.0,0.21749621843775174,2,3,5,8,0.375,1,300
349,sc_2013_insc_350,dismissed,3.0,0.1748943312291768,2,5,3,8,0.625,0,300
349,sc_2015_insc_7,allowed,4.0,0.20061380745437604,2,4,4,8,0.5,1,300
350,in_abs_train_1545,dismissed,2.0,0.19595522125361664,2,6,2,8,0.75,0,300
350,in_abs_train_2720,dismissed,7.0,0.18635702821274466,2,1,7,8,0.125,0,300
350,in_abs_train_3106,dismissed,4.0,0.17242627824253304,2,4,4,8,0.5,0,300
350,sc_1954_insc_90,allowed,5.0,0.20808040445115789,2,5,3,8,0.625,1,300
350,sc_1961_insc_46,allowed,6.0,0.1587192857591696,2,6,2,8,0.75,1,300
350,sc_1969_insc_159,dismissed,4.0,0.19955485197913053,3,3,4,7,0.42857142857142855,0,300
350,sc_1973_insc_69,dismissed,5.0,0.18479461083313184,2,3,5,8,0.375,0,300
350,sc_1987_insc_292,allowed,6.0,0.17968111593830977,2,6,2,8,0.75,1,300
350,sc_1992_insc_18,allowed,4.0,0.18635204714974044,2,4,4,8,0.5,1,300
350,sc_1994_insc_165,allowed,4.0,0.20231520925344795,2,4,4,8,0.5,1,300
350,sc_2007_insc_282,allowed,3.0,0.19927197739027946,2,3,5,8,0.375,1,300
350,sc_2008_insc_911,dismissed,4.0,0.20477670493473754,2,4,4,8,0.5,0,300
351,in_abs_train_618,dismissed,4.0,0.18701069320284822,2,4,4,8,0.5,0,300
351,in_abs_train_6917,allowed,3.0,0.15120238329565347,2,3,5,8,0.375,1,300
351,sc_1972_insc_173,dismissed,5.0,0.2463882394058965,2,3,5,8,0.375,0,300
351,sc_1986_insc_28,allowed,2.0,0.17777736116887166,2,2,6,8,0.25,1,300
351,sc_1993_insc_219,dismissed,3.0,0.20028177646798767,2,5,3,8,0.625,0,300
351,sc_2008_insc_1411,allowed,5.0,0.20978989276688914,2,5,3,8,0.625,1,300
351,sc_2012_insc_242,dismissed,3.0,0.1569434106627765,2,5,3,8,0.625,0,300
351,sc_2019_insc_1007,dismissed,2.0,0.13871218918527464,2,6,2,8,0.75,0,300
351,sc_2019_insc_38,allowed,2.0,0.14516989738627928,2,2,6,8,0.25,1,300
351,sc_2020_insc_273,dismissed,4.0,0.1911685229766187,2,4,4,8,0.5,0,300
351,sc_2020_insc_305,allowed,4.0,0.17255141883328964,2,4,4,8,0.5,1,300
351,sc_2023_insc_678,allowed,6.0,0.16152880681645493,2,6,2,8,0.75,1,300
352,in_abs_train_2011,dismissed,4.0,0.23181122053146114,2,4,4,8,0.5,0,300
352,in_abs_train_7058,allowed,1.0,0.12190233949898904,2,1,7,8,0.125,1,300
352,sc_1967_insc_133,dismissed,5.0,0.1809898749141193,2,3,5,8,0.375,0,300
352,sc_1968_insc_295,dismissed,2.0,0.16530942901784076,2,6,2,8,0.75,0,300
352,sc_1971_insc_204,dismissed,5.0,0.19569257247296917,2,3,5,8,0.375,0,300
352,sc_1978_insc_255,allowed,5.0,0.1788091564324105,2,5,3,8,0.625,1,300
352,sc_1996_insc_726,dismissed,4.0,0.19540440597279982,2,4,4,8,0.5,0,300
352,sc_2003_insc_485,allowed,4.0,0.16422358186618574,2,4,4,8,0.5,1,300
352,sc_2004_insc_395,dismissed,3.0,0.185334608943819,2,5,3,8,0.625,0,300
352,sc_2006_insc_918,allowed,2.0,0.15650654653126447,2,2,6,8,0.25,1,300
352,sc_2017_insc_865,allowed,4.0,0.20908273044334114,2,4,4,8,0.5,1,300
352,sc_2021_insc_379,allowed,1.0,0.12144902184836281,3,1,6,7,0.14285714285714285,1,300
353,in_abs_train_2638,allowed,4.0,0.18732317555020864,2,4,4,8,0.5,1,300
353,in_abs_train_6210,allowed,3.0,0.17997350995553285,2,3,5,8,0.375,1,300
353,sc_1961_insc_50,dismissed,5.0,0.1906216678269799,2,3,5,8,0.375,0,300
353,sc_1979_insc_24,allowed,3.0,0.19687124524008312,2,3,5,8,0.375,1,300
353,sc_1985_insc_85,allowed,6.0,0.17237733734041555,2,6,2,8,0.75,1,300
353,sc_1995_insc_855,dismissed,2.0,0.1620185174601965,2,6,2,8,0.75,0,300
353,sc_1997_insc_679,dismissed,2.0,0.18473632771018697,2,6,2,8,0.75,0,300
353,sc_2008_insc_612,dismissed,4.0,0.23661536981347986,2,4,4,8,0.5,0,300
353,sc_2009_insc_320,dismissed,4.0,0.2006134290735806,2,4,4,8,0.5,0,300
353,sc_2009_insc_477,allowed,5.0,0.2059049525511974,2,5,3,8,0.625,1,300
353,sc_2010_insc_121,allowed,4.0,0.1837450172960845,2,4,4,8,0.5,1,300
353,sc_2013_insc_203,dismissed,5.0,0.18098987491411936,2,3,5,8,0.375,0,300
354,in_abs_train_2429,dismissed,4.0,0.182907008368508,2,4,4,8,0.5,0,300
354,sc_1962_insc_32,dismissed,3.0,0.21490002784754839,2,5,3,8,0.625,0,300
354,sc_1973_insc_147,allowed,4.0,0.20747407214658944,2,4,4,8,0.5,1,300
354,sc_1973_insc_16,dismissed,7.0,0.1459421971493767,2,1,7,8,0.125,0,300
354,sc_1976_insc_307,dismissed,5.0,0.14842600162076755,2,3,5,8,0.375,0,300
354,sc_1982_insc_2,allowed,3.0,0.20168442829989147,2,3,5,8,0.375,1,300
354,sc_1986_insc_4,allowed,5.0,0.18537288632929497,2,5,3,8,0.625,1,300
354,sc_1987_insc_348,allowed,6.0,0.17824684684750727,2,6,2,8,0.75,1,300
354,sc_2006_insc_338,dismissed,4.0,0.16699261839438978,2,4,4,8,0.5,0,300
354,sc_2007_insc_1135,allowed,4.0,0.20613769736106885,2,4,4,8,0.5,1,300
354,sc_2015_insc_378,allowed,6.0,0.1453143605871668,2,6,2,8,0.75,1,300
354,sc_2015_insc_624,dismissed,4.0,0.16706947569063516,2,4,4,8,0.5,0,300
355,sc_1960_insc_30,dismissed,3.0,0.17647359592733355,3,3,3,6,0.5,0,300
355,sc_1975_insc_215,dismissed,5.0,0.18161039293341272,2,3,5,8,0.375,0,300
355,sc_1981_insc_84,dismissed,3.0,0.21625114800741957,2,5,3,8,0.625,0,300
355,sc_1984_insc_242,dismissed,4.0,0.1912089422380268,2,4,4,8,0.5,0,300
355,sc_1994_insc_120,allowed,4.0,0.22103716394902667,2,4,4,8,0.5,1,300
355,sc_1994_insc_283,allowed,3.0,0.17602891085090866,2,3,5,8,0.375,1,300
355,sc_2005_insc_351,allowed,4.0,0.17602214168833094,2,4,4,8,0.5,1,300
355,sc_2006_insc_204,dismissed,6.0,0.16760177737048307,2,2,6,8,0.25,0,300
355,sc_2007_insc_318,dismissed,6.0,0.2345398036917713,2,2,6,8,0.25,0,300
355,sc_2010_insc_149,allowed,6.0,0.1146859648593248,2,6,2,8,0.75,1,300
355,sc_2021_insc_862,allowed,6.0,0.18036677852730243,2,6,2,8,0.75,1,300
355,sc_2022_insc_379,allowed,4.0,0.1937991668471928,2,4,4,8,0.5,1,300
356,in_abs_train_2484,dismissed,2.0,0.1482697691897944,2,6,2,8,0.75,0,300
356,in_abs_train_918,dismissed,2.0,0.15524573662495894,2,6,2,8,0.75,0,300
356,sc_1969_insc_92,dismissed,2.0,0.15393684238675892,3,5,2,7,0.7142857142857143,0,300
356,sc_1971_insc_118,allowed,5.0,0.19036550671789038,2,5,3,8,0.625,1,300
356,sc_1973_insc_28,allowed,2.0,0.17742609125250675,2,2,6,8,0.25,1,300
356,sc_1996_insc_1483,dismissed,3.0,0.18161075494903436,2,5,3,8,0.625,0,300
356,sc_1996_insc_584,dismissed,4.0,0.17378767577132734,2,4,4,8,0.5,0,300
356,sc_1999_insc_32,allowed,3.0,0.1645789225259893,2,3,5,8,0.375,1,300
356,sc_2003_insc_510,allowed,6.0,0.13300034616686046,2,6,2,8,0.75,1,300
356,sc_2007_insc_1074,allowed,3.0,0.18091091125882927,2,3,5,8,0.375,1,300
356,sc_2008_insc_898,dismissed,4.0,0.20297830417137125,2,4,4,8,0.5,0,300
356,sc_2022_insc_473,allowed,5.0,0.20668424817202924,2,5,3,8,0.625,1,300
357,in_abs_train_3778,allowed,3.0,0.20948206167819172,2,3,5,8,0.375,1,300
357,sc_1962_insc_74,dismissed,6.0,0.18485202713727752,2,2,6,8,0.25,0,300
357,sc_1983_insc_38,dismissed,2.0,0.15357987197325285,2,6,2,8,0.75,0,300
357,sc_1988_insc_11,allowed,5.0,0.17969129257974217,2,5,3,8,0.625,1,300
357,sc_1989_insc_53,dismissed,7.0,0.1302552104954533,2,1,7,8,0.125,0,300
357,sc_1991_insc_263,allowed,4.0,0.1896978330322802,2,4,4,8,0.5,1,300
357,sc_1996_insc_138,dismissed,4.0,0.20884371794251433,2,4,4,8,0.5,0,300
357,sc_2008_insc_655,dismissed,4.0,0.20815253553727187,2,4,4,8,0.5,0,300
357,sc_2011_insc_530,allowed,4.0,0.25008466200397583,2,4,4,8,0.5,1,300
357,sc_2014_insc_190,allowed,3.0,0.20856015381586976,2,3,5,8,0.375,1,300
357,sc_2015_insc_552,dismissed,3.0,0.16544317403655068,2,5,3,8,0.625,0,300
357,sc_2023_insc_135,allowed,5.0,0.2628832729993396,2,5,3,8,0.625,1,300
358,in_abs_train_1866,dismissed,4.0,0.1603540458198093,2,4,4,8,0.5,0,300
358,sc_1961_insc_294,allowed,1.0,0.12238663719252053,2,1,7,8,0.125,1,300
358,sc_1976_insc_267,dismissed,6.0,0.1792981553391736,2,2,6,8,0.25,0,300
358,sc_1987_insc_188,allowed,2.0,0.1361268166274314,2,2,6,8,0.25,1,300
358,sc_1993_insc_359,allowed,5.0,0.1633974511996186,2,5,3,8,0.625,1,300
358,sc_1999_insc_350,dismissed,3.0,0.19392887049276045,2,5,3,8,0.625,0,300
358,sc_2000_insc_54,allowed,3.0,0.18106830486527925,2,3,5,8,0.375,1,300
358,sc_2001_insc_12,dismissed,6.0,0.15193078634792231,2,2,6,8,0.25,0,300
358,sc_2004_insc_462,dismissed,4.0,0.18458411361976776,2,4,4,8,0.5,0,300
358,sc_2011_insc_300,allowed,8.0,0.0011644856313902075,1,8,0,8,1.0,1,300
358,sc_2011_insc_538,dismissed,2.0,0.13672215727046758,2,6,2,8,0.75,0,300
358,sc_2016_insc_164,allowed,4.0,0.19217088741582738,2,4,4,8,0.5,1,300
359,in_abs_train_2672,dismissed,4.0,0.1605573611833119,2,4,4,8,0.5,0,300
359,sc_1969_insc_307,allowed,4.0,0.22590404876388204,2,4,4,8,0.5,1,300
359,sc_1975_insc_135,dismissed,7.0,0.11781702849589089,2,1,7,8,0.125,0,300
359,sc_1989_insc_251,allowed,3.0,0.20190399714062876,2,3,5,8,0.375,1,300
359,sc_1993_insc_313,dismissed,5.0,0.23713385889428198,2,3,5,8,0.375,0,300
359,sc_2004_insc_217,dismissed,5.0,0.19765991030494107,2,3,5,8,0.375,0,300
359,sc_2008_insc_825,allowed,3.0,0.18229662099862248,2,3,5,8,0.375,1,300
359,sc_2009_insc_1207,allowed,6.0,0.1618190643843125,2,6,2,8,0.75,1,300
359,sc_2010_insc_671,allowed,5.0,0.18426908882993448,2,5,3,8,0.625,1,300
359,sc_2017_insc_1258,dismissed,6.0,0.20640214807328205,2,2,6,8,0.25,0,300
359,sc_2018_insc_904,dismissed,3.0,0.17387954372399905,2,5,3,8,0.625,0,300
359,sc_2019_insc_304,allowed,2.0,0.15438925975204917,2,2,6,8,0.25,1,300
360,in_abs_train_2643,allowed,6.0,0.18740303019354604,2,6,2,8,0.75,1,300
360,sc_1973_insc_153,allowed,4.0,0.17805004903830146,2,4,4,8,0.5,1,300
360,sc_1975_insc_244,allowed,3.0,0.21240592841457126,3,3,4,7,0.42857142857142855,1,300
360,sc_1983_insc_64,dismissed,3.0,0.1902187502319042,2,5,3,8,0.625,0,300
360,sc_1984_insc_167,dismissed,4.0,0.19173549355809683,2,4,4,8,0.5,0,300
360,sc_1991_insc_159,allowed,6.0,0.1676566746264948,2,6,2,8,0.75,1,300
360,sc_2008_insc_108,dismissed,5.0,0.1761822786562258,2,3,5,8,0.375,0,300
360,sc_2010_insc_313,dismissed,3.0,0.21122771064235818,2,5,3,8,0.625,0,300
360,sc_2012_insc_514,allowed,5.0,0.18075538114396483,2,5,3,8,0.625,1,300
360,sc_2013_insc_773,allowed,5.0,0.15436347436249906,2,5,3,8,0.625,1,300
360,sc_2018_insc_518,dismissed,4.0,0.18597046525219893,2,4,4,8,0.5,0,300
360,sc_2021_insc_794,dismissed,3.0,0.1786012336733508,2,5,3,8,0.625,0,300
361,in_abs_train_235,dismissed,5.0,0.18334739360315822,2,3,5,8,0.375,0,300
361,in_abs_train_2839,dismissed,3.0,0.24898103228857435,2,5,3,8,0.625,0,300
361,in_abs_train_6911,allowed,4.0,0.18779994335180486,2,4,0,4,1.0,1,300
361,sc_1961_insc_57,allowed,5.0,0.19223204909129288,2,5,3,8,0.625,1,300
361,sc_1989_insc_100,allowed,5.0,0.20403241822978652,2,5,3,8,0.625,1,300
361,sc_1997_insc_233,allowed,6.0,0.19491580784911777,3,6,1,7,0.8571428571428571,1,300
361,sc_2009_insc_1196,dismissed,5.0,0.19318464751895828,2,3,5,8,0.375,0,300
361,sc_2010_insc_742,dismissed,4.0,0.20081422087886885,2,4,4,8,0.5,0,300
361,sc_2013_insc_384,dismissed,5.0,0.20820209508548757,2,3,5,8,0.375,0,300
361,sc_2013_insc_469,allowed,4.0,0.22127556349493271,2,4,4,8,0.5,1,300
361,sc_2014_insc_479,allowed,4.0,0.2316688712427265,2,4,4,8,0.5,1,300
361,sc_2015_insc_995,dismissed,3.0,0.18792625430834303,2,5,3,8,0.625,0,300
362,in_abs_train_3684,allowed,3.0,0.1971493283025898,2,3,5,8,0.375,1,300
362,in_abs_train_4398,allowed,4.0,0.19818345051876507,2,4,4,8,0.5,1,300
362,in_abs_train_569,dismissed,4.0,0.22677792874604472,2,4,4,8,0.5,0,300
362,sc_1960_insc_138,allowed,2.0,0.15107377918409498,2,2,6,8,0.25,1,300
362,sc_1967_insc_272,dismissed,4.0,0.19838186649831968,2,4,4,8,0.5,0,300
362,sc_1979_insc_173,dismissed,3.0,0.21738341497718464,2,5,3,8,0.625,0,300
362,sc_2008_insc_63,dismissed,3.0,0.20733772370362832,2,5,3,8,0.625,0,300
362,sc_2009_insc_210,dismissed,3.0,0.18436511023725485,3,4,3,7,0.5714285714285714,0,300
362,sc_2012_insc_447,dismissed,5.0,0.16280593439831953,2,3,5,8,0.375,0,300
362,sc_2015_insc_589,allowed,3.0,0.1678787384950317,2,3,5,8,0.375,1,300
362,sc_2021_insc_2,allowed,4.0,0.1873849855578082,2,4,4,8,0.5,1,300
362,sc_2022_insc_1108,allowed,6.0,0.16793373614014429,2,6,2,8,0.75,1,300
363,in_abs_train_1355,dismissed,3.0,0.18504138029303696,2,5,3,8,0.625,0,300
363,in_abs_train_4033,dismissed,4.0,0.1802657468291497,2,4,4,8,0.5,0,300
363,in_abs_train_578,allowed,6.0,0.16839133511280033,2,6,2,8,0.75,1,300
363,sc_1964_insc_214,dismissed,4.0,0.22339851766171673,2,4,4,8,0.5,0,300
363,sc_1964_insc_74,dismissed,5.0,0.21611969307842716,2,3,5,8,0.375,0,300
363,sc_1975_insc_255,allowed,4.0,0.21150134203000892,2,4,4,8,0.5,1,300
363,sc_1996_insc_85,dismissed,4.0,0.19911287313202602,3,3,4,7,0.42857142857142855,0,300
363,sc_2006_insc_711,allowed,4.0,0.18510776802499207,2,4,4,8,0.5,1,300
363,sc_2007_insc_394,allowed,5.0,0.19215725431617417,3,5,2,7,0.7142857142857143,1,300
363,sc_2008_insc_664,allowed,5.0,0.17943721582790523,2,5,3,8,0.625,1,300
363,sc_2009_insc_1118,allowed,5.0,0.181142209327368,2,5,3,8,0.625,1,300
363,sc_2018_insc_1129,dismissed,5.0,0.1754427624566449,2,3,5,8,0.375,0,300
364,in_abs_train_4541,dismissed,4.0,0.20358643340357524,2,4,4,8,0.5,0,300
364,in_abs_train_4681,dismissed,2.0,0.15801678256257645,2,6,2,8,0.75,0,300
364,in_abs_train_642,dismissed,6.0,0.16202298117418845,2,2,6,8,0.25,0,300
364,sc_1972_insc_68,allowed,4.0,0.17012732597572558,2,4,4,8,0.5,1,300
364,sc_2000_insc_331,allowed,4.0,0.17249123942557615,2,4,4,8,0.5,1,300
364,sc_2004_insc_212,allowed,6.0,0.17538355607374204,2,6,2,8,0.75,1,300
364,sc_2008_insc_543,allowed,2.0,0.1762239310761412,2,2,6,8,0.25,1,300
364,sc_2012_insc_352,dismissed,6.0,0.16015367588910862,2,2,6,8,0.25,0,300
364,sc_2012_insc_465,dismissed,2.0,0.17049172254205522,2,6,2,8,0.75,0,300
364,sc_2017_insc_1268,dismissed,3.0,0.18312218078056314,2,5,3,8,0.625,0,300
364,sc_2018_insc_1031,allowed,3.0,0.19598472744797524,2,3,5,8,0.375,1,300
364,sc_2023_insc_972,allowed,6.0,0.16184902232261308,2,6,2,8,0.75,1,300
365,in_abs_train_4272,allowed,7.0,0.1259028361522421,2,7,1,8,0.875,1,300
365,in_abs_train_472,dismissed,5.0,0.17604680360214364,2,3,5,8,0.375,0,300
365,in_abs_train_6165,dismissed,4.0,0.1665773782936437,2,4,4,8,0.5,0,300
365,in_abs_train_6987,dismissed,3.0,0.1866221457191441,2,5,3,8,0.625,0,300
365,sc_1961_insc_257,allowed,5.0,0.1506627173531024,2,5,3,8,0.625,1,300
365,sc_1989_insc_116,dismissed,6.0,0.1932263749412474,3,1,6,7,0.14285714285714285,0,300
365,sc_1996_insc_1092,allowed,4.0,0.19774369079121695,2,4,4,8,0.5,1,300
365,sc_1999_insc_358,allowed,4.0,0.1848566257893243,2,4,4,8,0.5,1,300
365,sc_2008_insc_272,allowed,3.0,0.2372069903059351,2,3,5,8,0.375,1,300
365,sc_2014_insc_308,allowed,5.0,0.1816004840465292,2,5,3,8,0.625,1,300
365,sc_2015_insc_220,dismissed,6.0,0.17755616399031351,2,2,6,8,0.25,0,300
365,sc_2023_insc_172,dismissed,3.0,0.18060171933507643,2,5,3,8,0.625,0,300
366,in_abs_train_4082,allowed,5.0,0.18799913483495612,2,5,3,8,0.625,1,300
366,in_abs_train_4920,dismissed,2.0,0.16031816046351316,2,6,2,8,0.75,0,300
366,in_abs_train_6269,allowed,3.0,0.18785977045833208,3,3,4,7,0.42857142857142855,1,300
366,sc_1953_insc_52,dismissed,6.0,0.13629471402993812,2,2,6,8,0.25,0,300
366,sc_1971_insc_154,dismissed,3.0,0.14140145256930015,2,5,3,8,0.625,0,300
366,sc_1976_insc_235,allowed,4.0,0.2353638307227769,2,4,4,8,0.5,1,300
366,sc_1979_insc_136,dismissed,2.0,0.16414065995358978,2,6,2,8,0.75,0,300
366,sc_1992_insc_92,dismissed,4.0,0.19393707165140994,2,4,4,8,0.5,0,300
366,sc_1994_insc_82,allowed,7.0,0.13954828282964146,2,7,1,8,0.875,1,300
366,sc_2012_insc_259,dismissed,5.0,0.16065061206159056,2,3,5,8,0.375,0,300
366,sc_2014_insc_578,allowed,5.0,0.19881236572377528,2,5,3,8,0.625,1,300
366,sc_2020_insc_493,allowed,4.0,0.187085768623454,2,4,4,8,0.5,1,300
367,in_abs_train_2217,dismissed,1.0,0.12135804303347104,2,7,1,8,0.875,0,300
367,in_abs_train_2318,dismissed,2.0,0.16618693419825242,2,6,2,8,0.75,0,300
367,in_abs_train_2375,dismissed,2.0,0.14238584984183722,2,6,2,8,0.75,0,300
367,sc_1961_insc_112,dismissed,2.0,0.1547778037277494,2,6,2,8,0.75,0,300
367,sc_1995_insc_369,allowed,3.0,0.17451810883830934,2,3,5,8,0.375,1,300
367,sc_1997_insc_412,allowed,5.0,0.15538353839806207,2,5,3,8,0.625,1,300
367,sc_2006_insc_502,allowed,6.0,0.16042508635912692,2,6,2,8,0.75,1,300
367,sc_2008_insc_432,allowed,1.0,0.11829457726699769,2,1,7,8,0.125,1,300
367,sc_2009_insc_893,allowed,6.0,0.1698029812911338,2,6,2,8,0.75,1,300
367,sc_2011_insc_557,dismissed,2.0,0.17584372345586669,2,6,2,8,0.75,0,300
367,sc_2011_insc_667,dismissed,4.0,0.18385496268562704,2,4,4,8,0.5,0,300
367,sc_2013_insc_478,allowed,5.0,0.19371206326649767,2,5,3,8,0.625,1,300
368,in_abs_train_3080,allowed,2.0,0.16271584565914723,2,2,6,8,0.25,1,300
368,in_abs_train_6420,dismissed,5.0,0.1644827325004613,2,3,5,8,0.375,0,300
368,sc_1987_insc_194,dismissed,3.0,0.18153169919465856,2,5,3,8,0.625,0,300
368,sc_1990_insc_251,dismissed,1.0,0.11648912702815777,3,6,1,7,0.8571428571428571,0,300
368,sc_1996_insc_752,allowed,4.0,0.2177344063334706,2,4,4,8,0.5,1,300
368,sc_1998_insc_290,dismissed,4.0,0.16810365586036977,2,4,4,8,0.5,0,300
368,sc_2002_insc_16,allowed,2.0,0.15005571439083396,2,2,6,8,0.25,1,300
368,sc_2004_insc_396,allowed,3.0,0.1806788167479203,2,3,5,8,0.375,1,300
368,sc_2012_insc_194,dismissed,3.0,0.19643083744802212,2,5,3,8,0.625,0,300
368,sc_2013_insc_576,allowed,3.0,0.17481459019165863,2,3,5,8,0.375,1,300
368,sc_2020_insc_365,dismissed,5.0,0.15337273743403748,2,3,5,8,0.375,0,300
368,sc_2022_insc_667,allowed,5.0,0.20466630628987853,2,5,3,8,0.625,1,300
369,sc_1959_insc_84,dismissed,5.0,0.17399119503238944,2,3,5,8,0.375,0,300
369,sc_1978_insc_128,dismissed,6.0,0.14159395148880577,2,2,6,8,0.25,0,300
369,sc_1979_insc_200,dismissed,4.0,0.2150730213117709,2,4,4,8,0.5,0,300
369,sc_1993_insc_13,dismissed,4.0,0.2610368023101367,2,4,4,8,0.5,0,300
369,sc_2006_insc_313,allowed,3.0,0.19701046333379035,2,3,5,8,0.375,1,300
369,sc_2007_insc_649,allowed,2.0,0.15366511807664782,2,2,6,8,0.25,1,300
369,sc_2013_insc_161,allowed,4.0,0.19697413887088974,2,4,4,8,0.5,1,300
369,sc_2014_insc_37,dismissed,4.0,0.14998097721639808,2,4,4,8,0.5,0,300
369,sc_2021_insc_208,allowed,4.0,0.17974785822012515,2,4,4,8,0.5,1,300
369,sc_2021_insc_304,allowed,4.0,0.18037510596309383,2,4,4,8,0.5,1,300
369,sc_2022_insc_1011,allowed,6.0,0.16115243102971086,2,6,2,8,0.75,1,300
369,sc_s_1996_6_1_56_en,dismissed,4.0,0.1701783561791092,2,4,4,8,0.5,0,300
370,in_abs_train_3803,dismissed,3.0,0.22495165240144074,2,5,3,8,0.625,0,300
370,in_abs_train_4158,dismissed,3.0,0.19088780604369013,2,5,3,8,0.625,0,300
370,in_abs_train_6187,allowed,4.0,0.18757800460741658,2,4,4,8,0.5,1,300
370,sc_1984_insc_212,dismissed,2.0,0.1846667684023916,3,5,2,7,0.7142857142857143,0,300
370,sc_1993_insc_273,dismissed,3.0,0.18153169919465853,2,5,3,8,0.625,0,300
370,sc_2004_insc_93,allowed,3.0,0.18417487279740768,2,3,5,8,0.375,1,300
370,sc_2007_insc_188,allowed,7.0,0.1179777830772367,2,7,1,8,0.875,1,300
370,sc_2008_insc_1040,dismissed,3.0,0.18893323596485118,2,5,3,8,0.625,0,300
370,sc_2008_insc_704,allowed,4.0,0.20437208689249525,2,4,4,8,0.5,1,300
370,sc_2009_insc_184,dismissed,3.0,0.26703675109420605,2,5,3,8,0.625,0,300
370,sc_2011_insc_24,allowed,3.0,0.1988556765815411,2,3,5,8,0.375,1,300
370,sc_2023_insc_756,allowed,5.0,0.20648097186198883,2,5,3,8,0.625,1,300
371,in_abs_train_3368,dismissed,5.0,0.15923238950994745,2,3,5,8,0.375,0,300
371,in_abs_train_77,allowed,6.0,0.1749325082438258,2,6,2,8,0.75,1,300
371,sc_1968_insc_83,dismissed,3.0,0.1709801586308768,2,5,3,8,0.625,0,300
371,sc_1983_insc_157,dismissed,2.0,0.171090449403737,2,6,2,8,0.75,0,300
371,sc_1990_insc_55,dismissed,6.0,0.1627158456591472,2,2,6,8,0.25,0,300
371,sc_1996_insc_680,allowed,6.0,0.18631101809294046,2,6,2,8,0.75,1,300
371,sc_2008_insc_1032,allowed,4.0,0.1624456341718586,2,4,4,8,0.5,1,300
371,sc_2009_insc_253,dismissed,5.0,0.20856251454632493,2,3,5,8,0.375,0,300
371,sc_2009_insc_982,dismissed,3.0,0.20137764727922522,2,5,3,8,0.625,0,300
371,sc_2012_insc_323,allowed,6.0,0.17340319641455781,2,6,2,8,0.75,1,300
371,sc_2016_insc_463,allowed,5.0,0.17514483200362882,2,5,3,8,0.625,1,300
371,sc_2023_insc_463,allowed,2.0,0.19109959071496868,2,2,6,8,0.25,1,300
372,in_abs_train_5052,allowed,6.0,0.17577982302808295,2,6,2,8,0.75,1,300
372,in_abs_train_877,allowed,4.0,0.1893513936384347,2,4,4,8,0.5,1,300
372,sc_1958_insc_27,dismissed,6.0,0.1814363215149628,2,2,6,8,0.25,0,300
372,sc_1984_insc_195,allowed,4.0,0.18768613380169713,2,4,4,8,0.5,1,300
372,sc_1986_insc_131,dismissed,6.0,0.19695701719666572,2,2,6,8,0.25,0,300
372,sc_1994_insc_590,dismissed,5.0,0.14853399282462057,2,3,5,8,0.375,0,300
372,sc_1995_insc_908,allowed,4.0,0.19829388081744442,2,4,4,8,0.5,1,300
372,sc_1996_insc_193,dismissed,3.0,0.1819760939995193,2,5,3,8,0.625,0,300
372,sc_2004_insc_14,dismissed,2.0,0.14974625859862312,2,6,2,8,0.75,0,300
372,sc_2015_insc_884,allowed,4.0,0.1593064776764995,2,4,4,8,0.5,1,300
372,sc_2017_insc_283,dismissed,5.0,0.20087752117663227,2,3,5,8,0.375,0,300
372,sc_2017_insc_798,allowed,4.0,0.21078295037399808,2,4,4,8,0.5,1,300
373,in_abs_train_1248,allowed,5.0,0.18145645876785818,2,5,3,8,0.625,1,300
373,in_abs_train_2952,dismissed,5.0,0.23201551251644126,2,3,5,8,0.375,0,300
373,in_abs_train_779,allowed,1.0,0.12352058460608326,2,1,7,8,0.125,1,300
373,sc_1952_insc_35,dismissed,5.0,0.22867447152355733,2,3,5,8,0.375,0,300
373,sc_1981_insc_136,dismissed,2.0,0.1900987026285856,3,5,2,7,0.7142857142857143,0,300
373,sc_1993_insc_72,dismissed,6.0,0.20152188527345885,2,2,6,8,0.25,0,300
373,sc_1995_insc_533,allowed,4.0,0.1864849584643857,2,4,4,8,0.5,1,300
373,sc_2005_insc_147,allowed,3.0,0.1868651045970417,2,3,5,8,0.375,1,300
373,sc_2010_insc_303,dismissed,4.0,0.21900827808111625,2,4,4,8,0.5,0,300
373,sc_2012_insc_240,allowed,5.0,0.16987614234927745,2,5,3,8,0.625,1,300
373,sc_2014_insc_341,dismissed,5.0,0.18186193497501651,2,3,5,8,0.375,0,300
373,sc_2024_insc_252,allowed,5.0,0.177401305351652,2,5,3,8,0.625,1,300
374,sc_1958_insc_102,allowed,5.0,0.16547677893071372,2,5,3,8,0.625,1,300
374,sc_1963_insc_201,dismissed,7.0,0.13525559927406414,2,1,7,8,0.125,0,300
374,sc_1966_insc_257,dismissed,5.0,0.21869977496788467,2,3,5,8,0.375,0,300
374,sc_1989_insc_366,dismissed,2.0,0.21291462342419548,2,6,2,8,0.75,0,300
374,sc_1995_insc_722,allowed,5.0,0.16773137848539485,2,5,3,8,0.625,1,300
374,sc_1996_insc_740,dismissed,6.0,0.14528525715453533,2,2,6,8,0.25,0,300
374,sc_1999_insc_175,dismissed,3.0,0.18067867776307828,2,5,3,8,0.625,0,300
374,sc_2000_insc_458,allowed,5.0,0.17566895916377692,2,5,3,8,0.625,1,300
374,sc_2006_insc_689,allowed,4.0,0.20083753206438848,2,4,4,8,0.5,1,300
374,sc_2007_insc_866,allowed,7.0,0.13194203718266315,2,7,1,8,0.875,1,300
374,sc_2009_insc_960,dismissed,4.0,0.20886873442324702,2,4,4,8,0.5,0,300
374,sc_2010_insc_329,allowed,6.0,0.1745938510701893,2,6,2,8,0.75,1,300
375,in_abs_train_2005,dismissed,3.0,0.21742466087120135,2,5,3,8,0.625,0,300
375,in_abs_train_2536,dismissed,4.0,0.173587573741964,2,4,4,8,0.5,0,300
375,in_abs_train_3952,dismissed,5.0,0.1665221133258108,2,3,5,8,0.375,0,300
375,sc_1964_insc_168,dismissed,3.0,0.17431865986908562,2,5,3,8,0.625,0,300
375,sc_1965_insc_55,allowed,4.0,0.22305500352651647,2,4,4,8,0.5,1,300
375,sc_1975_insc_314,dismissed,5.0,0.18194040900867933,2,3,5,8,0.375,0,300
375,sc_1995_insc_17,allowed,3.0,0.18468436332898902,2,3,5,8,0.375,1,300
375,sc_1995_insc_455,dismissed,2.0,0.1698171970827081,2,6,2,8,0.75,0,300
375,sc_1996_insc_624,allowed,3.0,0.16537191580106422,2,3,5,8,0.375,1,300
375,sc_2001_insc_450,allowed,6.0,0.1369705795935376,2,6,2,8,0.75,1,300
375,sc_2007_insc_627,allowed,4.0,0.17103175217089917,2,4,4,8,0.5,1,300
375,sc_2014_insc_620,allowed,4.0,0.17726851971124746,2,4,4,8,0.5,1,300
376,in_abs_train_4284,dismissed,5.0,0.19629613934929188,2,3,5,8,0.375,0,300
376,in_abs_train_4976,allowed,1.0,0.11785059826617754,2,1,7,8,0.125,1,300
376,in_abs_train_7132,allowed,4.0,0.1728074554125761,2,4,4,8,0.5,1,300
376,sc_1964_insc_127,dismissed,4.0,0.18900571371955502,3,3,4,7,0.42857142857142855,0,300
376,sc_1966_insc_141,dismissed,2.0,0.16224336534420838,2,6,2,8,0.75,0,300
376,sc_1995_insc_652,dismissed,1.0,0.1381851770593052,2,7,1,8,0.875,0,300
376,sc_1999_insc_437,dismissed,2.0,0.1550087615131265,2,6,2,8,0.75,0,300
376,sc_2005_insc_115,allowed,6.0,0.18271890465005025,2,6,2,8,0.75,1,300
376,sc_2008_insc_349,dismissed,7.0,0.15412649071459367,2,1,7,8,0.125,0,300
376,sc_2009_insc_888,allowed,5.0,0.19810728132927016,2,5,3,8,0.625,1,300
376,sc_2020_insc_513,allowed,3.0,0.21821407565164075,2,3,5,8,0.375,1,300
376,sc_2021_insc_202,allowed,4.0,0.17145674144374706,2,4,4,8,0.5,1,300
377,in_abs_train_274,dismissed,4.0,0.20935027864951955,2,4,4,8,0.5,0,300
377,in_abs_train_3097,dismissed,5.0,0.19839377995473084,2,3,5,8,0.375,0,300
377,sc_1954_insc_84,allowed,3.0,0.23559652837155248,2,3,5,8,0.375,1,300
377,sc_1967_insc_172,allowed,6.0,0.14351190289360832,2,6,2,8,0.75,1,300
377,sc_1967_insc_297,dismissed,6.0,0.15458567437546997,2,2,6,8,0.25,0,300
377,sc_1969_insc_122,dismissed,4.0,0.16397428961903,2,4,4,8,0.5,0,300
377,sc_1981_insc_19,dismissed,4.0,0.21756887508261546,2,4,4,8,0.5,0,300
377,sc_1991_insc_96,allowed,4.0,0.18315759400328294,2,4,4,8,0.5,1,300
377,sc_2011_insc_198,dismissed,5.0,0.18620412096805491,2,3,5,8,0.375,0,300
377,sc_2011_insc_821,allowed,7.0,0.12460825316837623,2,7,1,8,0.875,1,300
377,sc_2015_insc_973,allowed,3.0,0.171519145684409,2,3,5,8,0.375,1,300
377,sc_2018_insc_385,allowed,3.0,0.19445562368657104,2,3,5,8,0.375,1,300
378,in_abs_train_1037,dismissed,4.0,0.19204116587753445,2,4,4,8,0.5,0,300
378,in_abs_train_5165,allowed,1.0,0.13001170700742062,3,1,5,6,0.16666666666666666,1,300
378,sc_1962_insc_336,dismissed,5.0,0.1729621907792208,2,3,5,8,0.375,0,300
378,sc_1975_insc_158,dismissed,2.0,0.18866586171107433,2,6,2,8,0.75,0,300
378,sc_1979_insc_113,allowed,1.0,0.14053434656555353,3,1,6,7,0.14285714285714285,1,300
378,sc_1990_insc_24,allowed,2.0,0.14480071265419375,2,2,6,8,0.25,1,300
378,sc_1994_insc_486,dismissed,3.0,0.18925459577668055,2,5,3,8,0.625,0,300
378,sc_2005_insc_181,dismissed,3.0,0.1985449130655893,2,5,3,8,0.625,0,300
378,sc_2009_insc_1021,allowed,3.0,0.19765503634579398,2,3,5,8,0.375,1,300
378,sc_2017_insc_812,allowed,3.0,0.18091091125882927,2,3,5,8,0.375,1,300
378,sc_2019_insc_1364,allowed,4.0,0.18980995841235518,3,4,3,7,0.5714285714285714,1,300
378,sc_2019_insc_616,dismissed,5.0,0.18959880333271728,2,3,5,8,0.375,0,300
379,sc_1970_insc_188,dismissed,5.0,0.18231967607944646,2,3,5,8,0.375,0,300
379,sc_1974_insc_260,dismissed,8.0,0.06901649453459685,1,0,8,8,0.0,0,300
379,sc_1996_insc_1264,allowed,5.0,0.15367758794997913,2,5,3,8,0.625,1,300
379,sc_1996_insc_1346,allowed,5.0,0.20351752458326527,2,5,3,8,0.625,1,300
379,sc_1996_insc_443,allowed,5.0,0.18184328699950877,2,5,3,8,0.625,1,300
379,sc_2004_insc_288,dismissed,4.0,0.1903135290041588,2,4,4,8,0.5,0,300
379,sc_2005_insc_254,dismissed,4.0,0.18708673504172182,2,4,4,8,0.5,0,300
379,sc_2007_insc_1158,allowed,6.0,0.1612994525497751,2,6,2,8,0.75,1,300
379,sc_2009_insc_641,dismissed,5.0,0.1831540378420245,2,3,5,8,0.375,0,300
379,sc_2010_insc_376,dismissed,3.0,0.16758566030866942,2,5,3,8,0.625,0,300
379,sc_2014_insc_2,allowed,6.0,0.22605942555706754,2,6,2,8,0.75,1,300
379,sc_2024_insc_23,allowed,5.0,0.1800950584205955,2,5,3,8,0.625,1,300
380,in_abs_train_1439,allowed,3.0,0.20455007245869444,2,3,5,8,0.375,1,300
380,in_abs_train_7026,allowed,6.0,0.1840306368451162,2,6,2,8,0.75,1,300
380,sc_1960_insc_79,dismissed,3.0,0.17459687604571897,2,5,3,8,0.625,0,300
380,sc_1967_insc_138,dismissed,4.0,0.18518856454836546,3,3,4,7,0.42857142857142855,0,300
380,sc_1975_insc_332,dismissed,5.0,0.18731118511054728,2,3,5,8,0.375,0,300
380,sc_1991_insc_121,allowed,3.0,0.1815666693567874,2,3,5,8,0.375,1,300
380,sc_2002_insc_386,allowed,5.0,0.19829708552317182,2,5,3,8,0.625,1,300
380,sc_2002_insc_70,allowed,7.0,0.13745384727064275,2,7,1,8,0.875,1,300
380,sc_2006_insc_571,dismissed,4.0,0.20440489965783648,2,4,4,8,0.5,0,300
380,sc_2006_insc_845,dismissed,3.0,0.18122356642221152,2,5,3,8,0.625,0,300
380,sc_2013_insc_506,allowed,3.0,0.17046876813143708,2,3,5,8,0.375,1,300
380,sc_2017_insc_586,dismissed,6.0,0.15253926602213416,2,2,6,8,0.25,0,300
381,in_abs_train_2497,dismissed,4.0,0.19962701900930763,3,3,4,7,0.42857142857142855,0,300
381,in_abs_train_6954,allowed,4.0,0.22100217686163037,2,4,4,8,0.5,1,300
381,sc_1959_insc_29,dismissed,1.0,0.14115292430003887,2,7,1,8,0.875,0,300
381,sc_1964_insc_104,dismissed,6.0,0.1964668513802996,2,2,6,8,0.25,0,300
381,sc_1971_insc_165,dismissed,3.0,0.1735863296546568,2,5,3,8,0.625,0,300
381,sc_1977_insc_221,dismissed,5.0,0.17129715639230803,2,3,5,8,0.375,0,300
381,sc_1978_insc_167,allowed,7.0,0.14187901976684217,2,7,1,8,0.875,1,300
381,sc_1983_insc_83,allowed,6.0,0.18477401582314193,2,6,2,8,0.75,1,300
381,sc_2007_insc_1040,allowed,6.0,0.16412847822227808,3,6,1,7,0.8571428571428571,1,300
381,sc_2007_insc_797,allowed,3.0,0.18106830486527925,2,3,5,8,0.375,1,300
381,sc_2017_insc_1021,allowed,4.0,0.18678365242306405,2,4,4,8,0.5,1,300
381,sc_2023_insc_996,dismissed,2.0,0.16202298117418845,2,6,2,8,0.75,0,300
382,sc_1967_insc_291,dismissed,6.0,0.20295895867771224,2,2,6,8,0.25,0,300
382,sc_1972_insc_300,allowed,5.0,0.22156641079051118,2,5,3,8,0.625,1,300
382,sc_1973_insc_111,dismissed,3.0,0.18676972468664133,2,5,3,8,0.625,0,300
382,sc_1996_insc_16,dismissed,6.0,0.21239688741673426,2,2,6,8,0.25,0,300
382,sc_2001_insc_470,allowed,4.0,0.2627698686003515,2,4,4,8,0.5,1,300
382,sc_2001_insc_497,dismissed,2.0,0.15578123765428892,2,6,2,8,0.75,0,300
382,sc_2003_insc_724,dismissed,2.0,0.21242072860086453,2,6,2,8,0.75,0,300
382,sc_2010_insc_35,allowed,6.0,0.1531703634880111,2,6,2,8,0.75,1,300
382,sc_2013_insc_326,allowed,2.0,0.157388590840587,2,2,6,8,0.25,1,300
382,sc_2014_insc_377,dismissed,2.0,0.1908462767409668,2,6,2,8,0.75,0,300
382,sc_2021_insc_477,allowed,6.0,0.18603554271575934,2,6,2,8,0.75,1,300
382,sc_2022_insc_694,allowed,5.0,0.20606868382982685,2,5,3,8,0.625,1,300
383,in_abs_train_3096,dismissed,3.0,0.17470949101293837,2,5,3,8,0.625,0,300
383,in_abs_train_6087,dismissed,4.0,0.21070955631604513,2,4,4,8,0.5,0,300
383,sc_1975_insc_257,allowed,1.0,0.11054927495813517,2,1,7,8,0.125,1,300
383,sc_1977_insc_225,allowed,6.0,0.1674029969649801,2,6,2,8,0.75,1,300
383,sc_1984_insc_237,allowed,3.0,0.21646647774448396,2,3,5,8,0.375,1,300
383,sc_1988_insc_47,dismissed,4.0,0.16956486325469597,2,4,4,8,0.5,0,300
383,sc_2002_insc_241,allowed,4.0,0.1722679726694417,2,4,4,8,0.5,1,300
383,sc_2010_insc_462,dismissed,6.0,0.16808349527520117,2,2,6,8,0.25,0,300
383,sc_2012_insc_139,allowed,3.0,0.1806788167479203,2,3,5,8,0.375,1,300
383,sc_2012_insc_480,allowed,3.0,0.1806788167479203,2,3,5,8,0.375,1,300
383,sc_2015_insc_533,dismissed,5.0,0.18129786426580907,2,3,5,8,0.375,0,300
383,sc_2022_insc_136,dismissed,1.0,0.12274217588535502,2,7,1,8,0.875,0,300
384,in_abs_train_1453,dismissed,3.0,0.1686158661789954,2,5,3,8,0.625,0,300
384,in_abs_train_4701,dismissed,5.0,0.20313288405854132,2,3,5,8,0.375,0,300
384,in_abs_train_6870,dismissed,2.0,0.1765541924681795,2,6,2,8,0.75,0,300
384,sc_1953_insc_81,allowed,4.0,0.2145871068706974,2,4,4,8,0.5,1,300
384,sc_1987_insc_232,dismissed,4.0,0.1912398064345919,2,4,4,8,0.5,0,300
384,sc_1988_insc_170,allowed,5.0,0.1730435492942835,2,5,3,8,0.625,1,300
384,sc_2003_insc_634,allowed,7.0,0.14114132569648924,2,7,1,8,0.875,1,300
384,sc_2005_insc_37,allowed,5.0,0.14802321771449792,2,5,3,8,0.625,1,300
384,sc_2006_insc_973,allowed,3.0,0.17643240159144088,2,3,5,8,0.375,1,300
384,sc_2007_insc_703,dismissed,3.0,0.2119836557673728,2,5,3,8,0.625,0,300
384,sc_2011_insc_448,dismissed,3.0,0.1995712794548927,2,5,3,8,0.625,0,300
384,sc_2014_insc_716,allowed,5.0,0.1755059971865756,2,5,3,8,0.625,1,300
385,in_abs_train_5658,allowed,4.0,0.18141556584130752,2,4,4,8,0.5,1,300
385,sc_1972_insc_44,allowed,4.0,0.25238622077974887,3,4,3,7,0.5714285714285714,1,300
385,sc_1989_insc_287,dismissed,4.0,0.14347913922538405,2,4,4,8,0.5,0,300
385,sc_2004_insc_64,dismissed,4.0,0.18172946589455122,3,3,4,7,0.42857142857142855,0,300
385,sc_2007_insc_735,allowed,5.0,0.22294387610672584,2,5,3,8,0.625,1,300
385,sc_2009_insc_1182,allowed,4.0,0.2335882056697107,2,4,4,8,0.5,1,300
385,sc_2009_insc_754,dismissed,3.0,0.20794954964699341,2,5,3,8,0.625,0,300
385,sc_2011_insc_669,dismissed,4.0,0.16499514344704544,3,3,4,7,0.42857142857142855,0,300
385,sc_2012_insc_24,allowed,2.0,0.13993842440601423,2,2,6,8,0.25,1,300
385,sc_2012_insc_589,allowed,4.0,0.20959781367483243,2,4,4,8,0.5,1,300
385,sc_2015_insc_340,dismissed,3.0,0.20494818323786135,2,5,3,8,0.625,0,300
385,sc_2017_insc_602,dismissed,5.0,0.1775017126985334,2,3,5,8,0.375,0,300
386,in_abs_train_2970,dismissed,4.0,0.17969604634891925,2,4,4,8,0.5,0,300
386,in_abs_train_3664,dismissed,3.0,0.17455779895809764,2,5,3,8,0.625,0,300
386,sc_1969_insc_172,dismissed,6.0,0.16865533205844996,2,2,6,8,0.25,0,300
386,sc_1971_insc_151,dismissed,2.0,0.14818155237371475,2,6,2,8,0.75,0,300
386,sc_1986_insc_111,dismissed,5.0,0.18260696732903314,2,3,5,8,0.375,0,300
386,sc_1993_insc_28,allowed,4.0,0.21714967707326116,2,4,4,8,0.5,1,300
386,sc_2000_insc_188,allowed,4.0,0.1767766952966369,2,4,4,8,0.5,1,300
386,sc_2003_insc_467,allowed,3.0,0.181142209327368,2,3,5,8,0.375,1,300
386,sc_2013_insc_391,allowed,5.0,0.16219966207412706,2,5,3,8,0.625,1,300
386,sc_2014_insc_141,allowed,3.0,0.21078937416844068,2,3,5,8,0.375,1,300
386,sc_2020_insc_333,dismissed,3.0,0.1945295569334132,2,5,3,8,0.625,0,300
386,sc_2021_insc_884,allowed,3.0,0.18121141906011962,2,3,5,8,0.375,1,300
387,in_abs_train_1535,dismissed,1.0,0.12046628266143376,2,7,1,8,0.875,0,300
387,in_abs_train_1642,dismissed,6.0,0.1702351060390453,2,2,6,8,0.25,0,300
387,in_abs_train_2184,dismissed,2.0,0.14542503941811807,2,6,2,8,0.75,0,300
387,sc_1981_insc_121,dismissed,5.0,0.18036722213702958,2,3,5,8,0.375,0,300
387,sc_1985_insc_31,allowed,5.0,0.18730127583122472,2,5,3,8,0.625,1,300
387,sc_1999_insc_123,allowed,3.0,0.19474681068349306,2,3,5,8,0.375,1,300
387,sc_2006_insc_643,dismissed,4.0,0.1923926155723907,2,4,4,8,0.5,0,300
387,sc_2011_insc_236,allowed,5.0,0.22591087202304866,2,5,3,8,0.625,1,300
387,sc_2013_insc_29,allowed,4.0,0.139225561905755,2,4,4,8,0.5,1,300
387,sc_2019_insc_379,allowed,3.0,0.16239614469715716,2,3,5,8,0.375,1,300
387,sc_2020_insc_528,dismissed,4.0,0.18672616206149117,2,4,4,8,0.5,0,300
387,sc_2021_insc_813,allowed,3.0,0.1914211595493025,2,3,5,8,0.375,1,300
388,in_abs_train_2954,dismissed,3.0,0.17683892446038466,2,5,3,8,0.625,0,300
388,in_abs_train_6880,dismissed,5.0,0.22469014620107913,2,3,5,8,0.375,0,300
388,sc_1989_insc_362,allowed,3.0,0.1784653168318332,2,3,5,8,0.375,1,300
388,sc_1994_insc_300,allowed,5.0,0.15889130381670177,2,5,3,8,0.625,1,300
388,sc_1996_insc_785,dismissed,3.0,0.180936291235256,2,5,3,8,0.625,0,300
388,sc_1998_insc_53,allowed,5.0,0.17091211763238495,2,5,3,8,0.625,1,300
388,sc_1999_insc_312,allowed,5.0,0.1904280289706663,2,5,3,8,0.625,1,300
388,sc_1999_insc_536,dismissed,4.0,0.21210772208703393,3,3,4,7,0.42857142857142855,0,300
388,sc_2009_insc_168,allowed,3.0,0.20227479616293229,2,3,5,8,0.375,1,300
388,sc_2019_insc_674,dismissed,3.0,0.1781467302107608,2,5,3,8,0.625,0,300
388,sc_2022_insc_740,allowed,5.0,0.20050298359019852,2,5,3,8,0.625,1,300
388,sc_2023_insc_90,dismissed,4.0,0.18807168884300246,2,4,4,8,0.5,0,300
389,in_abs_train_1689,dismissed,4.0,0.20205844685986435,2,4,4,8,0.5,0,300
389,sc_1967_insc_36,allowed,2.0,0.19726724292108994,2,2,6,8,0.25,1,300
389,sc_1969_insc_338,dismissed,4.0,0.1885091888628092,2,4,4,8,0.5,0,300
389,sc_1977_insc_22,dismissed,3.0,0.19249679541514345,2,5,3,8,0.625,0,300
389,sc_1985_insc_78,allowed,3.0,0.233350939303283,2,3,5,8,0.375,1,300
389,sc_1995_insc_708,allowed,4.0,0.20432199357516978,2,4,4,8,0.5,1,300
389,sc_1996_insc_497,allowed,5.0,0.18145645876785818,2,5,3,8,0.625,1,300
389,sc_1999_insc_337,allowed,6.0,0.21031979972119103,2,6,2,8,0.75,1,300
389,sc_2006_insc_725,dismissed,4.0,0.1992871559727678,2,4,4,8,0.5,0,300
389,sc_2009_insc_92,dismissed,4.0,0.18597247236460898,2,4,4,8,0.5,0,300
389,sc_2011_insc_368,dismissed,1.0,0.1245601762550156,3,6,1,7,0.8571428571428571,0,300
389,sc_2023_insc_408,allowed,4.0,0.20016378674079022,2,4,4,8,0.5,1,300
390,in_abs_train_6149,dismissed,3.0,0.2021856807774193,2,5,3,8,0.625,0,300
390,in_abs_train_6361,allowed,4.0,0.16658047175893267,3,4,3,7,0.5714285714285714,1,300
390,sc_1957_insc_36,allowed,3.0,0.1791760188912585,2,3,5,8,0.375,1,300
390,sc_1958_insc_42,dismissed,6.0,0.18050017126492607,2,2,6,8,0.25,0,300
390,sc_1963_insc_121,allowed,5.0,0.1757939746796486,2,5,3,8,0.625,1,300
390,sc_1965_insc_282,dismissed,4.0,0.22497302941306907,2,4,4,8,0.5,0,300
390,sc_1969_insc_236,dismissed,3.0,0.24459114710281604,2,5,3,8,0.625,0,300
390,sc_1987_insc_351,dismissed,5.0,0.17060837247237937,2,3,5,8,0.375,0,300
390,sc_2009_insc_145,allowed,5.0,0.18098987491411936,2,5,3,8,0.625,1,300
390,sc_2022_insc_1126,allowed,5.0,0.15483445786746647,2,5,3,8,0.625,1,300
390,sc_2022_insc_914,allowed,4.0,0.1894067541741469,2,4,4,8,0.5,1,300
390,sc_2023_insc_313,dismissed,4.0,0.176078855609801,2,4,4,8,0.5,0,300
391,in_abs_train_1359,allowed,4.0,0.21344650484568492,2,4,4,8,0.5,1,300
391,in_abs_train_2591,dismissed,3.0,0.190911444979503,2,5,3,8,0.625,0,300
391,in_abs_train_4699,allowed,5.0,0.16653279869331603,2,5,3,8,0.625,1,300
391,in_abs_train_839,dismissed,6.0,0.1772956742400316,2,2,6,8,0.25,0,300
391,sc_1954_insc_29,allowed,2.0,0.16387956659586142,2,2,6,8,0.25,1,300
391,sc_1980_insc_101,allowed,3.0,0.1691277272037134,2,3,5,8,0.375,1,300
391,sc_1983_insc_147,dismissed,4.0,0.14443759594379782,2,4,4,8,0.5,0,300
391,sc_1987_insc_252,dismissed,4.0,0.18174415132469046,2,4,4,8,0.5,0,300
391,sc_1996_insc_454,dismissed,2.0,0.1745452587534715,2,6,2,8,0.75,0,300
391,sc_2006_insc_31,dismissed,4.0,0.18571918087669187,2,4,4,8,0.5,0,300
391,sc_2012_insc_291,allowed,6.0,0.17066285882970716,2,6,2,8,0.75,1,300
391,sc_2016_insc_397,allowed,4.0,0.21264251261129052,2,4,4,8,0.5,1,300
392,in_abs_train_1149,dismissed,4.0,0.18970422231538683,2,4,4,8,0.5,0,300
392,in_abs_train_3054,allowed,5.0,0.187767666089163,2,5,3,8,0.625,1,300
392,sc_1987_insc_133,dismissed,3.0,0.22263110511564768,2,5,3,8,0.625,0,300
392,sc_1991_insc_32,dismissed,6.0,0.15764368923560074,2,2,6,8,0.25,0,300
392,sc_1997_insc_356,allowed,3.0,0.20972321118037715,2,3,5,8,0.375,1,300
392,sc_1999_insc_287,allowed,3.0,0.2116790831276978,2,3,5,8,0.375,1,300
392,sc_2005_insc_161,allowed,6.0,0.1695734373940767,2,6,2,8,0.75,1,300
392,sc_2005_insc_214,allowed,4.0,0.18776628710029009,2,4,4,8,0.5,1,300
392,sc_2009_insc_362,allowed,7.0,0.11967804394035227,2,7,1,8,0.875,1,300
392,sc_2011_insc_108,dismissed,5.0,0.17889203522798314,2,3,5,8,0.375,0,300
392,sc_2011_insc_257,dismissed,4.0,0.21817820474314864,3,3,4,7,0.42857142857142855,0,300
392,sc_2020_insc_673,dismissed,3.0,0.17870800942204698,2,5,3,8,0.625,0,300
393,in_abs_train_1297,allowed,3.0,0.16846263420333965,2,3,5,8,0.375,1,300
393,in_abs_train_1825,dismissed,6.0,0.14896771478907833,2,2,6,8,0.25,0,300
393,sc_1963_insc_141,dismissed,5.0,0.1785804324213235,2,3,5,8,0.375,0,300
393,sc_1971_insc_75,allowed,3.0,0.22117313596924268,2,3,5,8,0.375,1,300
393,sc_1982_insc_70,allowed,3.0,0.21444120818531806,3,3,4,7,0.42857142857142855,1,300
393,sc_1997_insc_336,dismissed,4.0,0.2085875844810996,2,4,4,8,0.5,0,300
393,sc_1999_insc_90,dismissed,5.0,0.14646089751580038,2,3,5,8,0.375,0,300
393,sc_2001_insc_306,allowed,5.0,0.14661611282810008,2,5,3,8,0.625,1,300
393,sc_2003_insc_127,dismissed,4.0,0.19370040437683164,2,4,4,8,0.5,0,300
393,sc_2012_insc_179,allowed,3.0,0.18005494883011208,2,3,5,8,0.375,1,300
393,sc_2013_insc_55,allowed,4.0,0.187085768623454,2,4,4,8,0.5,1,300
393,sc_2023_insc_336,dismissed,4.0,0.21113945642015364,2,4,4,8,0.5,0,300
394,sc_1973_insc_207,allowed,5.0,0.17820894054368344,2,5,3,8,0.625,1,300
394,sc_1984_insc_188,dismissed,2.0,0.1800167252880794,3,5,2,7,0.7142857142857143,0,300
394,sc_1987_insc_362,allowed,3.0,0.18168855502421088,2,3,5,8,0.375,1,300
394,sc_1991_insc_256,dismissed,5.0,0.19384865053947545,2,3,5,8,0.375,0,300
394,sc_1994_insc_399,allowed,3.0,0.17692062132493203,2,3,5,8,0.375,1,300
394,sc_1996_insc_107,dismissed,3.0,0.19890061546257265,2,5,3,8,0.625,0,300
394,sc_1996_insc_1174,dismissed,4.0,0.22043849135807064,2,4,4,8,0.5,0,300
394,sc_2000_insc_393,allowed,1.0,0.12340801212019571,2,1,7,8,0.125,1,300
394,sc_2010_insc_468,allowed,4.0,0.18813850384172828,2,4,4,8,0.5,1,300
394,sc_2011_insc_835,dismissed,3.0,0.1894335651571614,2,5,3,8,0.625,0,300
394,sc_2017_insc_1051,dismissed,5.0,0.2343599725341136,2,3,5,8,0.375,0,300
394,sc_2022_insc_563,allowed,5.0,0.18278690789827706,2,5,3,8,0.625,1,300
395,in_abs_train_1764,dismissed,5.0,0.18948046782856817,2,3,5,8,0.375,0,300
395,sc_1956_insc_67,dismissed,5.0,0.16832363158543678,2,3,5,8,0.375,0,300
395,sc_1999_insc_230,allowed,2.0,0.1394865224864293,2,2,6,8,0.25,1,300
395,sc_2004_insc_20,dismissed,3.0,0.19432432661835597,2,5,3,8,0.625,0,300
395,sc_2007_insc_1091,allowed,5.0,0.20328048170218266,2,5,3,8,0.625,1,300
395,sc_2009_insc_554,dismissed,3.0,0.2232846692605332,2,5,3,8,0.625,0,300
395,sc_2014_insc_359,allowed,2.0,0.20306435712826723,2,2,6,8,0.25,1,300
395,sc_2019_insc_1207,dismissed,4.0,0.18641834434181323,2,4,4,8,0.5,0,300
395,sc_2019_insc_828,allowed,3.0,0.17236902053754155,2,3,5,8,0.375,1,300
395,sc_2019_insc_944,allowed,5.0,0.17076318129105475,2,5,3,8,0.625,1,300
395,sc_2021_insc_179,dismissed,4.0,0.18127692329415132,2,4,4,8,0.5,0,300
395,sc_2022_insc_190,allowed,4.0,0.18293255978248218,3,4,3,7,0.5714285714285714,1,300
396,in_abs_train_1577,dismissed,3.0,0.1813003993967707,2,5,3,8,0.625,0,300
396,in_abs_train_902,dismissed,3.0,0.22337755397985673,2,5,3,8,0.625,0,300
396,sc_1964_insc_35,allowed,5.0,0.18458299213174176,2,5,3,8,0.625,1,300
396,sc_1990_insc_105,dismissed,6.0,0.1621730203070334,3,1,6,7,0.14285714285714285,0,300
396,sc_2000_insc_275,allowed,5.0,0.17922693354795044,2,5,3,8,0.625,1,300
396,sc_2002_insc_169,dismissed,5.0,0.1884002445607863,2,3,5,8,0.375,0,300
396,sc_2003_insc_95,allowed,6.0,0.11781466594152312,2,6,2,8,0.75,1,300
396,sc_2006_insc_209,allowed,4.0,0.18678365242306408,2,4,4,8,0.5,1,300
396,sc_2007_insc_1255,dismissed,4.0,0.158347532915005,2,4,4,8,0.5,0,300
396,sc_2013_insc_726,dismissed,5.0,0.18161039293341272,2,3,5,8,0.375,0,300
396,sc_2019_insc_469,allowed,4.0,0.18708576862345402,2,4,4,8,0.5,1,300
396,sc_2019_insc_705,allowed,3.0,0.17793041376576726,2,3,5,8,0.375,1,300
397,in_abs_train_3320,allowed,2.0,0.18407587721216642,2,2,6,8,0.25,1,300
397,sc_1953_insc_42,dismissed,6.0,0.1624636873871969,2,2,6,8,0.25,0,300
397,sc_1970_insc_99,allowed,4.0,0.21228395530178776,2,4,4,8,0.5,1,300
397,sc_1994_insc_160,allowed,5.0,0.19527752732724019,2,5,3,8,0.625,1,300
397,sc_2001_insc_8,dismissed,6.0,0.2117008588848836,2,2,6,8,0.25,0,300
397,sc_2004_insc_700,allowed,3.0,0.19226230815968295,2,3,5,8,0.375,1,300
397,sc_2007_insc_571,allowed,4.0,0.2187387023726588,2,4,4,8,0.5,1,300
397,sc_2010_insc_545,dismissed,4.0,0.21042066760226827,3,3,4,7,0.42857142857142855,0,300
397,sc_2013_insc_712,dismissed,3.0,0.18928662422907272,2,5,3,8,0.625,0,300
397,sc_2014_insc_1003,allowed,5.0,0.19042296670832537,2,5,3,8,0.625,1,300
397,sc_2018_insc_148,dismissed,4.0,0.16157343909890268,2,4,4,8,0.5,0,300
397,sc_2023_insc_289,dismissed,6.0,0.17551742663726858,2,2,6,8,0.25,0,300
398,in_abs_train_6439,allowed,5.0,0.18577897072521105,2,5,3,8,0.625,1,300
398,in_abs_train_6908,dismissed,6.0,0.1308630516936317,2,2,6,8,0.25,0,300
398,sc_1960_insc_219,dismissed,4.0,0.17218327653867552,2,4,4,8,0.5,0,300
398,sc_1962_insc_381,allowed,5.0,0.2189277739968863,2,5,3,8,0.625,1,300
398,sc_1966_insc_196,dismissed,4.0,0.14498364782106662,2,4,4,8,0.5,0,300
398,sc_1984_insc_158,dismissed,4.0,0.23852285550034427,2,4,4,8,0.5,0,300
398,sc_1986_insc_258,allowed,3.0,0.17831661220408696,2,3,5,8,0.375,1,300
398,sc_1990_insc_384,allowed,4.0,0.190685515374948,2,4,4,8,0.5,1,300
398,sc_1992_insc_130,allowed,5.0,0.23855007154300806,2,5,3,8,0.625,1,300
398,sc_1996_insc_1372,allowed,3.0,0.19770687950620644,2,3,5,8,0.375,1,300
398,sc_2010_insc_351,dismissed,3.0,0.21462995832046633,2,5,3,8,0.625,0,300
398,sc_2016_insc_1215,dismissed,3.0,0.2192741170605164,2,5,3,8,0.625,0,300
399,in_abs_train_1062,dismissed,6.0,0.15242744826351642,2,2,6,8,0.25,0,300
399,in_abs_train_1674,allowed,6.0,0.16164623345202986,2,6,2,8,0.75,1,300
399,in_abs_train_3743,dismissed,3.0,0.19322309287353442,2,5,3,8,0.625,0,300
399,in_abs_train_3783,dismissed,4.0,0.20331692106771265,2,4,4,8,0.5,0,300
399,sc_1963_insc_246,allowed,2.0,0.15167552302766021,2,2,6,8,0.25,1,300
399,sc_1994_insc_217,allowed,3.0,0.21647580108742667,2,3,5,8,0.375,1,300
399,sc_1996_insc_1127,allowed,3.0,0.18077847224375393,2,3,5,8,0.375,1,300
399,sc_1997_insc_528,dismissed,4.0,0.20833553234383662,2,4,4,8,0.5,0,300
399,sc_2008_insc_266,allowed,7.0,0.12385677409121086,2,7,1,8,0.875,1,300
399,sc_2019_insc_1367,allowed,2.0,0.1535842856951843,2,2,6,8,0.25,1,300
399,sc_2020_insc_309,dismissed,6.0,0.1745432743406662,2,2,6,8,0.25,0,300
399,sc_2023_insc_209,dismissed,4.0,0.18356665580481651,3,3,4,7,0.42857142857142855,0,300
400,in_abs_train_5082,dismissed,4.0,0.18244966676644742,2,4,4,8,0.5,0,400
400,in_abs_train_645,dismissed,4.0,0.19937177521222882,2,4,4,8,0.5,0,400
400,sc_1966_insc_62,dismissed,4.0,0.18274823712008453,2,4,4,8,0.5,0,400
400,sc_1969_insc_314,allowed,7.0,0.12385983131144655,2,7,1,8,0.875,1,400
400,sc_1996_insc_713,dismissed,6.0,0.15308709331778542,2,2,6,8,0.25,0,400
400,sc_2000_insc_353,allowed,3.0,0.21256650103229136,2,3,5,8,0.375,1,400
400,sc_2002_insc_220,allowed,7.0,0.14992522441759648,2,7,1,8,0.875,1,400
400,sc_2005_insc_320,dismissed,5.0,0.11271490881708086,2,3,5,8,0.375,0,400
400,sc_2008_insc_985,dismissed,3.0,0.19209666568749692,2,5,3,8,0.625,0,400
400,sc_2013_insc_392,allowed,1.0,0.11142792196606813,2,1,7,8,0.125,1,400
400,sc_2018_insc_924,allowed,7.0,0.14823295116977198,2,7,1,8,0.875,1,400
400,sc_2024_insc_430,allowed,3.0,0.19143109913783649,3,3,4,7,0.42857142857142855,1,400
401,in_abs_train_1619,dismissed,3.0,0.19671974529265818,2,5,3,8,0.625,0,400
401,in_abs_train_1683,allowed,3.0,0.2120829759419702,2,3,5,8,0.375,1,400
401,sc_1960_insc_217,dismissed,5.0,0.19986341493966753,2,3,5,8,0.375,0,400
401,sc_1981_insc_133,allowed,4.0,0.19026306975944046,2,4,4,8,0.5,1,400
401,sc_2001_insc_2,dismissed,6.0,0.1637298257898499,2,2,6,8,0.25,0,400
401,sc_2002_insc_230,dismissed,6.0,0.18970521685136804,2,2,6,8,0.25,0,400
401,sc_2005_insc_34,allowed,6.0,0.16005749664122274,2,6,2,8,0.75,1,400
401,sc_2011_insc_226,allowed,4.0,0.1790722192130246,2,4,4,8,0.5,1,400
401,sc_2013_insc_766,dismissed,5.0,0.2207925678344103,2,3,5,8,0.375,0,400
401,sc_2014_insc_73,allowed,4.0,0.18678365242306402,2,4,4,8,0.5,1,400
401,sc_2014_insc_786,dismissed,3.0,0.17181262048221535,2,5,3,8,0.625,0,400
401,sc_2017_insc_784,allowed,5.0,0.181142209327368,2,5,3,8,0.625,1,400
402,in_abs_train_524,allowed,3.0,0.20585360627703828,2,3,5,8,0.375,1,400
402,sc_1967_insc_148,dismissed,5.0,0.15695542442954724,2,3,5,8,0.375,0,400
402,sc_1972_insc_234,dismissed,3.0,0.18091091125882927,2,5,3,8,0.625,0,400
402,sc_1975_insc_278,allowed,6.0,0.17636235020952903,2,6,2,8,0.75,1,400
402,sc_1976_insc_290,dismissed,5.0,0.17714083565639088,2,3,5,8,0.375,0,400
402,sc_1977_insc_53,allowed,4.0,0.17155732050630607,2,4,4,8,0.5,1,400
402,sc_1986_insc_165,dismissed,4.0,0.20071377097036178,2,4,4,8,0.5,0,400
402,sc_1987_insc_225,dismissed,6.0,0.18765032226847259,2,2,6,8,0.25,0,400
402,sc_1996_insc_156,dismissed,6.0,0.13066046169365847,2,2,6,8,0.25,0,400
402,sc_1996_insc_235,allowed,5.0,0.18783511719058285,2,5,3,8,0.625,1,400
402,sc_1996_insc_719,allowed,4.0,0.2243797001399651,2,4,4,8,0.5,1,400
402,sc_2023_insc_394,allowed,5.0,0.21609917188332525,2,5,3,8,0.625,1,400
403,in_abs_train_3206,allowed,3.0,0.1926103927436345,2,3,5,8,0.375,1,400
403,in_abs_train_3245,allowed,6.0,0.11896023834794514,2,6,2,8,0.75,1,400
403,sc_1962_insc_15,dismissed,2.0,0.16184678808212413,2,6,2,8,0.75,0,400
403,sc_1966_insc_175,dismissed,4.0,0.18678365242306405,2,4,4,8,0.5,0,400
403,sc_1967_insc_163,dismissed,3.0,0.16818556950193575,2,5,3,8,0.625,0,400
403,sc_1978_insc_23,allowed,2.0,0.1580920526092766,2,2,6,8,0.25,1,400
403,sc_1983_insc_143,allowed,4.0,0.23788346966296098,2,4,4,8,0.5,1,400
403,sc_1987_insc_142,dismissed,4.0,0.21286157576129505,2,4,4,8,0.5,0,400
403,sc_1996_insc_1292,dismissed,5.0,0.20280831632268645,2,3,5,8,0.375,0,400
403,sc_2011_insc_342,allowed,3.0,0.1696446917194034,2,3,5,8,0.375,1,400
403,sc_2014_insc_559,allowed,2.0,0.16519486020071777,2,2,6,8,0.25,1,400
403,sc_2021_insc_837,dismissed,3.0,0.17037932666657987,2,5,3,8,0.625,0,400
404,in_abs_train_1318,dismissed,4.0,0.187687097128629,2,4,4,8,0.5,0,400
404,in_abs_train_6104,allowed,6.0,0.19826011003087823,2,6,2,8,0.75,1,400
404,in_abs_train_649,allowed,1.0,0.12437705382751162,2,1,7,8,0.125,1,400
404,sc_1951_insc_58,dismissed,1.0,0.15014861313640465,2,7,1,8,0.875,0,400
404,sc_1960_insc_170,dismissed,4.0,0.1975705524055712,2,4,4,8,0.5,0,400
404,sc_1979_insc_224,allowed,2.0,0.15909902576697318,2,2,6,8,0.25,1,400
404,sc_1990_insc_387,dismissed,4.0,0.20529276197694274,2,4,4,8,0.5,0,400
404,sc_2005_insc_445,allowed,4.0,0.1965920654383828,2,4,4,8,0.5,1,400
404,sc_2010_insc_97,allowed,3.0,0.19355130850629307,2,3,5,8,0.375,1,400
404,sc_2013_insc_679,allowed,5.0,0.1990088340986189,2,5,3,8,0.625,1,400
404,sc_2020_insc_98,dismissed,5.0,0.19582658771310174,2,3,5,8,0.375,0,400
404,sc_2023_insc_223,dismissed,7.0,0.10503717765395072,2,1,7,8,0.125,0,400
405,in_abs_train_3913,allowed,4.0,0.18823002559294896,2,4,4,8,0.5,1,400
405,in_abs_train_4252,dismissed,3.0,0.181142209327368,2,5,3,8,0.625,0,400
405,in_abs_train_4979,allowed,5.0,0.18468119248354134,2,5,3,8,0.625,1,400
405,sc_1965_insc_109,dismissed,6.0,0.17219290412891836,2,2,6,8,0.25,0,400
405,sc_1969_insc_121,allowed,5.0,0.16502667666955617,2,5,3,8,0.625,1,400
405,sc_1998_insc_213,allowed,3.0,0.1977304459132974,2,3,5,8,0.375,1,400
405,sc_1998_insc_378,allowed,6.0,0.17325213685758864,2,6,2,8,0.75,1,400
405,sc_2006_insc_250,dismissed,4.0,0.19860049408297048,2,4,4,8,0.5,0,400
405,sc_2011_insc_81,dismissed,3.0,0.17721923661741118,2,5,3,8,0.625,0,400
405,sc_2014_insc_811,dismissed,4.0,0.20166674906531176,2,4,4,8,0.5,0,400
405,sc_2023_insc_33,allowed,2.0,0.1616743171361134,2,2,6,8,0.25,1,400
405,sc_2024_insc_380,dismissed,4.0,0.17930020762153343,2,4,4,8,0.5,0,400
406,in_abs_train_3397,allowed,4.0,0.21270831206415214,2,4,4,8,0.5,1,400
406,in_abs_train_3491,allowed,6.0,0.14265369044236254,2,6,2,8,0.75,1,400
406,in_abs_train_4327,dismissed,4.0,0.15189162518712634,2,4,4,8,0.5,0,400
406,sc_1956_insc_71,dismissed,3.0,0.1940433816537467,2,5,3,8,0.625,0,400
406,sc_1961_insc_343,dismissed,7.0,0.15049051891931536,2,1,7,8,0.125,0,400
406,sc_1961_insc_56,allowed,4.0,0.21090649824386287,2,4,4,8,0.5,1,400
406,sc_1981_insc_123,dismissed,3.0,0.18230256145992574,2,5,3,8,0.625,0,400
406,sc_1985_insc_138,dismissed,3.0,0.21703601045980714,2,5,3,8,0.625,0,400
406,sc_1994_insc_467,allowed,4.0,0.18216121776816543,2,4,4,8,0.5,1,400
406,sc_1995_insc_453,allowed,6.0,0.17782960324373515,2,6,2,8,0.75,1,400
406,sc_1996_insc_738,dismissed,4.0,0.17880161592430546,2,4,4,8,0.5,0,400
406,sc_2014_insc_228,allowed,4.0,0.22368126571323765,2,4,4,8,0.5,1,400
407,in_abs_train_5503,allowed,4.0,0.19388204169145737,2,4,4,8,0.5,1,400
407,sc_1960_insc_262,dismissed,4.0,0.1714879671926432,2,4,4,8,0.5,0,400
407,sc_1963_insc_122,dismissed,3.0,0.17406241289616475,2,5,3,8,0.625,0,400
407,sc_1970_insc_239,dismissed,2.0,0.18056954954121618,2,6,2,8,0.75,0,400
407,sc_1989_insc_397,dismissed,5.0,0.18882496182916209,2,3,5,8,0.375,0,400
407,sc_1991_insc_54,dismissed,3.0,0.18168855502421088,2,5,3,8,0.625,0,400
407,sc_1998_insc_363,dismissed,4.0,0.1993539556623464,2,4,4,8,0.5,0,400
407,sc_2000_insc_480,allowed,4.0,0.2024140714159644,2,4,4,8,0.5,1,400
407,sc_2004_insc_581,allowed,4.0,0.1784243005500812,2,4,4,8,0.5,1,400
407,sc_2009_insc_333,allowed,6.0,0.14533602920105038,2,6,2,8,0.75,1,400
407,sc_2010_insc_873,allowed,3.0,0.2187889557149929,3,3,4,7,0.42857142857142855,1,400
407,sc_2011_insc_734,allowed,3.0,0.20901860510506912,2,3,5,8,0.375,1,400
408,in_abs_train_3277,allowed,4.0,0.21246870334426585,2,4,4,8,0.5,1,400
408,in_abs_train_5585,dismissed,3.0,0.2169081458124182,2,5,3,8,0.625,0,400
408,in_abs_train_5818,allowed,3.0,0.16927441443098357,2,3,5,8,0.375,1,400
408,in_abs_train_6838,allowed,5.0,0.2280390617512761,2,5,3,8,0.625,1,400
408,sc_1958_insc_28,dismissed,3.0,0.1849926589636181,2,5,3,8,0.625,0,400
408,sc_1964_insc_107,dismissed,0.0,0.04868407087196857,1,8,0,8,1.0,0,400
408,sc_1967_insc_273,allowed,4.0,0.1998984535734867,2,4,4,8,0.5,1,400
408,sc_1996_insc_279,allowed,5.0,0.20164733510312247,2,5,3,8,0.625,1,400
408,sc_1996_insc_315,dismissed,4.0,0.17653034631372264,2,4,4,8,0.5,0,400
408,sc_2007_insc_328,dismissed,3.0,0.20696796667969028,2,5,3,8,0.625,0,400
408,sc_2007_insc_576,dismissed,6.0,0.16236866945759137,2,2,6,8,0.25,0,400
408,sc_2014_insc_448,allowed,6.0,0.1934953663388935,2,6,2,8,0.75,1,400
409,in_abs_train_3517,dismissed,4.0,0.17098639448276076,2,4,4,8,0.5,0,400
409,in_abs_train_4916,dismissed,4.0,0.19157759670773983,2,4,4,8,0.5,0,400
409,in_abs_train_5403,dismissed,4.0,0.19425358355282132,2,4,4,8,0.5,0,400
409,in_abs_train_6944,allowed,4.0,0.22489683894986792,2,4,4,8,0.5,1,400
409,sc_1960_insc_159,dismissed,4.0,0.17876964177798355,2,4,4,8,0.5,0,400
409,sc_1963_insc_2,dismissed,1.0,0.12340778349352893,2,7,1,8,0.875,0,400
409,sc_1993_insc_379,allowed,4.0,0.16382334841421547,2,4,4,8,0.5,1,400
409,sc_2004_insc_471,allowed,4.0,0.1746960307637922,2,4,4,8,0.5,1,400
409,sc_2009_insc_590,allowed,4.0,0.24227438089437997,2,4,4,8,0.5,1,400
409,sc_2014_insc_510,allowed,2.0,0.16002732746538725,3,2,5,7,0.2857142857142857,1,400
409,sc_2018_insc_142,allowed,2.0,0.14514836928861055,2,2,6,8,0.25,1,400
409,sc_2020_insc_509,dismissed,3.0,0.18044592272142287,2,5,3,8,0.625,0,400
410,in_abs_train_2344,dismissed,6.0,0.17335147517908514,2,2,6,8,0.25,0,400
410,in_abs_train_278,dismissed,4.0,0.18624496827731152,2,4,4,8,0.5,0,400
410,in_abs_train_3162,dismissed,6.0,0.1870190707187371,2,2,6,8,0.25,0,400
410,in_abs_train_326,allowed,5.0,0.16885356279819166,2,5,3,8,0.625,1,400
410,sc_1966_insc_121,dismissed,5.0,0.2107306575436975,2,3,5,8,0.375,0,400
410,sc_1995_insc_782,dismissed,6.0,0.16219396663408908,2,2,6,8,0.25,0,400
410,sc_1996_insc_703,allowed,3.0,0.1945726901341289,2,3,5,8,0.375,1,400
410,sc_2007_insc_1133,allowed,4.0,0.2139274362705383,2,4,4,8,0.5,1,400
410,sc_2010_insc_518,allowed,4.0,0.2005409589595457,2,4,4,8,0.5,1,400
410,sc_2011_insc_204,allowed,6.0,0.1620185174601965,2,6,2,8,0.75,1,400
410,sc_2019_insc_813,dismissed,6.0,0.1900784216217585,2,2,6,8,0.25,0,400
410,sc_2024_insc_438,allowed,3.0,0.17265059420277543,2,3,5,8,0.375,1,400
411,in_abs_train_4123,dismissed,7.0,0.17482893320491466,2,1,7,8,0.125,0,400
411,in_abs_train_4228,dismissed,4.0,0.18582889877327488,2,4,4,8,0.5,0,400
411,sc_1968_insc_19,dismissed,4.0,0.23941332472578347,2,4,4,8,0.5,0,400
411,sc_1968_insc_268,allowed,4.0,0.2468942650971508,2,4,4,8,0.5,1,400
411,sc_1981_insc_32,dismissed,4.0,0.18708286933869706,2,4,4,8,0.5,0,400
411,sc_1992_insc_197,allowed,5.0,0.16967079140310842,2,5,3,8,0.625,1,400
411,sc_2001_insc_145,allowed,3.0,0.18204785234697884,2,3,5,8,0.375,1,400
411,sc_2003_insc_721,dismissed,8.0,0.015926860225616454,1,0,8,8,0.0,0,400
411,sc_2007_insc_464,dismissed,6.0,0.11448509286747392,2,2,6,8,0.25,0,400
411,sc_2010_insc_183,allowed,4.0,0.20287110012902984,2,4,4,8,0.5,1,400
411,sc_2010_insc_771,allowed,3.0,0.16803962813669146,2,3,5,8,0.375,1,400
411,sc_2024_insc_280,allowed,1.0,0.12516670580098938,2,1,7,8,0.125,1,400
412,in_abs_train_263,allowed,4.0,0.17994674749440512,2,4,4,8,0.5,1,400
412,in_abs_train_5790,dismissed,3.0,0.1730233230304516,2,5,3,8,0.625,0,400
412,sc_1953_insc_79,dismissed,6.0,0.19245552470324057,2,2,6,8,0.25,0,400
412,sc_1958_insc_69,dismissed,4.0,0.2469546902867946,2,4,4,8,0.5,0,400
412,sc_1958_insc_78,dismissed,4.0,0.16711174331613243,2,4,4,8,0.5,0,400
412,sc_1961_insc_226,dismissed,4.0,0.19821415504786194,3,3,4,7,0.42857142857142855,0,400
412,sc_1990_insc_237,allowed,3.0,0.1816885550242109,2,3,5,8,0.375,1,400
412,sc_1996_insc_372,allowed,6.0,0.21047956360158587,2,6,2,8,0.75,1,400
412,sc_2003_insc_312,dismissed,5.0,0.16747237865661563,2,3,5,8,0.375,0,400
412,sc_2003_insc_460,allowed,4.0,0.196565181392113,2,4,4,8,0.5,1,400
412,sc_2007_insc_100,allowed,1.0,0.12371992780354459,2,1,7,8,0.125,1,400
412,sc_2007_insc_906,allowed,3.0,0.17367256753524926,2,3,5,8,0.375,1,400
413,in_abs_train_3339,dismissed,5.0,0.19607401439538447,2,3,5,8,0.375,0,400
413,in_abs_train_5245,allowed,5.0,0.18472836899756356,2,5,3,8,0.625,1,400
413,in_abs_train_529,dismissed,3.0,0.13529873890822924,2,5,3,8,0.625,0,400
413,sc_1988_insc_295,dismissed,6.0,0.1618190643843125,2,2,6,8,0.25,0,400
413,sc_1993_insc_76,allowed,4.0,0.1898192720109992,3,4,3,7,0.5714285714285714,1,400
413,sc_1995_insc_215,dismissed,5.0,0.17894818766628406,2,3,5,8,0.375,0,400
413,sc_1999_insc_309,dismissed,3.0,0.19737432427731974,2,5,3,8,0.625,0,400
413,sc_2000_insc_137,allowed,3.0,0.19653904726087962,2,3,5,8,0.375,1,400
413,sc_2006_insc_583,allowed,4.0,0.17839254656415118,2,4,4,8,0.5,1,400
413,sc_2012_insc_289,allowed,6.0,0.1989314967645053,2,6,2,8,0.75,1,400
413,sc_2016_insc_435,dismissed,4.0,0.19125985765146516,2,4,4,8,0.5,0,400
413,sc_2017_insc_982,allowed,3.0,0.22041361696056802,2,3,5,8,0.375,1,400
414,sc_1960_insc_146,allowed,5.0,0.20844299183366646,2,5,3,8,0.625,1,400
414,sc_1974_insc_132,allowed,6.0,0.1805774684123528,2,6,2,8,0.75,1,400
414,sc_1979_insc_202,dismissed,4.0,0.19104466631744277,2,4,4,8,0.5,0,400
414,sc_1982_insc_42,dismissed,6.0,0.2087911365645481,2,2,6,8,0.25,0,400
414,sc_1987_insc_92,dismissed,4.0,0.1892776058706159,2,4,4,8,0.5,0,400
414,sc_1995_insc_160,allowed,4.0,0.20550696495076579,2,4,4,8,0.5,1,400
414,sc_1995_insc_637,allowed,2.0,0.1621421083518444,3,2,5,7,0.2857142857142857,1,400
414,sc_2000_insc_417,dismissed,5.0,0.22132178934299468,2,3,5,8,0.375,0,400
414,sc_2008_insc_1357,dismissed,2.0,0.13833382772071723,2,6,2,8,0.75,0,400
414,sc_2008_insc_734,dismissed,3.0,0.1745141488937462,3,4,3,7,0.5714285714285714,0,400
414,sc_2019_insc_892,allowed,6.0,0.17273785038420833,2,6,2,8,0.75,1,400
414,sc_2024_insc_200,allowed,2.0,0.16202298117418845,2,2,6,8,0.25,1,400
415,in_abs_train_334,allowed,4.0,0.18923581931679848,2,4,4,8,0.5,1,400
415,in_abs_train_5260,allowed,6.0,0.17525597350732441,2,6,2,8,0.75,1,400
415,sc_1960_insc_149,dismissed,5.0,0.1977475040741909,3,2,5,7,0.2857142857142857,0,400
415,sc_1979_insc_154,dismissed,4.0,0.1944066407412198,2,4,4,8,0.5,0,400
415,sc_1998_insc_439,allowed,4.0,0.18648347063862944,2,4,4,8,0.5,1,400
415,sc_2008_insc_1328,dismissed,4.0,0.2461193012637661,2,4,4,8,0.5,0,400
415,sc_2010_insc_279,dismissed,4.0,0.18195471146556808,2,4,4,8,0.5,0,400
415,sc_2010_insc_504,dismissed,5.0,0.19246377092706501,2,3,5,8,0.375,0,400
415,sc_2017_insc_771,allowed,7.0,0.1254276517467503,2,7,1,8,0.875,1,400
415,sc_2022_insc_368,allowed,2.0,0.16408703047903747,3,2,5,7,0.2857142857142857,1,400
415,sc_2023_insc_858,allowed,1.0,0.1741495021731123,2,1,7,8,0.125,1,400
415,sc_2024_insc_422,dismissed,4.0,0.18928761047455445,2,4,4,8,0.5,0,400
416,in_abs_train_3049,allowed,5.0,0.21129221198199905,2,5,3,8,0.625,1,400
416,in_abs_train_3573,dismissed,6.0,0.17979203120789752,2,2,6,8,0.25,0,400
416,in_abs_train_3605,dismissed,3.0,0.2106805343984222,2,5,3,8,0.625,0,400
416,in_abs_train_731,dismissed,3.0,0.16142986296384154,2,5,3,8,0.625,0,400
416,sc_1970_insc_169,allowed,7.0,0.10710714889420794,2,7,1,8,0.875,1,400
416,sc_1991_insc_127,dismissed,5.0,0.21147985370687195,2,3,5,8,0.375,0,400
416,sc_1996_insc_142,allowed,6.0,0.13295479562081025,2,6,2,8,0.75,1,400
416,sc_2001_insc_299,dismissed,3.0,0.19615220208789033,2,5,3,8,0.625,0,400
416,sc_2005_insc_342,dismissed,4.0,0.2160669483931075,2,4,4,8,0.5,0,400
416,sc_2010_insc_330,allowed,3.0,0.18591044070811547,2,3,5,8,0.375,1,400
416,sc_2011_insc_338,allowed,5.0,0.15221125087180318,2,5,3,8,0.625,1,400
416,sc_2019_insc_1226,allowed,3.0,0.21262449617845927,2,3,5,8,0.375,1,400
417,sc_1980_insc_25,dismissed,3.0,0.19163760234265373,2,5,3,8,0.625,0,400
417,sc_1988_insc_176,dismissed,5.0,0.23290809039496366,2,3,5,8,0.375,0,400
417,sc_1996_insc_168,dismissed,2.0,0.1767451252106102,2,6,2,8,0.75,0,400
417,sc_2000_insc_206,allowed,4.0,0.20474509502271365,2,4,4,8,0.5,1,400
417,sc_2005_insc_159,allowed,4.0,0.187085768623454,2,4,4,8,0.5,1,400
417,sc_2006_insc_433,allowed,4.0,0.18708286933869706,2,4,4,8,0.5,1,400
417,sc_2006_insc_456,dismissed,5.0,0.2206366903013704,2,3,5,8,0.375,0,400
417,sc_2009_insc_275,dismissed,0.0,0.05320364148725966,1,8,0,8,1.0,0,400
417,sc_2010_insc_3,allowed,6.0,0.2044699348096718,2,6,2,8,0.75,1,400
417,sc_2017_insc_1293,dismissed,5.0,0.135502191866208,2,3,5,8,0.375,0,400
417,sc_2017_insc_998,allowed,3.0,0.22918441176064974,2,3,5,8,0.375,1,400
417,sc_2022_insc_54,allowed,5.0,0.22131429654937082,2,5,3,8,0.625,1,400
418,sc_1962_insc_203,allowed,8.0,0.01857038613145748,1,8,0,8,1.0,1,400
418,sc_1972_insc_275,dismissed,4.0,0.20697028317965302,2,4,4,8,0.5,0,400
418,sc_1980_insc_166,dismissed,3.0,0.1831134289347228,2,5,3,8,0.625,0,400
418,sc_1980_insc_234,allowed,3.0,0.18979532999449344,2,3,5,8,0.375,1,400
418,sc_1994_insc_43,dismissed,5.0,0.19753425909420497,2,3,5,8,0.375,0,400
418,sc_1996_insc_293,allowed,5.0,0.17226028173290095,2,5,3,8,0.625,1,400
418,sc_1999_insc_82,dismissed,6.0,0.17903544712299457,2,2,6,8,0.25,0,400
418,sc_2001_insc_103,dismissed,6.0,0.1394721194297064,2,2,6,8,0.25,0,400
418,sc_2008_insc_1299,allowed,5.0,0.189747056181249,2,5,3,8,0.625,1,400
418,sc_2012_insc_107,allowed,3.0,0.1878033706480949,2,3,5,8,0.375,1,400
418,sc_2013_insc_581,allowed,6.0,0.19034981601083079,2,6,2,8,0.75,1,400
418,sc_2018_insc_1061,dismissed,4.0,0.1808582434976947,2,4,4,8,0.5,0,400
419,in_abs_train_3852,dismissed,5.0,0.22284037436540854,2,3,5,8,0.375,0,400
419,sc_1961_insc_349,allowed,4.0,0.20123942715778034,2,4,4,8,0.5,1,400
419,sc_1966_insc_76,allowed,5.0,0.178895542853329,2,5,3,8,0.625,1,400
419,sc_1979_insc_254,allowed,7.0,0.1332225539611389,2,7,0,7,1.0,1,400
419,sc_1980_insc_152,dismissed,1.0,0.14550964715672499,2,7,1,8,0.875,0,400
419,sc_1985_insc_28,dismissed,4.0,0.23746528596718994,2,4,4,8,0.5,0,400
419,sc_1993_insc_22,allowed,6.0,0.17212488691269137,2,6,2,8,0.75,1,400
419,sc_2000_insc_585,dismissed,3.0,0.2261128868734418,2,5,3,8,0.625,0,400
419,sc_2009_insc_260,dismissed,4.0,0.17945383409509133,2,4,4,8,0.5,0,400
419,sc_2010_insc_241,dismissed,5.0,0.21810111245353178,2,3,5,8,0.375,0,400
419,sc_2023_insc_1055,allowed,5.0,0.18632594029491897,3,5,2,7,0.7142857142857143,1,400
419,sc_2023_insc_939,allowed,4.0,0.1775039836409806,2,4,4,8,0.5,1,400
420,in_abs_train_3888,allowed,4.0,0.14178396229576076,2,4,4,8,0.5,1,400
420,in_abs_train_4498,allowed,3.0,0.19616866173574465,3,3,4,7,0.42857142857142855,1,400
420,sc_1960_insc_38,dismissed,2.0,0.20064514934314878,2,6,2,8,0.75,0,400
420,sc_1961_insc_173,dismissed,3.0,0.19730326718296232,2,5,3,8,0.625,0,400
420,sc_1978_insc_55,dismissed,1.0,0.13919616836928547,2,7,1,8,0.875,0,400
420,sc_1985_insc_165,allowed,2.0,0.23413019007129085,2,2,6,8,0.25,1,400
420,sc_1997_insc_767,allowed,6.0,0.16219619609221947,2,6,2,8,0.75,1,400
420,sc_2004_insc_410,allowed,3.0,0.20670376491145834,2,3,5,8,0.375,1,400
420,sc_2004_insc_447,dismissed,2.0,0.20656691433562463,2,6,2,8,0.75,0,400
420,sc_2015_insc_201,dismissed,4.0,0.2012822135333827,2,4,4,8,0.5,0,400
420,sc_2022_insc_276,allowed,4.0,0.21204053168339562,3,4,3,7,0.5714285714285714,1,400
420,sc_2023_insc_969,dismissed,4.0,0.2028191622765277,2,4,4,8,0.5,0,400
421,sc_1974_insc_272,allowed,4.0,0.2022246998788017,2,4,4,8,0.5,1,400
421,sc_1989_insc_146,dismissed,2.0,0.16420129306301381,2,6,2,8,0.75,0,400
421,sc_1992_insc_249,allowed,6.0,0.1729575666410428,3,6,1,7,0.8571428571428571,1,400
421,sc_2000_insc_426,dismissed,6.0,0.16219619609221947,2,2,6,8,0.25,0,400
421,sc_2006_insc_951,dismissed,3.0,0.169607331958086,2,5,3,8,0.625,0,400
421,sc_2008_insc_1018,allowed,7.0,0.1491367138722158,2,7,1,8,0.875,1,400
421,sc_2008_insc_589,allowed,4.0,0.2018989378933158,2,4,4,8,0.5,1,400
421,sc_2015_insc_77,dismissed,2.0,0.16583980248783378,2,6,2,8,0.75,0,400
421,sc_2017_insc_1243,allowed,1.0,0.12241077550274597,2,1,7,8,0.125,1,400
421,sc_2019_insc_459,dismissed,4.0,0.20272808748507726,2,4,4,8,0.5,0,400
421,sc_2021_insc_500,dismissed,4.0,0.19024650890480202,2,4,4,8,0.5,0,400
421,sc_2021_insc_816,allowed,4.0,0.19683427059842026,2,4,4,8,0.5,1,400
422,in_abs_train_3024,dismissed,4.0,0.2189711995247945,2,4,4,8,0.5,0,400
422,in_abs_train_450,dismissed,4.0,0.21738466255339747,2,4,4,8,0.5,0,400
422,in_abs_train_6537,dismissed,4.0,0.18698683368287303,2,4,4,8,0.5,0,400
422,sc_1954_insc_62,allowed,3.0,0.18408544416848216,2,3,5,8,0.375,1,400
422,sc_1962_insc_292,dismissed,5.0,0.20815539544002612,2,3,5,8,0.375,0,400
422,sc_1985_insc_141,dismissed,6.0,0.1767833437813884,2,2,6,8,0.25,0,400
422,sc_1996_insc_1523,allowed,3.0,0.1579516605121065,2,3,5,8,0.375,1,400
422,sc_2001_insc_385,dismissed,3.0,0.21529804346496337,2,5,3,8,0.625,0,400
422,sc_2004_insc_175,allowed,4.0,0.2029849022358911,2,4,4,8,0.5,1,400
422,sc_2005_insc_591,allowed,7.0,0.13218121927910317,2,7,1,8,0.875,1,400
422,sc_2006_insc_464,allowed,4.0,0.20234963277438522,2,4,4,8,0.5,1,400
422,sc_2011_insc_291,allowed,1.0,0.12442803069014863,2,1,7,8,0.125,1,400
423,in_abs_train_911,dismissed,4.0,0.21172787429606946,2,4,4,8,0.5,0,400
423,sc_1962_insc_81,dismissed,4.0,0.1834627623623946,2,4,4,8,0.5,0,400
423,sc_1986_insc_233,dismissed,3.0,0.18168855502421088,2,5,3,8,0.625,0,400
423,sc_1994_insc_540,allowed,3.0,0.15555548146079584,2,3,5,8,0.375,1,400
423,sc_2000_insc_47,allowed,5.0,0.20449483273916885,2,5,3,8,0.625,1,400
423,sc_2004_insc_11,dismissed,3.0,0.18236337535163918,2,5,3,8,0.625,0,400
423,sc_2004_insc_621,dismissed,6.0,0.1661180910328698,2,2,6,8,0.25,0,400
423,sc_2004_insc_653,allowed,3.0,0.13581258406199198,2,3,5,8,0.375,1,400
423,sc_2004_insc_96,dismissed,5.0,0.19182155529504896,2,3,5,8,0.375,0,400
423,sc_2010_insc_371,allowed,4.0,0.187085768623454,2,4,4,8,0.5,1,400
423,sc_2018_insc_638,allowed,6.0,0.1719460091410202,2,6,2,8,0.75,1,400
423,sc_2024_insc_292,allowed,3.0,0.17926768972825172,2,3,5,8,0.375,1,400
424,sc_1961_insc_283,dismissed,3.0,0.18198538010353624,2,5,3,8,0.625,0,400
424,sc_1971_insc_182,dismissed,4.0,0.19883563219642594,2,4,4,8,0.5,0,400
424,sc_1994_insc_481,allowed,4.0,0.18572753100660527,3,4,3,7,0.5714285714285714,1,400
424,sc_1995_insc_183,allowed,6.0,0.18930726375372617,2,6,2,8,0.75,1,400
424,sc_1996_insc_967,allowed,4.0,0.12301510586038313,2,4,4,8,0.5,1,400
424,sc_1998_insc_155,dismissed,4.0,0.17145849115762982,2,4,4,8,0.5,0,400
424,sc_1999_insc_154,allowed,5.0,0.17200560940946225,2,5,3,8,0.625,1,400
424,sc_2003_insc_191,allowed,5.0,0.15993864616068962,2,5,3,8,0.625,1,400
424,sc_2006_insc_485,dismissed,4.0,0.19836256300519414,2,4,4,8,0.5,0,400
424,sc_2007_insc_172,allowed,4.0,0.15017850951549291,2,4,4,8,0.5,1,400
424,sc_2010_insc_346,dismissed,6.0,0.1676435753582994,2,2,6,8,0.25,0,400
424,sc_2015_insc_1034,dismissed,7.0,0.12397513791655394,2,1,7,8,0.125,0,400
425,in_abs_train_3009,dismissed,5.0,0.16041788484159605,2,3,5,8,0.375,0,400
425,in_abs_train_4352,dismissed,1.0,0.14574625929407,2,7,1,8,0.875,0,400
425,in_abs_train_4724,allowed,4.0,0.21619982574153657,3,4,3,7,0.5714285714285714,1,400
425,sc_1974_insc_95,allowed,4.0,0.1739844707586181,2,4,4,8,0.5,1,400
425,sc_1983_insc_62,allowed,3.0,0.17561934960473208,2,3,5,8,0.375,1,400
425,sc_1985_insc_166,allowed,2.0,0.18375524079751998,2,2,6,8,0.25,1,400
425,sc_1991_insc_223,dismissed,3.0,0.20771641125693144,2,5,3,8,0.625,0,400
425,sc_1996_insc_657,dismissed,6.0,0.14120966861696368,2,2,6,8,0.25,0,400
425,sc_1998_insc_77,dismissed,3.0,0.23117559613851973,2,5,3,8,0.625,0,400
425,sc_2007_insc_801,allowed,6.0,0.15604902406559212,2,6,2,8,0.75,1,400
425,sc_2016_insc_256,allowed,5.0,0.17600277747402573,2,5,3,8,0.625,1,400
425,sc_2020_insc_149,dismissed,3.0,0.17205917700608658,2,5,3,8,0.625,0,400
426,sc_1959_insc_107,allowed,3.0,0.15091838091127718,2,3,5,8,0.375,1,400
426,sc_1962_insc_143,allowed,5.0,0.19265211696122847,2,5,3,8,0.625,1,400
426,sc_1966_insc_21,allowed,5.0,0.24588280193641063,2,5,3,8,0.625,1,400
426,sc_1971_insc_233,dismissed,2.0,0.15258608123047632,2,6,2,8,0.75,0,400
426,sc_1977_insc_4,dismissed,4.0,0.1833694211401428,2,4,4,8,0.5,0,400
426,sc_1977_insc_68,allowed,4.0,0.18230687723407696,2,4,4,8,0.5,1,400
426,sc_1996_insc_616,allowed,2.0,0.1647116223184803,2,2,6,8,0.25,1,400
426,sc_2005_insc_141,dismissed,1.0,0.10394749263545709,2,7,1,8,0.875,0,400
426,sc_2005_insc_156,dismissed,4.0,0.21612140108466077,2,4,4,8,0.5,0,400
426,sc_2008_insc_1310,dismissed,4.0,0.19024850955561934,2,4,4,8,0.5,0,400
426,sc_2016_insc_1174,dismissed,3.0,0.17028400646315217,2,5,3,8,0.625,0,400
426,sc_2018_insc_653,allowed,6.0,0.2087296076438195,2,6,2,8,0.75,1,400
427,sc_1996_insc_1125,dismissed,4.0,0.17648887055157736,2,4,4,8,0.5,0,400
427,sc_1997_insc_345,dismissed,5.0,0.23430516612683658,2,3,5,8,0.375,0,400
427,sc_2001_insc_577,allowed,5.0,0.2378449441852607,2,5,3,8,0.625,1,400
427,sc_2002_insc_300,allowed,3.0,0.18869065199218188,2,3,5,8,0.375,1,400
427,sc_2003_insc_420,dismissed,3.0,0.18631652395376605,2,5,3,8,0.625,0,400
427,sc_2003_insc_649,allowed,6.0,0.20465153309955925,2,6,2,8,0.75,1,400
427,sc_2005_insc_490,dismissed,4.0,0.21228395530178776,2,4,4,8,0.5,0,400
427,sc_2006_insc_290,allowed,7.0,0.10495556277949829,2,7,1,8,0.875,1,400
427,sc_2012_insc_223,allowed,7.0,0.17372934963703626,2,7,1,8,0.875,1,400
427,sc_2012_insc_35,allowed,3.0,0.19227913756066053,2,3,5,8,0.375,1,400
427,sc_2014_insc_22,dismissed,2.0,0.1410209748124965,2,6,2,8,0.75,0,400
427,sc_2019_insc_1058,dismissed,2.0,0.17432819712398795,2,6,2,8,0.75,0,400
428,in_abs_train_3351,dismissed,2.0,0.1584580238186126,2,6,2,8,0.75,0,400
428,in_abs_train_3835,dismissed,2.0,0.1918907122708151,2,6,2,8,0.75,0,400
428,in_abs_train_5540,allowed,4.0,0.1852802293631383,2,4,4,8,0.5,1,400
428,sc_1969_insc_118,dismissed,3.0,0.18667250379148706,3,4,3,7,0.5714285714285714,0,400
428,sc_1978_insc_3,dismissed,4.0,0.16121635070517465,2,4,4,8,0.5,0,400
428,sc_1979_insc_246,allowed,3.0,0.2007718500197321,2,3,5,8,0.375,1,400
428,sc_1995_insc_656,allowed,4.0,0.20022814833066943,2,4,4,8,0.5,1,400
428,sc_1998_insc_348,dismissed,2.0,0.17095746704768,2,6,2,8,0.75,0,400
428,sc_2004_insc_445,allowed,3.0,0.1730233230304516,2,3,5,8,0.375,1,400
428,sc_2007_insc_587,allowed,3.0,0.18106830486527925,2,3,5,8,0.375,1,400
428,sc_2011_insc_62,dismissed,4.0,0.18405396837500793,3,3,4,7,0.42857142857142855,0,400
428,sc_2013_insc_261,allowed,4.0,0.1628024871132743,2,4,4,8,0.5,1,400
429,in_abs_train_5176,allowed,4.0,0.20465100685224327,2,4,4,8,0.5,1,400
429,sc_1961_insc_180,allowed,4.0,0.18153755738281946,2,4,4,8,0.5,1,400
429,sc_1979_insc_16,allowed,3.0,0.21262720719858832,2,3,5,8,0.375,1,400
429,sc_1996_insc_1376,dismissed,6.0,0.1612811950722358,2,2,6,8,0.25,0,400
429,sc_1996_insc_1416,dismissed,3.0,0.13429051330710487,2,5,3,8,0.625,0,400
429,sc_1997_insc_782,dismissed,3.0,0.16336366298515886,2,5,3,8,0.625,0,400
429,sc_2001_insc_480,dismissed,1.0,0.15090623818697024,2,7,1,8,0.875,0,400
429,sc_2006_insc_1001,allowed,3.0,0.2241725036304153,2,3,5,8,0.375,1,400
429,sc_2006_insc_161,dismissed,4.0,0.21818942101793357,2,4,4,8,0.5,0,400
429,sc_2009_insc_616,dismissed,4.0,0.19885981383958246,2,4,4,8,0.5,0,400
429,sc_2019_insc_666,allowed,3.0,0.20335952055063275,2,3,5,8,0.375,1,400
429,sc_2023_insc_99,allowed,3.0,0.1787850075864789,2,3,5,8,0.375,1,400
430,sc_1962_insc_149,dismissed,3.0,0.19271754206716146,2,5,3,8,0.625,0,400
430,sc_1971_insc_268,dismissed,6.0,0.19321903256975975,2,2,6,8,0.25,0,400
430,sc_1988_insc_317,dismissed,3.0,0.2068017676572199,2,5,3,8,0.625,0,400
430,sc_1990_insc_43,allowed,2.0,0.16219619609221947,2,2,6,8,0.25,1,400
430,sc_1994_insc_441,dismissed,2.0,0.1387644180722903,2,6,2,8,0.75,0,400
430,sc_1996_insc_37,dismissed,4.0,0.18144314524213126,2,4,4,8,0.5,0,400
430,sc_2002_insc_500,allowed,5.0,0.21331469412504533,2,5,3,8,0.625,1,400
430,sc_2007_insc_38,dismissed,2.0,0.1593799789138254,2,6,2,8,0.75,0,400
430,sc_2008_insc_60,allowed,5.0,0.1638226105286572,2,5,3,8,0.625,1,400
430,sc_2008_insc_900,allowed,4.0,0.18864994424407772,3,4,3,7,0.5714285714285714,1,400
430,sc_2010_insc_91,allowed,3.0,0.2035288155811503,3,3,4,7,0.42857142857142855,1,400
430,sc_2022_insc_1253,allowed,3.0,0.1639519550547135,2,3,5,8,0.375,1,400
431,in_abs_train_1585,allowed,3.0,0.18626476145650248,2,3,5,8,0.375,1,400
431,in_abs_train_4375,dismissed,3.0,0.20283254067957568,2,5,3,8,0.625,0,400
431,in_abs_train_6281,dismissed,2.0,0.18711931318785238,2,6,2,8,0.75,0,400
431,in_abs_train_6834,dismissed,6.0,0.20791744150297392,2,2,6,8,0.25,0,400
431,sc_1953_insc_60,allowed,3.0,0.19666952145577324,3,3,4,7,0.42857142857142855,1,400
431,sc_1979_insc_160,dismissed,4.0,0.18913125800900465,3,3,4,7,0.42857142857142855,0,400
431,sc_1982_insc_43,allowed,2.0,0.15293817901687307,2,2,6,8,0.25,1,400
431,sc_1990_insc_96,dismissed,4.0,0.20304144435079535,2,4,4,8,0.5,0,400
431,sc_2008_insc_421,dismissed,3.0,0.18869267991990876,2,5,3,8,0.625,0,400
431,sc_2014_insc_590,allowed,6.0,0.1866002526200044,2,6,2,8,0.75,1,400
431,sc_2016_insc_342,allowed,4.0,0.1671630700611197,2,4,4,8,0.5,1,400
431,sc_2023_insc_946,allowed,5.0,0.21658925700505088,2,5,3,8,0.625,1,400
432,in_abs_train_3513,allowed,4.0,0.19698865609460947,2,4,4,8,0.5,1,400
432,in_abs_train_6767,dismissed,6.0,0.1610415318008954,2,2,6,8,0.25,0,400
432,sc_1960_insc_142,dismissed,2.0,0.17088938390083935,2,6,2,8,0.75,0,400
432,sc_1967_insc_227,dismissed,4.0,0.21557099014290923,3,3,4,7,0.42857142857142855,0,400
432,sc_1967_insc_277,allowed,6.0,0.15916420797390735,2,6,2,8,0.75,1,400
432,sc_1996_insc_597,dismissed,7.0,0.14263567007001016,2,1,7,8,0.125,0,400
432,sc_1999_insc_306,dismissed,4.0,0.17344143673802487,2,4,4,8,0.5,0,400
432,sc_2001_insc_562,dismissed,7.0,0.09510012907456147,2,1,7,8,0.125,0,400
432,sc_2004_insc_486,allowed,6.0,0.18532044855005514,2,6,2,8,0.75,1,400
432,sc_2009_insc_104,allowed,4.0,0.15840515992033127,2,4,4,8,0.5,1,400
432,sc_2012_insc_267,allowed,6.0,0.14917506111556808,2,6,2,8,0.75,1,400
432,sc_2014_insc_603,allowed,4.0,0.22272761648667036,2,4,4,8,0.5,1,400
433,in_abs_train_6141,dismissed,3.0,0.195806753198694,2,5,3,8,0.625,0,400
433,sc_1952_insc_31,dismissed,3.0,0.18145645876785818,2,5,3,8,0.625,0,400
433,sc_1957_insc_3,allowed,3.0,0.1680472370612756,2,3,5,8,0.375,1,400
433,sc_1978_insc_177,dismissed,7.0,0.12000626998748658,2,1,7,8,0.125,0,400
433,sc_2002_insc_449,dismissed,5.0,0.18137670140483866,2,3,5,8,0.375,0,400
433,sc_2004_insc_301,allowed,2.0,0.16307404663986233,3,2,5,7,0.2857142857142857,1,400
433,sc_2007_insc_693,allowed,4.0,0.22225460847213757,2,4,4,8,0.5,1,400
433,sc_2011_insc_737,allowed,5.0,0.20782006569437758,3,5,2,7,0.7142857142857143,1,400
433,sc_2012_insc_489,dismissed,4.0,0.20965578720164832,2,4,4,8,0.5,0,400
433,sc_2015_insc_295,dismissed,3.0,0.18207588759702925,2,5,3,8,0.625,0,400
433,sc_2018_insc_1138,allowed,5.0,0.14168867282312142,2,5,3,8,0.625,1,400
433,sc_2018_insc_126,allowed,4.0,0.1912390841112201,2,4,4,8,0.5,1,400
434,in_abs_train_4322,allowed,6.0,0.17110415872479934,2,6,2,8,0.75,1,400
434,in_abs_train_5496,dismissed,6.0,0.1526040677806587,2,2,6,8,0.25,0,400
434,sc_1966_insc_115,allowed,3.0,0.18106830486527925,2,3,5,8,0.375,1,400
434,sc_1975_insc_301,dismissed,4.0,0.16022534594737126,2,4,4,8,0.5,0,400
434,sc_1987_insc_278,dismissed,3.0,0.21322885646053155,2,5,3,8,0.625,0,400
434,sc_1989_insc_162,allowed,5.0,0.20419837824667322,2,5,3,8,0.625,1,400
434,sc_1997_insc_574,allowed,6.0,0.14585695451584588,2,6,2,8,0.75,1,400
434,sc_2008_insc_1296,allowed,7.0,0.12069540727261772,2,7,1,8,0.875,1,400
434,sc_2008_insc_136,allowed,4.0,0.22000815477986913,2,4,4,8,0.5,1,400
434,sc_2014_insc_343,dismissed,5.0,0.18098987491411936,2,3,5,8,0.375,0,400
434,sc_2019_insc_127,dismissed,5.0,0.1669687773207471,2,3,5,8,0.375,0,400
434,sc_2019_insc_1302,dismissed,5.0,0.1998512967993071,2,3,5,8,0.375,0,400
435,in_abs_train_4753,dismissed,6.0,0.16027240494001188,2,2,6,8,0.25,0,400
435,in_abs_train_643,dismissed,5.0,0.18977140560139338,2,3,5,8,0.375,0,400
435,in_abs_train_6942,dismissed,3.0,0.18807273347083528,2,5,3,8,0.625,0,400
435,sc_1950_insc_16,dismissed,5.0,0.2508422401551703,2,3,5,8,0.375,0,400
435,sc_1972_insc_296,allowed,6.0,0.18238988894127384,2,6,2,8,0.75,1,400
435,sc_1978_insc_246,dismissed,3.0,0.22337217825349143,2,5,3,8,0.625,0,400
435,sc_1990_insc_323,allowed,3.0,0.15024906280211744,2,3,5,8,0.375,1,400
435,sc_1993_insc_308,allowed,7.0,0.13029142729583443,2,7,1,8,0.875,1,400
435,sc_2000_insc_185,dismissed,4.0,0.16574080183484433,2,4,4,8,0.5,0,400
435,sc_2006_insc_890,allowed,4.0,0.15770455820480087,2,4,4,8,0.5,1,400
435,sc_2015_insc_947,allowed,6.0,0.1737827886892948,2,6,2,8,0.75,1,400
435,sc_2019_insc_829,allowed,6.0,0.16219396663408905,2,6,2,8,0.75,1,400
436,sc_1965_insc_183,allowed,3.0,0.18730704357132055,2,3,5,8,0.375,1,400
436,sc_1982_insc_86,allowed,5.0,0.16892574182166553,2,5,3,8,0.625,1,400
436,sc_1994_insc_159,dismissed,4.0,0.19910697950025327,2,4,4,8,0.5,0,400
436,sc_1995_insc_808,dismissed,2.0,0.14975014814550017,2,6,2,8,0.75,0,400
436,sc_2001_insc_4,allowed,6.0,0.16476979454211982,2,6,2,8,0.75,1,400
436,sc_2006_insc_841,allowed,5.0,0.19230915899041381,2,5,3,8,0.625,1,400
436,sc_2007_insc_1180,dismissed,3.0,0.18072112758897685,2,5,3,8,0.625,0,400
436,sc_2013_insc_211,dismissed,6.0,0.1664329052676562,2,2,6,8,0.25,0,400
436,sc_2014_insc_753,dismissed,6.0,0.1790633225624476,2,2,6,8,0.25,0,400
436,sc_2021_insc_406,allowed,3.0,0.18159725048559675,2,3,5,8,0.375,1,400
436,sc_2022_insc_1026,allowed,3.0,0.18990585595758785,2,3,5,8,0.375,1,400
436,sc_2023_insc_442,dismissed,4.0,0.15294494516001503,2,4,4,8,0.5,0,400
437,in_abs_train_1831,dismissed,4.0,0.2279008073046618,2,4,4,8,0.5,0,400
437,in_abs_train_3336,dismissed,4.0,0.2478015528902452,2,4,4,8,0.5,0,400
437,sc_1967_insc_264,allowed,3.0,0.1834417657389143,2,3,5,8,0.375,1,400
437,sc_1973_insc_74,allowed,2.0,0.15865928031454435,2,2,6,8,0.25,1,400
437,sc_1978_insc_51,dismissed,4.0,0.203100960115899,2,4,4,8,0.5,0,400
437,sc_2000_insc_203,dismissed,4.0,0.17374860932125882,2,4,4,8,0.5,0,400
437,sc_2003_insc_278,allowed,5.0,0.1897881150247306,2,5,3,8,0.625,1,400
437,sc_2009_insc_542,allowed,4.0,0.18738498555780822,2,4,4,8,0.5,1,400
437,sc_2010_insc_823,dismissed,6.0,0.14746447532965007,2,2,6,8,0.25,0,400
437,sc_2014_insc_727,allowed,4.0,0.13664815377468204,2,4,4,8,0.5,1,400
437,sc_2017_insc_725,allowed,2.0,0.19928321907484892,2,2,6,8,0.25,1,400
437,sc_2019_insc_716,dismissed,4.0,0.187085768623454,2,4,4,8,0.5,0,400
438,in_abs_train_1074,allowed,6.0,0.19103721489408756,2,6,2,8,0.75,1,400
438,sc_1963_insc_45,dismissed,1.0,0.1216083254610003,2,7,1,8,0.875,0,400
438,sc_1966_insc_133,allowed,2.0,0.1616743171361134,2,2,6,8,0.25,1,400
438,sc_1976_insc_97,dismissed,6.0,0.17089971670439613,2,2,6,8,0.25,0,400
438,sc_1991_insc_31,dismissed,4.0,0.20382831536088683,2,4,4,8,0.5,0,400
438,sc_2001_insc_198,allowed,6.0,0.18491545457353217,2,6,2,8,0.75,1,400
438,sc_2002_insc_154,dismissed,4.0,0.20195122799107498,2,4,4,8,0.5,0,400
438,sc_2005_insc_189,dismissed,5.0,0.18771242431195495,2,3,5,8,0.375,0,400
438,sc_2007_insc_1219,dismissed,5.0,0.16397540471017874,2,3,5,8,0.375,0,400
438,sc_2015_insc_239,allowed,4.0,0.19764871209511367,2,4,4,8,0.5,1,400
438,sc_2016_insc_1013,allowed,2.0,0.14838500006982047,2,2,6,8,0.25,1,400
438,sc_2019_insc_659,allowed,7.0,0.13641686620036603,2,7,1,8,0.875,1,400
439,sc_1967_insc_261,dismissed,3.0,0.18225503555605035,2,5,3,8,0.625,0,400
439,sc_1971_insc_346,dismissed,7.0,0.1514947773405391,2,1,7,8,0.125,0,400
439,sc_1992_insc_83,allowed,1.0,0.12355348754978258,2,1,7,8,0.125,1,400
439,sc_1996_insc_1458,allowed,5.0,0.19480764035599685,2,5,3,8,0.625,1,400
439,sc_1996_insc_308,allowed,4.0,0.1867855883808644,2,4,4,8,0.5,1,400
439,sc_1997_insc_247,allowed,4.0,0.1944420655021302,2,4,4,8,0.5,1,400
439,sc_1999_insc_62,dismissed,2.0,0.18418787719918714,3,5,2,7,0.7142857142857143,0,400
439,sc_2000_insc_35,dismissed,4.0,0.17598907949762196,3,3,4,7,0.42857142857142855,0,400
439,sc_2005_insc_124,dismissed,5.0,0.17001175679634506,2,3,5,8,0.375,0,400
439,sc_2008_insc_1322,allowed,3.0,0.1788800406652813,2,3,5,8,0.375,1,400
439,sc_2009_insc_802,allowed,2.0,0.20215143447139236,2,2,6,8,0.25,1,400
439,sc_2016_insc_453,dismissed,4.0,0.18776628710029009,2,4,4,8,0.5,0,400
440,in_abs_train_4169,allowed,4.0,0.18521134895542374,2,4,4,8,0.5,1,400
440,in_abs_train_4502,allowed,4.0,0.17969781043573355,2,4,4,8,0.5,1,400
440,sc_1954_insc_113,dismissed,5.0,0.1943034914619311,2,3,5,8,0.375,0,400
440,sc_1960_insc_246,allowed,5.0,0.2048260594881417,2,5,3,8,0.625,1,400
440,sc_1975_insc_216,dismissed,4.0,0.20059413092038092,2,4,4,8,0.5,0,400
440,sc_1986_insc_140,dismissed,6.0,0.1387923956616202,2,2,6,8,0.25,0,400
440,sc_1991_insc_297,allowed,7.0,0.15215127142897458,2,7,1,8,0.875,1,400
440,sc_1994_insc_97,dismissed,3.0,0.1577029273074932,2,5,3,8,0.625,0,400
440,sc_1995_insc_784,dismissed,4.0,0.21626988502863148,2,4,4,8,0.5,0,400
440,sc_2008_insc_904,allowed,5.0,0.2034594005657429,2,5,3,8,0.625,1,400
440,sc_2012_insc_30,allowed,4.0,0.16263279032344735,2,4,4,8,0.5,1,400
440,sc_2013_insc_158,dismissed,6.0,0.1671901875149494,2,2,6,8,0.25,0,400
441,in_abs_train_2611,allowed,6.0,0.168759166417709,2,6,2,8,0.75,1,400
441,sc_1966_insc_203,dismissed,3.0,0.1775553705135789,2,5,3,8,0.625,0,400
441,sc_1970_insc_160,dismissed,3.0,0.19465652644546377,2,5,3,8,0.625,0,400
441,sc_1986_insc_21,allowed,4.0,0.18815325284290915,2,4,4,8,0.5,1,400
441,sc_1998_insc_422,allowed,7.0,0.10619091351631188,2,7,1,8,0.875,1,400
441,sc_1999_insc_349,dismissed,5.0,0.18051543819870722,2,3,5,8,0.375,0,400
441,sc_2001_insc_169,allowed,2.0,0.17327089081375147,2,2,6,8,0.25,1,400
441,sc_2007_insc_34,dismissed,4.0,0.22459994453308907,2,4,4,8,0.5,0,400
441,sc_2007_insc_859,dismissed,1.0,0.1401004701672033,2,7,1,8,0.875,0,400
441,sc_2008_insc_389,allowed,5.0,0.22348073382924338,2,5,3,8,0.625,1,400
441,sc_2023_insc_193,dismissed,5.0,0.2342540620617503,2,3,5,8,0.375,0,400
441,sc_2023_insc_381,allowed,0.0,0.0011644856313902197,1,0,8,8,0.0,1,400
442,in_abs_train_3519,allowed,5.0,0.22084386651022483,2,5,3,8,0.625,1,400
442,sc_1960_insc_245,dismissed,2.0,0.12334844210464457,2,6,2,8,0.75,0,400
442,sc_1969_insc_87,dismissed,4.0,0.21650772002065793,2,4,4,8,0.5,0,400
442,sc_1980_insc_69,allowed,3.0,0.19958077663355675,3,3,4,7,0.42857142857142855,1,400
442,sc_1991_insc_281,allowed,5.0,0.16737526005527642,2,5,3,8,0.625,1,400
442,sc_1993_insc_141,dismissed,5.0,0.21036826202378914,2,3,5,8,0.375,0,400
442,sc_2008_insc_58,dismissed,3.0,0.21724770277293845,2,5,3,8,0.625,0,400
442,sc_2012_insc_87,allowed,6.0,0.17645917214271964,2,6,2,8,0.75,1,400
442,sc_2014_insc_241,dismissed,5.0,0.1571126721212246,2,3,5,8,0.375,0,400
442,sc_2015_insc_66,dismissed,4.0,0.187085768623454,2,4,4,8,0.5,0,400
442,sc_2019_insc_662,allowed,5.0,0.18122356642221152,2,5,3,8,0.625,1,400
442,sc_2021_insc_8,allowed,3.0,0.18153169919465856,2,3,5,8,0.375,1,400
443,in_abs_train_1179,allowed,3.0,0.17357639065511513,2,3,5,8,0.375,1,400
443,in_abs_train_5170,allowed,6.0,0.15168356252303175,2,6,2,8,0.75,1,400
443,sc_1950_insc_10,dismissed,3.0,0.1932778899872836,2,5,3,8,0.625,0,400
443,sc_1950_insc_21,allowed,4.0,0.2114271102409613,2,4,4,8,0.5,1,400
443,sc_1961_insc_209,dismissed,5.0,0.2029998653016794,2,3,5,8,0.375,0,400
443,sc_1973_insc_35,dismissed,3.0,0.1830607909651204,2,5,3,8,0.625,0,400
443,sc_1996_insc_790,dismissed,3.0,0.22096984779762988,2,5,3,8,0.625,0,400
443,sc_2002_insc_564,dismissed,4.0,0.18738498555780825,2,4,4,8,0.5,0,400
443,sc_2004_insc_686,allowed,3.0,0.21038269466886958,2,3,5,8,0.375,1,400
443,sc_2013_insc_15,allowed,6.0,0.14762418602593677,2,6,2,8,0.75,1,400
443,sc_2013_insc_303,allowed,5.0,0.18252749541463956,2,5,3,8,0.625,1,400
443,sc_2021_insc_228,dismissed,4.0,0.19633999017284132,2,4,4,8,0.5,0,400
444,in_abs_train_4926,allowed,6.0,0.13162063000273802,2,6,2,8,0.75,1,400
444,sc_1965_insc_174,dismissed,5.0,0.17823367521526576,2,3,5,8,0.375,0,400
444,sc_1978_insc_225,dismissed,2.0,0.17371336834887588,2,6,2,8,0.75,0,400
444,sc_1988_insc_20,allowed,6.0,0.16115243102971086,2,6,2,8,0.75,1,400
444,sc_1994_insc_101,dismissed,5.0,0.2077888524855506,2,3,5,8,0.375,0,400
444,sc_1995_insc_584,dismissed,2.0,0.17491055704433972,3,5,2,7,0.7142857142857143,0,400
444,sc_2008_insc_159,allowed,4.0,0.22324501087901402,2,4,4,8,0.5,1,400
444,sc_2009_insc_1039,dismissed,3.0,0.19326985532970903,2,5,3,8,0.625,0,400
444,sc_2010_insc_708,allowed,6.0,0.1664012852104652,2,6,2,8,0.75,1,400
444,sc_2013_insc_829,allowed,5.0,0.18603210180157176,2,5,3,8,0.625,1,400
444,sc_2015_insc_243,allowed,6.0,0.15027804706993658,2,6,2,8,0.75,1,400
444,sc_2020_insc_349,dismissed,4.0,0.18648347063862944,2,4,4,8,0.5,0,400
445,in_abs_train_1656,dismissed,3.0,0.16186474449458652,3,4,3,7,0.5714285714285714,0,400
445,in_abs_train_3355,allowed,5.0,0.19898455555866368,2,5,3,8,0.625,1,400
445,in_abs_train_6464,allowed,2.0,0.15731964628154615,2,2,6,8,0.25,1,400
445,in_abs_train_6887,allowed,4.0,0.1867855883808644,2,4,4,8,0.5,1,400
445,sc_1973_insc_155,dismissed,4.0,0.18648347063862944,2,4,4,8,0.5,0,400
445,sc_1985_insc_213,dismissed,3.0,0.19829579445417966,2,5,3,8,0.625,0,400
445,sc_1997_insc_351,allowed,2.0,0.16789513247918797,2,2,6,8,0.25,1,400
445,sc_1997_insc_68,dismissed,2.0,0.16752085239486805,2,6,2,8,0.75,0,400
445,sc_2006_insc_441,dismissed,4.0,0.20567015757345564,2,4,4,8,0.5,0,400
445,sc_2011_insc_553,allowed,4.0,0.18674757051416113,3,4,2,6,0.6666666666666666,1,400
445,sc_2013_insc_551,dismissed,3.0,0.19653433516299176,2,5,3,8,0.625,0,400
445,sc_2024_insc_159,allowed,4.0,0.2171273901916305,2,4,4,8,0.5,1,400
446,in_abs_train_1350,allowed,5.0,0.1771211142134557,2,5,3,8,0.625,1,400
446,in_abs_train_4838,dismissed,5.0,0.22350132695687144,3,1,5,6,0.16666666666666666,0,400
446,in_abs_train_5407,dismissed,5.0,0.20625992785026231,2,3,5,8,0.375,0,400
446,in_abs_train_5975,allowed,5.0,0.20236320120348777,2,5,3,8,0.625,1,400
446,sc_1975_insc_296,dismissed,7.0,0.11798063592416196,2,1,7,8,0.125,0,400
446,sc_1978_insc_95,dismissed,4.0,0.1867855883808644,2,4,4,8,0.5,0,400
446,sc_1997_insc_200,allowed,5.0,0.1641225079459843,2,5,3,8,0.625,1,400
446,sc_1997_insc_666,allowed,5.0,0.18942371076661496,3,5,2,7,0.7142857142857143,1,400
446,sc_2006_insc_1020,allowed,4.0,0.19906123149405203,2,4,4,8,0.5,1,400
446,sc_2009_insc_1306,dismissed,1.0,0.12352058460608326,2,7,1,8,0.875,0,400
446,sc_2013_insc_455,dismissed,2.0,0.1875578958234344,2,6,2,8,0.75,0,400
446,sc_2015_insc_988,allowed,4.0,0.21846251970507027,2,4,4,8,0.5,1,400
447,in_abs_train_1124,allowed,5.0,0.17922905025513342,2,5,3,8,0.625,1,400
447,in_abs_train_3752,dismissed,4.0,0.2053603513946227,2,4,4,8,0.5,0,400
447,sc_1976_insc_284,allowed,7.0,0.13921083380972904,2,7,1,8,0.875,1,400
447,sc_2004_insc_488,dismissed,4.0,0.18696009898714017,2,4,4,8,0.5,0,400
447,sc_2004_insc_663,allowed,5.0,0.1950849433890234,2,5,3,8,0.625,1,400
447,sc_2008_insc_1371,dismissed,2.0,0.16493755761820056,3,5,2,7,0.7142857142857143,0,400
447,sc_2009_11_280_286_en,allowed,6.0,0.19069777592062115,2,6,2,8,0.75,1,400
447,sc_2010_insc_597,dismissed,6.0,0.1813030061527456,2,2,6,8,0.25,0,400
447,sc_2011_insc_221,allowed,7.0,0.12145109824243873,2,7,1,8,0.875,1,400
447,sc_2019_insc_64,allowed,6.0,0.1863322035679703,3,6,1,7,0.8571428571428571,1,400
447,sc_2020_insc_453,dismissed,3.0,0.18211443185765439,2,5,3,8,0.625,0,400
447,sc_2020_insc_474,dismissed,2.0,0.147835986246543,2,6,2,8,0.75,0,400
448,in_abs_train_4756,dismissed,6.0,0.16167431713611335,2,2,6,8,0.25,0,400
448,sc_1962_insc_183,dismissed,4.0,0.21516090098779825,2,4,4,8,0.5,0,400
448,sc_1975_insc_188,dismissed,5.0,0.23292217574837554,2,3,5,8,0.375,0,400
448,sc_1989_insc_11,dismissed,3.0,0.18041638529650325,2,5,3,8,0.625,0,400
448,sc_1997_insc_219,dismissed,4.0,0.19778313417062193,2,4,4,8,0.5,0,400
448,sc_2003_insc_380,allowed,4.0,0.21992110666425083,3,4,3,7,0.5714285714285714,1,400
448,sc_2006_insc_320,allowed,6.0,0.18954099082357076,2,6,2,8,0.75,1,400
448,sc_2007_insc_149,allowed,7.0,0.12408960885902458,2,7,1,8,0.875,1,400
448,sc_2009_insc_674,dismissed,5.0,0.20044854958753383,2,3,5,8,0.375,0,400
448,sc_2009_insc_762,allowed,4.0,0.18473664334888465,2,4,4,8,0.5,1,400
448,sc_2010_insc_582,allowed,2.0,0.14359457021716734,2,2,6,8,0.25,1,400
448,sc_2017_insc_339,allowed,3.0,0.21924171476393445,2,3,5,8,0.375,1,400
449,in_abs_train_2721,dismissed,5.0,0.1812235664222115,2,3,5,8,0.375,0,400
449,sc_1974_insc_41,allowed,3.0,0.20425411288448342,2,3,5,8,0.375,1,400
449,sc_1979_insc_30,dismissed,3.0,0.15914665944114373,2,5,3,8,0.625,0,400
449,sc_1980_insc_211,dismissed,2.0,0.19638079979159292,2,6,2,8,0.75,0,400
449,sc_1984_insc_153,dismissed,4.0,0.21220263359150504,2,4,4,8,0.5,0,400
449,sc_1987_insc_356,allowed,3.0,0.202187985731949,2,3,5,8,0.375,1,400
449,sc_1994_insc_520,dismissed,4.0,0.20888639329839404,2,4,4,8,0.5,0,400
449,sc_1995_insc_298,allowed,5.0,0.21846187417110524,2,5,3,8,0.625,1,400
449,sc_2003_insc_275,allowed,3.0,0.1917779870363729,2,3,5,8,0.375,1,400
449,sc_2007_insc_426,allowed,2.0,0.1436758114522786,2,2,6,8,0.25,1,400
449,sc_2007_insc_764,allowed,5.0,0.18098987491411936,2,5,3,8,0.625,1,400
449,sc_2016_insc_323,dismissed,3.0,0.20458270536224055,3,4,3,7,0.5714285714285714,0,400
450,in_abs_train_4571,dismissed,4.0,0.21414934586944112,2,4,4,8,0.5,0,400
450,sc_1959_insc_54,allowed,6.0,0.1550677235401635,2,6,2,8,0.75,1,400
450,sc_1969_insc_282,allowed,3.0,0.17637222205972716,2,3,5,8,0.375,1,400
450,sc_1986_insc_224,allowed,3.0,0.17384108288380593,2,3,5,8,0.375,1,400
450,sc_1986_insc_75,allowed,1.0,0.12048506011275777,2,1,7,8,0.125,1,400
450,sc_1988_insc_179,dismissed,4.0,0.18114797621203024,2,4,4,8,0.5,0,400
450,sc_2004_insc_363,dismissed,2.0,0.2002625893707984,2,6,2,8,0.75,0,400
450,sc_2005_insc_55,dismissed,5.0,0.2038208122030309,2,3,5,8,0.375,0,400
450,sc_2009_insc_409,dismissed,7.0,0.14281395899883398,2,1,7,8,0.125,0,400
450,sc_2015_insc_235,allowed,4.0,0.19019167962873662,2,4,4,8,0.5,1,400
450,sc_2020_insc_292,allowed,4.0,0.1830100175375298,2,4,4,8,0.5,1,400
450,sc_2020_insc_680,dismissed,7.0,0.12563628798909485,2,1,7,8,0.125,0,400
451,in_abs_train_379,dismissed,5.0,0.18756007194426869,2,3,5,8,0.375,0,400
451,in_abs_train_4708,allowed,3.0,0.19516160108182426,2,3,5,8,0.375,1,400
451,in_abs_train_5351,allowed,5.0,0.1657802838902291,2,5,3,8,0.625,1,400
451,in_abs_train_6099,allowed,3.0,0.18844179741210482,2,3,5,8,0.375,1,400
451,in_abs_train_6127,dismissed,7.0,0.12031849318704049,2,1,7,8,0.125,0,400
451,sc_1962_insc_261,dismissed,3.0,0.1610133433476661,2,5,3,8,0.625,0,400
451,sc_1962_insc_95,allowed,5.0,0.19184769212271627,2,5,3,8,0.625,1,400
451,sc_1969_insc_157,allowed,6.0,0.16102068178543325,2,6,2,8,0.75,1,400
451,sc_1976_insc_137,dismissed,6.0,0.15834977435598724,2,2,6,8,0.25,0,400
451,sc_1983_insc_145,allowed,3.0,0.17715770089081295,2,3,5,8,0.375,1,400
451,sc_2007_insc_289,dismissed,5.0,0.181142209327368,2,3,5,8,0.375,0,400
451,sc_2013_insc_607,dismissed,1.0,0.12374368670764581,2,7,1,8,0.875,0,400
452,in_abs_train_1424,dismissed,5.0,0.21264353179161544,2,3,5,8,0.375,0,400
452,in_abs_train_511,allowed,6.0,0.16202298117418845,2,6,2,8,0.75,1,400
452,sc_1964_insc_195,dismissed,6.0,0.1616743171361134,2,2,6,8,0.25,0,400
452,sc_1965_insc_302,allowed,2.0,0.14970911463579584,2,2,6,8,0.25,1,400
452,sc_1971_insc_97,dismissed,5.0,0.2185202390799547,2,3,5,8,0.375,0,400
452,sc_1974_insc_114,allowed,3.0,0.17505168230741538,3,3,4,7,0.42857142857142855,1,400
452,sc_1988_insc_144,allowed,3.0,0.20666903771746828,2,3,5,8,0.375,1,400
452,sc_2007_insc_1243,dismissed,5.0,0.18813966779553504,2,3,5,8,0.375,0,400
452,sc_2007_insc_788,allowed,4.0,0.23670061554552305,2,4,4,8,0.5,1,400
452,sc_2008_insc_128,allowed,3.0,0.18044592272142287,2,3,5,8,0.375,1,400
452,sc_2017_insc_1077,dismissed,4.0,0.2127229616372856,2,4,4,8,0.5,0,400
452,sc_2024_insc_164,dismissed,3.0,0.17554992358199092,2,5,3,8,0.625,0,400
453,in_abs_train_2584,dismissed,3.0,0.1675824056629557,2,5,3,8,0.625,0,400
453,in_abs_train_957,dismissed,1.0,0.14073053957219914,2,7,1,8,0.875,0,400
453,sc_2000_insc_90,dismissed,5.0,0.21045978312375974,2,3,5,8,0.375,0,400
453,sc_2002_insc_74,dismissed,3.0,0.18091091125882927,2,5,3,8,0.625,0,400
453,sc_2007_insc_452,allowed,4.0,0.20795256614065263,2,4,4,8,0.5,1,400
453,sc_2008_insc_879,allowed,2.0,0.15845369959539962,2,2,6,8,0.25,1,400
453,sc_2008_insc_9,allowed,5.0,0.19277060930676124,2,5,3,8,0.625,1,400
453,sc_2009_insc_711,allowed,4.0,0.18022212237363405,2,4,4,8,0.5,1,400
453,sc_2017_insc_851,allowed,5.0,0.18137670140483864,2,5,3,8,0.625,1,400
453,sc_2022_insc_10,allowed,5.0,0.193771698079163,2,5,3,8,0.625,1,400
453,sc_2022_insc_390,dismissed,2.0,0.16259439222780275,2,6,2,8,0.75,0,400
453,sc_2023_insc_95,dismissed,6.0,0.14966703288029692,2,2,6,8,0.25,0,400
454,in_abs_train_1799,allowed,3.0,0.21766848516194975,2,3,5,8,0.375,1,400
454,in_abs_train_3079,dismissed,5.0,0.15297793593825404,2,3,5,8,0.375,0,400
454,in_abs_train_4546,dismissed,5.0,0.18785713606735457,2,3,5,8,0.375,0,400
454,in_abs_train_592,allowed,6.0,0.15219017750022837,2,6,2,8,0.75,1,400
454,sc_1996_insc_1033,dismissed,3.0,0.1737614718720547,2,5,3,8,0.625,0,400
454,sc_2001_insc_393,allowed,6.0,0.14875441752468213,2,6,2,8,0.75,1,400
454,sc_2005_insc_410,allowed,4.0,0.18520525712667393,2,4,4,8,0.5,1,400
454,sc_2007_insc_425,dismissed,3.0,0.1745895228474356,2,5,3,8,0.625,0,400
454,sc_2009_insc_327,dismissed,5.0,0.18906248095565953,2,3,5,8,0.375,0,400
454,sc_2013_insc_842,dismissed,7.0,0.13144540528341575,2,1,7,8,0.125,0,400
454,sc_2023_insc_564,allowed,4.0,0.17350297918631244,2,4,4,8,0.5,1,400
454,sc_2023_insc_948,allowed,3.0,0.1806788167479203,2,3,5,8,0.375,1,400
455,in_abs_train_545,dismissed,3.0,0.1806788167479203,2,5,3,8,0.625,0,400
455,in_abs_train_6028,dismissed,6.0,0.15824235573315512,2,2,6,8,0.25,0,400
455,sc_1965_insc_200,allowed,6.0,0.16998001166336987,2,6,2,8,0.75,1,400
455,sc_1969_insc_331,allowed,3.0,0.22859179222436812,2,3,5,8,0.375,1,400
455,sc_1975_insc_242,dismissed,3.0,0.23575811280866246,2,5,3,8,0.625,0,400
455,sc_1978_insc_141,dismissed,2.0,0.1645076936091087,2,6,2,8,0.75,0,400
455,sc_1994_insc_78,allowed,4.0,0.1804648146273117,2,4,4,8,0.5,1,400
455,sc_2011_insc_157,allowed,5.0,0.16856846837733827,2,5,3,8,0.625,1,400
455,sc_2011_insc_443,allowed,3.0,0.18207119971412306,2,3,5,8,0.375,1,400
455,sc_2013_insc_235,dismissed,4.0,0.2603355750465426,2,4,4,8,0.5,0,400
455,sc_2017_insc_877,dismissed,4.0,0.1812850030056357,2,4,4,8,0.5,0,400
455,sc_2018_insc_1091,allowed,4.0,0.18868381184716032,2,4,4,8,0.5,1,400
456,in_abs_train_2589,dismissed,3.0,0.23854718668419317,2,5,3,8,0.625,0,400
456,sc_1965_insc_108,dismissed,1.0,0.11190824027332137,2,7,1,8,0.875,0,400
456,sc_1968_insc_30,dismissed,6.0,0.13586162254372833,2,2,6,8,0.25,0,400
456,sc_1974_insc_81,allowed,4.0,0.2014904619330652,2,4,4,8,0.5,1,400
456,sc_1988_insc_201,allowed,6.0,0.16026385490426565,2,6,2,8,0.75,1,400
456,sc_1995_insc_704,allowed,5.0,0.18137670140483864,2,5,3,8,0.625,1,400
456,sc_1997_insc_821,allowed,3.0,0.19573427994040002,3,3,2,5,0.6,1,400
456,sc_2000_insc_84,dismissed,6.0,0.17896132612941823,2,2,6,8,0.25,0,400
456,sc_2006_insc_452,allowed,4.0,0.2023981652032206,2,4,4,8,0.5,1,400
456,sc_2008_insc_1138,dismissed,5.0,0.17660034019760623,2,3,5,8,0.375,0,400
456,sc_2008_insc_411,allowed,5.0,0.2039256664948214,2,5,3,8,0.625,1,400
456,sc_2013_insc_429,dismissed,5.0,0.2058980395105527,2,3,5,8,0.375,0,400
457,in_abs_train_3147,dismissed,4.0,0.22231678865268945,2,4,4,8,0.5,0,400
457,in_abs_train_3260,dismissed,4.0,0.1901419869397284,2,4,4,8,0.5,0,400
457,in_abs_train_6075,allowed,4.0,0.18296866167899067,2,4,4,8,0.5,1,400
457,sc_1963_insc_152,dismissed,5.0,0.18091857028287484,2,3,5,8,0.375,0,400
457,sc_1996_insc_96,allowed,4.0,0.19261133238839162,2,4,4,8,0.5,1,400
457,sc_2014_insc_681,allowed,1.0,0.17504002659869983,2,1,7,8,0.125,1,400
457,sc_2015_insc_959,dismissed,4.0,0.19272482233188631,2,4,4,8,0.5,0,400
457,sc_2017_insc_325,allowed,3.0,0.1813003993967707,2,3,5,8,0.375,1,400
457,sc_2021_insc_780,allowed,5.0,0.17213638375710189,2,5,3,8,0.625,1,400
457,sc_2022_insc_192,allowed,6.0,0.1614988631925934,2,6,2,8,0.75,1,400
457,sc_2022_insc_506,dismissed,5.0,0.1754151769169935,2,3,5,8,0.375,0,400
457,sc_2023_insc_923,dismissed,5.0,0.17245806283243198,2,3,5,8,0.375,0,400
458,sc_1971_insc_261,dismissed,4.0,0.17410485346480148,2,4,4,8,0.5,0,400
458,sc_1974_insc_256,allowed,3.0,0.2238723176854395,2,3,5,8,0.375,1,400
458,sc_1976_insc_197,dismissed,5.0,0.15708115588033744,2,3,5,8,0.375,0,400
458,sc_1988_insc_351,dismissed,3.0,0.19617867567496766,2,5,3,8,0.625,0,400
458,sc_2003_insc_529,allowed,4.0,0.21443438629750058,3,4,2,6,0.6666666666666666,1,400
458,sc_2007_insc_393,allowed,2.0,0.1579161593785042,2,2,6,8,0.25,1,400
458,sc_2007_insc_830,dismissed,2.0,0.17335654856839883,3,4,2,6,0.6666666666666666,0,400
458,sc_2008_insc_1326,allowed,4.0,0.2101641785877344,2,4,4,8,0.5,1,400
458,sc_2013_insc_634,dismissed,3.0,0.19057048308827423,2,5,3,8,0.625,0,400
458,sc_2019_insc_793,allowed,3.0,0.18129869283587108,2,3,5,8,0.375,1,400
458,sc_2023_insc_198,allowed,3.0,0.16433393362623383,2,3,5,8,0.375,1,400
458,sc_2023_insc_372,dismissed,4.0,0.18684363883079314,2,4,4,8,0.5,0,400
459,sc_1968_insc_234,dismissed,3.0,0.18331556400076843,2,5,3,8,0.625,0,400
459,sc_1970_insc_204,dismissed,5.0,0.18079590482528596,2,3,5,8,0.375,0,400
459,sc_1978_insc_180,allowed,3.0,0.17230263082150024,2,3,5,8,0.375,1,400
459,sc_1979_insc_230,dismissed,3.0,0.23371252976940973,2,5,3,8,0.625,0,400
459,sc_1990_insc_250,dismissed,4.0,0.16427564805203348,3,3,4,7,0.42857142857142855,0,400
459,sc_1991_insc_129,allowed,6.0,0.16149886319259338,2,6,2,8,0.75,1,400
459,sc_1991_insc_243,allowed,4.0,0.2259655898173494,2,4,4,8,0.5,1,400
459,sc_1995_insc_526,allowed,5.0,0.1937715857791259,2,5,3,8,0.625,1,400
459,sc_2001_insc_121,dismissed,4.0,0.16932612704951147,2,4,4,8,0.5,0,400
459,sc_2006_insc_129,allowed,3.0,0.16243130416095466,2,3,5,8,0.375,1,400
459,sc_2012_insc_189,allowed,5.0,0.18883905873552662,2,5,3,8,0.625,1,400
459,sc_2019_insc_6,dismissed,4.0,0.21318834632482037,2,4,4,8,0.5,0,400
460,in_abs_train_6408,dismissed,5.0,0.210369244783059,2,3,5,8,0.375,0,400
460,sc_1959_insc_89,allowed,5.0,0.21991881618971507,2,5,3,8,0.625,1,400
460,sc_1962_insc_97,allowed,4.0,0.21304882888299334,3,4,3,7,0.5714285714285714,1,400
460,sc_1981_insc_120,dismissed,4.0,0.19481794244005388,2,4,4,8,0.5,0,400
460,sc_1996_insc_1451,dismissed,4.0,0.17917867588489733,2,4,4,8,0.5,0,400
460,sc_1997_insc_546,dismissed,6.0,0.1798326838155804,2,2,6,8,0.25,0,400
460,sc_1998_insc_128,allowed,5.0,0.21267375453509899,2,5,3,8,0.625,1,400
460,sc_2007_insc_1266,allowed,4.0,0.1877581556151423,2,4,4,8,0.5,1,400
460,sc_2008_insc_695,dismissed,3.0,0.22203903818245876,3,4,3,7,0.5714285714285714,0,400
460,sc_2022_insc_1006,allowed,3.0,0.1663645282204112,2,3,5,8,0.375,1,400
460,sc_2022_insc_290,allowed,3.0,0.20380721972614213,2,3,5,8,0.375,1,400
460,sc_2022_insc_989,dismissed,4.0,0.19884210838458047,2,4,4,8,0.5,0,400
461,in_abs_train_1136,dismissed,3.0,0.16282779362560965,2,5,3,8,0.625,0,400
461,in_abs_train_1658,allowed,3.0,0.19485425251741598,2,3,5,8,0.375,1,400
461,in_abs_train_3230,dismissed,3.0,0.19111382200262517,2,5,3,8,0.625,0,400
461,in_abs_train_83,allowed,3.0,0.1806788167479203,2,3,5,8,0.375,1,400
461,sc_1957_insc_29,dismissed,6.0,0.16861681317607458,2,2,6,8,0.25,0,400
461,sc_1965_insc_184,allowed,5.0,0.1995858180093776,2,5,3,8,0.625,1,400
461,sc_1976_insc_301,dismissed,3.0,0.2345835297195321,2,5,3,8,0.625,0,400
461,sc_1994_insc_327,dismissed,4.0,0.20157943351587643,2,4,4,8,0.5,0,400
461,sc_2003_insc_701,dismissed,3.0,0.220683210147649,2,5,3,8,0.625,0,400
461,sc_2004_insc_146,allowed,4.0,0.17673430168718562,2,4,4,8,0.5,1,400
461,sc_2006_insc_624,allowed,6.0,0.17120181477989233,2,6,2,8,0.75,1,400
461,sc_2024_insc_8,allowed,4.0,0.18407453682793382,2,4,4,8,0.5,1,400
462,in_abs_train_3653,allowed,5.0,0.18278853980751958,2,5,3,8,0.625,1,400
462,in_abs_train_7131,allowed,4.0,0.2106180093899698,2,4,4,8,0.5,1,400
462,sc_1953_insc_76,dismissed,4.0,0.20729911386752983,2,4,4,8,0.5,0,400
462,sc_1965_insc_225,dismissed,4.0,0.21156222384801027,2,4,4,8,0.5,0,400
462,sc_2003_insc_345,dismissed,5.0,0.18812475637077422,2,3,5,8,0.375,0,400
462,sc_2006_insc_618,allowed,7.0,0.13017850039190693,2,7,1,8,0.875,1,400
462,sc_2007_insc_6,allowed,4.0,0.21506638990256646,2,4,4,8,0.5,1,400
462,sc_2008_insc_1369,allowed,1.0,0.199327540703623,2,1,7,8,0.125,1,400
462,sc_2015_insc_696,dismissed,5.0,0.19663132560086247,2,3,5,8,0.375,0,400
462,sc_2016_insc_449,dismissed,3.0,0.16976008396266676,2,5,3,8,0.625,0,400
462,sc_2017_insc_1238,allowed,3.0,0.1934851358389944,3,3,4,7,0.42857142857142855,1,400
462,sc_2022_insc_31,dismissed,6.0,0.18573515927413842,3,1,6,7,0.14285714285714285,0,400
463,sc_1979_insc_51,allowed,5.0,0.20270849055443418,2,5,3,8,0.625,1,400
463,sc_1982_insc_18,dismissed,4.0,0.19556667511961462,2,4,4,8,0.5,0,400
463,sc_1985_insc_148,dismissed,3.0,0.1879826140089632,2,5,3,8,0.625,0,400
463,sc_1991_insc_111,allowed,6.0,0.16370533401184142,2,6,2,8,0.75,1,400
463,sc_1992_insc_183,dismissed,4.0,0.1783407836374461,2,4,4,8,0.5,0,400
463,sc_1996_insc_1195,allowed,3.0,0.2179769884058631,2,3,5,8,0.375,1,400
463,sc_1996_insc_589,allowed,3.0,0.24201486999072386,2,3,5,8,0.375,1,400
463,sc_1999_insc_23,dismissed,2.0,0.16973828808234181,2,6,2,8,0.75,0,400
463,sc_2007_insc_115,dismissed,3.0,0.19697463604638688,2,5,3,8,0.625,0,400
463,sc_2013_insc_155,dismissed,5.0,0.18642647140648086,2,3,5,8,0.375,0,400
463,sc_2017_insc_52,allowed,4.0,0.19157759670773983,2,4,4,8,0.5,1,400
463,sc_2023_insc_598,allowed,0.0,0.0022390607086773813,1,0,8,8,0.0,1,400
464,in_abs_train_6362,dismissed,5.0,0.2264023344060704,2,3,5,8,0.375,0,400
464,in_abs_train_949,dismissed,2.0,0.14888545046872473,2,6,2,8,0.75,0,400
464,sc_1972_insc_249,allowed,4.0,0.19739832091032153,2,4,4,8,0.5,1,400
464,sc_1984_insc_88,allowed,4.0,0.17754149414392442,2,4,4,8,0.5,1,400
464,sc_1987_insc_366,dismissed,4.0,0.19273272563450644,2,4,4,8,0.5,0,400
464,sc_1995_insc_683,allowed,4.0,0.2511606823689877,2,4,4,8,0.5,1,400
464,sc_1996_insc_907,allowed,5.0,0.17397202437539921,2,5,3,8,0.625,1,400
464,sc_1997_insc_59,allowed,3.0,0.17644678801425273,2,3,5,8,0.375,1,400
464,sc_2007_insc_1189,allowed,3.0,0.21295259360861413,2,3,5,8,0.375,1,400
464,sc_2008_insc_1461,dismissed,1.0,0.12340778349352893,2,7,1,8,0.875,0,400
464,sc_2009_insc_239,dismissed,3.0,0.18172683986568125,3,4,3,7,0.5714285714285714,0,400
464,sc_2013_insc_368,dismissed,6.0,0.1620185174601965,2,2,6,8,0.25,0,400
465,in_abs_train_738,allowed,6.0,0.19146385515079106,2,6,2,8,0.75,1,400
465,sc_1959_insc_125,dismissed,4.0,0.18212534441137732,2,4,4,8,0.5,0,400
465,sc_1973_insc_198,allowed,6.0,0.16704352109744708,2,6,2,8,0.75,1,400
465,sc_1986_insc_101,dismissed,1.0,0.10614935400373089,2,7,1,8,0.875,0,400
465,sc_1994_insc_335,dismissed,7.0,0.12272422184685382,2,1,7,8,0.125,0,400
465,sc_1999_insc_495,dismissed,3.0,0.19798376932634315,2,5,3,8,0.625,0,400
465,sc_2000_insc_572,dismissed,4.0,0.17968763891735298,2,4,4,8,0.5,0,400
465,sc_2008_insc_197,dismissed,6.0,0.1787590016487357,2,2,6,8,0.25,0,400
465,sc_2018_insc_43,allowed,7.0,0.1266246763103165,2,7,1,8,0.875,1,400
465,sc_2021_insc_104,allowed,5.0,0.18644864423957475,3,5,2,7,0.7142857142857143,1,400
465,sc_2023_insc_50,allowed,4.0,0.20724695739264656,2,4,4,8,0.5,1,400
465,sc_2024_insc_278,allowed,5.0,0.15849984313183865,2,5,3,8,0.625,1,400
466,in_abs_train_2632,dismissed,7.0,0.17325431320359902,2,1,7,8,0.125,0,400
466,in_abs_train_4056,allowed,6.0,0.15354697946992227,2,6,2,8,0.75,1,400
466,sc_1956_insc_59,allowed,3.0,0.16651566288609174,2,3,5,8,0.375,1,400
466,sc_1959_insc_71,dismissed,4.0,0.20034693953294452,3,3,4,7,0.42857142857142855,0,400
466,sc_1996_insc_494,dismissed,2.0,0.16103817412894905,2,6,2,8,0.75,0,400
466,sc_1997_insc_227,dismissed,4.0,0.16093608509934362,2,4,4,8,0.5,0,400
466,sc_2000_insc_479,allowed,3.0,0.16484834772269427,2,3,5,8,0.375,1,400
466,sc_2009_insc_665,allowed,5.0,0.09623731363517106,2,5,3,8,0.625,1,400
466,sc_2013_insc_741,allowed,5.0,0.1821407591858918,2,5,3,8,0.625,1,400
466,sc_2015_insc_424,dismissed,2.0,0.21014008667264256,2,6,2,8,0.75,0,400
466,sc_2018_insc_283,allowed,5.0,0.1817845457135118,2,5,3,8,0.625,1,400
466,sc_2019_insc_841,dismissed,2.0,0.1381482250209762,3,5,2,7,0.7142857142857143,0,400
467,in_abs_train_5862,dismissed,4.0,0.18708673504172182,2,4,4,8,0.5,0,400
467,in_abs_train_837,dismissed,1.0,0.10587651437984487,2,7,1,8,0.875,0,400
467,sc_1968_insc_138,allowed,5.0,0.12371843057752596,2,5,3,8,0.625,1,400
467,sc_1984_insc_37,dismissed,3.0,0.1972530722688031,2,5,3,8,0.625,0,400
467,sc_1987_insc_175,dismissed,4.0,0.17813421655353823,2,4,4,8,0.5,0,400
467,sc_1993_insc_288,allowed,4.0,0.1827160225994567,2,4,4,8,0.5,1,400
467,sc_1995_insc_759,dismissed,2.0,0.16150110224634912,2,6,2,8,0.75,0,400
467,sc_1996_insc_19,allowed,7.0,0.14761099158365382,2,7,1,8,0.875,1,400
467,sc_1999_insc_67,allowed,3.0,0.18163203272688438,2,3,5,8,0.375,1,400
467,sc_2002_insc_536,dismissed,4.0,0.14802309514203751,2,4,4,8,0.5,0,400
467,sc_2013_insc_597,allowed,3.0,0.1853462489377043,2,3,5,8,0.375,1,400
467,sc_2013_insc_724,allowed,3.0,0.21953381825754012,2,3,5,8,0.375,1,400
468,in_abs_train_1493,allowed,3.0,0.1676444439825379,2,3,5,8,0.375,1,400
468,in_abs_train_3217,allowed,7.0,0.12981856353166638,2,7,1,8,0.875,1,400
468,in_abs_train_4459,dismissed,2.0,0.14655422798770232,2,6,2,8,0.75,0,400
468,in_abs_train_4985,dismissed,5.0,0.18075538114396483,2,3,5,8,0.375,0,400
468,in_abs_train_5953,dismissed,4.0,0.17931140957785838,2,4,4,8,0.5,0,400
468,sc_1964_insc_247,allowed,3.0,0.1955593394491523,2,3,5,8,0.375,1,400
468,sc_1971_insc_269,dismissed,4.0,0.1917146133393511,2,4,4,8,0.5,0,400
468,sc_1992_insc_86,allowed,2.0,0.15939889735066745,3,2,5,7,0.2857142857142857,1,400
468,sc_1993_insc_3,allowed,7.0,0.0791854105316846,2,7,1,8,0.875,1,400
468,sc_2013_insc_367,dismissed,6.0,0.15721771755844094,2,2,6,8,0.25,0,400
468,sc_2017_insc_287,dismissed,6.0,0.1412075433980069,2,2,6,8,0.25,0,400
468,sc_2023_insc_26,allowed,2.0,0.15666680021425253,3,2,5,7,0.2857142857142857,1,400
469,in_abs_train_955,dismissed,3.0,0.2027416779399822,2,5,3,8,0.625,0,400
469,sc_1959_insc_60,allowed,3.0,0.17309668219806468,2,3,5,8,0.375,1,400
469,sc_1965_insc_306,dismissed,4.0,0.17656987324820986,2,4,4,8,0.5,0,400
469,sc_1974_insc_243,dismissed,4.0,0.2651176759173655,2,4,4,8,0.5,0,400
469,sc_1975_insc_38,dismissed,5.0,0.1982057332777029,2,3,5,8,0.375,0,400
469,sc_1986_insc_142,dismissed,6.0,0.18569081625398556,2,2,6,8,0.25,0,400
469,sc_1996_insc_551,allowed,3.0,0.180735399405358,2,3,5,8,0.375,1,400
469,sc_2001_insc_516,allowed,3.0,0.18607304333341018,2,3,5,8,0.375,1,400
469,sc_2002_insc_129,allowed,3.0,0.1819088376787637,2,3,5,8,0.375,1,400
469,sc_2007_insc_936,allowed,6.0,0.1556565534291529,2,6,2,8,0.75,1,400
469,sc_2010_insc_413,dismissed,3.0,0.16584407680860958,2,5,3,8,0.625,0,400
469,sc_2023_insc_11,allowed,2.0,0.16230129320282669,2,2,6,8,0.25,1,400
470,in_abs_train_5918,dismissed,4.0,0.15942573947628302,2,4,4,8,0.5,0,400
470,in_abs_train_655,allowed,5.0,0.1908064622249092,2,5,3,8,0.625,1,400
470,sc_1953_insc_15,dismissed,6.0,0.15454316318011055,2,2,6,8,0.25,0,400
470,sc_1960_insc_241,allowed,4.0,0.18821672509763607,2,4,4,8,0.5,1,400
470,sc_1972_insc_121,dismissed,4.0,0.14319846776888404,3,3,4,7,0.42857142857142855,0,400
470,sc_1985_insc_229,allowed,4.0,0.19772960708968512,2,4,4,8,0.5,1,400
470,sc_2001_insc_270,allowed,2.0,0.16236866945759137,2,2,6,8,0.25,1,400
470,sc_2002_insc_270,dismissed,3.0,0.20236439187321045,2,5,3,8,0.625,0,400
470,sc_2002_insc_406,dismissed,3.0,0.20215176899714646,2,5,3,8,0.625,0,400
470,sc_2006_insc_262,dismissed,1.0,0.1200189476458027,2,7,1,8,0.875,0,400
470,sc_2021_insc_272,allowed,2.0,0.16795536341029801,2,2,6,8,0.25,1,400
470,sc_2023_insc_403,allowed,4.0,0.1949307769760845,2,4,4,8,0.5,1,400
471,in_abs_train_5025,dismissed,3.0,0.17708744172905255,2,5,3,8,0.625,0,400
471,in_abs_train_5130,dismissed,4.0,0.18716909270491597,3,3,4,7,0.42857142857142855,0,400
471,sc_1959_insc_16,dismissed,3.0,0.16456900333152752,2,5,3,8,0.625,0,400
471,sc_1966_insc_99,allowed,6.0,0.16802265082125206,2,6,2,8,0.75,1,400
471,sc_1985_insc_50,allowed,5.0,0.17865203941096292,2,5,3,8,0.625,1,400
471,sc_1996_insc_157,allowed,2.0,0.16086679271993956,2,2,6,8,0.25,1,400
471,sc_2004_insc_9,dismissed,5.0,0.1403846587044096,2,3,5,8,0.375,0,400
471,sc_2007_insc_1065,dismissed,3.0,0.15008256160400196,2,5,3,8,0.625,0,400
471,sc_2008_insc_714,allowed,2.0,0.1651408916868952,3,2,4,6,0.3333333333333333,1,400
471,sc_2018_insc_111,allowed,3.0,0.23070392087509664,2,3,5,8,0.375,1,400
471,sc_2021_insc_719,dismissed,2.0,0.17132576204725145,2,6,2,8,0.75,0,400
471,sc_2023_insc_22,allowed,2.0,0.18897929812550232,2,2,6,8,0.25,1,400
472,sc_1964_insc_122,dismissed,5.0,0.22412034145823784,3,2,5,7,0.2857142857142857,0,400
472,sc_1968_insc_157,allowed,7.0,0.14312536823270022,2,7,1,8,0.875,1,400
472,sc_1970_insc_201,dismissed,3.0,0.14748795097040718,2,5,3,8,0.625,0,400
472,sc_1974_insc_15,allowed,2.0,0.17686334395371073,2,2,6,8,0.25,1,400
472,sc_1976_insc_246,dismissed,3.0,0.20829085270777362,2,5,3,8,0.625,0,400
472,sc_1993_insc_80,dismissed,5.0,0.16655900652252292,2,3,5,8,0.375,0,400
472,sc_1995_insc_649,allowed,3.0,0.1806788167479203,2,3,5,8,0.375,1,400
472,sc_1996_insc_406,allowed,4.0,0.2066562846149264,2,4,4,8,0.5,1,400
472,sc_2005_insc_530,dismissed,5.0,0.19269224425915848,2,3,5,8,0.375,0,400
472,sc_2006_insc_893,allowed,6.0,0.1703771256811111,2,6,2,8,0.75,1,400
472,sc_2010_insc_456,dismissed,6.0,0.1815062262926504,2,2,6,8,0.25,0,400
472,sc_2014_insc_262,allowed,3.0,0.1813003993967707,2,3,5,8,0.375,1,400
473,in_abs_train_2078,dismissed,5.0,0.1960644364910447,2,3,5,8,0.375,0,400
473,in_abs_train_2537,dismissed,3.0,0.18642099490383862,2,5,3,8,0.625,0,400
473,in_abs_train_4178,dismissed,5.0,0.20205974794864862,2,3,5,8,0.375,0,400
473,sc_1975_insc_68,dismissed,2.0,0.1699370311682791,2,6,2,8,0.75,0,400
473,sc_1978_insc_54,allowed,6.0,0.19739808183074925,2,6,2,8,0.75,1,400
473,sc_1991_insc_210,allowed,1.0,0.16701971535558402,2,1,7,8,0.125,1,400
473,sc_1998_insc_413,dismissed,2.0,0.15171499523019072,2,6,2,8,0.75,0,400
473,sc_2002_insc_407,allowed,5.0,0.182162937689711,2,5,3,8,0.625,1,400
473,sc_2008_insc_541,allowed,4.0,0.18864966732542962,2,4,4,8,0.5,1,400
473,sc_2013_insc_719,allowed,4.0,0.187085768623454,2,4,4,8,0.5,1,400
473,sc_2018_insc_21,dismissed,3.0,0.1820328535603118,2,5,3,8,0.625,0,400
473,sc_2023_insc_334,allowed,1.0,0.14665663165706896,3,1,6,7,0.14285714285714285,1,400
474,in_abs_train_4001,dismissed,5.0,0.2326621565117017,2,3,5,8,0.375,0,400
474,in_abs_train_4132,allowed,6.0,0.1519118725221438,2,6,2,8,0.75,1,400
474,in_abs_train_675,dismissed,5.0,0.2578090164507316,2,3,5,8,0.375,0,400
474,sc_1954_insc_71,allowed,4.0,0.2191578676704321,2,4,4,8,0.5,1,400
474,sc_2003_insc_4,allowed,1.0,0.15498658497007867,2,1,7,8,0.125,1,400
474,sc_2008_insc_937,dismissed,5.0,0.1747521013617358,2,3,5,8,0.375,0,400
474,sc_2009_insc_948,allowed,4.0,0.18262680100471934,2,4,4,8,0.5,1,400
474,sc_2010_insc_647,dismissed,5.0,0.21286260400643608,2,3,5,8,0.375,0,400
474,sc_2010_insc_745,dismissed,3.0,0.24412642586486932,2,5,3,8,0.625,0,400
474,sc_2023_insc_137,allowed,5.0,0.18055495486105785,3,5,2,7,0.7142857142857143,1,400
474,sc_2023_insc_362,allowed,3.0,0.16900305084224687,2,3,5,8,0.375,1,400
474,sc_2023_insc_736,dismissed,3.0,0.16047740680210998,2,5,3,8,0.625,0,400
475,in_abs_train_3520,dismissed,2.0,0.1398264868634388,2,6,2,8,0.75,0,400
475,in_abs_train_4901,dismissed,4.0,0.16384336096542748,2,4,4,8,0.5,0,400
475,in_abs_train_5094,dismissed,3.0,0.17589237958705747,2,5,3,8,0.625,0,400
475,in_abs_train_619,dismissed,2.0,0.13319305905629045,2,6,2,8,0.75,0,400
475,sc_1996_insc_648,allowed,3.0,0.18800791919111123,2,3,5,8,0.375,1,400
475,sc_1997_insc_562,allowed,4.0,0.2141836457062261,2,4,4,8,0.5,1,400
475,sc_2003_insc_338,dismissed,5.0,0.18508899736768836,2,3,5,8,0.375,0,400
475,sc_2010_insc_345,allowed,6.0,0.23165140596147601,2,6,2,8,0.75,1,400
475,sc_2010_insc_494,allowed,4.0,0.1675405301444144,2,4,4,8,0.5,1,400
475,sc_2013_insc_782,allowed,6.0,0.19567130037112812,2,6,2,8,0.75,1,400
475,sc_2016_insc_922,dismissed,3.0,0.16329622710758696,2,5,3,8,0.625,0,400
475,sc_2020_insc_452,allowed,4.0,0.19289735262983873,2,4,4,8,0.5,1,400
476,in_abs_train_2223,dismissed,4.0,0.16471934366545832,2,4,4,8,0.5,0,400
476,in_abs_train_4946,allowed,5.0,0.2292489880799783,2,5,3,8,0.625,1,400
476,sc_1953_insc_75,allowed,4.0,0.18738498555780822,2,4,4,8,0.5,1,400
476,sc_1974_insc_257,allowed,5.0,0.20570483144197518,2,5,3,8,0.625,1,400
476,sc_1986_insc_106,allowed,3.0,0.16883957939839983,2,3,5,8,0.375,1,400
476,sc_1989_insc_394,dismissed,4.0,0.19450827520191472,2,4,4,8,0.5,0,400
476,sc_1992_insc_314,dismissed,4.0,0.21200807930854043,2,4,4,8,0.5,0,400
476,sc_1998_insc_38,allowed,5.0,0.18550877691394133,2,5,3,8,0.625,1,400
476,sc_2008_insc_500,dismissed,2.0,0.14868158315555713,2,6,2,8,0.75,0,400
476,sc_2009_insc_573,dismissed,4.0,0.20870040105644647,3,3,4,7,0.42857142857142855,0,400
476,sc_2012_insc_120,dismissed,2.0,0.1542084417633967,2,6,2,8,0.75,0,400
476,sc_2017_insc_761,allowed,3.0,0.15553017590330875,2,3,5,8,0.375,1,400
477,in_abs_train_1481,dismissed,4.0,0.18266793989335117,2,4,4,8,0.5,0,400
477,sc_1959_1_1211_1218_en,dismissed,4.0,0.23455766861123242,2,4,4,8,0.5,0,400
477,sc_1973_insc_208,dismissed,4.0,0.1661691347349074,2,4,4,8,0.5,0,400
477,sc_1982_insc_72,dismissed,4.0,0.18708673504172182,2,4,4,8,0.5,0,400
477,sc_1986_insc_35,allowed,5.0,0.15409946049613024,2,5,3,8,0.625,1,400
477,sc_2010_insc_151,dismissed,7.0,0.12968409418935803,2,1,7,8,0.125,0,400
477,sc_2010_insc_372,dismissed,1.0,0.11122298528342575,2,7,1,8,0.875,0,400
477,sc_2017_insc_151,allowed,3.0,0.19330730756360473,2,3,5,8,0.375,1,400
477,sc_2018_insc_700,allowed,4.0,0.1849039688015685,2,4,4,8,0.5,1,400
477,sc_2021_insc_315,allowed,3.0,0.19156782356853594,2,3,5,8,0.375,1,400
477,sc_2021_insc_703,allowed,3.0,0.19132589437777955,3,3,4,7,0.42857142857142855,1,400
477,sc_2022_insc_624,allowed,4.0,0.18678365242306405,2,4,4,8,0.5,1,400
478,in_abs_train_1550,allowed,2.0,0.18348313086282478,2,2,6,8,0.25,1,400
478,in_abs_train_2038,dismissed,2.0,0.20092301365367435,3,5,2,7,0.7142857142857143,0,400
478,in_abs_train_2959,dismissed,6.0,0.13095887818483212,2,2,6,8,0.25,0,400
478,sc_1972_insc_163,allowed,3.0,0.2160191603857626,2,3,5,8,0.375,1,400
478,sc_1976_insc_98,dismissed,3.0,0.19915739759194212,2,5,3,8,0.625,0,400
478,sc_2001_insc_527,allowed,5.0,0.20214225178165288,2,5,3,8,0.625,1,400
478,sc_2006_insc_966,dismissed,3.0,0.18044592272142285,2,5,3,8,0.625,0,400
478,sc_2007_insc_860,allowed,4.0,0.214621847849665,2,4,4,8,0.5,1,400
478,sc_2009_insc_58,allowed,4.0,0.19829388363162964,2,4,4,8,0.5,1,400
478,sc_2009_insc_794,allowed,7.0,0.13773504831545463,2,7,1,8,0.875,1,400
478,sc_2010_insc_116,dismissed,3.0,0.18106830486527925,2,5,3,8,0.625,0,400
478,sc_2013_insc_637,dismissed,5.0,0.1621315097040116,2,3,5,8,0.375,0,400
479,in_abs_train_2872,allowed,8.0,0.06935542927361846,1,8,0,8,1.0,1,400
479,sc_1961_insc_27,dismissed,3.0,0.18783282188890343,2,5,3,8,0.625,0,400
479,sc_1964_insc_175,allowed,4.0,0.17540964490809993,2,4,4,8,0.5,1,400
479,sc_1985_insc_126,dismissed,4.0,0.226696025923797,2,4,4,8,0.5,0,400
479,sc_1994_insc_608,allowed,4.0,0.18050769416778287,2,4,4,8,0.5,1,400
479,sc_1996_insc_257,dismissed,5.0,0.1938888183571414,2,3,5,8,0.375,0,400
479,sc_2011_insc_309,dismissed,2.0,0.16219619609221947,2,6,2,8,0.75,0,400
479,sc_2011_insc_814,dismissed,6.0,0.16236580158394048,2,2,6,8,0.25,0,400
479,sc_2018_insc_1212,dismissed,1.0,0.1261753615009045,2,7,1,8,0.875,0,400
479,sc_2018_insc_200,allowed,4.0,0.18990889036332817,2,4,4,8,0.5,1,400
479,sc_2019_insc_943,allowed,2.0,0.17096170519452922,2,2,6,8,0.25,1,400
479,sc_2024_insc_339,allowed,4.0,0.23566508779653972,2,4,4,8,0.5,1,400
480,in_abs_train_2617,dismissed,3.0,0.17082530644229418,3,4,3,7,0.5714285714285714,0,400
480,in_abs_train_4110,dismissed,0.0,0.033531285364779645,1,8,0,8,1.0,0,400
480,in_abs_train_6414,allowed,6.0,0.16219396663408905,2,6,2,8,0.75,1,400
480,sc_1965_insc_27,dismissed,5.0,0.19093769269912428,2,3,5,8,0.375,0,400
480,sc_1971_insc_93,allowed,5.0,0.16395761799974426,2,5,3,8,0.625,1,400
480,sc_1995_insc_676,allowed,3.0,0.18083541254016436,2,3,5,8,0.375,1,400
480,sc_1996_insc_374,dismissed,5.0,0.20058350563219327,2,3,5,8,0.375,0,400
480,sc_2002_insc_440,allowed,5.0,0.16459474146635675,2,5,3,8,0.625,1,400
480,sc_2004_insc_242,allowed,3.0,0.18561870479945863,2,3,5,8,0.375,1,400
480,sc_2006_insc_499,allowed,5.0,0.19118342328624474,2,5,3,8,0.625,1,400
480,sc_2016_insc_618,dismissed,5.0,0.17224750865910932,2,3,5,8,0.375,0,400
480,sc_2022_insc_896,dismissed,2.0,0.18039904914180077,2,6,2,8,0.75,0,400
481,in_abs_train_3477,dismissed,4.0,0.1884100732824169,2,4,4,8,0.5,0,400
481,sc_1971_insc_242,dismissed,3.0,0.18044592272142287,2,5,3,8,0.625,0,400
481,sc_1975_insc_183,allowed,5.0,0.1758081308811642,2,5,3,8,0.625,1,400
481,sc_1987_insc_110,allowed,4.0,0.2095480015541955,3,4,3,7,0.5714285714285714,1,400
481,sc_1996_insc_94,allowed,5.0,0.1951076139641549,2,5,3,8,0.625,1,400
481,sc_1997_insc_470,dismissed,5.0,0.2018988182543424,2,3,5,8,0.375,0,400
481,sc_1999_insc_259,dismissed,4.0,0.1870325601905416,2,4,4,8,0.5,0,400
481,sc_2004_insc_568,allowed,2.0,0.18161159839138155,2,2,6,8,0.25,1,400
481,sc_2007_insc_909,allowed,1.0,0.12522230232670217,3,1,6,7,0.14285714285714285,1,400
481,sc_2008_insc_1115,dismissed,4.0,0.19606339594527028,2,4,4,8,0.5,0,400
481,sc_2010_insc_617,allowed,6.0,0.15290342650608452,2,6,2,8,0.75,1,400
481,sc_2014_insc_725,dismissed,1.0,0.11892096246036692,2,7,1,8,0.875,0,400
482,in_abs_train_1922,allowed,3.0,0.198418492641346,2,3,5,8,0.375,1,400
482,in_abs_train_2376,allowed,5.0,0.19283594625579367,2,5,3,8,0.625,1,400
482,in_abs_train_3322,allowed,4.0,0.21885644094033746,2,4,4,8,0.5,1,400
482,sc_1975_insc_260,allowed,5.0,0.20665353836156633,2,5,3,8,0.625,1,400
482,sc_1990_insc_113,allowed,3.0,0.2093463049103973,2,3,5,8,0.375,1,400
482,sc_1990_insc_339,allowed,5.0,0.18418512917057164,2,5,3,8,0.625,1,400
482,sc_1992_insc_53,dismissed,5.0,0.20578077577502574,2,3,5,8,0.375,0,400
482,sc_1996_insc_802,dismissed,5.0,0.25380189829719424,2,3,5,8,0.375,0,400
482,sc_1997_insc_402,dismissed,3.0,0.22831216881404157,2,5,3,8,0.625,0,400
482,sc_2008_insc_77,dismissed,4.0,0.2202974001295754,2,4,4,8,0.5,0,400
482,sc_2010_insc_82,dismissed,5.0,0.22632642079770263,2,3,5,8,0.375,0,400
482,sc_2022_insc_1000,dismissed,3.0,0.20122221091355455,2,5,3,8,0.625,0,400
483,in_abs_train_288,dismissed,2.0,0.19504882033081053,2,6,2,8,0.75,0,400
483,in_abs_train_4895,dismissed,5.0,0.15793643277734132,2,3,5,8,0.375,0,400
483,sc_1960_insc_84,allowed,2.0,0.21177061143613723,2,2,6,8,0.25,1,400
483,sc_1962_insc_219,allowed,7.0,0.1412716955525264,2,7,1,8,0.875,1,400
483,sc_1963_insc_251,dismissed,3.0,0.17422331472239053,2,5,3,8,0.625,0,400
483,sc_2003_insc_513,allowed,3.0,0.16521510542401338,2,3,5,8,0.375,1,400
483,sc_2005_insc_540,allowed,4.0,0.18812414323659224,2,4,4,8,0.5,1,400
483,sc_2010_insc_549,dismissed,4.0,0.1870208520650648,2,4,4,8,0.5,0,400
483,sc_2010_insc_769,dismissed,6.0,0.10540033857082146,2,2,6,8,0.25,0,400
483,sc_2013_insc_777,dismissed,3.0,0.18173668204306928,2,5,3,8,0.625,0,400
483,sc_2018_insc_211,allowed,4.0,0.2474588868269694,2,4,4,8,0.5,1,400
483,sc_2021_insc_552,allowed,3.0,0.18151891703853454,2,3,5,8,0.375,1,400
484,in_abs_train_2955,dismissed,5.0,0.1711797790075435,2,3,5,8,0.375,0,400
484,in_abs_train_5271,dismissed,6.0,0.15741585053608798,2,2,6,8,0.25,0,400
484,in_abs_train_6033,allowed,4.0,0.21742018239870398,2,4,4,8,0.5,1,400
484,sc_1960_insc_83,dismissed,5.0,0.19320046382549397,2,3,5,8,0.375,0,400
484,sc_1967_insc_144,allowed,4.0,0.19135476356518968,2,4,4,8,0.5,1,400
484,sc_1984_insc_194,dismissed,5.0,0.17622432306308536,2,3,5,8,0.375,0,400
484,sc_1994_insc_152,dismissed,5.0,0.1953815903100731,2,3,5,8,0.375,0,400
484,sc_2007_insc_679,dismissed,4.0,0.17468393652128242,2,4,4,8,0.5,0,400
484,sc_2021_insc_569,allowed,1.0,0.12364014347340833,3,1,6,7,0.14285714285714285,1,400
484,sc_2021_insc_853,allowed,6.0,0.16236866945759137,2,6,2,8,0.75,1,400
484,sc_2022_insc_872,allowed,7.0,0.13216992531747454,2,7,1,8,0.875,1,400
484,sc_2023_insc_758,allowed,3.0,0.2110322604611843,2,3,5,8,0.375,1,400
485,in_abs_train_3157,allowed,6.0,0.13291987659527948,2,6,2,8,0.75,1,400
485,sc_1960_insc_267,dismissed,3.0,0.16637954020654838,2,5,3,8,0.625,0,400
485,sc_1961_insc_272,dismissed,4.0,0.1926923151814641,2,4,4,8,0.5,0,400
485,sc_1968_insc_311,dismissed,4.0,0.18629521811471894,2,4,4,8,0.5,0,400
485,sc_1973_insc_21,allowed,4.0,0.18585588695084612,2,4,4,8,0.5,1,400
485,sc_1983_insc_51,dismissed,3.0,0.20585138699262073,3,4,3,7,0.5714285714285714,0,400
485,sc_1995_insc_174,dismissed,1.0,0.17988079165477674,2,7,1,8,0.875,0,400
485,sc_1998_insc_135,allowed,3.0,0.17700482857134647,3,3,4,7,0.42857142857142855,1,400
485,sc_1999_insc_209,allowed,3.0,0.20646219762544343,2,3,5,8,0.375,1,400
485,sc_2001_insc_600,allowed,4.0,0.18396126111213673,2,4,4,8,0.5,1,400
485,sc_2009_insc_97,allowed,5.0,0.2306801239457726,2,5,3,8,0.625,1,400
485,sc_2018_insc_435,dismissed,5.0,0.15834606012360444,2,3,5,8,0.375,0,400
486,in_abs_train_2446,dismissed,4.0,0.22009667761018034,2,4,4,8,0.5,0,400
486,sc_1962_insc_132,dismissed,7.0,0.1340427315039783,2,1,7,8,0.125,0,400
486,sc_1967_insc_269,dismissed,5.0,0.18239067367565884,2,3,5,8,0.375,0,400
486,sc_1972_insc_36,allowed,1.0,0.11052723994705378,2,1,7,8,0.125,1,400
486,sc_1988_insc_212,dismissed,1.0,0.1147886247679772,2,7,1,8,0.875,0,400
486,sc_1989_insc_323,allowed,3.0,0.18159725048559675,2,3,5,8,0.375,1,400
486,sc_1996_insc_945,dismissed,4.0,0.20155405159481588,2,4,4,8,0.5,0,400
486,sc_2015_insc_111,dismissed,3.0,0.2397768044990284,2,5,3,8,0.625,0,400
486,sc_2016_insc_1131,allowed,6.0,0.16301513798725248,2,6,2,8,0.75,1,400
486,sc_2022_insc_51,allowed,5.0,0.20257742548323454,2,5,3,8,0.625,1,400
486,sc_2023_insc_457,allowed,4.0,0.18980723303996005,2,4,4,8,0.5,1,400
486,sc_2024_insc_255,allowed,4.0,0.19931494281305512,2,4,4,8,0.5,1,400
487,in_abs_train_1540,allowed,3.0,0.20110085477178782,2,3,5,8,0.375,1,400
487,in_abs_train_2516,allowed,2.0,0.16236866945759137,2,2,6,8,0.25,1,400
487,in_abs_train_3294,dismissed,1.0,0.1803987868281179,2,7,1,8,0.875,0,400
487,sc_1968_insc_101,dismissed,5.0,0.1748846941558923,2,3,5,8,0.375,0,400
487,sc_1994_insc_301,dismissed,2.0,0.20208621903402857,2,6,2,8,0.75,0,400
487,sc_1994_insc_9,dismissed,3.0,0.17408033456957048,2,5,3,8,0.625,0,400
487,sc_1996_insc_1049,allowed,6.0,0.14148295817997708,2,6,2,8,0.75,1,400
487,sc_1996_insc_1175,allowed,3.0,0.18218906976780233,2,3,5,8,0.375,1,400
487,sc_2007_insc_664,allowed,5.0,0.18160510643299566,2,5,3,8,0.625,1,400
487,sc_2008_insc_1279,dismissed,3.0,0.16655061277348174,2,5,3,8,0.625,0,400
487,sc_2009_insc_455,allowed,3.0,0.19419181028991273,2,3,5,8,0.375,1,400
487,sc_2018_insc_1181,dismissed,1.0,0.12340778349352893,2,7,1,8,0.875,0,400
488,in_abs_train_2311,allowed,6.0,0.1657559447927192,2,6,2,8,0.75,1,400
488,in_abs_train_2596,dismissed,1.0,0.15708185191851853,2,7,1,8,0.875,0,400
488,in_abs_train_2608,dismissed,4.0,0.18793960132689044,2,4,4,8,0.5,0,400
488,in_abs_train_2816,dismissed,3.0,0.17665471341806155,2,5,3,8,0.625,0,400
488,in_abs_train_3303,allowed,3.0,0.2399357782339405,2,3,5,8,0.375,1,400
488,sc_1996_insc_1457,allowed,3.0,0.16155936699519613,2,3,5,8,0.375,1,400
488,sc_1997_insc_763,allowed,3.0,0.19094119300205956,2,3,5,8,0.375,1,400
488,sc_2002_insc_281,dismissed,2.0,0.18970758289391723,2,6,2,8,0.75,0,400
488,sc_2005_insc_219,allowed,4.0,0.20251459383038475,2,4,4,8,0.5,1,400
488,sc_2005_insc_597,dismissed,4.0,0.20537506989749132,2,4,4,8,0.5,0,400
488,sc_2008_insc_1384,dismissed,7.0,0.12673770030467885,2,1,7,8,0.125,0,400
488,sc_2017_insc_1232,allowed,5.0,0.21560785904954524,2,5,3,8,0.625,1,400
489,in_abs_train_1177,dismissed,5.0,0.16840516823519,2,3,5,8,0.375,0,400
489,in_abs_train_3347,allowed,4.0,0.1562275667616314,2,4,4,8,0.5,1,400
489,in_abs_train_4686,allowed,6.0,0.18540259945299734,2,6,2,8,0.75,1,400
489,sc_1965_insc_268,dismissed,6.0,0.16167431713611338,2,2,6,8,0.25,0,400
489,sc_1971_insc_259,allowed,3.0,0.21308683414028318,3,3,4,7,0.42857142857142855,1,400
489,sc_1972_insc_137,dismissed,7.0,0.14235041742977644,2,1,7,8,0.125,0,400
489,sc_1989_insc_142,dismissed,4.0,0.20923837996058925,2,4,4,8,0.5,0,400
489,sc_1992_insc_107,dismissed,5.0,0.20158579289666914,2,3,5,8,0.375,0,400
489,sc_1996_insc_1028,allowed,6.0,0.13623012269452406,3,6,1,7,0.8571428571428571,1,400
489,sc_1999_insc_161,dismissed,7.0,0.11798560526858874,2,1,7,8,0.125,0,400
489,sc_2010_insc_347,allowed,5.0,0.15979898086569355,2,5,3,8,0.625,1,400
489,sc_2018_insc_1209,allowed,4.0,0.18645963734496793,2,4,4,8,0.5,1,400
490,in_abs_train_2757,dismissed,4.0,0.18022654071750643,2,4,4,8,0.5,0,400
490,in_abs_train_4194,dismissed,4.0,0.20634715378422938,2,4,4,8,0.5,0,400
490,in_abs_train_6021,dismissed,5.0,0.20124457504730253,2,3,5,8,0.375,0,400
490,in_abs_train_6235,dismissed,6.0,0.16821557572529258,2,2,6,8,0.25,0,400
490,sc_1958_insc_121,dismissed,1.0,0.11431563129185114,3,5,1,6,0.8333333333333334,0,400
490,sc_1986_insc_62,allowed,7.0,0.1607835996560823,2,7,1,8,0.875,1,400
490,sc_1997_insc_604,allowed,4.0,0.1916844768999366,2,4,4,8,0.5,1,400
490,sc_1998_insc_179,allowed,2.0,0.13288416823823426,2,2,6,8,0.25,1,400
490,sc_2007_insc_1161,dismissed,5.0,0.1920327930267045,2,3,5,8,0.375,0,400
490,sc_2007_insc_59,allowed,3.0,0.19364421060220402,2,3,5,8,0.375,1,400
490,sc_2008_insc_823,allowed,5.0,0.2165134261065635,2,5,3,8,0.625,1,400
490,sc_2023_insc_1032,allowed,5.0,0.18382583165575117,3,5,2,7,0.7142857142857143,1,400
491,in_abs_train_1519,dismissed,3.0,0.18106830486527925,2,5,3,8,0.625,0,400
491,in_abs_train_2334,allowed,6.0,0.20332000804063247,2,6,2,8,0.75,1,400
491,in_abs_train_2908,dismissed,4.0,0.21025413778415192,2,4,4,8,0.5,0,400
491,sc_1960_insc_244,allowed,2.0,0.19390720040849227,3,2,5,7,0.2857142857142857,1,400
491,sc_1987_insc_244,dismissed,3.0,0.19397192903397698,3,4,3,7,0.5714285714285714,0,400
491,sc_1991_insc_298,dismissed,6.0,0.18981076102265643,2,2,6,8,0.25,0,400
491,sc_1996_insc_427,allowed,6.0,0.18768985668462726,2,6,2,8,0.75,1,400
491,sc_2002_insc_353,allowed,5.0,0.1733052675881767,2,5,3,8,0.625,1,400
491,sc_2004_insc_328,allowed,5.0,0.1874264119572446,2,5,3,8,0.625,1,400
491,sc_2009_insc_354,dismissed,5.0,0.17379064368387126,2,3,5,8,0.375,0,400
491,sc_2015_insc_620,dismissed,3.0,0.18806425990718872,2,5,3,8,0.625,0,400
491,sc_2019_insc_1051,allowed,5.0,0.2040974032171894,3,5,2,7,0.7142857142857143,1,400
492,in_abs_train_1279,dismissed,4.0,0.16907391861359675,2,4,4,8,0.5,0,400
492,in_abs_train_503,dismissed,0.0,0.07733882699800997,1,8,0,8,1.0,0,400
492,in_abs_train_5383,allowed,3.0,0.15577318467074172,2,3,5,8,0.375,1,400
492,sc_1966_insc_78,allowed,3.0,0.19734452155916876,2,3,5,8,0.375,1,400
492,sc_1971_insc_117,dismissed,5.0,0.24030284336344557,2,3,5,8,0.375,0,400
492,sc_1973_insc_251,dismissed,5.0,0.19393531973848557,2,3,5,8,0.375,0,400
492,sc_1993_insc_90,dismissed,4.0,0.17927064224139674,2,4,4,8,0.5,0,400
492,sc_1998_insc_223,allowed,5.0,0.1950142279607897,2,5,3,8,0.625,1,400
492,sc_2007_insc_497,allowed,5.0,0.15073787207521563,2,5,3,8,0.625,1,400
492,sc_2009_insc_1157,allowed,6.0,0.15422719922888786,2,6,2,8,0.75,1,400
492,sc_2010_insc_308,dismissed,4.0,0.19912775267457705,2,4,4,8,0.5,0,400
492,sc_2024_insc_158,allowed,3.0,0.1557236120447226,2,3,5,8,0.375,1,400
493,in_abs_train_215,allowed,4.0,0.17761874840117445,2,4,4,8,0.5,1,400
493,in_abs_train_6951,allowed,5.0,0.220358289314568,2,5,3,8,0.625,1,400
493,sc_1966_insc_17,dismissed,2.0,0.19209294293895351,2,6,2,8,0.75,0,400
493,sc_1972_insc_217,dismissed,4.0,0.20938677072817952,3,3,4,7,0.42857142857142855,0,400
493,sc_1975_insc_2,dismissed,3.0,0.17694157631424962,2,5,3,8,0.625,0,400
493,sc_1988_insc_340,allowed,6.0,0.19239788180451878,2,6,2,8,0.75,1,400
493,sc_1999_insc_366,dismissed,2.0,0.18349475519545605,2,6,2,8,0.75,0,400
493,sc_2003_insc_586,dismissed,6.0,0.18234390339998444,2,2,6,8,0.25,0,400
493,sc_2010_insc_862,allowed,7.0,0.18608212154301296,2,7,1,8,0.875,1,400
493,sc_2012_insc_88,allowed,3.0,0.181297444529307,2,3,5,8,0.375,1,400
493,sc_2019_insc_179,allowed,4.0,0.25249715435136955,2,4,4,8,0.5,1,400
493,sc_2019_insc_847,dismissed,5.0,0.20849869122148326,2,3,5,8,0.375,0,400
494,sc_1954_insc_20,dismissed,3.0,0.21231377460939474,2,5,3,8,0.625,0,400
494,sc_1963_insc_66,allowed,6.0,0.14843313429545946,2,6,2,8,0.75,1,400
494,sc_1972_insc_295,dismissed,3.0,0.12792053580799664,2,5,3,8,0.625,0,400
494,sc_1993_insc_152,allowed,4.0,0.17843066599868931,2,4,4,8,0.5,1,400
494,sc_1996_insc_112,dismissed,3.0,0.18091091125882927,2,5,3,8,0.625,0,400
494,sc_1996_insc_557,allowed,5.0,0.19458888668531035,2,5,3,8,0.625,1,400
494,sc_1996_insc_815,allowed,4.0,0.22487303917907728,2,4,4,8,0.5,1,400
494,sc_2000_insc_583,dismissed,4.0,0.187085768623454,2,4,4,8,0.5,0,400
494,sc_2001_insc_228,dismissed,6.0,0.15669662407522233,2,2,6,8,0.25,0,400
494,sc_2010_insc_600,allowed,5.0,0.19098839535589435,2,5,3,8,0.625,1,400
494,sc_2015_insc_226,allowed,5.0,0.21913116184125123,2,5,3,8,0.625,1,400
494,sc_2017_insc_21,dismissed,3.0,0.1606790348552197,2,5,3,8,0.625,0,400
495,in_abs_train_2837,dismissed,4.0,0.1956382907027783,2,4,4,8,0.5,0,400
495,in_abs_train_6858,dismissed,3.0,0.19270641449022355,2,5,3,8,0.625,0,400
495,sc_1975_insc_335,dismissed,4.0,0.20240750947552627,3,3,4,7,0.42857142857142855,0,400
495,sc_1977_insc_123,dismissed,3.0,0.16647470776895243,2,5,3,8,0.625,0,400
495,sc_1992_insc_274,allowed,3.0,0.18106830486527925,2,3,5,8,0.375,1,400
495,sc_2001_insc_532,dismissed,3.0,0.16699776040892347,2,5,3,8,0.625,0,400
495,sc_2005_insc_308,allowed,4.0,0.194870650208029,2,4,4,8,0.5,1,400
495,sc_2007_insc_858,allowed,5.0,0.18878123999336624,2,5,3,8,0.625,1,400
495,sc_2012_insc_39,allowed,5.0,0.25295038256905494,2,5,3,8,0.625,1,400
495,sc_2013_insc_732,allowed,3.0,0.1862152450965751,2,3,5,8,0.375,1,400
495,sc_2019_insc_872,allowed,3.0,0.17465404682975777,2,3,5,8,0.375,1,400
495,sc_2021_insc_66,dismissed,5.0,0.1809898749141194,2,3,5,8,0.375,0,400
496,in_abs_train_3340,allowed,2.0,0.17760787415419224,2,2,6,8,0.25,1,400
496,in_abs_train_703,dismissed,3.0,0.23872863085356186,2,5,3,8,0.625,0,400
496,in_abs_train_892,dismissed,4.0,0.18300811035005915,2,4,4,8,0.5,0,400
496,sc_1962_insc_244,dismissed,4.0,0.20523139977926658,2,4,4,8,0.5,0,400
496,sc_1962_insc_258,allowed,3.0,0.19590078952113535,3,3,4,7,0.42857142857142855,1,400
496,sc_1978_insc_131,dismissed,4.0,0.17128280419559105,2,4,4,8,0.5,0,400
496,sc_2008_insc_263,allowed,3.0,0.1597761128892551,2,3,5,8,0.375,1,400
496,sc_2009_insc_241,allowed,6.0,0.14655155238784962,2,6,2,8,0.75,1,400
496,sc_2009_insc_487,dismissed,6.0,0.1818903098612693,2,2,6,8,0.25,0,400
496,sc_2014_insc_234,allowed,4.0,0.1579854162290666,2,4,4,8,0.5,1,400
496,sc_2015_insc_45,allowed,3.0,0.1835002402441012,2,3,5,8,0.375,1,400
496,sc_2021_insc_18,dismissed,3.0,0.1906818638211406,2,5,3,8,0.625,0,400
497,in_abs_train_264,dismissed,4.0,0.18648444017818597,2,4,4,8,0.5,0,400
497,in_abs_train_821,dismissed,4.0,0.1970078018810228,2,4,4,8,0.5,0,400
497,sc_1958_insc_70,dismissed,4.0,0.16847720342849593,2,4,4,8,0.5,0,400
497,sc_1980_insc_238,dismissed,5.0,0.19329133546836874,3,2,5,7,0.2857142857142857,0,400
497,sc_1995_insc_272,allowed,4.0,0.18716306631613286,2,4,4,8,0.5,1,400
497,sc_1997_insc_610,allowed,4.0,0.21365555972198186,2,4,4,8,0.5,1,400
497,sc_2003_insc_602,dismissed,4.0,0.16648342185117265,2,4,4,8,0.5,0,400
497,sc_2006_insc_595,allowed,5.0,0.18340631069852198,2,5,3,8,0.625,1,400
497,sc_2010_insc_612,allowed,3.0,0.17740563463774525,3,3,4,7,0.42857142857142855,1,400
497,sc_2011_insc_224,allowed,5.0,0.18247948759479005,2,5,3,8,0.625,1,400
497,sc_2015_insc_524,allowed,5.0,0.18291455994040942,2,5,3,8,0.625,1,400
497,sc_2021_insc_342,dismissed,5.0,0.20712237928234276,2,3,5,8,0.375,0,400
498,in_abs_train_6171,dismissed,5.0,0.16087481846846605,3,2,5,7,0.2857142857142857,0,400
498,sc_1959_insc_52,allowed,4.0,0.19533474157893557,2,4,4,8,0.5,1,400
498,sc_1961_insc_212,dismissed,3.0,0.1752326737665015,2,5,3,8,0.625,0,400
498,sc_1966_insc_134,dismissed,2.0,0.15769609523972603,2,6,2,8,0.75,0,400
498,sc_1976_insc_327,allowed,4.0,0.20180349584137977,2,4,4,8,0.5,1,400
498,sc_1992_insc_327,dismissed,3.0,0.17145700716611045,3,4,3,7,0.5714285714285714,0,400
498,sc_1992_insc_353,dismissed,3.0,0.17636000315836,2,5,3,8,0.625,0,400
498,sc_1999_insc_140,allowed,1.0,0.12581672814988185,2,1,7,8,0.125,1,400
498,sc_2012_insc_330,allowed,6.0,0.1952913204865591,2,6,2,8,0.75,1,400
498,sc_2013_insc_786,dismissed,4.0,0.19181697396473146,2,4,4,8,0.5,0,400
498,sc_2017_insc_873,allowed,2.0,0.1588862147609774,2,2,6,8,0.25,1,400
498,sc_2023_insc_416,allowed,5.0,0.19249016317955753,2,5,3,8,0.625,1,400
499,in_abs_train_1503,dismissed,4.0,0.21942541646959934,2,4,4,8,0.5,0,400
499,in_abs_train_5054,allowed,5.0,0.18368990453148404,3,5,2,7,0.7142857142857143,1,400
499,in_abs_train_5892,allowed,4.0,0.1873849855578082,2,4,4,8,0.5,1,400
499,in_abs_train_6426,dismissed,3.0,0.17335401481239163,2,5,3,8,0.625,0,400
499,sc_1961_insc_352,dismissed,4.0,0.2158505040448508,2,4,4,8,0.5,0,400
499,sc_1963_insc_26,dismissed,2.0,0.1538347871616541,2,6,2,8,0.75,0,400
499,sc_1988_insc_36,allowed,2.0,0.16184678808212413,2,2,6,8,0.25,1,400
499,sc_1992_insc_257,dismissed,2.0,0.14944293674926906,2,6,2,8,0.75,0,400
499,sc_2006_insc_105,dismissed,3.0,0.21810505080645531,2,5,3,8,0.625,0,400
499,sc_2006_insc_468,allowed,6.0,0.17258031831242054,2,6,2,8,0.75,1,400
499,sc_2012_insc_212,allowed,4.0,0.20851209443767452,2,4,4,8,0.5,1,400
499,sc_2022_insc_1054,allowed,2.0,0.1620185174601965,2,2,6,8,0.25,1,400
500,in_abs_train_2501,allowed,4.0,0.18738691530303203,2,4,4,8,0.5,1,500
500,in_abs_train_4017,allowed,5.0,0.1943312785619184,2,5,3,8,0.625,1,500
500,sc_1959_insc_166,allowed,2.0,0.1771904147456114,2,2,6,8,0.25,1,500
500,sc_1965_insc_292,dismissed,5.0,0.19347183053738243,2,3,5,8,0.375,0,500
500,sc_1972_insc_286,dismissed,3.0,0.17292626320596172,2,5,3,8,0.625,0,500
500,sc_1977_insc_79,allowed,5.0,0.15351710732811327,2,5,3,8,0.625,1,500
500,sc_1986_insc_44,dismissed,7.0,0.14551750730851054,2,1,7,8,0.125,0,500
500,sc_1990_insc_315,dismissed,3.0,0.18290131321831485,2,5,3,8,0.625,0,500
500,sc_2007_insc_1235,dismissed,4.0,0.20727894582887227,2,4,4,8,0.5,0,500
500,sc_2011_insc_785,dismissed,2.0,0.18863430537059941,2,6,2,8,0.75,0,500
500,sc_2013_insc_216,allowed,3.0,0.17535223480184106,2,3,5,8,0.375,1,500
500,sc_2023_insc_159,allowed,5.0,0.18098397794505858,2,5,3,8,0.625,1,500
501,in_abs_train_2475,dismissed,6.0,0.20546578135379748,2,2,6,8,0.25,0,500
501,in_abs_train_2700,dismissed,4.0,0.16898675199194724,2,4,4,8,0.5,0,500
501,sc_1972_insc_114,dismissed,4.0,0.17255443504818466,2,4,4,8,0.5,0,500
501,sc_1982_insc_92,dismissed,4.0,0.16728765095865655,2,4,4,8,0.5,0,500
501,sc_1984_insc_84,dismissed,5.0,0.16351782069484017,2,3,5,8,0.375,0,500
501,sc_2004_insc_524,dismissed,4.0,0.20719114043405765,2,4,4,8,0.5,0,500
501,sc_2015_insc_359,allowed,4.0,0.20332178654519187,2,4,4,8,0.5,1,500
501,sc_2015_insc_430,allowed,4.0,0.18311387805491292,2,4,4,8,0.5,1,500
501,sc_2017_insc_1211,allowed,8.0,0.09522389365841633,1,8,0,8,1.0,1,500
501,sc_2023_insc_17,allowed,6.0,0.16096856902160922,2,6,2,8,0.75,1,500
501,sc_2023_insc_630,allowed,4.0,0.1977026333289428,2,4,4,8,0.5,1,500
501,sc_2024_insc_259,allowed,3.0,0.18413033706259732,2,3,5,8,0.375,1,500
502,in_abs_train_6808,dismissed,4.0,0.18582994509738726,3,2,4,6,0.3333333333333333,0,500
502,sc_1960_insc_2,dismissed,2.0,0.1626935872870219,2,6,2,8,0.75,0,500
502,sc_1961_insc_170,allowed,4.0,0.18845736882556274,2,4,4,8,0.5,1,500
502,sc_1979_insc_40,dismissed,3.0,0.22862086057896175,2,5,3,8,0.625,0,500
502,sc_1991_insc_346,allowed,4.0,0.18710196506726284,2,4,4,8,0.5,1,500
502,sc_1996_insc_1218,allowed,2.0,0.17847972026461756,2,2,6,8,0.25,1,500
502,sc_2003_insc_468,allowed,4.0,0.1831253693033084,2,4,4,8,0.5,1,500
502,sc_2007_insc_666,dismissed,3.0,0.18850444125801427,2,5,3,8,0.625,0,500
502,sc_2008_insc_1057,dismissed,4.0,0.18738691530303203,2,4,4,8,0.5,0,500
502,sc_2010_insc_142,dismissed,4.0,0.1453638260310041,2,4,4,8,0.5,0,500
502,sc_2018_insc_744,allowed,5.0,0.2099047722012464,2,5,3,8,0.625,1,500
502,sc_2022_insc_196,allowed,4.0,0.16171535772747753,2,4,4,8,0.5,1,500
503,in_abs_train_1755,dismissed,6.0,0.1769195370122229,2,2,6,8,0.25,0,500
503,in_abs_train_6219,allowed,6.0,0.18582106451682523,2,6,2,8,0.75,1,500
503,sc_1957_insc_114,allowed,6.0,0.1911244585035619,2,6,2,8,0.75,1,500
503,sc_1964_insc_137,dismissed,1.0,0.18651653656036618,3,6,1,7,0.8571428571428571,0,500
503,sc_1987_insc_371,allowed,5.0,0.16320238312335653,2,5,3,8,0.625,1,500
503,sc_1988_insc_99,allowed,4.0,0.15379609419486442,2,4,4,8,0.5,1,500
503,sc_1996_insc_401,dismissed,2.0,0.16298736471919759,2,6,2,8,0.75,0,500
503,sc_2006_insc_46,allowed,2.0,0.17721415300924956,3,2,5,7,0.2857142857142857,1,500
503,sc_2008_insc_1359,allowed,5.0,0.19459024887017626,2,5,3,8,0.625,1,500
503,sc_2012_insc_253,dismissed,3.0,0.21151320137661686,2,5,3,8,0.625,0,500
503,sc_2018_insc_900,dismissed,3.0,0.1680137946838938,2,5,3,8,0.625,0,500
503,sc_2023_insc_865,dismissed,6.0,0.13673342358537058,2,2,6,8,0.25,0,500
504,sc_1960_insc_258,dismissed,5.0,0.19727154959124316,2,3,5,8,0.375,0,500
504,sc_1964_insc_101,allowed,5.0,0.18510310187218387,2,5,3,8,0.625,1,500
504,sc_1967_insc_255,allowed,2.0,0.1869255008181548,2,2,6,8,0.25,1,500
504,sc_1985_insc_231,allowed,3.0,0.2058112703886823,2,3,5,8,0.375,1,500
504,sc_1989_insc_314,dismissed,4.0,0.1945386093583431,2,4,4,8,0.5,0,500
504,sc_1994_insc_404,dismissed,6.0,0.20443111032582004,2,2,6,8,0.25,0,500
504,sc_1997_insc_46,dismissed,5.0,0.16975508168471568,2,3,5,8,0.375,0,500
504,sc_1999_insc_104,allowed,4.0,0.1664330350733328,2,4,4,8,0.5,1,500
504,sc_2008_insc_669,dismissed,3.0,0.18627674218103385,2,5,3,8,0.625,0,500
504,sc_2020_insc_173,allowed,5.0,0.18542652275455274,2,5,3,8,0.625,1,500
504,sc_2022_insc_1173,allowed,5.0,0.1807898585434239,2,5,3,8,0.625,1,500
504,sc_2023_insc_330,dismissed,4.0,0.20636815101350603,2,4,4,8,0.5,0,500
505,in_abs_train_1199,dismissed,1.0,0.12371559767120255,2,7,1,8,0.875,0,500
505,sc_1967_insc_170,dismissed,4.0,0.20448069018968862,2,4,4,8,0.5,0,500
505,sc_1981_insc_7,dismissed,4.0,0.21039874051650814,2,4,4,8,0.5,0,500
505,sc_1996_insc_933,dismissed,3.0,0.18629263512769034,2,5,3,8,0.625,0,500
505,sc_2004_insc_81,allowed,4.0,0.19257026521156062,2,4,4,8,0.5,1,500
505,sc_2007_insc_126,dismissed,4.0,0.19866831116204042,2,4,4,8,0.5,0,500
505,sc_2008_insc_652,allowed,4.0,0.20276772150401198,2,4,4,8,0.5,1,500
505,sc_2011_insc_788,allowed,4.0,0.17899085990329797,2,4,4,8,0.5,1,500
505,sc_2013_insc_51,allowed,6.0,0.14742655850887193,2,6,2,8,0.75,1,500
505,sc_2013_insc_80,allowed,4.0,0.17632942222479,2,4,4,8,0.5,1,500
505,sc_2015_insc_250,dismissed,5.0,0.18098987491411936,2,3,5,8,0.375,0,500
505,sc_2020_insc_551,allowed,4.0,0.17303390460501417,2,4,4,8,0.5,1,500
506,in_abs_train_4113,dismissed,6.0,0.14101459172498806,2,2,6,8,0.25,0,500
506,in_abs_train_4486,allowed,5.0,0.18751108820874277,2,5,3,8,0.625,1,500
506,sc_1964_insc_93,dismissed,2.0,0.1757157786425157,2,6,2,8,0.75,0,500
506,sc_1972_insc_265,allowed,6.0,0.14813328755915486,2,6,2,8,0.75,1,500
506,sc_1975_insc_265,dismissed,4.0,0.191112569305883,2,4,4,8,0.5,0,500
506,sc_1985_insc_206,dismissed,6.0,0.1737635878158442,2,2,6,8,0.25,0,500
506,sc_1995_insc_778,allowed,2.0,0.2320574778235952,2,2,6,8,0.25,1,500
506,sc_1996_insc_1105,allowed,3.0,0.22248428502623957,2,3,5,8,0.375,1,500
506,sc_2003_insc_344,dismissed,3.0,0.18234415241133234,3,4,3,7,0.5714285714285714,0,500
506,sc_2003_insc_582,allowed,3.0,0.17959171789394604,2,3,5,8,0.375,1,500
506,sc_2007_insc_672,allowed,6.0,0.18676353465761034,2,6,2,8,0.75,1,500
506,sc_2009_insc_1259,dismissed,3.0,0.17524050999681076,2,5,3,8,0.625,0,500
507,in_abs_train_2071,dismissed,6.0,0.1914979613197512,2,2,6,8,0.25,0,500
507,in_abs_train_3361,allowed,2.0,0.16731805933537766,2,2,6,8,0.25,1,500
507,in_abs_train_4310,allowed,5.0,0.15558338899210555,2,5,3,8,0.625,1,500
507,in_abs_train_4628,allowed,4.0,0.18972627320843416,2,4,4,8,0.5,1,500
507,in_abs_train_6484,dismissed,3.0,0.18234439053545212,2,5,3,8,0.625,0,500
507,sc_1970_insc_30,dismissed,4.0,0.16704643402175012,2,4,4,8,0.5,0,500
507,sc_1993_insc_381,allowed,7.0,0.11142027498876238,2,7,1,8,0.875,1,500
507,sc_1997_insc_394,allowed,5.0,0.1959954695454496,2,5,3,8,0.625,1,500
507,sc_2001_insc_364,dismissed,6.0,0.16971554128999838,2,2,6,8,0.25,0,500
507,sc_2007_insc_1249,allowed,5.0,0.18286419644782423,2,5,3,8,0.625,1,500
507,sc_2008_insc_1084,dismissed,5.0,0.2540073981025283,2,3,5,8,0.375,0,500
507,sc_2019_insc_1268,dismissed,5.0,0.19218481827825426,2,3,5,8,0.375,0,500
508,in_abs_train_1867,dismissed,6.0,0.19435060136258903,2,2,6,8,0.25,0,500
508,in_abs_train_2811,dismissed,5.0,0.17901968916055813,2,3,5,8,0.375,0,500
508,in_abs_train_5709,allowed,4.0,0.1915058321827872,2,4,4,8,0.5,1,500
508,sc_1969_insc_65,dismissed,4.0,0.18972320654434843,2,4,4,8,0.5,0,500
508,sc_1969_insc_91,dismissed,5.0,0.18068780469760515,2,3,5,8,0.375,0,500
508,sc_1971_insc_187,allowed,4.0,0.18197880637678263,2,4,4,8,0.5,1,500
508,sc_1989_insc_165,dismissed,4.0,0.1618587408241887,2,4,4,8,0.5,0,500
508,sc_1995_insc_235,allowed,2.0,0.18674183621475166,2,2,6,8,0.25,1,500
508,sc_2006_insc_541,allowed,5.0,0.2001383450087892,2,5,3,8,0.625,1,500
508,sc_2008_insc_685,allowed,5.0,0.22493700441212292,2,5,3,8,0.625,1,500
508,sc_2017_insc_4,allowed,4.0,0.1852802293631383,2,4,4,8,0.5,1,500
508,sc_2020_insc_279,dismissed,6.0,0.18146066372334982,2,2,6,8,0.25,0,500
509,in_abs_train_7076,allowed,5.0,0.18211780683832662,2,5,3,8,0.625,1,500
509,sc_1955_insc_34,allowed,6.0,0.17422281185207308,2,6,2,8,0.75,1,500
509,sc_1984_insc_148,dismissed,3.0,0.18447308521479475,2,5,3,8,0.625,0,500
509,sc_1988_insc_308,dismissed,3.0,0.17432777412741288,2,5,3,8,0.625,0,500
509,sc_1992_insc_210,dismissed,3.0,0.19587361596098538,2,5,3,8,0.625,0,500
509,sc_2001_insc_323,dismissed,4.0,0.19641911198933998,3,3,4,7,0.42857142857142855,0,500
509,sc_2006_insc_113,dismissed,1.0,0.13741352574812912,2,7,1,8,0.875,0,500
509,sc_2007_insc_935,allowed,2.0,0.19165831526323457,2,2,6,8,0.25,1,500
509,sc_2009_insc_555,allowed,4.0,0.16921689399489515,2,4,4,8,0.5,1,500
509,sc_2010_insc_679,allowed,2.0,0.17104901647209575,2,2,6,8,0.25,1,500
509,sc_2019_insc_1141,allowed,6.0,0.19221846528921283,2,6,2,8,0.75,1,500
509,sc_2020_insc_324,dismissed,4.0,0.17673430168718562,2,4,4,8,0.5,0,500
510,in_abs_train_2822,allowed,5.0,0.19524028198495094,2,5,3,8,0.625,1,500
510,in_abs_train_403,dismissed,2.0,0.2116995169356303,2,6,2,8,0.75,0,500
510,in_abs_train_6479,allowed,2.0,0.1783947181736472,2,2,6,8,0.25,1,500
510,in_abs_train_6940,dismissed,0.0,0.0011644856313902188,1,8,0,8,1.0,0,500
510,sc_1994_insc_49,allowed,2.0,0.1621961960922195,2,2,6,8,0.25,1,500
510,sc_1995_insc_16,allowed,5.0,0.16607392663251766,2,5,3,8,0.625,1,500
510,sc_2008_insc_579,dismissed,6.0,0.14709683753740316,2,2,6,8,0.25,0,500
510,sc_2008_insc_707,dismissed,5.0,0.19635265599936436,2,3,5,8,0.375,0,500
510,sc_2011_insc_625,dismissed,4.0,0.19103837205706678,2,4,4,8,0.5,0,500
510,sc_2016_insc_46,allowed,4.0,0.1888778055107079,2,4,4,8,0.5,1,500
510,sc_2017_insc_807,dismissed,3.0,0.18979033903968717,2,5,3,8,0.625,0,500
510,sc_2019_insc_28,allowed,4.0,0.17815414145795894,2,4,4,8,0.5,1,500
511,in_abs_train_3791,dismissed,4.0,0.19470035356560458,2,4,4,8,0.5,0,500
511,in_abs_train_6434,allowed,3.0,0.20815841913157665,2,3,5,8,0.375,1,500
511,sc_1969_insc_162,dismissed,3.0,0.19598928314360164,2,5,3,8,0.625,0,500
511,sc_1973_insc_66,dismissed,2.0,0.14009640005482088,2,6,2,8,0.75,0,500
511,sc_1992_insc_254,dismissed,3.0,0.2145068685221367,2,5,3,8,0.625,0,500
511,sc_1996_insc_1051,allowed,3.0,0.1718230993066914,2,3,5,8,0.375,1,500
511,sc_2005_insc_589,dismissed,2.0,0.2169963332384819,2,6,2,8,0.75,0,500
511,sc_2008_insc_129,allowed,4.0,0.19736471637104128,2,4,4,8,0.5,1,500
511,sc_2009_insc_508,allowed,3.0,0.19803044407688147,2,3,5,8,0.375,1,500
511,sc_2014_insc_481,dismissed,3.0,0.15239472971803628,2,5,3,8,0.625,0,500
511,sc_2017_insc_605,allowed,2.0,0.16773674278014555,2,2,6,8,0.25,1,500
511,sc_2022_insc_9,allowed,5.0,0.16392796472700916,2,5,3,8,0.625,1,500
512,sc_1987_insc_221,dismissed,3.0,0.18477548816546452,2,5,3,8,0.625,0,500
512,sc_1990_insc_174,dismissed,5.0,0.16625847894298956,2,3,5,8,0.375,0,500
512,sc_1993_insc_27,allowed,0.0,0.0887424663321569,1,0,8,8,0.0,1,500
512,sc_1996_insc_151,allowed,3.0,0.17045733968229082,2,3,5,8,0.375,1,500
512,sc_2000_insc_271,allowed,3.0,0.1770041049816144,2,3,5,8,0.375,1,500
512,sc_2003_insc_263,dismissed,5.0,0.1922218694971315,2,3,5,8,0.375,0,500
512,sc_2007_insc_972,allowed,5.0,0.1945508720846226,2,5,3,8,0.625,1,500
512,sc_2009_insc_204,dismissed,4.0,0.2029169078533022,2,4,4,8,0.5,0,500
512,sc_2012_insc_568,dismissed,2.0,0.16792258921442543,2,6,2,8,0.75,0,500
512,sc_2013_insc_342,dismissed,2.0,0.19202285288577817,2,6,2,8,0.75,0,500
512,sc_2021_insc_864,allowed,6.0,0.161680678317081,2,6,2,8,0.75,1,500
512,sc_2022_insc_561,allowed,5.0,0.16863750218399565,3,5,2,7,0.7142857142857143,1,500
513,in_abs_train_333,allowed,7.0,0.12397513791655394,2,7,1,8,0.875,1,500
513,in_abs_train_4813,allowed,5.0,0.22219624130032795,2,5,3,8,0.625,1,500
513,sc_1971_insc_273,dismissed,6.0,0.15477587282283653,2,2,6,8,0.25,0,500
513,sc_1987_insc_270,dismissed,3.0,0.1774772128435569,2,5,3,8,0.625,0,500
513,sc_1992_insc_200,dismissed,4.0,0.20230571576812345,2,4,4,8,0.5,0,500
513,sc_1995_insc_814,dismissed,5.0,0.16846262567703257,2,3,5,8,0.375,0,500
513,sc_1996_insc_1069,allowed,4.0,0.22013684675600573,2,4,4,8,0.5,1,500
513,sc_1996_insc_846,dismissed,5.0,0.14011796334087093,2,3,5,8,0.375,0,500
513,sc_1998_insc_200,allowed,6.0,0.1306603058364299,2,6,2,8,0.75,1,500
513,sc_2009_insc_394,allowed,4.0,0.18708286933869706,2,4,4,8,0.5,1,500
513,sc_2013_insc_197,allowed,5.0,0.17234392351960354,2,5,3,8,0.625,1,500
513,sc_2017_insc_35,dismissed,5.0,0.19295960613095756,3,2,5,7,0.2857142857142857,0,500
514,in_abs_train_1753,dismissed,2.0,0.20408660361246614,3,5,2,7,0.7142857142857143,0,500
514,in_abs_train_2081,allowed,4.0,0.20312701647350745,2,4,4,8,0.5,1,500
514,in_abs_train_6457,allowed,5.0,0.18098987491411936,2,5,3,8,0.625,1,500
514,sc_1984_insc_157,dismissed,3.0,0.1749353003446391,2,5,3,8,0.625,0,500
514,sc_1987_insc_333,allowed,5.0,0.17201766872263347,2,5,3,8,0.625,1,500
514,sc_1992_insc_287,allowed,3.0,0.23481458723210558,2,3,5,8,0.375,1,500
514,sc_1993_insc_209,allowed,4.0,0.22412212078820906,2,4,4,8,0.5,1,500
514,sc_2007_insc_1145,dismissed,5.0,0.2055162275969082,2,3,5,8,0.375,0,500
514,sc_2007_insc_417,allowed,5.0,0.21622136818437673,2,5,3,8,0.625,1,500
514,sc_2007_insc_551,dismissed,3.0,0.1806788167479203,2,5,3,8,0.625,0,500
514,sc_2008_insc_866,dismissed,3.0,0.19174450468820484,2,5,3,8,0.625,0,500
514,sc_2020_insc_596,dismissed,1.0,0.14792187681872612,2,7,1,8,0.875,0,500
515,in_abs_train_1314,allowed,2.0,0.17411301229343537,2,2,6,8,0.25,1,500
515,in_abs_train_2007,dismissed,4.0,0.1948378619943819,2,4,4,8,0.5,0,500
515,sc_1965_insc_148,dismissed,6.0,0.17398649042060246,2,2,6,8,0.25,0,500
515,sc_1976_insc_186,dismissed,4.0,0.2075447175919915,2,4,4,8,0.5,0,500
515,sc_1988_insc_81,allowed,7.0,0.11310874278391042,2,7,1,8,0.875,1,500
515,sc_1994_insc_321,allowed,4.0,0.2503476063470162,2,4,4,8,0.5,1,500
515,sc_2000_insc_321,allowed,4.0,0.22586522661237474,2,4,4,8,0.5,1,500
515,sc_2001_insc_26,allowed,3.0,0.1818886991649799,2,3,5,8,0.375,1,500
515,sc_2004_insc_278,dismissed,3.0,0.20277364392258387,2,5,3,8,0.625,0,500
515,sc_2005_insc_532,dismissed,2.0,0.17917258463976996,2,6,2,8,0.75,0,500
515,sc_2010_insc_876,allowed,4.0,0.19855705724026038,3,4,3,7,0.5714285714285714,1,500
515,sc_2011_insc_199,dismissed,2.0,0.18104359848386373,2,6,2,8,0.75,0,500
516,sc_1957_insc_16,dismissed,5.0,0.18304771784032473,2,3,5,8,0.375,0,500
516,sc_1959_insc_50,dismissed,5.0,0.17202452758712658,2,3,5,8,0.375,0,500
516,sc_1995_insc_459,allowed,3.0,0.15538241994695354,2,3,5,8,0.375,1,500
516,sc_1997_insc_434,allowed,6.0,0.1816701558069258,2,6,2,8,0.75,1,500
516,sc_2001_insc_87,dismissed,2.0,0.14239880100192456,2,6,2,8,0.75,0,500
516,sc_2005_insc_280,allowed,6.0,0.17037712568111113,2,6,2,8,0.75,1,500
516,sc_2006_insc_749,allowed,4.0,0.22208110648396645,2,4,4,8,0.5,1,500
516,sc_2007_insc_802,dismissed,4.0,0.24494581089052625,2,4,4,8,0.5,0,500
516,sc_2011_insc_336,allowed,5.0,0.19080700732438455,2,5,3,8,0.625,1,500
516,sc_2013_insc_101,dismissed,4.0,0.17329066982962468,2,4,4,8,0.5,0,500
516,sc_2021_insc_425,allowed,7.0,0.12431899542304715,2,7,1,8,0.875,1,500
516,sc_2022_insc_663,dismissed,3.0,0.1954562236391427,2,5,3,8,0.625,0,500
517,in_abs_train_2866,dismissed,4.0,0.1973457504941397,2,4,4,8,0.5,0,500
517,in_abs_train_5491,dismissed,2.0,0.11482434733015431,2,6,2,8,0.75,0,500
517,in_abs_train_688,dismissed,6.0,0.12605376700315518,2,2,6,8,0.25,0,500
517,sc_1966_insc_173,allowed,0.0,0.08144725613466017,1,0,8,8,0.0,1,500
517,sc_1982_insc_11,dismissed,3.0,0.19897528536606732,2,5,3,8,0.625,0,500
517,sc_1996_insc_552,allowed,4.0,0.19605190757775356,2,4,4,8,0.5,1,500
517,sc_1997_insc_648,dismissed,3.0,0.19135909753440955,2,5,3,8,0.625,0,500
517,sc_2002_insc_328,allowed,4.0,0.20455825841509698,2,4,4,8,0.5,1,500
517,sc_2003_insc_723,allowed,3.0,0.17339477691833463,2,3,5,8,0.375,1,500
517,sc_2004_insc_556,dismissed,3.0,0.17204385423492596,2,5,3,8,0.625,0,500
517,sc_2010_insc_78,allowed,6.0,0.15597853561124547,2,6,2,8,0.75,1,500
517,sc_2019_insc_143,allowed,4.0,0.1946303359579198,2,4,4,8,0.5,1,500
518,in_abs_train_4695,dismissed,4.0,0.21423394963361855,2,4,4,8,0.5,0,500
518,sc_1972_insc_73,dismissed,3.0,0.19052946291243694,2,5,3,8,0.625,0,500
518,sc_2002_insc_506,dismissed,4.0,0.23027941789616546,3,3,4,7,0.42857142857142855,0,500
518,sc_2002_insc_510,dismissed,3.0,0.18025628663035972,2,5,3,8,0.625,0,500
518,sc_2009_insc_205,allowed,2.0,0.1586246005160892,2,2,6,8,0.25,1,500
518,sc_2010_insc_234,allowed,5.0,0.2031564948110903,2,5,3,8,0.625,1,500
518,sc_2010_insc_385,dismissed,2.0,0.14855617248680233,2,6,2,8,0.75,0,500
518,sc_2011_insc_248,dismissed,4.0,0.18357856799520508,2,4,4,8,0.5,0,500
518,sc_2013_insc_20,allowed,3.0,0.16882234927603443,2,3,5,8,0.375,1,500
518,sc_2017_insc_1244,allowed,4.0,0.1861481474860816,2,4,4,8,0.5,1,500
518,sc_2019_insc_1034,allowed,4.0,0.17570115341394466,2,4,4,8,0.5,1,500
518,sc_2020_insc_608,allowed,5.0,0.18649442851712378,2,5,3,8,0.625,1,500
519,in_abs_train_3977,dismissed,6.0,0.10850781128581508,3,1,6,7,0.14285714285714285,0,500
519,in_abs_train_6993,allowed,4.0,0.2039872046584604,2,4,4,8,0.5,1,500
519,sc_1960_insc_97,dismissed,6.0,0.1773138590339258,2,2,6,8,0.25,0,500
519,sc_1971_insc_176,allowed,3.0,0.1859457696240262,2,3,5,8,0.375,1,500
519,sc_1981_insc_5,allowed,6.0,0.1851084845127097,2,6,2,8,0.75,1,500
519,sc_1996_insc_748,dismissed,3.0,0.1750130620766733,2,5,3,8,0.625,0,500
519,sc_1996_insc_950,allowed,7.0,0.13109095380552716,2,7,1,8,0.875,1,500
519,sc_1999_insc_38,dismissed,3.0,0.17649251757517045,2,5,3,8,0.625,0,500
519,sc_2009_insc_48,dismissed,5.0,0.176496430432338,2,3,5,8,0.375,0,500
519,sc_2016_insc_62,allowed,5.0,0.19842724583988638,2,5,3,8,0.625,1,500
519,sc_2019_insc_398,dismissed,5.0,0.19465218236180726,2,3,5,8,0.375,0,500
519,sc_2019_insc_45,allowed,3.0,0.19608619313681644,2,3,5,8,0.375,1,500
520,sc_1959_insc_8,dismissed,6.0,0.16520781801395268,2,2,6,8,0.25,0,500
520,sc_1962_insc_34,dismissed,6.0,0.15990790348659834,2,2,6,8,0.25,0,500
520,sc_1985_insc_161,allowed,1.0,0.14109763147639898,3,1,6,7,0.14285714285714285,1,500
520,sc_1986_insc_32,allowed,7.0,0.14164507296137807,2,7,1,8,0.875,1,500
520,sc_1988_insc_39,dismissed,3.0,0.23536187071704331,2,5,3,8,0.625,0,500
520,sc_1998_insc_393,dismissed,6.0,0.18618074606602403,2,2,6,8,0.25,0,500
520,sc_2003_insc_77,allowed,3.0,0.21677186039414426,2,3,5,8,0.375,1,500
520,sc_2006_insc_957,dismissed,6.0,0.16487083977218991,2,2,6,8,0.25,0,500
520,sc_2008_insc_292,allowed,3.0,0.20240967490732534,2,3,5,8,0.375,1,500
520,sc_2009_insc_59,dismissed,3.0,0.21665804871265504,2,5,3,8,0.625,0,500
520,sc_2011_insc_285,allowed,3.0,0.18283730359045158,2,3,5,8,0.375,1,500
520,sc_2021_insc_846,allowed,4.0,0.16140625043216705,2,4,4,8,0.5,1,500
521,in_abs_train_4319,allowed,6.0,0.16656580167170063,2,6,2,8,0.75,1,500
521,sc_1964_insc_129,dismissed,7.0,0.18667978365144322,2,1,7,8,0.125,0,500
521,sc_1971_insc_9,dismissed,4.0,0.18708673504172182,2,4,4,8,0.5,0,500
521,sc_1972_insc_194,dismissed,2.0,0.16512776818016348,2,6,2,8,0.75,0,500
521,sc_1976_insc_270,allowed,6.0,0.16799219808375732,2,6,2,8,0.75,1,500
521,sc_1977_insc_141,allowed,2.0,0.17135584804268222,2,2,6,8,0.25,1,500
521,sc_1981_insc_94,allowed,7.0,0.174972551347914,2,7,1,8,0.875,1,500
521,sc_2006_insc_589,dismissed,3.0,0.20924056481307263,2,5,3,8,0.625,0,500
521,sc_2009_insc_566,allowed,5.0,0.18060171933507643,2,5,3,8,0.625,1,500
521,sc_2012_insc_438,dismissed,4.0,0.19773847060910424,2,4,4,8,0.5,0,500
521,sc_2018_insc_102,dismissed,4.0,0.16494998903888589,2,4,4,8,0.5,0,500
521,sc_2021_insc_225,allowed,6.0,0.16844762739380797,2,6,2,8,0.75,1,500
522,in_abs_train_3656,dismissed,5.0,0.16488890921608657,2,3,5,8,0.375,0,500
522,in_abs_train_4730,dismissed,5.0,0.17452843389895614,2,3,5,8,0.375,0,500
522,sc_1956_insc_44,dismissed,4.0,0.2283825242616571,2,4,4,8,0.5,0,500
522,sc_1961_insc_22,dismissed,1.0,0.1445264348726008,2,7,1,8,0.875,0,500
522,sc_1971_insc_202,allowed,5.0,0.19768316148446033,2,5,3,8,0.625,1,500
522,sc_1990_insc_386,allowed,1.0,0.12431605297299987,2,1,7,8,0.125,1,500
522,sc_1991_insc_7,allowed,4.0,0.1710086820462472,2,4,4,8,0.5,1,500
522,sc_1993_insc_101,dismissed,3.0,0.16354903607903332,2,5,3,8,0.625,0,500
522,sc_1999_insc_468,allowed,3.0,0.16831523358609835,2,3,5,8,0.375,1,500
522,sc_2006_insc_833,dismissed,3.0,0.18154847607272825,2,5,3,8,0.625,0,500
522,sc_2007_insc_1203,allowed,2.0,0.16167431713611338,2,2,6,8,0.25,1,500
522,sc_2022_insc_850,allowed,7.0,0.1031759718426182,2,7,1,8,0.875,1,500
523,sc_1975_insc_1,allowed,6.0,0.22193666305977225,2,6,2,8,0.75,1,500
523,sc_1976_insc_166,dismissed,2.0,0.18710916110560394,2,6,2,8,0.75,0,500
523,sc_1976_insc_69,dismissed,2.0,0.14594386607445217,2,6,2,8,0.75,0,500
523,sc_1985_insc_241,dismissed,4.0,0.19919829396222324,2,4,4,8,0.5,0,500
523,sc_2006_insc_813,allowed,3.0,0.2091138314278469,2,3,5,8,0.375,1,500
523,sc_2008_insc_717,allowed,4.0,0.22627310211572083,2,4,4,8,0.5,1,500
523,sc_2010_insc_61,dismissed,5.0,0.16908582655288237,2,3,5,8,0.375,0,500
523,sc_2011_insc_543,dismissed,5.0,0.2298178918031778,2,3,5,8,0.375,0,500
523,sc_2015_insc_880,allowed,4.0,0.18868321607070862,2,4,4,8,0.5,1,500
523,sc_2017_insc_1046,dismissed,6.0,0.16069866054304474,2,2,6,8,0.25,0,500
523,sc_2017_insc_1292,allowed,6.0,0.17320822585180004,3,6,1,7,0.8571428571428571,1,500
523,sc_2021_insc_521,allowed,3.0,0.20454382475989147,2,3,5,8,0.375,1,500
524,in_abs_train_2715,dismissed,4.0,0.20172671743422016,2,4,4,8,0.5,0,500
524,sc_1962_insc_42,dismissed,4.0,0.19212110013132289,2,4,4,8,0.5,0,500
524,sc_1985_insc_216,dismissed,5.0,0.17471150719731893,2,3,5,8,0.375,0,500
524,sc_1988_insc_46,allowed,6.0,0.1805695818346173,2,6,2,8,0.75,1,500
524,sc_1997_insc_652,dismissed,4.0,0.25695122602820547,2,4,4,8,0.5,0,500
524,sc_2000_insc_285,allowed,4.0,0.17886458781849068,2,4,4,8,0.5,1,500
524,sc_2003_insc_142,allowed,5.0,0.18228960475024347,3,5,2,7,0.7142857142857143,1,500
524,sc_2005_insc_284,dismissed,1.0,0.11483413461258905,2,7,1,8,0.875,0,500
524,sc_2011_insc_568,dismissed,6.0,0.14522024659981655,2,2,6,8,0.25,0,500
524,sc_2015_insc_614,allowed,3.0,0.24262164140985507,2,3,5,8,0.375,1,500
524,sc_2019_insc_308,allowed,2.0,0.16202298117418845,2,2,6,8,0.25,1,500
524,sc_2023_insc_533,allowed,3.0,0.19479708945533003,2,3,5,8,0.375,1,500
525,sc_1957_insc_74,dismissed,6.0,0.12903806650522895,2,2,6,8,0.25,0,500
525,sc_1965_insc_164,allowed,5.0,0.21989594617195002,2,5,3,8,0.625,1,500
525,sc_1983_insc_66,dismissed,4.0,0.1773470385944301,2,4,4,8,0.5,0,500
525,sc_1984_insc_67,dismissed,1.0,0.15828806260863462,2,7,1,8,0.875,0,500
525,sc_1991_insc_141,allowed,5.0,0.18908793744375837,2,5,3,8,0.625,1,500
525,sc_1995_insc_168,allowed,4.0,0.1797424124168488,2,4,4,8,0.5,1,500
525,sc_1995_insc_849,dismissed,3.0,0.1576137175245509,2,5,3,8,0.625,0,500
525,sc_1999_insc_338,allowed,4.0,0.20404918445933223,2,4,4,8,0.5,1,500
525,sc_2009_insc_1237,allowed,5.0,0.13464607852463797,2,5,3,8,0.625,1,500
525,sc_2009_insc_52,dismissed,3.0,0.20476948875939918,2,5,3,8,0.625,0,500
525,sc_2012_insc_374,dismissed,5.0,0.16819717614956137,2,3,5,8,0.375,0,500
525,sc_2016_insc_1063,allowed,2.0,0.18056488742673243,2,2,6,8,0.25,1,500
526,in_abs_train_1365,dismissed,5.0,0.1767821220700474,2,3,5,8,0.375,0,500
526,in_abs_train_1490,allowed,4.0,0.186484440178186,2,4,4,8,0.5,1,500
526,in_abs_train_6367,allowed,6.0,0.22595891695431328,2,6,2,8,0.75,1,500
526,sc_1965_insc_171,dismissed,6.0,0.17595202377188357,2,2,6,8,0.25,0,500
526,sc_1976_insc_229,dismissed,6.0,0.18158727177998976,2,2,6,8,0.25,0,500
526,sc_2004_insc_200,allowed,3.0,0.19253410817956385,2,3,5,8,0.375,1,500
526,sc_2007_insc_324,allowed,2.0,0.15444984248695764,2,2,6,8,0.25,1,500
526,sc_2007_insc_370,allowed,4.0,0.20989478279147106,2,4,4,8,0.5,1,500
526,sc_2008_insc_161,dismissed,5.0,0.19916799284088482,2,3,5,8,0.375,0,500
526,sc_2009_insc_398,dismissed,5.0,0.20969995305793465,2,3,5,8,0.375,0,500
526,sc_2023_insc_590,dismissed,1.0,0.12875080864104557,2,7,1,8,0.875,0,500
526,sc_2023_insc_835,allowed,6.0,0.16623407690971467,2,6,2,8,0.75,1,500
527,in_abs_train_810,dismissed,5.0,0.15779720007586334,2,3,5,8,0.375,0,500
527,sc_1959_insc_5,dismissed,7.0,0.18333332487824655,2,1,7,8,0.125,0,500
527,sc_1978_insc_76,dismissed,4.0,0.2035603082802314,2,4,4,8,0.5,0,500
527,sc_1993_insc_23,allowed,6.0,0.16307535087639477,2,6,2,8,0.75,1,500
527,sc_1995_insc_710,dismissed,6.0,0.2111020588271735,2,2,6,8,0.25,0,500
527,sc_2003_insc_440,allowed,4.0,0.22278280582537904,3,4,3,7,0.5714285714285714,1,500
527,sc_2008_insc_1193,dismissed,4.0,0.18589377336492058,2,4,4,8,0.5,0,500
527,sc_2008_insc_1421,allowed,6.0,0.14699431673535657,2,6,2,8,0.75,1,500
527,sc_2014_insc_477,allowed,2.0,0.1640968563144568,2,2,6,8,0.25,1,500
527,sc_2017_insc_1090,dismissed,0.0,0.054227172364808916,1,8,0,8,1.0,0,500
527,sc_2017_insc_276,allowed,2.0,0.13592510000915944,2,2,6,8,0.25,1,500
527,sc_2018_insc_437,allowed,5.0,0.17425131393525636,2,5,3,8,0.625,1,500
528,in_abs_train_4524,dismissed,2.0,0.17880596316015096,2,6,2,8,0.75,0,500
528,sc_1985_insc_67,dismissed,4.0,0.1817372799811557,2,4,4,8,0.5,0,500
528,sc_1992_insc_212,dismissed,4.0,0.1725157658345913,2,4,4,8,0.5,0,500
528,sc_1996_insc_460,dismissed,5.0,0.21075039188236738,2,3,5,8,0.375,0,500
528,sc_1996_insc_650,allowed,5.0,0.1759390752051005,2,5,3,8,0.625,1,500
528,sc_1998_insc_71,allowed,6.0,0.1650676049015758,2,6,2,8,0.75,1,500
528,sc_2008_insc_1016,dismissed,4.0,0.20513037966342734,2,4,4,8,0.5,0,500
528,sc_2008_insc_91,allowed,3.0,0.1730256720169914,2,3,5,8,0.375,1,500
528,sc_2014_insc_851,dismissed,5.0,0.21762762907040833,2,3,5,8,0.375,0,500
528,sc_2022_insc_492,allowed,5.0,0.19039639588003368,2,5,3,8,0.625,1,500
528,sc_2022_insc_741,allowed,4.0,0.19943494956286587,2,4,4,8,0.5,1,500
528,sc_2023_insc_569,allowed,3.0,0.18083541254016433,2,3,5,8,0.375,1,500
529,in_abs_train_1339,dismissed,4.0,0.1430147813289641,2,4,4,8,0.5,0,500
529,in_abs_train_1435,dismissed,2.0,0.1663185683578578,2,6,2,8,0.75,0,500
529,sc_1976_insc_340,allowed,2.0,0.17938650272835774,2,2,6,8,0.25,1,500
529,sc_1985_insc_164,dismissed,4.0,0.20339709888862598,2,4,4,8,0.5,0,500
529,sc_1997_insc_322,dismissed,4.0,0.20229004584339913,2,4,4,8,0.5,0,500
529,sc_2002_insc_185,dismissed,2.0,0.19478395550138225,2,6,2,8,0.75,0,500
529,sc_2007_insc_1318,allowed,5.0,0.16160058441703903,2,5,3,8,0.625,1,500
529,sc_2008_insc_242,allowed,4.0,0.1970833499648345,2,4,4,8,0.5,1,500
529,sc_2014_insc_326,dismissed,2.0,0.15026396582215965,2,6,2,8,0.75,0,500
529,sc_2015_insc_605,allowed,5.0,0.16602004813855634,2,5,3,8,0.625,1,500
529,sc_2019_insc_1241,allowed,2.0,0.1770613957404895,3,2,5,7,0.2857142857142857,1,500
529,sc_2019_insc_590,allowed,5.0,0.1833252729510552,2,5,3,8,0.625,1,500
530,in_abs_train_1612,allowed,2.0,0.15922891102482234,2,2,6,8,0.25,1,500
530,in_abs_train_4542,allowed,6.0,0.15904014191728896,2,6,2,8,0.75,1,500
530,sc_1959_insc_94,dismissed,3.0,0.19141689485929103,2,5,3,8,0.625,0,500
530,sc_1980_insc_130,dismissed,4.0,0.1867855883808644,2,4,4,8,0.5,0,500
530,sc_1990_insc_60,allowed,4.0,0.1449236326532456,2,4,4,8,0.5,1,500
530,sc_1999_insc_537,dismissed,1.0,0.12261615807968468,2,7,1,8,0.875,0,500
530,sc_2011_insc_42,dismissed,4.0,0.19511922054763026,2,4,4,8,0.5,0,500
530,sc_2014_insc_274,dismissed,5.0,0.17920692078283865,2,3,5,8,0.375,0,500
530,sc_2015_insc_583,allowed,3.0,0.20238374374333756,2,3,5,8,0.375,1,500
530,sc_2016_insc_340,allowed,5.0,0.16784996164505642,2,5,3,8,0.625,1,500
530,sc_2022_insc_360,dismissed,5.0,0.18098987491411933,2,3,5,8,0.375,0,500
530,sc_2023_insc_264,allowed,6.0,0.15645417815569262,2,6,2,8,0.75,1,500
531,in_abs_train_2412,dismissed,5.0,0.15705689168936152,2,3,5,8,0.375,0,500
531,in_abs_train_2418,allowed,6.0,0.16672694743202132,2,6,2,8,0.75,1,500
531,in_abs_train_4921,dismissed,6.0,0.16123961760595404,2,2,6,8,0.25,0,500
531,sc_1996_insc_1220,dismissed,6.0,0.14354299647399968,2,2,6,8,0.25,0,500
531,sc_2005_insc_607,allowed,3.0,0.18295937375263716,2,3,5,8,0.375,1,500
531,sc_2006_insc_412,allowed,3.0,0.1526135820663002,2,3,5,8,0.375,1,500
531,sc_2007_insc_25,dismissed,3.0,0.1738315584532501,2,5,3,8,0.625,0,500
531,sc_2008_insc_268,allowed,3.0,0.21148097843794703,2,3,5,8,0.375,1,500
531,sc_2010_insc_741,dismissed,4.0,0.2240525077723234,2,4,4,8,0.5,0,500
531,sc_2011_insc_813,dismissed,3.0,0.16616668974823973,2,5,3,8,0.625,0,500
531,sc_2014_insc_243,allowed,2.0,0.15888090426817006,2,2,6,8,0.25,1,500
531,sc_2016_insc_218,allowed,5.0,0.1615533916070116,2,5,3,8,0.625,1,500
532,in_abs_train_495,dismissed,4.0,0.16105771328321253,2,4,4,8,0.5,0,500
532,sc_1961_insc_347,allowed,3.0,0.17567931936110362,2,3,5,8,0.375,1,500
532,sc_1973_insc_99,dismissed,3.0,0.21401705602303808,2,5,3,8,0.625,0,500
532,sc_1978_insc_100,dismissed,3.0,0.20452147710745266,2,5,3,8,0.625,0,500
532,sc_1981_insc_53,dismissed,4.0,0.1946229654136683,3,3,4,7,0.42857142857142855,0,500
532,sc_1990_insc_324,allowed,4.0,0.18670309016095618,2,4,4,8,0.5,1,500
532,sc_1995_insc_456,allowed,5.0,0.18887215772655774,2,5,3,8,0.625,1,500
532,sc_2002_insc_503,allowed,5.0,0.17548504118581573,2,5,3,8,0.625,1,500
532,sc_2012_insc_19,allowed,6.0,0.17808408901830505,2,6,2,8,0.75,1,500
532,sc_2013_insc_665,dismissed,5.0,0.17388249653668417,2,3,5,8,0.375,0,500
532,sc_2020_insc_215,dismissed,3.0,0.20887649877636164,2,5,3,8,0.625,0,500
532,sc_2022_insc_932,allowed,3.0,0.1908650090759876,2,3,5,8,0.375,1,500
533,in_abs_train_1513,allowed,6.0,0.1895036249888866,2,6,2,8,0.75,1,500
533,in_abs_train_3956,dismissed,4.0,0.18768613380169713,2,4,4,8,0.5,0,500
533,in_abs_train_4411,dismissed,4.0,0.19780003139612226,2,4,4,8,0.5,0,500
533,in_abs_train_5708,dismissed,4.0,0.18840320257647275,3,3,4,7,0.42857142857142855,0,500
533,sc_1986_insc_121,allowed,6.0,0.22567113578540043,2,6,2,8,0.75,1,500
533,sc_1995_insc_314,dismissed,4.0,0.2577695400740094,2,4,4,8,0.5,0,500
533,sc_1996_insc_1288,allowed,5.0,0.18172837547233522,3,5,2,7,0.7142857142857143,1,500
533,sc_1996_insc_383,allowed,2.0,0.1829220840986671,2,2,6,8,0.25,1,500
533,sc_1998_insc_219,allowed,6.0,0.20367306774216898,2,6,2,8,0.75,1,500
533,sc_1999_insc_428,dismissed,4.0,0.19343680232773006,2,4,4,8,0.5,0,500
533,sc_2010_insc_38,dismissed,5.0,0.22505449488877766,2,3,5,8,0.375,0,500
533,sc_2012_insc_269,allowed,4.0,0.2191184130724664,2,4,4,8,0.5,1,500
534,in_abs_train_2771,dismissed,4.0,0.1884283416987931,2,4,4,8,0.5,0,500
534,sc_1954_insc_94,allowed,4.0,0.2039767145180816,2,4,4,8,0.5,1,500
534,sc_1955_insc_51,allowed,3.0,0.18271836847126358,2,3,5,8,0.375,1,500
534,sc_1959_insc_3,dismissed,4.0,0.19016054743563504,2,4,4,8,0.5,0,500
534,sc_1983_insc_28,dismissed,3.0,0.18642708016444207,2,5,3,8,0.625,0,500
534,sc_1999_insc_83,allowed,3.0,0.1871545553115628,2,3,5,8,0.375,1,500
534,sc_2003_insc_390,dismissed,2.0,0.19483170106805367,2,6,2,8,0.75,0,500
534,sc_2007_insc_316,allowed,4.0,0.18441073237372513,2,4,4,8,0.5,1,500
534,sc_2008_insc_687,allowed,5.0,0.2102483732669279,3,5,2,7,0.7142857142857143,1,500
534,sc_2008_insc_966,dismissed,6.0,0.18051270916376733,2,2,6,8,0.25,0,500
534,sc_2009_insc_1303,dismissed,3.0,0.19491542748936577,2,5,3,8,0.625,0,500
534,sc_2018_insc_734,allowed,5.0,0.18098987491411936,2,5,3,8,0.625,1,500
535,in_abs_train_237,allowed,2.0,0.15579137908861437,2,2,6,8,0.25,1,500
535,in_abs_train_2455,allowed,6.0,0.20213465083715793,2,6,2,8,0.75,1,500
535,in_abs_train_389,allowed,5.0,0.19547686613009613,2,5,3,8,0.625,1,500
535,in_abs_train_705,dismissed,3.0,0.1708434186918462,2,5,3,8,0.625,0,500
535,sc_1957_insc_82,dismissed,5.0,0.19985365158472648,2,3,5,8,0.375,0,500
535,sc_1996_insc_495,allowed,5.0,0.18962594464874413,2,5,3,8,0.625,1,500
535,sc_2006_insc_273,allowed,4.0,0.16514473833039392,2,4,4,8,0.5,1,500
535,sc_2008_insc_1408,dismissed,6.0,0.17551563411034135,2,2,6,8,0.25,0,500
535,sc_2008_insc_171,allowed,5.0,0.1860231449703384,2,5,3,8,0.625,1,500
535,sc_2009_insc_680,dismissed,5.0,0.1518701105703612,2,3,5,8,0.375,0,500
535,sc_2011_insc_298,dismissed,4.0,0.22399359993647136,2,4,4,8,0.5,0,500
535,sc_2019_insc_976,dismissed,4.0,0.19639871071826454,2,4,4,8,0.5,0,500
536,in_abs_train_3659,allowed,5.0,0.21137562832550016,2,5,3,8,0.625,1,500
536,in_abs_train_4048,dismissed,4.0,0.21306753035288292,2,4,4,8,0.5,0,500
536,in_abs_train_5282,allowed,2.0,0.1617286977357975,3,2,5,7,0.2857142857142857,1,500
536,in_abs_train_5404,allowed,1.0,0.12625351453955305,2,1,7,8,0.125,1,500
536,sc_1956_insc_43,dismissed,6.0,0.1777464975533831,2,2,6,8,0.25,0,500
536,sc_1971_insc_10,dismissed,7.0,0.13253210212482472,2,1,7,8,0.125,0,500
536,sc_2000_insc_336,dismissed,4.0,0.16717298578989168,2,4,4,8,0.5,0,500
536,sc_2007_insc_848,dismissed,3.0,0.17692819114383262,2,5,3,8,0.625,0,500
536,sc_2008_insc_963,allowed,2.0,0.180362678996099,3,2,4,6,0.3333333333333333,1,500
536,sc_2014_insc_148,allowed,6.0,0.16202298117418845,2,6,2,8,0.75,1,500
536,sc_2017_insc_320,dismissed,5.0,0.18843102712425602,2,3,5,8,0.375,0,500
536,sc_2019_insc_1176,allowed,4.0,0.20690070963105303,2,4,4,8,0.5,1,500
537,in_abs_train_1732,dismissed,5.0,0.20175304996698265,2,3,5,8,0.375,0,500
537,sc_1976_insc_14,allowed,2.0,0.1851825377745617,2,2,6,8,0.25,1,500
537,sc_1981_insc_41,dismissed,5.0,0.2244186379740296,2,3,5,8,0.375,0,500
537,sc_1986_insc_50,dismissed,4.0,0.18306450326673643,2,4,4,8,0.5,0,500
537,sc_1987_insc_129,allowed,4.0,0.2722989462488291,2,4,4,8,0.5,1,500
537,sc_1988_insc_131,allowed,3.0,0.1685485695664103,2,3,5,8,0.375,1,500
537,sc_1993_insc_67,allowed,4.0,0.18237035206551527,2,4,4,8,0.5,1,500
537,sc_1996_insc_1065,dismissed,5.0,0.1752325163446535,2,3,5,8,0.375,0,500
537,sc_1996_insc_759,allowed,4.0,0.18776628710029009,2,4,4,8,0.5,1,500
537,sc_1998_insc_283,allowed,5.0,0.15244931253634536,2,5,3,8,0.625,1,500
537,sc_2000_insc_603,dismissed,7.0,0.1333308328448569,2,1,7,8,0.125,0,500
537,sc_2009_insc_432,dismissed,6.0,0.19888226285680602,2,2,6,8,0.25,0,500
538,in_abs_train_1291,allowed,2.0,0.2022422030479585,2,2,6,8,0.25,1,500
538,in_abs_train_4536,dismissed,6.0,0.1487195797225676,2,2,6,8,0.25,0,500
538,sc_1967_insc_134,dismissed,3.0,0.18871772443958887,2,5,3,8,0.625,0,500
538,sc_1969_insc_208,allowed,1.0,0.12271560836223844,2,1,7,8,0.125,1,500
538,sc_1977_insc_241,dismissed,4.0,0.1897310596607735,2,4,4,8,0.5,0,500
538,sc_1984_insc_42,allowed,6.0,0.17958351608410617,2,6,2,8,0.75,1,500
538,sc_1992_insc_190,dismissed,3.0,0.17679774743785232,2,5,3,8,0.625,0,500
538,sc_1997_insc_330,allowed,5.0,0.20904665267328698,2,5,3,8,0.625,1,500
538,sc_2003_insc_183,dismissed,7.0,0.17299960109539753,2,0,7,7,0.0,0,500
538,sc_2004_insc_5,dismissed,5.0,0.19613407517533465,2,3,5,8,0.375,0,500
538,sc_2014_insc_967,allowed,2.0,0.16680490360914318,2,2,6,8,0.25,1,500
538,sc_2018_insc_237,allowed,5.0,0.158649965466192,2,5,3,8,0.625,1,500
539,in_abs_train_170,allowed,3.0,0.21322321946105904,2,3,5,8,0.375,1,500
539,sc_1968_insc_297,allowed,4.0,0.1952443266735663,2,4,4,8,0.5,1,500
539,sc_1972_insc_182,dismissed,2.0,0.15986105077709065,2,6,2,8,0.75,0,500
539,sc_1977_insc_40,allowed,2.0,0.15196340810312844,2,2,6,8,0.25,1,500
539,sc_1983_insc_91,dismissed,2.0,0.15427628822125866,2,6,2,8,0.75,0,500
539,sc_1996_insc_856,allowed,4.0,0.22607976555159703,2,4,4,8,0.5,1,500
539,sc_2002_insc_364,dismissed,6.0,0.21281805766814724,2,2,6,8,0.25,0,500
539,sc_2005_insc_384,dismissed,3.0,0.17895269060897204,2,5,3,8,0.625,0,500
539,sc_2005_insc_395,allowed,1.0,0.12907272366963835,2,1,7,8,0.125,1,500
539,sc_2006_insc_562,allowed,4.0,0.20849610605847513,2,4,4,8,0.5,1,500
539,sc_2022_insc_1224,dismissed,3.0,0.21450027167645266,2,5,3,8,0.625,0,500
539,sc_2022_insc_782,dismissed,2.0,0.15187920702579966,2,6,2,8,0.75,0,500
540,in_abs_train_6847,dismissed,5.0,0.22904189103308767,2,3,5,8,0.375,0,500
540,in_abs_train_6876,dismissed,5.0,0.20314383633487396,2,3,5,8,0.375,0,500
540,in_abs_train_7,allowed,6.0,0.1424922624390635,2,6,2,8,0.75,1,500
540,sc_1953_insc_34,dismissed,6.0,0.18640213331302086,2,2,6,8,0.25,0,500
540,sc_1995_insc_214,allowed,4.0,0.20754253125985048,2,4,4,8,0.5,1,500
540,sc_1996_insc_305,allowed,5.0,0.10206624496260712,2,5,3,8,0.625,1,500
540,sc_2009_insc_533,dismissed,6.0,0.18705191739807403,2,2,6,8,0.25,0,500
540,sc_2011_insc_235,allowed,2.0,0.14494787950438412,2,2,6,8,0.25,1,500
540,sc_2013_insc_49,allowed,4.0,0.23896534557112784,2,4,4,8,0.5,1,500
540,sc_2019_insc_987,allowed,3.0,0.16383242690935917,2,3,5,8,0.375,1,500
540,sc_2022_insc_733,dismissed,2.0,0.15918937719741225,2,6,2,8,0.75,0,500
540,sc_2023_insc_820,dismissed,4.0,0.20332178654519187,2,4,4,8,0.5,0,500
541,in_abs_train_1132,dismissed,3.0,0.17259387213818256,2,5,3,8,0.625,0,500
541,in_abs_train_1614,allowed,5.0,0.18518445948808493,2,5,3,8,0.625,1,500
541,in_abs_train_5704,dismissed,3.0,0.2162462135279895,2,5,3,8,0.625,0,500
541,in_abs_train_6212,allowed,2.0,0.16184678808212413,2,2,6,8,0.25,1,500
541,in_abs_train_80,dismissed,6.0,0.13379827233029365,2,2,6,8,0.25,0,500
541,sc_1961_insc_24,dismissed,6.0,0.1966806438611661,2,2,6,8,0.25,0,500
541,sc_1983_insc_80,allowed,5.0,0.17962026418976712,2,5,3,8,0.625,1,500
541,sc_1996_insc_1287,allowed,3.0,0.17799138397188247,2,3,5,8,0.375,1,500
541,sc_1999_insc_458,dismissed,4.0,0.18819281229158114,2,4,4,8,0.5,0,500
541,sc_2004_insc_636,allowed,2.0,0.15102086101936807,2,2,6,8,0.25,1,500
541,sc_2008_insc_26,allowed,3.0,0.18091091125882927,2,3,5,8,0.375,1,500
541,sc_2018_insc_1204,dismissed,1.0,0.1423396865785909,3,6,1,7,0.8571428571428571,0,500
542,in_abs_train_6613,allowed,4.0,0.2003696868725674,2,4,4,8,0.5,1,500
542,sc_1972_insc_60,allowed,3.0,0.16494213000322264,2,3,5,8,0.375,1,500
542,sc_2000_insc_389,dismissed,2.0,0.19144582741942825,2,6,2,8,0.75,0,500
542,sc_2000_insc_589,dismissed,4.0,0.17933070899535167,2,4,4,8,0.5,0,500
542,sc_2004_insc_437,dismissed,4.0,0.17367973592115707,2,4,4,8,0.5,0,500
542,sc_2007_insc_1138,allowed,6.0,0.09234159819377112,2,6,2,8,0.75,1,500
542,sc_2008_insc_1415,dismissed,5.0,0.18170130043047297,2,3,5,8,0.375,0,500
542,sc_2010_insc_113,dismissed,3.0,0.16722582838357067,2,5,3,8,0.625,0,500
542,sc_2015_insc_836,allowed,5.0,0.22902708628020396,2,5,3,8,0.625,1,500
542,sc_2016_insc_332,dismissed,6.0,0.1935112740736946,2,2,6,8,0.25,0,500
542,sc_2017_insc_1236,allowed,2.0,0.1649465230102881,2,2,6,8,0.25,1,500
542,sc_2024_insc_258,allowed,2.0,0.16968151135226972,2,2,6,8,0.25,1,500
543,in_abs_train_1499,allowed,3.0,0.1665798983017506,3,3,4,7,0.42857142857142855,1,500
543,in_abs_train_2213,dismissed,6.0,0.1723252705900344,2,2,6,8,0.25,0,500
543,in_abs_train_2875,allowed,6.0,0.16127912083911666,2,6,2,8,0.75,1,500
543,in_abs_train_2937,dismissed,3.0,0.18663606427197216,2,5,3,8,0.625,0,500
543,sc_1963_insc_46,dismissed,3.0,0.20225997293779613,3,4,3,7,0.5714285714285714,0,500
543,sc_1966_insc_114,dismissed,5.0,0.20146314227037257,2,3,5,8,0.375,0,500
543,sc_1972_insc_171,dismissed,1.0,0.11021508947572714,2,7,1,8,0.875,0,500
543,sc_1979_insc_187,allowed,3.0,0.21306166733248433,2,3,5,8,0.375,1,500
543,sc_1990_insc_115,allowed,5.0,0.1853955056626831,2,5,3,8,0.625,1,500
543,sc_1997_insc_155,allowed,2.0,0.2094141076416598,3,2,5,7,0.2857142857142857,1,500
543,sc_2017_insc_245,allowed,3.0,0.1735085342692904,2,3,5,8,0.375,1,500
543,sc_2022_insc_201,dismissed,4.0,0.19849931405063198,2,4,4,8,0.5,0,500
544,in_abs_train_149,dismissed,4.0,0.18745658723612327,2,4,4,8,0.5,0,500
544,sc_1980_insc_122,allowed,3.0,0.17943096750063597,2,3,5,8,0.375,1,500
544,sc_1986_insc_14,allowed,3.0,0.18080139647063367,2,3,5,8,0.375,1,500
544,sc_1992_insc_100,dismissed,3.0,0.20912277451637964,2,5,3,8,0.625,0,500
544,sc_1994_insc_324,dismissed,6.0,0.13015197732797204,2,2,6,8,0.25,0,500
544,sc_1996_insc_964,dismissed,3.0,0.2128371226807653,2,5,3,8,0.625,0,500
544,sc_1997_insc_709,dismissed,3.0,0.17559054973995908,2,5,3,8,0.625,0,500
544,sc_2002_insc_412,allowed,4.0,0.19733895328911125,2,4,4,8,0.5,1,500
544,sc_2003_insc_358,allowed,5.0,0.19739151349086484,2,5,3,8,0.625,1,500
544,sc_2010_insc_522,dismissed,5.0,0.17417219819289137,2,3,5,8,0.375,0,500
544,sc_2012_insc_52,allowed,5.0,0.19226983633997066,2,5,3,8,0.625,1,500
544,sc_2022_insc_615,allowed,2.0,0.2053397829532642,2,2,6,8,0.25,1,500
545,in_abs_train_2960,dismissed,5.0,0.19855814002464178,2,3,5,8,0.375,0,500
545,in_abs_train_3883,dismissed,4.0,0.18681643385843677,2,4,4,8,0.5,0,500
545,sc_1970_insc_81,allowed,4.0,0.15462493321927967,2,4,4,8,0.5,1,500
545,sc_1975_insc_90,allowed,5.0,0.2048426617484857,2,5,3,8,0.625,1,500
545,sc_1981_insc_12,dismissed,5.0,0.22012170126558525,2,3,5,8,0.375,0,500
545,sc_1990_insc_161,allowed,5.0,0.17413035537075064,3,5,2,7,0.7142857142857143,1,500
545,sc_1994_insc_377,allowed,4.0,0.18193066465296998,2,4,4,8,0.5,1,500
545,sc_1994_insc_453,allowed,3.0,0.18803495115840263,2,3,5,8,0.375,1,500
545,sc_1997_insc_477,dismissed,3.0,0.21964145266566984,2,5,3,8,0.625,0,500
545,sc_1998_insc_187,allowed,5.0,0.23024873002596868,2,5,3,8,0.625,1,500
545,sc_1999_insc_374,dismissed,5.0,0.23079448513339731,2,3,5,8,0.375,0,500
545,sc_2002_insc_576,dismissed,3.0,0.16090774516895426,2,5,3,8,0.625,0,500
546,in_abs_train_6403,dismissed,3.0,0.17505675732104575,2,5,3,8,0.625,0,500
546,sc_1965_insc_147,dismissed,4.0,0.1867855883808644,2,4,4,8,0.5,0,500
546,sc_1966_insc_80,allowed,4.0,0.21808136331833977,2,4,4,8,0.5,1,500
546,sc_1986_insc_109,allowed,2.0,0.1376042866218637,2,2,6,8,0.25,1,500
546,sc_1993_insc_116,dismissed,4.0,0.15926801370002006,2,4,4,8,0.5,0,500
546,sc_1994_insc_228,dismissed,4.0,0.20093763903777206,2,4,4,8,0.5,0,500
546,sc_1995_insc_178,allowed,5.0,0.18137670140483864,2,5,3,8,0.625,1,500
546,sc_1995_insc_779,dismissed,3.0,0.22922218978923636,2,5,3,8,0.625,0,500
546,sc_1996_insc_131,allowed,2.0,0.1445731611859093,2,2,6,8,0.25,1,500
546,sc_2006_insc_949,allowed,3.0,0.18572686470105412,2,3,5,8,0.375,1,500
546,sc_2018_insc_873,allowed,3.0,0.17720755272016886,2,3,5,8,0.375,1,500
546,sc_2023_insc_885,dismissed,5.0,0.1864559815817182,2,3,5,8,0.375,0,500
547,sc_1969_insc_318,dismissed,5.0,0.2143312092528044,2,3,5,8,0.375,0,500
547,sc_1969_insc_67,dismissed,5.0,0.1770465291236553,2,3,5,8,0.375,0,500
547,sc_1973_insc_113,allowed,6.0,0.15082328536424008,2,6,2,8,0.75,1,500
547,sc_1981_insc_73,allowed,3.0,0.21198365576737274,2,3,5,8,0.375,1,500
547,sc_1989_insc_94,allowed,1.0,0.1469538921858534,2,1,7,8,0.125,1,500
547,sc_1997_insc_481,dismissed,4.0,0.18110898147149646,2,4,4,8,0.5,0,500
547,sc_1999_insc_66,allowed,5.0,0.19065749000813118,2,5,3,8,0.625,1,500
547,sc_2001_insc_22,dismissed,3.0,0.20343040227908057,2,5,3,8,0.625,0,500
547,sc_2008_insc_529,dismissed,2.0,0.15925501786218768,2,6,2,8,0.75,0,500
547,sc_2011_insc_74,dismissed,3.0,0.19705377937072333,2,5,3,8,0.625,0,500
547,sc_2014_insc_430,allowed,4.0,0.18768613380169716,2,4,4,8,0.5,1,500
547,sc_2023_insc_613,allowed,5.0,0.1876381781284964,2,5,3,8,0.625,1,500
548,in_abs_train_2470,dismissed,5.0,0.18362959794399003,2,3,5,8,0.375,0,500
548,in_abs_train_2902,allowed,7.0,0.12306435235854683,2,7,1,8,0.875,1,500
548,sc_1967_insc_103,dismissed,0.0,0.07772817484889859,1,8,0,8,1.0,0,500
548,sc_1975_insc_148,allowed,2.0,0.16167431713611338,2,2,6,8,0.25,1,500
548,sc_1998_insc_175,dismissed,5.0,0.22015504952390635,3,2,5,7,0.2857142857142857,0,500
548,sc_1998_insc_491,dismissed,5.0,0.20743193817854538,2,3,5,8,0.375,0,500
548,sc_2009_insc_1314,allowed,5.0,0.20573302904752902,2,5,3,8,0.625,1,500
548,sc_2009_insc_935,allowed,3.0,0.18153169919465853,2,3,5,8,0.375,1,500
548,sc_2016_insc_1086,dismissed,6.0,0.18276794176144315,2,2,6,8,0.25,0,500
548,sc_2017_insc_596,dismissed,4.0,0.1770925161837646,2,4,4,8,0.5,0,500
548,sc_2021_insc_851,allowed,2.0,0.14526684396852643,2,2,6,8,0.25,1,500
548,sc_2022_insc_616,allowed,3.0,0.18083541254016433,2,3,5,8,0.375,1,500
549,in_abs_train_1187,allowed,5.0,0.16381717335753881,2,5,3,8,0.625,1,500
549,in_abs_train_3122,dismissed,3.0,0.14390219910499,2,5,3,8,0.625,0,500
549,sc_1987_insc_89,dismissed,3.0,0.1743795269909313,2,5,3,8,0.625,0,500
549,sc_1997_insc_141,allowed,5.0,0.16174688708207294,2,5,3,8,0.625,1,500
549,sc_1997_insc_640,dismissed,2.0,0.15868098893692337,2,6,2,8,0.75,0,500
549,sc_2006_insc_620,allowed,4.0,0.2312346063827648,2,4,4,8,0.5,1,500
549,sc_2007_insc_913,allowed,5.0,0.20308451519626008,2,5,3,8,0.625,1,500
549,sc_2009_insc_757,dismissed,6.0,0.1450049837505594,3,1,6,7,0.14285714285714285,0,500
549,sc_2010_insc_500,dismissed,6.0,0.1656794728796173,2,2,6,8,0.25,0,500
549,sc_2019_insc_798,dismissed,6.0,0.1651589298167504,2,2,6,8,0.25,0,500
549,sc_2020_insc_587,allowed,4.0,0.18648347063862944,2,4,4,8,0.5,1,500
549,sc_2023_insc_1027,allowed,3.0,0.17077421666506615,2,3,5,8,0.375,1,500
550,in_abs_train_1582,dismissed,4.0,0.18035625244163406,2,4,4,8,0.5,0,500
550,in_abs_train_4320,allowed,5.0,0.1883887326808895,2,5,3,8,0.625,1,500
550,sc_1952_insc_21,allowed,7.0,0.14536577428450384,2,7,1,8,0.875,1,500
550,sc_1971_insc_23,dismissed,5.0,0.1742411153254055,2,3,5,8,0.375,0,500
550,sc_1978_insc_11,allowed,3.0,0.19463339795167295,2,3,5,8,0.375,1,500
550,sc_1981_insc_60,dismissed,5.0,0.21198754624160307,2,3,5,8,0.375,0,500
550,sc_1989_insc_189,allowed,3.0,0.22353044125106822,2,3,5,8,0.375,1,500
550,sc_1997_insc_41,dismissed,3.0,0.1815364388644954,2,5,3,8,0.625,0,500
550,sc_2002_insc_305,dismissed,6.0,0.18335996089186007,2,2,6,8,0.25,0,500
550,sc_2004_insc_127,dismissed,3.0,0.18097668740456202,2,5,3,8,0.625,0,500
550,sc_2008_insc_611,allowed,1.0,0.12578197272542044,2,1,7,8,0.125,1,500
550,sc_2009_insc_933,allowed,6.0,0.17031015561951332,2,6,2,8,0.75,1,500
551,in_abs_train_818,dismissed,4.0,0.187085768623454,2,4,4,8,0.5,0,500
551,sc_1967_insc_96,allowed,4.0,0.20978439157244427,2,4,4,8,0.5,1,500
551,sc_1981_insc_31,dismissed,4.0,0.19191567762214135,2,4,4,8,0.5,0,500
551,sc_1983_insc_121,allowed,5.0,0.22514957679014985,2,5,3,8,0.625,1,500
551,sc_1991_insc_4,allowed,4.0,0.19927236042747126,2,4,4,8,0.5,1,500
551,sc_1997_insc_635,allowed,3.0,0.22081629960137195,2,3,5,8,0.375,1,500
551,sc_2000_insc_27,dismissed,5.0,0.18848744451838545,2,3,5,8,0.375,0,500
551,sc_2007_insc_949,dismissed,3.0,0.17486784550870732,2,5,3,8,0.625,0,500
551,sc_2009_insc_113,allowed,6.0,0.17853680398445615,2,6,2,8,0.75,1,500
551,sc_2009_insc_191,dismissed,2.0,0.16495859333407875,2,6,2,8,0.75,0,500
551,sc_2010_insc_51,dismissed,4.0,0.2009223821526177,3,3,4,7,0.42857142857142855,0,500
551,sc_2019_insc_61,allowed,3.0,0.2561919185047468,2,3,5,8,0.375,1,500
552,in_abs_train_1594,dismissed,3.0,0.19615462840646264,2,5,3,8,0.625,0,500
552,in_abs_train_1761,dismissed,2.0,0.17062682573972066,2,6,2,8,0.75,0,500
552,in_abs_train_4479,dismissed,4.0,0.18084371792756285,2,4,4,8,0.5,0,500
552,sc_1967_insc_94,dismissed,5.0,0.17054094279569013,2,3,5,8,0.375,0,500
552,sc_1968_insc_178,dismissed,3.0,0.21291371491756933,2,5,3,8,0.625,0,500
552,sc_1973_insc_126,dismissed,3.0,0.17529112264621793,2,5,3,8,0.625,0,500
552,sc_2011_insc_787,allowed,4.0,0.1313778036206351,2,4,4,8,0.5,1,500
552,sc_2017_insc_343,allowed,7.0,0.1321339776574485,2,7,1,8,0.875,1,500
552,sc_2019_insc_648,allowed,2.0,0.14533613026880554,2,2,6,8,0.25,1,500
552,sc_2021_insc_774,allowed,4.0,0.18276099187688008,2,4,4,8,0.5,1,500
552,sc_2023_insc_227,allowed,6.0,0.11630471062809843,2,6,2,8,0.75,1,500
552,sc_2023_insc_485,allowed,2.0,0.16306006507244059,2,2,6,8,0.25,1,500
553,in_abs_train_268,allowed,4.0,0.19289235668242702,2,4,4,8,0.5,1,500
553,sc_1961_insc_319,allowed,4.0,0.20364692829693082,2,4,4,8,0.5,1,500
553,sc_1968_insc_147,dismissed,5.0,0.17117188542549572,2,3,5,8,0.375,0,500
553,sc_1978_insc_223,dismissed,5.0,0.1963545921746052,2,3,5,8,0.375,0,500
553,sc_1987_insc_11,allowed,2.0,0.18516580642239416,2,2,6,8,0.25,1,500
553,sc_1988_insc_52,allowed,4.0,0.18269363938625774,2,4,4,8,0.5,1,500
553,sc_1997_insc_134,dismissed,6.0,0.16792402509207843,2,2,6,8,0.25,0,500
553,sc_1998_insc_454,dismissed,3.0,0.21658078892921162,2,5,3,8,0.625,0,500
553,sc_1999_insc_511,dismissed,1.0,0.12282418585099726,2,7,1,8,0.875,0,500
553,sc_2016_insc_578,allowed,3.0,0.1925758402320276,2,3,5,8,0.375,1,500
553,sc_2018_insc_313,dismissed,4.0,0.186484440178186,2,4,4,8,0.5,0,500
553,sc_2023_insc_659,allowed,7.0,0.13209603520775579,2,7,1,8,0.875,1,500
554,in_abs_train_2026,allowed,3.0,0.19152772785086308,2,3,5,8,0.375,1,500
554,in_abs_train_447,dismissed,5.0,0.17608940066266413,2,3,5,8,0.375,0,500
554,sc_1970_insc_229,dismissed,4.0,0.19088457559953356,2,4,4,8,0.5,0,500
554,sc_1971_insc_56,dismissed,6.0,0.15411417019650447,2,2,6,8,0.25,0,500
554,sc_1977_insc_243,dismissed,3.0,0.18005494883011208,2,5,3,8,0.625,0,500
554,sc_1995_insc_914,allowed,4.0,0.18738691530303206,2,4,4,8,0.5,1,500
554,sc_1996_insc_303,allowed,4.0,0.22870001639503418,2,4,4,8,0.5,1,500
554,sc_2010_insc_590,dismissed,4.0,0.20442033181298708,2,4,4,8,0.5,0,500
554,sc_2012_insc_109,allowed,3.0,0.18445705731073433,2,3,5,8,0.375,1,500
554,sc_2013_insc_100,allowed,4.0,0.17397049216133503,2,4,4,8,0.5,1,500
554,sc_2017_insc_904,dismissed,2.0,0.1979138665700079,2,6,2,8,0.75,0,500
554,sc_2018_insc_253,allowed,6.0,0.16236866945759137,2,6,2,8,0.75,1,500
555,in_abs_train_3604,dismissed,2.0,0.18421508588460778,2,6,2,8,0.75,0,500
555,sc_1951_insc_25,allowed,5.0,0.2051666935814336,2,5,3,8,0.625,1,500
555,sc_1967_insc_124,dismissed,7.0,0.12198726340943193,2,1,7,8,0.125,0,500
555,sc_1977_insc_183,dismissed,4.0,0.187085768623454,2,4,4,8,0.5,0,500
555,sc_1992_insc_209,allowed,7.0,0.09306650719355408,2,7,1,8,0.875,1,500
555,sc_2007_insc_844,allowed,1.0,0.10963258444198318,2,1,7,8,0.125,1,500
555,sc_2008_insc_470,allowed,4.0,0.18746516045369221,2,4,4,8,0.5,1,500
555,sc_2009_insc_317,allowed,4.0,0.2591441178838895,2,4,4,8,0.5,1,500
555,sc_2014_insc_242,allowed,5.0,0.20557649858441004,2,5,3,8,0.625,1,500
555,sc_2014_insc_426,dismissed,4.0,0.17239598195955372,2,4,4,8,0.5,0,500
555,sc_2019_insc_1000,dismissed,4.0,0.1975648573058798,2,4,4,8,0.5,0,500
555,sc_2022_insc_1202,dismissed,4.0,0.21693733287696837,2,4,4,8,0.5,0,500
556,in_abs_train_1766,dismissed,5.0,0.14460078416368966,2,3,5,8,0.375,0,500
556,in_abs_train_2575,allowed,3.0,0.17092717396275686,2,3,5,8,0.375,1,500
556,in_abs_train_494,dismissed,4.0,0.205110072688247,2,4,4,8,0.5,0,500
556,in_abs_train_6570,allowed,2.0,0.18927016801237617,2,2,6,8,0.25,1,500
556,sc_1972_insc_115,allowed,2.0,0.14234960063526841,2,2,6,8,0.25,1,500
556,sc_1975_insc_125,dismissed,3.0,0.17115573169646034,2,5,3,8,0.625,0,500
556,sc_1999_insc_61,allowed,4.0,0.20769706051943224,2,4,4,8,0.5,1,500
556,sc_2007_insc_1047,dismissed,4.0,0.20250929211484875,2,4,4,8,0.5,0,500
556,sc_2009_insc_400,allowed,2.0,0.1610662266432021,2,2,6,8,0.25,1,500
556,sc_2020_insc_586,allowed,6.0,0.18326434849302092,2,6,2,8,0.75,1,500
556,sc_2023_insc_503,dismissed,5.0,0.1715121494849938,2,3,5,8,0.375,0,500
556,sc_2023_insc_762,dismissed,5.0,0.17011343952188307,3,2,5,7,0.2857142857142857,0,500
557,in_abs_train_515,allowed,5.0,0.18800921033194848,2,5,3,8,0.625,1,500
557,sc_1964_insc_186,allowed,5.0,0.1908150531553822,2,5,3,8,0.625,1,500
557,sc_1967_insc_17,dismissed,5.0,0.19202257854128207,2,3,5,8,0.375,0,500
557,sc_1972_insc_42,dismissed,2.0,0.16187487389420832,2,6,2,8,0.75,0,500
557,sc_1987_insc_247,dismissed,2.0,0.14989000109568631,2,6,2,8,0.75,0,500
557,sc_1992_insc_81,allowed,5.0,0.21020423741821054,2,5,3,8,0.625,1,500
557,sc_1996_insc_479,dismissed,6.0,0.18933063483154086,2,2,6,8,0.25,0,500
557,sc_1996_insc_925,dismissed,3.0,0.26659727092594243,2,5,3,8,0.625,0,500
557,sc_2004_insc_298,dismissed,6.0,0.16236866945759137,2,2,6,8,0.25,0,500
557,sc_2009_insc_753,allowed,4.0,0.21348454139636308,2,4,4,8,0.5,1,500
557,sc_2019_insc_1174,allowed,4.0,0.19243365584782643,2,4,4,8,0.5,1,500
557,sc_2024_insc_397,allowed,7.0,0.1204612230138811,2,7,1,8,0.875,1,500
558,sc_1960_insc_64,allowed,5.0,0.15862647323480622,2,5,3,8,0.625,1,500
558,sc_1967_insc_225,dismissed,1.0,0.13344628447409287,3,6,1,7,0.8571428571428571,0,500
558,sc_1968_insc_135,dismissed,5.0,0.15065512668807987,2,3,5,8,0.375,0,500
558,sc_1987_insc_274,allowed,3.0,0.1961889175717451,2,3,5,8,0.375,1,500
558,sc_1998_insc_379,allowed,3.0,0.20676873889427425,2,3,5,8,0.375,1,500
558,sc_2001_insc_557,dismissed,4.0,0.18738498555780822,2,4,4,8,0.5,0,500
558,sc_2002_insc_178,allowed,4.0,0.23221763142507332,2,4,4,8,0.5,1,500
558,sc_2006_insc_258,dismissed,3.0,0.1753587362634909,2,5,3,8,0.625,0,500
558,sc_2007_insc_256,allowed,5.0,0.18176096982977344,2,5,3,8,0.625,1,500
558,sc_2008_insc_1468,dismissed,5.0,0.1684304267366571,2,3,5,8,0.375,0,500
558,sc_2022_insc_611,allowed,3.0,0.17569307201923345,2,3,5,8,0.375,1,500
558,sc_2023_insc_335,dismissed,3.0,0.2025471443913913,2,5,3,8,0.625,0,500
559,in_abs_train_1983,dismissed,4.0,0.2575216895760921,3,3,4,7,0.42857142857142855,0,500
559,in_abs_train_4836,dismissed,4.0,0.18382903199894948,2,4,4,8,0.5,0,500
559,in_abs_train_5649,dismissed,4.0,0.20228560254981903,2,4,4,8,0.5,0,500
559,sc_1963_insc_149,allowed,4.0,0.18738691530303203,2,4,4,8,0.5,1,500
559,sc_1971_insc_135,allowed,4.0,0.21300983633200193,2,4,4,8,0.5,1,500
559,sc_1975_insc_102,allowed,6.0,0.17003599605776756,2,6,2,8,0.75,1,500
559,sc_1976_insc_4,dismissed,3.0,0.18764403693753307,2,5,3,8,0.625,0,500
559,sc_1995_insc_159,allowed,5.0,0.202450687175267,2,5,3,8,0.625,1,500
559,sc_1995_insc_181,allowed,5.0,0.19809550308609003,3,5,2,7,0.7142857142857143,1,500
559,sc_1997_insc_667,dismissed,3.0,0.1979630019158909,2,5,3,8,0.625,0,500
559,sc_2016_insc_621,allowed,3.0,0.20465792037998942,2,3,5,8,0.375,1,500
559,sc_2020_insc_103,dismissed,4.0,0.1954761014804623,2,4,4,8,0.5,0,500
560,in_abs_train_105,dismissed,5.0,0.17302253930382266,2,3,5,8,0.375,0,500
560,in_abs_train_3618,dismissed,4.0,0.1996554957026871,2,4,4,8,0.5,0,500
560,in_abs_train_5068,dismissed,5.0,0.19730595648778881,2,3,5,8,0.375,0,500
560,in_abs_train_5279,allowed,3.0,0.18091091125882927,2,3,5,8,0.375,1,500
560,sc_1964_insc_218,dismissed,3.0,0.1918538031726771,2,5,3,8,0.625,0,500
560,sc_1965_insc_73,dismissed,3.0,0.18013448995269296,2,5,3,8,0.625,0,500
560,sc_1981_insc_25,allowed,5.0,0.19591898353697132,2,5,3,8,0.625,1,500
560,sc_1991_insc_254,allowed,7.0,0.0914266663367987,2,7,1,8,0.875,1,500
560,sc_1996_insc_833,dismissed,5.0,0.1884186649363256,2,3,5,8,0.375,0,500
560,sc_2009_insc_1291,allowed,5.0,0.20296674329536984,2,5,3,8,0.625,1,500
560,sc_2014_insc_436,allowed,5.0,0.20272630377203504,2,5,3,8,0.625,1,500
560,sc_2019_insc_408,allowed,3.0,0.18388401159260082,2,3,5,8,0.375,1,500
561,in_abs_train_3302,allowed,1.0,0.16836805667496255,2,1,7,8,0.125,1,500
561,in_abs_train_4190,dismissed,2.0,0.16387338889079117,2,6,2,8,0.75,0,500
561,sc_1954_insc_115,dismissed,6.0,0.1749100303205834,2,2,6,8,0.25,0,500
561,sc_1986_insc_70,dismissed,5.0,0.16790999595340184,2,3,5,8,0.375,0,500
561,sc_1991_insc_1,dismissed,3.0,0.19026138036170884,3,4,3,7,0.5714285714285714,0,500
561,sc_1991_insc_173,dismissed,3.0,0.16899414255653342,2,5,3,8,0.625,0,500
561,sc_1997_insc_75,allowed,4.0,0.18738691530303203,2,4,4,8,0.5,1,500
561,sc_1999_insc_266,allowed,5.0,0.1809744090778346,2,5,3,8,0.625,1,500
561,sc_2004_insc_634,dismissed,2.0,0.16726047639620575,3,5,2,7,0.7142857142857143,0,500
561,sc_2007_insc_443,allowed,4.0,0.18978963624704515,3,4,3,7,0.5714285714285714,1,500
561,sc_2009_insc_1213,allowed,6.0,0.1655739272291917,2,6,2,8,0.75,1,500
561,sc_2018_insc_658,allowed,8.0,0.0823471286881006,1,8,0,8,1.0,1,500
562,sc_1958_insc_115,dismissed,4.0,0.19580961298454233,2,4,4,8,0.5,0,500
562,sc_1971_insc_149,dismissed,4.0,0.18525093683491664,2,4,4,8,0.5,0,500
562,sc_1972_insc_261,allowed,3.0,0.2222427824869438,2,3,5,8,0.375,1,500
562,sc_1992_insc_14,dismissed,5.0,0.20582313683775455,2,3,5,8,0.375,0,500
562,sc_1992_insc_160,dismissed,4.0,0.1830192228413271,2,4,4,8,0.5,0,500
562,sc_1992_insc_165,dismissed,4.0,0.16943562353245856,2,4,4,8,0.5,0,500
562,sc_1995_insc_519,allowed,2.0,0.18773429320855875,2,2,6,8,0.25,1,500
562,sc_2001_insc_18,allowed,3.0,0.17430375757377328,3,3,4,7,0.42857142857142855,1,500
562,sc_2002_insc_276,allowed,6.0,0.17219892853161703,2,6,2,8,0.75,1,500
562,sc_2007_insc_979,allowed,5.0,0.19188758888786694,2,5,3,8,0.625,1,500
562,sc_2008_insc_965,dismissed,6.0,0.19518587307651405,2,2,6,8,0.25,0,500
562,sc_2014_insc_717,allowed,6.0,0.16988183590261455,2,6,2,8,0.75,1,500
563,in_abs_train_4419,allowed,5.0,0.1798600988847262,2,5,3,8,0.625,1,500
563,in_abs_train_4676,dismissed,5.0,0.16678691160858086,2,3,5,8,0.375,0,500
563,in_abs_train_5806,allowed,4.0,0.19031561479323492,2,4,4,8,0.5,1,500
563,sc_1965_insc_45,dismissed,4.0,0.19240094232726188,2,4,4,8,0.5,0,500
563,sc_1968_insc_44,dismissed,5.0,0.18057304562790413,2,3,5,8,0.375,0,500
563,sc_1976_insc_325,dismissed,2.0,0.17014638852113703,2,6,2,8,0.75,0,500
563,sc_1996_insc_328,allowed,4.0,0.16472742925828798,2,4,4,8,0.5,1,500
563,sc_1996_insc_638,dismissed,5.0,0.18395947425898687,2,3,5,8,0.375,0,500
563,sc_1996_insc_912,dismissed,3.0,0.17120519541198564,2,5,3,8,0.625,0,500
563,sc_2005_insc_268,allowed,0.0,0.07579516880439874,1,0,8,8,0.0,1,500
563,sc_2007_insc_799,allowed,4.0,0.17624671640294662,2,4,4,8,0.5,1,500
563,sc_2007_insc_87,allowed,6.0,0.17892275543117267,2,6,2,8,0.75,1,500
564,in_abs_train_321,allowed,3.0,0.2182647111353187,2,3,5,8,0.375,1,500
564,in_abs_train_3504,dismissed,4.0,0.17731910075359478,2,4,4,8,0.5,0,500
564,in_abs_train_5255,dismissed,3.0,0.20623523602074065,2,5,3,8,0.625,0,500
564,sc_1975_insc_206,dismissed,1.0,0.14457553078441562,2,7,1,8,0.875,0,500
564,sc_1984_insc_145,dismissed,4.0,0.176435006118198,2,4,4,8,0.5,0,500
564,sc_1992_insc_346,dismissed,3.0,0.18941965958473433,2,5,3,8,0.625,0,500
564,sc_1995_insc_162,allowed,4.0,0.187085768623454,2,4,4,8,0.5,1,500
564,sc_1999_insc_499,allowed,4.0,0.22333132729595048,2,4,4,8,0.5,1,500
564,sc_2008_insc_477,dismissed,3.0,0.18769728212539974,2,5,3,8,0.625,0,500
564,sc_2009_insc_50,allowed,4.0,0.16883586439836432,2,4,4,8,0.5,1,500
564,sc_2013_insc_446,allowed,3.0,0.17368470567130248,2,3,5,8,0.375,1,500
564,sc_2014_insc_382,allowed,6.0,0.1857738981298157,2,6,2,8,0.75,1,500
565,in_abs_train_2238,dismissed,5.0,0.19212364855193687,2,3,5,8,0.375,0,500
565,in_abs_train_4612,dismissed,4.0,0.20174021204690357,2,4,4,8,0.5,0,500
565,in_abs_train_4797,dismissed,4.0,0.18126766800170713,2,4,4,8,0.5,0,500
565,sc_1967_insc_1,dismissed,3.0,0.16659475196994825,2,5,3,8,0.625,0,500
565,sc_1992_insc_12,allowed,3.0,0.18915348469886487,3,3,4,7,0.42857142857142855,1,500
565,sc_1996_insc_1232,dismissed,5.0,0.16886734015619648,2,3,5,8,0.375,0,500
565,sc_2002_insc_469,allowed,3.0,0.17825676368344218,2,3,5,8,0.375,1,500
565,sc_2003_insc_22,allowed,2.0,0.20420778710054124,2,2,6,8,0.25,1,500
565,sc_2008_insc_453,allowed,3.0,0.17555623762123254,2,3,5,8,0.375,1,500
565,sc_2008_insc_71,allowed,5.0,0.16173065130465705,2,5,3,8,0.625,1,500
565,sc_2012_insc_297,allowed,4.0,0.21267828643473008,2,4,4,8,0.5,1,500
565,sc_2024_insc_18,dismissed,4.0,0.18685956099625803,2,4,4,8,0.5,0,500
566,in_abs_train_4351,dismissed,5.0,0.15797457574123175,2,3,5,8,0.375,0,500
566,in_abs_train_6263,dismissed,3.0,0.1893191951521589,3,4,3,7,0.5714285714285714,0,500
566,in_abs_train_6523,allowed,3.0,0.16999567108524077,3,3,4,7,0.42857142857142855,1,500
566,sc_1954_insc_123,dismissed,5.0,0.18086883257823688,2,3,5,8,0.375,0,500
566,sc_1982_insc_71,allowed,5.0,0.18075538114396483,2,5,3,8,0.625,1,500
566,sc_1988_insc_369,allowed,5.0,0.18338212332596868,2,5,3,8,0.625,1,500
566,sc_1991_insc_264,dismissed,4.0,0.1934832702706763,2,4,4,8,0.5,0,500
566,sc_1996_insc_505,allowed,4.0,0.18191740423688357,2,4,4,8,0.5,1,500
566,sc_1997_insc_578,allowed,6.0,0.17008720189949622,2,6,2,8,0.75,1,500
566,sc_1999_insc_393,dismissed,4.0,0.1867855883808644,2,4,4,8,0.5,0,500
566,sc_1999_insc_422,allowed,3.0,0.18885645190091646,2,3,5,8,0.375,1,500
566,sc_2008_insc_320,dismissed,4.0,0.20775661924871253,2,4,4,8,0.5,0,500
567,in_abs_train_512,dismissed,1.0,0.13097433936378958,2,7,1,8,0.875,0,500
567,in_abs_train_5328,dismissed,3.0,0.19774163018517543,2,5,3,8,0.625,0,500
567,in_abs_train_6415,allowed,2.0,0.14155475708626347,2,2,6,8,0.25,1,500
567,sc_1974_insc_179,allowed,2.0,0.2168536132586527,2,2,6,8,0.25,1,500
567,sc_1975_insc_327,dismissed,3.0,0.17937154929584845,2,5,3,8,0.625,0,500
567,sc_1984_insc_224,allowed,5.0,0.2072878285530026,2,5,3,8,0.625,1,500
567,sc_1992_insc_121,allowed,4.0,0.19429424744139434,2,4,4,8,0.5,1,500
567,sc_1996_insc_993,dismissed,5.0,0.16918647057808037,2,3,5,8,0.375,0,500
567,sc_2007_insc_604,dismissed,3.0,0.18869273512430326,2,5,3,8,0.625,0,500
567,sc_2009_insc_401,allowed,4.0,0.19411663179921348,2,4,4,8,0.5,1,500
567,sc_2015_insc_801,dismissed,6.0,0.16822796490829284,2,2,6,8,0.25,0,500
567,sc_2022_insc_505,allowed,5.0,0.18193707856876837,2,5,3,8,0.625,1,500
568,in_abs_train_5581,dismissed,3.0,0.18668888418474242,2,5,3,8,0.625,0,500
568,sc_1963_insc_90,dismissed,5.0,0.16448918623770167,2,3,5,8,0.375,0,500
568,sc_1966_insc_51,dismissed,4.0,0.20250929211484875,2,4,4,8,0.5,0,500
568,sc_1972_insc_297,allowed,3.0,0.1438982426615121,2,3,5,8,0.375,1,500
568,sc_1987_insc_334,dismissed,5.0,0.16084042668789106,2,3,5,8,0.375,0,500
568,sc_1992_insc_139,dismissed,4.0,0.23898660784825293,2,4,4,8,0.5,0,500
568,sc_1995_insc_306,allowed,5.0,0.20149614534280846,2,5,3,8,0.625,1,500
568,sc_1996_insc_735,allowed,3.0,0.2367862538973118,2,3,5,8,0.375,1,500
568,sc_2001_insc_81,dismissed,5.0,0.19458953247909272,2,3,5,8,0.375,0,500
568,sc_2011_insc_676,allowed,3.0,0.18318277367544297,3,3,4,7,0.42857142857142855,1,500
568,sc_2016_insc_920,allowed,4.0,0.18153556561275055,2,4,4,8,0.5,1,500
568,sc_2020_insc_648,allowed,6.0,0.16808349527520117,2,6,2,8,0.75,1,500
569,in_abs_train_4518,allowed,5.0,0.16056967450287746,2,5,3,8,0.625,1,500
569,in_abs_train_6277,dismissed,5.0,0.20164804585903856,2,3,5,8,0.375,0,500
569,sc_1960_insc_70,allowed,2.0,0.21640252953810227,2,2,6,8,0.25,1,500
569,sc_1961_insc_91,dismissed,6.0,0.17600481616279706,2,2,6,8,0.25,0,500
569,sc_1988_insc_114,dismissed,3.0,0.23423341904995953,2,5,3,8,0.625,0,500
569,sc_1988_insc_353,allowed,3.0,0.17493090153686397,2,3,5,8,0.375,1,500
569,sc_1989_insc_5,dismissed,5.0,0.14535883667464622,2,3,5,8,0.375,0,500
569,sc_2004_insc_697,allowed,3.0,0.16270877004534232,2,3,5,8,0.375,1,500
569,sc_2008_insc_1019,dismissed,5.0,0.19920325394914756,2,3,5,8,0.375,0,500
569,sc_2010_insc_203,allowed,4.0,0.1925041018811584,2,4,4,8,0.5,1,500
569,sc_2016_insc_1205,dismissed,3.0,0.1914477706423571,2,5,3,8,0.625,0,500
569,sc_2018_insc_680,allowed,4.0,0.1530772267456834,2,4,4,8,0.5,1,500
570,in_abs_train_5012,allowed,5.0,0.18137670140483864,2,5,3,8,0.625,1,500
570,in_abs_train_6553,allowed,5.0,0.1884304901102117,2,5,3,8,0.625,1,500
570,sc_1968_insc_171,allowed,3.0,0.1735189751919775,2,3,5,8,0.375,1,500
570,sc_1982_insc_6,dismissed,4.0,0.1858125574649565,2,4,4,8,0.5,0,500
570,sc_1988_insc_65,dismissed,6.0,0.16159542368415167,2,2,6,8,0.25,0,500
570,sc_1997_insc_45,dismissed,5.0,0.18075538114396483,2,3,5,8,0.375,0,500
570,sc_2010_insc_43,dismissed,5.0,0.18055705979297118,2,3,5,8,0.375,0,500
570,sc_2013_insc_308,dismissed,4.0,0.187085768623454,2,4,4,8,0.5,0,500
570,sc_2015_insc_54,allowed,4.0,0.18980995841235515,3,4,3,7,0.5714285714285714,1,500
570,sc_2015_insc_797,allowed,4.0,0.175386539978217,2,4,4,8,0.5,1,500
570,sc_2022_insc_1305,dismissed,3.0,0.22663864092262212,2,5,3,8,0.625,0,500
570,sc_2022_insc_336,allowed,3.0,0.20251661597184345,2,3,5,8,0.375,1,500
571,in_abs_train_5964,dismissed,4.0,0.17563659722766858,2,4,4,8,0.5,0,500
571,sc_1956_insc_11,dismissed,5.0,0.21322453045623257,2,3,5,8,0.375,0,500
571,sc_1986_insc_193,dismissed,3.0,0.18424759942828123,2,5,3,8,0.625,0,500
571,sc_1994_insc_498,dismissed,3.0,0.1674768181357581,2,5,3,8,0.625,0,500
571,sc_1996_insc_100,allowed,4.0,0.20424192301825533,3,4,2,6,0.6666666666666666,1,500
571,sc_2000_insc_549,allowed,3.0,0.17236648189724313,2,3,5,8,0.375,1,500
571,sc_2002_insc_256,allowed,3.0,0.1908811052269046,2,3,5,8,0.375,1,500
571,sc_2002_insc_405,allowed,5.0,0.23666922669312204,2,5,3,8,0.625,1,500
571,sc_2006_insc_579,dismissed,4.0,0.22110225836765754,2,4,4,8,0.5,0,500
571,sc_2009_insc_996,allowed,3.0,0.21398474734946477,2,3,5,8,0.375,1,500
571,sc_2014_insc_219,dismissed,6.0,0.16705168883034802,2,2,6,8,0.25,0,500
571,sc_2022_insc_147,allowed,5.0,0.19977093316555972,2,5,3,8,0.625,1,500
572,sc_1958_insc_110,dismissed,3.0,0.17440529031489327,2,5,3,8,0.625,0,500
572,sc_1979_insc_133,dismissed,4.0,0.1962469631248195,2,4,4,8,0.5,0,500
572,sc_1990_insc_241,dismissed,5.0,0.1957060447505665,2,3,5,8,0.375,0,500
572,sc_1991_insc_128,allowed,4.0,0.18798631872236263,2,4,4,8,0.5,1,500
572,sc_1995_insc_336,allowed,6.0,0.16392010759709946,2,6,2,8,0.75,1,500
572,sc_1996_insc_458,allowed,3.0,0.2142674787627771,2,3,5,8,0.375,1,500
572,sc_1996_insc_675,allowed,6.0,0.16942448539098473,2,6,2,8,0.75,1,500
572,sc_2009_insc_1254,dismissed,4.0,0.1763937325528562,2,4,4,8,0.5,0,500
572,sc_2013_insc_631,allowed,1.0,0.16441183982575786,2,1,7,8,0.125,1,500
572,sc_2015_insc_402,dismissed,4.0,0.22559882366952055,2,4,4,8,0.5,0,500
572,sc_2015_insc_915,dismissed,4.0,0.18803753668083226,2,4,4,8,0.5,0,500
572,sc_2023_insc_616,allowed,5.0,0.17869578941579584,2,5,3,8,0.625,1,500
573,in_abs_train_1056,dismissed,6.0,0.19130188856569846,3,1,6,7,0.14285714285714285,0,500
573,sc_1961_insc_139,dismissed,5.0,0.17215229564605272,3,2,5,7,0.2857142857142857,0,500
573,sc_1969_insc_322,dismissed,5.0,0.2292827884910123,2,3,5,8,0.375,0,500
573,sc_1995_insc_647,allowed,5.0,0.2034594005657429,2,5,3,8,0.625,1,500
573,sc_1997_insc_589,allowed,5.0,0.18377397802735834,2,5,3,8,0.625,1,500
573,sc_1999_insc_379,allowed,3.0,0.1753020461890391,2,3,5,8,0.375,1,500
573,sc_2000_insc_172,allowed,4.0,0.2125780545529443,2,4,4,8,0.5,1,500
573,sc_2007_insc_163,dismissed,1.0,0.1508755841493221,2,7,1,8,0.875,0,500
573,sc_2008_insc_166,allowed,5.0,0.1679122976405761,2,5,3,8,0.625,1,500
573,sc_2014_insc_490,dismissed,5.0,0.1804727639473217,3,2,5,7,0.2857142857142857,0,500
573,sc_2015_insc_423,dismissed,5.0,0.1691571241920372,2,3,5,8,0.375,0,500
573,sc_2018_insc_438,allowed,5.0,0.1838884441174499,2,5,3,8,0.625,1,500
574,in_abs_train_2151,dismissed,3.0,0.18843284316681252,2,5,3,8,0.625,0,500
574,sc_1960_insc_87,dismissed,5.0,0.18842950651578233,2,3,5,8,0.375,0,500
574,sc_1961_insc_89,dismissed,5.0,0.17593910425663234,2,3,5,8,0.375,0,500
574,sc_1968_insc_72,dismissed,5.0,0.1474755788433528,2,3,5,8,0.375,0,500
574,sc_1974_insc_144,dismissed,5.0,0.2271007435090448,2,3,5,8,0.375,0,500
574,sc_1992_insc_271,allowed,4.0,0.18593302522358685,3,4,3,7,0.5714285714285714,1,500
574,sc_1999_insc_418,allowed,4.0,0.18648347063862944,2,4,4,8,0.5,1,500
574,sc_2004_insc_523,dismissed,6.0,0.1677546094835435,2,2,6,8,0.25,0,500
574,sc_2006_insc_901,allowed,3.0,0.1753154268281276,2,3,5,8,0.375,1,500
574,sc_2009_insc_75,allowed,6.0,0.1532483041902394,2,6,2,8,0.75,1,500
574,sc_2012_insc_204,allowed,6.0,0.16024045960906352,2,6,2,8,0.75,1,500
574,sc_2017_insc_1270,allowed,5.0,0.1930301405651487,2,5,3,8,0.625,1,500
575,in_abs_train_1161,dismissed,2.0,0.16453938683922634,3,5,2,7,0.7142857142857143,0,500
575,in_abs_train_3285,allowed,3.0,0.18298214280609043,2,3,5,8,0.375,1,500
575,in_abs_train_6098,allowed,4.0,0.17860109118715545,2,4,4,8,0.5,1,500
575,sc_1965_insc_85,allowed,6.0,0.14877027964667805,2,6,2,8,0.75,1,500
575,sc_1966_insc_5,dismissed,4.0,0.1876497245290368,2,4,4,8,0.5,0,500
575,sc_1988_insc_48,allowed,5.0,0.1778505136452862,2,5,3,8,0.625,1,500
575,sc_1993_insc_188,dismissed,2.0,0.22515830472618545,2,6,2,8,0.75,0,500
575,sc_2003_insc_71,dismissed,5.0,0.1883201467676027,2,3,5,8,0.375,0,500
575,sc_2011_insc_261,allowed,2.0,0.1698029812911338,2,2,6,8,0.25,1,500
575,sc_2014_insc_215,dismissed,4.0,0.236428699348586,2,4,4,8,0.5,0,500
575,sc_2018_insc_447,dismissed,1.0,0.12352058460608326,2,7,1,8,0.875,0,500
575,sc_2020_insc_559,allowed,2.0,0.16306006507244059,2,2,6,8,0.25,1,500
576,in_abs_train_3408,dismissed,3.0,0.18153169919465856,2,5,3,8,0.625,0,500
576,in_abs_train_923,allowed,5.0,0.17667500410767303,2,5,3,8,0.625,1,500
576,sc_1954_insc_68,allowed,7.0,0.12138085743424529,2,7,1,8,0.875,1,500
576,sc_1990_insc_107,allowed,4.0,0.15870793054306362,2,4,4,8,0.5,1,500
576,sc_1994_insc_258,dismissed,3.0,0.19684271732875022,3,4,3,7,0.5714285714285714,0,500
576,sc_1995_insc_78,allowed,3.0,0.18404711474471594,2,3,5,8,0.375,1,500
576,sc_1999_insc_409,dismissed,1.0,0.10674964389409368,2,7,1,8,0.875,0,500
576,sc_2002_insc_109,allowed,3.0,0.18276544627212427,2,3,5,8,0.375,1,500
576,sc_2006_insc_842,dismissed,6.0,0.16202298117418845,2,2,6,8,0.25,0,500
576,sc_2014_insc_70,dismissed,6.0,0.14429359605061315,2,2,6,8,0.25,0,500
576,sc_2018_insc_1193,allowed,5.0,0.14432505901908324,2,5,3,8,0.625,1,500
576,sc_2023_insc_319,dismissed,4.0,0.17849517345058116,2,4,4,8,0.5,0,500
577,in_abs_train_2233,dismissed,4.0,0.15393424732557073,2,4,4,8,0.5,0,500
577,sc_1968_insc_216,dismissed,2.0,0.17888651602765973,2,6,2,8,0.75,0,500
577,sc_1974_insc_43,allowed,3.0,0.1782810782009867,3,3,4,7,0.42857142857142855,1,500
577,sc_1976_insc_26,allowed,7.0,0.12345250822405691,2,7,1,8,0.875,1,500
577,sc_1989_insc_292,dismissed,5.0,0.15643643758081485,2,3,5,8,0.375,0,500
577,sc_1990_insc_276,allowed,2.0,0.15771021968425872,2,2,6,8,0.25,1,500
577,sc_2000_insc_11,dismissed,3.0,0.16968364626114105,2,5,3,8,0.625,0,500
577,sc_2002_insc_259,allowed,3.0,0.25086090313788556,2,3,5,8,0.375,1,500
577,sc_2004_insc_172,dismissed,5.0,0.20164133967309467,2,3,5,8,0.375,0,500
577,sc_2009_insc_182,dismissed,6.0,0.1671872083574457,2,2,6,8,0.25,0,500
577,sc_2022_insc_1301,allowed,4.0,0.18746516045369221,2,4,4,8,0.5,1,500
577,sc_2023_insc_836,allowed,5.0,0.18067881674792033,2,5,3,8,0.625,1,500
578,in_abs_train_3062,allowed,5.0,0.16045274697808956,2,5,3,8,0.625,1,500
578,sc_1990_insc_222,dismissed,3.0,0.2643558380062944,2,5,3,8,0.625,0,500
578,sc_1992_insc_213,dismissed,5.0,0.17829394730844172,2,3,5,8,0.375,0,500
578,sc_1995_insc_884,allowed,3.0,0.22427242040123313,2,3,5,8,0.375,1,500
578,sc_1999_insc_380,dismissed,2.0,0.17858553101201682,2,6,2,8,0.75,0,500
578,sc_2002_insc_115,dismissed,6.0,0.15171810607386424,2,2,6,8,0.25,0,500
578,sc_2002_insc_403,allowed,5.0,0.16429213053131592,2,5,3,8,0.625,1,500
578,sc_2012_insc_273,allowed,4.0,0.1802548016747008,2,4,4,8,0.5,1,500
578,sc_2014_insc_832,allowed,1.0,0.11810704659126749,2,1,7,8,0.125,1,500
578,sc_2015_insc_338,dismissed,4.0,0.2035710116068653,2,4,4,8,0.5,0,500
578,sc_2022_insc_1312,allowed,4.0,0.18708673504172182,2,4,4,8,0.5,1,500
578,sc_2023_insc_772,dismissed,5.0,0.1841636427204317,2,3,5,8,0.375,0,500
579,in_abs_train_5008,dismissed,5.0,0.18069338954921874,2,3,5,8,0.375,0,500
579,in_abs_train_5107,dismissed,5.0,0.2031240796682447,2,3,5,8,0.375,0,500
579,in_abs_train_5809,allowed,2.0,0.20852989179925624,2,2,6,8,0.25,1,500
579,in_abs_train_6196,dismissed,4.0,0.13667177282490767,3,3,4,7,0.42857142857142855,0,500
579,sc_1964_insc_130,dismissed,6.0,0.20905165304448778,2,2,6,8,0.25,0,500
579,sc_1985_insc_125,dismissed,2.0,0.16167685363813927,3,5,2,7,0.7142857142857143,0,500
579,sc_1988_insc_352,allowed,6.0,0.17269255187902513,2,6,2,8,0.75,1,500
579,sc_1996_insc_514,allowed,2.0,0.16236866945759137,2,2,6,8,0.25,1,500
579,sc_2004_insc_21,allowed,5.0,0.18036722213702958,2,5,3,8,0.625,1,500
579,sc_2006_insc_759,dismissed,4.0,0.2164316814621297,2,4,4,8,0.5,0,500
579,sc_2012_insc_463,allowed,1.0,0.12234698018099395,2,1,7,8,0.125,1,500
579,sc_2015_insc_414,allowed,3.0,0.1634980565615216,2,3,5,8,0.375,1,500
580,in_abs_train_359,allowed,6.0,0.17470850192329965,2,6,2,8,0.75,1,500
580,in_abs_train_7024,dismissed,5.0,0.19059938352471129,2,3,5,8,0.375,0,500
580,sc_1953_insc_12,allowed,3.0,0.16827734939205916,2,3,5,8,0.375,1,500
580,sc_1963_insc_218,dismissed,4.0,0.25908689683556185,2,4,4,8,0.5,0,500
580,sc_1999_insc_465,allowed,5.0,0.18301524861387478,2,5,3,8,0.625,1,500
580,sc_2002_insc_429,allowed,5.0,0.16680123732658084,2,5,3,8,0.625,1,500
580,sc_2005_insc_364,dismissed,3.0,0.1656064997903689,2,5,3,8,0.625,0,500
580,sc_2008_insc_786,dismissed,3.0,0.18083541254016433,2,5,3,8,0.625,0,500
580,sc_2013_insc_103,dismissed,3.0,0.22166158144796605,2,5,3,8,0.625,0,500
580,sc_2017_insc_1026,allowed,5.0,0.18060171933507643,2,5,3,8,0.625,1,500
580,sc_2019_insc_280,dismissed,4.0,0.17696803378554413,2,4,4,8,0.5,0,500
580,sc_2023_insc_344,allowed,5.0,0.19403327101897475,2,5,3,8,0.625,1,500
581,in_abs_train_787,dismissed,3.0,0.2276416650759949,2,5,3,8,0.625,0,500
581,sc_1958_insc_96,allowed,3.0,0.180585404088046,2,3,5,8,0.375,1,500
581,sc_1963_insc_140,dismissed,5.0,0.179360974367222,2,3,5,8,0.375,0,500
581,sc_1964_insc_283,dismissed,3.0,0.20514475712304658,2,5,3,8,0.625,0,500
581,sc_1972_insc_109,dismissed,3.0,0.1802889128052657,2,5,3,8,0.625,0,500
581,sc_1986_insc_23,allowed,4.0,0.19724902050775772,2,4,4,8,0.5,1,500
581,sc_1993_insc_225,dismissed,2.0,0.16132714101654264,2,6,2,8,0.75,0,500
581,sc_1995_insc_6,allowed,3.0,0.18130039939677067,2,3,5,8,0.375,1,500
581,sc_2002_insc_25,allowed,5.0,0.20659475622551973,2,5,3,8,0.625,1,500
581,sc_2004_insc_619,allowed,4.0,0.1899344939161043,2,4,4,8,0.5,1,500
581,sc_2009_insc_355,dismissed,3.0,0.18145645876785818,2,5,3,8,0.625,0,500
581,sc_2022_insc_1327,allowed,4.0,0.2072528971880903,2,4,4,8,0.5,1,500
582,in_abs_train_2368,dismissed,4.0,0.1900418004326247,2,4,4,8,0.5,0,500
582,in_abs_train_5625,dismissed,4.0,0.21360321377560743,2,4,4,8,0.5,0,500
582,sc_1975_insc_184,dismissed,3.0,0.1809318276724163,2,5,3,8,0.625,0,500
582,sc_1990_insc_288,allowed,4.0,0.2603216723533747,2,4,4,8,0.5,1,500
582,sc_1992_insc_184,dismissed,5.0,0.18927577443378704,3,2,5,7,0.2857142857142857,0,500
582,sc_2001_insc_204,allowed,3.0,0.19163044744181176,2,3,5,8,0.375,1,500
582,sc_2003_insc_414,allowed,4.0,0.22229745941703016,2,4,4,8,0.5,1,500
582,sc_2014_insc_867,allowed,3.0,0.2262998539193708,2,3,5,8,0.375,1,500
582,sc_2016_insc_1053,dismissed,4.0,0.202312005664667,3,3,4,7,0.42857142857142855,0,500
582,sc_2018_insc_9,allowed,2.0,0.19578745386599014,2,2,6,8,0.25,1,500
582,sc_2019_insc_261,dismissed,5.0,0.19557746170452694,2,3,5,8,0.375,0,500
582,sc_2021_insc_654,allowed,4.0,0.18837763567813418,2,4,4,8,0.5,1,500
583,in_abs_train_1180,dismissed,4.0,0.18656591923925867,2,4,4,8,0.5,0,500
583,in_abs_train_3990,allowed,5.0,0.18036722213702958,2,5,3,8,0.625,1,500
583,in_abs_train_6745,dismissed,4.0,0.21310462041230221,2,4,4,8,0.5,0,500
583,sc_1966_insc_152,dismissed,4.0,0.1917658921283627,2,4,4,8,0.5,0,500
583,sc_1967_insc_242,allowed,6.0,0.11575138560610626,2,6,2,8,0.75,1,500
583,sc_1983_insc_2,allowed,6.0,0.1665469566365022,2,6,2,8,0.75,1,500
583,sc_1995_insc_606,allowed,4.0,0.2086095849138821,2,4,4,8,0.5,1,500
583,sc_2008_insc_230,allowed,7.0,0.17504281643801461,2,7,1,8,0.875,1,500
583,sc_2010_insc_320,dismissed,4.0,0.1872609227872302,2,4,4,8,0.5,0,500
583,sc_2012_insc_541,dismissed,6.0,0.1602981562087617,2,2,6,8,0.25,0,500
583,sc_2021_insc_347,allowed,1.0,0.12442803069014861,2,1,7,8,0.125,1,500
583,sc_2023_insc_447,dismissed,2.0,0.16271584565914723,2,6,2,8,0.75,0,500
584,in_abs_train_374,dismissed,4.0,0.21802911051704352,2,4,4,8,0.5,0,500
584,sc_1962_1_140_151_en,dismissed,3.0,0.1806788167479203,2,5,3,8,0.625,0,500
584,sc_1964_insc_30,allowed,4.0,0.18708286933869706,2,4,4,8,0.5,1,500
584,sc_1994_insc_535,allowed,8.0,0.04276533933409223,1,8,0,8,1.0,1,500
584,sc_1995_insc_48,allowed,5.0,0.18969802604427582,2,5,3,8,0.625,1,500
584,sc_1997_insc_221,dismissed,4.0,0.16197888971802993,2,4,4,8,0.5,0,500
584,sc_1998_insc_192,allowed,4.0,0.18738691530303203,2,4,4,8,0.5,1,500
584,sc_2003_insc_625,dismissed,3.0,0.1817501111189264,2,5,3,8,0.625,0,500
584,sc_2007_insc_84,allowed,7.0,0.12352058460608326,2,7,1,8,0.875,1,500
584,sc_2009_insc_310,dismissed,5.0,0.1546721666502974,2,3,5,8,0.375,0,500
584,sc_2010_insc_112,dismissed,2.0,0.20965174940072812,2,6,2,8,0.75,0,500
584,sc_2011_insc_841,allowed,4.0,0.1786325593777385,2,4,4,8,0.5,1,500
585,sc_1954_insc_12,allowed,3.0,0.1983772273063479,2,3,5,8,0.375,1,500
585,sc_1972_insc_161,dismissed,5.0,0.17816024087481308,2,3,5,8,0.375,0,500
585,sc_1976_insc_336,dismissed,5.0,0.18637297732019384,2,3,5,8,0.375,0,500
585,sc_1981_insc_54,allowed,3.0,0.17383665726117173,2,3,5,8,0.375,1,500
585,sc_1981_insc_63,dismissed,4.0,0.16772991764386416,2,4,4,8,0.5,0,500
585,sc_1996_insc_125,allowed,3.0,0.17924063218230654,3,3,3,6,0.5,1,500
585,sc_2000_insc_167,dismissed,3.0,0.18028087049894898,2,5,3,8,0.625,0,500
585,sc_2005_insc_309,allowed,4.0,0.18218959659416026,2,4,4,8,0.5,1,500
585,sc_2010_insc_605,dismissed,4.0,0.19759613612343915,2,4,4,8,0.5,0,500
585,sc_2013_insc_74,dismissed,4.0,0.18647868271505688,2,4,4,8,0.5,0,500
585,sc_2019_insc_1029,allowed,5.0,0.18224041898684273,2,5,3,8,0.625,1,500
585,sc_2023_insc_275,allowed,3.0,0.18811047048780366,2,3,5,8,0.375,1,500
586,in_abs_train_3182,allowed,5.0,0.2252439010942554,2,5,3,8,0.625,1,500
586,in_abs_train_3600,dismissed,3.0,0.21523164666764633,2,5,3,8,0.625,0,500
586,in_abs_train_3671,dismissed,4.0,0.21252104675184522,2,4,4,8,0.5,0,500
586,sc_1952_insc_47,allowed,5.0,0.1799002699910624,2,5,3,8,0.625,1,500
586,sc_1979_insc_67,dismissed,3.0,0.17723576069364239,2,5,3,8,0.625,0,500
586,sc_1992_insc_347,allowed,1.0,0.1321410738296656,2,1,7,8,0.125,1,500
586,sc_1994_insc_32,dismissed,2.0,0.17291355956760956,2,6,2,8,0.75,0,500
586,sc_1997_insc_207,allowed,3.0,0.20636453789129786,2,3,5,8,0.375,1,500
586,sc_2007_insc_691,dismissed,4.0,0.18612270038395176,2,4,4,8,0.5,0,500
586,sc_2009_insc_1168,allowed,4.0,0.1740387246522205,2,4,4,8,0.5,1,500
586,sc_2014_insc_955,allowed,4.0,0.2126612817252495,2,4,4,8,0.5,1,500
586,sc_2016_insc_581,dismissed,7.0,0.12267798405915162,2,1,7,8,0.125,0,500
587,sc_1959_insc_80,allowed,6.0,0.16236866945759137,2,6,2,8,0.75,1,500
587,sc_1974_insc_188,dismissed,3.0,0.18265286351228993,2,5,3,8,0.625,0,500
587,sc_1986_insc_228,allowed,3.0,0.1816885550242109,2,3,5,8,0.375,1,500
587,sc_1989_insc_99,allowed,4.0,0.20604055394652643,2,4,4,8,0.5,1,500
587,sc_1992_insc_70,dismissed,4.0,0.21349077587551313,2,4,4,8,0.5,0,500
587,sc_1994_insc_473,allowed,3.0,0.17905984197762467,2,3,5,8,0.375,1,500
587,sc_2010_insc_768,dismissed,6.0,0.1839180799342652,2,2,6,8,0.25,0,500
587,sc_2016_insc_998,allowed,2.0,0.1616743171361134,2,2,6,8,0.25,1,500
587,sc_2021_insc_395,dismissed,2.0,0.17047535627830282,2,6,2,8,0.75,0,500
587,sc_2022_insc_641,dismissed,5.0,0.22537819515910273,2,3,5,8,0.375,0,500
587,sc_2023_insc_109,dismissed,5.0,0.17077689798075313,2,3,5,8,0.375,0,500
587,sc_2023_insc_818,allowed,3.0,0.16555014249724737,2,3,5,8,0.375,1,500
588,in_abs_train_2464,allowed,4.0,0.17141252196593654,2,4,4,8,0.5,1,500
588,in_abs_train_2499,allowed,5.0,0.19544251664737822,2,5,3,8,0.625,1,500
588,in_abs_train_884,dismissed,5.0,0.1709973167632901,2,3,5,8,0.375,0,500
588,in_abs_train_896,dismissed,5.0,0.14038196448673165,2,3,5,8,0.375,0,500
588,sc_1959_insc_41,allowed,5.0,0.19495843796748633,2,5,3,8,0.625,1,500
588,sc_1968_insc_160,dismissed,4.0,0.23752921264576912,2,4,4,8,0.5,0,500
588,sc_1988_insc_326,dismissed,3.0,0.17484742072937273,2,5,3,8,0.625,0,500
588,sc_2000_insc_207,allowed,0.0,0.04554990111044126,1,0,8,8,0.0,1,500
588,sc_2008_insc_1067,allowed,6.0,0.17609885588399143,2,6,2,8,0.75,1,500
588,sc_2009_insc_1225,dismissed,5.0,0.18141283362995558,2,3,5,8,0.375,0,500
588,sc_2015_insc_273,dismissed,7.0,0.1268980695574127,2,1,7,8,0.125,0,500
588,sc_2015_insc_954,allowed,6.0,0.1946435322909508,2,6,2,8,0.75,1,500
589,in_abs_train_2406,dismissed,0.0,0.036420633378092884,1,8,0,8,1.0,0,500
589,in_abs_train_3935,allowed,6.0,0.22862658443881925,2,6,2,8,0.75,1,500
589,in_abs_train_5224,allowed,7.0,0.11372859544552398,2,7,1,8,0.875,1,500
589,in_abs_train_5311,dismissed,5.0,0.19059938352471129,2,3,5,8,0.375,0,500
589,in_abs_train_6755,dismissed,5.0,0.186436886157015,2,3,5,8,0.375,0,500
589,sc_1997_insc_727,dismissed,5.0,0.1773014382751473,2,3,5,8,0.375,0,500
589,sc_1998_insc_143,allowed,2.0,0.1660681571298363,2,2,6,8,0.25,1,500
589,sc_1999_insc_373,dismissed,4.0,0.21804992967194292,2,4,4,8,0.5,0,500
589,sc_2006_insc_79,allowed,5.0,0.17018728012827608,2,5,3,8,0.625,1,500
589,sc_2007_insc_352,allowed,4.0,0.21869427379761242,2,4,4,8,0.5,1,500
589,sc_2010_insc_81,dismissed,4.0,0.19006586990059318,2,4,4,8,0.5,0,500
589,sc_2012_insc_130,allowed,4.0,0.20310465135433842,2,4,4,8,0.5,1,500
590,in_abs_train_2064,allowed,3.0,0.19467286593340533,2,3,5,8,0.375,1,500
590,in_abs_train_3165,allowed,5.0,0.16465873800075112,2,5,3,8,0.625,1,500
590,in_abs_train_522,dismissed,2.0,0.19606864820674974,2,6,2,8,0.75,0,500
590,sc_1981_insc_190,dismissed,1.0,0.11760931396829671,2,7,1,8,0.875,0,500
590,sc_1996_insc_811,dismissed,4.0,0.20440820988854938,2,4,4,8,0.5,0,500
590,sc_1997_insc_164,dismissed,2.0,0.2059406404811287,2,6,2,8,0.75,0,500
590,sc_2005_insc_80,allowed,1.0,0.12363255158937712,2,1,7,8,0.125,1,500
590,sc_2008_insc_1332,dismissed,4.0,0.17101542971739414,2,4,4,8,0.5,0,500
590,sc_2014_insc_1013,dismissed,5.0,0.23644838798500825,3,2,5,7,0.2857142857142857,0,500
590,sc_2017_insc_1282,allowed,4.0,0.19627662935103715,2,4,4,8,0.5,1,500
590,sc_2023_insc_1017,allowed,5.0,0.17213638375710189,2,5,3,8,0.625,1,500
590,sc_2023_insc_404,allowed,4.0,0.2021154438774282,2,4,4,8,0.5,1,500
591,sc_1972_insc_236,dismissed,5.0,0.21824846501342546,2,3,5,8,0.375,0,500
591,sc_1976_insc_215,dismissed,4.0,0.1871575921134761,2,4,4,8,0.5,0,500
591,sc_1978_insc_266,allowed,3.0,0.17598655272796107,2,3,5,8,0.375,1,500
591,sc_1995_insc_426,allowed,4.0,0.18051539432342323,2,4,4,8,0.5,1,500
591,sc_2001_insc_441,allowed,3.0,0.20076297719751113,2,3,5,8,0.375,1,500
591,sc_2003_insc_601,allowed,4.0,0.18618231931841894,2,4,4,8,0.5,1,500
591,sc_2004_insc_38,dismissed,6.0,0.17166248056206876,2,2,6,8,0.25,0,500
591,sc_2004_insc_675,dismissed,4.0,0.19503203847508238,2,4,4,8,0.5,0,500
591,sc_2006_insc_654,allowed,4.0,0.1902165471809132,2,4,4,8,0.5,1,500
591,sc_2010_insc_50,dismissed,3.0,0.18023765805506278,2,5,3,8,0.625,0,500
591,sc_2015_insc_472,dismissed,5.0,0.18707017797632852,2,3,5,8,0.375,0,500
591,sc_2021_insc_750,allowed,4.0,0.2001216566375492,2,4,4,8,0.5,1,500
592,sc_1954_insc_82,allowed,5.0,0.2037768430658026,2,5,3,8,0.625,1,500
592,sc_1962_insc_12,dismissed,7.0,0.14388948535241303,2,1,7,8,0.125,0,500
592,sc_1962_insc_145,dismissed,1.0,0.18574644262662332,2,7,1,8,0.875,0,500
592,sc_1962_insc_185,dismissed,6.0,0.16185424976179513,2,2,6,8,0.25,0,500
592,sc_1973_insc_127,dismissed,4.0,0.1570763703706784,2,4,4,8,0.5,0,500
592,sc_1997_insc_572,allowed,2.0,0.15881033372615988,2,2,6,8,0.25,1,500
592,sc_2007_insc_1290,allowed,2.0,0.16954654354152787,2,2,6,8,0.25,1,500
592,sc_2008_insc_1039,allowed,5.0,0.19749801083989246,2,5,3,8,0.625,1,500
592,sc_2008_insc_1500,dismissed,5.0,0.1441843285033809,2,3,5,8,0.375,0,500
592,sc_2014_insc_522,allowed,3.0,0.21013019926171173,2,3,5,8,0.375,1,500
592,sc_2015_insc_458,allowed,8.0,0.0007954951288348514,1,8,0,8,1.0,1,500
592,sc_2022_insc_1208,dismissed,5.0,0.18036722213702958,2,3,5,8,0.375,0,500
593,sc_1955_insc_37,dismissed,3.0,0.18872253156344806,2,5,3,8,0.625,0,500
593,sc_1968_insc_98,allowed,5.0,0.22189254849002213,2,5,3,8,0.625,1,500
593,sc_1971_insc_194,allowed,5.0,0.16517420457548104,2,5,3,8,0.625,1,500
593,sc_1978_insc_172,dismissed,4.0,0.1709499627485745,2,4,4,8,0.5,0,500
593,sc_1992_insc_176,dismissed,3.0,0.15278103524986297,2,5,3,8,0.625,0,500
593,sc_2001_insc_185,allowed,2.0,0.16184678808212413,2,2,6,8,0.25,1,500
593,sc_2011_insc_704,dismissed,4.0,0.1884744174332042,2,4,4,8,0.5,0,500
593,sc_2015_insc_167,dismissed,4.0,0.19188756938820783,2,4,4,8,0.5,0,500
593,sc_2015_insc_78,allowed,5.0,0.1697285016651658,2,5,3,8,0.625,1,500
593,sc_2016_insc_217,allowed,4.0,0.1923090628900335,2,4,4,8,0.5,1,500
593,sc_2017_insc_664,dismissed,3.0,0.18184328699950877,2,5,3,8,0.625,0,500
593,sc_2020_insc_112,allowed,4.0,0.20278024864633987,2,4,4,8,0.5,1,500
594,in_abs_train_2049,dismissed,2.0,0.1647533871318844,2,6,2,8,0.75,0,500
594,sc_1965_insc_58,dismissed,4.0,0.17447202917170893,2,4,4,8,0.5,0,500
594,sc_1969_insc_278,dismissed,4.0,0.21978230007123675,2,4,4,8,0.5,0,500
594,sc_1973_insc_237,allowed,5.0,0.18297220491838956,3,5,2,7,0.7142857142857143,1,500
594,sc_1983_insc_33,dismissed,4.0,0.19457190876015845,2,4,4,8,0.5,0,500
594,sc_1990_insc_92,dismissed,5.0,0.1525536862438562,2,3,5,8,0.375,0,500
594,sc_1992_insc_45,allowed,4.0,0.18648436536821447,2,4,4,8,0.5,1,500
594,sc_1996_insc_605,allowed,3.0,0.19541973833499923,2,3,5,8,0.375,1,500
594,sc_2004_insc_676,allowed,6.0,0.14399985709493612,2,6,2,8,0.75,1,500
594,sc_2013_insc_99,allowed,2.0,0.16190100797687632,2,2,6,8,0.25,1,500
594,sc_2019_insc_108,dismissed,2.0,0.163178932042273,2,6,2,8,0.75,0,500
594,sc_2021_insc_173,allowed,4.0,0.187085768623454,2,4,4,8,0.5,1,500
595,in_abs_train_3044,allowed,3.0,0.20170304137595738,2,3,5,8,0.375,1,500
595,sc_1959_insc_114,dismissed,5.0,0.17474285449798133,2,3,5,8,0.375,0,500
595,sc_1973_insc_187,allowed,5.0,0.20912633086428145,2,5,3,8,0.625,1,500
595,sc_1976_insc_204,allowed,4.0,0.19126580280453384,2,4,4,8,0.5,1,500
595,sc_1996_insc_312,allowed,3.0,0.17422331472239055,2,3,5,8,0.375,1,500
595,sc_2000_insc_34,allowed,4.0,0.15905276805216487,2,4,4,8,0.5,1,500
595,sc_2004_insc_712,dismissed,6.0,0.16276959778867092,2,2,6,8,0.25,0,500
595,sc_2009_insc_1316,dismissed,2.0,0.17523988238023883,2,6,2,8,0.75,0,500
595,sc_2010_insc_15,dismissed,3.0,0.18669087549058305,2,5,3,8,0.625,0,500
595,sc_2013_insc_747,dismissed,5.0,0.20894286517547825,2,3,5,8,0.375,0,500
595,sc_2016_insc_250,allowed,3.0,0.2031131553323113,2,3,5,8,0.375,1,500
595,sc_2019_insc_1368,dismissed,5.0,0.22455647840121842,2,3,5,8,0.375,0,500
596,in_abs_train_2929,allowed,3.0,0.1865031717794606,2,3,5,8,0.375,1,500
596,in_abs_train_6114,dismissed,3.0,0.18609863373592647,2,5,3,8,0.625,0,500
596,sc_1960_insc_152,dismissed,2.0,0.19740090437573113,2,6,2,8,0.75,0,500
596,sc_1964_insc_96,dismissed,3.0,0.20695303100861023,2,5,3,8,0.625,0,500
596,sc_1994_insc_346,dismissed,3.0,0.18489827283294868,2,5,3,8,0.625,0,500
596,sc_2003_insc_733,allowed,6.0,0.13853218927764288,2,6,2,8,0.75,1,500
596,sc_2004_insc_480,allowed,4.0,0.1883090293921012,2,4,4,8,0.5,1,500
596,sc_2006_insc_442,allowed,6.0,0.2040181517659642,2,6,2,8,0.75,1,500
596,sc_2009_insc_469,dismissed,5.0,0.2094215862647659,2,3,5,8,0.375,0,500
596,sc_2013_insc_599,allowed,3.0,0.16907577760823986,2,3,5,8,0.375,1,500
596,sc_2014_insc_580,dismissed,4.0,0.1476834074792643,2,4,4,8,0.5,0,500
596,sc_2022_insc_1231,allowed,5.0,0.18018004035529495,2,5,3,8,0.625,1,500
597,in_abs_train_2373,allowed,4.0,0.172812063529086,2,4,4,8,0.5,1,500
597,in_abs_train_572,dismissed,2.0,0.1752368804952721,2,6,2,8,0.75,0,500
597,in_abs_train_6338,dismissed,6.0,0.16180514900606746,2,2,6,8,0.25,0,500
597,in_abs_train_897,dismissed,5.0,0.22658962276074587,2,3,5,8,0.375,0,500
597,sc_1971_insc_222,allowed,5.0,0.2259385484563699,2,5,3,8,0.625,1,500
597,sc_1986_insc_267,dismissed,2.0,0.2201238983617188,2,6,2,8,0.75,0,500
597,sc_1996_insc_1234,dismissed,3.0,0.223125555221398,2,5,3,8,0.625,0,500
597,sc_1998_insc_347,allowed,4.0,0.21182658674534352,2,4,4,8,0.5,1,500
597,sc_2008_insc_1252,allowed,3.0,0.16860627644843307,2,3,5,8,0.375,1,500
597,sc_2011_insc_496,allowed,5.0,0.18542029262557905,2,5,3,8,0.625,1,500
597,sc_2017_insc_653,allowed,2.0,0.17795859205873804,3,2,5,7,0.2857142857142857,1,500
597,sc_2020_insc_576,dismissed,2.0,0.18293860882332708,2,6,2,8,0.75,0,500
598,in_abs_train_4904,allowed,3.0,0.19389196380998228,2,3,5,8,0.375,1,500
598,sc_1963_insc_250,allowed,2.0,0.170163042796411,2,2,6,8,0.25,1,500
598,sc_1994_insc_227,allowed,6.0,0.1891888082230327,2,6,2,8,0.75,1,500
598,sc_1996_insc_1268,dismissed,6.0,0.16236866945759137,2,2,6,8,0.25,0,500
598,sc_2002_insc_89,dismissed,6.0,0.17416081969736008,2,2,6,8,0.25,0,500
598,sc_2004_insc_479,allowed,3.0,0.1870786747749608,2,3,5,8,0.375,1,500
598,sc_2006_insc_382,dismissed,4.0,0.20945775272616585,2,4,4,8,0.5,0,500
598,sc_2006_insc_791,dismissed,2.0,0.16035121886925943,2,6,2,8,0.75,0,500
598,sc_2010_insc_487,allowed,2.0,0.143982358591131,2,2,6,8,0.25,1,500
598,sc_2016_insc_50,allowed,5.0,0.16677531550312982,2,5,3,8,0.625,1,500
598,sc_2021_insc_215,dismissed,6.0,0.22532983283435068,2,2,6,8,0.25,0,500
598,sc_2022_insc_1120,dismissed,3.0,0.20676160613827957,3,4,3,7,0.5714285714285714,0,500
599,in_abs_train_4746,allowed,5.0,0.1849058116054006,2,5,3,8,0.625,1,500
599,in_abs_train_4749,allowed,5.0,0.1861247654812825,2,5,3,8,0.625,1,500
599,sc_1963_insc_101,dismissed,4.0,0.21411999898777465,2,4,4,8,0.5,0,500
599,sc_1975_insc_20,dismissed,3.0,0.17617929742529295,2,5,3,8,0.625,0,500
599,sc_1980_insc_95,dismissed,3.0,0.16587220769530464,2,5,3,8,0.625,0,500
599,sc_1985_insc_142,dismissed,4.0,0.20877350308367096,2,4,4,8,0.5,0,500
599,sc_1995_insc_381,dismissed,4.0,0.17195102863897033,2,4,4,8,0.5,0,500
599,sc_1996_insc_347,allowed,6.0,0.15778380043138596,2,6,2,8,0.75,1,500
599,sc_2006_insc_870,allowed,3.0,0.16106278352895567,2,3,5,8,0.375,1,500
599,sc_2007_insc_76,allowed,3.0,0.27029299537284945,2,3,5,8,0.375,1,500
599,sc_2015_insc_877,allowed,5.0,0.16851049960353584,3,5,2,7,0.7142857142857143,1,500
599,sc_2022_insc_288,dismissed,5.0,0.18456947923393024,2,3,5,8,0.375,0,500
600,in_abs_train_3763,allowed,6.0,0.17246235177187993,2,6,2,8,0.75,1,600
600,sc_1962_insc_103,dismissed,3.0,0.1719551086395413,2,5,3,8,0.625,0,600
600,sc_1967_insc_143,allowed,2.0,0.15848505731726617,2,2,6,8,0.25,1,600
600,sc_1967_insc_20,dismissed,4.0,0.19205260800382645,2,4,4,8,0.5,0,600
600,sc_1976_insc_131,dismissed,3.0,0.18623994578775196,2,5,3,8,0.625,0,600
600,sc_1990_insc_44,dismissed,3.0,0.19195642369488772,2,5,3,8,0.625,0,600
600,sc_1997_insc_541,allowed,5.0,0.2127206181448535,2,5,3,8,0.625,1,600
600,sc_1999_insc_459,dismissed,3.0,0.1864890791927593,2,5,3,8,0.625,0,600
600,sc_2007_insc_1041,allowed,3.0,0.18130039939677067,2,3,5,8,0.375,1,600
600,sc_2013_insc_772,dismissed,6.0,0.18487537757457015,2,2,6,8,0.25,0,600
600,sc_2022_insc_845,allowed,4.0,0.23857727042468577,2,4,4,8,0.5,1,600
600,sc_2024_insc_49,allowed,3.0,0.181142209327368,2,3,5,8,0.375,1,600
601,in_abs_train_1820,allowed,1.0,0.15349942975004544,3,1,6,7,0.14285714285714285,1,600
601,in_abs_train_5558,dismissed,2.0,0.16989098056291846,2,6,2,8,0.75,0,600
601,in_abs_train_5855,dismissed,6.0,0.12239065261631012,2,2,6,8,0.25,0,600
601,in_abs_train_6468,allowed,4.0,0.18985840294715126,2,4,4,8,0.5,1,600
601,sc_1974_insc_231,dismissed,3.0,0.18256760000456973,3,4,3,7,0.5714285714285714,0,600
601,sc_1986_insc_117,allowed,4.0,0.20665399843908577,2,4,4,8,0.5,1,600
601,sc_1988_insc_253,allowed,4.0,0.24079256490021547,2,4,4,8,0.5,1,600
601,sc_1988_insc_357,dismissed,5.0,0.19352731703392756,2,3,5,8,0.375,0,600
601,sc_1995_insc_587,allowed,5.0,0.15798895348917016,2,5,3,8,0.625,1,600
601,sc_1997_insc_86,dismissed,2.0,0.16802051422013137,2,6,2,8,0.75,0,600
601,sc_2010_insc_524,allowed,3.0,0.20227262455764936,2,3,5,8,0.375,1,600
601,sc_2023_insc_179,dismissed,4.0,0.18618231931841894,2,4,4,8,0.5,0,600
602,in_abs_train_5178,dismissed,5.0,0.2266611567863758,2,3,5,8,0.375,0,600
602,in_abs_train_5812,dismissed,2.0,0.16545769243461678,2,6,2,8,0.75,0,600
602,in_abs_train_6905,allowed,3.0,0.17208338665974035,2,3,5,8,0.375,1,600
602,sc_1972_insc_158,allowed,4.0,0.18738498555780822,2,4,4,8,0.5,1,600
602,sc_1989_insc_158,dismissed,5.0,0.1311109554714178,2,3,5,8,0.375,0,600
602,sc_1990_insc_45,dismissed,3.0,0.1806788167479203,2,5,3,8,0.625,0,600
602,sc_1996_insc_436,allowed,3.0,0.1681177706889684,2,3,5,8,0.375,1,600
602,sc_2003_insc_462,dismissed,2.0,0.15908121352695864,2,6,2,8,0.75,0,600
602,sc_2006_insc_159,allowed,4.0,0.22431109962306509,2,4,4,8,0.5,1,600
602,sc_2007_insc_279,dismissed,2.0,0.13613135579926483,2,6,2,8,0.75,0,600
602,sc_2009_insc_384,allowed,5.0,0.15925562355452316,2,5,3,8,0.625,1,600
602,sc_2023_insc_943,allowed,4.0,0.17875437057593863,2,4,4,8,0.5,1,600
603,in_abs_train_2293,dismissed,2.0,0.17421985881705462,2,6,2,8,0.75,0,600
603,in_abs_train_353,allowed,1.0,0.11321465099364822,2,1,7,8,0.125,1,600
603,in_abs_train_5520,dismissed,5.0,0.1791976537434094,2,3,5,8,0.375,0,600
603,sc_1953_insc_78,dismissed,5.0,0.17966610531529664,2,3,5,8,0.375,0,600
603,sc_1971_insc_73,dismissed,6.0,0.18841408585784222,2,2,6,8,0.25,0,600
603,sc_1973_insc_151,dismissed,3.0,0.25470100544041185,2,5,3,8,0.625,0,600
603,sc_1995_insc_451,allowed,5.0,0.17944737767950916,2,5,3,8,0.625,1,600
603,sc_2001_insc_540,allowed,3.0,0.20517365040561242,2,3,5,8,0.375,1,600
603,sc_2002_insc_554,allowed,5.0,0.16819806081964206,2,5,3,8,0.625,1,600
603,sc_2014_insc_76,allowed,4.0,0.20043693065311805,2,4,4,8,0.5,1,600
603,sc_2016_insc_70,allowed,2.0,0.20131896238890895,2,2,6,8,0.25,1,600
603,sc_2022_insc_768,dismissed,5.0,0.1781807815755905,2,3,5,8,0.375,0,600
604,in_abs_train_1139,dismissed,5.0,0.181055074714316,2,3,5,8,0.375,0,600
604,in_abs_train_2228,dismissed,5.0,0.20080288637320035,2,3,5,8,0.375,0,600
604,sc_1972_insc_142,dismissed,5.0,0.19044581457721846,2,3,5,8,0.375,0,600
604,sc_1973_insc_115,dismissed,6.0,0.17608533334744314,2,2,6,8,0.25,0,600
604,sc_1978_insc_35,allowed,0.0,0.07575435867404905,1,0,8,8,0.0,1,600
604,sc_1988_insc_70,dismissed,4.0,0.18916825858700786,2,4,4,8,0.5,0,600
604,sc_1999_insc_234,allowed,4.0,0.21143425823299428,2,4,4,8,0.5,1,600
604,sc_2003_insc_423,allowed,4.0,0.2002391761833119,2,4,4,8,0.5,1,600
604,sc_2004_insc_532,dismissed,7.0,0.11819173734066385,2,1,7,8,0.125,0,600
604,sc_2008_insc_298,allowed,5.0,0.17737871379748466,2,5,3,8,0.625,1,600
604,sc_2015_insc_52,allowed,4.0,0.18444890367230543,2,4,4,8,0.5,1,600
604,sc_2023_insc_293,allowed,3.0,0.2147743793643014,2,3,5,8,0.375,1,600
605,in_abs_train_110,dismissed,4.0,0.1831750449657766,2,4,4,8,0.5,0,600
605,in_abs_train_4356,allowed,2.0,0.18337724988070225,2,2,6,8,0.25,1,600
605,in_abs_train_4380,allowed,3.0,0.1811797031166255,2,3,5,8,0.375,1,600
605,in_abs_train_542,allowed,5.0,0.16011074464750671,2,5,3,8,0.625,1,600
605,sc_1986_insc_19,allowed,4.0,0.18750419544696195,2,4,4,8,0.5,1,600
605,sc_1989_insc_226,dismissed,2.0,0.15691227629318724,2,6,2,8,0.75,0,600
605,sc_1996_insc_1106,dismissed,7.0,0.1689410294409603,2,1,7,8,0.125,0,600
605,sc_2008_insc_271,dismissed,4.0,0.1828725618673522,2,4,4,8,0.5,0,600
605,sc_2010_insc_763,dismissed,4.0,0.1478115914225122,2,4,4,8,0.5,0,600
605,sc_2013_insc_558,allowed,7.0,0.1968978501478803,2,7,1,8,0.875,1,600
605,sc_2017_insc_1019,allowed,5.0,0.18122356642221152,2,5,3,8,0.625,1,600
605,sc_2018_insc_968,dismissed,4.0,0.19453270310292456,2,4,4,8,0.5,0,600
606,in_abs_train_2922,dismissed,4.0,0.1821143946418255,2,4,4,8,0.5,0,600
606,in_abs_train_3052,allowed,5.0,0.19603381803275677,2,5,3,8,0.625,1,600
606,in_abs_train_3979,dismissed,4.0,0.16252202803993765,2,4,4,8,0.5,0,600
606,sc_1967_insc_205,dismissed,4.0,0.1844669837078797,3,3,4,7,0.42857142857142855,0,600
606,sc_1991_insc_49,dismissed,5.0,0.16787346798649108,2,3,5,8,0.375,0,600
606,sc_1997_insc_705,dismissed,2.0,0.1628883237889865,2,6,2,8,0.75,0,600
606,sc_2004_insc_88,allowed,3.0,0.17605002942791642,2,3,5,8,0.375,1,600
606,sc_2009_insc_391,dismissed,5.0,0.19237228496269076,2,3,5,8,0.375,0,600
606,sc_2011_insc_617,allowed,1.0,0.16429018045171517,2,1,7,8,0.125,1,600
606,sc_2011_insc_733,allowed,4.0,0.20593345839303112,2,4,4,8,0.5,1,600
606,sc_2015_insc_213,allowed,4.0,0.18074750232911732,2,4,4,8,0.5,1,600
606,sc_2022_insc_1160,allowed,5.0,0.2157255588498299,2,5,3,8,0.625,1,600
607,in_abs_train_1758,dismissed,4.0,0.18279262196422977,2,4,4,8,0.5,0,600
607,in_abs_train_3326,dismissed,3.0,0.18160537436719465,2,5,3,8,0.625,0,600
607,in_abs_train_3663,dismissed,3.0,0.211632251373529,3,4,3,7,0.5714285714285714,0,600
607,sc_1961_insc_327,dismissed,6.0,0.15795572342144212,2,2,6,8,0.25,0,600
607,sc_1974_insc_108,dismissed,2.0,0.20902164461172437,2,6,2,8,0.75,0,600
607,sc_1989_insc_49,allowed,4.0,0.23023237673408786,2,4,4,8,0.5,1,600
607,sc_2005_insc_190,allowed,5.0,0.17775351370490597,2,5,3,8,0.625,1,600
607,sc_2006_insc_208,allowed,3.0,0.17207671149108705,2,3,5,8,0.375,1,600
607,sc_2009_insc_181,allowed,3.0,0.19346778617049995,2,3,5,8,0.375,1,600
607,sc_2011_insc_563,allowed,6.0,0.11339750958597138,2,6,2,8,0.75,1,600
607,sc_2018_insc_341,allowed,3.0,0.23480716916402233,2,3,5,8,0.375,1,600
607,sc_2018_insc_782,dismissed,5.0,0.18583962708702412,3,2,5,7,0.2857142857142857,0,600
608,in_abs_train_3237,allowed,2.0,0.15946903738321297,2,2,6,8,0.25,1,600
608,in_abs_train_5353,dismissed,3.0,0.1959861980078815,2,5,3,8,0.625,0,600
608,sc_1960_insc_173,dismissed,4.0,0.20199254663137473,2,4,4,8,0.5,0,600
608,sc_1967_insc_55,dismissed,6.0,0.1778849042869708,2,2,6,8,0.25,0,600
608,sc_1989_insc_391,dismissed,5.0,0.1802711977254067,2,3,5,8,0.375,0,600
608,sc_2003_insc_64,allowed,3.0,0.19602540447959513,2,3,5,8,0.375,1,600
608,sc_2004_insc_415,allowed,5.0,0.18938863628939184,2,5,3,8,0.625,1,600
608,sc_2005_insc_348,allowed,3.0,0.18916587512754815,2,3,5,8,0.375,1,600
608,sc_2008_insc_1385,allowed,4.0,0.20934873502637377,2,4,4,8,0.5,1,600
608,sc_2008_insc_812,dismissed,5.0,0.18122356642221152,2,3,5,8,0.375,0,600
608,sc_2011_insc_436,dismissed,6.0,0.19461192944783962,2,2,6,8,0.25,0,600
608,sc_2013_insc_482,allowed,4.0,0.2107423222631201,3,4,3,7,0.5714285714285714,1,600
609,in_abs_train_3290,dismissed,3.0,0.18168855502421088,2,5,3,8,0.625,0,600
609,sc_1954_insc_38,dismissed,4.0,0.1733983208643366,2,4,4,8,0.5,0,600
609,sc_1992_insc_179,allowed,5.0,0.23737049100509525,2,5,3,8,0.625,1,600
609,sc_1994_insc_12,allowed,6.0,0.1627594355446619,2,6,2,8,0.75,1,600
609,sc_1996_insc_338,dismissed,3.0,0.20705881608711074,2,5,3,8,0.625,0,600
609,sc_1999_insc_406,dismissed,1.0,0.16396650082519032,2,7,1,8,0.875,0,600
609,sc_2002_insc_30,allowed,4.0,0.17531401833533894,2,4,4,8,0.5,1,600
609,sc_2007_insc_466,dismissed,6.0,0.16866365899225058,3,1,6,7,0.14285714285714285,0,600
609,sc_2009_insc_66,allowed,4.0,0.20028496093039702,2,4,4,8,0.5,1,600
609,sc_2010_insc_435,allowed,1.0,0.1189809600031121,2,1,7,8,0.125,1,600
609,sc_2012_insc_249,allowed,3.0,0.2205431206179742,2,3,5,8,0.375,1,600
609,sc_2020_insc_649,dismissed,4.0,0.15780331216605847,2,4,4,8,0.5,0,600
610,in_abs_train_2828,allowed,3.0,0.18345704125790094,2,3,5,8,0.375,1,600
610,in_abs_train_5634,dismissed,5.0,0.17419490263114606,2,3,5,8,0.375,0,600
610,sc_1963_insc_255,dismissed,3.0,0.19841896614041948,3,4,3,7,0.5714285714285714,0,600
610,sc_1969_insc_312,dismissed,6.0,0.16219396663408908,2,2,6,8,0.25,0,600
610,sc_1995_insc_660,allowed,4.0,0.18963130281401616,2,4,4,8,0.5,1,600
610,sc_1996_insc_968,allowed,4.0,0.2207212045344497,2,4,4,8,0.5,1,600
610,sc_1997_insc_514,dismissed,7.0,0.1340096611655827,2,1,7,8,0.125,0,600
610,sc_2008_insc_275,allowed,6.0,0.20456131175256578,2,6,2,8,0.75,1,600
610,sc_2009_insc_707,allowed,3.0,0.19268114961241786,2,3,5,8,0.375,1,600
610,sc_2009_insc_849,dismissed,5.0,0.1894240353117044,2,3,5,8,0.375,0,600
610,sc_2018_insc_150,allowed,1.0,0.11140649328486982,2,1,7,8,0.125,1,600
610,sc_2022_insc_784,dismissed,5.0,0.17777919503904227,2,3,5,8,0.375,0,600
611,in_abs_train_2883,dismissed,3.0,0.17731500288272675,2,5,3,8,0.625,0,600
611,sc_1973_insc_238,allowed,6.0,0.13622302731052063,2,6,2,8,0.75,1,600
611,sc_1980_insc_219,dismissed,6.0,0.18160078380384923,3,1,6,7,0.14285714285714285,0,600
611,sc_1985_insc_54,dismissed,1.0,0.13450261512514086,2,7,1,8,0.875,0,600
611,sc_1994_insc_146,allowed,5.0,0.1663754333876258,2,5,3,8,0.625,1,600
611,sc_1995_insc_590,dismissed,4.0,0.17839254656415124,2,4,4,8,0.5,0,600
611,sc_1996_insc_390,allowed,3.0,0.1921653679207518,2,3,5,8,0.375,1,600
611,sc_1998_insc_488,allowed,4.0,0.21818562319125281,2,4,4,8,0.5,1,600
611,sc_2004_insc_152,allowed,7.0,0.12397513791655393,2,7,1,8,0.875,1,600
611,sc_2008_insc_304,allowed,5.0,0.18145967089291964,2,5,3,8,0.625,1,600
611,sc_2008_insc_841,dismissed,3.0,0.16749517330355582,3,4,3,7,0.5714285714285714,0,600
611,sc_2009_insc_286,dismissed,5.0,0.1802339542784324,2,3,5,8,0.375,0,600
612,in_abs_train_4281,dismissed,3.0,0.18091091125882927,2,5,3,8,0.625,0,600
612,in_abs_train_5295,allowed,4.0,0.23988316730663387,2,4,4,8,0.5,1,600
612,sc_1970_insc_172,allowed,4.0,0.18768613380169716,2,4,4,8,0.5,1,600
612,sc_1978_insc_232,dismissed,2.0,0.1503841643565934,2,6,2,8,0.75,0,600
612,sc_1980_insc_156,allowed,3.0,0.20264820976539283,2,3,5,8,0.375,1,600
612,sc_1980_insc_57,dismissed,3.0,0.22101878927186921,2,5,3,8,0.625,0,600
612,sc_1989_insc_207,allowed,4.0,0.221459316540986,2,4,4,8,0.5,1,600
612,sc_1992_insc_67,dismissed,6.0,0.16132714101654264,2,2,6,8,0.25,0,600
612,sc_1997_insc_301,dismissed,2.0,0.2148121034670029,2,6,2,8,0.75,0,600
612,sc_2011_insc_776,allowed,4.0,0.18199183790482415,2,4,4,8,0.5,1,600
612,sc_2019_insc_1147,allowed,3.0,0.1640313386389166,3,3,4,7,0.42857142857142855,1,600
612,sc_2021_insc_752,dismissed,4.0,0.18269854354236106,2,4,4,8,0.5,0,600
613,in_abs_train_1553,allowed,1.0,0.1355899091931617,2,1,7,8,0.125,1,600
613,in_abs_train_3037,dismissed,2.0,0.15828917930709693,2,6,2,8,0.75,0,600
613,sc_1961_insc_114,allowed,3.0,0.23207742861987118,2,3,5,8,0.375,1,600
613,sc_1976_insc_339,allowed,5.0,0.17721900761043322,2,5,3,8,0.625,1,600
613,sc_1978_insc_217,dismissed,4.0,0.16461705847447555,2,4,4,8,0.5,0,600
613,sc_1996_insc_105,allowed,6.0,0.16910506003477563,2,6,2,8,0.75,1,600
613,sc_2000_insc_325,dismissed,4.0,0.22070105930109662,2,4,4,8,0.5,0,600
613,sc_2007_insc_1173,dismissed,5.0,0.16185806853281534,2,3,5,8,0.375,0,600
613,sc_2007_insc_181,dismissed,5.0,0.18022054661405038,2,3,5,8,0.375,0,600
613,sc_2009_insc_813,allowed,4.0,0.1853671760462384,2,4,4,8,0.5,1,600
613,sc_2010_insc_375,dismissed,5.0,0.18191678189687252,3,2,5,7,0.2857142857142857,0,600
613,sc_2022_insc_358,allowed,6.0,0.14278545448295762,2,6,2,8,0.75,1,600
614,in_abs_train_1363,dismissed,5.0,0.17538102226905447,2,3,5,8,0.375,0,600
614,in_abs_train_5183,dismissed,3.0,0.16904699870987788,2,5,3,8,0.625,0,600
614,sc_1961_insc_37,dismissed,4.0,0.21502329298900164,2,4,4,8,0.5,0,600
614,sc_1971_insc_90,allowed,4.0,0.1966895113850479,2,4,4,8,0.5,1,600
614,sc_1989_insc_113,allowed,5.0,0.19940919153750872,2,5,3,8,0.625,1,600
614,sc_1996_insc_38,allowed,4.0,0.20483053091622,2,4,4,8,0.5,1,600
614,sc_1998_insc_469,allowed,6.0,0.13813101849423048,2,6,2,8,0.75,1,600
614,sc_2003_insc_170,allowed,7.0,0.13265283927616975,2,7,1,8,0.875,1,600
614,sc_2010_insc_809,dismissed,4.0,0.204954427244977,2,4,4,8,0.5,0,600
614,sc_2013_insc_122,allowed,6.0,0.1638535315098945,2,6,2,8,0.75,1,600
614,sc_2015_insc_865,dismissed,5.0,0.21395339288141368,2,3,5,8,0.375,0,600
614,sc_2016_insc_503,dismissed,6.0,0.15600652673434187,2,2,6,8,0.25,0,600
615,sc_1960_insc_85,dismissed,5.0,0.1641928852643395,2,3,5,8,0.375,0,600
615,sc_1964_insc_163,dismissed,3.0,0.18162768177179175,2,5,3,8,0.625,0,600
615,sc_1970_insc_118,dismissed,4.0,0.23767972543438604,2,4,4,8,0.5,0,600
615,sc_1989_insc_353,dismissed,3.0,0.19388185524991197,2,5,3,8,0.625,0,600
615,sc_1991_insc_19,allowed,3.0,0.19689510006992963,2,3,5,8,0.375,1,600
615,sc_1996_insc_71,dismissed,5.0,0.16890761913253174,2,3,5,8,0.375,0,600
615,sc_2010_insc_452,dismissed,5.0,0.18016500764903273,2,3,5,8,0.375,0,600
615,sc_2015_insc_539,allowed,5.0,0.1799202230554697,2,5,3,8,0.625,1,600
615,sc_2015_insc_832,allowed,4.0,0.18401100927207348,2,4,4,8,0.5,1,600
615,sc_2019_insc_1324,allowed,3.0,0.14675351426467667,2,3,5,8,0.375,1,600
615,sc_2020_insc_533,allowed,7.0,0.136546614936421,2,7,1,8,0.875,1,600
615,sc_2021_insc_332,allowed,3.0,0.19503883362019192,2,3,5,8,0.375,1,600
616,in_abs_train_162,dismissed,5.0,0.13513985364362616,2,3,5,8,0.375,0,600
616,in_abs_train_1760,dismissed,6.0,0.192696602252039,2,2,6,8,0.25,0,600
616,sc_1971_insc_347,dismissed,3.0,0.25433301908760153,2,5,3,8,0.625,0,600
616,sc_1996_insc_349,allowed,4.0,0.2325505308153286,2,4,4,8,0.5,1,600
616,sc_1997_insc_169,allowed,4.0,0.23265366572354532,2,4,4,8,0.5,1,600
616,sc_2001_insc_310,allowed,6.0,0.18253979201709103,2,6,2,8,0.75,1,600
616,sc_2002_insc_183,dismissed,4.0,0.20394753873524463,2,4,4,8,0.5,0,600
616,sc_2004_insc_722,allowed,3.0,0.2060017201732979,2,3,5,8,0.375,1,600
616,sc_2006_insc_533,allowed,5.0,0.18206876337860453,2,5,3,8,0.625,1,600
616,sc_2008_insc_859,dismissed,5.0,0.17891192715571375,2,3,5,8,0.375,0,600
616,sc_2018_insc_187,dismissed,4.0,0.20671268918138325,2,4,4,8,0.5,0,600
616,sc_2023_insc_60,allowed,5.0,0.20450462315799428,3,5,2,7,0.7142857142857143,1,600
617,in_abs_train_2072,dismissed,7.0,0.14459827062511194,2,1,7,8,0.125,0,600
617,in_abs_train_2714,dismissed,6.0,0.14785856840237566,2,2,6,8,0.25,0,600
617,in_abs_train_2849,dismissed,5.0,0.16412341556193094,3,2,5,7,0.2857142857142857,0,600
617,in_abs_train_4882,dismissed,2.0,0.17651795740296303,2,6,2,8,0.75,0,600
617,sc_1975_insc_35,allowed,3.0,0.17575914507735887,2,3,5,8,0.375,1,600
617,sc_1983_insc_163,allowed,3.0,0.1846613880447027,3,3,4,7,0.42857142857142855,1,600
617,sc_1991_insc_325,dismissed,4.0,0.20877927426412207,2,4,4,8,0.5,0,600
617,sc_2000_insc_72,dismissed,3.0,0.2452408504042281,2,5,3,8,0.625,0,600
617,sc_2008_insc_808,allowed,7.0,0.12329414596229388,2,7,1,8,0.875,1,600
617,sc_2012_insc_520,allowed,4.0,0.19184567713554615,3,4,3,7,0.5714285714285714,1,600
617,sc_2015_insc_874,allowed,6.0,0.16744562366840027,2,6,2,8,0.75,1,600
617,sc_2019_insc_59,allowed,5.0,0.19641646015022832,2,5,3,8,0.625,1,600
618,in_abs_train_1917,allowed,3.0,0.1819382021344256,2,3,5,8,0.375,1,600
618,in_abs_train_2066,dismissed,4.0,0.18067883826567416,2,4,4,8,0.5,0,600
618,in_abs_train_2598,dismissed,4.0,0.1740854063099697,2,4,4,8,0.5,0,600
618,sc_1969_insc_199,dismissed,4.0,0.24111376303767992,2,4,4,8,0.5,0,600
618,sc_1989_insc_74,dismissed,5.0,0.19062928859344475,2,3,5,8,0.375,0,600
618,sc_2001_insc_333,allowed,4.0,0.18990579510613148,2,4,4,8,0.5,1,600
618,sc_2007_insc_532,allowed,7.0,0.15770455820480087,2,7,1,8,0.875,1,600
618,sc_2008_insc_626,dismissed,6.0,0.1774274841202046,2,2,6,8,0.25,0,600
618,sc_2008_insc_741,allowed,6.0,0.16396665844812666,2,6,2,8,0.75,1,600
618,sc_2008_insc_973,allowed,5.0,0.17159754470269356,2,5,3,8,0.625,1,600
618,sc_2016_insc_946,allowed,4.0,0.18708286933869703,2,4,4,8,0.5,1,600
618,sc_2019_insc_516,dismissed,5.0,0.1541972552504931,2,3,5,8,0.375,0,600
619,in_abs_train_1719,dismissed,2.0,0.1537504830578135,2,6,2,8,0.75,0,600
619,in_abs_train_5765,dismissed,1.0,0.17393350728182633,2,7,1,8,0.875,0,600
619,sc_1959_1_1236_1248_en,dismissed,3.0,0.18710803224873931,2,5,3,8,0.625,0,600
619,sc_1964_insc_151,dismissed,6.0,0.14485394117039443,2,2,6,8,0.25,0,600
619,sc_1965_insc_212,allowed,4.0,0.21320522181764862,2,4,4,8,0.5,1,600
619,sc_1993_insc_37,dismissed,5.0,0.2530741027606247,2,3,5,8,0.375,0,600
619,sc_1998_insc_320,allowed,6.0,0.13642165252864277,2,6,2,8,0.75,1,600
619,sc_1998_insc_35,allowed,5.0,0.18035979665657198,2,5,3,8,0.625,1,600
619,sc_2003_insc_301,allowed,4.0,0.1716051322908829,2,4,4,8,0.5,1,600
619,sc_2005_insc_241,dismissed,5.0,0.19612059351934702,2,3,5,8,0.375,0,600
619,sc_2006_insc_386,allowed,4.0,0.22363749523636353,2,4,4,8,0.5,1,600
619,sc_2020_insc_428,allowed,4.0,0.2066511946802104,2,4,4,8,0.5,1,600
620,in_abs_train_5691,allowed,5.0,0.18137670140483864,2,5,3,8,0.625,1,600
620,in_abs_train_6600,dismissed,1.0,0.13510283960541955,2,7,1,8,0.875,0,600
620,sc_1989_insc_137,dismissed,6.0,0.17055741515618406,2,2,6,8,0.25,0,600
620,sc_1989_insc_307,dismissed,4.0,0.19626188851830464,2,4,4,8,0.5,0,600
620,sc_1993_insc_389,allowed,3.0,0.1760276427916528,2,3,5,8,0.375,1,600
620,sc_1994_insc_36,allowed,4.0,0.18478915050339711,2,4,4,8,0.5,1,600
620,sc_2002_insc_277,dismissed,5.0,0.19910742512792287,2,3,5,8,0.375,0,600
620,sc_2007_insc_1247,allowed,5.0,0.1911341888299382,2,5,3,8,0.625,1,600
620,sc_2009_insc_1238,allowed,4.0,0.18800002227432733,2,4,4,8,0.5,1,600
620,sc_2013_insc_230,allowed,2.0,0.1877009382086164,2,2,6,8,0.25,1,600
620,sc_2013_insc_528,dismissed,5.0,0.15579352417699732,2,3,5,8,0.375,0,600
620,sc_2014_insc_582,dismissed,5.0,0.19619342201903048,2,3,5,8,0.375,0,600
621,in_abs_train_1808,allowed,6.0,0.1620185174601965,2,6,2,8,0.75,1,600
621,in_abs_train_5831,allowed,3.0,0.19835637720992932,2,3,5,8,0.375,1,600
621,sc_1962_insc_386,dismissed,6.0,0.18286956105526203,2,2,6,8,0.25,0,600
621,sc_1964_insc_41,dismissed,4.0,0.17329066982962466,2,4,4,8,0.5,0,600
621,sc_1976_insc_61,dismissed,2.0,0.15285239947997453,2,6,2,8,0.75,0,600
621,sc_1987_insc_168,dismissed,4.0,0.19168553098951416,2,4,4,8,0.5,0,600
621,sc_1990_insc_65,allowed,5.0,0.21159205982785606,2,5,3,8,0.625,1,600
621,sc_2003_insc_107,dismissed,2.0,0.18648665759393968,2,6,2,8,0.75,0,600
621,sc_2008_insc_302,dismissed,5.0,0.18145645876785824,2,3,5,8,0.375,0,600
621,sc_2014_insc_1026,allowed,4.0,0.18047651199903256,2,4,4,8,0.5,1,600
621,sc_2016_insc_497,allowed,4.0,0.17445946243887103,2,4,4,8,0.5,1,600
621,sc_2024_insc_241,allowed,4.0,0.17873521079495167,2,4,4,8,0.5,1,600
622,in_abs_train_4710,dismissed,3.0,0.18932975885336598,2,5,3,8,0.625,0,600
622,in_abs_train_637,dismissed,5.0,0.19334147114897435,2,3,5,8,0.375,0,600
622,sc_1967_insc_218,allowed,6.0,0.16919295736063159,2,6,2,8,0.75,1,600
622,sc_1988_insc_61,dismissed,4.0,0.18258715270596923,2,4,4,8,0.5,0,600
622,sc_1995_insc_176,allowed,6.0,0.17149645419372495,2,6,2,8,0.75,1,600
622,sc_1996_insc_1369,dismissed,3.0,0.19797093469644544,2,5,3,8,0.625,0,600
622,sc_2004_insc_478,allowed,4.0,0.20864601961300996,2,4,4,8,0.5,1,600
622,sc_2007_insc_823,allowed,2.0,0.19118452433512745,2,2,6,8,0.25,1,600
622,sc_2009_insc_873,dismissed,3.0,0.21373955056704402,2,5,3,8,0.625,0,600
622,sc_2010_insc_861,allowed,3.0,0.1719570897127517,2,3,5,8,0.375,1,600
622,sc_2016_insc_617,dismissed,4.0,0.2139691697741506,2,4,4,8,0.5,0,600
622,sc_2018_insc_1219,allowed,3.0,0.1918872785740926,2,3,5,8,0.375,1,600
623,sc_1960_insc_249,dismissed,2.0,0.18387767157824178,2,6,2,8,0.75,0,600
623,sc_1963_insc_249,dismissed,2.0,0.16517581271827558,2,6,2,8,0.75,0,600
623,sc_1966_insc_106,dismissed,3.0,0.16759910282904816,3,4,3,7,0.5714285714285714,0,600
623,sc_1968_insc_130,dismissed,3.0,0.16615186416133199,2,5,3,8,0.625,0,600
623,sc_1987_insc_364,dismissed,5.0,0.1900444568189297,2,3,5,8,0.375,0,600
623,sc_1992_insc_272,allowed,3.0,0.1975121961291409,2,3,5,8,0.375,1,600
623,sc_2008_insc_1355,allowed,6.0,0.1732909876551911,2,6,2,8,0.75,1,600
623,sc_2009_insc_227,allowed,4.0,0.20900960119778503,2,4,4,8,0.5,1,600
623,sc_2009_insc_324,allowed,6.0,0.173084304497241,2,6,2,8,0.75,1,600
623,sc_2010_insc_117,dismissed,5.0,0.19766214931750958,2,3,5,8,0.375,0,600
623,sc_2018_insc_822,allowed,2.0,0.15964712412402368,2,2,6,8,0.25,1,600
623,sc_2019_insc_329,allowed,1.0,0.1586267722838203,2,1,7,8,0.125,1,600
624,in_abs_train_308,allowed,4.0,0.23406842135289319,2,4,4,8,0.5,1,600
624,in_abs_train_3193,dismissed,6.0,0.15292134388846018,2,2,6,8,0.25,0,600
624,in_abs_train_4668,allowed,6.0,0.19364376673559971,2,6,2,8,0.75,1,600
624,sc_1951_insc_17,dismissed,5.0,0.18122356642221152,2,3,5,8,0.375,0,600
624,sc_1966_insc_239,allowed,4.0,0.22089836615430825,2,4,4,8,0.5,1,600
624,sc_1979_insc_234,dismissed,1.0,0.1317815477217971,2,7,1,8,0.875,0,600
624,sc_1999_insc_116,dismissed,4.0,0.17688090671050438,2,4,4,8,0.5,0,600
624,sc_2001_insc_404,allowed,4.0,0.19932546686530403,2,4,4,8,0.5,1,600
624,sc_2010_insc_145,allowed,3.0,0.21365634957633647,2,3,5,8,0.375,1,600
624,sc_2011_insc_403,dismissed,2.0,0.15208016330382304,2,6,2,8,0.75,0,600
624,sc_2013_insc_315,allowed,7.0,0.12397513791655393,2,7,1,8,0.875,1,600
624,sc_2019_insc_158,dismissed,5.0,0.17325311423894155,2,3,5,8,0.375,0,600
625,in_abs_train_3496,dismissed,5.0,0.181142209327368,2,3,5,8,0.375,0,600
625,sc_1976_insc_241,dismissed,5.0,0.2368527211785863,2,3,5,8,0.375,0,600
625,sc_1979_insc_270,dismissed,3.0,0.17646483623579548,3,4,3,7,0.5714285714285714,0,600
625,sc_1985_insc_210,dismissed,6.0,0.15100114106474802,2,2,6,8,0.25,0,600
625,sc_1995_insc_366,dismissed,4.0,0.20380972233646863,3,3,4,7,0.42857142857142855,0,600
625,sc_1997_insc_675,allowed,4.0,0.2177614680253092,2,4,4,8,0.5,1,600
625,sc_2001_insc_390,allowed,3.0,0.18106830486527925,2,3,5,8,0.375,1,600
625,sc_2006_insc_141,allowed,5.0,0.1994643816788645,2,5,3,8,0.625,1,600
625,sc_2006_insc_205,allowed,5.0,0.19096119650711385,2,5,3,8,0.625,1,600
625,sc_2010_insc_278,dismissed,5.0,0.1884193759486595,3,2,5,7,0.2857142857142857,0,600
625,sc_2014_insc_521,allowed,5.0,0.2044572928467319,2,5,3,8,0.625,1,600
625,sc_2022_insc_158,allowed,5.0,0.15672785453214386,2,5,3,8,0.625,1,600
626,in_abs_train_1135,allowed,8.0,0.06415521299376302,1,8,0,8,1.0,1,600
626,in_abs_train_2899,allowed,3.0,0.18171669245397037,2,3,5,8,0.375,1,600
626,in_abs_train_3077,dismissed,5.0,0.21357139311096213,2,3,5,8,0.375,0,600
626,in_abs_train_427,dismissed,1.0,0.12256888954255576,2,7,1,8,0.875,0,600
626,in_abs_train_6651,dismissed,4.0,0.17441538830783088,2,4,4,8,0.5,0,600
626,sc_1959_insc_35,allowed,3.0,0.1743341709440356,2,3,5,8,0.375,1,600
626,sc_1990_insc_247,dismissed,4.0,0.18928167189604614,2,4,4,8,0.5,0,600
626,sc_1996_insc_268,dismissed,5.0,0.18691972495647996,2,3,5,8,0.375,0,600
626,sc_1997_insc_293,allowed,5.0,0.17628050085065766,2,5,3,8,0.625,1,600
626,sc_2014_insc_548,allowed,2.0,0.16184678808212413,2,2,6,8,0.25,1,600
626,sc_2018_insc_573,allowed,4.0,0.1925858600522465,2,4,4,8,0.5,1,600
626,sc_2023_insc_592,dismissed,6.0,0.1733020175465776,2,2,6,8,0.25,0,600
627,in_abs_train_4120,dismissed,5.0,0.23476834257674237,2,3,5,8,0.375,0,600
627,in_abs_train_6471,dismissed,3.0,0.16781227808830262,2,5,3,8,0.625,0,600
627,sc_1972_insc_107,dismissed,2.0,0.1599350810213555,2,6,2,8,0.75,0,600
627,sc_1983_insc_7,allowed,5.0,0.17096602533964608,2,5,3,8,0.625,1,600
627,sc_1998_insc_189,allowed,2.0,0.1586286047148584,2,2,6,8,0.25,1,600
627,sc_2000_insc_474,dismissed,2.0,0.1499302475089278,2,6,2,8,0.75,0,600
627,sc_2006_insc_698,allowed,4.0,0.18102764337227698,2,4,4,8,0.5,1,600
627,sc_2010_insc_756,allowed,3.0,0.18624110950071024,2,3,5,8,0.375,1,600
627,sc_2015_insc_446,dismissed,3.0,0.16713941416155112,2,5,3,8,0.625,0,600
627,sc_2016_insc_190,allowed,5.0,0.19237742295685428,2,5,3,8,0.625,1,600
627,sc_2020_insc_589,allowed,6.0,0.1869162360419319,2,6,2,8,0.75,1,600
627,sc_2022_insc_426,dismissed,3.0,0.22750042189913783,2,5,3,8,0.625,0,600
628,in_abs_train_2020,dismissed,4.0,0.18335601170730634,2,4,4,8,0.5,0,600
628,in_abs_train_2550,dismissed,3.0,0.17612018712373662,2,5,3,8,0.625,0,600
628,in_abs_train_6085,allowed,5.0,0.22975181951560614,2,5,3,8,0.625,1,600
628,sc_1967_insc_9,dismissed,3.0,0.162370787221095,2,5,3,8,0.625,0,600
628,sc_1969_insc_60,dismissed,3.0,0.18429937064512342,2,5,3,8,0.625,0,600
628,sc_1977_insc_72,dismissed,7.0,0.12464518769619848,2,1,7,8,0.125,0,600
628,sc_1979_insc_21,allowed,1.0,0.12189725987193359,2,1,7,8,0.125,1,600
628,sc_1987_insc_373,dismissed,5.0,0.18137670140483864,2,3,5,8,0.375,0,600
628,sc_1995_insc_481,allowed,4.0,0.19672519743463793,2,4,4,8,0.5,1,600
628,sc_2002_insc_294,allowed,2.0,0.15855460063942822,2,2,6,8,0.25,1,600
628,sc_2013_insc_69,allowed,1.0,0.10479686451654935,2,1,7,8,0.125,1,600
628,sc_2022_insc_513,allowed,2.0,0.1628980076050546,2,2,6,8,0.25,1,600
629,in_abs_train_2476,dismissed,3.0,0.18184328699950875,2,5,3,8,0.625,0,600
629,in_abs_train_2562,allowed,4.0,0.18310983908474948,2,4,4,8,0.5,1,600
629,in_abs_train_6630,dismissed,1.0,0.13253679757131293,2,7,1,8,0.875,0,600
629,sc_1961_insc_339,dismissed,5.0,0.17100348140280824,2,3,5,8,0.375,0,600
629,sc_1961_insc_68,allowed,1.0,0.12359136237999375,2,1,7,8,0.125,1,600
629,sc_1966_insc_75,allowed,3.0,0.19894235307606217,2,3,5,8,0.375,1,600
629,sc_1990_insc_269,allowed,5.0,0.16961514999298516,2,5,3,8,0.625,1,600
629,sc_1996_insc_188,dismissed,5.0,0.168104492907579,2,3,5,8,0.375,0,600
629,sc_2001_insc_597,allowed,3.0,0.19007482929683767,2,3,5,8,0.375,1,600
629,sc_2005_insc_157,allowed,4.0,0.21082632302338386,3,4,3,7,0.5714285714285714,1,600
629,sc_2011_insc_381,dismissed,4.0,0.1858225319837644,2,4,4,8,0.5,0,600
629,sc_2011_insc_634,dismissed,3.0,0.18954177592665042,2,5,3,8,0.625,0,600
630,in_abs_train_1088,dismissed,3.0,0.22471953819982948,2,5,3,8,0.625,0,600
630,in_abs_train_4613,allowed,3.0,0.21667286572110478,2,3,5,8,0.375,1,600
630,sc_1972_insc_218,dismissed,2.0,0.18828079097454414,2,6,2,8,0.75,0,600
630,sc_1975_insc_115,dismissed,4.0,0.20874505001972643,2,4,4,8,0.5,0,600
630,sc_1997_insc_289,dismissed,4.0,0.20352302212701706,2,4,4,8,0.5,0,600
630,sc_2007_insc_108,allowed,5.0,0.2027084905544342,2,5,3,8,0.625,1,600
630,sc_2007_insc_1169,allowed,7.0,0.13115060862556888,2,7,1,8,0.875,1,600
630,sc_2009_insc_1058,allowed,4.0,0.18302423483165906,2,4,4,8,0.5,1,600
630,sc_2011_insc_479,allowed,7.0,0.1747181914643447,2,7,1,8,0.875,1,600
630,sc_2013_insc_761,dismissed,4.0,0.17477760068590045,2,4,4,8,0.5,0,600
630,sc_2014_insc_239,allowed,3.0,0.20032720475086166,2,3,5,8,0.375,1,600
630,sc_2019_insc_124,dismissed,5.0,0.19075570753022605,2,3,5,8,0.375,0,600
631,in_abs_train_1982,allowed,5.0,0.18378176223895776,2,5,3,8,0.625,1,600
631,sc_1971_insc_279,allowed,1.0,0.1300362193563922,2,1,7,8,0.125,1,600
631,sc_1972_insc_184,dismissed,6.0,0.1849990709436131,2,2,6,8,0.25,0,600
631,sc_1975_insc_58,dismissed,2.0,0.16254040363091263,2,6,2,8,0.75,0,600
631,sc_1977_insc_166,allowed,5.0,0.18372704374792698,2,5,3,8,0.625,1,600
631,sc_1986_insc_257,dismissed,3.0,0.17758249815450183,2,5,3,8,0.625,0,600
631,sc_1990_insc_398,dismissed,5.0,0.23516498952145695,2,3,5,8,0.375,0,600
631,sc_1998_insc_198,dismissed,4.0,0.18210080440668355,2,4,4,8,0.5,0,600
631,sc_2003_insc_159,allowed,3.0,0.2129786598664113,2,3,5,8,0.375,1,600
631,sc_2017_insc_829,allowed,4.0,0.18763782838241058,2,4,4,8,0.5,1,600
631,sc_2018_insc_1049,allowed,6.0,0.19489666521638482,2,6,2,8,0.75,1,600
631,sc_2023_insc_222,dismissed,3.0,0.18116162851037537,2,5,3,8,0.625,0,600
632,in_abs_train_1284,dismissed,3.0,0.15639840594185983,2,5,3,8,0.625,0,600
632,in_abs_train_3868,dismissed,4.0,0.15783275152945012,2,4,4,8,0.5,0,600
632,in_abs_train_65,allowed,3.0,0.17599253886556918,2,3,5,8,0.375,1,600
632,in_abs_train_6765,dismissed,7.0,0.10931074405924594,2,1,7,8,0.125,0,600
632,sc_1984_insc_57,dismissed,6.0,0.16038075207941738,2,2,6,8,0.25,0,600
632,sc_1993_insc_59,allowed,3.0,0.23769281646696855,2,3,5,8,0.375,1,600
632,sc_1996_insc_320,allowed,2.0,0.1655476281391335,2,2,6,8,0.25,1,600
632,sc_1996_insc_667,allowed,5.0,0.18973736163768487,2,5,3,8,0.625,1,600
632,sc_2001_insc_365,dismissed,2.0,0.16035177568173578,2,6,2,8,0.75,0,600
632,sc_2004_insc_422,allowed,4.0,0.22102588400827203,2,4,4,8,0.5,1,600
632,sc_2004_insc_435,dismissed,5.0,0.20490515750324237,2,3,5,8,0.375,0,600
632,sc_2023_insc_40,allowed,3.0,0.16026578123261603,2,3,5,8,0.375,1,600
633,in_abs_train_2250,allowed,3.0,0.14931790544855722,2,3,5,8,0.375,1,600
633,sc_1965_insc_52,dismissed,1.0,0.10415925331747004,2,7,1,8,0.875,0,600
633,sc_1970_insc_218,allowed,4.0,0.2187432324591157,2,4,4,8,0.5,1,600
633,sc_1975_insc_318,dismissed,3.0,0.18653708481581033,2,5,3,8,0.625,0,600
633,sc_1988_insc_268,dismissed,4.0,0.19113478964463795,2,4,4,8,0.5,0,600
633,sc_1990_insc_49,dismissed,3.0,0.15515214541088418,2,5,3,8,0.625,0,600
633,sc_1999_insc_552,allowed,4.0,0.21958796310880532,2,4,4,8,0.5,1,600
633,sc_2007_insc_450,allowed,3.0,0.221523316770563,2,3,5,8,0.375,1,600
633,sc_2009_insc_537,allowed,1.0,0.1486718244454159,2,1,7,8,0.125,1,600
633,sc_2013_insc_488,dismissed,4.0,0.1823070476067299,2,4,4,8,0.5,0,600
633,sc_2018_insc_377,dismissed,7.0,0.12142986373028486,2,1,7,8,0.125,0,600
633,sc_2022_insc_1255,allowed,4.0,0.18120813851151918,2,4,4,8,0.5,1,600
634,in_abs_train_2895,dismissed,4.0,0.17776993747437406,2,4,4,8,0.5,0,600
634,sc_1992_insc_88,allowed,4.0,0.20179179318454749,2,4,4,8,0.5,1,600
634,sc_1993_insc_153,dismissed,2.0,0.17657820302175953,2,6,2,8,0.75,0,600
634,sc_2007_insc_376,dismissed,4.0,0.187085768623454,2,4,4,8,0.5,0,600
634,sc_2008_insc_50,dismissed,3.0,0.18736210140701026,2,5,3,8,0.625,0,600
634,sc_2009_insc_738,allowed,6.0,0.21571012731093137,2,6,2,8,0.75,1,600
634,sc_2012_insc_393,dismissed,3.0,0.1825364462489167,2,5,3,8,0.625,0,600
634,sc_2020_insc_35,allowed,2.0,0.1620185174601965,2,2,6,8,0.25,1,600
634,sc_2022_insc_106,allowed,4.0,0.16611476441110568,2,4,4,8,0.5,1,600
634,sc_2022_insc_711,dismissed,7.0,0.14227118448032372,2,1,7,8,0.125,0,600
634,sc_2023_insc_276,allowed,2.0,0.2066149489288953,2,2,6,8,0.25,1,600
634,sc_2023_insc_973,allowed,4.0,0.1858295224733364,2,4,4,8,0.5,1,600
635,in_abs_train_5056,dismissed,4.0,0.17950549357115014,2,4,4,8,0.5,0,600
635,in_abs_train_6979,allowed,5.0,0.15811699976624702,2,5,3,8,0.625,1,600
635,in_abs_train_7012,allowed,4.0,0.2047496232820148,2,4,4,8,0.5,1,600
635,sc_1957_insc_2,allowed,3.0,0.20492678507750625,2,3,5,8,0.375,1,600
635,sc_1962_insc_45,dismissed,5.0,0.15784778352326354,2,3,5,8,0.375,0,600
635,sc_1968_insc_207,allowed,4.0,0.19529324428889228,2,4,4,8,0.5,1,600
635,sc_1970_insc_51,allowed,2.0,0.18713359304738791,2,2,6,8,0.25,1,600
635,sc_1974_insc_23,dismissed,6.0,0.19114926390401957,2,0,6,6,0.0,0,600
635,sc_1994_insc_52,dismissed,4.0,0.19977601017407326,2,4,4,8,0.5,0,600
635,sc_2004_insc_185,dismissed,2.0,0.15921386760437758,2,6,2,8,0.75,0,600
635,sc_2020_insc_285,dismissed,3.0,0.17811732439602837,3,4,3,7,0.5714285714285714,0,600
635,sc_2021_insc_642,allowed,5.0,0.18161039293341275,2,5,3,8,0.625,1,600
636,in_abs_train_1823,dismissed,2.0,0.18220434807907426,2,6,2,8,0.75,0,600
636,sc_1987_insc_49,dismissed,6.0,0.17574400200596157,2,2,6,8,0.25,0,600
636,sc_1995_insc_107,allowed,4.0,0.19034980721593298,2,4,4,8,0.5,1,600
636,sc_1995_insc_770,allowed,2.0,0.19877860282445295,2,2,6,8,0.25,1,600
636,sc_1995_insc_903,dismissed,2.0,0.19096957353023633,2,6,2,8,0.75,0,600
636,sc_1996_insc_395,allowed,3.0,0.17978137942444178,2,3,5,8,0.375,1,600
636,sc_1996_insc_746,allowed,4.0,0.17950549357115014,2,4,4,8,0.5,1,600
636,sc_2006_insc_413,dismissed,0.0,0.08954072881420921,1,8,0,8,1.0,0,600
636,sc_2009_insc_786,allowed,6.0,0.16219396663408908,2,6,2,8,0.75,1,600
636,sc_2012_insc_67,allowed,3.0,0.18901177021750248,2,3,5,8,0.375,1,600
636,sc_2019_insc_1178,dismissed,4.0,0.20584874026587485,2,4,4,8,0.5,0,600
636,sc_2023_insc_932,dismissed,4.0,0.18346207539926102,2,4,4,8,0.5,0,600
637,in_abs_train_4152,allowed,4.0,0.17890898164992186,2,4,4,8,0.5,1,600
637,in_abs_train_5687,dismissed,4.0,0.16737009050599758,2,4,4,8,0.5,0,600
637,sc_1954_insc_25,dismissed,2.0,0.16167431713611338,2,6,2,8,0.75,0,600
637,sc_1960_insc_17,dismissed,5.0,0.1911390084093623,2,3,5,8,0.375,0,600
637,sc_1969_insc_56,dismissed,6.0,0.1943094389944387,2,2,6,8,0.25,0,600
637,sc_1974_insc_218,dismissed,3.0,0.22390127322875997,2,5,3,8,0.625,0,600
637,sc_1979_insc_122,dismissed,6.0,0.20030074981633023,2,2,6,8,0.25,0,600
637,sc_1989_insc_253,allowed,6.0,0.16236866945759137,2,6,2,8,0.75,1,600
637,sc_2007_insc_516,allowed,3.0,0.21330361121077052,2,3,5,8,0.375,1,600
637,sc_2017_insc_974,allowed,2.0,0.15541653421416543,2,2,6,8,0.25,1,600
637,sc_2019_insc_434,allowed,1.0,0.12272577395380545,2,1,7,8,0.125,1,600
637,sc_2024_insc_102,allowed,4.0,0.18708286933869703,2,4,4,8,0.5,1,600
638,in_abs_train_2851,allowed,3.0,0.2102227407154534,2,3,5,8,0.375,1,600
638,in_abs_train_3443,allowed,7.0,0.13371862810759086,2,7,1,8,0.875,1,600
638,in_abs_train_6133,allowed,7.0,0.11826792290093531,2,7,1,8,0.875,1,600
638,sc_1969_insc_149,allowed,4.0,0.17594493609000028,2,4,4,8,0.5,1,600
638,sc_1971_insc_247,dismissed,4.0,0.1500243679239547,2,4,4,8,0.5,0,600
638,sc_1993_insc_222,dismissed,5.0,0.1504275078182789,2,3,5,8,0.375,0,600
638,sc_1996_insc_795,dismissed,5.0,0.20289861672723417,2,3,5,8,0.375,0,600
638,sc_1997_insc_295,allowed,4.0,0.2205478972921755,3,4,3,7,0.5714285714285714,1,600
638,sc_2001_insc_514,dismissed,2.0,0.13345641804725886,2,6,2,8,0.75,0,600
638,sc_2003_insc_181,dismissed,4.0,0.19554151012777196,2,4,4,8,0.5,0,600
638,sc_2008_insc_194,allowed,4.0,0.1693680671955004,2,4,4,8,0.5,1,600
638,sc_2009_insc_228,dismissed,4.0,0.15793454439260585,2,4,4,8,0.5,0,600
639,in_abs_train_1608,allowed,4.0,0.17422499780420952,2,4,4,8,0.5,1,600
639,in_abs_train_5945,dismissed,4.0,0.2175226153061857,2,4,4,8,0.5,0,600
639,sc_1973_insc_213,dismissed,6.0,0.1893122391287171,2,2,6,8,0.25,0,600
639,sc_1975_insc_317,dismissed,4.0,0.18977903892224046,2,4,4,8,0.5,0,600
639,sc_1993_insc_155,allowed,3.0,0.17701095949344395,2,3,5,8,0.375,1,600
639,sc_1995_insc_593,dismissed,7.0,0.11525764635480394,2,1,7,8,0.125,0,600
639,sc_2003_insc_340,allowed,4.0,0.14280071498551872,2,4,4,8,0.5,1,600
639,sc_2004_insc_436,allowed,4.0,0.2254242147797486,3,4,2,6,0.6666666666666666,1,600
639,sc_2007_insc_383,allowed,5.0,0.15178013372789717,2,5,3,8,0.625,1,600
639,sc_2008_insc_810,allowed,6.0,0.18618999391415067,2,6,2,8,0.75,1,600
639,sc_2012_insc_300,dismissed,4.0,0.2178343386776815,2,4,4,8,0.5,0,600
639,sc_2020_insc_550,dismissed,3.0,0.19962220913079695,2,5,3,8,0.625,0,600
640,in_abs_train_3510,allowed,6.0,0.1580927585707201,2,6,2,8,0.75,1,600
640,in_abs_train_5465,dismissed,5.0,0.17080247959183206,2,3,5,8,0.375,0,600
640,in_abs_train_5508,allowed,2.0,0.177165744832058,2,2,6,8,0.25,1,600
640,in_abs_train_5993,dismissed,1.0,0.12467734880415064,2,7,1,8,0.875,0,600
640,sc_1971_insc_156,dismissed,4.0,0.1838196912243498,2,4,4,8,0.5,0,600
640,sc_1978_insc_243,dismissed,7.0,0.1431694726281518,2,1,7,8,0.125,0,600
640,sc_1990_insc_167,allowed,4.0,0.20716970351849287,2,4,4,8,0.5,1,600
640,sc_1997_insc_802,allowed,4.0,0.2007352496943866,2,4,4,8,0.5,1,600
640,sc_2002_insc_125,dismissed,5.0,0.16251005815298164,2,3,5,8,0.375,0,600
640,sc_2004_insc_71,allowed,6.0,0.16271584565914723,2,6,2,8,0.75,1,600
640,sc_2009_insc_1185,dismissed,6.0,0.1648177997366379,2,2,6,8,0.25,0,600
640,sc_2015_insc_529,allowed,2.0,0.1487033194192934,2,2,6,8,0.25,1,600
641,in_abs_train_2427,allowed,5.0,0.18215544852214507,2,5,3,8,0.625,1,600
641,in_abs_train_3975,allowed,6.0,0.20374707751632495,2,6,2,8,0.75,1,600
641,in_abs_train_5206,dismissed,3.0,0.209360026117008,2,5,3,8,0.625,0,600
641,sc_1954_insc_33,dismissed,4.0,0.18311700677338208,3,3,4,7,0.42857142857142855,0,600
641,sc_1976_insc_194,allowed,6.0,0.15133896719430978,2,6,2,8,0.75,1,600
641,sc_1993_insc_15,dismissed,3.0,0.1813003993967707,2,5,3,8,0.625,0,600
641,sc_1995_insc_502,allowed,6.0,0.19051860321145245,2,6,2,8,0.75,1,600
641,sc_1995_insc_825,dismissed,3.0,0.17779001518548365,2,5,3,8,0.625,0,600
641,sc_2002_insc_501,dismissed,5.0,0.2290725376426956,2,3,5,8,0.375,0,600
641,sc_2007_insc_969,dismissed,6.0,0.22600098767167237,2,2,6,8,0.25,0,600
641,sc_2007_insc_976,allowed,5.0,0.20369623523766953,2,5,3,8,0.625,1,600
641,sc_2014_insc_528,allowed,4.0,0.19470035356560458,2,4,4,8,0.5,1,600
642,in_abs_train_2647,allowed,4.0,0.22811447314263697,2,4,4,8,0.5,1,600
642,in_abs_train_597,allowed,4.0,0.22287365599024903,2,4,4,8,0.5,1,600
642,sc_1976_insc_221,allowed,2.0,0.1664710775186973,2,2,6,8,0.25,1,600
642,sc_1983_insc_19,allowed,1.0,0.12128054009391004,2,1,7,8,0.125,1,600
642,sc_1985_insc_17,dismissed,6.0,0.1492707139118254,2,2,6,8,0.25,0,600
642,sc_1991_insc_156,dismissed,4.0,0.16453578275691777,2,4,4,8,0.5,0,600
642,sc_1996_insc_387,dismissed,4.0,0.23867898536656618,2,4,4,8,0.5,0,600
642,sc_2005_insc_96,dismissed,3.0,0.1770637145986375,3,4,3,7,0.5714285714285714,0,600
642,sc_2009_insc_679,dismissed,2.0,0.16202298117418845,2,6,2,8,0.75,0,600
642,sc_2012_insc_444,dismissed,5.0,0.18075538114396483,2,3,5,8,0.375,0,600
642,sc_2013_insc_542,allowed,2.0,0.16121911996154914,2,2,6,8,0.25,1,600
642,sc_2022_insc_427,allowed,6.0,0.16744562366840027,2,6,2,8,0.75,1,600
643,in_abs_train_2155,allowed,4.0,0.1930605372201839,2,4,4,8,0.5,1,600
643,in_abs_train_5239,dismissed,4.0,0.1526068583178415,2,4,4,8,0.5,0,600
643,sc_1980_insc_182,allowed,5.0,0.16757895519783625,2,5,3,8,0.625,1,600
643,sc_1983_insc_132,dismissed,4.0,0.20081605289746535,2,4,4,8,0.5,0,600
643,sc_1990_insc_369,allowed,1.0,0.1360648538730955,2,1,7,8,0.125,1,600
643,sc_1994_insc_320,dismissed,4.0,0.1895973474516131,2,4,4,8,0.5,0,600
643,sc_2006_insc_256,allowed,4.0,0.18738691530303203,2,4,4,8,0.5,1,600
643,sc_2010_insc_257,dismissed,3.0,0.18091091125882927,2,5,3,8,0.625,0,600
643,sc_2015_insc_1033,dismissed,3.0,0.21166079743050198,3,4,3,7,0.5714285714285714,0,600
643,sc_2019_insc_1227,dismissed,5.0,0.17803732310505377,2,3,5,8,0.375,0,600
643,sc_2019_insc_283,allowed,1.0,0.14870782929926035,2,1,7,8,0.125,1,600
643,sc_2020_insc_565,allowed,6.0,0.19467556844789638,2,6,2,8,0.75,1,600
644,in_abs_train_2971,dismissed,2.0,0.19017520860301732,2,6,2,8,0.75,0,600
644,in_abs_train_960,dismissed,2.0,0.17399322640369044,2,6,2,8,0.75,0,600
644,sc_1954_insc_73,dismissed,4.0,0.18469649345802133,2,4,4,8,0.5,0,600
644,sc_1965_insc_213,dismissed,2.0,0.1807370049418689,2,6,2,8,0.75,0,600
644,sc_1967_insc_86,allowed,4.0,0.18708576862345402,2,4,4,8,0.5,1,600
644,sc_1991_insc_46,dismissed,3.0,0.1620276264759821,2,5,3,8,0.625,0,600
644,sc_1994_insc_64,allowed,3.0,0.2207230587201837,2,3,5,8,0.375,1,600
644,sc_1996_insc_1087,allowed,4.0,0.20947784504714967,2,4,4,8,0.5,1,600
644,sc_2000_insc_365,dismissed,3.0,0.216178908112008,2,5,3,8,0.625,0,600
644,sc_2013_insc_447,allowed,4.0,0.2281199711159894,2,4,4,8,0.5,1,600
644,sc_2014_insc_12,allowed,5.0,0.18661702800569005,2,5,3,8,0.625,1,600
644,sc_2022_insc_439,allowed,5.0,0.21196475044579374,2,5,3,8,0.625,1,600
645,in_abs_train_1008,dismissed,3.0,0.18908924311901654,2,5,3,8,0.625,0,600
645,in_abs_train_2918,allowed,5.0,0.18137670140483864,2,5,3,8,0.625,1,600
645,in_abs_train_3932,allowed,5.0,0.18532468290877524,2,5,3,8,0.625,1,600
645,in_abs_train_6535,allowed,3.0,0.20733039227005692,2,3,5,8,0.375,1,600
645,sc_1969_insc_21,dismissed,5.0,0.18231967607944646,2,3,5,8,0.375,0,600
645,sc_1972_insc_13,dismissed,3.0,0.19182495070885505,2,5,3,8,0.625,0,600
645,sc_1980_insc_80,dismissed,5.0,0.18963756868164372,2,3,5,8,0.375,0,600
645,sc_2001_insc_62,dismissed,2.0,0.20593509083939682,2,6,2,8,0.75,0,600
645,sc_2003_insc_299,allowed,4.0,0.18317198933944956,2,4,4,8,0.5,1,600
645,sc_2017_insc_1111,dismissed,2.0,0.1885849562247363,2,6,2,8,0.75,0,600
645,sc_2018_insc_100,allowed,8.0,0.001202675588605896,1,8,0,8,1.0,1,600
645,sc_2021_insc_887,allowed,5.0,0.18184328699950872,2,5,3,8,0.625,1,600
646,in_abs_train_1530,allowed,3.0,0.23225693204489145,2,3,5,8,0.375,1,600
646,in_abs_train_417,dismissed,4.0,0.21302730899240294,2,4,4,8,0.5,0,600
646,sc_1993_insc_70,allowed,5.0,0.2004518180676296,2,5,3,8,0.625,1,600
646,sc_1996_insc_1378,dismissed,6.0,0.18368428498610762,2,2,6,8,0.25,0,600
646,sc_1996_insc_62,allowed,3.0,0.22284965599069265,2,3,5,8,0.375,1,600
646,sc_1998_insc_104,dismissed,5.0,0.18071749053129463,2,3,5,8,0.375,0,600
646,sc_2007_insc_62,allowed,4.0,0.1935787082037724,2,4,4,8,0.5,1,600
646,sc_2009_insc_1155,dismissed,2.0,0.18409954454698987,2,6,2,8,0.75,0,600
646,sc_2009_insc_193,dismissed,3.0,0.17556433050958142,2,5,3,8,0.625,0,600
646,sc_2009_insc_639,allowed,6.0,0.17194763757970613,2,6,2,8,0.75,1,600
646,sc_2018_insc_870,dismissed,3.0,0.15671406285027414,2,5,3,8,0.625,0,600
646,sc_2023_insc_234,allowed,4.0,0.1980613719119677,2,4,4,8,0.5,1,600
647,in_abs_train_2452,dismissed,3.0,0.15881050949331807,2,5,3,8,0.625,0,600
647,in_abs_train_4975,allowed,3.0,0.16793266205824697,2,3,5,8,0.375,1,600
647,sc_1993_insc_355,dismissed,3.0,0.23379155199738455,2,5,3,8,0.625,0,600
647,sc_1997_insc_677,allowed,4.0,0.21717699400763077,2,4,4,8,0.5,1,600
647,sc_2006_insc_576,allowed,5.0,0.21305517129108242,2,5,3,8,0.625,1,600
647,sc_2006_insc_685,allowed,4.0,0.21992951274902017,2,4,4,8,0.5,1,600
647,sc_2008_insc_1060,allowed,5.0,0.1976200749847793,2,5,3,8,0.625,1,600
647,sc_2008_insc_1244,dismissed,5.0,0.21712753868298393,2,3,5,8,0.375,0,600
647,sc_2008_insc_801,dismissed,3.0,0.19122772804578816,2,5,3,8,0.625,0,600
647,sc_2008_insc_933,dismissed,2.0,0.16244850489023108,3,5,2,7,0.7142857142857143,0,600
647,sc_2014_insc_471,dismissed,3.0,0.19339658755873917,2,5,3,8,0.625,0,600
647,sc_2014_insc_885,allowed,4.0,0.20414463280336395,2,4,4,8,0.5,1,600
648,in_abs_train_5152,allowed,3.0,0.2025124275759492,2,3,5,8,0.375,1,600
648,sc_1965_insc_1,dismissed,3.0,0.21384196532502206,2,5,3,8,0.625,0,600
648,sc_1967_insc_34,dismissed,2.0,0.18627949386877188,2,6,2,8,0.75,0,600
648,sc_1994_insc_51,allowed,3.0,0.1855365701277623,3,3,4,7,0.42857142857142855,1,600
648,sc_1996_insc_313,dismissed,6.0,0.20903974983929868,2,2,6,8,0.25,0,600
648,sc_1996_insc_756,allowed,3.0,0.19724748291247246,2,3,5,8,0.375,1,600
648,sc_2007_insc_1004,dismissed,3.0,0.1717399903352266,2,5,3,8,0.625,0,600
648,sc_2007_insc_40,allowed,5.0,0.1956272814157754,2,5,3,8,0.625,1,600
648,sc_2007_insc_917,allowed,4.0,0.20440075354875686,2,4,4,8,0.5,1,600
648,sc_2014_insc_350,dismissed,4.0,0.20330613846297807,2,4,4,8,0.5,0,600
648,sc_2014_insc_89,dismissed,6.0,0.1765774740617188,2,2,6,8,0.25,0,600
648,sc_2019_insc_665,allowed,5.0,0.14526255648810643,3,5,2,7,0.7142857142857143,1,600
649,in_abs_train_4382,dismissed,4.0,0.1967552148821813,2,4,4,8,0.5,0,600
649,in_abs_train_4597,allowed,7.0,0.14970029457219547,2,7,1,8,0.875,1,600
649,sc_1952_insc_76,allowed,4.0,0.1927774177970542,2,4,4,8,0.5,1,600
649,sc_1956_insc_37,dismissed,2.0,0.15472312702030647,2,6,2,8,0.75,0,600
649,sc_1975_insc_17,dismissed,4.0,0.18207795877018676,2,4,4,8,0.5,0,600
649,sc_1994_insc_396,dismissed,4.0,0.1864269653050683,2,4,4,8,0.5,0,600
649,sc_1994_insc_552,dismissed,2.0,0.19141761726286113,2,6,2,8,0.75,0,600
649,sc_1997_insc_120,allowed,2.0,0.17028131922959555,2,2,6,8,0.25,1,600
649,sc_2000_insc_269,allowed,3.0,0.20017196210574872,2,3,5,8,0.375,1,600
649,sc_2006_insc_751,dismissed,5.0,0.1982136415422823,2,3,5,8,0.375,0,600
649,sc_2011_insc_685,allowed,3.0,0.18100279040480885,2,3,5,8,0.375,1,600
649,sc_2023_insc_129,allowed,2.0,0.15488083576960213,2,2,6,8,0.25,1,600
650,in_abs_train_5437,dismissed,6.0,0.17938580970968246,2,2,6,8,0.25,0,600
650,sc_1968_insc_20,allowed,5.0,0.18103630051871616,2,5,3,8,0.625,1,600
650,sc_1981_insc_69,dismissed,0.0,0.04994090315111359,1,8,0,8,1.0,0,600
650,sc_1985_insc_76,dismissed,3.0,0.22982082615577204,2,5,3,8,0.625,0,600
650,sc_1995_insc_172,allowed,3.0,0.19451854196873586,2,3,5,8,0.375,1,600
650,sc_1995_insc_753,dismissed,5.0,0.1551842015436177,2,3,5,8,0.375,0,600
650,sc_1996_insc_932,allowed,1.0,0.12404189510432122,3,1,6,7,0.14285714285714285,1,600
650,sc_2008_insc_878,dismissed,3.0,0.18145645876785818,2,5,3,8,0.625,0,600
650,sc_2011_insc_95,allowed,2.0,0.16366803011688405,3,2,5,7,0.2857142857142857,1,600
650,sc_2012_insc_292,allowed,3.0,0.16426298804378128,2,3,5,8,0.375,1,600
650,sc_2012_insc_343,allowed,4.0,0.17324120970794282,2,4,4,8,0.5,1,600
650,sc_2014_insc_750,dismissed,5.0,0.19021594577423237,2,3,5,8,0.375,0,600
651,in_abs_train_1600,dismissed,4.0,0.23050952474919206,2,4,4,8,0.5,0,600
651,in_abs_train_2520,allowed,4.0,0.2090120085479825,2,4,4,8,0.5,1,600
651,in_abs_train_3179,dismissed,5.0,0.1762815755978668,2,3,5,8,0.375,0,600
651,sc_1993_insc_98,dismissed,3.0,0.20175331215193842,2,5,3,8,0.625,0,600
651,sc_1996_insc_129,allowed,3.0,0.22117329178723183,3,3,4,7,0.42857142857142855,1,600
651,sc_2008_insc_1249,dismissed,4.0,0.1879631630656466,2,4,4,8,0.5,0,600
651,sc_2008_insc_1452,allowed,5.0,0.17871107824923813,2,5,3,8,0.625,1,600
651,sc_2008_insc_776,dismissed,3.0,0.23608482273705292,2,5,3,8,0.625,0,600
651,sc_2008_insc_821,allowed,6.0,0.17330183293208137,2,6,2,8,0.75,1,600
651,sc_2009_insc_6,dismissed,5.0,0.1758016301677628,2,3,5,8,0.375,0,600
651,sc_2014_insc_768,allowed,3.0,0.20058312313281562,2,3,5,8,0.375,1,600
651,sc_2018_insc_330,allowed,5.0,0.18106830486527925,2,5,3,8,0.625,1,600
652,in_abs_train_5602,allowed,4.0,0.18738691530303206,2,4,4,8,0.5,1,600
652,sc_1958_insc_18,dismissed,5.0,0.22652263166937678,2,3,5,8,0.375,0,600
652,sc_1964_insc_274,allowed,5.0,0.16870175656238307,2,5,3,8,0.625,1,600
652,sc_1983_insc_92,dismissed,2.0,0.19264932646432842,2,6,2,8,0.75,0,600
652,sc_1995_insc_553,dismissed,5.0,0.18098987491411936,2,3,5,8,0.375,0,600
652,sc_1995_insc_713,allowed,4.0,0.2252576082383056,2,4,4,8,0.5,1,600
652,sc_1997_insc_274,allowed,4.0,0.23472479135909657,2,4,4,8,0.5,1,600
652,sc_1997_insc_302,dismissed,2.0,0.19494247090946012,3,5,2,7,0.7142857142857143,0,600
652,sc_2003_insc_737,allowed,5.0,0.1730213238448305,2,5,3,8,0.625,1,600
652,sc_2006_insc_344,dismissed,4.0,0.21964990731525702,2,4,4,8,0.5,0,600
652,sc_2008_insc_315,dismissed,5.0,0.18137670140483864,2,3,5,8,0.375,0,600
652,sc_2022_insc_153,allowed,3.0,0.1993742677674355,2,3,5,8,0.375,1,600
653,in_abs_train_202,allowed,2.0,0.18457992140684945,2,2,6,8,0.25,1,600
653,in_abs_train_3296,allowed,4.0,0.20265372640851675,2,4,4,8,0.5,1,600
653,in_abs_train_4510,dismissed,7.0,0.13861629658366806,2,1,7,8,0.125,0,600
653,sc_1993_insc_146,allowed,3.0,0.19192496441131807,2,3,5,8,0.375,1,600
653,sc_1995_insc_299,allowed,4.0,0.17576622999473418,2,4,4,8,0.5,1,600
653,sc_2001_insc_3,dismissed,4.0,0.21045214664333006,2,4,4,8,0.5,0,600
653,sc_2003_insc_276,allowed,5.0,0.18137670140483864,2,5,3,8,0.625,1,600
653,sc_2006_insc_564,dismissed,3.0,0.2075542420497763,2,5,3,8,0.625,0,600
653,sc_2008_insc_554,dismissed,6.0,0.15339098609849844,3,1,6,7,0.14285714285714285,0,600
653,sc_2011_insc_612,allowed,4.0,0.18857625472006284,2,4,4,8,0.5,1,600
653,sc_2012_insc_156,dismissed,4.0,0.21310462041230221,2,4,4,8,0.5,0,600
653,sc_2015_insc_804,dismissed,4.0,0.19894030099231724,2,4,4,8,0.5,0,600
654,in_abs_train_1616,allowed,2.0,0.15692482785115736,2,2,6,8,0.25,1,600
654,in_abs_train_4789,allowed,1.0,0.1780437695266055,2,1,7,8,0.125,1,600
654,in_abs_train_5412,dismissed,4.0,0.187085768623454,2,4,4,8,0.5,0,600
654,sc_1960_insc_145,dismissed,4.0,0.18708673504172185,2,4,4,8,0.5,0,600
654,sc_1961_insc_87,allowed,3.0,0.18984987527687716,2,3,5,8,0.375,1,600
654,sc_2008_insc_1230,allowed,3.0,0.1937648957407625,2,3,5,8,0.375,1,600
654,sc_2009_insc_713,dismissed,5.0,0.12095702804075821,2,3,5,8,0.375,0,600
654,sc_2010_insc_719,dismissed,3.0,0.18145645876785818,2,5,3,8,0.625,0,600
654,sc_2014_insc_255,dismissed,3.0,0.23369355530683789,2,5,3,8,0.625,0,600
654,sc_2016_insc_952,allowed,5.0,0.2070803633590887,2,5,3,8,0.625,1,600
654,sc_2017_insc_216,allowed,5.0,0.18915187166812691,2,5,3,8,0.625,1,600
654,sc_2017_insc_881,dismissed,4.0,0.19596148681574121,2,4,4,8,0.5,0,600
655,in_abs_train_1055,dismissed,4.0,0.19660994156457046,2,4,4,8,0.5,0,600
655,in_abs_train_2948,allowed,6.0,0.15517905462281306,2,6,2,8,0.75,1,600
655,sc_1965_insc_170,dismissed,4.0,0.18708576862345402,2,4,4,8,0.5,0,600
655,sc_1970_insc_136,dismissed,2.0,0.2111545959548528,2,6,2,8,0.75,0,600
655,sc_1993_insc_170,dismissed,2.0,0.15950033668692476,3,5,2,7,0.7142857142857143,0,600
655,sc_1996_insc_773,allowed,6.0,0.16236866945759137,2,6,2,8,0.75,1,600
655,sc_1997_insc_697,dismissed,5.0,0.21397061356501212,2,3,5,8,0.375,0,600
655,sc_1999_insc_556,allowed,3.0,0.21946157255429147,2,3,5,8,0.375,1,600
655,sc_2005_insc_568,dismissed,3.0,0.14370004265648362,2,5,3,8,0.625,0,600
655,sc_2008_insc_947,allowed,3.0,0.22451019631412722,2,3,5,8,0.375,1,600
655,sc_2009_insc_380,allowed,6.0,0.16492477170482217,2,6,2,8,0.75,1,600
655,sc_2018_insc_959,allowed,2.0,0.19263635882426614,2,2,6,8,0.25,1,600
656,in_abs_train_4635,allowed,5.0,0.17704019607644392,3,5,2,7,0.7142857142857143,1,600
656,sc_1956_insc_21,dismissed,3.0,0.18269434405591736,3,4,3,7,0.5714285714285714,0,600
656,sc_1970_insc_158,allowed,3.0,0.1722665970697247,2,3,5,8,0.375,1,600
656,sc_1973_insc_211,dismissed,2.0,0.18348911959297856,3,4,2,6,0.6666666666666666,0,600
656,sc_1989_insc_38,dismissed,5.0,0.21662070339372108,2,3,5,8,0.375,0,600
656,sc_1997_insc_740,dismissed,4.0,0.18667136695559772,2,4,4,8,0.5,0,600
656,sc_2000_insc_197,allowed,4.0,0.24879489672598967,2,4,4,8,0.5,1,600
656,sc_2003_insc_580,dismissed,1.0,0.1500616936621798,2,7,1,8,0.875,0,600
656,sc_2010_insc_467,allowed,5.0,0.1812235664222115,2,5,3,8,0.625,1,600
656,sc_2013_insc_127,allowed,3.0,0.18201223651466794,3,3,4,7,0.42857142857142855,1,600
656,sc_2018_insc_585,dismissed,4.0,0.22088078303125422,2,4,4,8,0.5,0,600
656,sc_2021_insc_397,allowed,6.0,0.12966584371678497,2,6,2,8,0.75,1,600
657,in_abs_train_4533,dismissed,6.0,0.13447229703917513,2,2,6,8,0.25,0,600
657,in_abs_train_5883,dismissed,3.0,0.20111121823064543,2,5,3,8,0.625,0,600
657,sc_1960_insc_58,dismissed,2.0,0.17485386436658631,3,5,2,7,0.7142857142857143,0,600
657,sc_1967_insc_176,allowed,4.0,0.20336530053829555,2,4,4,8,0.5,1,600
657,sc_1979_insc_261,allowed,3.0,0.17667286361227477,2,3,5,8,0.375,1,600
657,sc_1981_insc_89,allowed,5.0,0.18098987491411936,2,5,3,8,0.625,1,600
657,sc_1996_insc_568,allowed,3.0,0.16014094076075017,2,3,5,8,0.375,1,600
657,sc_1996_insc_979,allowed,2.0,0.21711422067987293,2,2,6,8,0.25,1,600
657,sc_2007_insc_837,dismissed,4.0,0.19072342447551374,2,4,4,8,0.5,0,600
657,sc_2010_insc_271,dismissed,4.0,0.19981943324021786,2,4,4,8,0.5,0,600
657,sc_2015_insc_261,allowed,5.0,0.1729117642874317,2,5,3,8,0.625,1,600
657,sc_2019_insc_1234,dismissed,6.0,0.19583323644139441,2,2,6,8,0.25,0,600
658,in_abs_train_1777,dismissed,7.0,0.12000504266141339,2,1,7,8,0.125,0,600
658,sc_1974_insc_94,allowed,6.0,0.16986370586864213,2,6,2,8,0.75,1,600
658,sc_1990_insc_385,allowed,6.0,0.17505634423570943,2,6,2,8,0.75,1,600
658,sc_1994_insc_204,allowed,3.0,0.19947069371473242,2,3,5,8,0.375,1,600
658,sc_2000_insc_212,allowed,1.0,0.15394056227813083,2,1,7,8,0.125,1,600
658,sc_2001_insc_572,allowed,3.0,0.1785093895492948,3,3,4,7,0.42857142857142855,1,600
658,sc_2007_insc_1073,dismissed,4.0,0.17094384781893396,2,4,4,8,0.5,0,600
658,sc_2008_insc_53,allowed,5.0,0.19663717494774116,2,5,3,8,0.625,1,600
658,sc_2008_insc_946,dismissed,7.0,0.1648387947329388,2,1,7,8,0.125,0,600
658,sc_2013_insc_689,dismissed,2.0,0.16305704710218286,2,6,2,8,0.75,0,600
658,sc_2018_insc_539,dismissed,5.0,0.1898434711197246,2,3,5,8,0.375,0,600
658,sc_2018_insc_557,dismissed,5.0,0.16328551899750848,2,3,5,8,0.375,0,600
659,in_abs_train_1176,dismissed,3.0,0.172928321107537,2,5,3,8,0.625,0,600
659,in_abs_train_1441,dismissed,5.0,0.20145340469834952,2,3,5,8,0.375,0,600
659,in_abs_train_188,allowed,7.0,0.11538480036236802,2,7,1,8,0.875,1,600
659,sc_1972_insc_248,dismissed,4.0,0.18376031728853387,2,4,4,8,0.5,0,600
659,sc_1997_insc_111,dismissed,5.0,0.1900639342619816,2,3,5,8,0.375,0,600
659,sc_1999_insc_240,dismissed,6.0,0.15594647662396405,2,2,6,8,0.25,0,600
659,sc_2007_insc_428,allowed,4.0,0.20625856854495594,2,4,4,8,0.5,1,600
659,sc_2008_insc_1315,allowed,5.0,0.18319979972011097,2,5,3,8,0.625,1,600
659,sc_2014_insc_671,allowed,4.0,0.20295892010633299,3,4,3,7,0.5714285714285714,1,600
659,sc_2021_insc_800,allowed,3.0,0.23361388457522492,2,3,5,8,0.375,1,600
659,sc_2023_insc_213,allowed,3.0,0.22797069138926593,2,3,5,8,0.375,1,600
659,sc_2023_insc_544,dismissed,8.0,0.03514275733144942,1,0,8,8,0.0,0,600
660,in_abs_train_2847,allowed,3.0,0.1699038535302965,2,3,5,8,0.375,1,600
660,in_abs_train_4102,allowed,3.0,0.19010397779671945,2,3,5,8,0.375,1,600
660,sc_1962_insc_47,dismissed,8.0,0.05066865439235491,1,0,8,8,0.0,0,600
660,sc_1976_insc_140,allowed,2.0,0.18954602425928116,2,2,6,8,0.25,1,600
660,sc_1985_insc_26,dismissed,5.0,0.21301436937011328,3,2,5,7,0.2857142857142857,0,600
660,sc_1988_insc_183,allowed,5.0,0.16498155419571128,2,5,3,8,0.625,1,600
660,sc_2003_insc_100,dismissed,4.0,0.17357025593382097,2,4,4,8,0.5,0,600
660,sc_2003_insc_464,dismissed,6.0,0.15325576571471908,2,2,6,8,0.25,0,600
660,sc_2013_insc_353,dismissed,3.0,0.21952363650209084,2,5,3,8,0.625,0,600
660,sc_2014_insc_354,dismissed,2.0,0.21285479783481817,2,6,2,8,0.75,0,600
660,sc_2014_insc_83,allowed,5.0,0.18122356642221152,2,5,3,8,0.625,1,600
660,sc_2017_insc_1278,allowed,5.0,0.1368909074252716,2,5,3,8,0.625,1,600
661,sc_1960_insc_155,dismissed,6.0,0.1775507243110115,2,2,6,8,0.25,0,600
661,sc_1961_insc_261,dismissed,5.0,0.2003884047863485,2,3,5,8,0.375,0,600
661,sc_1966_insc_82,allowed,6.0,0.1612994525497751,2,6,2,8,0.75,1,600
661,sc_1970_insc_256,allowed,6.0,0.17680054952018345,2,6,2,8,0.75,1,600
661,sc_1996_insc_1405,allowed,5.0,0.17997772369597775,2,5,3,8,0.625,1,600
661,sc_1998_insc_209,allowed,5.0,0.19382897232073612,2,5,3,8,0.625,1,600
661,sc_1998_insc_400,allowed,3.0,0.18352580944435198,2,3,5,8,0.375,1,600
661,sc_2003_insc_384,dismissed,3.0,0.23884273783855434,2,5,3,8,0.625,0,600
661,sc_2004_insc_511,dismissed,5.0,0.1955313661254605,2,3,5,8,0.375,0,600
661,sc_2008_insc_1122,dismissed,3.0,0.16547100493005854,2,5,3,8,0.625,0,600
661,sc_2008_insc_193,allowed,6.0,0.18940747599893124,2,6,2,8,0.75,1,600
661,sc_2017_insc_1203,dismissed,1.0,0.11615198372263849,2,7,1,8,0.875,0,600
662,in_abs_train_1140,allowed,4.0,0.1931429632191435,2,4,4,8,0.5,1,600
662,sc_1965_insc_276,dismissed,3.0,0.21042393168740506,2,5,3,8,0.625,0,600
662,sc_1984_insc_12,allowed,4.0,0.17134241184894733,2,4,4,8,0.5,1,600
662,sc_1990_insc_157,dismissed,5.0,0.1860514217548197,2,3,5,8,0.375,0,600
662,sc_1991_insc_260,dismissed,4.0,0.14004695791708383,3,3,4,7,0.42857142857142855,0,600
662,sc_2002_insc_345,dismissed,6.0,0.1580553559222663,3,1,6,7,0.14285714285714285,0,600
662,sc_2002_insc_393,allowed,6.0,0.12656598354338347,2,6,2,8,0.75,1,600
662,sc_2006_insc_265,allowed,3.0,0.18440322423196087,3,3,4,7,0.42857142857142855,1,600
662,sc_2009_insc_861,allowed,2.0,0.21910267158631264,2,2,6,8,0.25,1,600
662,sc_2011_insc_203,dismissed,4.0,0.187085768623454,2,4,4,8,0.5,0,600
662,sc_2022_insc_952,allowed,5.0,0.1870531435315047,2,5,3,8,0.625,1,600
662,sc_2023_insc_472,dismissed,3.0,0.189489411184174,2,5,3,8,0.625,0,600
663,in_abs_train_4733,allowed,5.0,0.15215307315616233,2,5,3,8,0.625,1,600
663,in_abs_train_4769,dismissed,5.0,0.18019264119422962,2,3,5,8,0.375,0,600
663,in_abs_train_6458,allowed,5.0,0.17752953457910842,2,5,3,8,0.625,1,600
663,in_abs_train_6820,dismissed,4.0,0.203100960115899,2,4,4,8,0.5,0,600
663,sc_1973_insc_108,dismissed,4.0,0.2027772795012872,2,4,4,8,0.5,0,600
663,sc_1976_insc_106,allowed,3.0,0.19405304591888559,2,3,5,8,0.375,1,600
663,sc_1980_insc_213,allowed,4.0,0.20642001344500147,2,4,4,8,0.5,1,600
663,sc_1983_insc_153,dismissed,5.0,0.18723020768466517,2,3,5,8,0.375,0,600
663,sc_1987_insc_170,dismissed,5.0,0.1865526583296112,2,3,5,8,0.375,0,600
663,sc_1989_insc_41,dismissed,1.0,0.12486109072564971,3,6,1,7,0.8571428571428571,0,600
663,sc_2008_insc_894,allowed,5.0,0.20339737964786822,2,5,3,8,0.625,1,600
663,sc_2024_insc_332,allowed,3.0,0.17919260853076563,2,3,5,8,0.375,1,600
664,in_abs_train_3901,dismissed,4.0,0.17900000698220947,2,4,4,8,0.5,0,600
664,sc_1953_insc_44,allowed,7.0,0.12278909720582962,2,7,1,8,0.875,1,600
664,sc_1958_insc_55,allowed,3.0,0.16483828898878528,2,3,5,8,0.375,1,600
664,sc_1996_insc_341,dismissed,6.0,0.18418344120621608,2,2,6,8,0.25,0,600
664,sc_1996_insc_936,allowed,6.0,0.10664526326836726,2,6,2,8,0.75,1,600
664,sc_1996_insc_953,dismissed,6.0,0.1001989761496023,2,2,6,8,0.25,0,600
664,sc_2003_insc_619,allowed,3.0,0.18320667564713383,3,3,4,7,0.42857142857142855,1,600
664,sc_2007_insc_615,allowed,2.0,0.18521124499913408,2,2,6,8,0.25,1,600
664,sc_2009_insc_704,dismissed,4.0,0.14109235305616552,2,4,4,8,0.5,0,600
664,sc_2012_insc_85,allowed,7.0,0.12431605297299989,2,7,1,8,0.875,1,600
664,sc_2019_insc_353,dismissed,6.0,0.19686111942895065,2,2,6,8,0.25,0,600
664,sc_2020_insc_501,dismissed,2.0,0.19086660310665754,3,4,2,6,0.6666666666666666,0,600
665,in_abs_train_1738,dismissed,5.0,0.20524112549736248,2,3,5,8,0.375,0,600
665,in_abs_train_309,allowed,7.0,0.12388531901430444,2,7,1,8,0.875,1,600
665,sc_1963_insc_54,dismissed,4.0,0.20452448025727446,2,4,4,8,0.5,0,600
665,sc_1968_insc_68,dismissed,5.0,0.19623989680545156,2,3,5,8,0.375,0,600
665,sc_1995_insc_382,dismissed,6.0,0.1838523887822351,2,2,6,8,0.25,0,600
665,sc_1996_insc_744,allowed,4.0,0.21257605519218625,2,4,4,8,0.5,1,600
665,sc_1996_insc_840,allowed,6.0,0.17710254159252944,2,6,2,8,0.75,1,600
665,sc_2002_insc_237,dismissed,4.0,0.19851125381749274,2,4,4,8,0.5,0,600
665,sc_2011_insc_527,allowed,4.0,0.22278436884126318,2,4,4,8,0.5,1,600
665,sc_2015_insc_800,dismissed,2.0,0.13296622825794097,2,6,2,8,0.75,0,600
665,sc_2016_insc_438,allowed,5.0,0.15620130312585193,2,5,3,8,0.625,1,600
665,sc_2017_insc_1076,allowed,5.0,0.1771996291278516,2,5,3,8,0.625,1,600
666,in_abs_train_2386,dismissed,2.0,0.1603440619023742,2,6,2,8,0.75,0,600
666,sc_1960_insc_48,dismissed,5.0,0.2158273429486767,2,3,5,8,0.375,0,600
666,sc_1967_insc_271,dismissed,6.0,0.1900647534445959,2,2,6,8,0.25,0,600
666,sc_1970_insc_70,dismissed,2.0,0.17828400484600004,2,6,2,8,0.75,0,600
666,sc_1971_insc_329,dismissed,4.0,0.16690576153664372,2,4,4,8,0.5,0,600
666,sc_2004_insc_32,dismissed,2.0,0.16717655845992557,2,6,2,8,0.75,0,600
666,sc_2008_insc_867,allowed,4.0,0.1890470397391268,2,4,4,8,0.5,1,600
666,sc_2011_insc_163,allowed,5.0,0.18525161000358503,2,5,3,8,0.625,1,600
666,sc_2021_insc_375,allowed,4.0,0.2087056598546315,2,4,4,8,0.5,1,600
666,sc_2022_insc_637,allowed,4.0,0.17368130386572989,2,4,4,8,0.5,1,600
666,sc_2024_insc_149,allowed,5.0,0.1686919708426744,2,5,3,8,0.625,1,600
666,sc_2024_insc_324,allowed,3.0,0.20055104611598087,2,3,5,8,0.375,1,600
667,in_abs_train_4869,dismissed,4.0,0.19373337105434646,2,4,4,8,0.5,0,600
667,in_abs_train_5144,dismissed,3.0,0.177588053486352,2,5,3,8,0.625,0,600
667,in_abs_train_5456,allowed,1.0,0.10333191929101139,2,1,7,8,0.125,1,600
667,sc_1961_insc_64,dismissed,4.0,0.1800756509897023,2,4,4,8,0.5,0,600
667,sc_1973_insc_118,dismissed,3.0,0.1811353578325967,2,5,3,8,0.625,0,600
667,sc_1992_insc_97,allowed,1.0,0.11797562256602534,2,1,7,8,0.125,1,600
667,sc_1994_insc_183,allowed,4.0,0.17536063789885464,2,4,4,8,0.5,1,600
667,sc_2012_insc_207,dismissed,3.0,0.19810224672991159,2,5,3,8,0.625,0,600
667,sc_2012_insc_476,dismissed,4.0,0.17330126122257591,2,4,4,8,0.5,0,600
667,sc_2019_insc_1271,allowed,5.0,0.19388881835714136,2,5,3,8,0.625,1,600
667,sc_2021_insc_681,allowed,7.0,0.1274177492932343,2,7,1,8,0.875,1,600
667,sc_2022_insc_137,allowed,4.0,0.21757432022513262,2,4,4,8,0.5,1,600
668,in_abs_train_1097,dismissed,4.0,0.20556222144382616,3,3,4,7,0.42857142857142855,0,600
668,in_abs_train_1696,dismissed,4.0,0.19353240385179,2,4,4,8,0.5,0,600
668,in_abs_train_2552,dismissed,5.0,0.181142209327368,2,3,5,8,0.375,0,600
668,in_abs_train_3911,dismissed,3.0,0.17367947345604573,2,5,3,8,0.625,0,600
668,sc_1978_insc_118,dismissed,5.0,0.18094326261487131,2,3,5,8,0.375,0,600
668,sc_2002_insc_311,allowed,2.0,0.16259439222780275,2,2,6,8,0.25,1,600
668,sc_2003_insc_434,allowed,5.0,0.19863498913598535,2,5,3,8,0.625,1,600
668,sc_2007_insc_346,allowed,3.0,0.1720594060487647,2,3,5,8,0.375,1,600
668,sc_2013_insc_362,allowed,5.0,0.18191274335933097,2,5,3,8,0.625,1,600
668,sc_2017_insc_899,dismissed,1.0,0.13569946469714644,2,7,1,8,0.875,0,600
668,sc_2020_insc_82,allowed,4.0,0.1928821516502557,2,4,4,8,0.5,1,600
668,sc_2023_insc_525,allowed,5.0,0.17584357230344577,2,5,3,8,0.625,1,600
669,in_abs_train_2686,allowed,4.0,0.17922385744874358,2,4,4,8,0.5,1,600
669,in_abs_train_3842,allowed,4.0,0.18178880309943063,2,4,4,8,0.5,1,600
669,in_abs_train_4736,allowed,3.0,0.22711508832910784,2,3,5,8,0.375,1,600
669,in_abs_train_4929,dismissed,2.0,0.21469180651627662,2,6,2,8,0.75,0,600
669,in_abs_train_5545,dismissed,1.0,0.12352058460608326,2,7,1,8,0.875,0,600
669,in_abs_train_6348,dismissed,4.0,0.18327672473947074,2,4,4,8,0.5,0,600
669,sc_1959_insc_14,dismissed,2.0,0.18002730980044307,2,6,2,8,0.75,0,600
669,sc_1971_insc_55,dismissed,4.0,0.21311920027718223,2,4,4,8,0.5,0,600
669,sc_1972_insc_201,dismissed,3.0,0.18155148177779845,2,5,3,8,0.625,0,600
669,sc_1992_insc_113,allowed,2.0,0.18860207046202263,2,2,6,8,0.25,1,600
669,sc_2004_insc_380,allowed,7.0,0.12362351688000649,2,7,1,8,0.875,1,600
669,sc_2018_insc_130,allowed,6.0,0.19623513364984219,2,6,2,8,0.75,1,600
670,in_abs_train_4436,allowed,5.0,0.23145204909552966,2,5,3,8,0.625,1,600
670,in_abs_train_5801,allowed,4.0,0.19994454367068606,2,4,4,8,0.5,1,600
670,in_abs_train_6540,dismissed,2.0,0.17453486335625243,2,6,2,8,0.75,0,600
670,sc_1953_insc_66,dismissed,4.0,0.20687281355244136,2,4,4,8,0.5,0,600
670,sc_1971_insc_192,allowed,3.0,0.222357101149362,2,3,5,8,0.375,1,600
670,sc_1972_insc_144,allowed,3.0,0.19235248290201878,2,3,5,8,0.375,1,600
670,sc_1973_insc_247,dismissed,4.0,0.17986047590715853,2,4,4,8,0.5,0,600
670,sc_1979_insc_39,dismissed,6.0,0.1445257484474158,2,2,6,8,0.25,0,600
670,sc_1996_insc_891,dismissed,3.0,0.20399542607327492,3,4,3,7,0.5714285714285714,0,600
670,sc_2000_insc_587,dismissed,3.0,0.1796811904888063,3,4,3,7,0.5714285714285714,0,600
670,sc_2003_insc_28,allowed,2.0,0.1587620039049916,2,2,6,8,0.25,1,600
670,sc_2003_insc_80,allowed,5.0,0.2017841701894406,2,5,3,8,0.625,1,600
671,in_abs_train_1626,allowed,5.0,0.2046053875571422,2,5,3,8,0.625,1,600
671,in_abs_train_3982,dismissed,6.0,0.2033156629592602,2,2,6,8,0.25,0,600
671,in_abs_train_5381,dismissed,5.0,0.2491438867216482,2,3,5,8,0.375,0,600
671,sc_1970_insc_37,dismissed,5.0,0.1685369863674129,3,2,5,7,0.2857142857142857,0,600
671,sc_1984_insc_124,allowed,4.0,0.1751619341647676,2,4,4,8,0.5,1,600
671,sc_1994_insc_419,allowed,3.0,0.1747094910129384,2,3,5,8,0.375,1,600
671,sc_1998_insc_151,allowed,4.0,0.1813799918576495,2,4,4,8,0.5,1,600
671,sc_2010_insc_457,dismissed,3.0,0.2263595996689832,3,4,3,7,0.5714285714285714,0,600
671,sc_2013_insc_217,dismissed,6.0,0.1993158932120102,2,2,6,8,0.25,0,600
671,sc_2014_insc_456,dismissed,4.0,0.18798631872236263,2,4,4,8,0.5,0,600
671,sc_2018_insc_371,allowed,5.0,0.17515281471732433,2,5,3,8,0.625,1,600
671,sc_2021_insc_442,allowed,7.0,0.10918529466658305,2,7,1,8,0.875,1,600
672,in_abs_train_3173,dismissed,2.0,0.1712809149397831,2,6,2,8,0.75,0,600
672,sc_1954_insc_7,dismissed,5.0,0.19871591118940943,2,3,5,8,0.375,0,600
672,sc_1969_insc_200,dismissed,5.0,0.21294236078899395,2,3,5,8,0.375,0,600
672,sc_1979_insc_144,allowed,3.0,0.2206290013801449,2,3,5,8,0.375,1,600
672,sc_1982_insc_68,dismissed,2.0,0.2670063870290105,2,6,2,8,0.75,0,600
672,sc_1990_insc_8,dismissed,4.0,0.19314506946112514,2,4,4,8,0.5,0,600
672,sc_2006_insc_65,dismissed,4.0,0.21562726841456895,2,4,4,8,0.5,0,600
672,sc_2010_insc_852,allowed,4.0,0.23500420778907644,2,4,4,8,0.5,1,600
672,sc_2013_insc_503,allowed,5.0,0.2301021027252281,2,5,3,8,0.625,1,600
672,sc_2016_insc_510,allowed,4.0,0.17326093351687472,2,4,4,8,0.5,1,600
672,sc_2022_insc_799,allowed,7.0,0.16827892630396507,2,7,1,8,0.875,1,600
672,sc_2023_insc_708,allowed,3.0,0.18411272507818213,3,3,4,7,0.42857142857142855,1,600
673,in_abs_train_3700,dismissed,2.0,0.1569913590885259,2,6,2,8,0.75,0,600
673,in_abs_train_4475,allowed,3.0,0.17489786870030377,2,3,5,8,0.375,1,600
673,sc_1951_insc_26,dismissed,4.0,0.19571515327894692,2,4,4,8,0.5,0,600
673,sc_1963_insc_241,allowed,4.0,0.22664692920174678,2,4,4,8,0.5,1,600
673,sc_1964_insc_150,dismissed,2.0,0.1447751564239415,2,6,2,8,0.75,0,600
673,sc_1971_insc_188,dismissed,3.0,0.17080566477158698,2,5,3,8,0.625,0,600
673,sc_1984_insc_215,dismissed,3.0,0.16862419914031995,2,5,3,8,0.625,0,600
673,sc_1997_insc_440,allowed,3.0,0.1813003993967707,2,3,5,8,0.375,1,600
673,sc_1997_insc_809,allowed,3.0,0.18049208159330452,2,3,5,8,0.375,1,600
673,sc_2001_insc_485,allowed,3.0,0.18911877875033534,2,3,5,8,0.375,1,600
673,sc_2008_insc_1426,allowed,3.0,0.21292595701239164,2,3,5,8,0.375,1,600
673,sc_2019_insc_585,dismissed,5.0,0.2107706072580533,2,3,5,8,0.375,0,600
674,in_abs_train_6368,allowed,3.0,0.1791455137862357,2,3,5,8,0.375,1,600
674,in_abs_train_762,dismissed,4.0,0.23264199333671082,3,3,4,7,0.42857142857142855,0,600
674,sc_1960_insc_208,dismissed,7.0,0.17615623385278878,2,1,7,8,0.125,0,600
674,sc_1964_insc_231,dismissed,4.0,0.20634932688182342,2,4,4,8,0.5,0,600
674,sc_1995_insc_671,dismissed,6.0,0.18089169259391624,2,2,6,8,0.25,0,600
674,sc_1997_insc_173,allowed,3.0,0.1663559543528623,2,3,5,8,0.375,1,600
674,sc_1997_insc_538,allowed,4.0,0.20567566502720266,2,4,4,8,0.5,1,600
674,sc_1998_insc_145,allowed,6.0,0.14202448017145633,2,6,2,8,0.75,1,600
674,sc_2004_insc_277,dismissed,4.0,0.18806025523276915,2,4,4,8,0.5,0,600
674,sc_2005_insc_567,dismissed,4.0,0.20775601340314295,2,4,4,8,0.5,0,600
674,sc_2020_insc_211,allowed,4.0,0.21275534815755595,2,4,4,8,0.5,1,600
674,sc_2023_insc_88,allowed,2.0,0.15915443888090394,2,2,6,8,0.25,1,600
675,in_abs_train_4765,allowed,3.0,0.18979724314506954,2,3,5,8,0.375,1,600
675,sc_1960_insc_234,dismissed,4.0,0.17823449826877968,2,4,4,8,0.5,0,600
675,sc_1974_insc_106,dismissed,4.0,0.19634649303614973,2,4,4,8,0.5,0,600
675,sc_1974_insc_246,allowed,4.0,0.13932272678176733,2,4,4,8,0.5,1,600
675,sc_1974_insc_69,dismissed,5.0,0.18628082465820234,2,3,5,8,0.375,0,600
675,sc_1985_insc_200,allowed,5.0,0.19439733854290459,2,5,3,8,0.625,1,600
675,sc_1988_insc_32,dismissed,2.0,0.15073098282704614,3,5,2,7,0.7142857142857143,0,600
675,sc_1992_insc_357,dismissed,5.0,0.20928137010305006,2,3,5,8,0.375,0,600
675,sc_1996_insc_1190,allowed,4.0,0.1619480151104492,3,4,3,7,0.5714285714285714,1,600
675,sc_2006_insc_272,allowed,5.0,0.18417521961735928,2,5,3,8,0.625,1,600
675,sc_2014_insc_845,dismissed,5.0,0.18538174377385389,2,3,5,8,0.375,0,600
675,sc_2018_insc_328,allowed,5.0,0.19218612804388355,2,5,3,8,0.625,1,600
676,in_abs_train_1286,allowed,4.0,0.2113501189902841,2,4,4,8,0.5,1,600
676,in_abs_train_3988,allowed,2.0,0.18054939509048115,2,2,6,8,0.25,1,600
676,in_abs_train_6351,dismissed,4.0,0.2561266499666244,2,4,4,8,0.5,0,600
676,sc_1969_insc_238,allowed,6.0,0.16236866945759137,2,6,2,8,0.75,1,600
676,sc_1995_insc_317,dismissed,3.0,0.20319917037520754,2,5,3,8,0.625,0,600
676,sc_1996_insc_1036,allowed,5.0,0.18445692178097206,3,5,2,7,0.7142857142857143,1,600
676,sc_1996_insc_248,dismissed,4.0,0.20010989913990462,2,4,4,8,0.5,0,600
676,sc_1999_insc_3,allowed,4.0,0.17923888875205465,2,4,4,8,0.5,1,600
676,sc_2009_insc_934,dismissed,5.0,0.1217294080293993,2,3,5,8,0.375,0,600
676,sc_2010_insc_352,dismissed,6.0,0.17407021458914235,2,2,6,8,0.25,0,600
676,sc_2011_insc_651,dismissed,5.0,0.19602329953224115,2,3,5,8,0.375,0,600
676,sc_2021_insc_856,allowed,6.0,0.12598048627610894,2,6,2,8,0.75,1,600
677,in_abs_train_588,dismissed,5.0,0.1783383511705823,3,2,5,7,0.2857142857142857,0,600
677,in_abs_train_6653,allowed,4.0,0.2180290656933226,2,4,4,8,0.5,1,600
677,in_abs_train_7034,allowed,2.0,0.1584219473206195,2,2,6,8,0.25,1,600
677,sc_1970_insc_185,dismissed,5.0,0.20367717530708104,2,3,5,8,0.375,0,600
677,sc_1976_insc_195,dismissed,3.0,0.21804793999890398,2,5,3,8,0.625,0,600
677,sc_1996_insc_1217,dismissed,5.0,0.18145645876785818,2,3,5,8,0.375,0,600
677,sc_1997_insc_757,allowed,3.0,0.19672476410584408,2,3,5,8,0.375,1,600
677,sc_2001_insc_24,allowed,3.0,0.20868023312405995,2,3,5,8,0.375,1,600
677,sc_2001_insc_380,allowed,2.0,0.15706404627579973,2,2,6,8,0.25,1,600
677,sc_2003_insc_287,allowed,5.0,0.2023392660148508,2,5,3,8,0.625,1,600
677,sc_2008_insc_1146,dismissed,4.0,0.2336165330703491,2,4,4,8,0.5,0,600
677,sc_2019_insc_100,dismissed,5.0,0.17969259475256383,2,3,5,8,0.375,0,600
678,sc_1968_insc_117,dismissed,1.0,0.12340778349352892,2,7,1,8,0.875,0,600
678,sc_1969_insc_329,allowed,6.0,0.16986507590684471,2,6,2,8,0.75,1,600
678,sc_1994_insc_328,dismissed,5.0,0.2046827676227613,2,3,5,8,0.375,0,600
678,sc_1994_insc_592,allowed,5.0,0.17587852030587647,2,5,3,8,0.625,1,600
678,sc_1995_insc_870,allowed,2.0,0.1430331136822033,2,2,6,8,0.25,1,600
678,sc_2005_insc_260,allowed,5.0,0.21319842617738197,2,5,3,8,0.625,1,600
678,sc_2010_insc_342,allowed,1.0,0.13880648383759722,2,1,7,8,0.125,1,600
678,sc_2015_insc_264,dismissed,6.0,0.17874421506665453,2,2,6,8,0.25,0,600
678,sc_2017_insc_841,allowed,5.0,0.18161039293341272,2,5,3,8,0.625,1,600
678,sc_2020_insc_69,dismissed,4.0,0.18376728683490692,2,4,4,8,0.5,0,600
678,sc_2021_insc_834,dismissed,5.0,0.20865586728559082,2,3,5,8,0.375,0,600
678,sc_2023_insc_578,dismissed,2.0,0.1699269418032209,2,6,2,8,0.75,0,600
679,in_abs_train_908,dismissed,5.0,0.2061427402677071,2,3,5,8,0.375,0,600
679,sc_1968_insc_12,dismissed,5.0,0.1948102273433799,2,3,5,8,0.375,0,600
679,sc_1969_insc_263,dismissed,4.0,0.1942602087381242,2,4,4,8,0.5,0,600
679,sc_1984_insc_29,allowed,3.0,0.1571574287819577,2,3,5,8,0.375,1,600
679,sc_1991_insc_278,allowed,4.0,0.17989681476694813,2,4,4,8,0.5,1,600
679,sc_1991_insc_44,dismissed,4.0,0.19245231272361535,2,4,4,8,0.5,0,600
679,sc_2000_insc_404,allowed,3.0,0.1921651445612772,2,3,5,8,0.375,1,600
679,sc_2007_insc_822,dismissed,2.0,0.1711650197678967,2,6,2,8,0.75,0,600
679,sc_2011_insc_427,allowed,3.0,0.17585202979757888,2,3,5,8,0.375,1,600
679,sc_2014_insc_850,allowed,5.0,0.19623513364984219,2,5,3,8,0.625,1,600
679,sc_2017_insc_117,allowed,4.0,0.21154490357491232,2,4,4,8,0.5,1,600
679,sc_2022_insc_1059,dismissed,5.0,0.18691361614605193,2,3,5,8,0.375,0,600
680,in_abs_train_2491,dismissed,5.0,0.23422458565749116,2,3,5,8,0.375,0,600
680,sc_1984_insc_72,dismissed,4.0,0.2225178351201902,2,4,4,8,0.5,0,600
680,sc_1995_insc_440,dismissed,6.0,0.16236866945759137,2,2,6,8,0.25,0,600
680,sc_1996_insc_114,allowed,4.0,0.18256966137679803,2,4,4,8,0.5,1,600
680,sc_1998_insc_257,allowed,4.0,0.2035279938673569,3,4,3,7,0.5714285714285714,1,600
680,sc_2000_insc_314,allowed,5.0,0.18042038609221162,2,5,3,8,0.625,1,600
680,sc_2001_insc_607,allowed,4.0,0.2521085443414409,2,4,4,8,0.5,1,600
680,sc_2002_insc_425,dismissed,4.0,0.16424929893125131,3,1,4,5,0.2,0,600
680,sc_2009_insc_1139,dismissed,5.0,0.18137670140483864,2,3,5,8,0.375,0,600
680,sc_2009_insc_484,allowed,5.0,0.19928826203248542,2,5,3,8,0.625,1,600
680,sc_2017_insc_909,allowed,2.0,0.22736574241682467,2,2,6,8,0.25,1,600
680,sc_2019_insc_941,dismissed,4.0,0.19228901534353518,2,4,4,8,0.5,0,600
681,sc_1964_insc_206,dismissed,3.0,0.188768537750009,2,5,3,8,0.625,0,600
681,sc_1966_insc_143,dismissed,1.0,0.12442803069014863,2,7,1,8,0.875,0,600
681,sc_1971_insc_255,dismissed,4.0,0.19021654718091316,2,4,4,8,0.5,0,600
681,sc_1987_insc_108,dismissed,5.0,0.2007879244343485,2,3,5,8,0.375,0,600
681,sc_1994_insc_116,allowed,5.0,0.22937859897267368,2,5,3,8,0.625,1,600
681,sc_1996_insc_122,dismissed,3.0,0.2245724790566933,2,5,3,8,0.625,0,600
681,sc_2006_insc_34,allowed,4.0,0.19023612853034588,2,4,4,8,0.5,1,600
681,sc_2006_insc_932,allowed,2.0,0.18119055675487852,2,2,6,8,0.25,1,600
681,sc_2007_insc_1153,allowed,5.0,0.1878472934656079,2,5,3,8,0.625,1,600
681,sc_2008_insc_822,allowed,6.0,0.18915380317497624,2,6,2,8,0.75,1,600
681,sc_2010_insc_86,dismissed,3.0,0.19186687448451425,3,4,3,7,0.5714285714285714,0,600
681,sc_2014_insc_998,allowed,5.0,0.2338324393834015,2,5,3,8,0.625,1,600
682,in_abs_train_332,dismissed,3.0,0.19217637052283493,2,5,3,8,0.625,0,600
682,in_abs_train_4661,dismissed,4.0,0.1645101254237008,2,4,4,8,0.5,0,600
682,sc_1961_insc_31,dismissed,3.0,0.21612022868997696,2,5,3,8,0.625,0,600
682,sc_1965_insc_251,allowed,4.0,0.19079622929771614,2,4,4,8,0.5,1,600
682,sc_1976_insc_114,dismissed,2.0,0.16219619609221947,2,6,2,8,0.75,0,600
682,sc_1984_insc_110,allowed,5.0,0.2040658276036544,2,5,3,8,0.625,1,600
682,sc_1985_insc_113,dismissed,3.0,0.1702142032851548,2,5,3,8,0.625,0,600
682,sc_1996_insc_777,allowed,3.0,0.16321446024739128,2,3,5,8,0.375,1,600
682,sc_1997_insc_681,allowed,4.0,0.1723047811778163,2,4,4,8,0.5,1,600
682,sc_2004_insc_728,allowed,2.0,0.13956252393123753,2,2,6,8,0.25,1,600
682,sc_2007_insc_400,allowed,7.0,0.1610424840988554,2,7,1,8,0.875,1,600
682,sc_2015_insc_179,dismissed,6.0,0.15492274414646676,2,2,6,8,0.25,0,600
683,in_abs_train_1858,allowed,3.0,0.20636667291886415,2,3,5,8,0.375,1,600
683,in_abs_train_6586,allowed,5.0,0.21384368247791252,2,5,3,8,0.625,1,600
683,sc_1961_insc_39,dismissed,5.0,0.19586415128947726,2,3,5,8,0.375,0,600
683,sc_1968_insc_310,dismissed,2.0,0.16303658209941613,2,6,2,8,0.75,0,600
683,sc_1969_insc_250,dismissed,4.0,0.14125559012326355,2,4,4,8,0.5,0,600
683,sc_2000_insc_293,dismissed,4.0,0.20475970949598038,2,4,4,8,0.5,0,600
683,sc_2003_insc_84,dismissed,2.0,0.13989213000696077,2,6,2,8,0.75,0,600
683,sc_2006_insc_429,allowed,5.0,0.16678691160858086,2,5,3,8,0.625,1,600
683,sc_2007_insc_227,allowed,5.0,0.18168805438757618,2,5,3,8,0.625,1,600
683,sc_2013_insc_659,allowed,4.0,0.22384543343993482,2,4,4,8,0.5,1,600
683,sc_2015_insc_855,allowed,5.0,0.19593565234139637,2,5,3,8,0.625,1,600
683,sc_2021_insc_270,dismissed,3.0,0.18091091125882927,2,5,3,8,0.625,0,600
684,sc_1964_insc_254,allowed,6.0,0.1636328901686787,2,6,2,8,0.75,1,600
684,sc_1964_insc_46,dismissed,2.0,0.1819729451557854,2,6,2,8,0.75,0,600
684,sc_1995_insc_424,dismissed,2.0,0.17299907101319523,2,6,2,8,0.75,0,600
684,sc_2001_insc_345,dismissed,3.0,0.20329771891184115,2,5,3,8,0.625,0,600
684,sc_2006_insc_811,allowed,5.0,0.17505260220467941,2,5,3,8,0.625,1,600
684,sc_2007_insc_395,dismissed,5.0,0.16628324301691647,2,3,5,8,0.375,0,600
684,sc_2009_insc_1035,allowed,4.0,0.19072377463521076,2,4,4,8,0.5,1,600
684,sc_2009_insc_1134,dismissed,3.0,0.19078016476964066,2,5,3,8,0.625,0,600
684,sc_2013_insc_500,dismissed,4.0,0.187085768623454,2,4,4,8,0.5,0,600
684,sc_2016_insc_173,allowed,2.0,0.17911781865727988,2,2,6,8,0.25,1,600
684,sc_2023_insc_433,allowed,2.0,0.15967092628921076,2,2,6,8,0.25,1,600
684,sc_2024_insc_383,allowed,1.0,0.11488137806792584,2,1,7,8,0.125,1,600
685,in_abs_train_6543,dismissed,5.0,0.2342954732018003,2,3,5,8,0.375,0,600
685,sc_1950_insc_32,dismissed,1.0,0.14485554346390137,2,7,1,8,0.875,0,600
685,sc_1952_insc_2,dismissed,5.0,0.20418915575287178,2,3,5,8,0.375,0,600
685,sc_1966_insc_234,dismissed,2.0,0.17703991103328484,2,6,2,8,0.75,0,600
685,sc_1979_insc_217,allowed,3.0,0.18091091125882927,2,3,5,8,0.375,1,600
685,sc_1997_insc_655,dismissed,4.0,0.20347296355978495,2,4,4,8,0.5,0,600
685,sc_2006_insc_695,allowed,2.0,0.19540310058018998,2,2,6,8,0.25,1,600
685,sc_2007_insc_388,dismissed,6.0,0.16132714101654264,2,2,6,8,0.25,0,600
685,sc_2008_insc_1132,allowed,4.0,0.225511360875519,2,4,4,8,0.5,1,600
685,sc_2008_insc_1470,allowed,8.0,0.0331928270094753,1,8,0,8,1.0,1,600
685,sc_2009_insc_1131,allowed,4.0,0.187085768623454,2,4,4,8,0.5,1,600
685,sc_2023_insc_89,allowed,5.0,0.18083541254016436,2,5,3,8,0.625,1,600
686,in_abs_train_1049,allowed,2.0,0.15161014147949253,3,2,5,7,0.2857142857142857,1,600
686,in_abs_train_1787,dismissed,4.0,0.1667613209639539,2,4,4,8,0.5,0,600
686,in_abs_train_4244,dismissed,4.0,0.2063434925185718,2,4,4,8,0.5,0,600
686,sc_1960_insc_136,dismissed,3.0,0.22531284509263919,2,5,3,8,0.625,0,600
686,sc_1971_insc_223,allowed,5.0,0.1991818421694106,2,5,3,8,0.625,1,600
686,sc_1985_insc_240,dismissed,6.0,0.16369849714928497,2,2,6,8,0.25,0,600
686,sc_1995_insc_372,allowed,3.0,0.18291955052146253,2,3,5,8,0.375,1,600
686,sc_1996_insc_935,allowed,3.0,0.18153169919465856,2,3,5,8,0.375,1,600
686,sc_2004_insc_73,dismissed,4.0,0.18038614026087005,2,4,4,8,0.5,0,600
686,sc_2008_insc_262,dismissed,3.0,0.15920947091790838,2,5,3,8,0.625,0,600
686,sc_2010_insc_202,allowed,3.0,0.173968313042808,2,3,5,8,0.375,1,600
686,sc_2013_insc_755,allowed,4.0,0.21115375526679922,2,4,4,8,0.5,1,600
687,in_abs_train_4248,dismissed,4.0,0.20905550969045578,2,4,4,8,0.5,0,600
687,in_abs_train_4817,allowed,6.0,0.17543229695800194,2,6,2,8,0.75,1,600
687,in_abs_train_5610,allowed,3.0,0.17967941821309938,2,3,5,8,0.375,1,600
687,sc_1959_1_1162_1167_en,dismissed,6.0,0.2005867926457985,2,2,6,8,0.25,0,600
687,sc_1963_insc_257,dismissed,6.0,0.15545850894087457,2,2,6,8,0.25,0,600
687,sc_1965_insc_299,allowed,4.0,0.22037625682347667,3,4,3,7,0.5714285714285714,1,600
687,sc_1982_insc_24,allowed,2.0,0.20500521955283224,2,2,6,8,0.25,1,600
687,sc_2000_insc_14,dismissed,4.0,0.18618231931841894,2,4,4,8,0.5,0,600
687,sc_2008_insc_489,dismissed,4.0,0.18156244845757422,2,4,4,8,0.5,0,600
687,sc_2008_insc_770,allowed,4.0,0.14364396710518088,2,4,4,8,0.5,1,600
687,sc_2012_insc_44,dismissed,5.0,0.18432765000422557,2,3,5,8,0.375,0,600
687,sc_2020_insc_124,allowed,2.0,0.14205735356323124,2,2,6,8,0.25,1,600
688,in_abs_train_3588,allowed,3.0,0.17700842012215892,2,3,5,8,0.375,1,600
688,in_abs_train_5759,allowed,4.0,0.17857965212197244,2,4,4,8,0.5,1,600
688,sc_1950_insc_31,dismissed,4.0,0.22711095518902702,2,4,4,8,0.5,0,600
688,sc_1968_insc_340,dismissed,1.0,0.12257748551572242,2,7,1,8,0.875,0,600
688,sc_1970_insc_78,allowed,2.0,0.18847893313461261,2,2,6,8,0.25,1,600
688,sc_1972_insc_289,dismissed,5.0,0.23811419388475888,2,3,5,8,0.375,0,600
688,sc_1993_insc_265,allowed,4.0,0.1975926997639336,2,4,4,8,0.5,1,600
688,sc_1995_insc_368,dismissed,5.0,0.160071288838423,2,3,5,8,0.375,0,600
688,sc_1996_insc_801,allowed,3.0,0.19583130190802753,2,3,5,8,0.375,1,600
688,sc_2001_insc_257,dismissed,4.0,0.2024570894948722,3,3,4,7,0.42857142857142855,0,600
688,sc_2006_insc_788,allowed,3.0,0.1811172042328567,2,3,5,8,0.375,1,600
688,sc_2019_insc_1397,dismissed,5.0,0.17667620390642796,2,3,5,8,0.375,0,600
689,in_abs_train_115,allowed,6.0,0.1928792337436143,2,6,2,8,0.75,1,600
689,in_abs_train_4530,dismissed,3.0,0.18161219979150328,2,5,3,8,0.625,0,600
689,in_abs_train_6253,allowed,3.0,0.22076773509084802,2,3,5,8,0.375,1,600
689,sc_1984_insc_166,dismissed,3.0,0.19095531328193546,2,5,3,8,0.625,0,600
689,sc_1994_insc_13,allowed,6.0,0.12112320353919334,2,6,2,8,0.75,1,600
689,sc_2007_insc_406,allowed,5.0,0.18648443718578767,2,5,3,8,0.625,1,600
689,sc_2009_insc_1022,dismissed,5.0,0.16250333787780658,2,3,5,8,0.375,0,600
689,sc_2015_insc_597,dismissed,6.0,0.2015723182607307,2,2,6,8,0.25,0,600
689,sc_2016_insc_524,allowed,2.0,0.15903728780610507,2,2,6,8,0.25,1,600
689,sc_2019_insc_1259,allowed,6.0,0.17332664500317183,2,6,2,8,0.75,1,600
689,sc_2019_insc_364,dismissed,5.0,0.19599596212906345,2,3,5,8,0.375,0,600
689,sc_2019_insc_671,dismissed,5.0,0.18647362884403385,2,3,5,8,0.375,0,600
690,in_abs_train_4368,allowed,1.0,0.14925756034598883,2,1,7,8,0.125,1,600
690,in_abs_train_5198,allowed,4.0,0.19529870599135377,2,4,4,8,0.5,1,600
690,sc_1954_insc_40,dismissed,5.0,0.17120729842066829,2,3,5,8,0.375,0,600
690,sc_1962_insc_21,allowed,5.0,0.1775285914188586,2,5,3,8,0.625,1,600
690,sc_1978_insc_61,dismissed,4.0,0.17049887137110034,2,4,4,8,0.5,0,600
690,sc_1993_insc_6,allowed,3.0,0.1814564587678582,2,3,5,8,0.375,1,600
690,sc_2007_insc_200,allowed,4.0,0.17445426568681696,2,4,4,8,0.5,1,600
690,sc_2009_insc_244,allowed,6.0,0.18679533691145794,2,6,2,8,0.75,1,600
690,sc_2009_insc_342,dismissed,3.0,0.1856728593906113,2,5,3,8,0.625,0,600
690,sc_2019_insc_929,dismissed,5.0,0.20674926841828628,2,3,5,8,0.375,0,600
690,sc_2020_insc_354,dismissed,5.0,0.23100708073679335,2,3,5,8,0.375,0,600
690,sc_2021_insc_98,dismissed,6.0,0.20972603036461637,2,2,6,8,0.25,0,600
691,in_abs_train_3164,allowed,6.0,0.1415939514888058,2,6,2,8,0.75,1,600
691,in_abs_train_4642,allowed,2.0,0.15395607721138344,2,2,6,8,0.25,1,600
691,sc_1962_insc_202,allowed,6.0,0.14425890895365873,2,6,2,8,0.75,1,600
691,sc_1970_insc_223,dismissed,4.0,0.2229407529803779,2,4,4,8,0.5,0,600
691,sc_1980_insc_78,dismissed,4.0,0.1928995649071851,2,4,4,8,0.5,0,600
691,sc_1981_insc_28,dismissed,6.0,0.18548070322769766,3,1,6,7,0.14285714285714285,0,600
691,sc_1998_insc_232,allowed,5.0,0.17927188736166716,2,5,3,8,0.625,1,600
691,sc_2004_insc_430,dismissed,5.0,0.17915974515977154,2,3,5,8,0.375,0,600
691,sc_2018_insc_165,dismissed,5.0,0.16890448865267016,2,3,5,8,0.375,0,600
691,sc_2019_insc_123,dismissed,4.0,0.20027403417507217,2,4,4,8,0.5,0,600
691,sc_2020_insc_261,allowed,3.0,0.18693895318065212,2,3,5,8,0.375,1,600
691,sc_2023_insc_550,allowed,4.0,0.19859980013544648,3,4,3,7,0.5714285714285714,1,600
692,in_abs_train_4079,dismissed,6.0,0.1348913470907555,2,2,6,8,0.25,0,600
692,in_abs_train_4435,allowed,5.0,0.2071171451858759,2,5,3,8,0.625,1,600
692,in_abs_train_6335,allowed,7.0,0.1511939566193754,2,7,1,8,0.875,1,600
692,in_abs_train_6879,allowed,2.0,0.16166414828145773,2,2,6,8,0.25,1,600
692,sc_1974_insc_32,dismissed,4.0,0.16828847272925015,2,4,4,8,0.5,0,600
692,sc_1981_insc_146,dismissed,5.0,0.25451925125586355,3,2,5,7,0.2857142857142857,0,600
692,sc_1992_insc_144,dismissed,2.0,0.1280851578187023,2,6,2,8,0.75,0,600
692,sc_1996_insc_1201,dismissed,1.0,0.12408960885902458,2,7,1,8,0.875,0,600
692,sc_2009_insc_821,allowed,4.0,0.18738691530303206,2,4,4,8,0.5,1,600
692,sc_2013_insc_405,dismissed,5.0,0.23054523332077703,2,3,5,8,0.375,0,600
692,sc_2014_insc_962,allowed,4.0,0.17934682767814514,2,4,4,8,0.5,1,600
692,sc_2021_insc_183,allowed,5.0,0.1978910214955107,2,5,3,8,0.625,1,600
693,in_abs_train_3208,dismissed,4.0,0.17024115678440874,2,4,4,8,0.5,0,600
693,in_abs_train_7047,allowed,5.0,0.20791905953389722,2,5,3,8,0.625,1,600
693,sc_1961_insc_224,allowed,6.0,0.17561833735951887,2,6,2,8,0.75,1,600
693,sc_1967_insc_139,dismissed,4.0,0.20028121815149325,2,4,4,8,0.5,0,600
693,sc_1972_insc_287,allowed,3.0,0.16812075538437363,2,3,5,8,0.375,1,600
693,sc_1976_insc_8,allowed,5.0,0.18391092419177502,2,5,3,8,0.625,1,600
693,sc_1994_insc_151,allowed,4.0,0.1710013255960119,2,4,4,8,0.5,1,600
693,sc_1994_insc_65,dismissed,4.0,0.18117091066453064,2,4,4,8,0.5,0,600
693,sc_1997_insc_788,dismissed,7.0,0.13798148415680672,2,1,7,8,0.125,0,600
693,sc_1998_insc_425,allowed,5.0,0.1721378529837528,2,5,3,8,0.625,1,600
693,sc_2008_insc_1241,dismissed,5.0,0.1777200373180525,2,3,5,8,0.375,0,600
693,sc_2018_insc_784,dismissed,4.0,0.24421014553579673,2,4,4,8,0.5,0,600
694,in_abs_train_2191,allowed,3.0,0.16050462621224365,2,3,5,8,0.375,1,600
694,in_abs_train_6646,dismissed,1.0,0.1370781720141669,2,7,1,8,0.875,0,600
694,sc_1967_insc_140,dismissed,4.0,0.18285256734300606,2,4,4,8,0.5,0,600
694,sc_1988_insc_192,allowed,4.0,0.18935515277892115,2,4,4,8,0.5,1,600
694,sc_1988_insc_236,allowed,5.0,0.18122356642221152,2,5,3,8,0.625,1,600
694,sc_1995_insc_911,dismissed,5.0,0.18137670140483864,2,3,5,8,0.375,0,600
694,sc_2005_insc_603,allowed,2.0,0.1620185174601965,2,2,6,8,0.25,1,600
694,sc_2006_insc_459,allowed,4.0,0.21512839983962478,2,4,4,8,0.5,1,600
694,sc_2008_insc_905,allowed,2.0,0.1687073810820013,2,2,6,8,0.25,1,600
694,sc_2011_insc_620,dismissed,2.0,0.16218579657830465,2,6,2,8,0.75,0,600
694,sc_2017_insc_209,dismissed,2.0,0.21067327234030286,2,6,2,8,0.75,0,600
694,sc_2022_insc_253,dismissed,6.0,0.16677080080157916,2,2,6,8,0.25,0,600
695,in_abs_train_1830,allowed,5.0,0.19412953317153125,2,5,3,8,0.625,1,600
695,in_abs_train_4034,dismissed,3.0,0.19654556255884073,2,5,3,8,0.625,0,600
695,sc_1958_insc_100,allowed,2.0,0.1812843934391609,2,2,6,8,0.25,1,600
695,sc_1965_insc_136,dismissed,5.0,0.18472509100113232,2,3,5,8,0.375,0,600
695,sc_1977_insc_91,allowed,3.0,0.1923608996281614,2,3,5,8,0.375,1,600
695,sc_1985_insc_183,dismissed,5.0,0.23433264244002114,2,3,5,8,0.375,0,600
695,sc_1992_insc_28,allowed,4.0,0.19850581202700482,2,4,4,8,0.5,1,600
695,sc_1996_insc_1244,allowed,4.0,0.1863834103927784,2,4,4,8,0.5,1,600
695,sc_2011_insc_172,allowed,6.0,0.1873109046478608,2,6,2,8,0.75,1,600
695,sc_2012_insc_86,dismissed,3.0,0.18768901905277352,2,5,3,8,0.625,0,600
695,sc_2021_insc_145,dismissed,4.0,0.15532108067574837,2,4,4,8,0.5,0,600
695,sc_2024_insc_242,dismissed,6.0,0.17108956917633156,2,2,6,8,0.25,0,600
696,in_abs_train_1380,dismissed,4.0,0.18414823221679708,2,4,4,8,0.5,0,600
696,in_abs_train_2472,allowed,5.0,0.19042296670832537,2,5,3,8,0.625,1,600
696,in_abs_train_591,allowed,3.0,0.1857818687424719,2,3,5,8,0.375,1,600
696,sc_1967_insc_24,dismissed,4.0,0.21558965244933523,3,3,4,7,0.42857142857142855,0,600
696,sc_1972_insc_55,dismissed,3.0,0.14235628195448477,2,5,3,8,0.625,0,600
696,sc_1985_insc_187,dismissed,6.0,0.16152532646680465,3,1,6,7,0.14285714285714285,0,600
696,sc_1986_insc_126,dismissed,3.0,0.18909872611315856,2,5,3,8,0.625,0,600
696,sc_1997_insc_521,allowed,3.0,0.17470949101293837,2,3,5,8,0.375,1,600
696,sc_2005_insc_378,dismissed,3.0,0.19677053089151678,2,5,3,8,0.625,0,600
696,sc_2010_insc_379,allowed,5.0,0.20942870544631723,2,5,3,8,0.625,1,600
696,sc_2012_insc_313,allowed,2.0,0.1535298947157477,2,2,6,8,0.25,1,600
696,sc_2012_insc_50,allowed,1.0,0.1400625173682042,2,1,7,8,0.125,1,600
697,in_abs_train_109,allowed,3.0,0.17609610492467703,2,3,5,8,0.375,1,600
697,sc_1954_insc_2,dismissed,7.0,0.14015751002059534,2,1,7,8,0.125,0,600
697,sc_1958_insc_120,allowed,4.0,0.20090924734726084,2,4,4,8,0.5,1,600
697,sc_1959_insc_65,dismissed,4.0,0.18768709712862905,2,4,4,8,0.5,0,600
697,sc_1963_insc_221,allowed,4.0,0.1818310114943857,2,4,4,8,0.5,1,600
697,sc_1969_insc_212,dismissed,4.0,0.18662563038300964,2,4,4,8,0.5,0,600
697,sc_1998_insc_280,allowed,3.0,0.17619712022929213,2,3,5,8,0.375,1,600
697,sc_2001_insc_316,allowed,4.0,0.22623282018845217,2,4,4,8,0.5,1,600
697,sc_2003_insc_134,dismissed,6.0,0.16522497851954984,2,2,6,8,0.25,0,600
697,sc_2014_insc_195,allowed,7.0,0.13361797556039062,2,7,1,8,0.875,1,600
697,sc_2022_insc_1318,dismissed,0.0,0.028564125025786875,1,8,0,8,1.0,0,600
697,sc_2023_insc_232,dismissed,6.0,0.2003112799467536,2,2,6,8,0.25,0,600
698,in_abs_train_2119,allowed,5.0,0.2109506628519066,2,5,3,8,0.625,1,600
698,in_abs_train_2882,dismissed,5.0,0.1837345118122169,2,3,5,8,0.375,0,600
698,in_abs_train_356,dismissed,5.0,0.21779832049957878,2,3,5,8,0.375,0,600
698,sc_1974_insc_87,allowed,6.0,0.15308059487337286,2,6,2,8,0.75,1,600
698,sc_1977_insc_139,dismissed,4.0,0.18708576862345402,2,4,4,8,0.5,0,600
698,sc_1981_insc_159,allowed,4.0,0.17579122614224318,2,4,4,8,0.5,1,600
698,sc_1994_insc_212,allowed,1.0,0.15044198125201644,2,1,7,8,0.125,1,600
698,sc_1998_insc_242,allowed,4.0,0.1930126319631374,2,4,4,8,0.5,1,600
698,sc_2004_insc_586,dismissed,4.0,0.179870287464328,2,4,4,8,0.5,0,600
698,sc_2010_insc_657,dismissed,6.0,0.1957438166100565,2,2,6,8,0.25,0,600
698,sc_2010_insc_99,allowed,5.0,0.17502469642099694,2,5,3,8,0.625,1,600
698,sc_2013_insc_1,dismissed,6.0,0.16219396663408908,2,2,6,8,0.25,0,600
699,sc_1957_insc_86,dismissed,4.0,0.18634403420110146,2,4,4,8,0.5,0,600
699,sc_1960_insc_55,dismissed,3.0,0.2527491267185481,2,5,3,8,0.625,0,600
699,sc_1976_insc_134,dismissed,3.0,0.21591115195630056,2,5,3,8,0.625,0,600
699,sc_1986_insc_178,allowed,4.0,0.19935564043434761,2,4,4,8,0.5,1,600
699,sc_1988_insc_92,dismissed,6.0,0.1335410876779663,2,2,6,8,0.25,0,600
699,sc_1991_insc_152,dismissed,5.0,0.165857135166728,2,3,5,8,0.375,0,600
699,sc_1997_insc_160,dismissed,7.0,0.14613536028896534,2,1,7,8,0.125,0,600
699,sc_2002_insc_58,allowed,4.0,0.19132478800756159,3,4,3,7,0.5714285714285714,1,600
699,sc_2002_insc_98,allowed,4.0,0.203155686885303,2,4,4,8,0.5,1,600
699,sc_2004_insc_134,allowed,2.0,0.1459816683821784,2,2,6,8,0.25,1,600
699,sc_2017_insc_766,allowed,6.0,0.1910339816442539,2,6,2,8,0.75,1,600
699,sc_2019_insc_1148,allowed,4.0,0.18739951771835334,2,4,4,8,0.5,1,600
700,in_abs_train_2774,dismissed,3.0,0.1976759829001027,2,5,3,8,0.625,0,700
700,in_abs_train_3776,allowed,3.0,0.20966619220311822,3,3,4,7,0.42857142857142855,1,700
700,in_abs_train_6321,allowed,3.0,0.1784505607608106,3,3,4,7,0.42857142857142855,1,700
700,sc_1955_insc_77,dismissed,5.0,0.15256921387012554,3,2,5,7,0.2857142857142857,0,700
700,sc_1969_insc_287,allowed,3.0,0.13529046472474754,2,3,5,8,0.375,1,700
700,sc_1971_insc_300,dismissed,5.0,0.1855180217227657,2,3,5,8,0.375,0,700
700,sc_1994_insc_167,dismissed,2.0,0.17874757643494674,3,5,2,7,0.7142857142857143,0,700
700,sc_2001_insc_205,allowed,7.0,0.12306435235854685,2,7,1,8,0.875,1,700
700,sc_2009_insc_40,dismissed,2.0,0.16836152340925933,2,6,2,8,0.75,0,700
700,sc_2009_insc_500,allowed,4.0,0.23019599325900525,2,4,4,8,0.5,1,700
700,sc_2010_insc_432,allowed,5.0,0.20702219438160052,2,5,3,8,0.625,1,700
700,sc_2013_insc_676,dismissed,3.0,0.17627903762825248,2,5,3,8,0.625,0,700
701,in_abs_train_461,dismissed,6.0,0.14585654859312194,2,2,6,8,0.25,0,700
701,in_abs_train_6864,dismissed,3.0,0.18841761284167846,2,5,3,8,0.625,0,700
701,in_abs_train_901,allowed,5.0,0.17337703424882955,2,5,3,8,0.625,1,700
701,sc_1970_insc_208,dismissed,5.0,0.2009939023218114,2,3,5,8,0.375,0,700
701,sc_1995_insc_728,allowed,6.0,0.16031753740839966,2,6,2,8,0.75,1,700
701,sc_1999_insc_139,allowed,5.0,0.18098987491411933,2,5,3,8,0.625,1,700
701,sc_2001_insc_52,allowed,2.0,0.2216402850403761,2,2,6,8,0.25,1,700
701,sc_2007_insc_650,dismissed,6.0,0.16094397871841706,2,2,6,8,0.25,0,700
701,sc_2008_insc_469,dismissed,4.0,0.21426248408062948,2,4,4,8,0.5,0,700
701,sc_2010_insc_659,allowed,6.0,0.16580835538140323,2,6,2,8,0.75,1,700
701,sc_2016_insc_370,allowed,6.0,0.16068018836771472,2,6,2,8,0.75,1,700
701,sc_2022_insc_1002,dismissed,2.0,0.1695062182072171,2,6,2,8,0.75,0,700
702,in_abs_train_3870,dismissed,4.0,0.1758177831083729,2,4,4,8,0.5,0,700
702,in_abs_train_6223,dismissed,5.0,0.20133538845827853,2,3,5,8,0.375,0,700
702,sc_1962_insc_153,dismissed,4.0,0.19423616535937727,2,4,4,8,0.5,0,700
702,sc_1979_insc_68,allowed,4.0,0.21129954091586103,2,4,4,8,0.5,1,700
702,sc_1983_insc_6,allowed,4.0,0.17369228038247067,2,4,4,8,0.5,1,700
702,sc_1986_insc_84,dismissed,4.0,0.2097362289392526,2,4,4,8,0.5,0,700
702,sc_1996_insc_1146,allowed,4.0,0.18645341860708228,2,4,4,8,0.5,1,700
702,sc_2002_insc_437,dismissed,4.0,0.2082150429131778,3,3,4,7,0.42857142857142855,0,700
702,sc_2006_insc_537,allowed,6.0,0.18802053637359475,2,6,2,8,0.75,1,700
702,sc_2010_insc_103,dismissed,2.0,0.15536854468755562,2,6,2,8,0.75,0,700
702,sc_2013_insc_183,allowed,5.0,0.18207538666324843,2,5,3,8,0.625,1,700
702,sc_2021_insc_622,allowed,4.0,0.18806025523276917,2,4,4,8,0.5,1,700
703,in_abs_train_2915,dismissed,1.0,0.20265450699737522,2,7,1,8,0.875,0,700
703,in_abs_train_3167,allowed,3.0,0.21307601669096612,2,3,5,8,0.375,1,700
703,sc_1966_insc_135,dismissed,4.0,0.18918720651022586,2,4,4,8,0.5,0,700
703,sc_1997_insc_791,allowed,4.0,0.1936023423659148,2,4,4,8,0.5,1,700
703,sc_1999_insc_33,dismissed,4.0,0.20065386776544997,2,4,4,8,0.5,0,700
703,sc_2001_insc_509,allowed,6.0,0.16312896482536035,2,6,2,8,0.75,1,700
703,sc_2003_insc_168,dismissed,5.0,0.24640306836201184,2,3,5,8,0.375,0,700
703,sc_2009_insc_1143,dismissed,4.0,0.17846416957313468,2,4,4,8,0.5,0,700
703,sc_2011_insc_552,allowed,4.0,0.2289574210522229,2,4,4,8,0.5,1,700
703,sc_2013_insc_696,dismissed,4.0,0.21810276555845418,2,4,4,8,0.5,0,700
703,sc_2023_insc_325,allowed,6.0,0.19723495069041946,2,6,2,8,0.75,1,700
703,sc_2024_insc_184,allowed,3.0,0.18153169919465856,2,3,5,8,0.375,1,700
704,in_abs_train_1871,dismissed,3.0,0.17543965297540604,2,5,3,8,0.625,0,700
704,sc_1963_insc_133,allowed,4.0,0.17468393652128242,2,4,4,8,0.5,1,700
704,sc_1963_insc_226,dismissed,2.0,0.16076540993883034,2,6,2,8,0.75,0,700
704,sc_1968_insc_283,dismissed,4.0,0.12449676654330266,2,4,4,8,0.5,0,700
704,sc_1994_insc_269,allowed,3.0,0.18232564751310065,3,3,4,7,0.42857142857142855,1,700
704,sc_1996_insc_180,allowed,4.0,0.18827627105153594,2,4,4,8,0.5,1,700
704,sc_1996_insc_27,dismissed,3.0,0.15516996488947907,2,5,3,8,0.625,0,700
704,sc_1997_insc_719,allowed,5.0,0.2015081486042356,2,5,3,8,0.625,1,700
704,sc_2003_insc_59,allowed,1.0,0.13396106455498932,2,1,7,8,0.125,1,700
704,sc_2010_insc_665,dismissed,3.0,0.17535223480184106,2,5,3,8,0.625,0,700
704,sc_2011_insc_112,allowed,3.0,0.1806788167479203,2,3,5,8,0.375,1,700
704,sc_2019_insc_1415,dismissed,6.0,0.16111834326269087,2,2,6,8,0.25,0,700
705,sc_1959_insc_102,dismissed,4.0,0.22174604567317624,2,4,4,8,0.5,0,700
705,sc_1970_insc_214,dismissed,3.0,0.20858112294524583,2,5,3,8,0.625,0,700
705,sc_1971_insc_227,dismissed,2.0,0.16651420525378507,2,6,2,8,0.75,0,700
705,sc_1982_insc_8,dismissed,3.0,0.19614841294487614,2,5,3,8,0.625,0,700
705,sc_1993_insc_185,allowed,5.0,0.18384666632959354,2,5,3,8,0.625,1,700
705,sc_1993_insc_235,allowed,3.0,0.17501384706559342,2,3,5,8,0.375,1,700
705,sc_1996_insc_787,dismissed,5.0,0.18427306596910606,2,3,5,8,0.375,0,700
705,sc_2000_insc_74,allowed,5.0,0.20234376413403146,3,5,2,7,0.7142857142857143,1,700
705,sc_2003_insc_113,allowed,6.0,0.20676005770997669,2,6,2,8,0.75,1,700
705,sc_2004_insc_106,allowed,5.0,0.1380624253448534,2,5,3,8,0.625,1,700
705,sc_2010_insc_601,allowed,5.0,0.17492333320384484,2,5,3,8,0.625,1,700
705,sc_2015_insc_944,dismissed,3.0,0.21558519818988367,2,5,3,8,0.625,0,700
706,in_abs_train_2210,dismissed,7.0,0.1340842577249203,2,1,7,8,0.125,0,700
706,in_abs_train_2530,dismissed,3.0,0.18109616316338675,3,4,3,7,0.5714285714285714,0,700
706,in_abs_train_6814,allowed,4.0,0.1683349506556642,2,4,4,8,0.5,1,700
706,sc_1964_insc_182,allowed,3.0,0.16368297617122604,2,3,5,8,0.375,1,700
706,sc_1996_insc_437,allowed,2.0,0.15782803942684467,3,2,5,7,0.2857142857142857,1,700
706,sc_1999_insc_35,dismissed,4.0,0.18097894295964498,2,4,4,8,0.5,0,700
706,sc_2010_insc_265,allowed,4.0,0.18678558838086443,2,4,4,8,0.5,1,700
706,sc_2012_insc_144,dismissed,3.0,0.18706235616306902,2,5,3,8,0.625,0,700
706,sc_2016_insc_870,allowed,1.0,0.14994641900168396,2,1,7,8,0.125,1,700
706,sc_2018_insc_1154,dismissed,5.0,0.18005808928089914,2,3,5,8,0.375,0,700
706,sc_2022_insc_1302,allowed,5.0,0.18122356642221152,2,5,3,8,0.625,1,700
706,sc_2023_insc_844,dismissed,3.0,0.16172884363958226,2,5,3,8,0.625,0,700
707,in_abs_train_2010,allowed,2.0,0.13549485762158128,2,2,6,8,0.25,1,700
707,in_abs_train_3773,dismissed,7.0,0.13419437356703182,2,1,7,8,0.125,0,700
707,sc_1962_insc_88,dismissed,4.0,0.19956291341386395,2,4,4,8,0.5,0,700
707,sc_1967_insc_159,allowed,5.0,0.18050228671177396,2,5,3,8,0.625,1,700
707,sc_1968_insc_261,dismissed,4.0,0.20322228988755847,2,4,4,8,0.5,0,700
707,sc_1977_insc_165,allowed,5.0,0.17755982059069983,2,5,3,8,0.625,1,700
707,sc_1984_insc_202,allowed,6.0,0.16328597896998348,2,6,2,8,0.75,1,700
707,sc_1988_insc_86,dismissed,3.0,0.1773811515506965,2,5,3,8,0.625,0,700
707,sc_1996_insc_1319,allowed,3.0,0.21514617124178617,2,3,5,8,0.375,1,700
707,sc_2007_insc_160,dismissed,2.0,0.1694481984686934,2,6,2,8,0.75,0,700
707,sc_2007_insc_351,dismissed,4.0,0.18700971049770784,2,4,4,8,0.5,0,700
707,sc_2018_insc_1008,allowed,4.0,0.1901092658078015,2,4,4,8,0.5,1,700
708,in_abs_train_2292,allowed,3.0,0.1912681654779055,2,3,5,8,0.375,1,700
708,in_abs_train_4329,dismissed,1.0,0.12773305031532417,2,7,1,8,0.875,0,700
708,in_abs_train_50,dismissed,4.0,0.2119886889460648,2,4,4,8,0.5,0,700
708,sc_1961_insc_97,allowed,7.0,0.13626532226786597,2,7,0,7,1.0,1,700
708,sc_1979_insc_214,allowed,3.0,0.2314899400182364,2,3,5,8,0.375,1,700
708,sc_1987_insc_44,allowed,6.0,0.16637312841063864,2,6,2,8,0.75,1,700
708,sc_1988_insc_328,dismissed,4.0,0.24178772188710726,2,4,4,8,0.5,0,700
708,sc_2003_insc_172,allowed,3.0,0.21913599122974142,2,3,5,8,0.375,1,700
708,sc_2007_insc_1258,dismissed,3.0,0.18130039939677067,2,5,3,8,0.625,0,700
708,sc_2009_insc_1083,allowed,3.0,0.15743372838104688,2,3,5,8,0.375,1,700
708,sc_2010_insc_711,dismissed,5.0,0.1809521444234043,2,3,5,8,0.375,0,700
708,sc_2016_insc_844,dismissed,4.0,0.18396246981404799,2,4,4,8,0.5,0,700
709,sc_1952_insc_40,allowed,3.0,0.16708939743603476,2,3,5,8,0.375,1,700
709,sc_1978_insc_218,allowed,4.0,0.19860049408297048,2,4,4,8,0.5,1,700
709,sc_1989_insc_224,dismissed,6.0,0.16314603460237315,2,2,6,8,0.25,0,700
709,sc_1994_insc_6,dismissed,4.0,0.1998953046284479,2,4,4,8,0.5,0,700
709,sc_1995_insc_25,dismissed,3.0,0.18903330205472865,2,5,3,8,0.625,0,700
709,sc_2000_insc_318,dismissed,3.0,0.22578822745095448,2,5,3,8,0.625,0,700
709,sc_2007_insc_568,allowed,4.0,0.19838548952823423,2,4,4,8,0.5,1,700
709,sc_2009_insc_921,dismissed,2.0,0.16989203762296512,2,6,2,8,0.75,0,700
709,sc_2015_insc_933,allowed,5.0,0.16945149155317468,2,5,3,8,0.625,1,700
709,sc_2018_insc_319,allowed,6.0,0.18890807100565787,2,6,2,8,0.75,1,700
709,sc_2022_insc_303,allowed,4.0,0.18678365242306402,2,4,4,8,0.5,1,700
709,sc_2023_insc_545,dismissed,5.0,0.17826376360356755,2,3,5,8,0.375,0,700
710,in_abs_train_398,dismissed,3.0,0.15972216326441493,2,5,3,8,0.625,0,700
710,in_abs_train_7119,allowed,3.0,0.18137670140483864,2,3,5,8,0.375,1,700
710,sc_1953_insc_23,dismissed,4.0,0.23199261377424463,2,4,4,8,0.5,0,700
710,sc_1961_insc_265,allowed,4.0,0.20787303430851575,3,4,3,7,0.5714285714285714,1,700
710,sc_1969_insc_257,dismissed,4.0,0.20183081393919294,2,4,4,8,0.5,0,700
710,sc_1970_insc_22,dismissed,6.0,0.21040824848439335,2,2,6,8,0.25,0,700
710,sc_1994_insc_341,allowed,5.0,0.24825393825102324,2,5,3,8,0.625,1,700
710,sc_1995_insc_734,dismissed,5.0,0.22507154078421854,2,3,5,8,0.375,0,700
710,sc_1996_insc_1086,allowed,4.0,0.2096947584968957,2,4,4,8,0.5,1,700
710,sc_2008_insc_397,dismissed,5.0,0.19505175618826953,2,3,5,8,0.375,0,700
710,sc_2014_insc_672,allowed,4.0,0.2135828685570812,3,4,3,7,0.5714285714285714,1,700
710,sc_2024_insc_439,allowed,5.0,0.21500734386591858,2,5,3,8,0.625,1,700
711,sc_1958_insc_32,dismissed,3.0,0.24892103078605365,2,5,3,8,0.625,0,700
711,sc_1962_insc_179,allowed,7.0,0.11370279508436043,2,7,1,8,0.875,1,700
711,sc_1969_insc_321,dismissed,3.0,0.1813003993967707,2,5,3,8,0.625,0,700
711,sc_1979_insc_105,allowed,4.0,0.2002621468359838,2,4,4,8,0.5,1,700
711,sc_1988_insc_130,dismissed,4.0,0.1999624419099826,2,4,4,8,0.5,0,700
711,sc_1992_insc_292,dismissed,2.0,0.1804969430152159,2,6,2,8,0.75,0,700
711,sc_1997_insc_56,allowed,2.0,0.17876296399597702,2,2,6,8,0.25,1,700
711,sc_2002_insc_267,dismissed,5.0,0.18594501191026774,2,3,5,8,0.375,0,700
711,sc_2005_insc_123,dismissed,5.0,0.22051727944928548,2,3,5,8,0.375,0,700
711,sc_2009_insc_387,allowed,8.0,0.052925223108376475,1,8,0,8,1.0,1,700
711,sc_2012_insc_260,allowed,5.0,0.1951510404057036,2,5,3,8,0.625,1,700
711,sc_2021_insc_665,allowed,6.0,0.17014469520329373,2,6,2,8,0.75,1,700
712,in_abs_train_11,dismissed,4.0,0.19127963253470817,2,4,4,8,0.5,0,700
712,in_abs_train_2182,dismissed,7.0,0.12793200150719594,2,1,7,8,0.125,0,700
712,in_abs_train_5197,dismissed,6.0,0.12625789528757786,2,2,6,8,0.25,0,700
712,sc_1996_insc_897,dismissed,5.0,0.17338836057903337,2,3,5,8,0.375,0,700
712,sc_1996_insc_910,allowed,7.0,0.14667847153118568,2,7,1,8,0.875,1,700
712,sc_1997_insc_103,dismissed,3.0,0.20561223120065136,2,5,3,8,0.625,0,700
712,sc_2002_insc_282,dismissed,4.0,0.2210611160190955,2,4,4,8,0.5,0,700
712,sc_2013_insc_87,allowed,4.0,0.20342331513100675,2,4,4,8,0.5,1,700
712,sc_2015_insc_909,allowed,3.0,0.16872288141886896,2,3,5,8,0.375,1,700
712,sc_2017_insc_121,allowed,3.0,0.1906979283246822,2,3,5,8,0.375,1,700
712,sc_2018_insc_915,allowed,3.0,0.17982286671293263,2,3,5,8,0.375,1,700
712,sc_2021_insc_687,allowed,3.0,0.17800612670593524,2,3,5,8,0.375,1,700
713,in_abs_train_3281,dismissed,2.0,0.17098371494643105,2,6,2,8,0.75,0,700
713,in_abs_train_5886,dismissed,2.0,0.20117740452217237,2,6,2,8,0.75,0,700
713,sc_1966_insc_14,dismissed,4.0,0.17325615519369,2,4,4,8,0.5,0,700
713,sc_1992_insc_73,dismissed,4.0,0.18283878302477213,2,4,4,8,0.5,0,700
713,sc_1997_insc_253,allowed,2.0,0.19164763007973187,2,2,6,8,0.25,1,700
713,sc_1998_insc_309,allowed,4.0,0.18768613380169716,2,4,4,8,0.5,1,700
713,sc_2003_insc_604,allowed,4.0,0.17546964251299535,2,4,4,8,0.5,1,700
713,sc_2005_insc_469,dismissed,5.0,0.20290571130101642,2,3,5,8,0.375,0,700
713,sc_2008_insc_345,allowed,3.0,0.19914752677387265,2,3,5,8,0.375,1,700
713,sc_2010_insc_795,allowed,3.0,0.19064120716025168,2,3,5,8,0.375,1,700
713,sc_2012_insc_245,allowed,3.0,0.1813003993967707,2,3,5,8,0.375,1,700
713,sc_2013_insc_720,dismissed,3.0,0.2036261016807872,2,5,3,8,0.625,0,700
714,in_abs_train_2171,dismissed,3.0,0.1640408627577122,2,5,3,8,0.625,0,700
714,in_abs_train_3299,dismissed,4.0,0.18121993748391432,2,4,4,8,0.5,0,700
714,in_abs_train_5495,dismissed,6.0,0.1609309687496496,2,2,6,8,0.25,0,700
714,sc_1960_insc_184,dismissed,1.0,0.1283192729500068,2,7,1,8,0.875,0,700
714,sc_1981_insc_3,allowed,3.0,0.23052813825511498,2,3,5,8,0.375,1,700
714,sc_1984_insc_91,allowed,2.0,0.15479406923085787,2,2,6,8,0.25,1,700
714,sc_1985_insc_99,dismissed,3.0,0.17529112264621793,2,5,3,8,0.625,0,700
714,sc_1991_insc_68,allowed,5.0,0.1350514066586357,2,5,3,8,0.625,1,700
714,sc_2007_insc_110,allowed,4.0,0.19728688899027302,2,4,4,8,0.5,1,700
714,sc_2019_insc_1225,dismissed,2.0,0.16553451344115735,2,6,2,8,0.75,0,700
714,sc_2019_insc_632,allowed,5.0,0.166569962644401,2,5,3,8,0.625,1,700
714,sc_2023_insc_729,allowed,1.0,0.1256172572240773,3,1,5,6,0.16666666666666666,1,700
715,in_abs_train_1292,dismissed,1.0,0.13469958777418078,2,7,1,8,0.875,0,700
715,in_abs_train_2430,dismissed,4.0,0.22955980226369566,3,3,4,7,0.42857142857142855,0,700
715,sc_1952_insc_69,dismissed,4.0,0.20295233595512727,3,3,4,7,0.42857142857142855,0,700
715,sc_1960_insc_215,dismissed,4.0,0.26132167742005236,2,4,4,8,0.5,0,700
715,sc_1962_insc_65,dismissed,3.0,0.17013758958561725,2,5,3,8,0.625,0,700
715,sc_1966_insc_40,allowed,6.0,0.16741284712927074,2,6,2,8,0.75,1,700
715,sc_1970_insc_69,allowed,4.0,0.18738691530303203,2,4,4,8,0.5,1,700
715,sc_1982_insc_87,allowed,3.0,0.19359986118280145,2,3,5,8,0.375,1,700
715,sc_1994_insc_429,allowed,4.0,0.18464825646043456,2,4,4,8,0.5,1,700
715,sc_2007_insc_1316,dismissed,2.0,0.1685688278076786,2,6,2,8,0.75,0,700
715,sc_2008_insc_1394,allowed,5.0,0.18943622890415804,2,5,3,8,0.625,1,700
715,sc_2011_insc_156,allowed,5.0,0.25303925670471267,2,5,3,8,0.625,1,700
716,in_abs_train_6760,dismissed,4.0,0.1816738273186774,2,4,4,8,0.5,0,700
716,in_abs_train_6769,allowed,4.0,0.18714291239872993,2,4,4,8,0.5,1,700
716,sc_1975_insc_33,dismissed,7.0,0.13909478977612924,2,0,7,7,0.0,0,700
716,sc_1980_insc_22,dismissed,6.0,0.1888211836314888,2,2,6,8,0.25,0,700
716,sc_1994_insc_280,dismissed,6.0,0.13036265750308942,2,2,6,8,0.25,0,700
716,sc_1995_insc_568,dismissed,4.0,0.1694035839208207,2,4,4,8,0.5,0,700
716,sc_1996_insc_158,dismissed,3.0,0.17099032710737094,2,5,3,8,0.625,0,700
716,sc_2001_insc_372,allowed,3.0,0.14443898768313207,2,3,5,8,0.375,1,700
716,sc_2004_insc_100,allowed,8.0,0.025508644403851727,1,8,0,8,1.0,1,700
716,sc_2005_insc_562,allowed,5.0,0.2003183812560585,2,5,3,8,0.625,1,700
716,sc_2017_insc_326,allowed,2.0,0.15873961118267488,2,2,6,8,0.25,1,700
716,sc_2019_insc_1387,allowed,6.0,0.20040697083113296,2,6,2,8,0.75,1,700
717,in_abs_train_291,dismissed,4.0,0.19039255785238315,2,4,4,8,0.5,0,700
717,in_abs_train_5927,allowed,4.0,0.160291192299304,2,4,4,8,0.5,1,700
717,sc_1957_insc_14,dismissed,3.0,0.19585754957908524,2,5,3,8,0.625,0,700
717,sc_1960_insc_80,dismissed,4.0,0.16050760718509796,2,4,4,8,0.5,0,700
717,sc_1981_insc_30,dismissed,2.0,0.15800098072266458,2,6,2,8,0.75,0,700
717,sc_1996_insc_3,allowed,5.0,0.18161039293341275,2,5,3,8,0.625,1,700
717,sc_2007_insc_327,allowed,5.0,0.18122356642221152,2,5,3,8,0.625,1,700
717,sc_2007_insc_904,dismissed,4.0,0.20255654868716935,2,4,4,8,0.5,0,700
717,sc_2013_insc_564,allowed,3.0,0.18170757205210636,3,3,4,7,0.42857142857142855,1,700
717,sc_2014_insc_254,allowed,4.0,0.19258708315516457,2,4,4,8,0.5,1,700
717,sc_2019_insc_654,dismissed,3.0,0.16897701661130465,2,5,3,8,0.625,0,700
717,sc_2021_insc_97,allowed,4.0,0.17935204556960033,2,4,4,8,0.5,1,700
718,in_abs_train_1271,allowed,2.0,0.17843180379671889,2,2,6,8,0.25,1,700
718,in_abs_train_5957,allowed,4.0,0.18479742942873795,2,4,4,8,0.5,1,700
718,in_abs_train_6290,allowed,6.0,0.16189570211761956,2,6,2,8,0.75,1,700
718,sc_1964_insc_224,dismissed,4.0,0.1955921767432803,2,4,4,8,0.5,0,700
718,sc_1989_insc_363,dismissed,3.0,0.19313597870700347,2,5,3,8,0.625,0,700
718,sc_1990_insc_305,dismissed,6.0,0.1469299770450463,2,2,6,8,0.25,0,700
718,sc_1993_insc_390,dismissed,3.0,0.2218152280348096,2,5,3,8,0.625,0,700
718,sc_1996_insc_233,allowed,7.0,0.13279764789323886,2,7,1,8,0.875,1,700
718,sc_2008_insc_1261,dismissed,2.0,0.16929070813536023,3,5,2,7,0.7142857142857143,0,700
718,sc_2013_insc_291,allowed,4.0,0.21618444505957007,2,4,4,8,0.5,1,700
718,sc_2014_insc_793,allowed,3.0,0.17625600293728597,2,3,5,8,0.375,1,700
718,sc_2023_insc_623,dismissed,4.0,0.16128285933193803,2,4,4,8,0.5,0,700
719,in_abs_train_1071,dismissed,5.0,0.1901168931852871,2,3,5,8,0.375,0,700
719,in_abs_train_2582,allowed,1.0,0.17251376433180216,2,1,7,8,0.125,1,700
719,in_abs_train_5073,allowed,6.0,0.16951897251827241,3,6,1,7,0.8571428571428571,1,700
719,in_abs_train_833,allowed,2.0,0.125422965080749,2,2,6,8,0.25,1,700
719,sc_1968_insc_230,allowed,3.0,0.18352118489346325,3,3,4,7,0.42857142857142855,1,700
719,sc_1975_insc_8,allowed,5.0,0.17819748823147222,2,5,3,8,0.625,1,700
719,sc_1995_insc_662,allowed,3.0,0.20429095684637555,2,3,5,8,0.375,1,700
719,sc_2006_insc_1021,dismissed,4.0,0.2202509468062732,2,4,4,8,0.5,0,700
719,sc_2006_insc_395,dismissed,6.0,0.2035313243704762,2,2,6,8,0.25,0,700
719,sc_2009_insc_1001,dismissed,5.0,0.18265075698216549,2,3,5,8,0.375,0,700
719,sc_2010_insc_614,dismissed,2.0,0.1680899691485209,2,6,2,8,0.75,0,700
719,sc_2016_insc_280,dismissed,3.0,0.1875950235404523,2,5,3,8,0.625,0,700
720,in_abs_train_1744,allowed,4.0,0.1798879291506235,2,4,4,8,0.5,1,700
720,in_abs_train_413,dismissed,4.0,0.1648854834752346,2,4,4,8,0.5,0,700
720,in_abs_train_4998,allowed,3.0,0.18145645876785818,2,3,5,8,0.375,1,700
720,sc_1972_insc_48,dismissed,4.0,0.16901229142963115,2,4,4,8,0.5,0,700
720,sc_1996_insc_92,allowed,4.0,0.17761947375036652,2,4,4,8,0.5,1,700
720,sc_1999_insc_294,allowed,0.0,0.05372063151155243,1,0,8,8,0.0,1,700
720,sc_2002_insc_343,dismissed,5.0,0.17509143788860956,2,3,5,8,0.375,0,700
720,sc_2002_insc_467,dismissed,4.0,0.1873849855578082,2,4,4,8,0.5,0,700
720,sc_2007_insc_841,allowed,4.0,0.18182799159311444,3,4,3,7,0.5714285714285714,1,700
720,sc_2011_insc_140,allowed,3.0,0.18584716237063198,2,3,5,8,0.375,1,700
720,sc_2017_insc_769,dismissed,4.0,0.1866112648218933,2,4,4,8,0.5,0,700
720,sc_2022_insc_224,dismissed,6.0,0.17435663488238368,2,2,6,8,0.25,0,700
721,in_abs_train_4333,dismissed,8.0,0.0794213751852077,1,0,8,8,0.0,0,700
721,in_abs_train_4923,dismissed,4.0,0.2069161752290733,2,4,4,8,0.5,0,700
721,in_abs_train_6610,allowed,4.0,0.2329176969391696,2,4,4,8,0.5,1,700
721,in_abs_train_788,dismissed,6.0,0.14753106388019505,2,2,6,8,0.25,0,700
721,sc_1965_insc_125,dismissed,3.0,0.18646282446278595,2,5,3,8,0.625,0,700
721,sc_1969_insc_152,dismissed,3.0,0.1680406463066109,2,5,3,8,0.625,0,700
721,sc_2001_insc_216,allowed,1.0,0.1228665791498725,2,1,7,8,0.125,1,700
721,sc_2001_insc_271,allowed,4.0,0.18595459783432647,2,4,4,8,0.5,1,700
721,sc_2014_insc_688,dismissed,5.0,0.2127302522403759,2,3,5,8,0.375,0,700
721,sc_2016_insc_994,allowed,6.0,0.18225257075837692,2,6,2,8,0.75,1,700
721,sc_2017_insc_1045,allowed,7.0,0.1572764835813627,2,7,1,8,0.875,1,700
721,sc_2018_insc_1096,allowed,5.0,0.1674360718890731,2,5,3,8,0.625,1,700
722,in_abs_train_2814,dismissed,4.0,0.1913739833104156,2,4,4,8,0.5,0,700
722,in_abs_train_3724,dismissed,6.0,0.15148595469809847,2,2,6,8,0.25,0,700
722,in_abs_train_376,dismissed,6.0,0.13408142218256125,2,2,6,8,0.25,0,700
722,sc_1954_insc_72,allowed,3.0,0.19138644021084616,3,3,4,7,0.42857142857142855,1,700
722,sc_1984_insc_160,allowed,2.0,0.1881045157549456,2,2,6,8,0.25,1,700
722,sc_1988_insc_84,allowed,6.0,0.16250922575570464,2,6,2,8,0.75,1,700
722,sc_2002_insc_18,dismissed,4.0,0.19234438262914452,2,4,4,8,0.5,0,700
722,sc_2004_insc_313,allowed,4.0,0.20250878522094015,2,4,4,8,0.5,1,700
722,sc_2004_insc_597,allowed,3.0,0.18144562103522127,2,3,5,8,0.375,1,700
722,sc_2008_insc_728,dismissed,3.0,0.18091091125882927,2,5,3,8,0.625,0,700
722,sc_2011_insc_834,allowed,1.0,0.12940719492444877,2,1,7,8,0.125,1,700
722,sc_2013_insc_35,dismissed,4.0,0.1765948216307197,2,4,4,8,0.5,0,700
723,in_abs_train_2110,dismissed,6.0,0.19252365158684157,2,2,6,8,0.25,0,700
723,in_abs_train_2165,dismissed,1.0,0.12165951033080268,2,7,1,8,0.875,0,700
723,sc_1977_insc_9,dismissed,6.0,0.1596049314548255,2,2,6,8,0.25,0,700
723,sc_1980_insc_106,allowed,2.0,0.15855460063942822,2,2,6,8,0.25,1,700
723,sc_1980_insc_3,dismissed,3.0,0.18997939142804698,2,5,3,8,0.625,0,700
723,sc_1983_insc_138,dismissed,3.0,0.17237410784008753,2,5,3,8,0.625,0,700
723,sc_1988_insc_271,dismissed,4.0,0.20969430703828823,2,4,4,8,0.5,0,700
723,sc_1997_insc_488,allowed,3.0,0.1767766952966369,2,3,5,8,0.375,1,700
723,sc_2004_insc_197,allowed,3.0,0.20178271331523207,2,3,5,8,0.375,1,700
723,sc_2012_insc_324,allowed,5.0,0.1896153426666818,2,5,3,8,0.625,1,700
723,sc_2021_insc_666,allowed,3.0,0.16998258511115608,2,3,5,8,0.375,1,700
723,sc_2023_insc_970,allowed,2.0,0.17735712307979867,2,2,6,8,0.25,1,700
724,in_abs_train_1151,dismissed,6.0,0.18690886547528454,2,2,6,8,0.25,0,700
724,in_abs_train_2583,allowed,3.0,0.17272839111800434,2,3,5,8,0.375,1,700
724,in_abs_train_4312,dismissed,3.0,0.1765320494502404,2,5,3,8,0.625,0,700
724,sc_1976_insc_323,dismissed,3.0,0.24353499242351645,2,5,3,8,0.625,0,700
724,sc_1990_insc_213,allowed,6.0,0.14534148742652567,2,6,2,8,0.75,1,700
724,sc_1992_insc_31,allowed,5.0,0.18120877610014996,2,5,3,8,0.625,1,700
724,sc_1995_insc_5,dismissed,5.0,0.19607126756433668,2,3,5,8,0.375,0,700
724,sc_1995_insc_514,dismissed,3.0,0.17079324006872929,2,5,3,8,0.625,0,700
724,sc_1997_insc_551,dismissed,4.0,0.22881973234435088,2,4,4,8,0.5,0,700
724,sc_1997_insc_756,allowed,4.0,0.18426438873357256,2,4,4,8,0.5,1,700
724,sc_2016_insc_1208,allowed,4.0,0.19659557936232902,2,4,4,8,0.5,1,700
724,sc_2019_insc_819,allowed,6.0,0.18177417923300423,2,6,2,8,0.75,1,700
725,in_abs_train_5988,allowed,3.0,0.18168855502421088,2,3,5,8,0.375,1,700
725,in_abs_train_6687,dismissed,3.0,0.1642014094560632,2,5,3,8,0.625,0,700
725,sc_1961_insc_165,dismissed,3.0,0.18982442877986333,2,5,3,8,0.625,0,700
725,sc_1964_insc_160,dismissed,7.0,0.10330431620233367,2,1,7,8,0.125,0,700
725,sc_1968_insc_306,allowed,4.0,0.19529184405046293,2,4,4,8,0.5,1,700
725,sc_1972_insc_111,allowed,3.0,0.18784088909858504,2,3,5,8,0.375,1,700
725,sc_1974_insc_61,dismissed,2.0,0.160580611570949,2,6,2,8,0.75,0,700
725,sc_1990_insc_72,dismissed,2.0,0.16182544510895006,2,6,2,8,0.75,0,700
725,sc_1991_insc_42,allowed,1.0,0.10933287964481941,2,1,7,8,0.125,1,700
725,sc_1997_insc_349,dismissed,3.0,0.172928321107537,2,5,3,8,0.625,0,700
725,sc_2008_insc_143,allowed,0.0,0.09075844721816231,2,0,3,3,0.0,1,700
725,sc_2022_insc_33,allowed,4.0,0.1992578193482719,2,4,4,8,0.5,1,700
726,in_abs_train_28,allowed,6.0,0.1733741180840686,2,6,2,8,0.75,1,700
726,in_abs_train_3696,dismissed,5.0,0.18734626733385581,2,3,5,8,0.375,0,700
726,sc_1956_insc_81,dismissed,7.0,0.11040528480832697,2,1,7,8,0.125,0,700
726,sc_1962_insc_285,dismissed,4.0,0.16688370910870556,2,4,4,8,0.5,0,700
726,sc_1964_insc_47,allowed,4.0,0.1784243005500812,2,4,4,8,0.5,1,700
726,sc_1993_insc_358,allowed,4.0,0.19795731882000414,2,4,4,8,0.5,1,700
726,sc_1997_insc_52,dismissed,4.0,0.18668359165405282,2,4,4,8,0.5,0,700
726,sc_2003_insc_627,dismissed,3.0,0.22390864364467344,2,5,3,8,0.625,0,700
726,sc_2008_insc_430,allowed,6.0,0.194337640488017,2,6,2,8,0.75,1,700
726,sc_2010_insc_326,dismissed,4.0,0.20860109093371954,2,4,4,8,0.5,0,700
726,sc_2010_insc_836,allowed,6.0,0.16184902232261308,2,6,2,8,0.75,1,700
726,sc_2022_insc_345,allowed,6.0,0.18035039912243497,2,6,2,8,0.75,1,700
727,in_abs_train_2999,dismissed,4.0,0.16281120018993367,3,3,4,7,0.42857142857142855,0,700
727,sc_1977_insc_130,dismissed,1.0,0.10938120400980285,2,7,1,8,0.875,0,700
727,sc_1979_insc_120,dismissed,4.0,0.18970866148267168,2,4,4,8,0.5,0,700
727,sc_1987_insc_47,allowed,4.0,0.22286206190127522,2,4,4,8,0.5,1,700
727,sc_1991_insc_280,allowed,3.0,0.19258137986296373,2,3,5,8,0.375,1,700
727,sc_1993_insc_292,dismissed,3.0,0.18705295928821541,2,5,3,8,0.625,0,700
727,sc_1997_insc_339,allowed,3.0,0.17437185417029238,2,3,5,8,0.375,1,700
727,sc_2003_insc_493,allowed,4.0,0.2030809817191661,2,4,4,8,0.5,1,700
727,sc_2007_insc_264,allowed,2.0,0.16132714101654264,2,2,6,8,0.25,1,700
727,sc_2009_insc_337,dismissed,5.0,0.16412840343005836,2,3,5,8,0.375,0,700
727,sc_2009_insc_339,allowed,7.0,0.11730825610206833,2,7,1,8,0.875,1,700
727,sc_2016_insc_1189,dismissed,5.0,0.18360968585853915,2,3,5,8,0.375,0,700
728,in_abs_train_1568,dismissed,2.0,0.17322812419152006,2,6,2,8,0.75,0,700
728,in_abs_train_3016,dismissed,4.0,0.19848813290235065,2,4,4,8,0.5,0,700
728,sc_1964_insc_82,allowed,5.0,0.20382209794133943,2,5,3,8,0.625,1,700
728,sc_1986_insc_125,dismissed,4.0,0.2102637344572751,2,4,4,8,0.5,0,700
728,sc_1995_insc_252,allowed,3.0,0.1950960357609627,2,3,5,8,0.375,1,700
728,sc_2005_insc_622,allowed,3.0,0.1924590033849784,2,3,5,8,0.375,1,700
728,sc_2007_insc_521,allowed,4.0,0.20460580354722416,2,4,4,8,0.5,1,700
728,sc_2008_insc_35,allowed,7.0,0.14546756691396973,2,7,1,8,0.875,1,700
728,sc_2011_insc_647,dismissed,3.0,0.1838208357320646,2,5,3,8,0.625,0,700
728,sc_2012_insc_127,dismissed,3.0,0.18172320895734986,2,5,3,8,0.625,0,700
728,sc_2012_insc_423,dismissed,5.0,0.2189316846870383,2,3,5,8,0.375,0,700
728,sc_2017_insc_212,allowed,5.0,0.19235597580676148,2,5,3,8,0.625,1,700
729,sc_1969_insc_24,dismissed,4.0,0.19486364504121484,2,4,4,8,0.5,0,700
729,sc_1971_insc_231,dismissed,4.0,0.17691018670982836,2,4,4,8,0.5,0,700
729,sc_1972_insc_78,allowed,4.0,0.1918629778819927,2,4,4,8,0.5,1,700
729,sc_1975_insc_304,allowed,6.0,0.13338724170624414,2,6,2,8,0.75,1,700
729,sc_1992_insc_27,dismissed,3.0,0.22189357316628164,3,4,3,7,0.5714285714285714,0,700
729,sc_1994_insc_63,allowed,6.0,0.1810002559059738,2,6,2,8,0.75,1,700
729,sc_1999_insc_227,dismissed,6.0,0.16024339883894412,2,2,6,8,0.25,0,700
729,sc_2000_insc_306,dismissed,3.0,0.1581421574542529,2,5,3,8,0.625,0,700
729,sc_2008_insc_1504,allowed,1.0,0.12264848417181053,3,1,6,7,0.14285714285714285,1,700
729,sc_2015_insc_131,dismissed,0.0,0.08711619790500767,2,7,0,7,1.0,0,700
729,sc_2017_insc_165,allowed,2.0,0.12924234982135913,2,2,6,8,0.25,1,700
729,sc_2019_insc_649,allowed,3.0,0.1971901647938237,2,3,5,8,0.375,1,700
730,in_abs_train_1622,dismissed,4.0,0.18745336324765458,2,4,4,8,0.5,0,700
730,in_abs_train_3306,allowed,3.0,0.16490147815350176,2,3,5,8,0.375,1,700
730,in_abs_train_4614,allowed,4.0,0.19523663367810945,2,4,4,8,0.5,1,700
730,in_abs_train_4617,dismissed,5.0,0.19468544255963108,2,3,5,8,0.375,0,700
730,sc_1986_insc_103,dismissed,4.0,0.2450603159805289,2,4,4,8,0.5,0,700
730,sc_1994_insc_121,dismissed,3.0,0.19241334684974004,2,5,3,8,0.625,0,700
730,sc_1994_insc_494,allowed,3.0,0.18059416603525985,2,3,5,8,0.375,1,700
730,sc_1995_insc_554,allowed,4.0,0.18678365242306402,2,4,4,8,0.5,1,700
730,sc_1997_insc_744,allowed,3.0,0.18044592272142287,2,3,5,8,0.375,1,700
730,sc_1998_insc_408,dismissed,5.0,0.2127166306506314,2,3,5,8,0.375,0,700
730,sc_2017_insc_160,allowed,6.0,0.18557705342508407,2,6,2,8,0.75,1,700
730,sc_2023_insc_1079,dismissed,5.0,0.1974994072284605,2,3,5,8,0.375,0,700
731,in_abs_train_296,allowed,4.0,0.19528457771154947,2,4,4,8,0.5,1,700
731,in_abs_train_5132,dismissed,4.0,0.17353389667287103,2,4,4,8,0.5,0,700
731,sc_1964_insc_48,dismissed,2.0,0.15029310700060916,2,6,2,8,0.75,0,700
731,sc_1968_insc_176,allowed,0.0,0.0456354820847639,1,0,8,8,0.0,1,700
731,sc_1973_insc_249,dismissed,4.0,0.20193656072455257,2,4,4,8,0.5,0,700
731,sc_1974_insc_77,dismissed,4.0,0.2151211132715495,2,4,4,8,0.5,0,700
731,sc_1979_insc_183,allowed,6.0,0.1614758074261546,2,6,2,8,0.75,1,700
731,sc_1993_insc_388,dismissed,3.0,0.20203535779293597,2,5,3,8,0.625,0,700
731,sc_1994_insc_205,allowed,2.0,0.16184678808212413,2,2,6,8,0.25,1,700
731,sc_2006_insc_896,allowed,4.0,0.19549026053562288,2,4,4,8,0.5,1,700
731,sc_2007_insc_290,dismissed,3.0,0.18857991540652125,2,5,3,8,0.625,0,700
731,sc_2009_insc_248,allowed,4.0,0.2103323424474756,2,4,4,8,0.5,1,700
732,in_abs_train_1604,dismissed,4.0,0.18678365242306405,2,4,4,8,0.5,0,700
732,in_abs_train_6526,dismissed,7.0,0.12794321943136108,2,0,7,7,0.0,0,700
732,in_abs_train_6823,allowed,3.0,0.14720933451939403,2,3,5,8,0.375,1,700
732,sc_1959_insc_19,allowed,3.0,0.18270036570523476,2,3,5,8,0.375,1,700
732,sc_1963_insc_42,allowed,5.0,0.18075538114396483,2,5,3,8,0.625,1,700
732,sc_1966_insc_64,dismissed,3.0,0.20922832303935945,3,4,3,7,0.5714285714285714,0,700
732,sc_1987_insc_163,dismissed,2.0,0.19857019528990347,2,6,2,8,0.75,0,700
732,sc_2000_insc_88,allowed,5.0,0.15403497030571198,2,5,3,8,0.625,1,700
732,sc_2001_insc_89,dismissed,4.0,0.19961544159154657,2,4,4,8,0.5,0,700
732,sc_2005_insc_577,dismissed,3.0,0.22414358264400153,2,5,3,8,0.625,0,700
732,sc_2009_insc_461,allowed,5.0,0.18098987491411936,2,5,3,8,0.625,1,700
732,sc_2013_insc_79,allowed,5.0,0.18163343411566912,2,5,3,8,0.625,1,700
733,in_abs_train_1899,dismissed,5.0,0.1842213797067849,2,3,5,8,0.375,0,700
733,in_abs_train_2053,dismissed,3.0,0.19567561531415054,2,5,3,8,0.625,0,700
733,in_abs_train_4694,allowed,2.0,0.17981501703746142,2,2,6,8,0.25,1,700
733,sc_1956_insc_2,allowed,6.0,0.19696559408969852,2,6,2,8,0.75,1,700
733,sc_1990_insc_334,dismissed,7.0,0.16180148454221543,2,1,7,8,0.125,0,700
733,sc_1991_insc_3,dismissed,4.0,0.1925193404013514,2,4,4,8,0.5,0,700
733,sc_1999_insc_407,allowed,7.0,0.11784280223105909,2,7,1,8,0.875,1,700
733,sc_2003_insc_682,dismissed,5.0,0.18145645876785818,2,3,5,8,0.375,0,700
733,sc_2007_insc_667,allowed,4.0,0.19505954905764397,2,4,4,8,0.5,1,700
733,sc_2009_insc_729,allowed,5.0,0.1810353332148446,2,5,3,8,0.625,1,700
733,sc_2015_insc_971,dismissed,3.0,0.19106377582146244,2,5,3,8,0.625,0,700
733,sc_2019_insc_187,allowed,3.0,0.17702905399278832,2,3,5,8,0.375,1,700
734,in_abs_train_53,dismissed,5.0,0.2264344322014828,2,3,5,8,0.375,0,700
734,in_abs_train_5841,allowed,5.0,0.2026019777394302,2,5,3,8,0.625,1,700
734,in_abs_train_6587,allowed,4.0,0.22173212619891253,2,4,4,8,0.5,1,700
734,sc_1952_insc_64,dismissed,5.0,0.15288301056805043,2,3,5,8,0.375,0,700
734,sc_1964_insc_17,dismissed,2.0,0.16803727464358273,2,6,2,8,0.75,0,700
734,sc_1978_insc_74,allowed,6.0,0.1713341382455162,2,6,2,8,0.75,1,700
734,sc_1993_insc_175,dismissed,3.0,0.18106830486527925,2,5,3,8,0.625,0,700
734,sc_1996_insc_101,allowed,6.0,0.17161078624012865,2,6,2,8,0.75,1,700
734,sc_1996_insc_1327,allowed,7.0,0.13618615394666858,2,7,1,8,0.875,1,700
734,sc_2008_insc_374,dismissed,2.0,0.1656419118745106,3,5,2,7,0.7142857142857143,0,700
734,sc_2013_insc_762,allowed,7.0,0.1541743675682808,2,7,1,8,0.875,1,700
734,sc_2017_insc_115,dismissed,3.0,0.18420621545695026,2,5,3,8,0.625,0,700
735,in_abs_train_2149,dismissed,7.0,0.1427272195390201,2,1,7,8,0.125,0,700
735,in_abs_train_5180,dismissed,3.0,0.18044739785559985,2,5,3,8,0.625,0,700
735,sc_1959_insc_99,allowed,5.0,0.18184328699950875,2,5,3,8,0.625,1,700
735,sc_1961_insc_148,dismissed,3.0,0.1837332513969933,2,5,3,8,0.625,0,700
735,sc_1974_insc_131,allowed,2.0,0.16778734133763515,2,2,6,8,0.25,1,700
735,sc_1974_insc_220,dismissed,4.0,0.1674720681398266,2,4,4,8,0.5,0,700
735,sc_1974_insc_4,allowed,2.0,0.18167400034716052,2,2,6,8,0.25,1,700
735,sc_1996_insc_405,allowed,5.0,0.1811804840751614,2,5,3,8,0.625,1,700
735,sc_2000_insc_510,allowed,3.0,0.14701816941418097,2,3,5,8,0.375,1,700
735,sc_2008_insc_1441,allowed,3.0,0.17162150787207794,2,3,5,8,0.375,1,700
735,sc_2018_insc_1132,dismissed,2.0,0.16184678808212413,2,6,2,8,0.75,0,700
735,sc_2023_insc_518,dismissed,4.0,0.18582080963554592,3,2,4,6,0.3333333333333333,0,700
736,in_abs_train_2817,allowed,5.0,0.16663133694007803,2,5,3,8,0.625,1,700
736,in_abs_train_5971,dismissed,5.0,0.1984692583323074,2,3,5,8,0.375,0,700
736,in_abs_train_6910,allowed,6.0,0.16224656376147245,2,6,2,8,0.75,1,700
736,sc_1965_insc_287,dismissed,2.0,0.18648256605489189,2,6,2,8,0.75,0,700
736,sc_1972_insc_175,dismissed,5.0,0.181142209327368,2,3,5,8,0.375,0,700
736,sc_1986_insc_29,dismissed,4.0,0.21133450721092262,2,4,4,8,0.5,0,700
736,sc_2001_insc_536,dismissed,2.0,0.1625426283372633,2,6,2,8,0.75,0,700
736,sc_2011_insc_10,dismissed,4.0,0.23424501633667988,2,4,4,8,0.5,0,700
736,sc_2016_insc_1008,allowed,7.0,0.1419741917019792,2,7,1,8,0.875,1,700
736,sc_2017_insc_1253,allowed,3.0,0.17470444312380629,2,3,5,8,0.375,1,700
736,sc_2020_insc_275,allowed,3.0,0.186487068034967,2,3,5,8,0.375,1,700
736,sc_2024_insc_414,allowed,4.0,0.18137901869070353,2,4,4,8,0.5,1,700
737,in_abs_train_1345,dismissed,3.0,0.19270943857445966,2,5,3,8,0.625,0,700
737,in_abs_train_1868,dismissed,3.0,0.169997413320657,2,5,3,8,0.625,0,700
737,sc_1965_insc_208,allowed,3.0,0.20301721045680274,2,3,5,8,0.375,1,700
737,sc_1971_insc_250,dismissed,4.0,0.19265906867072577,3,3,4,7,0.42857142857142855,0,700
737,sc_1996_insc_223,allowed,3.0,0.2222072880646528,2,3,5,8,0.375,1,700
737,sc_2002_insc_520,dismissed,4.0,0.1814839991963085,2,4,4,8,0.5,0,700
737,sc_2010_insc_135,allowed,2.0,0.16071395526114962,2,2,6,8,0.25,1,700
737,sc_2010_insc_503,allowed,3.0,0.18191985823825987,2,3,5,8,0.375,1,700
737,sc_2012_insc_137,allowed,4.0,0.19634670078383634,2,4,4,8,0.5,1,700
737,sc_2014_insc_368,dismissed,3.0,0.1645119116551892,2,5,3,8,0.625,0,700
737,sc_2017_insc_640,allowed,5.0,0.23644920739679254,2,5,3,8,0.625,1,700
737,sc_2023_insc_1018,dismissed,4.0,0.23671123156035398,2,4,4,8,0.5,0,700
738,in_abs_train_2201,allowed,1.0,0.12041812015654073,2,1,7,8,0.125,1,700
738,in_abs_train_2587,allowed,4.0,0.18791843450795215,2,4,4,8,0.5,1,700
738,in_abs_train_6063,dismissed,4.0,0.21118682138322356,2,4,4,8,0.5,0,700
738,sc_1967_insc_41,allowed,4.0,0.19156243214386237,2,4,4,8,0.5,1,700
738,sc_1989_insc_12,dismissed,4.0,0.1864214694870585,2,4,4,8,0.5,0,700
738,sc_1997_insc_819,allowed,4.0,0.17199919214407458,2,4,4,8,0.5,1,700
738,sc_2000_insc_485,dismissed,5.0,0.19482964170196043,2,3,5,8,0.375,0,700
738,sc_2006_insc_944,allowed,3.0,0.16485976098615063,3,3,4,7,0.42857142857142855,1,700
738,sc_2009_insc_524,dismissed,6.0,0.1589084417428566,2,2,6,8,0.25,0,700
738,sc_2016_insc_561,dismissed,4.0,0.23631949125104565,2,4,4,8,0.5,0,700
738,sc_2021_insc_448,allowed,1.0,0.12400856825235906,2,1,7,8,0.125,1,700
738,sc_2023_insc_57,dismissed,6.0,0.16589578726492205,2,2,6,8,0.25,0,700
739,in_abs_train_3028,dismissed,2.0,0.21594395506278524,2,6,2,8,0.75,0,700
739,sc_2005_insc_249,allowed,1.0,0.12159695848375483,3,1,6,7,0.14285714285714285,1,700
739,sc_2006_insc_371,dismissed,2.0,0.16258450755903614,2,6,2,8,0.75,0,700
739,sc_2006_insc_809,allowed,4.0,0.1680743301901585,2,4,4,8,0.5,1,700
739,sc_2008_insc_1209,allowed,2.0,0.15802525439557347,2,2,6,8,0.25,1,700
739,sc_2009_insc_594,allowed,3.0,0.15108772617005492,2,3,5,8,0.375,1,700
739,sc_2009_insc_901,dismissed,3.0,0.17528348212864453,2,5,3,8,0.625,0,700
739,sc_2010_insc_566,allowed,3.0,0.18164611315594,2,3,5,8,0.375,1,700
739,sc_2010_insc_96,dismissed,2.0,0.16996887083845602,3,5,2,7,0.7142857142857143,0,700
739,sc_2015_insc_465,dismissed,3.0,0.20333176551718585,3,4,3,7,0.5714285714285714,0,700
739,sc_2022_insc_720,dismissed,6.0,0.16064135530411627,2,2,6,8,0.25,0,700
739,sc_2023_insc_634,allowed,2.0,0.1761367877859894,3,2,5,7,0.2857142857142857,1,700
740,in_abs_train_4495,dismissed,6.0,0.12475044988558102,2,2,6,8,0.25,0,700
740,sc_1956_insc_40,allowed,3.0,0.21357956099798464,2,3,5,8,0.375,1,700
740,sc_1962_insc_287,dismissed,3.0,0.16947566210588413,2,5,3,8,0.625,0,700
740,sc_1968_insc_257,dismissed,0.0,0.06428804850314236,1,8,0,8,1.0,0,700
740,sc_1970_insc_222,dismissed,5.0,0.15280614105575396,2,3,5,8,0.375,0,700
740,sc_1991_insc_120,dismissed,3.0,0.1866457175611821,2,5,3,8,0.625,0,700
740,sc_1996_insc_20,allowed,4.0,0.19291152134467685,2,4,4,8,0.5,1,700
740,sc_2008_insc_1144,allowed,4.0,0.16305852969606024,2,4,4,8,0.5,1,700
740,sc_2010_insc_75,dismissed,6.0,0.1871210368699476,2,2,6,8,0.25,0,700
740,sc_2017_insc_1257,allowed,0.0,0.041738119006865804,1,0,8,8,0.0,1,700
740,sc_2022_insc_620,allowed,4.0,0.18873034471589784,2,4,4,8,0.5,1,700
740,sc_2024_insc_330,allowed,4.0,0.17703036147488532,2,4,4,8,0.5,1,700
741,in_abs_train_1937,allowed,2.0,0.1835179748640832,3,2,5,7,0.2857142857142857,1,700
741,in_abs_train_2979,dismissed,6.0,0.13535824694292603,2,2,6,8,0.25,0,700
741,in_abs_train_4616,dismissed,5.0,0.22100024956229533,2,3,5,8,0.375,0,700
741,in_abs_train_5446,allowed,6.0,0.15469097939809826,2,6,2,8,0.75,1,700
741,sc_1972_insc_41,dismissed,4.0,0.18736248012313741,2,4,4,8,0.5,0,700
741,sc_1996_insc_1298,allowed,5.0,0.21153935962284381,2,5,3,8,0.625,1,700
741,sc_1996_insc_742,allowed,5.0,0.1814564587678582,2,5,3,8,0.625,1,700
741,sc_2003_insc_572,allowed,5.0,0.1863046084796287,2,5,3,8,0.625,1,700
741,sc_2006_insc_820,dismissed,4.0,0.24581518899949437,2,4,4,8,0.5,0,700
741,sc_2007_insc_705,dismissed,5.0,0.18884165825751337,2,3,5,8,0.375,0,700
741,sc_2013_insc_181,allowed,5.0,0.1437984512152674,2,5,3,8,0.625,1,700
741,sc_2018_insc_406,dismissed,2.0,0.1809837613628093,3,5,2,7,0.7142857142857143,0,700
742,in_abs_train_1810,dismissed,4.0,0.2040108678432996,2,4,4,8,0.5,0,700
742,in_abs_train_485,allowed,5.0,0.18122356642221152,2,5,3,8,0.625,1,700
742,sc_1969_insc_23,allowed,5.0,0.17579210720438257,2,5,3,8,0.625,1,700
742,sc_1972_insc_276,dismissed,2.0,0.1792548213978056,2,6,2,8,0.75,0,700
742,sc_1978_insc_166,allowed,6.0,0.1590881960919515,2,6,2,8,0.75,1,700
742,sc_1990_insc_129,dismissed,7.0,0.14385480263471023,2,1,7,8,0.125,0,700
742,sc_1994_insc_86,allowed,3.0,0.19476978168376852,2,3,5,8,0.375,1,700
742,sc_2004_insc_701,dismissed,1.0,0.12442803069014861,2,7,1,8,0.875,0,700
742,sc_2004_insc_75,allowed,6.0,0.15206986775133108,2,6,2,8,0.75,1,700
742,sc_2008_insc_1192,dismissed,4.0,0.21951022770987677,2,4,4,8,0.5,0,700
742,sc_2009_insc_1154,allowed,3.0,0.2669136082680043,2,3,5,8,0.375,1,700
742,sc_2013_insc_725,dismissed,1.0,0.14195968252744737,2,7,1,8,0.875,0,700
743,in_abs_train_4513,allowed,3.0,0.14358297742133935,2,3,5,8,0.375,1,700
743,sc_1980_insc_167,dismissed,2.0,0.17668401156521815,2,6,2,8,0.75,0,700
743,sc_1995_insc_449,allowed,4.0,0.18768613380169716,2,4,4,8,0.5,1,700
743,sc_1997_insc_656,dismissed,5.0,0.23707926784320774,2,3,5,8,0.375,0,700
743,sc_2000_insc_308,allowed,4.0,0.18091091125882927,2,4,4,8,0.5,1,700
743,sc_2001_insc_168,allowed,4.0,0.19720265943665383,2,4,4,8,0.5,1,700
743,sc_2004_insc_322,dismissed,6.0,0.17321027122617827,2,2,6,8,0.25,0,700
743,sc_2006_insc_555,dismissed,5.0,0.20231006371524493,2,3,5,8,0.375,0,700
743,sc_2009_insc_220,allowed,2.0,0.16843460356949655,2,2,6,8,0.25,1,700
743,sc_2011_insc_308,dismissed,4.0,0.19633999017284132,2,4,4,8,0.5,0,700
743,sc_2018_insc_629,dismissed,4.0,0.1847844352318733,3,3,4,7,0.42857142857142855,0,700
743,sc_2020_insc_441,allowed,4.0,0.15375522935476327,2,4,4,8,0.5,1,700
744,in_abs_train_1887,dismissed,3.0,0.21415790986791022,2,5,3,8,0.625,0,700
744,in_abs_train_2325,allowed,3.0,0.21420076282833894,2,3,5,8,0.375,1,700
744,in_abs_train_5339,dismissed,6.0,0.14182427113836532,2,2,6,8,0.25,0,700
744,in_abs_train_6784,allowed,5.0,0.21987404535939223,2,5,3,8,0.625,1,700
744,sc_1958_insc_113,dismissed,5.0,0.19868116702882596,2,3,5,8,0.375,0,700
744,sc_1960_insc_211,dismissed,3.0,0.17266921478356553,2,5,3,8,0.625,0,700
744,sc_1962_insc_123,dismissed,7.0,0.11344157066682892,2,1,7,8,0.125,0,700
744,sc_1996_insc_1007,dismissed,3.0,0.2051712269374887,2,5,3,8,0.625,0,700
744,sc_2009_insc_1304,allowed,6.0,0.15760482470940942,2,6,2,8,0.75,1,700
744,sc_2014_insc_100,allowed,4.0,0.18754832072940128,2,4,4,8,0.5,1,700
744,sc_2014_insc_511,allowed,7.0,0.14223944134265076,2,7,1,8,0.875,1,700
744,sc_2018_insc_417,allowed,3.0,0.1997801237494273,2,3,5,8,0.375,1,700
745,in_abs_train_299,allowed,6.0,0.16749166834091064,2,6,2,8,0.75,1,700
745,in_abs_train_3023,dismissed,6.0,0.1361007148761979,2,2,6,8,0.25,0,700
745,in_abs_train_4305,dismissed,2.0,0.16077057923007623,3,5,2,7,0.7142857142857143,0,700
745,in_abs_train_4427,dismissed,1.0,0.1652697766754142,2,7,1,8,0.875,0,700
745,in_abs_train_4978,dismissed,4.0,0.20054263718986426,2,4,4,8,0.5,0,700
745,in_abs_train_6490,dismissed,2.0,0.14058067553218706,2,6,2,8,0.75,0,700
745,sc_1962_insc_136,allowed,3.0,0.19640614424269637,2,3,5,8,0.375,1,700
745,sc_1979_insc_218,allowed,4.0,0.1959949791421299,2,4,4,8,0.5,1,700
745,sc_1983_insc_129,dismissed,1.0,0.14700656945899898,2,7,1,8,0.875,0,700
745,sc_2000_insc_333,allowed,2.0,0.1543620319403768,2,2,6,8,0.25,1,700
745,sc_2000_insc_501,allowed,5.0,0.1813300777538417,2,5,3,8,0.625,1,700
745,sc_2012_insc_80,allowed,4.0,0.19125013392289783,2,4,4,8,0.5,1,700
746,in_abs_train_1407,allowed,1.0,0.13590833010898737,2,1,7,8,0.125,1,700
746,sc_1960_insc_135,dismissed,4.0,0.19970439952860905,2,4,4,8,0.5,0,700
746,sc_1967_insc_196,allowed,3.0,0.1813824723868775,2,3,5,8,0.375,1,700
746,sc_1967_insc_204,dismissed,3.0,0.1768445605755713,2,5,3,8,0.625,0,700
746,sc_1973_insc_200,dismissed,4.0,0.18224136478826095,2,4,4,8,0.5,0,700
746,sc_1998_insc_359,dismissed,5.0,0.20984110284184426,2,3,5,8,0.375,0,700
746,sc_2002_insc_140,allowed,6.0,0.16219259041006948,2,6,2,8,0.75,1,700
746,sc_2007_insc_427,allowed,5.0,0.1678740493005736,2,5,3,8,0.625,1,700
746,sc_2008_insc_88,allowed,3.0,0.18333624748517696,2,3,5,8,0.375,1,700
746,sc_2009_insc_1014,dismissed,2.0,0.19014142597542072,2,6,2,8,0.75,0,700
746,sc_2009_insc_217,allowed,3.0,0.18091091125882927,2,3,5,8,0.375,1,700
746,sc_2021_insc_278,dismissed,3.0,0.21065372595836918,3,3,3,6,0.5,0,700
747,in_abs_train_1312,dismissed,4.0,0.20677472097587682,2,4,4,8,0.5,0,700
747,in_abs_train_3756,dismissed,6.0,0.16359246255455875,2,2,6,8,0.25,0,700
747,in_abs_train_5145,dismissed,5.0,0.18161039293341275,2,3,5,8,0.375,0,700
747,in_abs_train_6885,allowed,4.0,0.18618231931841894,2,4,4,8,0.5,1,700
747,sc_1962_insc_84,allowed,5.0,0.13974492981200878,2,5,3,8,0.625,1,700
747,sc_1963_insc_17,allowed,4.0,0.18035625244163409,2,4,4,8,0.5,1,700
747,sc_1976_insc_76,dismissed,7.0,0.13390872868878867,2,1,7,8,0.125,0,700
747,sc_1986_insc_130,dismissed,7.0,0.14193197167043523,2,1,7,8,0.125,0,700
747,sc_1995_insc_740,allowed,4.0,0.20920760840059907,2,4,4,8,0.5,1,700
747,sc_1999_insc_96,dismissed,2.0,0.1880946731047543,3,5,2,7,0.7142857142857143,0,700
747,sc_2003_insc_156,allowed,5.0,0.19123790345980018,2,5,3,8,0.625,1,700
747,sc_2014_insc_989,allowed,5.0,0.18184328699950877,2,5,3,8,0.625,1,700
748,in_abs_train_2800,allowed,4.0,0.18813512545135214,2,4,4,8,0.5,1,700
748,sc_1951_insc_35,dismissed,4.0,0.19771601827856175,2,4,4,8,0.5,0,700
748,sc_1955_insc_82,dismissed,6.0,0.14917124851635644,2,2,6,8,0.25,0,700
748,sc_1962_insc_388,allowed,4.0,0.19943494956286587,2,4,4,8,0.5,1,700
748,sc_1974_insc_240,dismissed,5.0,0.17105572596066043,2,3,5,8,0.375,0,700
748,sc_1981_insc_194,dismissed,3.0,0.2029857794891272,2,5,3,8,0.625,0,700
748,sc_1992_insc_50,allowed,7.0,0.12312963189257083,2,7,1,8,0.875,1,700
748,sc_1995_insc_670,dismissed,5.0,0.2071236151777139,2,3,5,8,0.375,0,700
748,sc_1997_insc_516,allowed,5.0,0.1922482400989101,2,5,3,8,0.625,1,700
748,sc_1999_insc_219,dismissed,5.0,0.18122356642221152,2,3,5,8,0.375,0,700
748,sc_2006_insc_376,allowed,3.0,0.18091091125882927,2,3,5,8,0.375,1,700
748,sc_2007_insc_514,allowed,5.0,0.1867912874261244,2,5,3,8,0.625,1,700
749,in_abs_train_4787,dismissed,3.0,0.22569064036289965,3,4,3,7,0.5714285714285714,0,700
749,in_abs_train_6294,allowed,3.0,0.1813661450531178,2,3,5,8,0.375,1,700
749,sc_1950_insc_11,allowed,6.0,0.18526346152734924,2,6,2,8,0.75,1,700
749,sc_1959_insc_73,dismissed,3.0,0.17433065872481687,2,5,3,8,0.625,0,700
749,sc_1963_insc_240,dismissed,4.0,0.2097743843863558,2,4,4,8,0.5,0,700
749,sc_1987_insc_273,dismissed,4.0,0.20584684167302325,2,4,4,8,0.5,0,700
749,sc_1994_insc_193,dismissed,6.0,0.15096980034866178,2,2,6,8,0.25,0,700
749,sc_1995_insc_67,allowed,5.0,0.1665570874891163,2,5,3,8,0.625,1,700
749,sc_1997_insc_758,allowed,4.0,0.19824419811012647,3,4,2,6,0.6666666666666666,1,700
749,sc_2008_insc_504,dismissed,6.0,0.19355939592133642,2,2,6,8,0.25,0,700
749,sc_2017_insc_1235,allowed,3.0,0.22186264161870906,3,3,4,7,0.42857142857142855,1,700
749,sc_2023_insc_184,allowed,2.0,0.207501609301415,2,2,6,8,0.25,1,700
750,in_abs_train_1189,dismissed,6.0,0.16202298117418845,2,2,6,8,0.25,0,700
750,in_abs_train_2043,allowed,3.0,0.17946293467695656,2,3,5,8,0.375,1,700
750,sc_1966_insc_55,dismissed,5.0,0.207648273663798,2,3,5,8,0.375,0,700
750,sc_1981_insc_139,dismissed,4.0,0.1576853076542009,2,4,4,8,0.5,0,700
750,sc_1992_insc_282,allowed,2.0,0.18245866432293079,2,2,6,8,0.25,1,700
750,sc_1994_insc_35,dismissed,4.0,0.21956118669440206,2,4,4,8,0.5,0,700
750,sc_1997_insc_12,dismissed,4.0,0.186484440178186,2,4,4,8,0.5,0,700
750,sc_1998_insc_457,allowed,2.0,0.15419149373772675,2,2,6,8,0.25,1,700
750,sc_2009_insc_1247,allowed,6.0,0.12845714414797277,2,6,2,8,0.75,1,700
750,sc_2011_insc_650,dismissed,0.0,0.02281475372328328,1,8,0,8,1.0,0,700
750,sc_2013_insc_600,allowed,3.0,0.18504642432140755,2,3,5,8,0.375,1,700
750,sc_2023_insc_1024,allowed,5.0,0.18010192736634278,2,5,3,8,0.625,1,700
751,in_abs_train_2167,dismissed,5.0,0.1986927912653177,2,3,5,8,0.375,0,700
751,in_abs_train_3562,allowed,4.0,0.21572629061904558,2,4,4,8,0.5,1,700
751,in_abs_train_3780,dismissed,5.0,0.2208114398401625,2,3,5,8,0.375,0,700
751,in_abs_train_3912,dismissed,4.0,0.19430839255526436,2,4,4,8,0.5,0,700
751,sc_1988_insc_111,allowed,0.0,0.05370372027755564,1,0,8,8,0.0,1,700
751,sc_1996_insc_1165,allowed,6.0,0.14418665325114285,2,6,2,8,0.75,1,700
751,sc_2003_insc_119,allowed,4.0,0.2423521474904972,3,4,3,7,0.5714285714285714,1,700
751,sc_2004_insc_717,dismissed,4.0,0.1790832445518313,2,4,4,8,0.5,0,700
751,sc_2009_insc_1094,dismissed,4.0,0.16640562630735134,2,4,4,8,0.5,0,700
751,sc_2009_insc_1234,allowed,4.0,0.18003399666551073,2,4,4,8,0.5,1,700
751,sc_2009_insc_292,allowed,4.0,0.23094521234803447,2,4,4,8,0.5,1,700
751,sc_2017_insc_131,dismissed,5.0,0.18253530490031286,2,3,5,8,0.375,0,700
752,in_abs_train_5584,dismissed,3.0,0.21399022567799242,2,5,3,8,0.625,0,700
752,sc_1963_insc_77,dismissed,2.0,0.1693776538269551,2,6,2,8,0.75,0,700
752,sc_1965_insc_241,allowed,4.0,0.1859734424623149,2,4,4,8,0.5,1,700
752,sc_1973_insc_180,dismissed,5.0,0.18184328699950875,2,3,5,8,0.375,0,700
752,sc_1999_insc_224,allowed,5.0,0.20010511905863224,2,5,3,8,0.625,1,700
752,sc_2009_insc_718,dismissed,4.0,0.15767764570590573,2,4,4,8,0.5,0,700
752,sc_2015_insc_270,allowed,4.0,0.18953142408130033,2,4,4,8,0.5,1,700
752,sc_2017_insc_806,dismissed,3.0,0.17610366265356323,2,5,3,8,0.625,0,700
752,sc_2019_insc_191,allowed,4.0,0.1886615657306187,2,4,4,8,0.5,1,700
752,sc_2020_insc_306,allowed,1.0,0.1222161982191512,2,1,7,8,0.125,1,700
752,sc_2020_insc_38,allowed,4.0,0.1867855883808644,2,4,4,8,0.5,1,700
752,sc_2022_insc_16,dismissed,4.0,0.2134190279400608,3,3,4,7,0.42857142857142855,0,700
753,in_abs_train_1141,dismissed,1.0,0.1230008262127045,2,7,1,8,0.875,0,700
753,sc_1972_insc_102,dismissed,3.0,0.21312823072773557,2,5,3,8,0.625,0,700
753,sc_1976_insc_28,dismissed,6.0,0.17077553842736912,2,2,6,8,0.25,0,700
753,sc_1983_insc_126,dismissed,5.0,0.18839290204617046,2,3,5,8,0.375,0,700
753,sc_1987_insc_363,allowed,6.0,0.20985159509588128,2,6,2,8,0.75,1,700
753,sc_1988_insc_290,dismissed,5.0,0.17362562154137837,2,3,5,8,0.375,0,700
753,sc_1988_insc_355,allowed,3.0,0.15563469101454816,2,3,5,8,0.375,1,700
753,sc_1999_insc_517,allowed,3.0,0.1652981227593196,2,3,5,8,0.375,1,700
753,sc_2013_insc_334,allowed,4.0,0.18708576862345402,2,4,4,8,0.5,1,700
753,sc_2020_insc_547,allowed,4.0,0.19271189252245793,2,4,4,8,0.5,1,700
753,sc_2020_insc_582,dismissed,3.0,0.1736064853333212,2,5,3,8,0.625,0,700
753,sc_2022_insc_552,allowed,3.0,0.2027003141557873,2,3,5,8,0.375,1,700
754,in_abs_train_3010,dismissed,6.0,0.1809827874589081,3,1,6,7,0.14285714285714285,0,700
754,sc_1981_insc_35,allowed,4.0,0.18670577451247045,2,4,4,8,0.5,1,700
754,sc_1991_insc_316,dismissed,4.0,0.16661817557263695,2,4,4,8,0.5,0,700
754,sc_1992_insc_264,allowed,2.0,0.19960773256515282,2,2,6,8,0.25,1,700
754,sc_1994_insc_105,allowed,4.0,0.19853166822623153,2,4,4,8,0.5,1,700
754,sc_1996_insc_734,allowed,4.0,0.22879511243796655,2,4,4,8,0.5,1,700
754,sc_2000_insc_560,dismissed,4.0,0.227705379724233,3,3,4,7,0.42857142857142855,0,700
754,sc_2006_insc_162,allowed,5.0,0.17060062173439858,2,5,3,8,0.625,1,700
754,sc_2007_insc_911,dismissed,5.0,0.2026772042118769,2,3,5,8,0.375,0,700
754,sc_2008_insc_1397,dismissed,6.0,0.15543668491231058,2,2,6,8,0.25,0,700
754,sc_2017_insc_1228,dismissed,4.0,0.18994834530452892,2,4,4,8,0.5,0,700
754,sc_2023_insc_430,allowed,5.0,0.1719836438047202,3,5,2,7,0.7142857142857143,1,700
755,in_abs_train_796,dismissed,1.0,0.11097986358065505,2,7,1,8,0.875,0,700
755,sc_1960_insc_163,allowed,5.0,0.18453567395729417,2,5,3,8,0.625,1,700
755,sc_1984_insc_184,dismissed,4.0,0.17621045103865302,3,3,4,7,0.42857142857142855,0,700
755,sc_1985_insc_152,dismissed,5.0,0.22151007464592404,2,3,5,8,0.375,0,700
755,sc_1997_insc_733,allowed,5.0,0.19458346844086263,2,5,3,8,0.625,1,700
755,sc_1998_insc_103,allowed,4.0,0.1903032602273923,2,4,4,8,0.5,1,700
755,sc_2003_insc_590,dismissed,2.0,0.17069818550797275,2,6,2,8,0.75,0,700
755,sc_2006_insc_913,allowed,2.0,0.15771107950367433,2,2,6,8,0.25,1,700
755,sc_2009_insc_272,allowed,3.0,0.18091091125882927,2,3,5,8,0.375,1,700
755,sc_2010_insc_46,dismissed,4.0,0.19475674024648842,2,4,4,8,0.5,0,700
755,sc_2010_insc_815,dismissed,6.0,0.14892270152299233,2,2,6,8,0.25,0,700
755,sc_2021_insc_781,allowed,4.0,0.20825372735045378,2,4,4,8,0.5,1,700
756,in_abs_train_3454,dismissed,1.0,0.12352058460608326,2,7,1,8,0.875,0,700
756,in_abs_train_5645,dismissed,3.0,0.1736018349505969,2,5,3,8,0.625,0,700
756,in_abs_train_6658,dismissed,2.0,0.19824539368743252,2,6,2,8,0.75,0,700
756,sc_1986_insc_175,allowed,4.0,0.15550233564293284,2,4,4,8,0.5,1,700
756,sc_1987_insc_249,allowed,3.0,0.18661369882433498,2,3,5,8,0.375,1,700
756,sc_1988_insc_75,dismissed,5.0,0.14216202800367075,2,3,5,8,0.375,0,700
756,sc_1996_insc_385,dismissed,5.0,0.19213837786866006,2,3,5,8,0.375,0,700
756,sc_2008_insc_581,allowed,3.0,0.20659983930475406,2,3,5,8,0.375,1,700
756,sc_2018_insc_1102,allowed,5.0,0.21221385963744738,2,5,3,8,0.625,1,700
756,sc_2019_insc_727,allowed,2.0,0.14283508075987897,2,2,6,8,0.25,1,700
756,sc_2020_insc_643,allowed,5.0,0.1902897797382126,2,5,3,8,0.625,1,700
756,sc_2024_insc_391,dismissed,3.0,0.1824194536414074,3,4,3,7,0.5714285714285714,0,700
757,in_abs_train_4417,allowed,3.0,0.17703044354406827,2,3,5,8,0.375,1,700
757,sc_1965_insc_196,allowed,3.0,0.16936643794152326,2,3,5,8,0.375,1,700
757,sc_1981_insc_189,dismissed,4.0,0.17072532391213763,2,4,4,8,0.5,0,700
757,sc_1986_insc_27,allowed,5.0,0.15607728549542063,2,5,3,8,0.625,1,700
757,sc_1995_insc_130,dismissed,4.0,0.18483134203916818,3,3,4,7,0.42857142857142855,0,700
757,sc_2003_insc_51,allowed,6.0,0.1332575660301088,2,6,2,8,0.75,1,700
757,sc_2004_insc_10,dismissed,5.0,0.20291884161380322,2,3,5,8,0.375,0,700
757,sc_2004_insc_351,dismissed,4.0,0.19779450582475708,2,4,4,8,0.5,0,700
757,sc_2007_insc_779,allowed,5.0,0.2063943407265048,2,5,3,8,0.625,1,700
757,sc_2009_insc_1141,allowed,3.0,0.16206319038748876,2,3,5,8,0.375,1,700
757,sc_2013_insc_490,dismissed,4.0,0.19291957257287323,2,4,4,8,0.5,0,700
757,sc_2017_insc_457,dismissed,4.0,0.21164665505199773,2,4,4,8,0.5,0,700
758,in_abs_train_2801,dismissed,5.0,0.2169071049913084,2,3,5,8,0.375,0,700
758,sc_1972_insc_49,allowed,5.0,0.1709233702192394,2,5,3,8,0.625,1,700
758,sc_1974_insc_160,dismissed,2.0,0.1890442202528003,2,6,2,8,0.75,0,700
758,sc_1975_insc_200,dismissed,1.0,0.13381496771464277,2,7,1,8,0.875,0,700
758,sc_1990_insc_103,allowed,4.0,0.18330355142300359,2,4,4,8,0.5,1,700
758,sc_1994_insc_46,dismissed,4.0,0.160820408380234,3,2,4,6,0.3333333333333333,0,700
758,sc_2014_insc_598,dismissed,4.0,0.20513308725113014,2,4,4,8,0.5,0,700
758,sc_2015_insc_830,allowed,5.0,0.18286189084644522,2,5,3,8,0.625,1,700
758,sc_2016_insc_455,dismissed,5.0,0.2215043289897876,2,3,5,8,0.375,0,700
758,sc_2020_insc_516,allowed,3.0,0.18026807604529263,2,3,5,8,0.375,1,700
758,sc_2021_insc_380,allowed,5.0,0.1780269136874662,2,5,3,8,0.625,1,700
758,sc_2022_insc_946,allowed,2.0,0.15189467047557367,2,2,6,8,0.25,1,700
759,sc_1961_insc_331,dismissed,4.0,0.20169503954378123,2,4,4,8,0.5,0,700
759,sc_1987_insc_233,dismissed,4.0,0.23078445517806676,2,4,4,8,0.5,0,700
759,sc_1990_insc_124,allowed,5.0,0.1658398108683708,2,5,3,8,0.625,1,700
759,sc_1996_insc_542,dismissed,5.0,0.18574886445891658,2,3,5,8,0.375,0,700
759,sc_2007_insc_169,dismissed,6.0,0.18405165957648179,2,2,6,8,0.25,0,700
759,sc_2010_insc_179,allowed,3.0,0.18113535783259668,2,3,5,8,0.375,1,700
759,sc_2013_insc_166,dismissed,4.0,0.18678365242306402,2,4,4,8,0.5,0,700
759,sc_2013_insc_699,allowed,3.0,0.16599736705157572,2,3,5,8,0.375,1,700
759,sc_2014_insc_57,allowed,4.0,0.19156991217307587,3,4,3,7,0.5714285714285714,1,700
759,sc_2015_insc_827,dismissed,4.0,0.1770688169820441,2,4,4,8,0.5,0,700
759,sc_2020_insc_388,allowed,6.0,0.1767754762477563,2,6,2,8,0.75,1,700
759,sc_2021_insc_786,allowed,5.0,0.21062725200152582,2,5,3,8,0.625,1,700
760,in_abs_train_3772,dismissed,3.0,0.20438233962113247,2,5,3,8,0.625,0,700
760,in_abs_train_4639,dismissed,6.0,0.13782067044671112,2,2,6,8,0.25,0,700
760,in_abs_train_4767,allowed,2.0,0.17290965441465098,2,2,6,8,0.25,1,700
760,sc_1963_insc_198,dismissed,2.0,0.21019903788154348,2,6,2,8,0.75,0,700
760,sc_1966_insc_189,dismissed,2.0,0.19083359283552895,2,6,2,8,0.75,0,700
760,sc_1967_insc_37,allowed,3.0,0.18899510654545648,2,3,5,8,0.375,1,700
760,sc_1970_insc_171,dismissed,4.0,0.15749321769067337,2,4,4,8,0.5,0,700
760,sc_1975_insc_45,dismissed,3.0,0.1775157134439007,3,4,3,7,0.5714285714285714,0,700
760,sc_1995_insc_653,allowed,6.0,0.18764287442350186,2,6,2,8,0.75,1,700
760,sc_2012_insc_608,allowed,1.0,0.10226644655638448,2,1,7,8,0.125,1,700
760,sc_2015_insc_837,allowed,3.0,0.21668282448909376,2,3,5,8,0.375,1,700
760,sc_2023_insc_742,allowed,2.0,0.15140773055033757,2,2,6,8,0.25,1,700
761,sc_1966_insc_153,allowed,3.0,0.22979190864996038,2,3,5,8,0.375,1,700
761,sc_1984_insc_192,dismissed,3.0,0.18775149444740466,2,5,3,8,0.625,0,700
761,sc_1992_insc_124,allowed,5.0,0.15851137668471355,2,5,3,8,0.625,1,700
761,sc_1994_insc_501,dismissed,3.0,0.17328845863566697,2,5,3,8,0.625,0,700
761,sc_1995_insc_93,dismissed,5.0,0.14048469411560097,2,3,5,8,0.375,0,700
761,sc_1998_insc_249,allowed,1.0,0.11224702634483714,2,1,7,8,0.125,1,700
761,sc_2003_insc_679,allowed,4.0,0.22176022433749087,2,4,4,8,0.5,1,700
761,sc_2006_insc_315,allowed,5.0,0.19388881835714136,2,5,3,8,0.625,1,700
761,sc_2007_insc_1286,dismissed,1.0,0.13205102719069714,2,7,1,8,0.875,0,700
761,sc_2013_insc_106,allowed,8.0,0.02132067863515503,1,8,0,8,1.0,1,700
761,sc_2016_insc_142,dismissed,3.0,0.17548965934126798,2,5,3,8,0.625,0,700
761,sc_2019_insc_462,dismissed,5.0,0.19345253278382318,2,3,5,8,0.375,0,700
762,in_abs_train_1428,dismissed,2.0,0.18139838810478534,2,6,2,8,0.75,0,700
762,in_abs_train_2778,dismissed,5.0,0.18274877552355073,3,2,5,7,0.2857142857142857,0,700
762,in_abs_train_5,allowed,5.0,0.18032044888396404,2,5,3,8,0.625,1,700
762,in_abs_train_7039,dismissed,4.0,0.21610593495551114,2,4,4,8,0.5,0,700
762,sc_1967_insc_226,dismissed,5.0,0.19237415566797586,2,3,5,8,0.375,0,700
762,sc_1988_insc_319,dismissed,4.0,0.22328861696043414,2,4,4,8,0.5,0,700
762,sc_1997_insc_539,allowed,6.0,0.12981572885732492,2,6,2,8,0.75,1,700
762,sc_2000_insc_295,dismissed,4.0,0.1628676813060693,2,4,4,8,0.5,0,700
762,sc_2008_insc_407,allowed,1.0,0.14439504659627098,3,1,4,5,0.2,1,700
762,sc_2013_insc_683,allowed,5.0,0.18522794535671833,2,5,3,8,0.625,1,700
762,sc_2016_insc_1187,allowed,1.0,0.158006042916764,2,1,7,8,0.125,1,700
762,sc_2022_insc_491,allowed,4.0,0.18190926272316776,2,4,4,8,0.5,1,700
763,in_abs_train_4937,allowed,3.0,0.1811693698756388,3,3,4,7,0.42857142857142855,1,700
763,sc_1979_insc_225,allowed,4.0,0.21197277440574913,2,4,4,8,0.5,1,700
763,sc_1984_insc_152,dismissed,6.0,0.16416683480789437,2,2,6,8,0.25,0,700
763,sc_1987_insc_336,dismissed,4.0,0.187085768623454,2,4,4,8,0.5,0,700
763,sc_1992_insc_290,dismissed,5.0,0.19170931946476377,2,3,5,8,0.375,0,700
763,sc_1993_insc_16,allowed,1.0,0.12363255158937712,2,1,7,8,0.125,1,700
763,sc_2007_insc_919,dismissed,6.0,0.1496712060204813,2,2,6,8,0.25,0,700
763,sc_2008_insc_250,dismissed,4.0,0.17109506894482265,2,4,4,8,0.5,0,700
763,sc_2008_insc_977,allowed,2.0,0.17557026898732692,2,2,6,8,0.25,1,700
763,sc_2010_insc_2,allowed,3.0,0.1502530793318053,2,3,5,8,0.375,1,700
763,sc_2011_insc_344,allowed,4.0,0.22530352873296014,2,4,4,8,0.5,1,700
763,sc_2020_insc_401,dismissed,2.0,0.1583176126029831,2,6,2,8,0.75,0,700
764,in_abs_train_3915,dismissed,5.0,0.18279059190370084,2,3,5,8,0.375,0,700
764,sc_1961_insc_251,allowed,2.0,0.14981194188564415,2,2,6,8,0.25,1,700
764,sc_1964_insc_259,dismissed,6.0,0.2148548513365643,2,2,6,8,0.25,0,700
764,sc_1966_insc_265,dismissed,3.0,0.1592898123916579,2,5,3,8,0.625,0,700
764,sc_1967_insc_169,dismissed,2.0,0.17790671065428285,2,6,2,8,0.75,0,700
764,sc_1997_insc_389,allowed,4.0,0.21932606463403503,3,4,3,7,0.5714285714285714,1,700
764,sc_2001_insc_569,allowed,2.0,0.17002489225538556,3,2,5,7,0.2857142857142857,1,700
764,sc_2008_insc_220,allowed,4.0,0.18116158784849323,2,4,4,8,0.5,1,700
764,sc_2009_insc_964,dismissed,5.0,0.18054358913482446,2,3,5,8,0.375,0,700
764,sc_2012_insc_350,allowed,4.0,0.1896887017495469,2,4,4,8,0.5,1,700
764,sc_2014_insc_342,allowed,4.0,0.17905370989394692,2,4,4,8,0.5,1,700
764,sc_2016_insc_17,dismissed,5.0,0.2063073822893964,2,3,5,8,0.375,0,700
765,in_abs_train_1327,allowed,6.0,0.18245895385337996,2,6,2,8,0.75,1,700
765,in_abs_train_2746,dismissed,4.0,0.1690091147044283,2,4,4,8,0.5,0,700
765,in_abs_train_3479,dismissed,3.0,0.16278900683920922,2,5,3,8,0.625,0,700
765,in_abs_train_37,dismissed,4.0,0.19147547833490863,2,4,4,8,0.5,0,700
765,sc_1970_insc_251,dismissed,2.0,0.19639610121239315,2,6,2,8,0.75,0,700
765,sc_1974_insc_47,dismissed,1.0,0.12082307017169479,2,7,1,8,0.875,0,700
765,sc_1988_insc_171,allowed,2.0,0.166683851014798,2,2,6,8,0.25,1,700
765,sc_1994_insc_270,allowed,5.0,0.18678964655936134,2,5,3,8,0.625,1,700
765,sc_2008_insc_1171,dismissed,2.0,0.16236866945759137,2,6,2,8,0.75,0,700
765,sc_2015_insc_970,allowed,2.0,0.15365086815802337,2,2,6,8,0.25,1,700
765,sc_2022_insc_509,allowed,3.0,0.17627903762825248,2,3,5,8,0.375,1,700
765,sc_2023_insc_1047,allowed,6.0,0.16201851746019652,2,6,2,8,0.75,1,700
766,in_abs_train_2625,dismissed,5.0,0.17606635896463702,2,3,5,8,0.375,0,700
766,in_abs_train_348,allowed,4.0,0.2293768124685106,2,4,4,8,0.5,1,700
766,in_abs_train_5638,dismissed,3.0,0.22689469175031204,2,5,3,8,0.625,0,700
766,sc_1962_insc_319,dismissed,3.0,0.18813965936654808,2,5,3,8,0.625,0,700
766,sc_1976_insc_39,allowed,6.0,0.19966122239663528,2,6,2,8,0.75,1,700
766,sc_1991_insc_247,dismissed,5.0,0.21141018852959687,2,3,5,8,0.375,0,700
766,sc_2005_insc_625,dismissed,7.0,0.10702159191318947,2,1,7,8,0.125,0,700
766,sc_2005_insc_77,allowed,2.0,0.1836404432837626,3,2,5,7,0.2857142857142857,1,700
766,sc_2008_insc_1454,allowed,2.0,0.14739332931576554,2,2,6,8,0.25,1,700
766,sc_2014_insc_667,allowed,3.0,0.22318921034578393,2,3,5,8,0.375,1,700
766,sc_2018_insc_986,dismissed,5.0,0.19463339795167292,2,3,5,8,0.375,0,700
766,sc_2019_insc_447,allowed,5.0,0.20252980104789517,2,5,3,8,0.625,1,700
767,in_abs_train_3591,dismissed,3.0,0.20121288200293877,2,5,3,8,0.625,0,700
767,in_abs_train_3711,allowed,4.0,0.2166086414975833,2,4,4,8,0.5,1,700
767,in_abs_train_5327,dismissed,2.0,0.1552221575935295,2,6,2,8,0.75,0,700
767,sc_1965_insc_101,allowed,5.0,0.18602415491006005,2,5,3,8,0.625,1,700
767,sc_1970_insc_43,dismissed,3.0,0.19591364836353836,2,5,3,8,0.625,0,700
767,sc_1972_insc_180,allowed,5.0,0.2158495654475757,2,5,3,8,0.625,1,700
767,sc_1989_insc_104,allowed,5.0,0.20814339459965175,2,5,3,8,0.625,1,700
767,sc_2006_insc_1,allowed,1.0,0.12156536388692846,2,1,7,8,0.125,1,700
767,sc_2006_insc_60,allowed,6.0,0.13615397355912387,2,6,2,8,0.75,1,700
767,sc_2008_insc_555,dismissed,5.0,0.2200100923009799,2,3,5,8,0.375,0,700
767,sc_2014_4_887_906_en,dismissed,4.0,0.17939833720761497,2,4,4,8,0.5,0,700
767,sc_2024_insc_16,dismissed,4.0,0.17460267620973496,2,4,4,8,0.5,0,700
768,in_abs_train_1805,allowed,4.0,0.21092636466034037,2,4,4,8,0.5,1,700
768,sc_1968_insc_94,dismissed,2.0,0.15899515509320478,2,6,2,8,0.75,0,700
768,sc_1973_insc_244,dismissed,3.0,0.18175307728117818,2,5,3,8,0.625,0,700
768,sc_1976_insc_297,dismissed,5.0,0.20473115187287413,3,2,5,7,0.2857142857142857,0,700
768,sc_1996_insc_525,allowed,5.0,0.18036722213702958,2,5,3,8,0.625,1,700
768,sc_2003_insc_186,allowed,6.0,0.17563659722766856,2,6,2,8,0.75,1,700
768,sc_2008_insc_1065,allowed,2.0,0.17020262912172537,2,2,6,8,0.25,1,700
768,sc_2008_insc_284,allowed,5.0,0.1453303157281469,2,5,3,8,0.625,1,700
768,sc_2009_insc_5,dismissed,4.0,0.1939422318261659,2,4,4,8,0.5,0,700
768,sc_2011_insc_613,dismissed,4.0,0.23573295455165508,2,4,4,8,0.5,0,700
768,sc_2013_insc_213,dismissed,4.0,0.16629156574306023,2,4,4,8,0.5,0,700
768,sc_2015_insc_483,allowed,2.0,0.1550312479458025,2,2,6,8,0.25,1,700
769,sc_1953_insc_10,dismissed,4.0,0.21266425374620096,2,4,4,8,0.5,0,700
769,sc_1971_insc_119,dismissed,4.0,0.1857734561423774,2,4,4,8,0.5,0,700
769,sc_1989_insc_149,dismissed,2.0,0.17827750989879312,2,6,2,8,0.75,0,700
769,sc_1997_insc_460,allowed,1.0,0.12374368670764581,2,1,7,8,0.125,1,700
769,sc_1998_insc_414,allowed,7.0,0.13304213448417362,2,7,1,8,0.875,1,700
769,sc_2004_insc_66,dismissed,4.0,0.20783776296497639,2,4,4,8,0.5,0,700
769,sc_2006_insc_166,allowed,4.0,0.2033854511538901,2,4,4,8,0.5,1,700
769,sc_2009_insc_1161,allowed,4.0,0.1801388353465182,2,4,4,8,0.5,1,700
769,sc_2017_insc_875,dismissed,4.0,0.20558922018276427,2,4,4,8,0.5,0,700
769,sc_2018_insc_206,dismissed,5.0,0.1210007378962152,2,3,5,8,0.375,0,700
769,sc_2018_insc_302,allowed,3.0,0.21017558122510485,2,3,5,8,0.375,1,700
769,sc_2022_insc_662,allowed,3.0,0.1938963908685901,2,3,5,8,0.375,1,700
770,in_abs_train_2949,dismissed,2.0,0.17510612853352672,2,6,2,8,0.75,0,700
770,in_abs_train_4572,dismissed,0.0,0.03342456669018763,2,7,0,7,1.0,0,700
770,in_abs_train_6369,dismissed,4.0,0.18738691530303203,2,4,4,8,0.5,0,700
770,sc_1966_insc_215,allowed,2.0,0.17310163439583764,2,2,6,8,0.25,1,700
770,sc_1969_insc_248,allowed,2.0,0.16058302560930682,2,2,6,8,0.25,1,700
770,sc_1970_insc_97,dismissed,3.0,0.24918764220319134,2,5,3,8,0.625,0,700
770,sc_1974_insc_221,allowed,6.0,0.19475670528821992,2,6,2,8,0.75,1,700
770,sc_1987_insc_326,allowed,3.0,0.1835126398635852,2,3,5,8,0.375,1,700
770,sc_1989_insc_325,allowed,3.0,0.16236767817069014,2,3,5,8,0.375,1,700
770,sc_1998_insc_154,dismissed,5.0,0.20975102397698236,3,2,5,7,0.2857142857142857,0,700
770,sc_2002_insc_146,dismissed,4.0,0.21624751866221947,2,4,4,8,0.5,0,700
770,sc_2004_insc_444,allowed,6.0,0.18597981251731038,2,6,2,8,0.75,1,700
771,in_abs_train_2264,dismissed,5.0,0.20634108721816993,2,3,5,8,0.375,0,700
771,in_abs_train_2926,dismissed,2.0,0.1371923444448053,2,6,2,8,0.75,0,700
771,in_abs_train_4392,allowed,4.0,0.20604325124767287,2,4,4,8,0.5,1,700
771,in_abs_train_638,dismissed,4.0,0.18246260476203138,2,4,4,8,0.5,0,700
771,sc_1958_insc_49,allowed,5.0,0.18639677717760997,2,5,3,8,0.625,1,700
771,sc_1972_insc_58,dismissed,5.0,0.21913195662263704,2,3,5,8,0.375,0,700
771,sc_1994_insc_581,dismissed,4.0,0.20129430770265724,2,4,4,8,0.5,0,700
771,sc_2001_insc_240,allowed,6.0,0.1669795184991689,2,6,2,8,0.75,1,700
771,sc_2005_insc_464,allowed,2.0,0.18107668972924465,2,2,6,8,0.25,1,700
771,sc_2007_insc_147,allowed,5.0,0.18669337763101163,2,5,3,8,0.625,1,700
771,sc_2007_insc_398,allowed,5.0,0.19466459249547302,2,5,3,8,0.625,1,700
771,sc_2015_insc_452,dismissed,2.0,0.15165222903547634,2,6,2,8,0.75,0,700
772,sc_1973_insc_252,allowed,1.0,0.1221847336646632,2,1,7,8,0.125,1,700
772,sc_1983_insc_37,dismissed,4.0,0.2181384691911801,2,4,4,8,0.5,0,700
772,sc_1990_insc_344,allowed,5.0,0.19005921712422288,2,5,3,8,0.625,1,700
772,sc_1994_insc_367,dismissed,4.0,0.1796158319809651,2,4,4,8,0.5,0,700
772,sc_1996_insc_287,dismissed,4.0,0.19034324024546512,2,4,4,8,0.5,0,700
772,sc_1997_insc_90,dismissed,2.0,0.14900568885951973,2,6,2,8,0.75,0,700
772,sc_2002_insc_143,dismissed,3.0,0.1978291096025858,2,5,3,8,0.625,0,700
772,sc_2007_insc_1159,allowed,5.0,0.17946716198943322,2,5,3,8,0.625,1,700
772,sc_2009_insc_335,allowed,2.0,0.1571746644960274,2,2,6,8,0.25,1,700
772,sc_2011_insc_328,allowed,2.0,0.1626193549911742,2,2,6,8,0.25,1,700
772,sc_2020_insc_311,dismissed,4.0,0.1898735834142586,2,4,4,8,0.5,0,700
772,sc_2022_insc_1230,allowed,3.0,0.18192638654325927,2,3,5,8,0.375,1,700
773,in_abs_train_7103,allowed,2.0,0.15939623808072043,2,2,6,8,0.25,1,700
773,sc_1959_insc_126,dismissed,1.0,0.09760315533769141,2,7,1,8,0.875,0,700
773,sc_1979_insc_61,allowed,4.0,0.19144802720251863,2,4,4,8,0.5,1,700
773,sc_1993_insc_158,allowed,5.0,0.22971191170021976,2,5,3,8,0.625,1,700
773,sc_2003_insc_686,dismissed,5.0,0.18307372819538345,2,3,5,8,0.375,0,700
773,sc_2007_insc_954,dismissed,3.0,0.2569218787001971,2,5,3,8,0.625,0,700
773,sc_2016_insc_1075,dismissed,5.0,0.16629977647223337,2,3,5,8,0.375,0,700
773,sc_2018_insc_591,dismissed,2.0,0.1616743171361134,2,6,2,8,0.75,0,700
773,sc_2021_insc_147,allowed,6.0,0.1620185174601965,2,6,2,8,0.75,1,700
773,sc_2021_insc_637,allowed,6.0,0.1633704156214932,2,6,2,8,0.75,1,700
773,sc_2022_insc_534,dismissed,2.0,0.17376147187205468,2,6,2,8,0.75,0,700
773,sc_2022_insc_99,allowed,6.0,0.1970637332320616,2,6,2,8,0.75,1,700
774,in_abs_train_4432,allowed,6.0,0.16202298117418845,2,6,2,8,0.75,1,700
774,sc_1962_insc_108,dismissed,4.0,0.21782168785135397,2,4,4,8,0.5,0,700
774,sc_1974_insc_35,allowed,6.0,0.16817026610133318,2,6,2,8,0.75,1,700
774,sc_1976_insc_75,allowed,5.0,0.16283022988218218,2,5,3,8,0.625,1,700
774,sc_1985_insc_201,allowed,5.0,0.17967470116207973,2,5,3,8,0.625,1,700
774,sc_1991_insc_248,allowed,3.0,0.22812742857736473,2,3,5,8,0.375,1,700
774,sc_1995_insc_697,allowed,5.0,0.23382924252581785,2,5,3,8,0.625,1,700
774,sc_1998_insc_330,dismissed,6.0,0.1106326850288032,2,2,6,8,0.25,0,700
774,sc_2006_insc_67,dismissed,6.0,0.1554357473254952,2,2,6,8,0.25,0,700
774,sc_2011_insc_723,dismissed,3.0,0.18364370326407128,2,5,3,8,0.625,0,700
774,sc_2015_insc_591,dismissed,2.0,0.1489846542645128,2,6,2,8,0.75,0,700
774,sc_2020_insc_488,dismissed,2.0,0.15653806124145567,2,6,2,8,0.75,0,700
775,in_abs_train_4138,allowed,5.0,0.18252812211020883,2,5,3,8,0.625,1,700
775,in_abs_train_6605,dismissed,6.0,0.13307486806648616,2,2,6,8,0.25,0,700
775,sc_1957_insc_52,allowed,6.0,0.20590936073322716,2,6,2,8,0.75,1,700
775,sc_1961_insc_240,allowed,4.0,0.1899276907755295,2,4,4,8,0.5,1,700
775,sc_1975_insc_89,dismissed,4.0,0.16654307169547813,2,4,4,8,0.5,0,700
775,sc_2003_insc_268,dismissed,3.0,0.23574717877908083,2,5,3,8,0.625,0,700
775,sc_2005_insc_513,dismissed,2.0,0.19702983019322065,2,6,2,8,0.75,0,700
775,sc_2006_insc_969,allowed,5.0,0.20945982158455023,2,5,3,8,0.625,1,700
775,sc_2009_insc_1117,dismissed,4.0,0.23363939899930822,2,4,4,8,0.5,0,700
775,sc_2010_insc_764,dismissed,5.0,0.21223121341657855,2,3,5,8,0.375,0,700
775,sc_2022_insc_1273,allowed,6.0,0.16792855623746664,2,6,2,8,0.75,1,700
775,sc_2023_insc_928,allowed,4.0,0.18153301531092034,2,4,4,8,0.5,1,700
776,in_abs_train_3849,dismissed,3.0,0.1344340961344,2,5,3,8,0.625,0,700
776,sc_1957_insc_8,allowed,3.0,0.1668301770740774,2,3,5,8,0.375,1,700
776,sc_1971_insc_220,dismissed,2.0,0.17032906424780667,2,6,2,8,0.75,0,700
776,sc_1984_insc_74,dismissed,7.0,0.11253913820513209,2,1,7,8,0.125,0,700
776,sc_2000_insc_380,dismissed,5.0,0.1686168283316555,2,3,5,8,0.375,0,700
776,sc_2003_insc_537,allowed,8.0,0.0007954951288348545,1,8,0,8,1.0,1,700
776,sc_2006_insc_130,dismissed,5.0,0.14896001913797974,2,3,5,8,0.375,0,700
776,sc_2008_insc_1321,allowed,1.0,0.16110862781166352,2,1,7,8,0.125,1,700
776,sc_2013_insc_843,allowed,6.0,0.18967316520323657,2,6,2,8,0.75,1,700
776,sc_2016_insc_405,allowed,5.0,0.21461379243930256,2,5,3,8,0.625,1,700
776,sc_2016_insc_466,dismissed,3.0,0.20906514996520448,2,5,3,8,0.625,0,700
776,sc_2020_insc_690,allowed,3.0,0.21197058624470758,2,3,5,8,0.375,1,700
777,sc_1951_insc_52,allowed,6.0,0.16708528919752033,2,6,2,8,0.75,1,700
777,sc_1959_insc_98,allowed,5.0,0.1731887775768725,2,5,3,8,0.625,1,700
777,sc_1963_insc_238,dismissed,2.0,0.15220884539050994,2,6,2,8,0.75,0,700
777,sc_1965_insc_156,dismissed,1.0,0.14875415992193983,2,7,1,8,0.875,0,700
777,sc_1975_insc_6,dismissed,3.0,0.16923480567875215,2,5,3,8,0.625,0,700
777,sc_1981_insc_132,dismissed,6.0,0.175765757057314,2,2,6,8,0.25,0,700
777,sc_1988_insc_138,dismissed,7.0,0.12385983131144655,2,1,7,8,0.125,0,700
777,sc_1997_insc_357,allowed,0.0,0.0222131064809738,1,0,8,8,0.0,1,700
777,sc_2000_insc_386,dismissed,6.0,0.17387876601569338,2,2,6,8,0.25,0,700
777,sc_2009_insc_1101,allowed,6.0,0.1556532383862336,2,6,2,8,0.75,1,700
777,sc_2011_insc_232,allowed,2.0,0.15945562994384194,2,2,6,8,0.25,1,700
777,sc_2011_insc_681,allowed,4.0,0.24958216645525774,2,4,4,8,0.5,1,700
778,in_abs_train_3014,dismissed,5.0,0.20718293026572368,2,3,5,8,0.375,0,700
778,in_abs_train_4586,dismissed,3.0,0.17186816467035032,2,5,3,8,0.625,0,700
778,sc_1969_insc_240,dismissed,6.0,0.16638199846770868,2,2,6,8,0.25,0,700
778,sc_1976_insc_234,allowed,1.0,0.17670082244530683,3,1,5,6,0.16666666666666666,1,700
778,sc_1986_insc_198,dismissed,3.0,0.16526629379132457,2,5,3,8,0.625,0,700
778,sc_1992_insc_238,dismissed,5.0,0.13856620837819147,2,3,5,8,0.375,0,700
778,sc_1993_insc_283,allowed,6.0,0.1812951855964093,2,6,2,8,0.75,1,700
778,sc_1995_insc_894,dismissed,0.0,0.0012026755886059065,1,8,0,8,1.0,0,700
778,sc_2002_insc_52,allowed,4.0,0.2044304260797371,2,4,4,8,0.5,1,700
778,sc_2008_insc_493,allowed,3.0,0.1812077906516636,2,3,5,8,0.375,1,700
778,sc_2013_insc_437,allowed,2.0,0.20243902122832255,2,2,6,8,0.25,1,700
778,sc_2013_insc_641,allowed,5.0,0.22935160837090918,2,5,3,8,0.625,1,700
779,in_abs_train_5987,allowed,6.0,0.19156303325361443,2,6,2,8,0.75,1,700
779,in_abs_train_7030,allowed,6.0,0.19431129456827131,2,6,2,8,0.75,1,700
779,sc_1958_insc_123,allowed,5.0,0.16387110793270354,2,5,3,8,0.625,1,700
779,sc_1959_insc_69,dismissed,4.0,0.2013867861437068,2,4,4,8,0.5,0,700
779,sc_1963_insc_124,dismissed,4.0,0.18738498555780822,2,4,4,8,0.5,0,700
779,sc_1990_insc_150,allowed,1.0,0.12456796767800528,3,1,6,7,0.14285714285714285,1,700
779,sc_1995_insc_260,dismissed,5.0,0.21910299834536395,2,3,5,8,0.375,0,700
779,sc_1998_insc_130,dismissed,5.0,0.18840518179251103,2,3,5,8,0.375,0,700
779,sc_1998_insc_62,allowed,5.0,0.18161039293341275,2,5,3,8,0.625,1,700
779,sc_2012_insc_133,dismissed,4.0,0.17415547222243033,2,4,4,8,0.5,0,700
779,sc_2012_insc_91,allowed,4.0,0.187085768623454,2,4,4,8,0.5,1,700
779,sc_2017_insc_389,dismissed,1.0,0.14141887818513782,2,7,1,8,0.875,0,700
780,in_abs_train_1005,dismissed,6.0,0.1499660952509095,2,2,6,8,0.25,0,700
780,in_abs_train_5485,dismissed,5.0,0.1862875291767694,2,3,5,8,0.375,0,700
780,in_abs_train_920,dismissed,2.0,0.16770526494622767,2,6,2,8,0.75,0,700
780,sc_1985_insc_163,allowed,5.0,0.2087272370362487,2,5,3,8,0.625,1,700
780,sc_1987_insc_43,allowed,4.0,0.2242818949836483,2,4,4,8,0.5,1,700
780,sc_1987_insc_99,allowed,5.0,0.18645326509197757,2,5,3,8,0.625,1,700
780,sc_2000_insc_446,dismissed,2.0,0.15060631081376213,2,6,2,8,0.75,0,700
780,sc_2003_insc_178,dismissed,6.0,0.16012894960718788,2,2,6,8,0.25,0,700
780,sc_2009_insc_871,allowed,3.0,0.17440770942576722,2,3,5,8,0.375,1,700
780,sc_2016_insc_30,allowed,5.0,0.15843277646249562,2,5,3,8,0.625,1,700
780,sc_2023_insc_305,allowed,2.0,0.17611968016400503,2,2,6,8,0.25,1,700
780,sc_2023_insc_955,dismissed,3.0,0.21243741725505888,2,5,3,8,0.625,0,700
781,in_abs_train_1882,dismissed,3.0,0.16804258800651867,2,5,3,8,0.625,0,700
781,in_abs_train_3945,dismissed,3.0,0.22217721816118158,2,5,3,8,0.625,0,700
781,sc_1961_insc_48,dismissed,3.0,0.19043234409776985,2,5,3,8,0.625,0,700
781,sc_1964_insc_290,dismissed,5.0,0.18882919571340084,2,3,5,8,0.375,0,700
781,sc_1992_insc_343,allowed,3.0,0.20920933582726872,2,3,5,8,0.375,1,700
781,sc_1995_insc_281,dismissed,1.0,0.12046640681461156,2,7,1,8,0.875,0,700
781,sc_1997_insc_235,allowed,3.0,0.1470604253352242,2,3,5,8,0.375,1,700
781,sc_1997_insc_795,allowed,5.0,0.16678691160858086,2,5,3,8,0.625,1,700
781,sc_2000_insc_400,allowed,5.0,0.19718527232535346,2,5,3,8,0.625,1,700
781,sc_2001_insc_537,allowed,6.0,0.16202298117418842,2,6,2,8,0.75,1,700
781,sc_2007_insc_266,dismissed,3.0,0.16628425945644829,2,5,3,8,0.625,0,700
781,sc_2009_insc_571,allowed,3.0,0.1882165458453648,2,3,5,8,0.375,1,700
782,in_abs_train_2794,dismissed,4.0,0.2151803217399471,2,4,4,8,0.5,0,700
782,in_abs_train_4728,allowed,5.0,0.19272039378823477,2,5,3,8,0.625,1,700
782,in_abs_train_493,allowed,2.0,0.15906889877827074,2,2,6,8,0.25,1,700
782,in_abs_train_6743,allowed,2.0,0.13562968512416615,2,2,6,8,0.25,1,700
782,sc_1953_insc_46,allowed,5.0,0.19930283624603606,2,5,3,8,0.625,1,700
782,sc_2001_insc_578,dismissed,4.0,0.23775890962725846,2,4,4,8,0.5,0,700
782,sc_2002_insc_433,dismissed,3.0,0.164653834465164,2,5,3,8,0.625,0,700
782,sc_2010_insc_396,allowed,3.0,0.1739751079023745,2,3,5,8,0.375,1,700
782,sc_2013_insc_649,dismissed,2.0,0.16457614266705922,2,6,2,8,0.75,0,700
782,sc_2015_insc_132,allowed,6.0,0.1697503813376739,2,6,2,8,0.75,1,700
782,sc_2017_insc_585,dismissed,6.0,0.14172557362618549,2,2,6,8,0.25,0,700
782,sc_2023_insc_156,dismissed,3.0,0.18465819957327337,3,4,3,7,0.5714285714285714,0,700
783,in_abs_train_249,dismissed,2.0,0.16083699075749583,3,4,2,6,0.6666666666666666,0,700
783,sc_1967_insc_113,dismissed,6.0,0.1448545021873185,2,2,6,8,0.25,0,700
783,sc_1979_insc_171,dismissed,4.0,0.18998580480337396,2,4,4,8,0.5,0,700
783,sc_1982_insc_61,allowed,5.0,0.18098987491411936,2,5,3,8,0.625,1,700
783,sc_1994_insc_343,dismissed,3.0,0.18274877552355073,2,5,3,8,0.625,0,700
783,sc_1996_insc_466,allowed,4.0,0.18738498555780822,2,4,4,8,0.5,1,700
783,sc_1999_insc_433,allowed,5.0,0.21970319114690437,2,5,3,8,0.625,1,700
783,sc_2004_insc_484,allowed,5.0,0.2099262634212575,2,5,3,8,0.625,1,700
783,sc_2007_insc_307,dismissed,2.0,0.18957258814021083,2,6,2,8,0.75,0,700
783,sc_2007_insc_541,dismissed,3.0,0.1847754881654645,2,5,3,8,0.625,0,700
783,sc_2009_insc_1036,allowed,4.0,0.2596289741940822,2,4,4,8,0.5,1,700
783,sc_2023_insc_24,allowed,4.0,0.1741571251516039,2,4,4,8,0.5,1,700
784,sc_1973_insc_240,dismissed,4.0,0.2085294779632073,2,4,4,8,0.5,0,700
784,sc_1977_insc_211,allowed,4.0,0.17424741236037256,2,4,4,8,0.5,1,700
784,sc_1990_insc_38,allowed,7.0,0.10977625546939077,2,7,1,8,0.875,1,700
784,sc_2001_insc_102,allowed,4.0,0.18738498555780825,2,4,4,8,0.5,1,700
784,sc_2005_insc_194,dismissed,4.0,0.22687508339906381,3,3,4,7,0.42857142857142855,0,700
784,sc_2005_insc_461,allowed,1.0,0.15936116496722072,3,1,5,6,0.16666666666666666,1,700
784,sc_2009_insc_72,dismissed,2.0,0.21193161576004974,2,6,2,8,0.75,0,700
784,sc_2011_insc_391,allowed,3.0,0.19476978168376852,2,3,5,8,0.375,1,700
784,sc_2014_insc_877,dismissed,4.0,0.1952693073373197,2,4,4,8,0.5,0,700
784,sc_2017_insc_427,allowed,7.0,0.18365488002053512,2,7,1,8,0.875,1,700
784,sc_2020_insc_541,dismissed,5.0,0.21158096332743898,2,3,5,8,0.375,0,700
784,sc_2021_insc_446,dismissed,4.0,0.20508145162776786,2,4,4,8,0.5,0,700
785,in_abs_train_6815,dismissed,7.0,0.11404502067636021,2,1,7,8,0.125,0,700
785,sc_1962_insc_377,allowed,3.0,0.20279414594606623,3,3,4,7,0.42857142857142855,1,700
785,sc_1978_insc_176,dismissed,5.0,0.21921553278378933,2,3,5,8,0.375,0,700
785,sc_1984_insc_100,dismissed,4.0,0.18549712654625164,2,4,4,8,0.5,0,700
785,sc_1994_insc_106,dismissed,4.0,0.19536241003242572,2,4,4,8,0.5,0,700
785,sc_1996_insc_1295,allowed,5.0,0.07941782851456836,2,5,3,8,0.625,1,700
785,sc_1996_insc_793,allowed,3.0,0.17244880192600437,2,3,5,8,0.375,1,700
785,sc_2000_insc_358,allowed,4.0,0.2177414662074057,3,4,3,7,0.5714285714285714,1,700
785,sc_2002_insc_219,allowed,4.0,0.25732114399404993,2,4,4,8,0.5,1,700
785,sc_2008_insc_1214,dismissed,6.0,0.1354545355481451,2,2,6,8,0.25,0,700
785,sc_2011_insc_106,dismissed,1.0,0.11754782190101809,3,6,1,7,0.8571428571428571,0,700
785,sc_2017_insc_1294,allowed,4.0,0.1680315891591731,2,4,4,8,0.5,1,700
786,sc_1965_insc_249,allowed,5.0,0.23871194459710232,2,5,3,8,0.625,1,700
786,sc_1985_insc_93,allowed,4.0,0.1964837060068607,2,4,4,8,0.5,1,700
786,sc_1989_insc_223,dismissed,1.0,0.1653423456645069,2,7,1,8,0.875,0,700
786,sc_1991_insc_60,allowed,5.0,0.1742200788772705,2,5,3,8,0.625,1,700
786,sc_2001_insc_56,dismissed,4.0,0.2027390330400259,2,4,4,8,0.5,0,700
786,sc_2001_insc_584,allowed,6.0,0.17461825390896074,2,6,2,8,0.75,1,700
786,sc_2002_insc_460,dismissed,5.0,0.19067892182033064,2,3,5,8,0.375,0,700
786,sc_2008_insc_1480,allowed,7.0,0.15416051467776787,2,7,1,8,0.875,1,700
786,sc_2008_insc_509,dismissed,4.0,0.1840701050454108,2,4,4,8,0.5,0,700
786,sc_2010_insc_723,dismissed,3.0,0.17573638117829457,2,5,3,8,0.625,0,700
786,sc_2011_insc_545,dismissed,5.0,0.17972004208430875,2,3,5,8,0.375,0,700
786,sc_2019_insc_186,allowed,3.0,0.1810009588323064,2,3,5,8,0.375,1,700
787,in_abs_train_4504,dismissed,3.0,0.18565703138437248,3,4,3,7,0.5714285714285714,0,700
787,sc_1952_insc_59,allowed,1.0,0.10954565937587502,2,1,7,8,0.125,1,700
787,sc_1960_insc_200,allowed,2.0,0.18278993603118776,2,2,6,8,0.25,1,700
787,sc_1964_insc_143,dismissed,0.0,0.07136287591908888,1,8,0,8,1.0,0,700
787,sc_1969_insc_66,dismissed,5.0,0.15587268956399056,2,3,5,8,0.375,0,700
787,sc_1982_insc_17,allowed,4.0,0.1846019248516654,2,4,4,8,0.5,1,700
787,sc_1985_insc_41,dismissed,5.0,0.20457221327132954,2,3,5,8,0.375,0,700
787,sc_1988_insc_129,dismissed,3.0,0.23389162253222612,2,5,3,8,0.625,0,700
787,sc_1999_insc_305,allowed,2.0,0.1369719896463687,2,2,6,8,0.25,1,700
787,sc_2007_insc_607,dismissed,3.0,0.16558458463513248,2,5,3,8,0.625,0,700
787,sc_2019_insc_866,allowed,4.0,0.1866872700413093,2,4,4,8,0.5,1,700
787,sc_2024_insc_290,allowed,3.0,0.16654018716181548,2,3,5,8,0.375,1,700
788,in_abs_train_3843,dismissed,5.0,0.18161039293341272,2,3,5,8,0.375,0,700
788,in_abs_train_4684,dismissed,5.0,0.18004397365153943,2,3,5,8,0.375,0,700
788,in_abs_train_6202,allowed,4.0,0.17419040897531862,2,4,4,8,0.5,1,700
788,in_abs_train_939,allowed,7.0,0.1601373815992487,2,7,1,8,0.875,1,700
788,sc_1962_insc_107,allowed,2.0,0.14418291089188498,2,2,6,8,0.25,1,700
788,sc_1983_insc_196,dismissed,2.0,0.2035582215968011,2,6,2,8,0.75,0,700
788,sc_1985_insc_71,dismissed,7.0,0.1633760288203054,2,1,7,8,0.125,0,700
788,sc_2003_insc_689,allowed,4.0,0.19862460300622037,2,4,4,8,0.5,1,700
788,sc_2005_insc_507,dismissed,1.0,0.17479993666229646,2,7,1,8,0.875,0,700
788,sc_2008_insc_29,dismissed,5.0,0.2339042790778169,2,3,5,8,0.375,0,700
788,sc_2011_insc_141,allowed,3.0,0.14677379658460069,2,3,5,8,0.375,1,700
788,sc_2017_11_251_252_en,allowed,6.0,0.16936946145482581,2,6,2,8,0.75,1,700
789,in_abs_train_3619,dismissed,1.0,0.11363657056853237,2,7,1,8,0.875,0,700
789,sc_1957_insc_73,allowed,4.0,0.19432450132099663,2,4,4,8,0.5,1,700
789,sc_1961_insc_189,dismissed,4.0,0.19014562088793194,2,4,4,8,0.5,0,700
789,sc_1962_insc_169,allowed,5.0,0.21498046138371257,2,5,3,8,0.625,1,700
789,sc_1968_insc_110,dismissed,5.0,0.18161039293341272,2,3,5,8,0.375,0,700
789,sc_1972_insc_216,dismissed,5.0,0.17920692078283862,2,3,5,8,0.375,0,700
789,sc_1975_insc_15,allowed,5.0,0.19680272968956836,2,5,3,8,0.625,1,700
789,sc_1978_insc_82,dismissed,4.0,0.2031250459340607,2,4,4,8,0.5,0,700
789,sc_1996_insc_210,allowed,3.0,0.2359375731517659,2,3,5,8,0.375,1,700
789,sc_1997_insc_117,dismissed,4.0,0.18020010009728876,2,4,4,8,0.5,0,700
789,sc_2006_insc_41,allowed,3.0,0.20312054635662588,2,3,5,8,0.375,1,700
789,sc_2014_insc_971,allowed,4.0,0.18774228267251192,2,4,4,8,0.5,1,700
790,in_abs_train_4872,dismissed,4.0,0.187085768623454,2,4,4,8,0.5,0,700
790,sc_1959_insc_24,dismissed,4.0,0.22268092379897403,2,4,4,8,0.5,0,700
790,sc_1963_insc_132,dismissed,2.0,0.191418944144981,2,6,2,8,0.75,0,700
790,sc_1968_insc_74,allowed,4.0,0.1743345928631728,2,4,4,8,0.5,1,700
790,sc_1988_insc_248,dismissed,7.0,0.14085713380179626,2,1,7,8,0.125,0,700
790,sc_1993_insc_239,allowed,4.0,0.2049413801412494,2,4,4,8,0.5,1,700
790,sc_1995_insc_49,allowed,4.0,0.23600698953027394,2,4,4,8,0.5,1,700
790,sc_1996_insc_6,allowed,6.0,0.2003689871881018,2,6,2,8,0.75,1,700
790,sc_1998_insc_275,dismissed,5.0,0.18601771814135004,3,2,5,7,0.2857142857142857,0,700
790,sc_2007_insc_682,allowed,6.0,0.17297687384135652,2,6,2,8,0.75,1,700
790,sc_2010_insc_397,dismissed,4.0,0.1795968078582054,2,4,4,8,0.5,0,700
790,sc_2020_insc_412,allowed,4.0,0.18704169214130367,2,4,4,8,0.5,1,700
791,in_abs_train_2028,allowed,4.0,0.1474097088925232,2,4,4,8,0.5,1,700
791,sc_1962_insc_187,dismissed,3.0,0.18647851935484488,2,5,3,8,0.625,0,700
791,sc_1972_insc_222,allowed,5.0,0.1923485193304194,2,5,3,8,0.625,1,700
791,sc_1978_insc_14,dismissed,2.0,0.17321707520880694,2,6,2,8,0.75,0,700
791,sc_1981_insc_174,dismissed,3.0,0.17523375848812073,2,5,3,8,0.625,0,700
791,sc_1996_insc_975,allowed,5.0,0.21307405819929034,2,5,3,8,0.625,1,700
791,sc_1997_insc_113,dismissed,4.0,0.19215345709893664,2,4,4,8,0.5,0,700
791,sc_1997_insc_367,allowed,5.0,0.16643750167641222,2,5,3,8,0.625,1,700
791,sc_1997_insc_422,allowed,6.0,0.16219396663408908,2,6,2,8,0.75,1,700
791,sc_1997_insc_822,dismissed,3.0,0.18903583278793867,2,5,3,8,0.625,0,700
791,sc_2002_insc_280,dismissed,4.0,0.21630689421152063,3,3,4,7,0.42857142857142855,0,700
791,sc_2013_insc_110,allowed,5.0,0.21024434440236336,2,5,3,8,0.625,1,700
792,in_abs_train_4564,dismissed,4.0,0.23103783896515662,2,4,4,8,0.5,0,700
792,in_abs_train_497,dismissed,5.0,0.18838512543694372,2,3,5,8,0.375,0,700
792,sc_1958_insc_88,dismissed,3.0,0.2100046102507213,2,5,3,8,0.625,0,700
792,sc_1971_insc_11,dismissed,2.0,0.16756628300881082,2,6,2,8,0.75,0,700
792,sc_1980_insc_48,allowed,5.0,0.19672229338406388,2,5,3,8,0.625,1,700
792,sc_2000_insc_364,dismissed,3.0,0.18102130597187036,2,5,3,8,0.625,0,700
792,sc_2006_insc_293,allowed,1.0,0.13956317463187215,2,1,7,8,0.125,1,700
792,sc_2007_insc_1215,allowed,3.0,0.18235697265580625,2,3,5,8,0.375,1,700
792,sc_2007_insc_921,dismissed,4.0,0.18737047231425347,2,4,4,8,0.5,0,700
792,sc_2016_insc_115,allowed,4.0,0.18187741161876822,2,4,4,8,0.5,1,700
792,sc_2016_insc_523,allowed,3.0,0.19016785716746282,2,3,5,8,0.375,1,700
792,sc_2022_insc_804,allowed,2.0,0.17989383684474078,2,2,6,8,0.25,1,700
793,in_abs_train_1108,dismissed,3.0,0.19655574076903742,2,5,3,8,0.625,0,700
793,in_abs_train_1354,allowed,3.0,0.19415990874771316,2,3,5,8,0.375,1,700
793,sc_1967_insc_188,dismissed,2.0,0.20036716455814316,2,6,2,8,0.75,0,700
793,sc_1967_insc_213,dismissed,5.0,0.1646607198264657,2,3,5,8,0.375,0,700
793,sc_1981_insc_50,allowed,1.0,0.16644054129162278,2,1,7,8,0.125,1,700
793,sc_1987_insc_283,allowed,5.0,0.19287882226767425,2,5,3,8,0.625,1,700
793,sc_2003_insc_41,allowed,1.0,0.10730258661564945,2,1,7,8,0.125,1,700
793,sc_2003_insc_66,allowed,4.0,0.1998419210830964,2,4,4,8,0.5,1,700
793,sc_2005_insc_20,dismissed,2.0,0.16198867328961392,2,6,2,8,0.75,0,700
793,sc_2008_insc_133,dismissed,5.0,0.17539272260517863,2,3,5,8,0.375,0,700
793,sc_2010_insc_19,allowed,4.0,0.19015071266441708,2,4,4,8,0.5,1,700
793,sc_2011_insc_476,dismissed,2.0,0.1494231336360896,2,6,2,8,0.75,0,700
794,in_abs_train_791,allowed,5.0,0.18061961497163037,3,5,2,7,0.7142857142857143,1,700
794,sc_1969_insc_336,dismissed,3.0,0.16796869809178244,2,5,3,8,0.625,0,700
794,sc_1972_insc_146,dismissed,6.0,0.16126666234510023,2,2,6,8,0.25,0,700
794,sc_1977_insc_38,dismissed,3.0,0.22279241864470062,2,5,3,8,0.625,0,700
794,sc_1997_insc_314,dismissed,4.0,0.16922400506101043,2,4,4,8,0.5,0,700
794,sc_1997_insc_547,allowed,4.0,0.19123258725239034,2,4,4,8,0.5,1,700
794,sc_1997_insc_708,allowed,3.0,0.1555058767532848,2,3,5,8,0.375,1,700
794,sc_2003_insc_231,allowed,3.0,0.16628663816358197,2,3,5,8,0.375,1,700
794,sc_2007_insc_1021,dismissed,4.0,0.21298394473360124,2,4,4,8,0.5,0,700
794,sc_2011_insc_177,dismissed,3.0,0.17503740566247764,2,5,3,8,0.625,0,700
794,sc_2018_insc_359,allowed,4.0,0.2019915222193589,2,4,4,8,0.5,1,700
794,sc_2023_insc_164,allowed,5.0,0.18495471748468936,2,5,3,8,0.625,1,700
795,in_abs_train_5368,dismissed,4.0,0.23301142647612422,2,4,4,8,0.5,0,700
795,sc_1968_insc_258,dismissed,3.0,0.17753662137666867,2,5,3,8,0.625,0,700
795,sc_1987_insc_131,allowed,2.0,0.17890208714154512,2,2,6,8,0.25,1,700
795,sc_1991_insc_77,dismissed,4.0,0.1866745535620505,2,4,4,8,0.5,0,700
795,sc_1996_insc_222,allowed,4.0,0.18710882683957109,2,4,4,8,0.5,1,700
795,sc_1996_insc_528,dismissed,4.0,0.20503624150777017,2,4,4,8,0.5,0,700
795,sc_2003_insc_334,allowed,3.0,0.20890423346984374,3,3,4,7,0.42857142857142855,1,700
795,sc_2008_insc_562,dismissed,4.0,0.1902636630134399,2,4,4,8,0.5,0,700
795,sc_2008_insc_936,allowed,2.0,0.1621078200226627,3,2,5,7,0.2857142857142857,1,700
795,sc_2012_insc_14,dismissed,3.0,0.19408509904071164,3,4,3,7,0.5714285714285714,0,700
795,sc_2014_insc_765,allowed,2.0,0.16254040363091263,2,2,6,8,0.25,1,700
795,sc_2016_insc_12,allowed,6.0,0.13673044388765174,3,6,1,7,0.8571428571428571,1,700
796,in_abs_train_3865,allowed,3.0,0.19028679631559134,2,3,5,8,0.375,1,700
796,in_abs_train_47,dismissed,5.0,0.17444452821460568,3,2,5,7,0.2857142857142857,0,700
796,sc_1955_insc_21,dismissed,5.0,0.22135922937624453,2,3,5,8,0.375,0,700
796,sc_1996_insc_178,allowed,4.0,0.1797419249875061,2,4,4,8,0.5,1,700
796,sc_2001_insc_31,dismissed,5.0,0.1963015153848782,2,3,5,8,0.375,0,700
796,sc_2008_insc_1323,dismissed,4.0,0.22371253538213537,2,4,4,8,0.5,0,700
796,sc_2009_insc_1177,allowed,4.0,0.18874708784413827,2,4,4,8,0.5,1,700
796,sc_2009_insc_386,dismissed,2.0,0.15874507866387544,2,6,2,8,0.75,0,700
796,sc_2009_insc_540,dismissed,4.0,0.2189802155936206,2,4,4,8,0.5,0,700
796,sc_2013_insc_13,allowed,4.0,0.22509034236525438,2,4,4,8,0.5,1,700
796,sc_2013_insc_281,allowed,5.0,0.180620778482061,2,5,3,8,0.625,1,700
796,sc_2018_insc_683,allowed,5.0,0.22890801606461578,2,5,3,8,0.625,1,700
797,in_abs_train_6588,allowed,6.0,0.14498149811830122,2,6,2,8,0.75,1,700
797,in_abs_train_7081,dismissed,5.0,0.1646913824583174,2,3,5,8,0.375,0,700
797,sc_1955_insc_1,dismissed,4.0,0.187085768623454,2,4,4,8,0.5,0,700
797,sc_1970_insc_149,dismissed,8.0,0.0696846180322934,1,0,8,8,0.0,0,700
797,sc_1976_insc_287,dismissed,4.0,0.1874836842320739,2,4,4,8,0.5,0,700
797,sc_1989_insc_205,allowed,4.0,0.18070011373106631,2,4,4,8,0.5,1,700
797,sc_1991_insc_309,dismissed,3.0,0.19277255461423964,2,5,3,8,0.625,0,700
797,sc_2007_insc_222,allowed,4.0,0.2559820561000809,2,4,4,8,0.5,1,700
797,sc_2010_insc_56,allowed,4.0,0.1733052861923785,2,4,4,8,0.5,1,700
797,sc_2018_insc_693,allowed,6.0,0.12242891523538987,2,6,2,8,0.75,1,700
797,sc_2022_insc_423,allowed,4.0,0.19683923274962603,2,4,4,8,0.5,1,700
797,sc_2023_insc_743,dismissed,7.0,0.1235035424593157,2,1,7,8,0.125,0,700
798,in_abs_train_1058,dismissed,3.0,0.20015919997439355,2,5,3,8,0.625,0,700
798,in_abs_train_2487,allowed,2.0,0.211493189505535,3,2,5,7,0.2857142857142857,1,700
798,sc_1962_insc_195,dismissed,5.0,0.16807032199676025,2,3,5,8,0.375,0,700
798,sc_1968_insc_100,allowed,6.0,0.17241636010625683,2,6,2,8,0.75,1,700
798,sc_1970_insc_135,dismissed,4.0,0.18913238328678164,2,4,4,8,0.5,0,700
798,sc_1972_insc_308,allowed,3.0,0.19228649772799047,2,3,5,8,0.375,1,700
798,sc_1983_insc_31,dismissed,4.0,0.23726149594803103,2,4,4,8,0.5,0,700
798,sc_1989_insc_107,dismissed,4.0,0.20897143470951612,2,4,4,8,0.5,0,700
798,sc_2016_insc_128,allowed,5.0,0.18145645876785818,2,5,3,8,0.625,1,700
798,sc_2016_insc_270,allowed,7.0,0.13145006860292724,2,7,1,8,0.875,1,700
798,sc_2018_insc_354,dismissed,6.0,0.1633162199188251,2,2,6,8,0.25,0,700
798,sc_2021_insc_444,allowed,3.0,0.17014726986099205,2,3,5,8,0.375,1,700
799,in_abs_train_4370,dismissed,4.0,0.1784055406840627,2,4,4,8,0.5,0,700
799,in_abs_train_5216,allowed,2.0,0.19424098819558905,2,2,6,8,0.25,1,700
799,sc_1972_insc_155,dismissed,4.0,0.20099742080345917,2,4,4,8,0.5,0,700
799,sc_1974_insc_149,allowed,2.0,0.1644322449206446,2,2,6,8,0.25,1,700
799,sc_1985_insc_61,allowed,3.0,0.16824893800817847,2,3,5,8,0.375,1,700
799,sc_1995_insc_398,dismissed,1.0,0.12046346511939388,2,7,1,8,0.875,0,700
799,sc_2001_insc_419,dismissed,5.0,0.19917043375796267,2,3,5,8,0.375,0,700
799,sc_2001_insc_483,allowed,5.0,0.17677814729156224,2,5,3,8,0.625,1,700
799,sc_2014_insc_191,allowed,4.0,0.1864219005374637,2,4,4,8,0.5,1,700
799,sc_2015_insc_581,dismissed,3.0,0.1872613213008953,2,5,3,8,0.625,0,700
799,sc_2017_insc_102,dismissed,4.0,0.18257654286055017,2,4,4,8,0.5,0,700
799,sc_2019_insc_393,allowed,4.0,0.21220689017599234,2,4,4,8,0.5,1,700
800,sc_1970_insc_152,allowed,4.0,0.18605826170921344,2,4,4,8,0.5,1,800
800,sc_1981_insc_179,allowed,2.0,0.18127473969089017,2,2,6,8,0.25,1,800
800,sc_1994_insc_16,dismissed,5.0,0.1918396656392358,2,3,5,8,0.375,0,800
800,sc_1997_insc_29,dismissed,4.0,0.2654081042574916,2,4,4,8,0.5,0,800
800,sc_1998_insc_445,dismissed,2.0,0.156761271088497,2,6,2,8,0.75,0,800
800,sc_2001_insc_357,dismissed,3.0,0.1784907429322316,2,5,3,8,0.625,0,800
800,sc_2001_insc_474,dismissed,3.0,0.18130039939677067,2,5,3,8,0.625,0,800
800,sc_2007_insc_1170,allowed,2.0,0.19427877833236817,2,2,6,8,0.25,1,800
800,sc_2008_insc_1465,dismissed,5.0,0.21082288229320056,2,3,5,8,0.375,0,800
800,sc_2008_insc_1490,allowed,3.0,0.21518170961947927,2,3,5,8,0.375,1,800
800,sc_2017_insc_1071,allowed,4.0,0.1478930147026016,2,4,4,8,0.5,1,800
800,sc_2021_insc_452,allowed,8.0,0.046298053918355814,1,8,0,8,1.0,1,800
801,in_abs_train_3569,allowed,5.0,0.14568258281010954,2,5,3,8,0.625,1,800
801,in_abs_train_4345,allowed,3.0,0.18098987491411936,2,3,5,8,0.375,1,800
801,in_abs_train_5299,dismissed,4.0,0.1996035676068664,2,4,4,8,0.5,0,800
801,in_abs_train_5640,allowed,4.0,0.19845508347825508,2,4,4,8,0.5,1,800
801,sc_1984_insc_61,allowed,4.0,0.17942208503474227,3,4,3,7,0.5714285714285714,1,800
801,sc_1986_insc_58,dismissed,5.0,0.21076507071404174,2,3,5,8,0.375,0,800
801,sc_1994_insc_440,dismissed,4.0,0.2096766099775644,2,4,4,8,0.5,0,800
801,sc_2004_insc_489,dismissed,1.0,0.1433638237302604,2,7,1,8,0.875,0,800
801,sc_2004_insc_709,allowed,5.0,0.21396244403015482,2,5,3,8,0.625,1,800
801,sc_2005_insc_232,dismissed,3.0,0.1873599923704936,2,5,3,8,0.625,0,800
801,sc_2007_insc_591,dismissed,3.0,0.21122072301924694,2,5,3,8,0.625,0,800
801,sc_2010_insc_186,allowed,5.0,0.18760008128165687,2,5,3,8,0.625,1,800
802,in_abs_train_1563,dismissed,5.0,0.17885520235021984,2,3,5,8,0.375,0,800
802,in_abs_train_6934,dismissed,4.0,0.23674566478950984,2,4,4,8,0.5,0,800
802,sc_1988_insc_315,allowed,6.0,0.1606226450037796,2,6,2,8,0.75,1,800
802,sc_1992_insc_182,allowed,4.0,0.19501422796078968,2,4,4,8,0.5,1,800
802,sc_2006_insc_436,allowed,3.0,0.18106830486527925,2,3,5,8,0.375,1,800
802,sc_2009_insc_1201,dismissed,6.0,0.16149886319259338,2,2,6,8,0.25,0,800
802,sc_2010_insc_631,dismissed,2.0,0.19431163248573252,3,4,2,6,0.6666666666666666,0,800
802,sc_2010_insc_90,allowed,5.0,0.20104583324635886,2,5,3,8,0.625,1,800
802,sc_2019_insc_936,dismissed,2.0,0.16788080457270493,3,5,2,7,0.7142857142857143,0,800
802,sc_2021_insc_277,dismissed,7.0,0.09332726488197995,2,1,7,8,0.125,0,800
802,sc_2021_insc_404,allowed,7.0,0.16170191035513465,2,7,1,8,0.875,1,800
802,sc_2023_insc_773,allowed,6.0,0.1526878673026399,2,6,2,8,0.75,1,800
803,in_abs_train_1752,dismissed,3.0,0.19725098208600864,3,4,3,7,0.5714285714285714,0,800
803,sc_1962_insc_125,allowed,2.0,0.15893696535237714,2,2,6,8,0.25,1,800
803,sc_1963_insc_125,dismissed,6.0,0.18100453513951362,2,2,6,8,0.25,0,800
803,sc_1965_insc_240,dismissed,4.0,0.21019266379176174,2,4,4,8,0.5,0,800
803,sc_1966_insc_33,allowed,4.0,0.1709696382880816,2,4,4,8,0.5,1,800
803,sc_1972_insc_301,dismissed,3.0,0.16825420191999466,2,5,3,8,0.625,0,800
803,sc_1980_insc_8,allowed,4.0,0.23157967537311724,2,4,4,8,0.5,1,800
803,sc_1994_insc_387,allowed,6.0,0.1620185174601965,2,6,2,8,0.75,1,800
803,sc_1995_insc_412,allowed,3.0,0.2223146487186673,2,3,5,8,0.375,1,800
803,sc_1997_insc_486,allowed,3.0,0.1751673179726009,2,3,5,8,0.375,1,800
803,sc_2007_insc_1320,dismissed,5.0,0.20076207047723063,2,3,5,8,0.375,0,800
803,sc_2020_insc_186,dismissed,4.0,0.21839682373845917,2,4,4,8,0.5,0,800
804,sc_1952_insc_8,dismissed,3.0,0.18106830486527925,2,5,3,8,0.625,0,800
804,sc_1962_insc_315,dismissed,4.0,0.21346558770028456,2,4,4,8,0.5,0,800
804,sc_1974_insc_180,dismissed,3.0,0.16698116543521138,2,5,3,8,0.625,0,800
804,sc_1981_insc_9,allowed,5.0,0.15368526148663142,2,5,3,8,0.625,1,800
804,sc_1985_insc_242,allowed,4.0,0.19760488851312788,2,4,4,8,0.5,1,800
804,sc_1997_insc_7,allowed,5.0,0.19210868673706885,2,5,3,8,0.625,1,800
804,sc_1998_insc_161,dismissed,6.0,0.17605940419141353,2,2,6,8,0.25,0,800
804,sc_1999_insc_150,allowed,4.0,0.11807003413569153,2,4,4,8,0.5,1,800
804,sc_2005_insc_326,allowed,4.0,0.15682977250479246,2,4,4,8,0.5,1,800
804,sc_2012_insc_598,allowed,6.0,0.16115243102971086,2,6,2,8,0.75,1,800
804,sc_2019_insc_394,dismissed,7.0,0.10784463030542728,2,1,7,8,0.125,0,800
804,sc_2020_insc_44,dismissed,4.0,0.18618231931841894,2,4,4,8,0.5,0,800
805,in_abs_train_2869,allowed,4.0,0.19195885595864645,2,4,4,8,0.5,1,800
805,in_abs_train_3476,dismissed,4.0,0.20441278559624265,2,4,4,8,0.5,0,800
805,in_abs_train_3829,allowed,3.0,0.17521011620745122,2,3,5,8,0.375,1,800
805,in_abs_train_6349,dismissed,5.0,0.18892682902698196,2,3,5,8,0.375,0,800
805,sc_1954_insc_47,dismissed,5.0,0.16488436139444143,2,3,5,8,0.375,0,800
805,sc_1973_insc_199,allowed,3.0,0.17917428213383554,2,3,5,8,0.375,1,800
805,sc_1979_insc_166,dismissed,3.0,0.1690085803871294,2,5,3,8,0.625,0,800
805,sc_1979_insc_47,allowed,3.0,0.18098987491411936,2,3,5,8,0.375,1,800
805,sc_1996_insc_794,allowed,6.0,0.14917780046224255,2,6,2,8,0.75,1,800
805,sc_2003_insc_336,dismissed,4.0,0.1342510310274826,2,4,4,8,0.5,0,800
805,sc_2005_insc_418,dismissed,6.0,0.19664489103366717,2,2,6,8,0.25,0,800
805,sc_2010_insc_207,allowed,4.0,0.18823358577177451,2,4,4,8,0.5,1,800
806,in_abs_train_3994,allowed,6.0,0.17171063470731954,2,6,2,8,0.75,1,800
806,in_abs_train_5528,dismissed,4.0,0.14691901357493609,2,4,4,8,0.5,0,800
806,sc_1960_insc_123,allowed,6.0,0.1621209895754376,2,6,2,8,0.75,1,800
806,sc_1967_insc_283,allowed,4.0,0.17395868441652623,2,4,4,8,0.5,1,800
806,sc_1981_insc_126,dismissed,4.0,0.1729270303119209,2,4,4,8,0.5,0,800
806,sc_1992_insc_248,allowed,5.0,0.25269903605733507,2,5,3,8,0.625,1,800
806,sc_1996_insc_167,allowed,5.0,0.1868127746137178,2,5,3,8,0.625,1,800
806,sc_2004_insc_419,dismissed,1.0,0.1292506173997412,2,7,1,8,0.875,0,800
806,sc_2009_insc_1202,allowed,2.0,0.19184113895291643,2,2,6,8,0.25,1,800
806,sc_2012_insc_278,dismissed,5.0,0.18494689078512033,2,3,5,8,0.375,0,800
806,sc_2020_insc_694,dismissed,4.0,0.19269388157891026,2,4,4,8,0.5,0,800
806,sc_2022_insc_165,dismissed,3.0,0.17697449222185213,2,5,3,8,0.625,0,800
807,in_abs_train_2068,dismissed,5.0,0.1910110060097393,2,3,5,8,0.375,0,800
807,sc_1962_insc_385,allowed,6.0,0.15418932225745816,2,6,2,8,0.75,1,800
807,sc_1966_insc_122,allowed,3.0,0.17536981631365758,2,3,5,8,0.375,1,800
807,sc_1996_insc_560,dismissed,3.0,0.2245465342549699,2,5,3,8,0.625,0,800
807,sc_1996_insc_622,dismissed,3.0,0.2043452122304587,2,5,3,8,0.625,0,800
807,sc_1997_insc_255,dismissed,6.0,0.18637947450446105,2,2,6,8,0.25,0,800
807,sc_2001_insc_447,allowed,2.0,0.1635084304261909,2,2,6,8,0.25,1,800
807,sc_2007_insc_707,allowed,4.0,0.19950880530156345,2,4,4,8,0.5,1,800
807,sc_2008_insc_1446,allowed,4.0,0.18534475713314644,2,4,4,8,0.5,1,800
807,sc_2021_insc_108,allowed,3.0,0.17057656144797695,2,3,5,8,0.375,1,800
807,sc_2023_insc_1076,dismissed,4.0,0.19710527750234633,2,4,4,8,0.5,0,800
807,sc_2023_insc_963,dismissed,3.0,0.18664569788856814,2,5,3,8,0.625,0,800
808,in_abs_train_2001,dismissed,5.0,0.1825365359279785,2,3,5,8,0.375,0,800
808,in_abs_train_2404,dismissed,4.0,0.1716966463736407,2,4,4,8,0.5,0,800
808,in_abs_train_3227,dismissed,4.0,0.20187976375953273,2,4,4,8,0.5,0,800
808,sc_1965_insc_42,dismissed,1.0,0.12431605297299989,2,7,1,8,0.875,0,800
808,sc_1995_insc_40,allowed,5.0,0.18137670140483864,2,5,3,8,0.625,1,800
808,sc_1996_insc_1418,allowed,2.0,0.17386453232048107,2,2,6,8,0.25,1,800
808,sc_2006_insc_187,allowed,5.0,0.22283022995978027,2,5,3,8,0.625,1,800
808,sc_2007_insc_476,allowed,5.0,0.18036431936060052,2,5,3,8,0.625,1,800
808,sc_2008_insc_924,allowed,4.0,0.16810035998410505,2,4,4,8,0.5,1,800
808,sc_2014_insc_402,dismissed,5.0,0.2343170468573014,2,3,5,8,0.375,0,800
808,sc_2016_insc_1026,dismissed,4.0,0.18453814853620037,2,4,4,8,0.5,0,800
808,sc_2016_insc_560,allowed,3.0,0.18091091125882927,2,3,5,8,0.375,1,800
809,in_abs_train_1335,dismissed,5.0,0.17595202458442225,2,3,5,8,0.375,0,800
809,in_abs_train_1457,dismissed,5.0,0.19569900314055003,2,3,5,8,0.375,0,800
809,sc_1985_insc_110,dismissed,4.0,0.19437504880568976,2,4,4,8,0.5,0,800
809,sc_1990_insc_238,dismissed,7.0,0.13692505630047588,2,1,7,8,0.125,0,800
809,sc_1993_insc_296,allowed,4.0,0.18379455285573285,2,4,4,8,0.5,1,800
809,sc_1997_insc_444,allowed,5.0,0.1845201668227235,2,5,3,8,0.625,1,800
809,sc_1997_insc_608,allowed,3.0,0.19658000538279605,2,3,5,8,0.375,1,800
809,sc_1999_insc_565,dismissed,4.0,0.21701291173253373,3,3,4,7,0.42857142857142855,0,800
809,sc_2006_insc_455,dismissed,3.0,0.2233540166217555,2,5,3,8,0.625,0,800
809,sc_2007_insc_79,allowed,3.0,0.18153169919465856,2,3,5,8,0.375,1,800
809,sc_2016_insc_859,allowed,5.0,0.19013015983418152,2,5,3,8,0.625,1,800
809,sc_2017_insc_43,allowed,4.0,0.17797489826732674,2,4,4,8,0.5,1,800
810,in_abs_train_1601,allowed,4.0,0.1735587535789467,2,4,4,8,0.5,1,800
810,in_abs_train_4689,dismissed,4.0,0.18123846242307284,2,4,4,8,0.5,0,800
810,in_abs_train_4974,allowed,6.0,0.17283666680671997,2,6,2,8,0.75,1,800
810,sc_1958_insc_59,allowed,5.0,0.22404141975784705,2,5,3,8,0.625,1,800
810,sc_1959_insc_90,dismissed,4.0,0.1753695870510825,2,4,4,8,0.5,0,800
810,sc_1978_insc_169,allowed,4.0,0.20302466827969998,2,4,4,8,0.5,1,800
810,sc_1988_insc_211,dismissed,4.0,0.18402797517496589,3,3,4,7,0.42857142857142855,0,800
810,sc_1996_insc_1250,allowed,4.0,0.20095356384356203,2,4,4,8,0.5,1,800
810,sc_2003_insc_740,dismissed,3.0,0.1651191997544532,2,5,3,8,0.625,0,800
810,sc_2006_insc_347,allowed,4.0,0.17260928486146299,2,4,4,8,0.5,1,800
810,sc_2009_insc_855,dismissed,2.0,0.15848307595298747,2,6,2,8,0.75,0,800
810,sc_2010_insc_280,dismissed,3.0,0.21888028497901382,2,5,3,8,0.625,0,800
811,in_abs_train_1321,dismissed,6.0,0.19921386544743297,2,2,6,8,0.25,0,800
811,in_abs_train_2829,dismissed,6.0,0.2105758661640524,2,2,6,8,0.25,0,800
811,in_abs_train_3144,dismissed,3.0,0.17524754828625244,2,5,3,8,0.625,0,800
811,sc_1969_insc_171,allowed,2.0,0.15925501786218765,2,2,6,8,0.25,1,800
811,sc_1970_insc_246,allowed,3.0,0.20455954024480277,2,3,5,8,0.375,1,800
811,sc_1993_insc_298,allowed,6.0,0.16184902232261308,2,6,2,8,0.75,1,800
811,sc_1995_insc_397,allowed,2.0,0.20670756904629503,2,2,6,8,0.25,1,800
811,sc_2000_insc_581,dismissed,4.0,0.18117787802903304,2,4,4,8,0.5,0,800
811,sc_2002_insc_258,allowed,5.0,0.16183304496555934,2,5,3,8,0.625,1,800
811,sc_2011_insc_609,allowed,7.0,0.12385983131144655,2,7,1,8,0.875,1,800
811,sc_2018_insc_882,dismissed,5.0,0.2198860813350425,2,3,5,8,0.375,0,800
811,sc_2019_insc_95,dismissed,3.0,0.14843546597036802,3,4,3,7,0.5714285714285714,0,800
812,in_abs_train_3926,dismissed,3.0,0.19565784405304104,2,5,3,8,0.625,0,800
812,in_abs_train_5037,dismissed,5.0,0.18971834151484362,2,3,5,8,0.375,0,800
812,sc_1971_insc_325,dismissed,5.0,0.19465218236180729,2,3,5,8,0.375,0,800
812,sc_1979_insc_135,allowed,4.0,0.18790779166826171,2,4,4,8,0.5,1,800
812,sc_1992_insc_286,allowed,2.0,0.20380212283657514,2,2,6,8,0.25,1,800
812,sc_1996_insc_422,allowed,4.0,0.18798631872236263,2,4,4,8,0.5,1,800
812,sc_1996_insc_462,dismissed,4.0,0.1874587305772736,2,4,4,8,0.5,0,800
812,sc_1999_insc_539,dismissed,4.0,0.19367053381875843,2,4,4,8,0.5,0,800
812,sc_2000_insc_442,allowed,3.0,0.16387812132822202,2,3,5,8,0.375,1,800
812,sc_2005_insc_468,allowed,4.0,0.17774032711776067,2,4,4,8,0.5,1,800
812,sc_2008_insc_1041,allowed,5.0,0.1558497147313891,2,5,3,8,0.625,1,800
812,sc_2015_insc_967,dismissed,3.0,0.22520851547563442,2,5,3,8,0.625,0,800
813,in_abs_train_2282,dismissed,3.0,0.19420296600683662,2,5,3,8,0.625,0,800
813,in_abs_train_2631,dismissed,4.0,0.18468703767835418,2,4,4,8,0.5,0,800
813,in_abs_train_6205,allowed,4.0,0.21129347765566003,2,4,4,8,0.5,1,800
813,sc_1958_insc_31,allowed,4.0,0.1795709668706418,2,4,4,8,0.5,1,800
813,sc_1995_insc_443,allowed,6.0,0.16667102779636425,2,6,2,8,0.75,1,800
813,sc_2009_insc_28,dismissed,3.0,0.18083541254016436,2,5,3,8,0.625,0,800
813,sc_2011_insc_431,allowed,4.0,0.20444100125623446,2,4,4,8,0.5,1,800
813,sc_2012_insc_344,dismissed,3.0,0.19367226263071333,2,5,3,8,0.625,0,800
813,sc_2013_insc_504,allowed,6.0,0.1830433258192828,2,6,2,8,0.75,1,800
813,sc_2018_insc_60,dismissed,2.0,0.16202298117418845,2,6,2,8,0.75,0,800
813,sc_2018_insc_809,dismissed,4.0,0.15675582213371678,2,4,4,8,0.5,0,800
813,sc_2022_insc_787,allowed,5.0,0.16710565830672394,2,5,3,8,0.625,1,800
814,in_abs_train_1114,dismissed,3.0,0.21809722197338344,2,5,3,8,0.625,0,800
814,in_abs_train_1748,dismissed,3.0,0.2326830292700642,2,5,3,8,0.625,0,800
814,in_abs_train_6480,allowed,2.0,0.21048671276353764,2,2,6,8,0.25,1,800
814,sc_1983_insc_180,dismissed,4.0,0.16587352311216777,2,4,4,8,0.5,0,800
814,sc_1987_insc_159,dismissed,4.0,0.19032258538580363,2,4,4,8,0.5,0,800
814,sc_1994_insc_465,dismissed,6.0,0.14811345687057198,2,2,6,8,0.25,0,800
814,sc_2004_insc_40,allowed,2.0,0.1775864016134168,2,2,6,8,0.25,1,800
814,sc_2009_insc_779,allowed,3.0,0.1741506653477713,2,3,5,8,0.375,1,800
814,sc_2010_insc_848,allowed,4.0,0.2013701829703168,2,4,4,8,0.5,1,800
814,sc_2015_insc_429,dismissed,2.0,0.15797285069315692,2,6,2,8,0.75,0,800
814,sc_2021_insc_184,allowed,3.0,0.18028092061243176,2,3,5,8,0.375,1,800
814,sc_2022_insc_125,allowed,4.0,0.14330287605527772,2,4,4,8,0.5,1,800
815,in_abs_train_6619,allowed,5.0,0.18161039293341272,2,5,3,8,0.625,1,800
815,sc_1971_insc_25,allowed,3.0,0.20002384944206886,2,3,5,8,0.375,1,800
815,sc_1975_insc_303,dismissed,4.0,0.17762384701043302,3,3,4,7,0.42857142857142855,0,800
815,sc_1984_insc_51,dismissed,5.0,0.19390860531775797,2,3,5,8,0.375,0,800
815,sc_1997_insc_199,dismissed,2.0,0.17874266926459603,2,6,2,8,0.75,0,800
815,sc_2000_insc_204,allowed,4.0,0.16216949142305617,2,4,4,8,0.5,1,800
815,sc_2004_insc_150,dismissed,3.0,0.17598527658545562,2,5,3,8,0.625,0,800
815,sc_2004_insc_269,dismissed,4.0,0.216049057652423,2,4,4,8,0.5,0,800
815,sc_2011_insc_452,dismissed,3.0,0.19306863809372712,2,5,3,8,0.625,0,800
815,sc_2019_insc_1103,allowed,2.0,0.19990124340258092,3,2,5,7,0.2857142857142857,1,800
815,sc_2022_insc_963,allowed,2.0,0.1725743052327949,2,2,6,8,0.25,1,800
815,sc_2023_insc_607,allowed,5.0,0.16655708748911627,2,5,3,8,0.625,1,800
816,in_abs_train_701,dismissed,4.0,0.19415995023623497,2,4,4,8,0.5,0,800
816,sc_1962_insc_221,allowed,6.0,0.1422831497709037,2,6,2,8,0.75,1,800
816,sc_1967_insc_282,dismissed,7.0,0.0946751322656582,2,1,7,8,0.125,0,800
816,sc_1975_insc_307,dismissed,4.0,0.22609694655406434,2,4,4,8,0.5,0,800
816,sc_1996_insc_464,dismissed,5.0,0.18145645876785818,2,3,5,8,0.375,0,800
816,sc_1997_insc_114,dismissed,1.0,0.12408960885902458,2,7,1,8,0.875,0,800
816,sc_2004_insc_36,allowed,4.0,0.18387701275750187,2,4,4,8,0.5,1,800
816,sc_2005_insc_519,dismissed,5.0,0.17472644360186038,2,3,5,8,0.375,0,800
816,sc_2008_insc_40,allowed,7.0,0.17257848456088992,2,7,1,8,0.875,1,800
816,sc_2012_insc_583,allowed,2.0,0.15211176674844498,2,2,6,8,0.25,1,800
816,sc_2017_insc_699,allowed,1.0,0.1345744909276451,2,1,7,8,0.125,1,800
816,sc_2018_insc_338,allowed,5.0,0.18098987491411936,2,5,3,8,0.625,1,800
817,in_abs_train_1086,dismissed,4.0,0.1885215386519914,2,4,4,8,0.5,0,800
817,in_abs_train_1473,dismissed,3.0,0.17664255016065974,2,5,3,8,0.625,0,800
817,in_abs_train_827,dismissed,3.0,0.17065162665082165,2,5,3,8,0.625,0,800
817,sc_1959_insc_34,allowed,2.0,0.20778262355423555,2,2,6,8,0.25,1,800
817,sc_1966_insc_128,dismissed,2.0,0.10281528438547943,2,6,2,8,0.75,0,800
817,sc_1970_insc_114,allowed,7.0,0.1580073281252234,2,7,1,8,0.875,1,800
817,sc_1971_insc_193,allowed,4.0,0.17518350214732886,2,4,4,8,0.5,1,800
817,sc_1984_insc_182,dismissed,4.0,0.18612680189571992,2,4,4,8,0.5,0,800
817,sc_1992_insc_128,allowed,3.0,0.19620093885539405,2,3,5,8,0.375,1,800
817,sc_2000_insc_279,allowed,2.0,0.19943053071769443,2,2,6,8,0.25,1,800
817,sc_2005_insc_47,allowed,6.0,0.15321759955207495,2,6,2,8,0.75,1,800
817,sc_2012_insc_566,dismissed,6.0,0.1694158103372159,2,2,6,8,0.25,0,800
818,in_abs_train_26,allowed,4.0,0.17675495657180598,2,4,4,8,0.5,1,800
818,in_abs_train_695,dismissed,3.0,0.16074640558801342,2,5,3,8,0.625,0,800
818,sc_1961_insc_203,dismissed,4.0,0.18888473790727386,3,3,4,7,0.42857142857142855,0,800
818,sc_1978_insc_29,dismissed,3.0,0.18425225430606906,2,5,3,8,0.625,0,800
818,sc_1985_insc_69,allowed,5.0,0.2178994343936582,2,5,3,8,0.625,1,800
818,sc_1987_insc_76,allowed,2.0,0.15471645941639417,2,2,6,8,0.25,1,800
818,sc_1996_insc_1423,dismissed,3.0,0.1813003993967707,2,5,3,8,0.625,0,800
818,sc_1998_insc_470,allowed,6.0,0.16417617773693455,2,6,2,8,0.75,1,800
818,sc_2008_insc_157,dismissed,5.0,0.16892574182166553,2,3,5,8,0.375,0,800
818,sc_2009_insc_245,dismissed,4.0,0.22227433087007517,2,4,4,8,0.5,0,800
818,sc_2009_insc_816,allowed,3.0,0.20463196473713702,2,3,5,8,0.375,1,800
818,sc_2022_insc_326,allowed,3.0,0.19432279099018285,2,3,5,8,0.375,1,800
819,in_abs_train_5807,dismissed,4.0,0.17619783717261223,2,4,4,8,0.5,0,800
819,sc_1962_insc_171,dismissed,4.0,0.1903402247239379,3,3,4,7,0.42857142857142855,0,800
819,sc_1962_insc_294,dismissed,5.0,0.17958835618873353,2,3,5,8,0.375,0,800
819,sc_1963_insc_128,allowed,6.0,0.17696419454545484,2,6,2,8,0.75,1,800
819,sc_1963_insc_137,dismissed,3.0,0.19877996702433698,3,3,3,6,0.5,0,800
819,sc_2008_insc_122,dismissed,1.0,0.1521941537806605,2,7,1,8,0.875,0,800
819,sc_2013_insc_473,dismissed,3.0,0.17357766054729343,2,5,3,8,0.625,0,800
819,sc_2013_insc_563,allowed,6.0,0.17004169911961042,2,6,2,8,0.75,1,800
819,sc_2018_insc_215,allowed,7.0,0.11087532650648431,2,7,1,8,0.875,1,800
819,sc_2019_insc_1399,allowed,6.0,0.16638890736734213,2,6,2,8,0.75,1,800
819,sc_2022_insc_529,allowed,4.0,0.20369950897181155,2,4,4,8,0.5,1,800
819,sc_2023_insc_582,allowed,6.0,0.17501152704383297,2,6,2,8,0.75,1,800
820,in_abs_train_2588,allowed,4.0,0.18648347063862944,2,4,4,8,0.5,1,800
820,in_abs_train_5590,allowed,6.0,0.1536694584338643,2,6,2,8,0.75,1,800
820,in_abs_train_979,allowed,2.0,0.13416288768339632,2,2,6,8,0.25,1,800
820,sc_1986_insc_192,allowed,5.0,0.2386964124135107,2,5,3,8,0.625,1,800
820,sc_1996_insc_351,dismissed,2.0,0.12802209281995042,2,6,2,8,0.75,0,800
820,sc_1997_insc_181,dismissed,4.0,0.21547765784820017,2,4,4,8,0.5,0,800
820,sc_1998_insc_420,dismissed,3.0,0.17969964691482268,2,5,3,8,0.625,0,800
820,sc_2010_insc_607,dismissed,5.0,0.13827644996614571,2,3,5,8,0.375,0,800
820,sc_2013_insc_109,dismissed,5.0,0.16494871409563464,2,3,5,8,0.375,0,800
820,sc_2013_insc_419,dismissed,3.0,0.1882813820967066,2,5,3,8,0.625,0,800
820,sc_2014_insc_581,allowed,4.0,0.22092124611576347,2,4,4,8,0.5,1,800
820,sc_2018_insc_783,allowed,3.0,0.20672676227588777,2,3,5,8,0.375,1,800
821,in_abs_train_1245,dismissed,3.0,0.20314502570397613,2,5,3,8,0.625,0,800
821,in_abs_train_657,dismissed,5.0,0.20302065220280818,2,3,5,8,0.375,0,800
821,sc_1975_insc_268,dismissed,4.0,0.1690116303492474,2,4,4,8,0.5,0,800
821,sc_1985_insc_215,dismissed,3.0,0.1696410733804499,2,5,3,8,0.625,0,800
821,sc_1989_insc_83,dismissed,3.0,0.1787010284172924,2,5,3,8,0.625,0,800
821,sc_1999_insc_381,allowed,3.0,0.22223398488302773,2,3,5,8,0.375,1,800
821,sc_2004_insc_518,allowed,4.0,0.2131934414276242,2,4,4,8,0.5,1,800
821,sc_2007_insc_267,allowed,3.0,0.18988158904207342,2,3,5,8,0.375,1,800
821,sc_2013_insc_132,allowed,3.0,0.18563686959576836,2,3,5,8,0.375,1,800
821,sc_2015_insc_416,dismissed,3.0,0.17840366410420855,2,5,3,8,0.625,0,800
821,sc_2018_insc_1188,allowed,3.0,0.18114220932736796,2,3,5,8,0.375,1,800
821,sc_2022_insc_38,allowed,4.0,0.20774890479619687,2,4,4,8,0.5,1,800
822,in_abs_train_3807,dismissed,3.0,0.19344126954802784,2,5,3,8,0.625,0,800
822,sc_1961_insc_99,dismissed,6.0,0.22928955808383641,2,2,6,8,0.25,0,800
822,sc_1964_insc_92,dismissed,5.0,0.17885061076660397,2,3,5,8,0.375,0,800
822,sc_1975_insc_329,allowed,3.0,0.19508499207383312,2,3,5,8,0.375,1,800
822,sc_1978_insc_79,dismissed,4.0,0.14348136308553475,2,4,4,8,0.5,0,800
822,sc_1998_insc_300,allowed,5.0,0.18498723109891355,2,5,3,8,0.625,1,800
822,sc_2001_insc_510,dismissed,2.0,0.17209675355408413,2,6,2,8,0.75,0,800
822,sc_2003_insc_243,allowed,3.0,0.18182756499732688,2,3,5,8,0.375,1,800
822,sc_2003_insc_542,dismissed,3.0,0.19566543949094262,2,5,3,8,0.625,0,800
822,sc_2007_insc_1314,allowed,2.0,0.16917549779146587,2,2,6,8,0.25,1,800
822,sc_2007_insc_239,allowed,6.0,0.16236866945759137,2,6,2,8,0.75,1,800
822,sc_2010_insc_792,allowed,4.0,0.17756839344087547,2,4,4,8,0.5,1,800
823,in_abs_train_121,dismissed,2.0,0.13265698105198623,2,6,2,8,0.75,0,800
823,in_abs_train_160,allowed,5.0,0.17452671749065743,2,5,3,8,0.625,1,800
823,in_abs_train_4851,dismissed,7.0,0.16492290535211432,2,1,7,8,0.125,0,800
823,in_abs_train_5974,dismissed,4.0,0.15535362820033294,2,4,4,8,0.5,0,800
823,sc_1953_insc_39,dismissed,3.0,0.2157063378910068,2,5,3,8,0.625,0,800
823,sc_1961_insc_291,dismissed,2.0,0.1751975787319824,2,6,2,8,0.75,0,800
823,sc_1968_insc_315,allowed,5.0,0.17099950008624085,2,5,3,8,0.625,1,800
823,sc_1968_insc_57,dismissed,5.0,0.16431300669043375,2,3,5,8,0.375,0,800
823,sc_1988_insc_117,allowed,3.0,0.172928321107537,2,3,5,8,0.375,1,800
823,sc_1988_insc_313,allowed,5.0,0.19810456307669333,2,5,3,8,0.625,1,800
823,sc_2010_insc_765,allowed,4.0,0.20828799397097042,2,4,4,8,0.5,1,800
823,sc_2012_insc_347,allowed,1.0,0.13017687163584948,2,1,7,8,0.125,1,800
824,in_abs_train_1780,dismissed,3.0,0.22769140980540648,3,4,3,7,0.5714285714285714,0,800
824,in_abs_train_5530,dismissed,3.0,0.16332536388052665,2,5,3,8,0.625,0,800
824,sc_1972_insc_284,dismissed,4.0,0.1820861598883682,2,4,4,8,0.5,0,800
824,sc_1989_insc_176,allowed,4.0,0.1867855883808644,2,4,4,8,0.5,1,800
824,sc_2005_insc_442,allowed,3.0,0.1895680316539955,2,3,5,8,0.375,1,800
824,sc_2006_insc_977,dismissed,4.0,0.18648347063862947,2,4,4,8,0.5,0,800
824,sc_2007_insc_1083,allowed,6.0,0.12436563826270676,2,6,2,8,0.75,1,800
824,sc_2007_insc_47,allowed,5.0,0.16093998856528738,2,5,3,8,0.625,1,800
824,sc_2008_insc_1382,allowed,5.0,0.17978940702723845,2,5,3,8,0.625,1,800
824,sc_2009_insc_823,dismissed,4.0,0.18708286933869706,2,4,4,8,0.5,0,800
824,sc_2010_insc_424,dismissed,5.0,0.1811251496562261,2,3,5,8,0.375,0,800
824,sc_2019_insc_511,allowed,4.0,0.19223990432923566,2,4,4,8,0.5,1,800
825,in_abs_train_1770,dismissed,3.0,0.176849712967278,2,5,3,8,0.625,0,800
825,sc_1962_insc_135,dismissed,5.0,0.1942345576051171,2,3,5,8,0.375,0,800
825,sc_1990_insc_169,dismissed,3.0,0.19570417296284773,2,5,3,8,0.625,0,800
825,sc_1996_insc_1221,dismissed,6.0,0.17882496688630406,2,2,6,8,0.25,0,800
825,sc_1999_insc_420,dismissed,2.0,0.1616743171361134,2,6,2,8,0.75,0,800
825,sc_2003_insc_592,allowed,5.0,0.19688838389881133,2,5,3,8,0.625,1,800
825,sc_2005_insc_274,dismissed,2.0,0.14453191218362738,2,6,2,8,0.75,0,800
825,sc_2007_insc_365,allowed,2.0,0.15997045498049597,3,2,5,7,0.2857142857142857,1,800
825,sc_2009_insc_363,allowed,3.0,0.17514532479237627,2,3,5,8,0.375,1,800
825,sc_2014_insc_604,allowed,4.0,0.19943494956286587,2,4,4,8,0.5,1,800
825,sc_2017_insc_836,allowed,5.0,0.17923856329240426,2,5,3,8,0.625,1,800
825,sc_2019_insc_36,allowed,1.0,0.1391177290157654,2,1,7,8,0.125,1,800
826,in_abs_train_1588,allowed,2.0,0.16467838698126525,2,2,6,8,0.25,1,800
826,in_abs_train_3190,dismissed,5.0,0.20040483453482552,2,3,5,8,0.375,0,800
826,sc_1963_insc_136,allowed,4.0,0.19803634733371756,2,4,4,8,0.5,1,800
826,sc_1966_insc_8,dismissed,2.0,0.22530333773103658,2,6,2,8,0.75,0,800
826,sc_1984_insc_83,allowed,5.0,0.18510398454504157,2,5,3,8,0.625,1,800
826,sc_1996_insc_1014,allowed,4.0,0.1856376425969921,2,4,4,8,0.5,1,800
826,sc_1997_insc_17,allowed,4.0,0.1690093740796223,2,4,4,8,0.5,1,800
826,sc_2001_insc_313,dismissed,4.0,0.18949697274249905,3,3,4,7,0.42857142857142855,0,800
826,sc_2003_insc_439,dismissed,6.0,0.17438591707717552,2,2,6,8,0.25,0,800
826,sc_2005_insc_557,allowed,5.0,0.18342286974994684,2,5,3,8,0.625,1,800
826,sc_2008_insc_648,dismissed,2.0,0.15754890861618429,2,6,2,8,0.75,0,800
826,sc_2014_insc_605,dismissed,6.0,0.18544819379947974,3,1,6,7,0.14285714285714285,0,800
827,in_abs_train_3183,allowed,2.0,0.1547989621873337,2,2,6,8,0.25,1,800
827,in_abs_train_5521,allowed,5.0,0.20727837552841094,2,5,3,8,0.625,1,800
827,in_abs_train_5894,dismissed,4.0,0.20709181500307983,3,3,4,7,0.42857142857142855,0,800
827,in_abs_train_6373,allowed,5.0,0.19771752654211927,2,5,3,8,0.625,1,800
827,in_abs_train_6888,allowed,5.0,0.21683094861578683,2,5,3,8,0.625,1,800
827,sc_1975_insc_241,dismissed,3.0,0.18573808400691694,2,5,3,8,0.625,0,800
827,sc_1996_insc_1344,dismissed,2.0,0.20583843888011324,2,6,2,8,0.75,0,800
827,sc_2010_insc_62,dismissed,2.0,0.1620185174601965,2,6,2,8,0.75,0,800
827,sc_2011_insc_550,dismissed,2.0,0.1802014798233234,2,6,2,8,0.75,0,800
827,sc_2013_insc_237,dismissed,3.0,0.18230696233204924,2,5,3,8,0.625,0,800
827,sc_2018_insc_344,allowed,2.0,0.13771527394262936,2,2,6,8,0.25,1,800
827,sc_2021_insc_246,allowed,5.0,0.19484454825716113,2,5,3,8,0.625,1,800
828,in_abs_train_3135,allowed,5.0,0.2266891345307097,2,5,3,8,0.625,1,800
828,sc_1988_insc_343,dismissed,3.0,0.1815298896232766,2,5,3,8,0.625,0,800
828,sc_1993_insc_82,allowed,4.0,0.15742509506899555,2,4,4,8,0.5,1,800
828,sc_1995_insc_867,allowed,3.0,0.15463596330249066,2,3,5,8,0.375,1,800
828,sc_1997_insc_11,dismissed,3.0,0.19277513902548235,2,5,3,8,0.625,0,800
828,sc_1997_insc_324,dismissed,4.0,0.15699040765358274,2,4,4,8,0.5,0,800
828,sc_1999_insc_216,dismissed,5.0,0.23209761647080426,2,3,5,8,0.375,0,800
828,sc_2000_insc_438,allowed,4.0,0.18141868689679444,2,4,4,8,0.5,1,800
828,sc_2011_insc_598,dismissed,5.0,0.18098987491411936,2,3,5,8,0.375,0,800
828,sc_2014_insc_1038,allowed,4.0,0.174624280070244,3,4,3,7,0.5714285714285714,1,800
828,sc_2016_insc_477,dismissed,8.0,0.03856600023627084,1,0,8,8,0.0,0,800
828,sc_2017_insc_617,allowed,6.0,0.17381106005721927,2,6,2,8,0.75,1,800
829,in_abs_train_7059,dismissed,3.0,0.15557768243310335,2,5,3,8,0.625,0,800
829,sc_1971_insc_70,dismissed,3.0,0.17524859075468693,3,4,3,7,0.5714285714285714,0,800
829,sc_1984_insc_33,dismissed,4.0,0.1869218214425223,2,4,4,8,0.5,0,800
829,sc_1995_insc_61,dismissed,5.0,0.17407747775385035,2,3,5,8,0.375,0,800
829,sc_1995_insc_757,dismissed,5.0,0.23107938737270683,2,3,5,8,0.375,0,800
829,sc_1996_insc_108,allowed,4.0,0.21296717553919628,2,4,4,8,0.5,1,800
829,sc_2001_insc_274,allowed,4.0,0.19570511059371953,2,4,4,8,0.5,1,800
829,sc_2009_insc_634,allowed,7.0,0.13242497739559853,2,7,1,8,0.875,1,800
829,sc_2015_insc_1028,allowed,3.0,0.1787383326475372,2,3,5,8,0.375,1,800
829,sc_2018_insc_939,dismissed,6.0,0.1358553620966284,2,2,6,8,0.25,0,800
829,sc_2022_insc_633,allowed,6.0,0.1620185174601965,2,6,2,8,0.75,1,800
829,sc_2023_insc_863,allowed,3.0,0.18516668140028228,2,3,5,8,0.375,1,800
830,in_abs_train_1477,allowed,5.0,0.2092155360637846,2,5,3,8,0.625,1,800
830,in_abs_train_1800,dismissed,6.0,0.22055480980524017,2,2,6,8,0.25,0,800
830,sc_1964_insc_106,dismissed,5.0,0.18122356642221152,2,3,5,8,0.375,0,800
830,sc_1997_insc_564,allowed,2.0,0.1786292979644432,2,2,6,8,0.25,1,800
830,sc_1998_insc_148,allowed,4.0,0.1799933499515627,2,4,4,8,0.5,1,800
830,sc_2005_insc_403,dismissed,4.0,0.1737486093212588,2,4,4,8,0.5,0,800
830,sc_2007_insc_593,allowed,2.0,0.15468688374496453,3,2,5,7,0.2857142857142857,1,800
830,sc_2008_insc_499,dismissed,4.0,0.16717008794334481,2,4,4,8,0.5,0,800
830,sc_2010_insc_576,dismissed,5.0,0.21156513669344582,2,3,5,8,0.375,0,800
830,sc_2012_insc_110,allowed,5.0,0.19743389207801032,2,5,3,8,0.625,1,800
830,sc_2012_insc_134,dismissed,6.0,0.1722293337556353,2,2,6,8,0.25,0,800
830,sc_2019_insc_1002,allowed,6.0,0.10018498750928509,2,6,2,8,0.75,1,800
831,in_abs_train_1923,allowed,4.0,0.16403698842430006,2,4,4,8,0.5,1,800
831,sc_1963_insc_203,dismissed,3.0,0.1898451353022025,2,5,3,8,0.625,0,800
831,sc_1969_insc_158,allowed,4.0,0.2151973943308462,2,4,4,8,0.5,1,800
831,sc_1989_insc_364,allowed,3.0,0.17053969210228234,2,3,5,8,0.375,1,800
831,sc_1995_insc_308,dismissed,2.0,0.19845439354179564,2,6,2,8,0.75,0,800
831,sc_2001_insc_382,dismissed,4.0,0.17478289804646088,2,4,4,8,0.5,0,800
831,sc_2002_insc_438,allowed,2.0,0.16223770523017292,2,2,6,8,0.25,1,800
831,sc_2003_insc_471,allowed,4.0,0.16718427325917476,2,4,4,8,0.5,1,800
831,sc_2006_insc_350,dismissed,5.0,0.1812688101604625,2,3,5,8,0.375,0,800
831,sc_2008_insc_1327,dismissed,4.0,0.19996336750625796,2,4,4,8,0.5,0,800
831,sc_2012_insc_228,dismissed,2.0,0.20065235374520793,2,6,2,8,0.75,0,800
831,sc_2024_insc_196,allowed,4.0,0.17445140081491603,2,4,4,8,0.5,1,800
832,in_abs_train_2614,dismissed,4.0,0.18678365242306405,2,4,4,8,0.5,0,800
832,sc_1975_insc_114,dismissed,1.0,0.09629847208764444,2,7,1,8,0.875,0,800
832,sc_1984_insc_229,dismissed,5.0,0.2044918665745816,2,3,5,8,0.375,0,800
832,sc_2001_insc_526,dismissed,4.0,0.1916474618552735,2,4,4,8,0.5,0,800
832,sc_2008_insc_112,allowed,5.0,0.1921569647635569,2,5,3,8,0.625,1,800
832,sc_2008_insc_875,allowed,4.0,0.22103403250808618,2,4,4,8,0.5,1,800
832,sc_2010_insc_369,dismissed,4.0,0.21289714726247508,2,4,4,8,0.5,0,800
832,sc_2010_insc_511,allowed,4.0,0.187085768623454,2,4,4,8,0.5,1,800
832,sc_2011_insc_658,allowed,3.0,0.15547192397131024,3,3,3,6,0.5,1,800
832,sc_2013_insc_539,dismissed,3.0,0.18153169919465853,2,5,3,8,0.625,0,800
832,sc_2018_insc_1158,allowed,6.0,0.12662836271089659,2,6,2,8,0.75,1,800
832,sc_2023_insc_890,allowed,3.0,0.17334666190281423,2,3,5,8,0.375,1,800
833,in_abs_train_422,dismissed,3.0,0.18066699308206582,2,5,3,8,0.625,0,800
833,in_abs_train_626,dismissed,5.0,0.1945510763013417,2,3,5,8,0.375,0,800
833,in_abs_train_6406,allowed,2.0,0.15848549040730148,2,2,6,8,0.25,1,800
833,sc_1958_insc_51,allowed,1.0,0.14011052301164031,2,1,7,8,0.125,1,800
833,sc_1989_insc_177,dismissed,4.0,0.2112755614394865,2,4,4,8,0.5,0,800
833,sc_2006_insc_387,allowed,3.0,0.18063148708623342,2,3,5,8,0.375,1,800
833,sc_2006_insc_545,dismissed,3.0,0.2475267779055341,2,5,3,8,0.625,0,800
833,sc_2007_insc_978,allowed,4.0,0.18859763642046942,2,4,4,8,0.5,1,800
833,sc_2011_insc_809,allowed,4.0,0.17391196202594655,2,4,4,8,0.5,1,800
833,sc_2023_insc_1022,dismissed,5.0,0.1877296658904957,2,3,5,8,0.375,0,800
833,sc_2023_insc_1078,allowed,4.0,0.17580907419495917,2,4,4,8,0.5,1,800
833,sc_2023_insc_572,dismissed,3.0,0.17363021894191086,2,5,3,8,0.625,0,800
834,in_abs_train_3287,dismissed,3.0,0.1914056480696749,2,5,3,8,0.625,0,800
834,in_abs_train_4464,dismissed,3.0,0.2159624908741949,2,5,3,8,0.625,0,800
834,in_abs_train_6396,allowed,5.0,0.19445436482630055,2,5,3,8,0.625,1,800
834,in_abs_train_982,dismissed,2.0,0.14954138963044253,2,6,2,8,0.75,0,800
834,sc_1960_insc_147,allowed,3.0,0.19325416226768743,2,3,5,8,0.375,1,800
834,sc_1997_insc_577,dismissed,8.0,0.0534093820798916,1,0,8,8,0.0,0,800
834,sc_1997_insc_91,dismissed,5.0,0.19896628717457016,2,3,5,8,0.375,0,800
834,sc_1998_insc_255,allowed,5.0,0.17027384245271235,2,5,3,8,0.625,1,800
834,sc_2008_insc_111,allowed,5.0,0.17465519457908743,2,5,3,8,0.625,1,800
834,sc_2009_insc_440,dismissed,4.0,0.20760008117186984,2,4,4,8,0.5,0,800
834,sc_2020_insc_132,allowed,5.0,0.1922055232547776,2,5,3,8,0.625,1,800
834,sc_2021_insc_164,allowed,3.0,0.1918931842101726,2,3,5,8,0.375,1,800
